  0
SECTION
  2
HEADER
  9
$ACADVER
  1
AC1015
  9
$ACADMAINTVER
 70
     6
  9
$DWGCODEPAGE
  3
ANSI_1252
  9
$INSBASE
 10
0.0
 20
0.0
 30
0.0
  9
$EXTMIN
 10
0.0
 20
0.0
 30
0.0
  9
$EXTMAX
 10
25.0
 20
35.0
 30
0.0
  9
$LIMMIN
 10
0.0
 20
0.0
  9
$LIMMAX
 10
420.0
 20
297.0
  9
$ORTHOMODE
 70
     0
  9
$REGENMODE
 70
     1
  9
$FILLMODE
 70
     1
  9
$QTEXTMODE
 70
     0
  9
$MIRRTEXT
 70
     1
  9
$LTSCALE
 40
4.8
  9
$ATTMODE
 70
     1
  9
$TEXTSIZE
 40
2.5
  9
$TRACEWID
 40
1.0
  9
$TEXTSTYLE
  7
Standard
  9
$CLAYER
  8
0
  9
$CELTYPE
  6
ByLayer
  9
$CECOLOR
 62
   256
  9
$CELTSCALE
 40
1.0
  9
$DISPSILH
 70
     0
  9
$DIMSCALE
 40
1.0
  9
$DIMASZ
 40
2.5
  9
$DIMEXO
 40
0.625
  9
$DIMDLI
 40
3.75
  9
$DIMRND
 40
0.0
  9
$DIMDLE
 40
0.0
  9
$DIMEXE
 40
1.25
  9
$DIMTP
 40
0.0
  9
$DIMTM
 40
0.0
  9
$DIMTXT
 40
2.5
  9
$DIMCEN
 40
2.5
  9
$DIMTSZ
 40
0.0
  9
$DIMTOL
 70
     0
  9
$DIMLIM
 70
     0
  9
$DIMTIH
 70
     0
  9
$DIMTOH
 70
     0
  9
$DIMSE1
 70
     0
  9
$DIMSE2
 70
     0
  9
$DIMTAD
 70
     1
  9
$DIMZIN
 70
     8
  9
$DIMBLK
  1

  9
$DIMASO
 70
     1
  9
$DIMSHO
 70
     1
  9
$DIMPOST
  1

  9
$DIMAPOST
  1

  9
$DIMALT
 70
     0
  9
$DIMALTD
 70
     3
  9
$DIMALTF
 40
0.03937007874016
  9
$DIMLFAC
 40
1.0
  9
$DIMTOFL
 70
     1
  9
$DIMTVP
 40
0.0
  9
$DIMTIX
 70
     0
  9
$DIMSOXD
 70
     0
  9
$DIMSAH
 70
     0
  9
$DIMBLK1
  1

  9
$DIMBLK2
  1

  9
$DIMSTYLE
  2
ISO-25
  9
$DIMCLRD
 70
     0
  9
$DIMCLRE
 70
     0
  9
$DIMCLRT
 70
     0
  9
$DIMTFAC
 40
1.0
  9
$DIMGAP
 40
0.625
  9
$DIMJUST
 70
     0
  9
$DIMSD1
 70
     0
  9
$DIMSD2
 70
     0
  9
$DIMTOLJ
 70
     0
  9
$DIMTZIN
 70
     8
  9
$DIMALTZ
 70
     0
  9
$DIMALTTZ
 70
     0
  9
$DIMUPT
 70
     0
  9
$DIMDEC
 70
     2
  9
$DIMTDEC
 70
     2
  9
$DIMALTU
 70
     2
  9
$DIMALTTD
 70
     3
  9
$DIMTXSTY
  7
Standard
  9
$DIMAUNIT
 70
     0
  9
$DIMADEC
 70
     0
  9
$DIMALTRND
 40
0.0
  9
$DIMAZIN
 70
     0
  9
$DIMDSEP
 70
    44
  9
$DIMATFIT
 70
     3
  9
$DIMFRAC
 70
     0
  9
$DIMLDRBLK
  1

  9
$DIMLUNIT
 70
     2
  9
$DIMLWD
 70
    -2
  9
$DIMLWE
 70
    -2
  9
$DIMTMOVE
 70
     0
  9
$LUNITS
 70
     2
  9
$LUPREC
 70
     4
  9
$SKETCHINC
 40
1.0
  9
$FILLETRAD
 40
10.0
  9
$AUNITS
 70
     0
  9
$AUPREC
 70
     0
  9
$MENU
  1
.
  9
$ELEVATION
 40
0.0
  9
$PELEVATION
 40
0.0
  9
$THICKNESS
 40
0.0
  9
$LIMCHECK
 70
     0
  9
$CHAMFERA
 40
10.0
  9
$CHAMFERB
 40
10.0
  9
$CHAMFERC
 40
20.0
  9
$CHAMFERD
 40
0.0
  9
$SKPOLY
 70
     0
  9
$TDCREATE
 40
2459320.592361111
  9
$TDUCREATE
 40
2459320.509027778
  9
$TDUPDATE
 40
2459320.595833333
  9
$TDUUPDATE
 40
2459320.5125
  9
$TDINDWG
 40
0.0000000116
  9
$TDUSRTIMER
 40
0.0000000116
  9
$USRTIMER
 70
     1
  9
$ANGBASE
 50
0.0
  9
$ANGDIR
 70
     0
  9
$PDMODE
 70
     0
  9
$PDSIZE
 40
0.0
  9
$PLINEWID
 40
0.0
  9
$SPLFRAME
 70
     0
  9
$SPLINETYPE
 70
     6
  9
$SPLINESEGS
 70
     8
  9
$HANDSEED
  5
2905
  9
$SURFTAB1
 70
     6
  9
$SURFTAB2
 70
     6
  9
$SURFTYPE
 70
     6
  9
$SURFU
 70
     6
  9
$SURFV
 70
     6
  9
$UCSBASE
  2

  9
$UCSNAME
  2

  9
$UCSORG
 10
0.0
 20
0.0
 30
0.0
  9
$UCSXDIR
 10
1.0
 20
0.0
 30
0.0
  9
$UCSYDIR
 10
0.0
 20
1.0
 30
0.0
  9
$UCSORTHOREF
  2

  9
$UCSORTHOVIEW
 70
     0
  9
$UCSORGTOP
 10
0.0
 20
0.0
 30
0.0
  9
$UCSORGBOTTOM
 10
0.0
 20
0.0
 30
0.0
  9
$UCSORGLEFT
 10
0.0
 20
0.0
 30
0.0
  9
$UCSORGRIGHT
 10
0.0
 20
0.0
 30
0.0
  9
$UCSORGFRONT
 10
0.0
 20
0.0
 30
0.0
  9
$UCSORGBACK
 10
0.0
 20
0.0
 30
0.0
  9
$PUCSBASE
  2

  9
$PUCSNAME
  2

  9
$PUCSORG
 10
0.0
 20
0.0
 30
0.0
  9
$PUCSXDIR
 10
1.0
 20
0.0
 30
0.0
  9
$PUCSYDIR
 10
0.0
 20
1.0
 30
0.0
  9
$PUCSORTHOREF
  2

  9
$PUCSORTHOVIEW
 70
     0
  9
$PUCSORGTOP
 10
0.0
 20
0.0
 30
0.0
  9
$PUCSORGBOTTOM
 10
0.0
 20
0.0
 30
0.0
  9
$PUCSORGLEFT
 10
0.0
 20
0.0
 30
0.0
  9
$PUCSORGRIGHT
 10
0.0
 20
0.0
 30
0.0
  9
$PUCSORGFRONT
 10
0.0
 20
0.0
 30
0.0
  9
$PUCSORGBACK
 10
0.0
 20
0.0
 30
0.0
  9
$USERI1
 70
     0
  9
$USERI2
 70
     0
  9
$USERI3
 70
     0
  9
$USERI4
 70
     0
  9
$USERI5
 70
     0
  9
$USERR1
 40
0.0
  9
$USERR2
 40
0.0
  9
$USERR3
 40
0.0
  9
$USERR4
 40
0.0
  9
$USERR5
 40
0.0
  9
$WORLDVIEW
 70
     1
  9
$SHADEDGE
 70
     3
  9
$SHADEDIF
 70
    70
  9
$TILEMODE
 70
     1
  9
$MAXACTVP
 70
    64
  9
$PINSBASE
 10
0.0
 20
0.0
 30
0.0
  9
$PLIMCHECK
 70
     0
  9
$PEXTMIN
 10
1.000000000000000E+20
 20
1.000000000000000E+20
 30
1.000000000000000E+20
  9
$PEXTMAX
 10
-1.000000000000000E+20
 20
-1.000000000000000E+20
 30
-1.000000000000000E+20
  9
$PLIMMIN
 10
0.0
 20
0.0
  9
$PLIMMAX
 10
420.0
 20
297.0
  9
$UNITMODE
 70
     0
  9
$VISRETAIN
 70
     1
  9
$PLINEGEN
 70
     0
  9
$PSLTSCALE
 70
     1
  9
$TREEDEPTH
 70
  3020
  9
$CMLSTYLE
  2
Standard
  9
$CMLJUST
 70
     0
  9
$CMLSCALE
 40
20.0
  9
$PROXYGRAPHICS
 70
     1
  9
$MEASUREMENT
 70
     1
  9
$CELWEIGHT
370
    -1
  9
$ENDCAPS
280
     0
  9
$JOINSTYLE
280
     0
  9
$LWDISPLAY
290
     0
  9
$INSUNITS
 70
     4
  9
$HYPERLINKBASE
  1

  9
$STYLESHEET
  1

  9
$XEDIT
290
     1
  9
$CEPSNTYPE
380
     0
  9
$PSTYLEMODE
290
     1
  9
$FINGERPRINTGUID
  2
{1922E49E-A8DA-48F9-A520-9590604D5DC6}
  9
$VERSIONGUID
  2
{FAEB1C32-E019-11D5-929B-00C0DF256EC4}
  9
$EXTNAMES
290
     1
  9
$PSVPSCALE
 40
0.0
  9
$OLESTARTUP
290
     0
  0
ENDSEC
  0
SECTION
  2
CLASSES
  0
CLASS
  1
ACDBDICTIONARYWDFLT
  2
AcDbDictionaryWithDefault
  3
ObjectDBX Classes
 90
        0
280
     0
281
     0
  0
CLASS
  1
VISUALSTYLE
  2
AcDbVisualStyle
  3
ObjectDBX Classes
 90
     4095
280
     0
281
     0
  0
CLASS
  1
MATERIAL
  2
AcDbMaterial
  3
ObjectDBX Classes
 90
     1153
280
     0
281
     0
  0
CLASS
  1
SCALE
  2
AcDbScale
  3
ObjectDBX Classes
 90
     1153
280
     0
281
     0
  0
CLASS
  1
DICTIONARYVAR
  2
AcDbDictionaryVar
  3
ObjectDBX Classes
 90
        0
280
     0
281
     0
  0
CLASS
  1
ACDBPLACEHOLDER
  2
AcDbPlaceHolder
  3
ObjectDBX Classes
 90
        0
280
     0
281
     0
  0
CLASS
  1
LAYOUT
  2
AcDbLayout
  3
ObjectDBX Classes
 90
        0
280
     0
281
     0
  0
ENDSEC
  0
SECTION
  2
TABLES
  0
TABLE
  2
VPORT
  5
8
330
0
100
AcDbSymbolTable
 70
     1
  0
VPORT
  5
29
330
8
100
AcDbSymbolTableRecord
100
AcDbViewportTableRecord
  2
*Active
 70
     0
 10
0.0
 20
0.0
 11
1.0
 21
1.0
 12
11.26
 22
4.5
 13
0.0
 23
0.0
 14
10.0
 24
10.0
 15
10.0
 25
10.0
 16
0.0
 26
0.0
 36
1.0
 17
0.0
 27
0.0
 37
0.0
 40
9.0
 41
2.503333333333333
 42
50.0
 43
0.0
 44
0.0
 50
0.0
 51
0.0
 71
     0
 72
   100
 73
     1
 74
     3
 75
     0
 76
     0
 77
     0
 78
     0
281
     0
 65
     1
110
0.0
120
0.0
130
0.0
111
1.0
121
0.0
131
0.0
112
0.0
122
1.0
132
0.0
 79
     0
146
0.0
  0
ENDTAB
  0
TABLE
  2
LTYPE
  5
5
330
0
100
AcDbSymbolTable
 70
    10
  0
LTYPE
  5
14
330
5
100
AcDbSymbolTableRecord
100
AcDbLinetypeTableRecord
  2
ByBlock
 70
     0
  3

 72
    65
 73
     0
 40
0.0
  0
LTYPE
  5
15
330
5
100
AcDbSymbolTableRecord
100
AcDbLinetypeTableRecord
  2
ByLayer
 70
     0
  3

 72
    65
 73
     0
 40
0.0
  0
LTYPE
  5
16
330
5
100
AcDbSymbolTableRecord
100
AcDbLinetypeTableRecord
  2
Continuous
 70
     0
  3
Solid line
 72
    65
 73
     0
 40
0.0
  0
LTYPE
  5
45
330
5
100
AcDbSymbolTableRecord
100
AcDbLinetypeTableRecord
  2
phl_thick
 70
     0
  3
THICK
 72
    65
 73
     0
 40
0.0
  0
LTYPE
  5
11C4
330
5
100
AcDbSymbolTableRecord
100
AcDbLinetypeTableRecord
  2
ls1
 70
     0
  3
THICK
 72
    65
 73
     0
 40
0.0
  0
LTYPE
  5
11D5
330
5
100
AcDbSymbolTableRecord
100
AcDbLinetypeTableRecord
  2
SK1
 70
     0
  3
THICK
 72
    65
 73
     0
 40
0.0
  0
LTYPE
  5
11DE
330
5
100
AcDbSymbolTableRecord
100
AcDbLinetypeTableRecord
  2
NOCUT
 70
     0
  3
THICK
 72
    65
 73
     0
 40
0.0
  0
LTYPE
  5
11E3
330
5
100
AcDbSymbolTableRecord
100
AcDbLinetypeTableRecord
  2
ls_SK2
 70
     0
  3
THIN
 72
    65
 73
     0
 40
0.0
  0
LTYPE
  5
128F
330
5
100
AcDbSymbolTableRecord
100
AcDbLinetypeTableRecord
  2
ls_2
 70
     0
  3
THIN
 72
    65
 73
     0
 40
0.0
  0
LTYPE
  5
1464
330
5
100
AcDbSymbolTableRecord
100
AcDbLinetypeTableRecord
  2
ls_SK1
 70
     0
  3
THICK
 72
    65
 73
     0
 40
0.0
  0
LTYPE
  5
149E
330
5
100
AcDbSymbolTableRecord
100
AcDbLinetypeTableRecord
  2
LONGDASH_DASH
 70
     0
  3
THIN_DASHDOT
 72
    65
 73
     4
 40
0.85
 49
0.4
 74
     0
 49
-0.2
 74
     0
 49
0.05
 74
     0
 49
-0.2
 74
     0
  0
LTYPE
  5
14A3
330
5
100
AcDbSymbolTableRecord
100
AcDbLinetypeTableRecord
  2
INFTOTAL
 70
     0
  3
THIN
 72
    65
 73
     0
 40
0.0
  0
ENDTAB
  0
TABLE
  2
LAYER
  5
2
330
0
100
AcDbSymbolTable
 70
    10
  0
LAYER
  5
10
330
2
100
AcDbSymbolTableRecord
100
AcDbLayerTableRecord
  2
0
 70
     0
 62
     7
  6
Continuous
370
    -3
390
F
  0
LAYER
  5
44
330
2
100
AcDbSymbolTableRecord
100
AcDbLayerTableRecord
  2
1
 70
     0
 62
4
  6
CONTINUOUS
370
50
370
    -3
390
F
  0
LAYER
  5
11C3
330
2
100
AcDbSymbolTableRecord
100
AcDbLayerTableRecord
  2
CUT
 70
     0
 62
1
  6
CONTINUOUS
370
25
370
    -3
390
F
  0
LAYER
  5
11CA
330
2
100
AcDbSymbolTableRecord
100
AcDbLayerTableRecord
  2
NOCUT
 70
     0
 62
7
  6
CONTINUOUS
370
25
370
    -3
390
F
  0
LAYER
  5
11D4
330
2
100
AcDbSymbolTableRecord
100
AcDbLayerTableRecord
  2
SK1
 70
     0
 62
4
  6
CONTINUOUS
370
50
370
    -3
390
F
  0
LAYER
  5
11E2
330
2
100
AcDbSymbolTableRecord
100
AcDbLayerTableRecord
  2
SK2
 70
     0
 62
7
  6
CONTINUOUS
370
25
370
    -3
390
F
  0
LAYER
  5
128E
330
2
100
AcDbSymbolTableRecord
100
AcDbLayerTableRecord
  2
2
 70
     0
 62
7
  6
CONTINUOUS
370
25
370
    -3
390
F
  0
LAYER
  5
149D
330
2
100
AcDbSymbolTableRecord
100
AcDbLayerTableRecord
  2
4
 70
     0
 62
2
  6
LONGDASH_DASH
370
25
370
    -3
390
F
  0
LAYER
  5
14A0
330
2
100
AcDbSymbolTableRecord
100
AcDbLayerTableRecord
  2
SK4
 70
     0
 62
2
  6
LONGDASH_DASH
370
25
370
    -3
390
F
  0
LAYER
  5
14A2
330
2
100
AcDbSymbolTableRecord
100
AcDbLayerTableRecord
  2
INFTOTAL
 70
     0
 62
9
  6
CONTINUOUS
370
18
370
    -3
390
F
  0
ENDTAB
  0
TABLE
  2
STYLE
  5
3
330
0
100
AcDbSymbolTable
 70
     1
  0
STYLE
  5
11
330
3
100
AcDbSymbolTableRecord
100
AcDbTextStyleTableRecord
  2
Standard
 70
     0
 40
0.0
 41
1.0
 50
0.0
 71
     0
 42
2.5
  3
Monospac821 BT
  4

  0
ENDTAB
  0
TABLE
  2
VIEW
  5
6
330
0
100
AcDbSymbolTable
 70
     0
  0
ENDTAB
  0
TABLE
  2
UCS
  5
7
330
0
100
AcDbSymbolTable
 70
     0
  0
ENDTAB
  0
TABLE
  2
APPID
  5
9
330
0
100
AcDbSymbolTable
 70
     2
  0
APPID
  5
12
330
9
100
AcDbSymbolTableRecord
100
AcDbRegAppTableRecord
  2
ACAD
 70
     0
  0
APPID
  5
3F
330
9
100
AcDbSymbolTableRecord
100
AcDbRegAppTableRecord
  2
ccLab
 70
     0
  0
ENDTAB
  0
TABLE
  2
DIMSTYLE
  5
A
330
0
100
AcDbSymbolTable
 70
     1
100
AcDbDimStyleTable
  0
DIMSTYLE
105
27
330
A
100
AcDbSymbolTableRecord
100
AcDbDimStyleTableRecord
  2
ISO-25
 70
     0
 41
2.5
 42
0.625
 43
3.75
 44
1.25
 73
     0
 74
     0
 77
     1
 78
     8
140
2.5
141
2.5
143
0.03937007874016
147
0.625
171
     3
172
     1
271
     2
272
     2
274
     3
278
    44
283
     0
284
     8
340
11
  0
ENDTAB
  0
TABLE
  2
BLOCK_RECORD
  5
1
330
0
100
AcDbSymbolTable
 70
     2
  0
BLOCK_RECORD
  5
1F
330
1
100
AcDbSymbolTableRecord
100
AcDbBlockTableRecord
  2
*Model_Space
340
22
  0
BLOCK_RECORD
  5
1B
330
1
100
AcDbSymbolTableRecord
100
AcDbBlockTableRecord
  2
*Paper_Space
340
1E
  0
BLOCK_RECORD
  5
23
330
1
100
AcDbSymbolTableRecord
100
AcDbBlockTableRecord
  2
*Paper_Space0
340
26
  0
ENDTAB
  0
ENDSEC
  0
SECTION
  2
BLOCKS
  0
BLOCK
  5
20
330
1F
100
AcDbEntity
  8
0
100
AcDbBlockBegin
  2
*Model_Space
 70
     0
 10
0.0
 20
0.0
 30
0.0
  3
*Model_Space
  1

  0
ENDBLK
  5
21
330
1F
100
AcDbEntity
  8
0
100
AcDbBlockEnd
  0
BLOCK
  5
1C
330
1B
100
AcDbEntity
 67
     1
  8
0
100
AcDbBlockBegin
  2
*Paper_Space
 70
     0
 10
0.0
 20
0.0
 30
0.0
  3
*Paper_Space
  1

  0
ENDBLK
  5
1D
330
1B
100
AcDbEntity
 67
     1
  8
0
100
AcDbBlockEnd
  0
BLOCK
  5
24
330
23
100
AcDbEntity
  8
0
100
AcDbBlockBegin
  2
*Paper_Space0
 70
     0
 10
0.0
 20
0.0
 30
0.0
  3
*Paper_Space0
  1

  0
ENDBLK
  5
25
330
23
100
AcDbEntity
  8
0
100
AcDbBlockEnd
  0
ENDSEC
  0
SECTION
  2
ENTITIES
  0
LINE
  5
14A7
330
1F
100
AcDbEntity
  8
1
  6
CONTINUOUS
370
50
 62
4
100
AcDbLine
 10
40.729961
 20
-0.741267
 30
0.0
 11
40.729912
 21
-0.70653
 31
0.0
  0
LINE
  5
14A8
330
1F
100
AcDbEntity
  8
1
  6
CONTINUOUS
370
50
 62
4
100
AcDbLine
 10
40.729961
 20
-0.741267
 30
0.0
 11
40.729912
 21
-0.70653
 31
0.0
  0
LINE
  5
14A9
330
1F
100
AcDbEntity
  8
1
  6
CONTINUOUS
370
50
 62
4
100
AcDbLine
 10
40.73003
 20
-0.776318
 30
0.0
 11
40.729961
 21
-0.741267
 31
0.0
  0
LINE
  5
14AA
330
1F
100
AcDbEntity
  8
1
  6
CONTINUOUS
370
50
 62
4
100
AcDbLine
 10
40.73003
 20
-0.776318
 30
0.0
 11
40.729961
 21
-0.741267
 31
0.0
  0
LINE
  5
14AB
330
1F
100
AcDbEntity
  8
1
  6
CONTINUOUS
370
50
 62
4
100
AcDbLine
 10
40.730114
 20
-0.811646
 30
0.0
 11
40.73003
 21
-0.776318
 31
0.0
  0
LINE
  5
14AC
330
1F
100
AcDbEntity
  8
1
  6
CONTINUOUS
370
50
 62
4
100
AcDbLine
 10
40.730114
 20
-0.811646
 30
0.0
 11
40.73003
 21
-0.776318
 31
0.0
  0
LINE
  5
14AD
330
1F
100
AcDbEntity
  8
1
  6
CONTINUOUS
370
50
 62
4
100
AcDbLine
 10
40.730213
 20
-0.8472069999999999
 30
0.0
 11
40.730114
 21
-0.811646
 31
0.0
  0
LINE
  5
14AE
330
1F
100
AcDbEntity
  8
1
  6
CONTINUOUS
370
50
 62
4
100
AcDbLine
 10
40.730213
 20
-0.8472069999999999
 30
0.0
 11
40.730114
 21
-0.811646
 31
0.0
  0
LINE
  5
14AF
330
1F
100
AcDbEntity
  8
1
  6
CONTINUOUS
370
50
 62
4
100
AcDbLine
 10
40.730331
 20
-0.8829279999999999
 30
0.0
 11
40.730213
 21
-0.8472069999999999
 31
0.0
  0
LINE
  5
14B0
330
1F
100
AcDbEntity
  8
1
  6
CONTINUOUS
370
50
 62
4
100
AcDbLine
 10
40.730331
 20
-0.8829279999999999
 30
0.0
 11
40.730213
 21
-0.8472069999999999
 31
0.0
  0
LINE
  5
14B1
330
1F
100
AcDbEntity
  8
1
  6
CONTINUOUS
370
50
 62
4
100
AcDbLine
 10
40.730461
 20
-0.918769
 30
0.0
 11
40.730331
 21
-0.8829279999999999
 31
0.0
  0
LINE
  5
14B2
330
1F
100
AcDbEntity
  8
1
  6
CONTINUOUS
370
50
 62
4
100
AcDbLine
 10
40.730461
 20
-0.918769
 30
0.0
 11
40.730331
 21
-0.8829279999999999
 31
0.0
  0
LINE
  5
14B3
330
1F
100
AcDbEntity
  8
1
  6
CONTINUOUS
370
50
 62
4
100
AcDbLine
 10
40.73061
 20
-0.954691
 30
0.0
 11
40.730461
 21
-0.918769
 31
0.0
  0
LINE
  5
14B4
330
1F
100
AcDbEntity
  8
1
  6
CONTINUOUS
370
50
 62
4
100
AcDbLine
 10
40.73061
 20
-0.954691
 30
0.0
 11
40.730461
 21
-0.918769
 31
0.0
  0
LINE
  5
14B5
330
1F
100
AcDbEntity
  8
1
  6
CONTINUOUS
370
50
 62
4
100
AcDbLine
 10
40.73164
 20
-1.108383
 30
0.0
 11
40.731003
 21
-0.9794879999999999
 31
0.0
  0
LINE
  5
14B6
330
1F
100
AcDbEntity
  8
1
  6
CONTINUOUS
370
50
 62
4
100
AcDbLine
 10
40.73164
 20
-1.108361
 30
0.0
 11
40.731003
 21
-0.9794879999999999
 31
0.0
  0
LINE
  5
14B7
330
1F
100
AcDbEntity
  8
1
  6
CONTINUOUS
370
50
 62
4
100
AcDbLine
 10
40.732281
 20
-1.237198
 30
0.0
 11
40.73164
 21
-1.108361
 31
0.0
  0
LINE
  5
14B8
330
1F
100
AcDbEntity
  8
1
  6
CONTINUOUS
370
50
 62
4
100
AcDbLine
 10
40.732281
 20
-1.237219
 30
0.0
 11
40.73164
 21
-1.108383
 31
0.0
  0
LINE
  5
14B9
330
1F
100
AcDbEntity
  8
1
  6
CONTINUOUS
370
50
 62
4
100
AcDbLine
 10
40.732925
 20
-1.365774
 30
0.0
 11
40.732281
 21
-1.237198
 31
0.0
  0
LINE
  5
14BA
330
1F
100
AcDbEntity
  8
1
  6
CONTINUOUS
370
50
 62
4
100
AcDbLine
 10
40.732925
 20
-1.365774
 30
0.0
 11
40.732281
 21
-1.237219
 31
0.0
  0
LINE
  5
14BB
330
1F
100
AcDbEntity
  8
1
  6
CONTINUOUS
370
50
 62
4
100
AcDbLine
 10
40.73421099999999
 20
-1.621137
 30
0.0
 11
40.73357
 21
-1.493821
 31
0.0
  0
LINE
  5
14BC
330
1F
100
AcDbEntity
  8
1
  6
CONTINUOUS
370
50
 62
4
100
AcDbLine
 10
40.73357
 20
-1.493865
 30
0.0
 11
40.732925
 21
-1.365774
 31
0.0
  0
LINE
  5
14BD
330
1F
100
AcDbEntity
  8
1
  6
CONTINUOUS
370
50
 62
4
100
AcDbLine
 10
40.73357
 20
-1.493821
 30
0.0
 11
40.732925
 21
-1.365774
 31
0.0
  0
LINE
  5
14BE
330
1F
100
AcDbEntity
  8
1
  6
CONTINUOUS
370
50
 62
4
100
AcDbLine
 10
40.734215
 20
-1.621245
 30
0.0
 11
40.73357
 21
-1.493865
 31
0.0
  0
LINE
  5
14BF
330
1F
100
AcDbEntity
  8
1
  6
CONTINUOUS
370
50
 62
4
100
AcDbLine
 10
40.734856
 20
-1.747691
 30
0.0
 11
40.734215
 21
-1.621245
 31
0.0
  0
LINE
  5
14C0
330
1F
100
AcDbEntity
  8
1
  6
CONTINUOUS
370
50
 62
4
100
AcDbLine
 10
40.735493
 20
-1.872678
 30
0.0
 11
40.734856
 21
-1.747498
 31
0.0
  0
LINE
  5
14C1
330
1F
100
AcDbEntity
  8
1
  6
CONTINUOUS
370
50
 62
4
100
AcDbLine
 10
40.734856
 20
-1.747498
 30
0.0
 11
40.73421099999999
 21
-1.621137
 31
0.0
  0
LINE
  5
14C2
330
1F
100
AcDbEntity
  8
1
  6
CONTINUOUS
370
50
 62
4
100
AcDbLine
 10
40.735497
 20
-1.872976
 30
0.0
 11
40.734856
 21
-1.747691
 31
0.0
  0
LINE
  5
14C3
330
1F
100
AcDbEntity
  8
1
  6
CONTINUOUS
370
50
 62
4
100
AcDbLine
 10
40.736134
 20
-1.996801
 30
0.0
 11
40.735497
 21
-1.872976
 31
0.0
  0
LINE
  5
14C4
330
1F
100
AcDbEntity
  8
1
  6
CONTINUOUS
370
50
 62
4
100
AcDbLine
 10
40.73613
 20
-1.996454
 30
0.0
 11
40.735493
 21
-1.872678
 31
0.0
  0
LINE
  5
14C5
330
1F
100
AcDbEntity
  8
1
  6
CONTINUOUS
370
50
 62
4
100
AcDbLine
 10
40.736759
 20
-2.118359
 30
0.0
 11
40.73613
 21
-1.996454
 31
0.0
  0
LINE
  5
14C6
330
1F
100
AcDbEntity
  8
1
  6
CONTINUOUS
370
50
 62
4
100
AcDbLine
 10
40.736763
 20
-2.118545
 30
0.0
 11
40.736134
 21
-1.996801
 31
0.0
  0
LINE
  5
14C7
330
1F
100
AcDbEntity
  8
1
  6
CONTINUOUS
370
50
 62
4
100
AcDbLine
 10
40.737385
 20
-2.237945
 30
0.0
 11
40.736763
 21
-2.118545
 31
0.0
  0
LINE
  5
14C8
330
1F
100
AcDbEntity
  8
1
  6
CONTINUOUS
370
50
 62
4
100
AcDbLine
 10
40.737385
 20
-2.237874
 30
0.0
 11
40.736759
 21
-2.118359
 31
0.0
  0
LINE
  5
14C9
330
1F
100
AcDbEntity
  8
1
  6
CONTINUOUS
370
50
 62
4
100
AcDbLine
 10
40.73799899999999
 20
-2.354798
 30
0.0
 11
40.737385
 21
-2.237874
 31
0.0
  0
LINE
  5
14CA
330
1F
100
AcDbEntity
  8
1
  6
CONTINUOUS
370
50
 62
4
100
AcDbLine
 10
40.73799899999999
 20
-2.354798
 30
0.0
 11
40.737385
 21
-2.237945
 31
0.0
  0
LINE
  5
14CB
330
1F
100
AcDbEntity
  8
1
  6
CONTINUOUS
370
50
 62
4
100
AcDbLine
 10
40.73799899999999
 20
1.323177
 30
0.0
 11
40.737354
 21
1.379616
 31
0.0
  0
LINE
  5
14CC
330
1F
100
AcDbEntity
  8
1
  6
CONTINUOUS
370
50
 62
4
100
AcDbLine
 10
40.73799899999999
 20
1.323176
 30
0.0
 11
40.737354
 21
1.379582
 31
0.0
  0
LINE
  5
14CD
330
1F
100
AcDbEntity
  8
1
  6
CONTINUOUS
370
50
 62
4
100
AcDbLine
 10
40.737354
 20
1.379616
 30
0.0
 11
40.736698
 21
1.429808
 31
0.0
  0
LINE
  5
14CE
330
1F
100
AcDbEntity
  8
1
  6
CONTINUOUS
370
50
 62
4
100
AcDbLine
 10
40.737354
 20
1.379582
 30
0.0
 11
40.736698
 21
1.429732
 31
0.0
  0
LINE
  5
14CF
330
1F
100
AcDbEntity
  8
1
  6
CONTINUOUS
370
50
 62
4
100
AcDbLine
 10
40.730663
 20
-0.9582339999999999
 30
0.0
 11
40.73061
 21
-0.954691
 31
0.0
  0
LINE
  5
14D0
330
1F
100
AcDbEntity
  8
1
  6
CONTINUOUS
370
50
 62
4
100
AcDbLine
 10
40.730663
 20
-0.9582339999999999
 30
0.0
 11
40.73061
 21
-0.954691
 31
0.0
  0
LINE
  5
14D1
330
1F
100
AcDbEntity
  8
1
  6
CONTINUOUS
370
50
 62
4
100
AcDbLine
 10
40.730888
 20
-0.9724029999999999
 30
0.0
 11
40.730835
 21
-0.968861
 31
0.0
  0
LINE
  5
14D2
330
1F
100
AcDbEntity
  8
1
  6
CONTINUOUS
370
50
 62
4
100
AcDbLine
 10
40.730888
 20
-0.9724029999999999
 30
0.0
 11
40.730835
 21
-0.968861
 31
0.0
  0
LINE
  5
14D3
330
1F
100
AcDbEntity
  8
1
  6
CONTINUOUS
370
50
 62
4
100
AcDbLine
 10
40.736698
 20
1.429732
 30
0.0
 11
40.736038
 21
1.473508
 31
0.0
  0
LINE
  5
14D4
330
1F
100
AcDbEntity
  8
1
  6
CONTINUOUS
370
50
 62
4
100
AcDbLine
 10
40.736698
 20
1.429808
 30
0.0
 11
40.736034
 21
1.473625
 31
0.0
  0
LINE
  5
14D5
330
1F
100
AcDbEntity
  8
1
  6
CONTINUOUS
370
50
 62
4
100
AcDbLine
 10
40.730778
 20
-0.9653189999999999
 30
0.0
 11
40.730721
 21
-0.961776
 31
0.0
  0
LINE
  5
14D6
330
1F
100
AcDbEntity
  8
1
  6
CONTINUOUS
370
50
 62
4
100
AcDbLine
 10
40.730778
 20
-0.9653189999999999
 30
0.0
 11
40.730721
 21
-0.961776
 31
0.0
  0
LINE
  5
14D7
330
1F
100
AcDbEntity
  8
1
  6
CONTINUOUS
370
50
 62
4
100
AcDbLine
 10
40.731003
 20
-0.9794879999999999
 30
0.0
 11
40.730946
 21
-0.975946
 31
0.0
  0
LINE
  5
14D8
330
1F
100
AcDbEntity
  8
1
  6
CONTINUOUS
370
50
 62
4
100
AcDbLine
 10
40.731003
 20
-0.9794879999999999
 30
0.0
 11
40.730946
 21
-0.975946
 31
0.0
  0
LINE
  5
14D9
330
1F
100
AcDbEntity
  8
1
  6
CONTINUOUS
370
50
 62
4
100
AcDbLine
 10
40.730835
 20
-0.968861
 30
0.0
 11
40.730778
 21
-0.9653189999999999
 31
0.0
  0
LINE
  5
14DA
330
1F
100
AcDbEntity
  8
1
  6
CONTINUOUS
370
50
 62
4
100
AcDbLine
 10
40.730835
 20
-0.968861
 30
0.0
 11
40.730778
 21
-0.9653189999999999
 31
0.0
  0
LINE
  5
14DB
330
1F
100
AcDbEntity
  8
1
  6
CONTINUOUS
370
50
 62
4
100
AcDbLine
 10
40.730946
 20
-0.975946
 30
0.0
 11
40.730888
 21
-0.9724029999999999
 31
0.0
  0
LINE
  5
14DC
330
1F
100
AcDbEntity
  8
1
  6
CONTINUOUS
370
50
 62
4
100
AcDbLine
 10
40.730946
 20
-0.975946
 30
0.0
 11
40.730888
 21
-0.9724029999999999
 31
0.0
  0
LINE
  5
14DD
330
1F
100
AcDbEntity
  8
1
  6
CONTINUOUS
370
50
 62
4
100
AcDbLine
 10
40.730721
 20
-0.961776
 30
0.0
 11
40.730663
 21
-0.9582339999999999
 31
0.0
  0
LINE
  5
14DE
330
1F
100
AcDbEntity
  8
1
  6
CONTINUOUS
370
50
 62
4
100
AcDbLine
 10
40.730721
 20
-0.961776
 30
0.0
 11
40.730663
 21
-0.9582339999999999
 31
0.0
  0
LINE
  5
14DF
330
1F
100
AcDbEntity
  8
1
  6
CONTINUOUS
370
50
 62
4
100
AcDbLine
 10
40.736034
 20
1.473625
 30
0.0
 11
40.735367
 21
1.510836
 31
0.0
  0
LINE
  5
14E0
330
1F
100
AcDbEntity
  8
1
  6
CONTINUOUS
370
50
 62
4
100
AcDbLine
 10
40.736038
 20
1.473508
 30
0.0
 11
40.735367
 21
1.510762
 31
0.0
  0
LINE
  5
14E1
330
1F
100
AcDbEntity
  8
1
  6
CONTINUOUS
370
50
 62
4
100
AcDbLine
 10
40.735367
 20
1.510762
 30
0.0
 11
40.73469499999999
 21
1.541303
 31
0.0
  0
LINE
  5
14E2
330
1F
100
AcDbEntity
  8
1
  6
CONTINUOUS
370
50
 62
4
100
AcDbLine
 10
40.735367
 20
1.510836
 30
0.0
 11
40.73469499999999
 21
1.54134
 31
0.0
  0
LINE
  5
14E3
330
1F
100
AcDbEntity
  8
1
  6
CONTINUOUS
370
50
 62
4
100
AcDbLine
 10
40.73469499999999
 20
1.541303
 30
0.0
 11
40.73402
 21
1.56509
 31
0.0
  0
LINE
  5
14E4
330
1F
100
AcDbEntity
  8
1
  6
CONTINUOUS
370
50
 62
4
100
AcDbLine
 10
40.73469499999999
 20
1.54134
 30
0.0
 11
40.73402
 21
1.565105
 31
0.0
  0
LINE
  5
14E5
330
1F
100
AcDbEntity
  8
1
  6
CONTINUOUS
370
50
 62
4
100
AcDbLine
 10
40.73402
 20
1.56509
 30
0.0
 11
40.733345
 21
1.582098
 31
0.0
  0
LINE
  5
14E6
330
1F
100
AcDbEntity
  8
1
  6
CONTINUOUS
370
50
 62
4
100
AcDbLine
 10
12.585699
 20
3.87282
 30
0.0
 11
12.585226
 21
3.884666
 31
0.0
  0
LINE
  5
14E7
330
1F
100
AcDbEntity
  8
1
  6
CONTINUOUS
370
50
 62
4
100
AcDbLine
 10
40.73402
 20
1.565105
 30
0.0
 11
40.733341
 21
1.582102
 31
0.0
  0
LINE
  5
14E8
330
1F
100
AcDbEntity
  8
1
  6
CONTINUOUS
370
50
 62
4
100
AcDbLine
 10
12.586991
 20
-1.014433
 30
0.0
 11
12.58472
 21
-0.968471
 31
0.0
  0
LINE
  5
14E9
330
1F
100
AcDbEntity
  8
1
  6
CONTINUOUS
370
50
 62
4
100
AcDbLine
 10
40.733341
 20
1.582102
 30
0.0
 11
40.73266599999999
 21
1.592299
 31
0.0
  0
LINE
  5
14EA
330
1F
100
AcDbEntity
  8
1
  6
CONTINUOUS
370
50
 62
4
100
AcDbLine
 10
40.733345
 20
1.582098
 30
0.0
 11
40.73266599999999
 21
1.592298
 31
0.0
  0
LINE
  5
14EB
330
1F
100
AcDbEntity
  8
1
  6
CONTINUOUS
370
50
 62
4
100
AcDbLine
 10
12.595022
 20
-1.060055
 30
0.0
 11
12.586991
 21
-1.014433
 31
0.0
  0
LINE
  5
14EC
330
1F
100
AcDbEntity
  8
1
  6
CONTINUOUS
370
50
 62
4
100
AcDbLine
 10
14.287243
 20
1.999162
 30
0.0
 11
14.278136
 21
2.046884
 31
0.0
  0
LINE
  5
14ED
330
1F
100
AcDbEntity
  8
1
  6
CONTINUOUS
370
50
 62
4
100
AcDbLine
 10
40.73266599999999
 20
1.592298
 30
0.0
 11
40.731991
 21
1.595665
 31
0.0
  0
LINE
  5
14EE
330
1F
100
AcDbEntity
  8
1
  6
CONTINUOUS
370
50
 62
4
100
AcDbLine
 10
40.73266599999999
 20
1.592299
 30
0.0
 11
40.731991
 21
1.595665
 31
0.0
  0
LINE
  5
14EF
330
1F
100
AcDbEntity
  8
1
  6
CONTINUOUS
370
50
 62
4
100
AcDbLine
 10
14.285607
 20
-3.462191
 30
0.0
 11
14.278288
 21
-3.435344
 31
0.0
  0
LINE
  5
14F0
330
1F
100
AcDbEntity
  8
1
  6
CONTINUOUS
370
50
 62
4
100
AcDbLine
 10
30.683826
 20
-1.676475
 30
0.0
 11
30.652699
 21
-1.568657
 31
0.0
  0
LINE
  5
14F1
330
1F
100
AcDbEntity
  8
1
  6
CONTINUOUS
370
50
 62
4
100
AcDbLine
 10
31.742159
 20
-1.458441
 30
0.0
 11
31.711031
 21
-1.350874
 31
0.0
  0
LINE
  5
14F2
330
1F
100
AcDbEntity
  8
1
  6
CONTINUOUS
370
50
 62
4
100
AcDbLine
 10
29.625492
 20
-1.890022
 30
0.0
 11
29.594349
 21
-1.782509
 31
0.0
  0
LINE
  5
14F3
330
1F
100
AcDbEntity
  8
1
  6
CONTINUOUS
370
50
 62
4
100
AcDbLine
 10
28.56716
 20
-2.092606
 30
0.0
 11
28.536018
 21
-1.985795
 31
0.0
  0
LINE
  5
14F4
330
1F
100
AcDbEntity
  8
1
  6
CONTINUOUS
370
50
 62
4
100
AcDbLine
 10
32.800491
 20
-1.236781
 30
0.0
 11
32.769363
 21
-1.130065
 31
0.0
  0
LINE
  5
14F5
330
1F
100
AcDbEntity
  8
1
  6
CONTINUOUS
370
50
 62
4
100
AcDbLine
 10
27.508825
 20
-2.279237
 30
0.0
 11
27.477686
 21
-2.173706
 31
0.0
  0
LINE
  5
14F6
330
1F
100
AcDbEntity
  8
1
  6
CONTINUOUS
370
50
 62
4
100
AcDbLine
 10
33.858826
 20
-1.011965
 30
0.0
 11
33.82943
 21
-0.9124519999999999
 31
0.0
  0
LINE
  5
14F7
330
1F
100
AcDbEntity
  8
1
  6
CONTINUOUS
370
50
 62
4
100
AcDbLine
 10
30.652699
 20
-1.568657
 30
0.0
 11
30.620922
 21
-1.461213
 31
0.0
  0
LINE
  5
14F8
330
1F
100
AcDbEntity
  8
1
  6
CONTINUOUS
370
50
 62
4
100
AcDbLine
 10
29.594349
 20
-1.782509
 30
0.0
 11
29.562553
 21
-1.675038
 31
0.0
  0
LINE
  5
14F9
330
1F
100
AcDbEntity
  8
1
  6
CONTINUOUS
370
50
 62
4
100
AcDbLine
 10
28.536018
 20
-1.985795
 30
0.0
 11
28.50423
 21
-1.878684
 31
0.0
  0
LINE
  5
14FA
330
1F
100
AcDbEntity
  8
1
  6
CONTINUOUS
370
50
 62
4
100
AcDbLine
 10
31.711031
 20
-1.350874
 30
0.0
 11
31.679255
 21
-1.244007
 31
0.0
  0
LINE
  5
14FB
330
1F
100
AcDbEntity
  8
1
  6
CONTINUOUS
370
50
 62
4
100
AcDbLine
 10
27.477686
 20
-2.173706
 30
0.0
 11
27.445898
 21
-2.067545
 31
0.0
  0
LINE
  5
14FC
330
1F
100
AcDbEntity
  8
1
  6
CONTINUOUS
370
50
 62
4
100
AcDbLine
 10
26.450493
 20
-2.450837
 30
0.0
 11
26.419355
 21
-2.347157
 31
0.0
  0
LINE
  5
14FD
330
1F
100
AcDbEntity
  8
1
  6
CONTINUOUS
370
50
 62
4
100
AcDbLine
 10
32.769363
 20
-1.130065
 30
0.0
 11
32.737583
 21
-1.024365
 31
0.0
  0
LINE
  5
14FE
330
1F
100
AcDbEntity
  8
1
  6
CONTINUOUS
370
50
 62
4
100
AcDbLine
 10
29.562553
 20
-1.675038
 30
0.0
 11
29.530127
 21
-1.567739
 31
0.0
  0
LINE
  5
14FF
330
1F
100
AcDbEntity
  8
1
  6
CONTINUOUS
370
50
 62
4
100
AcDbLine
 10
28.50423
 20
-1.878684
 30
0.0
 11
28.471807
 21
-1.771406
 31
0.0
  0
LINE
  5
1500
330
1F
100
AcDbEntity
  8
1
  6
CONTINUOUS
370
50
 62
4
100
AcDbLine
 10
34.91716
 20
-0.7841579999999999
 30
0.0
 11
34.881031
 21
-0.6646299999999999
 31
0.0
  0
LINE
  5
1501
330
1F
100
AcDbEntity
  8
1
  6
CONTINUOUS
370
50
 62
4
100
AcDbLine
 10
12.608469
 20
-1.104531
 30
0.0
 11
12.595022
 21
-1.060055
 31
0.0
  0
LINE
  5
1502
330
1F
100
AcDbEntity
  8
1
  6
CONTINUOUS
370
50
 62
4
100
AcDbLine
 10
30.620922
 20
-1.461213
 30
0.0
 11
30.588511
 21
-1.354271
 31
0.0
  0
LINE
  5
1503
330
1F
100
AcDbEntity
  8
1
  6
CONTINUOUS
370
50
 62
4
100
AcDbLine
 10
26.419355
 20
-2.347157
 30
0.0
 11
26.387569
 21
-2.242524
 31
0.0
  0
LINE
  5
1504
330
1F
100
AcDbEntity
  8
1
  6
CONTINUOUS
370
50
 62
4
100
AcDbLine
 10
27.445898
 20
-2.067545
 30
0.0
 11
27.413477
 21
-1.960888
 31
0.0
  0
LINE
  5
1505
330
1F
100
AcDbEntity
  8
1
  6
CONTINUOUS
370
50
 62
4
100
AcDbLine
 10
33.82943
 20
-0.9124519999999999
 30
0.0
 11
33.799454
 21
-0.814117
 31
0.0
  0
LINE
  5
1506
330
1F
100
AcDbEntity
  8
1
  6
CONTINUOUS
370
50
 62
4
100
AcDbLine
 10
31.679255
 20
-1.244007
 30
0.0
 11
31.646841
 21
-1.137963
 31
0.0
  0
LINE
  5
1507
330
1F
100
AcDbEntity
  8
1
  6
CONTINUOUS
370
50
 62
4
100
AcDbLine
 10
25.392159
 20
-2.60821
 30
0.0
 11
25.361023
 21
-2.506935
 31
0.0
  0
LINE
  5
1508
330
1F
100
AcDbEntity
  8
1
  6
CONTINUOUS
370
50
 62
4
100
AcDbLine
 10
26.387569
 20
-2.242524
 30
0.0
 11
26.355148
 21
-2.137074
 31
0.0
  0
LINE
  5
1509
330
1F
100
AcDbEntity
  8
1
  6
CONTINUOUS
370
50
 62
4
100
AcDbLine
 10
28.471807
 20
-1.771406
 30
0.0
 11
28.438766
 21
-1.664095
 31
0.0
  0
LINE
  5
150A
330
1F
100
AcDbEntity
  8
1
  6
CONTINUOUS
370
50
 62
4
100
AcDbLine
 10
35.975494
 20
-0.553312
 30
0.0
 11
35.949875
 21
-0.470109
 31
0.0
  0
LINE
  5
150B
330
1F
100
AcDbEntity
  8
1
  6
CONTINUOUS
370
50
 62
4
100
AcDbLine
 10
27.413477
 20
-1.960888
 30
0.0
 11
27.380438
 21
-1.85387
 31
0.0
  0
LINE
  5
150C
330
1F
100
AcDbEntity
  8
1
  6
CONTINUOUS
370
50
 62
4
100
AcDbLine
 10
29.530127
 20
-1.567739
 30
0.0
 11
29.49708
 21
-1.460745
 31
0.0
  0
LINE
  5
150D
330
1F
100
AcDbEntity
  8
1
  6
CONTINUOUS
370
50
 62
4
100
AcDbLine
 10
25.361023
 20
-2.506935
 30
0.0
 11
25.329239
 21
-2.404392
 31
0.0
  0
LINE
  5
150E
330
1F
100
AcDbEntity
  8
1
  6
CONTINUOUS
370
50
 62
4
100
AcDbLine
 10
32.737583
 20
-1.024365
 30
0.0
 11
32.70517
 21
-0.919802
 31
0.0
  0
LINE
  5
150F
330
1F
100
AcDbEntity
  8
1
  6
CONTINUOUS
370
50
 62
4
100
AcDbLine
 10
30.588511
 20
-1.354271
 30
0.0
 11
30.555475
 21
-1.247957
 31
0.0
  0
LINE
  5
1510
330
1F
100
AcDbEntity
  8
1
  6
CONTINUOUS
370
50
 62
4
100
AcDbLine
 10
26.355148
 20
-2.137074
 30
0.0
 11
26.322109
 21
-2.030942
 31
0.0
  0
LINE
  5
1511
330
1F
100
AcDbEntity
  8
1
  6
CONTINUOUS
370
50
 62
4
100
AcDbLine
 10
25.329239
 20
-2.404392
 30
0.0
 11
25.296822
 21
-2.300719
 31
0.0
  0
LINE
  5
1512
330
1F
100
AcDbEntity
  8
1
  6
CONTINUOUS
370
50
 62
4
100
AcDbLine
 10
27.380438
 20
-1.85387
 30
0.0
 11
27.346792
 21
-1.746626
 31
0.0
  0
LINE
  5
1513
330
1F
100
AcDbEntity
  8
1
  6
CONTINUOUS
370
50
 62
4
100
AcDbLine
 10
28.438766
 20
-1.664095
 30
0.0
 11
28.405121
 21
-1.556883
 31
0.0
  0
LINE
  5
1514
330
1F
100
AcDbEntity
  8
1
  6
CONTINUOUS
370
50
 62
4
100
AcDbLine
 10
31.646841
 20
-1.137963
 30
0.0
 11
31.613806
 21
-1.032866
 31
0.0
  0
LINE
  5
1515
330
1F
100
AcDbEntity
  8
1
  6
CONTINUOUS
370
50
 62
4
100
AcDbLine
 10
33.799454
 20
-0.814117
 30
0.0
 11
33.768909
 21
-0.7170559999999999
 31
0.0
  0
LINE
  5
1516
330
1F
100
AcDbEntity
  8
1
  6
CONTINUOUS
370
50
 62
4
100
AcDbLine
 10
37.033825
 20
-0.319264
 30
0.0
 11
37.01897
 21
-0.272119
 31
0.0
  0
LINE
  5
1517
330
1F
100
AcDbEntity
  8
1
  6
CONTINUOUS
370
50
 62
4
100
AcDbLine
 10
34.881031
 20
-0.6646299999999999
 30
0.0
 11
34.84404
 21
-0.547306
 31
0.0
  0
LINE
  5
1518
330
1F
100
AcDbEntity
  8
1
  6
CONTINUOUS
370
50
 62
4
100
AcDbLine
 10
26.322109
 20
-2.030942
 30
0.0
 11
26.288465
 21
-1.924264
 31
0.0
  0
LINE
  5
1519
330
1F
100
AcDbEntity
  8
1
  6
CONTINUOUS
370
50
 62
4
100
AcDbLine
 10
25.296822
 20
-2.300719
 30
0.0
 11
25.263783
 21
-2.196049
 31
0.0
  0
LINE
  5
151A
330
1F
100
AcDbEntity
  8
1
  6
CONTINUOUS
370
50
 62
4
100
AcDbLine
 10
29.49708
 20
-1.460745
 30
0.0
 11
29.463432
 21
-1.354186
 31
0.0
  0
LINE
  5
151B
330
1F
100
AcDbEntity
  8
1
  6
CONTINUOUS
370
50
 62
4
100
AcDbLine
 10
24.333826
 20
-2.751923
 30
0.0
 11
24.302692
 21
-2.653602
 31
0.0
  0
LINE
  5
151C
330
1F
100
AcDbEntity
  8
1
  6
CONTINUOUS
370
50
 62
4
100
AcDbLine
 10
35.949875
 20
-0.470109
 30
0.0
 11
35.923817
 21
-0.388194
 31
0.0
  0
LINE
  5
151D
330
1F
100
AcDbEntity
  8
1
  6
CONTINUOUS
370
50
 62
4
100
AcDbLine
 10
24.302692
 20
-2.653602
 30
0.0
 11
24.27091
 21
-2.553709
 31
0.0
  0
LINE
  5
151E
330
1F
100
AcDbEntity
  8
1
  6
CONTINUOUS
370
50
 62
4
100
AcDbLine
 10
30.555475
 20
-1.247957
 30
0.0
 11
30.521832
 21
-1.1424
 31
0.0
  0
LINE
  5
151F
330
1F
100
AcDbEntity
  8
1
  6
CONTINUOUS
370
50
 62
4
100
AcDbLine
 10
25.263783
 20
-2.196049
 30
0.0
 11
25.230139
 21
-2.090521
 31
0.0
  0
LINE
  5
1520
330
1F
100
AcDbEntity
  8
1
  6
CONTINUOUS
370
50
 62
4
100
AcDbLine
 10
27.346792
 20
-1.746626
 30
0.0
 11
27.312557
 21
-1.63929
 31
0.0
  0
LINE
  5
1521
330
1F
100
AcDbEntity
  8
1
  6
CONTINUOUS
370
50
 62
4
100
AcDbLine
 10
26.288465
 20
-1.924264
 30
0.0
 11
26.25423
 21
-1.817176
 31
0.0
  0
LINE
  5
1522
330
1F
100
AcDbEntity
  8
1
  6
CONTINUOUS
370
50
 62
4
100
AcDbLine
 10
32.70517
 20
-0.919802
 30
0.0
 11
32.672134
 21
-0.816496
 31
0.0
  0
LINE
  5
1523
330
1F
100
AcDbEntity
  8
1
  6
CONTINUOUS
370
50
 62
4
100
AcDbLine
 10
24.27091
 20
-2.553709
 30
0.0
 11
24.238495
 21
-2.452377
 31
0.0
  0
LINE
  5
1524
330
1F
100
AcDbEntity
  8
1
  6
CONTINUOUS
370
50
 62
4
100
AcDbLine
 10
28.405121
 20
-1.556883
 30
0.0
 11
28.370886
 21
-1.449903
 31
0.0
  0
LINE
  5
1525
330
1F
100
AcDbEntity
  8
1
  6
CONTINUOUS
370
50
 62
4
100
AcDbLine
 10
37.01897
 20
-0.272119
 30
0.0
 11
37.00396
 21
-0.225469
 31
0.0
  0
LINE
  5
1526
330
1F
100
AcDbEntity
  8
1
  6
CONTINUOUS
370
50
 62
4
100
AcDbLine
 10
24.238495
 20
-2.452377
 30
0.0
 11
24.205458
 21
-2.349744
 31
0.0
  0
LINE
  5
1527
330
1F
100
AcDbEntity
  8
1
  6
CONTINUOUS
370
50
 62
4
100
AcDbLine
 10
25.230139
 20
-2.090521
 30
0.0
 11
25.195904
 21
-1.98427
 31
0.0
  0
LINE
  5
1528
330
1F
100
AcDbEntity
  8
1
  6
CONTINUOUS
370
50
 62
4
100
AcDbLine
 10
29.463432
 20
-1.354186
 30
0.0
 11
29.429195
 21
-1.248194
 31
0.0
  0
LINE
  5
1529
330
1F
100
AcDbEntity
  8
1
  6
CONTINUOUS
370
50
 62
4
100
AcDbLine
 10
31.613806
 20
-1.032866
 30
0.0
 11
31.580162
 21
-0.928842
 31
0.0
  0
LINE
  5
152A
330
1F
100
AcDbEntity
  8
1
  6
CONTINUOUS
370
50
 62
4
100
AcDbLine
 10
24.205458
 20
-2.349744
 30
0.0
 11
24.171814
 21
-2.245944
 31
0.0
  0
LINE
  5
152B
330
1F
100
AcDbEntity
  8
1
  6
CONTINUOUS
370
50
 62
4
100
AcDbLine
 10
38.092159
 20
-0.081841
 30
0.0
 11
38.088333
 21
-0.070038
 31
0.0
  0
LINE
  5
152C
330
1F
100
AcDbEntity
  8
1
  6
CONTINUOUS
370
50
 62
4
100
AcDbLine
 10
26.25423
 20
-1.817176
 30
0.0
 11
26.219419
 21
-1.709819
 31
0.0
  0
LINE
  5
152D
330
1F
100
AcDbEntity
  8
1
  6
CONTINUOUS
370
50
 62
4
100
AcDbLine
 10
27.312557
 20
-1.63929
 30
0.0
 11
27.277746
 21
-1.532002
 31
0.0
  0
LINE
  5
152E
330
1F
100
AcDbEntity
  8
1
  6
CONTINUOUS
370
50
 62
4
100
AcDbLine
 10
33.768909
 20
-0.7170559999999999
 30
0.0
 11
33.737808
 21
-0.621367
 31
0.0
  0
LINE
  5
152F
330
1F
100
AcDbEntity
  8
1
  6
CONTINUOUS
370
50
 62
4
100
AcDbLine
 10
25.195904
 20
-1.98427
 30
0.0
 11
25.161093
 21
-1.877436
 31
0.0
  0
LINE
  5
1530
330
1F
100
AcDbEntity
  8
1
  6
CONTINUOUS
370
50
 62
4
100
AcDbLine
 10
38.088333
 20
-0.070038
 30
0.0
 11
38.084496
 21
-0.058271
 31
0.0
  0
LINE
  5
1531
330
1F
100
AcDbEntity
  8
1
  6
CONTINUOUS
370
50
 62
4
100
AcDbLine
 10
28.370886
 20
-1.449903
 30
0.0
 11
28.336077
 21
-1.343293
 31
0.0
  0
LINE
  5
1532
330
1F
100
AcDbEntity
  8
1
  6
CONTINUOUS
370
50
 62
4
100
AcDbLine
 10
24.171814
 20
-2.245944
 30
0.0
 11
24.137577
 21
-2.141112
 31
0.0
  0
LINE
  5
1533
330
1F
100
AcDbEntity
  8
1
  6
CONTINUOUS
370
50
 62
4
100
AcDbLine
 10
30.521832
 20
-1.1424
 30
0.0
 11
30.487595
 21
-1.037726
 31
0.0
  0
LINE
  5
1534
330
1F
100
AcDbEntity
  8
1
  6
CONTINUOUS
370
50
 62
4
100
AcDbLine
 10
38.084496
 20
-0.058271
 30
0.0
 11
38.080647
 21
-0.046542
 31
0.0
  0
LINE
  5
1535
330
1F
100
AcDbEntity
  8
1
  6
CONTINUOUS
370
50
 62
4
100
AcDbLine
 10
23.275492
 20
-2.88222
 30
0.0
 11
23.244362
 21
-2.787408
 31
0.0
  0
LINE
  5
1536
330
1F
100
AcDbEntity
  8
1
  6
CONTINUOUS
370
50
 62
4
100
AcDbLine
 10
37.00396
 20
-0.225469
 30
0.0
 11
36.988804
 21
-0.179322
 31
0.0
  0
LINE
  5
1537
330
1F
100
AcDbEntity
  8
1
  6
CONTINUOUS
370
50
 62
4
100
AcDbLine
 10
23.244362
 20
-2.787408
 30
0.0
 11
23.212582
 21
-2.690726
 31
0.0
  0
LINE
  5
1538
330
1F
100
AcDbEntity
  8
1
  6
CONTINUOUS
370
50
 62
4
100
AcDbLine
 10
35.923817
 20
-0.388194
 30
0.0
 11
35.897324
 21
-0.307627
 31
0.0
  0
LINE
  5
1539
330
1F
100
AcDbEntity
  8
1
  6
CONTINUOUS
370
50
 62
4
100
AcDbLine
 10
26.219419
 20
-1.709819
 30
0.0
 11
26.184124
 21
-1.60256
 31
0.0
  0
LINE
  5
153A
330
1F
100
AcDbEntity
  8
1
  6
CONTINUOUS
370
50
 62
4
100
AcDbLine
 10
34.84404
 20
-0.547306
 30
0.0
 11
34.806198
 21
-0.432358
 31
0.0
  0
LINE
  5
153B
330
1F
100
AcDbEntity
  8
1
  6
CONTINUOUS
370
50
 62
4
100
AcDbLine
 10
24.137577
 20
-2.141112
 30
0.0
 11
24.102766
 21
-2.03539
 31
0.0
  0
LINE
  5
153C
330
1F
100
AcDbEntity
  8
1
  6
CONTINUOUS
370
50
 62
4
100
AcDbLine
 10
23.212582
 20
-2.690726
 30
0.0
 11
23.180166
 21
-2.592309
 31
0.0
  0
LINE
  5
153D
330
1F
100
AcDbEntity
  8
1
  6
CONTINUOUS
370
50
 62
4
100
AcDbLine
 10
25.161093
 20
-1.877436
 30
0.0
 11
25.125797
 21
-1.77039
 31
0.0
  0
LINE
  5
153E
330
1F
100
AcDbEntity
  8
1
  6
CONTINUOUS
370
50
 62
4
100
AcDbLine
 10
38.080647
 20
-0.046542
 30
0.0
 11
38.07679
 21
-0.03485
 31
0.0
  0
LINE
  5
153F
330
1F
100
AcDbEntity
  8
1
  6
CONTINUOUS
370
50
 62
4
100
AcDbLine
 10
32.672134
 20
-0.816496
 30
0.0
 11
32.638489
 21
-0.714568
 31
0.0
  0
LINE
  5
1540
330
1F
100
AcDbEntity
  8
1
  6
CONTINUOUS
370
50
 62
4
100
AcDbLine
 10
27.277746
 20
-1.532002
 30
0.0
 11
27.242453
 21
-1.425125
 31
0.0
  0
LINE
  5
1541
330
1F
100
AcDbEntity
  8
1
  6
CONTINUOUS
370
50
 62
4
100
AcDbLine
 10
23.180166
 20
-2.592309
 30
0.0
 11
23.147131
 21
-2.492289
 31
0.0
  0
LINE
  5
1542
330
1F
100
AcDbEntity
  8
1
  6
CONTINUOUS
370
50
 62
4
100
AcDbLine
 10
29.429195
 20
-1.248194
 30
0.0
 11
29.394388
 21
-1.142905
 31
0.0
  0
LINE
  5
1543
330
1F
100
AcDbEntity
  8
1
  6
CONTINUOUS
370
50
 62
4
100
AcDbLine
 10
23.147131
 20
-2.492289
 30
0.0
 11
23.113487
 21
-2.390801
 31
0.0
  0
LINE
  5
1544
330
1F
100
AcDbEntity
  8
1
  6
CONTINUOUS
370
50
 62
4
100
AcDbLine
 10
38.07679
 20
-0.03485
 30
0.0
 11
38.072922
 21
-0.023195
 31
0.0
  0
LINE
  5
1545
330
1F
100
AcDbEntity
  8
1
  6
CONTINUOUS
370
50
 62
4
100
AcDbLine
 10
24.102766
 20
-2.03539
 30
0.0
 11
24.067469
 21
-1.929146
 31
0.0
  0
LINE
  5
1546
330
1F
100
AcDbEntity
  8
1
  6
CONTINUOUS
370
50
 62
4
100
AcDbLine
 10
31.580162
 20
-0.928842
 30
0.0
 11
31.545925
 21
-0.8260149999999999
 31
0.0
  0
LINE
  5
1547
330
1F
100
AcDbEntity
  8
1
  6
CONTINUOUS
370
50
 62
4
100
AcDbLine
 10
23.113487
 20
-2.390801
 30
0.0
 11
23.07925
 21
-2.28798
 31
0.0
  0
LINE
  5
1548
330
1F
100
AcDbEntity
  8
1
  6
CONTINUOUS
370
50
 62
4
100
AcDbLine
 10
28.336077
 20
-1.343293
 30
0.0
 11
28.300781
 21
-1.237408
 31
0.0
  0
LINE
  5
1549
330
1F
100
AcDbEntity
  8
1
  6
CONTINUOUS
370
50
 62
4
100
AcDbLine
 10
38.072922
 20
-0.023195
 30
0.0
 11
38.069046
 21
-0.011577
 31
0.0
  0
LINE
  5
154A
330
1F
100
AcDbEntity
  8
1
  6
CONTINUOUS
370
50
 62
4
100
AcDbLine
 10
25.125797
 20
-1.77039
 30
0.0
 11
25.09008
 21
-1.663382
 31
0.0
  0
LINE
  5
154B
330
1F
100
AcDbEntity
  8
1
  6
CONTINUOUS
370
50
 62
4
100
AcDbLine
 10
26.184124
 20
-1.60256
 30
0.0
 11
26.148411
 21
-1.495649
 31
0.0
  0
LINE
  5
154C
330
1F
100
AcDbEntity
  8
1
  6
CONTINUOUS
370
50
 62
4
100
AcDbLine
 10
23.07925
 20
-2.28798
 30
0.0
 11
23.044439
 21
-2.183964
 31
0.0
  0
LINE
  5
154D
330
1F
100
AcDbEntity
  8
1
  6
CONTINUOUS
370
50
 62
4
100
AcDbLine
 10
24.067469
 20
-1.929146
 30
0.0
 11
24.031752
 21
-1.822633
 31
0.0
  0
LINE
  5
154E
330
1F
100
AcDbEntity
  8
1
  6
CONTINUOUS
370
50
 62
4
100
AcDbLine
 10
36.988804
 20
-0.179322
 30
0.0
 11
36.973499
 21
-0.133692
 31
0.0
  0
LINE
  5
154F
330
1F
100
AcDbEntity
  8
1
  6
CONTINUOUS
370
50
 62
4
100
AcDbLine
 10
38.069046
 20
-0.011577
 30
0.0
 11
38.065159
 21
0.000003
 31
0.0
  0
LINE
  5
1550
330
1F
100
AcDbEntity
  8
1
  6
CONTINUOUS
370
50
 62
4
100
AcDbLine
 10
30.487595
 20
-1.037726
 30
0.0
 11
30.452782
 21
-0.9340689999999999
 31
0.0
  0
LINE
  5
1551
330
1F
100
AcDbEntity
  8
1
  6
CONTINUOUS
370
50
 62
4
100
AcDbLine
 10
33.737808
 20
-0.621367
 30
0.0
 11
33.706161
 21
-0.527149
 31
0.0
  0
LINE
  5
1552
330
1F
100
AcDbEntity
  8
1
  6
CONTINUOUS
370
50
 62
4
100
AcDbLine
 10
27.242453
 20
-1.425125
 30
0.0
 11
27.206739
 21
-1.318906
 31
0.0
  0
LINE
  5
1553
330
1F
100
AcDbEntity
  8
1
  6
CONTINUOUS
370
50
 62
4
100
AcDbLine
 10
23.044439
 20
-2.183964
 30
0.0
 11
23.00914
 21
-2.079118
 31
0.0
  0
LINE
  5
1554
330
1F
100
AcDbEntity
  8
1
  6
CONTINUOUS
370
50
 62
4
100
AcDbLine
 10
25.09008
 20
-1.663382
 30
0.0
 11
25.05397
 21
-1.556534
 31
0.0
  0
LINE
  5
1555
330
1F
100
AcDbEntity
  8
1
  6
CONTINUOUS
370
50
 62
4
100
AcDbLine
 10
29.394388
 20
-1.142905
 30
0.0
 11
29.359098
 21
-1.038666
 31
0.0
  0
LINE
  5
1556
330
1F
100
AcDbEntity
  8
1
  6
CONTINUOUS
370
50
 62
4
100
AcDbLine
 10
24.031752
 20
-1.822633
 30
0.0
 11
23.99564
 21
-1.715973
 31
0.0
  0
LINE
  5
1557
330
1F
100
AcDbEntity
  8
1
  6
CONTINUOUS
370
50
 62
4
100
AcDbLine
 10
23.00914
 20
-2.079118
 30
0.0
 11
22.973423
 21
-1.973696
 31
0.0
  0
LINE
  5
1558
330
1F
100
AcDbEntity
  8
1
  6
CONTINUOUS
370
50
 62
4
100
AcDbLine
 10
26.148411
 20
-1.495649
 30
0.0
 11
26.112303
 21
-1.389204
 31
0.0
  0
LINE
  5
1559
330
1F
100
AcDbEntity
  8
1
  6
CONTINUOUS
370
50
 62
4
100
AcDbLine
 10
35.897324
 20
-0.307627
 30
0.0
 11
35.870403
 21
-0.228465
 31
0.0
  0
LINE
  5
155A
330
1F
100
AcDbEntity
  8
1
  6
CONTINUOUS
370
50
 62
4
100
AcDbLine
 10
28.300781
 20
-1.237408
 30
0.0
 11
28.26507
 21
-1.132493
 31
0.0
  0
LINE
  5
155B
330
1F
100
AcDbEntity
  8
1
  6
CONTINUOUS
370
50
 62
4
100
AcDbLine
 10
32.638489
 20
-0.714568
 30
0.0
 11
32.604256
 21
-0.614139
 31
0.0
  0
LINE
  5
155C
330
1F
100
AcDbEntity
  8
1
  6
CONTINUOUS
370
50
 62
4
100
AcDbLine
 10
22.973423
 20
-1.973696
 30
0.0
 11
22.937309
 21
-1.867821
 31
0.0
  0
LINE
  5
155D
330
1F
100
AcDbEntity
  8
1
  6
CONTINUOUS
370
50
 62
4
100
AcDbLine
 10
22.121838
 20
-2.720398
 30
0.0
 11
22.088802
 21
-2.623585
 31
0.0
  0
LINE
  5
155E
330
1F
100
AcDbEntity
  8
1
  6
CONTINUOUS
370
50
 62
4
100
AcDbLine
 10
22.088802
 20
-2.623585
 30
0.0
 11
22.055161
 21
-2.525009
 31
0.0
  0
LINE
  5
155F
330
1F
100
AcDbEntity
  8
1
  6
CONTINUOUS
370
50
 62
4
100
AcDbLine
 10
22.154253
 20
-2.815318
 30
0.0
 11
22.121838
 21
-2.720398
 31
0.0
  0
LINE
  5
1560
330
1F
100
AcDbEntity
  8
1
  6
CONTINUOUS
370
50
 62
4
100
AcDbLine
 10
22.055161
 20
-2.525009
 30
0.0
 11
22.020924
 21
-2.424803
 31
0.0
  0
LINE
  5
1561
330
1F
100
AcDbEntity
  8
1
  6
CONTINUOUS
370
50
 62
4
100
AcDbLine
 10
23.99564
 20
-1.715973
 30
0.0
 11
23.959158
 21
-1.609289
 31
0.0
  0
LINE
  5
1562
330
1F
100
AcDbEntity
  8
1
  6
CONTINUOUS
370
50
 62
4
100
AcDbLine
 10
22.186031
 20
-2.908211
 30
0.0
 11
22.154253
 21
-2.815318
 31
0.0
  0
LINE
  5
1563
330
1F
100
AcDbEntity
  8
1
  6
CONTINUOUS
370
50
 62
4
100
AcDbLine
 10
22.020924
 20
-2.424803
 30
0.0
 11
21.986111
 21
-2.323102
 31
0.0
  0
LINE
  5
1564
330
1F
100
AcDbEntity
  8
1
  6
CONTINUOUS
370
50
 62
4
100
AcDbLine
 10
25.05397
 20
-1.556534
 30
0.0
 11
25.01749
 21
-1.449966
 31
0.0
  0
LINE
  5
1565
330
1F
100
AcDbEntity
  8
1
  6
CONTINUOUS
370
50
 62
4
100
AcDbLine
 10
27.206739
 20
-1.318906
 30
0.0
 11
27.170633
 21
-1.213459
 31
0.0
  0
LINE
  5
1566
330
1F
100
AcDbEntity
  8
1
  6
CONTINUOUS
370
50
 62
4
100
AcDbLine
 10
36.973499
 20
-0.133692
 30
0.0
 11
36.95805
 21
-0.088587
 31
0.0
  0
LINE
  5
1567
330
1F
100
AcDbEntity
  8
1
  6
CONTINUOUS
370
50
 62
4
100
AcDbLine
 10
31.545925
 20
-0.8260149999999999
 30
0.0
 11
31.511112
 21
-0.724513
 31
0.0
  0
LINE
  5
1568
330
1F
100
AcDbEntity
  8
1
  6
CONTINUOUS
370
50
 62
4
100
AcDbLine
 10
22.217159
 20
-2.998947
 30
0.0
 11
22.186031
 21
-2.908211
 31
0.0
  0
LINE
  5
1569
330
1F
100
AcDbEntity
  8
1
  6
CONTINUOUS
370
50
 62
4
100
AcDbLine
 10
21.986111
 20
-2.323102
 30
0.0
 11
21.950811
 21
-2.220267
 31
0.0
  0
LINE
  5
156A
330
1F
100
AcDbEntity
  8
1
  6
CONTINUOUS
370
50
 62
4
100
AcDbLine
 10
22.937309
 20
-1.867821
 30
0.0
 11
22.900824
 21
-1.761618
 31
0.0
  0
LINE
  5
156B
330
1F
100
AcDbEntity
  8
1
  6
CONTINUOUS
370
50
 62
4
100
AcDbLine
 10
34.806198
 20
-0.432358
 30
0.0
 11
34.767536
 21
-0.319957
 31
0.0
  0
LINE
  5
156C
330
1F
100
AcDbEntity
  8
1
  6
CONTINUOUS
370
50
 62
4
100
AcDbLine
 10
38.065159
 20
0.000003
 30
0.0
 11
38.03598
 21
0.084802
 31
0.0
  0
LINE
  5
156D
330
1F
100
AcDbEntity
  8
1
  6
CONTINUOUS
370
50
 62
4
100
AcDbLine
 10
21.950811
 20
-2.220267
 30
0.0
 11
21.915092
 21
-2.116549
 31
0.0
  0
LINE
  5
156E
330
1F
100
AcDbEntity
  8
1
  6
CONTINUOUS
370
50
 62
4
100
AcDbLine
 10
26.112303
 20
-1.389204
 30
0.0
 11
26.075825
 21
-1.283341
 31
0.0
  0
LINE
  5
156F
330
1F
100
AcDbEntity
  8
1
  6
CONTINUOUS
370
50
 62
4
100
AcDbLine
 10
30.452782
 20
-0.9340689999999999
 30
0.0
 11
30.41748
 21
-0.83178
 31
0.0
  0
LINE
  5
1570
330
1F
100
AcDbEntity
  8
1
  6
CONTINUOUS
370
50
 62
4
100
AcDbLine
 10
21.915092
 20
-2.116549
 30
0.0
 11
21.878977
 21
-2.012073
 31
0.0
  0
LINE
  5
1571
330
1F
100
AcDbEntity
  8
1
  6
CONTINUOUS
370
50
 62
4
100
AcDbLine
 10
39.15049399999999
 20
0.159673
 30
0.0
 11
39.119343
 21
0.249559
 31
0.0
  0
LINE
  5
1572
330
1F
100
AcDbEntity
  8
1
  6
CONTINUOUS
370
50
 62
4
100
AcDbLine
 10
29.359098
 20
-1.038666
 30
0.0
 11
29.323391
 21
-0.935707
 31
0.0
  0
LINE
  5
1573
330
1F
100
AcDbEntity
  8
1
  6
CONTINUOUS
370
50
 62
4
100
AcDbLine
 10
21.878977
 20
-2.012073
 30
0.0
 11
21.842491
 21
-1.906963
 31
0.0
  0
LINE
  5
1574
330
1F
100
AcDbEntity
  8
1
  6
CONTINUOUS
370
50
 62
4
100
AcDbLine
 10
33.706161
 20
-0.527149
 30
0.0
 11
33.673985
 21
-0.434499
 31
0.0
  0
LINE
  5
1575
330
1F
100
AcDbEntity
  8
1
  6
CONTINUOUS
370
50
 62
4
100
AcDbLine
 10
28.26507
 20
-1.132493
 30
0.0
 11
28.228964
 21
-1.028655
 31
0.0
  0
LINE
  5
1576
330
1F
100
AcDbEntity
  8
1
  6
CONTINUOUS
370
50
 62
4
100
AcDbLine
 10
27.170633
 20
-1.213459
 30
0.0
 11
27.134157
 21
-1.108895
 31
0.0
  0
LINE
  5
1577
330
1F
100
AcDbEntity
  8
1
  6
CONTINUOUS
370
50
 62
4
100
AcDbLine
 10
36.95805
 20
-0.088587
 30
0.0
 11
36.942455
 21
-0.044019
 31
0.0
  0
LINE
  5
1578
330
1F
100
AcDbEntity
  8
1
  6
CONTINUOUS
370
50
 62
4
100
AcDbLine
 10
35.870403
 20
-0.228465
 30
0.0
 11
35.843067
 21
-0.150768
 31
0.0
  0
LINE
  5
1579
330
1F
100
AcDbEntity
  8
1
  6
CONTINUOUS
370
50
 62
4
100
AcDbLine
 10
20.927771
 20
-2.452315
 30
0.0
 11
20.892469
 21
-2.352124
 31
0.0
  0
LINE
  5
157A
330
1F
100
AcDbEntity
  8
1
  6
CONTINUOUS
370
50
 62
4
100
AcDbLine
 10
20.892469
 20
-2.352124
 30
0.0
 11
20.85675
 21
-2.250751
 31
0.0
  0
LINE
  5
157B
330
1F
100
AcDbEntity
  8
1
  6
CONTINUOUS
370
50
 62
4
100
AcDbLine
 10
32.604256
 20
-0.614139
 30
0.0
 11
32.569439
 21
-0.5153329999999999
 31
0.0
  0
LINE
  5
157C
330
1F
100
AcDbEntity
  8
1
  6
CONTINUOUS
370
50
 62
4
100
AcDbLine
 10
20.962585
 20
-2.551072
 30
0.0
 11
20.927771
 21
-2.452315
 31
0.0
  0
LINE
  5
157D
330
1F
100
AcDbEntity
  8
1
  6
CONTINUOUS
370
50
 62
4
100
AcDbLine
 10
20.85675
 20
-2.250751
 30
0.0
 11
20.820635
 21
-2.14832
 31
0.0
  0
LINE
  5
157E
330
1F
100
AcDbEntity
  8
1
  6
CONTINUOUS
370
50
 62
4
100
AcDbLine
 10
20.820635
 20
-2.14832
 30
0.0
 11
20.784153
 21
-2.044957
 31
0.0
  0
LINE
  5
157F
330
1F
100
AcDbEntity
  8
1
  6
CONTINUOUS
370
50
 62
4
100
AcDbLine
 10
20.996824
 20
-2.648041
 30
0.0
 11
20.962585
 21
-2.551072
 31
0.0
  0
LINE
  5
1580
330
1F
100
AcDbEntity
  8
1
  6
CONTINUOUS
370
50
 62
4
100
AcDbLine
 10
31.511112
 20
-0.724513
 30
0.0
 11
31.475813
 21
-0.6246809999999999
 31
0.0
  0
LINE
  5
1581
330
1F
100
AcDbEntity
  8
1
  6
CONTINUOUS
370
50
 62
4
100
AcDbLine
 10
21.030468
 20
-2.74309
 30
0.0
 11
20.996824
 21
-2.648041
 31
0.0
  0
LINE
  5
1582
330
1F
100
AcDbEntity
  8
1
  6
CONTINUOUS
370
50
 62
4
100
AcDbLine
 10
30.41748
 20
-0.83178
 30
0.0
 11
30.381762
 21
-0.731082
 31
0.0
  0
LINE
  5
1583
330
1F
100
AcDbEntity
  8
1
  6
CONTINUOUS
370
50
 62
4
100
AcDbLine
 10
21.063503
 20
-2.83609
 30
0.0
 11
21.030468
 21
-2.74309
 31
0.0
  0
LINE
  5
1584
330
1F
100
AcDbEntity
  8
1
  6
CONTINUOUS
370
50
 62
4
100
AcDbLine
 10
28.228964
 20
-1.028655
 30
0.0
 11
28.192492
 21
-0.926001
 31
0.0
  0
LINE
  5
1585
330
1F
100
AcDbEntity
  8
1
  6
CONTINUOUS
370
50
 62
4
100
AcDbLine
 10
29.323391
 20
-0.935707
 30
0.0
 11
29.287291
 21
-0.834129
 31
0.0
  0
LINE
  5
1586
330
1F
100
AcDbEntity
  8
1
  6
CONTINUOUS
370
50
 62
4
100
AcDbLine
 10
21.095919
 20
-2.926912
 30
0.0
 11
21.063503
 21
-2.83609
 31
0.0
  0
LINE
  5
1587
330
1F
100
AcDbEntity
  8
1
  6
CONTINUOUS
370
50
 62
4
100
AcDbLine
 10
36.942455
 20
-0.044019
 30
0.0
 11
36.926716
 21
0.000001
 31
0.0
  0
LINE
  5
1588
330
1F
100
AcDbEntity
  8
1
  6
CONTINUOUS
370
50
 62
4
100
AcDbLine
 10
21.127697
 20
-3.015426
 30
0.0
 11
21.095919
 21
-2.926912
 31
0.0
  0
LINE
  5
1589
330
1F
100
AcDbEntity
  8
1
  6
CONTINUOUS
370
50
 62
4
100
AcDbLine
 10
33.673985
 20
-0.434499
 30
0.0
 11
33.641285
 21
-0.343514
 31
0.0
  0
LINE
  5
158A
330
1F
100
AcDbEntity
  8
1
  6
CONTINUOUS
370
50
 62
4
100
AcDbLine
 10
38.03598
 20
0.084802
 30
0.0
 11
38.00626
 21
0.167448
 31
0.0
  0
LINE
  5
158B
330
1F
100
AcDbEntity
  8
1
  6
CONTINUOUS
370
50
 62
4
100
AcDbLine
 10
34.767536
 20
-0.319957
 30
0.0
 11
34.728073
 21
-0.210275
 31
0.0
  0
LINE
  5
158C
330
1F
100
AcDbEntity
  8
1
  6
CONTINUOUS
370
50
 62
4
100
AcDbLine
 10
19.762297
 20
-2.273053
 30
0.0
 11
19.725824
 21
-2.171832
 31
0.0
  0
LINE
  5
158D
330
1F
100
AcDbEntity
  8
1
  6
CONTINUOUS
370
50
 62
4
100
AcDbLine
 10
19.798403
 20
-2.373027
 30
0.0
 11
19.762297
 21
-2.273053
 31
0.0
  0
LINE
  5
158E
330
1F
100
AcDbEntity
  8
1
  6
CONTINUOUS
370
50
 62
4
100
AcDbLine
 10
21.158825
 20
-3.101506
 30
0.0
 11
21.127697
 21
-3.015426
 31
0.0
  0
LINE
  5
158F
330
1F
100
AcDbEntity
  8
1
  6
CONTINUOUS
370
50
 62
4
100
AcDbLine
 10
19.834114
 20
-2.471628
 30
0.0
 11
19.798403
 21
-2.373027
 31
0.0
  0
LINE
  5
1590
330
1F
100
AcDbEntity
  8
1
  6
CONTINUOUS
370
50
 62
4
100
AcDbLine
 10
19.869408
 20
-2.568731
 30
0.0
 11
19.834114
 21
-2.471628
 31
0.0
  0
LINE
  5
1591
330
1F
100
AcDbEntity
  8
1
  6
CONTINUOUS
370
50
 62
4
100
AcDbLine
 10
35.843067
 20
-0.150768
 30
0.0
 11
35.815319
 21
-0.074594
 31
0.0
  0
LINE
  5
1592
330
1F
100
AcDbEntity
  8
1
  6
CONTINUOUS
370
50
 62
4
100
AcDbLine
 10
29.287291
 20
-0.834129
 30
0.0
 11
29.250824
 21
-0.7340329999999999
 31
0.0
  0
LINE
  5
1593
330
1F
100
AcDbEntity
  8
1
  6
CONTINUOUS
370
50
 62
4
100
AcDbLine
 10
32.569439
 20
-0.5153329999999999
 30
0.0
 11
32.534142
 21
-0.418483
 31
0.0
  0
LINE
  5
1594
330
1F
100
AcDbEntity
  8
1
  6
CONTINUOUS
370
50
 62
4
100
AcDbLine
 10
31.475813
 20
-0.6246809999999999
 30
0.0
 11
31.440094
 21
-0.526732
 31
0.0
  0
LINE
  5
1595
330
1F
100
AcDbEntity
  8
1
  6
CONTINUOUS
370
50
 62
4
100
AcDbLine
 10
39.119343
 20
0.249559
 30
0.0
 11
39.087551
 21
0.336716
 31
0.0
  0
LINE
  5
1596
330
1F
100
AcDbEntity
  8
1
  6
CONTINUOUS
370
50
 62
4
100
AcDbLine
 10
30.381762
 20
-0.731082
 30
0.0
 11
30.345644
 21
-0.632072
 31
0.0
  0
LINE
  5
1597
330
1F
100
AcDbEntity
  8
1
  6
CONTINUOUS
370
50
 62
4
100
AcDbLine
 10
19.904217
 20
-2.664088
 30
0.0
 11
19.869408
 21
-2.568731
 31
0.0
  0
LINE
  5
1598
330
1F
100
AcDbEntity
  8
1
  6
CONTINUOUS
370
50
 62
4
100
AcDbLine
 10
40.208824
 20
0.408913
 30
0.0
 11
40.177677
 21
0.493842
 31
0.0
  0
LINE
  5
1599
330
1F
100
AcDbEntity
  8
1
  6
CONTINUOUS
370
50
 62
4
100
AcDbLine
 10
19.938452
 20
-2.757367
 30
0.0
 11
19.904217
 21
-2.664088
 31
0.0
  0
LINE
  5
159A
330
1F
100
AcDbEntity
  8
1
  6
CONTINUOUS
370
50
 62
4
100
AcDbLine
 10
19.972097
 20
-2.848437
 30
0.0
 11
19.938452
 21
-2.757367
 31
0.0
  0
LINE
  5
159B
330
1F
100
AcDbEntity
  8
1
  6
CONTINUOUS
370
50
 62
4
100
AcDbLine
 10
18.703932
 20
-2.382526
 30
0.0
 11
18.667484
 21
-2.283995
 31
0.0
  0
LINE
  5
159C
330
1F
100
AcDbEntity
  8
1
  6
CONTINUOUS
370
50
 62
4
100
AcDbLine
 10
36.926716
 20
0.000001
 30
0.0
 11
36.890377
 21
0.098075
 31
0.0
  0
LINE
  5
159D
330
1F
100
AcDbEntity
  8
1
  6
CONTINUOUS
370
50
 62
4
100
AcDbLine
 10
18.740009
 20
-2.479499
 30
0.0
 11
18.703932
 21
-2.382526
 31
0.0
  0
LINE
  5
159E
330
1F
100
AcDbEntity
  8
1
  6
CONTINUOUS
370
50
 62
4
100
AcDbLine
 10
33.641285
 20
-0.343514
 30
0.0
 11
33.608109
 21
-0.254379
 31
0.0
  0
LINE
  5
159F
330
1F
100
AcDbEntity
  8
1
  6
CONTINUOUS
370
50
 62
4
100
AcDbLine
 10
20.00514
 20
-2.937173
 30
0.0
 11
19.972097
 21
-2.848437
 31
0.0
  0
LINE
  5
15A0
330
1F
100
AcDbEntity
  8
1
  6
CONTINUOUS
370
50
 62
4
100
AcDbLine
 10
18.77569
 20
-2.574789
 30
0.0
 11
18.740009
 21
-2.479499
 31
0.0
  0
LINE
  5
15A1
330
1F
100
AcDbEntity
  8
1
  6
CONTINUOUS
370
50
 62
4
100
AcDbLine
 10
30.345644
 20
-0.632072
 30
0.0
 11
30.309158
 21
-0.5348459999999999
 31
0.0
  0
LINE
  5
15A2
330
1F
100
AcDbEntity
  8
1
  6
CONTINUOUS
370
50
 62
4
100
AcDbLine
 10
20.037561
 20
-3.023449
 30
0.0
 11
20.00514
 21
-2.937173
 31
0.0
  0
LINE
  5
15A3
330
1F
100
AcDbEntity
  8
1
  6
CONTINUOUS
370
50
 62
4
100
AcDbLine
 10
38.00626
 20
0.167448
 30
0.0
 11
37.976013
 21
0.247868
 31
0.0
  0
LINE
  5
15A4
330
1F
100
AcDbEntity
  8
1
  6
CONTINUOUS
370
50
 62
4
100
AcDbLine
 10
31.440094
 20
-0.526732
 30
0.0
 11
31.403976
 21
-0.430758
 31
0.0
  0
LINE
  5
15A5
330
1F
100
AcDbEntity
  8
1
  6
CONTINUOUS
370
50
 62
4
100
AcDbLine
 10
34.728073
 20
-0.210275
 30
0.0
 11
34.687832
 21
-0.103486
 31
0.0
  0
LINE
  5
15A6
330
1F
100
AcDbEntity
  8
1
  6
CONTINUOUS
370
50
 62
4
100
AcDbLine
 10
18.810951
 20
-2.66827
 30
0.0
 11
18.77569
 21
-2.574789
 31
0.0
  0
LINE
  5
15A7
330
1F
100
AcDbEntity
  8
1
  6
CONTINUOUS
370
50
 62
4
100
AcDbLine
 10
32.534142
 20
-0.418483
 30
0.0
 11
32.498425
 21
-0.323794
 31
0.0
  0
LINE
  5
15A8
330
1F
100
AcDbEntity
  8
1
  6
CONTINUOUS
370
50
 62
4
100
AcDbLine
 10
35.815319
 20
-0.074594
 30
0.0
 11
35.78717
 21
0.0
 31
0.0
  0
LINE
  5
15A9
330
1F
100
AcDbEntity
  8
1
  6
CONTINUOUS
370
50
 62
4
100
AcDbLine
 10
20.069351
 20
-3.107141
 30
0.0
 11
20.037561
 21
-3.023449
 31
0.0
  0
LINE
  5
15AA
330
1F
100
AcDbEntity
  8
1
  6
CONTINUOUS
370
50
 62
4
100
AcDbLine
 10
18.845764
 20
-2.759812
 30
0.0
 11
18.810951
 21
-2.66827
 31
0.0
  0
LINE
  5
15AB
330
1F
100
AcDbEntity
  8
1
  6
CONTINUOUS
370
50
 62
4
100
AcDbLine
 10
18.880032
 20
-2.849075
 30
0.0
 11
18.845764
 21
-2.759812
 31
0.0
  0
LINE
  5
15AC
330
1F
100
AcDbEntity
  8
1
  6
CONTINUOUS
370
50
 62
4
100
AcDbLine
 10
39.087551
 20
0.336716
 30
0.0
 11
39.055126
 21
0.421062
 31
0.0
  0
LINE
  5
15AD
330
1F
100
AcDbEntity
  8
1
  6
CONTINUOUS
370
50
 62
4
100
AcDbLine
 10
20.100492
 20
-3.188122
 30
0.0
 11
20.069351
 21
-3.107141
 31
0.0
  0
LINE
  5
15AE
330
1F
100
AcDbEntity
  8
1
  6
CONTINUOUS
370
50
 62
4
100
AcDbLine
 10
33.608109
 20
-0.254379
 30
0.0
 11
33.574547
 21
-0.167368
 31
0.0
  0
LINE
  5
15AF
330
1F
100
AcDbEntity
  8
1
  6
CONTINUOUS
370
50
 62
4
100
AcDbLine
 10
40.177677
 20
0.493842
 30
0.0
 11
40.145878
 21
0.575789
 31
0.0
  0
LINE
  5
15B0
330
1F
100
AcDbEntity
  8
1
  6
CONTINUOUS
370
50
 62
4
100
AcDbLine
 10
18.913704
 20
-2.93584
 30
0.0
 11
18.880032
 21
-2.849075
 31
0.0
  0
LINE
  5
15B1
330
1F
100
AcDbEntity
  8
1
  6
CONTINUOUS
370
50
 62
4
100
AcDbLine
 10
31.403976
 20
-0.430758
 30
0.0
 11
31.367491
 21
-0.336848
 31
0.0
  0
LINE
  5
15B2
330
1F
100
AcDbEntity
  8
1
  6
CONTINUOUS
370
50
 62
4
100
AcDbLine
 10
36.890377
 20
0.098075
 30
0.0
 11
36.853329
 21
0.193128
 31
0.0
  0
LINE
  5
15B3
330
1F
100
AcDbEntity
  8
1
  6
CONTINUOUS
370
50
 62
4
100
AcDbLine
 10
35.78717
 20
0.0
 30
0.0
 11
35.761311
 21
0.066205
 31
0.0
  0
LINE
  5
15B4
330
1F
100
AcDbEntity
  8
1
  6
CONTINUOUS
370
50
 62
4
100
AcDbLine
 10
32.498425
 20
-0.323794
 30
0.0
 11
32.462311
 21
-0.23135
 31
0.0
  0
LINE
  5
15B5
330
1F
100
AcDbEntity
  8
1
  6
CONTINUOUS
370
50
 62
4
100
AcDbLine
 10
39.870621
 20
-2.529629
 30
0.0
 11
39.834156
 21
-2.436555
 31
0.0
  0
LINE
  5
15B6
330
1F
100
AcDbEntity
  8
1
  6
CONTINUOUS
370
50
 62
4
100
AcDbLine
 10
18.946768
 20
-3.019985
 30
0.0
 11
18.913704
 21
-2.93584
 31
0.0
  0
LINE
  5
15B7
330
1F
100
AcDbEntity
  8
1
  6
CONTINUOUS
370
50
 62
4
100
AcDbLine
 10
37.976013
 20
0.247868
 30
0.0
 11
37.945251
 21
0.325992
 31
0.0
  0
LINE
  5
15B8
330
1F
100
AcDbEntity
  8
1
  6
CONTINUOUS
370
50
 62
4
100
AcDbLine
 10
34.687832
 20
-0.103486
 30
0.0
 11
34.646931
 21
0.0
 31
0.0
  0
LINE
  5
15B9
330
1F
100
AcDbEntity
  8
1
  6
CONTINUOUS
370
50
 62
4
100
AcDbLine
 10
39.906719
 20
-2.620726
 30
0.0
 11
39.870621
 21
-2.529629
 31
0.0
  0
LINE
  5
15BA
330
1F
100
AcDbEntity
  8
1
  6
CONTINUOUS
370
50
 62
4
100
AcDbLine
 10
18.979208
 20
-3.101389
 30
0.0
 11
18.946768
 21
-3.019985
 31
0.0
  0
LINE
  5
15BB
330
1F
100
AcDbEntity
  8
1
  6
CONTINUOUS
370
50
 62
4
100
AcDbLine
 10
33.574547
 20
-0.167368
 30
0.0
 11
33.540619
 21
-0.082554
 31
0.0
  0
LINE
  5
15BC
330
1F
100
AcDbEntity
  8
1
  6
CONTINUOUS
370
50
 62
4
100
AcDbLine
 10
39.942429
 20
-2.709722
 30
0.0
 11
39.906719
 21
-2.620726
 31
0.0
  0
LINE
  5
15BD
330
1F
100
AcDbEntity
  8
1
  6
CONTINUOUS
370
50
 62
4
100
AcDbLine
 10
35.761311
 20
0.066205
 30
0.0
 11
35.735146
 21
0.130993
 31
0.0
  0
LINE
  5
15BE
330
1F
100
AcDbEntity
  8
1
  6
CONTINUOUS
370
50
 62
4
100
AcDbLine
 10
19.04216
 20
0.7901539999999999
 30
0.0
 11
19.011011
 21
0.867207
 31
0.0
  0
LINE
  5
15BF
330
1F
100
AcDbEntity
  8
1
  6
CONTINUOUS
370
50
 62
4
100
AcDbLine
 10
32.462311
 20
-0.23135
 30
0.0
 11
32.425823
 21
-0.141236
 31
0.0
  0
LINE
  5
15C0
330
1F
100
AcDbEntity
  8
1
  6
CONTINUOUS
370
50
 62
4
100
AcDbLine
 10
19.011011
 20
-3.179931
 30
0.0
 11
18.979208
 21
-3.101389
 31
0.0
  0
LINE
  5
15C1
330
1F
100
AcDbEntity
  8
1
  6
CONTINUOUS
370
50
 62
4
100
AcDbLine
 10
39.055126
 20
0.421062
 30
0.0
 11
39.022079
 21
0.5025149999999999
 31
0.0
  0
LINE
  5
15C2
330
1F
100
AcDbEntity
  8
1
  6
CONTINUOUS
370
50
 62
4
100
AcDbLine
 10
39.977718
 20
-2.796497
 30
0.0
 11
39.942429
 21
-2.709722
 31
0.0
  0
LINE
  5
15C3
330
1F
100
AcDbEntity
  8
1
  6
CONTINUOUS
370
50
 62
4
100
AcDbLine
 10
34.646931
 20
0.0
 30
0.0
 11
34.63221
 21
0.036033
 31
0.0
  0
LINE
  5
15C4
330
1F
100
AcDbEntity
  8
1
  6
CONTINUOUS
370
50
 62
4
100
AcDbLine
 10
38.812294
 20
-2.604923
 30
0.0
 11
38.775826
 21
-2.515785
 31
0.0
  0
LINE
  5
15C5
330
1F
100
AcDbEntity
  8
1
  6
CONTINUOUS
370
50
 62
4
100
AcDbLine
 10
36.853329
 20
0.193128
 30
0.0
 11
36.815582
 21
0.285035
 31
0.0
  0
LINE
  5
15C6
330
1F
100
AcDbEntity
  8
1
  6
CONTINUOUS
370
50
 62
4
100
AcDbLine
 10
40.145878
 20
0.575789
 30
0.0
 11
40.113453
 21
0.654682
 31
0.0
  0
LINE
  5
15C7
330
1F
100
AcDbEntity
  8
1
  6
CONTINUOUS
370
50
 62
4
100
AcDbLine
 10
19.04216
 20
-3.255488
 30
0.0
 11
19.011011
 21
-3.179931
 31
0.0
  0
LINE
  5
15C8
330
1F
100
AcDbEntity
  8
1
  6
CONTINUOUS
370
50
 62
4
100
AcDbLine
 10
37.945251
 20
0.325992
 30
0.0
 11
37.913982
 21
0.40175
 31
0.0
  0
LINE
  5
15C9
330
1F
100
AcDbEntity
  8
1
  6
CONTINUOUS
370
50
 62
4
100
AcDbLine
 10
40.012524
 20
-2.880816
 30
0.0
 11
39.977718
 21
-2.796497
 31
0.0
  0
LINE
  5
15CA
330
1F
100
AcDbEntity
  8
1
  6
CONTINUOUS
370
50
 62
4
100
AcDbLine
 10
33.540619
 20
-0.082554
 30
0.0
 11
33.506351
 21
-0.000003
 31
0.0
  0
LINE
  5
15CB
330
1F
100
AcDbEntity
  8
1
  6
CONTINUOUS
370
50
 62
4
100
AcDbLine
 10
38.848392
 20
-2.6918
 30
0.0
 11
38.812294
 21
-2.604923
 31
0.0
  0
LINE
  5
15CC
330
1F
100
AcDbEntity
  8
1
  6
CONTINUOUS
370
50
 62
4
100
AcDbLine
 10
34.63221
 20
0.036033
 30
0.0
 11
34.61742
 21
0.071604
 31
0.0
  0
LINE
  5
15CD
330
1F
100
AcDbEntity
  8
1
  6
CONTINUOUS
370
50
 62
4
100
AcDbLine
 10
35.735146
 20
0.130993
 30
0.0
 11
35.708729
 21
0.194203
 31
0.0
  0
LINE
  5
15CE
330
1F
100
AcDbEntity
  8
1
  6
CONTINUOUS
370
50
 62
4
100
AcDbLine
 10
40.046761
 20
-2.962385
 30
0.0
 11
40.012524
 21
-2.880816
 31
0.0
  0
LINE
  5
15CF
330
1F
100
AcDbEntity
  8
1
  6
CONTINUOUS
370
50
 62
4
100
AcDbLine
 10
38.884102
 20
-2.776296
 30
0.0
 11
38.848392
 21
-2.6918
 31
0.0
  0
LINE
  5
15D0
330
1F
100
AcDbEntity
  8
1
  6
CONTINUOUS
370
50
 62
4
100
AcDbLine
 10
34.61742
 20
0.071604
 30
0.0
 11
34.602562
 21
0.106709
 31
0.0
  0
LINE
  5
15D1
330
1F
100
AcDbEntity
  8
1
  6
CONTINUOUS
370
50
 62
4
100
AcDbLine
 10
33.506351
 20
-0.000003
 30
0.0
 11
33.503189
 21
0.007459
 31
0.0
  0
LINE
  5
15D2
330
1F
100
AcDbEntity
  8
1
  6
CONTINUOUS
370
50
 62
4
100
AcDbLine
 10
33.503189
 20
0.007459
 30
0.0
 11
33.500023
 21
0.014901
 31
0.0
  0
LINE
  5
15D3
330
1F
100
AcDbEntity
  8
1
  6
CONTINUOUS
370
50
 62
4
100
AcDbLine
 10
33.500023
 20
0.014901
 30
0.0
 11
33.496857
 21
0.022324
 31
0.0
  0
LINE
  5
15D4
330
1F
100
AcDbEntity
  8
1
  6
CONTINUOUS
370
50
 62
4
100
AcDbLine
 10
12.62668
 20
-1.147158
 30
0.0
 11
12.608469
 21
-1.104531
 31
0.0
  0
LINE
  5
15D5
330
1F
100
AcDbEntity
  8
1
  6
CONTINUOUS
370
50
 62
4
100
AcDbLine
 10
40.080406
 20
-3.041088
 30
0.0
 11
40.046761
 21
-2.962385
 31
0.0
  0
LINE
  5
15D6
330
1F
100
AcDbEntity
  8
1
  6
CONTINUOUS
370
50
 62
4
100
AcDbLine
 10
39.022079
 20
0.5025149999999999
 30
0.0
 11
38.988434
 21
0.580993
 31
0.0
  0
LINE
  5
15D7
330
1F
100
AcDbEntity
  8
1
  6
CONTINUOUS
370
50
 62
4
100
AcDbLine
 10
33.496857
 20
0.022324
 30
0.0
 11
33.493683
 21
0.029727
 31
0.0
  0
LINE
  5
15D8
330
1F
100
AcDbEntity
  8
1
  6
CONTINUOUS
370
50
 62
4
100
AcDbLine
 10
33.493683
 20
0.029727
 30
0.0
 11
33.490513
 21
0.03711
 31
0.0
  0
LINE
  5
15D9
330
1F
100
AcDbEntity
  8
1
  6
CONTINUOUS
370
50
 62
4
100
AcDbLine
 10
37.754387
 20
-2.665398
 30
0.0
 11
37.717491
 21
-2.579631
 31
0.0
  0
LINE
  5
15DA
330
1F
100
AcDbEntity
  8
1
  6
CONTINUOUS
370
50
 62
4
100
AcDbLine
 10
38.919395
 20
-2.858289
 30
0.0
 11
38.884102
 21
-2.776296
 31
0.0
  0
LINE
  5
15DB
330
1F
100
AcDbEntity
  8
1
  6
CONTINUOUS
370
50
 62
4
100
AcDbLine
 10
34.602562
 20
0.106709
 30
0.0
 11
34.587639
 21
0.141343
 31
0.0
  0
LINE
  5
15DC
330
1F
100
AcDbEntity
  8
1
  6
CONTINUOUS
370
50
 62
4
100
AcDbLine
 10
19.011011
 20
0.867207
 30
0.0
 11
18.979208
 21
0.9409139999999999
 31
0.0
  0
LINE
  5
15DD
330
1F
100
AcDbEntity
  8
1
  6
CONTINUOUS
370
50
 62
4
100
AcDbLine
 10
33.490513
 20
0.03711
 30
0.0
 11
33.487335
 21
0.044473
 31
0.0
  0
LINE
  5
15DE
330
1F
100
AcDbEntity
  8
1
  6
CONTINUOUS
370
50
 62
4
100
AcDbLine
 10
33.487335
 20
0.044473
 30
0.0
 11
33.484158
 21
0.051816
 31
0.0
  0
LINE
  5
15DF
330
1F
100
AcDbEntity
  8
1
  6
CONTINUOUS
370
50
 62
4
100
AcDbLine
 10
35.708729
 20
0.194203
 30
0.0
 11
35.682079
 21
0.255795
 31
0.0
  0
LINE
  5
15E0
330
1F
100
AcDbEntity
  8
1
  6
CONTINUOUS
370
50
 62
4
100
AcDbLine
 10
37.913982
 20
0.40175
 30
0.0
 11
37.882217
 21
0.475071
 31
0.0
  0
LINE
  5
15E1
330
1F
100
AcDbEntity
  8
1
  6
CONTINUOUS
370
50
 62
4
100
AcDbLine
 10
36.815582
 20
0.285035
 30
0.0
 11
36.777206
 21
0.373563
 31
0.0
  0
LINE
  5
15E2
330
1F
100
AcDbEntity
  8
1
  6
CONTINUOUS
370
50
 62
4
100
AcDbLine
 10
40.113453
 20
0.654682
 30
0.0
 11
40.080406
 21
0.730448
 31
0.0
  0
LINE
  5
15E3
330
1F
100
AcDbEntity
  8
1
  6
CONTINUOUS
370
50
 62
4
100
AcDbLine
 10
40.113453
 20
-3.11681
 30
0.0
 11
40.080406
 21
-3.041088
 31
0.0
  0
LINE
  5
15E4
330
1F
100
AcDbEntity
  8
1
  6
CONTINUOUS
370
50
 62
4
100
AcDbLine
 10
20.100492
 20
1.028807
 30
0.0
 11
20.069351
 21
1.099919
 31
0.0
  0
LINE
  5
15E5
330
1F
100
AcDbEntity
  8
1
  6
CONTINUOUS
370
50
 62
4
100
AcDbLine
 10
34.587639
 20
0.141343
 30
0.0
 11
34.572651
 21
0.175499
 31
0.0
  0
LINE
  5
15E6
330
1F
100
AcDbEntity
  8
1
  6
CONTINUOUS
370
50
 62
4
100
AcDbLine
 10
37.790909
 20
-2.748583
 30
0.0
 11
37.754387
 21
-2.665398
 31
0.0
  0
LINE
  5
15E7
330
1F
100
AcDbEntity
  8
1
  6
CONTINUOUS
370
50
 62
4
100
AcDbLine
 10
38.954201
 20
-2.937557
 30
0.0
 11
38.919395
 21
-2.858289
 31
0.0
  0
LINE
  5
15E8
330
1F
100
AcDbEntity
  8
1
  6
CONTINUOUS
370
50
 62
4
100
AcDbLine
 10
40.145878
 20
-3.189439
 30
0.0
 11
40.113453
 21
-3.11681
 31
0.0
  0
LINE
  5
15E9
330
1F
100
AcDbEntity
  8
1
  6
CONTINUOUS
370
50
 62
4
100
AcDbLine
 10
34.572651
 20
0.175499
 30
0.0
 11
34.557602
 21
0.209174
 31
0.0
  0
LINE
  5
15EA
330
1F
100
AcDbEntity
  8
1
  6
CONTINUOUS
370
50
 62
4
100
AcDbLine
 10
35.682079
 20
0.255795
 30
0.0
 11
35.655205
 21
0.31574
 31
0.0
  0
LINE
  5
15EB
330
1F
100
AcDbEntity
  8
1
  6
CONTINUOUS
370
50
 62
4
100
AcDbLine
 10
37.827026
 20
-2.829064
 30
0.0
 11
37.790909
 21
-2.748583
 31
0.0
  0
LINE
  5
15EC
330
1F
100
AcDbEntity
  8
1
  6
CONTINUOUS
370
50
 62
4
100
AcDbLine
 10
38.988434
 20
-3.013818
 30
0.0
 11
38.954201
 21
-2.937557
 31
0.0
  0
LINE
  5
15ED
330
1F
100
AcDbEntity
  8
1
  6
CONTINUOUS
370
50
 62
4
100
AcDbLine
 10
38.988434
 20
0.580993
 30
0.0
 11
38.954201
 21
0.6564139999999999
 31
0.0
  0
LINE
  5
15EE
330
1F
100
AcDbEntity
  8
1
  6
CONTINUOUS
370
50
 62
4
100
AcDbLine
 10
34.557602
 20
0.209174
 30
0.0
 11
34.542492
 21
0.242363
 31
0.0
  0
LINE
  5
15EF
330
1F
100
AcDbEntity
  8
1
  6
CONTINUOUS
370
50
 62
4
100
AcDbLine
 10
37.882217
 20
0.475071
 30
0.0
 11
37.849983
 21
0.5458569999999999
 31
0.0
  0
LINE
  5
15F0
330
1F
100
AcDbEntity
  8
1
  6
CONTINUOUS
370
50
 62
4
100
AcDbLine
 10
36.698895
 20
-2.716846
 30
0.0
 11
36.659157
 21
-2.629752
 31
0.0
  0
LINE
  5
15F1
330
1F
100
AcDbEntity
  8
1
  6
CONTINUOUS
370
50
 62
4
100
AcDbLine
 10
40.177677
 20
-3.25886
 30
0.0
 11
40.145878
 21
-3.189439
 31
0.0
  0
LINE
  5
15F2
330
1F
100
AcDbEntity
  8
1
  6
CONTINUOUS
370
50
 62
4
100
AcDbLine
 10
36.777206
 20
0.373563
 30
0.0
 11
36.738323
 21
0.458403
 31
0.0
  0
LINE
  5
15F3
330
1F
100
AcDbEntity
  8
1
  6
CONTINUOUS
370
50
 62
4
100
AcDbLine
 10
37.862713
 20
-2.90672
 30
0.0
 11
37.827026
 21
-2.829064
 31
0.0
  0
LINE
  5
15F4
330
1F
100
AcDbEntity
  8
1
  6
CONTINUOUS
370
50
 62
4
100
AcDbLine
 10
39.022079
 20
-3.086961
 30
0.0
 11
38.988434
 21
-3.013818
 31
0.0
  0
LINE
  5
15F5
330
1F
100
AcDbEntity
  8
1
  6
CONTINUOUS
370
50
 62
4
100
AcDbLine
 10
18.979208
 20
0.9409139999999999
 30
0.0
 11
18.946768
 21
1.011211
 31
0.0
  0
LINE
  5
15F6
330
1F
100
AcDbEntity
  8
1
  6
CONTINUOUS
370
50
 62
4
100
AcDbLine
 10
40.080406
 20
0.730448
 30
0.0
 11
40.046761
 21
0.803014
 31
0.0
  0
LINE
  5
15F7
330
1F
100
AcDbEntity
  8
1
  6
CONTINUOUS
370
50
 62
4
100
AcDbLine
 10
35.655205
 20
0.31574
 30
0.0
 11
35.628117
 21
0.374013
 31
0.0
  0
LINE
  5
15F8
330
1F
100
AcDbEntity
  8
1
  6
CONTINUOUS
370
50
 62
4
100
AcDbLine
 10
14.294871
 20
2.09196
 30
0.0
 11
14.18161
 21
2.334373
 31
0.0
  0
LINE
  5
15F9
330
1F
100
AcDbEntity
  8
1
  6
CONTINUOUS
370
50
 62
4
100
AcDbLine
 10
36.73819
 20
-2.800647
 30
0.0
 11
36.698895
 21
-2.716846
 31
0.0
  0
LINE
  5
15FA
330
1F
100
AcDbEntity
  8
1
  6
CONTINUOUS
370
50
 62
4
100
AcDbLine
 10
20.069351
 20
1.099919
 30
0.0
 11
20.037561
 21
1.167469
 31
0.0
  0
LINE
  5
15FB
330
1F
100
AcDbEntity
  8
1
  6
CONTINUOUS
370
50
 62
4
100
AcDbLine
 10
40.208824
 20
-3.324959
 30
0.0
 11
40.177677
 21
-3.25886
 31
0.0
  0
LINE
  5
15FC
330
1F
100
AcDbEntity
  8
1
  6
CONTINUOUS
370
50
 62
4
100
AcDbLine
 10
37.897896
 20
-2.981322
 30
0.0
 11
37.862713
 21
-2.90672
 31
0.0
  0
LINE
  5
15FD
330
1F
100
AcDbEntity
  8
1
  6
CONTINUOUS
370
50
 62
4
100
AcDbLine
 10
39.055126
 20
-3.156879
 30
0.0
 11
39.022079
 21
-3.086961
 31
0.0
  0
LINE
  5
15FE
330
1F
100
AcDbEntity
  8
1
  6
CONTINUOUS
370
50
 62
4
100
AcDbLine
 10
37.849983
 20
0.5458569999999999
 30
0.0
 11
37.817364
 21
0.6138859999999999
 31
0.0
  0
LINE
  5
15FF
330
1F
100
AcDbEntity
  8
1
  6
CONTINUOUS
370
50
 62
4
100
AcDbLine
 10
21.158825
 20
1.266186
 30
0.0
 11
21.127697
 21
1.330975
 31
0.0
  0
LINE
  5
1600
330
1F
100
AcDbEntity
  8
1
  6
CONTINUOUS
370
50
 62
4
100
AcDbLine
 10
38.954201
 20
0.6564139999999999
 30
0.0
 11
38.919395
 21
0.7286929999999999
 31
0.0
  0
LINE
  5
1601
330
1F
100
AcDbEntity
  8
1
  6
CONTINUOUS
370
50
 62
4
100
AcDbLine
 10
35.628117
 20
0.374013
 30
0.0
 11
35.600826
 21
0.430586
 31
0.0
  0
LINE
  5
1602
330
1F
100
AcDbEntity
  8
1
  6
CONTINUOUS
370
50
 62
4
100
AcDbLine
 10
36.777012
 20
-2.881007
 30
0.0
 11
36.73819
 21
-2.800647
 31
0.0
  0
LINE
  5
1603
330
1F
100
AcDbEntity
  8
1
  6
CONTINUOUS
370
50
 62
4
100
AcDbLine
 10
37.932491
 20
-3.052604
 30
0.0
 11
37.897896
 21
-2.981322
 31
0.0
  0
LINE
  5
1604
330
1F
100
AcDbEntity
  8
1
  6
CONTINUOUS
370
50
 62
4
100
AcDbLine
 10
36.738323
 20
0.458403
 30
0.0
 11
36.698963
 21
0.5394749999999999
 31
0.0
  0
LINE
  5
1605
330
1F
100
AcDbEntity
  8
1
  6
CONTINUOUS
370
50
 62
4
100
AcDbLine
 10
35.632324
 20
-2.731354
 30
0.0
 11
35.600826
 21
-2.666555
 31
0.0
  0
LINE
  5
1606
330
1F
100
AcDbEntity
  8
1
  6
CONTINUOUS
370
50
 62
4
100
AcDbLine
 10
39.087551
 20
-3.223464
 30
0.0
 11
39.055126
 21
-3.156879
 31
0.0
  0
LINE
  5
1607
330
1F
100
AcDbEntity
  8
1
  6
CONTINUOUS
370
50
 62
4
100
AcDbLine
 10
40.046761
 20
0.803014
 30
0.0
 11
40.012524
 21
0.872308
 31
0.0
  0
LINE
  5
1608
330
1F
100
AcDbEntity
  8
1
  6
CONTINUOUS
370
50
 62
4
100
AcDbLine
 10
18.946768
 20
1.011211
 30
0.0
 11
18.913704
 21
1.078036
 31
0.0
  0
LINE
  5
1609
330
1F
100
AcDbEntity
  8
1
  6
CONTINUOUS
370
50
 62
4
100
AcDbLine
 10
35.663548
 20
-2.793941
 30
0.0
 11
35.632324
 21
-2.731354
 31
0.0
  0
LINE
  5
160A
330
1F
100
AcDbEntity
  8
1
  6
CONTINUOUS
370
50
 62
4
100
AcDbLine
 10
36.815327
 20
-2.957774
 30
0.0
 11
36.777012
 21
-2.881007
 31
0.0
  0
LINE
  5
160B
330
1F
100
AcDbEntity
  8
1
  6
CONTINUOUS
370
50
 62
4
100
AcDbLine
 10
37.966484
 20
-3.120459
 30
0.0
 11
37.932491
 21
-3.052604
 31
0.0
  0
LINE
  5
160C
330
1F
100
AcDbEntity
  8
1
  6
CONTINUOUS
370
50
 62
4
100
AcDbLine
 10
39.119343
 20
-3.286607
 30
0.0
 11
39.087551
 21
-3.223464
 31
0.0
  0
LINE
  5
160D
330
1F
100
AcDbEntity
  8
1
  6
CONTINUOUS
370
50
 62
4
100
AcDbLine
 10
37.817364
 20
0.6138859999999999
 30
0.0
 11
37.784397
 21
0.6790919999999999
 31
0.0
  0
LINE
  5
160E
330
1F
100
AcDbEntity
  8
1
  6
CONTINUOUS
370
50
 62
4
100
AcDbLine
 10
20.037561
 20
1.167469
 30
0.0
 11
20.00514
 21
1.231408
 31
0.0
  0
LINE
  5
160F
330
1F
100
AcDbEntity
  8
1
  6
CONTINUOUS
370
50
 62
4
100
AcDbLine
 10
38.919395
 20
0.7286929999999999
 30
0.0
 11
38.884102
 21
0.7976099999999999
 31
0.0
  0
LINE
  5
1610
330
1F
100
AcDbEntity
  8
1
  6
CONTINUOUS
370
50
 62
4
100
AcDbLine
 10
35.694485
 20
-2.854244
 30
0.0
 11
35.663548
 21
-2.793941
 31
0.0
  0
LINE
  5
1611
330
1F
100
AcDbEntity
  8
1
  6
CONTINUOUS
370
50
 62
4
100
AcDbLine
 10
36.698963
 20
0.5394749999999999
 30
0.0
 11
36.659157
 21
0.6167079999999999
 31
0.0
  0
LINE
  5
1612
330
1F
100
AcDbEntity
  8
1
  6
CONTINUOUS
370
50
 62
4
100
AcDbLine
 10
36.853012
 20
-3.030619
 30
0.0
 11
36.815327
 21
-2.957774
 31
0.0
  0
LINE
  5
1613
330
1F
100
AcDbEntity
  8
1
  6
CONTINUOUS
370
50
 62
4
100
AcDbLine
 10
37.999855
 20
-3.184783
 30
0.0
 11
37.966484
 21
-3.120459
 31
0.0
  0
LINE
  5
1614
330
1F
100
AcDbEntity
  8
1
  6
CONTINUOUS
370
50
 62
4
100
AcDbLine
 10
21.127697
 20
1.330975
 30
0.0
 11
21.095919
 21
1.392005
 31
0.0
  0
LINE
  5
1615
330
1F
100
AcDbEntity
  8
1
  6
CONTINUOUS
370
50
 62
4
100
AcDbLine
 10
34.561771
 20
-2.72717
 30
0.0
 11
34.542492
 21
-2.690201
 31
0.0
  0
LINE
  5
1616
330
1F
100
AcDbEntity
  8
1
  6
CONTINUOUS
370
50
 62
4
100
AcDbLine
 10
39.15049399999999
 20
-3.346202
 30
0.0
 11
39.119343
 21
-3.286607
 31
0.0
  0
LINE
  5
1617
330
1F
100
AcDbEntity
  8
1
  6
CONTINUOUS
370
50
 62
4
100
AcDbLine
 10
12.592198
 20
3.860454
 30
0.0
 11
12.585699
 21
3.87282
 31
0.0
  0
LINE
  5
1618
330
1F
100
AcDbEntity
  8
1
  6
CONTINUOUS
370
50
 62
4
100
AcDbLine
 10
14.18161
 20
2.334373
 30
0.0
 11
14.061797
 21
2.561573
 31
0.0
  0
LINE
  5
1619
330
1F
100
AcDbEntity
  8
1
  6
CONTINUOUS
370
50
 62
4
100
AcDbLine
 10
40.012524
 20
0.872308
 30
0.0
 11
39.977718
 21
0.938255
 31
0.0
  0
LINE
  5
161A
330
1F
100
AcDbEntity
  8
1
  6
CONTINUOUS
370
50
 62
4
100
AcDbLine
 10
35.725117
 20
-2.912194
 30
0.0
 11
35.694485
 21
-2.854244
 31
0.0
  0
LINE
  5
161B
330
1F
100
AcDbEntity
  8
1
  6
CONTINUOUS
370
50
 62
4
100
AcDbLine
 10
34.580948
 20
-2.763264
 30
0.0
 11
34.561771
 21
-2.72717
 31
0.0
  0
LINE
  5
161C
330
1F
100
AcDbEntity
  8
1
  6
CONTINUOUS
370
50
 62
4
100
AcDbLine
 10
18.913704
 20
1.078036
 30
0.0
 11
18.880032
 21
1.141328
 31
0.0
  0
LINE
  5
161D
330
1F
100
AcDbEntity
  8
1
  6
CONTINUOUS
370
50
 62
4
100
AcDbLine
 10
22.217159
 20
1.492944
 30
0.0
 11
22.186031
 21
1.551321
 31
0.0
  0
LINE
  5
161E
330
1F
100
AcDbEntity
  8
1
  6
CONTINUOUS
370
50
 62
4
100
AcDbLine
 10
37.784397
 20
0.6790919999999999
 30
0.0
 11
37.751099
 21
0.74144
 31
0.0
  0
LINE
  5
161F
330
1F
100
AcDbEntity
  8
1
  6
CONTINUOUS
370
50
 62
4
100
AcDbLine
 10
36.890007
 20
-3.099322
 30
0.0
 11
36.853012
 21
-3.030619
 31
0.0
  0
LINE
  5
1620
330
1F
100
AcDbEntity
  8
1
  6
CONTINUOUS
370
50
 62
4
100
AcDbLine
 10
38.032589
 20
-3.245471
 30
0.0
 11
37.999855
 21
-3.184783
 31
0.0
  0
LINE
  5
1621
330
1F
100
AcDbEntity
  8
1
  6
CONTINUOUS
370
50
 62
4
100
AcDbLine
 10
34.600025
 20
-2.798469
 30
0.0
 11
34.580948
 21
-2.763264
 31
0.0
  0
LINE
  5
1622
330
1F
100
AcDbEntity
  8
1
  6
CONTINUOUS
370
50
 62
4
100
AcDbLine
 10
38.884102
 20
0.7976099999999999
 30
0.0
 11
38.848392
 21
0.8630319999999999
 31
0.0
  0
LINE
  5
1623
330
1F
100
AcDbEntity
  8
1
  6
CONTINUOUS
370
50
 62
4
100
AcDbLine
 10
35.75542799999999
 20
-2.967718
 30
0.0
 11
35.725117
 21
-2.912194
 31
0.0
  0
LINE
  5
1624
330
1F
100
AcDbEntity
  8
1
  6
CONTINUOUS
370
50
 62
4
100
AcDbLine
 10
20.00514
 20
1.231408
 30
0.0
 11
19.972097
 21
1.291683
 31
0.0
  0
LINE
  5
1625
330
1F
100
AcDbEntity
  8
1
  6
CONTINUOUS
370
50
 62
4
100
AcDbLine
 10
12.649082
 20
-1.187887
 30
0.0
 11
12.62668
 21
-1.147158
 31
0.0
  0
LINE
  5
1626
330
1F
100
AcDbEntity
  8
1
  6
CONTINUOUS
370
50
 62
4
100
AcDbLine
 10
34.618996
 20
-2.832768
 30
0.0
 11
34.600025
 21
-2.798469
 31
0.0
  0
LINE
  5
1627
330
1F
100
AcDbEntity
  8
1
  6
CONTINUOUS
370
50
 62
4
100
AcDbLine
 10
36.926292
 20
-3.163761
 30
0.0
 11
36.890007
 21
-3.099322
 31
0.0
  0
LINE
  5
1628
330
1F
100
AcDbEntity
  8
1
  6
CONTINUOUS
370
50
 62
4
100
AcDbLine
 10
38.064678
 20
-3.302417
 30
0.0
 11
38.032589
 21
-3.245471
 31
0.0
  0
LINE
  5
1629
330
1F
100
AcDbEntity
  8
1
  6
CONTINUOUS
370
50
 62
4
100
AcDbLine
 10
33.488247
 20
-2.707847
 30
0.0
 11
33.484158
 21
-2.700599
 31
0.0
  0
LINE
  5
162A
330
1F
100
AcDbEntity
  8
1
  6
CONTINUOUS
370
50
 62
4
100
AcDbLine
 10
34.637856
 20
-2.866148
 30
0.0
 11
34.618996
 21
-2.832768
 31
0.0
  0
LINE
  5
162B
330
1F
100
AcDbEntity
  8
1
  6
CONTINUOUS
370
50
 62
4
100
AcDbLine
 10
35.785343
 20
-3.020641
 30
0.0
 11
35.75542799999999
 21
-2.967718
 31
0.0
  0
LINE
  5
162C
330
1F
100
AcDbEntity
  8
1
  6
CONTINUOUS
370
50
 62
4
100
AcDbLine
 10
37.751099
 20
0.74144
 30
0.0
 11
37.717491
 21
0.8008909999999999
 31
0.0
  0
LINE
  5
162D
330
1F
100
AcDbEntity
  8
1
  6
CONTINUOUS
370
50
 62
4
100
AcDbLine
 10
39.977718
 20
0.938255
 30
0.0
 11
39.942429
 21
1.00066
 31
0.0
  0
LINE
  5
162E
330
1F
100
AcDbEntity
  8
1
  6
CONTINUOUS
370
50
 62
4
100
AcDbLine
 10
21.095919
 20
1.392005
 30
0.0
 11
21.063503
 21
1.449235
 31
0.0
  0
LINE
  5
162F
330
1F
100
AcDbEntity
  8
1
  6
CONTINUOUS
370
50
 62
4
100
AcDbLine
 10
33.492332
 20
-2.715054
 30
0.0
 11
33.488247
 21
-2.707847
 31
0.0
  0
LINE
  5
1630
330
1F
100
AcDbEntity
  8
1
  6
CONTINUOUS
370
50
 62
4
100
AcDbLine
 10
33.49641
 20
-2.722219
 30
0.0
 11
33.492332
 21
-2.715054
 31
0.0
  0
LINE
  5
1631
330
1F
100
AcDbEntity
  8
1
  6
CONTINUOUS
370
50
 62
4
100
AcDbLine
 10
20.30863
 20
3.214839
 30
0.0
 11
20.255016
 21
3.308601
 31
0.0
  0
LINE
  5
1632
330
1F
100
AcDbEntity
  8
1
  6
CONTINUOUS
370
50
 62
4
100
AcDbLine
 10
20.362263
 20
3.121104
 30
0.0
 11
20.30863
 21
3.214839
 31
0.0
  0
LINE
  5
1633
330
1F
100
AcDbEntity
  8
1
  6
CONTINUOUS
370
50
 62
4
100
AcDbLine
 10
33.500488
 20
-2.729343
 30
0.0
 11
33.49641
 21
-2.722219
 31
0.0
  0
LINE
  5
1634
330
1F
100
AcDbEntity
  8
1
  6
CONTINUOUS
370
50
 62
4
100
AcDbLine
 10
20.415915
 20
3.0274
 30
0.0
 11
20.362263
 21
3.121104
 31
0.0
  0
LINE
  5
1635
330
1F
100
AcDbEntity
  8
1
  6
CONTINUOUS
370
50
 62
4
100
AcDbLine
 10
19.250151
 20
3.245072
 30
0.0
 11
19.196684
 21
3.338432
 31
0.0
  0
LINE
  5
1636
330
1F
100
AcDbEntity
  8
1
  6
CONTINUOUS
370
50
 62
4
100
AcDbLine
 10
19.303638
 20
3.151689
 30
0.0
 11
19.250151
 21
3.245072
 31
0.0
  0
LINE
  5
1637
330
1F
100
AcDbEntity
  8
1
  6
CONTINUOUS
370
50
 62
4
100
AcDbLine
 10
19.357143
 20
3.058288
 30
0.0
 11
19.303638
 21
3.151689
 31
0.0
  0
LINE
  5
1638
330
1F
100
AcDbEntity
  8
1
  6
CONTINUOUS
370
50
 62
4
100
AcDbLine
 10
19.410666
 20
2.964873
 30
0.0
 11
19.357143
 21
3.058288
 31
0.0
  0
LINE
  5
1639
330
1F
100
AcDbEntity
  8
1
  6
CONTINUOUS
370
50
 62
4
100
AcDbLine
 10
20.46958
 20
2.933742
 30
0.0
 11
20.415915
 21
3.0274
 31
0.0
  0
LINE
  5
163A
330
1F
100
AcDbEntity
  8
1
  6
CONTINUOUS
370
50
 62
4
100
AcDbLine
 10
19.464207
 20
2.87145
 30
0.0
 11
19.410666
 21
2.964873
 31
0.0
  0
LINE
  5
163B
330
1F
100
AcDbEntity
  8
1
  6
CONTINUOUS
370
50
 62
4
100
AcDbLine
 10
19.517761
 20
2.778024
 30
0.0
 11
19.464207
 21
2.87145
 31
0.0
  0
LINE
  5
163C
330
1F
100
AcDbEntity
  8
1
  6
CONTINUOUS
370
50
 62
4
100
AcDbLine
 10
19.571333
 20
2.6846
 30
0.0
 11
19.517761
 21
2.778024
 31
0.0
  0
LINE
  5
163D
330
1F
100
AcDbEntity
  8
1
  6
CONTINUOUS
370
50
 62
4
100
AcDbLine
 10
20.523127
 20
2.840364
 30
0.0
 11
20.46958
 21
2.933742
 31
0.0
  0
LINE
  5
163E
330
1F
100
AcDbEntity
  8
1
  6
CONTINUOUS
370
50
 62
4
100
AcDbLine
 10
20.576492
 20
2.747374
 30
0.0
 11
20.523127
 21
2.840364
 31
0.0
  0
LINE
  5
163F
330
1F
100
AcDbEntity
  8
1
  6
CONTINUOUS
370
50
 62
4
100
AcDbLine
 10
18.880032
 20
1.141328
 30
0.0
 11
18.845762
 21
1.201023
 31
0.0
  0
LINE
  5
1640
330
1F
100
AcDbEntity
  8
1
  6
CONTINUOUS
370
50
 62
4
100
AcDbLine
 10
21.366812
 20
3.16659
 30
0.0
 11
21.313351
 21
3.259678
 31
0.0
  0
LINE
  5
1641
330
1F
100
AcDbEntity
  8
1
  6
CONTINUOUS
370
50
 62
4
100
AcDbLine
 10
20.629667
 20
2.654798
 30
0.0
 11
20.576492
 21
2.747374
 31
0.0
  0
LINE
  5
1642
330
1F
100
AcDbEntity
  8
1
  6
CONTINUOUS
370
50
 62
4
100
AcDbLine
 10
33.504559
 20
-2.736426
 30
0.0
 11
33.500488
 21
-2.729343
 31
0.0
  0
LINE
  5
1643
330
1F
100
AcDbEntity
  8
1
  6
CONTINUOUS
370
50
 62
4
100
AcDbLine
 10
21.420296
 20
3.073583
 30
0.0
 11
21.366812
 21
3.16659
 31
0.0
  0
LINE
  5
1644
330
1F
100
AcDbEntity
  8
1
  6
CONTINUOUS
370
50
 62
4
100
AcDbLine
 10
21.473799
 20
2.980663
 30
0.0
 11
21.420296
 21
3.073583
 31
0.0
  0
LINE
  5
1645
330
1F
100
AcDbEntity
  8
1
  6
CONTINUOUS
370
50
 62
4
100
AcDbLine
 10
21.527323
 20
2.887832
 30
0.0
 11
21.473799
 21
2.980663
 31
0.0
  0
LINE
  5
1646
330
1F
100
AcDbEntity
  8
1
  6
CONTINUOUS
370
50
 62
4
100
AcDbLine
 10
36.504665
 20
2.701087
 30
0.0
 11
36.282841
 21
3.085299
 31
0.0
  0
LINE
  5
1647
330
1F
100
AcDbEntity
  8
1
  6
CONTINUOUS
370
50
 62
4
100
AcDbLine
 10
40.208832
 20
-3.35
 30
0.0
 11
39.834183
 21
-2.701087
 31
0.0
  0
LINE
  5
1648
330
1F
100
AcDbEntity
  8
1
  6
CONTINUOUS
370
50
 62
4
100
AcDbLine
 10
40.73799899999999
 20
2.701087
 30
0.0
 11
40.36335
 21
3.35
 31
0.0
  0
LINE
  5
1649
330
1F
100
AcDbEntity
  8
1
  6
CONTINUOUS
370
50
 62
4
100
AcDbLine
 10
38.065189
 20
-3.303272
 30
0.0
 11
37.717518
 21
-2.701087
 31
0.0
  0
LINE
  5
164A
330
1F
100
AcDbEntity
  8
1
  6
CONTINUOUS
370
50
 62
4
100
AcDbLine
 10
36.926704
 20
-3.164446
 30
0.0
 11
36.659184
 21
-2.701087
 31
0.0
  0
LINE
  5
164B
330
1F
100
AcDbEntity
  8
1
  6
CONTINUOUS
370
50
 62
4
100
AcDbLine
 10
38.621334
 20
2.701087
 30
0.0
 11
38.260078
 21
3.3268
 31
0.0
  0
LINE
  5
164C
330
1F
100
AcDbEntity
  8
1
  6
CONTINUOUS
370
50
 62
4
100
AcDbLine
 10
34.646847
 20
-2.881795
 30
0.0
 11
34.542515
 21
-2.701087
 31
0.0
  0
LINE
  5
164D
330
1F
100
AcDbEntity
  8
1
  6
CONTINUOUS
370
50
 62
4
100
AcDbLine
 10
39.679668
 20
2.701087
 30
0.0
 11
39.30501599999999
 21
3.35
 31
0.0
  0
LINE
  5
164E
330
1F
100
AcDbEntity
  8
1
  6
CONTINUOUS
370
50
 62
4
100
AcDbLine
 10
37.563
 20
2.701087
 30
0.0
 11
37.271034
 21
3.206784
 31
0.0
  0
LINE
  5
164F
330
1F
100
AcDbEntity
  8
1
  6
CONTINUOUS
370
50
 62
4
100
AcDbLine
 10
39.150501
 20
-3.35
 30
0.0
 11
38.775848
 21
-2.701087
 31
0.0
  0
LINE
  5
1650
330
1F
100
AcDbEntity
  8
1
  6
CONTINUOUS
370
50
 62
4
100
AcDbLine
 10
35.787228
 20
-3.0239
 30
0.0
 11
35.600849
 21
-2.701087
 31
0.0
  0
LINE
  5
1651
330
1F
100
AcDbEntity
  8
1
  6
CONTINUOUS
370
50
 62
4
100
AcDbLine
 10
35.446335
 20
2.701087
 30
0.0
 11
35.295444
 21
2.962433
 31
0.0
  0
LINE
  5
1652
330
1F
100
AcDbEntity
  8
1
  6
CONTINUOUS
370
50
 62
4
100
AcDbLine
 10
34.388
 20
2.701087
 30
0.0
 11
34.308048
 21
2.839565
 31
0.0
  0
LINE
  5
1653
330
1F
100
AcDbEntity
  8
1
  6
CONTINUOUS
370
50
 62
4
100
AcDbLine
 10
21.580864
 20
2.795099
 30
0.0
 11
21.527323
 21
2.887832
 31
0.0
  0
LINE
  5
1654
330
1F
100
AcDbEntity
  8
1
  6
CONTINUOUS
370
50
 62
4
100
AcDbLine
 10
33.506348
 20
-2.739475
 30
0.0
 11
33.484184
 21
-2.701087
 31
0.0
  0
LINE
  5
1655
330
1F
100
AcDbEntity
  8
1
  6
CONTINUOUS
370
50
 62
4
100
AcDbLine
 10
33.329666
 20
2.701087
 30
0.0
 11
33.320915
 21
2.716243
 31
0.0
  0
LINE
  5
1656
330
1F
100
AcDbEntity
  8
1
  6
CONTINUOUS
370
50
 62
4
100
AcDbLine
 10
33.50862499999999
 20
-2.743467
 30
0.0
 11
33.504559
 21
-2.736426
 31
0.0
  0
LINE
  5
1657
330
1F
100
AcDbEntity
  8
1
  6
CONTINUOUS
370
50
 62
4
100
AcDbLine
 10
34.656597
 20
-2.898592
 30
0.0
 11
34.637856
 21
-2.866148
 31
0.0
  0
LINE
  5
1658
330
1F
100
AcDbEntity
  8
1
  6
CONTINUOUS
370
50
 62
4
100
AcDbLine
 10
40.73799899999999
 20
2.701074
 30
0.0
 11
40.684425
 21
2.793805
 31
0.0
  0
LINE
  5
1659
330
1F
100
AcDbEntity
  8
1
  6
CONTINUOUS
370
50
 62
4
100
AcDbLine
 10
38.260433
 20
3.326173
 30
0.0
 11
38.258133
 21
3.330153
 31
0.0
  0
LINE
  5
165A
330
1F
100
AcDbEntity
  8
1
  6
CONTINUOUS
370
50
 62
4
100
AcDbLine
 10
40.684425
 20
2.793805
 30
0.0
 11
40.630871
 21
2.886454
 31
0.0
  0
LINE
  5
165B
330
1F
100
AcDbEntity
  8
1
  6
CONTINUOUS
370
50
 62
4
100
AcDbLine
 10
21.634424
 20
2.702469
 30
0.0
 11
21.580864
 21
2.795099
 31
0.0
  0
LINE
  5
165C
330
1F
100
AcDbEntity
  8
1
  6
CONTINUOUS
370
50
 62
4
100
AcDbLine
 10
40.630871
 20
2.886454
 30
0.0
 11
40.577328
 21
2.979015
 31
0.0
  0
LINE
  5
165D
330
1F
100
AcDbEntity
  8
1
  6
CONTINUOUS
370
50
 62
4
100
AcDbLine
 10
40.577328
 20
2.979015
 30
0.0
 11
40.523808
 21
3.071486
 31
0.0
  0
LINE
  5
165E
330
1F
100
AcDbEntity
  8
1
  6
CONTINUOUS
370
50
 62
4
100
AcDbLine
 10
21.688
 20
2.609946
 30
0.0
 11
21.634424
 21
2.702469
 31
0.0
  0
LINE
  5
165F
330
1F
100
AcDbEntity
  8
1
  6
CONTINUOUS
370
50
 62
4
100
AcDbLine
 10
38.069294
 20
-3.310388
 30
0.0
 11
38.064678
 21
-3.302417
 31
0.0
  0
LINE
  5
1660
330
1F
100
AcDbEntity
  8
1
  6
CONTINUOUS
370
50
 62
4
100
AcDbLine
 10
40.523808
 20
3.071486
 30
0.0
 11
40.470303
 21
3.16386
 31
0.0
  0
LINE
  5
1661
330
1F
100
AcDbEntity
  8
1
  6
CONTINUOUS
370
50
 62
4
100
AcDbLine
 10
40.470303
 20
3.16386
 30
0.0
 11
40.41681699999999
 21
3.256133
 31
0.0
  0
LINE
  5
1662
330
1F
100
AcDbEntity
  8
1
  6
CONTINUOUS
370
50
 62
4
100
AcDbLine
 10
40.41681699999999
 20
3.256133
 30
0.0
 11
40.36335
 21
3.348302
 31
0.0
  0
LINE
  5
1663
330
1F
100
AcDbEntity
  8
1
  6
CONTINUOUS
370
50
 62
4
100
AcDbLine
 10
22.425148
 20
3.101506
 30
0.0
 11
22.371683
 21
3.193616
 31
0.0
  0
LINE
  5
1664
330
1F
100
AcDbEntity
  8
1
  6
CONTINUOUS
370
50
 62
4
100
AcDbLine
 10
14.312939
 20
1.954916
 30
0.0
 11
14.287243
 21
1.999162
 31
0.0
  0
LINE
  5
1665
330
1F
100
AcDbEntity
  8
1
  6
CONTINUOUS
370
50
 62
4
100
AcDbLine
 10
18.72109
 20
-2.790204
 30
0.0
 11
18.667517
 21
-2.697998
 31
0.0
  0
LINE
  5
1666
330
1F
100
AcDbEntity
  8
1
  6
CONTINUOUS
370
50
 62
4
100
AcDbLine
 10
18.774649
 20
-2.882313
 30
0.0
 11
18.72109
 21
-2.790204
 31
0.0
  0
LINE
  5
1667
330
1F
100
AcDbEntity
  8
1
  6
CONTINUOUS
370
50
 62
4
100
AcDbLine
 10
22.478634
 20
3.00953
 30
0.0
 11
22.425148
 21
3.101506
 31
0.0
  0
LINE
  5
1668
330
1F
100
AcDbEntity
  8
1
  6
CONTINUOUS
370
50
 62
4
100
AcDbLine
 10
38.258133
 20
3.330153
 30
0.0
 11
38.255833
 21
3.334108
 31
0.0
  0
LINE
  5
1669
330
1F
100
AcDbEntity
  8
1
  6
CONTINUOUS
370
50
 62
4
100
AcDbLine
 10
18.82819
 20
-2.974321
 30
0.0
 11
18.774649
 21
-2.882313
 31
0.0
  0
LINE
  5
166A
330
1F
100
AcDbEntity
  8
1
  6
CONTINUOUS
370
50
 62
4
100
AcDbLine
 10
18.881714
 20
-3.066221
 30
0.0
 11
18.82819
 21
-2.974321
 31
0.0
  0
LINE
  5
166B
330
1F
100
AcDbEntity
  8
1
  6
CONTINUOUS
370
50
 62
4
100
AcDbLine
 10
22.532137
 20
2.917689
 30
0.0
 11
22.478634
 21
3.00953
 31
0.0
  0
LINE
  5
166C
330
1F
100
AcDbEntity
  8
1
  6
CONTINUOUS
370
50
 62
4
100
AcDbLine
 10
18.935217
 20
-3.158008
 30
0.0
 11
18.881714
 21
-3.066221
 31
0.0
  0
LINE
  5
166D
330
1F
100
AcDbEntity
  8
1
  6
CONTINUOUS
370
50
 62
4
100
AcDbLine
 10
38.073895
 20
-3.318278
 30
0.0
 11
38.069294
 21
-3.310388
 31
0.0
  0
LINE
  5
166E
330
1F
100
AcDbEntity
  8
1
  6
CONTINUOUS
370
50
 62
4
100
AcDbLine
 10
38.848392
 20
0.8630319999999999
 30
0.0
 11
38.812294
 21
0.9249189999999999
 31
0.0
  0
LINE
  5
166F
330
1F
100
AcDbEntity
  8
1
  6
CONTINUOUS
370
50
 62
4
100
AcDbLine
 10
18.988701
 20
-3.249676
 30
0.0
 11
18.935217
 21
-3.158008
 31
0.0
  0
LINE
  5
1670
330
1F
100
AcDbEntity
  8
1
  6
CONTINUOUS
370
50
 62
4
100
AcDbLine
 10
38.255833
 20
3.334108
 30
0.0
 11
38.25354
 21
3.338037
 31
0.0
  0
LINE
  5
1671
330
1F
100
AcDbEntity
  8
1
  6
CONTINUOUS
370
50
 62
4
100
AcDbLine
 10
22.585661
 20
2.825989
 30
0.0
 11
22.532137
 21
2.917689
 31
0.0
  0
LINE
  5
1672
330
1F
100
AcDbEntity
  8
1
  6
CONTINUOUS
370
50
 62
4
100
AcDbLine
 10
22.186031
 20
1.551321
 30
0.0
 11
22.154253
 21
1.605764
 31
0.0
  0
LINE
  5
1673
330
1F
100
AcDbEntity
  8
1
  6
CONTINUOUS
370
50
 62
4
100
AcDbLine
 10
19.042168
 20
-3.341221
 30
0.0
 11
18.988701
 21
-3.249676
 31
0.0
  0
LINE
  5
1674
330
1F
100
AcDbEntity
  8
1
  6
CONTINUOUS
370
50
 62
4
100
AcDbLine
 10
36.944714
 20
-3.195273
 30
0.0
 11
36.926292
 21
-3.163761
 31
0.0
  0
LINE
  5
1675
330
1F
100
AcDbEntity
  8
1
  6
CONTINUOUS
370
50
 62
4
100
AcDbLine
 10
37.271744
 20
3.205549
 30
0.0
 11
37.257526
 21
3.229867
 31
0.0
  0
LINE
  5
1676
330
1F
100
AcDbEntity
  8
1
  6
CONTINUOUS
370
50
 62
4
100
AcDbLine
 10
22.639202
 20
2.734435
 30
0.0
 11
22.585661
 21
2.825989
 31
0.0
  0
LINE
  5
1677
330
1F
100
AcDbEntity
  8
1
  6
CONTINUOUS
370
50
 62
4
100
AcDbLine
 10
39.679668
 20
2.692543
 30
0.0
 11
39.626095
 21
2.78413
 31
0.0
  0
LINE
  5
1678
330
1F
100
AcDbEntity
  8
1
  6
CONTINUOUS
370
50
 62
4
100
AcDbLine
 10
39.626095
 20
2.78413
 30
0.0
 11
39.57254
 21
2.87559
 31
0.0
  0
LINE
  5
1679
330
1F
100
AcDbEntity
  8
1
  6
CONTINUOUS
370
50
 62
4
100
AcDbLine
 10
22.692759
 20
2.643034
 30
0.0
 11
22.639202
 21
2.734435
 31
0.0
  0
LINE
  5
167A
330
1F
100
AcDbEntity
  8
1
  6
CONTINUOUS
370
50
 62
4
100
AcDbLine
 10
39.57254
 20
2.87559
 30
0.0
 11
39.519001
 21
2.966919
 31
0.0
  0
LINE
  5
167B
330
1F
100
AcDbEntity
  8
1
  6
CONTINUOUS
370
50
 62
4
100
AcDbLine
 10
39.519001
 20
2.966919
 30
0.0
 11
39.465481
 21
3.058112
 31
0.0
  0
LINE
  5
167C
330
1F
100
AcDbEntity
  8
1
  6
CONTINUOUS
370
50
 62
4
100
AcDbLine
 10
22.746334
 20
2.551789
 30
0.0
 11
22.692759
 21
2.643034
 31
0.0
  0
LINE
  5
167D
330
1F
100
AcDbEntity
  8
1
  6
CONTINUOUS
370
50
 62
4
100
AcDbLine
 10
38.25354
 20
3.338037
 30
0.0
 11
38.251247
 21
3.341941
 31
0.0
  0
LINE
  5
167E
330
1F
100
AcDbEntity
  8
1
  6
CONTINUOUS
370
50
 62
4
100
AcDbLine
 10
39.465481
 20
3.058112
 30
0.0
 11
39.411976
 21
3.149166
 31
0.0
  0
LINE
  5
167F
330
1F
100
AcDbEntity
  8
1
  6
CONTINUOUS
370
50
 62
4
100
AcDbLine
 10
38.078484
 20
-3.326085
 30
0.0
 11
38.073895
 21
-3.318278
 31
0.0
  0
LINE
  5
1680
330
1F
100
AcDbEntity
  8
1
  6
CONTINUOUS
370
50
 62
4
100
AcDbLine
 10
39.411976
 20
3.149166
 30
0.0
 11
39.358486
 21
3.240076
 31
0.0
  0
LINE
  5
1681
330
1F
100
AcDbEntity
  8
1
  6
CONTINUOUS
370
50
 62
4
100
AcDbLine
 10
35.818474
 20
-3.076917
 30
0.0
 11
35.785343
 21
-3.020641
 31
0.0
  0
LINE
  5
1682
330
1F
100
AcDbEntity
  8
1
  6
CONTINUOUS
370
50
 62
4
100
AcDbLine
 10
39.358486
 20
3.240076
 30
0.0
 11
39.30501599999999
 21
3.330837
 31
0.0
  0
LINE
  5
1683
330
1F
100
AcDbEntity
  8
1
  6
CONTINUOUS
370
50
 62
4
100
AcDbLine
 10
38.251247
 20
3.341941
 30
0.0
 11
38.248962
 21
3.345819
 31
0.0
  0
LINE
  5
1684
330
1F
100
AcDbEntity
  8
1
  6
CONTINUOUS
370
50
 62
4
100
AcDbLine
 10
19.779427
 20
-2.772118
 30
0.0
 11
19.725849
 21
-2.681217
 31
0.0
  0
LINE
  5
1685
330
1F
100
AcDbEntity
  8
1
  6
CONTINUOUS
370
50
 62
4
100
AcDbLine
 10
23.483484
 20
3.021013
 30
0.0
 11
23.430017
 21
3.111658
 31
0.0
  0
LINE
  5
1686
330
1F
100
AcDbEntity
  8
1
  6
CONTINUOUS
370
50
 62
4
100
AcDbLine
 10
19.832985
 20
-2.862866
 30
0.0
 11
19.779427
 21
-2.772118
 31
0.0
  0
LINE
  5
1687
330
1F
100
AcDbEntity
  8
1
  6
CONTINUOUS
370
50
 62
4
100
AcDbLine
 10
36.284031
 20
3.083238
 30
0.0
 11
36.257336
 21
3.128445
 31
0.0
  0
LINE
  5
1688
330
1F
100
AcDbEntity
  8
1
  6
CONTINUOUS
370
50
 62
4
100
AcDbLine
 10
19.886528
 20
-2.953458
 30
0.0
 11
19.832985
 21
-2.862866
 31
0.0
  0
LINE
  5
1689
330
1F
100
AcDbEntity
  8
1
  6
CONTINUOUS
370
50
 62
4
100
AcDbLine
 10
23.53697
 20
2.930548
 30
0.0
 11
23.483484
 21
3.021013
 31
0.0
  0
LINE
  5
168A
330
1F
100
AcDbEntity
  8
1
  6
CONTINUOUS
370
50
 62
4
100
AcDbLine
 10
19.940052
 20
-3.043889
 30
0.0
 11
19.886528
 21
-2.953458
 31
0.0
  0
LINE
  5
168B
330
1F
100
AcDbEntity
  8
1
  6
CONTINUOUS
370
50
 62
4
100
AcDbLine
 10
38.083057
 20
-3.333809
 30
0.0
 11
38.078484
 21
-3.326085
 31
0.0
  0
LINE
  5
168C
330
1F
100
AcDbEntity
  8
1
  6
CONTINUOUS
370
50
 62
4
100
AcDbLine
 10
33.546055
 20
-2.806649
 30
0.0
 11
33.50862499999999
 21
-2.743467
 31
0.0
  0
LINE
  5
168D
330
1F
100
AcDbEntity
  8
1
  6
CONTINUOUS
370
50
 62
4
100
AcDbLine
 10
23.590475
 20
2.840266
 30
0.0
 11
23.53697
 21
2.930548
 31
0.0
  0
LINE
  5
168E
330
1F
100
AcDbEntity
  8
1
  6
CONTINUOUS
370
50
 62
4
100
AcDbLine
 10
19.993555
 20
-3.13415
 30
0.0
 11
19.940052
 21
-3.043889
 31
0.0
  0
LINE
  5
168F
330
1F
100
AcDbEntity
  8
1
  6
CONTINUOUS
370
50
 62
4
100
AcDbLine
 10
38.248962
 20
3.345819
 30
0.0
 11
38.246677
 21
3.349671
 31
0.0
  0
LINE
  5
1690
330
1F
100
AcDbEntity
  8
1
  6
CONTINUOUS
370
50
 62
4
100
AcDbLine
 10
20.047037
 20
-3.224237
 30
0.0
 11
19.993555
 21
-3.13415
 31
0.0
  0
LINE
  5
1691
330
1F
100
AcDbEntity
  8
1
  6
CONTINUOUS
370
50
 62
4
100
AcDbLine
 10
23.643997
 20
2.75017
 30
0.0
 11
23.590475
 21
2.840266
 31
0.0
  0
LINE
  5
1692
330
1F
100
AcDbEntity
  8
1
  6
CONTINUOUS
370
50
 62
4
100
AcDbLine
 10
20.1005
 20
-3.314146
 30
0.0
 11
20.047037
 21
-3.224237
 31
0.0
  0
LINE
  5
1693
330
1F
100
AcDbEntity
  8
1
  6
CONTINUOUS
370
50
 62
4
100
AcDbLine
 10
19.972097
 20
1.291683
 30
0.0
 11
19.938452
 21
1.348245
 31
0.0
  0
LINE
  5
1694
330
1F
100
AcDbEntity
  8
1
  6
CONTINUOUS
370
50
 62
4
100
AcDbLine
 10
38.621334
 20
2.669582
 30
0.0
 11
38.567757
 21
2.759634
 31
0.0
  0
LINE
  5
1695
330
1F
100
AcDbEntity
  8
1
  6
CONTINUOUS
370
50
 62
4
100
AcDbLine
 10
35.297859
 20
2.958246
 30
0.0
 11
35.258152
 21
3.024972
 31
0.0
  0
LINE
  5
1696
330
1F
100
AcDbEntity
  8
1
  6
CONTINUOUS
370
50
 62
4
100
AcDbLine
 10
23.697538
 20
2.660268
 30
0.0
 11
23.643997
 21
2.75017
 31
0.0
  0
LINE
  5
1697
330
1F
100
AcDbEntity
  8
1
  6
CONTINUOUS
370
50
 62
4
100
AcDbLine
 10
38.567757
 20
2.759634
 30
0.0
 11
38.514183
 21
2.849541
 31
0.0
  0
LINE
  5
1698
330
1F
100
AcDbEntity
  8
1
  6
CONTINUOUS
370
50
 62
4
100
AcDbLine
 10
38.087616
 20
-3.341451
 30
0.0
 11
38.083057
 21
-3.333809
 31
0.0
  0
LINE
  5
1699
330
1F
100
AcDbEntity
  8
1
  6
CONTINUOUS
370
50
 62
4
100
AcDbLine
 10
38.514183
 20
2.849541
 30
0.0
 11
38.460636
 21
2.93926
 31
0.0
  0
LINE
  5
169A
330
1F
100
AcDbEntity
  8
1
  6
CONTINUOUS
370
50
 62
4
100
AcDbLine
 10
23.751095
 20
2.570565
 30
0.0
 11
23.697538
 21
2.660268
 31
0.0
  0
LINE
  5
169B
330
1F
100
AcDbEntity
  8
1
  6
CONTINUOUS
370
50
 62
4
100
AcDbLine
 10
33.319633
 20
2.718488
 30
0.0
 11
33.280476
 21
2.784057
 31
0.0
  0
LINE
  5
169C
330
1F
100
AcDbEntity
  8
1
  6
CONTINUOUS
370
50
 62
4
100
AcDbLine
 10
38.460636
 20
2.93926
 30
0.0
 11
38.40712
 21
3.028768
 31
0.0
  0
LINE
  5
169D
330
1F
100
AcDbEntity
  8
1
  6
CONTINUOUS
370
50
 62
4
100
AcDbLine
 10
23.804667
 20
2.481063
 30
0.0
 11
23.751095
 21
2.570565
 31
0.0
  0
LINE
  5
169E
330
1F
100
AcDbEntity
  8
1
  6
CONTINUOUS
370
50
 62
4
100
AcDbLine
 10
38.40712
 20
3.028768
 30
0.0
 11
38.353622
 21
3.11809
 31
0.0
  0
LINE
  5
169F
330
1F
100
AcDbEntity
  8
1
  6
CONTINUOUS
370
50
 62
4
100
AcDbLine
 10
34.696003
 20
-2.964308
 30
0.0
 11
34.656597
 21
-2.898592
 31
0.0
  0
LINE
  5
16A0
330
1F
100
AcDbEntity
  8
1
  6
CONTINUOUS
370
50
 62
4
100
AcDbLine
 10
38.353622
 20
3.11809
 30
0.0
 11
38.300144
 21
3.207223
 31
0.0
  0
LINE
  5
16A1
330
1F
100
AcDbEntity
  8
1
  6
CONTINUOUS
370
50
 62
4
100
AcDbLine
 10
36.96294
 20
-3.225603
 30
0.0
 11
36.944714
 21
-3.195273
 31
0.0
  0
LINE
  5
16A2
330
1F
100
AcDbEntity
  8
1
  6
CONTINUOUS
370
50
 62
4
100
AcDbLine
 10
38.092159
 20
-3.34901
 30
0.0
 11
38.087616
 21
-3.341451
 31
0.0
  0
LINE
  5
16A3
330
1F
100
AcDbEntity
  8
1
  6
CONTINUOUS
370
50
 62
4
100
AcDbLine
 10
38.300144
 20
3.207223
 30
0.0
 11
38.246685
 21
3.296165
 31
0.0
  0
LINE
  5
16A4
330
1F
100
AcDbEntity
  8
1
  6
CONTINUOUS
370
50
 62
4
100
AcDbLine
 10
14.061797
 20
2.561573
 30
0.0
 11
13.934636
 21
2.773049
 31
0.0
  0
LINE
  5
16A5
330
1F
100
AcDbEntity
  8
1
  6
CONTINUOUS
370
50
 62
4
100
AcDbLine
 10
37.257526
 20
3.229867
 30
0.0
 11
37.243435
 21
3.253289
 31
0.0
  0
LINE
  5
16A6
330
1F
100
AcDbEntity
  8
1
  6
CONTINUOUS
370
50
 62
4
100
AcDbLine
 10
20.837784
 20
-2.738193
 30
0.0
 11
20.784184
 21
-2.649124
 31
0.0
  0
LINE
  5
16A7
330
1F
100
AcDbEntity
  8
1
  6
CONTINUOUS
370
50
 62
4
100
AcDbLine
 10
23.275492
 20
1.707447
 30
0.0
 11
23.244362
 21
1.759154
 31
0.0
  0
LINE
  5
16A8
330
1F
100
AcDbEntity
  8
1
  6
CONTINUOUS
370
50
 62
4
100
AcDbLine
 10
24.541819
 20
2.925685
 30
0.0
 11
24.48835
 21
3.014418
 31
0.0
  0
LINE
  5
16A9
330
1F
100
AcDbEntity
  8
1
  6
CONTINUOUS
370
50
 62
4
100
AcDbLine
 10
20.891392
 20
-2.827102
 30
0.0
 11
20.837784
 21
-2.738193
 31
0.0
  0
LINE
  5
16AA
330
1F
100
AcDbEntity
  8
1
  6
CONTINUOUS
370
50
 62
4
100
AcDbLine
 10
20.944956
 20
-2.915763
 30
0.0
 11
20.891392
 21
-2.827102
 31
0.0
  0
LINE
  5
16AB
330
1F
100
AcDbEntity
  8
1
  6
CONTINUOUS
370
50
 62
4
100
AcDbLine
 10
24.595304
 20
2.837176
 30
0.0
 11
24.541819
 21
2.925685
 31
0.0
  0
LINE
  5
16AC
330
1F
100
AcDbEntity
  8
1
  6
CONTINUOUS
370
50
 62
4
100
AcDbLine
 10
20.998457
 20
-3.004135
 30
0.0
 11
20.944956
 21
-2.915763
 31
0.0
  0
LINE
  5
16AD
330
1F
100
AcDbEntity
  8
1
  6
CONTINUOUS
370
50
 62
4
100
AcDbLine
 10
24.648811
 20
2.748895
 30
0.0
 11
24.595304
 21
2.837176
 31
0.0
  0
LINE
  5
16AE
330
1F
100
AcDbEntity
  8
1
  6
CONTINUOUS
370
50
 62
4
100
AcDbLine
 10
21.051935
 20
-3.092288
 30
0.0
 11
20.998457
 21
-3.004135
 31
0.0
  0
LINE
  5
16AF
330
1F
100
AcDbEntity
  8
1
  6
CONTINUOUS
370
50
 62
4
100
AcDbLine
 10
39.942429
 20
1.00066
 30
0.0
 11
39.906719
 21
1.059407
 31
0.0
  0
LINE
  5
16B0
330
1F
100
AcDbEntity
  8
1
  6
CONTINUOUS
370
50
 62
4
100
AcDbLine
 10
24.702333
 20
2.660846
 30
0.0
 11
24.648811
 21
2.748895
 31
0.0
  0
LINE
  5
16B1
330
1F
100
AcDbEntity
  8
1
  6
CONTINUOUS
370
50
 62
4
100
AcDbLine
 10
21.105392
 20
-3.180223
 30
0.0
 11
21.051935
 21
-3.092288
 31
0.0
  0
LINE
  5
16B2
330
1F
100
AcDbEntity
  8
1
  6
CONTINUOUS
370
50
 62
4
100
AcDbLine
 10
37.563
 20
2.633356
 30
0.0
 11
37.50943
 21
2.721426
 31
0.0
  0
LINE
  5
16B3
330
1F
100
AcDbEntity
  8
1
  6
CONTINUOUS
370
50
 62
4
100
AcDbLine
 10
34.29525
 20
2.861526
 30
0.0
 11
34.257809
 21
2.922981
 31
0.0
  0
LINE
  5
16B4
330
1F
100
AcDbEntity
  8
1
  6
CONTINUOUS
370
50
 62
4
100
AcDbLine
 10
21.158833
 20
-3.267936
 30
0.0
 11
21.105392
 21
-3.180223
 31
0.0
  0
LINE
  5
16B5
330
1F
100
AcDbEntity
  8
1
  6
CONTINUOUS
370
50
 62
4
100
AcDbLine
 10
37.50943
 20
2.721426
 30
0.0
 11
37.455875
 21
2.809282
 31
0.0
  0
LINE
  5
16B6
330
1F
100
AcDbEntity
  8
1
  6
CONTINUOUS
370
50
 62
4
100
AcDbLine
 10
24.755873
 20
2.573034
 30
0.0
 11
24.702333
 21
2.660846
 31
0.0
  0
LINE
  5
16B7
330
1F
100
AcDbEntity
  8
1
  6
CONTINUOUS
370
50
 62
4
100
AcDbLine
 10
37.455875
 20
2.809282
 30
0.0
 11
37.402336
 21
2.89692
 31
0.0
  0
LINE
  5
16B8
330
1F
100
AcDbEntity
  8
1
  6
CONTINUOUS
370
50
 62
4
100
AcDbLine
 10
24.809429
 20
2.485464
 30
0.0
 11
24.755873
 21
2.573034
 31
0.0
  0
LINE
  5
16B9
330
1F
100
AcDbEntity
  8
1
  6
CONTINUOUS
370
50
 62
4
100
AcDbLine
 10
37.402336
 20
2.89692
 30
0.0
 11
37.348816
 21
2.984337
 31
0.0
  0
LINE
  5
16BA
330
1F
100
AcDbEntity
  8
1
  6
CONTINUOUS
370
50
 62
4
100
AcDbLine
 10
24.863001
 20
2.39814
 30
0.0
 11
24.809429
 21
2.485464
 31
0.0
  0
LINE
  5
16BB
330
1F
100
AcDbEntity
  8
1
  6
CONTINUOUS
370
50
 62
4
100
AcDbLine
 10
37.348816
 20
2.984337
 30
0.0
 11
37.295307
 21
3.071526
 31
0.0
  0
LINE
  5
16BC
330
1F
100
AcDbEntity
  8
1
  6
CONTINUOUS
370
50
 62
4
100
AcDbLine
 10
37.295307
 20
3.071526
 30
0.0
 11
37.241821
 21
3.158483
 31
0.0
  0
LINE
  5
16BD
330
1F
100
AcDbEntity
  8
1
  6
CONTINUOUS
370
50
 62
4
100
AcDbLine
 10
37.241821
 20
3.158483
 30
0.0
 11
37.188351
 21
3.245206
 31
0.0
  0
LINE
  5
16BE
330
1F
100
AcDbEntity
  8
1
  6
CONTINUOUS
370
50
 62
4
100
AcDbLine
 10
35.851048
 20
-3.129679
 30
0.0
 11
35.818474
 21
-3.076917
 31
0.0
  0
LINE
  5
16BF
330
1F
100
AcDbEntity
  8
1
  6
CONTINUOUS
370
50
 62
4
100
AcDbLine
 10
21.89609
 20
-2.689017
 30
0.0
 11
21.842516
 21
-2.602263
 31
0.0
  0
LINE
  5
16C0
330
1F
100
AcDbEntity
  8
1
  6
CONTINUOUS
370
50
 62
4
100
AcDbLine
 10
21.063503
 20
1.449235
 30
0.0
 11
21.030468
 21
1.502625
 31
0.0
  0
LINE
  5
16C1
330
1F
100
AcDbEntity
  8
1
  6
CONTINUOUS
370
50
 62
4
100
AcDbLine
 10
36.980965
 20
-3.254734
 30
0.0
 11
36.96294
 21
-3.225603
 31
0.0
  0
LINE
  5
16C2
330
1F
100
AcDbEntity
  8
1
  6
CONTINUOUS
370
50
 62
4
100
AcDbLine
 10
25.602188
 20
2.812404
 30
0.0
 11
25.546684
 21
2.902087
 31
0.0
  0
LINE
  5
16C3
330
1F
100
AcDbEntity
  8
1
  6
CONTINUOUS
370
50
 62
4
100
AcDbLine
 10
21.949644
 20
-2.775526
 30
0.0
 11
21.89609
 21
-2.689017
 31
0.0
  0
LINE
  5
16C4
330
1F
100
AcDbEntity
  8
1
  6
CONTINUOUS
370
50
 62
4
100
AcDbLine
 10
37.243435
 20
3.253289
 30
0.0
 11
37.229469
 21
3.275808
 31
0.0
  0
LINE
  5
16C5
330
1F
100
AcDbEntity
  8
1
  6
CONTINUOUS
370
50
 62
4
100
AcDbLine
 10
22.003185
 20
-2.861789
 30
0.0
 11
21.949644
 21
-2.775526
 31
0.0
  0
LINE
  5
16C6
330
1F
100
AcDbEntity
  8
1
  6
CONTINUOUS
370
50
 62
4
100
AcDbLine
 10
25.657713
 20
2.72301
 30
0.0
 11
25.602188
 21
2.812404
 31
0.0
  0
LINE
  5
16C7
330
1F
100
AcDbEntity
  8
1
  6
CONTINUOUS
370
50
 62
4
100
AcDbLine
 10
18.845762
 20
1.201023
 30
0.0
 11
18.810951
 21
1.257002
 31
0.0
  0
LINE
  5
16C8
330
1F
100
AcDbEntity
  8
1
  6
CONTINUOUS
370
50
 62
4
100
AcDbLine
 10
36.257336
 20
3.128445
 30
0.0
 11
36.231049
 21
3.170703
 31
0.0
  0
LINE
  5
16C9
330
1F
100
AcDbEntity
  8
1
  6
CONTINUOUS
370
50
 62
4
100
AcDbLine
 10
33.583069
 20
-2.866144
 30
0.0
 11
33.546055
 21
-2.806649
 31
0.0
  0
LINE
  5
16CA
330
1F
100
AcDbEntity
  8
1
  6
CONTINUOUS
370
50
 62
4
100
AcDbLine
 10
22.056707
 20
-2.947799
 30
0.0
 11
22.003185
 21
-2.861789
 31
0.0
  0
LINE
  5
16CB
330
1F
100
AcDbEntity
  8
1
  6
CONTINUOUS
370
50
 62
4
100
AcDbLine
 10
25.713255
 20
2.633907
 30
0.0
 11
25.657713
 21
2.72301
 31
0.0
  0
LINE
  5
16CC
330
1F
100
AcDbEntity
  8
1
  6
CONTINUOUS
370
50
 62
4
100
AcDbLine
 10
22.110212
 20
-3.033552
 30
0.0
 11
22.056707
 21
-2.947799
 31
0.0
  0
LINE
  5
16CD
330
1F
100
AcDbEntity
  8
1
  6
CONTINUOUS
370
50
 62
4
100
AcDbLine
 10
36.504665
 20
2.584244
 30
0.0
 11
36.451099
 21
2.669915
 31
0.0
  0
LINE
  5
16CE
330
1F
100
AcDbEntity
  8
1
  6
CONTINUOUS
370
50
 62
4
100
AcDbLine
 10
38.812294
 20
0.9249189999999999
 30
0.0
 11
38.775826
 21
0.983235
 31
0.0
  0
LINE
  5
16CF
330
1F
100
AcDbEntity
  8
1
  6
CONTINUOUS
370
50
 62
4
100
AcDbLine
 10
22.163698
 20
-3.119044
 30
0.0
 11
22.110212
 21
-3.033552
 31
0.0
  0
LINE
  5
16D0
330
1F
100
AcDbEntity
  8
1
  6
CONTINUOUS
370
50
 62
4
100
AcDbLine
 10
25.768818
 20
2.545102
 30
0.0
 11
25.713255
 21
2.633907
 31
0.0
  0
LINE
  5
16D1
330
1F
100
AcDbEntity
  8
1
  6
CONTINUOUS
370
50
 62
4
100
AcDbLine
 10
36.451099
 20
2.669915
 30
0.0
 11
36.397545
 21
2.755329
 31
0.0
  0
LINE
  5
16D2
330
1F
100
AcDbEntity
  8
1
  6
CONTINUOUS
370
50
 62
4
100
AcDbLine
 10
22.217167
 20
-3.204272
 30
0.0
 11
22.163698
 21
-3.119044
 31
0.0
  0
LINE
  5
16D3
330
1F
100
AcDbEntity
  8
1
  6
CONTINUOUS
370
50
 62
4
100
AcDbLine
 10
25.824398
 20
2.456599
 30
0.0
 11
25.768818
 21
2.545102
 31
0.0
  0
LINE
  5
16D4
330
1F
100
AcDbEntity
  8
1
  6
CONTINUOUS
370
50
 62
4
100
AcDbLine
 10
36.397545
 20
2.755329
 30
0.0
 11
36.344006
 21
2.840483
 31
0.0
  0
LINE
  5
16D5
330
1F
100
AcDbEntity
  8
1
  6
CONTINUOUS
370
50
 62
4
100
AcDbLine
 10
25.879995
 20
2.368406
 30
0.0
 11
25.824398
 21
2.456599
 31
0.0
  0
LINE
  5
16D6
330
1F
100
AcDbEntity
  8
1
  6
CONTINUOUS
370
50
 62
4
100
AcDbLine
 10
36.344006
 20
2.840483
 30
0.0
 11
36.290482
 21
2.925372
 31
0.0
  0
LINE
  5
16D7
330
1F
100
AcDbEntity
  8
1
  6
CONTINUOUS
370
50
 62
4
100
AcDbLine
 10
36.290482
 20
2.925372
 30
0.0
 11
36.236977
 21
3.00999
 31
0.0
  0
LINE
  5
16D8
330
1F
100
AcDbEntity
  8
1
  6
CONTINUOUS
370
50
 62
4
100
AcDbLine
 10
34.734756
 20
-3.025445
 30
0.0
 11
34.696003
 21
-2.964308
 31
0.0
  0
LINE
  5
16D9
330
1F
100
AcDbEntity
  8
1
  6
CONTINUOUS
370
50
 62
4
100
AcDbLine
 10
36.236977
 20
3.00999
 30
0.0
 11
36.183487
 21
3.094334
 31
0.0
  0
LINE
  5
16DA
330
1F
100
AcDbEntity
  8
1
  6
CONTINUOUS
370
50
 62
4
100
AcDbLine
 10
36.183487
 20
3.094334
 30
0.0
 11
36.130016
 21
3.178402
 31
0.0
  0
LINE
  5
16DB
330
1F
100
AcDbEntity
  8
1
  6
CONTINUOUS
370
50
 62
4
100
AcDbLine
 10
22.954422
 20
-2.626304
 30
0.0
 11
22.90085
 21
-2.542233
 31
0.0
  0
LINE
  5
16DC
330
1F
100
AcDbEntity
  8
1
  6
CONTINUOUS
370
50
 62
4
100
AcDbLine
 10
32.462311
 20
-2.754586
 30
0.0
 11
32.425823
 21
-2.697402
 31
0.0
  0
LINE
  5
16DD
330
1F
100
AcDbEntity
  8
1
  6
CONTINUOUS
370
50
 62
4
100
AcDbLine
 10
36.998791
 20
-3.282648
 30
0.0
 11
36.980965
 21
-3.254734
 31
0.0
  0
LINE
  5
16DE
330
1F
100
AcDbEntity
  8
1
  6
CONTINUOUS
370
50
 62
4
100
AcDbLine
 10
26.637651
 20
2.723371
 30
0.0
 11
26.605017
 21
2.774473
 31
0.0
  0
LINE
  5
16DF
330
1F
100
AcDbEntity
  8
1
  6
CONTINUOUS
370
50
 62
4
100
AcDbLine
 10
23.007977
 20
-2.710088
 30
0.0
 11
22.954422
 21
-2.626304
 31
0.0
  0
LINE
  5
16E0
330
1F
100
AcDbEntity
  8
1
  6
CONTINUOUS
370
50
 62
4
100
AcDbLine
 10
33.280476
 20
2.784057
 30
0.0
 11
33.241825
 21
2.844435
 31
0.0
  0
LINE
  5
16E1
330
1F
100
AcDbEntity
  8
1
  6
CONTINUOUS
370
50
 62
4
100
AcDbLine
 10
26.670294
 20
2.672384
 30
0.0
 11
26.637651
 21
2.723371
 31
0.0
  0
LINE
  5
16E2
330
1F
100
AcDbEntity
  8
1
  6
CONTINUOUS
370
50
 62
4
100
AcDbLine
 10
37.229469
 20
3.275808
 30
0.0
 11
37.215633
 21
3.297416
 31
0.0
  0
LINE
  5
16E3
330
1F
100
AcDbEntity
  8
1
  6
CONTINUOUS
370
50
 62
4
100
AcDbLine
 10
23.061516
 20
-2.793583
 30
0.0
 11
23.007977
 21
-2.710088
 31
0.0
  0
LINE
  5
16E4
330
1F
100
AcDbEntity
  8
1
  6
CONTINUOUS
370
50
 62
4
100
AcDbLine
 10
26.702942
 20
2.621513
 30
0.0
 11
26.670294
 21
2.672384
 31
0.0
  0
LINE
  5
16E5
330
1F
100
AcDbEntity
  8
1
  6
CONTINUOUS
370
50
 62
4
100
AcDbLine
 10
35.258152
 20
3.024972
 30
0.0
 11
35.219173
 21
3.085681
 31
0.0
  0
LINE
  5
16E6
330
1F
100
AcDbEntity
  8
1
  6
CONTINUOUS
370
50
 62
4
100
AcDbLine
 10
22.154253
 20
1.605764
 30
0.0
 11
22.121838
 21
1.65624
 31
0.0
  0
LINE
  5
16E7
330
1F
100
AcDbEntity
  8
1
  6
CONTINUOUS
370
50
 62
4
100
AcDbLine
 10
23.11504
 20
-2.876785
 30
0.0
 11
23.061516
 21
-2.793583
 31
0.0
  0
LINE
  5
16E8
330
1F
100
AcDbEntity
  8
1
  6
CONTINUOUS
370
50
 62
4
100
AcDbLine
 10
26.735598
 20
2.570758
 30
0.0
 11
26.702942
 21
2.621513
 31
0.0
  0
LINE
  5
16E9
330
1F
100
AcDbEntity
  8
1
  6
CONTINUOUS
370
50
 62
4
100
AcDbLine
 10
26.768259
 20
2.520122
 30
0.0
 11
26.735598
 21
2.570758
 31
0.0
  0
LINE
  5
16EA
330
1F
100
AcDbEntity
  8
1
  6
CONTINUOUS
370
50
 62
4
100
AcDbLine
 10
23.168545
 20
-2.959688
 30
0.0
 11
23.11504
 21
-2.876785
 31
0.0
  0
LINE
  5
16EB
330
1F
100
AcDbEntity
  8
1
  6
CONTINUOUS
370
50
 62
4
100
AcDbLine
 10
35.446335
 20
2.522537
 30
0.0
 11
35.392765
 21
2.605382
 31
0.0
  0
LINE
  5
16EC
330
1F
100
AcDbEntity
  8
1
  6
CONTINUOUS
370
50
 62
4
100
AcDbLine
 10
26.800928
 20
2.469603
 30
0.0
 11
26.768259
 21
2.520122
 31
0.0
  0
LINE
  5
16ED
330
1F
100
AcDbEntity
  8
1
  6
CONTINUOUS
370
50
 62
4
100
AcDbLine
 10
23.222031
 20
-3.04229
 30
0.0
 11
23.168545
 21
-2.959688
 31
0.0
  0
LINE
  5
16EE
330
1F
100
AcDbEntity
  8
1
  6
CONTINUOUS
370
50
 62
4
100
AcDbLine
 10
19.938452
 20
1.348245
 30
0.0
 11
19.904217
 21
1.401043
 31
0.0
  0
LINE
  5
16EF
330
1F
100
AcDbEntity
  8
1
  6
CONTINUOUS
370
50
 62
4
100
AcDbLine
 10
35.392765
 20
2.605382
 30
0.0
 11
35.339211
 21
2.687927
 31
0.0
  0
LINE
  5
16F0
330
1F
100
AcDbEntity
  8
1
  6
CONTINUOUS
370
50
 62
4
100
AcDbLine
 10
23.275499
 20
-3.124586
 30
0.0
 11
23.222031
 21
-3.04229
 31
0.0
  0
LINE
  5
16F1
330
1F
100
AcDbEntity
  8
1
  6
CONTINUOUS
370
50
 62
4
100
AcDbLine
 10
35.883049
 20
-3.178849
 30
0.0
 11
35.851048
 21
-3.129679
 31
0.0
  0
LINE
  5
16F2
330
1F
100
AcDbEntity
  8
1
  6
CONTINUOUS
370
50
 62
4
100
AcDbLine
 10
35.339211
 20
2.687927
 30
0.0
 11
35.285671
 21
2.770169
 31
0.0
  0
LINE
  5
16F3
330
1F
100
AcDbEntity
  8
1
  6
CONTINUOUS
370
50
 62
4
100
AcDbLine
 10
35.285671
 20
2.770169
 30
0.0
 11
35.232147
 21
2.852103
 31
0.0
  0
LINE
  5
16F4
330
1F
100
AcDbEntity
  8
1
  6
CONTINUOUS
370
50
 62
4
100
AcDbLine
 10
34.257809
 20
2.922981
 30
0.0
 11
34.220898
 21
2.97939
 31
0.0
  0
LINE
  5
16F5
330
1F
100
AcDbEntity
  8
1
  6
CONTINUOUS
370
50
 62
4
100
AcDbLine
 10
35.232147
 20
2.852103
 30
0.0
 11
35.178642
 21
2.933724
 31
0.0
  0
LINE
  5
16F6
330
1F
100
AcDbEntity
  8
1
  6
CONTINUOUS
370
50
 62
4
100
AcDbLine
 10
39.906719
 20
1.059407
 30
0.0
 11
39.870621
 21
1.114468
 31
0.0
  0
LINE
  5
16F7
330
1F
100
AcDbEntity
  8
1
  6
CONTINUOUS
370
50
 62
4
100
AcDbLine
 10
33.619644
 20
-2.921844
 30
0.0
 11
33.583069
 21
-2.866144
 31
0.0
  0
LINE
  5
16F8
330
1F
100
AcDbEntity
  8
1
  6
CONTINUOUS
370
50
 62
4
100
AcDbLine
 10
35.178642
 20
2.933724
 30
0.0
 11
35.125153
 21
3.015028
 31
0.0
  0
LINE
  5
16F9
330
1F
100
AcDbEntity
  8
1
  6
CONTINUOUS
370
50
 62
4
100
AcDbLine
 10
36.231049
 20
3.170703
 30
0.0
 11
36.205166
 21
3.209974
 31
0.0
  0
LINE
  5
16FA
330
1F
100
AcDbEntity
  8
1
  6
CONTINUOUS
370
50
 62
4
100
AcDbLine
 10
35.125153
 20
3.015028
 30
0.0
 11
35.071682
 21
3.096012
 31
0.0
  0
LINE
  5
16FB
330
1F
100
AcDbEntity
  8
1
  6
CONTINUOUS
370
50
 62
4
100
AcDbLine
 10
37.016411
 20
-3.30933
 30
0.0
 11
36.998791
 21
-3.282648
 31
0.0
  0
LINE
  5
16FC
330
1F
100
AcDbEntity
  8
1
  6
CONTINUOUS
370
50
 62
4
100
AcDbLine
 10
24.012754
 20
-2.55069
 30
0.0
 11
23.959183
 21
-2.469712
 31
0.0
  0
LINE
  5
16FD
330
1F
100
AcDbEntity
  8
1
  6
CONTINUOUS
370
50
 62
4
100
AcDbLine
 10
37.215633
 20
3.297416
 30
0.0
 11
37.201923
 21
3.318105
 31
0.0
  0
LINE
  5
16FE
330
1F
100
AcDbEntity
  8
1
  6
CONTINUOUS
370
50
 62
4
100
AcDbLine
 10
27.670328
 20
2.620525
 30
0.0
 11
27.663349
 21
2.631053
 31
0.0
  0
LINE
  5
16FF
330
1F
100
AcDbEntity
  8
1
  6
CONTINUOUS
370
50
 62
4
100
AcDbLine
 10
27.677305
 20
2.610003
 30
0.0
 11
27.670328
 21
2.620525
 31
0.0
  0
LINE
  5
1700
330
1F
100
AcDbEntity
  8
1
  6
CONTINUOUS
370
50
 62
4
100
AcDbLine
 10
27.684282
 20
2.599486
 30
0.0
 11
27.677305
 21
2.610003
 31
0.0
  0
LINE
  5
1701
330
1F
100
AcDbEntity
  8
1
  6
CONTINUOUS
370
50
 62
4
100
AcDbLine
 10
24.066309
 20
-2.631341
 30
0.0
 11
24.012754
 21
-2.55069
 31
0.0
  0
LINE
  5
1702
330
1F
100
AcDbEntity
  8
1
  6
CONTINUOUS
370
50
 62
4
100
AcDbLine
 10
27.691261
 20
2.588976
 30
0.0
 11
27.684282
 21
2.599486
 31
0.0
  0
LINE
  5
1703
330
1F
100
AcDbEntity
  8
1
  6
CONTINUOUS
370
50
 62
4
100
AcDbLine
 10
27.698238
 20
2.578471
 30
0.0
 11
27.691261
 21
2.588976
 31
0.0
  0
LINE
  5
1704
330
1F
100
AcDbEntity
  8
1
  6
CONTINUOUS
370
50
 62
4
100
AcDbLine
 10
32.271347
 20
2.695759
 30
0.0
 11
32.234703
 21
2.750895
 31
0.0
  0
LINE
  5
1705
330
1F
100
AcDbEntity
  8
1
  6
CONTINUOUS
370
50
 62
4
100
AcDbLine
 10
27.705217
 20
2.567973
 30
0.0
 11
27.698238
 21
2.578471
 31
0.0
  0
LINE
  5
1706
330
1F
100
AcDbEntity
  8
1
  6
CONTINUOUS
370
50
 62
4
100
AcDbLine
 10
24.119848
 20
-2.711662
 30
0.0
 11
24.066309
 21
-2.631341
 31
0.0
  0
LINE
  5
1707
330
1F
100
AcDbEntity
  8
1
  6
CONTINUOUS
370
50
 62
4
100
AcDbLine
 10
23.244362
 20
1.759154
 30
0.0
 11
23.212582
 21
1.806776
 31
0.0
  0
LINE
  5
1708
330
1F
100
AcDbEntity
  8
1
  6
CONTINUOUS
370
50
 62
4
100
AcDbLine
 10
24.173372
 20
-2.791648
 30
0.0
 11
24.119848
 21
-2.711662
 31
0.0
  0
LINE
  5
1709
330
1F
100
AcDbEntity
  8
1
  6
CONTINUOUS
370
50
 62
4
100
AcDbLine
 10
12.6751
 20
-1.226665
 30
0.0
 11
12.649082
 21
-1.187887
 31
0.0
  0
LINE
  5
170A
330
1F
100
AcDbEntity
  8
1
  6
CONTINUOUS
370
50
 62
4
100
AcDbLine
 10
24.226877
 20
-2.871294
 30
0.0
 11
24.173372
 21
-2.791648
 31
0.0
  0
LINE
  5
170B
330
1F
100
AcDbEntity
  8
1
  6
CONTINUOUS
370
50
 62
4
100
AcDbLine
 10
14.121671
 20
-3.160509
 30
0.0
 11
13.932662
 21
-2.879587
 31
0.0
  0
LINE
  5
170C
330
1F
100
AcDbEntity
  8
1
  6
CONTINUOUS
370
50
 62
4
100
AcDbLine
 10
34.388
 20
2.448285
 30
0.0
 11
34.334431
 21
2.527869
 31
0.0
  0
LINE
  5
170D
330
1F
100
AcDbEntity
  8
1
  6
CONTINUOUS
370
50
 62
4
100
AcDbLine
 10
32.498425
 20
-2.808215
 30
0.0
 11
32.462311
 21
-2.754586
 31
0.0
  0
LINE
  5
170E
330
1F
100
AcDbEntity
  8
1
  6
CONTINUOUS
370
50
 62
4
100
AcDbLine
 10
13.932662
 20
-2.879587
 30
0.0
 11
13.725121
 21
-2.571678
 31
0.0
  0
LINE
  5
170F
330
1F
100
AcDbEntity
  8
1
  6
CONTINUOUS
370
50
 62
4
100
AcDbLine
 10
24.280365
 20
-2.950598
 30
0.0
 11
24.226877
 21
-2.871294
 31
0.0
  0
LINE
  5
1710
330
1F
100
AcDbEntity
  8
1
  6
CONTINUOUS
370
50
 62
4
100
AcDbLine
 10
34.772778
 20
-3.081785
 30
0.0
 11
34.734756
 21
-3.025445
 31
0.0
  0
LINE
  5
1711
330
1F
100
AcDbEntity
  8
1
  6
CONTINUOUS
370
50
 62
4
100
AcDbLine
 10
34.334431
 20
2.527869
 30
0.0
 11
34.280876
 21
2.607109
 31
0.0
  0
LINE
  5
1712
330
1F
100
AcDbEntity
  8
1
  6
CONTINUOUS
370
50
 62
4
100
AcDbLine
 10
18.810951
 20
1.257002
 30
0.0
 11
18.77569
 21
1.309106
 31
0.0
  0
LINE
  5
1713
330
1F
100
AcDbEntity
  8
1
  6
CONTINUOUS
370
50
 62
4
100
AcDbLine
 10
24.333834
 20
-3.029556
 30
0.0
 11
24.280365
 21
-2.950598
 31
0.0
  0
LINE
  5
1714
330
1F
100
AcDbEntity
  8
1
  6
CONTINUOUS
370
50
 62
4
100
AcDbLine
 10
34.280876
 20
2.607109
 30
0.0
 11
34.227337
 21
2.686002
 31
0.0
  0
LINE
  5
1715
330
1F
100
AcDbEntity
  8
1
  6
CONTINUOUS
370
50
 62
4
100
AcDbLine
 10
21.030468
 20
1.502625
 30
0.0
 11
20.996824
 21
1.552131
 31
0.0
  0
LINE
  5
1716
330
1F
100
AcDbEntity
  8
1
  6
CONTINUOUS
370
50
 62
4
100
AcDbLine
 10
34.227337
 20
2.686002
 30
0.0
 11
34.173813
 21
2.764543
 31
0.0
  0
LINE
  5
1717
330
1F
100
AcDbEntity
  8
1
  6
CONTINUOUS
370
50
 62
4
100
AcDbLine
 10
34.173813
 20
2.764543
 30
0.0
 11
34.120308
 21
2.842726
 31
0.0
  0
LINE
  5
1718
330
1F
100
AcDbEntity
  8
1
  6
CONTINUOUS
370
50
 62
4
100
AcDbLine
 10
37.033825
 20
-3.334761
 30
0.0
 11
37.016411
 21
-3.30933
 31
0.0
  0
LINE
  5
1719
330
1F
100
AcDbEntity
  8
1
  6
CONTINUOUS
370
50
 62
4
100
AcDbLine
 10
37.201923
 20
3.318105
 30
0.0
 11
37.188347
 21
3.33787
 31
0.0
  0
LINE
  5
171A
330
1F
100
AcDbEntity
  8
1
  6
CONTINUOUS
370
50
 62
4
100
AcDbLine
 10
34.120308
 20
2.842726
 30
0.0
 11
34.066818
 21
2.92055
 31
0.0
  0
LINE
  5
171B
330
1F
100
AcDbEntity
  8
1
  6
CONTINUOUS
370
50
 62
4
100
AcDbLine
 10
34.066818
 20
2.92055
 30
0.0
 11
34.013351
 21
2.998009
 31
0.0
  0
LINE
  5
171C
330
1F
100
AcDbEntity
  8
1
  6
CONTINUOUS
370
50
 62
4
100
AcDbLine
 10
35.914467
 20
-3.224345
 30
0.0
 11
35.883049
 21
-3.178849
 31
0.0
  0
LINE
  5
171D
330
1F
100
AcDbEntity
  8
1
  6
CONTINUOUS
370
50
 62
4
100
AcDbLine
 10
25.071087
 20
-2.462489
 30
0.0
 11
25.017517
 21
-2.385019
 31
0.0
  0
LINE
  5
171E
330
1F
100
AcDbEntity
  8
1
  6
CONTINUOUS
370
50
 62
4
100
AcDbLine
 10
33.241825
 20
2.844435
 30
0.0
 11
33.203709
 21
2.899507
 31
0.0
  0
LINE
  5
171F
330
1F
100
AcDbEntity
  8
1
  6
CONTINUOUS
370
50
 62
4
100
AcDbLine
 10
13.934636
 20
2.773049
 30
0.0
 11
13.799334
 21
2.968289
 31
0.0
  0
LINE
  5
1720
330
1F
100
AcDbEntity
  8
1
  6
CONTINUOUS
370
50
 62
4
100
AcDbLine
 10
13.725121
 20
-2.571678
 30
0.0
 11
13.496963
 21
-2.243003
 31
0.0
  0
LINE
  5
1721
330
1F
100
AcDbEntity
  8
1
  6
CONTINUOUS
370
50
 62
4
100
AcDbLine
 10
25.124643
 20
-2.539591
 30
0.0
 11
25.071087
 21
-2.462489
 31
0.0
  0
LINE
  5
1722
330
1F
100
AcDbEntity
  8
1
  6
CONTINUOUS
370
50
 62
4
100
AcDbLine
 10
24.333826
 20
1.910362
 30
0.0
 11
24.302692
 21
1.955155
 31
0.0
  0
LINE
  5
1723
330
1F
100
AcDbEntity
  8
1
  6
CONTINUOUS
370
50
 62
4
100
AcDbLine
 10
14.294871
 20
-3.409355
 30
0.0
 11
14.121671
 21
-3.160509
 31
0.0
  0
LINE
  5
1724
330
1F
100
AcDbEntity
  8
1
  6
CONTINUOUS
370
50
 62
4
100
AcDbLine
 10
33.655724
 20
-2.973603
 30
0.0
 11
33.619644
 21
-2.921844
 31
0.0
  0
LINE
  5
1725
330
1F
100
AcDbEntity
  8
1
  6
CONTINUOUS
370
50
 62
4
100
AcDbLine
 10
25.178183
 20
-2.61632
 30
0.0
 11
25.124643
 21
-2.539591
 31
0.0
  0
LINE
  5
1726
330
1F
100
AcDbEntity
  8
1
  6
CONTINUOUS
370
50
 62
4
100
AcDbLine
 10
35.219173
 20
3.085681
 30
0.0
 11
35.181023
 21
3.140113
 31
0.0
  0
LINE
  5
1727
330
1F
100
AcDbEntity
  8
1
  6
CONTINUOUS
370
50
 62
4
100
AcDbLine
 10
25.231707
 20
-2.692673
 30
0.0
 11
25.178183
 21
-2.61632
 31
0.0
  0
LINE
  5
1728
330
1F
100
AcDbEntity
  8
1
  6
CONTINUOUS
370
50
 62
4
100
AcDbLine
 10
36.205166
 20
3.209974
 30
0.0
 11
36.179699
 21
3.246221
 31
0.0
  0
LINE
  5
1729
330
1F
100
AcDbEntity
  8
1
  6
CONTINUOUS
370
50
 62
4
100
AcDbLine
 10
25.285212
 20
-2.768645
 30
0.0
 11
25.231707
 21
-2.692673
 31
0.0
  0
LINE
  5
172A
330
1F
100
AcDbEntity
  8
1
  6
CONTINUOUS
370
50
 62
4
100
AcDbLine
 10
33.329666
 20
2.361319
 30
0.0
 11
33.276096
 21
2.437192
 31
0.0
  0
LINE
  5
172B
330
1F
100
AcDbEntity
  8
1
  6
CONTINUOUS
370
50
 62
4
100
AcDbLine
 10
25.338697
 20
-2.844232
 30
0.0
 11
25.285212
 21
-2.768645
 31
0.0
  0
LINE
  5
172C
330
1F
100
AcDbEntity
  8
1
  6
CONTINUOUS
370
50
 62
4
100
AcDbLine
 10
33.276096
 20
2.437192
 30
0.0
 11
33.222538
 21
2.512675
 31
0.0
  0
LINE
  5
172D
330
1F
100
AcDbEntity
  8
1
  6
CONTINUOUS
370
50
 62
4
100
AcDbLine
 10
34.220898
 20
2.97939
 30
0.0
 11
34.184544
 21
3.030619
 31
0.0
  0
LINE
  5
172E
330
1F
100
AcDbEntity
  8
1
  6
CONTINUOUS
370
50
 62
4
100
AcDbLine
 10
39.870621
 20
1.114468
 30
0.0
 11
39.834156
 21
1.165814
 31
0.0
  0
LINE
  5
172F
330
1F
100
AcDbEntity
  8
1
  6
CONTINUOUS
370
50
 62
4
100
AcDbLine
 10
19.904217
 20
1.401043
 30
0.0
 11
19.869408
 21
1.450024
 31
0.0
  0
LINE
  5
1730
330
1F
100
AcDbEntity
  8
1
  6
CONTINUOUS
370
50
 62
4
100
AcDbLine
 10
22.121838
 20
1.65624
 30
0.0
 11
22.088802
 21
1.702717
 31
0.0
  0
LINE
  5
1731
330
1F
100
AcDbEntity
  8
1
  6
CONTINUOUS
370
50
 62
4
100
AcDbLine
 10
25.392166
 20
-2.919432
 30
0.0
 11
25.338697
 21
-2.844232
 31
0.0
  0
LINE
  5
1732
330
1F
100
AcDbEntity
  8
1
  6
CONTINUOUS
370
50
 62
4
100
AcDbLine
 10
33.222538
 20
2.512675
 30
0.0
 11
33.168999
 21
2.587766
 31
0.0
  0
LINE
  5
1733
330
1F
100
AcDbEntity
  8
1
  6
CONTINUOUS
370
50
 62
4
100
AcDbLine
 10
32.534142
 20
-2.858194
 30
0.0
 11
32.498425
 21
-2.808215
 31
0.0
  0
LINE
  5
1734
330
1F
100
AcDbEntity
  8
1
  6
CONTINUOUS
370
50
 62
4
100
AcDbLine
 10
33.168999
 20
2.587766
 30
0.0
 11
33.115475
 21
2.66246
 31
0.0
  0
LINE
  5
1735
330
1F
100
AcDbEntity
  8
1
  6
CONTINUOUS
370
50
 62
4
100
AcDbLine
 10
32.234703
 20
2.750895
 30
0.0
 11
32.198502
 21
2.80135
 31
0.0
  0
LINE
  5
1736
330
1F
100
AcDbEntity
  8
1
  6
CONTINUOUS
370
50
 62
4
100
AcDbLine
 10
33.115475
 20
2.66246
 30
0.0
 11
33.06197
 21
2.736752
 31
0.0
  0
LINE
  5
1737
330
1F
100
AcDbEntity
  8
1
  6
CONTINUOUS
370
50
 62
4
100
AcDbLine
 10
31.403976
 20
-2.730518
 30
0.0
 11
31.367491
 21
-2.680011
 31
0.0
  0
LINE
  5
1738
330
1F
100
AcDbEntity
  8
1
  6
CONTINUOUS
370
50
 62
4
100
AcDbLine
 10
33.06197
 20
2.736752
 30
0.0
 11
33.008484
 21
2.810638
 31
0.0
  0
LINE
  5
1739
330
1F
100
AcDbEntity
  8
1
  6
CONTINUOUS
370
50
 62
4
100
AcDbLine
 10
34.810051
 20
-3.133217
 30
0.0
 11
34.772778
 21
-3.081785
 31
0.0
  0
LINE
  5
173A
330
1F
100
AcDbEntity
  8
1
  6
CONTINUOUS
370
50
 62
4
100
AcDbLine
 10
33.008484
 20
2.810638
 30
0.0
 11
32.955017
 21
2.884115
 31
0.0
  0
LINE
  5
173B
330
1F
100
AcDbEntity
  8
1
  6
CONTINUOUS
370
50
 62
4
100
AcDbLine
 10
26.129421
 20
-2.361668
 30
0.0
 11
26.07585
 21
-2.288136
 31
0.0
  0
LINE
  5
173C
330
1F
100
AcDbEntity
  8
1
  6
CONTINUOUS
370
50
 62
4
100
AcDbLine
 10
26.182978
 20
-2.434788
 30
0.0
 11
26.129421
 21
-2.361668
 31
0.0
  0
LINE
  5
173D
330
1F
100
AcDbEntity
  8
1
  6
CONTINUOUS
370
50
 62
4
100
AcDbLine
 10
13.496963
 20
-2.243003
 30
0.0
 11
13.248292
 21
-1.904897
 31
0.0
  0
LINE
  5
173E
330
1F
100
AcDbEntity
  8
1
  6
CONTINUOUS
370
50
 62
4
100
AcDbLine
 10
26.236517
 20
-2.507493
 30
0.0
 11
26.182978
 21
-2.434788
 31
0.0
  0
LINE
  5
173F
330
1F
100
AcDbEntity
  8
1
  6
CONTINUOUS
370
50
 62
4
100
AcDbLine
 10
35.945286
 20
-3.266088
 30
0.0
 11
35.914467
 21
-3.224345
 31
0.0
  0
LINE
  5
1740
330
1F
100
AcDbEntity
  8
1
  6
CONTINUOUS
370
50
 62
4
100
AcDbLine
 10
18.77569
 20
1.309106
 30
0.0
 11
18.740009
 21
1.357315
 31
0.0
  0
LINE
  5
1741
330
1F
100
AcDbEntity
  8
1
  6
CONTINUOUS
370
50
 62
4
100
AcDbLine
 10
26.290041
 20
-2.579778
 30
0.0
 11
26.236517
 21
-2.507493
 31
0.0
  0
LINE
  5
1742
330
1F
100
AcDbEntity
  8
1
  6
CONTINUOUS
370
50
 62
4
100
AcDbLine
 10
26.343546
 20
-2.651639
 30
0.0
 11
26.290041
 21
-2.579778
 31
0.0
  0
LINE
  5
1743
330
1F
100
AcDbEntity
  8
1
  6
CONTINUOUS
370
50
 62
4
100
AcDbLine
 10
23.212582
 20
1.806776
 30
0.0
 11
23.180166
 21
1.850292
 31
0.0
  0
LINE
  5
1744
330
1F
100
AcDbEntity
  8
1
  6
CONTINUOUS
370
50
 62
4
100
AcDbLine
 10
33.69119999999999
 20
-3.021189
 30
0.0
 11
33.655724
 21
-2.973603
 31
0.0
  0
LINE
  5
1745
330
1F
100
AcDbEntity
  8
1
  6
CONTINUOUS
370
50
 62
4
100
AcDbLine
 10
32.271332
 20
2.261281
 30
0.0
 11
32.217762
 21
2.332974
 31
0.0
  0
LINE
  5
1746
330
1F
100
AcDbEntity
  8
1
  6
CONTINUOUS
370
50
 62
4
100
AcDbLine
 10
26.397032
 20
-2.723072
 30
0.0
 11
26.343546
 21
-2.651639
 31
0.0
  0
LINE
  5
1747
330
1F
100
AcDbEntity
  8
1
  6
CONTINUOUS
370
50
 62
4
100
AcDbLine
 10
20.996824
 20
1.552131
 30
0.0
 11
20.962585
 21
1.597714
 31
0.0
  0
LINE
  5
1748
330
1F
100
AcDbEntity
  8
1
  6
CONTINUOUS
370
50
 62
4
100
AcDbLine
 10
32.217762
 20
2.332974
 30
0.0
 11
32.164204
 21
2.404232
 31
0.0
  0
LINE
  5
1749
330
1F
100
AcDbEntity
  8
1
  6
CONTINUOUS
370
50
 62
4
100
AcDbLine
 10
26.4505
 20
-2.794074
 30
0.0
 11
26.397032
 21
-2.723072
 31
0.0
  0
LINE
  5
174A
330
1F
100
AcDbEntity
  8
1
  6
CONTINUOUS
370
50
 62
4
100
AcDbLine
 10
36.179699
 20
3.246221
 30
0.0
 11
36.154644
 21
3.279408
 31
0.0
  0
LINE
  5
174B
330
1F
100
AcDbEntity
  8
1
  6
CONTINUOUS
370
50
 62
4
100
AcDbLine
 10
32.164204
 20
2.404232
 30
0.0
 11
32.110664
 21
2.47505
 31
0.0
  0
LINE
  5
174C
330
1F
100
AcDbEntity
  8
1
  6
CONTINUOUS
370
50
 62
4
100
AcDbLine
 10
33.203709
 20
2.899507
 30
0.0
 11
33.166138
 21
2.949159
 31
0.0
  0
LINE
  5
174D
330
1F
100
AcDbEntity
  8
1
  6
CONTINUOUS
370
50
 62
4
100
AcDbLine
 10
32.110664
 20
2.47505
 30
0.0
 11
32.05714
 21
2.545425
 31
0.0
  0
LINE
  5
174E
330
1F
100
AcDbEntity
  8
1
  6
CONTINUOUS
370
50
 62
4
100
AcDbLine
 10
32.569439
 20
-2.90443
 30
0.0
 11
32.534142
 21
-2.858194
 31
0.0
  0
LINE
  5
174F
330
1F
100
AcDbEntity
  8
1
  6
CONTINUOUS
370
50
 62
4
100
AcDbLine
 10
32.05714
 20
2.545425
 30
0.0
 11
32.003635
 21
2.615351
 31
0.0
  0
LINE
  5
1750
330
1F
100
AcDbEntity
  8
1
  6
CONTINUOUS
370
50
 62
4
100
AcDbLine
 10
32.003635
 20
2.615351
 30
0.0
 11
31.95015
 21
2.684824
 31
0.0
  0
LINE
  5
1751
330
1F
100
AcDbEntity
  8
1
  6
CONTINUOUS
370
50
 62
4
100
AcDbLine
 10
31.440094
 20
-2.777317
 30
0.0
 11
31.403976
 21
-2.730518
 31
0.0
  0
LINE
  5
1752
330
1F
100
AcDbEntity
  8
1
  6
CONTINUOUS
370
50
 62
4
100
AcDbLine
 10
31.95015
 20
2.684824
 30
0.0
 11
31.896683
 21
2.753841
 31
0.0
  0
LINE
  5
1753
330
1F
100
AcDbEntity
  8
1
  6
CONTINUOUS
370
50
 62
4
100
AcDbLine
 10
27.187757
 20
-2.247891
 30
0.0
 11
27.134184
 21
-2.178749
 31
0.0
  0
LINE
  5
1754
330
1F
100
AcDbEntity
  8
1
  6
CONTINUOUS
370
50
 62
4
100
AcDbLine
 10
31.213013
 20
2.676232
 30
0.0
 11
31.174995
 21
2.725249
 31
0.0
  0
LINE
  5
1755
330
1F
100
AcDbEntity
  8
1
  6
CONTINUOUS
370
50
 62
4
100
AcDbLine
 10
35.181023
 20
3.140113
 30
0.0
 11
35.143715
 21
3.188175
 31
0.0
  0
LINE
  5
1756
330
1F
100
AcDbEntity
  8
1
  6
CONTINUOUS
370
50
 62
4
100
AcDbLine
 10
34.184544
 20
3.030619
 30
0.0
 11
34.148865
 21
3.076424
 31
0.0
  0
LINE
  5
1757
330
1F
100
AcDbEntity
  8
1
  6
CONTINUOUS
370
50
 62
4
100
AcDbLine
 10
27.241314
 20
-2.316575
 30
0.0
 11
27.187757
 21
-2.247891
 31
0.0
  0
LINE
  5
1758
330
1F
100
AcDbEntity
  8
1
  6
CONTINUOUS
370
50
 62
4
100
AcDbLine
 10
32.198502
 20
2.80135
 30
0.0
 11
32.162754
 21
2.847044
 31
0.0
  0
LINE
  5
1759
330
1F
100
AcDbEntity
  8
1
  6
CONTINUOUS
370
50
 62
4
100
AcDbLine
 10
24.302692
 20
1.955155
 30
0.0
 11
24.27091
 21
1.995738
 31
0.0
  0
LINE
  5
175A
330
1F
100
AcDbEntity
  8
1
  6
CONTINUOUS
370
50
 62
4
100
AcDbLine
 10
19.869408
 20
1.450024
 30
0.0
 11
19.834114
 21
1.495047
 31
0.0
  0
LINE
  5
175B
330
1F
100
AcDbEntity
  8
1
  6
CONTINUOUS
370
50
 62
4
100
AcDbLine
 10
27.294855
 20
-2.384799
 30
0.0
 11
27.241314
 21
-2.316575
 31
0.0
  0
LINE
  5
175C
330
1F
100
AcDbEntity
  8
1
  6
CONTINUOUS
370
50
 62
4
100
AcDbLine
 10
34.84655
 20
-3.179628
 30
0.0
 11
34.810051
 21
-3.133217
 31
0.0
  0
LINE
  5
175D
330
1F
100
AcDbEntity
  8
1
  6
CONTINUOUS
370
50
 62
4
100
AcDbLine
 10
27.348377
 20
-2.452559
 30
0.0
 11
27.294855
 21
-2.384799
 31
0.0
  0
LINE
  5
175E
330
1F
100
AcDbEntity
  8
1
  6
CONTINUOUS
370
50
 62
4
100
AcDbLine
 10
22.088802
 20
1.702717
 30
0.0
 11
22.055161
 21
1.745163
 31
0.0
  0
LINE
  5
175F
330
1F
100
AcDbEntity
  8
1
  6
CONTINUOUS
370
50
 62
4
100
AcDbLine
 10
27.401882
 20
-2.519849
 30
0.0
 11
27.348377
 21
-2.452559
 31
0.0
  0
LINE
  5
1760
330
1F
100
AcDbEntity
  8
1
  6
CONTINUOUS
370
50
 62
4
100
AcDbLine
 10
35.975494
 20
-3.303999
 30
0.0
 11
35.945286
 21
-3.266088
 31
0.0
  0
LINE
  5
1761
330
1F
100
AcDbEntity
  8
1
  6
CONTINUOUS
370
50
 62
4
100
AcDbLine
 10
31.212999
 20
2.147679
 30
0.0
 11
31.159426
 21
2.214706
 31
0.0
  0
LINE
  5
1762
330
1F
100
AcDbEntity
  8
1
  6
CONTINUOUS
370
50
 62
4
100
AcDbLine
 10
13.248292
 20
-1.904897
 30
0.0
 11
12.975661
 21
-1.564134
 31
0.0
  0
LINE
  5
1763
330
1F
100
AcDbEntity
  8
1
  6
CONTINUOUS
370
50
 62
4
100
AcDbLine
 10
27.455368
 20
-2.586665
 30
0.0
 11
27.401882
 21
-2.519849
 31
0.0
  0
LINE
  5
1764
330
1F
100
AcDbEntity
  8
1
  6
CONTINUOUS
370
50
 62
4
100
AcDbLine
 10
33.726048
 20
-3.064506
 30
0.0
 11
33.69119999999999
 21
-3.021189
 31
0.0
  0
LINE
  5
1765
330
1F
100
AcDbEntity
  8
1
  6
CONTINUOUS
370
50
 62
4
100
AcDbLine
 10
31.159426
 20
2.214706
 30
0.0
 11
31.105867
 21
2.28125
 31
0.0
  0
LINE
  5
1766
330
1F
100
AcDbEntity
  8
1
  6
CONTINUOUS
370
50
 62
4
100
AcDbLine
 10
27.508833
 20
-2.653005
 30
0.0
 11
27.455368
 21
-2.586665
 31
0.0
  0
LINE
  5
1767
330
1F
100
AcDbEntity
  8
1
  6
CONTINUOUS
370
50
 62
4
100
AcDbLine
 10
13.799334
 20
2.968289
 30
0.0
 11
13.655093
 21
3.146781
 31
0.0
  0
LINE
  5
1768
330
1F
100
AcDbEntity
  8
1
  6
CONTINUOUS
370
50
 62
4
100
AcDbLine
 10
31.105867
 20
2.28125
 30
0.0
 11
31.052324
 21
2.347306
 31
0.0
  0
LINE
  5
1769
330
1F
100
AcDbEntity
  8
1
  6
CONTINUOUS
370
50
 62
4
100
AcDbLine
 10
18.740009
 20
1.357315
 30
0.0
 11
18.703932
 21
1.401611
 31
0.0
  0
LINE
  5
176A
330
1F
100
AcDbEntity
  8
1
  6
CONTINUOUS
370
50
 62
4
100
AcDbLine
 10
31.052324
 20
2.347306
 30
0.0
 11
30.9988
 21
2.412872
 31
0.0
  0
LINE
  5
176B
330
1F
100
AcDbEntity
  8
1
  6
CONTINUOUS
370
50
 62
4
100
AcDbLine
 10
36.154644
 20
3.279408
 30
0.0
 11
36.130013
 21
3.309498
 31
0.0
  0
LINE
  5
176C
330
1F
100
AcDbEntity
  8
1
  6
CONTINUOUS
370
50
 62
4
100
AcDbLine
 10
32.604256
 20
-2.946779
 30
0.0
 11
32.569439
 21
-2.90443
 31
0.0
  0
LINE
  5
176D
330
1F
100
AcDbEntity
  8
1
  6
CONTINUOUS
370
50
 62
4
100
AcDbLine
 10
30.9988
 20
2.412872
 30
0.0
 11
30.945297
 21
2.477939
 31
0.0
  0
LINE
  5
176E
330
1F
100
AcDbEntity
  8
1
  6
CONTINUOUS
370
50
 62
4
100
AcDbLine
 10
25.392159
 20
2.102334
 30
0.0
 11
25.360683
 21
2.140356
 31
0.0
  0
LINE
  5
176F
330
1F
100
AcDbEntity
  8
1
  6
CONTINUOUS
370
50
 62
4
100
AcDbLine
 10
30.945297
 20
2.477939
 30
0.0
 11
30.891813
 21
2.542506
 31
0.0
  0
LINE
  5
1770
330
1F
100
AcDbEntity
  8
1
  6
CONTINUOUS
370
50
 62
4
100
AcDbLine
 10
31.475813
 20
-2.820321
 30
0.0
 11
31.440094
 21
-2.777317
 31
0.0
  0
LINE
  5
1771
330
1F
100
AcDbEntity
  8
1
  6
CONTINUOUS
370
50
 62
4
100
AcDbLine
 10
28.246092
 20
-2.120576
 30
0.0
 11
28.192516
 21
-2.056303
 31
0.0
  0
LINE
  5
1772
330
1F
100
AcDbEntity
  8
1
  6
CONTINUOUS
370
50
 62
4
100
AcDbLine
 10
30.891813
 20
2.542506
 30
0.0
 11
30.83835
 21
2.606569
 31
0.0
  0
LINE
  5
1773
330
1F
100
AcDbEntity
  8
1
  6
CONTINUOUS
370
50
 62
4
100
AcDbLine
 10
20.962585
 20
1.597714
 30
0.0
 11
20.927771
 21
1.639329
 31
0.0
  0
LINE
  5
1774
330
1F
100
AcDbEntity
  8
1
  6
CONTINUOUS
370
50
 62
4
100
AcDbLine
 10
33.166138
 20
2.949159
 30
0.0
 11
33.129139
 21
2.99327
 31
0.0
  0
LINE
  5
1775
330
1F
100
AcDbEntity
  8
1
  6
CONTINUOUS
370
50
 62
4
100
AcDbLine
 10
23.180166
 20
1.850292
 30
0.0
 11
23.147131
 21
1.889677
 31
0.0
  0
LINE
  5
1776
330
1F
100
AcDbEntity
  8
1
  6
CONTINUOUS
370
50
 62
4
100
AcDbLine
 10
28.29965
 20
-2.184345
 30
0.0
 11
28.246092
 21
-2.120576
 31
0.0
  0
LINE
  5
1777
330
1F
100
AcDbEntity
  8
1
  6
CONTINUOUS
370
50
 62
4
100
AcDbLine
 10
30.349863
 20
-2.695856
 30
0.0
 11
30.309158
 21
-2.647615
 31
0.0
  0
LINE
  5
1778
330
1F
100
AcDbEntity
  8
1
  6
CONTINUOUS
370
50
 62
4
100
AcDbLine
 10
28.353191
 20
-2.247606
 30
0.0
 11
28.29965
 21
-2.184345
 31
0.0
  0
LINE
  5
1779
330
1F
100
AcDbEntity
  8
1
  6
CONTINUOUS
370
50
 62
4
100
AcDbLine
 10
28.406715
 20
-2.310355
 30
0.0
 11
28.353191
 21
-2.247606
 31
0.0
  0
LINE
  5
177A
330
1F
100
AcDbEntity
  8
1
  6
CONTINUOUS
370
50
 62
4
100
AcDbLine
 10
31.174995
 20
2.725249
 30
0.0
 11
31.137451
 21
2.769028
 31
0.0
  0
LINE
  5
177B
330
1F
100
AcDbEntity
  8
1
  6
CONTINUOUS
370
50
 62
4
100
AcDbLine
 10
28.46022
 20
-2.372587
 30
0.0
 11
28.406715
 21
-2.310355
 31
0.0
  0
LINE
  5
177C
330
1F
100
AcDbEntity
  8
1
  6
CONTINUOUS
370
50
 62
4
100
AcDbLine
 10
14.348432
 20
1.913707
 30
0.0
 11
14.312939
 21
1.954916
 31
0.0
  0
LINE
  5
177D
330
1F
100
AcDbEntity
  8
1
  6
CONTINUOUS
370
50
 62
4
100
AcDbLine
 10
32.162754
 20
2.847044
 30
0.0
 11
32.127476
 21
2.887893
 31
0.0
  0
LINE
  5
177E
330
1F
100
AcDbEntity
  8
1
  6
CONTINUOUS
370
50
 62
4
100
AcDbLine
 10
34.882259
 20
-3.220907
 30
0.0
 11
34.84655
 21
-3.179628
 31
0.0
  0
LINE
  5
177F
330
1F
100
AcDbEntity
  8
1
  6
CONTINUOUS
370
50
 62
4
100
AcDbLine
 10
30.154667
 20
2.019956
 30
0.0
 11
30.101089
 21
2.081815
 31
0.0
  0
LINE
  5
1780
330
1F
100
AcDbEntity
  8
1
  6
CONTINUOUS
370
50
 62
4
100
AcDbLine
 10
28.513702
 20
-2.434298
 30
0.0
 11
28.46022
 21
-2.372587
 31
0.0
  0
LINE
  5
1781
330
1F
100
AcDbEntity
  8
1
  6
CONTINUOUS
370
50
 62
4
100
AcDbLine
 10
34.148865
 20
3.076424
 30
0.0
 11
34.113895
 21
3.116702
 31
0.0
  0
LINE
  5
1782
330
1F
100
AcDbEntity
  8
1
  6
CONTINUOUS
370
50
 62
4
100
AcDbLine
 10
19.834114
 20
1.495047
 30
0.0
 11
19.798403
 21
1.536046
 31
0.0
  0
LINE
  5
1783
330
1F
100
AcDbEntity
  8
1
  6
CONTINUOUS
370
50
 62
4
100
AcDbLine
 10
30.101089
 20
2.081815
 30
0.0
 11
30.047529
 21
2.143142
 31
0.0
  0
LINE
  5
1784
330
1F
100
AcDbEntity
  8
1
  6
CONTINUOUS
370
50
 62
4
100
AcDbLine
 10
28.567167
 20
-2.495485
 30
0.0
 11
28.513702
 21
-2.434298
 31
0.0
  0
LINE
  5
1785
330
1F
100
AcDbEntity
  8
1
  6
CONTINUOUS
370
50
 62
4
100
AcDbLine
 10
35.143715
 20
3.188175
 30
0.0
 11
35.107262
 21
3.229774
 31
0.0
  0
LINE
  5
1786
330
1F
100
AcDbEntity
  8
1
  6
CONTINUOUS
370
50
 62
4
100
AcDbLine
 10
33.76025
 20
-3.103476
 30
0.0
 11
33.726048
 21
-3.064506
 31
0.0
  0
LINE
  5
1787
330
1F
100
AcDbEntity
  8
1
  6
CONTINUOUS
370
50
 62
4
100
AcDbLine
 10
30.047529
 20
2.143142
 30
0.0
 11
29.993986
 21
2.203933
 31
0.0
  0
LINE
  5
1788
330
1F
100
AcDbEntity
  8
1
  6
CONTINUOUS
370
50
 62
4
100
AcDbLine
 10
29.993986
 20
2.203933
 30
0.0
 11
29.940462
 21
2.264183
 31
0.0
  0
LINE
  5
1789
330
1F
100
AcDbEntity
  8
1
  6
CONTINUOUS
370
50
 62
4
100
AcDbLine
 10
12.975661
 20
-1.564134
 30
0.0
 11
12.6751
 21
-1.226665
 31
0.0
  0
LINE
  5
178A
330
1F
100
AcDbEntity
  8
1
  6
CONTINUOUS
370
50
 62
4
100
AcDbLine
 10
24.27091
 20
1.995738
 30
0.0
 11
24.238495
 21
2.032098
 31
0.0
  0
LINE
  5
178B
330
1F
100
AcDbEntity
  8
1
  6
CONTINUOUS
370
50
 62
4
100
AcDbLine
 10
22.055161
 20
1.745163
 30
0.0
 11
22.020924
 21
1.783546
 31
0.0
  0
LINE
  5
178C
330
1F
100
AcDbEntity
  8
1
  6
CONTINUOUS
370
50
 62
4
100
AcDbLine
 10
32.638489
 20
-2.985067
 30
0.0
 11
32.604256
 21
-2.946779
 31
0.0
  0
LINE
  5
178D
330
1F
100
AcDbEntity
  8
1
  6
CONTINUOUS
370
50
 62
4
100
AcDbLine
 10
29.940462
 20
2.264183
 30
0.0
 11
29.886959
 21
2.323885
 31
0.0
  0
LINE
  5
178E
330
1F
100
AcDbEntity
  8
1
  6
CONTINUOUS
370
50
 62
4
100
AcDbLine
 10
31.511112
 20
-2.859442
 30
0.0
 11
31.475813
 21
-2.820321
 31
0.0
  0
LINE
  5
178F
330
1F
100
AcDbEntity
  8
1
  6
CONTINUOUS
370
50
 62
4
100
AcDbLine
 10
18.703932
 20
1.401611
 30
0.0
 11
18.667484
 21
1.441978
 31
0.0
  0
LINE
  5
1790
330
1F
100
AcDbEntity
  8
1
  6
CONTINUOUS
370
50
 62
4
100
AcDbLine
 10
29.886959
 20
2.323885
 30
0.0
 11
29.833477
 21
2.383038
 31
0.0
  0
LINE
  5
1791
330
1F
100
AcDbEntity
  8
1
  6
CONTINUOUS
370
50
 62
4
100
AcDbLine
 10
29.30455
 20
-1.97911
 30
0.0
 11
29.250851
 21
-1.920075
 31
0.0
  0
LINE
  5
1792
330
1F
100
AcDbEntity
  8
1
  6
CONTINUOUS
370
50
 62
4
100
AcDbLine
 10
29.833477
 20
2.383038
 30
0.0
 11
29.780016
 21
2.441638
 31
0.0
  0
LINE
  5
1793
330
1F
100
AcDbEntity
  8
1
  6
CONTINUOUS
370
50
 62
4
100
AcDbLine
 10
29.358232
 20
-2.037588
 30
0.0
 11
29.30455
 21
-1.97911
 31
0.0
  0
LINE
  5
1794
330
1F
100
AcDbEntity
  8
1
  6
CONTINUOUS
370
50
 62
4
100
AcDbLine
 10
30.390102
 20
-2.739302
 30
0.0
 11
30.349863
 21
-2.695856
 31
0.0
  0
LINE
  5
1795
330
1F
100
AcDbEntity
  8
1
  6
CONTINUOUS
370
50
 62
4
100
AcDbLine
 10
29.411898
 20
-2.095507
 30
0.0
 11
29.358232
 21
-2.037588
 31
0.0
  0
LINE
  5
1796
330
1F
100
AcDbEntity
  8
1
  6
CONTINUOUS
370
50
 62
4
100
AcDbLine
 10
29.465494
 20
-2.152807
 30
0.0
 11
29.411898
 21
-2.095507
 31
0.0
  0
LINE
  5
1797
330
1F
100
AcDbEntity
  8
1
  6
CONTINUOUS
370
50
 62
4
100
AcDbLine
 10
20.927771
 20
1.639329
 30
0.0
 11
20.892469
 21
1.676858
 31
0.0
  0
LINE
  5
1798
330
1F
100
AcDbEntity
  8
1
  6
CONTINUOUS
370
50
 62
4
100
AcDbLine
 10
30.15468
 20
2.641567
 30
0.0
 11
30.114813
 21
2.683843
 31
0.0
  0
LINE
  5
1799
330
1F
100
AcDbEntity
  8
1
  6
CONTINUOUS
370
50
 62
4
100
AcDbLine
 10
29.518925
 20
-2.209386
 30
0.0
 11
29.465494
 21
-2.152807
 31
0.0
  0
LINE
  5
179A
330
1F
100
AcDbEntity
  8
1
  6
CONTINUOUS
370
50
 62
4
100
AcDbLine
 10
33.129139
 20
2.99327
 30
0.0
 11
33.092827
 21
3.031628
 31
0.0
  0
LINE
  5
179B
330
1F
100
AcDbEntity
  8
1
  6
CONTINUOUS
370
50
 62
4
100
AcDbLine
 10
29.096333
 20
1.878552
 30
0.0
 11
29.042761
 21
1.934969
 31
0.0
  0
LINE
  5
179C
330
1F
100
AcDbEntity
  8
1
  6
CONTINUOUS
370
50
 62
4
100
AcDbLine
 10
29.572243
 20
-2.265298
 30
0.0
 11
29.518925
 21
-2.209386
 31
0.0
  0
LINE
  5
179D
330
1F
100
AcDbEntity
  8
1
  6
CONTINUOUS
370
50
 62
4
100
AcDbLine
 10
23.147131
 20
1.889677
 30
0.0
 11
23.113487
 21
1.924908
 31
0.0
  0
LINE
  5
179E
330
1F
100
AcDbEntity
  8
1
  6
CONTINUOUS
370
50
 62
4
100
AcDbLine
 10
13.655093
 20
3.146781
 30
0.0
 11
13.501711
 21
3.307372
 31
0.0
  0
LINE
  5
179F
330
1F
100
AcDbEntity
  8
1
  6
CONTINUOUS
370
50
 62
4
100
AcDbLine
 10
14.308948
 20
-3.486622
 30
0.0
 11
14.285607
 21
-3.462191
 31
0.0
  0
LINE
  5
17A0
330
1F
100
AcDbEntity
  8
1
  6
CONTINUOUS
370
50
 62
4
100
AcDbLine
 10
25.360683
 20
2.140356
 30
0.0
 11
25.328547
 21
2.173975
 31
0.0
  0
LINE
  5
17A1
330
1F
100
AcDbEntity
  8
1
  6
CONTINUOUS
370
50
 62
4
100
AcDbLine
 10
29.042761
 20
1.934969
 30
0.0
 11
28.989204
 21
1.990839
 31
0.0
  0
LINE
  5
17A2
330
1F
100
AcDbEntity
  8
1
  6
CONTINUOUS
370
50
 62
4
100
AcDbLine
 10
29.6255
 20
-2.320606
 30
0.0
 11
29.572243
 21
-2.265298
 31
0.0
  0
LINE
  5
17A3
330
1F
100
AcDbEntity
  8
1
  6
CONTINUOUS
370
50
 62
4
100
AcDbLine
 10
31.137451
 20
2.769028
 30
0.0
 11
31.100397
 21
2.807491
 31
0.0
  0
LINE
  5
17A4
330
1F
100
AcDbEntity
  8
1
  6
CONTINUOUS
370
50
 62
4
100
AcDbLine
 10
12.604511
 20
3.847715
 30
0.0
 11
12.592198
 21
3.860454
 31
0.0
  0
LINE
  5
17A5
330
1F
100
AcDbEntity
  8
1
  6
CONTINUOUS
370
50
 62
4
100
AcDbLine
 10
28.989204
 20
1.990839
 30
0.0
 11
28.935665
 21
2.046163
 31
0.0
  0
LINE
  5
17A6
330
1F
100
AcDbEntity
  8
1
  6
CONTINUOUS
370
50
 62
4
100
AcDbLine
 10
34.91716
 20
-3.25694
 30
0.0
 11
34.882259
 21
-3.220907
 31
0.0
  0
LINE
  5
17A7
330
1F
100
AcDbEntity
  8
1
  6
CONTINUOUS
370
50
 62
4
100
AcDbLine
 10
32.127476
 20
2.887893
 30
0.0
 11
32.092678
 21
2.923819
 31
0.0
  0
LINE
  5
17A8
330
1F
100
AcDbEntity
  8
1
  6
CONTINUOUS
370
50
 62
4
100
AcDbLine
 10
33.793789
 20
-3.138019
 30
0.0
 11
33.76025
 21
-3.103476
 31
0.0
  0
LINE
  5
17A9
330
1F
100
AcDbEntity
  8
1
  6
CONTINUOUS
370
50
 62
4
100
AcDbLine
 10
19.798403
 20
1.536046
 30
0.0
 11
19.762297
 21
1.573014
 31
0.0
  0
LINE
  5
17AA
330
1F
100
AcDbEntity
  8
1
  6
CONTINUOUS
370
50
 62
4
100
AcDbLine
 10
28.935665
 20
2.046163
 30
0.0
 11
28.882141
 21
2.100937
 31
0.0
  0
LINE
  5
17AB
330
1F
100
AcDbEntity
  8
1
  6
CONTINUOUS
370
50
 62
4
100
AcDbLine
 10
32.672134
 20
-3.01923
 30
0.0
 11
32.638489
 21
-2.985067
 31
0.0
  0
LINE
  5
17AC
330
1F
100
AcDbEntity
  8
1
  6
CONTINUOUS
370
50
 62
4
100
AcDbLine
 10
28.882141
 20
2.100937
 30
0.0
 11
28.828636
 21
2.155158
 31
0.0
  0
LINE
  5
17AD
330
1F
100
AcDbEntity
  8
1
  6
CONTINUOUS
370
50
 62
4
100
AcDbLine
 10
34.113895
 20
3.116702
 30
0.0
 11
34.079647
 21
3.151395
 31
0.0
  0
LINE
  5
17AE
330
1F
100
AcDbEntity
  8
1
  6
CONTINUOUS
370
50
 62
4
100
AcDbLine
 10
16.753073
 20
1.118429
 30
0.0
 11
16.661816
 21
1.210847
 31
0.0
  0
LINE
  5
17AF
330
1F
100
AcDbEntity
  8
1
  6
CONTINUOUS
370
50
 62
4
100
AcDbLine
 10
31.545925
 20
-2.894551
 30
0.0
 11
31.511112
 21
-2.859442
 31
0.0
  0
LINE
  5
17B0
330
1F
100
AcDbEntity
  8
1
  6
CONTINUOUS
370
50
 62
4
100
AcDbLine
 10
28.828636
 20
2.155158
 30
0.0
 11
28.77515
 21
2.208827
 31
0.0
  0
LINE
  5
17B1
330
1F
100
AcDbEntity
  8
1
  6
CONTINUOUS
370
50
 62
4
100
AcDbLine
 10
17.835234
 20
3.383774
 30
0.0
 11
17.721094
 21
3.497961
 31
0.0
  0
LINE
  5
17B2
330
1F
100
AcDbEntity
  8
1
  6
CONTINUOUS
370
50
 62
4
100
AcDbLine
 10
17.949371
 20
3.269598
 30
0.0
 11
17.835234
 21
3.383774
 31
0.0
  0
LINE
  5
17B3
330
1F
100
AcDbEntity
  8
1
  6
CONTINUOUS
370
50
 62
4
100
AcDbLine
 10
18.063507
 20
3.155436
 30
0.0
 11
17.949371
 21
3.269598
 31
0.0
  0
LINE
  5
17B4
330
1F
100
AcDbEntity
  8
1
  6
CONTINUOUS
370
50
 62
4
100
AcDbLine
 10
18.177639
 20
3.041289
 30
0.0
 11
18.063507
 21
3.155436
 31
0.0
  0
LINE
  5
17B5
330
1F
100
AcDbEntity
  8
1
  6
CONTINUOUS
370
50
 62
4
100
AcDbLine
 10
18.291767
 20
2.927161
 30
0.0
 11
18.177639
 21
3.041289
 31
0.0
  0
LINE
  5
17B6
330
1F
100
AcDbEntity
  8
1
  6
CONTINUOUS
370
50
 62
4
100
AcDbLine
 10
18.405888
 20
2.813053
 30
0.0
 11
18.291767
 21
2.927161
 31
0.0
  0
LINE
  5
17B7
330
1F
100
AcDbEntity
  8
1
  6
CONTINUOUS
370
50
 62
4
100
AcDbLine
 10
18.52
 20
2.698967
 30
0.0
 11
18.405888
 21
2.813053
 31
0.0
  0
LINE
  5
17B8
330
1F
100
AcDbEntity
  8
1
  6
CONTINUOUS
370
50
 62
4
100
AcDbLine
 10
30.362757
 20
-1.824295
 30
0.0
 11
30.309183
 21
-1.770958
 31
0.0
  0
LINE
  5
17B9
330
1F
100
AcDbEntity
  8
1
  6
CONTINUOUS
370
50
 62
4
100
AcDbLine
 10
28.77515
 20
2.208827
 30
0.0
 11
28.721684
 21
2.26194
 31
0.0
  0
LINE
  5
17BA
330
1F
100
AcDbEntity
  8
1
  6
CONTINUOUS
370
50
 62
4
100
AcDbLine
 10
30.416313
 20
-1.877071
 30
0.0
 11
30.362757
 21
-1.824295
 31
0.0
  0
LINE
  5
17BB
330
1F
100
AcDbEntity
  8
1
  6
CONTINUOUS
370
50
 62
4
100
AcDbLine
 10
22.020924
 20
1.783546
 30
0.0
 11
21.986111
 21
1.817831
 31
0.0
  0
LINE
  5
17BC
330
1F
100
AcDbEntity
  8
1
  6
CONTINUOUS
370
50
 62
4
100
AcDbLine
 10
35.107262
 20
3.229774
 30
0.0
 11
35.071678
 21
3.264816
 31
0.0
  0
LINE
  5
17BD
330
1F
100
AcDbEntity
  8
1
  6
CONTINUOUS
370
50
 62
4
100
AcDbLine
 10
29.293436
 20
-2.641103
 30
0.0
 11
29.250824
 21
-2.599446
 31
0.0
  0
LINE
  5
17BE
330
1F
100
AcDbEntity
  8
1
  6
CONTINUOUS
370
50
 62
4
100
AcDbLine
 10
30.469852
 20
-1.929286
 30
0.0
 11
30.416313
 21
-1.877071
 31
0.0
  0
LINE
  5
17BF
330
1F
100
AcDbEntity
  8
1
  6
CONTINUOUS
370
50
 62
4
100
AcDbLine
 10
24.238495
 20
2.032098
 30
0.0
 11
24.205458
 21
2.064222
 31
0.0
  0
LINE
  5
17C0
330
1F
100
AcDbEntity
  8
1
  6
CONTINUOUS
370
50
 62
4
100
AcDbLine
 10
30.429842
 20
-2.777839
 30
0.0
 11
30.390102
 21
-2.739302
 31
0.0
  0
LINE
  5
17C1
330
1F
100
AcDbEntity
  8
1
  6
CONTINUOUS
370
50
 62
4
100
AcDbLine
 10
26.450493
 20
2.283848
 30
0.0
 11
26.418158
 21
2.315159
 31
0.0
  0
LINE
  5
17C2
330
1F
100
AcDbEntity
  8
1
  6
CONTINUOUS
370
50
 62
4
100
AcDbLine
 10
30.523376
 20
-1.980936
 30
0.0
 11
30.469852
 21
-1.929286
 31
0.0
  0
LINE
  5
17C3
330
1F
100
AcDbEntity
  8
1
  6
CONTINUOUS
370
50
 62
4
100
AcDbLine
 10
30.576881
 20
-2.03202
 30
0.0
 11
30.523376
 21
-1.980936
 31
0.0
  0
LINE
  5
17C4
330
1F
100
AcDbEntity
  8
1
  6
CONTINUOUS
370
50
 62
4
100
AcDbLine
 10
28.038
 20
1.729208
 30
0.0
 11
27.984428
 21
1.780122
 31
0.0
  0
LINE
  5
17C5
330
1F
100
AcDbEntity
  8
1
  6
CONTINUOUS
370
50
 62
4
100
AcDbLine
 10
30.630367
 20
-2.082536
 30
0.0
 11
30.576881
 21
-2.03202
 31
0.0
  0
LINE
  5
17C6
330
1F
100
AcDbEntity
  8
1
  6
CONTINUOUS
370
50
 62
4
100
AcDbLine
 10
27.984428
 20
1.780122
 30
0.0
 11
27.930874
 21
1.83047
 31
0.0
  0
LINE
  5
17C7
330
1F
100
AcDbEntity
  8
1
  6
CONTINUOUS
370
50
 62
4
100
AcDbLine
 10
20.892469
 20
1.676858
 30
0.0
 11
20.85675
 21
1.710252
 31
0.0
  0
LINE
  5
17C8
330
1F
100
AcDbEntity
  8
1
  6
CONTINUOUS
370
50
 62
4
100
AcDbLine
 10
30.683834
 20
-2.132484
 30
0.0
 11
30.630367
 21
-2.082536
 31
0.0
  0
LINE
  5
17C9
330
1F
100
AcDbEntity
  8
1
  6
CONTINUOUS
370
50
 62
4
100
AcDbLine
 10
27.930874
 20
1.83047
 30
0.0
 11
27.877333
 21
1.880251
 31
0.0
  0
LINE
  5
17CA
330
1F
100
AcDbEntity
  8
1
  6
CONTINUOUS
370
50
 62
4
100
AcDbLine
 10
14.390763
 20
1.874544
 30
0.0
 11
14.348432
 21
1.913707
 31
0.0
  0
LINE
  5
17CB
330
1F
100
AcDbEntity
  8
1
  6
CONTINUOUS
370
50
 62
4
100
AcDbLine
 10
30.114813
 20
2.683843
 30
0.0
 11
30.075468
 21
2.720163
 31
0.0
  0
LINE
  5
17CC
330
1F
100
AcDbEntity
  8
1
  6
CONTINUOUS
370
50
 62
4
100
AcDbLine
 10
27.877333
 20
1.880251
 30
0.0
 11
27.823811
 21
1.929462
 31
0.0
  0
LINE
  5
17CD
330
1F
100
AcDbEntity
  8
1
  6
CONTINUOUS
370
50
 62
4
100
AcDbLine
 10
33.826653
 20
-3.168056
 30
0.0
 11
33.793789
 21
-3.138019
 31
0.0
  0
LINE
  5
17CE
330
1F
100
AcDbEntity
  8
1
  6
CONTINUOUS
370
50
 62
4
100
AcDbLine
 10
33.092827
 20
3.031628
 30
0.0
 11
33.057247
 21
3.064136
 31
0.0
  0
LINE
  5
17CF
330
1F
100
AcDbEntity
  8
1
  6
CONTINUOUS
370
50
 62
4
100
AcDbLine
 10
27.823811
 20
1.929462
 30
0.0
 11
27.770306
 21
1.978101
 31
0.0
  0
LINE
  5
17D0
330
1F
100
AcDbEntity
  8
1
  6
CONTINUOUS
370
50
 62
4
100
AcDbLine
 10
32.70517
 20
-3.049202
 30
0.0
 11
32.672134
 21
-3.01923
 31
0.0
  0
LINE
  5
17D1
330
1F
100
AcDbEntity
  8
1
  6
CONTINUOUS
370
50
 62
4
100
AcDbLine
 10
23.113487
 20
1.924908
 30
0.0
 11
23.07925
 21
1.955963
 31
0.0
  0
LINE
  5
17D2
330
1F
100
AcDbEntity
  8
1
  6
CONTINUOUS
370
50
 62
4
100
AcDbLine
 10
31.100397
 20
2.807491
 30
0.0
 11
31.06385
 21
2.84056
 31
0.0
  0
LINE
  5
17D3
330
1F
100
AcDbEntity
  8
1
  6
CONTINUOUS
370
50
 62
4
100
AcDbLine
 10
31.580162
 20
-2.925499
 30
0.0
 11
31.545925
 21
-2.894551
 31
0.0
  0
LINE
  5
17D4
330
1F
100
AcDbEntity
  8
1
  6
CONTINUOUS
370
50
 62
4
100
AcDbLine
 10
19.762297
 20
1.573014
 30
0.0
 11
19.725824
 21
1.605948
 31
0.0
  0
LINE
  5
17D5
330
1F
100
AcDbEntity
  8
1
  6
CONTINUOUS
370
50
 62
4
100
AcDbLine
 10
32.092678
 20
2.923819
 30
0.0
 11
32.058411
 21
2.954714
 31
0.0
  0
LINE
  5
17D6
330
1F
100
AcDbEntity
  8
1
  6
CONTINUOUS
370
50
 62
4
100
AcDbLine
 10
27.770306
 20
1.978101
 30
0.0
 11
27.716818
 21
2.026167
 31
0.0
  0
LINE
  5
17D7
330
1F
100
AcDbEntity
  8
1
  6
CONTINUOUS
370
50
 62
4
100
AcDbLine
 10
25.328547
 20
2.173975
 30
0.0
 11
25.295761
 21
2.203186
 31
0.0
  0
LINE
  5
17D8
330
1F
100
AcDbEntity
  8
1
  6
CONTINUOUS
370
50
 62
4
100
AcDbLine
 10
31.421087
 20
-1.662665
 30
0.0
 11
31.367517
 21
-1.614954
 31
0.0
  0
LINE
  5
17D9
330
1F
100
AcDbEntity
  8
1
  6
CONTINUOUS
370
50
 62
4
100
AcDbLine
 10
27.716818
 20
2.026167
 30
0.0
 11
27.663349
 21
2.073658
 31
0.0
  0
LINE
  5
17DA
330
1F
100
AcDbEntity
  8
1
  6
CONTINUOUS
370
50
 62
4
100
AcDbLine
 10
31.474644
 20
-1.709797
 30
0.0
 11
31.421087
 21
-1.662665
 31
0.0
  0
LINE
  5
17DB
330
1F
100
AcDbEntity
  8
1
  6
CONTINUOUS
370
50
 62
4
100
AcDbLine
 10
13.501711
 20
3.307372
 30
0.0
 11
13.339518
 21
3.4488
 31
0.0
  0
LINE
  5
17DC
330
1F
100
AcDbEntity
  8
1
  6
CONTINUOUS
370
50
 62
4
100
AcDbLine
 10
31.528183
 20
-1.75635
 30
0.0
 11
31.474644
 21
-1.709797
 31
0.0
  0
LINE
  5
17DD
330
1F
100
AcDbEntity
  8
1
  6
CONTINUOUS
370
50
 62
4
100
AcDbLine
 10
34.079647
 20
3.151395
 30
0.0
 11
34.046127
 21
3.180444
 31
0.0
  0
LINE
  5
17DE
330
1F
100
AcDbEntity
  8
1
  6
CONTINUOUS
370
50
 62
4
100
AcDbLine
 10
29.335541
 20
-2.677345
 30
0.0
 11
29.293436
 21
-2.641103
 31
0.0
  0
LINE
  5
17DF
330
1F
100
AcDbEntity
  8
1
  6
CONTINUOUS
370
50
 62
4
100
AcDbLine
 10
31.581707
 20
-1.802322
 30
0.0
 11
31.528183
 21
-1.75635
 31
0.0
  0
LINE
  5
17E0
330
1F
100
AcDbEntity
  8
1
  6
CONTINUOUS
370
50
 62
4
100
AcDbLine
 10
30.46904
 20
-2.811353
 30
0.0
 11
30.429842
 21
-2.777839
 31
0.0
  0
LINE
  5
17E1
330
1F
100
AcDbEntity
  8
1
  6
CONTINUOUS
370
50
 62
4
100
AcDbLine
 10
21.986111
 20
1.817831
 30
0.0
 11
21.950811
 21
1.847927
 31
0.0
  0
LINE
  5
17E2
330
1F
100
AcDbEntity
  8
1
  6
CONTINUOUS
370
50
 62
4
100
AcDbLine
 10
31.635212
 20
-1.847711
 30
0.0
 11
31.581707
 21
-1.802322
 31
0.0
  0
LINE
  5
17E3
330
1F
100
AcDbEntity
  8
1
  6
CONTINUOUS
370
50
 62
4
100
AcDbLine
 10
26.979666
 20
1.573395
 30
0.0
 11
26.926096
 21
1.618598
 31
0.0
  0
LINE
  5
17E4
330
1F
100
AcDbEntity
  8
1
  6
CONTINUOUS
370
50
 62
4
100
AcDbLine
 10
31.688698
 20
-1.892515
 30
0.0
 11
31.635212
 21
-1.847711
 31
0.0
  0
LINE
  5
17E5
330
1F
100
AcDbEntity
  8
1
  6
CONTINUOUS
370
50
 62
4
100
AcDbLine
 10
26.926096
 20
1.618598
 30
0.0
 11
26.872541
 21
1.663214
 31
0.0
  0
LINE
  5
17E6
330
1F
100
AcDbEntity
  8
1
  6
CONTINUOUS
370
50
 62
4
100
AcDbLine
 10
24.205458
 20
2.064222
 30
0.0
 11
24.171814
 21
2.092095
 31
0.0
  0
LINE
  5
17E7
330
1F
100
AcDbEntity
  8
1
  6
CONTINUOUS
370
50
 62
4
100
AcDbLine
 10
31.742167
 20
-1.936735
 30
0.0
 11
31.688698
 21
-1.892515
 31
0.0
  0
LINE
  5
17E8
330
1F
100
AcDbEntity
  8
1
  6
CONTINUOUS
370
50
 62
4
100
AcDbLine
 10
26.872541
 20
1.663214
 30
0.0
 11
26.819002
 21
1.707243
 31
0.0
  0
LINE
  5
17E9
330
1F
100
AcDbEntity
  8
1
  6
CONTINUOUS
370
50
 62
4
100
AcDbLine
 10
29.096346
 20
2.59119
 30
0.0
 11
29.053469
 21
2.626354
 31
0.0
  0
LINE
  5
17EA
330
1F
100
AcDbEntity
  8
1
  6
CONTINUOUS
370
50
 62
4
100
AcDbLine
 10
26.819002
 20
1.707243
 30
0.0
 11
26.765478
 21
1.750683
 31
0.0
  0
LINE
  5
17EB
330
1F
100
AcDbEntity
  8
1
  6
CONTINUOUS
370
50
 62
4
100
AcDbLine
 10
20.85675
 20
1.710252
 30
0.0
 11
20.820635
 21
1.739519
 31
0.0
  0
LINE
  5
17EC
330
1F
100
AcDbEntity
  8
1
  6
CONTINUOUS
370
50
 62
4
100
AcDbLine
 10
26.418158
 20
2.315159
 30
0.0
 11
26.385122
 21
2.341742
 31
0.0
  0
LINE
  5
17ED
330
1F
100
AcDbEntity
  8
1
  6
CONTINUOUS
370
50
 62
4
100
AcDbLine
 10
26.765478
 20
1.750683
 30
0.0
 11
26.711973
 21
1.79353
 31
0.0
  0
LINE
  5
17EE
330
1F
100
AcDbEntity
  8
1
  6
CONTINUOUS
370
50
 62
4
100
AcDbLine
 10
31.613806
 20
-2.952229
 30
0.0
 11
31.580162
 21
-2.925499
 31
0.0
  0
LINE
  5
17EF
330
1F
100
AcDbEntity
  8
1
  6
CONTINUOUS
370
50
 62
4
100
AcDbLine
 10
14.436116
 20
1.838545
 30
0.0
 11
14.390763
 21
1.874544
 31
0.0
  0
LINE
  5
17F0
330
1F
100
AcDbEntity
  8
1
  6
CONTINUOUS
370
50
 62
4
100
AcDbLine
 10
32.737583
 20
-3.074922
 30
0.0
 11
32.70517
 21
-3.049202
 31
0.0
  0
LINE
  5
17F1
330
1F
100
AcDbEntity
  8
1
  6
CONTINUOUS
370
50
 62
4
100
AcDbLine
 10
33.858826
 20
-3.193507
 30
0.0
 11
33.826653
 21
-3.168056
 31
0.0
  0
LINE
  5
17F2
330
1F
100
AcDbEntity
  8
1
  6
CONTINUOUS
370
50
 62
4
100
AcDbLine
 10
26.711973
 20
1.79353
 30
0.0
 11
26.658485
 21
1.835785
 31
0.0
  0
LINE
  5
17F3
330
1F
100
AcDbEntity
  8
1
  6
CONTINUOUS
370
50
 62
4
100
AcDbLine
 10
32.47942
 20
-1.495332
 30
0.0
 11
32.42585
 21
-1.453416
 31
0.0
  0
LINE
  5
17F4
330
1F
100
AcDbEntity
  8
1
  6
CONTINUOUS
370
50
 62
4
100
AcDbLine
 10
30.075468
 20
2.720163
 30
0.0
 11
30.036663
 21
2.750457
 31
0.0
  0
LINE
  5
17F5
330
1F
100
AcDbEntity
  8
1
  6
CONTINUOUS
370
50
 62
4
100
AcDbLine
 10
26.658485
 20
1.835785
 30
0.0
 11
26.605017
 21
1.877445
 31
0.0
  0
LINE
  5
17F6
330
1F
100
AcDbEntity
  8
1
  6
CONTINUOUS
370
50
 62
4
100
AcDbLine
 10
28.230925
 20
-2.567156
 30
0.0
 11
28.192492
 21
-2.537409
 31
0.0
  0
LINE
  5
17F7
330
1F
100
AcDbEntity
  8
1
  6
CONTINUOUS
370
50
 62
4
100
AcDbLine
 10
32.532974
 20
-1.536654
 30
0.0
 11
32.47942
 21
-1.495332
 31
0.0
  0
LINE
  5
17F8
330
1F
100
AcDbEntity
  8
1
  6
CONTINUOUS
370
50
 62
4
100
AcDbLine
 10
23.07925
 20
1.955963
 30
0.0
 11
23.044439
 21
1.982817
 31
0.0
  0
LINE
  5
17F9
330
1F
100
AcDbEntity
  8
1
  6
CONTINUOUS
370
50
 62
4
100
AcDbLine
 10
31.06385
 20
2.84056
 30
0.0
 11
31.027828
 21
2.868159
 31
0.0
  0
LINE
  5
17FA
330
1F
100
AcDbEntity
  8
1
  6
CONTINUOUS
370
50
 62
4
100
AcDbLine
 10
32.058411
 20
2.954714
 30
0.0
 11
32.024769
 21
2.980447
 31
0.0
  0
LINE
  5
17FB
330
1F
100
AcDbEntity
  8
1
  6
CONTINUOUS
370
50
 62
4
100
AcDbLine
 10
33.057247
 20
3.064136
 30
0.0
 11
33.022411
 21
3.090749
 31
0.0
  0
LINE
  5
17FC
330
1F
100
AcDbEntity
  8
1
  6
CONTINUOUS
370
50
 62
4
100
AcDbLine
 10
32.586514
 20
-1.57738
 30
0.0
 11
32.532974
 21
-1.536654
 31
0.0
  0
LINE
  5
17FD
330
1F
100
AcDbEntity
  8
1
  6
CONTINUOUS
370
50
 62
4
100
AcDbLine
 10
32.640038
 20
-1.617509
 30
0.0
 11
32.586514
 21
-1.57738
 31
0.0
  0
LINE
  5
17FE
330
1F
100
AcDbEntity
  8
1
  6
CONTINUOUS
370
50
 62
4
100
AcDbLine
 10
25.295761
 20
2.203186
 30
0.0
 11
25.262341
 21
2.227985
 31
0.0
  0
LINE
  5
17FF
330
1F
100
AcDbEntity
  8
1
  6
CONTINUOUS
370
50
 62
4
100
AcDbLine
 10
29.377096
 20
-2.708056
 30
0.0
 11
29.335541
 21
-2.677345
 31
0.0
  0
LINE
  5
1800
330
1F
100
AcDbEntity
  8
1
  6
CONTINUOUS
370
50
 62
4
100
AcDbLine
 10
32.693542
 20
-1.65704
 30
0.0
 11
32.640038
 21
-1.617509
 31
0.0
  0
LINE
  5
1801
330
1F
100
AcDbEntity
  8
1
  6
CONTINUOUS
370
50
 62
4
100
AcDbLine
 10
30.507566
 20
-2.839653
 30
0.0
 11
30.46904
 21
-2.811353
 31
0.0
  0
LINE
  5
1802
330
1F
100
AcDbEntity
  8
1
  6
CONTINUOUS
370
50
 62
4
100
AcDbLine
 10
25.921333
 20
1.411323
 30
0.0
 11
25.867764
 21
1.450597
 31
0.0
  0
LINE
  5
1803
330
1F
100
AcDbEntity
  8
1
  6
CONTINUOUS
370
50
 62
4
100
AcDbLine
 10
12.621955
 20
3.834939
 30
0.0
 11
12.604511
 21
3.847715
 31
0.0
  0
LINE
  5
1804
330
1F
100
AcDbEntity
  8
1
  6
CONTINUOUS
370
50
 62
4
100
AcDbLine
 10
32.747032
 20
-1.695971
 30
0.0
 11
32.693542
 21
-1.65704
 31
0.0
  0
LINE
  5
1805
330
1F
100
AcDbEntity
  8
1
  6
CONTINUOUS
370
50
 62
4
100
AcDbLine
 10
21.950811
 20
1.847927
 30
0.0
 11
21.915092
 21
1.873805
 31
0.0
  0
LINE
  5
1806
330
1F
100
AcDbEntity
  8
1
  6
CONTINUOUS
370
50
 62
4
100
AcDbLine
 10
25.867764
 20
1.450597
 30
0.0
 11
25.814207
 21
1.489264
 31
0.0
  0
LINE
  5
1807
330
1F
100
AcDbEntity
  8
1
  6
CONTINUOUS
370
50
 62
4
100
AcDbLine
 10
27.508825
 20
2.455126
 30
0.0
 11
27.47506
 21
2.479418
 31
0.0
  0
LINE
  5
1808
330
1F
100
AcDbEntity
  8
1
  6
CONTINUOUS
370
50
 62
4
100
AcDbLine
 10
32.80049899999999
 20
-1.734301
 30
0.0
 11
32.747032
 21
-1.695971
 31
0.0
  0
LINE
  5
1809
330
1F
100
AcDbEntity
  8
1
  6
CONTINUOUS
370
50
 62
4
100
AcDbLine
 10
13.339518
 20
3.4488
 30
0.0
 11
13.167405
 21
3.57177
 31
0.0
  0
LINE
  5
180A
330
1F
100
AcDbEntity
  8
1
  6
CONTINUOUS
370
50
 62
4
100
AcDbLine
 10
34.046127
 20
3.180444
 30
0.0
 11
34.013344
 21
3.20379
 31
0.0
  0
LINE
  5
180B
330
1F
100
AcDbEntity
  8
1
  6
CONTINUOUS
370
50
 62
4
100
AcDbLine
 10
14.480673
 20
1.806829
 30
0.0
 11
14.436116
 21
1.838545
 31
0.0
  0
LINE
  5
180C
330
1F
100
AcDbEntity
  8
1
  6
CONTINUOUS
370
50
 62
4
100
AcDbLine
 10
25.814207
 20
1.489264
 30
0.0
 11
25.760668
 21
1.527323
 31
0.0
  0
LINE
  5
180D
330
1F
100
AcDbEntity
  8
1
  6
CONTINUOUS
370
50
 62
4
100
AcDbLine
 10
25.760668
 20
1.527323
 30
0.0
 11
25.707146
 21
1.564771
 31
0.0
  0
LINE
  5
180E
330
1F
100
AcDbEntity
  8
1
  6
CONTINUOUS
370
50
 62
4
100
AcDbLine
 10
24.171814
 20
2.092095
 30
0.0
 11
24.137577
 21
2.115705
 31
0.0
  0
LINE
  5
180F
330
1F
100
AcDbEntity
  8
1
  6
CONTINUOUS
370
50
 62
4
100
AcDbLine
 10
20.820635
 20
1.739519
 30
0.0
 11
20.784153
 21
1.764666
 31
0.0
  0
LINE
  5
1810
330
1F
100
AcDbEntity
  8
1
  6
CONTINUOUS
370
50
 62
4
100
AcDbLine
 10
16.440191
 20
1.35592
 30
0.0
 11
16.403999
 21
1.380843
 31
0.0
  0
LINE
  5
1811
330
1F
100
AcDbEntity
  8
1
  6
CONTINUOUS
370
50
 62
4
100
AcDbLine
 10
25.707146
 20
1.564771
 30
0.0
 11
25.653641
 21
1.601607
 31
0.0
  0
LINE
  5
1812
330
1F
100
AcDbEntity
  8
1
  6
CONTINUOUS
370
50
 62
4
100
AcDbLine
 10
31.646841
 20
-2.974687
 30
0.0
 11
31.613806
 21
-2.952229
 31
0.0
  0
LINE
  5
1813
330
1F
100
AcDbEntity
  8
1
  6
CONTINUOUS
370
50
 62
4
100
AcDbLine
 10
16.476583
 20
1.331208
 30
0.0
 11
16.440191
 21
1.35592
 31
0.0
  0
LINE
  5
1814
330
1F
100
AcDbEntity
  8
1
  6
CONTINUOUS
370
50
 62
4
100
AcDbLine
 10
25.653641
 20
1.601607
 30
0.0
 11
25.600153
 21
1.637829
 31
0.0
  0
LINE
  5
1815
330
1F
100
AcDbEntity
  8
1
  6
CONTINUOUS
370
50
 62
4
100
AcDbLine
 10
32.769363
 20
-3.096325
 30
0.0
 11
32.737583
 21
-3.074922
 31
0.0
  0
LINE
  5
1816
330
1F
100
AcDbEntity
  8
1
  6
CONTINUOUS
370
50
 62
4
100
AcDbLine
 10
14.341547
 20
-3.508572
 30
0.0
 11
14.308948
 21
-3.486622
 31
0.0
  0
LINE
  5
1817
330
1F
100
AcDbEntity
  8
1
  6
CONTINUOUS
370
50
 62
4
100
AcDbLine
 10
33.537754
 20
-1.322852
 30
0.0
 11
33.484184
 21
-1.286894
 31
0.0
  0
LINE
  5
1818
330
1F
100
AcDbEntity
  8
1
  6
CONTINUOUS
370
50
 62
4
100
AcDbLine
 10
16.513186
 20
1.306708
 30
0.0
 11
16.476583
 21
1.331208
 31
0.0
  0
LINE
  5
1819
330
1F
100
AcDbEntity
  8
1
  6
CONTINUOUS
370
50
 62
4
100
AcDbLine
 10
25.600153
 20
1.637829
 30
0.0
 11
25.546684
 21
1.673437
 31
0.0
  0
LINE
  5
181A
330
1F
100
AcDbEntity
  8
1
  6
CONTINUOUS
370
50
 62
4
100
AcDbLine
 10
29.053469
 20
2.626354
 30
0.0
 11
29.011194
 21
2.654471
 31
0.0
  0
LINE
  5
181B
330
1F
100
AcDbEntity
  8
1
  6
CONTINUOUS
370
50
 62
4
100
AcDbLine
 10
28.26895
 20
-2.592391
 30
0.0
 11
28.230925
 21
-2.567156
 31
0.0
  0
LINE
  5
181C
330
1F
100
AcDbEntity
  8
1
  6
CONTINUOUS
370
50
 62
4
100
AcDbLine
 10
33.591309
 20
-1.358199
 30
0.0
 11
33.537754
 21
-1.322852
 31
0.0
  0
LINE
  5
181D
330
1F
100
AcDbEntity
  8
1
  6
CONTINUOUS
370
50
 62
4
100
AcDbLine
 10
16.550001
 20
1.282421
 30
0.0
 11
16.513186
 21
1.306708
 31
0.0
  0
LINE
  5
181E
330
1F
100
AcDbEntity
  8
1
  6
CONTINUOUS
370
50
 62
4
100
AcDbLine
 10
14.522644
 20
1.779236
 30
0.0
 11
14.480673
 21
1.806829
 31
0.0
  0
LINE
  5
181F
330
1F
100
AcDbEntity
  8
1
  6
CONTINUOUS
370
50
 62
4
100
AcDbLine
 10
16.58704
 20
1.258348
 30
0.0
 11
16.550001
 21
1.282421
 31
0.0
  0
LINE
  5
1820
330
1F
100
AcDbEntity
  8
1
  6
CONTINUOUS
370
50
 62
4
100
AcDbLine
 10
33.644848
 20
-1.392935
 30
0.0
 11
33.591309
 21
-1.358199
 31
0.0
  0
LINE
  5
1821
330
1F
100
AcDbEntity
  8
1
  6
CONTINUOUS
370
50
 62
4
100
AcDbLine
 10
26.385122
 20
2.341742
 30
0.0
 11
26.351408
 21
2.363606
 31
0.0
  0
LINE
  5
1822
330
1F
100
AcDbEntity
  8
1
  6
CONTINUOUS
370
50
 62
4
100
AcDbLine
 10
16.62431
 20
1.23449
 30
0.0
 11
16.58704
 21
1.258348
 31
0.0
  0
LINE
  5
1823
330
1F
100
AcDbEntity
  8
1
  6
CONTINUOUS
370
50
 62
4
100
AcDbLine
 10
23.044439
 20
1.982817
 30
0.0
 11
23.00914
 21
2.005404
 31
0.0
  0
LINE
  5
1824
330
1F
100
AcDbEntity
  8
1
  6
CONTINUOUS
370
50
 62
4
100
AcDbLine
 10
33.69836799999999
 20
-1.427059
 30
0.0
 11
33.644848
 21
-1.392935
 31
0.0
  0
LINE
  5
1825
330
1F
100
AcDbEntity
  8
1
  6
CONTINUOUS
370
50
 62
4
100
AcDbLine
 10
30.036663
 20
2.750457
 30
0.0
 11
29.998421
 21
2.774652
 31
0.0
  0
LINE
  5
1826
330
1F
100
AcDbEntity
  8
1
  6
CONTINUOUS
370
50
 62
4
100
AcDbLine
 10
16.661816
 20
1.210847
 30
0.0
 11
16.62431
 21
1.23449
 31
0.0
  0
LINE
  5
1827
330
1F
100
AcDbEntity
  8
1
  6
CONTINUOUS
370
50
 62
4
100
AcDbLine
 10
33.751873
 20
-1.46057
 30
0.0
 11
33.69836799999999
 21
-1.427059
 31
0.0
  0
LINE
  5
1828
330
1F
100
AcDbEntity
  8
1
  6
CONTINUOUS
370
50
 62
4
100
AcDbLine
 10
32.024769
 20
2.980447
 30
0.0
 11
31.991766
 21
3.000987
 31
0.0
  0
LINE
  5
1829
330
1F
100
AcDbEntity
  8
1
  6
CONTINUOUS
370
50
 62
4
100
AcDbLine
 10
31.027828
 20
2.868159
 30
0.0
 11
30.992397
 21
2.89018
 31
0.0
  0
LINE
  5
182A
330
1F
100
AcDbEntity
  8
1
  6
CONTINUOUS
370
50
 62
4
100
AcDbLine
 10
24.863001
 20
1.242898
 30
0.0
 11
24.809429
 21
1.276012
 31
0.0
  0
LINE
  5
182B
330
1F
100
AcDbEntity
  8
1
  6
CONTINUOUS
370
50
 62
4
100
AcDbLine
 10
14.56654
 20
1.752164
 30
0.0
 11
14.522644
 21
1.779236
 31
0.0
  0
LINE
  5
182C
330
1F
100
AcDbEntity
  8
1
  6
CONTINUOUS
370
50
 62
4
100
AcDbLine
 10
16.871515
 20
1.045464
 30
0.0
 11
16.753073
 21
1.118429
 31
0.0
  0
LINE
  5
182D
330
1F
100
AcDbEntity
  8
1
  6
CONTINUOUS
370
50
 62
4
100
AcDbLine
 10
33.805363
 20
-1.493466
 30
0.0
 11
33.751873
 21
-1.46057
 31
0.0
  0
LINE
  5
182E
330
1F
100
AcDbEntity
  8
1
  6
CONTINUOUS
370
50
 62
4
100
AcDbLine
 10
29.418047
 20
-2.73311
 30
0.0
 11
29.377096
 21
-2.708056
 31
0.0
  0
LINE
  5
182F
330
1F
100
AcDbEntity
  8
1
  6
CONTINUOUS
370
50
 62
4
100
AcDbLine
 10
30.545361
 20
-2.862639
 30
0.0
 11
30.507566
 21
-2.839653
 31
0.0
  0
LINE
  5
1830
330
1F
100
AcDbEntity
  8
1
  6
CONTINUOUS
370
50
 62
4
100
AcDbLine
 10
33.022411
 20
3.090749
 30
0.0
 11
32.988331
 21
3.111421
 31
0.0
  0
LINE
  5
1831
330
1F
100
AcDbEntity
  8
1
  6
CONTINUOUS
370
50
 62
4
100
AcDbLine
 10
24.809429
 20
1.276012
 30
0.0
 11
24.755873
 21
1.308497
 31
0.0
  0
LINE
  5
1832
330
1F
100
AcDbEntity
  8
1
  6
CONTINUOUS
370
50
 62
4
100
AcDbLine
 10
28.038013
 20
2.527292
 30
0.0
 11
28.005127
 21
2.547191
 31
0.0
  0
LINE
  5
1833
330
1F
100
AcDbEntity
  8
1
  6
CONTINUOUS
370
50
 62
4
100
AcDbLine
 10
33.858833
 20
-1.525747
 30
0.0
 11
33.805363
 21
-1.493466
 31
0.0
  0
LINE
  5
1834
330
1F
100
AcDbEntity
  8
1
  6
CONTINUOUS
370
50
 62
4
100
AcDbLine
 10
21.915092
 20
1.873805
 30
0.0
 11
21.878977
 21
1.895478
 31
0.0
  0
LINE
  5
1835
330
1F
100
AcDbEntity
  8
1
  6
CONTINUOUS
370
50
 62
4
100
AcDbLine
 10
25.262341
 20
2.227985
 30
0.0
 11
25.228304
 21
2.248368
 31
0.0
  0
LINE
  5
1836
330
1F
100
AcDbEntity
  8
1
  6
CONTINUOUS
370
50
 62
4
100
AcDbLine
 10
24.755873
 20
1.308497
 30
0.0
 11
24.702333
 21
1.340351
 31
0.0
  0
LINE
  5
1837
330
1F
100
AcDbEntity
  8
1
  6
CONTINUOUS
370
50
 62
4
100
AcDbLine
 10
24.702333
 20
1.340351
 30
0.0
 11
24.648811
 21
1.371574
 31
0.0
  0
LINE
  5
1838
330
1F
100
AcDbEntity
  8
1
  6
CONTINUOUS
370
50
 62
4
100
AcDbLine
 10
14.612543
 20
1.725353
 30
0.0
 11
14.56654
 21
1.752164
 31
0.0
  0
LINE
  5
1839
330
1F
100
AcDbEntity
  8
1
  6
CONTINUOUS
370
50
 62
4
100
AcDbLine
 10
27.161545
 20
-2.478893
 30
0.0
 11
27.134157
 21
-2.462981
 31
0.0
  0
LINE
  5
183A
330
1F
100
AcDbEntity
  8
1
  6
CONTINUOUS
370
50
 62
4
100
AcDbLine
 10
12.643911
 20
3.822223
 30
0.0
 11
12.621955
 21
3.834939
 31
0.0
  0
LINE
  5
183B
330
1F
100
AcDbEntity
  8
1
  6
CONTINUOUS
370
50
 62
4
100
AcDbLine
 10
16.403999
 20
3.499434
 30
0.0
 11
16.280247
 21
3.570975
 31
0.0
  0
LINE
  5
183C
330
1F
100
AcDbEntity
  8
1
  6
CONTINUOUS
370
50
 62
4
100
AcDbLine
 10
16.280247
 20
3.570975
 30
0.0
 11
16.156509
 21
3.642501
 31
0.0
  0
LINE
  5
183D
330
1F
100
AcDbEntity
  8
1
  6
CONTINUOUS
370
50
 62
4
100
AcDbLine
 10
16.156509
 20
3.642501
 30
0.0
 11
16.032789
 21
3.714011
 31
0.0
  0
LINE
  5
183E
330
1F
100
AcDbEntity
  8
1
  6
CONTINUOUS
370
50
 62
4
100
AcDbLine
 10
16.032789
 20
3.714011
 30
0.0
 11
15.909079
 21
3.785507
 31
0.0
  0
LINE
  5
183F
330
1F
100
AcDbEntity
  8
1
  6
CONTINUOUS
370
50
 62
4
100
AcDbLine
 10
15.909079
 20
3.785507
 30
0.0
 11
15.785379
 21
3.856988
 31
0.0
  0
LINE
  5
1840
330
1F
100
AcDbEntity
  8
1
  6
CONTINUOUS
370
50
 62
4
100
AcDbLine
 10
15.785379
 20
3.856988
 30
0.0
 11
15.661687
 21
3.928453
 31
0.0
  0
LINE
  5
1841
330
1F
100
AcDbEntity
  8
1
  6
CONTINUOUS
370
50
 62
4
100
AcDbLine
 10
15.661687
 20
3.928453
 30
0.0
 11
15.538
 21
3.999903
 31
0.0
  0
LINE
  5
1842
330
1F
100
AcDbEntity
  8
1
  6
CONTINUOUS
370
50
 62
4
100
AcDbLine
 10
13.167405
 20
3.57177
 30
0.0
 11
12.984214
 21
3.677051
 31
0.0
  0
LINE
  5
1843
330
1F
100
AcDbEntity
  8
1
  6
CONTINUOUS
370
50
 62
4
100
AcDbLine
 10
24.648811
 20
1.371574
 30
0.0
 11
24.595304
 21
1.402163
 31
0.0
  0
LINE
  5
1844
330
1F
100
AcDbEntity
  8
1
  6
CONTINUOUS
370
50
 62
4
100
AcDbLine
 10
24.595304
 20
1.402163
 30
0.0
 11
24.541819
 21
1.432116
 31
0.0
  0
LINE
  5
1845
330
1F
100
AcDbEntity
  8
1
  6
CONTINUOUS
370
50
 62
4
100
AcDbLine
 10
31.679255
 20
-2.992817
 30
0.0
 11
31.646841
 21
-2.974687
 31
0.0
  0
LINE
  5
1846
330
1F
100
AcDbEntity
  8
1
  6
CONTINUOUS
370
50
 62
4
100
AcDbLine
 10
34.596085
 20
-1.145496
 30
0.0
 11
34.542515
 21
-1.115663
 31
0.0
  0
LINE
  5
1847
330
1F
100
AcDbEntity
  8
1
  6
CONTINUOUS
370
50
 62
4
100
AcDbLine
 10
24.137577
 20
2.115705
 30
0.0
 11
24.102766
 21
2.135037
 31
0.0
  0
LINE
  5
1848
330
1F
100
AcDbEntity
  8
1
  6
CONTINUOUS
370
50
 62
4
100
AcDbLine
 10
14.660378
 20
1.698857
 30
0.0
 11
14.612543
 21
1.725353
 31
0.0
  0
LINE
  5
1849
330
1F
100
AcDbEntity
  8
1
  6
CONTINUOUS
370
50
 62
4
100
AcDbLine
 10
27.47506
 20
2.479418
 30
0.0
 11
27.440533
 21
2.4985
 31
0.0
  0
LINE
  5
184A
330
1F
100
AcDbEntity
  8
1
  6
CONTINUOUS
370
50
 62
4
100
AcDbLine
 10
28.306534
 20
-2.613036
 30
0.0
 11
28.26895
 21
-2.592391
 31
0.0
  0
LINE
  5
184B
330
1F
100
AcDbEntity
  8
1
  6
CONTINUOUS
370
50
 62
4
100
AcDbLine
 10
24.541819
 20
1.432116
 30
0.0
 11
24.48835
 21
1.461433
 31
0.0
  0
LINE
  5
184C
330
1F
100
AcDbEntity
  8
1
  6
CONTINUOUS
370
50
 62
4
100
AcDbLine
 10
32.800491
 20
-3.113348
 30
0.0
 11
32.769363
 21
-3.096325
 31
0.0
  0
LINE
  5
184D
330
1F
100
AcDbEntity
  8
1
  6
CONTINUOUS
370
50
 62
4
100
AcDbLine
 10
34.649639
 20
-1.174703
 30
0.0
 11
34.596085
 21
-1.145496
 31
0.0
  0
LINE
  5
184E
330
1F
100
AcDbEntity
  8
1
  6
CONTINUOUS
370
50
 62
4
100
AcDbLine
 10
34.703178
 20
-1.203285
 30
0.0
 11
34.649639
 21
-1.174703
 31
0.0
  0
LINE
  5
184F
330
1F
100
AcDbEntity
  8
1
  6
CONTINUOUS
370
50
 62
4
100
AcDbLine
 10
14.709768
 20
1.672726
 30
0.0
 11
14.660378
 21
1.698857
 31
0.0
  0
LINE
  5
1850
330
1F
100
AcDbEntity
  8
1
  6
CONTINUOUS
370
50
 62
4
100
AcDbLine
 10
34.756702
 20
-1.231239
 30
0.0
 11
34.703178
 21
-1.203285
 31
0.0
  0
LINE
  5
1851
330
1F
100
AcDbEntity
  8
1
  6
CONTINUOUS
370
50
 62
4
100
AcDbLine
 10
14.38101
 20
-3.52904
 30
0.0
 11
14.341547
 21
-3.508572
 31
0.0
  0
LINE
  5
1852
330
1F
100
AcDbEntity
  8
1
  6
CONTINUOUS
370
50
 62
4
100
AcDbLine
 10
12.648753
 20
3.819713
 30
0.0
 11
12.643911
 21
3.822223
 31
0.0
  0
LINE
  5
1853
330
1F
100
AcDbEntity
  8
1
  6
CONTINUOUS
370
50
 62
4
100
AcDbLine
 10
23.00914
 20
2.005404
 30
0.0
 11
22.973423
 21
2.023714
 31
0.0
  0
LINE
  5
1854
330
1F
100
AcDbEntity
  8
1
  6
CONTINUOUS
370
50
 62
4
100
AcDbLine
 10
34.810207
 20
-1.258565
 30
0.0
 11
34.756702
 21
-1.231239
 31
0.0
  0
LINE
  5
1855
330
1F
100
AcDbEntity
  8
1
  6
CONTINUOUS
370
50
 62
4
100
AcDbLine
 10
14.760435
 20
1.647015
 30
0.0
 11
14.709768
 21
1.672726
 31
0.0
  0
LINE
  5
1856
330
1F
100
AcDbEntity
  8
1
  6
CONTINUOUS
370
50
 62
4
100
AcDbLine
 10
29.011194
 20
2.654471
 30
0.0
 11
28.969545
 21
2.67547
 31
0.0
  0
LINE
  5
1857
330
1F
100
AcDbEntity
  8
1
  6
CONTINUOUS
370
50
 62
4
100
AcDbLine
 10
16.99515
 20
0.983301
 30
0.0
 11
16.871515
 21
1.045464
 31
0.0
  0
LINE
  5
1858
330
1F
100
AcDbEntity
  8
1
  6
CONTINUOUS
370
50
 62
4
100
AcDbLine
 10
12.653744
 20
3.817209
 30
0.0
 11
12.648753
 21
3.819713
 31
0.0
  0
LINE
  5
1859
330
1F
100
AcDbEntity
  8
1
  6
CONTINUOUS
370
50
 62
4
100
AcDbLine
 10
27.188726
 20
-2.492483
 30
0.0
 11
27.161545
 21
-2.478893
 31
0.0
  0
LINE
  5
185A
330
1F
100
AcDbEntity
  8
1
  6
CONTINUOUS
370
50
 62
4
100
AcDbLine
 10
34.863697
 20
-1.285261
 30
0.0
 11
34.810207
 21
-1.258565
 31
0.0
  0
LINE
  5
185B
330
1F
100
AcDbEntity
  8
1
  6
CONTINUOUS
370
50
 62
4
100
AcDbLine
 10
26.351408
 20
2.363606
 30
0.0
 11
26.317026
 21
2.380756
 31
0.0
  0
LINE
  5
185C
330
1F
100
AcDbEntity
  8
1
  6
CONTINUOUS
370
50
 62
4
100
AcDbLine
 10
23.804667
 20
1.067801
 30
0.0
 11
23.751095
 21
1.094507
 31
0.0
  0
LINE
  5
185D
330
1F
100
AcDbEntity
  8
1
  6
CONTINUOUS
370
50
 62
4
100
AcDbLine
 10
12.984214
 20
3.677051
 30
0.0
 11
12.934861
 21
3.701509
 31
0.0
  0
LINE
  5
185E
330
1F
100
AcDbEntity
  8
1
  6
CONTINUOUS
370
50
 62
4
100
AcDbLine
 10
28.56716
 20
2.616021
 30
0.0
 11
28.542948
 21
2.627873
 31
0.0
  0
LINE
  5
185F
330
1F
100
AcDbEntity
  8
1
  6
CONTINUOUS
370
50
 62
4
100
AcDbLine
 10
13.778015
 20
3.288712
 30
0.0
 11
12.984199
 21
3.677094
 31
0.0
  0
LINE
  5
1860
330
1F
100
AcDbEntity
  8
1
  6
CONTINUOUS
370
50
 62
4
100
AcDbLine
 10
14.812102
 20
1.621777
 30
0.0
 11
14.760435
 21
1.647015
 31
0.0
  0
LINE
  5
1861
330
1F
100
AcDbEntity
  8
1
  6
CONTINUOUS
370
50
 62
4
100
AcDbLine
 10
34.917168
 20
-1.311327
 30
0.0
 11
34.863697
 21
-1.285261
 31
0.0
  0
LINE
  5
1862
330
1F
100
AcDbEntity
  8
1
  6
CONTINUOUS
370
50
 62
4
100
AcDbLine
 10
23.751095
 20
1.094507
 30
0.0
 11
23.697538
 21
1.120561
 31
0.0
  0
LINE
  5
1863
330
1F
100
AcDbEntity
  8
1
  6
CONTINUOUS
370
50
 62
4
100
AcDbLine
 10
12.658878
 20
3.814712
 30
0.0
 11
12.653744
 21
3.817209
 31
0.0
  0
LINE
  5
1864
330
1F
100
AcDbEntity
  8
1
  6
CONTINUOUS
370
50
 62
4
100
AcDbLine
 10
28.005127
 20
2.547191
 30
0.0
 11
27.972591
 21
2.562905
 31
0.0
  0
LINE
  5
1865
330
1F
100
AcDbEntity
  8
1
  6
CONTINUOUS
370
50
 62
4
100
AcDbLine
 10
21.878977
 20
1.895478
 30
0.0
 11
21.842491
 21
1.91296
 31
0.0
  0
LINE
  5
1866
330
1F
100
AcDbEntity
  8
1
  6
CONTINUOUS
370
50
 62
4
100
AcDbLine
 10
29.998421
 20
2.774652
 30
0.0
 11
29.96076
 21
2.792673
 31
0.0
  0
LINE
  5
1867
330
1F
100
AcDbEntity
  8
1
  6
CONTINUOUS
370
50
 62
4
100
AcDbLine
 10
29.458248
 20
-2.752339
 30
0.0
 11
29.418047
 21
-2.73311
 31
0.0
  0
LINE
  5
1868
330
1F
100
AcDbEntity
  8
1
  6
CONTINUOUS
370
50
 62
4
100
AcDbLine
 10
30.582403
 20
-2.880246
 30
0.0
 11
30.545361
 21
-2.862639
 31
0.0
  0
LINE
  5
1869
330
1F
100
AcDbEntity
  8
1
  6
CONTINUOUS
370
50
 62
4
100
AcDbLine
 10
23.697538
 20
1.120561
 30
0.0
 11
23.643997
 21
1.145963
 31
0.0
  0
LINE
  5
186A
330
1F
100
AcDbEntity
  8
1
  6
CONTINUOUS
370
50
 62
4
100
AcDbLine
 10
31.991766
 20
3.000987
 30
0.0
 11
31.959412
 21
3.016309
 31
0.0
  0
LINE
  5
186B
330
1F
100
AcDbEntity
  8
1
  6
CONTINUOUS
370
50
 62
4
100
AcDbLine
 10
12.664153
 20
3.812222
 30
0.0
 11
12.658878
 21
3.814712
 31
0.0
  0
LINE
  5
186C
330
1F
100
AcDbEntity
  8
1
  6
CONTINUOUS
370
50
 62
4
100
AcDbLine
 10
14.864491
 20
1.597063
 30
0.0
 11
14.812102
 21
1.621777
 31
0.0
  0
LINE
  5
186D
330
1F
100
AcDbEntity
  8
1
  6
CONTINUOUS
370
50
 62
4
100
AcDbLine
 10
30.992397
 20
2.89018
 30
0.0
 11
30.957649
 21
2.906538
 31
0.0
  0
LINE
  5
186E
330
1F
100
AcDbEntity
  8
1
  6
CONTINUOUS
370
50
 62
4
100
AcDbLine
 10
12.934861
 20
3.701509
 30
0.0
 11
12.884668
 21
3.724847
 31
0.0
  0
LINE
  5
186F
330
1F
100
AcDbEntity
  8
1
  6
CONTINUOUS
370
50
 62
4
100
AcDbLine
 10
23.643997
 20
1.145963
 30
0.0
 11
23.590475
 21
1.170709
 31
0.0
  0
LINE
  5
1870
330
1F
100
AcDbEntity
  8
1
  6
CONTINUOUS
370
50
 62
4
100
AcDbLine
 10
25.228304
 20
2.248368
 30
0.0
 11
25.193665
 21
2.264332
 31
0.0
  0
LINE
  5
1871
330
1F
100
AcDbEntity
  8
1
  6
CONTINUOUS
370
50
 62
4
100
AcDbLine
 10
12.669561
 20
3.809741
 30
0.0
 11
12.664153
 21
3.812222
 31
0.0
  0
LINE
  5
1872
330
1F
100
AcDbEntity
  8
1
  6
CONTINUOUS
370
50
 62
4
100
AcDbLine
 10
14.917327
 20
1.572926
 30
0.0
 11
14.864491
 21
1.597063
 31
0.0
  0
LINE
  5
1873
330
1F
100
AcDbEntity
  8
1
  6
CONTINUOUS
370
50
 62
4
100
AcDbLine
 10
23.590475
 20
1.170709
 30
0.0
 11
23.53697
 21
1.194799
 31
0.0
  0
LINE
  5
1874
330
1F
100
AcDbEntity
  8
1
  6
CONTINUOUS
370
50
 62
4
100
AcDbLine
 10
14.586083
 20
2.927729
 30
0.0
 11
13.778015
 21
3.288712
 31
0.0
  0
LINE
  5
1875
330
1F
100
AcDbEntity
  8
1
  6
CONTINUOUS
370
50
 62
4
100
AcDbLine
 10
12.6751
 20
3.807268
 30
0.0
 11
12.669561
 21
3.809741
 31
0.0
  0
LINE
  5
1876
330
1F
100
AcDbEntity
  8
1
  6
CONTINUOUS
370
50
 62
4
100
AcDbLine
 10
14.970329
 20
1.54942
 30
0.0
 11
14.917327
 21
1.572926
 31
0.0
  0
LINE
  5
1877
330
1F
100
AcDbEntity
  8
1
  6
CONTINUOUS
370
50
 62
4
100
AcDbLine
 10
32.988331
 20
3.111421
 30
0.0
 11
32.955013
 21
3.126104
 31
0.0
  0
LINE
  5
1878
330
1F
100
AcDbEntity
  8
1
  6
CONTINUOUS
370
50
 62
4
100
AcDbLine
 10
17.141632
 20
0.918843
 30
0.0
 11
16.99515
 21
0.983301
 31
0.0
  0
LINE
  5
1879
330
1F
100
AcDbEntity
  8
1
  6
CONTINUOUS
370
50
 62
4
100
AcDbLine
 10
35.654419
 20
-0.9633229999999999
 30
0.0
 11
35.600849
 21
-0.939784
 31
0.0
  0
LINE
  5
187A
330
1F
100
AcDbEntity
  8
1
  6
CONTINUOUS
370
50
 62
4
100
AcDbLine
 10
23.53697
 20
1.194799
 30
0.0
 11
23.483484
 21
1.21823
 31
0.0
  0
LINE
  5
187B
330
1F
100
AcDbEntity
  8
1
  6
CONTINUOUS
370
50
 62
4
100
AcDbLine
 10
12.884668
 20
3.724847
 30
0.0
 11
12.833616
 21
3.747079
 31
0.0
  0
LINE
  5
187C
330
1F
100
AcDbEntity
  8
1
  6
CONTINUOUS
370
50
 62
4
100
AcDbLine
 10
31.711031
 20
-3.006566
 30
0.0
 11
31.679255
 21
-2.992817
 31
0.0
  0
LINE
  5
187D
330
1F
100
AcDbEntity
  8
1
  6
CONTINUOUS
370
50
 62
4
100
AcDbLine
 10
14.424006
 20
-3.547628
 30
0.0
 11
14.38101
 21
-3.52904
 31
0.0
  0
LINE
  5
187E
330
1F
100
AcDbEntity
  8
1
  6
CONTINUOUS
370
50
 62
4
100
AcDbLine
 10
15.023224
 20
1.526597
 30
0.0
 11
14.970329
 21
1.54942
 31
0.0
  0
LINE
  5
187F
330
1F
100
AcDbEntity
  8
1
  6
CONTINUOUS
370
50
 62
4
100
AcDbLine
 10
28.343647
 20
-2.629017
 30
0.0
 11
28.306534
 21
-2.613036
 31
0.0
  0
LINE
  5
1880
330
1F
100
AcDbEntity
  8
1
  6
CONTINUOUS
370
50
 62
4
100
AcDbLine
 10
35.707973
 20
-0.9862219999999999
 30
0.0
 11
35.654419
 21
-0.9633229999999999
 31
0.0
  0
LINE
  5
1881
330
1F
100
AcDbEntity
  8
1
  6
CONTINUOUS
370
50
 62
4
100
AcDbLine
 10
23.483484
 20
1.21823
 30
0.0
 11
23.430017
 21
1.241002
 31
0.0
  0
LINE
  5
1882
330
1F
100
AcDbEntity
  8
1
  6
CONTINUOUS
370
50
 62
4
100
AcDbLine
 10
24.102766
 20
2.135037
 30
0.0
 11
24.067469
 21
2.150052
 31
0.0
  0
LINE
  5
1883
330
1F
100
AcDbEntity
  8
1
  6
CONTINUOUS
370
50
 62
4
100
AcDbLine
 10
15.075732
 20
1.50451
 30
0.0
 11
15.023224
 21
1.526597
 31
0.0
  0
LINE
  5
1884
330
1F
100
AcDbEntity
  8
1
  6
CONTINUOUS
370
50
 62
4
100
AcDbLine
 10
27.215694
 20
-2.503727
 30
0.0
 11
27.188726
 21
-2.492483
 31
0.0
  0
LINE
  5
1885
330
1F
100
AcDbEntity
  8
1
  6
CONTINUOUS
370
50
 62
4
100
AcDbLine
 10
35.761513
 20
-1.008479
 30
0.0
 11
35.707973
 21
-0.9862219999999999
 31
0.0
  0
LINE
  5
1886
330
1F
100
AcDbEntity
  8
1
  6
CONTINUOUS
370
50
 62
4
100
AcDbLine
 10
15.127577
 20
1.483212
 30
0.0
 11
15.075732
 21
1.50451
 31
0.0
  0
LINE
  5
1887
330
1F
100
AcDbEntity
  8
1
  6
CONTINUOUS
370
50
 62
4
100
AcDbLine
 10
12.833616
 20
3.747079
 30
0.0
 11
12.781684
 21
3.768217
 31
0.0
  0
LINE
  5
1888
330
1F
100
AcDbEntity
  8
1
  6
CONTINUOUS
370
50
 62
4
100
AcDbLine
 10
35.815037
 20
-1.030094
 30
0.0
 11
35.761513
 21
-1.008479
 31
0.0
  0
LINE
  5
1889
330
1F
100
AcDbEntity
  8
1
  6
CONTINUOUS
370
50
 62
4
100
AcDbLine
 10
15.178481
 20
1.462755
 30
0.0
 11
15.127577
 21
1.483212
 31
0.0
  0
LINE
  5
188A
330
1F
100
AcDbEntity
  8
1
  6
CONTINUOUS
370
50
 62
4
100
AcDbLine
 10
15.512992
 20
2.555796
 30
0.0
 11
14.586083
 21
2.927729
 31
0.0
  0
LINE
  5
188B
330
1F
100
AcDbEntity
  8
1
  6
CONTINUOUS
370
50
 62
4
100
AcDbLine
 10
15.553387
 20
1.322751
 30
0.0
 11
15.538
 21
1.3289
 31
0.0
  0
LINE
  5
188C
330
1F
100
AcDbEntity
  8
1
  6
CONTINUOUS
370
50
 62
4
100
AcDbLine
 10
17.311926
 20
0.851691
 30
0.0
 11
17.141632
 21
0.918843
 31
0.0
  0
LINE
  5
188D
330
1F
100
AcDbEntity
  8
1
  6
CONTINUOUS
370
50
 62
4
100
AcDbLine
 10
27.440533
 20
2.4985
 30
0.0
 11
27.405266
 21
2.512393
 31
0.0
  0
LINE
  5
188E
330
1F
100
AcDbEntity
  8
1
  6
CONTINUOUS
370
50
 62
4
100
AcDbLine
 10
15.228168
 20
1.443192
 30
0.0
 11
15.178481
 21
1.462755
 31
0.0
  0
LINE
  5
188F
330
1F
100
AcDbEntity
  8
1
  6
CONTINUOUS
370
50
 62
4
100
AcDbLine
 10
26.0896
 20
-2.382169
 30
0.0
 11
26.075825
 21
-2.376754
 31
0.0
  0
LINE
  5
1890
330
1F
100
AcDbEntity
  8
1
  6
CONTINUOUS
370
50
 62
4
100
AcDbLine
 10
15.568655
 20
1.316752
 30
0.0
 11
15.553387
 21
1.322751
 31
0.0
  0
LINE
  5
1891
330
1F
100
AcDbEntity
  8
1
  6
CONTINUOUS
370
50
 62
4
100
AcDbLine
 10
26.979679
 20
2.451113
 30
0.0
 11
26.956644
 21
2.46015
 31
0.0
  0
LINE
  5
1892
330
1F
100
AcDbEntity
  8
1
  6
CONTINUOUS
370
50
 62
4
100
AcDbLine
 10
35.868542
 20
-1.051065
 30
0.0
 11
35.815037
 21
-1.030094
 31
0.0
  0
LINE
  5
1893
330
1F
100
AcDbEntity
  8
1
  6
CONTINUOUS
370
50
 62
4
100
AcDbLine
 10
22.973423
 20
2.023714
 30
0.0
 11
22.937309
 21
2.037769
 31
0.0
  0
LINE
  5
1894
330
1F
100
AcDbEntity
  8
1
  6
CONTINUOUS
370
50
 62
4
100
AcDbLine
 10
15.276359
 20
1.424577
 30
0.0
 11
15.228168
 21
1.443192
 31
0.0
  0
LINE
  5
1895
330
1F
100
AcDbEntity
  8
1
  6
CONTINUOUS
370
50
 62
4
100
AcDbLine
 10
15.583806
 20
1.310905
 30
0.0
 11
15.568655
 21
1.316752
 31
0.0
  0
LINE
  5
1896
330
1F
100
AcDbEntity
  8
1
  6
CONTINUOUS
370
50
 62
4
100
AcDbLine
 10
35.922031
 20
-1.071392
 30
0.0
 11
35.868542
 21
-1.051065
 31
0.0
  0
LINE
  5
1897
330
1F
100
AcDbEntity
  8
1
  6
CONTINUOUS
370
50
 62
4
100
AcDbLine
 10
12.781684
 20
3.768217
 30
0.0
 11
12.728852
 21
3.788276
 31
0.0
  0
LINE
  5
1898
330
1F
100
AcDbEntity
  8
1
  6
CONTINUOUS
370
50
 62
4
100
AcDbLine
 10
15.322778
 20
1.406961
 30
0.0
 11
15.276359
 21
1.424577
 31
0.0
  0
LINE
  5
1899
330
1F
100
AcDbEntity
  8
1
  6
CONTINUOUS
370
50
 62
4
100
AcDbLine
 10
15.598837
 20
1.305209
 30
0.0
 11
15.583806
 21
1.310905
 31
0.0
  0
LINE
  5
189A
330
1F
100
AcDbEntity
  8
1
  6
CONTINUOUS
370
50
 62
4
100
AcDbLine
 10
14.467203
 20
-3.563937
 30
0.0
 11
14.424006
 21
-3.547628
 31
0.0
  0
LINE
  5
189B
330
1F
100
AcDbEntity
  8
1
  6
CONTINUOUS
370
50
 62
4
100
AcDbLine
 10
22.746334
 20
0.885577
 30
0.0
 11
22.692759
 21
0.9056139999999999
 31
0.0
  0
LINE
  5
189C
330
1F
100
AcDbEntity
  8
1
  6
CONTINUOUS
370
50
 62
4
100
AcDbLine
 10
15.364505
 20
1.391377
 30
0.0
 11
15.322778
 21
1.406961
 31
0.0
  0
LINE
  5
189D
330
1F
100
AcDbEntity
  8
1
  6
CONTINUOUS
370
50
 62
4
100
AcDbLine
 10
15.613748
 20
1.299663
 30
0.0
 11
15.598837
 21
1.305209
 31
0.0
  0
LINE
  5
189E
330
1F
100
AcDbEntity
  8
1
  6
CONTINUOUS
370
50
 62
4
100
AcDbLine
 10
28.542948
 20
2.627873
 30
0.0
 11
28.518341
 21
2.637008
 31
0.0
  0
LINE
  5
189F
330
1F
100
AcDbEntity
  8
1
  6
CONTINUOUS
370
50
 62
4
100
AcDbLine
 10
15.404195
 20
1.376764
 30
0.0
 11
15.364505
 21
1.391377
 31
0.0
  0
LINE
  5
18A0
330
1F
100
AcDbEntity
  8
1
  6
CONTINUOUS
370
50
 62
4
100
AcDbLine
 10
35.975498
 20
-1.091074
 30
0.0
 11
35.922031
 21
-1.071392
 31
0.0
  0
LINE
  5
18A1
330
1F
100
AcDbEntity
  8
1
  6
CONTINUOUS
370
50
 62
4
100
AcDbLine
 10
15.628537
 20
1.294267
 30
0.0
 11
15.613748
 21
1.299663
 31
0.0
  0
LINE
  5
18A2
330
1F
100
AcDbEntity
  8
1
  6
CONTINUOUS
370
50
 62
4
100
AcDbLine
 10
15.441619
 20
1.363167
 30
0.0
 11
15.404195
 21
1.376764
 31
0.0
  0
LINE
  5
18A3
330
1F
100
AcDbEntity
  8
1
  6
CONTINUOUS
370
50
 62
4
100
AcDbLine
 10
22.692759
 20
0.9056139999999999
 30
0.0
 11
22.639202
 21
0.9249759999999999
 31
0.0
  0
LINE
  5
18A4
330
1F
100
AcDbEntity
  8
1
  6
CONTINUOUS
370
50
 62
4
100
AcDbLine
 10
15.476547
 20
1.350629
 30
0.0
 11
15.441619
 21
1.363167
 31
0.0
  0
LINE
  5
18A5
330
1F
100
AcDbEntity
  8
1
  6
CONTINUOUS
370
50
 62
4
100
AcDbLine
 10
17.505316
 20
0.782364
 30
0.0
 11
17.311926
 21
0.851691
 31
0.0
  0
LINE
  5
18A6
330
1F
100
AcDbEntity
  8
1
  6
CONTINUOUS
370
50
 62
4
100
AcDbLine
 10
16.524839
 20
2.193434
 30
0.0
 11
15.512992
 21
2.555796
 31
0.0
  0
LINE
  5
18A7
330
1F
100
AcDbEntity
  8
1
  6
CONTINUOUS
370
50
 62
4
100
AcDbLine
 10
27.972591
 20
2.562905
 30
0.0
 11
27.940414
 21
2.574412
 31
0.0
  0
LINE
  5
18A8
330
1F
100
AcDbEntity
  8
1
  6
CONTINUOUS
370
50
 62
4
100
AcDbLine
 10
16.753073
 20
-3.31649
 30
0.0
 11
16.661816
 21
-3.283877
 31
0.0
  0
LINE
  5
18A9
330
1F
100
AcDbEntity
  8
1
  6
CONTINUOUS
370
50
 62
4
100
AcDbLine
 10
26.317026
 20
2.380756
 30
0.0
 11
26.281996
 21
2.3932
 31
0.0
  0
LINE
  5
18AA
330
1F
100
AcDbEntity
  8
1
  6
CONTINUOUS
370
50
 62
4
100
AcDbLine
 10
15.508751
 20
1.339194
 30
0.0
 11
15.476547
 21
1.350629
 31
0.0
  0
LINE
  5
18AB
330
1F
100
AcDbEntity
  8
1
  6
CONTINUOUS
370
50
 62
4
100
AcDbLine
 10
12.728852
 20
3.788276
 30
0.0
 11
12.6751
 21
3.807268
 31
0.0
  0
LINE
  5
18AC
330
1F
100
AcDbEntity
  8
1
  6
CONTINUOUS
370
50
 62
4
100
AcDbLine
 10
15.538
 20
1.328905
 30
0.0
 11
15.508751
 21
1.339194
 31
0.0
  0
LINE
  5
18AD
330
1F
100
AcDbEntity
  8
1
  6
CONTINUOUS
370
50
 62
4
100
AcDbLine
 10
26.103325
 20
-2.386992
 30
0.0
 11
26.0896
 21
-2.382169
 31
0.0
  0
LINE
  5
18AE
330
1F
100
AcDbEntity
  8
1
  6
CONTINUOUS
370
50
 62
4
100
AcDbLine
 10
22.639202
 20
0.9249759999999999
 30
0.0
 11
22.585661
 21
0.9436599999999999
 31
0.0
  0
LINE
  5
18AF
330
1F
100
AcDbEntity
  8
1
  6
CONTINUOUS
370
50
 62
4
100
AcDbLine
 10
15.680684
 20
1.276102
 30
0.0
 11
15.628537
 21
1.294267
 31
0.0
  0
LINE
  5
18B0
330
1F
100
AcDbEntity
  8
1
  6
CONTINUOUS
370
50
 62
4
100
AcDbLine
 10
14.507684
 20
-3.577705
 30
0.0
 11
14.467203
 21
-3.563937
 31
0.0
  0
LINE
  5
18B1
330
1F
100
AcDbEntity
  8
1
  6
CONTINUOUS
370
50
 62
4
100
AcDbLine
 10
29.497646
 20
-2.765664
 30
0.0
 11
29.458248
 21
-2.752339
 31
0.0
  0
LINE
  5
18B2
330
1F
100
AcDbEntity
  8
1
  6
CONTINUOUS
370
50
 62
4
100
AcDbLine
 10
28.969545
 20
2.67547
 30
0.0
 11
28.928547
 21
2.689282
 31
0.0
  0
LINE
  5
18B3
330
1F
100
AcDbEntity
  8
1
  6
CONTINUOUS
370
50
 62
4
100
AcDbLine
 10
22.585661
 20
0.9436599999999999
 30
0.0
 11
22.532137
 21
0.961665
 31
0.0
  0
LINE
  5
18B4
330
1F
100
AcDbEntity
  8
1
  6
CONTINUOUS
370
50
 62
4
100
AcDbLine
 10
30.618675
 20
-2.89241
 30
0.0
 11
30.582403
 21
-2.880246
 31
0.0
  0
LINE
  5
18B5
330
1F
100
AcDbEntity
  8
1
  6
CONTINUOUS
370
50
 62
4
100
AcDbLine
 10
27.242439
 20
-2.512602
 30
0.0
 11
27.215694
 21
-2.503727
 31
0.0
  0
LINE
  5
18B6
330
1F
100
AcDbEntity
  8
1
  6
CONTINUOUS
370
50
 62
4
100
AcDbLine
 10
17.721087
 20
0.711378
 30
0.0
 11
17.505316
 21
0.782364
 31
0.0
  0
LINE
  5
18B7
330
1F
100
AcDbEntity
  8
1
  6
CONTINUOUS
370
50
 62
4
100
AcDbLine
 10
25.193665
 20
2.264332
 30
0.0
 11
25.158438
 21
2.275872
 31
0.0
  0
LINE
  5
18B8
330
1F
100
AcDbEntity
  8
1
  6
CONTINUOUS
370
50
 62
4
100
AcDbLine
 10
22.532137
 20
0.961665
 30
0.0
 11
22.478634
 21
0.9789899999999999
 31
0.0
  0
LINE
  5
18B9
330
1F
100
AcDbEntity
  8
1
  6
CONTINUOUS
370
50
 62
4
100
AcDbLine
 10
15.731198
 20
1.25985
 30
0.0
 11
15.680684
 21
1.276102
 31
0.0
  0
LINE
  5
18BA
330
1F
100
AcDbEntity
  8
1
  6
CONTINUOUS
370
50
 62
4
100
AcDbLine
 10
36.712753
 20
-0.77625
 30
0.0
 11
36.659184
 21
-0.759178
 31
0.0
  0
LINE
  5
18BB
330
1F
100
AcDbEntity
  8
1
  6
CONTINUOUS
370
50
 62
4
100
AcDbLine
 10
31.959412
 20
3.016309
 30
0.0
 11
31.927713
 21
3.02639
 31
0.0
  0
LINE
  5
18BC
330
1F
100
AcDbEntity
  8
1
  6
CONTINUOUS
370
50
 62
4
100
AcDbLine
 10
29.96076
 20
2.792673
 30
0.0
 11
29.923788
 21
2.804426
 31
0.0
  0
LINE
  5
18BD
330
1F
100
AcDbEntity
  8
1
  6
CONTINUOUS
370
50
 62
4
100
AcDbLine
 10
30.957649
 20
2.906538
 30
0.0
 11
30.923592
 21
2.917223
 31
0.0
  0
LINE
  5
18BE
330
1F
100
AcDbEntity
  8
1
  6
CONTINUOUS
370
50
 62
4
100
AcDbLine
 10
14.548806
 20
-3.59054
 30
0.0
 11
14.507684
 21
-3.577705
 31
0.0
  0
LINE
  5
18BF
330
1F
100
AcDbEntity
  8
1
  6
CONTINUOUS
370
50
 62
4
100
AcDbLine
 10
22.478634
 20
0.9789899999999999
 30
0.0
 11
22.425148
 21
0.995632
 31
0.0
  0
LINE
  5
18C0
330
1F
100
AcDbEntity
  8
1
  6
CONTINUOUS
370
50
 62
4
100
AcDbLine
 10
17.516401
 20
1.885397
 30
0.0
 11
16.524839
 21
2.193434
 31
0.0
  0
LINE
  5
18C1
330
1F
100
AcDbEntity
  8
1
  6
CONTINUOUS
370
50
 62
4
100
AcDbLine
 10
26.116999
 20
-2.391221
 30
0.0
 11
26.103325
 21
-2.386992
 31
0.0
  0
LINE
  5
18C2
330
1F
100
AcDbEntity
  8
1
  6
CONTINUOUS
370
50
 62
4
100
AcDbLine
 10
28.380194
 20
-2.640236
 30
0.0
 11
28.343647
 21
-2.629017
 31
0.0
  0
LINE
  5
18C3
330
1F
100
AcDbEntity
  8
1
  6
CONTINUOUS
370
50
 62
4
100
AcDbLine
 10
36.766308
 20
-0.792667
 30
0.0
 11
36.712753
 21
-0.77625
 31
0.0
  0
LINE
  5
18C4
330
1F
100
AcDbEntity
  8
1
  6
CONTINUOUS
370
50
 62
4
100
AcDbLine
 10
26.956644
 20
2.46015
 30
0.0
 11
26.933779
 21
2.467121
 31
0.0
  0
LINE
  5
18C5
330
1F
100
AcDbEntity
  8
1
  6
CONTINUOUS
370
50
 62
4
100
AcDbLine
 10
24.067469
 20
2.150052
 30
0.0
 11
24.031752
 21
2.160756
 31
0.0
  0
LINE
  5
18C6
330
1F
100
AcDbEntity
  8
1
  6
CONTINUOUS
370
50
 62
4
100
AcDbLine
 10
31.742159
 20
-3.015877
 30
0.0
 11
31.711031
 21
-3.006566
 31
0.0
  0
LINE
  5
18C7
330
1F
100
AcDbEntity
  8
1
  6
CONTINUOUS
370
50
 62
4
100
AcDbLine
 10
22.425148
 20
0.995632
 30
0.0
 11
22.371683
 21
1.011592
 31
0.0
  0
LINE
  5
18C8
330
1F
100
AcDbEntity
  8
1
  6
CONTINUOUS
370
50
 62
4
100
AcDbLine
 10
36.819847
 20
-0.808427
 30
0.0
 11
36.766308
 21
-0.792667
 31
0.0
  0
LINE
  5
18C9
330
1F
100
AcDbEntity
  8
1
  6
CONTINUOUS
370
50
 62
4
100
AcDbLine
 10
15.78003
 20
1.245495
 30
0.0
 11
15.731198
 21
1.25985
 31
0.0
  0
LINE
  5
18CA
330
1F
100
AcDbEntity
  8
1
  6
CONTINUOUS
370
50
 62
4
100
AcDbLine
 10
16.440191
 20
-3.226683
 30
0.0
 11
16.403999
 21
-3.216096
 31
0.0
  0
LINE
  5
18CB
330
1F
100
AcDbEntity
  8
1
  6
CONTINUOUS
370
50
 62
4
100
AcDbLine
 10
14.591955
 20
-3.603017
 30
0.0
 11
14.548806
 21
-3.59054
 31
0.0
  0
LINE
  5
18CC
330
1F
100
AcDbEntity
  8
1
  6
CONTINUOUS
370
50
 62
4
100
AcDbLine
 10
16.476583
 20
-3.236957
 30
0.0
 11
16.440191
 21
-3.226683
 31
0.0
  0
LINE
  5
18CD
330
1F
100
AcDbEntity
  8
1
  6
CONTINUOUS
370
50
 62
4
100
AcDbLine
 10
36.873371
 20
-0.823529
 30
0.0
 11
36.819847
 21
-0.808427
 31
0.0
  0
LINE
  5
18CE
330
1F
100
AcDbEntity
  8
1
  6
CONTINUOUS
370
50
 62
4
100
AcDbLine
 10
16.513186
 20
-3.246925
 30
0.0
 11
16.476583
 21
-3.236957
 31
0.0
  0
LINE
  5
18CF
330
1F
100
AcDbEntity
  8
1
  6
CONTINUOUS
370
50
 62
4
100
AcDbLine
 10
36.926876
 20
-0.8379719999999999
 30
0.0
 11
36.873371
 21
-0.823529
 31
0.0
  0
LINE
  5
18D0
330
1F
100
AcDbEntity
  8
1
  6
CONTINUOUS
370
50
 62
4
100
AcDbLine
 10
14.636889
 20
-3.615129
 30
0.0
 11
14.591955
 21
-3.603017
 31
0.0
  0
LINE
  5
18D1
330
1F
100
AcDbEntity
  8
1
  6
CONTINUOUS
370
50
 62
4
100
AcDbLine
 10
22.937309
 20
2.037769
 30
0.0
 11
22.900824
 21
2.04759
 31
0.0
  0
LINE
  5
18D2
330
1F
100
AcDbEntity
  8
1
  6
CONTINUOUS
370
50
 62
4
100
AcDbLine
 10
18.52
 20
1.617643
 30
0.0
 11
17.516401
 21
1.885397
 31
0.0
  0
LINE
  5
18D3
330
1F
100
AcDbEntity
  8
1
  6
CONTINUOUS
370
50
 62
4
100
AcDbLine
 10
26.130621
 20
-2.394853
 30
0.0
 11
26.116999
 21
-2.391221
 31
0.0
  0
LINE
  5
18D4
330
1F
100
AcDbEntity
  8
1
  6
CONTINUOUS
370
50
 62
4
100
AcDbLine
 10
15.827133
 20
1.233017
 30
0.0
 11
15.78003
 21
1.245495
 31
0.0
  0
LINE
  5
18D5
330
1F
100
AcDbEntity
  8
1
  6
CONTINUOUS
370
50
 62
4
100
AcDbLine
 10
16.550001
 20
-3.256594
 30
0.0
 11
16.513186
 21
-3.246925
 31
0.0
  0
LINE
  5
18D6
330
1F
100
AcDbEntity
  8
1
  6
CONTINUOUS
370
50
 62
4
100
AcDbLine
 10
36.980366
 20
-0.8517549999999999
 30
0.0
 11
36.926876
 21
-0.8379719999999999
 31
0.0
  0
LINE
  5
18D7
330
1F
100
AcDbEntity
  8
1
  6
CONTINUOUS
370
50
 62
4
100
AcDbLine
 10
28.518341
 20
2.637008
 30
0.0
 11
28.493345
 21
2.643439
 31
0.0
  0
LINE
  5
18D8
330
1F
100
AcDbEntity
  8
1
  6
CONTINUOUS
370
50
 62
4
100
AcDbLine
 10
16.58704
 20
-3.265971
 30
0.0
 11
16.550001
 21
-3.256594
 31
0.0
  0
LINE
  5
18D9
330
1F
100
AcDbEntity
  8
1
  6
CONTINUOUS
370
50
 62
4
100
AcDbLine
 10
14.683366
 20
-3.626873
 30
0.0
 11
14.636889
 21
-3.615129
 31
0.0
  0
LINE
  5
18DA
330
1F
100
AcDbEntity
  8
1
  6
CONTINUOUS
370
50
 62
4
100
AcDbLine
 10
29.625492
 20
2.765933
 30
0.0
 11
29.61097
 21
2.769573
 31
0.0
  0
LINE
  5
18DB
330
1F
100
AcDbEntity
  8
1
  6
CONTINUOUS
370
50
 62
4
100
AcDbLine
 10
37.033833
 20
-0.8648779999999999
 30
0.0
 11
36.980366
 21
-0.8517549999999999
 31
0.0
  0
LINE
  5
18DC
330
1F
100
AcDbEntity
  8
1
  6
CONTINUOUS
370
50
 62
4
100
AcDbLine
 10
27.268946
 20
-2.519082
 30
0.0
 11
27.242439
 21
-2.512602
 31
0.0
  0
LINE
  5
18DD
330
1F
100
AcDbEntity
  8
1
  6
CONTINUOUS
370
50
 62
4
100
AcDbLine
 10
21.688
 20
0.695738
 30
0.0
 11
21.634424
 21
0.708835
 31
0.0
  0
LINE
  5
18DE
330
1F
100
AcDbEntity
  8
1
  6
CONTINUOUS
370
50
 62
4
100
AcDbLine
 10
16.62431
 20
-3.275063
 30
0.0
 11
16.58704
 21
-3.265971
 31
0.0
  0
LINE
  5
18DF
330
1F
100
AcDbEntity
  8
1
  6
CONTINUOUS
370
50
 62
4
100
AcDbLine
 10
27.405266
 20
2.512393
 30
0.0
 11
27.369274
 21
2.521118
 31
0.0
  0
LINE
  5
18E0
330
1F
100
AcDbEntity
  8
1
  6
CONTINUOUS
370
50
 62
4
100
AcDbLine
 10
14.731144
 20
-3.638241
 30
0.0
 11
14.683366
 21
-3.626873
 31
0.0
  0
LINE
  5
18E1
330
1F
100
AcDbEntity
  8
1
  6
CONTINUOUS
370
50
 62
4
100
AcDbLine
 10
16.661816
 20
-3.283877
 30
0.0
 11
16.62431
 21
-3.275063
 31
0.0
  0
LINE
  5
18E2
330
1F
100
AcDbEntity
  8
1
  6
CONTINUOUS
370
50
 62
4
100
AcDbLine
 10
15.872456
 20
1.222399
 30
0.0
 11
15.827133
 21
1.233017
 31
0.0
  0
LINE
  5
18E3
330
1F
100
AcDbEntity
  8
1
  6
CONTINUOUS
370
50
 62
4
100
AcDbLine
 10
21.634424
 20
0.708835
 30
0.0
 11
21.580864
 21
0.721232
 31
0.0
  0
LINE
  5
18E4
330
1F
100
AcDbEntity
  8
1
  6
CONTINUOUS
370
50
 62
4
100
AcDbLine
 10
27.940414
 20
2.574412
 30
0.0
 11
27.908611
 21
2.581691
 31
0.0
  0
LINE
  5
18E5
330
1F
100
AcDbEntity
  8
1
  6
CONTINUOUS
370
50
 62
4
100
AcDbLine
 10
14.779983
 20
-3.64923
 30
0.0
 11
14.731144
 21
-3.638241
 31
0.0
  0
LINE
  5
18E6
330
1F
100
AcDbEntity
  8
1
  6
CONTINUOUS
370
50
 62
4
100
AcDbLine
 10
26.144188
 20
-2.397887
 30
0.0
 11
26.130621
 21
-2.394853
 31
0.0
  0
LINE
  5
18E7
330
1F
100
AcDbEntity
  8
1
  6
CONTINUOUS
370
50
 62
4
100
AcDbLine
 10
21.580864
 20
0.721232
 30
0.0
 11
21.527323
 21
0.732927
 31
0.0
  0
LINE
  5
18E8
330
1F
100
AcDbEntity
  8
1
  6
CONTINUOUS
370
50
 62
4
100
AcDbLine
 10
26.281996
 20
2.3932
 30
0.0
 11
26.24633
 21
2.400944
 31
0.0
  0
LINE
  5
18E9
330
1F
100
AcDbEntity
  8
1
  6
CONTINUOUS
370
50
 62
4
100
AcDbLine
 10
26.933779
 20
2.467121
 30
0.0
 11
26.911087
 21
2.472022
 31
0.0
  0
LINE
  5
18EA
330
1F
100
AcDbEntity
  8
1
  6
CONTINUOUS
370
50
 62
4
100
AcDbLine
 10
14.829638
 20
-3.659834
 30
0.0
 11
14.779983
 21
-3.64923
 31
0.0
  0
LINE
  5
18EB
330
1F
100
AcDbEntity
  8
1
  6
CONTINUOUS
370
50
 62
4
100
AcDbLine
 10
21.527323
 20
0.732927
 30
0.0
 11
21.473799
 21
0.743918
 31
0.0
  0
LINE
  5
18EC
330
1F
100
AcDbEntity
  8
1
  6
CONTINUOUS
370
50
 62
4
100
AcDbLine
 10
14.879869
 20
-3.670048
 30
0.0
 11
14.829638
 21
-3.659834
 31
0.0
  0
LINE
  5
18ED
330
1F
100
AcDbEntity
  8
1
  6
CONTINUOUS
370
50
 62
4
100
AcDbLine
 10
15.915952
 20
1.213622
 30
0.0
 11
15.872456
 21
1.222399
 31
0.0
  0
LINE
  5
18EE
330
1F
100
AcDbEntity
  8
1
  6
CONTINUOUS
370
50
 62
4
100
AcDbLine
 10
16.871519
 20
-3.340208
 30
0.0
 11
16.753073
 21
-3.31649
 31
0.0
  0
LINE
  5
18EF
330
1F
100
AcDbEntity
  8
1
  6
CONTINUOUS
370
50
 62
4
100
AcDbLine
 10
25.158438
 20
2.275872
 30
0.0
 11
25.122726
 21
2.282976
 31
0.0
  0
LINE
  5
18F0
330
1F
100
AcDbEntity
  8
1
  6
CONTINUOUS
370
50
 62
4
100
AcDbLine
 10
37.771088
 20
-0.584133
 30
0.0
 11
37.717518
 21
-0.5737019999999999
 31
0.0
  0
LINE
  5
18F1
330
1F
100
AcDbEntity
  8
1
  6
CONTINUOUS
370
50
 62
4
100
AcDbLine
 10
14.930433
 20
-3.679865
 30
0.0
 11
14.879869
 21
-3.670048
 31
0.0
  0
LINE
  5
18F2
330
1F
100
AcDbEntity
  8
1
  6
CONTINUOUS
370
50
 62
4
100
AcDbLine
 10
21.473799
 20
0.743918
 30
0.0
 11
21.420296
 21
0.754204
 31
0.0
  0
LINE
  5
18F3
330
1F
100
AcDbEntity
  8
1
  6
CONTINUOUS
370
50
 62
4
100
AcDbLine
 10
29.536221
 20
-2.773025
 30
0.0
 11
29.497646
 21
-2.765664
 31
0.0
  0
LINE
  5
18F4
330
1F
100
AcDbEntity
  8
1
  6
CONTINUOUS
370
50
 62
4
100
AcDbLine
 10
30.654154
 20
-2.899067
 30
0.0
 11
30.618675
 21
-2.89241
 31
0.0
  0
LINE
  5
18F5
330
1F
100
AcDbEntity
  8
1
  6
CONTINUOUS
370
50
 62
4
100
AcDbLine
 10
14.981091
 20
-3.689282
 30
0.0
 11
14.930433
 21
-3.679865
 31
0.0
  0
LINE
  5
18F6
330
1F
100
AcDbEntity
  8
1
  6
CONTINUOUS
370
50
 62
4
100
AcDbLine
 10
37.824642
 20
-0.593893
 30
0.0
 11
37.771088
 21
-0.584133
 31
0.0
  0
LINE
  5
18F7
330
1F
100
AcDbEntity
  8
1
  6
CONTINUOUS
370
50
 62
4
100
AcDbLine
 10
25.921347
 20
2.36319
 30
0.0
 11
25.908112
 21
2.365585
 31
0.0
  0
LINE
  5
18F8
330
1F
100
AcDbEntity
  8
1
  6
CONTINUOUS
370
50
 62
4
100
AcDbLine
 10
29.61097
 20
2.769573
 30
0.0
 11
29.596304
 21
2.772224
 31
0.0
  0
LINE
  5
18F9
330
1F
100
AcDbEntity
  8
1
  6
CONTINUOUS
370
50
 62
4
100
AcDbLine
 10
26.157698
 20
-2.400318
 30
0.0
 11
26.144188
 21
-2.397887
 31
0.0
  0
LINE
  5
18FA
330
1F
100
AcDbEntity
  8
1
  6
CONTINUOUS
370
50
 62
4
100
AcDbLine
 10
21.420296
 20
0.754204
 30
0.0
 11
21.366812
 21
0.763784
 31
0.0
  0
LINE
  5
18FB
330
1F
100
AcDbEntity
  8
1
  6
CONTINUOUS
370
50
 62
4
100
AcDbLine
 10
15.031598
 20
-3.698292
 30
0.0
 11
14.981091
 21
-3.689282
 31
0.0
  0
LINE
  5
18FC
330
1F
100
AcDbEntity
  8
1
  6
CONTINUOUS
370
50
 62
4
100
AcDbLine
 10
28.416096
 20
-2.64663
 30
0.0
 11
28.380194
 21
-2.640236
 31
0.0
  0
LINE
  5
18FD
330
1F
100
AcDbEntity
  8
1
  6
CONTINUOUS
370
50
 62
4
100
AcDbLine
 10
24.031752
 20
2.160756
 30
0.0
 11
23.99564
 21
2.167181
 31
0.0
  0
LINE
  5
18FE
330
1F
100
AcDbEntity
  8
1
  6
CONTINUOUS
370
50
 62
4
100
AcDbLine
 10
15.081715
 20
-3.706892
 30
0.0
 11
15.031598
 21
-3.698292
 31
0.0
  0
LINE
  5
18FF
330
1F
100
AcDbEntity
  8
1
  6
CONTINUOUS
370
50
 62
4
100
AcDbLine
 10
37.87818499999999
 20
-0.60298
 30
0.0
 11
37.824642
 21
-0.593893
 31
0.0
  0
LINE
  5
1900
330
1F
100
AcDbEntity
  8
1
  6
CONTINUOUS
370
50
 62
4
100
AcDbLine
 10
15.95757
 20
1.206668
 30
0.0
 11
15.915952
 21
1.213622
 31
0.0
  0
LINE
  5
1901
330
1F
100
AcDbEntity
  8
1
  6
CONTINUOUS
370
50
 62
4
100
AcDbLine
 10
21.366812
 20
0.763784
 30
0.0
 11
21.313351
 21
0.772656
 31
0.0
  0
LINE
  5
1902
330
1F
100
AcDbEntity
  8
1
  6
CONTINUOUS
370
50
 62
4
100
AcDbLine
 10
15.131198
 20
-3.715073
 30
0.0
 11
15.081715
 21
-3.706892
 31
0.0
  0
LINE
  5
1903
330
1F
100
AcDbEntity
  8
1
  6
CONTINUOUS
370
50
 62
4
100
AcDbLine
 10
28.928547
 20
2.689282
 30
0.0
 11
28.888245
 21
2.695837
 31
0.0
  0
LINE
  5
1904
330
1F
100
AcDbEntity
  8
1
  6
CONTINUOUS
370
50
 62
4
100
AcDbLine
 10
15.179806
 20
-3.722833
 30
0.0
 11
15.131198
 21
-3.715073
 31
0.0
  0
LINE
  5
1905
330
1F
100
AcDbEntity
  8
1
  6
CONTINUOUS
370
50
 62
4
100
AcDbLine
 10
37.931709
 20
-0.611394
 30
0.0
 11
37.87818499999999
 21
-0.60298
 31
0.0
  0
LINE
  5
1906
330
1F
100
AcDbEntity
  8
1
  6
CONTINUOUS
370
50
 62
4
100
AcDbLine
 10
31.927713
 20
3.02639
 30
0.0
 11
31.896679
 21
3.031204
 31
0.0
  0
LINE
  5
1907
330
1F
100
AcDbEntity
  8
1
  6
CONTINUOUS
370
50
 62
4
100
AcDbLine
 10
27.2952
 20
-2.523144
 30
0.0
 11
27.268946
 21
-2.519082
 31
0.0
  0
LINE
  5
1908
330
1F
100
AcDbEntity
  8
1
  6
CONTINUOUS
370
50
 62
4
100
AcDbLine
 10
15.227296
 20
-3.730165
 30
0.0
 11
15.179806
 21
-3.722833
 31
0.0
  0
LINE
  5
1909
330
1F
100
AcDbEntity
  8
1
  6
CONTINUOUS
370
50
 62
4
100
AcDbLine
 10
16.995153
 20
-3.359022
 30
0.0
 11
16.871519
 21
-3.340208
 31
0.0
  0
LINE
  5
190A
330
1F
100
AcDbEntity
  8
1
  6
CONTINUOUS
370
50
 62
4
100
AcDbLine
 10
29.923788
 20
2.804426
 30
0.0
 11
29.887571
 21
2.809885
 31
0.0
  0
LINE
  5
190B
330
1F
100
AcDbEntity
  8
1
  6
CONTINUOUS
370
50
 62
4
100
AcDbLine
 10
30.923592
 20
2.917223
 30
0.0
 11
30.890234
 21
2.92222
 31
0.0
  0
LINE
  5
190C
330
1F
100
AcDbEntity
  8
1
  6
CONTINUOUS
370
50
 62
4
100
AcDbLine
 10
15.273429
 20
-3.737065
 30
0.0
 11
15.227296
 21
-3.730165
 31
0.0
  0
LINE
  5
190D
330
1F
100
AcDbEntity
  8
1
  6
CONTINUOUS
370
50
 62
4
100
AcDbLine
 10
28.493345
 20
2.643439
 30
0.0
 11
28.467968
 21
2.647177
 31
0.0
  0
LINE
  5
190E
330
1F
100
AcDbEntity
  8
1
  6
CONTINUOUS
370
50
 62
4
100
AcDbLine
 10
15.317961
 20
-3.743526
 30
0.0
 11
15.273429
 21
-3.737065
 31
0.0
  0
LINE
  5
190F
330
1F
100
AcDbEntity
  8
1
  6
CONTINUOUS
370
50
 62
4
100
AcDbLine
 10
37.985214
 20
-0.619134
 30
0.0
 11
37.931709
 21
-0.611394
 31
0.0
  0
LINE
  5
1910
330
1F
100
AcDbEntity
  8
1
  6
CONTINUOUS
370
50
 62
4
100
AcDbLine
 10
27.663349
 20
2.631053
 30
0.0
 11
27.641277
 21
2.634211
 31
0.0
  0
LINE
  5
1911
330
1F
100
AcDbEntity
  8
1
  6
CONTINUOUS
370
50
 62
4
100
AcDbLine
 10
27.641277
 20
2.634211
 30
0.0
 11
27.619204
 21
2.637361
 31
0.0
  0
LINE
  5
1912
330
1F
100
AcDbEntity
  8
1
  6
CONTINUOUS
370
50
 62
4
100
AcDbLine
 10
27.619204
 20
2.637361
 30
0.0
 11
27.597132
 21
2.640504
 31
0.0
  0
LINE
  5
1913
330
1F
100
AcDbEntity
  8
1
  6
CONTINUOUS
370
50
 62
4
100
AcDbLine
 10
27.597132
 20
2.640504
 30
0.0
 11
27.575056
 21
2.64364
 31
0.0
  0
LINE
  5
1914
330
1F
100
AcDbEntity
  8
1
  6
CONTINUOUS
370
50
 62
4
100
AcDbLine
 10
27.575056
 20
2.64364
 30
0.0
 11
27.552982
 21
2.646769
 31
0.0
  0
LINE
  5
1915
330
1F
100
AcDbEntity
  8
1
  6
CONTINUOUS
370
50
 62
4
100
AcDbLine
 10
27.552982
 20
2.646769
 30
0.0
 11
27.530909
 21
2.649891
 31
0.0
  0
LINE
  5
1916
330
1F
100
AcDbEntity
  8
1
  6
CONTINUOUS
370
50
 62
4
100
AcDbLine
 10
27.530909
 20
2.649891
 30
0.0
 11
27.508833
 21
2.653005
 31
0.0
  0
LINE
  5
1917
330
1F
100
AcDbEntity
  8
1
  6
CONTINUOUS
370
50
 62
4
100
AcDbLine
 10
15.36065
 20
-3.749545
 30
0.0
 11
15.317961
 21
-3.743526
 31
0.0
  0
LINE
  5
1918
330
1F
100
AcDbEntity
  8
1
  6
CONTINUOUS
370
50
 62
4
100
AcDbLine
 10
15.401256
 20
-3.755114
 30
0.0
 11
15.36065
 21
-3.749545
 31
0.0
  0
LINE
  5
1919
330
1F
100
AcDbEntity
  8
1
  6
CONTINUOUS
370
50
 62
4
100
AcDbLine
 10
15.439535
 20
-3.76023
 30
0.0
 11
15.401256
 21
-3.755114
 31
0.0
  0
LINE
  5
191A
330
1F
100
AcDbEntity
  8
1
  6
CONTINUOUS
370
50
 62
4
100
AcDbLine
 10
38.0387
 20
-0.626199
 30
0.0
 11
37.985214
 21
-0.619134
 31
0.0
  0
LINE
  5
191B
330
1F
100
AcDbEntity
  8
1
  6
CONTINUOUS
370
50
 62
4
100
AcDbLine
 10
15.475246
 20
-3.764886
 30
0.0
 11
15.439535
 21
-3.76023
 31
0.0
  0
LINE
  5
191C
330
1F
100
AcDbEntity
  8
1
  6
CONTINUOUS
370
50
 62
4
100
AcDbLine
 10
25.908112
 20
2.365585
 30
0.0
 11
25.894934
 21
2.367296
 31
0.0
  0
LINE
  5
191D
330
1F
100
AcDbEntity
  8
1
  6
CONTINUOUS
370
50
 62
4
100
AcDbLine
 10
15.997263
 20
1.201519
 30
0.0
 11
15.95757
 21
1.206668
 31
0.0
  0
LINE
  5
191E
330
1F
100
AcDbEntity
  8
1
  6
CONTINUOUS
370
50
 62
4
100
AcDbLine
 10
26.605017
 20
2.774473
 30
0.0
 11
26.582943
 21
2.777293
 31
0.0
  0
LINE
  5
191F
330
1F
100
AcDbEntity
  8
1
  6
CONTINUOUS
370
50
 62
4
100
AcDbLine
 10
26.582943
 20
2.777293
 30
0.0
 11
26.560871
 21
2.780107
 31
0.0
  0
LINE
  5
1920
330
1F
100
AcDbEntity
  8
1
  6
CONTINUOUS
370
50
 62
4
100
AcDbLine
 10
15.508149
 20
-3.769077
 30
0.0
 11
15.475246
 21
-3.764886
 31
0.0
  0
LINE
  5
1921
330
1F
100
AcDbEntity
  8
1
  6
CONTINUOUS
370
50
 62
4
100
AcDbLine
 10
26.560871
 20
2.780107
 30
0.0
 11
26.538797
 21
2.782914
 31
0.0
  0
LINE
  5
1922
330
1F
100
AcDbEntity
  8
1
  6
CONTINUOUS
370
50
 62
4
100
AcDbLine
 10
26.538797
 20
2.782914
 30
0.0
 11
26.516724
 21
2.785714
 31
0.0
  0
LINE
  5
1923
330
1F
100
AcDbEntity
  8
1
  6
CONTINUOUS
370
50
 62
4
100
AcDbLine
 10
26.516724
 20
2.785714
 30
0.0
 11
26.494648
 21
2.788508
 31
0.0
  0
LINE
  5
1924
330
1F
100
AcDbEntity
  8
1
  6
CONTINUOUS
370
50
 62
4
100
AcDbLine
 10
26.494648
 20
2.788508
 30
0.0
 11
26.472574
 21
2.791294
 31
0.0
  0
LINE
  5
1925
330
1F
100
AcDbEntity
  8
1
  6
CONTINUOUS
370
50
 62
4
100
AcDbLine
 10
26.472574
 20
2.791294
 30
0.0
 11
26.4505
 21
2.794074
 31
0.0
  0
LINE
  5
1926
330
1F
100
AcDbEntity
  8
1
  6
CONTINUOUS
370
50
 62
4
100
AcDbLine
 10
26.911087
 20
2.472022
 30
0.0
 11
26.888573
 21
2.474848
 31
0.0
  0
LINE
  5
1927
330
1F
100
AcDbEntity
  8
1
  6
CONTINUOUS
370
50
 62
4
100
AcDbLine
 10
15.538
 20
-3.772799
 30
0.0
 11
15.508149
 21
-3.769077
 31
0.0
  0
LINE
  5
1928
330
1F
100
AcDbEntity
  8
1
  6
CONTINUOUS
370
50
 62
4
100
AcDbLine
 10
17.141636
 20
-3.377192
 30
0.0
 11
16.995153
 21
-3.359022
 31
0.0
  0
LINE
  5
1929
330
1F
100
AcDbEntity
  8
1
  6
CONTINUOUS
370
50
 62
4
100
AcDbLine
 10
38.092167
 20
-0.632589
 30
0.0
 11
38.0387
 21
-0.626199
 31
0.0
  0
LINE
  5
192A
330
1F
100
AcDbEntity
  8
1
  6
CONTINUOUS
370
50
 62
4
100
AcDbLine
 10
29.666138
 20
-2.787862
 30
0.0
 11
29.617764
 21
-2.782331
 31
0.0
  0
LINE
  5
192B
330
1F
100
AcDbEntity
  8
1
  6
CONTINUOUS
370
50
 62
4
100
AcDbLine
 10
29.617764
 20
-2.782331
 30
0.0
 11
29.536221
 21
-2.773013
 31
0.0
  0
LINE
  5
192C
330
1F
100
AcDbEntity
  8
1
  6
CONTINUOUS
370
50
 62
4
100
AcDbLine
 10
29.712633
 20
-2.793171
 30
0.0
 11
29.666138
 21
-2.787862
 31
0.0
  0
LINE
  5
192D
330
1F
100
AcDbEntity
  8
1
  6
CONTINUOUS
370
50
 62
4
100
AcDbLine
 10
29.759127
 20
-2.798472
 30
0.0
 11
29.712633
 21
-2.793171
 31
0.0
  0
LINE
  5
192E
330
1F
100
AcDbEntity
  8
1
  6
CONTINUOUS
370
50
 62
4
100
AcDbLine
 10
29.805622
 20
-2.803766
 30
0.0
 11
29.759127
 21
-2.798472
 31
0.0
  0
LINE
  5
192F
330
1F
100
AcDbEntity
  8
1
  6
CONTINUOUS
370
50
 62
4
100
AcDbLine
 10
29.852118
 20
-2.809053
 30
0.0
 11
29.805622
 21
-2.803766
 31
0.0
  0
LINE
  5
1930
330
1F
100
AcDbEntity
  8
1
  6
CONTINUOUS
370
50
 62
4
100
AcDbLine
 10
25.546684
 20
2.902087
 30
0.0
 11
25.524611
 21
2.904585
 31
0.0
  0
LINE
  5
1931
330
1F
100
AcDbEntity
  8
1
  6
CONTINUOUS
370
50
 62
4
100
AcDbLine
 10
25.524611
 20
2.904585
 30
0.0
 11
25.502537
 21
2.907076
 31
0.0
  0
LINE
  5
1932
330
1F
100
AcDbEntity
  8
1
  6
CONTINUOUS
370
50
 62
4
100
AcDbLine
 10
29.596304
 20
2.772224
 30
0.0
 11
29.581493
 21
2.773891
 31
0.0
  0
LINE
  5
1933
330
1F
100
AcDbEntity
  8
1
  6
CONTINUOUS
370
50
 62
4
100
AcDbLine
 10
25.502537
 20
2.907076
 30
0.0
 11
25.480463
 21
2.90956
 31
0.0
  0
LINE
  5
1934
330
1F
100
AcDbEntity
  8
1
  6
CONTINUOUS
370
50
 62
4
100
AcDbLine
 10
28.848783
 20
-2.69509
 30
0.0
 11
28.794697
 21
-2.689008
 31
0.0
  0
LINE
  5
1935
330
1F
100
AcDbEntity
  8
1
  6
CONTINUOUS
370
50
 62
4
100
AcDbLine
 10
28.794697
 20
-2.689008
 30
0.0
 11
28.740612
 21
-2.682932
 31
0.0
  0
LINE
  5
1936
330
1F
100
AcDbEntity
  8
1
  6
CONTINUOUS
370
50
 62
4
100
AcDbLine
 10
25.480463
 20
2.90956
 30
0.0
 11
25.458389
 21
2.912038
 31
0.0
  0
LINE
  5
1937
330
1F
100
AcDbEntity
  8
1
  6
CONTINUOUS
370
50
 62
4
100
AcDbLine
 10
28.740612
 20
-2.682932
 30
0.0
 11
28.686525
 21
-2.676863
 31
0.0
  0
LINE
  5
1938
330
1F
100
AcDbEntity
  8
1
  6
CONTINUOUS
370
50
 62
4
100
AcDbLine
 10
28.686525
 20
-2.676863
 30
0.0
 11
28.632439
 21
-2.670802
 31
0.0
  0
LINE
  5
1939
330
1F
100
AcDbEntity
  8
1
  6
CONTINUOUS
370
50
 62
4
100
AcDbLine
 10
28.632439
 20
-2.670802
 30
0.0
 11
28.578354
 21
-2.664747
 31
0.0
  0
LINE
  5
193A
330
1F
100
AcDbEntity
  8
1
  6
CONTINUOUS
370
50
 62
4
100
AcDbLine
 10
25.458389
 20
2.912038
 30
0.0
 11
25.436314
 21
2.914509
 31
0.0
  0
LINE
  5
193B
330
1F
100
AcDbEntity
  8
1
  6
CONTINUOUS
370
50
 62
4
100
AcDbLine
 10
28.578354
 20
-2.664747
 30
0.0
 11
28.524267
 21
-2.6587
 31
0.0
  0
LINE
  5
193C
330
1F
100
AcDbEntity
  8
1
  6
CONTINUOUS
370
50
 62
4
100
AcDbLine
 10
28.524267
 20
-2.6587
 30
0.0
 11
28.470182
 21
-2.652659
 31
0.0
  0
LINE
  5
193D
330
1F
100
AcDbEntity
  8
1
  6
CONTINUOUS
370
50
 62
4
100
AcDbLine
 10
25.436314
 20
2.914509
 30
0.0
 11
25.41424
 21
2.916974
 31
0.0
  0
LINE
  5
193E
330
1F
100
AcDbEntity
  8
1
  6
CONTINUOUS
370
50
 62
4
100
AcDbLine
 10
28.470182
 20
-2.652659
 30
0.0
 11
28.416096
 21
-2.646626
 31
0.0
  0
LINE
  5
193F
330
1F
100
AcDbEntity
  8
1
  6
CONTINUOUS
370
50
 62
4
100
AcDbLine
 10
25.41424
 20
2.916974
 30
0.0
 11
25.392166
 21
2.919432
 31
0.0
  0
LINE
  5
1940
330
1F
100
AcDbEntity
  8
1
  6
CONTINUOUS
370
50
 62
4
100
AcDbLine
 10
20.629667
 20
0.497919
 30
0.0
 11
20.576492
 21
0.503823
 31
0.0
  0
LINE
  5
1941
330
1F
100
AcDbEntity
  8
1
  6
CONTINUOUS
370
50
 62
4
100
AcDbLine
 10
30.688059
 20
-2.902808
 30
0.0
 11
30.654154
 21
-2.899054
 31
0.0
  0
LINE
  5
1942
330
1F
100
AcDbEntity
  8
1
  6
CONTINUOUS
370
50
 62
4
100
AcDbLine
 10
30.721964
 20
-2.906559
 30
0.0
 11
30.688059
 21
-2.902808
 31
0.0
  0
LINE
  5
1943
330
1F
100
AcDbEntity
  8
1
  6
CONTINUOUS
370
50
 62
4
100
AcDbLine
 10
30.755871
 20
-2.910305
 30
0.0
 11
30.721964
 21
-2.906559
 31
0.0
  0
LINE
  5
1944
330
1F
100
AcDbEntity
  8
1
  6
CONTINUOUS
370
50
 62
4
100
AcDbLine
 10
30.789776
 20
-2.914047
 30
0.0
 11
30.755871
 21
-2.910305
 31
0.0
  0
LINE
  5
1945
330
1F
100
AcDbEntity
  8
1
  6
CONTINUOUS
370
50
 62
4
100
AcDbLine
 10
30.823681
 20
-2.917785
 30
0.0
 11
30.789776
 21
-2.914047
 31
0.0
  0
LINE
  5
1946
330
1F
100
AcDbEntity
  8
1
  6
CONTINUOUS
370
50
 62
4
100
AcDbLine
 10
30.857586
 20
-2.92152
 30
0.0
 11
30.823681
 21
-2.917785
 31
0.0
  0
LINE
  5
1947
330
1F
100
AcDbEntity
  8
1
  6
CONTINUOUS
370
50
 62
4
100
AcDbLine
 10
27.846165
 20
-2.583473
 30
0.0
 11
27.822674
 21
-2.580886
 31
0.0
  0
LINE
  5
1948
330
1F
100
AcDbEntity
  8
1
  6
CONTINUOUS
370
50
 62
4
100
AcDbLine
 10
27.822674
 20
-2.580886
 30
0.0
 11
27.799183
 21
-2.578301
 31
0.0
  0
LINE
  5
1949
330
1F
100
AcDbEntity
  8
1
  6
CONTINUOUS
370
50
 62
4
100
AcDbLine
 10
27.799183
 20
-2.578301
 30
0.0
 11
27.775692
 21
-2.575717
 31
0.0
  0
LINE
  5
194A
330
1F
100
AcDbEntity
  8
1
  6
CONTINUOUS
370
50
 62
4
100
AcDbLine
 10
27.775692
 20
-2.575717
 30
0.0
 11
27.752201
 21
-2.573135
 31
0.0
  0
LINE
  5
194B
330
1F
100
AcDbEntity
  8
1
  6
CONTINUOUS
370
50
 62
4
100
AcDbLine
 10
27.752201
 20
-2.573135
 30
0.0
 11
27.728708
 21
-2.570553
 31
0.0
  0
LINE
  5
194C
330
1F
100
AcDbEntity
  8
1
  6
CONTINUOUS
370
50
 62
4
100
AcDbLine
 10
27.728708
 20
-2.570553
 30
0.0
 11
27.705217
 21
-2.567973
 31
0.0
  0
LINE
  5
194D
330
1F
100
AcDbEntity
  8
1
  6
CONTINUOUS
370
50
 62
4
100
AcDbLine
 10
27.414934
 20
-2.536196
 30
0.0
 11
27.39526
 21
-2.534049
 31
0.0
  0
LINE
  5
194E
330
1F
100
AcDbEntity
  8
1
  6
CONTINUOUS
370
50
 62
4
100
AcDbLine
 10
27.39526
 20
-2.534049
 30
0.0
 11
27.375246
 21
-2.531866
 31
0.0
  0
LINE
  5
194F
330
1F
100
AcDbEntity
  8
1
  6
CONTINUOUS
370
50
 62
4
100
AcDbLine
 10
27.375246
 20
-2.531866
 30
0.0
 11
27.355152
 21
-2.529675
 31
0.0
  0
LINE
  5
1950
330
1F
100
AcDbEntity
  8
1
  6
CONTINUOUS
370
50
 62
4
100
AcDbLine
 10
27.355152
 20
-2.529675
 30
0.0
 11
27.335165
 21
-2.527497
 31
0.0
  0
LINE
  5
1951
330
1F
100
AcDbEntity
  8
1
  6
CONTINUOUS
370
50
 62
4
100
AcDbLine
 10
27.335165
 20
-2.527497
 30
0.0
 11
27.315184
 21
-2.52532
 31
0.0
  0
LINE
  5
1952
330
1F
100
AcDbEntity
  8
1
  6
CONTINUOUS
370
50
 62
4
100
AcDbLine
 10
27.315184
 20
-2.52532
 30
0.0
 11
27.2952
 21
-2.523144
 31
0.0
  0
LINE
  5
1953
330
1F
100
AcDbEntity
  8
1
  6
CONTINUOUS
370
50
 62
4
100
AcDbLine
 10
26.8297
 20
-2.472708
 30
0.0
 11
26.822506
 21
-2.471932
 31
0.0
  0
LINE
  5
1954
330
1F
100
AcDbEntity
  8
1
  6
CONTINUOUS
370
50
 62
4
100
AcDbLine
 10
26.84409
 20
-2.47426
 30
0.0
 11
26.8297
 21
-2.472708
 31
0.0
  0
LINE
  5
1955
330
1F
100
AcDbEntity
  8
1
  6
CONTINUOUS
370
50
 62
4
100
AcDbLine
 10
26.822506
 20
-2.471932
 30
0.0
 11
26.815311
 21
-2.471156
 31
0.0
  0
LINE
  5
1956
330
1F
100
AcDbEntity
  8
1
  6
CONTINUOUS
370
50
 62
4
100
AcDbLine
 10
26.808117
 20
-2.470381
 30
0.0
 11
26.80092
 21
-2.469605
 31
0.0
  0
LINE
  5
1957
330
1F
100
AcDbEntity
  8
1
  6
CONTINUOUS
370
50
 62
4
100
AcDbLine
 10
26.815311
 20
-2.471156
 30
0.0
 11
26.808117
 21
-2.470381
 31
0.0
  0
LINE
  5
1958
330
1F
100
AcDbEntity
  8
1
  6
CONTINUOUS
370
50
 62
4
100
AcDbLine
 10
17.31193
 20
-3.394743
 30
0.0
 11
17.141636
 21
-3.377192
 31
0.0
  0
LINE
  5
1959
330
1F
100
AcDbEntity
  8
1
  6
CONTINUOUS
370
50
 62
4
100
AcDbLine
 10
31.764238
 20
-3.018082
 30
0.0
 11
31.742167
 21
-3.015867
 31
0.0
  0
LINE
  5
195A
330
1F
100
AcDbEntity
  8
1
  6
CONTINUOUS
370
50
 62
4
100
AcDbLine
 10
31.786312
 20
-3.020288
 30
0.0
 11
31.764238
 21
-3.018082
 31
0.0
  0
LINE
  5
195B
330
1F
100
AcDbEntity
  8
1
  6
CONTINUOUS
370
50
 62
4
100
AcDbLine
 10
31.808386
 20
-3.022487
 30
0.0
 11
31.786312
 21
-3.020288
 31
0.0
  0
LINE
  5
195C
330
1F
100
AcDbEntity
  8
1
  6
CONTINUOUS
370
50
 62
4
100
AcDbLine
 10
31.83046
 20
-3.024678
 30
0.0
 11
31.808386
 21
-3.022487
 31
0.0
  0
LINE
  5
195D
330
1F
100
AcDbEntity
  8
1
  6
CONTINUOUS
370
50
 62
4
100
AcDbLine
 10
31.852533
 20
-3.026861
 30
0.0
 11
31.83046
 21
-3.024678
 31
0.0
  0
LINE
  5
195E
330
1F
100
AcDbEntity
  8
1
  6
CONTINUOUS
370
50
 62
4
100
AcDbLine
 10
24.48835
 20
3.014418
 30
0.0
 11
24.466276
 21
3.0166
 31
0.0
  0
LINE
  5
195F
330
1F
100
AcDbEntity
  8
1
  6
CONTINUOUS
370
50
 62
4
100
AcDbLine
 10
24.466276
 20
3.0166
 30
0.0
 11
24.444202
 21
3.018776
 31
0.0
  0
LINE
  5
1960
330
1F
100
AcDbEntity
  8
1
  6
CONTINUOUS
370
50
 62
4
100
AcDbLine
 10
31.874609
 20
-3.029037
 30
0.0
 11
31.852533
 21
-3.026861
 31
0.0
  0
LINE
  5
1961
330
1F
100
AcDbEntity
  8
1
  6
CONTINUOUS
370
50
 62
4
100
AcDbLine
 10
24.444202
 20
3.018776
 30
0.0
 11
24.422129
 21
3.020945
 31
0.0
  0
LINE
  5
1962
330
1F
100
AcDbEntity
  8
1
  6
CONTINUOUS
370
50
 62
4
100
AcDbLine
 10
31.896683
 20
-3.031205
 30
0.0
 11
31.874609
 21
-3.029037
 31
0.0
  0
LINE
  5
1963
330
1F
100
AcDbEntity
  8
1
  6
CONTINUOUS
370
50
 62
4
100
AcDbLine
 10
20.576492
 20
0.503823
 30
0.0
 11
20.523127
 21
0.5090629999999999
 31
0.0
  0
LINE
  5
1964
330
1F
100
AcDbEntity
  8
1
  6
CONTINUOUS
370
50
 62
4
100
AcDbLine
 10
24.422129
 20
3.020945
 30
0.0
 11
24.400055
 21
3.023107
 31
0.0
  0
LINE
  5
1965
330
1F
100
AcDbEntity
  8
1
  6
CONTINUOUS
370
50
 62
4
100
AcDbLine
 10
24.400055
 20
3.023107
 30
0.0
 11
24.377981
 21
3.025263
 31
0.0
  0
LINE
  5
1966
330
1F
100
AcDbEntity
  8
1
  6
CONTINUOUS
370
50
 62
4
100
AcDbLine
 10
27.369274
 20
2.521118
 30
0.0
 11
27.332581
 21
2.524694
 31
0.0
  0
LINE
  5
1967
330
1F
100
AcDbEntity
  8
1
  6
CONTINUOUS
370
50
 62
4
100
AcDbLine
 10
24.377981
 20
3.025263
 30
0.0
 11
24.355907
 21
3.027413
 31
0.0
  0
LINE
  5
1968
330
1F
100
AcDbEntity
  8
1
  6
CONTINUOUS
370
50
 62
4
100
AcDbLine
 10
24.355907
 20
3.027413
 30
0.0
 11
24.333834
 21
3.029556
 31
0.0
  0
LINE
  5
1969
330
1F
100
AcDbEntity
  8
1
  6
CONTINUOUS
370
50
 62
4
100
AcDbLine
 10
27.908611
 20
2.581691
 30
0.0
 11
27.877192
 21
2.584718
 31
0.0
  0
LINE
  5
196A
330
1F
100
AcDbEntity
  8
1
  6
CONTINUOUS
370
50
 62
4
100
AcDbLine
 10
16.034981
 20
1.198156
 30
0.0
 11
15.997263
 21
1.201519
 31
0.0
  0
LINE
  5
196B
330
1F
100
AcDbEntity
  8
1
  6
CONTINUOUS
370
50
 62
4
100
AcDbLine
 10
25.943407
 20
-2.36514
 30
0.0
 11
25.921333
 21
-2.363188
 31
0.0
  0
LINE
  5
196C
330
1F
100
AcDbEntity
  8
1
  6
CONTINUOUS
370
50
 62
4
100
AcDbLine
 10
25.965481
 20
-2.367087
 30
0.0
 11
25.943407
 21
-2.36514
 31
0.0
  0
LINE
  5
196D
330
1F
100
AcDbEntity
  8
1
  6
CONTINUOUS
370
50
 62
4
100
AcDbLine
 10
25.987555
 20
-2.36903
 30
0.0
 11
25.965481
 21
-2.367087
 31
0.0
  0
LINE
  5
196E
330
1F
100
AcDbEntity
  8
1
  6
CONTINUOUS
370
50
 62
4
100
AcDbLine
 10
26.00963
 20
-2.370966
 30
0.0
 11
25.987555
 21
-2.36903
 31
0.0
  0
LINE
  5
196F
330
1F
100
AcDbEntity
  8
1
  6
CONTINUOUS
370
50
 62
4
100
AcDbLine
 10
26.031704
 20
-2.372899
 30
0.0
 11
26.00963
 21
-2.370966
 31
0.0
  0
LINE
  5
1970
330
1F
100
AcDbEntity
  8
1
  6
CONTINUOUS
370
50
 62
4
100
AcDbLine
 10
26.053776
 20
-2.374825
 30
0.0
 11
26.031704
 21
-2.372899
 31
0.0
  0
LINE
  5
1971
330
1F
100
AcDbEntity
  8
1
  6
CONTINUOUS
370
50
 62
4
100
AcDbLine
 10
26.07585
 20
-2.376747
 30
0.0
 11
26.053776
 21
-2.374825
 31
0.0
  0
LINE
  5
1972
330
1F
100
AcDbEntity
  8
1
  6
CONTINUOUS
370
50
 62
4
100
AcDbLine
 10
17.505318
 20
-3.411414
 30
0.0
 11
17.31193
 21
-3.394743
 31
0.0
  0
LINE
  5
1973
330
1F
100
AcDbEntity
  8
1
  6
CONTINUOUS
370
50
 62
4
100
AcDbLine
 10
25.017517
 20
2.385019
 30
0.0
 11
24.995443
 21
2.386909
 31
0.0
  0
LINE
  5
1974
330
1F
100
AcDbEntity
  8
1
  6
CONTINUOUS
370
50
 62
4
100
AcDbLine
 10
24.995443
 20
2.386909
 30
0.0
 11
24.97337
 21
2.388794
 31
0.0
  0
LINE
  5
1975
330
1F
100
AcDbEntity
  8
1
  6
CONTINUOUS
370
50
 62
4
100
AcDbLine
 10
20.523127
 20
0.5090629999999999
 30
0.0
 11
20.46958
 21
0.513633
 31
0.0
  0
LINE
  5
1976
330
1F
100
AcDbEntity
  8
1
  6
CONTINUOUS
370
50
 62
4
100
AcDbLine
 10
24.97337
 20
2.388794
 30
0.0
 11
24.951296
 21
2.390674
 31
0.0
  0
LINE
  5
1977
330
1F
100
AcDbEntity
  8
1
  6
CONTINUOUS
370
50
 62
4
100
AcDbLine
 10
24.951296
 20
2.390674
 30
0.0
 11
24.929222
 21
2.392548
 31
0.0
  0
LINE
  5
1978
330
1F
100
AcDbEntity
  8
1
  6
CONTINUOUS
370
50
 62
4
100
AcDbLine
 10
24.929222
 20
2.392548
 30
0.0
 11
24.907148
 21
2.394418
 31
0.0
  0
LINE
  5
1979
330
1F
100
AcDbEntity
  8
1
  6
CONTINUOUS
370
50
 62
4
100
AcDbLine
 10
23.430017
 20
3.111658
 30
0.0
 11
23.407942
 21
3.113525
 31
0.0
  0
LINE
  5
197A
330
1F
100
AcDbEntity
  8
1
  6
CONTINUOUS
370
50
 62
4
100
AcDbLine
 10
24.907148
 20
2.394418
 30
0.0
 11
24.885075
 21
2.396281
 31
0.0
  0
LINE
  5
197B
330
1F
100
AcDbEntity
  8
1
  6
CONTINUOUS
370
50
 62
4
100
AcDbLine
 10
23.407942
 20
3.113525
 30
0.0
 11
23.385868
 21
3.115385
 31
0.0
  0
LINE
  5
197C
330
1F
100
AcDbEntity
  8
1
  6
CONTINUOUS
370
50
 62
4
100
AcDbLine
 10
24.885075
 20
2.396281
 30
0.0
 11
24.863001
 21
2.39814
 31
0.0
  0
LINE
  5
197D
330
1F
100
AcDbEntity
  8
1
  6
CONTINUOUS
370
50
 62
4
100
AcDbLine
 10
26.24633
 20
2.400944
 30
0.0
 11
26.210058
 21
2.403997
 31
0.0
  0
LINE
  5
197E
330
1F
100
AcDbEntity
  8
1
  6
CONTINUOUS
370
50
 62
4
100
AcDbLine
 10
23.385868
 20
3.115385
 30
0.0
 11
23.363794
 21
3.117239
 31
0.0
  0
LINE
  5
197F
330
1F
100
AcDbEntity
  8
1
  6
CONTINUOUS
370
50
 62
4
100
AcDbLine
 10
23.363794
 20
3.117239
 30
0.0
 11
23.341721
 21
3.119086
 31
0.0
  0
LINE
  5
1980
330
1F
100
AcDbEntity
  8
1
  6
CONTINUOUS
370
50
 62
4
100
AcDbLine
 10
32.822575
 20
-3.115185
 30
0.0
 11
32.80049899999999
 21
-3.113338
 31
0.0
  0
LINE
  5
1981
330
1F
100
AcDbEntity
  8
1
  6
CONTINUOUS
370
50
 62
4
100
AcDbLine
 10
23.341721
 20
3.119086
 30
0.0
 11
23.319647
 21
3.120926
 31
0.0
  0
LINE
  5
1982
330
1F
100
AcDbEntity
  8
1
  6
CONTINUOUS
370
50
 62
4
100
AcDbLine
 10
32.844646
 20
-3.117023
 30
0.0
 11
32.822575
 21
-3.115185
 31
0.0
  0
LINE
  5
1983
330
1F
100
AcDbEntity
  8
1
  6
CONTINUOUS
370
50
 62
4
100
AcDbLine
 10
23.319647
 20
3.120926
 30
0.0
 11
23.297573
 21
3.122759
 31
0.0
  0
LINE
  5
1984
330
1F
100
AcDbEntity
  8
1
  6
CONTINUOUS
370
50
 62
4
100
AcDbLine
 10
32.866718
 20
-3.118855
 30
0.0
 11
32.844646
 21
-3.117023
 31
0.0
  0
LINE
  5
1985
330
1F
100
AcDbEntity
  8
1
  6
CONTINUOUS
370
50
 62
4
100
AcDbLine
 10
23.297573
 20
3.122759
 30
0.0
 11
23.275499
 21
3.124586
 31
0.0
  0
LINE
  5
1986
330
1F
100
AcDbEntity
  8
1
  6
CONTINUOUS
370
50
 62
4
100
AcDbLine
 10
32.888794
 20
-3.120678
 30
0.0
 11
32.866718
 21
-3.118855
 31
0.0
  0
LINE
  5
1987
330
1F
100
AcDbEntity
  8
1
  6
CONTINUOUS
370
50
 62
4
100
AcDbLine
 10
32.910866
 20
-3.122494
 30
0.0
 11
32.888794
 21
-3.120678
 31
0.0
  0
LINE
  5
1988
330
1F
100
AcDbEntity
  8
1
  6
CONTINUOUS
370
50
 62
4
100
AcDbLine
 10
32.932941
 20
-3.124303
 30
0.0
 11
32.910866
 21
-3.122494
 31
0.0
  0
LINE
  5
1989
330
1F
100
AcDbEntity
  8
1
  6
CONTINUOUS
370
50
 62
4
100
AcDbLine
 10
32.955017
 20
-3.126105
 30
0.0
 11
32.932941
 21
-3.124303
 31
0.0
  0
LINE
  5
198A
330
1F
100
AcDbEntity
  8
1
  6
CONTINUOUS
370
50
 62
4
100
AcDbLine
 10
25.894934
 20
2.367296
 30
0.0
 11
25.881809
 21
2.368322
 31
0.0
  0
LINE
  5
198B
330
1F
100
AcDbEntity
  8
1
  6
CONTINUOUS
370
50
 62
4
100
AcDbLine
 10
27.001741
 20
-2.452821
 30
0.0
 11
26.979668
 21
-2.451111
 31
0.0
  0
LINE
  5
198C
330
1F
100
AcDbEntity
  8
1
  6
CONTINUOUS
370
50
 62
4
100
AcDbLine
 10
27.023815
 20
-2.454526
 30
0.0
 11
27.001741
 21
-2.452821
 31
0.0
  0
LINE
  5
198D
330
1F
100
AcDbEntity
  8
1
  6
CONTINUOUS
370
50
 62
4
100
AcDbLine
 10
27.045889
 20
-2.456226
 30
0.0
 11
27.023815
 21
-2.454526
 31
0.0
  0
LINE
  5
198E
330
1F
100
AcDbEntity
  8
1
  6
CONTINUOUS
370
50
 62
4
100
AcDbLine
 10
27.067963
 20
-2.457921
 30
0.0
 11
27.045889
 21
-2.456226
 31
0.0
  0
LINE
  5
198F
330
1F
100
AcDbEntity
  8
1
  6
CONTINUOUS
370
50
 62
4
100
AcDbLine
 10
27.090036
 20
-2.45961
 30
0.0
 11
27.067963
 21
-2.457921
 31
0.0
  0
LINE
  5
1990
330
1F
100
AcDbEntity
  8
1
  6
CONTINUOUS
370
50
 62
4
100
AcDbLine
 10
27.11211
 20
-2.461294
 30
0.0
 11
27.090036
 21
-2.45961
 31
0.0
  0
LINE
  5
1991
330
1F
100
AcDbEntity
  8
1
  6
CONTINUOUS
370
50
 62
4
100
AcDbLine
 10
27.134184
 20
-2.462974
 30
0.0
 11
27.11211
 21
-2.461294
 31
0.0
  0
LINE
  5
1992
330
1F
100
AcDbEntity
  8
1
  6
CONTINUOUS
370
50
 62
4
100
AcDbLine
 10
25.122726
 20
2.282976
 30
0.0
 11
25.086586
 21
2.285671
 31
0.0
  0
LINE
  5
1993
330
1F
100
AcDbEntity
  8
1
  6
CONTINUOUS
370
50
 62
4
100
AcDbLine
 10
23.959183
 20
2.469712
 30
0.0
 11
23.937109
 21
2.47135
 31
0.0
  0
LINE
  5
1994
330
1F
100
AcDbEntity
  8
1
  6
CONTINUOUS
370
50
 62
4
100
AcDbLine
 10
23.937109
 20
2.47135
 30
0.0
 11
23.915035
 21
2.472982
 31
0.0
  0
LINE
  5
1995
330
1F
100
AcDbEntity
  8
1
  6
CONTINUOUS
370
50
 62
4
100
AcDbLine
 10
23.915035
 20
2.472982
 30
0.0
 11
23.892962
 21
2.474609
 31
0.0
  0
LINE
  5
1996
330
1F
100
AcDbEntity
  8
1
  6
CONTINUOUS
370
50
 62
4
100
AcDbLine
 10
23.892962
 20
2.474609
 30
0.0
 11
23.870888
 21
2.47623
 31
0.0
  0
LINE
  5
1997
330
1F
100
AcDbEntity
  8
1
  6
CONTINUOUS
370
50
 62
4
100
AcDbLine
 10
23.870888
 20
2.47623
 30
0.0
 11
23.848814
 21
2.477846
 31
0.0
  0
LINE
  5
1998
330
1F
100
AcDbEntity
  8
1
  6
CONTINUOUS
370
50
 62
4
100
AcDbLine
 10
23.848814
 20
2.477846
 30
0.0
 11
23.82674
 21
2.479457
 31
0.0
  0
LINE
  5
1999
330
1F
100
AcDbEntity
  8
1
  6
CONTINUOUS
370
50
 62
4
100
AcDbLine
 10
23.82674
 20
2.479457
 30
0.0
 11
23.804667
 21
2.481063
 31
0.0
  0
LINE
  5
199A
330
1F
100
AcDbEntity
  8
1
  6
CONTINUOUS
370
50
 62
4
100
AcDbLine
 10
20.46958
 20
0.513633
 30
0.0
 11
20.415915
 21
0.51752
 31
0.0
  0
LINE
  5
199B
330
1F
100
AcDbEntity
  8
1
  6
CONTINUOUS
370
50
 62
4
100
AcDbLine
 10
24.733669
 20
2.248363
 30
0.0
 11
23.698057
 21
2.323156
 31
0.0
  0
LINE
  5
199C
330
1F
100
AcDbEntity
  8
1
  6
CONTINUOUS
370
50
 62
4
100
AcDbLine
 10
17.721087
 20
-3.426943
 30
0.0
 11
17.505318
 21
-3.411414
 31
0.0
  0
LINE
  5
199D
330
1F
100
AcDbEntity
  8
1
  6
CONTINUOUS
370
50
 62
4
100
AcDbLine
 10
22.371683
 20
3.193616
 30
0.0
 11
22.349607
 21
3.195159
 31
0.0
  0
LINE
  5
199E
330
1F
100
AcDbEntity
  8
1
  6
CONTINUOUS
370
50
 62
4
100
AcDbLine
 10
22.349607
 20
3.195159
 30
0.0
 11
22.327534
 21
3.196695
 31
0.0
  0
LINE
  5
199F
330
1F
100
AcDbEntity
  8
1
  6
CONTINUOUS
370
50
 62
4
100
AcDbLine
 10
22.327534
 20
3.196695
 30
0.0
 11
22.30546
 21
3.198225
 31
0.0
  0
LINE
  5
19A0
330
1F
100
AcDbEntity
  8
1
  6
CONTINUOUS
370
50
 62
4
100
AcDbLine
 10
22.30546
 20
3.198225
 30
0.0
 11
22.283386
 21
3.199747
 31
0.0
  0
LINE
  5
19A1
330
1F
100
AcDbEntity
  8
1
  6
CONTINUOUS
370
50
 62
4
100
AcDbLine
 10
22.283386
 20
3.199747
 30
0.0
 11
22.261312
 21
3.201262
 31
0.0
  0
LINE
  5
19A2
330
1F
100
AcDbEntity
  8
1
  6
CONTINUOUS
370
50
 62
4
100
AcDbLine
 10
22.261312
 20
3.201262
 30
0.0
 11
22.239239
 21
3.202771
 31
0.0
  0
LINE
  5
19A3
330
1F
100
AcDbEntity
  8
1
  6
CONTINUOUS
370
50
 62
4
100
AcDbLine
 10
22.239239
 20
3.202771
 30
0.0
 11
22.217167
 21
3.204272
 31
0.0
  0
LINE
  5
19A4
330
1F
100
AcDbEntity
  8
1
  6
CONTINUOUS
370
50
 62
4
100
AcDbLine
 10
33.880905
 20
-3.19499
 30
0.0
 11
33.858833
 21
-3.193498
 31
0.0
  0
LINE
  5
19A5
330
1F
100
AcDbEntity
  8
1
  6
CONTINUOUS
370
50
 62
4
100
AcDbLine
 10
33.902981
 20
-3.196475
 30
0.0
 11
33.880905
 21
-3.19499
 31
0.0
  0
LINE
  5
19A6
330
1F
100
AcDbEntity
  8
1
  6
CONTINUOUS
370
50
 62
4
100
AcDbLine
 10
33.925053
 20
-3.197952
 30
0.0
 11
33.902981
 21
-3.196475
 31
0.0
  0
LINE
  5
19A7
330
1F
100
AcDbEntity
  8
1
  6
CONTINUOUS
370
50
 62
4
100
AcDbLine
 10
38.829426
 20
-0.38674
 30
0.0
 11
38.775848
 21
-0.383162
 31
0.0
  0
LINE
  5
19A8
330
1F
100
AcDbEntity
  8
1
  6
CONTINUOUS
370
50
 62
4
100
AcDbLine
 10
33.947128
 20
-3.199423
 30
0.0
 11
33.925053
 21
-3.197952
 31
0.0
  0
LINE
  5
19A9
330
1F
100
AcDbEntity
  8
1
  6
CONTINUOUS
370
50
 62
4
100
AcDbLine
 10
33.9692
 20
-3.200886
 30
0.0
 11
33.947128
 21
-3.199423
 31
0.0
  0
LINE
  5
19AA
330
1F
100
AcDbEntity
  8
1
  6
CONTINUOUS
370
50
 62
4
100
AcDbLine
 10
28.060074
 20
-2.52875
 30
0.0
 11
28.038
 21
-2.527289
 31
0.0
  0
LINE
  5
19AB
330
1F
100
AcDbEntity
  8
1
  6
CONTINUOUS
370
50
 62
4
100
AcDbLine
 10
33.991276
 20
-3.202342
 30
0.0
 11
33.9692
 21
-3.200886
 31
0.0
  0
LINE
  5
19AC
330
1F
100
AcDbEntity
  8
1
  6
CONTINUOUS
370
50
 62
4
100
AcDbLine
 10
28.08215
 20
-2.530205
 30
0.0
 11
28.060074
 21
-2.52875
 31
0.0
  0
LINE
  5
19AD
330
1F
100
AcDbEntity
  8
1
  6
CONTINUOUS
370
50
 62
4
100
AcDbLine
 10
28.104223
 20
-2.531655
 30
0.0
 11
28.08215
 21
-2.530205
 31
0.0
  0
LINE
  5
19AE
330
1F
100
AcDbEntity
  8
1
  6
CONTINUOUS
370
50
 62
4
100
AcDbLine
 10
34.013351
 20
-3.20379
 30
0.0
 11
33.991276
 21
-3.202342
 31
0.0
  0
LINE
  5
19AF
330
1F
100
AcDbEntity
  8
1
  6
CONTINUOUS
370
50
 62
4
100
AcDbLine
 10
28.126297
 20
-2.5331
 30
0.0
 11
28.104223
 21
-2.531655
 31
0.0
  0
LINE
  5
19B0
330
1F
100
AcDbEntity
  8
1
  6
CONTINUOUS
370
50
 62
4
100
AcDbLine
 10
28.148371
 20
-2.534539
 30
0.0
 11
28.126297
 21
-2.5331
 31
0.0
  0
LINE
  5
19B1
330
1F
100
AcDbEntity
  8
1
  6
CONTINUOUS
370
50
 62
4
100
AcDbLine
 10
28.170444
 20
-2.535973
 30
0.0
 11
28.148371
 21
-2.534539
 31
0.0
  0
LINE
  5
19B2
330
1F
100
AcDbEntity
  8
1
  6
CONTINUOUS
370
50
 62
4
100
AcDbLine
 10
28.192516
 20
-2.537402
 30
0.0
 11
28.170444
 21
-2.535973
 31
0.0
  0
LINE
  5
19B3
330
1F
100
AcDbEntity
  8
1
  6
CONTINUOUS
370
50
 62
4
100
AcDbLine
 10
22.90085
 20
2.542233
 30
0.0
 11
22.878777
 21
2.543615
 31
0.0
  0
LINE
  5
19B4
330
1F
100
AcDbEntity
  8
1
  6
CONTINUOUS
370
50
 62
4
100
AcDbLine
 10
22.878777
 20
2.543615
 30
0.0
 11
22.856701
 21
2.544991
 31
0.0
  0
LINE
  5
19B5
330
1F
100
AcDbEntity
  8
1
  6
CONTINUOUS
370
50
 62
4
100
AcDbLine
 10
22.856701
 20
2.544991
 30
0.0
 11
22.834627
 21
2.546361
 31
0.0
  0
LINE
  5
19B6
330
1F
100
AcDbEntity
  8
1
  6
CONTINUOUS
370
50
 62
4
100
AcDbLine
 10
22.834627
 20
2.546361
 30
0.0
 11
22.812553
 21
2.547726
 31
0.0
  0
LINE
  5
19B7
330
1F
100
AcDbEntity
  8
1
  6
CONTINUOUS
370
50
 62
4
100
AcDbLine
 10
22.812553
 20
2.547726
 30
0.0
 11
22.79048
 21
2.549086
 31
0.0
  0
LINE
  5
19B8
330
1F
100
AcDbEntity
  8
1
  6
CONTINUOUS
370
50
 62
4
100
AcDbLine
 10
23.698057
 20
2.323156
 30
0.0
 11
22.662445
 21
2.386832
 31
0.0
  0
LINE
  5
19B9
330
1F
100
AcDbEntity
  8
1
  6
CONTINUOUS
370
50
 62
4
100
AcDbLine
 10
22.79048
 20
2.549086
 30
0.0
 11
22.768406
 21
2.55044
 31
0.0
  0
LINE
  5
19BA
330
1F
100
AcDbEntity
  8
1
  6
CONTINUOUS
370
50
 62
4
100
AcDbLine
 10
22.768406
 20
2.55044
 30
0.0
 11
22.746334
 21
2.551789
 31
0.0
  0
LINE
  5
19BB
330
1F
100
AcDbEntity
  8
1
  6
CONTINUOUS
370
50
 62
4
100
AcDbLine
 10
26.86624
 20
-2.475595
 30
0.0
 11
26.84409
 21
-2.47426
 31
0.0
  0
LINE
  5
19BC
330
1F
100
AcDbEntity
  8
1
  6
CONTINUOUS
370
50
 62
4
100
AcDbLine
 10
23.99564
 20
2.167181
 30
0.0
 11
23.959158
 21
2.169357
 31
0.0
  0
LINE
  5
19BD
330
1F
100
AcDbEntity
  8
1
  6
CONTINUOUS
370
50
 62
4
100
AcDbLine
 10
20.415915
 20
0.51752
 30
0.0
 11
20.362263
 21
0.5207149999999999
 31
0.0
  0
LINE
  5
19BE
330
1F
100
AcDbEntity
  8
1
  6
CONTINUOUS
370
50
 62
4
100
AcDbLine
 10
21.313351
 20
3.259678
 30
0.0
 11
21.291275
 21
3.26088
 31
0.0
  0
LINE
  5
19BF
330
1F
100
AcDbEntity
  8
1
  6
CONTINUOUS
370
50
 62
4
100
AcDbLine
 10
29.118408
 20
-2.592383
 30
0.0
 11
29.096333
 21
-2.591187
 31
0.0
  0
LINE
  5
19C0
330
1F
100
AcDbEntity
  8
1
  6
CONTINUOUS
370
50
 62
4
100
AcDbLine
 10
21.291275
 20
3.26088
 30
0.0
 11
21.269199
 21
3.262075
 31
0.0
  0
LINE
  5
19C1
330
1F
100
AcDbEntity
  8
1
  6
CONTINUOUS
370
50
 62
4
100
AcDbLine
 10
29.140484
 20
-2.593573
 30
0.0
 11
29.118408
 21
-2.592383
 31
0.0
  0
LINE
  5
19C2
330
1F
100
AcDbEntity
  8
1
  6
CONTINUOUS
370
50
 62
4
100
AcDbLine
 10
21.269199
 20
3.262075
 30
0.0
 11
21.247126
 21
3.263262
 31
0.0
  0
LINE
  5
19C3
330
1F
100
AcDbEntity
  8
1
  6
CONTINUOUS
370
50
 62
4
100
AcDbLine
 10
38.882984
 20
-0.38962
 30
0.0
 11
38.829426
 21
-0.38674
 31
0.0
  0
LINE
  5
19C4
330
1F
100
AcDbEntity
  8
1
  6
CONTINUOUS
370
50
 62
4
100
AcDbLine
 10
29.162558
 20
-2.594758
 30
0.0
 11
29.140484
 21
-2.593573
 31
0.0
  0
LINE
  5
19C5
330
1F
100
AcDbEntity
  8
1
  6
CONTINUOUS
370
50
 62
4
100
AcDbLine
 10
21.247126
 20
3.263262
 30
0.0
 11
21.225052
 21
3.264442
 31
0.0
  0
LINE
  5
19C6
330
1F
100
AcDbEntity
  8
1
  6
CONTINUOUS
370
50
 62
4
100
AcDbLine
 10
29.184631
 20
-2.595937
 30
0.0
 11
29.162558
 21
-2.594758
 31
0.0
  0
LINE
  5
19C7
330
1F
100
AcDbEntity
  8
1
  6
CONTINUOUS
370
50
 62
4
100
AcDbLine
 10
29.206705
 20
-2.597109
 30
0.0
 11
29.184631
 21
-2.595937
 31
0.0
  0
LINE
  5
19C8
330
1F
100
AcDbEntity
  8
1
  6
CONTINUOUS
370
50
 62
4
100
AcDbLine
 10
21.225052
 20
3.264442
 30
0.0
 11
21.202978
 21
3.265614
 31
0.0
  0
LINE
  5
19C9
330
1F
100
AcDbEntity
  8
1
  6
CONTINUOUS
370
50
 62
4
100
AcDbLine
 10
29.228777
 20
-2.598276
 30
0.0
 11
29.206705
 21
-2.597109
 31
0.0
  0
LINE
  5
19CA
330
1F
100
AcDbEntity
  8
1
  6
CONTINUOUS
370
50
 62
4
100
AcDbLine
 10
21.202978
 20
3.265614
 30
0.0
 11
21.180906
 21
3.266779
 31
0.0
  0
LINE
  5
19CB
330
1F
100
AcDbEntity
  8
1
  6
CONTINUOUS
370
50
 62
4
100
AcDbLine
 10
29.250851
 20
-2.599438
 30
0.0
 11
29.228777
 21
-2.598276
 31
0.0
  0
LINE
  5
19CC
330
1F
100
AcDbEntity
  8
1
  6
CONTINUOUS
370
50
 62
4
100
AcDbLine
 10
21.180906
 20
3.266779
 30
0.0
 11
21.158833
 21
3.267936
 31
0.0
  0
LINE
  5
19CD
330
1F
100
AcDbEntity
  8
1
  6
CONTINUOUS
370
50
 62
4
100
AcDbLine
 10
34.93924
 20
-3.258078
 30
0.0
 11
34.917168
 21
-3.25693
 31
0.0
  0
LINE
  5
19CE
330
1F
100
AcDbEntity
  8
1
  6
CONTINUOUS
370
50
 62
4
100
AcDbLine
 10
34.961315
 20
-3.259219
 30
0.0
 11
34.93924
 21
-3.258078
 31
0.0
  0
LINE
  5
19CF
330
1F
100
AcDbEntity
  8
1
  6
CONTINUOUS
370
50
 62
4
100
AcDbLine
 10
34.983387
 20
-3.260353
 30
0.0
 11
34.961315
 21
-3.259219
 31
0.0
  0
LINE
  5
19D0
330
1F
100
AcDbEntity
  8
1
  6
CONTINUOUS
370
50
 62
4
100
AcDbLine
 10
35.005463
 20
-3.261479
 30
0.0
 11
34.983387
 21
-3.260353
 31
0.0
  0
LINE
  5
19D1
330
1F
100
AcDbEntity
  8
1
  6
CONTINUOUS
370
50
 62
4
100
AcDbLine
 10
35.027534
 20
-3.262599
 30
0.0
 11
35.005463
 21
-3.261479
 31
0.0
  0
LINE
  5
19D2
330
1F
100
AcDbEntity
  8
1
  6
CONTINUOUS
370
50
 62
4
100
AcDbLine
 10
21.842516
 20
2.602263
 30
0.0
 11
21.820442
 21
2.603378
 31
0.0
  0
LINE
  5
19D3
330
1F
100
AcDbEntity
  8
1
  6
CONTINUOUS
370
50
 62
4
100
AcDbLine
 10
22.662445
 20
2.386832
 30
0.0
 11
21.626833
 21
2.439013
 31
0.0
  0
LINE
  5
19D4
330
1F
100
AcDbEntity
  8
1
  6
CONTINUOUS
370
50
 62
4
100
AcDbLine
 10
35.04961
 20
-3.263711
 30
0.0
 11
35.027534
 21
-3.262599
 31
0.0
  0
LINE
  5
19D5
330
1F
100
AcDbEntity
  8
1
  6
CONTINUOUS
370
50
 62
4
100
AcDbLine
 10
21.820442
 20
2.603378
 30
0.0
 11
21.798367
 21
2.604487
 31
0.0
  0
LINE
  5
19D6
330
1F
100
AcDbEntity
  8
1
  6
CONTINUOUS
370
50
 62
4
100
AcDbLine
 10
35.071682
 20
-3.264817
 30
0.0
 11
35.04961
 21
-3.263711
 31
0.0
  0
LINE
  5
19D7
330
1F
100
AcDbEntity
  8
1
  6
CONTINUOUS
370
50
 62
4
100
AcDbLine
 10
21.798367
 20
2.604487
 30
0.0
 11
21.776293
 21
2.60559
 31
0.0
  0
LINE
  5
19D8
330
1F
100
AcDbEntity
  8
1
  6
CONTINUOUS
370
50
 62
4
100
AcDbLine
 10
21.776293
 20
2.60559
 30
0.0
 11
21.754219
 21
2.606688
 31
0.0
  0
LINE
  5
19D9
330
1F
100
AcDbEntity
  8
1
  6
CONTINUOUS
370
50
 62
4
100
AcDbLine
 10
21.754219
 20
2.606688
 30
0.0
 11
21.732145
 21
2.60778
 31
0.0
  0
LINE
  5
19DA
330
1F
100
AcDbEntity
  8
1
  6
CONTINUOUS
370
50
 62
4
100
AcDbLine
 10
21.732145
 20
2.60778
 30
0.0
 11
21.710073
 21
2.608866
 31
0.0
  0
LINE
  5
19DB
330
1F
100
AcDbEntity
  8
1
  6
CONTINUOUS
370
50
 62
4
100
AcDbLine
 10
21.710073
 20
2.608866
 30
0.0
 11
21.688
 21
2.609946
 31
0.0
  0
LINE
  5
19DC
330
1F
100
AcDbEntity
  8
1
  6
CONTINUOUS
370
50
 62
4
100
AcDbLine
 10
20.362263
 20
0.5207149999999999
 30
0.0
 11
20.30863
 21
0.523218
 31
0.0
  0
LINE
  5
19DD
330
1F
100
AcDbEntity
  8
1
  6
CONTINUOUS
370
50
 62
4
100
AcDbLine
 10
29.581493
 20
2.773891
 30
0.0
 11
29.566542
 21
2.774578
 31
0.0
  0
LINE
  5
19DE
330
1F
100
AcDbEntity
  8
1
  6
CONTINUOUS
370
50
 62
4
100
AcDbLine
 10
16.070631
 20
1.196565
 30
0.0
 11
16.034981
 21
1.198156
 31
0.0
  0
LINE
  5
19DF
330
1F
100
AcDbEntity
  8
1
  6
CONTINUOUS
370
50
 62
4
100
AcDbLine
 10
28.467968
 20
2.647177
 30
0.0
 11
28.442217
 21
2.648237
 31
0.0
  0
LINE
  5
19E0
330
1F
100
AcDbEntity
  8
1
  6
CONTINUOUS
370
50
 62
4
100
AcDbLine
 10
38.936523
 20
-0.391802
 30
0.0
 11
38.882984
 21
-0.38962
 31
0.0
  0
LINE
  5
19E1
330
1F
100
AcDbEntity
  8
1
  6
CONTINUOUS
370
50
 62
4
100
AcDbLine
 10
27.877192
 20
-2.584718
 30
0.0
 11
27.846165
 21
-2.583473
 31
0.0
  0
LINE
  5
19E2
330
1F
100
AcDbEntity
  8
1
  6
CONTINUOUS
370
50
 62
4
100
AcDbLine
 10
30.176739
 20
-2.642448
 30
0.0
 11
30.154667
 21
-2.641565
 31
0.0
  0
LINE
  5
19E3
330
1F
100
AcDbEntity
  8
1
  6
CONTINUOUS
370
50
 62
4
100
AcDbLine
 10
30.198812
 20
-2.643326
 30
0.0
 11
30.176739
 21
-2.642448
 31
0.0
  0
LINE
  5
19E4
330
1F
100
AcDbEntity
  8
1
  6
CONTINUOUS
370
50
 62
4
100
AcDbLine
 10
30.220886
 20
-2.644196
 30
0.0
 11
30.198812
 21
-2.643326
 31
0.0
  0
LINE
  5
19E5
330
1F
100
AcDbEntity
  8
1
  6
CONTINUOUS
370
50
 62
4
100
AcDbLine
 10
30.24296
 20
-2.645059
 30
0.0
 11
30.220886
 21
-2.644196
 31
0.0
  0
LINE
  5
19E6
330
1F
100
AcDbEntity
  8
1
  6
CONTINUOUS
370
50
 62
4
100
AcDbLine
 10
21.626833
 20
2.439013
 30
0.0
 11
20.591221
 21
2.479308
 31
0.0
  0
LINE
  5
19E7
330
1F
100
AcDbEntity
  8
1
  6
CONTINUOUS
370
50
 62
4
100
AcDbLine
 10
30.265034
 20
-2.645915
 30
0.0
 11
30.24296
 21
-2.645059
 31
0.0
  0
LINE
  5
19E8
330
1F
100
AcDbEntity
  8
1
  6
CONTINUOUS
370
50
 62
4
100
AcDbLine
 10
30.287107
 20
-2.646764
 30
0.0
 11
30.265034
 21
-2.645915
 31
0.0
  0
LINE
  5
19E9
330
1F
100
AcDbEntity
  8
1
  6
CONTINUOUS
370
50
 62
4
100
AcDbLine
 10
30.309183
 20
-2.647606
 30
0.0
 11
30.287107
 21
-2.646764
 31
0.0
  0
LINE
  5
19EA
330
1F
100
AcDbEntity
  8
1
  6
CONTINUOUS
370
50
 62
4
100
AcDbLine
 10
20.784184
 20
2.649123
 30
0.0
 11
20.762171
 21
2.649951
 31
0.0
  0
LINE
  5
19EB
330
1F
100
AcDbEntity
  8
1
  6
CONTINUOUS
370
50
 62
4
100
AcDbLine
 10
20.762171
 20
2.649951
 30
0.0
 11
20.740284
 21
2.650769
 31
0.0
  0
LINE
  5
19EC
330
1F
100
AcDbEntity
  8
1
  6
CONTINUOUS
370
50
 62
4
100
AcDbLine
 10
20.255016
 20
3.308601
 30
0.0
 11
20.232944
 21
3.309419
 31
0.0
  0
LINE
  5
19ED
330
1F
100
AcDbEntity
  8
1
  6
CONTINUOUS
370
50
 62
4
100
AcDbLine
 10
20.740284
 20
2.650769
 30
0.0
 11
20.718433
 21
2.651578
 31
0.0
  0
LINE
  5
19EE
330
1F
100
AcDbEntity
  8
1
  6
CONTINUOUS
370
50
 62
4
100
AcDbLine
 10
20.718433
 20
2.651578
 30
0.0
 11
20.696533
 21
2.652383
 31
0.0
  0
LINE
  5
19EF
330
1F
100
AcDbEntity
  8
1
  6
CONTINUOUS
370
50
 62
4
100
AcDbLine
 10
20.232944
 20
3.309419
 30
0.0
 11
20.210873
 21
3.310228
 31
0.0
  0
LINE
  5
19F0
330
1F
100
AcDbEntity
  8
1
  6
CONTINUOUS
370
50
 62
4
100
AcDbLine
 10
35.997574
 20
-3.304797
 30
0.0
 11
35.975498
 21
-3.303989
 31
0.0
  0
LINE
  5
19F1
330
1F
100
AcDbEntity
  8
1
  6
CONTINUOUS
370
50
 62
4
100
AcDbLine
 10
20.696533
 20
2.652383
 30
0.0
 11
20.674498
 21
2.653186
 31
0.0
  0
LINE
  5
19F2
330
1F
100
AcDbEntity
  8
1
  6
CONTINUOUS
370
50
 62
4
100
AcDbLine
 10
36.01965
 20
-3.305599
 30
0.0
 11
35.997574
 21
-3.304797
 31
0.0
  0
LINE
  5
19F3
330
1F
100
AcDbEntity
  8
1
  6
CONTINUOUS
370
50
 62
4
100
AcDbLine
 10
20.210873
 20
3.310228
 30
0.0
 11
20.188799
 21
3.311028
 31
0.0
  0
LINE
  5
19F4
330
1F
100
AcDbEntity
  8
1
  6
CONTINUOUS
370
50
 62
4
100
AcDbLine
 10
20.674498
 20
2.653186
 30
0.0
 11
20.652237
 21
2.65399
 31
0.0
  0
LINE
  5
19F5
330
1F
100
AcDbEntity
  8
1
  6
CONTINUOUS
370
50
 62
4
100
AcDbLine
 10
36.041721
 20
-3.306393
 30
0.0
 11
36.01965
 21
-3.305599
 31
0.0
  0
LINE
  5
19F6
330
1F
100
AcDbEntity
  8
1
  6
CONTINUOUS
370
50
 62
4
100
AcDbLine
 10
20.188799
 20
3.311028
 30
0.0
 11
20.166725
 21
3.311821
 31
0.0
  0
LINE
  5
19F7
330
1F
100
AcDbEntity
  8
1
  6
CONTINUOUS
370
50
 62
4
100
AcDbLine
 10
20.652237
 20
2.65399
 30
0.0
 11
20.629667
 21
2.654798
 31
0.0
  0
LINE
  5
19F8
330
1F
100
AcDbEntity
  8
1
  6
CONTINUOUS
370
50
 62
4
100
AcDbLine
 10
36.063797
 20
-3.30718
 30
0.0
 11
36.041721
 21
-3.306393
 31
0.0
  0
LINE
  5
19F9
330
1F
100
AcDbEntity
  8
1
  6
CONTINUOUS
370
50
 62
4
100
AcDbLine
 10
20.166725
 20
3.311821
 30
0.0
 11
20.14465
 21
3.312604
 31
0.0
  0
LINE
  5
19FA
330
1F
100
AcDbEntity
  8
1
  6
CONTINUOUS
370
50
 62
4
100
AcDbLine
 10
36.085869
 20
-3.30796
 30
0.0
 11
36.063797
 21
-3.30718
 31
0.0
  0
LINE
  5
19FB
330
1F
100
AcDbEntity
  8
1
  6
CONTINUOUS
370
50
 62
4
100
AcDbLine
 10
20.14465
 20
3.312604
 30
0.0
 11
20.122576
 21
3.31338
 31
0.0
  0
LINE
  5
19FC
330
1F
100
AcDbEntity
  8
1
  6
CONTINUOUS
370
50
 62
4
100
AcDbLine
 10
36.107944
 20
-3.308733
 30
0.0
 11
36.085869
 21
-3.30796
 31
0.0
  0
LINE
  5
19FD
330
1F
100
AcDbEntity
  8
1
  6
CONTINUOUS
370
50
 62
4
100
AcDbLine
 10
20.122576
 20
3.31338
 30
0.0
 11
20.1005
 21
3.314146
 31
0.0
  0
LINE
  5
19FE
330
1F
100
AcDbEntity
  8
1
  6
CONTINUOUS
370
50
 62
4
100
AcDbLine
 10
36.130016
 20
-3.309498
 30
0.0
 11
36.107944
 21
-3.308733
 31
0.0
  0
LINE
  5
19FF
330
1F
100
AcDbEntity
  8
1
  6
CONTINUOUS
370
50
 62
4
100
AcDbLine
 10
20.30863
 20
0.523218
 30
0.0
 11
20.255016
 21
0.52503
 31
0.0
  0
LINE
  5
1A00
330
1F
100
AcDbEntity
  8
1
  6
CONTINUOUS
370
50
 62
4
100
AcDbLine
 10
26.888573
 20
2.474848
 30
0.0
 11
26.86624
 21
2.475595
 31
0.0
  0
LINE
  5
1A01
330
1F
100
AcDbEntity
  8
1
  6
CONTINUOUS
370
50
 62
4
100
AcDbLine
 10
38.990047
 20
-0.393283
 30
0.0
 11
38.936523
 21
-0.391802
 31
0.0
  0
LINE
  5
1A02
330
1F
100
AcDbEntity
  8
1
  6
CONTINUOUS
370
50
 62
4
100
AcDbLine
 10
25.881809
 20
2.368322
 30
0.0
 11
25.868744
 21
2.368665
 31
0.0
  0
LINE
  5
1A03
330
1F
100
AcDbEntity
  8
1
  6
CONTINUOUS
370
50
 62
4
100
AcDbLine
 10
20.591221
 20
2.479308
 30
0.0
 11
19.555609
 21
2.506365
 31
0.0
  0
LINE
  5
1A04
330
1F
100
AcDbEntity
  8
1
  6
CONTINUOUS
370
50
 62
4
100
AcDbLine
 10
18.52
 20
0.106998
 30
0.0
 11
18.405888
 21
0.109941
 31
0.0
  0
LINE
  5
1A05
330
1F
100
AcDbEntity
  8
1
  6
CONTINUOUS
370
50
 62
4
100
AcDbLine
 10
31.235073
 20
-2.676788
 30
0.0
 11
31.212999
 21
-2.676229
 31
0.0
  0
LINE
  5
1A06
330
1F
100
AcDbEntity
  8
1
  6
CONTINUOUS
370
50
 62
4
100
AcDbLine
 10
31.257147
 20
-2.67734
 30
0.0
 11
31.235073
 21
-2.676788
 31
0.0
  0
LINE
  5
1A07
330
1F
100
AcDbEntity
  8
1
  6
CONTINUOUS
370
50
 62
4
100
AcDbLine
 10
31.279219
 20
-2.677885
 30
0.0
 11
31.257147
 21
-2.67734
 31
0.0
  0
LINE
  5
1A08
330
1F
100
AcDbEntity
  8
1
  6
CONTINUOUS
370
50
 62
4
100
AcDbLine
 10
31.301292
 20
-2.678424
 30
0.0
 11
31.279219
 21
-2.677885
 31
0.0
  0
LINE
  5
1A09
330
1F
100
AcDbEntity
  8
1
  6
CONTINUOUS
370
50
 62
4
100
AcDbLine
 10
31.323368
 20
-2.678956
 30
0.0
 11
31.301292
 21
-2.678424
 31
0.0
  0
LINE
  5
1A0A
330
1F
100
AcDbEntity
  8
1
  6
CONTINUOUS
370
50
 62
4
100
AcDbLine
 10
31.345442
 20
-2.679482
 30
0.0
 11
31.323368
 21
-2.678956
 31
0.0
  0
LINE
  5
1A0B
330
1F
100
AcDbEntity
  8
1
  6
CONTINUOUS
370
50
 62
4
100
AcDbLine
 10
31.367517
 20
-2.680001
 30
0.0
 11
31.345442
 21
-2.679482
 31
0.0
  0
LINE
  5
1A0C
330
1F
100
AcDbEntity
  8
1
  6
CONTINUOUS
370
50
 62
4
100
AcDbLine
 10
29.887571
 20
-2.809885
 30
0.0
 11
29.852116
 21
-2.809052
 31
0.0
  0
LINE
  5
1A0D
330
1F
100
AcDbEntity
  8
1
  6
CONTINUOUS
370
50
 62
4
100
AcDbLine
 10
19.725849
 20
2.681217
 30
0.0
 11
19.703777
 21
2.68172
 31
0.0
  0
LINE
  5
1A0E
330
1F
100
AcDbEntity
  8
1
  6
CONTINUOUS
370
50
 62
4
100
AcDbLine
 10
18.405888
 20
0.109941
 30
0.0
 11
18.291767
 21
0.112512
 31
0.0
  0
LINE
  5
1A0F
330
1F
100
AcDbEntity
  8
1
  6
CONTINUOUS
370
50
 62
4
100
AcDbLine
 10
19.703777
 20
2.68172
 30
0.0
 11
19.681704
 21
2.682217
 31
0.0
  0
LINE
  5
1A10
330
1F
100
AcDbEntity
  8
1
  6
CONTINUOUS
370
50
 62
4
100
AcDbLine
 10
19.681704
 20
2.682217
 30
0.0
 11
19.65963
 21
2.682707
 31
0.0
  0
LINE
  5
1A11
330
1F
100
AcDbEntity
  8
1
  6
CONTINUOUS
370
50
 62
4
100
AcDbLine
 10
19.65963
 20
2.682707
 30
0.0
 11
19.637556
 21
2.68319
 31
0.0
  0
LINE
  5
1A12
330
1F
100
AcDbEntity
  8
1
  6
CONTINUOUS
370
50
 62
4
100
AcDbLine
 10
19.637556
 20
2.68319
 30
0.0
 11
19.615482
 21
2.683667
 31
0.0
  0
LINE
  5
1A13
330
1F
100
AcDbEntity
  8
1
  6
CONTINUOUS
370
50
 62
4
100
AcDbLine
 10
30.890234
 20
-2.92222
 30
0.0
 11
30.857586
 21
-2.92152
 31
0.0
  0
LINE
  5
1A14
330
1F
100
AcDbEntity
  8
1
  6
CONTINUOUS
370
50
 62
4
100
AcDbLine
 10
19.615482
 20
2.683667
 30
0.0
 11
19.593409
 21
2.684137
 31
0.0
  0
LINE
  5
1A15
330
1F
100
AcDbEntity
  8
1
  6
CONTINUOUS
370
50
 62
4
100
AcDbLine
 10
37.055908
 20
-3.335219
 30
0.0
 11
37.033833
 21
-3.334752
 31
0.0
  0
LINE
  5
1A16
330
1F
100
AcDbEntity
  8
1
  6
CONTINUOUS
370
50
 62
4
100
AcDbLine
 10
19.593409
 20
2.684137
 30
0.0
 11
19.571333
 21
2.6846
 31
0.0
  0
LINE
  5
1A17
330
1F
100
AcDbEntity
  8
1
  6
CONTINUOUS
370
50
 62
4
100
AcDbLine
 10
37.07798
 20
-3.335679
 30
0.0
 11
37.055908
 21
-3.335219
 31
0.0
  0
LINE
  5
1A18
330
1F
100
AcDbEntity
  8
1
  6
CONTINUOUS
370
50
 62
4
100
AcDbLine
 10
37.100056
 20
-3.336132
 30
0.0
 11
37.07798
 21
-3.335679
 31
0.0
  0
LINE
  5
1A19
330
1F
100
AcDbEntity
  8
1
  6
CONTINUOUS
370
50
 62
4
100
AcDbLine
 10
37.122131
 20
-3.336577
 30
0.0
 11
37.100056
 21
-3.336132
 31
0.0
  0
LINE
  5
1A1A
330
1F
100
AcDbEntity
  8
1
  6
CONTINUOUS
370
50
 62
4
100
AcDbLine
 10
37.144203
 20
-3.337015
 30
0.0
 11
37.122131
 21
-3.336577
 31
0.0
  0
LINE
  5
1A1B
330
1F
100
AcDbEntity
  8
1
  6
CONTINUOUS
370
50
 62
4
100
AcDbLine
 10
37.166275
 20
-3.337447
 30
0.0
 11
37.144203
 21
-3.337015
 31
0.0
  0
LINE
  5
1A1C
330
1F
100
AcDbEntity
  8
1
  6
CONTINUOUS
370
50
 62
4
100
AcDbLine
 10
18.291767
 20
0.112512
 30
0.0
 11
18.177639
 21
0.114707
 31
0.0
  0
LINE
  5
1A1D
330
1F
100
AcDbEntity
  8
1
  6
CONTINUOUS
370
50
 62
4
100
AcDbLine
 10
37.188351
 20
-3.337871
 30
0.0
 11
37.166275
 21
-3.337447
 31
0.0
  0
LINE
  5
1A1E
330
1F
100
AcDbEntity
  8
1
  6
CONTINUOUS
370
50
 62
4
100
AcDbLine
 10
19.196684
 20
3.338432
 30
0.0
 11
19.17461
 21
3.338855
 31
0.0
  0
LINE
  5
1A1F
330
1F
100
AcDbEntity
  8
1
  6
CONTINUOUS
370
50
 62
4
100
AcDbLine
 10
28.888245
 20
-2.695837
 30
0.0
 11
28.848783
 21
-2.69509
 31
0.0
  0
LINE
  5
1A20
330
1F
100
AcDbEntity
  8
1
  6
CONTINUOUS
370
50
 62
4
100
AcDbLine
 10
19.17461
 20
3.338855
 30
0.0
 11
19.152538
 21
3.339269
 31
0.0
  0
LINE
  5
1A21
330
1F
100
AcDbEntity
  8
1
  6
CONTINUOUS
370
50
 62
4
100
AcDbLine
 10
19.152538
 20
3.339269
 30
0.0
 11
19.130465
 21
3.339675
 31
0.0
  0
LINE
  5
1A22
330
1F
100
AcDbEntity
  8
1
  6
CONTINUOUS
370
50
 62
4
100
AcDbLine
 10
19.130465
 20
3.339675
 30
0.0
 11
19.108391
 21
3.340074
 31
0.0
  0
LINE
  5
1A23
330
1F
100
AcDbEntity
  8
1
  6
CONTINUOUS
370
50
 62
4
100
AcDbLine
 10
19.108391
 20
3.340074
 30
0.0
 11
19.086317
 21
3.340464
 31
0.0
  0
LINE
  5
1A24
330
1F
100
AcDbEntity
  8
1
  6
CONTINUOUS
370
50
 62
4
100
AcDbLine
 10
19.086317
 20
3.340464
 30
0.0
 11
19.064241
 21
3.340847
 31
0.0
  0
LINE
  5
1A25
330
1F
100
AcDbEntity
  8
1
  6
CONTINUOUS
370
50
 62
4
100
AcDbLine
 10
19.064241
 20
3.340847
 30
0.0
 11
19.042168
 21
3.341221
 31
0.0
  0
LINE
  5
1A26
330
1F
100
AcDbEntity
  8
1
  6
CONTINUOUS
370
50
 62
4
100
AcDbLine
 10
18.177639
 20
0.114707
 30
0.0
 11
18.063507
 21
0.116521
 31
0.0
  0
LINE
  5
1A27
330
1F
100
AcDbEntity
  8
1
  6
CONTINUOUS
370
50
 62
4
100
AcDbLine
 10
39.043552
 20
-0.394062
 30
0.0
 11
38.990047
 21
-0.393283
 31
0.0
  0
LINE
  5
1A28
330
1F
100
AcDbEntity
  8
1
  6
CONTINUOUS
370
50
 62
4
100
AcDbLine
 10
30.683826
 20
2.900344
 30
0.0
 11
30.678923
 21
2.900415
 31
0.0
  0
LINE
  5
1A29
330
1F
100
AcDbEntity
  8
1
  6
CONTINUOUS
370
50
 62
4
100
AcDbLine
 10
19.555609
 20
2.506365
 30
0.0
 11
18.52
 21
2.519881
 31
0.0
  0
LINE
  5
1A2A
330
1F
100
AcDbEntity
  8
1
  6
CONTINUOUS
370
50
 62
4
100
AcDbLine
 10
18.063507
 20
0.116521
 30
0.0
 11
17.949371
 21
0.117952
 31
0.0
  0
LINE
  5
1A2B
330
1F
100
AcDbEntity
  8
1
  6
CONTINUOUS
370
50
 62
4
100
AcDbLine
 10
32.293407
 20
-2.696008
 30
0.0
 11
32.271332
 21
-2.695755
 31
0.0
  0
LINE
  5
1A2C
330
1F
100
AcDbEntity
  8
1
  6
CONTINUOUS
370
50
 62
4
100
AcDbLine
 10
32.315479
 20
-2.696254
 30
0.0
 11
32.293407
 21
-2.696008
 31
0.0
  0
LINE
  5
1A2D
330
1F
100
AcDbEntity
  8
1
  6
CONTINUOUS
370
50
 62
4
100
AcDbLine
 10
32.337555
 20
-2.696494
 30
0.0
 11
32.315479
 21
-2.696254
 31
0.0
  0
LINE
  5
1A2E
330
1F
100
AcDbEntity
  8
1
  6
CONTINUOUS
370
50
 62
4
100
AcDbLine
 10
32.359627
 20
-2.696728
 30
0.0
 11
32.337555
 21
-2.696494
 31
0.0
  0
LINE
  5
1A2F
330
1F
100
AcDbEntity
  8
1
  6
CONTINUOUS
370
50
 62
4
100
AcDbLine
 10
32.381702
 20
-2.696955
 30
0.0
 11
32.359627
 21
-2.696728
 31
0.0
  0
LINE
  5
1A30
330
1F
100
AcDbEntity
  8
1
  6
CONTINUOUS
370
50
 62
4
100
AcDbLine
 10
32.403774
 20
-2.697177
 30
0.0
 11
32.381702
 21
-2.696955
 31
0.0
  0
LINE
  5
1A31
330
1F
100
AcDbEntity
  8
1
  6
CONTINUOUS
370
50
 62
4
100
AcDbLine
 10
32.42585
 20
-2.697392
 30
0.0
 11
32.403774
 21
-2.697177
 31
0.0
  0
LINE
  5
1A32
330
1F
100
AcDbEntity
  8
1
  6
CONTINUOUS
370
50
 62
4
100
AcDbLine
 10
17.949371
 20
0.117952
 30
0.0
 11
17.835234
 21
0.118994
 31
0.0
  0
LINE
  5
1A33
330
1F
100
AcDbEntity
  8
1
  6
CONTINUOUS
370
50
 62
4
100
AcDbLine
 10
18.667517
 20
2.697998
 30
0.0
 11
18.646444
 21
2.698182
 31
0.0
  0
LINE
  5
1A34
330
1F
100
AcDbEntity
  8
1
  6
CONTINUOUS
370
50
 62
4
100
AcDbLine
 10
18.646444
 20
2.698182
 30
0.0
 11
18.62537
 21
2.698361
 31
0.0
  0
LINE
  5
1A35
330
1F
100
AcDbEntity
  8
1
  6
CONTINUOUS
370
50
 62
4
100
AcDbLine
 10
18.62537
 20
2.698361
 30
0.0
 11
18.604296
 21
2.698534
 31
0.0
  0
LINE
  5
1A36
330
1F
100
AcDbEntity
  8
1
  6
CONTINUOUS
370
50
 62
4
100
AcDbLine
 10
18.604296
 20
2.698534
 30
0.0
 11
18.583223
 21
2.698701
 31
0.0
  0
LINE
  5
1A37
330
1F
100
AcDbEntity
  8
1
  6
CONTINUOUS
370
50
 62
4
100
AcDbLine
 10
18.583223
 20
2.698701
 30
0.0
 11
18.562149
 21
2.698863
 31
0.0
  0
LINE
  5
1A38
330
1F
100
AcDbEntity
  8
1
  6
CONTINUOUS
370
50
 62
4
100
AcDbLine
 10
18.562149
 20
2.698863
 30
0.0
 11
18.541075
 21
2.699019
 31
0.0
  0
LINE
  5
1A39
330
1F
100
AcDbEntity
  8
1
  6
CONTINUOUS
370
50
 62
4
100
AcDbLine
 10
18.541075
 20
2.699019
 30
0.0
 11
18.52
 21
2.699169
 31
0.0
  0
LINE
  5
1A3A
330
1F
100
AcDbEntity
  8
1
  6
CONTINUOUS
370
50
 62
4
100
AcDbLine
 10
17.835234
 20
0.118994
 30
0.0
 11
17.721094
 21
0.119644
 31
0.0
  0
LINE
  5
1A3B
330
1F
100
AcDbEntity
  8
1
  6
CONTINUOUS
370
50
 62
4
100
AcDbLine
 10
38.11424299999999
 20
-3.349118
 30
0.0
 11
38.092167
 21
-3.349
 31
0.0
  0
LINE
  5
1A3C
330
1F
100
AcDbEntity
  8
1
  6
CONTINUOUS
370
50
 62
4
100
AcDbLine
 10
38.136314
 20
-3.349229
 30
0.0
 11
38.11424299999999
 21
-3.349118
 31
0.0
  0
LINE
  5
1A3D
330
1F
100
AcDbEntity
  8
1
  6
CONTINUOUS
370
50
 62
4
100
AcDbLine
 10
38.15839
 20
-3.349333
 30
0.0
 11
38.136314
 21
-3.349229
 31
0.0
  0
LINE
  5
1A3E
330
1F
100
AcDbEntity
  8
1
  6
CONTINUOUS
370
50
 62
4
100
AcDbLine
 10
38.180462
 20
-3.349428
 30
0.0
 11
38.15839
 21
-3.349333
 31
0.0
  0
LINE
  5
1A3F
330
1F
100
AcDbEntity
  8
1
  6
CONTINUOUS
370
50
 62
4
100
AcDbLine
 10
38.202538
 20
-3.349517
 30
0.0
 11
38.180462
 21
-3.349428
 31
0.0
  0
LINE
  5
1A40
330
1F
100
AcDbEntity
  8
1
  6
CONTINUOUS
370
50
 62
4
100
AcDbLine
 10
38.224609
 20
-3.349598
 30
0.0
 11
38.202538
 21
-3.349517
 31
0.0
  0
LINE
  5
1A41
330
1F
100
AcDbEntity
  8
1
  6
CONTINUOUS
370
50
 62
4
100
AcDbLine
 10
38.246685
 20
-3.349672
 30
0.0
 11
38.224609
 21
-3.349598
 31
0.0
  0
LINE
  5
1A42
330
1F
100
AcDbEntity
  8
1
  6
CONTINUOUS
370
50
 62
4
100
AcDbLine
 10
39.097034
 20
-0.394137
 30
0.0
 11
39.043552
 21
-0.394062
 31
0.0
  0
LINE
  5
1A43
330
1F
100
AcDbEntity
  8
1
  6
CONTINUOUS
370
50
 62
4
100
AcDbLine
 10
17.156445
 20
3.498597
 30
0.0
 11
16.968296
 21
3.498818
 31
0.0
  0
LINE
  5
1A44
330
1F
100
AcDbEntity
  8
1
  6
CONTINUOUS
370
50
 62
4
100
AcDbLine
 10
17.344625
 20
3.498377
 30
0.0
 11
17.156445
 21
3.498597
 31
0.0
  0
LINE
  5
1A45
330
1F
100
AcDbEntity
  8
1
  6
CONTINUOUS
370
50
 62
4
100
AcDbLine
 10
17.532839
 20
3.498161
 30
0.0
 11
17.344625
 21
3.498377
 31
0.0
  0
LINE
  5
1A46
330
1F
100
AcDbEntity
  8
1
  6
CONTINUOUS
370
50
 62
4
100
AcDbLine
 10
16.968296
 20
3.498818
 30
0.0
 11
16.780174
 21
3.499034
 31
0.0
  0
LINE
  5
1A47
330
1F
100
AcDbEntity
  8
1
  6
CONTINUOUS
370
50
 62
4
100
AcDbLine
 10
17.721087
 20
3.497954
 30
0.0
 11
17.532839
 21
3.498161
 31
0.0
  0
LINE
  5
1A48
330
1F
100
AcDbEntity
  8
1
  6
CONTINUOUS
370
50
 62
4
100
AcDbLine
 10
16.780174
 20
3.499034
 30
0.0
 11
16.592075
 21
3.499241
 31
0.0
  0
LINE
  5
1A49
330
1F
100
AcDbEntity
  8
1
  6
CONTINUOUS
370
50
 62
4
100
AcDbLine
 10
16.592075
 20
3.499241
 30
0.0
 11
16.403999
 21
3.499434
 31
0.0
  0
LINE
  5
1A4A
330
1F
100
AcDbEntity
  8
1
  6
CONTINUOUS
370
50
 62
4
100
AcDbLine
 10
15.538
 20
3.999953
 30
0.0
 11
15.495566
 21
3.999967
 31
0.0
  0
LINE
  5
1A4B
330
1F
100
AcDbEntity
  8
1
  6
CONTINUOUS
370
50
 62
4
100
AcDbLine
 10
15.495566
 20
3.999967
 30
0.0
 11
15.453135
 21
3.999979
 31
0.0
  0
LINE
  5
1A4C
330
1F
100
AcDbEntity
  8
1
  6
CONTINUOUS
370
50
 62
4
100
AcDbLine
 10
15.453135
 20
3.999979
 30
0.0
 11
15.410707
 21
3.999988
 31
0.0
  0
LINE
  5
1A4D
330
1F
100
AcDbEntity
  8
1
  6
CONTINUOUS
370
50
 62
4
100
AcDbLine
 10
15.410707
 20
3.999988
 30
0.0
 11
15.368282
 21
3.999995
 31
0.0
  0
LINE
  5
1A4E
330
1F
100
AcDbEntity
  8
1
  6
CONTINUOUS
370
50
 62
4
100
AcDbLine
 10
15.368282
 20
3.999995
 30
0.0
 11
15.32586
 21
3.999999
 31
0.0
  0
LINE
  5
1A4F
330
1F
100
AcDbEntity
  8
1
  6
CONTINUOUS
370
50
 62
4
100
AcDbLine
 10
15.32586
 20
3.999999
 30
0.0
 11
15.283441
 21
4.0
 31
0.0
  0
LINE
  5
1A50
330
1F
100
AcDbEntity
  8
1
  6
CONTINUOUS
370
50
 62
4
100
AcDbLine
 10
0.0
 20
-4.0
 30
0.0
 11
15.283502
 21
-4.0
 31
0.0
  0
LINE
  5
1A51
330
1F
100
AcDbEntity
  8
1
  6
CONTINUOUS
370
50
 62
4
100
AcDbLine
 10
40.208832
 20
-3.35
 30
0.0
 11
40.36335
 21
-3.35
 31
0.0
  0
LINE
  5
1A52
330
1F
100
AcDbEntity
  8
1
  6
CONTINUOUS
370
50
 62
4
100
AcDbLine
 10
39.150501
 20
-3.35
 30
0.0
 11
39.30501599999999
 21
-3.35
 31
0.0
  0
LINE
  5
1A53
330
1F
100
AcDbEntity
  8
1
  6
CONTINUOUS
370
50
 62
4
100
AcDbLine
 10
33.329666
 20
-2.701087
 30
0.0
 11
33.484184
 21
-2.701087
 31
0.0
  0
LINE
  5
1A54
330
1F
100
AcDbEntity
  8
1
  6
CONTINUOUS
370
50
 62
4
100
AcDbLine
 10
34.388
 20
-2.701087
 30
0.0
 11
34.542515
 21
-2.701087
 31
0.0
  0
LINE
  5
1A55
330
1F
100
AcDbEntity
  8
1
  6
CONTINUOUS
370
50
 62
4
100
AcDbLine
 10
35.446335
 20
-2.701087
 30
0.0
 11
35.600849
 21
-2.701087
 31
0.0
  0
LINE
  5
1A56
330
1F
100
AcDbEntity
  8
1
  6
CONTINUOUS
370
50
 62
4
100
AcDbLine
 10
36.504665
 20
-2.701087
 30
0.0
 11
36.659184
 21
-2.701087
 31
0.0
  0
LINE
  5
1A57
330
1F
100
AcDbEntity
  8
1
  6
CONTINUOUS
370
50
 62
4
100
AcDbLine
 10
37.563
 20
-2.701087
 30
0.0
 11
37.717518
 21
-2.701087
 31
0.0
  0
LINE
  5
1A58
330
1F
100
AcDbEntity
  8
1
  6
CONTINUOUS
370
50
 62
4
100
AcDbLine
 10
38.621334
 20
-2.701087
 30
0.0
 11
38.775848
 21
-2.701087
 31
0.0
  0
LINE
  5
1A59
330
1F
100
AcDbEntity
  8
1
  6
CONTINUOUS
370
50
 62
4
100
AcDbLine
 10
39.679668
 20
-2.701087
 30
0.0
 11
39.834183
 21
-2.701087
 31
0.0
  0
LINE
  5
1A5A
330
1F
100
AcDbEntity
  8
1
  6
CONTINUOUS
370
50
 62
4
100
AcDbLine
 10
40.737495
 20
2.52105
 30
0.0
 11
40.73799899999999
 21
2.52105
 31
0.0
  0
LINE
  5
1A5B
330
1F
100
AcDbEntity
  8
1
  6
CONTINUOUS
370
50
 62
4
100
AcDbLine
 10
40.736996
 20
2.521049
 30
0.0
 11
40.737247
 21
2.521049
 31
0.0
  0
LINE
  5
1A5C
330
1F
100
AcDbEntity
  8
1
  6
CONTINUOUS
370
50
 62
4
100
AcDbLine
 10
40.736744
 20
2.521049
 30
0.0
 11
40.736996
 21
2.521049
 31
0.0
  0
LINE
  5
1A5D
330
1F
100
AcDbEntity
  8
1
  6
CONTINUOUS
370
50
 62
4
100
AcDbLine
 10
40.736492
 20
2.521049
 30
0.0
 11
40.736744
 21
2.521049
 31
0.0
  0
LINE
  5
1A5E
330
1F
100
AcDbEntity
  8
1
  6
CONTINUOUS
370
50
 62
4
100
AcDbLine
 10
33.329666
 20
2.701087
 30
0.0
 11
33.484184
 21
2.701087
 31
0.0
  0
LINE
  5
1A5F
330
1F
100
AcDbEntity
  8
1
  6
CONTINUOUS
370
50
 62
4
100
AcDbLine
 10
34.388
 20
2.701087
 30
0.0
 11
34.542515
 21
2.701087
 31
0.0
  0
LINE
  5
1A60
330
1F
100
AcDbEntity
  8
1
  6
CONTINUOUS
370
50
 62
4
100
AcDbLine
 10
35.446335
 20
2.701087
 30
0.0
 11
35.600849
 21
2.701087
 31
0.0
  0
LINE
  5
1A61
330
1F
100
AcDbEntity
  8
1
  6
CONTINUOUS
370
50
 62
4
100
AcDbLine
 10
36.504665
 20
2.701087
 30
0.0
 11
36.659184
 21
2.701087
 31
0.0
  0
LINE
  5
1A62
330
1F
100
AcDbEntity
  8
1
  6
CONTINUOUS
370
50
 62
4
100
AcDbLine
 10
37.563
 20
2.701087
 30
0.0
 11
37.717518
 21
2.701087
 31
0.0
  0
LINE
  5
1A63
330
1F
100
AcDbEntity
  8
1
  6
CONTINUOUS
370
50
 62
4
100
AcDbLine
 10
38.621334
 20
2.701087
 30
0.0
 11
38.775848
 21
2.701087
 31
0.0
  0
LINE
  5
1A64
330
1F
100
AcDbEntity
  8
1
  6
CONTINUOUS
370
50
 62
4
100
AcDbLine
 10
39.679668
 20
2.701087
 30
0.0
 11
39.834183
 21
2.701087
 31
0.0
  0
LINE
  5
1A65
330
1F
100
AcDbEntity
  8
1
  6
CONTINUOUS
370
50
 62
4
100
AcDbLine
 10
40.208832
 20
3.35
 30
0.0
 11
40.36335
 21
3.35
 31
0.0
  0
LINE
  5
1A66
330
1F
100
AcDbEntity
  8
1
  6
CONTINUOUS
370
50
 62
4
100
AcDbLine
 10
39.150501
 20
3.35
 30
0.0
 11
39.30501599999999
 21
3.35
 31
0.0
  0
LINE
  5
1A67
330
1F
100
AcDbEntity
  8
1
  6
CONTINUOUS
370
50
 62
4
100
AcDbLine
 10
0.0
 20
4.0
 30
0.0
 11
15.283502
 21
4.0
 31
0.0
  0
LINE
  5
1A68
330
1F
100
AcDbEntity
  8
1
  6
CONTINUOUS
370
50
 62
4
100
AcDbLine
 10
15.283441
 20
-4.0
 30
0.0
 11
15.32586
 21
-3.999999
 31
0.0
  0
LINE
  5
1A69
330
1F
100
AcDbEntity
  8
1
  6
CONTINUOUS
370
50
 62
4
100
AcDbLine
 10
15.32586
 20
-3.999999
 30
0.0
 11
15.368282
 21
-3.999995
 31
0.0
  0
LINE
  5
1A6A
330
1F
100
AcDbEntity
  8
1
  6
CONTINUOUS
370
50
 62
4
100
AcDbLine
 10
15.11951
 20
3.99998
 30
0.0
 11
15.283441
 21
4.0
 31
0.0
  0
LINE
  5
1A6B
330
1F
100
AcDbEntity
  8
1
  6
CONTINUOUS
370
50
 62
4
100
AcDbLine
 10
15.368282
 20
-3.999995
 30
0.0
 11
15.410707
 21
-3.999988
 31
0.0
  0
LINE
  5
1A6C
330
1F
100
AcDbEntity
  8
1
  6
CONTINUOUS
370
50
 62
4
100
AcDbLine
 10
15.410707
 20
-3.999988
 30
0.0
 11
15.453135
 21
-3.999979
 31
0.0
  0
LINE
  5
1A6D
330
1F
100
AcDbEntity
  8
1
  6
CONTINUOUS
370
50
 62
4
100
AcDbLine
 10
15.453135
 20
-3.999979
 30
0.0
 11
15.495566
 21
-3.999967
 31
0.0
  0
LINE
  5
1A6E
330
1F
100
AcDbEntity
  8
1
  6
CONTINUOUS
370
50
 62
4
100
AcDbLine
 10
15.495566
 20
-3.999967
 30
0.0
 11
15.538
 21
-3.999953
 31
0.0
  0
LINE
  5
1A6F
330
1F
100
AcDbEntity
  8
1
  6
CONTINUOUS
370
50
 62
4
100
AcDbLine
 10
14.955618
 20
3.999915
 30
0.0
 11
15.11951
 21
3.99998
 31
0.0
  0
LINE
  5
1A70
330
1F
100
AcDbEntity
  8
1
  6
CONTINUOUS
370
50
 62
4
100
AcDbLine
 10
14.791765
 20
3.999801
 30
0.0
 11
14.955618
 21
3.999915
 31
0.0
  0
LINE
  5
1A71
330
1F
100
AcDbEntity
  8
1
  6
CONTINUOUS
370
50
 62
4
100
AcDbLine
 10
16.403999
 20
-3.499434
 30
0.0
 11
16.592075
 21
-3.499241
 31
0.0
  0
LINE
  5
1A72
330
1F
100
AcDbEntity
  8
1
  6
CONTINUOUS
370
50
 62
4
100
AcDbLine
 10
14.627951
 20
3.999633
 30
0.0
 11
14.791765
 21
3.999801
 31
0.0
  0
LINE
  5
1A73
330
1F
100
AcDbEntity
  8
1
  6
CONTINUOUS
370
50
 62
4
100
AcDbLine
 10
16.592075
 20
-3.499241
 30
0.0
 11
16.780174
 21
-3.499034
 31
0.0
  0
LINE
  5
1A74
330
1F
100
AcDbEntity
  8
1
  6
CONTINUOUS
370
50
 62
4
100
AcDbLine
 10
17.532839
 20
-3.498161
 30
0.0
 11
17.721087
 21
-3.497954
 31
0.0
  0
LINE
  5
1A75
330
1F
100
AcDbEntity
  8
1
  6
CONTINUOUS
370
50
 62
4
100
AcDbLine
 10
16.780174
 20
-3.499034
 30
0.0
 11
16.968296
 21
-3.498818
 31
0.0
  0
LINE
  5
1A76
330
1F
100
AcDbEntity
  8
1
  6
CONTINUOUS
370
50
 62
4
100
AcDbLine
 10
17.344625
 20
-3.498377
 30
0.0
 11
17.532839
 21
-3.498161
 31
0.0
  0
LINE
  5
1A77
330
1F
100
AcDbEntity
  8
1
  6
CONTINUOUS
370
50
 62
4
100
AcDbLine
 10
17.156445
 20
-3.498597
 30
0.0
 11
17.344625
 21
-3.498377
 31
0.0
  0
LINE
  5
1A78
330
1F
100
AcDbEntity
  8
1
  6
CONTINUOUS
370
50
 62
4
100
AcDbLine
 10
16.968296
 20
-3.498818
 30
0.0
 11
17.156445
 21
-3.498597
 31
0.0
  0
LINE
  5
1A79
330
1F
100
AcDbEntity
  8
1
  6
CONTINUOUS
370
50
 62
4
100
AcDbLine
 10
14.464171
 20
3.999406
 30
0.0
 11
14.627951
 21
3.999633
 31
0.0
  0
LINE
  5
1A7A
330
1F
100
AcDbEntity
  8
1
  6
CONTINUOUS
370
50
 62
4
100
AcDbLine
 10
33.329666
 20
-2.700982
 30
0.0
 11
33.351738
 21
-2.700944
 31
0.0
  0
LINE
  5
1A7B
330
1F
100
AcDbEntity
  8
1
  6
CONTINUOUS
370
50
 62
4
100
AcDbLine
 10
14.300428
 20
3.999116
 30
0.0
 11
14.464171
 21
3.999406
 31
0.0
  0
LINE
  5
1A7C
330
1F
100
AcDbEntity
  8
1
  6
CONTINUOUS
370
50
 62
4
100
AcDbLine
 10
33.351738
 20
-2.700944
 30
0.0
 11
33.373814
 21
-2.7009
 31
0.0
  0
LINE
  5
1A7D
330
1F
100
AcDbEntity
  8
1
  6
CONTINUOUS
370
50
 62
4
100
AcDbLine
 10
14.214835
 20
3.998928
 30
0.0
 11
14.300428
 21
3.999116
 31
0.0
  0
LINE
  5
1A7E
330
1F
100
AcDbEntity
  8
1
  6
CONTINUOUS
370
50
 62
4
100
AcDbLine
 10
33.373814
 20
-2.7009
 30
0.0
 11
33.395885
 21
-2.70085
 31
0.0
  0
LINE
  5
1A7F
330
1F
100
AcDbEntity
  8
1
  6
CONTINUOUS
370
50
 62
4
100
AcDbLine
 10
33.395885
 20
-2.70085
 30
0.0
 11
33.417961
 21
-2.700794
 31
0.0
  0
LINE
  5
1A80
330
1F
100
AcDbEntity
  8
1
  6
CONTINUOUS
370
50
 62
4
100
AcDbLine
 10
14.130537
 20
3.998692
 30
0.0
 11
14.214835
 21
3.998928
 31
0.0
  0
LINE
  5
1A81
330
1F
100
AcDbEntity
  8
1
  6
CONTINUOUS
370
50
 62
4
100
AcDbLine
 10
33.417961
 20
-2.700794
 30
0.0
 11
33.440037
 21
-2.700732
 31
0.0
  0
LINE
  5
1A82
330
1F
100
AcDbEntity
  8
1
  6
CONTINUOUS
370
50
 62
4
100
AcDbLine
 10
33.440037
 20
-2.700732
 30
0.0
 11
33.462109
 21
-2.700664
 31
0.0
  0
LINE
  5
1A83
330
1F
100
AcDbEntity
  8
1
  6
CONTINUOUS
370
50
 62
4
100
AcDbLine
 10
33.462109
 20
-2.700664
 30
0.0
 11
33.484184
 21
-2.70059
 31
0.0
  0
LINE
  5
1A84
330
1F
100
AcDbEntity
  8
1
  6
CONTINUOUS
370
50
 62
4
100
AcDbLine
 10
38.224609
 20
3.349598
 30
0.0
 11
38.246685
 21
3.349672
 31
0.0
  0
LINE
  5
1A85
330
1F
100
AcDbEntity
  8
1
  6
CONTINUOUS
370
50
 62
4
100
AcDbLine
 10
14.047611
 20
3.998394
 30
0.0
 11
14.130537
 21
3.998692
 31
0.0
  0
LINE
  5
1A86
330
1F
100
AcDbEntity
  8
1
  6
CONTINUOUS
370
50
 62
4
100
AcDbLine
 10
38.202538
 20
3.349517
 30
0.0
 11
38.224609
 21
3.349598
 31
0.0
  0
LINE
  5
1A87
330
1F
100
AcDbEntity
  8
1
  6
CONTINUOUS
370
50
 62
4
100
AcDbLine
 10
40.737247
 20
2.521049
 30
0.0
 11
40.737495
 21
2.52105
 31
0.0
  0
LINE
  5
1A88
330
1F
100
AcDbEntity
  8
1
  6
CONTINUOUS
370
50
 62
4
100
AcDbLine
 10
38.180462
 20
3.349428
 30
0.0
 11
38.202538
 21
3.349517
 31
0.0
  0
LINE
  5
1A89
330
1F
100
AcDbEntity
  8
1
  6
CONTINUOUS
370
50
 62
4
100
AcDbLine
 10
38.15839
 20
3.349333
 30
0.0
 11
38.180462
 21
3.349428
 31
0.0
  0
LINE
  5
1A8A
330
1F
100
AcDbEntity
  8
1
  6
CONTINUOUS
370
50
 62
4
100
AcDbLine
 10
13.966135
 20
3.99802
 30
0.0
 11
14.047611
 21
3.998394
 31
0.0
  0
LINE
  5
1A8B
330
1F
100
AcDbEntity
  8
1
  6
CONTINUOUS
370
50
 62
4
100
AcDbLine
 10
38.136314
 20
3.349229
 30
0.0
 11
38.15839
 21
3.349333
 31
0.0
  0
LINE
  5
1A8C
330
1F
100
AcDbEntity
  8
1
  6
CONTINUOUS
370
50
 62
4
100
AcDbLine
 10
16.070631
 20
1.196565
 30
0.0
 11
16.104139
 21
1.196725
 31
0.0
  0
LINE
  5
1A8D
330
1F
100
AcDbEntity
  8
1
  6
CONTINUOUS
370
50
 62
4
100
AcDbLine
 10
38.11424299999999
 20
3.349118
 30
0.0
 11
38.136314
 21
3.349229
 31
0.0
  0
LINE
  5
1A8E
330
1F
100
AcDbEntity
  8
1
  6
CONTINUOUS
370
50
 62
4
100
AcDbLine
 10
38.092167
 20
3.349
 30
0.0
 11
38.11424299999999
 21
3.349118
 31
0.0
  0
LINE
  5
1A8F
330
1F
100
AcDbEntity
  8
1
  6
CONTINUOUS
370
50
 62
4
100
AcDbLine
 10
13.886187
 20
3.997556
 30
0.0
 11
13.966135
 21
3.99802
 31
0.0
  0
LINE
  5
1A90
330
1F
100
AcDbEntity
  8
1
  6
CONTINUOUS
370
50
 62
4
100
AcDbLine
 10
18.52
 20
-2.699169
 30
0.0
 11
18.541075
 21
-2.699019
 31
0.0
  0
LINE
  5
1A91
330
1F
100
AcDbEntity
  8
1
  6
CONTINUOUS
370
50
 62
4
100
AcDbLine
 10
13.807841
 20
3.996986
 30
0.0
 11
13.886187
 21
3.997556
 31
0.0
  0
LINE
  5
1A92
330
1F
100
AcDbEntity
  8
1
  6
CONTINUOUS
370
50
 62
4
100
AcDbLine
 10
18.541075
 20
-2.699019
 30
0.0
 11
18.562149
 21
-2.698863
 31
0.0
  0
LINE
  5
1A93
330
1F
100
AcDbEntity
  8
1
  6
CONTINUOUS
370
50
 62
4
100
AcDbLine
 10
18.562149
 20
-2.698863
 30
0.0
 11
18.583223
 21
-2.698701
 31
0.0
  0
LINE
  5
1A94
330
1F
100
AcDbEntity
  8
1
  6
CONTINUOUS
370
50
 62
4
100
AcDbLine
 10
18.583223
 20
-2.698701
 30
0.0
 11
18.604296
 21
-2.698534
 31
0.0
  0
LINE
  5
1A95
330
1F
100
AcDbEntity
  8
1
  6
CONTINUOUS
370
50
 62
4
100
AcDbLine
 10
40.341278
 20
3.348127
 30
0.0
 11
40.36335
 21
3.348302
 31
0.0
  0
LINE
  5
1A96
330
1F
100
AcDbEntity
  8
1
  6
CONTINUOUS
370
50
 62
4
100
AcDbLine
 10
18.604296
 20
-2.698534
 30
0.0
 11
18.62537
 21
-2.698361
 31
0.0
  0
LINE
  5
1A97
330
1F
100
AcDbEntity
  8
1
  6
CONTINUOUS
370
50
 62
4
100
AcDbLine
 10
40.31921
 20
3.347943
 30
0.0
 11
40.341278
 21
3.348127
 31
0.0
  0
LINE
  5
1A98
330
1F
100
AcDbEntity
  8
1
  6
CONTINUOUS
370
50
 62
4
100
AcDbLine
 10
39.502251
 20
2.510639
 30
0.0
 11
40.736492
 21
2.521049
 31
0.0
  0
LINE
  5
1A99
330
1F
100
AcDbEntity
  8
1
  6
CONTINUOUS
370
50
 62
4
100
AcDbLine
 10
18.62537
 20
-2.698361
 30
0.0
 11
18.646444
 21
-2.698182
 31
0.0
  0
LINE
  5
1A9A
330
1F
100
AcDbEntity
  8
1
  6
CONTINUOUS
370
50
 62
4
100
AcDbLine
 10
30.674002
 20
2.900373
 30
0.0
 11
30.678923
 21
2.900415
 31
0.0
  0
LINE
  5
1A9B
330
1F
100
AcDbEntity
  8
1
  6
CONTINUOUS
370
50
 62
4
100
AcDbLine
 10
40.297134
 20
3.347752
 30
0.0
 11
40.31921
 21
3.347943
 31
0.0
  0
LINE
  5
1A9C
330
1F
100
AcDbEntity
  8
1
  6
CONTINUOUS
370
50
 62
4
100
AcDbLine
 10
18.646444
 20
-2.698182
 30
0.0
 11
18.667517
 21
-2.697998
 31
0.0
  0
LINE
  5
1A9D
330
1F
100
AcDbEntity
  8
1
  6
CONTINUOUS
370
50
 62
4
100
AcDbLine
 10
13.731178
 20
3.996296
 30
0.0
 11
13.807841
 21
3.996986
 31
0.0
  0
LINE
  5
1A9E
330
1F
100
AcDbEntity
  8
1
  6
CONTINUOUS
370
50
 62
4
100
AcDbLine
 10
40.275063
 20
3.347551
 30
0.0
 11
40.297134
 21
3.347752
 31
0.0
  0
LINE
  5
1A9F
330
1F
100
AcDbEntity
  8
1
  6
CONTINUOUS
370
50
 62
4
100
AcDbLine
 10
40.252987
 20
3.347343
 30
0.0
 11
40.275063
 21
3.347551
 31
0.0
  0
LINE
  5
1AA0
330
1F
100
AcDbEntity
  8
1
  6
CONTINUOUS
370
50
 62
4
100
AcDbLine
 10
32.403774
 20
2.697177
 30
0.0
 11
32.42585
 21
2.697392
 31
0.0
  0
LINE
  5
1AA1
330
1F
100
AcDbEntity
  8
1
  6
CONTINUOUS
370
50
 62
4
100
AcDbLine
 10
40.230911
 20
3.347126
 30
0.0
 11
40.252987
 21
3.347343
 31
0.0
  0
LINE
  5
1AA2
330
1F
100
AcDbEntity
  8
1
  6
CONTINUOUS
370
50
 62
4
100
AcDbLine
 10
32.381702
 20
2.696955
 30
0.0
 11
32.403774
 21
2.697177
 31
0.0
  0
LINE
  5
1AA3
330
1F
100
AcDbEntity
  8
1
  6
CONTINUOUS
370
50
 62
4
100
AcDbLine
 10
40.208832
 20
3.3469
 30
0.0
 11
40.230911
 21
3.347126
 31
0.0
  0
LINE
  5
1AA4
330
1F
100
AcDbEntity
  8
1
  6
CONTINUOUS
370
50
 62
4
100
AcDbLine
 10
32.359627
 20
2.696728
 30
0.0
 11
32.381702
 21
2.696955
 31
0.0
  0
LINE
  5
1AA5
330
1F
100
AcDbEntity
  8
1
  6
CONTINUOUS
370
50
 62
4
100
AcDbLine
 10
32.337555
 20
2.696494
 30
0.0
 11
32.359627
 21
2.696728
 31
0.0
  0
LINE
  5
1AA6
330
1F
100
AcDbEntity
  8
1
  6
CONTINUOUS
370
50
 62
4
100
AcDbLine
 10
32.315479
 20
2.696254
 30
0.0
 11
32.337555
 21
2.696494
 31
0.0
  0
LINE
  5
1AA7
330
1F
100
AcDbEntity
  8
1
  6
CONTINUOUS
370
50
 62
4
100
AcDbLine
 10
13.656274
 20
3.995472
 30
0.0
 11
13.731178
 21
3.996296
 31
0.0
  0
LINE
  5
1AA8
330
1F
100
AcDbEntity
  8
1
  6
CONTINUOUS
370
50
 62
4
100
AcDbLine
 10
32.293407
 20
2.696008
 30
0.0
 11
32.315479
 21
2.696254
 31
0.0
  0
LINE
  5
1AA9
330
1F
100
AcDbEntity
  8
1
  6
CONTINUOUS
370
50
 62
4
100
AcDbLine
 10
39.150501
 20
-3.346193
 30
0.0
 11
39.172577
 21
-3.345945
 31
0.0
  0
LINE
  5
1AAA
330
1F
100
AcDbEntity
  8
1
  6
CONTINUOUS
370
50
 62
4
100
AcDbLine
 10
32.271332
 20
2.695755
 30
0.0
 11
32.293407
 21
2.696008
 31
0.0
  0
LINE
  5
1AAB
330
1F
100
AcDbEntity
  8
1
  6
CONTINUOUS
370
50
 62
4
100
AcDbLine
 10
39.172577
 20
-3.345945
 30
0.0
 11
39.194653
 21
-3.345689
 31
0.0
  0
LINE
  5
1AAC
330
1F
100
AcDbEntity
  8
1
  6
CONTINUOUS
370
50
 62
4
100
AcDbLine
 10
39.097034
 20
-0.394137
 30
0.0
 11
39.150501
 21
-0.393507
 31
0.0
  0
LINE
  5
1AAD
330
1F
100
AcDbEntity
  8
1
  6
CONTINUOUS
370
50
 62
4
100
AcDbLine
 10
39.194653
 20
-3.345689
 30
0.0
 11
39.216728
 21
-3.345425
 31
0.0
  0
LINE
  5
1AAE
330
1F
100
AcDbEntity
  8
1
  6
CONTINUOUS
370
50
 62
4
100
AcDbLine
 10
39.216728
 20
-3.345425
 30
0.0
 11
39.2388
 21
-3.345154
 31
0.0
  0
LINE
  5
1AAF
330
1F
100
AcDbEntity
  8
1
  6
CONTINUOUS
370
50
 62
4
100
AcDbLine
 10
39.2388
 20
-3.345154
 30
0.0
 11
39.260872
 21
-3.344874
 31
0.0
  0
LINE
  5
1AB0
330
1F
100
AcDbEntity
  8
1
  6
CONTINUOUS
370
50
 62
4
100
AcDbLine
 10
39.260872
 20
-3.344874
 30
0.0
 11
39.282948
 21
-3.344586
 31
0.0
  0
LINE
  5
1AB1
330
1F
100
AcDbEntity
  8
1
  6
CONTINUOUS
370
50
 62
4
100
AcDbLine
 10
39.812111
 20
2.694437
 30
0.0
 11
39.834183
 21
2.69473
 31
0.0
  0
LINE
  5
1AB2
330
1F
100
AcDbEntity
  8
1
  6
CONTINUOUS
370
50
 62
4
100
AcDbLine
 10
13.583205
 20
3.994499
 30
0.0
 11
13.656274
 21
3.995472
 31
0.0
  0
LINE
  5
1AB3
330
1F
100
AcDbEntity
  8
1
  6
CONTINUOUS
370
50
 62
4
100
AcDbLine
 10
39.282948
 20
-3.344586
 30
0.0
 11
39.30501599999999
 21
-3.34429
 31
0.0
  0
LINE
  5
1AB4
330
1F
100
AcDbEntity
  8
1
  6
CONTINUOUS
370
50
 62
4
100
AcDbLine
 10
39.790039
 20
2.694137
 30
0.0
 11
39.812111
 21
2.694437
 31
0.0
  0
LINE
  5
1AB5
330
1F
100
AcDbEntity
  8
1
  6
CONTINUOUS
370
50
 62
4
100
AcDbLine
 10
39.767967
 20
2.69383
 30
0.0
 11
39.790039
 21
2.694137
 31
0.0
  0
LINE
  5
1AB6
330
1F
100
AcDbEntity
  8
1
  6
CONTINUOUS
370
50
 62
4
100
AcDbLine
 10
39.745892
 20
2.693518
 30
0.0
 11
39.767967
 21
2.69383
 31
0.0
  0
LINE
  5
1AB7
330
1F
100
AcDbEntity
  8
1
  6
CONTINUOUS
370
50
 62
4
100
AcDbLine
 10
34.388
 20
-2.692541
 30
0.0
 11
34.410072
 21
-2.692223
 31
0.0
  0
LINE
  5
1AB8
330
1F
100
AcDbEntity
  8
1
  6
CONTINUOUS
370
50
 62
4
100
AcDbLine
 10
39.723816
 20
2.693199
 30
0.0
 11
39.745892
 21
2.693518
 31
0.0
  0
LINE
  5
1AB9
330
1F
100
AcDbEntity
  8
1
  6
CONTINUOUS
370
50
 62
4
100
AcDbLine
 10
34.410072
 20
-2.692223
 30
0.0
 11
34.432148
 21
-2.691899
 31
0.0
  0
LINE
  5
1ABA
330
1F
100
AcDbEntity
  8
1
  6
CONTINUOUS
370
50
 62
4
100
AcDbLine
 10
39.701744
 20
2.692874
 30
0.0
 11
39.723816
 21
2.693199
 31
0.0
  0
LINE
  5
1ABB
330
1F
100
AcDbEntity
  8
1
  6
CONTINUOUS
370
50
 62
4
100
AcDbLine
 10
19.517761
 20
0.297193
 30
0.0
 11
19.571333
 21
0.297982
 31
0.0
  0
LINE
  5
1ABC
330
1F
100
AcDbEntity
  8
1
  6
CONTINUOUS
370
50
 62
4
100
AcDbLine
 10
34.432148
 20
-2.691899
 30
0.0
 11
34.45422
 21
-2.691569
 31
0.0
  0
LINE
  5
1ABD
330
1F
100
AcDbEntity
  8
1
  6
CONTINUOUS
370
50
 62
4
100
AcDbLine
 10
39.679668
 20
2.692543
 30
0.0
 11
39.701744
 21
2.692874
 31
0.0
  0
LINE
  5
1ABE
330
1F
100
AcDbEntity
  8
1
  6
CONTINUOUS
370
50
 62
4
100
AcDbLine
 10
34.45422
 20
-2.691569
 30
0.0
 11
34.476295
 21
-2.691233
 31
0.0
  0
LINE
  5
1ABF
330
1F
100
AcDbEntity
  8
1
  6
CONTINUOUS
370
50
 62
4
100
AcDbLine
 10
34.476295
 20
-2.691233
 30
0.0
 11
34.498367
 21
-2.690892
 31
0.0
  0
LINE
  5
1AC0
330
1F
100
AcDbEntity
  8
1
  6
CONTINUOUS
370
50
 62
4
100
AcDbLine
 10
34.498367
 20
-2.690892
 30
0.0
 11
34.520443
 21
-2.690545
 31
0.0
  0
LINE
  5
1AC1
330
1F
100
AcDbEntity
  8
1
  6
CONTINUOUS
370
50
 62
4
100
AcDbLine
 10
13.51205
 20
3.993362
 30
0.0
 11
13.583205
 21
3.994499
 31
0.0
  0
LINE
  5
1AC2
330
1F
100
AcDbEntity
  8
1
  6
CONTINUOUS
370
50
 62
4
100
AcDbLine
 10
34.520443
 20
-2.690545
 30
0.0
 11
34.542515
 21
-2.690192
 31
0.0
  0
LINE
  5
1AC3
330
1F
100
AcDbEntity
  8
1
  6
CONTINUOUS
370
50
 62
4
100
AcDbLine
 10
19.042168
 20
-3.341221
 30
0.0
 11
19.064241
 21
-3.340847
 31
0.0
  0
LINE
  5
1AC4
330
1F
100
AcDbEntity
  8
1
  6
CONTINUOUS
370
50
 62
4
100
AcDbLine
 10
19.064241
 20
-3.340847
 30
0.0
 11
19.086317
 21
-3.340464
 31
0.0
  0
LINE
  5
1AC5
330
1F
100
AcDbEntity
  8
1
  6
CONTINUOUS
370
50
 62
4
100
AcDbLine
 10
19.086317
 20
-3.340464
 30
0.0
 11
19.108391
 21
-3.340074
 31
0.0
  0
LINE
  5
1AC6
330
1F
100
AcDbEntity
  8
1
  6
CONTINUOUS
370
50
 62
4
100
AcDbLine
 10
19.108391
 20
-3.340074
 30
0.0
 11
19.130465
 21
-3.339675
 31
0.0
  0
LINE
  5
1AC7
330
1F
100
AcDbEntity
  8
1
  6
CONTINUOUS
370
50
 62
4
100
AcDbLine
 10
19.130465
 20
-3.339675
 30
0.0
 11
19.152538
 21
-3.339269
 31
0.0
  0
LINE
  5
1AC8
330
1F
100
AcDbEntity
  8
1
  6
CONTINUOUS
370
50
 62
4
100
AcDbLine
 10
19.152538
 20
-3.339269
 30
0.0
 11
19.17461
 21
-3.338855
 31
0.0
  0
LINE
  5
1AC9
330
1F
100
AcDbEntity
  8
1
  6
CONTINUOUS
370
50
 62
4
100
AcDbLine
 10
28.848783
 20
2.69509
 30
0.0
 11
28.888245
 21
2.695837
 31
0.0
  0
LINE
  5
1ACA
330
1F
100
AcDbEntity
  8
1
  6
CONTINUOUS
370
50
 62
4
100
AcDbLine
 10
13.442884
 20
3.992047
 30
0.0
 11
13.51205
 21
3.993362
 31
0.0
  0
LINE
  5
1ACB
330
1F
100
AcDbEntity
  8
1
  6
CONTINUOUS
370
50
 62
4
100
AcDbLine
 10
19.17461
 20
-3.338855
 30
0.0
 11
19.196684
 21
-3.338432
 31
0.0
  0
LINE
  5
1ACC
330
1F
100
AcDbEntity
  8
1
  6
CONTINUOUS
370
50
 62
4
100
AcDbLine
 10
37.166275
 20
3.337447
 30
0.0
 11
37.188351
 21
3.337871
 31
0.0
  0
LINE
  5
1ACD
330
1F
100
AcDbEntity
  8
1
  6
CONTINUOUS
370
50
 62
4
100
AcDbLine
 10
29.551451
 20
2.774287
 30
0.0
 11
29.566542
 21
2.774578
 31
0.0
  0
LINE
  5
1ACE
330
1F
100
AcDbEntity
  8
1
  6
CONTINUOUS
370
50
 62
4
100
AcDbLine
 10
37.144203
 20
3.337015
 30
0.0
 11
37.166275
 21
3.337447
 31
0.0
  0
LINE
  5
1ACF
330
1F
100
AcDbEntity
  8
1
  6
CONTINUOUS
370
50
 62
4
100
AcDbLine
 10
37.122131
 20
3.336577
 30
0.0
 11
37.144203
 21
3.337015
 31
0.0
  0
LINE
  5
1AD0
330
1F
100
AcDbEntity
  8
1
  6
CONTINUOUS
370
50
 62
4
100
AcDbLine
 10
37.100056
 20
3.336132
 30
0.0
 11
37.122131
 21
3.336577
 31
0.0
  0
LINE
  5
1AD1
330
1F
100
AcDbEntity
  8
1
  6
CONTINUOUS
370
50
 62
4
100
AcDbLine
 10
37.07798
 20
3.335679
 30
0.0
 11
37.100056
 21
3.336132
 31
0.0
  0
LINE
  5
1AD2
330
1F
100
AcDbEntity
  8
1
  6
CONTINUOUS
370
50
 62
4
100
AcDbLine
 10
37.055908
 20
3.335219
 30
0.0
 11
37.07798
 21
3.335679
 31
0.0
  0
LINE
  5
1AD3
330
1F
100
AcDbEntity
  8
1
  6
CONTINUOUS
370
50
 62
4
100
AcDbLine
 10
19.571333
 20
-2.6846
 30
0.0
 11
19.593409
 21
-2.684137
 31
0.0
  0
LINE
  5
1AD4
330
1F
100
AcDbEntity
  8
1
  6
CONTINUOUS
370
50
 62
4
100
AcDbLine
 10
37.033833
 20
3.334752
 30
0.0
 11
37.055908
 21
3.335219
 31
0.0
  0
LINE
  5
1AD5
330
1F
100
AcDbEntity
  8
1
  6
CONTINUOUS
370
50
 62
4
100
AcDbLine
 10
19.593409
 20
-2.684137
 30
0.0
 11
19.615482
 21
-2.683667
 31
0.0
  0
LINE
  5
1AD6
330
1F
100
AcDbEntity
  8
1
  6
CONTINUOUS
370
50
 62
4
100
AcDbLine
 10
30.857586
 20
2.92152
 30
0.0
 11
30.890234
 21
2.92222
 31
0.0
  0
LINE
  5
1AD7
330
1F
100
AcDbEntity
  8
1
  6
CONTINUOUS
370
50
 62
4
100
AcDbLine
 10
19.615482
 20
-2.683667
 30
0.0
 11
19.637556
 21
-2.68319
 31
0.0
  0
LINE
  5
1AD8
330
1F
100
AcDbEntity
  8
1
  6
CONTINUOUS
370
50
 62
4
100
AcDbLine
 10
19.637556
 20
-2.68319
 30
0.0
 11
19.65963
 21
-2.682707
 31
0.0
  0
LINE
  5
1AD9
330
1F
100
AcDbEntity
  8
1
  6
CONTINUOUS
370
50
 62
4
100
AcDbLine
 10
19.65963
 20
-2.682707
 30
0.0
 11
19.681704
 21
-2.682217
 31
0.0
  0
LINE
  5
1ADA
330
1F
100
AcDbEntity
  8
1
  6
CONTINUOUS
370
50
 62
4
100
AcDbLine
 10
13.375786
 20
3.99054
 30
0.0
 11
13.442884
 21
3.992047
 31
0.0
  0
LINE
  5
1ADB
330
1F
100
AcDbEntity
  8
1
  6
CONTINUOUS
370
50
 62
4
100
AcDbLine
 10
19.681704
 20
-2.682217
 30
0.0
 11
19.703777
 21
-2.68172
 31
0.0
  0
LINE
  5
1ADC
330
1F
100
AcDbEntity
  8
1
  6
CONTINUOUS
370
50
 62
4
100
AcDbLine
 10
19.703777
 20
-2.68172
 30
0.0
 11
19.725849
 21
-2.681217
 31
0.0
  0
LINE
  5
1ADD
330
1F
100
AcDbEntity
  8
1
  6
CONTINUOUS
370
50
 62
4
100
AcDbLine
 10
38.267998
 20
2.482257
 30
0.0
 11
39.502251
 21
2.510639
 31
0.0
  0
LINE
  5
1ADE
330
1F
100
AcDbEntity
  8
1
  6
CONTINUOUS
370
50
 62
4
100
AcDbLine
 10
29.852116
 20
2.809052
 30
0.0
 11
29.887571
 21
2.809885
 31
0.0
  0
LINE
  5
1ADF
330
1F
100
AcDbEntity
  8
1
  6
CONTINUOUS
370
50
 62
4
100
AcDbLine
 10
31.345442
 20
2.679482
 30
0.0
 11
31.367517
 21
2.680001
 31
0.0
  0
LINE
  5
1AE0
330
1F
100
AcDbEntity
  8
1
  6
CONTINUOUS
370
50
 62
4
100
AcDbLine
 10
31.323368
 20
2.678956
 30
0.0
 11
31.345442
 21
2.679482
 31
0.0
  0
LINE
  5
1AE1
330
1F
100
AcDbEntity
  8
1
  6
CONTINUOUS
370
50
 62
4
100
AcDbLine
 10
31.301292
 20
2.678424
 30
0.0
 11
31.323368
 21
2.678956
 31
0.0
  0
LINE
  5
1AE2
330
1F
100
AcDbEntity
  8
1
  6
CONTINUOUS
370
50
 62
4
100
AcDbLine
 10
31.279219
 20
2.677885
 30
0.0
 11
31.301292
 21
2.678424
 31
0.0
  0
LINE
  5
1AE3
330
1F
100
AcDbEntity
  8
1
  6
CONTINUOUS
370
50
 62
4
100
AcDbLine
 10
31.257147
 20
2.67734
 30
0.0
 11
31.279219
 21
2.677885
 31
0.0
  0
LINE
  5
1AE4
330
1F
100
AcDbEntity
  8
1
  6
CONTINUOUS
370
50
 62
4
100
AcDbLine
 10
31.235073
 20
2.676788
 30
0.0
 11
31.257147
 21
2.67734
 31
0.0
  0
LINE
  5
1AE5
330
1F
100
AcDbEntity
  8
1
  6
CONTINUOUS
370
50
 62
4
100
AcDbLine
 10
39.282944
 20
3.330284
 30
0.0
 11
39.30501599999999
 21
3.330837
 31
0.0
  0
LINE
  5
1AE6
330
1F
100
AcDbEntity
  8
1
  6
CONTINUOUS
370
50
 62
4
100
AcDbLine
 10
31.212999
 20
2.676229
 30
0.0
 11
31.235073
 21
2.676788
 31
0.0
  0
LINE
  5
1AE7
330
1F
100
AcDbEntity
  8
1
  6
CONTINUOUS
370
50
 62
4
100
AcDbLine
 10
39.260872
 20
3.329723
 30
0.0
 11
39.282944
 21
3.330284
 31
0.0
  0
LINE
  5
1AE8
330
1F
100
AcDbEntity
  8
1
  6
CONTINUOUS
370
50
 62
4
100
AcDbLine
 10
39.2388
 20
3.329155
 30
0.0
 11
39.260872
 21
3.329723
 31
0.0
  0
LINE
  5
1AE9
330
1F
100
AcDbEntity
  8
1
  6
CONTINUOUS
370
50
 62
4
100
AcDbLine
 10
39.216728
 20
3.328579
 30
0.0
 11
39.2388
 21
3.329155
 31
0.0
  0
LINE
  5
1AEA
330
1F
100
AcDbEntity
  8
1
  6
CONTINUOUS
370
50
 62
4
100
AcDbLine
 10
38.753777
 20
2.673191
 30
0.0
 11
38.775848
 21
2.673772
 31
0.0
  0
LINE
  5
1AEB
330
1F
100
AcDbEntity
  8
1
  6
CONTINUOUS
370
50
 62
4
100
AcDbLine
 10
25.855736
 20
2.368322
 30
0.0
 11
25.868744
 21
2.368665
 31
0.0
  0
LINE
  5
1AEC
330
1F
100
AcDbEntity
  8
1
  6
CONTINUOUS
370
50
 62
4
100
AcDbLine
 10
13.310833
 20
3.988826
 30
0.0
 11
13.375786
 21
3.99054
 31
0.0
  0
LINE
  5
1AED
330
1F
100
AcDbEntity
  8
1
  6
CONTINUOUS
370
50
 62
4
100
AcDbLine
 10
39.194653
 20
3.327996
 30
0.0
 11
39.216728
 21
3.328579
 31
0.0
  0
LINE
  5
1AEE
330
1F
100
AcDbEntity
  8
1
  6
CONTINUOUS
370
50
 62
4
100
AcDbLine
 10
38.731705
 20
2.672604
 30
0.0
 11
38.753777
 21
2.673191
 31
0.0
  0
LINE
  5
1AEF
330
1F
100
AcDbEntity
  8
1
  6
CONTINUOUS
370
50
 62
4
100
AcDbLine
 10
39.172577
 20
3.327406
 30
0.0
 11
39.194653
 21
3.327996
 31
0.0
  0
LINE
  5
1AF0
330
1F
100
AcDbEntity
  8
1
  6
CONTINUOUS
370
50
 62
4
100
AcDbLine
 10
35.446335
 20
-2.670817
 30
0.0
 11
35.468407
 21
-2.670224
 31
0.0
  0
LINE
  5
1AF1
330
1F
100
AcDbEntity
  8
1
  6
CONTINUOUS
370
50
 62
4
100
AcDbLine
 10
38.709633
 20
2.672011
 30
0.0
 11
38.731705
 21
2.672604
 31
0.0
  0
LINE
  5
1AF2
330
1F
100
AcDbEntity
  8
1
  6
CONTINUOUS
370
50
 62
4
100
AcDbLine
 10
39.150501
 20
3.326808
 30
0.0
 11
39.172577
 21
3.327406
 31
0.0
  0
LINE
  5
1AF3
330
1F
100
AcDbEntity
  8
1
  6
CONTINUOUS
370
50
 62
4
100
AcDbLine
 10
35.468407
 20
-2.670224
 30
0.0
 11
35.490482
 21
-2.669626
 31
0.0
  0
LINE
  5
1AF4
330
1F
100
AcDbEntity
  8
1
  6
CONTINUOUS
370
50
 62
4
100
AcDbLine
 10
38.687557
 20
2.671412
 30
0.0
 11
38.709633
 21
2.672011
 31
0.0
  0
LINE
  5
1AF5
330
1F
100
AcDbEntity
  8
1
  6
CONTINUOUS
370
50
 62
4
100
AcDbLine
 10
38.665482
 20
2.670807
 30
0.0
 11
38.687557
 21
2.671412
 31
0.0
  0
LINE
  5
1AF6
330
1F
100
AcDbEntity
  8
1
  6
CONTINUOUS
370
50
 62
4
100
AcDbLine
 10
35.490482
 20
-2.669626
 30
0.0
 11
35.512554
 21
-2.669021
 31
0.0
  0
LINE
  5
1AF7
330
1F
100
AcDbEntity
  8
1
  6
CONTINUOUS
370
50
 62
4
100
AcDbLine
 10
19.464207
 20
0.295721
 30
0.0
 11
19.517761
 21
0.297193
 31
0.0
  0
LINE
  5
1AF8
330
1F
100
AcDbEntity
  8
1
  6
CONTINUOUS
370
50
 62
4
100
AcDbLine
 10
35.512554
 20
-2.669021
 30
0.0
 11
35.53463
 21
-2.668411
 31
0.0
  0
LINE
  5
1AF9
330
1F
100
AcDbEntity
  8
1
  6
CONTINUOUS
370
50
 62
4
100
AcDbLine
 10
38.64341
 20
2.670197
 30
0.0
 11
38.665482
 21
2.670807
 31
0.0
  0
LINE
  5
1AFA
330
1F
100
AcDbEntity
  8
1
  6
CONTINUOUS
370
50
 62
4
100
AcDbLine
 10
38.621334
 20
2.669582
 30
0.0
 11
38.64341
 21
2.670197
 31
0.0
  0
LINE
  5
1AFB
330
1F
100
AcDbEntity
  8
1
  6
CONTINUOUS
370
50
 62
4
100
AcDbLine
 10
35.53463
 20
-2.668411
 30
0.0
 11
35.556702
 21
-2.667795
 31
0.0
  0
LINE
  5
1AFC
330
1F
100
AcDbEntity
  8
1
  6
CONTINUOUS
370
50
 62
4
100
AcDbLine
 10
35.556702
 20
-2.667795
 30
0.0
 11
35.578777
 21
-2.667173
 31
0.0
  0
LINE
  5
1AFD
330
1F
100
AcDbEntity
  8
1
  6
CONTINUOUS
370
50
 62
4
100
AcDbLine
 10
35.578777
 20
-2.667173
 30
0.0
 11
35.600849
 21
-2.666546
 31
0.0
  0
LINE
  5
1AFE
330
1F
100
AcDbEntity
  8
1
  6
CONTINUOUS
370
50
 62
4
100
AcDbLine
 10
40.208832
 20
-3.32495
 30
0.0
 11
40.230911
 21
-3.324294
 31
0.0
  0
LINE
  5
1AFF
330
1F
100
AcDbEntity
  8
1
  6
CONTINUOUS
370
50
 62
4
100
AcDbLine
 10
24.859589
 20
2.263566
 30
0.0
 11
24.863012
 21
2.263668
 31
0.0
  0
LINE
  5
1B00
330
1F
100
AcDbEntity
  8
1
  6
CONTINUOUS
370
50
 62
4
100
AcDbLine
 10
40.230911
 20
-3.324294
 30
0.0
 11
40.252987
 21
-3.323629
 31
0.0
  0
LINE
  5
1B01
330
1F
100
AcDbEntity
  8
1
  6
CONTINUOUS
370
50
 62
4
100
AcDbLine
 10
40.252987
 20
-3.323629
 30
0.0
 11
40.275063
 21
-3.322955
 31
0.0
  0
LINE
  5
1B02
330
1F
100
AcDbEntity
  8
1
  6
CONTINUOUS
370
50
 62
4
100
AcDbLine
 10
18.775848
 20
1.676742
 30
0.0
 11
18.827023
 21
1.678319
 31
0.0
  0
LINE
  5
1B03
330
1F
100
AcDbEntity
  8
1
  6
CONTINUOUS
370
50
 62
4
100
AcDbLine
 10
13.248102
 20
3.98689
 30
0.0
 11
13.310833
 21
3.988826
 31
0.0
  0
LINE
  5
1B04
330
1F
100
AcDbEntity
  8
1
  6
CONTINUOUS
370
50
 62
4
100
AcDbLine
 10
40.275063
 20
-3.322955
 30
0.0
 11
40.297134
 21
-3.322272
 31
0.0
  0
LINE
  5
1B05
330
1F
100
AcDbEntity
  8
1
  6
CONTINUOUS
370
50
 62
4
100
AcDbLine
 10
18.724676
 20
1.675146
 30
0.0
 11
18.775848
 21
1.676742
 31
0.0
  0
LINE
  5
1B06
330
1F
100
AcDbEntity
  8
1
  6
CONTINUOUS
370
50
 62
4
100
AcDbLine
 10
40.297134
 20
-3.322272
 30
0.0
 11
40.31921
 21
-3.32158
 31
0.0
  0
LINE
  5
1B07
330
1F
100
AcDbEntity
  8
1
  6
CONTINUOUS
370
50
 62
4
100
AcDbLine
 10
18.673506
 20
1.67353
 30
0.0
 11
18.724676
 21
1.675146
 31
0.0
  0
LINE
  5
1B08
330
1F
100
AcDbEntity
  8
1
  6
CONTINUOUS
370
50
 62
4
100
AcDbLine
 10
30.669064
 20
2.900216
 30
0.0
 11
30.674002
 21
2.900373
 31
0.0
  0
LINE
  5
1B09
330
1F
100
AcDbEntity
  8
1
  6
CONTINUOUS
370
50
 62
4
100
AcDbLine
 10
40.31921
 20
-3.32158
 30
0.0
 11
40.341282
 21
-3.320878
 31
0.0
  0
LINE
  5
1B0A
330
1F
100
AcDbEntity
  8
1
  6
CONTINUOUS
370
50
 62
4
100
AcDbLine
 10
18.622335
 20
1.671896
 30
0.0
 11
18.673506
 21
1.67353
 31
0.0
  0
LINE
  5
1B0B
330
1F
100
AcDbEntity
  8
1
  6
CONTINUOUS
370
50
 62
4
100
AcDbLine
 10
40.341282
 20
-3.320878
 30
0.0
 11
40.36335
 21
-3.320168
 31
0.0
  0
LINE
  5
1B0C
330
1F
100
AcDbEntity
  8
1
  6
CONTINUOUS
370
50
 62
4
100
AcDbLine
 10
18.571167
 20
1.670242
 30
0.0
 11
18.622335
 21
1.671896
 31
0.0
  0
LINE
  5
1B0D
330
1F
100
AcDbEntity
  8
1
  6
CONTINUOUS
370
50
 62
4
100
AcDbLine
 10
18.52
 20
1.66857
 30
0.0
 11
18.571167
 21
1.670242
 31
0.0
  0
LINE
  5
1B0E
330
1F
100
AcDbEntity
  8
1
  6
CONTINUOUS
370
50
 62
4
100
AcDbLine
 10
17.532839
 20
0.113453
 30
0.0
 11
17.721087
 21
0.119644
 31
0.0
  0
LINE
  5
1B0F
330
1F
100
AcDbEntity
  8
1
  6
CONTINUOUS
370
50
 62
4
100
AcDbLine
 10
26.86624
 20
-2.475595
 30
0.0
 11
26.888573
 21
-2.474848
 31
0.0
  0
LINE
  5
1B10
330
1F
100
AcDbEntity
  8
1
  6
CONTINUOUS
370
50
 62
4
100
AcDbLine
 10
36.107944
 20
3.308733
 30
0.0
 11
36.130016
 21
3.309498
 31
0.0
  0
LINE
  5
1B11
330
1F
100
AcDbEntity
  8
1
  6
CONTINUOUS
370
50
 62
4
100
AcDbLine
 10
20.1005
 20
-3.314146
 30
0.0
 11
20.122576
 21
-3.31338
 31
0.0
  0
LINE
  5
1B12
330
1F
100
AcDbEntity
  8
1
  6
CONTINUOUS
370
50
 62
4
100
AcDbLine
 10
36.085869
 20
3.30796
 30
0.0
 11
36.107944
 21
3.308733
 31
0.0
  0
LINE
  5
1B13
330
1F
100
AcDbEntity
  8
1
  6
CONTINUOUS
370
50
 62
4
100
AcDbLine
 10
20.122576
 20
-3.31338
 30
0.0
 11
20.14465
 21
-3.312604
 31
0.0
  0
LINE
  5
1B14
330
1F
100
AcDbEntity
  8
1
  6
CONTINUOUS
370
50
 62
4
100
AcDbLine
 10
36.063797
 20
3.30718
 30
0.0
 11
36.085869
 21
3.30796
 31
0.0
  0
LINE
  5
1B15
330
1F
100
AcDbEntity
  8
1
  6
CONTINUOUS
370
50
 62
4
100
AcDbLine
 10
20.14465
 20
-3.312604
 30
0.0
 11
20.166725
 21
-3.311821
 31
0.0
  0
LINE
  5
1B16
330
1F
100
AcDbEntity
  8
1
  6
CONTINUOUS
370
50
 62
4
100
AcDbLine
 10
36.041721
 20
3.306393
 30
0.0
 11
36.063797
 21
3.30718
 31
0.0
  0
LINE
  5
1B17
330
1F
100
AcDbEntity
  8
1
  6
CONTINUOUS
370
50
 62
4
100
AcDbLine
 10
20.629667
 20
-2.654798
 30
0.0
 11
20.652237
 21
-2.65399
 31
0.0
  0
LINE
  5
1B18
330
1F
100
AcDbEntity
  8
1
  6
CONTINUOUS
370
50
 62
4
100
AcDbLine
 10
20.166725
 20
-3.311821
 30
0.0
 11
20.188799
 21
-3.311028
 31
0.0
  0
LINE
  5
1B19
330
1F
100
AcDbEntity
  8
1
  6
CONTINUOUS
370
50
 62
4
100
AcDbLine
 10
13.187671
 20
3.984718
 30
0.0
 11
13.248102
 21
3.98689
 31
0.0
  0
LINE
  5
1B1A
330
1F
100
AcDbEntity
  8
1
  6
CONTINUOUS
370
50
 62
4
100
AcDbLine
 10
36.01965
 20
3.305599
 30
0.0
 11
36.041721
 21
3.306393
 31
0.0
  0
LINE
  5
1B1B
330
1F
100
AcDbEntity
  8
1
  6
CONTINUOUS
370
50
 62
4
100
AcDbLine
 10
20.652237
 20
-2.65399
 30
0.0
 11
20.674498
 21
-2.653186
 31
0.0
  0
LINE
  5
1B1C
330
1F
100
AcDbEntity
  8
1
  6
CONTINUOUS
370
50
 62
4
100
AcDbLine
 10
20.188799
 20
-3.311028
 30
0.0
 11
20.210873
 21
-3.310228
 31
0.0
  0
LINE
  5
1B1D
330
1F
100
AcDbEntity
  8
1
  6
CONTINUOUS
370
50
 62
4
100
AcDbLine
 10
17.344625
 20
0.106617
 30
0.0
 11
17.532839
 21
0.113453
 31
0.0
  0
LINE
  5
1B1E
330
1F
100
AcDbEntity
  8
1
  6
CONTINUOUS
370
50
 62
4
100
AcDbLine
 10
35.997574
 20
3.304797
 30
0.0
 11
36.01965
 21
3.305599
 31
0.0
  0
LINE
  5
1B1F
330
1F
100
AcDbEntity
  8
1
  6
CONTINUOUS
370
50
 62
4
100
AcDbLine
 10
37.033745
 20
2.43739
 30
0.0
 11
38.267998
 21
2.482257
 31
0.0
  0
LINE
  5
1B20
330
1F
100
AcDbEntity
  8
1
  6
CONTINUOUS
370
50
 62
4
100
AcDbLine
 10
20.674498
 20
-2.653186
 30
0.0
 11
20.696533
 21
-2.652383
 31
0.0
  0
LINE
  5
1B21
330
1F
100
AcDbEntity
  8
1
  6
CONTINUOUS
370
50
 62
4
100
AcDbLine
 10
35.975498
 20
3.303989
 30
0.0
 11
35.997574
 21
3.304797
 31
0.0
  0
LINE
  5
1B22
330
1F
100
AcDbEntity
  8
1
  6
CONTINUOUS
370
50
 62
4
100
AcDbLine
 10
20.210873
 20
-3.310228
 30
0.0
 11
20.232944
 21
-3.309419
 31
0.0
  0
LINE
  5
1B23
330
1F
100
AcDbEntity
  8
1
  6
CONTINUOUS
370
50
 62
4
100
AcDbLine
 10
20.696533
 20
-2.652383
 30
0.0
 11
20.718433
 21
-2.651578
 31
0.0
  0
LINE
  5
1B24
330
1F
100
AcDbEntity
  8
1
  6
CONTINUOUS
370
50
 62
4
100
AcDbLine
 10
20.718433
 20
-2.651578
 30
0.0
 11
20.740284
 21
-2.650769
 31
0.0
  0
LINE
  5
1B25
330
1F
100
AcDbEntity
  8
1
  6
CONTINUOUS
370
50
 62
4
100
AcDbLine
 10
20.232944
 20
-3.309419
 30
0.0
 11
20.255016
 21
-3.308601
 31
0.0
  0
LINE
  5
1B26
330
1F
100
AcDbEntity
  8
1
  6
CONTINUOUS
370
50
 62
4
100
AcDbLine
 10
20.740284
 20
-2.650769
 30
0.0
 11
20.762171
 21
-2.649951
 31
0.0
  0
LINE
  5
1B27
330
1F
100
AcDbEntity
  8
1
  6
CONTINUOUS
370
50
 62
4
100
AcDbLine
 10
20.762171
 20
-2.649951
 30
0.0
 11
20.784184
 21
-2.649123
 31
0.0
  0
LINE
  5
1B28
330
1F
100
AcDbEntity
  8
1
  6
CONTINUOUS
370
50
 62
4
100
AcDbLine
 10
30.287107
 20
2.646764
 30
0.0
 11
30.309183
 21
2.647606
 31
0.0
  0
LINE
  5
1B29
330
1F
100
AcDbEntity
  8
1
  6
CONTINUOUS
370
50
 62
4
100
AcDbLine
 10
30.265034
 20
2.645915
 30
0.0
 11
30.287107
 21
2.646764
 31
0.0
  0
LINE
  5
1B2A
330
1F
100
AcDbEntity
  8
1
  6
CONTINUOUS
370
50
 62
4
100
AcDbLine
 10
30.21715
 20
-1.78464
 30
0.0
 11
30.234108
 21
-1.783987
 31
0.0
  0
LINE
  5
1B2B
330
1F
100
AcDbEntity
  8
1
  6
CONTINUOUS
370
50
 62
4
100
AcDbLine
 10
30.234108
 20
-1.783987
 30
0.0
 11
30.251068
 21
-1.783332
 31
0.0
  0
LINE
  5
1B2C
330
1F
100
AcDbEntity
  8
1
  6
CONTINUOUS
370
50
 62
4
100
AcDbLine
 10
37.695442
 20
2.638603
 30
0.0
 11
37.717518
 21
2.639458
 31
0.0
  0
LINE
  5
1B2D
330
1F
100
AcDbEntity
  8
1
  6
CONTINUOUS
370
50
 62
4
100
AcDbLine
 10
30.24296
 20
2.645059
 30
0.0
 11
30.265034
 21
2.645915
 31
0.0
  0
LINE
  5
1B2E
330
1F
100
AcDbEntity
  8
1
  6
CONTINUOUS
370
50
 62
4
100
AcDbLine
 10
30.251068
 20
-1.783332
 30
0.0
 11
30.268026
 21
-1.782674
 31
0.0
  0
LINE
  5
1B2F
330
1F
100
AcDbEntity
  8
1
  6
CONTINUOUS
370
50
 62
4
100
AcDbLine
 10
30.268026
 20
-1.782674
 30
0.0
 11
30.284986
 21
-1.782014
 31
0.0
  0
LINE
  5
1B30
330
1F
100
AcDbEntity
  8
1
  6
CONTINUOUS
370
50
 62
4
100
AcDbLine
 10
37.67337
 20
2.637743
 30
0.0
 11
37.695442
 21
2.638603
 31
0.0
  0
LINE
  5
1B31
330
1F
100
AcDbEntity
  8
1
  6
CONTINUOUS
370
50
 62
4
100
AcDbLine
 10
30.284986
 20
-1.782014
 30
0.0
 11
30.301945
 21
-1.781351
 31
0.0
  0
LINE
  5
1B32
330
1F
100
AcDbEntity
  8
1
  6
CONTINUOUS
370
50
 62
4
100
AcDbLine
 10
30.220886
 20
2.644196
 30
0.0
 11
30.24296
 21
2.645059
 31
0.0
  0
LINE
  5
1B33
330
1F
100
AcDbEntity
  8
1
  6
CONTINUOUS
370
50
 62
4
100
AcDbLine
 10
30.301945
 20
-1.781351
 30
0.0
 11
30.318905
 21
-1.780686
 31
0.0
  0
LINE
  5
1B34
330
1F
100
AcDbEntity
  8
1
  6
CONTINUOUS
370
50
 62
4
100
AcDbLine
 10
37.651295
 20
2.636876
 30
0.0
 11
37.67337
 21
2.637743
 31
0.0
  0
LINE
  5
1B35
330
1F
100
AcDbEntity
  8
1
  6
CONTINUOUS
370
50
 62
4
100
AcDbLine
 10
36.504665
 20
-2.635939
 30
0.0
 11
36.526741
 21
-2.635071
 31
0.0
  0
LINE
  5
1B36
330
1F
100
AcDbEntity
  8
1
  6
CONTINUOUS
370
50
 62
4
100
AcDbLine
 10
30.198812
 20
2.643326
 30
0.0
 11
30.220886
 21
2.644196
 31
0.0
  0
LINE
  5
1B37
330
1F
100
AcDbEntity
  8
1
  6
CONTINUOUS
370
50
 62
4
100
AcDbLine
 10
37.629223
 20
2.636005
 30
0.0
 11
37.651295
 21
2.636876
 31
0.0
  0
LINE
  5
1B38
330
1F
100
AcDbEntity
  8
1
  6
CONTINUOUS
370
50
 62
4
100
AcDbLine
 10
36.526741
 20
-2.635071
 30
0.0
 11
36.548813
 21
-2.634197
 31
0.0
  0
LINE
  5
1B39
330
1F
100
AcDbEntity
  8
1
  6
CONTINUOUS
370
50
 62
4
100
AcDbLine
 10
17.156445
 20
0.099143
 30
0.0
 11
17.344625
 21
0.106617
 31
0.0
  0
LINE
  5
1B3A
330
1F
100
AcDbEntity
  8
1
  6
CONTINUOUS
370
50
 62
4
100
AcDbLine
 10
37.607147
 20
2.635127
 30
0.0
 11
37.629223
 21
2.636005
 31
0.0
  0
LINE
  5
1B3B
330
1F
100
AcDbEntity
  8
1
  6
CONTINUOUS
370
50
 62
4
100
AcDbLine
 10
30.176739
 20
2.642448
 30
0.0
 11
30.198812
 21
2.643326
 31
0.0
  0
LINE
  5
1B3C
330
1F
100
AcDbEntity
  8
1
  6
CONTINUOUS
370
50
 62
4
100
AcDbLine
 10
36.548813
 20
-2.634197
 30
0.0
 11
36.570889
 21
-2.633318
 31
0.0
  0
LINE
  5
1B3D
330
1F
100
AcDbEntity
  8
1
  6
CONTINUOUS
370
50
 62
4
100
AcDbLine
 10
37.585075
 20
2.634244
 30
0.0
 11
37.607147
 21
2.635127
 31
0.0
  0
LINE
  5
1B3E
330
1F
100
AcDbEntity
  8
1
  6
CONTINUOUS
370
50
 62
4
100
AcDbLine
 10
30.154667
 20
2.641565
 30
0.0
 11
30.176739
 21
2.642448
 31
0.0
  0
LINE
  5
1B3F
330
1F
100
AcDbEntity
  8
1
  6
CONTINUOUS
370
50
 62
4
100
AcDbLine
 10
27.846165
 20
2.583473
 30
0.0
 11
27.877192
 21
2.584718
 31
0.0
  0
LINE
  5
1B40
330
1F
100
AcDbEntity
  8
1
  6
CONTINUOUS
370
50
 62
4
100
AcDbLine
 10
36.570889
 20
-2.633318
 30
0.0
 11
36.59296399999999
 21
-2.632432
 31
0.0
  0
LINE
  5
1B41
330
1F
100
AcDbEntity
  8
1
  6
CONTINUOUS
370
50
 62
4
100
AcDbLine
 10
37.563
 20
2.633356
 30
0.0
 11
37.585075
 21
2.634244
 31
0.0
  0
LINE
  5
1B42
330
1F
100
AcDbEntity
  8
1
  6
CONTINUOUS
370
50
 62
4
100
AcDbLine
 10
19.410666
 20
0.293567
 30
0.0
 11
19.464207
 21
0.295721
 31
0.0
  0
LINE
  5
1B43
330
1F
100
AcDbEntity
  8
1
  6
CONTINUOUS
370
50
 62
4
100
AcDbLine
 10
36.59296399999999
 20
-2.632432
 30
0.0
 11
36.615036
 21
-2.631541
 31
0.0
  0
LINE
  5
1B44
330
1F
100
AcDbEntity
  8
1
  6
CONTINUOUS
370
50
 62
4
100
AcDbLine
 10
36.615036
 20
-2.631541
 30
0.0
 11
36.63711199999999
 21
-2.630644
 31
0.0
  0
LINE
  5
1B45
330
1F
100
AcDbEntity
  8
1
  6
CONTINUOUS
370
50
 62
4
100
AcDbLine
 10
38.224609
 20
3.295268
 30
0.0
 11
38.246685
 21
3.296165
 31
0.0
  0
LINE
  5
1B46
330
1F
100
AcDbEntity
  8
1
  6
CONTINUOUS
370
50
 62
4
100
AcDbLine
 10
40.732605
 20
1.648104
 30
0.0
 11
40.733955
 21
1.648159
 31
0.0
  0
LINE
  5
1B47
330
1F
100
AcDbEntity
  8
1
  6
CONTINUOUS
370
50
 62
4
100
AcDbLine
 10
16.280247
 20
0.057892
 30
0.0
 11
16.403999
 21
0.06294
 31
0.0
  0
LINE
  5
1B48
330
1F
100
AcDbEntity
  8
1
  6
CONTINUOUS
370
50
 62
4
100
AcDbLine
 10
36.63711199999999
 20
-2.630644
 30
0.0
 11
36.659184
 21
-2.629742
 31
0.0
  0
LINE
  5
1B49
330
1F
100
AcDbEntity
  8
1
  6
CONTINUOUS
370
50
 62
4
100
AcDbLine
 10
38.202538
 20
3.294363
 30
0.0
 11
38.224609
 21
3.295268
 31
0.0
  0
LINE
  5
1B4A
330
1F
100
AcDbEntity
  8
1
  6
CONTINUOUS
370
50
 62
4
100
AcDbLine
 10
38.180462
 20
3.293451
 30
0.0
 11
38.202538
 21
3.294363
 31
0.0
  0
LINE
  5
1B4B
330
1F
100
AcDbEntity
  8
1
  6
CONTINUOUS
370
50
 62
4
100
AcDbLine
 10
27.2952
 20
2.523144
 30
0.0
 11
27.332581
 21
2.524694
 31
0.0
  0
LINE
  5
1B4C
330
1F
100
AcDbEntity
  8
1
  6
CONTINUOUS
370
50
 62
4
100
AcDbLine
 10
40.72990799999999
 20
1.647992
 30
0.0
 11
40.731258
 21
1.648048
 31
0.0
  0
LINE
  5
1B4D
330
1F
100
AcDbEntity
  8
1
  6
CONTINUOUS
370
50
 62
4
100
AcDbLine
 10
40.735302
 20
1.648215
 30
0.0
 11
40.736652
 21
1.648271
 31
0.0
  0
LINE
  5
1B4E
330
1F
100
AcDbEntity
  8
1
  6
CONTINUOUS
370
50
 62
4
100
AcDbLine
 10
40.731258
 20
1.648048
 30
0.0
 11
40.732605
 21
1.648104
 31
0.0
  0
LINE
  5
1B4F
330
1F
100
AcDbEntity
  8
1
  6
CONTINUOUS
370
50
 62
4
100
AcDbLine
 10
40.733955
 20
1.648159
 30
0.0
 11
40.735302
 21
1.648215
 31
0.0
  0
LINE
  5
1B50
330
1F
100
AcDbEntity
  8
1
  6
CONTINUOUS
370
50
 62
4
100
AcDbLine
 10
40.736652
 20
1.648271
 30
0.0
 11
40.73799899999999
 21
1.648327
 31
0.0
  0
LINE
  5
1B51
330
1F
100
AcDbEntity
  8
1
  6
CONTINUOUS
370
50
 62
4
100
AcDbLine
 10
38.15839
 20
3.292531
 30
0.0
 11
38.180462
 21
3.293451
 31
0.0
  0
LINE
  5
1B52
330
1F
100
AcDbEntity
  8
1
  6
CONTINUOUS
370
50
 62
4
100
AcDbLine
 10
13.129646
 20
3.982294
 30
0.0
 11
13.187671
 21
3.984718
 31
0.0
  0
LINE
  5
1B53
330
1F
100
AcDbEntity
  8
1
  6
CONTINUOUS
370
50
 62
4
100
AcDbLine
 10
38.136314
 20
3.291605
 30
0.0
 11
38.15839
 21
3.292531
 31
0.0
  0
LINE
  5
1B54
330
1F
100
AcDbEntity
  8
1
  6
CONTINUOUS
370
50
 62
4
100
AcDbLine
 10
38.11424299999999
 20
3.290672
 30
0.0
 11
38.136314
 21
3.291605
 31
0.0
  0
LINE
  5
1B55
330
1F
100
AcDbEntity
  8
1
  6
CONTINUOUS
370
50
 62
4
100
AcDbLine
 10
38.092167
 20
3.289731
 30
0.0
 11
38.11424299999999
 21
3.290672
 31
0.0
  0
LINE
  5
1B56
330
1F
100
AcDbEntity
  8
1
  6
CONTINUOUS
370
50
 62
4
100
AcDbLine
 10
16.968296
 20
0.091033
 30
0.0
 11
17.156445
 21
0.099143
 31
0.0
  0
LINE
  5
1B57
330
1F
100
AcDbEntity
  8
1
  6
CONTINUOUS
370
50
 62
4
100
AcDbLine
 10
24.856169
 20
2.263417
 30
0.0
 11
24.859589
 21
2.263566
 31
0.0
  0
LINE
  5
1B58
330
1F
100
AcDbEntity
  8
1
  6
CONTINUOUS
370
50
 62
4
100
AcDbLine
 10
16.156509
 20
0.052455
 30
0.0
 11
16.280247
 21
0.057892
 31
0.0
  0
LINE
  5
1B59
330
1F
100
AcDbEntity
  8
1
  6
CONTINUOUS
370
50
 62
4
100
AcDbLine
 10
26.173294
 20
2.40238
 30
0.0
 11
26.210058
 21
2.403997
 31
0.0
  0
LINE
  5
1B5A
330
1F
100
AcDbEntity
  8
1
  6
CONTINUOUS
370
50
 62
4
100
AcDbLine
 10
39.579815
 20
1.596031
 30
0.0
 11
40.72990799999999
 21
1.647992
 31
0.0
  0
LINE
  5
1B5B
330
1F
100
AcDbEntity
  8
1
  6
CONTINUOUS
370
50
 62
4
100
AcDbLine
 10
31.163412
 20
-1.698327
 30
0.0
 11
31.210365
 21
-1.696186
 31
0.0
  0
LINE
  5
1B5C
330
1F
100
AcDbEntity
  8
1
  6
CONTINUOUS
370
50
 62
4
100
AcDbLine
 10
25.050047
 20
2.283999
 30
0.0
 11
25.086586
 21
2.285671
 31
0.0
  0
LINE
  5
1B5D
330
1F
100
AcDbEntity
  8
1
  6
CONTINUOUS
370
50
 62
4
100
AcDbLine
 10
31.210365
 20
-1.696186
 30
0.0
 11
31.257412
 21
-1.694025
 31
0.0
  0
LINE
  5
1B5E
330
1F
100
AcDbEntity
  8
1
  6
CONTINUOUS
370
50
 62
4
100
AcDbLine
 10
31.124119
 20
-1.746375
 30
0.0
 11
31.186157
 21
-1.743513
 31
0.0
  0
LINE
  5
1B5F
330
1F
100
AcDbEntity
  8
1
  6
CONTINUOUS
370
50
 62
4
100
AcDbLine
 10
31.257412
 20
-1.694025
 30
0.0
 11
31.304558
 21
-1.691846
 31
0.0
  0
LINE
  5
1B60
330
1F
100
AcDbEntity
  8
1
  6
CONTINUOUS
370
50
 62
4
100
AcDbLine
 10
16.780174
 20
0.082293
 30
0.0
 11
16.968296
 21
0.091033
 31
0.0
  0
LINE
  5
1B61
330
1F
100
AcDbEntity
  8
1
  6
CONTINUOUS
370
50
 62
4
100
AcDbLine
 10
31.304558
 20
-1.691846
 30
0.0
 11
31.351803
 21
-1.689648
 31
0.0
  0
LINE
  5
1B62
330
1F
100
AcDbEntity
  8
1
  6
CONTINUOUS
370
50
 62
4
100
AcDbLine
 10
31.186157
 20
-1.743513
 30
0.0
 11
31.248196
 21
-1.740621
 31
0.0
  0
LINE
  5
1B63
330
1F
100
AcDbEntity
  8
1
  6
CONTINUOUS
370
50
 62
4
100
AcDbLine
 10
31.351803
 20
-1.689648
 30
0.0
 11
31.399153
 21
-1.687431
 31
0.0
  0
LINE
  5
1B64
330
1F
100
AcDbEntity
  8
1
  6
CONTINUOUS
370
50
 62
4
100
AcDbLine
 10
31.248196
 20
-1.740621
 30
0.0
 11
31.310236
 21
-1.737698
 31
0.0
  0
LINE
  5
1B65
330
1F
100
AcDbEntity
  8
1
  6
CONTINUOUS
370
50
 62
4
100
AcDbLine
 10
31.399153
 20
-1.687431
 30
0.0
 11
31.446609
 21
-1.685195
 31
0.0
  0
LINE
  5
1B66
330
1F
100
AcDbEntity
  8
1
  6
CONTINUOUS
370
50
 62
4
100
AcDbLine
 10
16.032789
 20
0.046625
 30
0.0
 11
16.156509
 21
0.052455
 31
0.0
  0
LINE
  5
1B67
330
1F
100
AcDbEntity
  8
1
  6
CONTINUOUS
370
50
 62
4
100
AcDbLine
 10
31.310236
 20
-1.737698
 30
0.0
 11
31.372274
 21
-1.734744
 31
0.0
  0
LINE
  5
1B68
330
1F
100
AcDbEntity
  8
1
  6
CONTINUOUS
370
50
 62
4
100
AcDbLine
 10
31.372274
 20
-1.734744
 30
0.0
 11
31.434313
 21
-1.731761
 31
0.0
  0
LINE
  5
1B69
330
1F
100
AcDbEntity
  8
1
  6
CONTINUOUS
370
50
 62
4
100
AcDbLine
 10
13.074201
 20
3.979601
 30
0.0
 11
13.129646
 21
3.982294
 31
0.0
  0
LINE
  5
1B6A
330
1F
100
AcDbEntity
  8
1
  6
CONTINUOUS
370
50
 62
4
100
AcDbLine
 10
31.434313
 20
-1.731761
 30
0.0
 11
31.496353
 21
-1.728747
 31
0.0
  0
LINE
  5
1B6B
330
1F
100
AcDbEntity
  8
1
  6
CONTINUOUS
370
50
 62
4
100
AcDbLine
 10
21.688
 20
-2.609946
 30
0.0
 11
21.710073
 21
-2.608866
 31
0.0
  0
LINE
  5
1B6C
330
1F
100
AcDbEntity
  8
1
  6
CONTINUOUS
370
50
 62
4
100
AcDbLine
 10
21.710073
 20
-2.608866
 30
0.0
 11
21.732145
 21
-2.60778
 31
0.0
  0
LINE
  5
1B6D
330
1F
100
AcDbEntity
  8
1
  6
CONTINUOUS
370
50
 62
4
100
AcDbLine
 10
21.732145
 20
-2.60778
 30
0.0
 11
21.754219
 21
-2.606688
 31
0.0
  0
LINE
  5
1B6E
330
1F
100
AcDbEntity
  8
1
  6
CONTINUOUS
370
50
 62
4
100
AcDbLine
 10
35.799492
 20
2.376207
 30
0.0
 11
37.033745
 21
2.43739
 31
0.0
  0
LINE
  5
1B6F
330
1F
100
AcDbEntity
  8
1
  6
CONTINUOUS
370
50
 62
4
100
AcDbLine
 10
21.754219
 20
-2.606688
 30
0.0
 11
21.776293
 21
-2.60559
 31
0.0
  0
LINE
  5
1B70
330
1F
100
AcDbEntity
  8
1
  6
CONTINUOUS
370
50
 62
4
100
AcDbLine
 10
16.592075
 20
0.072927
 30
0.0
 11
16.780174
 21
0.082293
 31
0.0
  0
LINE
  5
1B71
330
1F
100
AcDbEntity
  8
1
  6
CONTINUOUS
370
50
 62
4
100
AcDbLine
 10
21.776293
 20
-2.60559
 30
0.0
 11
21.798367
 21
-2.604487
 31
0.0
  0
LINE
  5
1B72
330
1F
100
AcDbEntity
  8
1
  6
CONTINUOUS
370
50
 62
4
100
AcDbLine
 10
35.04961
 20
3.263711
 30
0.0
 11
35.071682
 21
3.264817
 31
0.0
  0
LINE
  5
1B73
330
1F
100
AcDbEntity
  8
1
  6
CONTINUOUS
370
50
 62
4
100
AcDbLine
 10
21.798367
 20
-2.604487
 30
0.0
 11
21.820442
 21
-2.603378
 31
0.0
  0
LINE
  5
1B74
330
1F
100
AcDbEntity
  8
1
  6
CONTINUOUS
370
50
 62
4
100
AcDbLine
 10
15.909079
 20
0.040403
 30
0.0
 11
16.032789
 21
0.046625
 31
0.0
  0
LINE
  5
1B75
330
1F
100
AcDbEntity
  8
1
  6
CONTINUOUS
370
50
 62
4
100
AcDbLine
 10
35.027534
 20
3.262599
 30
0.0
 11
35.04961
 21
3.263711
 31
0.0
  0
LINE
  5
1B76
330
1F
100
AcDbEntity
  8
1
  6
CONTINUOUS
370
50
 62
4
100
AcDbLine
 10
21.820442
 20
-2.603378
 30
0.0
 11
21.842516
 21
-2.602263
 31
0.0
  0
LINE
  5
1B77
330
1F
100
AcDbEntity
  8
1
  6
CONTINUOUS
370
50
 62
4
100
AcDbLine
 10
35.005463
 20
3.261479
 30
0.0
 11
35.027534
 21
3.262599
 31
0.0
  0
LINE
  5
1B78
330
1F
100
AcDbEntity
  8
1
  6
CONTINUOUS
370
50
 62
4
100
AcDbLine
 10
36.63711199999999
 20
2.591083
 30
0.0
 11
36.659184
 21
2.592204
 31
0.0
  0
LINE
  5
1B79
330
1F
100
AcDbEntity
  8
1
  6
CONTINUOUS
370
50
 62
4
100
AcDbLine
 10
36.615036
 20
2.589957
 30
0.0
 11
36.63711199999999
 21
2.591083
 31
0.0
  0
LINE
  5
1B7A
330
1F
100
AcDbEntity
  8
1
  6
CONTINUOUS
370
50
 62
4
100
AcDbLine
 10
34.983387
 20
3.260353
 30
0.0
 11
35.005463
 21
3.261479
 31
0.0
  0
LINE
  5
1B7B
330
1F
100
AcDbEntity
  8
1
  6
CONTINUOUS
370
50
 62
4
100
AcDbLine
 10
36.59296399999999
 20
2.588825
 30
0.0
 11
36.615036
 21
2.589957
 31
0.0
  0
LINE
  5
1B7C
330
1F
100
AcDbEntity
  8
1
  6
CONTINUOUS
370
50
 62
4
100
AcDbLine
 10
34.961315
 20
3.259219
 30
0.0
 11
34.983387
 21
3.260353
 31
0.0
  0
LINE
  5
1B7D
330
1F
100
AcDbEntity
  8
1
  6
CONTINUOUS
370
50
 62
4
100
AcDbLine
 10
36.570889
 20
2.587688
 30
0.0
 11
36.59296399999999
 21
2.588825
 31
0.0
  0
LINE
  5
1B7E
330
1F
100
AcDbEntity
  8
1
  6
CONTINUOUS
370
50
 62
4
100
AcDbLine
 10
34.93924
 20
3.258078
 30
0.0
 11
34.961315
 21
3.259219
 31
0.0
  0
LINE
  5
1B7F
330
1F
100
AcDbEntity
  8
1
  6
CONTINUOUS
370
50
 62
4
100
AcDbLine
 10
36.548813
 20
2.586546
 30
0.0
 11
36.570889
 21
2.587688
 31
0.0
  0
LINE
  5
1B80
330
1F
100
AcDbEntity
  8
1
  6
CONTINUOUS
370
50
 62
4
100
AcDbLine
 10
38.431221
 20
1.536546
 30
0.0
 11
39.579815
 21
1.596031
 31
0.0
  0
LINE
  5
1B81
330
1F
100
AcDbEntity
  8
1
  6
CONTINUOUS
370
50
 62
4
100
AcDbLine
 10
37.563
 20
-2.587781
 30
0.0
 11
37.585075
 21
-2.586633
 31
0.0
  0
LINE
  5
1B82
330
1F
100
AcDbEntity
  8
1
  6
CONTINUOUS
370
50
 62
4
100
AcDbLine
 10
36.526741
 20
2.585398
 30
0.0
 11
36.548813
 21
2.586546
 31
0.0
  0
LINE
  5
1B83
330
1F
100
AcDbEntity
  8
1
  6
CONTINUOUS
370
50
 62
4
100
AcDbLine
 10
34.917168
 20
3.25693
 30
0.0
 11
34.93924
 21
3.258078
 31
0.0
  0
LINE
  5
1B84
330
1F
100
AcDbEntity
  8
1
  6
CONTINUOUS
370
50
 62
4
100
AcDbLine
 10
32.116432
 20
-1.651964
 30
0.0
 11
32.204926
 21
-1.647342
 31
0.0
  0
LINE
  5
1B85
330
1F
100
AcDbEntity
  8
1
  6
CONTINUOUS
370
50
 62
4
100
AcDbLine
 10
36.504665
 20
2.584244
 30
0.0
 11
36.526741
 21
2.585398
 31
0.0
  0
LINE
  5
1B86
330
1F
100
AcDbEntity
  8
1
  6
CONTINUOUS
370
50
 62
4
100
AcDbLine
 10
37.585075
 20
-2.586633
 30
0.0
 11
37.607147
 21
-2.585479
 31
0.0
  0
LINE
  5
1B87
330
1F
100
AcDbEntity
  8
1
  6
CONTINUOUS
370
50
 62
4
100
AcDbLine
 10
21.158833
 20
-3.267936
 30
0.0
 11
21.180906
 21
-3.266779
 31
0.0
  0
LINE
  5
1B88
330
1F
100
AcDbEntity
  8
1
  6
CONTINUOUS
370
50
 62
4
100
AcDbLine
 10
37.607147
 20
-2.585479
 30
0.0
 11
37.629223
 21
-2.584319
 31
0.0
  0
LINE
  5
1B89
330
1F
100
AcDbEntity
  8
1
  6
CONTINUOUS
370
50
 62
4
100
AcDbLine
 10
29.228777
 20
2.598276
 30
0.0
 11
29.250851
 21
2.599438
 31
0.0
  0
LINE
  5
1B8A
330
1F
100
AcDbEntity
  8
1
  6
CONTINUOUS
370
50
 62
4
100
AcDbLine
 10
21.180906
 20
-3.266779
 30
0.0
 11
21.202978
 21
-3.265614
 31
0.0
  0
LINE
  5
1B8B
330
1F
100
AcDbEntity
  8
1
  6
CONTINUOUS
370
50
 62
4
100
AcDbLine
 10
37.629223
 20
-2.584319
 30
0.0
 11
37.651295
 21
-2.583154
 31
0.0
  0
LINE
  5
1B8C
330
1F
100
AcDbEntity
  8
1
  6
CONTINUOUS
370
50
 62
4
100
AcDbLine
 10
32.204926
 20
-1.647342
 30
0.0
 11
32.293461
 21
-1.642664
 31
0.0
  0
LINE
  5
1B8D
330
1F
100
AcDbEntity
  8
1
  6
CONTINUOUS
370
50
 62
4
100
AcDbLine
 10
29.206705
 20
2.597109
 30
0.0
 11
29.228777
 21
2.598276
 31
0.0
  0
LINE
  5
1B8E
330
1F
100
AcDbEntity
  8
1
  6
CONTINUOUS
370
50
 62
4
100
AcDbLine
 10
19.357143
 20
0.290732
 30
0.0
 11
19.410666
 21
0.293567
 31
0.0
  0
LINE
  5
1B8F
330
1F
100
AcDbEntity
  8
1
  6
CONTINUOUS
370
50
 62
4
100
AcDbLine
 10
37.651295
 20
-2.583154
 30
0.0
 11
37.67337
 21
-2.581982
 31
0.0
  0
LINE
  5
1B90
330
1F
100
AcDbEntity
  8
1
  6
CONTINUOUS
370
50
 62
4
100
AcDbLine
 10
21.202978
 20
-3.265614
 30
0.0
 11
21.225052
 21
-3.264442
 31
0.0
  0
LINE
  5
1B91
330
1F
100
AcDbEntity
  8
1
  6
CONTINUOUS
370
50
 62
4
100
AcDbLine
 10
29.184631
 20
2.595937
 30
0.0
 11
29.206705
 21
2.597109
 31
0.0
  0
LINE
  5
1B92
330
1F
100
AcDbEntity
  8
1
  6
CONTINUOUS
370
50
 62
4
100
AcDbLine
 10
16.403999
 20
0.06294
 30
0.0
 11
16.592075
 21
0.072927
 31
0.0
  0
LINE
  5
1B93
330
1F
100
AcDbEntity
  8
1
  6
CONTINUOUS
370
50
 62
4
100
AcDbLine
 10
37.67337
 20
-2.581982
 30
0.0
 11
37.695442
 21
-2.580804
 31
0.0
  0
LINE
  5
1B94
330
1F
100
AcDbEntity
  8
1
  6
CONTINUOUS
370
50
 62
4
100
AcDbLine
 10
29.162558
 20
2.594758
 30
0.0
 11
29.184631
 21
2.595937
 31
0.0
  0
LINE
  5
1B95
330
1F
100
AcDbEntity
  8
1
  6
CONTINUOUS
370
50
 62
4
100
AcDbLine
 10
32.293461
 20
-1.642664
 30
0.0
 11
32.382034
 21
-1.637931
 31
0.0
  0
LINE
  5
1B96
330
1F
100
AcDbEntity
  8
1
  6
CONTINUOUS
370
50
 62
4
100
AcDbLine
 10
21.225052
 20
-3.264442
 30
0.0
 11
21.247126
 21
-3.263262
 31
0.0
  0
LINE
  5
1B97
330
1F
100
AcDbEntity
  8
1
  6
CONTINUOUS
370
50
 62
4
100
AcDbLine
 10
15.785379
 20
0.033787
 30
0.0
 11
15.909079
 21
0.040403
 31
0.0
  0
LINE
  5
1B98
330
1F
100
AcDbEntity
  8
1
  6
CONTINUOUS
370
50
 62
4
100
AcDbLine
 10
37.695442
 20
-2.580804
 30
0.0
 11
37.717518
 21
-2.579621
 31
0.0
  0
LINE
  5
1B99
330
1F
100
AcDbEntity
  8
1
  6
CONTINUOUS
370
50
 62
4
100
AcDbLine
 10
32.075226
 20
-1.699192
 30
0.0
 11
32.179924
 21
-1.693574
 31
0.0
  0
LINE
  5
1B9A
330
1F
100
AcDbEntity
  8
1
  6
CONTINUOUS
370
50
 62
4
100
AcDbLine
 10
29.140484
 20
2.593573
 30
0.0
 11
29.162558
 21
2.594758
 31
0.0
  0
LINE
  5
1B9B
330
1F
100
AcDbEntity
  8
1
  6
CONTINUOUS
370
50
 62
4
100
AcDbLine
 10
21.247126
 20
-3.263262
 30
0.0
 11
21.269199
 21
-3.262075
 31
0.0
  0
LINE
  5
1B9C
330
1F
100
AcDbEntity
  8
1
  6
CONTINUOUS
370
50
 62
4
100
AcDbLine
 10
29.118408
 20
2.592383
 30
0.0
 11
29.140484
 21
2.593573
 31
0.0
  0
LINE
  5
1B9D
330
1F
100
AcDbEntity
  8
1
  6
CONTINUOUS
370
50
 62
4
100
AcDbLine
 10
32.382034
 20
-1.637931
 30
0.0
 11
32.470646
 21
-1.633142
 31
0.0
  0
LINE
  5
1B9E
330
1F
100
AcDbEntity
  8
1
  6
CONTINUOUS
370
50
 62
4
100
AcDbLine
 10
21.269199
 20
-3.262075
 30
0.0
 11
21.291275
 21
-3.26088
 31
0.0
  0
LINE
  5
1B9F
330
1F
100
AcDbEntity
  8
1
  6
CONTINUOUS
370
50
 62
4
100
AcDbLine
 10
29.096333
 20
2.591187
 30
0.0
 11
29.118408
 21
2.592383
 31
0.0
  0
LINE
  5
1BA0
330
1F
100
AcDbEntity
  8
1
  6
CONTINUOUS
370
50
 62
4
100
AcDbLine
 10
32.179924
 20
-1.693574
 30
0.0
 11
32.284618
 21
-1.687875
 31
0.0
  0
LINE
  5
1BA1
330
1F
100
AcDbEntity
  8
1
  6
CONTINUOUS
370
50
 62
4
100
AcDbLine
 10
21.291275
 20
-3.26088
 30
0.0
 11
21.313351
 21
-3.259678
 31
0.0
  0
LINE
  5
1BA2
330
1F
100
AcDbEntity
  8
1
  6
CONTINUOUS
370
50
 62
4
100
AcDbLine
 10
30.66411
 20
2.899946
 30
0.0
 11
30.669064
 21
2.900216
 31
0.0
  0
LINE
  5
1BA3
330
1F
100
AcDbEntity
  8
1
  6
CONTINUOUS
370
50
 62
4
100
AcDbLine
 10
32.470646
 20
-1.633142
 30
0.0
 11
32.559292
 21
-1.628299
 31
0.0
  0
LINE
  5
1BA4
330
1F
100
AcDbEntity
  8
1
  6
CONTINUOUS
370
50
 62
4
100
AcDbLine
 10
19.042168
 20
-3.255482
 30
0.0
 11
19.064241
 21
-3.25427
 31
0.0
  0
LINE
  5
1BA5
330
1F
100
AcDbEntity
  8
1
  6
CONTINUOUS
370
50
 62
4
100
AcDbLine
 10
32.284618
 20
-1.687875
 30
0.0
 11
32.389317
 21
-1.682094
 31
0.0
  0
LINE
  5
1BA6
330
1F
100
AcDbEntity
  8
1
  6
CONTINUOUS
370
50
 62
4
100
AcDbLine
 10
32.559292
 20
-1.628299
 30
0.0
 11
32.647968
 21
-1.6234
 31
0.0
  0
LINE
  5
1BA7
330
1F
100
AcDbEntity
  8
1
  6
CONTINUOUS
370
50
 62
4
100
AcDbLine
 10
19.064241
 20
-3.25427
 30
0.0
 11
19.086317
 21
-3.25305
 31
0.0
  0
LINE
  5
1BA8
330
1F
100
AcDbEntity
  8
1
  6
CONTINUOUS
370
50
 62
4
100
AcDbLine
 10
19.086317
 20
-3.25305
 30
0.0
 11
19.108391
 21
-3.251822
 31
0.0
  0
LINE
  5
1BA9
330
1F
100
AcDbEntity
  8
1
  6
CONTINUOUS
370
50
 62
4
100
AcDbLine
 10
37.166275
 20
3.243973
 30
0.0
 11
37.188351
 21
3.245206
 31
0.0
  0
LINE
  5
1BAA
330
1F
100
AcDbEntity
  8
1
  6
CONTINUOUS
370
50
 62
4
100
AcDbLine
 10
32.389317
 20
-1.682094
 30
0.0
 11
32.494015
 21
-1.676233
 31
0.0
  0
LINE
  5
1BAB
330
1F
100
AcDbEntity
  8
1
  6
CONTINUOUS
370
50
 62
4
100
AcDbLine
 10
19.108391
 20
-3.251822
 30
0.0
 11
19.130465
 21
-3.250586
 31
0.0
  0
LINE
  5
1BAC
330
1F
100
AcDbEntity
  8
1
  6
CONTINUOUS
370
50
 62
4
100
AcDbLine
 10
39.214794
 20
1.501511
 30
0.0
 11
40.433571
 21
1.569879
 31
0.0
  0
LINE
  5
1BAD
330
1F
100
AcDbEntity
  8
1
  6
CONTINUOUS
370
50
 62
4
100
AcDbLine
 10
37.144203
 20
3.242733
 30
0.0
 11
37.166275
 21
3.243973
 31
0.0
  0
LINE
  5
1BAE
330
1F
100
AcDbEntity
  8
1
  6
CONTINUOUS
370
50
 62
4
100
AcDbLine
 10
13.021399
 20
3.976626
 30
0.0
 11
13.074201
 21
3.979601
 31
0.0
  0
LINE
  5
1BAF
330
1F
100
AcDbEntity
  8
1
  6
CONTINUOUS
370
50
 62
4
100
AcDbLine
 10
19.130465
 20
-3.250586
 30
0.0
 11
19.152538
 21
-3.249341
 31
0.0
  0
LINE
  5
1BB0
330
1F
100
AcDbEntity
  8
1
  6
CONTINUOUS
370
50
 62
4
100
AcDbLine
 10
37.122131
 20
3.241487
 30
0.0
 11
37.144203
 21
3.242733
 31
0.0
  0
LINE
  5
1BB1
330
1F
100
AcDbEntity
  8
1
  6
CONTINUOUS
370
50
 62
4
100
AcDbLine
 10
24.852753
 20
2.263224
 30
0.0
 11
24.856169
 21
2.263417
 31
0.0
  0
LINE
  5
1BB2
330
1F
100
AcDbEntity
  8
1
  6
CONTINUOUS
370
50
 62
4
100
AcDbLine
 10
15.661687
 20
0.026775
 30
0.0
 11
15.785379
 21
0.033787
 31
0.0
  0
LINE
  5
1BB3
330
1F
100
AcDbEntity
  8
1
  6
CONTINUOUS
370
50
 62
4
100
AcDbLine
 10
19.152538
 20
-3.249341
 30
0.0
 11
19.17461
 21
-3.248089
 31
0.0
  0
LINE
  5
1BB4
330
1F
100
AcDbEntity
  8
1
  6
CONTINUOUS
370
50
 62
4
100
AcDbLine
 10
32.494015
 20
-1.676233
 30
0.0
 11
32.598709
 21
-1.670291
 31
0.0
  0
LINE
  5
1BB5
330
1F
100
AcDbEntity
  8
1
  6
CONTINUOUS
370
50
 62
4
100
AcDbLine
 10
37.100056
 20
3.240233
 30
0.0
 11
37.122131
 21
3.241487
 31
0.0
  0
LINE
  5
1BB6
330
1F
100
AcDbEntity
  8
1
  6
CONTINUOUS
370
50
 62
4
100
AcDbLine
 10
37.07798
 20
3.238973
 30
0.0
 11
37.100056
 21
3.240233
 31
0.0
  0
LINE
  5
1BB7
330
1F
100
AcDbEntity
  8
1
  6
CONTINUOUS
370
50
 62
4
100
AcDbLine
 10
19.17461
 20
-3.248089
 30
0.0
 11
19.196684
 21
-3.246828
 31
0.0
  0
LINE
  5
1BB8
330
1F
100
AcDbEntity
  8
1
  6
CONTINUOUS
370
50
 62
4
100
AcDbLine
 10
37.055908
 20
3.237705
 30
0.0
 11
37.07798
 21
3.238973
 31
0.0
  0
LINE
  5
1BB9
330
1F
100
AcDbEntity
  8
1
  6
CONTINUOUS
370
50
 62
4
100
AcDbLine
 10
32.598709
 20
-1.670291
 30
0.0
 11
32.703407
 21
-1.66427
 31
0.0
  0
LINE
  5
1BBA
330
1F
100
AcDbEntity
  8
1
  6
CONTINUOUS
370
50
 62
4
100
AcDbLine
 10
37.033833
 20
3.236431
 30
0.0
 11
37.055908
 21
3.237705
 31
0.0
  0
LINE
  5
1BBB
330
1F
100
AcDbEntity
  8
1
  6
CONTINUOUS
370
50
 62
4
100
AcDbLine
 10
37.308037
 20
1.471232
 30
0.0
 11
38.431221
 21
1.536546
 31
0.0
  0
LINE
  5
1BBC
330
1F
100
AcDbEntity
  8
1
  6
CONTINUOUS
370
50
 62
4
100
AcDbLine
 10
25.879988
 20
-2.368411
 30
0.0
 11
25.886843
 21
-2.368009
 31
0.0
  0
LINE
  5
1BBD
330
1F
100
AcDbEntity
  8
1
  6
CONTINUOUS
370
50
 62
4
100
AcDbLine
 10
15.538
 20
0.019366
 30
0.0
 11
15.661687
 21
0.026775
 31
0.0
  0
LINE
  5
1BBE
330
1F
100
AcDbEntity
  8
1
  6
CONTINUOUS
370
50
 62
4
100
AcDbLine
 10
26.84409
 20
2.47426
 30
0.0
 11
26.86624
 21
2.475595
 31
0.0
  0
LINE
  5
1BBF
330
1F
100
AcDbEntity
  8
1
  6
CONTINUOUS
370
50
 62
4
100
AcDbLine
 10
16.104139
 20
1.196725
 30
0.0
 11
16.135443
 21
1.198616
 31
0.0
  0
LINE
  5
1BC0
330
1F
100
AcDbEntity
  8
1
  6
CONTINUOUS
370
50
 62
4
100
AcDbLine
 10
22.746334
 20
-2.551789
 30
0.0
 11
22.768406
 21
-2.55044
 31
0.0
  0
LINE
  5
1BC1
330
1F
100
AcDbEntity
  8
1
  6
CONTINUOUS
370
50
 62
4
100
AcDbLine
 10
22.768406
 20
-2.55044
 30
0.0
 11
22.79048
 21
-2.549086
 31
0.0
  0
LINE
  5
1BC2
330
1F
100
AcDbEntity
  8
1
  6
CONTINUOUS
370
50
 62
4
100
AcDbLine
 10
28.416096
 20
2.64663
 30
0.0
 11
28.442217
 21
2.648237
 31
0.0
  0
LINE
  5
1BC3
330
1F
100
AcDbEntity
  8
1
  6
CONTINUOUS
370
50
 62
4
100
AcDbLine
 10
22.79048
 20
-2.549086
 30
0.0
 11
22.812553
 21
-2.547726
 31
0.0
  0
LINE
  5
1BC4
330
1F
100
AcDbEntity
  8
1
  6
CONTINUOUS
370
50
 62
4
100
AcDbLine
 10
22.812553
 20
-2.547726
 30
0.0
 11
22.834627
 21
-2.546361
 31
0.0
  0
LINE
  5
1BC5
330
1F
100
AcDbEntity
  8
1
  6
CONTINUOUS
370
50
 62
4
100
AcDbLine
 10
22.834627
 20
-2.546361
 30
0.0
 11
22.856701
 21
-2.544991
 31
0.0
  0
LINE
  5
1BC6
330
1F
100
AcDbEntity
  8
1
  6
CONTINUOUS
370
50
 62
4
100
AcDbLine
 10
22.856701
 20
-2.544991
 30
0.0
 11
22.878777
 21
-2.543615
 31
0.0
  0
LINE
  5
1BC7
330
1F
100
AcDbEntity
  8
1
  6
CONTINUOUS
370
50
 62
4
100
AcDbLine
 10
33.051498
 20
-1.600444
 30
0.0
 11
34.314156
 21
-1.521666
 31
0.0
  0
LINE
  5
1BC8
330
1F
100
AcDbEntity
  8
1
  6
CONTINUOUS
370
50
 62
4
100
AcDbLine
 10
22.878777
 20
-2.543615
 30
0.0
 11
22.90085
 21
-2.542233
 31
0.0
  0
LINE
  5
1BC9
330
1F
100
AcDbEntity
  8
1
  6
CONTINUOUS
370
50
 62
4
100
AcDbLine
 10
35.578777
 20
2.530944
 30
0.0
 11
35.600849
 21
2.532327
 31
0.0
  0
LINE
  5
1BCA
330
1F
100
AcDbEntity
  8
1
  6
CONTINUOUS
370
50
 62
4
100
AcDbLine
 10
34.565239
 20
2.29882
 30
0.0
 11
35.799492
 21
2.376207
 31
0.0
  0
LINE
  5
1BCB
330
1F
100
AcDbEntity
  8
1
  6
CONTINUOUS
370
50
 62
4
100
AcDbLine
 10
35.556702
 20
2.529557
 30
0.0
 11
35.578777
 21
2.530944
 31
0.0
  0
LINE
  5
1BCC
330
1F
100
AcDbEntity
  8
1
  6
CONTINUOUS
370
50
 62
4
100
AcDbLine
 10
35.53463
 20
2.528164
 30
0.0
 11
35.556702
 21
2.529557
 31
0.0
  0
LINE
  5
1BCD
330
1F
100
AcDbEntity
  8
1
  6
CONTINUOUS
370
50
 62
4
100
AcDbLine
 10
38.005657
 20
1.425008
 30
0.0
 11
39.214794
 21
1.501511
 31
0.0
  0
LINE
  5
1BCE
330
1F
100
AcDbEntity
  8
1
  6
CONTINUOUS
370
50
 62
4
100
AcDbLine
 10
35.512554
 20
2.526765
 30
0.0
 11
35.53463
 21
2.528164
 31
0.0
  0
LINE
  5
1BCF
330
1F
100
AcDbEntity
  8
1
  6
CONTINUOUS
370
50
 62
4
100
AcDbLine
 10
35.490482
 20
2.525361
 30
0.0
 11
35.512554
 21
2.526765
 31
0.0
  0
LINE
  5
1BD0
330
1F
100
AcDbEntity
  8
1
  6
CONTINUOUS
370
50
 62
4
100
AcDbLine
 10
35.468407
 20
2.523952
 30
0.0
 11
35.490482
 21
2.525361
 31
0.0
  0
LINE
  5
1BD1
330
1F
100
AcDbEntity
  8
1
  6
CONTINUOUS
370
50
 62
4
100
AcDbLine
 10
35.446335
 20
2.522537
 30
0.0
 11
35.468407
 21
2.523952
 31
0.0
  0
LINE
  5
1BD2
330
1F
100
AcDbEntity
  8
1
  6
CONTINUOUS
370
50
 62
4
100
AcDbLine
 10
33.008694
 20
-1.646263
 30
0.0
 11
34.295765
 21
-1.563272
 31
0.0
  0
LINE
  5
1BD3
330
1F
100
AcDbEntity
  8
1
  6
CONTINUOUS
370
50
 62
4
100
AcDbLine
 10
36.167419
 20
1.397543
 30
0.0
 11
37.308037
 21
1.471232
 31
0.0
  0
LINE
  5
1BD4
330
1F
100
AcDbEntity
  8
1
  6
CONTINUOUS
370
50
 62
4
100
AcDbLine
 10
28.170444
 20
2.535973
 30
0.0
 11
28.192516
 21
2.537402
 31
0.0
  0
LINE
  5
1BD5
330
1F
100
AcDbEntity
  8
1
  6
CONTINUOUS
370
50
 62
4
100
AcDbLine
 10
28.148371
 20
2.534539
 30
0.0
 11
28.170444
 21
2.535973
 31
0.0
  0
LINE
  5
1BD6
330
1F
100
AcDbEntity
  8
1
  6
CONTINUOUS
370
50
 62
4
100
AcDbLine
 10
38.621334
 20
-2.52599
 30
0.0
 11
38.64341
 21
-2.524551
 31
0.0
  0
LINE
  5
1BD7
330
1F
100
AcDbEntity
  8
1
  6
CONTINUOUS
370
50
 62
4
100
AcDbLine
 10
28.126297
 20
2.5331
 30
0.0
 11
28.148371
 21
2.534539
 31
0.0
  0
LINE
  5
1BD8
330
1F
100
AcDbEntity
  8
1
  6
CONTINUOUS
370
50
 62
4
100
AcDbLine
 10
12.971298
 20
3.973353
 30
0.0
 11
13.021399
 21
3.976626
 31
0.0
  0
LINE
  5
1BD9
330
1F
100
AcDbEntity
  8
1
  6
CONTINUOUS
370
50
 62
4
100
AcDbLine
 10
28.104223
 20
2.531655
 30
0.0
 11
28.126297
 21
2.5331
 31
0.0
  0
LINE
  5
1BDA
330
1F
100
AcDbEntity
  8
1
  6
CONTINUOUS
370
50
 62
4
100
AcDbLine
 10
38.64341
 20
-2.524551
 30
0.0
 11
38.665482
 21
-2.523105
 31
0.0
  0
LINE
  5
1BDB
330
1F
100
AcDbEntity
  8
1
  6
CONTINUOUS
370
50
 62
4
100
AcDbLine
 10
33.991276
 20
3.202342
 30
0.0
 11
34.013351
 21
3.20379
 31
0.0
  0
LINE
  5
1BDC
330
1F
100
AcDbEntity
  8
1
  6
CONTINUOUS
370
50
 62
4
100
AcDbLine
 10
19.303638
 20
0.287218
 30
0.0
 11
19.357143
 21
0.290732
 31
0.0
  0
LINE
  5
1BDD
330
1F
100
AcDbEntity
  8
1
  6
CONTINUOUS
370
50
 62
4
100
AcDbLine
 10
28.08215
 20
2.530205
 30
0.0
 11
28.104223
 21
2.531655
 31
0.0
  0
LINE
  5
1BDE
330
1F
100
AcDbEntity
  8
1
  6
CONTINUOUS
370
50
 62
4
100
AcDbLine
 10
38.665482
 20
-2.523105
 30
0.0
 11
38.687557
 21
-2.521652
 31
0.0
  0
LINE
  5
1BDF
330
1F
100
AcDbEntity
  8
1
  6
CONTINUOUS
370
50
 62
4
100
AcDbLine
 10
28.060074
 20
2.52875
 30
0.0
 11
28.08215
 21
2.530205
 31
0.0
  0
LINE
  5
1BE0
330
1F
100
AcDbEntity
  8
1
  6
CONTINUOUS
370
50
 62
4
100
AcDbLine
 10
33.9692
 20
3.200886
 30
0.0
 11
33.991276
 21
3.202342
 31
0.0
  0
LINE
  5
1BE1
330
1F
100
AcDbEntity
  8
1
  6
CONTINUOUS
370
50
 62
4
100
AcDbLine
 10
38.687557
 20
-2.521652
 30
0.0
 11
38.709633
 21
-2.520193
 31
0.0
  0
LINE
  5
1BE2
330
1F
100
AcDbEntity
  8
1
  6
CONTINUOUS
370
50
 62
4
100
AcDbLine
 10
28.038
 20
2.527289
 30
0.0
 11
28.060074
 21
2.52875
 31
0.0
  0
LINE
  5
1BE3
330
1F
100
AcDbEntity
  8
1
  6
CONTINUOUS
370
50
 62
4
100
AcDbLine
 10
33.947128
 20
3.199423
 30
0.0
 11
33.9692
 21
3.200886
 31
0.0
  0
LINE
  5
1BE4
330
1F
100
AcDbEntity
  8
1
  6
CONTINUOUS
370
50
 62
4
100
AcDbLine
 10
38.709633
 20
-2.520193
 30
0.0
 11
38.731705
 21
-2.518727
 31
0.0
  0
LINE
  5
1BE5
330
1F
100
AcDbEntity
  8
1
  6
CONTINUOUS
370
50
 62
4
100
AcDbLine
 10
33.925053
 20
3.197952
 30
0.0
 11
33.947128
 21
3.199423
 31
0.0
  0
LINE
  5
1BE6
330
1F
100
AcDbEntity
  8
1
  6
CONTINUOUS
370
50
 62
4
100
AcDbLine
 10
38.731705
 20
-2.518727
 30
0.0
 11
38.753777
 21
-2.517254
 31
0.0
  0
LINE
  5
1BE7
330
1F
100
AcDbEntity
  8
1
  6
CONTINUOUS
370
50
 62
4
100
AcDbLine
 10
33.902981
 20
3.196475
 30
0.0
 11
33.925053
 21
3.197952
 31
0.0
  0
LINE
  5
1BE8
330
1F
100
AcDbEntity
  8
1
  6
CONTINUOUS
370
50
 62
4
100
AcDbLine
 10
38.753777
 20
-2.517254
 30
0.0
 11
38.775848
 21
-2.515774
 31
0.0
  0
LINE
  5
1BE9
330
1F
100
AcDbEntity
  8
1
  6
CONTINUOUS
370
50
 62
4
100
AcDbLine
 10
33.880905
 20
3.19499
 30
0.0
 11
33.902981
 21
3.196475
 31
0.0
  0
LINE
  5
1BEA
330
1F
100
AcDbEntity
  8
1
  6
CONTINUOUS
370
50
 62
4
100
AcDbLine
 10
33.858833
 20
3.193498
 30
0.0
 11
33.880905
 21
3.19499
 31
0.0
  0
LINE
  5
1BEB
330
1F
100
AcDbEntity
  8
1
  6
CONTINUOUS
370
50
 62
4
100
AcDbLine
 10
22.217167
 20
-3.204272
 30
0.0
 11
22.239239
 21
-3.202771
 31
0.0
  0
LINE
  5
1BEC
330
1F
100
AcDbEntity
  8
1
  6
CONTINUOUS
370
50
 62
4
100
AcDbLine
 10
22.239239
 20
-3.202771
 30
0.0
 11
22.261312
 21
-3.201262
 31
0.0
  0
LINE
  5
1BED
330
1F
100
AcDbEntity
  8
1
  6
CONTINUOUS
370
50
 62
4
100
AcDbLine
 10
22.261312
 20
-3.201262
 30
0.0
 11
22.283386
 21
-3.199747
 31
0.0
  0
LINE
  5
1BEE
330
1F
100
AcDbEntity
  8
1
  6
CONTINUOUS
370
50
 62
4
100
AcDbLine
 10
39.834183
 20
-0.185206
 30
0.0
 11
39.887764
 21
-0.181524
 31
0.0
  0
LINE
  5
1BEF
330
1F
100
AcDbEntity
  8
1
  6
CONTINUOUS
370
50
 62
4
100
AcDbLine
 10
22.283386
 20
-3.199747
 30
0.0
 11
22.30546
 21
-3.198225
 31
0.0
  0
LINE
  5
1BF0
330
1F
100
AcDbEntity
  8
1
  6
CONTINUOUS
370
50
 62
4
100
AcDbLine
 10
22.30546
 20
-3.198225
 30
0.0
 11
22.327534
 21
-3.196695
 31
0.0
  0
LINE
  5
1BF1
330
1F
100
AcDbEntity
  8
1
  6
CONTINUOUS
370
50
 62
4
100
AcDbLine
 10
22.327534
 20
-3.196695
 30
0.0
 11
22.349607
 21
-3.195159
 31
0.0
  0
LINE
  5
1BF2
330
1F
100
AcDbEntity
  8
1
  6
CONTINUOUS
370
50
 62
4
100
AcDbLine
 10
22.349607
 20
-3.195159
 30
0.0
 11
22.371683
 21
-3.193616
 31
0.0
  0
LINE
  5
1BF3
330
1F
100
AcDbEntity
  8
1
  6
CONTINUOUS
370
50
 62
4
100
AcDbLine
 10
24.849339
 20
2.262984
 30
0.0
 11
24.852753
 21
2.263224
 31
0.0
  0
LINE
  5
1BF4
330
1F
100
AcDbEntity
  8
1
  6
CONTINUOUS
370
50
 62
4
100
AcDbLine
 10
36.805862
 20
1.340384
 30
0.0
 11
38.005657
 21
1.425008
 31
0.0
  0
LINE
  5
1BF5
330
1F
100
AcDbEntity
  8
1
  6
CONTINUOUS
370
50
 62
4
100
AcDbLine
 10
34.314156
 20
-1.521666
 30
0.0
 11
35.57431
 21
-1.432717
 31
0.0
  0
LINE
  5
1BF6
330
1F
100
AcDbEntity
  8
1
  6
CONTINUOUS
370
50
 62
4
100
AcDbLine
 10
36.107944
 20
3.176843
 30
0.0
 11
36.130016
 21
3.178402
 31
0.0
  0
LINE
  5
1BF7
330
1F
100
AcDbEntity
  8
1
  6
CONTINUOUS
370
50
 62
4
100
AcDbLine
 10
36.085869
 20
3.175276
 30
0.0
 11
36.107944
 21
3.176843
 31
0.0
  0
LINE
  5
1BF8
330
1F
100
AcDbEntity
  8
1
  6
CONTINUOUS
370
50
 62
4
100
AcDbLine
 10
33.2533
 20
-1.389291
 30
0.0
 11
33.311188
 21
-1.385179
 31
0.0
  0
LINE
  5
1BF9
330
1F
100
AcDbEntity
  8
1
  6
CONTINUOUS
370
50
 62
4
100
AcDbLine
 10
35.012089
 20
1.315369
 30
0.0
 11
36.167419
 21
1.397543
 31
0.0
  0
LINE
  5
1BFA
330
1F
100
AcDbEntity
  8
1
  6
CONTINUOUS
370
50
 62
4
100
AcDbLine
 10
36.063797
 20
3.173703
 30
0.0
 11
36.085869
 21
3.175276
 31
0.0
  0
LINE
  5
1BFB
330
1F
100
AcDbEntity
  8
1
  6
CONTINUOUS
370
50
 62
4
100
AcDbLine
 10
33.311188
 20
-1.385179
 30
0.0
 11
33.369083
 21
-1.381046
 31
0.0
  0
LINE
  5
1BFC
330
1F
100
AcDbEntity
  8
1
  6
CONTINUOUS
370
50
 62
4
100
AcDbLine
 10
36.041721
 20
3.172123
 30
0.0
 11
36.063797
 21
3.173703
 31
0.0
  0
LINE
  5
1BFD
330
1F
100
AcDbEntity
  8
1
  6
CONTINUOUS
370
50
 62
4
100
AcDbLine
 10
33.369083
 20
-1.381046
 30
0.0
 11
33.426979
 21
-1.376894
 31
0.0
  0
LINE
  5
1BFE
330
1F
100
AcDbEntity
  8
1
  6
CONTINUOUS
370
50
 62
4
100
AcDbLine
 10
36.01965
 20
3.170536
 30
0.0
 11
36.041721
 21
3.172123
 31
0.0
  0
LINE
  5
1BFF
330
1F
100
AcDbEntity
  8
1
  6
CONTINUOUS
370
50
 62
4
100
AcDbLine
 10
33.426979
 20
-1.376894
 30
0.0
 11
33.484882
 21
-1.372722
 31
0.0
  0
LINE
  5
1C00
330
1F
100
AcDbEntity
  8
1
  6
CONTINUOUS
370
50
 62
4
100
AcDbLine
 10
35.997574
 20
3.168943
 30
0.0
 11
36.01965
 21
3.170536
 31
0.0
  0
LINE
  5
1C01
330
1F
100
AcDbEntity
  8
1
  6
CONTINUOUS
370
50
 62
4
100
AcDbLine
 10
33.484882
 20
-1.372722
 30
0.0
 11
33.542786
 21
-1.36853
 31
0.0
  0
LINE
  5
1C02
330
1F
100
AcDbEntity
  8
1
  6
CONTINUOUS
370
50
 62
4
100
AcDbLine
 10
35.975498
 20
3.167342
 30
0.0
 11
35.997574
 21
3.168943
 31
0.0
  0
LINE
  5
1C03
330
1F
100
AcDbEntity
  8
1
  6
CONTINUOUS
370
50
 62
4
100
AcDbLine
 10
33.542786
 20
-1.36853
 30
0.0
 11
33.600697
 21
-1.364318
 31
0.0
  0
LINE
  5
1C04
330
1F
100
AcDbEntity
  8
1
  6
CONTINUOUS
370
50
 62
4
100
AcDbLine
 10
23.804667
 20
-2.481063
 30
0.0
 11
23.82674
 21
-2.479457
 31
0.0
  0
LINE
  5
1C05
330
1F
100
AcDbEntity
  8
1
  6
CONTINUOUS
370
50
 62
4
100
AcDbLine
 10
20.1005
 20
-3.188113
 30
0.0
 11
20.122576
 21
-3.186503
 31
0.0
  0
LINE
  5
1C06
330
1F
100
AcDbEntity
  8
1
  6
CONTINUOUS
370
50
 62
4
100
AcDbLine
 10
23.82674
 20
-2.479457
 30
0.0
 11
23.848814
 21
-2.477846
 31
0.0
  0
LINE
  5
1C07
330
1F
100
AcDbEntity
  8
1
  6
CONTINUOUS
370
50
 62
4
100
AcDbLine
 10
34.295765
 20
-1.563272
 30
0.0
 11
35.58284
 21
-1.469339
 31
0.0
  0
LINE
  5
1C08
330
1F
100
AcDbEntity
  8
1
  6
CONTINUOUS
370
50
 62
4
100
AcDbLine
 10
23.848814
 20
-2.477846
 30
0.0
 11
23.870888
 21
-2.47623
 31
0.0
  0
LINE
  5
1C09
330
1F
100
AcDbEntity
  8
1
  6
CONTINUOUS
370
50
 62
4
100
AcDbLine
 10
20.122576
 20
-3.186503
 30
0.0
 11
20.144651
 21
-3.184884
 31
0.0
  0
LINE
  5
1C0A
330
1F
100
AcDbEntity
  8
1
  6
CONTINUOUS
370
50
 62
4
100
AcDbLine
 10
23.870888
 20
-2.47623
 30
0.0
 11
23.892962
 21
-2.474609
 31
0.0
  0
LINE
  5
1C0B
330
1F
100
AcDbEntity
  8
1
  6
CONTINUOUS
370
50
 62
4
100
AcDbLine
 10
15.501293
 20
0.016669
 30
0.0
 11
15.538
 21
0.019367
 31
0.0
  0
LINE
  5
1C0C
330
1F
100
AcDbEntity
  8
1
  6
CONTINUOUS
370
50
 62
4
100
AcDbLine
 10
23.892962
 20
-2.474609
 30
0.0
 11
23.915035
 21
-2.472982
 31
0.0
  0
LINE
  5
1C0D
330
1F
100
AcDbEntity
  8
1
  6
CONTINUOUS
370
50
 62
4
100
AcDbLine
 10
20.144651
 20
-3.184884
 30
0.0
 11
20.166725
 21
-3.183256
 31
0.0
  0
LINE
  5
1C0E
330
1F
100
AcDbEntity
  8
1
  6
CONTINUOUS
370
50
 62
4
100
AcDbLine
 10
23.915035
 20
-2.472982
 30
0.0
 11
23.937109
 21
-2.47135
 31
0.0
  0
LINE
  5
1C0F
330
1F
100
AcDbEntity
  8
1
  6
CONTINUOUS
370
50
 62
4
100
AcDbLine
 10
20.166725
 20
-3.183256
 30
0.0
 11
20.188799
 21
-3.18162
 31
0.0
  0
LINE
  5
1C10
330
1F
100
AcDbEntity
  8
1
  6
CONTINUOUS
370
50
 62
4
100
AcDbLine
 10
15.464589
 20
0.013948
 30
0.0
 11
15.501293
 21
0.016669
 31
0.0
  0
LINE
  5
1C11
330
1F
100
AcDbEntity
  8
1
  6
CONTINUOUS
370
50
 62
4
100
AcDbLine
 10
23.937109
 20
-2.47135
 30
0.0
 11
23.959183
 21
-2.469712
 31
0.0
  0
LINE
  5
1C12
330
1F
100
AcDbEntity
  8
1
  6
CONTINUOUS
370
50
 62
4
100
AcDbLine
 10
20.188799
 20
-3.18162
 30
0.0
 11
20.210873
 21
-3.179976
 31
0.0
  0
LINE
  5
1C13
330
1F
100
AcDbEntity
  8
1
  6
CONTINUOUS
370
50
 62
4
100
AcDbLine
 10
34.520443
 20
2.458268
 30
0.0
 11
34.542515
 21
2.459912
 31
0.0
  0
LINE
  5
1C14
330
1F
100
AcDbEntity
  8
1
  6
CONTINUOUS
370
50
 62
4
100
AcDbLine
 10
34.498367
 20
2.456618
 30
0.0
 11
34.520443
 21
2.458268
 31
0.0
  0
LINE
  5
1C15
330
1F
100
AcDbEntity
  8
1
  6
CONTINUOUS
370
50
 62
4
100
AcDbLine
 10
15.427887
 20
0.011204
 30
0.0
 11
15.464589
 21
0.013948
 31
0.0
  0
LINE
  5
1C16
330
1F
100
AcDbEntity
  8
1
  6
CONTINUOUS
370
50
 62
4
100
AcDbLine
 10
20.210873
 20
-3.179976
 30
0.0
 11
20.232944
 21
-3.178322
 31
0.0
  0
LINE
  5
1C17
330
1F
100
AcDbEntity
  8
1
  6
CONTINUOUS
370
50
 62
4
100
AcDbLine
 10
34.476295
 20
2.454962
 30
0.0
 11
34.498367
 21
2.456618
 31
0.0
  0
LINE
  5
1C18
330
1F
100
AcDbEntity
  8
1
  6
CONTINUOUS
370
50
 62
4
100
AcDbLine
 10
34.45422
 20
2.453301
 30
0.0
 11
34.476295
 21
2.454962
 31
0.0
  0
LINE
  5
1C19
330
1F
100
AcDbEntity
  8
1
  6
CONTINUOUS
370
50
 62
4
100
AcDbLine
 10
20.232944
 20
-3.178322
 30
0.0
 11
20.255016
 21
-3.176661
 31
0.0
  0
LINE
  5
1C1A
330
1F
100
AcDbEntity
  8
1
  6
CONTINUOUS
370
50
 62
4
100
AcDbLine
 10
15.391187
 20
0.008437
 30
0.0
 11
15.427887
 21
0.011204
 31
0.0
  0
LINE
  5
1C1B
330
1F
100
AcDbEntity
  8
1
  6
CONTINUOUS
370
50
 62
4
100
AcDbLine
 10
34.432148
 20
2.451635
 30
0.0
 11
34.45422
 21
2.453301
 31
0.0
  0
LINE
  5
1C1C
330
1F
100
AcDbEntity
  8
1
  6
CONTINUOUS
370
50
 62
4
100
AcDbLine
 10
12.923953
 20
3.969771
 30
0.0
 11
12.971298
 21
3.973353
 31
0.0
  0
LINE
  5
1C1D
330
1F
100
AcDbEntity
  8
1
  6
CONTINUOUS
370
50
 62
4
100
AcDbLine
 10
34.410072
 20
2.449963
 30
0.0
 11
34.432148
 21
2.451635
 31
0.0
  0
LINE
  5
1C1E
330
1F
100
AcDbEntity
  8
1
  6
CONTINUOUS
370
50
 62
4
100
AcDbLine
 10
33.330986
 20
2.205303
 30
0.0
 11
34.565239
 21
2.29882
 31
0.0
  0
LINE
  5
1C1F
330
1F
100
AcDbEntity
  8
1
  6
CONTINUOUS
370
50
 62
4
100
AcDbLine
 10
34.388
 20
2.448285
 30
0.0
 11
34.410072
 21
2.449963
 31
0.0
  0
LINE
  5
1C20
330
1F
100
AcDbEntity
  8
1
  6
CONTINUOUS
370
50
 62
4
100
AcDbLine
 10
15.354489
 20
0.005647
 30
0.0
 11
15.391187
 21
0.008437
 31
0.0
  0
LINE
  5
1C21
330
1F
100
AcDbEntity
  8
1
  6
CONTINUOUS
370
50
 62
4
100
AcDbLine
 10
27.11211
 20
2.461294
 30
0.0
 11
27.134184
 21
2.462974
 31
0.0
  0
LINE
  5
1C22
330
1F
100
AcDbEntity
  8
1
  6
CONTINUOUS
370
50
 62
4
100
AcDbLine
 10
27.090036
 20
2.45961
 30
0.0
 11
27.11211
 21
2.461294
 31
0.0
  0
LINE
  5
1C23
330
1F
100
AcDbEntity
  8
1
  6
CONTINUOUS
370
50
 62
4
100
AcDbLine
 10
27.067963
 20
2.457921
 30
0.0
 11
27.090036
 21
2.45961
 31
0.0
  0
LINE
  5
1C24
330
1F
100
AcDbEntity
  8
1
  6
CONTINUOUS
370
50
 62
4
100
AcDbLine
 10
34.194641
 20
-1.320011
 30
0.0
 11
34.301125
 21
-1.311856
 31
0.0
  0
LINE
  5
1C25
330
1F
100
AcDbEntity
  8
1
  6
CONTINUOUS
370
50
 62
4
100
AcDbLine
 10
15.317793
 20
0.002835
 30
0.0
 11
15.354489
 21
0.005647
 31
0.0
  0
LINE
  5
1C26
330
1F
100
AcDbEntity
  8
1
  6
CONTINUOUS
370
50
 62
4
100
AcDbLine
 10
27.045889
 20
2.456226
 30
0.0
 11
27.067963
 21
2.457921
 31
0.0
  0
LINE
  5
1C27
330
1F
100
AcDbEntity
  8
1
  6
CONTINUOUS
370
50
 62
4
100
AcDbLine
 10
27.023815
 20
2.454526
 30
0.0
 11
27.045889
 21
2.456226
 31
0.0
  0
LINE
  5
1C28
330
1F
100
AcDbEntity
  8
1
  6
CONTINUOUS
370
50
 62
4
100
AcDbLine
 10
30.659142
 20
2.899563
 30
0.0
 11
30.66411
 21
2.899946
 31
0.0
  0
LINE
  5
1C29
330
1F
100
AcDbEntity
  8
1
  6
CONTINUOUS
370
50
 62
4
100
AcDbLine
 10
34.301125
 20
-1.311856
 30
0.0
 11
34.407608
 21
-1.303638
 31
0.0
  0
LINE
  5
1C2A
330
1F
100
AcDbEntity
  8
1
  6
CONTINUOUS
370
50
 62
4
100
AcDbLine
 10
27.001741
 20
2.452821
 30
0.0
 11
27.023815
 21
2.454526
 31
0.0
  0
LINE
  5
1C2B
330
1F
100
AcDbEntity
  8
1
  6
CONTINUOUS
370
50
 62
4
100
AcDbLine
 10
15.281099
 20
0.0
 30
0.0
 11
15.317793
 21
0.002835
 31
0.0
  0
LINE
  5
1C2C
330
1F
100
AcDbEntity
  8
1
  6
CONTINUOUS
370
50
 62
4
100
AcDbLine
 10
26.979668
 20
2.451111
 30
0.0
 11
27.001741
 21
2.452821
 31
0.0
  0
LINE
  5
1C2D
330
1F
100
AcDbEntity
  8
1
  6
CONTINUOUS
370
50
 62
4
100
AcDbLine
 10
35.604141
 20
1.246978
 30
0.0
 11
36.805862
 21
1.340384
 31
0.0
  0
LINE
  5
1C2E
330
1F
100
AcDbEntity
  8
1
  6
CONTINUOUS
370
50
 62
4
100
AcDbLine
 10
34.407608
 20
-1.303638
 30
0.0
 11
34.514088
 21
-1.295357
 31
0.0
  0
LINE
  5
1C2F
330
1F
100
AcDbEntity
  8
1
  6
CONTINUOUS
370
50
 62
4
100
AcDbLine
 10
33.850166
 20
1.224885
 30
0.0
 11
35.012089
 21
1.315369
 31
0.0
  0
LINE
  5
1C30
330
1F
100
AcDbEntity
  8
1
  6
CONTINUOUS
370
50
 62
4
100
AcDbLine
 10
34.514088
 20
-1.295357
 30
0.0
 11
34.620564
 21
-1.287013
 31
0.0
  0
LINE
  5
1C31
330
1F
100
AcDbEntity
  8
1
  6
CONTINUOUS
370
50
 62
4
100
AcDbLine
 10
19.250151
 20
0.283026
 30
0.0
 11
19.303638
 21
0.287218
 31
0.0
  0
LINE
  5
1C32
330
1F
100
AcDbEntity
  8
1
  6
CONTINUOUS
370
50
 62
4
100
AcDbLine
 10
39.686283
 20
1.509159
 30
0.0
 11
39.860565
 21
1.522833
 31
0.0
  0
LINE
  5
1C33
330
1F
100
AcDbEntity
  8
1
  6
CONTINUOUS
370
50
 62
4
100
AcDbLine
 10
35.57431
 20
-1.432717
 30
0.0
 11
36.830017
 21
-1.333889
 31
0.0
  0
LINE
  5
1C34
330
1F
100
AcDbEntity
  8
1
  6
CONTINUOUS
370
50
 62
4
100
AcDbLine
 10
15.14092
 20
-0.011039
 30
0.0
 11
15.281099
 21
0.0
 31
0.0
  0
LINE
  5
1C35
330
1F
100
AcDbEntity
  8
1
  6
CONTINUOUS
370
50
 62
4
100
AcDbLine
 10
34.620564
 20
-1.287013
 30
0.0
 11
34.727036
 21
-1.278608
 31
0.0
  0
LINE
  5
1C36
330
1F
100
AcDbEntity
  8
1
  6
CONTINUOUS
370
50
 62
4
100
AcDbLine
 10
25.842785
 20
2.367295
 30
0.0
 11
25.855736
 21
2.368322
 31
0.0
  0
LINE
  5
1C37
330
1F
100
AcDbEntity
  8
1
  6
CONTINUOUS
370
50
 62
4
100
AcDbLine
 10
34.727036
 20
-1.278608
 30
0.0
 11
34.8335
 21
-1.270141
 31
0.0
  0
LINE
  5
1C38
330
1F
100
AcDbEntity
  8
1
  6
CONTINUOUS
370
50
 62
4
100
AcDbLine
 10
39.860565
 20
1.522833
 30
0.0
 11
40.034851
 21
1.536795
 31
0.0
  0
LINE
  5
1C39
330
1F
100
AcDbEntity
  8
1
  6
CONTINUOUS
370
50
 62
4
100
AcDbLine
 10
38.44088
 20
1.409362
 30
0.0
 11
39.686283
 21
1.509184
 31
0.0
  0
LINE
  5
1C3A
330
1F
100
AcDbEntity
  8
1
  6
CONTINUOUS
370
50
 62
4
100
AcDbLine
 10
39.679668
 20
-2.449167
 30
0.0
 11
39.701744
 21
-2.447387
 31
0.0
  0
LINE
  5
1C3B
330
1F
100
AcDbEntity
  8
1
  6
CONTINUOUS
370
50
 62
4
100
AcDbLine
 10
39.701744
 20
-2.447387
 30
0.0
 11
39.723816
 21
-2.445599
 31
0.0
  0
LINE
  5
1C3C
330
1F
100
AcDbEntity
  8
1
  6
CONTINUOUS
370
50
 62
4
100
AcDbLine
 10
15.000769
 20
-0.022406
 30
0.0
 11
15.14092
 21
-0.011039
 31
0.0
  0
LINE
  5
1C3D
330
1F
100
AcDbEntity
  8
1
  6
CONTINUOUS
370
50
 62
4
100
AcDbLine
 10
39.723816
 20
-2.445599
 30
0.0
 11
39.745892
 21
-2.443804
 31
0.0
  0
LINE
  5
1C3E
330
1F
100
AcDbEntity
  8
1
  6
CONTINUOUS
370
50
 62
4
100
AcDbLine
 10
35.58284
 20
-1.469339
 30
0.0
 11
36.869915
 21
-1.364514
 31
0.0
  0
LINE
  5
1C3F
330
1F
100
AcDbEntity
  8
1
  6
CONTINUOUS
370
50
 62
4
100
AcDbLine
 10
32.932941
 20
3.124303
 30
0.0
 11
32.955017
 21
3.126105
 31
0.0
  0
LINE
  5
1C40
330
1F
100
AcDbEntity
  8
1
  6
CONTINUOUS
370
50
 62
4
100
AcDbLine
 10
39.745892
 20
-2.443804
 30
0.0
 11
39.767967
 21
-2.442
 31
0.0
  0
LINE
  5
1C41
330
1F
100
AcDbEntity
  8
1
  6
CONTINUOUS
370
50
 62
4
100
AcDbLine
 10
40.034851
 20
1.536795
 30
0.0
 11
40.209141
 21
1.551052
 31
0.0
  0
LINE
  5
1C42
330
1F
100
AcDbEntity
  8
1
  6
CONTINUOUS
370
50
 62
4
100
AcDbLine
 10
32.910866
 20
3.122494
 30
0.0
 11
32.932941
 21
3.124303
 31
0.0
  0
LINE
  5
1C43
330
1F
100
AcDbEntity
  8
1
  6
CONTINUOUS
370
50
 62
4
100
AcDbLine
 10
39.767967
 20
-2.442
 30
0.0
 11
39.790039
 21
-2.44019
 31
0.0
  0
LINE
  5
1C44
330
1F
100
AcDbEntity
  8
1
  6
CONTINUOUS
370
50
 62
4
100
AcDbLine
 10
32.888794
 20
3.120678
 30
0.0
 11
32.910866
 21
3.122494
 31
0.0
  0
LINE
  5
1C45
330
1F
100
AcDbEntity
  8
1
  6
CONTINUOUS
370
50
 62
4
100
AcDbLine
 10
39.887764
 20
-0.181524
 30
0.0
 11
39.941326
 21
-0.177113
 31
0.0
  0
LINE
  5
1C46
330
1F
100
AcDbEntity
  8
1
  6
CONTINUOUS
370
50
 62
4
100
AcDbLine
 10
39.790039
 20
-2.44019
 30
0.0
 11
39.812111
 21
-2.438371
 31
0.0
  0
LINE
  5
1C47
330
1F
100
AcDbEntity
  8
1
  6
CONTINUOUS
370
50
 62
4
100
AcDbLine
 10
32.866718
 20
3.118855
 30
0.0
 11
32.888794
 21
3.120678
 31
0.0
  0
LINE
  5
1C48
330
1F
100
AcDbEntity
  8
1
  6
CONTINUOUS
370
50
 62
4
100
AcDbLine
 10
39.812111
 20
-2.438371
 30
0.0
 11
39.834183
 21
-2.436545
 31
0.0
  0
LINE
  5
1C49
330
1F
100
AcDbEntity
  8
1
  6
CONTINUOUS
370
50
 62
4
100
AcDbLine
 10
23.275499
 20
-3.124586
 30
0.0
 11
23.297573
 21
-3.122759
 31
0.0
  0
LINE
  5
1C4A
330
1F
100
AcDbEntity
  8
1
  6
CONTINUOUS
370
50
 62
4
100
AcDbLine
 10
29.536221
 20
2.773025
 30
0.0
 11
29.551451
 21
2.774287
 31
0.0
  0
LINE
  5
1C4B
330
1F
100
AcDbEntity
  8
1
  6
CONTINUOUS
370
50
 62
4
100
AcDbLine
 10
32.844646
 20
3.117023
 30
0.0
 11
32.866718
 21
3.118855
 31
0.0
  0
LINE
  5
1C4C
330
1F
100
AcDbEntity
  8
1
  6
CONTINUOUS
370
50
 62
4
100
AcDbLine
 10
23.297573
 20
-3.122759
 30
0.0
 11
23.319647
 21
-3.120926
 31
0.0
  0
LINE
  5
1C4D
330
1F
100
AcDbEntity
  8
1
  6
CONTINUOUS
370
50
 62
4
100
AcDbLine
 10
32.822575
 20
3.115185
 30
0.0
 11
32.844646
 21
3.117023
 31
0.0
  0
LINE
  5
1C4E
330
1F
100
AcDbEntity
  8
1
  6
CONTINUOUS
370
50
 62
4
100
AcDbLine
 10
23.319647
 20
-3.120926
 30
0.0
 11
23.341721
 21
-3.119086
 31
0.0
  0
LINE
  5
1C4F
330
1F
100
AcDbEntity
  8
1
  6
CONTINUOUS
370
50
 62
4
100
AcDbLine
 10
34.334454
 20
-1.189778
 30
0.0
 11
34.383987
 21
-1.185645
 31
0.0
  0
LINE
  5
1C50
330
1F
100
AcDbEntity
  8
1
  6
CONTINUOUS
370
50
 62
4
100
AcDbLine
 10
14.860646
 20
-0.034099
 30
0.0
 11
15.000769
 21
-0.022406
 31
0.0
  0
LINE
  5
1C51
330
1F
100
AcDbEntity
  8
1
  6
CONTINUOUS
370
50
 62
4
100
AcDbLine
 10
40.209141
 20
1.551052
 30
0.0
 11
40.383427
 21
1.565612
 31
0.0
  0
LINE
  5
1C52
330
1F
100
AcDbEntity
  8
1
  6
CONTINUOUS
370
50
 62
4
100
AcDbLine
 10
24.84593
 20
2.262699
 30
0.0
 11
24.849339
 21
2.262984
 31
0.0
  0
LINE
  5
1C53
330
1F
100
AcDbEntity
  8
1
  6
CONTINUOUS
370
50
 62
4
100
AcDbLine
 10
34.383987
 20
-1.185645
 30
0.0
 11
34.433517
 21
-1.181501
 31
0.0
  0
LINE
  5
1C54
330
1F
100
AcDbEntity
  8
1
  6
CONTINUOUS
370
50
 62
4
100
AcDbLine
 10
32.80049899999999
 20
3.113338
 30
0.0
 11
32.822575
 21
3.115185
 31
0.0
  0
LINE
  5
1C55
330
1F
100
AcDbEntity
  8
1
  6
CONTINUOUS
370
50
 62
4
100
AcDbLine
 10
23.341721
 20
-3.119086
 30
0.0
 11
23.363794
 21
-3.117239
 31
0.0
  0
LINE
  5
1C56
330
1F
100
AcDbEntity
  8
1
  6
CONTINUOUS
370
50
 62
4
100
AcDbLine
 10
35.107792
 20
-1.248042
 30
0.0
 11
36.041672
 21
-1.169786
 31
0.0
  0
LINE
  5
1C57
330
1F
100
AcDbEntity
  8
1
  6
CONTINUOUS
370
50
 62
4
100
AcDbLine
 10
34.433517
 20
-1.181501
 30
0.0
 11
34.483044
 21
-1.177345
 31
0.0
  0
LINE
  5
1C58
330
1F
100
AcDbEntity
  8
1
  6
CONTINUOUS
370
50
 62
4
100
AcDbLine
 10
23.363794
 20
-3.117239
 30
0.0
 11
23.385868
 21
-3.115385
 31
0.0
  0
LINE
  5
1C59
330
1F
100
AcDbEntity
  8
1
  6
CONTINUOUS
370
50
 62
4
100
AcDbLine
 10
34.483044
 20
-1.177345
 30
0.0
 11
34.532566
 21
-1.173179
 31
0.0
  0
LINE
  5
1C5A
330
1F
100
AcDbEntity
  8
1
  6
CONTINUOUS
370
50
 62
4
100
AcDbLine
 10
24.863001
 20
-2.39814
 30
0.0
 11
24.885075
 21
-2.396281
 31
0.0
  0
LINE
  5
1C5B
330
1F
100
AcDbEntity
  8
1
  6
CONTINUOUS
370
50
 62
4
100
AcDbLine
 10
23.385868
 20
-3.115385
 30
0.0
 11
23.407942
 21
-3.113525
 31
0.0
  0
LINE
  5
1C5C
330
1F
100
AcDbEntity
  8
1
  6
CONTINUOUS
370
50
 62
4
100
AcDbLine
 10
34.532566
 20
-1.173179
 30
0.0
 11
34.582081
 21
-1.169001
 31
0.0
  0
LINE
  5
1C5D
330
1F
100
AcDbEntity
  8
1
  6
CONTINUOUS
370
50
 62
4
100
AcDbLine
 10
24.885075
 20
-2.396281
 30
0.0
 11
24.907148
 21
-2.394418
 31
0.0
  0
LINE
  5
1C5E
330
1F
100
AcDbEntity
  8
1
  6
CONTINUOUS
370
50
 62
4
100
AcDbLine
 10
23.407942
 20
-3.113525
 30
0.0
 11
23.430017
 21
-3.111658
 31
0.0
  0
LINE
  5
1C5F
330
1F
100
AcDbEntity
  8
1
  6
CONTINUOUS
370
50
 62
4
100
AcDbLine
 10
34.582081
 20
-1.169001
 30
0.0
 11
34.631588
 21
-1.164812
 31
0.0
  0
LINE
  5
1C60
330
1F
100
AcDbEntity
  8
1
  6
CONTINUOUS
370
50
 62
4
100
AcDbLine
 10
24.907148
 20
-2.394418
 30
0.0
 11
24.929222
 21
-2.392548
 31
0.0
  0
LINE
  5
1C61
330
1F
100
AcDbEntity
  8
1
  6
CONTINUOUS
370
50
 62
4
100
AcDbLine
 10
34.399807
 20
1.144909
 30
0.0
 11
35.604141
 21
1.246978
 31
0.0
  0
LINE
  5
1C62
330
1F
100
AcDbEntity
  8
1
  6
CONTINUOUS
370
50
 62
4
100
AcDbLine
 10
24.929222
 20
-2.392548
 30
0.0
 11
24.951296
 21
-2.390674
 31
0.0
  0
LINE
  5
1C63
330
1F
100
AcDbEntity
  8
1
  6
CONTINUOUS
370
50
 62
4
100
AcDbLine
 10
32.689785
 20
1.126267
 30
0.0
 11
33.850166
 21
1.224885
 31
0.0
  0
LINE
  5
1C64
330
1F
100
AcDbEntity
  8
1
  6
CONTINUOUS
370
50
 62
4
100
AcDbLine
 10
24.951296
 20
-2.390674
 30
0.0
 11
24.97337
 21
-2.388794
 31
0.0
  0
LINE
  5
1C65
330
1F
100
AcDbEntity
  8
1
  6
CONTINUOUS
370
50
 62
4
100
AcDbLine
 10
40.383427
 20
1.565612
 30
0.0
 11
40.557709
 21
1.580481
 31
0.0
  0
LINE
  5
1C66
330
1F
100
AcDbEntity
  8
1
  6
CONTINUOUS
370
50
 62
4
100
AcDbLine
 10
35.04961
 20
3.094128
 30
0.0
 11
35.071682
 21
3.096012
 31
0.0
  0
LINE
  5
1C67
330
1F
100
AcDbEntity
  8
1
  6
CONTINUOUS
370
50
 62
4
100
AcDbLine
 10
24.97337
 20
-2.388794
 30
0.0
 11
24.995443
 21
-2.386909
 31
0.0
  0
LINE
  5
1C68
330
1F
100
AcDbEntity
  8
1
  6
CONTINUOUS
370
50
 62
4
100
AcDbLine
 10
24.995443
 20
-2.386909
 30
0.0
 11
25.017517
 21
-2.385019
 31
0.0
  0
LINE
  5
1C69
330
1F
100
AcDbEntity
  8
1
  6
CONTINUOUS
370
50
 62
4
100
AcDbLine
 10
35.027534
 20
3.092237
 30
0.0
 11
35.04961
 21
3.094128
 31
0.0
  0
LINE
  5
1C6A
330
1F
100
AcDbEntity
  8
1
  6
CONTINUOUS
370
50
 62
4
100
AcDbLine
 10
25.886843
 20
-2.368009
 30
0.0
 11
25.893713
 21
-2.36742
 31
0.0
  0
LINE
  5
1C6B
330
1F
100
AcDbEntity
  8
1
  6
CONTINUOUS
370
50
 62
4
100
AcDbLine
 10
14.720551
 20
-0.046114
 30
0.0
 11
14.860646
 21
-0.034099
 31
0.0
  0
LINE
  5
1C6C
330
1F
100
AcDbEntity
  8
1
  6
CONTINUOUS
370
50
 62
4
100
AcDbLine
 10
37.195431
 20
1.302363
 30
0.0
 11
38.44088
 21
1.409362
 31
0.0
  0
LINE
  5
1C6D
330
1F
100
AcDbEntity
  8
1
  6
CONTINUOUS
370
50
 62
4
100
AcDbLine
 10
35.005463
 20
3.090339
 30
0.0
 11
35.027534
 21
3.092237
 31
0.0
  0
LINE
  5
1C6E
330
1F
100
AcDbEntity
  8
1
  6
CONTINUOUS
370
50
 62
4
100
AcDbLine
 10
34.983387
 20
3.088435
 30
0.0
 11
35.005463
 21
3.090339
 31
0.0
  0
LINE
  5
1C6F
330
1F
100
AcDbEntity
  8
1
  6
CONTINUOUS
370
50
 62
4
100
AcDbLine
 10
18.519989
 20
1.645504
 30
0.0
 11
19.24897
 21
1.708388
 31
0.0
  0
LINE
  5
1C70
330
1F
100
AcDbEntity
  8
1
  6
CONTINUOUS
370
50
 62
4
100
AcDbLine
 10
34.961315
 20
3.086524
 30
0.0
 11
34.983387
 21
3.088435
 31
0.0
  0
LINE
  5
1C71
330
1F
100
AcDbEntity
  8
1
  6
CONTINUOUS
370
50
 62
4
100
AcDbLine
 10
33.462109
 20
2.372909
 30
0.0
 11
33.484184
 21
2.374821
 31
0.0
  0
LINE
  5
1C72
330
1F
100
AcDbEntity
  8
1
  6
CONTINUOUS
370
50
 62
4
100
AcDbLine
 10
33.440037
 20
2.370991
 30
0.0
 11
33.462109
 21
2.372909
 31
0.0
  0
LINE
  5
1C73
330
1F
100
AcDbEntity
  8
1
  6
CONTINUOUS
370
50
 62
4
100
AcDbLine
 10
34.93924
 20
3.084605
 30
0.0
 11
34.961315
 21
3.086524
 31
0.0
  0
LINE
  5
1C74
330
1F
100
AcDbEntity
  8
1
  6
CONTINUOUS
370
50
 62
4
100
AcDbLine
 10
36.830017
 20
-1.333889
 30
0.0
 11
38.116783
 21
-1.221897
 31
0.0
  0
LINE
  5
1C75
330
1F
100
AcDbEntity
  8
1
  6
CONTINUOUS
370
50
 62
4
100
AcDbLine
 10
26.053776
 20
2.374825
 30
0.0
 11
26.07585
 21
2.376747
 31
0.0
  0
LINE
  5
1C76
330
1F
100
AcDbEntity
  8
1
  6
CONTINUOUS
370
50
 62
4
100
AcDbLine
 10
33.417961
 20
2.369068
 30
0.0
 11
33.440037
 21
2.370991
 31
0.0
  0
LINE
  5
1C77
330
1F
100
AcDbEntity
  8
1
  6
CONTINUOUS
370
50
 62
4
100
AcDbLine
 10
40.557709
 20
1.580481
 30
0.0
 11
40.731991
 21
1.595665
 31
0.0
  0
LINE
  5
1C78
330
1F
100
AcDbEntity
  8
1
  6
CONTINUOUS
370
50
 62
4
100
AcDbLine
 10
34.917168
 20
3.082681
 30
0.0
 11
34.93924
 21
3.084605
 31
0.0
  0
LINE
  5
1C79
330
1F
100
AcDbEntity
  8
1
  6
CONTINUOUS
370
50
 62
4
100
AcDbLine
 10
26.031704
 20
2.372899
 30
0.0
 11
26.053776
 21
2.374825
 31
0.0
  0
LINE
  5
1C7A
330
1F
100
AcDbEntity
  8
1
  6
CONTINUOUS
370
50
 62
4
100
AcDbLine
 10
33.395885
 20
2.36714
 30
0.0
 11
33.417961
 21
2.369068
 31
0.0
  0
LINE
  5
1C7B
330
1F
100
AcDbEntity
  8
1
  6
CONTINUOUS
370
50
 62
4
100
AcDbLine
 10
40.731991
 20
1.595665
 30
0.0
 11
40.73266599999999
 21
1.595724
 31
0.0
  0
LINE
  5
1C7C
330
1F
100
AcDbEntity
  8
1
  6
CONTINUOUS
370
50
 62
4
100
AcDbLine
 10
26.00963
 20
2.370966
 30
0.0
 11
26.031704
 21
2.372899
 31
0.0
  0
LINE
  5
1C7D
330
1F
100
AcDbEntity
  8
1
  6
CONTINUOUS
370
50
 62
4
100
AcDbLine
 10
40.736835
 20
1.596092
 30
0.0
 11
40.73799899999999
 21
1.596194
 31
0.0
  0
LINE
  5
1C7E
330
1F
100
AcDbEntity
  8
1
  6
CONTINUOUS
370
50
 62
4
100
AcDbLine
 10
33.373814
 20
2.365205
 30
0.0
 11
33.395885
 21
2.36714
 31
0.0
  0
LINE
  5
1C7F
330
1F
100
AcDbEntity
  8
1
  6
CONTINUOUS
370
50
 62
4
100
AcDbLine
 10
25.987555
 20
2.36903
 30
0.0
 11
26.00963
 21
2.370966
 31
0.0
  0
LINE
  5
1C80
330
1F
100
AcDbEntity
  8
1
  6
CONTINUOUS
370
50
 62
4
100
AcDbLine
 10
12.879422
 20
3.965864
 30
0.0
 11
12.923953
 21
3.969771
 31
0.0
  0
LINE
  5
1C81
330
1F
100
AcDbEntity
  8
1
  6
CONTINUOUS
370
50
 62
4
100
AcDbLine
 10
33.351742
 20
2.363265
 30
0.0
 11
33.373814
 21
2.365205
 31
0.0
  0
LINE
  5
1C82
330
1F
100
AcDbEntity
  8
1
  6
CONTINUOUS
370
50
 62
4
100
AcDbLine
 10
40.73266599999999
 20
1.595724
 30
0.0
 11
40.733337
 21
1.595783
 31
0.0
  0
LINE
  5
1C83
330
1F
100
AcDbEntity
  8
1
  6
CONTINUOUS
370
50
 62
4
100
AcDbLine
 10
35.270119
 20
-1.109744
 30
0.0
 11
35.372154
 21
-1.100763
 31
0.0
  0
LINE
  5
1C84
330
1F
100
AcDbEntity
  8
1
  6
CONTINUOUS
370
50
 62
4
100
AcDbLine
 10
25.965481
 20
2.367087
 30
0.0
 11
25.987555
 21
2.36903
 31
0.0
  0
LINE
  5
1C85
330
1F
100
AcDbEntity
  8
1
  6
CONTINUOUS
370
50
 62
4
100
AcDbLine
 10
14.580484
 20
-0.05845
 30
0.0
 11
14.720551
 21
-0.046114
 31
0.0
  0
LINE
  5
1C86
330
1F
100
AcDbEntity
  8
1
  6
CONTINUOUS
370
50
 62
4
100
AcDbLine
 10
33.329666
 20
2.361319
 30
0.0
 11
33.351742
 21
2.363265
 31
0.0
  0
LINE
  5
1C87
330
1F
100
AcDbEntity
  8
1
  6
CONTINUOUS
370
50
 62
4
100
AcDbLine
 10
25.943407
 20
2.36514
 30
0.0
 11
25.965481
 21
2.367087
 31
0.0
  0
LINE
  5
1C88
330
1F
100
AcDbEntity
  8
1
  6
CONTINUOUS
370
50
 62
4
100
AcDbLine
 10
40.735668
 20
1.595989
 30
0.0
 11
40.736835
 21
1.596092
 31
0.0
  0
LINE
  5
1C89
330
1F
100
AcDbEntity
  8
1
  6
CONTINUOUS
370
50
 62
4
100
AcDbLine
 10
40.733337
 20
1.595783
 30
0.0
 11
40.734379
 21
1.595875
 31
0.0
  0
LINE
  5
1C8A
330
1F
100
AcDbEntity
  8
1
  6
CONTINUOUS
370
50
 62
4
100
AcDbLine
 10
25.921333
 20
2.363188
 30
0.0
 11
25.943407
 21
2.36514
 31
0.0
  0
LINE
  5
1C8B
330
1F
100
AcDbEntity
  8
1
  6
CONTINUOUS
370
50
 62
4
100
AcDbLine
 10
40.734379
 20
1.595875
 30
0.0
 11
40.735668
 21
1.595989
 31
0.0
  0
LINE
  5
1C8C
330
1F
100
AcDbEntity
  8
1
  6
CONTINUOUS
370
50
 62
4
100
AcDbLine
 10
35.372154
 20
-1.100763
 30
0.0
 11
35.474117
 21
-1.091738
 31
0.0
  0
LINE
  5
1C8D
330
1F
100
AcDbEntity
  8
1
  6
CONTINUOUS
370
50
 62
4
100
AcDbLine
 10
36.041672
 20
-1.169786
 30
0.0
 11
36.973499
 21
-1.087191
 31
0.0
  0
LINE
  5
1C8E
330
1F
100
AcDbEntity
  8
1
  6
CONTINUOUS
370
50
 62
4
100
AcDbLine
 10
35.474117
 20
-1.091738
 30
0.0
 11
35.576004
 21
-1.082669
 31
0.0
  0
LINE
  5
1C8F
330
1F
100
AcDbEntity
  8
1
  6
CONTINUOUS
370
50
 62
4
100
AcDbLine
 10
32.096733
 20
2.09523
 30
0.0
 11
33.330986
 21
2.205303
 31
0.0
  0
LINE
  5
1C90
330
1F
100
AcDbEntity
  8
1
  6
CONTINUOUS
370
50
 62
4
100
AcDbLine
 10
35.576004
 20
-1.082669
 30
0.0
 11
35.677811
 21
-1.073557
 31
0.0
  0
LINE
  5
1C91
330
1F
100
AcDbEntity
  8
1
  6
CONTINUOUS
370
50
 62
4
100
AcDbLine
 10
36.869915
 20
-1.364514
 30
0.0
 11
38.156994
 21
-1.248742
 31
0.0
  0
LINE
  5
1C92
330
1F
100
AcDbEntity
  8
1
  6
CONTINUOUS
370
50
 62
4
100
AcDbLine
 10
35.677811
 20
-1.073557
 30
0.0
 11
35.77953
 21
-1.064402
 31
0.0
  0
LINE
  5
1C93
330
1F
100
AcDbEntity
  8
1
  6
CONTINUOUS
370
50
 62
4
100
AcDbLine
 10
21.158833
 20
-3.101498
 30
0.0
 11
21.180906
 21
-3.09951
 31
0.0
  0
LINE
  5
1C94
330
1F
100
AcDbEntity
  8
1
  6
CONTINUOUS
370
50
 62
4
100
AcDbLine
 10
14.440443
 20
-0.071105
 30
0.0
 11
14.580484
 21
-0.05845
 31
0.0
  0
LINE
  5
1C95
330
1F
100
AcDbEntity
  8
1
  6
CONTINUOUS
370
50
 62
4
100
AcDbLine
 10
21.180906
 20
-3.09951
 30
0.0
 11
21.202978
 21
-3.097515
 31
0.0
  0
LINE
  5
1C96
330
1F
100
AcDbEntity
  8
1
  6
CONTINUOUS
370
50
 62
4
100
AcDbLine
 10
35.77953
 20
-1.064402
 30
0.0
 11
35.881153
 21
-1.055205
 31
0.0
  0
LINE
  5
1C97
330
1F
100
AcDbEntity
  8
1
  6
CONTINUOUS
370
50
 62
4
100
AcDbLine
 10
21.202978
 20
-3.097515
 30
0.0
 11
21.225052
 21
-3.095514
 31
0.0
  0
LINE
  5
1C98
330
1F
100
AcDbEntity
  8
1
  6
CONTINUOUS
370
50
 62
4
100
AcDbLine
 10
21.225052
 20
-3.095514
 30
0.0
 11
21.247126
 21
-3.093507
 31
0.0
  0
LINE
  5
1C99
330
1F
100
AcDbEntity
  8
1
  6
CONTINUOUS
370
50
 62
4
100
AcDbLine
 10
19.196684
 20
0.278157
 30
0.0
 11
19.250151
 21
0.283026
 31
0.0
  0
LINE
  5
1C9A
330
1F
100
AcDbEntity
  8
1
  6
CONTINUOUS
370
50
 62
4
100
AcDbLine
 10
21.247126
 20
-3.093507
 30
0.0
 11
21.269199
 21
-3.091492
 31
0.0
  0
LINE
  5
1C9B
330
1F
100
AcDbEntity
  8
1
  6
CONTINUOUS
370
50
 62
4
100
AcDbLine
 10
21.269199
 20
-3.091492
 30
0.0
 11
21.291275
 21
-3.089471
 31
0.0
  0
LINE
  5
1C9C
330
1F
100
AcDbEntity
  8
1
  6
CONTINUOUS
370
50
 62
4
100
AcDbLine
 10
33.195232
 20
1.034558
 30
0.0
 11
34.399807
 21
1.144909
 31
0.0
  0
LINE
  5
1C9D
330
1F
100
AcDbEntity
  8
1
  6
CONTINUOUS
370
50
 62
4
100
AcDbLine
 10
21.291275
 20
-3.089471
 30
0.0
 11
21.313351
 21
-3.087444
 31
0.0
  0
LINE
  5
1C9E
330
1F
100
AcDbEntity
  8
1
  6
CONTINUOUS
370
50
 62
4
100
AcDbLine
 10
35.949993
 20
1.18737
 30
0.0
 11
37.195431
 21
1.302363
 31
0.0
  0
LINE
  5
1C9F
330
1F
100
AcDbEntity
  8
1
  6
CONTINUOUS
370
50
 62
4
100
AcDbLine
 10
31.539064
 20
1.01969
 30
0.0
 11
32.689785
 21
1.126267
 31
0.0
  0
LINE
  5
1CA0
330
1F
100
AcDbEntity
  8
1
  6
CONTINUOUS
370
50
 62
4
100
AcDbLine
 10
14.300428
 20
-0.084076
 30
0.0
 11
14.440443
 21
-0.071105
 31
0.0
  0
LINE
  5
1CA1
330
1F
100
AcDbEntity
  8
1
  6
CONTINUOUS
370
50
 62
4
100
AcDbLine
 10
36.973499
 20
-1.087191
 30
0.0
 11
37.904606
 21
-1.000259
 31
0.0
  0
LINE
  5
1CA2
330
1F
100
AcDbEntity
  8
1
  6
CONTINUOUS
370
50
 62
4
100
AcDbLine
 10
19.24897
 20
1.708388
 30
0.0
 11
20.741779
 21
1.847886
 31
0.0
  0
LINE
  5
1CA3
330
1F
100
AcDbEntity
  8
1
  6
CONTINUOUS
370
50
 62
4
100
AcDbLine
 10
36.169006
 20
-1.028874
 30
0.0
 11
36.931278
 21
-0.957116
 31
0.0
  0
LINE
  5
1CA4
330
1F
100
AcDbEntity
  8
1
  6
CONTINUOUS
370
50
 62
4
100
AcDbLine
 10
25.921333
 20
-2.30305
 30
0.0
 11
25.943407
 21
-2.300936
 31
0.0
  0
LINE
  5
1CA5
330
1F
100
AcDbEntity
  8
1
  6
CONTINUOUS
370
50
 62
4
100
AcDbLine
 10
39.941326
 20
-0.177113
 30
0.0
 11
39.994869
 21
-0.171972
 31
0.0
  0
LINE
  5
1CA6
330
1F
100
AcDbEntity
  8
1
  6
CONTINUOUS
370
50
 62
4
100
AcDbLine
 10
25.943407
 20
-2.300936
 30
0.0
 11
25.965481
 21
-2.298816
 31
0.0
  0
LINE
  5
1CA7
330
1F
100
AcDbEntity
  8
1
  6
CONTINUOUS
370
50
 62
4
100
AcDbLine
 10
25.965481
 20
-2.298816
 30
0.0
 11
25.987555
 21
-2.296691
 31
0.0
  0
LINE
  5
1CA8
330
1F
100
AcDbEntity
  8
1
  6
CONTINUOUS
370
50
 62
4
100
AcDbLine
 10
27.877192
 20
-2.584718
 30
0.0
 11
27.908611
 21
-2.581691
 31
0.0
  0
LINE
  5
1CA9
330
1F
100
AcDbEntity
  8
1
  6
CONTINUOUS
370
50
 62
4
100
AcDbLine
 10
25.987555
 20
-2.296691
 30
0.0
 11
26.009628
 21
-2.29456
 31
0.0
  0
LINE
  5
1CAA
330
1F
100
AcDbEntity
  8
1
  6
CONTINUOUS
370
50
 62
4
100
AcDbLine
 10
38.116783
 20
-1.221897
 30
0.0
 11
39.424805
 21
-1.095564
 31
0.0
  0
LINE
  5
1CAB
330
1F
100
AcDbEntity
  8
1
  6
CONTINUOUS
370
50
 62
4
100
AcDbLine
 10
26.009628
 20
-2.29456
 30
0.0
 11
26.031704
 21
-2.292424
 31
0.0
  0
LINE
  5
1CAC
330
1F
100
AcDbEntity
  8
1
  6
CONTINUOUS
370
50
 62
4
100
AcDbLine
 10
26.031704
 20
-2.292424
 30
0.0
 11
26.053776
 21
-2.290283
 31
0.0
  0
LINE
  5
1CAD
330
1F
100
AcDbEntity
  8
1
  6
CONTINUOUS
370
50
 62
4
100
AcDbLine
 10
24.333834
 20
-3.029556
 30
0.0
 11
24.355907
 21
-3.027413
 31
0.0
  0
LINE
  5
1CAE
330
1F
100
AcDbEntity
  8
1
  6
CONTINUOUS
370
50
 62
4
100
AcDbLine
 10
26.053776
 20
-2.290283
 30
0.0
 11
26.07585
 21
-2.288136
 31
0.0
  0
LINE
  5
1CAF
330
1F
100
AcDbEntity
  8
1
  6
CONTINUOUS
370
50
 62
4
100
AcDbLine
 10
24.355907
 20
-3.027413
 30
0.0
 11
24.377981
 21
-3.025263
 31
0.0
  0
LINE
  5
1CB0
330
1F
100
AcDbEntity
  8
1
  6
CONTINUOUS
370
50
 62
4
100
AcDbLine
 10
24.842524
 20
2.262367
 30
0.0
 11
24.84593
 21
2.262699
 31
0.0
  0
LINE
  5
1CB1
330
1F
100
AcDbEntity
  8
1
  6
CONTINUOUS
370
50
 62
4
100
AcDbLine
 10
18.52
 20
-2.29849
 30
0.0
 11
18.541075
 21
-2.296434
 31
0.0
  0
LINE
  5
1CB2
330
1F
100
AcDbEntity
  8
1
  6
CONTINUOUS
370
50
 62
4
100
AcDbLine
 10
24.377981
 20
-3.025263
 30
0.0
 11
24.400055
 21
-3.023107
 31
0.0
  0
LINE
  5
1CB3
330
1F
100
AcDbEntity
  8
1
  6
CONTINUOUS
370
50
 62
4
100
AcDbLine
 10
18.541075
 20
-2.296434
 30
0.0
 11
18.562149
 21
-2.294372
 31
0.0
  0
LINE
  5
1CB4
330
1F
100
AcDbEntity
  8
1
  6
CONTINUOUS
370
50
 62
4
100
AcDbLine
 10
24.400055
 20
-3.023107
 30
0.0
 11
24.422129
 21
-3.020945
 31
0.0
  0
LINE
  5
1CB5
330
1F
100
AcDbEntity
  8
1
  6
CONTINUOUS
370
50
 62
4
100
AcDbLine
 10
24.995443
 20
2.27676
 30
0.0
 11
25.017517
 21
2.278924
 31
0.0
  0
LINE
  5
1CB6
330
1F
100
AcDbEntity
  8
1
  6
CONTINUOUS
370
50
 62
4
100
AcDbLine
 10
18.562149
 20
-2.294372
 30
0.0
 11
18.583223
 21
-2.292305
 31
0.0
  0
LINE
  5
1CB7
330
1F
100
AcDbEntity
  8
1
  6
CONTINUOUS
370
50
 62
4
100
AcDbLine
 10
36.931278
 20
-0.957116
 30
0.0
 11
37.684605
 21
-0.8831829999999999
 31
0.0
  0
LINE
  5
1CB8
330
1F
100
AcDbEntity
  8
1
  6
CONTINUOUS
370
50
 62
4
100
AcDbLine
 10
37.904606
 20
-1.000259
 30
0.0
 11
38.84016
 21
-0.908415
 31
0.0
  0
LINE
  5
1CB9
330
1F
100
AcDbEntity
  8
1
  6
CONTINUOUS
370
50
 62
4
100
AcDbLine
 10
31.874609
 20
3.029037
 30
0.0
 11
31.896683
 21
3.031205
 31
0.0
  0
LINE
  5
1CBA
330
1F
100
AcDbEntity
  8
1
  6
CONTINUOUS
370
50
 62
4
100
AcDbLine
 10
24.422129
 20
-3.020945
 30
0.0
 11
24.444202
 21
-3.018776
 31
0.0
  0
LINE
  5
1CBB
330
1F
100
AcDbEntity
  8
1
  6
CONTINUOUS
370
50
 62
4
100
AcDbLine
 10
24.97337
 20
2.27459
 30
0.0
 11
24.995443
 21
2.27676
 31
0.0
  0
LINE
  5
1CBC
330
1F
100
AcDbEntity
  8
1
  6
CONTINUOUS
370
50
 62
4
100
AcDbLine
 10
18.583223
 20
-2.292305
 30
0.0
 11
18.604298
 21
-2.290233
 31
0.0
  0
LINE
  5
1CBD
330
1F
100
AcDbEntity
  8
1
  6
CONTINUOUS
370
50
 62
4
100
AcDbLine
 10
31.992792
 20
0.916306
 30
0.0
 11
33.195232
 21
1.034558
 31
0.0
  0
LINE
  5
1CBE
330
1F
100
AcDbEntity
  8
1
  6
CONTINUOUS
370
50
 62
4
100
AcDbLine
 10
24.951296
 20
2.272416
 30
0.0
 11
24.97337
 21
2.27459
 31
0.0
  0
LINE
  5
1CBF
330
1F
100
AcDbEntity
  8
1
  6
CONTINUOUS
370
50
 62
4
100
AcDbLine
 10
31.852533
 20
3.026861
 30
0.0
 11
31.874609
 21
3.029037
 31
0.0
  0
LINE
  5
1CC0
330
1F
100
AcDbEntity
  8
1
  6
CONTINUOUS
370
50
 62
4
100
AcDbLine
 10
24.444202
 20
-3.018776
 30
0.0
 11
24.466276
 21
-3.0166
 31
0.0
  0
LINE
  5
1CC1
330
1F
100
AcDbEntity
  8
1
  6
CONTINUOUS
370
50
 62
4
100
AcDbLine
 10
18.604298
 20
-2.290233
 30
0.0
 11
18.62537
 21
-2.288155
 31
0.0
  0
LINE
  5
1CC2
330
1F
100
AcDbEntity
  8
1
  6
CONTINUOUS
370
50
 62
4
100
AcDbLine
 10
24.929222
 20
2.270236
 30
0.0
 11
24.951296
 21
2.272416
 31
0.0
  0
LINE
  5
1CC3
330
1F
100
AcDbEntity
  8
1
  6
CONTINUOUS
370
50
 62
4
100
AcDbLine
 10
34.704556
 20
1.064278
 30
0.0
 11
35.949993
 21
1.18737
 31
0.0
  0
LINE
  5
1CC4
330
1F
100
AcDbEntity
  8
1
  6
CONTINUOUS
370
50
 62
4
100
AcDbLine
 10
18.62537
 20
-2.288155
 30
0.0
 11
18.646444
 21
-2.286072
 31
0.0
  0
LINE
  5
1CC5
330
1F
100
AcDbEntity
  8
1
  6
CONTINUOUS
370
50
 62
4
100
AcDbLine
 10
24.466276
 20
-3.0166
 30
0.0
 11
24.48835
 21
-3.014418
 31
0.0
  0
LINE
  5
1CC6
330
1F
100
AcDbEntity
  8
1
  6
CONTINUOUS
370
50
 62
4
100
AcDbLine
 10
31.83046
 20
3.024678
 30
0.0
 11
31.852533
 21
3.026861
 31
0.0
  0
LINE
  5
1CC7
330
1F
100
AcDbEntity
  8
1
  6
CONTINUOUS
370
50
 62
4
100
AcDbLine
 10
20.741779
 20
1.847886
 30
0.0
 11
21.611744
 21
1.933934
 31
0.0
  0
LINE
  5
1CC8
330
1F
100
AcDbEntity
  8
1
  6
CONTINUOUS
370
50
 62
4
100
AcDbLine
 10
38.156994
 20
-1.248742
 30
0.0
 11
39.44405
 21
-1.121381
 31
0.0
  0
LINE
  5
1CC9
330
1F
100
AcDbEntity
  8
1
  6
CONTINUOUS
370
50
 62
4
100
AcDbLine
 10
24.907148
 20
2.268051
 30
0.0
 11
24.929222
 21
2.270236
 31
0.0
  0
LINE
  5
1CCA
330
1F
100
AcDbEntity
  8
1
  6
CONTINUOUS
370
50
 62
4
100
AcDbLine
 10
32.403774
 20
2.274532
 30
0.0
 11
32.42585
 21
2.27672
 31
0.0
  0
LINE
  5
1CCB
330
1F
100
AcDbEntity
  8
1
  6
CONTINUOUS
370
50
 62
4
100
AcDbLine
 10
18.646444
 20
-2.286072
 30
0.0
 11
18.667517
 21
-2.283983
 31
0.0
  0
LINE
  5
1CCC
330
1F
100
AcDbEntity
  8
1
  6
CONTINUOUS
370
50
 62
4
100
AcDbLine
 10
24.885073
 20
2.265862
 30
0.0
 11
24.907148
 21
2.268051
 31
0.0
  0
LINE
  5
1CCD
330
1F
100
AcDbEntity
  8
1
  6
CONTINUOUS
370
50
 62
4
100
AcDbLine
 10
31.808386
 20
3.022487
 30
0.0
 11
31.83046
 21
3.024678
 31
0.0
  0
LINE
  5
1CCE
330
1F
100
AcDbEntity
  8
1
  6
CONTINUOUS
370
50
 62
4
100
AcDbLine
 10
32.381702
 20
2.272338
 30
0.0
 11
32.403774
 21
2.274532
 31
0.0
  0
LINE
  5
1CCF
330
1F
100
AcDbEntity
  8
1
  6
CONTINUOUS
370
50
 62
4
100
AcDbLine
 10
30.654154
 20
2.899067
 30
0.0
 11
30.659142
 21
2.899563
 31
0.0
  0
LINE
  5
1CD0
330
1F
100
AcDbEntity
  8
1
  6
CONTINUOUS
370
50
 62
4
100
AcDbLine
 10
24.863001
 20
2.263666
 30
0.0
 11
24.885073
 21
2.265862
 31
0.0
  0
LINE
  5
1CD1
330
1F
100
AcDbEntity
  8
1
  6
CONTINUOUS
370
50
 62
4
100
AcDbLine
 10
32.359627
 20
2.270139
 30
0.0
 11
32.381702
 21
2.272338
 31
0.0
  0
LINE
  5
1CD2
330
1F
100
AcDbEntity
  8
1
  6
CONTINUOUS
370
50
 62
4
100
AcDbLine
 10
31.786312
 20
3.020288
 30
0.0
 11
31.808386
 21
3.022487
 31
0.0
  0
LINE
  5
1CD3
330
1F
100
AcDbEntity
  8
1
  6
CONTINUOUS
370
50
 62
4
100
AcDbLine
 10
31.764238
 20
3.018082
 30
0.0
 11
31.786312
 21
3.020288
 31
0.0
  0
LINE
  5
1CD4
330
1F
100
AcDbEntity
  8
1
  6
CONTINUOUS
370
50
 62
4
100
AcDbLine
 10
32.337555
 20
2.267933
 30
0.0
 11
32.359627
 21
2.270139
 31
0.0
  0
LINE
  5
1CD5
330
1F
100
AcDbEntity
  8
1
  6
CONTINUOUS
370
50
 62
4
100
AcDbLine
 10
32.315479
 20
2.265722
 30
0.0
 11
32.337555
 21
2.267933
 31
0.0
  0
LINE
  5
1CD6
330
1F
100
AcDbEntity
  8
1
  6
CONTINUOUS
370
50
 62
4
100
AcDbLine
 10
33.991276
 20
2.995797
 30
0.0
 11
34.013351
 21
2.998009
 31
0.0
  0
LINE
  5
1CD7
330
1F
100
AcDbEntity
  8
1
  6
CONTINUOUS
370
50
 62
4
100
AcDbLine
 10
31.742167
 20
3.015867
 30
0.0
 11
31.764238
 21
3.018082
 31
0.0
  0
LINE
  5
1CD8
330
1F
100
AcDbEntity
  8
1
  6
CONTINUOUS
370
50
 62
4
100
AcDbLine
 10
21.611744
 20
1.933934
 30
0.0
 11
22.963623
 21
2.069627
 31
0.0
  0
LINE
  5
1CD9
330
1F
100
AcDbEntity
  8
1
  6
CONTINUOUS
370
50
 62
4
100
AcDbLine
 10
32.293407
 20
2.263505
 30
0.0
 11
32.315479
 21
2.265722
 31
0.0
  0
LINE
  5
1CDA
330
1F
100
AcDbEntity
  8
1
  6
CONTINUOUS
370
50
 62
4
100
AcDbLine
 10
33.9692
 20
2.993579
 30
0.0
 11
33.991276
 21
2.995797
 31
0.0
  0
LINE
  5
1CDB
330
1F
100
AcDbEntity
  8
1
  6
CONTINUOUS
370
50
 62
4
100
AcDbLine
 10
32.271332
 20
2.261281
 30
0.0
 11
32.293407
 21
2.263505
 31
0.0
  0
LINE
  5
1CDC
330
1F
100
AcDbEntity
  8
1
  6
CONTINUOUS
370
50
 62
4
100
AcDbLine
 10
33.947128
 20
2.991353
 30
0.0
 11
33.9692
 21
2.993579
 31
0.0
  0
LINE
  5
1CDD
330
1F
100
AcDbEntity
  8
1
  6
CONTINUOUS
370
50
 62
4
100
AcDbLine
 10
30.406134
 20
0.905331
 30
0.0
 11
31.539064
 21
1.01969
 31
0.0
  0
LINE
  5
1CDE
330
1F
100
AcDbEntity
  8
1
  6
CONTINUOUS
370
50
 62
4
100
AcDbLine
 10
33.925053
 20
2.98912
 30
0.0
 11
33.947128
 21
2.991353
 31
0.0
  0
LINE
  5
1CDF
330
1F
100
AcDbEntity
  8
1
  6
CONTINUOUS
370
50
 62
4
100
AcDbLine
 10
33.902981
 20
2.986881
 30
0.0
 11
33.925053
 21
2.98912
 31
0.0
  0
LINE
  5
1CE0
330
1F
100
AcDbEntity
  8
1
  6
CONTINUOUS
370
50
 62
4
100
AcDbLine
 10
33.880905
 20
2.984634
 30
0.0
 11
33.902981
 21
2.986881
 31
0.0
  0
LINE
  5
1CE1
330
1F
100
AcDbEntity
  8
1
  6
CONTINUOUS
370
50
 62
4
100
AcDbLine
 10
12.83776
 20
3.96162
 30
0.0
 11
12.879422
 21
3.965864
 31
0.0
  0
LINE
  5
1CE2
330
1F
100
AcDbEntity
  8
1
  6
CONTINUOUS
370
50
 62
4
100
AcDbLine
 10
22.963623
 20
2.069627
 30
0.0
 11
24.029577
 21
2.178334
 31
0.0
  0
LINE
  5
1CE3
330
1F
100
AcDbEntity
  8
1
  6
CONTINUOUS
370
50
 62
4
100
AcDbLine
 10
33.858833
 20
2.982381
 30
0.0
 11
33.880905
 21
2.984634
 31
0.0
  0
LINE
  5
1CE4
330
1F
100
AcDbEntity
  8
1
  6
CONTINUOUS
370
50
 62
4
100
AcDbLine
 10
37.684605
 20
-0.8831829999999999
 30
0.0
 11
38.432007
 21
-0.8066869999999999
 31
0.0
  0
LINE
  5
1CE5
330
1F
100
AcDbEntity
  8
1
  6
CONTINUOUS
370
50
 62
4
100
AcDbLine
 10
14.216598
 20
-0.092674
 30
0.0
 11
14.300428
 21
-0.084076
 31
0.0
  0
LINE
  5
1CE6
330
1F
100
AcDbEntity
  8
1
  6
CONTINUOUS
370
50
 62
4
100
AcDbLine
 10
30.86248
 20
1.967792
 30
0.0
 11
32.096733
 21
2.09523
 31
0.0
  0
LINE
  5
1CE7
330
1F
100
AcDbEntity
  8
1
  6
CONTINUOUS
370
50
 62
4
100
AcDbLine
 10
24.029577
 20
2.178334
 30
0.0
 11
24.842524
 21
2.262368
 31
0.0
  0
LINE
  5
1CE8
330
1F
100
AcDbEntity
  8
1
  6
CONTINUOUS
370
50
 62
4
100
AcDbLine
 10
38.84016
 20
-0.908415
 30
0.0
 11
39.78494999999999
 21
-0.810499
 31
0.0
  0
LINE
  5
1CE9
330
1F
100
AcDbEntity
  8
1
  6
CONTINUOUS
370
50
 62
4
100
AcDbLine
 10
22.217167
 20
-2.99894
 30
0.0
 11
22.239239
 21
-2.996647
 31
0.0
  0
LINE
  5
1CEA
330
1F
100
AcDbEntity
  8
1
  6
CONTINUOUS
370
50
 62
4
100
AcDbLine
 10
22.239239
 20
-2.996647
 30
0.0
 11
22.261312
 21
-2.994348
 31
0.0
  0
LINE
  5
1CEB
330
1F
100
AcDbEntity
  8
1
  6
CONTINUOUS
370
50
 62
4
100
AcDbLine
 10
22.261312
 20
-2.994348
 30
0.0
 11
22.283386
 21
-2.992043
 31
0.0
  0
LINE
  5
1CEC
330
1F
100
AcDbEntity
  8
1
  6
CONTINUOUS
370
50
 62
4
100
AcDbLine
 10
25.050047
 20
2.283991
 30
0.0
 11
25.117739
 21
2.29106
 31
0.0
  0
LINE
  5
1CED
330
1F
100
AcDbEntity
  8
1
  6
CONTINUOUS
370
50
 62
4
100
AcDbLine
 10
25.117739
 20
2.29106
 30
0.0
 11
25.185431
 21
2.298138
 31
0.0
  0
LINE
  5
1CEE
330
1F
100
AcDbEntity
  8
1
  6
CONTINUOUS
370
50
 62
4
100
AcDbLine
 10
25.185431
 20
2.298138
 30
0.0
 11
25.267601
 21
2.306739
 31
0.0
  0
LINE
  5
1CEF
330
1F
100
AcDbEntity
  8
1
  6
CONTINUOUS
370
50
 62
4
100
AcDbLine
 10
22.283386
 20
-2.992043
 30
0.0
 11
22.30546
 21
-2.989732
 31
0.0
  0
LINE
  5
1CF0
330
1F
100
AcDbEntity
  8
1
  6
CONTINUOUS
370
50
 62
4
100
AcDbLine
 10
25.267601
 20
2.306739
 30
0.0
 11
25.34977
 21
2.315353
 31
0.0
  0
LINE
  5
1CF1
330
1F
100
AcDbEntity
  8
1
  6
CONTINUOUS
370
50
 62
4
100
AcDbLine
 10
30.792793
 20
0.7904289999999999
 30
0.0
 11
31.992792
 21
0.916306
 31
0.0
  0
LINE
  5
1CF2
330
1F
100
AcDbEntity
  8
1
  6
CONTINUOUS
370
50
 62
4
100
AcDbLine
 10
25.34977
 20
2.315353
 30
0.0
 11
25.43194
 21
2.323979
 31
0.0
  0
LINE
  5
1CF3
330
1F
100
AcDbEntity
  8
1
  6
CONTINUOUS
370
50
 62
4
100
AcDbLine
 10
22.30546
 20
-2.989732
 30
0.0
 11
22.327534
 21
-2.987414
 31
0.0
  0
LINE
  5
1CF4
330
1F
100
AcDbEntity
  8
1
  6
CONTINUOUS
370
50
 62
4
100
AcDbLine
 10
25.43194
 20
2.323979
 30
0.0
 11
25.514109
 21
2.332617
 31
0.0
  0
LINE
  5
1CF5
330
1F
100
AcDbEntity
  8
1
  6
CONTINUOUS
370
50
 62
4
100
AcDbLine
 10
22.327534
 20
-2.987414
 30
0.0
 11
22.349607
 21
-2.985091
 31
0.0
  0
LINE
  5
1CF6
330
1F
100
AcDbEntity
  8
1
  6
CONTINUOUS
370
50
 62
4
100
AcDbLine
 10
25.514109
 20
2.332617
 30
0.0
 11
25.596277
 21
2.341268
 31
0.0
  0
LINE
  5
1CF7
330
1F
100
AcDbEntity
  8
1
  6
CONTINUOUS
370
50
 62
4
100
AcDbLine
 10
33.459118
 20
0.932979
 30
0.0
 11
34.704556
 21
1.064278
 31
0.0
  0
LINE
  5
1CF8
330
1F
100
AcDbEntity
  8
1
  6
CONTINUOUS
370
50
 62
4
100
AcDbLine
 10
25.596277
 20
2.341268
 30
0.0
 11
25.678448
 21
2.349931
 31
0.0
  0
LINE
  5
1CF9
330
1F
100
AcDbEntity
  8
1
  6
CONTINUOUS
370
50
 62
4
100
AcDbLine
 10
22.349607
 20
-2.985091
 30
0.0
 11
22.371683
 21
-2.982761
 31
0.0
  0
LINE
  5
1CFA
330
1F
100
AcDbEntity
  8
1
  6
CONTINUOUS
370
50
 62
4
100
AcDbLine
 10
25.678448
 20
2.349931
 30
0.0
 11
25.760616
 21
2.358607
 31
0.0
  0
LINE
  5
1CFB
330
1F
100
AcDbEntity
  8
1
  6
CONTINUOUS
370
50
 62
4
100
AcDbLine
 10
25.760616
 20
2.358607
 30
0.0
 11
25.842785
 21
2.367295
 31
0.0
  0
LINE
  5
1CFC
330
1F
100
AcDbEntity
  8
1
  6
CONTINUOUS
370
50
 62
4
100
AcDbLine
 10
26.173294
 20
2.402376
 30
0.0
 11
26.251043
 21
2.410661
 31
0.0
  0
LINE
  5
1CFD
330
1F
100
AcDbEntity
  8
1
  6
CONTINUOUS
370
50
 62
4
100
AcDbLine
 10
26.251043
 20
2.410661
 30
0.0
 11
26.328794
 21
2.418957
 31
0.0
  0
LINE
  5
1CFE
330
1F
100
AcDbEntity
  8
1
  6
CONTINUOUS
370
50
 62
4
100
AcDbLine
 10
26.328794
 20
2.418957
 30
0.0
 11
26.406544
 21
2.427266
 31
0.0
  0
LINE
  5
1CFF
330
1F
100
AcDbEntity
  8
1
  6
CONTINUOUS
370
50
 62
4
100
AcDbLine
 10
26.406544
 20
2.427266
 30
0.0
 11
26.484295
 21
2.435587
 31
0.0
  0
LINE
  5
1D00
330
1F
100
AcDbEntity
  8
1
  6
CONTINUOUS
370
50
 62
4
100
AcDbLine
 10
26.484295
 20
2.435587
 30
0.0
 11
26.574244
 21
2.44523
 31
0.0
  0
LINE
  5
1D01
330
1F
100
AcDbEntity
  8
1
  6
CONTINUOUS
370
50
 62
4
100
AcDbLine
 10
38.432007
 20
-0.8066869999999999
 30
0.0
 11
39.196491
 21
-0.724609
 31
0.0
  0
LINE
  5
1D02
330
1F
100
AcDbEntity
  8
1
  6
CONTINUOUS
370
50
 62
4
100
AcDbLine
 10
26.574244
 20
2.44523
 30
0.0
 11
26.664192
 21
2.454889
 31
0.0
  0
LINE
  5
1D03
330
1F
100
AcDbEntity
  8
1
  6
CONTINUOUS
370
50
 62
4
100
AcDbLine
 10
26.664192
 20
2.454889
 30
0.0
 11
26.754141
 21
2.464566
 31
0.0
  0
LINE
  5
1D04
330
1F
100
AcDbEntity
  8
1
  6
CONTINUOUS
370
50
 62
4
100
AcDbLine
 10
26.979668
 20
-2.195518
 30
0.0
 11
27.001741
 21
-2.19314
 31
0.0
  0
LINE
  5
1D05
330
1F
100
AcDbEntity
  8
1
  6
CONTINUOUS
370
50
 62
4
100
AcDbLine
 10
26.754141
 20
2.464566
 30
0.0
 11
26.84409
 21
2.47426
 31
0.0
  0
LINE
  5
1D06
330
1F
100
AcDbEntity
  8
1
  6
CONTINUOUS
370
50
 62
4
100
AcDbLine
 10
39.424805
 20
-1.095564
 30
0.0
 11
40.730598
 21
-0.9546239999999999
 31
0.0
  0
LINE
  5
1D07
330
1F
100
AcDbEntity
  8
1
  6
CONTINUOUS
370
50
 62
4
100
AcDbLine
 10
27.001741
 20
-2.19314
 30
0.0
 11
27.023815
 21
-2.190756
 31
0.0
  0
LINE
  5
1D08
330
1F
100
AcDbEntity
  8
1
  6
CONTINUOUS
370
50
 62
4
100
AcDbLine
 10
27.023815
 20
-2.190756
 30
0.0
 11
27.045889
 21
-2.188365
 31
0.0
  0
LINE
  5
1D09
330
1F
100
AcDbEntity
  8
1
  6
CONTINUOUS
370
50
 62
4
100
AcDbLine
 10
27.045889
 20
-2.188365
 30
0.0
 11
27.067963
 21
-2.18597
 31
0.0
  0
LINE
  5
1D0A
330
1F
100
AcDbEntity
  8
1
  6
CONTINUOUS
370
50
 62
4
100
AcDbLine
 10
27.067963
 20
-2.18597
 30
0.0
 11
27.090036
 21
-2.183569
 31
0.0
  0
LINE
  5
1D0B
330
1F
100
AcDbEntity
  8
1
  6
CONTINUOUS
370
50
 62
4
100
AcDbLine
 10
29.305161
 20
0.785445
 30
0.0
 11
30.406134
 21
0.905331
 31
0.0
  0
LINE
  5
1D0C
330
1F
100
AcDbEntity
  8
1
  6
CONTINUOUS
370
50
 62
4
100
AcDbLine
 10
27.2952
 20
2.523144
 30
0.0
 11
27.351194
 21
2.529244
 31
0.0
  0
LINE
  5
1D0D
330
1F
100
AcDbEntity
  8
1
  6
CONTINUOUS
370
50
 62
4
100
AcDbLine
 10
27.090036
 20
-2.183569
 30
0.0
 11
27.11211
 21
-2.181162
 31
0.0
  0
LINE
  5
1D0E
330
1F
100
AcDbEntity
  8
1
  6
CONTINUOUS
370
50
 62
4
100
AcDbLine
 10
27.351194
 20
2.529244
 30
0.0
 11
27.407188
 21
2.53535
 31
0.0
  0
LINE
  5
1D0F
330
1F
100
AcDbEntity
  8
1
  6
CONTINUOUS
370
50
 62
4
100
AcDbLine
 10
27.407188
 20
2.53535
 30
0.0
 11
27.462059
 21
2.541341
 31
0.0
  0
LINE
  5
1D10
330
1F
100
AcDbEntity
  8
1
  6
CONTINUOUS
370
50
 62
4
100
AcDbLine
 10
27.462059
 20
2.541341
 30
0.0
 11
27.516932
 21
2.547339
 31
0.0
  0
LINE
  5
1D11
330
1F
100
AcDbEntity
  8
1
  6
CONTINUOUS
370
50
 62
4
100
AcDbLine
 10
27.11211
 20
-2.181162
 30
0.0
 11
27.134184
 21
-2.178749
 31
0.0
  0
LINE
  5
1D12
330
1F
100
AcDbEntity
  8
1
  6
CONTINUOUS
370
50
 62
4
100
AcDbLine
 10
23.937109
 20
2.166939
 30
0.0
 11
23.959183
 21
2.169352
 31
0.0
  0
LINE
  5
1D13
330
1F
100
AcDbEntity
  8
1
  6
CONTINUOUS
370
50
 62
4
100
AcDbLine
 10
27.516932
 20
2.547339
 30
0.0
 11
27.571804
 21
2.553344
 31
0.0
  0
LINE
  5
1D14
330
1F
100
AcDbEntity
  8
1
  6
CONTINUOUS
370
50
 62
4
100
AcDbLine
 10
23.915035
 20
2.164521
 30
0.0
 11
23.937109
 21
2.166939
 31
0.0
  0
LINE
  5
1D15
330
1F
100
AcDbEntity
  8
1
  6
CONTINUOUS
370
50
 62
4
100
AcDbLine
 10
27.571804
 20
2.553344
 30
0.0
 11
27.626677
 21
2.559356
 31
0.0
  0
LINE
  5
1D16
330
1F
100
AcDbEntity
  8
1
  6
CONTINUOUS
370
50
 62
4
100
AcDbLine
 10
27.626677
 20
2.559356
 30
0.0
 11
27.681549
 21
2.565375
 31
0.0
  0
LINE
  5
1D17
330
1F
100
AcDbEntity
  8
1
  6
CONTINUOUS
370
50
 62
4
100
AcDbLine
 10
39.994869
 20
-0.171972
 30
0.0
 11
40.048393
 21
-0.166099
 31
0.0
  0
LINE
  5
1D18
330
1F
100
AcDbEntity
  8
1
  6
CONTINUOUS
370
50
 62
4
100
AcDbLine
 10
27.681549
 20
2.565375
 30
0.0
 11
27.73642
 21
2.5714
 31
0.0
  0
LINE
  5
1D19
330
1F
100
AcDbEntity
  8
1
  6
CONTINUOUS
370
50
 62
4
100
AcDbLine
 10
23.892962
 20
2.162097
 30
0.0
 11
23.915035
 21
2.164521
 31
0.0
  0
LINE
  5
1D1A
330
1F
100
AcDbEntity
  8
1
  6
CONTINUOUS
370
50
 62
4
100
AcDbLine
 10
27.73642
 20
2.5714
 30
0.0
 11
27.791292
 21
2.577433
 31
0.0
  0
LINE
  5
1D1B
330
1F
100
AcDbEntity
  8
1
  6
CONTINUOUS
370
50
 62
4
100
AcDbLine
 10
39.78494999999999
 20
-0.810499
 30
0.0
 11
40.72990799999999
 21
-0.7065119999999999
 31
0.0
  0
LINE
  5
1D1C
330
1F
100
AcDbEntity
  8
1
  6
CONTINUOUS
370
50
 62
4
100
AcDbLine
 10
27.791292
 20
2.577433
 30
0.0
 11
27.846165
 21
2.583473
 31
0.0
  0
LINE
  5
1D1D
330
1F
100
AcDbEntity
  8
1
  6
CONTINUOUS
370
50
 62
4
100
AcDbLine
 10
23.870888
 20
2.159667
 30
0.0
 11
23.892962
 21
2.162097
 31
0.0
  0
LINE
  5
1D1E
330
1F
100
AcDbEntity
  8
1
  6
CONTINUOUS
370
50
 62
4
100
AcDbLine
 10
30.823681
 20
2.917785
 30
0.0
 11
30.857586
 21
2.92152
 31
0.0
  0
LINE
  5
1D1F
330
1F
100
AcDbEntity
  8
1
  6
CONTINUOUS
370
50
 62
4
100
AcDbLine
 10
30.789776
 20
2.914047
 30
0.0
 11
30.823681
 21
2.917785
 31
0.0
  0
LINE
  5
1D20
330
1F
100
AcDbEntity
  8
1
  6
CONTINUOUS
370
50
 62
4
100
AcDbLine
 10
39.44405
 20
-1.121381
 30
0.0
 11
40.731003
 21
-0.9794889999999999
 31
0.0
  0
LINE
  5
1D21
330
1F
100
AcDbEntity
  8
1
  6
CONTINUOUS
370
50
 62
4
100
AcDbLine
 10
23.848814
 20
2.157233
 30
0.0
 11
23.870888
 21
2.159667
 31
0.0
  0
LINE
  5
1D22
330
1F
100
AcDbEntity
  8
1
  6
CONTINUOUS
370
50
 62
4
100
AcDbLine
 10
30.755871
 20
2.910305
 30
0.0
 11
30.789776
 21
2.914047
 31
0.0
  0
LINE
  5
1D23
330
1F
100
AcDbEntity
  8
1
  6
CONTINUOUS
370
50
 62
4
100
AcDbLine
 10
30.721964
 20
2.906559
 30
0.0
 11
30.755871
 21
2.910305
 31
0.0
  0
LINE
  5
1D24
330
1F
100
AcDbEntity
  8
1
  6
CONTINUOUS
370
50
 62
4
100
AcDbLine
 10
23.82674
 20
2.154793
 30
0.0
 11
23.848814
 21
2.157233
 31
0.0
  0
LINE
  5
1D25
330
1F
100
AcDbEntity
  8
1
  6
CONTINUOUS
370
50
 62
4
100
AcDbLine
 10
30.688059
 20
2.902808
 30
0.0
 11
30.721964
 21
2.906559
 31
0.0
  0
LINE
  5
1D26
330
1F
100
AcDbEntity
  8
1
  6
CONTINUOUS
370
50
 62
4
100
AcDbLine
 10
30.654154
 20
2.899054
 30
0.0
 11
30.688059
 21
2.902808
 31
0.0
  0
LINE
  5
1D27
330
1F
100
AcDbEntity
  8
1
  6
CONTINUOUS
370
50
 62
4
100
AcDbLine
 10
23.804667
 20
2.152348
 30
0.0
 11
23.82674
 21
2.154793
 31
0.0
  0
LINE
  5
1D28
330
1F
100
AcDbEntity
  8
1
  6
CONTINUOUS
370
50
 62
4
100
AcDbLine
 10
29.596685
 20
0.6578069999999999
 30
0.0
 11
30.792793
 21
0.7904289999999999
 31
0.0
  0
LINE
  5
1D29
330
1F
100
AcDbEntity
  8
1
  6
CONTINUOUS
370
50
 62
4
100
AcDbLine
 10
19.571333
 20
-2.189097
 30
0.0
 11
19.593409
 21
-2.186649
 31
0.0
  0
LINE
  5
1D2A
330
1F
100
AcDbEntity
  8
1
  6
CONTINUOUS
370
50
 62
4
100
AcDbLine
 10
19.593409
 20
-2.186649
 30
0.0
 11
19.615482
 21
-2.184193
 31
0.0
  0
LINE
  5
1D2B
330
1F
100
AcDbEntity
  8
1
  6
CONTINUOUS
370
50
 62
4
100
AcDbLine
 10
25.392166
 20
-2.919432
 30
0.0
 11
25.41424
 21
-2.916974
 31
0.0
  0
LINE
  5
1D2C
330
1F
100
AcDbEntity
  8
1
  6
CONTINUOUS
370
50
 62
4
100
AcDbLine
 10
19.615482
 20
-2.184193
 30
0.0
 11
19.637556
 21
-2.181732
 31
0.0
  0
LINE
  5
1D2D
330
1F
100
AcDbEntity
  8
1
  6
CONTINUOUS
370
50
 62
4
100
AcDbLine
 10
28.416096
 20
2.646626
 30
0.0
 11
28.470182
 21
2.652659
 31
0.0
  0
LINE
  5
1D2E
330
1F
100
AcDbEntity
  8
1
  6
CONTINUOUS
370
50
 62
4
100
AcDbLine
 10
25.41424
 20
-2.916974
 30
0.0
 11
25.436314
 21
-2.914509
 31
0.0
  0
LINE
  5
1D2F
330
1F
100
AcDbEntity
  8
1
  6
CONTINUOUS
370
50
 62
4
100
AcDbLine
 10
28.470182
 20
2.652659
 30
0.0
 11
28.524267
 21
2.6587
 31
0.0
  0
LINE
  5
1D30
330
1F
100
AcDbEntity
  8
1
  6
CONTINUOUS
370
50
 62
4
100
AcDbLine
 10
19.637556
 20
-2.181732
 30
0.0
 11
19.659632
 21
-2.179264
 31
0.0
  0
LINE
  5
1D31
330
1F
100
AcDbEntity
  8
1
  6
CONTINUOUS
370
50
 62
4
100
AcDbLine
 10
28.524267
 20
2.6587
 30
0.0
 11
28.578354
 21
2.664747
 31
0.0
  0
LINE
  5
1D32
330
1F
100
AcDbEntity
  8
1
  6
CONTINUOUS
370
50
 62
4
100
AcDbLine
 10
25.436314
 20
-2.914509
 30
0.0
 11
25.458389
 21
-2.912038
 31
0.0
  0
LINE
  5
1D33
330
1F
100
AcDbEntity
  8
1
  6
CONTINUOUS
370
50
 62
4
100
AcDbLine
 10
28.578354
 20
2.664747
 30
0.0
 11
28.632439
 21
2.670802
 31
0.0
  0
LINE
  5
1D34
330
1F
100
AcDbEntity
  8
1
  6
CONTINUOUS
370
50
 62
4
100
AcDbLine
 10
28.632439
 20
2.670802
 30
0.0
 11
28.686525
 21
2.676863
 31
0.0
  0
LINE
  5
1D35
330
1F
100
AcDbEntity
  8
1
  6
CONTINUOUS
370
50
 62
4
100
AcDbLine
 10
19.659632
 20
-2.179264
 30
0.0
 11
19.681704
 21
-2.17679
 31
0.0
  0
LINE
  5
1D36
330
1F
100
AcDbEntity
  8
1
  6
CONTINUOUS
370
50
 62
4
100
AcDbLine
 10
31.345442
 20
2.162657
 30
0.0
 11
31.367517
 21
2.165132
 31
0.0
  0
LINE
  5
1D37
330
1F
100
AcDbEntity
  8
1
  6
CONTINUOUS
370
50
 62
4
100
AcDbLine
 10
32.213684
 20
0.7933359999999999
 30
0.0
 11
33.459118
 21
0.932979
 31
0.0
  0
LINE
  5
1D38
330
1F
100
AcDbEntity
  8
1
  6
CONTINUOUS
370
50
 62
4
100
AcDbLine
 10
28.686525
 20
2.676863
 30
0.0
 11
28.740612
 21
2.682932
 31
0.0
  0
LINE
  5
1D39
330
1F
100
AcDbEntity
  8
1
  6
CONTINUOUS
370
50
 62
4
100
AcDbLine
 10
25.458389
 20
-2.912038
 30
0.0
 11
25.480463
 21
-2.90956
 31
0.0
  0
LINE
  5
1D3A
330
1F
100
AcDbEntity
  8
1
  6
CONTINUOUS
370
50
 62
4
100
AcDbLine
 10
28.740612
 20
2.682932
 30
0.0
 11
28.794697
 21
2.689008
 31
0.0
  0
LINE
  5
1D3B
330
1F
100
AcDbEntity
  8
1
  6
CONTINUOUS
370
50
 62
4
100
AcDbLine
 10
31.323368
 20
2.160176
 30
0.0
 11
31.345442
 21
2.162657
 31
0.0
  0
LINE
  5
1D3C
330
1F
100
AcDbEntity
  8
1
  6
CONTINUOUS
370
50
 62
4
100
AcDbLine
 10
19.681704
 20
-2.17679
 30
0.0
 11
19.703777
 21
-2.174309
 31
0.0
  0
LINE
  5
1D3D
330
1F
100
AcDbEntity
  8
1
  6
CONTINUOUS
370
50
 62
4
100
AcDbLine
 10
28.794697
 20
2.689008
 30
0.0
 11
28.848783
 21
2.69509
 31
0.0
  0
LINE
  5
1D3E
330
1F
100
AcDbEntity
  8
1
  6
CONTINUOUS
370
50
 62
4
100
AcDbLine
 10
25.480463
 20
-2.90956
 30
0.0
 11
25.502537
 21
-2.907076
 31
0.0
  0
LINE
  5
1D3F
330
1F
100
AcDbEntity
  8
1
  6
CONTINUOUS
370
50
 62
4
100
AcDbLine
 10
31.301294
 20
2.157689
 30
0.0
 11
31.323368
 21
2.160176
 31
0.0
  0
LINE
  5
1D40
330
1F
100
AcDbEntity
  8
1
  6
CONTINUOUS
370
50
 62
4
100
AcDbLine
 10
19.703777
 20
-2.174309
 30
0.0
 11
19.725849
 21
-2.171822
 31
0.0
  0
LINE
  5
1D41
330
1F
100
AcDbEntity
  8
1
  6
CONTINUOUS
370
50
 62
4
100
AcDbLine
 10
18.52
 20
-0.8905449999999999
 30
0.0
 11
19.788378
 21
-0.747437
 31
0.0
  0
LINE
  5
1D42
330
1F
100
AcDbEntity
  8
1
  6
CONTINUOUS
370
50
 62
4
100
AcDbLine
 10
25.893713
 20
-2.36742
 30
0.0
 11
25.900599
 21
-2.366643
 31
0.0
  0
LINE
  5
1D43
330
1F
100
AcDbEntity
  8
1
  6
CONTINUOUS
370
50
 62
4
100
AcDbLine
 10
25.502537
 20
-2.907076
 30
0.0
 11
25.524611
 21
-2.904585
 31
0.0
  0
LINE
  5
1D44
330
1F
100
AcDbEntity
  8
1
  6
CONTINUOUS
370
50
 62
4
100
AcDbLine
 10
28.178488
 20
0.658284
 30
0.0
 11
29.305161
 21
0.785445
 31
0.0
  0
LINE
  5
1D45
330
1F
100
AcDbEntity
  8
1
  6
CONTINUOUS
370
50
 62
4
100
AcDbLine
 10
26.972692
 20
0.5220589999999999
 30
0.0
 11
28.178488
 21
0.658284
 31
0.0
  0
LINE
  5
1D46
330
1F
100
AcDbEntity
  8
1
  6
CONTINUOUS
370
50
 62
4
100
AcDbLine
 10
31.279219
 20
2.155195
 30
0.0
 11
31.301294
 21
2.157689
 31
0.0
  0
LINE
  5
1D47
330
1F
100
AcDbEntity
  8
1
  6
CONTINUOUS
370
50
 62
4
100
AcDbLine
 10
25.524611
 20
-2.904585
 30
0.0
 11
25.546684
 21
-2.902087
 31
0.0
  0
LINE
  5
1D48
330
1F
100
AcDbEntity
  8
1
  6
CONTINUOUS
370
50
 62
4
100
AcDbLine
 10
25.044641
 20
2.283387
 30
0.0
 11
25.050047
 21
2.283999
 31
0.0
  0
LINE
  5
1D49
330
1F
100
AcDbEntity
  8
1
  6
CONTINUOUS
370
50
 62
4
100
AcDbLine
 10
31.257147
 20
2.152696
 30
0.0
 11
31.279219
 21
2.155195
 31
0.0
  0
LINE
  5
1D4A
330
1F
100
AcDbEntity
  8
1
  6
CONTINUOUS
370
50
 62
4
100
AcDbLine
 10
40.731255
 20
-0.706359
 30
0.0
 11
40.732605
 21
-0.706206
 31
0.0
  0
LINE
  5
1D4B
330
1F
100
AcDbEntity
  8
1
  6
CONTINUOUS
370
50
 62
4
100
AcDbLine
 10
40.736649
 20
-0.705746
 30
0.0
 11
40.73799899999999
 21
-0.7055929999999999
 31
0.0
  0
LINE
  5
1D4C
330
1F
100
AcDbEntity
  8
1
  6
CONTINUOUS
370
50
 62
4
100
AcDbLine
 10
18.52
 20
-0.638301
 30
0.0
 11
19.767942
 21
-0.496784
 31
0.0
  0
LINE
  5
1D4D
330
1F
100
AcDbEntity
  8
1
  6
CONTINUOUS
370
50
 62
4
100
AcDbLine
 10
31.235073
 20
2.150191
 30
0.0
 11
31.257147
 21
2.152696
 31
0.0
  0
LINE
  5
1D4E
330
1F
100
AcDbEntity
  8
1
  6
CONTINUOUS
370
50
 62
4
100
AcDbLine
 10
25.758047
 20
0.38416
 30
0.0
 11
26.972692
 21
0.5220589999999999
 31
0.0
  0
LINE
  5
1D4F
330
1F
100
AcDbEntity
  8
1
  6
CONTINUOUS
370
50
 62
4
100
AcDbLine
 10
40.730598
 20
-0.9546239999999999
 30
0.0
 11
40.731831
 21
-0.954484
 31
0.0
  0
LINE
  5
1D50
330
1F
100
AcDbEntity
  8
1
  6
CONTINUOUS
370
50
 62
4
100
AcDbLine
 10
40.72990799999999
 20
-0.7065119999999999
 30
0.0
 11
40.731255
 21
-0.706359
 31
0.0
  0
LINE
  5
1D51
330
1F
100
AcDbEntity
  8
1
  6
CONTINUOUS
370
50
 62
4
100
AcDbLine
 10
40.732605
 20
-0.706206
 30
0.0
 11
40.733952
 21
-0.7060529999999999
 31
0.0
  0
LINE
  5
1D52
330
1F
100
AcDbEntity
  8
1
  6
CONTINUOUS
370
50
 62
4
100
AcDbLine
 10
40.735302
 20
-0.7058989999999999
 30
0.0
 11
40.736649
 21
-0.705746
 31
0.0
  0
LINE
  5
1D53
330
1F
100
AcDbEntity
  8
1
  6
CONTINUOUS
370
50
 62
4
100
AcDbLine
 10
29.805622
 20
2.803766
 30
0.0
 11
29.852118
 21
2.809053
 31
0.0
  0
LINE
  5
1D54
330
1F
100
AcDbEntity
  8
1
  6
CONTINUOUS
370
50
 62
4
100
AcDbLine
 10
31.212999
 20
2.147679
 30
0.0
 11
31.235073
 21
2.150191
 31
0.0
  0
LINE
  5
1D55
330
1F
100
AcDbEntity
  8
1
  6
CONTINUOUS
370
50
 62
4
100
AcDbLine
 10
29.759127
 20
2.798472
 30
0.0
 11
29.805622
 21
2.803766
 31
0.0
  0
LINE
  5
1D56
330
1F
100
AcDbEntity
  8
1
  6
CONTINUOUS
370
50
 62
4
100
AcDbLine
 10
29.712633
 20
2.793171
 30
0.0
 11
29.759127
 21
2.798472
 31
0.0
  0
LINE
  5
1D57
330
1F
100
AcDbEntity
  8
1
  6
CONTINUOUS
370
50
 62
4
100
AcDbLine
 10
39.196491
 20
-0.724609
 30
0.0
 11
39.963604
 21
-0.637137
 31
0.0
  0
LINE
  5
1D58
330
1F
100
AcDbEntity
  8
1
  6
CONTINUOUS
370
50
 62
4
100
AcDbLine
 10
40.733952
 20
-0.7060529999999999
 30
0.0
 11
40.735302
 21
-0.7058989999999999
 31
0.0
  0
LINE
  5
1D59
330
1F
100
AcDbEntity
  8
1
  6
CONTINUOUS
370
50
 62
4
100
AcDbLine
 10
29.666138
 20
2.787862
 30
0.0
 11
29.712633
 21
2.793171
 31
0.0
  0
LINE
  5
1D5A
330
1F
100
AcDbEntity
  8
1
  6
CONTINUOUS
370
50
 62
4
100
AcDbLine
 10
29.536221
 20
2.773013
 30
0.0
 11
29.617764
 21
2.782331
 31
0.0
  0
LINE
  5
1D5B
330
1F
100
AcDbEntity
  8
1
  6
CONTINUOUS
370
50
 62
4
100
AcDbLine
 10
29.617764
 20
2.782331
 30
0.0
 11
29.666138
 21
2.787862
 31
0.0
  0
LINE
  5
1D5C
330
1F
100
AcDbEntity
  8
1
  6
CONTINUOUS
370
50
 62
4
100
AcDbLine
 10
40.731831
 20
-0.954484
 30
0.0
 11
40.737991
 21
-0.9537789999999999
 31
0.0
  0
LINE
  5
1D5D
330
1F
100
AcDbEntity
  8
1
  6
CONTINUOUS
370
50
 62
4
100
AcDbLine
 10
28.395847
 20
0.52034
 30
0.0
 11
29.596685
 21
0.6578069999999999
 31
0.0
  0
LINE
  5
1D5E
330
1F
100
AcDbEntity
  8
1
  6
CONTINUOUS
370
50
 62
4
100
AcDbLine
 10
24.524647
 20
0.242702
 30
0.0
 11
25.758047
 21
0.38416
 31
0.0
  0
LINE
  5
1D5F
330
1F
100
AcDbEntity
  8
1
  6
CONTINUOUS
370
50
 62
4
100
AcDbLine
 10
32.932941
 20
2.881567
 30
0.0
 11
32.955017
 21
2.884115
 31
0.0
  0
LINE
  5
1D60
330
1F
100
AcDbEntity
  8
1
  6
CONTINUOUS
370
50
 62
4
100
AcDbLine
 10
27.163731
 20
0.37804
 30
0.0
 11
28.395847
 21
0.52034
 31
0.0
  0
LINE
  5
1D61
330
1F
100
AcDbEntity
  8
1
  6
CONTINUOUS
370
50
 62
4
100
AcDbLine
 10
18.519997
 20
-0.9136569999999999
 30
0.0
 11
19.764454
 21
-0.769902
 31
0.0
  0
LINE
  5
1D62
330
1F
100
AcDbEntity
  8
1
  6
CONTINUOUS
370
50
 62
4
100
AcDbLine
 10
30.816275
 20
2.915809
 30
0.0
 11
30.83835
 21
2.91836
 31
0.0
  0
LINE
  5
1D63
330
1F
100
AcDbEntity
  8
1
  6
CONTINUOUS
370
50
 62
4
100
AcDbLine
 10
32.910866
 20
2.879012
 30
0.0
 11
32.932941
 21
2.881567
 31
0.0
  0
LINE
  5
1D64
330
1F
100
AcDbEntity
  8
1
  6
CONTINUOUS
370
50
 62
4
100
AcDbLine
 10
30.794199
 20
2.91325
 30
0.0
 11
30.816275
 21
2.915809
 31
0.0
  0
LINE
  5
1D65
330
1F
100
AcDbEntity
  8
1
  6
CONTINUOUS
370
50
 62
4
100
AcDbLine
 10
32.888794
 20
2.876449
 30
0.0
 11
32.910866
 21
2.879012
 31
0.0
  0
LINE
  5
1D66
330
1F
100
AcDbEntity
  8
1
  6
CONTINUOUS
370
50
 62
4
100
AcDbLine
 10
30.772125
 20
2.910683
 30
0.0
 11
30.794199
 21
2.91325
 31
0.0
  0
LINE
  5
1D67
330
1F
100
AcDbEntity
  8
1
  6
CONTINUOUS
370
50
 62
4
100
AcDbLine
 10
32.866718
 20
2.87388
 30
0.0
 11
32.888794
 21
2.876449
 31
0.0
  0
LINE
  5
1D68
330
1F
100
AcDbEntity
  8
1
  6
CONTINUOUS
370
50
 62
4
100
AcDbLine
 10
40.731003
 20
-0.9794889999999999
 30
0.0
 11
40.73217
 21
-0.9793529999999999
 31
0.0
  0
LINE
  5
1D69
330
1F
100
AcDbEntity
  8
1
  6
CONTINUOUS
370
50
 62
4
100
AcDbLine
 10
40.733334
 20
-0.979217
 30
0.0
 11
40.736835
 21
-0.9788089999999999
 31
0.0
  0
LINE
  5
1D6A
330
1F
100
AcDbEntity
  8
1
  6
CONTINUOUS
370
50
 62
4
100
AcDbLine
 10
23.283245
 20
0.097952
 30
0.0
 11
24.524647
 21
0.242702
 31
0.0
  0
LINE
  5
1D6B
330
1F
100
AcDbEntity
  8
1
  6
CONTINUOUS
370
50
 62
4
100
AcDbLine
 10
25.930386
 20
0.234224
 30
0.0
 11
27.163731
 21
0.37804
 31
0.0
  0
LINE
  5
1D6C
330
1F
100
AcDbEntity
  8
1
  6
CONTINUOUS
370
50
 62
4
100
AcDbLine
 10
30.750051
 20
2.908108
 30
0.0
 11
30.772125
 21
2.910683
 31
0.0
  0
LINE
  5
1D6D
330
1F
100
AcDbEntity
  8
1
  6
CONTINUOUS
370
50
 62
4
100
AcDbLine
 10
32.844646
 20
2.871304
 30
0.0
 11
32.866718
 21
2.87388
 31
0.0
  0
LINE
  5
1D6E
330
1F
100
AcDbEntity
  8
1
  6
CONTINUOUS
370
50
 62
4
100
AcDbLine
 10
40.73217
 20
-0.9793529999999999
 30
0.0
 11
40.733334
 21
-0.979217
 31
0.0
  0
LINE
  5
1D6F
330
1F
100
AcDbEntity
  8
1
  6
CONTINUOUS
370
50
 62
4
100
AcDbLine
 10
23.275499
 20
-2.882213
 30
0.0
 11
23.297573
 21
-2.879633
 31
0.0
  0
LINE
  5
1D70
330
1F
100
AcDbEntity
  8
1
  6
CONTINUOUS
370
50
 62
4
100
AcDbLine
 10
30.727978
 20
2.905525
 30
0.0
 11
30.750051
 21
2.908108
 31
0.0
  0
LINE
  5
1D71
330
1F
100
AcDbEntity
  8
1
  6
CONTINUOUS
370
50
 62
4
100
AcDbLine
 10
32.822575
 20
2.86872
 30
0.0
 11
32.844646
 21
2.871304
 31
0.0
  0
LINE
  5
1D72
330
1F
100
AcDbEntity
  8
1
  6
CONTINUOUS
370
50
 62
4
100
AcDbLine
 10
23.297573
 20
-2.879633
 30
0.0
 11
23.319647
 21
-2.877047
 31
0.0
  0
LINE
  5
1D73
330
1F
100
AcDbEntity
  8
1
  6
CONTINUOUS
370
50
 62
4
100
AcDbLine
 10
32.80049899999999
 20
2.86613
 30
0.0
 11
32.822575
 21
2.86872
 31
0.0
  0
LINE
  5
1D74
330
1F
100
AcDbEntity
  8
1
  6
CONTINUOUS
370
50
 62
4
100
AcDbLine
 10
30.705906
 20
2.902934
 30
0.0
 11
30.727978
 21
2.905525
 31
0.0
  0
LINE
  5
1D75
330
1F
100
AcDbEntity
  8
1
  6
CONTINUOUS
370
50
 62
4
100
AcDbLine
 10
23.319647
 20
-2.877047
 30
0.0
 11
23.341721
 21
-2.874454
 31
0.0
  0
LINE
  5
1D76
330
1F
100
AcDbEntity
  8
1
  6
CONTINUOUS
370
50
 62
4
100
AcDbLine
 10
24.696644
 20
0.089022
 30
0.0
 11
25.930386
 21
0.234224
 31
0.0
  0
LINE
  5
1D77
330
1F
100
AcDbEntity
  8
1
  6
CONTINUOUS
370
50
 62
4
100
AcDbLine
 10
40.736835
 20
-0.9788089999999999
 30
0.0
 11
40.73799899999999
 21
-0.978672
 31
0.0
  0
LINE
  5
1D78
330
1F
100
AcDbEntity
  8
1
  6
CONTINUOUS
370
50
 62
4
100
AcDbLine
 10
23.341721
 20
-2.874454
 30
0.0
 11
23.363794
 21
-2.871856
 31
0.0
  0
LINE
  5
1D79
330
1F
100
AcDbEntity
  8
1
  6
CONTINUOUS
370
50
 62
4
100
AcDbLine
 10
18.52
 20
-0.477215
 30
0.0
 11
19.698622
 21
-0.338491
 31
0.0
  0
LINE
  5
1D7A
330
1F
100
AcDbEntity
  8
1
  6
CONTINUOUS
370
50
 62
4
100
AcDbLine
 10
19.767942
 20
-0.496784
 30
0.0
 11
20.99593
 21
-0.352196
 31
0.0
  0
LINE
  5
1D7B
330
1F
100
AcDbEntity
  8
1
  6
CONTINUOUS
370
50
 62
4
100
AcDbLine
 10
30.683834
 20
2.900335
 30
0.0
 11
30.705906
 21
2.902934
 31
0.0
  0
LINE
  5
1D7C
330
1F
100
AcDbEntity
  8
1
  6
CONTINUOUS
370
50
 62
4
100
AcDbLine
 10
23.363794
 20
-2.871856
 30
0.0
 11
23.385868
 21
-2.869253
 31
0.0
  0
LINE
  5
1D7D
330
1F
100
AcDbEntity
  8
1
  6
CONTINUOUS
370
50
 62
4
100
AcDbLine
 10
29.628233
 20
1.822174
 30
0.0
 11
30.86248
 21
1.967792
 31
0.0
  0
LINE
  5
1D7E
330
1F
100
AcDbEntity
  8
1
  6
CONTINUOUS
370
50
 62
4
100
AcDbLine
 10
23.385868
 20
-2.869253
 30
0.0
 11
23.407942
 21
-2.866643
 31
0.0
  0
LINE
  5
1D7F
330
1F
100
AcDbEntity
  8
1
  6
CONTINUOUS
370
50
 62
4
100
AcDbLine
 10
23.407942
 20
-2.866643
 30
0.0
 11
23.430017
 21
-2.864027
 31
0.0
  0
LINE
  5
1D80
330
1F
100
AcDbEntity
  8
1
  6
CONTINUOUS
370
50
 62
4
100
AcDbLine
 10
12.799024
 20
3.957024
 30
0.0
 11
12.83776
 21
3.96162
 31
0.0
  0
LINE
  5
1D81
330
1F
100
AcDbEntity
  8
1
  6
CONTINUOUS
370
50
 62
4
100
AcDbLine
 10
23.463062
 20
-0.057372
 30
0.0
 11
24.696644
 21
0.089022
 31
0.0
  0
LINE
  5
1D82
330
1F
100
AcDbEntity
  8
1
  6
CONTINUOUS
370
50
 62
4
100
AcDbLine
 10
30.968269
 20
0.645187
 30
0.0
 11
32.213684
 21
0.7933359999999999
 31
0.0
  0
LINE
  5
1D83
330
1F
100
AcDbEntity
  8
1
  6
CONTINUOUS
370
50
 62
4
100
AcDbLine
 10
30.854362
 20
2.921136
 30
0.0
 11
30.857586
 21
2.92152
 31
0.0
  0
LINE
  5
1D84
330
1F
100
AcDbEntity
  8
1
  6
CONTINUOUS
370
50
 62
4
100
AcDbLine
 10
22.048428
 20
-0.049396
 30
0.0
 11
23.283245
 21
0.097952
 31
0.0
  0
LINE
  5
1D85
330
1F
100
AcDbEntity
  8
1
  6
CONTINUOUS
370
50
 62
4
100
AcDbLine
 10
22.228502
 20
-0.20477
 30
0.0
 11
23.463062
 21
-0.057372
 31
0.0
  0
LINE
  5
1D86
330
1F
100
AcDbEntity
  8
1
  6
CONTINUOUS
370
50
 62
4
100
AcDbLine
 10
20.99593
 20
-0.352196
 30
0.0
 11
22.228502
 21
-0.20477
 31
0.0
  0
LINE
  5
1D87
330
1F
100
AcDbEntity
  8
1
  6
CONTINUOUS
370
50
 62
4
100
AcDbLine
 10
19.788378
 20
-0.747437
 30
0.0
 11
21.018358
 21
-0.599816
 31
0.0
  0
LINE
  5
1D88
330
1F
100
AcDbEntity
  8
1
  6
CONTINUOUS
370
50
 62
4
100
AcDbLine
 10
28.038
 20
-2.075021
 30
0.0
 11
28.060074
 21
-2.072365
 31
0.0
  0
LINE
  5
1D89
330
1F
100
AcDbEntity
  8
1
  6
CONTINUOUS
370
50
 62
4
100
AcDbLine
 10
14.134007
 20
-0.102616
 30
0.0
 11
14.216598
 21
-0.092674
 31
0.0
  0
LINE
  5
1D8A
330
1F
100
AcDbEntity
  8
1
  6
CONTINUOUS
370
50
 62
4
100
AcDbLine
 10
28.060074
 20
-2.072365
 30
0.0
 11
28.08215
 21
-2.069703
 31
0.0
  0
LINE
  5
1D8B
330
1F
100
AcDbEntity
  8
1
  6
CONTINUOUS
370
50
 62
4
100
AcDbLine
 10
28.08215
 20
-2.069703
 30
0.0
 11
28.104223
 21
-2.067035
 31
0.0
  0
LINE
  5
1D8C
330
1F
100
AcDbEntity
  8
1
  6
CONTINUOUS
370
50
 62
4
100
AcDbLine
 10
28.104223
 20
-2.067035
 30
0.0
 11
28.126297
 21
-2.064361
 31
0.0
  0
LINE
  5
1D8D
330
1F
100
AcDbEntity
  8
1
  6
CONTINUOUS
370
50
 62
4
100
AcDbLine
 10
22.878777
 20
2.044911
 30
0.0
 11
22.90085
 21
2.047585
 31
0.0
  0
LINE
  5
1D8E
330
1F
100
AcDbEntity
  8
1
  6
CONTINUOUS
370
50
 62
4
100
AcDbLine
 10
22.856701
 20
2.042232
 30
0.0
 11
22.878777
 21
2.044911
 31
0.0
  0
LINE
  5
1D8F
330
1F
100
AcDbEntity
  8
1
  6
CONTINUOUS
370
50
 62
4
100
AcDbLine
 10
28.126297
 20
-2.064361
 30
0.0
 11
28.148371
 21
-2.061681
 31
0.0
  0
LINE
  5
1D90
330
1F
100
AcDbEntity
  8
1
  6
CONTINUOUS
370
50
 62
4
100
AcDbLine
 10
39.963604
 20
-0.637137
 30
0.0
 11
40.72990799999999
 21
-0.544056
 31
0.0
  0
LINE
  5
1D91
330
1F
100
AcDbEntity
  8
1
  6
CONTINUOUS
370
50
 62
4
100
AcDbLine
 10
22.834627
 20
2.039546
 30
0.0
 11
22.856701
 21
2.042232
 31
0.0
  0
LINE
  5
1D92
330
1F
100
AcDbEntity
  8
1
  6
CONTINUOUS
370
50
 62
4
100
AcDbLine
 10
28.148371
 20
-2.061681
 30
0.0
 11
28.170444
 21
-2.058995
 31
0.0
  0
LINE
  5
1D93
330
1F
100
AcDbEntity
  8
1
  6
CONTINUOUS
370
50
 62
4
100
AcDbLine
 10
22.812553
 20
2.036856
 30
0.0
 11
22.834627
 21
2.039546
 31
0.0
  0
LINE
  5
1D94
330
1F
100
AcDbEntity
  8
1
  6
CONTINUOUS
370
50
 62
4
100
AcDbLine
 10
28.170444
 20
-2.058995
 30
0.0
 11
28.192516
 21
-2.056303
 31
0.0
  0
LINE
  5
1D95
330
1F
100
AcDbEntity
  8
1
  6
CONTINUOUS
370
50
 62
4
100
AcDbLine
 10
22.79048
 20
2.034159
 30
0.0
 11
22.812553
 21
2.036856
 31
0.0
  0
LINE
  5
1D96
330
1F
100
AcDbEntity
  8
1
  6
CONTINUOUS
370
50
 62
4
100
AcDbLine
 10
21.018358
 20
-0.599816
 30
0.0
 11
22.255043
 21
-0.448635
 31
0.0
  0
LINE
  5
1D97
330
1F
100
AcDbEntity
  8
1
  6
CONTINUOUS
370
50
 62
4
100
AcDbLine
 10
22.255043
 20
-0.448635
 30
0.0
 11
23.495647
 21
-0.296861
 31
0.0
  0
LINE
  5
1D98
330
1F
100
AcDbEntity
  8
1
  6
CONTINUOUS
370
50
 62
4
100
AcDbLine
 10
22.768406
 20
2.031457
 30
0.0
 11
22.79048
 21
2.034159
 31
0.0
  0
LINE
  5
1D99
330
1F
100
AcDbEntity
  8
1
  6
CONTINUOUS
370
50
 62
4
100
AcDbLine
 10
23.495647
 20
-0.296861
 30
0.0
 11
24.73698
 21
-0.144686
 31
0.0
  0
LINE
  5
1D9A
330
1F
100
AcDbEntity
  8
1
  6
CONTINUOUS
370
50
 62
4
100
AcDbLine
 10
22.746334
 20
2.02875
 30
0.0
 11
22.768406
 21
2.031457
 31
0.0
  0
LINE
  5
1D9B
330
1F
100
AcDbEntity
  8
1
  6
CONTINUOUS
370
50
 62
4
100
AcDbLine
 10
19.764454
 20
-0.769902
 30
0.0
 11
21.00893
 21
-0.617117
 31
0.0
  0
LINE
  5
1D9C
330
1F
100
AcDbEntity
  8
1
  6
CONTINUOUS
370
50
 62
4
100
AcDbLine
 10
20.855377
 20
-0.196115
 30
0.0
 11
22.048428
 21
-0.049396
 31
0.0
  0
LINE
  5
1D9D
330
1F
100
AcDbEntity
  8
1
  6
CONTINUOUS
370
50
 62
4
100
AcDbLine
 10
19.698622
 20
-0.338491
 30
0.0
 11
20.855377
 21
-0.196115
 31
0.0
  0
LINE
  5
1D9E
330
1F
100
AcDbEntity
  8
1
  6
CONTINUOUS
370
50
 62
4
100
AcDbLine
 10
24.73698
 20
-0.144686
 30
0.0
 11
25.986969
 21
0.009216
 31
0.0
  0
LINE
  5
1D9F
330
1F
100
AcDbEntity
  8
1
  6
CONTINUOUS
370
50
 62
4
100
AcDbLine
 10
40.048393
 20
-0.166099
 30
0.0
 11
40.101894
 21
-0.159492
 31
0.0
  0
LINE
  5
1DA0
330
1F
100
AcDbEntity
  8
1
  6
CONTINUOUS
370
50
 62
4
100
AcDbLine
 10
16.135443
 20
1.198616
 30
0.0
 11
16.16448
 21
1.202215
 31
0.0
  0
LINE
  5
1DA1
330
1F
100
AcDbEntity
  8
1
  6
CONTINUOUS
370
50
 62
4
100
AcDbLine
 10
20.629667
 20
-2.064409
 30
0.0
 11
20.652296
 21
-2.061577
 31
0.0
  0
LINE
  5
1DA2
330
1F
100
AcDbEntity
  8
1
  6
CONTINUOUS
370
50
 62
4
100
AcDbLine
 10
40.72990799999999
 20
-0.544056
 30
0.0
 11
40.731258
 21
-0.543887
 31
0.0
  0
LINE
  5
1DA3
330
1F
100
AcDbEntity
  8
1
  6
CONTINUOUS
370
50
 62
4
100
AcDbLine
 10
40.732605
 20
-0.5437179999999999
 30
0.0
 11
40.733955
 21
-0.543549
 31
0.0
  0
LINE
  5
1DA4
330
1F
100
AcDbEntity
  8
1
  6
CONTINUOUS
370
50
 62
4
100
AcDbLine
 10
40.735302
 20
-0.54338
 30
0.0
 11
40.736652
 21
-0.543211
 31
0.0
  0
LINE
  5
1DA5
330
1F
100
AcDbEntity
  8
1
  6
CONTINUOUS
370
50
 62
4
100
AcDbLine
 10
21.00893
 20
-0.617117
 30
0.0
 11
22.253424
 21
-0.461109
 31
0.0
  0
LINE
  5
1DA6
330
1F
100
AcDbEntity
  8
1
  6
CONTINUOUS
370
50
 62
4
100
AcDbLine
 10
20.652296
 20
-2.061577
 30
0.0
 11
20.67458
 21
-2.058782
 31
0.0
  0
LINE
  5
1DA7
330
1F
100
AcDbEntity
  8
1
  6
CONTINUOUS
370
50
 62
4
100
AcDbLine
 10
40.731258
 20
-0.543887
 30
0.0
 11
40.732605
 21
-0.5437179999999999
 31
0.0
  0
LINE
  5
1DA8
330
1F
100
AcDbEntity
  8
1
  6
CONTINUOUS
370
50
 62
4
100
AcDbLine
 10
40.733955
 20
-0.543549
 30
0.0
 11
40.735302
 21
-0.54338
 31
0.0
  0
LINE
  5
1DA9
330
1F
100
AcDbEntity
  8
1
  6
CONTINUOUS
370
50
 62
4
100
AcDbLine
 10
40.736652
 20
-0.543211
 30
0.0
 11
40.73799899999999
 21
-0.543042
 31
0.0
  0
LINE
  5
1DAA
330
1F
100
AcDbEntity
  8
1
  6
CONTINUOUS
370
50
 62
4
100
AcDbLine
 10
26.888573
 20
-2.474848
 30
0.0
 11
26.911087
 21
-2.472022
 31
0.0
  0
LINE
  5
1DAB
330
1F
100
AcDbEntity
  8
1
  6
CONTINUOUS
370
50
 62
4
100
AcDbLine
 10
22.253424
 20
-0.461109
 30
0.0
 11
23.497913
 21
-0.304782
 31
0.0
  0
LINE
  5
1DAC
330
1F
100
AcDbEntity
  8
1
  6
CONTINUOUS
370
50
 62
4
100
AcDbLine
 10
30.287107
 20
2.036731
 30
0.0
 11
30.309183
 21
2.039505
 31
0.0
  0
LINE
  5
1DAD
330
1F
100
AcDbEntity
  8
1
  6
CONTINUOUS
370
50
 62
4
100
AcDbLine
 10
20.67458
 20
-2.058782
 30
0.0
 11
20.696611
 21
-2.056012
 31
0.0
  0
LINE
  5
1DAE
330
1F
100
AcDbEntity
  8
1
  6
CONTINUOUS
370
50
 62
4
100
AcDbLine
 10
23.497913
 20
-0.304782
 30
0.0
 11
24.742386
 21
-0.148157
 31
0.0
  0
LINE
  5
1DAF
330
1F
100
AcDbEntity
  8
1
  6
CONTINUOUS
370
50
 62
4
100
AcDbLine
 10
29.722889
 20
0.488367
 30
0.0
 11
30.968269
 21
0.645187
 31
0.0
  0
LINE
  5
1DB0
330
1F
100
AcDbEntity
  8
1
  6
CONTINUOUS
370
50
 62
4
100
AcDbLine
 10
26.4505
 20
-2.794074
 30
0.0
 11
26.472574
 21
-2.791294
 31
0.0
  0
LINE
  5
1DB1
330
1F
100
AcDbEntity
  8
1
  6
CONTINUOUS
370
50
 62
4
100
AcDbLine
 10
30.265034
 20
2.033951
 30
0.0
 11
30.287107
 21
2.036731
 31
0.0
  0
LINE
  5
1DB2
330
1F
100
AcDbEntity
  8
1
  6
CONTINUOUS
370
50
 62
4
100
AcDbLine
 10
20.696611
 20
-2.056012
 30
0.0
 11
20.718491
 21
-2.053255
 31
0.0
  0
LINE
  5
1DB3
330
1F
100
AcDbEntity
  8
1
  6
CONTINUOUS
370
50
 62
4
100
AcDbLine
 10
26.472574
 20
-2.791294
 30
0.0
 11
26.494648
 21
-2.788508
 31
0.0
  0
LINE
  5
1DB4
330
1F
100
AcDbEntity
  8
1
  6
CONTINUOUS
370
50
 62
4
100
AcDbLine
 10
30.24296
 20
2.031164
 30
0.0
 11
30.265034
 21
2.033951
 31
0.0
  0
LINE
  5
1DB5
330
1F
100
AcDbEntity
  8
1
  6
CONTINUOUS
370
50
 62
4
100
AcDbLine
 10
20.718491
 20
-2.053255
 30
0.0
 11
20.740314
 21
-2.050499
 31
0.0
  0
LINE
  5
1DB6
330
1F
100
AcDbEntity
  8
1
  6
CONTINUOUS
370
50
 62
4
100
AcDbLine
 10
24.742386
 20
-0.148157
 30
0.0
 11
25.986837
 21
0.009119
 31
0.0
  0
LINE
  5
1DB7
330
1F
100
AcDbEntity
  8
1
  6
CONTINUOUS
370
50
 62
4
100
AcDbLine
 10
20.740314
 20
-2.050499
 30
0.0
 11
20.762178
 21
-2.047734
 31
0.0
  0
LINE
  5
1DB8
330
1F
100
AcDbEntity
  8
1
  6
CONTINUOUS
370
50
 62
4
100
AcDbLine
 10
30.220886
 20
2.028372
 30
0.0
 11
30.24296
 21
2.031164
 31
0.0
  0
LINE
  5
1DB9
330
1F
100
AcDbEntity
  8
1
  6
CONTINUOUS
370
50
 62
4
100
AcDbLine
 10
26.494648
 20
-2.788508
 30
0.0
 11
26.516724
 21
-2.785714
 31
0.0
  0
LINE
  5
1DBA
330
1F
100
AcDbEntity
  8
1
  6
CONTINUOUS
370
50
 62
4
100
AcDbLine
 10
20.762178
 20
-2.047734
 30
0.0
 11
20.784184
 21
-2.044948
 31
0.0
  0
LINE
  5
1DBB
330
1F
100
AcDbEntity
  8
1
  6
CONTINUOUS
370
50
 62
4
100
AcDbLine
 10
30.198812
 20
2.025573
 30
0.0
 11
30.220886
 21
2.028372
 31
0.0
  0
LINE
  5
1DBC
330
1F
100
AcDbEntity
  8
1
  6
CONTINUOUS
370
50
 62
4
100
AcDbLine
 10
26.516724
 20
-2.785714
 30
0.0
 11
26.538797
 21
-2.782914
 31
0.0
  0
LINE
  5
1DBD
330
1F
100
AcDbEntity
  8
1
  6
CONTINUOUS
370
50
 62
4
100
AcDbLine
 10
30.176739
 20
2.022767
 30
0.0
 11
30.198812
 21
2.025573
 31
0.0
  0
LINE
  5
1DBE
330
1F
100
AcDbEntity
  8
1
  6
CONTINUOUS
370
50
 62
4
100
AcDbLine
 10
26.538797
 20
-2.782914
 30
0.0
 11
26.560871
 21
-2.780107
 31
0.0
  0
LINE
  5
1DBF
330
1F
100
AcDbEntity
  8
1
  6
CONTINUOUS
370
50
 62
4
100
AcDbLine
 10
25.986837
 20
0.009119
 30
0.0
 11
27.232195
 21
0.167526
 31
0.0
  0
LINE
  5
1DC0
330
1F
100
AcDbEntity
  8
1
  6
CONTINUOUS
370
50
 62
4
100
AcDbLine
 10
30.154667
 20
2.019956
 30
0.0
 11
30.176739
 21
2.022767
 31
0.0
  0
LINE
  5
1DC1
330
1F
100
AcDbEntity
  8
1
  6
CONTINUOUS
370
50
 62
4
100
AcDbLine
 10
26.560871
 20
-2.780107
 30
0.0
 11
26.582943
 21
-2.777293
 31
0.0
  0
LINE
  5
1DC2
330
1F
100
AcDbEntity
  8
1
  6
CONTINUOUS
370
50
 62
4
100
AcDbLine
 10
26.582943
 20
-2.777293
 30
0.0
 11
26.605017
 21
-2.774473
 31
0.0
  0
LINE
  5
1DC3
330
1F
100
AcDbEntity
  8
1
  6
CONTINUOUS
370
50
 62
4
100
AcDbLine
 10
27.232195
 20
0.167526
 30
0.0
 11
28.477541
 21
0.327213
 31
0.0
  0
LINE
  5
1DC4
330
1F
100
AcDbEntity
  8
1
  6
CONTINUOUS
370
50
 62
4
100
AcDbLine
 10
28.393988
 20
1.662948
 30
0.0
 11
29.628233
 21
1.822174
 31
0.0
  0
LINE
  5
1DC5
330
1F
100
AcDbEntity
  8
1
  6
CONTINUOUS
370
50
 62
4
100
AcDbLine
 10
28.477541
 20
0.327213
 30
0.0
 11
29.722889
 21
0.488367
 31
0.0
  0
LINE
  5
1DC6
330
1F
100
AcDbEntity
  8
1
  6
CONTINUOUS
370
50
 62
4
100
AcDbLine
 10
24.333834
 20
-2.751917
 30
0.0
 11
24.355907
 21
-2.749057
 31
0.0
  0
LINE
  5
1DC7
330
1F
100
AcDbEntity
  8
1
  6
CONTINUOUS
370
50
 62
4
100
AcDbLine
 10
24.355907
 20
-2.749057
 30
0.0
 11
24.377981
 21
-2.746191
 31
0.0
  0
LINE
  5
1DC8
330
1F
100
AcDbEntity
  8
1
  6
CONTINUOUS
370
50
 62
4
100
AcDbLine
 10
24.377981
 20
-2.746191
 30
0.0
 11
24.400055
 21
-2.743319
 31
0.0
  0
LINE
  5
1DC9
330
1F
100
AcDbEntity
  8
1
  6
CONTINUOUS
370
50
 62
4
100
AcDbLine
 10
25.039227
 20
2.282682
 30
0.0
 11
25.044641
 21
2.283387
 31
0.0
  0
LINE
  5
1DCA
330
1F
100
AcDbEntity
  8
1
  6
CONTINUOUS
370
50
 62
4
100
AcDbLine
 10
24.400055
 20
-2.743319
 30
0.0
 11
24.422129
 21
-2.740441
 31
0.0
  0
LINE
  5
1DCB
330
1F
100
AcDbEntity
  8
1
  6
CONTINUOUS
370
50
 62
4
100
AcDbLine
 10
24.422129
 20
-2.740441
 30
0.0
 11
24.444202
 21
-2.737557
 31
0.0
  0
LINE
  5
1DCC
330
1F
100
AcDbEntity
  8
1
  6
CONTINUOUS
370
50
 62
4
100
AcDbLine
 10
24.444202
 20
-2.737557
 30
0.0
 11
24.466276
 21
-2.734668
 31
0.0
  0
LINE
  5
1DCD
330
1F
100
AcDbEntity
  8
1
  6
CONTINUOUS
370
50
 62
4
100
AcDbLine
 10
24.466276
 20
-2.734668
 30
0.0
 11
24.48835
 21
-2.731773
 31
0.0
  0
LINE
  5
1DCE
330
1F
100
AcDbEntity
  8
1
  6
CONTINUOUS
370
50
 62
4
100
AcDbLine
 10
31.874609
 20
2.750946
 30
0.0
 11
31.896683
 21
2.753841
 31
0.0
  0
LINE
  5
1DCF
330
1F
100
AcDbEntity
  8
1
  6
CONTINUOUS
370
50
 62
4
100
AcDbLine
 10
31.852533
 20
2.748042
 30
0.0
 11
31.874609
 21
2.750946
 31
0.0
  0
LINE
  5
1DD0
330
1F
100
AcDbEntity
  8
1
  6
CONTINUOUS
370
50
 62
4
100
AcDbLine
 10
31.83046
 20
2.745131
 30
0.0
 11
31.852533
 21
2.748042
 31
0.0
  0
LINE
  5
1DD1
330
1F
100
AcDbEntity
  8
1
  6
CONTINUOUS
370
50
 62
4
100
AcDbLine
 10
31.808386
 20
2.742213
 30
0.0
 11
31.83046
 21
2.745131
 31
0.0
  0
LINE
  5
1DD2
330
1F
100
AcDbEntity
  8
1
  6
CONTINUOUS
370
50
 62
4
100
AcDbLine
 10
31.786312
 20
2.739288
 30
0.0
 11
31.808386
 21
2.742213
 31
0.0
  0
LINE
  5
1DD3
330
1F
100
AcDbEntity
  8
1
  6
CONTINUOUS
370
50
 62
4
100
AcDbLine
 10
31.764238
 20
2.736355
 30
0.0
 11
31.786312
 21
2.739288
 31
0.0
  0
LINE
  5
1DD4
330
1F
100
AcDbEntity
  8
1
  6
CONTINUOUS
370
50
 62
4
100
AcDbLine
 10
26.157244
 20
2.400246
 30
0.0
 11
26.173294
 21
2.40238
 31
0.0
  0
LINE
  5
1DD5
330
1F
100
AcDbEntity
  8
1
  6
CONTINUOUS
370
50
 62
4
100
AcDbLine
 10
21.688
 20
-1.927573
 30
0.0
 11
21.710073
 21
-1.924637
 31
0.0
  0
LINE
  5
1DD6
330
1F
100
AcDbEntity
  8
1
  6
CONTINUOUS
370
50
 62
4
100
AcDbLine
 10
21.710073
 20
-1.924637
 30
0.0
 11
21.732145
 21
-1.921698
 31
0.0
  0
LINE
  5
1DD7
330
1F
100
AcDbEntity
  8
1
  6
CONTINUOUS
370
50
 62
4
100
AcDbLine
 10
31.742167
 20
2.733415
 30
0.0
 11
31.764238
 21
2.736355
 31
0.0
  0
LINE
  5
1DD8
330
1F
100
AcDbEntity
  8
1
  6
CONTINUOUS
370
50
 62
4
100
AcDbLine
 10
21.732145
 20
-1.921698
 30
0.0
 11
21.754219
 21
-1.918755
 31
0.0
  0
LINE
  5
1DD9
330
1F
100
AcDbEntity
  8
1
  6
CONTINUOUS
370
50
 62
4
100
AcDbLine
 10
21.754219
 20
-1.918755
 30
0.0
 11
21.776293
 21
-1.91581
 31
0.0
  0
LINE
  5
1DDA
330
1F
100
AcDbEntity
  8
1
  6
CONTINUOUS
370
50
 62
4
100
AcDbLine
 10
21.776293
 20
-1.91581
 30
0.0
 11
21.798367
 21
-1.912861
 31
0.0
  0
LINE
  5
1DDB
330
1F
100
AcDbEntity
  8
1
  6
CONTINUOUS
370
50
 62
4
100
AcDbLine
 10
29.096333
 20
-1.940854
 30
0.0
 11
29.118408
 21
-1.937904
 31
0.0
  0
LINE
  5
1DDC
330
1F
100
AcDbEntity
  8
1
  6
CONTINUOUS
370
50
 62
4
100
AcDbLine
 10
21.820442
 20
1.910006
 30
0.0
 11
21.842516
 21
1.912956
 31
0.0
  0
LINE
  5
1DDD
330
1F
100
AcDbEntity
  8
1
  6
CONTINUOUS
370
50
 62
4
100
AcDbLine
 10
29.756409
 20
2.783599
 30
0.0
 11
29.780016
 21
2.786755
 31
0.0
  0
LINE
  5
1DDE
330
1F
100
AcDbEntity
  8
1
  6
CONTINUOUS
370
50
 62
4
100
AcDbLine
 10
21.798367
 20
-1.912861
 30
0.0
 11
21.820442
 21
-1.909909
 31
0.0
  0
LINE
  5
1DDF
330
1F
100
AcDbEntity
  8
1
  6
CONTINUOUS
370
50
 62
4
100
AcDbLine
 10
29.118408
 20
-1.937904
 30
0.0
 11
29.140484
 21
-1.934948
 31
0.0
  0
LINE
  5
1DE0
330
1F
100
AcDbEntity
  8
1
  6
CONTINUOUS
370
50
 62
4
100
AcDbLine
 10
21.820442
 20
-1.909909
 30
0.0
 11
21.842516
 21
-1.906953
 31
0.0
  0
LINE
  5
1DE1
330
1F
100
AcDbEntity
  8
1
  6
CONTINUOUS
370
50
 62
4
100
AcDbLine
 10
21.798367
 20
1.907049
 30
0.0
 11
21.820442
 21
1.910006
 31
0.0
  0
LINE
  5
1DE2
330
1F
100
AcDbEntity
  8
1
  6
CONTINUOUS
370
50
 62
4
100
AcDbLine
 10
29.733318
 20
2.780503
 30
0.0
 11
29.756409
 21
2.783599
 31
0.0
  0
LINE
  5
1DE3
330
1F
100
AcDbEntity
  8
1
  6
CONTINUOUS
370
50
 62
4
100
AcDbLine
 10
29.140484
 20
-1.934948
 30
0.0
 11
29.162558
 21
-1.931986
 31
0.0
  0
LINE
  5
1DE4
330
1F
100
AcDbEntity
  8
1
  6
CONTINUOUS
370
50
 62
4
100
AcDbLine
 10
21.776293
 20
1.904087
 30
0.0
 11
21.798367
 21
1.907049
 31
0.0
  0
LINE
  5
1DE5
330
1F
100
AcDbEntity
  8
1
  6
CONTINUOUS
370
50
 62
4
100
AcDbLine
 10
29.162558
 20
-1.931986
 30
0.0
 11
29.184631
 21
-1.929018
 31
0.0
  0
LINE
  5
1DE6
330
1F
100
AcDbEntity
  8
1
  6
CONTINUOUS
370
50
 62
4
100
AcDbLine
 10
21.754219
 20
1.901118
 30
0.0
 11
21.776293
 21
1.904087
 31
0.0
  0
LINE
  5
1DE7
330
1F
100
AcDbEntity
  8
1
  6
CONTINUOUS
370
50
 62
4
100
AcDbLine
 10
29.710739
 20
2.777466
 30
0.0
 11
29.733318
 21
2.780503
 31
0.0
  0
LINE
  5
1DE8
330
1F
100
AcDbEntity
  8
1
  6
CONTINUOUS
370
50
 62
4
100
AcDbLine
 10
21.732145
 20
1.898144
 30
0.0
 11
21.754219
 21
1.901118
 31
0.0
  0
LINE
  5
1DE9
330
1F
100
AcDbEntity
  8
1
  6
CONTINUOUS
370
50
 62
4
100
AcDbLine
 10
29.184631
 20
-1.929018
 30
0.0
 11
29.206705
 21
-1.926043
 31
0.0
  0
LINE
  5
1DEA
330
1F
100
AcDbEntity
  8
1
  6
CONTINUOUS
370
50
 62
4
100
AcDbLine
 10
29.688671
 20
2.774489
 30
0.0
 11
29.710739
 21
2.777466
 31
0.0
  0
LINE
  5
1DEB
330
1F
100
AcDbEntity
  8
1
  6
CONTINUOUS
370
50
 62
4
100
AcDbLine
 10
21.710073
 20
1.895164
 30
0.0
 11
21.732145
 21
1.898144
 31
0.0
  0
LINE
  5
1DEC
330
1F
100
AcDbEntity
  8
1
  6
CONTINUOUS
370
50
 62
4
100
AcDbLine
 10
29.206705
 20
-1.926043
 30
0.0
 11
29.228777
 21
-1.923062
 31
0.0
  0
LINE
  5
1DED
330
1F
100
AcDbEntity
  8
1
  6
CONTINUOUS
370
50
 62
4
100
AcDbLine
 10
29.667109
 20
2.771573
 30
0.0
 11
29.688671
 21
2.774489
 31
0.0
  0
LINE
  5
1DEE
330
1F
100
AcDbEntity
  8
1
  6
CONTINUOUS
370
50
 62
4
100
AcDbLine
 10
29.228777
 20
-1.923062
 30
0.0
 11
29.250851
 21
-1.920075
 31
0.0
  0
LINE
  5
1DEF
330
1F
100
AcDbEntity
  8
1
  6
CONTINUOUS
370
50
 62
4
100
AcDbLine
 10
21.688
 20
1.892177
 30
0.0
 11
21.710073
 21
1.895164
 31
0.0
  0
LINE
  5
1DF0
330
1F
100
AcDbEntity
  8
1
  6
CONTINUOUS
370
50
 62
4
100
AcDbLine
 10
29.646053
 20
2.768718
 30
0.0
 11
29.667109
 21
2.771573
 31
0.0
  0
LINE
  5
1DF1
330
1F
100
AcDbEntity
  8
1
  6
CONTINUOUS
370
50
 62
4
100
AcDbLine
 10
27.159744
 20
1.495305
 30
0.0
 11
28.393988
 21
1.662948
 31
0.0
  0
LINE
  5
1DF2
330
1F
100
AcDbEntity
  8
1
  6
CONTINUOUS
370
50
 62
4
100
AcDbLine
 10
29.6255
 20
2.765923
 30
0.0
 11
29.646053
 21
2.768718
 31
0.0
  0
LINE
  5
1DF3
330
1F
100
AcDbEntity
  8
1
  6
CONTINUOUS
370
50
 62
4
100
AcDbLine
 10
29.228777
 20
1.896762
 30
0.0
 11
29.250851
 21
1.899785
 31
0.0
  0
LINE
  5
1DF4
330
1F
100
AcDbEntity
  8
1
  6
CONTINUOUS
370
50
 62
4
100
AcDbLine
 10
30.851145
 20
2.920695
 30
0.0
 11
30.854362
 21
2.921136
 31
0.0
  0
LINE
  5
1DF5
330
1F
100
AcDbEntity
  8
1
  6
CONTINUOUS
370
50
 62
4
100
AcDbLine
 10
29.206705
 20
1.893734
 30
0.0
 11
29.228777
 21
1.896762
 31
0.0
  0
LINE
  5
1DF6
330
1F
100
AcDbEntity
  8
1
  6
CONTINUOUS
370
50
 62
4
100
AcDbLine
 10
40.101894
 20
-0.159492
 30
0.0
 11
40.155376
 21
-0.152151
 31
0.0
  0
LINE
  5
1DF7
330
1F
100
AcDbEntity
  8
1
  6
CONTINUOUS
370
50
 62
4
100
AcDbLine
 10
29.184631
 20
1.890704
 30
0.0
 11
29.206705
 21
1.893734
 31
0.0
  0
LINE
  5
1DF8
330
1F
100
AcDbEntity
  8
1
  6
CONTINUOUS
370
50
 62
4
100
AcDbLine
 10
29.162558
 20
1.887671
 30
0.0
 11
29.184631
 21
1.890704
 31
0.0
  0
LINE
  5
1DF9
330
1F
100
AcDbEntity
  8
1
  6
CONTINUOUS
370
50
 62
4
100
AcDbLine
 10
29.140484
 20
1.884634
 30
0.0
 11
29.162558
 21
1.887671
 31
0.0
  0
LINE
  5
1DFA
330
1F
100
AcDbEntity
  8
1
  6
CONTINUOUS
370
50
 62
4
100
AcDbLine
 10
29.118408
 20
1.881595
 30
0.0
 11
29.140484
 21
1.884634
 31
0.0
  0
LINE
  5
1DFB
330
1F
100
AcDbEntity
  8
1
  6
CONTINUOUS
370
50
 62
4
100
AcDbLine
 10
29.096333
 20
1.878552
 30
0.0
 11
29.118408
 21
1.881595
 31
0.0
  0
LINE
  5
1DFC
330
1F
100
AcDbEntity
  8
1
  6
CONTINUOUS
370
50
 62
4
100
AcDbLine
 10
14.05273
 20
-0.113874
 30
0.0
 11
14.134007
 21
-0.102616
 31
0.0
  0
LINE
  5
1DFD
330
1F
100
AcDbEntity
  8
1
  6
CONTINUOUS
370
50
 62
4
100
AcDbLine
 10
12.762596
 20
3.951962
 30
0.0
 11
12.799024
 21
3.957024
 31
0.0
  0
LINE
  5
1DFE
330
1F
100
AcDbEntity
  8
1
  6
CONTINUOUS
370
50
 62
4
100
AcDbLine
 10
25.900599
 20
-2.366643
 30
0.0
 11
25.907499
 21
-2.365679
 31
0.0
  0
LINE
  5
1DFF
330
1F
100
AcDbEntity
  8
1
  6
CONTINUOUS
370
50
 62
4
100
AcDbLine
 10
22.746334
 20
-1.783269
 30
0.0
 11
22.768406
 21
-1.780184
 31
0.0
  0
LINE
  5
1E00
330
1F
100
AcDbEntity
  8
1
  6
CONTINUOUS
370
50
 62
4
100
AcDbLine
 10
22.768406
 20
-1.780184
 30
0.0
 11
22.79048
 21
-1.777095
 31
0.0
  0
LINE
  5
1E01
330
1F
100
AcDbEntity
  8
1
  6
CONTINUOUS
370
50
 62
4
100
AcDbLine
 10
22.79048
 20
-1.777095
 30
0.0
 11
22.812553
 21
-1.774004
 31
0.0
  0
LINE
  5
1E02
330
1F
100
AcDbEntity
  8
1
  6
CONTINUOUS
370
50
 62
4
100
AcDbLine
 10
22.812553
 20
-1.774004
 30
0.0
 11
22.834627
 21
-1.77091
 31
0.0
  0
LINE
  5
1E03
330
1F
100
AcDbEntity
  8
1
  6
CONTINUOUS
370
50
 62
4
100
AcDbLine
 10
22.834627
 20
-1.77091
 30
0.0
 11
22.856701
 21
-1.767813
 31
0.0
  0
LINE
  5
1E04
330
1F
100
AcDbEntity
  8
1
  6
CONTINUOUS
370
50
 62
4
100
AcDbLine
 10
22.856701
 20
-1.767813
 30
0.0
 11
22.878777
 21
-1.764712
 31
0.0
  0
LINE
  5
1E05
330
1F
100
AcDbEntity
  8
1
  6
CONTINUOUS
370
50
 62
4
100
AcDbLine
 10
22.878777
 20
-1.764712
 30
0.0
 11
22.90085
 21
-1.761609
 31
0.0
  0
LINE
  5
1E06
330
1F
100
AcDbEntity
  8
1
  6
CONTINUOUS
370
50
 62
4
100
AcDbLine
 10
27.508833
 20
-2.653005
 30
0.0
 11
27.530909
 21
-2.649891
 31
0.0
  0
LINE
  5
1E07
330
1F
100
AcDbEntity
  8
1
  6
CONTINUOUS
370
50
 62
4
100
AcDbLine
 10
27.530909
 20
-2.649891
 30
0.0
 11
27.552982
 21
-2.646769
 31
0.0
  0
LINE
  5
1E08
330
1F
100
AcDbEntity
  8
1
  6
CONTINUOUS
370
50
 62
4
100
AcDbLine
 10
27.552982
 20
-2.646769
 30
0.0
 11
27.575056
 21
-2.64364
 31
0.0
  0
LINE
  5
1E09
330
1F
100
AcDbEntity
  8
1
  6
CONTINUOUS
370
50
 62
4
100
AcDbLine
 10
27.575056
 20
-2.64364
 30
0.0
 11
27.597132
 21
-2.640504
 31
0.0
  0
LINE
  5
1E0A
330
1F
100
AcDbEntity
  8
1
  6
CONTINUOUS
370
50
 62
4
100
AcDbLine
 10
25.392166
 20
-2.608204
 30
0.0
 11
25.41424
 21
-2.605063
 31
0.0
  0
LINE
  5
1E0B
330
1F
100
AcDbEntity
  8
1
  6
CONTINUOUS
370
50
 62
4
100
AcDbLine
 10
27.597132
 20
-2.640504
 30
0.0
 11
27.619204
 21
-2.637361
 31
0.0
  0
LINE
  5
1E0C
330
1F
100
AcDbEntity
  8
1
  6
CONTINUOUS
370
50
 62
4
100
AcDbLine
 10
25.925499
 20
1.319374
 30
0.0
 11
27.159744
 21
1.495305
 31
0.0
  0
LINE
  5
1E0D
330
1F
100
AcDbEntity
  8
1
  6
CONTINUOUS
370
50
 62
4
100
AcDbLine
 10
25.41424
 20
-2.605063
 30
0.0
 11
25.436314
 21
-2.601915
 31
0.0
  0
LINE
  5
1E0E
330
1F
100
AcDbEntity
  8
1
  6
CONTINUOUS
370
50
 62
4
100
AcDbLine
 10
27.619204
 20
-2.637361
 30
0.0
 11
27.641277
 21
-2.634211
 31
0.0
  0
LINE
  5
1E0F
330
1F
100
AcDbEntity
  8
1
  6
CONTINUOUS
370
50
 62
4
100
AcDbLine
 10
25.436314
 20
-2.601915
 30
0.0
 11
25.458389
 21
-2.598762
 31
0.0
  0
LINE
  5
1E10
330
1F
100
AcDbEntity
  8
1
  6
CONTINUOUS
370
50
 62
4
100
AcDbLine
 10
27.641277
 20
-2.634211
 30
0.0
 11
27.663349
 21
-2.631053
 31
0.0
  0
LINE
  5
1E11
330
1F
100
AcDbEntity
  8
1
  6
CONTINUOUS
370
50
 62
4
100
AcDbLine
 10
25.458389
 20
-2.598762
 30
0.0
 11
25.480463
 21
-2.595603
 31
0.0
  0
LINE
  5
1E12
330
1F
100
AcDbEntity
  8
1
  6
CONTINUOUS
370
50
 62
4
100
AcDbLine
 10
25.480463
 20
-2.595603
 30
0.0
 11
25.502537
 21
-2.592438
 31
0.0
  0
LINE
  5
1E13
330
1F
100
AcDbEntity
  8
1
  6
CONTINUOUS
370
50
 62
4
100
AcDbLine
 10
28.170444
 20
1.74826
 30
0.0
 11
28.192516
 21
1.751425
 31
0.0
  0
LINE
  5
1E14
330
1F
100
AcDbEntity
  8
1
  6
CONTINUOUS
370
50
 62
4
100
AcDbLine
 10
28.148371
 20
1.745092
 30
0.0
 11
28.170444
 21
1.74826
 31
0.0
  0
LINE
  5
1E15
330
1F
100
AcDbEntity
  8
1
  6
CONTINUOUS
370
50
 62
4
100
AcDbLine
 10
25.502537
 20
-2.592438
 30
0.0
 11
25.524611
 21
-2.589267
 31
0.0
  0
LINE
  5
1E16
330
1F
100
AcDbEntity
  8
1
  6
CONTINUOUS
370
50
 62
4
100
AcDbLine
 10
28.126297
 20
1.74192
 30
0.0
 11
28.148371
 21
1.745092
 31
0.0
  0
LINE
  5
1E17
330
1F
100
AcDbEntity
  8
1
  6
CONTINUOUS
370
50
 62
4
100
AcDbLine
 10
28.104223
 20
1.738747
 30
0.0
 11
28.126297
 21
1.74192
 31
0.0
  0
LINE
  5
1E18
330
1F
100
AcDbEntity
  8
1
  6
CONTINUOUS
370
50
 62
4
100
AcDbLine
 10
30.154667
 20
-1.793224
 30
0.0
 11
30.176739
 21
-1.790051
 31
0.0
  0
LINE
  5
1E19
330
1F
100
AcDbEntity
  8
1
  6
CONTINUOUS
370
50
 62
4
100
AcDbLine
 10
30.176739
 20
-1.790051
 30
0.0
 11
30.198812
 21
-1.786876
 31
0.0
  0
LINE
  5
1E1A
330
1F
100
AcDbEntity
  8
1
  6
CONTINUOUS
370
50
 62
4
100
AcDbLine
 10
25.524611
 20
-2.589267
 30
0.0
 11
25.546684
 21
-2.58609
 31
0.0
  0
LINE
  5
1E1B
330
1F
100
AcDbEntity
  8
1
  6
CONTINUOUS
370
50
 62
4
100
AcDbLine
 10
28.08215
 20
1.73557
 30
0.0
 11
28.104223
 21
1.738747
 31
0.0
  0
LINE
  5
1E1C
330
1F
100
AcDbEntity
  8
1
  6
CONTINUOUS
370
50
 62
4
100
AcDbLine
 10
30.198812
 20
-1.786876
 30
0.0
 11
30.220886
 21
-1.783698
 31
0.0
  0
LINE
  5
1E1D
330
1F
100
AcDbEntity
  8
1
  6
CONTINUOUS
370
50
 62
4
100
AcDbLine
 10
28.060074
 20
1.73239
 30
0.0
 11
28.08215
 21
1.73557
 31
0.0
  0
LINE
  5
1E1E
330
1F
100
AcDbEntity
  8
1
  6
CONTINUOUS
370
50
 62
4
100
AcDbLine
 10
30.220886
 20
-1.783698
 30
0.0
 11
30.24296
 21
-1.780518
 31
0.0
  0
LINE
  5
1E1F
330
1F
100
AcDbEntity
  8
1
  6
CONTINUOUS
370
50
 62
4
100
AcDbLine
 10
28.038
 20
1.729208
 30
0.0
 11
28.060074
 21
1.73239
 31
0.0
  0
LINE
  5
1E20
330
1F
100
AcDbEntity
  8
1
  6
CONTINUOUS
370
50
 62
4
100
AcDbLine
 10
30.24296
 20
-1.780518
 30
0.0
 11
30.265034
 21
-1.777334
 31
0.0
  0
LINE
  5
1E21
330
1F
100
AcDbEntity
  8
1
  6
CONTINUOUS
370
50
 62
4
100
AcDbLine
 10
30.265034
 20
-1.777334
 30
0.0
 11
30.287107
 21
-1.774147
 31
0.0
  0
LINE
  5
1E22
330
1F
100
AcDbEntity
  8
1
  6
CONTINUOUS
370
50
 62
4
100
AcDbLine
 10
30.287107
 20
-1.774147
 30
0.0
 11
30.309183
 21
-1.770958
 31
0.0
  0
LINE
  5
1E23
330
1F
100
AcDbEntity
  8
1
  6
CONTINUOUS
370
50
 62
4
100
AcDbLine
 10
29.839859
 20
2.80727
 30
0.0
 11
29.852116
 21
2.809052
 31
0.0
  0
LINE
  5
1E24
330
1F
100
AcDbEntity
  8
1
  6
CONTINUOUS
370
50
 62
4
100
AcDbLine
 10
28.699612
 20
2.635391
 30
0.0
 11
28.721684
 21
2.638604
 31
0.0
  0
LINE
  5
1E25
330
1F
100
AcDbEntity
  8
1
  6
CONTINUOUS
370
50
 62
4
100
AcDbLine
 10
28.677538
 20
2.632173
 30
0.0
 11
28.699612
 21
2.635391
 31
0.0
  0
LINE
  5
1E26
330
1F
100
AcDbEntity
  8
1
  6
CONTINUOUS
370
50
 62
4
100
AcDbLine
 10
28.655466
 20
2.628951
 30
0.0
 11
28.677538
 21
2.632173
 31
0.0
  0
LINE
  5
1E27
330
1F
100
AcDbEntity
  8
1
  6
CONTINUOUS
370
50
 62
4
100
AcDbLine
 10
28.633392
 20
2.625723
 30
0.0
 11
28.655466
 21
2.628951
 31
0.0
  0
LINE
  5
1E28
330
1F
100
AcDbEntity
  8
1
  6
CONTINUOUS
370
50
 62
4
100
AcDbLine
 10
23.804667
 20
-1.631952
 30
0.0
 11
23.82674
 21
-1.628723
 31
0.0
  0
LINE
  5
1E29
330
1F
100
AcDbEntity
  8
1
  6
CONTINUOUS
370
50
 62
4
100
AcDbLine
 10
28.611317
 20
2.622491
 30
0.0
 11
28.633392
 21
2.625723
 31
0.0
  0
LINE
  5
1E2A
330
1F
100
AcDbEntity
  8
1
  6
CONTINUOUS
370
50
 62
4
100
AcDbLine
 10
23.82674
 20
-1.628723
 30
0.0
 11
23.848814
 21
-1.62549
 31
0.0
  0
LINE
  5
1E2B
330
1F
100
AcDbEntity
  8
1
  6
CONTINUOUS
370
50
 62
4
100
AcDbLine
 10
23.848814
 20
-1.62549
 30
0.0
 11
23.870888
 21
-1.622254
 31
0.0
  0
LINE
  5
1E2C
330
1F
100
AcDbEntity
  8
1
  6
CONTINUOUS
370
50
 62
4
100
AcDbLine
 10
28.589243
 20
2.619253
 30
0.0
 11
28.611317
 21
2.622491
 31
0.0
  0
LINE
  5
1E2D
330
1F
100
AcDbEntity
  8
1
  6
CONTINUOUS
370
50
 62
4
100
AcDbLine
 10
23.870888
 20
-1.622254
 30
0.0
 11
23.892962
 21
-1.619015
 31
0.0
  0
LINE
  5
1E2E
330
1F
100
AcDbEntity
  8
1
  6
CONTINUOUS
370
50
 62
4
100
AcDbLine
 10
28.567167
 20
2.616011
 30
0.0
 11
28.589243
 21
2.619253
 31
0.0
  0
LINE
  5
1E2F
330
1F
100
AcDbEntity
  8
1
  6
CONTINUOUS
370
50
 62
4
100
AcDbLine
 10
23.892962
 20
-1.619015
 30
0.0
 11
23.915035
 21
-1.615773
 31
0.0
  0
LINE
  5
1E30
330
1F
100
AcDbEntity
  8
1
  6
CONTINUOUS
370
50
 62
4
100
AcDbLine
 10
20.762178
 20
1.761436
 30
0.0
 11
20.784184
 21
1.76467
 31
0.0
  0
LINE
  5
1E31
330
1F
100
AcDbEntity
  8
1
  6
CONTINUOUS
370
50
 62
4
100
AcDbLine
 10
23.915035
 20
-1.615773
 30
0.0
 11
23.937109
 21
-1.612528
 31
0.0
  0
LINE
  5
1E32
330
1F
100
AcDbEntity
  8
1
  6
CONTINUOUS
370
50
 62
4
100
AcDbLine
 10
23.937109
 20
-1.612528
 30
0.0
 11
23.959183
 21
-1.60928
 31
0.0
  0
LINE
  5
1E33
330
1F
100
AcDbEntity
  8
1
  6
CONTINUOUS
370
50
 62
4
100
AcDbLine
 10
25.033804
 20
2.281884
 30
0.0
 11
25.039227
 21
2.282682
 31
0.0
  0
LINE
  5
1E34
330
1F
100
AcDbEntity
  8
1
  6
CONTINUOUS
370
50
 62
4
100
AcDbLine
 10
20.740314
 20
1.758217
 30
0.0
 11
20.762178
 21
1.761436
 31
0.0
  0
LINE
  5
1E35
330
1F
100
AcDbEntity
  8
1
  6
CONTINUOUS
370
50
 62
4
100
AcDbLine
 10
20.718491
 20
1.754999
 30
0.0
 11
20.740314
 21
1.758217
 31
0.0
  0
LINE
  5
1E36
330
1F
100
AcDbEntity
  8
1
  6
CONTINUOUS
370
50
 62
4
100
AcDbLine
 10
30.816275
 20
2.603311
 30
0.0
 11
30.83835
 21
2.606569
 31
0.0
  0
LINE
  5
1E37
330
1F
100
AcDbEntity
  8
1
  6
CONTINUOUS
370
50
 62
4
100
AcDbLine
 10
20.696611
 20
1.751768
 30
0.0
 11
20.718491
 21
1.754999
 31
0.0
  0
LINE
  5
1E38
330
1F
100
AcDbEntity
  8
1
  6
CONTINUOUS
370
50
 62
4
100
AcDbLine
 10
20.67458
 20
1.748511
 30
0.0
 11
20.696611
 21
1.751768
 31
0.0
  0
LINE
  5
1E39
330
1F
100
AcDbEntity
  8
1
  6
CONTINUOUS
370
50
 62
4
100
AcDbLine
 10
30.794199
 20
2.600046
 30
0.0
 11
30.816275
 21
2.603311
 31
0.0
  0
LINE
  5
1E3A
330
1F
100
AcDbEntity
  8
1
  6
CONTINUOUS
370
50
 62
4
100
AcDbLine
 10
20.652296
 20
1.745214
 30
0.0
 11
20.67458
 21
1.748511
 31
0.0
  0
LINE
  5
1E3B
330
1F
100
AcDbEntity
  8
1
  6
CONTINUOUS
370
50
 62
4
100
AcDbLine
 10
20.629667
 20
1.741863
 30
0.0
 11
20.652296
 21
1.745214
 31
0.0
  0
LINE
  5
1E3C
330
1F
100
AcDbEntity
  8
1
  6
CONTINUOUS
370
50
 62
4
100
AcDbLine
 10
30.772125
 20
2.596773
 30
0.0
 11
30.794199
 21
2.600046
 31
0.0
  0
LINE
  5
1E3D
330
1F
100
AcDbEntity
  8
1
  6
CONTINUOUS
370
50
 62
4
100
AcDbLine
 10
30.750051
 20
2.593492
 30
0.0
 11
30.772125
 21
2.596773
 31
0.0
  0
LINE
  5
1E3E
330
1F
100
AcDbEntity
  8
1
  6
CONTINUOUS
370
50
 62
4
100
AcDbLine
 10
30.727978
 20
2.590204
 30
0.0
 11
30.750051
 21
2.593492
 31
0.0
  0
LINE
  5
1E3F
330
1F
100
AcDbEntity
  8
1
  6
CONTINUOUS
370
50
 62
4
100
AcDbLine
 10
24.69125
 20
1.135276
 30
0.0
 11
25.925499
 21
1.319374
 31
0.0
  0
LINE
  5
1E40
330
1F
100
AcDbEntity
  8
1
  6
CONTINUOUS
370
50
 62
4
100
AcDbLine
 10
30.705906
 20
2.586908
 30
0.0
 11
30.727978
 21
2.590204
 31
0.0
  0
LINE
  5
1E41
330
1F
100
AcDbEntity
  8
1
  6
CONTINUOUS
370
50
 62
4
100
AcDbLine
 10
27.11211
 20
1.593237
 30
0.0
 11
27.134184
 21
1.596535
 31
0.0
  0
LINE
  5
1E42
330
1F
100
AcDbEntity
  8
1
  6
CONTINUOUS
370
50
 62
4
100
AcDbLine
 10
31.212999
 20
-1.638093
 30
0.0
 11
31.235073
 21
-1.634794
 31
0.0
  0
LINE
  5
1E43
330
1F
100
AcDbEntity
  8
1
  6
CONTINUOUS
370
50
 62
4
100
AcDbLine
 10
31.235073
 20
-1.634794
 30
0.0
 11
31.257147
 21
-1.631494
 31
0.0
  0
LINE
  5
1E44
330
1F
100
AcDbEntity
  8
1
  6
CONTINUOUS
370
50
 62
4
100
AcDbLine
 10
27.090036
 20
1.589937
 30
0.0
 11
27.11211
 21
1.593237
 31
0.0
  0
LINE
  5
1E45
330
1F
100
AcDbEntity
  8
1
  6
CONTINUOUS
370
50
 62
4
100
AcDbLine
 10
27.067963
 20
1.586634
 30
0.0
 11
27.090036
 21
1.589937
 31
0.0
  0
LINE
  5
1E46
330
1F
100
AcDbEntity
  8
1
  6
CONTINUOUS
370
50
 62
4
100
AcDbLine
 10
31.257147
 20
-1.631494
 30
0.0
 11
31.279219
 21
-1.628191
 31
0.0
  0
LINE
  5
1E47
330
1F
100
AcDbEntity
  8
1
  6
CONTINUOUS
370
50
 62
4
100
AcDbLine
 10
30.683834
 20
2.583605
 30
0.0
 11
30.705906
 21
2.586908
 31
0.0
  0
LINE
  5
1E48
330
1F
100
AcDbEntity
  8
1
  6
CONTINUOUS
370
50
 62
4
100
AcDbLine
 10
31.279219
 20
-1.628191
 30
0.0
 11
31.301294
 21
-1.624885
 31
0.0
  0
LINE
  5
1E49
330
1F
100
AcDbEntity
  8
1
  6
CONTINUOUS
370
50
 62
4
100
AcDbLine
 10
27.045889
 20
1.583328
 30
0.0
 11
27.067963
 21
1.586634
 31
0.0
  0
LINE
  5
1E4A
330
1F
100
AcDbEntity
  8
1
  6
CONTINUOUS
370
50
 62
4
100
AcDbLine
 10
30.890234
 20
-2.92222
 30
0.0
 11
30.923592
 21
-2.917223
 31
0.0
  0
LINE
  5
1E4B
330
1F
100
AcDbEntity
  8
1
  6
CONTINUOUS
370
50
 62
4
100
AcDbLine
 10
31.301294
 20
-1.624885
 30
0.0
 11
31.323368
 21
-1.621577
 31
0.0
  0
LINE
  5
1E4C
330
1F
100
AcDbEntity
  8
1
  6
CONTINUOUS
370
50
 62
4
100
AcDbLine
 10
27.023815
 20
1.58002
 30
0.0
 11
27.045889
 21
1.583328
 31
0.0
  0
LINE
  5
1E4D
330
1F
100
AcDbEntity
  8
1
  6
CONTINUOUS
370
50
 62
4
100
AcDbLine
 10
31.323368
 20
-1.621577
 30
0.0
 11
31.345442
 21
-1.618267
 31
0.0
  0
LINE
  5
1E4E
330
1F
100
AcDbEntity
  8
1
  6
CONTINUOUS
370
50
 62
4
100
AcDbLine
 10
27.001741
 20
1.576708
 30
0.0
 11
27.023815
 21
1.58002
 31
0.0
  0
LINE
  5
1E4F
330
1F
100
AcDbEntity
  8
1
  6
CONTINUOUS
370
50
 62
4
100
AcDbLine
 10
31.345442
 20
-1.618267
 30
0.0
 11
31.367517
 21
-1.614954
 31
0.0
  0
LINE
  5
1E50
330
1F
100
AcDbEntity
  8
1
  6
CONTINUOUS
370
50
 62
4
100
AcDbLine
 10
26.979668
 20
1.573395
 30
0.0
 11
27.001741
 21
1.576708
 31
0.0
  0
LINE
  5
1E51
330
1F
100
AcDbEntity
  8
1
  6
CONTINUOUS
370
50
 62
4
100
AcDbLine
 10
29.887571
 20
-2.809885
 30
0.0
 11
29.923788
 21
-2.804426
 31
0.0
  0
LINE
  5
1E52
330
1F
100
AcDbEntity
  8
1
  6
CONTINUOUS
370
50
 62
4
100
AcDbLine
 10
40.155376
 20
-0.152151
 30
0.0
 11
40.208832
 21
-0.144073
 31
0.0
  0
LINE
  5
1E53
330
1F
100
AcDbEntity
  8
1
  6
CONTINUOUS
370
50
 62
4
100
AcDbLine
 10
19.703777
 20
1.602576
 30
0.0
 11
19.725849
 21
1.605945
 31
0.0
  0
LINE
  5
1E54
330
1F
100
AcDbEntity
  8
1
  6
CONTINUOUS
370
50
 62
4
100
AcDbLine
 10
19.681704
 20
1.599205
 30
0.0
 11
19.703777
 21
1.602576
 31
0.0
  0
LINE
  5
1E55
330
1F
100
AcDbEntity
  8
1
  6
CONTINUOUS
370
50
 62
4
100
AcDbLine
 10
19.659632
 20
1.595832
 30
0.0
 11
19.681704
 21
1.599205
 31
0.0
  0
LINE
  5
1E56
330
1F
100
AcDbEntity
  8
1
  6
CONTINUOUS
370
50
 62
4
100
AcDbLine
 10
19.637556
 20
1.592457
 30
0.0
 11
19.659632
 21
1.595832
 31
0.0
  0
LINE
  5
1E57
330
1F
100
AcDbEntity
  8
1
  6
CONTINUOUS
370
50
 62
4
100
AcDbLine
 10
24.863001
 20
-1.473664
 30
0.0
 11
24.885073
 21
-1.470287
 31
0.0
  0
LINE
  5
1E58
330
1F
100
AcDbEntity
  8
1
  6
CONTINUOUS
370
50
 62
4
100
AcDbLine
 10
19.615482
 20
1.589079
 30
0.0
 11
19.637556
 21
1.592457
 31
0.0
  0
LINE
  5
1E59
330
1F
100
AcDbEntity
  8
1
  6
CONTINUOUS
370
50
 62
4
100
AcDbLine
 10
24.885073
 20
-1.470287
 30
0.0
 11
24.907148
 21
-1.466907
 31
0.0
  0
LINE
  5
1E5A
330
1F
100
AcDbEntity
  8
1
  6
CONTINUOUS
370
50
 62
4
100
AcDbLine
 10
19.593409
 20
1.585699
 30
0.0
 11
19.615482
 21
1.589079
 31
0.0
  0
LINE
  5
1E5B
330
1F
100
AcDbEntity
  8
1
  6
CONTINUOUS
370
50
 62
4
100
AcDbLine
 10
19.571333
 20
1.582316
 30
0.0
 11
19.593409
 21
1.585699
 31
0.0
  0
LINE
  5
1E5C
330
1F
100
AcDbEntity
  8
1
  6
CONTINUOUS
370
50
 62
4
100
AcDbLine
 10
24.907148
 20
-1.466907
 30
0.0
 11
24.929222
 21
-1.463523
 31
0.0
  0
LINE
  5
1E5D
330
1F
100
AcDbEntity
  8
1
  6
CONTINUOUS
370
50
 62
4
100
AcDbLine
 10
24.929222
 20
-1.463523
 30
0.0
 11
24.951296
 21
-1.460137
 31
0.0
  0
LINE
  5
1E5E
330
1F
100
AcDbEntity
  8
1
  6
CONTINUOUS
370
50
 62
4
100
AcDbLine
 10
24.951296
 20
-1.460137
 30
0.0
 11
24.97337
 21
-1.456747
 31
0.0
  0
LINE
  5
1E5F
330
1F
100
AcDbEntity
  8
1
  6
CONTINUOUS
370
50
 62
4
100
AcDbLine
 10
24.97337
 20
-1.456747
 30
0.0
 11
24.995443
 21
-1.453354
 31
0.0
  0
LINE
  5
1E60
330
1F
100
AcDbEntity
  8
1
  6
CONTINUOUS
370
50
 62
4
100
AcDbLine
 10
24.995443
 20
-1.453354
 30
0.0
 11
25.017517
 21
-1.449958
 31
0.0
  0
LINE
  5
1E61
330
1F
100
AcDbEntity
  8
1
  6
CONTINUOUS
370
50
 62
4
100
AcDbLine
 10
32.271332
 20
-1.477321
 30
0.0
 11
32.293407
 21
-1.473913
 31
0.0
  0
LINE
  5
1E62
330
1F
100
AcDbEntity
  8
1
  6
CONTINUOUS
370
50
 62
4
100
AcDbLine
 10
32.293407
 20
-1.473913
 30
0.0
 11
32.315479
 21
-1.470502
 31
0.0
  0
LINE
  5
1E63
330
1F
100
AcDbEntity
  8
1
  6
CONTINUOUS
370
50
 62
4
100
AcDbLine
 10
32.315479
 20
-1.470502
 30
0.0
 11
32.337555
 21
-1.467089
 31
0.0
  0
LINE
  5
1E64
330
1F
100
AcDbEntity
  8
1
  6
CONTINUOUS
370
50
 62
4
100
AcDbLine
 10
27.268946
 20
2.519082
 30
0.0
 11
27.2952
 21
2.523144
 31
0.0
  0
LINE
  5
1E65
330
1F
100
AcDbEntity
  8
1
  6
CONTINUOUS
370
50
 62
4
100
AcDbLine
 10
32.337555
 20
-1.467089
 30
0.0
 11
32.359627
 21
-1.463674
 31
0.0
  0
LINE
  5
1E66
330
1F
100
AcDbEntity
  8
1
  6
CONTINUOUS
370
50
 62
4
100
AcDbLine
 10
32.359627
 20
-1.463674
 30
0.0
 11
32.381702
 21
-1.460257
 31
0.0
  0
LINE
  5
1E67
330
1F
100
AcDbEntity
  8
1
  6
CONTINUOUS
370
50
 62
4
100
AcDbLine
 10
32.381702
 20
-1.460257
 30
0.0
 11
32.403774
 21
-1.456838
 31
0.0
  0
LINE
  5
1E68
330
1F
100
AcDbEntity
  8
1
  6
CONTINUOUS
370
50
 62
4
100
AcDbLine
 10
32.403774
 20
-1.456838
 30
0.0
 11
32.42585
 21
-1.453416
 31
0.0
  0
LINE
  5
1E69
330
1F
100
AcDbEntity
  8
1
  6
CONTINUOUS
370
50
 62
4
100
AcDbLine
 10
30.847933
 20
2.920197
 30
0.0
 11
30.851145
 21
2.920695
 31
0.0
  0
LINE
  5
1E6A
330
1F
100
AcDbEntity
  8
1
  6
CONTINUOUS
370
50
 62
4
100
AcDbLine
 10
31.896679
 20
-3.031204
 30
0.0
 11
31.927713
 21
-3.02639
 31
0.0
  0
LINE
  5
1E6B
330
1F
100
AcDbEntity
  8
1
  6
CONTINUOUS
370
50
 62
4
100
AcDbLine
 10
26.053776
 20
1.431949
 30
0.0
 11
26.07585
 21
1.435377
 31
0.0
  0
LINE
  5
1E6C
330
1F
100
AcDbEntity
  8
1
  6
CONTINUOUS
370
50
 62
4
100
AcDbLine
 10
26.4505
 20
-2.450832
 30
0.0
 11
26.472574
 21
-2.447401
 31
0.0
  0
LINE
  5
1E6D
330
1F
100
AcDbEntity
  8
1
  6
CONTINUOUS
370
50
 62
4
100
AcDbLine
 10
26.031704
 20
1.428518
 30
0.0
 11
26.053776
 21
1.431949
 31
0.0
  0
LINE
  5
1E6E
330
1F
100
AcDbEntity
  8
1
  6
CONTINUOUS
370
50
 62
4
100
AcDbLine
 10
26.009628
 20
1.425084
 30
0.0
 11
26.031704
 21
1.428518
 31
0.0
  0
LINE
  5
1E6F
330
1F
100
AcDbEntity
  8
1
  6
CONTINUOUS
370
50
 62
4
100
AcDbLine
 10
25.987555
 20
1.421648
 30
0.0
 11
26.009628
 21
1.425084
 31
0.0
  0
LINE
  5
1E70
330
1F
100
AcDbEntity
  8
1
  6
CONTINUOUS
370
50
 62
4
100
AcDbLine
 10
27.641277
 20
2.475828
 30
0.0
 11
27.663349
 21
2.479264
 31
0.0
  0
LINE
  5
1E71
330
1F
100
AcDbEntity
  8
1
  6
CONTINUOUS
370
50
 62
4
100
AcDbLine
 10
26.472574
 20
-2.447401
 30
0.0
 11
26.494648
 21
-2.443963
 31
0.0
  0
LINE
  5
1E72
330
1F
100
AcDbEntity
  8
1
  6
CONTINUOUS
370
50
 62
4
100
AcDbLine
 10
25.965481
 20
1.418209
 30
0.0
 11
25.987555
 21
1.421648
 31
0.0
  0
LINE
  5
1E73
330
1F
100
AcDbEntity
  8
1
  6
CONTINUOUS
370
50
 62
4
100
AcDbLine
 10
27.619204
 20
2.472388
 30
0.0
 11
27.641277
 21
2.475828
 31
0.0
  0
LINE
  5
1E74
330
1F
100
AcDbEntity
  8
1
  6
CONTINUOUS
370
50
 62
4
100
AcDbLine
 10
25.943407
 20
1.414768
 30
0.0
 11
25.965481
 21
1.418209
 31
0.0
  0
LINE
  5
1E75
330
1F
100
AcDbEntity
  8
1
  6
CONTINUOUS
370
50
 62
4
100
AcDbLine
 10
23.457001
 20
0.942761
 30
0.0
 11
24.69125
 21
1.135276
 31
0.0
  0
LINE
  5
1E76
330
1F
100
AcDbEntity
  8
1
  6
CONTINUOUS
370
50
 62
4
100
AcDbLine
 10
26.494648
 20
-2.443963
 30
0.0
 11
26.516724
 21
-2.440519
 31
0.0
  0
LINE
  5
1E77
330
1F
100
AcDbEntity
  8
1
  6
CONTINUOUS
370
50
 62
4
100
AcDbLine
 10
25.921333
 20
1.411323
 30
0.0
 11
25.943407
 21
1.414768
 31
0.0
  0
LINE
  5
1E78
330
1F
100
AcDbEntity
  8
1
  6
CONTINUOUS
370
50
 62
4
100
AcDbLine
 10
27.597132
 20
2.468943
 30
0.0
 11
27.619204
 21
2.472388
 31
0.0
  0
LINE
  5
1E79
330
1F
100
AcDbEntity
  8
1
  6
CONTINUOUS
370
50
 62
4
100
AcDbLine
 10
27.575058
 20
2.465493
 30
0.0
 11
27.597132
 21
2.468943
 31
0.0
  0
LINE
  5
1E7A
330
1F
100
AcDbEntity
  8
1
  6
CONTINUOUS
370
50
 62
4
100
AcDbLine
 10
26.516724
 20
-2.440519
 30
0.0
 11
26.538797
 21
-2.437069
 31
0.0
  0
LINE
  5
1E7B
330
1F
100
AcDbEntity
  8
1
  6
CONTINUOUS
370
50
 62
4
100
AcDbLine
 10
27.552982
 20
2.462039
 30
0.0
 11
27.575058
 21
2.465493
 31
0.0
  0
LINE
  5
1E7C
330
1F
100
AcDbEntity
  8
1
  6
CONTINUOUS
370
50
 62
4
100
AcDbLine
 10
26.538797
 20
-2.437069
 30
0.0
 11
26.560871
 21
-2.433613
 31
0.0
  0
LINE
  5
1E7D
330
1F
100
AcDbEntity
  8
1
  6
CONTINUOUS
370
50
 62
4
100
AcDbLine
 10
27.530909
 20
2.45858
 30
0.0
 11
27.552982
 21
2.462039
 31
0.0
  0
LINE
  5
1E7E
330
1F
100
AcDbEntity
  8
1
  6
CONTINUOUS
370
50
 62
4
100
AcDbLine
 10
26.560871
 20
-2.433613
 30
0.0
 11
26.582943
 21
-2.430151
 31
0.0
  0
LINE
  5
1E7F
330
1F
100
AcDbEntity
  8
1
  6
CONTINUOUS
370
50
 62
4
100
AcDbLine
 10
27.508833
 20
2.455117
 30
0.0
 11
27.530909
 21
2.45858
 31
0.0
  0
LINE
  5
1E80
330
1F
100
AcDbEntity
  8
1
  6
CONTINUOUS
370
50
 62
4
100
AcDbLine
 10
13.972838
 20
-0.126419
 30
0.0
 11
14.05273
 21
-0.113874
 31
0.0
  0
LINE
  5
1E81
330
1F
100
AcDbEntity
  8
1
  6
CONTINUOUS
370
50
 62
4
100
AcDbLine
 10
28.567167
 20
-2.495485
 30
0.0
 11
28.589243
 21
-2.492018
 31
0.0
  0
LINE
  5
1E82
330
1F
100
AcDbEntity
  8
1
  6
CONTINUOUS
370
50
 62
4
100
AcDbLine
 10
26.582943
 20
-2.430151
 30
0.0
 11
26.605017
 21
-2.426682
 31
0.0
  0
LINE
  5
1E83
330
1F
100
AcDbEntity
  8
1
  6
CONTINUOUS
370
50
 62
4
100
AcDbLine
 10
18.646444
 20
1.438662
 30
0.0
 11
18.667517
 21
1.441976
 31
0.0
  0
LINE
  5
1E84
330
1F
100
AcDbEntity
  8
1
  6
CONTINUOUS
370
50
 62
4
100
AcDbLine
 10
18.62537
 20
1.435346
 30
0.0
 11
18.646444
 21
1.438662
 31
0.0
  0
LINE
  5
1E85
330
1F
100
AcDbEntity
  8
1
  6
CONTINUOUS
370
50
 62
4
100
AcDbLine
 10
28.589243
 20
-2.492018
 30
0.0
 11
28.611317
 21
-2.488543
 31
0.0
  0
LINE
  5
1E86
330
1F
100
AcDbEntity
  8
1
  6
CONTINUOUS
370
50
 62
4
100
AcDbLine
 10
18.604298
 20
1.432028
 30
0.0
 11
18.62537
 21
1.435346
 31
0.0
  0
LINE
  5
1E87
330
1F
100
AcDbEntity
  8
1
  6
CONTINUOUS
370
50
 62
4
100
AcDbLine
 10
18.583223
 20
1.428708
 30
0.0
 11
18.604298
 21
1.432028
 31
0.0
  0
LINE
  5
1E88
330
1F
100
AcDbEntity
  8
1
  6
CONTINUOUS
370
50
 62
4
100
AcDbLine
 10
18.562149
 20
1.425387
 30
0.0
 11
18.583223
 21
1.428708
 31
0.0
  0
LINE
  5
1E89
330
1F
100
AcDbEntity
  8
1
  6
CONTINUOUS
370
50
 62
4
100
AcDbLine
 10
18.541075
 20
1.422063
 30
0.0
 11
18.562149
 21
1.425387
 31
0.0
  0
LINE
  5
1E8A
330
1F
100
AcDbEntity
  8
1
  6
CONTINUOUS
370
50
 62
4
100
AcDbLine
 10
28.611317
 20
-2.488543
 30
0.0
 11
28.63339
 21
-2.485061
 31
0.0
  0
LINE
  5
1E8B
330
1F
100
AcDbEntity
  8
1
  6
CONTINUOUS
370
50
 62
4
100
AcDbLine
 10
18.52
 20
1.418738
 30
0.0
 11
18.541075
 21
1.422063
 31
0.0
  0
LINE
  5
1E8C
330
1F
100
AcDbEntity
  8
1
  6
CONTINUOUS
370
50
 62
4
100
AcDbLine
 10
28.63339
 20
-2.485061
 30
0.0
 11
28.655466
 21
-2.481572
 31
0.0
  0
LINE
  5
1E8D
330
1F
100
AcDbEntity
  8
1
  6
CONTINUOUS
370
50
 62
4
100
AcDbLine
 10
28.655466
 20
-2.481572
 30
0.0
 11
28.677538
 21
-2.478075
 31
0.0
  0
LINE
  5
1E8E
330
1F
100
AcDbEntity
  8
1
  6
CONTINUOUS
370
50
 62
4
100
AcDbLine
 10
28.677538
 20
-2.478075
 30
0.0
 11
28.699612
 21
-2.47457
 31
0.0
  0
LINE
  5
1E8F
330
1F
100
AcDbEntity
  8
1
  6
CONTINUOUS
370
50
 62
4
100
AcDbLine
 10
33.329666
 20
-1.311504
 30
0.0
 11
33.351742
 21
-1.307995
 31
0.0
  0
LINE
  5
1E90
330
1F
100
AcDbEntity
  8
1
  6
CONTINUOUS
370
50
 62
4
100
AcDbLine
 10
28.699612
 20
-2.47457
 30
0.0
 11
28.721684
 21
-2.471058
 31
0.0
  0
LINE
  5
1E91
330
1F
100
AcDbEntity
  8
1
  6
CONTINUOUS
370
50
 62
4
100
AcDbLine
 10
33.351742
 20
-1.307995
 30
0.0
 11
33.373814
 21
-1.304483
 31
0.0
  0
LINE
  5
1E92
330
1F
100
AcDbEntity
  8
1
  6
CONTINUOUS
370
50
 62
4
100
AcDbLine
 10
33.373814
 20
-1.304483
 30
0.0
 11
33.395885
 21
-1.30097
 31
0.0
  0
LINE
  5
1E93
330
1F
100
AcDbEntity
  8
1
  6
CONTINUOUS
370
50
 62
4
100
AcDbLine
 10
33.395885
 20
-1.30097
 30
0.0
 11
33.417961
 21
-1.297454
 31
0.0
  0
LINE
  5
1E94
330
1F
100
AcDbEntity
  8
1
  6
CONTINUOUS
370
50
 62
4
100
AcDbLine
 10
33.417961
 20
-1.297454
 30
0.0
 11
33.440037
 21
-1.293936
 31
0.0
  0
LINE
  5
1E95
330
1F
100
AcDbEntity
  8
1
  6
CONTINUOUS
370
50
 62
4
100
AcDbLine
 10
33.440037
 20
-1.293936
 30
0.0
 11
33.462109
 21
-1.290416
 31
0.0
  0
LINE
  5
1E96
330
1F
100
AcDbEntity
  8
1
  6
CONTINUOUS
370
50
 62
4
100
AcDbLine
 10
33.462109
 20
-1.290416
 30
0.0
 11
33.484184
 21
-1.286894
 31
0.0
  0
LINE
  5
1E97
330
1F
100
AcDbEntity
  8
1
  6
CONTINUOUS
370
50
 62
4
100
AcDbLine
 10
25.921333
 20
-1.308134
 30
0.0
 11
25.943407
 21
-1.304601
 31
0.0
  0
LINE
  5
1E98
330
1F
100
AcDbEntity
  8
1
  6
CONTINUOUS
370
50
 62
4
100
AcDbLine
 10
25.943407
 20
-1.304601
 30
0.0
 11
25.965481
 21
-1.301065
 31
0.0
  0
LINE
  5
1E99
330
1F
100
AcDbEntity
  8
1
  6
CONTINUOUS
370
50
 62
4
100
AcDbLine
 10
25.965481
 20
-1.301065
 30
0.0
 11
25.987555
 21
-1.297525
 31
0.0
  0
LINE
  5
1E9A
330
1F
100
AcDbEntity
  8
1
  6
CONTINUOUS
370
50
 62
4
100
AcDbLine
 10
25.987555
 20
-1.297525
 30
0.0
 11
26.00963
 21
-1.293982
 31
0.0
  0
LINE
  5
1E9B
330
1F
100
AcDbEntity
  8
1
  6
CONTINUOUS
370
50
 62
4
100
AcDbLine
 10
26.00963
 20
-1.293982
 30
0.0
 11
26.031704
 21
-1.290436
 31
0.0
  0
LINE
  5
1E9C
330
1F
100
AcDbEntity
  8
1
  6
CONTINUOUS
370
50
 62
4
100
AcDbLine
 10
26.031704
 20
-1.290436
 30
0.0
 11
26.053776
 21
-1.286886
 31
0.0
  0
LINE
  5
1E9D
330
1F
100
AcDbEntity
  8
1
  6
CONTINUOUS
370
50
 62
4
100
AcDbLine
 10
26.053776
 20
-1.286886
 30
0.0
 11
26.07585
 21
-1.283333
 31
0.0
  0
LINE
  5
1E9E
330
1F
100
AcDbEntity
  8
1
  6
CONTINUOUS
370
50
 62
4
100
AcDbLine
 10
24.995443
 20
1.264333
 30
0.0
 11
25.017517
 21
1.267895
 31
0.0
  0
LINE
  5
1E9F
330
1F
100
AcDbEntity
  8
1
  6
CONTINUOUS
370
50
 62
4
100
AcDbLine
 10
24.97337
 20
1.260767
 30
0.0
 11
24.995443
 21
1.264333
 31
0.0
  0
LINE
  5
1EA0
330
1F
100
AcDbEntity
  8
1
  6
CONTINUOUS
370
50
 62
4
100
AcDbLine
 10
24.951296
 20
1.257199
 30
0.0
 11
24.97337
 21
1.260767
 31
0.0
  0
LINE
  5
1EA1
330
1F
100
AcDbEntity
  8
1
  6
CONTINUOUS
370
50
 62
4
100
AcDbLine
 10
24.929222
 20
1.253628
 30
0.0
 11
24.951296
 21
1.257199
 31
0.0
  0
LINE
  5
1EA2
330
1F
100
AcDbEntity
  8
1
  6
CONTINUOUS
370
50
 62
4
100
AcDbLine
 10
24.907148
 20
1.250055
 30
0.0
 11
24.929222
 21
1.253628
 31
0.0
  0
LINE
  5
1EA3
330
1F
100
AcDbEntity
  8
1
  6
CONTINUOUS
370
50
 62
4
100
AcDbLine
 10
24.885075
 20
1.246478
 30
0.0
 11
24.907148
 21
1.250055
 31
0.0
  0
LINE
  5
1EA4
330
1F
100
AcDbEntity
  8
1
  6
CONTINUOUS
370
50
 62
4
100
AcDbLine
 10
24.863001
 20
1.242898
 30
0.0
 11
24.885075
 21
1.246478
 31
0.0
  0
LINE
  5
1EA5
330
1F
100
AcDbEntity
  8
1
  6
CONTINUOUS
370
50
 62
4
100
AcDbLine
 10
28.888245
 20
-2.695837
 30
0.0
 11
28.928547
 21
-2.689282
 31
0.0
  0
LINE
  5
1EA6
330
1F
100
AcDbEntity
  8
1
  6
CONTINUOUS
370
50
 62
4
100
AcDbLine
 10
34.388
 20
-1.140952
 30
0.0
 11
34.410072
 21
-1.137346
 31
0.0
  0
LINE
  5
1EA7
330
1F
100
AcDbEntity
  8
1
  6
CONTINUOUS
370
50
 62
4
100
AcDbLine
 10
22.22275
 20
0.7410899999999999
 30
0.0
 11
23.457001
 21
0.942761
 31
0.0
  0
LINE
  5
1EA8
330
1F
100
AcDbEntity
  8
1
  6
CONTINUOUS
370
50
 62
4
100
AcDbLine
 10
34.410072
 20
-1.137346
 30
0.0
 11
34.432148
 21
-1.133737
 31
0.0
  0
LINE
  5
1EA9
330
1F
100
AcDbEntity
  8
1
  6
CONTINUOUS
370
50
 62
4
100
AcDbLine
 10
34.432148
 20
-1.133737
 30
0.0
 11
34.45422
 21
-1.130126
 31
0.0
  0
LINE
  5
1EAA
330
1F
100
AcDbEntity
  8
1
  6
CONTINUOUS
370
50
 62
4
100
AcDbLine
 10
34.45422
 20
-1.130126
 30
0.0
 11
34.476295
 21
-1.126513
 31
0.0
  0
LINE
  5
1EAB
330
1F
100
AcDbEntity
  8
1
  6
CONTINUOUS
370
50
 62
4
100
AcDbLine
 10
34.476295
 20
-1.126513
 30
0.0
 11
34.498367
 21
-1.122899
 31
0.0
  0
LINE
  5
1EAC
330
1F
100
AcDbEntity
  8
1
  6
CONTINUOUS
370
50
 62
4
100
AcDbLine
 10
34.498367
 20
-1.122899
 30
0.0
 11
34.520443
 21
-1.119282
 31
0.0
  0
LINE
  5
1EAD
330
1F
100
AcDbEntity
  8
1
  6
CONTINUOUS
370
50
 62
4
100
AcDbLine
 10
34.520443
 20
-1.119282
 30
0.0
 11
34.542515
 21
-1.115663
 31
0.0
  0
LINE
  5
1EAE
330
1F
100
AcDbEntity
  8
1
  6
CONTINUOUS
370
50
 62
4
100
AcDbLine
 10
25.028374
 20
2.280992
 30
0.0
 11
25.033804
 21
2.281884
 31
0.0
  0
LINE
  5
1EAF
330
1F
100
AcDbEntity
  8
1
  6
CONTINUOUS
370
50
 62
4
100
AcDbLine
 10
12.72799
 20
3.94627
 30
0.0
 11
12.762596
 21
3.951962
 31
0.0
  0
LINE
  5
1EB0
330
1F
100
AcDbEntity
  8
1
  6
CONTINUOUS
370
50
 62
4
100
AcDbLine
 10
29.756521
 20
2.437771
 30
0.0
 11
29.780016
 21
2.441638
 31
0.0
  0
LINE
  5
1EB1
330
1F
100
AcDbEntity
  8
1
  6
CONTINUOUS
370
50
 62
4
100
AcDbLine
 10
29.733505
 20
2.433974
 30
0.0
 11
29.756521
 21
2.437771
 31
0.0
  0
LINE
  5
1EB2
330
1F
100
AcDbEntity
  8
1
  6
CONTINUOUS
370
50
 62
4
100
AcDbLine
 10
29.710966
 20
2.430248
 30
0.0
 11
29.733505
 21
2.433974
 31
0.0
  0
LINE
  5
1EB3
330
1F
100
AcDbEntity
  8
1
  6
CONTINUOUS
370
50
 62
4
100
AcDbLine
 10
26.582943
 20
2.305833
 30
0.0
 11
26.605017
 21
2.309483
 31
0.0
  0
LINE
  5
1EB4
330
1F
100
AcDbEntity
  8
1
  6
CONTINUOUS
370
50
 62
4
100
AcDbLine
 10
26.560871
 20
2.302179
 30
0.0
 11
26.582943
 21
2.305833
 31
0.0
  0
LINE
  5
1EB5
330
1F
100
AcDbEntity
  8
1
  6
CONTINUOUS
370
50
 62
4
100
AcDbLine
 10
29.688898
 20
2.426592
 30
0.0
 11
29.710966
 21
2.430248
 31
0.0
  0
LINE
  5
1EB6
330
1F
100
AcDbEntity
  8
1
  6
CONTINUOUS
370
50
 62
4
100
AcDbLine
 10
26.538797
 20
2.29852
 30
0.0
 11
26.560871
 21
2.302179
 31
0.0
  0
LINE
  5
1EB7
330
1F
100
AcDbEntity
  8
1
  6
CONTINUOUS
370
50
 62
4
100
AcDbLine
 10
26.516724
 20
2.294857
 30
0.0
 11
26.538797
 21
2.29852
 31
0.0
  0
LINE
  5
1EB8
330
1F
100
AcDbEntity
  8
1
  6
CONTINUOUS
370
50
 62
4
100
AcDbLine
 10
29.667301
 20
2.423006
 30
0.0
 11
29.688898
 21
2.426592
 31
0.0
  0
LINE
  5
1EB9
330
1F
100
AcDbEntity
  8
1
  6
CONTINUOUS
370
50
 62
4
100
AcDbLine
 10
26.494648
 20
2.291189
 30
0.0
 11
26.516724
 21
2.294857
 31
0.0
  0
LINE
  5
1EBA
330
1F
100
AcDbEntity
  8
1
  6
CONTINUOUS
370
50
 62
4
100
AcDbLine
 10
28.826889
 20
2.691451
 30
0.0
 11
28.848783
 21
2.69509
 31
0.0
  0
LINE
  5
1EBB
330
1F
100
AcDbEntity
  8
1
  6
CONTINUOUS
370
50
 62
4
100
AcDbLine
 10
29.64617
 20
2.41949
 30
0.0
 11
29.667301
 21
2.423006
 31
0.0
  0
LINE
  5
1EBC
330
1F
100
AcDbEntity
  8
1
  6
CONTINUOUS
370
50
 62
4
100
AcDbLine
 10
26.472574
 20
2.287516
 30
0.0
 11
26.494648
 21
2.291189
 31
0.0
  0
LINE
  5
1EBD
330
1F
100
AcDbEntity
  8
1
  6
CONTINUOUS
370
50
 62
4
100
AcDbLine
 10
25.907499
 20
-2.365679
 30
0.0
 11
25.914415
 21
-2.364528
 31
0.0
  0
LINE
  5
1EBE
330
1F
100
AcDbEntity
  8
1
  6
CONTINUOUS
370
50
 62
4
100
AcDbLine
 10
26.4505
 20
2.283839
 30
0.0
 11
26.472574
 21
2.287516
 31
0.0
  0
LINE
  5
1EBF
330
1F
100
AcDbEntity
  8
1
  6
CONTINUOUS
370
50
 62
4
100
AcDbLine
 10
29.6255
 20
2.416044
 30
0.0
 11
29.64617
 21
2.41949
 31
0.0
  0
LINE
  5
1EC0
330
1F
100
AcDbEntity
  8
1
  6
CONTINUOUS
370
50
 62
4
100
AcDbLine
 10
26.979668
 20
-1.134868
 30
0.0
 11
27.001741
 21
-1.131167
 31
0.0
  0
LINE
  5
1EC1
330
1F
100
AcDbEntity
  8
1
  6
CONTINUOUS
370
50
 62
4
100
AcDbLine
 10
27.001741
 20
-1.131167
 30
0.0
 11
27.023815
 21
-1.127463
 31
0.0
  0
LINE
  5
1EC2
330
1F
100
AcDbEntity
  8
1
  6
CONTINUOUS
370
50
 62
4
100
AcDbLine
 10
35.446335
 20
-0.965754
 30
0.0
 11
35.468407
 21
-0.96205
 31
0.0
  0
LINE
  5
1EC3
330
1F
100
AcDbEntity
  8
1
  6
CONTINUOUS
370
50
 62
4
100
AcDbLine
 10
23.937109
 20
1.090093
 30
0.0
 11
23.959183
 21
1.093798
 31
0.0
  0
LINE
  5
1EC4
330
1F
100
AcDbEntity
  8
1
  6
CONTINUOUS
370
50
 62
4
100
AcDbLine
 10
35.468407
 20
-0.96205
 30
0.0
 11
35.490482
 21
-0.958344
 31
0.0
  0
LINE
  5
1EC5
330
1F
100
AcDbEntity
  8
1
  6
CONTINUOUS
370
50
 62
4
100
AcDbLine
 10
27.023815
 20
-1.127463
 30
0.0
 11
27.045889
 21
-1.123755
 31
0.0
  0
LINE
  5
1EC6
330
1F
100
AcDbEntity
  8
1
  6
CONTINUOUS
370
50
 62
4
100
AcDbLine
 10
23.915035
 20
1.086385
 30
0.0
 11
23.937109
 21
1.090093
 31
0.0
  0
LINE
  5
1EC7
330
1F
100
AcDbEntity
  8
1
  6
CONTINUOUS
370
50
 62
4
100
AcDbLine
 10
35.490482
 20
-0.958344
 30
0.0
 11
35.512554
 21
-0.9546359999999999
 31
0.0
  0
LINE
  5
1EC8
330
1F
100
AcDbEntity
  8
1
  6
CONTINUOUS
370
50
 62
4
100
AcDbLine
 10
35.512554
 20
-0.9546359999999999
 30
0.0
 11
35.53463
 21
-0.9509259999999999
 31
0.0
  0
LINE
  5
1EC9
330
1F
100
AcDbEntity
  8
1
  6
CONTINUOUS
370
50
 62
4
100
AcDbLine
 10
23.892962
 20
1.082675
 30
0.0
 11
23.915035
 21
1.086385
 31
0.0
  0
LINE
  5
1ECA
330
1F
100
AcDbEntity
  8
1
  6
CONTINUOUS
370
50
 62
4
100
AcDbLine
 10
27.045889
 20
-1.123755
 30
0.0
 11
27.067963
 21
-1.120044
 31
0.0
  0
LINE
  5
1ECB
330
1F
100
AcDbEntity
  8
1
  6
CONTINUOUS
370
50
 62
4
100
AcDbLine
 10
35.53463
 20
-0.9509259999999999
 30
0.0
 11
35.556702
 21
-0.947214
 31
0.0
  0
LINE
  5
1ECC
330
1F
100
AcDbEntity
  8
1
  6
CONTINUOUS
370
50
 62
4
100
AcDbLine
 10
35.556702
 20
-0.947214
 30
0.0
 11
35.578777
 21
-0.9435
 31
0.0
  0
LINE
  5
1ECD
330
1F
100
AcDbEntity
  8
1
  6
CONTINUOUS
370
50
 62
4
100
AcDbLine
 10
23.870888
 20
1.078961
 30
0.0
 11
23.892962
 21
1.082675
 31
0.0
  0
LINE
  5
1ECE
330
1F
100
AcDbEntity
  8
1
  6
CONTINUOUS
370
50
 62
4
100
AcDbLine
 10
27.067963
 20
-1.120044
 30
0.0
 11
27.090036
 21
-1.116329
 31
0.0
  0
LINE
  5
1ECF
330
1F
100
AcDbEntity
  8
1
  6
CONTINUOUS
370
50
 62
4
100
AcDbLine
 10
35.578777
 20
-0.9435
 30
0.0
 11
35.600849
 21
-0.939784
 31
0.0
  0
LINE
  5
1ED0
330
1F
100
AcDbEntity
  8
1
  6
CONTINUOUS
370
50
 62
4
100
AcDbLine
 10
23.848814
 20
1.075244
 30
0.0
 11
23.870888
 21
1.078961
 31
0.0
  0
LINE
  5
1ED1
330
1F
100
AcDbEntity
  8
1
  6
CONTINUOUS
370
50
 62
4
100
AcDbLine
 10
27.090036
 20
-1.116329
 30
0.0
 11
27.11211
 21
-1.11261
 31
0.0
  0
LINE
  5
1ED2
330
1F
100
AcDbEntity
  8
1
  6
CONTINUOUS
370
50
 62
4
100
AcDbLine
 10
23.82674
 20
1.071524
 30
0.0
 11
23.848814
 21
1.075244
 31
0.0
  0
LINE
  5
1ED3
330
1F
100
AcDbEntity
  8
1
  6
CONTINUOUS
370
50
 62
4
100
AcDbLine
 10
27.11211
 20
-1.11261
 30
0.0
 11
27.134184
 21
-1.108888
 31
0.0
  0
LINE
  5
1ED4
330
1F
100
AcDbEntity
  8
1
  6
CONTINUOUS
370
50
 62
4
100
AcDbLine
 10
23.804667
 20
1.067801
 30
0.0
 11
23.82674
 21
1.071524
 31
0.0
  0
LINE
  5
1ED5
330
1F
100
AcDbEntity
  8
1
  6
CONTINUOUS
370
50
 62
4
100
AcDbLine
 10
27.508833
 20
-2.279232
 30
0.0
 11
27.530909
 21
-2.275496
 31
0.0
  0
LINE
  5
1ED6
330
1F
100
AcDbEntity
  8
1
  6
CONTINUOUS
370
50
 62
4
100
AcDbLine
 10
27.530909
 20
-2.275496
 30
0.0
 11
27.552982
 21
-2.271754
 31
0.0
  0
LINE
  5
1ED7
330
1F
100
AcDbEntity
  8
1
  6
CONTINUOUS
370
50
 62
4
100
AcDbLine
 10
27.552982
 20
-2.271754
 30
0.0
 11
27.575058
 21
-2.268004
 31
0.0
  0
LINE
  5
1ED8
330
1F
100
AcDbEntity
  8
1
  6
CONTINUOUS
370
50
 62
4
100
AcDbLine
 10
27.575058
 20
-2.268004
 30
0.0
 11
27.597132
 21
-2.264249
 31
0.0
  0
LINE
  5
1ED9
330
1F
100
AcDbEntity
  8
1
  6
CONTINUOUS
370
50
 62
4
100
AcDbLine
 10
27.597132
 20
-2.264249
 30
0.0
 11
27.619204
 21
-2.260486
 31
0.0
  0
LINE
  5
1EDA
330
1F
100
AcDbEntity
  8
1
  6
CONTINUOUS
370
50
 62
4
100
AcDbLine
 10
27.619204
 20
-2.260486
 30
0.0
 11
27.641277
 21
-2.256718
 31
0.0
  0
LINE
  5
1EDB
330
1F
100
AcDbEntity
  8
1
  6
CONTINUOUS
370
50
 62
4
100
AcDbLine
 10
27.641277
 20
-2.256718
 30
0.0
 11
27.663349
 21
-2.252943
 31
0.0
  0
LINE
  5
1EDC
330
1F
100
AcDbEntity
  8
1
  6
CONTINUOUS
370
50
 62
4
100
AcDbLine
 10
20.988499
 20
0.52949
 30
0.0
 11
22.22275
 21
0.7410899999999999
 31
0.0
  0
LINE
  5
1EDD
330
1F
100
AcDbEntity
  8
1
  6
CONTINUOUS
370
50
 62
4
100
AcDbLine
 10
38.621334
 20
0.956684
 30
0.0
 11
38.64341
 21
0.960476
 31
0.0
  0
LINE
  5
1EDE
330
1F
100
AcDbEntity
  8
1
  6
CONTINUOUS
370
50
 62
4
100
AcDbLine
 10
38.687557
 20
0.968062
 30
0.0
 11
38.709633
 21
0.971854
 31
0.0
  0
LINE
  5
1EDF
330
1F
100
AcDbEntity
  8
1
  6
CONTINUOUS
370
50
 62
4
100
AcDbLine
 10
38.665482
 20
0.9642689999999999
 30
0.0
 11
38.687557
 21
0.968062
 31
0.0
  0
LINE
  5
1EE0
330
1F
100
AcDbEntity
  8
1
  6
CONTINUOUS
370
50
 62
4
100
AcDbLine
 10
38.64341
 20
0.960476
 30
0.0
 11
38.665482
 21
0.9642689999999999
 31
0.0
  0
LINE
  5
1EE1
330
1F
100
AcDbEntity
  8
1
  6
CONTINUOUS
370
50
 62
4
100
AcDbLine
 10
38.731705
 20
0.975648
 30
0.0
 11
38.753777
 21
0.979441
 31
0.0
  0
LINE
  5
1EE2
330
1F
100
AcDbEntity
  8
1
  6
CONTINUOUS
370
50
 62
4
100
AcDbLine
 10
38.709633
 20
0.971854
 30
0.0
 11
38.731705
 21
0.975648
 31
0.0
  0
LINE
  5
1EE3
330
1F
100
AcDbEntity
  8
1
  6
CONTINUOUS
370
50
 62
4
100
AcDbLine
 10
38.753777
 20
0.979441
 30
0.0
 11
38.775848
 21
0.983235
 31
0.0
  0
LINE
  5
1EE4
330
1F
100
AcDbEntity
  8
1
  6
CONTINUOUS
370
50
 62
4
100
AcDbLine
 10
36.504665
 20
-0.7858459999999999
 30
0.0
 11
36.526741
 21
-0.7820429999999999
 31
0.0
  0
LINE
  5
1EE5
330
1F
100
AcDbEntity
  8
1
  6
CONTINUOUS
370
50
 62
4
100
AcDbLine
 10
36.526741
 20
-0.7820429999999999
 30
0.0
 11
36.548813
 21
-0.778237
 31
0.0
  0
LINE
  5
1EE6
330
1F
100
AcDbEntity
  8
1
  6
CONTINUOUS
370
50
 62
4
100
AcDbLine
 10
36.548813
 20
-0.778237
 30
0.0
 11
36.570889
 21
-0.7744289999999999
 31
0.0
  0
LINE
  5
1EE7
330
1F
100
AcDbEntity
  8
1
  6
CONTINUOUS
370
50
 62
4
100
AcDbLine
 10
36.570889
 20
-0.7744289999999999
 30
0.0
 11
36.59296399999999
 21
-0.77062
 31
0.0
  0
LINE
  5
1EE8
330
1F
100
AcDbEntity
  8
1
  6
CONTINUOUS
370
50
 62
4
100
AcDbLine
 10
36.59296399999999
 20
-0.77062
 30
0.0
 11
36.615036
 21
-0.7668079999999999
 31
0.0
  0
LINE
  5
1EE9
330
1F
100
AcDbEntity
  8
1
  6
CONTINUOUS
370
50
 62
4
100
AcDbLine
 10
36.615036
 20
-0.7668079999999999
 30
0.0
 11
36.63711199999999
 21
-0.762994
 31
0.0
  0
LINE
  5
1EEA
330
1F
100
AcDbEntity
  8
1
  6
CONTINUOUS
370
50
 62
4
100
AcDbLine
 10
36.63711199999999
 20
-0.762994
 30
0.0
 11
36.659184
 21
-0.759178
 31
0.0
  0
LINE
  5
1EEB
330
1F
100
AcDbEntity
  8
1
  6
CONTINUOUS
370
50
 62
4
100
AcDbLine
 10
39.679668
 20
1.139057
 30
0.0
 11
39.701744
 21
1.142877
 31
0.0
  0
LINE
  5
1EEC
330
1F
100
AcDbEntity
  8
1
  6
CONTINUOUS
370
50
 62
4
100
AcDbLine
 10
39.701744
 20
1.142877
 30
0.0
 11
39.723816
 21
1.146698
 31
0.0
  0
LINE
  5
1EED
330
1F
100
AcDbEntity
  8
1
  6
CONTINUOUS
370
50
 62
4
100
AcDbLine
 10
37.695442
 20
0.79707
 30
0.0
 11
37.717518
 21
0.8008919999999999
 31
0.0
  0
LINE
  5
1EEE
330
1F
100
AcDbEntity
  8
1
  6
CONTINUOUS
370
50
 62
4
100
AcDbLine
 10
39.723816
 20
1.146698
 30
0.0
 11
39.745892
 21
1.15052
 31
0.0
  0
LINE
  5
1EEF
330
1F
100
AcDbEntity
  8
1
  6
CONTINUOUS
370
50
 62
4
100
AcDbLine
 10
39.745892
 20
1.15052
 30
0.0
 11
39.767967
 21
1.154342
 31
0.0
  0
LINE
  5
1EF0
330
1F
100
AcDbEntity
  8
1
  6
CONTINUOUS
370
50
 62
4
100
AcDbLine
 10
37.67337
 20
0.7932469999999999
 30
0.0
 11
37.695442
 21
0.79707
 31
0.0
  0
LINE
  5
1EF1
330
1F
100
AcDbEntity
  8
1
  6
CONTINUOUS
370
50
 62
4
100
AcDbLine
 10
39.767967
 20
1.154342
 30
0.0
 11
39.790039
 21
1.158165
 31
0.0
  0
LINE
  5
1EF2
330
1F
100
AcDbEntity
  8
1
  6
CONTINUOUS
370
50
 62
4
100
AcDbLine
 10
37.651295
 20
0.789423
 30
0.0
 11
37.67337
 21
0.7932469999999999
 31
0.0
  0
LINE
  5
1EF3
330
1F
100
AcDbEntity
  8
1
  6
CONTINUOUS
370
50
 62
4
100
AcDbLine
 10
39.790039
 20
1.158165
 30
0.0
 11
39.834183
 21
1.165813
 31
0.0
  0
LINE
  5
1EF4
330
1F
100
AcDbEntity
  8
1
  6
CONTINUOUS
370
50
 62
4
100
AcDbLine
 10
37.607147
 20
0.7817729999999999
 30
0.0
 11
37.629223
 21
0.785598
 31
0.0
  0
LINE
  5
1EF5
330
1F
100
AcDbEntity
  8
1
  6
CONTINUOUS
370
50
 62
4
100
AcDbLine
 10
37.629223
 20
0.785598
 30
0.0
 11
37.651295
 21
0.789423
 31
0.0
  0
LINE
  5
1EF6
330
1F
100
AcDbEntity
  8
1
  6
CONTINUOUS
370
50
 62
4
100
AcDbLine
 10
37.563
 20
0.774119
 30
0.0
 11
37.585075
 21
0.7779459999999999
 31
0.0
  0
LINE
  5
1EF7
330
1F
100
AcDbEntity
  8
1
  6
CONTINUOUS
370
50
 62
4
100
AcDbLine
 10
37.585075
 20
0.7779459999999999
 30
0.0
 11
37.607147
 21
0.7817729999999999
 31
0.0
  0
LINE
  5
1EF8
330
1F
100
AcDbEntity
  8
1
  6
CONTINUOUS
370
50
 62
4
100
AcDbLine
 10
30.84473
 20
2.919641
 30
0.0
 11
30.847933
 21
2.920197
 31
0.0
  0
LINE
  5
1EF9
330
1F
100
AcDbEntity
  8
1
  6
CONTINUOUS
370
50
 62
4
100
AcDbLine
 10
29.6255
 20
-2.320611
 30
0.0
 11
29.64617
 21
-2.317018
 31
0.0
  0
LINE
  5
1EFA
330
1F
100
AcDbEntity
  8
1
  6
CONTINUOUS
370
50
 62
4
100
AcDbLine
 10
29.64617
 20
-2.317018
 30
0.0
 11
29.667301
 21
-2.313341
 31
0.0
  0
LINE
  5
1EFB
330
1F
100
AcDbEntity
  8
1
  6
CONTINUOUS
370
50
 62
4
100
AcDbLine
 10
28.699612
 20
2.258097
 30
0.0
 11
28.721684
 21
2.26194
 31
0.0
  0
LINE
  5
1EFC
330
1F
100
AcDbEntity
  8
1
  6
CONTINUOUS
370
50
 62
4
100
AcDbLine
 10
29.667301
 20
-2.313341
 30
0.0
 11
29.688898
 21
-2.309579
 31
0.0
  0
LINE
  5
1EFD
330
1F
100
AcDbEntity
  8
1
  6
CONTINUOUS
370
50
 62
4
100
AcDbLine
 10
28.677538
 20
2.254251
 30
0.0
 11
28.699612
 21
2.258097
 31
0.0
  0
LINE
  5
1EFE
330
1F
100
AcDbEntity
  8
1
  6
CONTINUOUS
370
50
 62
4
100
AcDbLine
 10
18.52
 20
0.096482
 30
0.0
 11
19.754248
 21
0.31159
 31
0.0
  0
LINE
  5
1EFF
330
1F
100
AcDbEntity
  8
1
  6
CONTINUOUS
370
50
 62
4
100
AcDbLine
 10
29.688898
 20
-2.309579
 30
0.0
 11
29.710966
 21
-2.305731
 31
0.0
  0
LINE
  5
1F00
330
1F
100
AcDbEntity
  8
1
  6
CONTINUOUS
370
50
 62
4
100
AcDbLine
 10
28.655466
 20
2.250401
 30
0.0
 11
28.677538
 21
2.254251
 31
0.0
  0
LINE
  5
1F01
330
1F
100
AcDbEntity
  8
1
  6
CONTINUOUS
370
50
 62
4
100
AcDbLine
 10
29.710966
 20
-2.305731
 30
0.0
 11
29.733505
 21
-2.301797
 31
0.0
  0
LINE
  5
1F02
330
1F
100
AcDbEntity
  8
1
  6
CONTINUOUS
370
50
 62
4
100
AcDbLine
 10
28.63339
 20
2.246546
 30
0.0
 11
28.655466
 21
2.250401
 31
0.0
  0
LINE
  5
1F03
330
1F
100
AcDbEntity
  8
1
  6
CONTINUOUS
370
50
 62
4
100
AcDbLine
 10
29.733505
 20
-2.301797
 30
0.0
 11
29.756521
 21
-2.297776
 31
0.0
  0
LINE
  5
1F04
330
1F
100
AcDbEntity
  8
1
  6
CONTINUOUS
370
50
 62
4
100
AcDbLine
 10
22.878777
 20
0.9087879999999999
 30
0.0
 11
22.90085
 21
0.9126449999999999
 31
0.0
  0
LINE
  5
1F05
330
1F
100
AcDbEntity
  8
1
  6
CONTINUOUS
370
50
 62
4
100
AcDbLine
 10
28.611317
 20
2.242689
 30
0.0
 11
28.63339
 21
2.246546
 31
0.0
  0
LINE
  5
1F06
330
1F
100
AcDbEntity
  8
1
  6
CONTINUOUS
370
50
 62
4
100
AcDbLine
 10
29.756521
 20
-2.297776
 30
0.0
 11
29.780016
 21
-2.293667
 31
0.0
  0
LINE
  5
1F07
330
1F
100
AcDbEntity
  8
1
  6
CONTINUOUS
370
50
 62
4
100
AcDbLine
 10
22.856701
 20
0.9049269999999999
 30
0.0
 11
22.878777
 21
0.9087879999999999
 31
0.0
  0
LINE
  5
1F08
330
1F
100
AcDbEntity
  8
1
  6
CONTINUOUS
370
50
 62
4
100
AcDbLine
 10
36.63711199999999
 20
0.612848
 30
0.0
 11
36.659184
 21
0.616709
 31
0.0
  0
LINE
  5
1F09
330
1F
100
AcDbEntity
  8
1
  6
CONTINUOUS
370
50
 62
4
100
AcDbLine
 10
28.589243
 20
2.238827
 30
0.0
 11
28.611317
 21
2.242689
 31
0.0
  0
LINE
  5
1F0A
330
1F
100
AcDbEntity
  8
1
  6
CONTINUOUS
370
50
 62
4
100
AcDbLine
 10
36.615036
 20
0.608985
 30
0.0
 11
36.63711199999999
 21
0.612848
 31
0.0
  0
LINE
  5
1F0B
330
1F
100
AcDbEntity
  8
1
  6
CONTINUOUS
370
50
 62
4
100
AcDbLine
 10
22.834627
 20
0.901064
 30
0.0
 11
22.856701
 21
0.9049269999999999
 31
0.0
  0
LINE
  5
1F0C
330
1F
100
AcDbEntity
  8
1
  6
CONTINUOUS
370
50
 62
4
100
AcDbLine
 10
36.570889
 20
0.6012569999999999
 30
0.0
 11
36.59296399999999
 21
0.605121
 31
0.0
  0
LINE
  5
1F0D
330
1F
100
AcDbEntity
  8
1
  6
CONTINUOUS
370
50
 62
4
100
AcDbLine
 10
25.524611
 20
2.125606
 30
0.0
 11
25.546684
 21
2.12947
 31
0.0
  0
LINE
  5
1F0E
330
1F
100
AcDbEntity
  8
1
  6
CONTINUOUS
370
50
 62
4
100
AcDbLine
 10
36.59296399999999
 20
0.605121
 30
0.0
 11
36.615036
 21
0.608985
 31
0.0
  0
LINE
  5
1F0F
330
1F
100
AcDbEntity
  8
1
  6
CONTINUOUS
370
50
 62
4
100
AcDbLine
 10
36.548813
 20
0.5973919999999999
 30
0.0
 11
36.570889
 21
0.6012569999999999
 31
0.0
  0
LINE
  5
1F10
330
1F
100
AcDbEntity
  8
1
  6
CONTINUOUS
370
50
 62
4
100
AcDbLine
 10
28.567167
 20
2.234962
 30
0.0
 11
28.589243
 21
2.238827
 31
0.0
  0
LINE
  5
1F11
330
1F
100
AcDbEntity
  8
1
  6
CONTINUOUS
370
50
 62
4
100
AcDbLine
 10
36.526741
 20
0.593526
 30
0.0
 11
36.548813
 21
0.5973919999999999
 31
0.0
  0
LINE
  5
1F12
330
1F
100
AcDbEntity
  8
1
  6
CONTINUOUS
370
50
 62
4
100
AcDbLine
 10
36.504665
 20
0.5896589999999999
 30
0.0
 11
36.526741
 21
0.593526
 31
0.0
  0
LINE
  5
1F13
330
1F
100
AcDbEntity
  8
1
  6
CONTINUOUS
370
50
 62
4
100
AcDbLine
 10
22.812553
 20
0.8971969999999999
 30
0.0
 11
22.834627
 21
0.901064
 31
0.0
  0
LINE
  5
1F14
330
1F
100
AcDbEntity
  8
1
  6
CONTINUOUS
370
50
 62
4
100
AcDbLine
 10
25.502537
 20
2.121737
 30
0.0
 11
25.524611
 21
2.125606
 31
0.0
  0
LINE
  5
1F15
330
1F
100
AcDbEntity
  8
1
  6
CONTINUOUS
370
50
 62
4
100
AcDbLine
 10
22.79048
 20
0.893327
 30
0.0
 11
22.812553
 21
0.8971969999999999
 31
0.0
  0
LINE
  5
1F16
330
1F
100
AcDbEntity
  8
1
  6
CONTINUOUS
370
50
 62
4
100
AcDbLine
 10
25.480463
 20
2.117864
 30
0.0
 11
25.502537
 21
2.121737
 31
0.0
  0
LINE
  5
1F17
330
1F
100
AcDbEntity
  8
1
  6
CONTINUOUS
370
50
 62
4
100
AcDbLine
 10
22.768406
 20
0.8894529999999999
 30
0.0
 11
22.79048
 21
0.893327
 31
0.0
  0
LINE
  5
1F18
330
1F
100
AcDbEntity
  8
1
  6
CONTINUOUS
370
50
 62
4
100
AcDbLine
 10
22.746334
 20
0.885577
 30
0.0
 11
22.768406
 21
0.8894529999999999
 31
0.0
  0
LINE
  5
1F19
330
1F
100
AcDbEntity
  8
1
  6
CONTINUOUS
370
50
 62
4
100
AcDbLine
 10
25.458389
 20
2.113986
 30
0.0
 11
25.480463
 21
2.117864
 31
0.0
  0
LINE
  5
1F1A
330
1F
100
AcDbEntity
  8
1
  6
CONTINUOUS
370
50
 62
4
100
AcDbLine
 10
25.436314
 20
2.110104
 30
0.0
 11
25.458389
 21
2.113986
 31
0.0
  0
LINE
  5
1F1B
330
1F
100
AcDbEntity
  8
1
  6
CONTINUOUS
370
50
 62
4
100
AcDbLine
 10
28.038
 20
-0.953248
 30
0.0
 11
28.060074
 21
-0.9493659999999999
 31
0.0
  0
LINE
  5
1F1C
330
1F
100
AcDbEntity
  8
1
  6
CONTINUOUS
370
50
 62
4
100
AcDbLine
 10
28.060074
 20
-0.9493659999999999
 30
0.0
 11
28.08215
 21
-0.9454809999999999
 31
0.0
  0
LINE
  5
1F1D
330
1F
100
AcDbEntity
  8
1
  6
CONTINUOUS
370
50
 62
4
100
AcDbLine
 10
13.894404
 20
-0.140222
 30
0.0
 11
13.972838
 21
-0.126419
 31
0.0
  0
LINE
  5
1F1E
330
1F
100
AcDbEntity
  8
1
  6
CONTINUOUS
370
50
 62
4
100
AcDbLine
 10
25.41424
 20
2.106217
 30
0.0
 11
25.436314
 21
2.110104
 31
0.0
  0
LINE
  5
1F1F
330
1F
100
AcDbEntity
  8
1
  6
CONTINUOUS
370
50
 62
4
100
AcDbLine
 10
28.08215
 20
-0.9454809999999999
 30
0.0
 11
28.104223
 21
-0.941591
 31
0.0
  0
LINE
  5
1F20
330
1F
100
AcDbEntity
  8
1
  6
CONTINUOUS
370
50
 62
4
100
AcDbLine
 10
25.392166
 20
2.102325
 30
0.0
 11
25.41424
 21
2.106217
 31
0.0
  0
LINE
  5
1F21
330
1F
100
AcDbEntity
  8
1
  6
CONTINUOUS
370
50
 62
4
100
AcDbLine
 10
28.104223
 20
-0.941591
 30
0.0
 11
28.126297
 21
-0.9376979999999999
 31
0.0
  0
LINE
  5
1F22
330
1F
100
AcDbEntity
  8
1
  6
CONTINUOUS
370
50
 62
4
100
AcDbLine
 10
19.754248
 20
0.31159
 30
0.0
 11
20.988499
 21
0.52949
 31
0.0
  0
LINE
  5
1F23
330
1F
100
AcDbEntity
  8
1
  6
CONTINUOUS
370
50
 62
4
100
AcDbLine
 10
28.126297
 20
-0.9376979999999999
 30
0.0
 11
28.148371
 21
-0.9338
 31
0.0
  0
LINE
  5
1F24
330
1F
100
AcDbEntity
  8
1
  6
CONTINUOUS
370
50
 62
4
100
AcDbLine
 10
28.148371
 20
-0.9338
 30
0.0
 11
28.170444
 21
-0.9298989999999999
 31
0.0
  0
LINE
  5
1F25
330
1F
100
AcDbEntity
  8
1
  6
CONTINUOUS
370
50
 62
4
100
AcDbLine
 10
35.556702
 20
0.422781
 30
0.0
 11
35.578777
 21
0.426685
 31
0.0
  0
LINE
  5
1F26
330
1F
100
AcDbEntity
  8
1
  6
CONTINUOUS
370
50
 62
4
100
AcDbLine
 10
35.578777
 20
0.426685
 30
0.0
 11
35.600849
 21
0.430589
 31
0.0
  0
LINE
  5
1F27
330
1F
100
AcDbEntity
  8
1
  6
CONTINUOUS
370
50
 62
4
100
AcDbLine
 10
28.170444
 20
-0.9298989999999999
 30
0.0
 11
28.192516
 21
-0.925994
 31
0.0
  0
LINE
  5
1F28
330
1F
100
AcDbEntity
  8
1
  6
CONTINUOUS
370
50
 62
4
100
AcDbLine
 10
35.512554
 20
0.414969
 30
0.0
 11
35.53463
 21
0.418875
 31
0.0
  0
LINE
  5
1F29
330
1F
100
AcDbEntity
  8
1
  6
CONTINUOUS
370
50
 62
4
100
AcDbLine
 10
35.53463
 20
0.418875
 30
0.0
 11
35.556702
 21
0.422781
 31
0.0
  0
LINE
  5
1F2A
330
1F
100
AcDbEntity
  8
1
  6
CONTINUOUS
370
50
 62
4
100
AcDbLine
 10
37.563
 20
-0.6010909999999999
 30
0.0
 11
37.585075
 21
-0.5971839999999999
 31
0.0
  0
LINE
  5
1F2B
330
1F
100
AcDbEntity
  8
1
  6
CONTINUOUS
370
50
 62
4
100
AcDbLine
 10
35.490482
 20
0.411062
 30
0.0
 11
35.512554
 21
0.414969
 31
0.0
  0
LINE
  5
1F2C
330
1F
100
AcDbEntity
  8
1
  6
CONTINUOUS
370
50
 62
4
100
AcDbLine
 10
37.585075
 20
-0.5971839999999999
 30
0.0
 11
37.607147
 21
-0.593276
 31
0.0
  0
LINE
  5
1F2D
330
1F
100
AcDbEntity
  8
1
  6
CONTINUOUS
370
50
 62
4
100
AcDbLine
 10
35.468407
 20
0.407153
 30
0.0
 11
35.490482
 21
0.411062
 31
0.0
  0
LINE
  5
1F2E
330
1F
100
AcDbEntity
  8
1
  6
CONTINUOUS
370
50
 62
4
100
AcDbLine
 10
35.446335
 20
0.403244
 30
0.0
 11
35.468407
 21
0.407153
 31
0.0
  0
LINE
  5
1F2F
330
1F
100
AcDbEntity
  8
1
  6
CONTINUOUS
370
50
 62
4
100
AcDbLine
 10
37.607147
 20
-0.593276
 30
0.0
 11
37.629223
 21
-0.589365
 31
0.0
  0
LINE
  5
1F30
330
1F
100
AcDbEntity
  8
1
  6
CONTINUOUS
370
50
 62
4
100
AcDbLine
 10
37.629223
 20
-0.589365
 30
0.0
 11
37.651295
 21
-0.585453
 31
0.0
  0
LINE
  5
1F31
330
1F
100
AcDbEntity
  8
1
  6
CONTINUOUS
370
50
 62
4
100
AcDbLine
 10
37.651295
 20
-0.585453
 30
0.0
 11
37.67337
 21
-0.581538
 31
0.0
  0
LINE
  5
1F32
330
1F
100
AcDbEntity
  8
1
  6
CONTINUOUS
370
50
 62
4
100
AcDbLine
 10
37.67337
 20
-0.581538
 30
0.0
 11
37.695442
 21
-0.5776209999999999
 31
0.0
  0
LINE
  5
1F33
330
1F
100
AcDbEntity
  8
1
  6
CONTINUOUS
370
50
 62
4
100
AcDbLine
 10
37.695442
 20
-0.5776209999999999
 30
0.0
 11
37.717518
 21
-0.5737019999999999
 31
0.0
  0
LINE
  5
1F34
330
1F
100
AcDbEntity
  8
1
  6
CONTINUOUS
370
50
 62
4
100
AcDbLine
 10
28.380194
 20
2.640236
 30
0.0
 11
28.416096
 21
2.64663
 31
0.0
  0
LINE
  5
1F35
330
1F
100
AcDbEntity
  8
1
  6
CONTINUOUS
370
50
 62
4
100
AcDbLine
 10
34.520443
 20
0.238416
 30
0.0
 11
34.542515
 21
0.242366
 31
0.0
  0
LINE
  5
1F36
330
1F
100
AcDbEntity
  8
1
  6
CONTINUOUS
370
50
 62
4
100
AcDbLine
 10
34.498367
 20
0.234465
 30
0.0
 11
34.520443
 21
0.238416
 31
0.0
  0
LINE
  5
1F37
330
1F
100
AcDbEntity
  8
1
  6
CONTINUOUS
370
50
 62
4
100
AcDbLine
 10
34.476295
 20
0.230513
 30
0.0
 11
34.498367
 21
0.234465
 31
0.0
  0
LINE
  5
1F38
330
1F
100
AcDbEntity
  8
1
  6
CONTINUOUS
370
50
 62
4
100
AcDbLine
 10
34.45422
 20
0.22656
 30
0.0
 11
34.476295
 21
0.230513
 31
0.0
  0
LINE
  5
1F39
330
1F
100
AcDbEntity
  8
1
  6
CONTINUOUS
370
50
 62
4
100
AcDbLine
 10
34.432148
 20
0.222607
 30
0.0
 11
34.45422
 21
0.22656
 31
0.0
  0
LINE
  5
1F3A
330
1F
100
AcDbEntity
  8
1
  6
CONTINUOUS
370
50
 62
4
100
AcDbLine
 10
34.410072
 20
0.218652
 30
0.0
 11
34.432148
 21
0.222607
 31
0.0
  0
LINE
  5
1F3B
330
1F
100
AcDbEntity
  8
1
  6
CONTINUOUS
370
50
 62
4
100
AcDbLine
 10
34.388
 20
0.214696
 30
0.0
 11
34.410072
 21
0.218652
 31
0.0
  0
LINE
  5
1F3C
330
1F
100
AcDbEntity
  8
1
  6
CONTINUOUS
370
50
 62
4
100
AcDbLine
 10
24.804531
 20
2.255506
 30
0.0
 11
24.842524
 21
2.262367
 31
0.0
  0
LINE
  5
1F3D
330
1F
100
AcDbEntity
  8
1
  6
CONTINUOUS
370
50
 62
4
100
AcDbLine
 10
25.022936
 20
2.280007
 30
0.0
 11
25.028374
 21
2.280992
 31
0.0
  0
LINE
  5
1F3E
330
1F
100
AcDbEntity
  8
1
  6
CONTINUOUS
370
50
 62
4
100
AcDbLine
 10
33.462109
 20
0.047819
 30
0.0
 11
33.484184
 21
0.05182
 31
0.0
  0
LINE
  5
1F3F
330
1F
100
AcDbEntity
  8
1
  6
CONTINUOUS
370
50
 62
4
100
AcDbLine
 10
33.440037
 20
0.043818
 30
0.0
 11
33.462109
 21
0.047819
 31
0.0
  0
LINE
  5
1F40
330
1F
100
AcDbEntity
  8
1
  6
CONTINUOUS
370
50
 62
4
100
AcDbLine
 10
33.417961
 20
0.039815
 30
0.0
 11
33.440037
 21
0.043818
 31
0.0
  0
LINE
  5
1F41
330
1F
100
AcDbEntity
  8
1
  6
CONTINUOUS
370
50
 62
4
100
AcDbLine
 10
33.395885
 20
0.035811
 30
0.0
 11
33.417961
 21
0.039815
 31
0.0
  0
LINE
  5
1F42
330
1F
100
AcDbEntity
  8
1
  6
CONTINUOUS
370
50
 62
4
100
AcDbLine
 10
33.373814
 20
0.031807
 30
0.0
 11
33.395885
 21
0.035811
 31
0.0
  0
LINE
  5
1F43
330
1F
100
AcDbEntity
  8
1
  6
CONTINUOUS
370
50
 62
4
100
AcDbLine
 10
33.351738
 20
0.027801
 30
0.0
 11
33.373814
 21
0.031807
 31
0.0
  0
LINE
  5
1F44
330
1F
100
AcDbEntity
  8
1
  6
CONTINUOUS
370
50
 62
4
100
AcDbLine
 10
33.329666
 20
0.023794
 30
0.0
 11
33.351738
 21
0.027801
 31
0.0
  0
LINE
  5
1F45
330
1F
100
AcDbEntity
  8
1
  6
CONTINUOUS
370
50
 62
4
100
AcDbLine
 10
30.683834
 20
-2.132484
 30
0.0
 11
30.705906
 21
-2.128475
 31
0.0
  0
LINE
  5
1F46
330
1F
100
AcDbEntity
  8
1
  6
CONTINUOUS
370
50
 62
4
100
AcDbLine
 10
30.705906
 20
-2.128475
 30
0.0
 11
30.727978
 21
-2.124463
 31
0.0
  0
LINE
  5
1F47
330
1F
100
AcDbEntity
  8
1
  6
CONTINUOUS
370
50
 62
4
100
AcDbLine
 10
27.641277
 20
2.069646
 30
0.0
 11
27.663349
 21
2.073658
 31
0.0
  0
LINE
  5
1F48
330
1F
100
AcDbEntity
  8
1
  6
CONTINUOUS
370
50
 62
4
100
AcDbLine
 10
30.727978
 20
-2.124463
 30
0.0
 11
30.750051
 21
-2.120448
 31
0.0
  0
LINE
  5
1F49
330
1F
100
AcDbEntity
  8
1
  6
CONTINUOUS
370
50
 62
4
100
AcDbLine
 10
38.621334
 20
-0.411346
 30
0.0
 11
38.64341
 21
-0.40733
 31
0.0
  0
LINE
  5
1F4A
330
1F
100
AcDbEntity
  8
1
  6
CONTINUOUS
370
50
 62
4
100
AcDbLine
 10
27.619204
 20
2.06563
 30
0.0
 11
27.641277
 21
2.069646
 31
0.0
  0
LINE
  5
1F4B
330
1F
100
AcDbEntity
  8
1
  6
CONTINUOUS
370
50
 62
4
100
AcDbLine
 10
30.750051
 20
-2.120448
 30
0.0
 11
30.772125
 21
-2.116429
 31
0.0
  0
LINE
  5
1F4C
330
1F
100
AcDbEntity
  8
1
  6
CONTINUOUS
370
50
 62
4
100
AcDbLine
 10
38.64341
 20
-0.40733
 30
0.0
 11
38.665482
 21
-0.403311
 31
0.0
  0
LINE
  5
1F4D
330
1F
100
AcDbEntity
  8
1
  6
CONTINUOUS
370
50
 62
4
100
AcDbLine
 10
21.820442
 20
0.719927
 30
0.0
 11
21.842516
 21
0.723947
 31
0.0
  0
LINE
  5
1F4E
330
1F
100
AcDbEntity
  8
1
  6
CONTINUOUS
370
50
 62
4
100
AcDbLine
 10
27.597132
 20
2.06161
 30
0.0
 11
27.619204
 21
2.06563
 31
0.0
  0
LINE
  5
1F4F
330
1F
100
AcDbEntity
  8
1
  6
CONTINUOUS
370
50
 62
4
100
AcDbLine
 10
27.575056
 20
2.057588
 30
0.0
 11
27.597132
 21
2.06161
 31
0.0
  0
LINE
  5
1F50
330
1F
100
AcDbEntity
  8
1
  6
CONTINUOUS
370
50
 62
4
100
AcDbLine
 10
30.772125
 20
-2.116429
 30
0.0
 11
30.794199
 21
-2.112407
 31
0.0
  0
LINE
  5
1F51
330
1F
100
AcDbEntity
  8
1
  6
CONTINUOUS
370
50
 62
4
100
AcDbLine
 10
21.798367
 20
0.715904
 30
0.0
 11
21.820442
 21
0.719927
 31
0.0
  0
LINE
  5
1F52
330
1F
100
AcDbEntity
  8
1
  6
CONTINUOUS
370
50
 62
4
100
AcDbLine
 10
38.665482
 20
-0.403311
 30
0.0
 11
38.687557
 21
-0.399287
 31
0.0
  0
LINE
  5
1F53
330
1F
100
AcDbEntity
  8
1
  6
CONTINUOUS
370
50
 62
4
100
AcDbLine
 10
30.794199
 20
-2.112407
 30
0.0
 11
30.816275
 21
-2.108382
 31
0.0
  0
LINE
  5
1F54
330
1F
100
AcDbEntity
  8
1
  6
CONTINUOUS
370
50
 62
4
100
AcDbLine
 10
38.687557
 20
-0.399287
 30
0.0
 11
38.709633
 21
-0.395261
 31
0.0
  0
LINE
  5
1F55
330
1F
100
AcDbEntity
  8
1
  6
CONTINUOUS
370
50
 62
4
100
AcDbLine
 10
21.776293
 20
0.711878
 30
0.0
 11
21.798367
 21
0.715904
 31
0.0
  0
LINE
  5
1F56
330
1F
100
AcDbEntity
  8
1
  6
CONTINUOUS
370
50
 62
4
100
AcDbLine
 10
27.552982
 20
2.053561
 30
0.0
 11
27.575056
 21
2.057588
 31
0.0
  0
LINE
  5
1F57
330
1F
100
AcDbEntity
  8
1
  6
CONTINUOUS
370
50
 62
4
100
AcDbLine
 10
30.816275
 20
-2.108382
 30
0.0
 11
30.83835
 21
-2.104353
 31
0.0
  0
LINE
  5
1F58
330
1F
100
AcDbEntity
  8
1
  6
CONTINUOUS
370
50
 62
4
100
AcDbLine
 10
21.754219
 20
0.7078479999999999
 30
0.0
 11
21.776293
 21
0.711878
 31
0.0
  0
LINE
  5
1F59
330
1F
100
AcDbEntity
  8
1
  6
CONTINUOUS
370
50
 62
4
100
AcDbLine
 10
27.530909
 20
2.049531
 30
0.0
 11
27.552982
 21
2.053561
 31
0.0
  0
LINE
  5
1F5A
330
1F
100
AcDbEntity
  8
1
  6
CONTINUOUS
370
50
 62
4
100
AcDbLine
 10
38.709633
 20
-0.395261
 30
0.0
 11
38.731705
 21
-0.391231
 31
0.0
  0
LINE
  5
1F5B
330
1F
100
AcDbEntity
  8
1
  6
CONTINUOUS
370
50
 62
4
100
AcDbLine
 10
27.508833
 20
2.045498
 30
0.0
 11
27.530909
 21
2.049531
 31
0.0
  0
LINE
  5
1F5C
330
1F
100
AcDbEntity
  8
1
  6
CONTINUOUS
370
50
 62
4
100
AcDbLine
 10
21.732145
 20
0.703815
 30
0.0
 11
21.754219
 21
0.7078479999999999
 31
0.0
  0
LINE
  5
1F5D
330
1F
100
AcDbEntity
  8
1
  6
CONTINUOUS
370
50
 62
4
100
AcDbLine
 10
38.731705
 20
-0.391231
 30
0.0
 11
38.753777
 21
-0.387198
 31
0.0
  0
LINE
  5
1F5E
330
1F
100
AcDbEntity
  8
1
  6
CONTINUOUS
370
50
 62
4
100
AcDbLine
 10
38.753777
 20
-0.387198
 30
0.0
 11
38.775848
 21
-0.383162
 31
0.0
  0
LINE
  5
1F5F
330
1F
100
AcDbEntity
  8
1
  6
CONTINUOUS
370
50
 62
4
100
AcDbLine
 10
21.710073
 20
0.699778
 30
0.0
 11
21.732145
 21
0.703815
 31
0.0
  0
LINE
  5
1F60
330
1F
100
AcDbEntity
  8
1
  6
CONTINUOUS
370
50
 62
4
100
AcDbLine
 10
21.688
 20
0.695738
 30
0.0
 11
21.710073
 21
0.699778
 31
0.0
  0
LINE
  5
1F61
330
1F
100
AcDbEntity
  8
1
  6
CONTINUOUS
370
50
 62
4
100
AcDbLine
 10
32.403774
 20
-0.145286
 30
0.0
 11
32.42585
 21
-0.141232
 31
0.0
  0
LINE
  5
1F62
330
1F
100
AcDbEntity
  8
1
  6
CONTINUOUS
370
50
 62
4
100
AcDbLine
 10
32.381702
 20
-0.149341
 30
0.0
 11
32.403774
 21
-0.145286
 31
0.0
  0
LINE
  5
1F63
330
1F
100
AcDbEntity
  8
1
  6
CONTINUOUS
370
50
 62
4
100
AcDbLine
 10
32.359627
 20
-0.153397
 30
0.0
 11
32.381702
 21
-0.149341
 31
0.0
  0
LINE
  5
1F64
330
1F
100
AcDbEntity
  8
1
  6
CONTINUOUS
370
50
 62
4
100
AcDbLine
 10
27.814289
 20
2.577614
 30
0.0
 11
27.846165
 21
2.583473
 31
0.0
  0
LINE
  5
1F65
330
1F
100
AcDbEntity
  8
1
  6
CONTINUOUS
370
50
 62
4
100
AcDbLine
 10
32.315479
 20
-0.161513
 30
0.0
 11
32.337555
 21
-0.157455
 31
0.0
  0
LINE
  5
1F66
330
1F
100
AcDbEntity
  8
1
  6
CONTINUOUS
370
50
 62
4
100
AcDbLine
 10
32.337555
 20
-0.157455
 30
0.0
 11
32.359627
 21
-0.153397
 31
0.0
  0
LINE
  5
1F67
330
1F
100
AcDbEntity
  8
1
  6
CONTINUOUS
370
50
 62
4
100
AcDbLine
 10
28.567167
 20
-2.092602
 30
0.0
 11
28.589243
 21
-2.088543
 31
0.0
  0
LINE
  5
1F68
330
1F
100
AcDbEntity
  8
1
  6
CONTINUOUS
370
50
 62
4
100
AcDbLine
 10
32.293407
 20
-0.165572
 30
0.0
 11
32.315479
 21
-0.161513
 31
0.0
  0
LINE
  5
1F69
330
1F
100
AcDbEntity
  8
1
  6
CONTINUOUS
370
50
 62
4
100
AcDbLine
 10
32.271332
 20
-0.169633
 30
0.0
 11
32.293407
 21
-0.165572
 31
0.0
  0
LINE
  5
1F6A
330
1F
100
AcDbEntity
  8
1
  6
CONTINUOUS
370
50
 62
4
100
AcDbLine
 10
28.589243
 20
-2.088543
 30
0.0
 11
28.611317
 21
-2.084476
 31
0.0
  0
LINE
  5
1F6B
330
1F
100
AcDbEntity
  8
1
  6
CONTINUOUS
370
50
 62
4
100
AcDbLine
 10
28.611317
 20
-2.084476
 30
0.0
 11
28.633392
 21
-2.080403
 31
0.0
  0
LINE
  5
1F6C
330
1F
100
AcDbEntity
  8
1
  6
CONTINUOUS
370
50
 62
4
100
AcDbLine
 10
29.096333
 20
-0.762641
 30
0.0
 11
29.118408
 21
-0.758566
 31
0.0
  0
LINE
  5
1F6D
330
1F
100
AcDbEntity
  8
1
  6
CONTINUOUS
370
50
 62
4
100
AcDbLine
 10
29.118408
 20
-0.758566
 30
0.0
 11
29.140484
 21
-0.754486
 31
0.0
  0
LINE
  5
1F6E
330
1F
100
AcDbEntity
  8
1
  6
CONTINUOUS
370
50
 62
4
100
AcDbLine
 10
28.633392
 20
-2.080403
 30
0.0
 11
28.655466
 21
-2.076323
 31
0.0
  0
LINE
  5
1F6F
330
1F
100
AcDbEntity
  8
1
  6
CONTINUOUS
370
50
 62
4
100
AcDbLine
 10
29.140484
 20
-0.754486
 30
0.0
 11
29.162558
 21
-0.750402
 31
0.0
  0
LINE
  5
1F70
330
1F
100
AcDbEntity
  8
1
  6
CONTINUOUS
370
50
 62
4
100
AcDbLine
 10
24.466276
 20
1.934965
 30
0.0
 11
24.48835
 21
1.939051
 31
0.0
  0
LINE
  5
1F71
330
1F
100
AcDbEntity
  8
1
  6
CONTINUOUS
370
50
 62
4
100
AcDbLine
 10
28.655466
 20
-2.076323
 30
0.0
 11
28.677538
 21
-2.072237
 31
0.0
  0
LINE
  5
1F72
330
1F
100
AcDbEntity
  8
1
  6
CONTINUOUS
370
50
 62
4
100
AcDbLine
 10
29.162558
 20
-0.750402
 30
0.0
 11
29.184631
 21
-0.746315
 31
0.0
  0
LINE
  5
1F73
330
1F
100
AcDbEntity
  8
1
  6
CONTINUOUS
370
50
 62
4
100
AcDbLine
 10
24.444202
 20
1.930875
 30
0.0
 11
24.466276
 21
1.934965
 31
0.0
  0
LINE
  5
1F74
330
1F
100
AcDbEntity
  8
1
  6
CONTINUOUS
370
50
 62
4
100
AcDbLine
 10
29.184631
 20
-0.746315
 30
0.0
 11
29.206705
 21
-0.742223
 31
0.0
  0
LINE
  5
1F75
330
1F
100
AcDbEntity
  8
1
  6
CONTINUOUS
370
50
 62
4
100
AcDbLine
 10
28.677538
 20
-2.072237
 30
0.0
 11
28.699612
 21
-2.068143
 31
0.0
  0
LINE
  5
1F76
330
1F
100
AcDbEntity
  8
1
  6
CONTINUOUS
370
50
 62
4
100
AcDbLine
 10
24.422129
 20
1.926781
 30
0.0
 11
24.444202
 21
1.930875
 31
0.0
  0
LINE
  5
1F77
330
1F
100
AcDbEntity
  8
1
  6
CONTINUOUS
370
50
 62
4
100
AcDbLine
 10
18.52
 20
0.101777
 30
0.0
 11
18.541075
 21
0.105686
 31
0.0
  0
LINE
  5
1F78
330
1F
100
AcDbEntity
  8
1
  6
CONTINUOUS
370
50
 62
4
100
AcDbLine
 10
18.541075
 20
0.105686
 30
0.0
 11
18.562149
 21
0.109595
 31
0.0
  0
LINE
  5
1F79
330
1F
100
AcDbEntity
  8
1
  6
CONTINUOUS
370
50
 62
4
100
AcDbLine
 10
18.562149
 20
0.109595
 30
0.0
 11
18.583223
 21
0.113505
 31
0.0
  0
LINE
  5
1F7A
330
1F
100
AcDbEntity
  8
1
  6
CONTINUOUS
370
50
 62
4
100
AcDbLine
 10
29.206705
 20
-0.742223
 30
0.0
 11
29.228777
 21
-0.738127
 31
0.0
  0
LINE
  5
1F7B
330
1F
100
AcDbEntity
  8
1
  6
CONTINUOUS
370
50
 62
4
100
AcDbLine
 10
18.604296
 20
0.117417
 30
0.0
 11
18.62537
 21
0.121329
 31
0.0
  0
LINE
  5
1F7C
330
1F
100
AcDbEntity
  8
1
  6
CONTINUOUS
370
50
 62
4
100
AcDbLine
 10
18.583223
 20
0.113505
 30
0.0
 11
18.604296
 21
0.117417
 31
0.0
  0
LINE
  5
1F7D
330
1F
100
AcDbEntity
  8
1
  6
CONTINUOUS
370
50
 62
4
100
AcDbLine
 10
26.141111
 20
2.397251
 30
0.0
 11
26.157244
 21
2.400246
 31
0.0
  0
LINE
  5
1F7E
330
1F
100
AcDbEntity
  8
1
  6
CONTINUOUS
370
50
 62
4
100
AcDbLine
 10
18.62537
 20
0.121329
 30
0.0
 11
18.646444
 21
0.125242
 31
0.0
  0
LINE
  5
1F7F
330
1F
100
AcDbEntity
  8
1
  6
CONTINUOUS
370
50
 62
4
100
AcDbLine
 10
29.228777
 20
-0.738127
 30
0.0
 11
29.250851
 21
-0.734027
 31
0.0
  0
LINE
  5
1F80
330
1F
100
AcDbEntity
  8
1
  6
CONTINUOUS
370
50
 62
4
100
AcDbLine
 10
24.400055
 20
1.922681
 30
0.0
 11
24.422129
 21
1.926781
 31
0.0
  0
LINE
  5
1F81
330
1F
100
AcDbEntity
  8
1
  6
CONTINUOUS
370
50
 62
4
100
AcDbLine
 10
18.646444
 20
0.125242
 30
0.0
 11
18.667517
 21
0.129157
 31
0.0
  0
LINE
  5
1F82
330
1F
100
AcDbEntity
  8
1
  6
CONTINUOUS
370
50
 62
4
100
AcDbLine
 10
28.699612
 20
-2.068143
 30
0.0
 11
28.721684
 21
-2.064042
 31
0.0
  0
LINE
  5
1F83
330
1F
100
AcDbEntity
  8
1
  6
CONTINUOUS
370
50
 62
4
100
AcDbLine
 10
24.377981
 20
1.918577
 30
0.0
 11
24.400055
 21
1.922681
 31
0.0
  0
LINE
  5
1F84
330
1F
100
AcDbEntity
  8
1
  6
CONTINUOUS
370
50
 62
4
100
AcDbLine
 10
31.345442
 20
-0.34095
 30
0.0
 11
31.367517
 21
-0.336843
 31
0.0
  0
LINE
  5
1F85
330
1F
100
AcDbEntity
  8
1
  6
CONTINUOUS
370
50
 62
4
100
AcDbLine
 10
31.323368
 20
-0.345057
 30
0.0
 11
31.345442
 21
-0.34095
 31
0.0
  0
LINE
  5
1F86
330
1F
100
AcDbEntity
  8
1
  6
CONTINUOUS
370
50
 62
4
100
AcDbLine
 10
31.301292
 20
-0.349166
 30
0.0
 11
31.323368
 21
-0.345057
 31
0.0
  0
LINE
  5
1F87
330
1F
100
AcDbEntity
  8
1
  6
CONTINUOUS
370
50
 62
4
100
AcDbLine
 10
24.355907
 20
1.914468
 30
0.0
 11
24.377981
 21
1.918577
 31
0.0
  0
LINE
  5
1F88
330
1F
100
AcDbEntity
  8
1
  6
CONTINUOUS
370
50
 62
4
100
AcDbLine
 10
31.279219
 20
-0.353276
 30
0.0
 11
31.301292
 21
-0.349166
 31
0.0
  0
LINE
  5
1F89
330
1F
100
AcDbEntity
  8
1
  6
CONTINUOUS
370
50
 62
4
100
AcDbLine
 10
31.257147
 20
-0.357386
 30
0.0
 11
31.279219
 21
-0.353276
 31
0.0
  0
LINE
  5
1F8A
330
1F
100
AcDbEntity
  8
1
  6
CONTINUOUS
370
50
 62
4
100
AcDbLine
 10
31.212999
 20
-0.36561
 30
0.0
 11
31.257147
 21
-0.357386
 31
0.0
  0
LINE
  5
1F8B
330
1F
100
AcDbEntity
  8
1
  6
CONTINUOUS
370
50
 62
4
100
AcDbLine
 10
24.333834
 20
1.910354
 30
0.0
 11
24.355907
 21
1.914468
 31
0.0
  0
LINE
  5
1F8C
330
1F
100
AcDbEntity
  8
1
  6
CONTINUOUS
370
50
 62
4
100
AcDbLine
 10
30.618675
 20
2.89241
 30
0.0
 11
30.654154
 21
2.899067
 31
0.0
  0
LINE
  5
1F8D
330
1F
100
AcDbEntity
  8
1
  6
CONTINUOUS
370
50
 62
4
100
AcDbLine
 10
19.571333
 20
0.297982
 30
0.0
 11
19.593409
 21
0.302128
 31
0.0
  0
LINE
  5
1F8E
330
1F
100
AcDbEntity
  8
1
  6
CONTINUOUS
370
50
 62
4
100
AcDbLine
 10
19.615482
 20
0.306276
 30
0.0
 11
19.637556
 21
0.310424
 31
0.0
  0
LINE
  5
1F8F
330
1F
100
AcDbEntity
  8
1
  6
CONTINUOUS
370
50
 62
4
100
AcDbLine
 10
19.593409
 20
0.302128
 30
0.0
 11
19.615482
 21
0.306276
 31
0.0
  0
LINE
  5
1F90
330
1F
100
AcDbEntity
  8
1
  6
CONTINUOUS
370
50
 62
4
100
AcDbLine
 10
19.637556
 20
0.310424
 30
0.0
 11
19.65963
 21
0.314573
 31
0.0
  0
LINE
  5
1F91
330
1F
100
AcDbEntity
  8
1
  6
CONTINUOUS
370
50
 62
4
100
AcDbLine
 10
19.65963
 20
0.314573
 30
0.0
 11
19.681704
 21
0.318723
 31
0.0
  0
LINE
  5
1F92
330
1F
100
AcDbEntity
  8
1
  6
CONTINUOUS
370
50
 62
4
100
AcDbLine
 10
19.681704
 20
0.318723
 30
0.0
 11
19.703777
 21
0.322875
 31
0.0
  0
LINE
  5
1F93
330
1F
100
AcDbEntity
  8
1
  6
CONTINUOUS
370
50
 62
4
100
AcDbLine
 10
19.703777
 20
0.322875
 30
0.0
 11
19.725849
 21
0.327027
 31
0.0
  0
LINE
  5
1F94
330
1F
100
AcDbEntity
  8
1
  6
CONTINUOUS
370
50
 62
4
100
AcDbLine
 10
30.287107
 20
-0.5389929999999999
 30
0.0
 11
30.309183
 21
-0.53484
 31
0.0
  0
LINE
  5
1F95
330
1F
100
AcDbEntity
  8
1
  6
CONTINUOUS
370
50
 62
4
100
AcDbLine
 10
30.265034
 20
-0.543146
 30
0.0
 11
30.287107
 21
-0.5389929999999999
 31
0.0
  0
LINE
  5
1F96
330
1F
100
AcDbEntity
  8
1
  6
CONTINUOUS
370
50
 62
4
100
AcDbLine
 10
30.220886
 20
-0.551454
 30
0.0
 11
30.265034
 21
-0.543146
 31
0.0
  0
LINE
  5
1F97
330
1F
100
AcDbEntity
  8
1
  6
CONTINUOUS
370
50
 62
4
100
AcDbLine
 10
30.198812
 20
-0.5556099999999999
 30
0.0
 11
30.220886
 21
-0.551454
 31
0.0
  0
LINE
  5
1F98
330
1F
100
AcDbEntity
  8
1
  6
CONTINUOUS
370
50
 62
4
100
AcDbLine
 10
30.176739
 20
-0.559766
 30
0.0
 11
30.198812
 21
-0.5556099999999999
 31
0.0
  0
LINE
  5
1F99
330
1F
100
AcDbEntity
  8
1
  6
CONTINUOUS
370
50
 62
4
100
AcDbLine
 10
30.154667
 20
-0.5639219999999999
 30
0.0
 11
30.176739
 21
-0.559766
 31
0.0
  0
LINE
  5
1F9A
330
1F
100
AcDbEntity
  8
1
  6
CONTINUOUS
370
50
 62
4
100
AcDbLine
 10
31.742167
 20
-1.936735
 30
0.0
 11
31.764238
 21
-1.932578
 31
0.0
  0
LINE
  5
1F9B
330
1F
100
AcDbEntity
  8
1
  6
CONTINUOUS
370
50
 62
4
100
AcDbLine
 10
31.764238
 20
-1.932578
 30
0.0
 11
31.786312
 21
-1.928419
 31
0.0
  0
LINE
  5
1F9C
330
1F
100
AcDbEntity
  8
1
  6
CONTINUOUS
370
50
 62
4
100
AcDbLine
 10
31.786312
 20
-1.928419
 30
0.0
 11
31.808386
 21
-1.924257
 31
0.0
  0
LINE
  5
1F9D
330
1F
100
AcDbEntity
  8
1
  6
CONTINUOUS
370
50
 62
4
100
AcDbLine
 10
31.808386
 20
-1.924257
 30
0.0
 11
31.83046
 21
-1.920092
 31
0.0
  0
LINE
  5
1F9E
330
1F
100
AcDbEntity
  8
1
  6
CONTINUOUS
370
50
 62
4
100
AcDbLine
 10
25.803394
 20
2.359859
 30
0.0
 11
25.842785
 21
2.367295
 31
0.0
  0
LINE
  5
1F9F
330
1F
100
AcDbEntity
  8
1
  6
CONTINUOUS
370
50
 62
4
100
AcDbLine
 10
31.83046
 20
-1.920092
 30
0.0
 11
31.852533
 21
-1.915924
 31
0.0
  0
LINE
  5
1FA0
330
1F
100
AcDbEntity
  8
1
  6
CONTINUOUS
370
50
 62
4
100
AcDbLine
 10
31.852533
 20
-1.915924
 30
0.0
 11
31.874609
 21
-1.911753
 31
0.0
  0
LINE
  5
1FA1
330
1F
100
AcDbEntity
  8
1
  6
CONTINUOUS
370
50
 62
4
100
AcDbLine
 10
31.874609
 20
-1.911753
 30
0.0
 11
31.896683
 21
-1.907579
 31
0.0
  0
LINE
  5
1FA2
330
1F
100
AcDbEntity
  8
1
  6
CONTINUOUS
370
50
 62
4
100
AcDbLine
 10
26.582943
 20
1.87327
 30
0.0
 11
26.605017
 21
1.877445
 31
0.0
  0
LINE
  5
1FA3
330
1F
100
AcDbEntity
  8
1
  6
CONTINUOUS
370
50
 62
4
100
AcDbLine
 10
26.560871
 20
1.869092
 30
0.0
 11
26.582943
 21
1.87327
 31
0.0
  0
LINE
  5
1FA4
330
1F
100
AcDbEntity
  8
1
  6
CONTINUOUS
370
50
 62
4
100
AcDbLine
 10
26.538797
 20
1.86491
 30
0.0
 11
26.560871
 21
1.869092
 31
0.0
  0
LINE
  5
1FA5
330
1F
100
AcDbEntity
  8
1
  6
CONTINUOUS
370
50
 62
4
100
AcDbLine
 10
26.516724
 20
1.860724
 30
0.0
 11
26.538797
 21
1.86491
 31
0.0
  0
LINE
  5
1FA6
330
1F
100
AcDbEntity
  8
1
  6
CONTINUOUS
370
50
 62
4
100
AcDbLine
 10
26.494648
 20
1.856536
 30
0.0
 11
26.516724
 21
1.860724
 31
0.0
  0
LINE
  5
1FA7
330
1F
100
AcDbEntity
  8
1
  6
CONTINUOUS
370
50
 62
4
100
AcDbLine
 10
20.762171
 20
0.5230969999999999
 30
0.0
 11
20.784184
 21
0.5272749999999999
 31
0.0
  0
LINE
  5
1FA8
330
1F
100
AcDbEntity
  8
1
  6
CONTINUOUS
370
50
 62
4
100
AcDbLine
 10
20.740284
 20
0.518941
 30
0.0
 11
20.762171
 21
0.5230969999999999
 31
0.0
  0
LINE
  5
1FA9
330
1F
100
AcDbEntity
  8
1
  6
CONTINUOUS
370
50
 62
4
100
AcDbLine
 10
26.472574
 20
1.852343
 30
0.0
 11
26.494648
 21
1.856536
 31
0.0
  0
LINE
  5
1FAA
330
1F
100
AcDbEntity
  8
1
  6
CONTINUOUS
370
50
 62
4
100
AcDbLine
 10
20.629667
 20
0.497917
 30
0.0
 11
20.652237
 21
0.502205
 31
0.0
  0
LINE
  5
1FAB
330
1F
100
AcDbEntity
  8
1
  6
CONTINUOUS
370
50
 62
4
100
AcDbLine
 10
20.718433
 20
0.5147889999999999
 30
0.0
 11
20.740284
 21
0.518941
 31
0.0
  0
LINE
  5
1FAC
330
1F
100
AcDbEntity
  8
1
  6
CONTINUOUS
370
50
 62
4
100
AcDbLine
 10
26.4505
 20
1.848148
 30
0.0
 11
26.472574
 21
1.852343
 31
0.0
  0
LINE
  5
1FAD
330
1F
100
AcDbEntity
  8
1
  6
CONTINUOUS
370
50
 62
4
100
AcDbLine
 10
20.696533
 20
0.510626
 30
0.0
 11
20.718433
 21
0.5147889999999999
 31
0.0
  0
LINE
  5
1FAE
330
1F
100
AcDbEntity
  8
1
  6
CONTINUOUS
370
50
 62
4
100
AcDbLine
 10
20.674498
 20
0.506437
 30
0.0
 11
20.696533
 21
0.510626
 31
0.0
  0
LINE
  5
1FAF
330
1F
100
AcDbEntity
  8
1
  6
CONTINUOUS
370
50
 62
4
100
AcDbLine
 10
20.652237
 20
0.502205
 30
0.0
 11
20.674498
 21
0.506437
 31
0.0
  0
LINE
  5
1FB0
330
1F
100
AcDbEntity
  8
1
  6
CONTINUOUS
370
50
 62
4
100
AcDbLine
 10
39.679668
 20
-0.214679
 30
0.0
 11
39.701744
 21
-0.210481
 31
0.0
  0
LINE
  5
1FB1
330
1F
100
AcDbEntity
  8
1
  6
CONTINUOUS
370
50
 62
4
100
AcDbLine
 10
39.701744
 20
-0.210481
 30
0.0
 11
39.723816
 21
-0.206278
 31
0.0
  0
LINE
  5
1FB2
330
1F
100
AcDbEntity
  8
1
  6
CONTINUOUS
370
50
 62
4
100
AcDbLine
 10
39.723816
 20
-0.206278
 30
0.0
 11
39.745892
 21
-0.202072
 31
0.0
  0
LINE
  5
1FB3
330
1F
100
AcDbEntity
  8
1
  6
CONTINUOUS
370
50
 62
4
100
AcDbLine
 10
39.745892
 20
-0.202072
 30
0.0
 11
39.767967
 21
-0.197862
 31
0.0
  0
LINE
  5
1FB4
330
1F
100
AcDbEntity
  8
1
  6
CONTINUOUS
370
50
 62
4
100
AcDbLine
 10
29.497646
 20
2.765664
 30
0.0
 11
29.536221
 21
2.773025
 31
0.0
  0
LINE
  5
1FB5
330
1F
100
AcDbEntity
  8
1
  6
CONTINUOUS
370
50
 62
4
100
AcDbLine
 10
39.767967
 20
-0.197862
 30
0.0
 11
39.790039
 21
-0.193647
 31
0.0
  0
LINE
  5
1FB6
330
1F
100
AcDbEntity
  8
1
  6
CONTINUOUS
370
50
 62
4
100
AcDbLine
 10
39.790039
 20
-0.193647
 30
0.0
 11
39.812111
 21
-0.189429
 31
0.0
  0
LINE
  5
1FB7
330
1F
100
AcDbEntity
  8
1
  6
CONTINUOUS
370
50
 62
4
100
AcDbLine
 10
39.812111
 20
-0.189429
 30
0.0
 11
39.834183
 21
-0.185206
 31
0.0
  0
LINE
  5
1FB8
330
1F
100
AcDbEntity
  8
1
  6
CONTINUOUS
370
50
 62
4
100
AcDbLine
 10
30.841534
 20
2.919029
 30
0.0
 11
30.84473
 21
2.919641
 31
0.0
  0
LINE
  5
1FB9
330
1F
100
AcDbEntity
  8
1
  6
CONTINUOUS
370
50
 62
4
100
AcDbLine
 10
25.914415
 20
-2.364528
 30
0.0
 11
25.921347
 21
-2.36319
 31
0.0
  0
LINE
  5
1FBA
330
1F
100
AcDbEntity
  8
1
  6
CONTINUOUS
370
50
 62
4
100
AcDbLine
 10
32.80049899999999
 20
-1.734301
 30
0.0
 11
32.822575
 21
-1.730013
 31
0.0
  0
LINE
  5
1FBB
330
1F
100
AcDbEntity
  8
1
  6
CONTINUOUS
370
50
 62
4
100
AcDbLine
 10
32.822575
 20
-1.730013
 30
0.0
 11
32.844646
 21
-1.725722
 31
0.0
  0
LINE
  5
1FBC
330
1F
100
AcDbEntity
  8
1
  6
CONTINUOUS
370
50
 62
4
100
AcDbLine
 10
32.844646
 20
-1.725722
 30
0.0
 11
32.866718
 21
-1.721428
 31
0.0
  0
LINE
  5
1FBD
330
1F
100
AcDbEntity
  8
1
  6
CONTINUOUS
370
50
 62
4
100
AcDbLine
 10
32.866718
 20
-1.721428
 30
0.0
 11
32.888794
 21
-1.717131
 31
0.0
  0
LINE
  5
1FBE
330
1F
100
AcDbEntity
  8
1
  6
CONTINUOUS
370
50
 62
4
100
AcDbLine
 10
32.888794
 20
-1.717131
 30
0.0
 11
32.910866
 21
-1.712832
 31
0.0
  0
LINE
  5
1FBF
330
1F
100
AcDbEntity
  8
1
  6
CONTINUOUS
370
50
 62
4
100
AcDbLine
 10
32.910866
 20
-1.712832
 30
0.0
 11
32.932941
 21
-1.708529
 31
0.0
  0
LINE
  5
1FC0
330
1F
100
AcDbEntity
  8
1
  6
CONTINUOUS
370
50
 62
4
100
AcDbLine
 10
32.932941
 20
-1.708529
 30
0.0
 11
32.955017
 21
-1.704225
 31
0.0
  0
LINE
  5
1FC1
330
1F
100
AcDbEntity
  8
1
  6
CONTINUOUS
370
50
 62
4
100
AcDbLine
 10
13.817502
 20
-0.155256
 30
0.0
 11
13.894404
 21
-0.140222
 31
0.0
  0
LINE
  5
1FC2
330
1F
100
AcDbEntity
  8
1
  6
CONTINUOUS
370
50
 62
4
100
AcDbLine
 10
23.407942
 20
1.733453
 30
0.0
 11
23.430017
 21
1.737771
 31
0.0
  0
LINE
  5
1FC3
330
1F
100
AcDbEntity
  8
1
  6
CONTINUOUS
370
50
 62
4
100
AcDbLine
 10
23.385868
 20
1.72913
 30
0.0
 11
23.407942
 21
1.733453
 31
0.0
  0
LINE
  5
1FC4
330
1F
100
AcDbEntity
  8
1
  6
CONTINUOUS
370
50
 62
4
100
AcDbLine
 10
23.363794
 20
1.724802
 30
0.0
 11
23.385868
 21
1.72913
 31
0.0
  0
LINE
  5
1FC5
330
1F
100
AcDbEntity
  8
1
  6
CONTINUOUS
370
50
 62
4
100
AcDbLine
 10
23.341721
 20
1.720468
 30
0.0
 11
23.363794
 21
1.724802
 31
0.0
  0
LINE
  5
1FC6
330
1F
100
AcDbEntity
  8
1
  6
CONTINUOUS
370
50
 62
4
100
AcDbLine
 10
23.319647
 20
1.71613
 30
0.0
 11
23.341721
 21
1.720468
 31
0.0
  0
LINE
  5
1FC7
330
1F
100
AcDbEntity
  8
1
  6
CONTINUOUS
370
50
 62
4
100
AcDbLine
 10
25.524611
 20
1.669098
 30
0.0
 11
25.546684
 21
1.673437
 31
0.0
  0
LINE
  5
1FC8
330
1F
100
AcDbEntity
  8
1
  6
CONTINUOUS
370
50
 62
4
100
AcDbLine
 10
25.502537
 20
1.664755
 30
0.0
 11
25.524611
 21
1.669098
 31
0.0
  0
LINE
  5
1FC9
330
1F
100
AcDbEntity
  8
1
  6
CONTINUOUS
370
50
 62
4
100
AcDbLine
 10
23.297573
 20
1.711787
 30
0.0
 11
23.319647
 21
1.71613
 31
0.0
  0
LINE
  5
1FCA
330
1F
100
AcDbEntity
  8
1
  6
CONTINUOUS
370
50
 62
4
100
AcDbLine
 10
25.480463
 20
1.660409
 30
0.0
 11
25.502537
 21
1.664755
 31
0.0
  0
LINE
  5
1FCB
330
1F
100
AcDbEntity
  8
1
  6
CONTINUOUS
370
50
 62
4
100
AcDbLine
 10
23.275499
 20
1.707439
 30
0.0
 11
23.297573
 21
1.711787
 31
0.0
  0
LINE
  5
1FCC
330
1F
100
AcDbEntity
  8
1
  6
CONTINUOUS
370
50
 62
4
100
AcDbLine
 10
25.458389
 20
1.65606
 30
0.0
 11
25.480463
 21
1.660409
 31
0.0
  0
LINE
  5
1FCD
330
1F
100
AcDbEntity
  8
1
  6
CONTINUOUS
370
50
 62
4
100
AcDbLine
 10
25.436314
 20
1.651707
 30
0.0
 11
25.458389
 21
1.65606
 31
0.0
  0
LINE
  5
1FCE
330
1F
100
AcDbEntity
  8
1
  6
CONTINUOUS
370
50
 62
4
100
AcDbLine
 10
25.41424
 20
1.647351
 30
0.0
 11
25.436314
 21
1.651707
 31
0.0
  0
LINE
  5
1FCF
330
1F
100
AcDbEntity
  8
1
  6
CONTINUOUS
370
50
 62
4
100
AcDbLine
 10
25.392166
 20
1.642991
 30
0.0
 11
25.41424
 21
1.647351
 31
0.0
  0
LINE
  5
1FD0
330
1F
100
AcDbEntity
  8
1
  6
CONTINUOUS
370
50
 62
4
100
AcDbLine
 10
25.01749
 20
2.27893
 30
0.0
 11
25.022936
 21
2.280007
 31
0.0
  0
LINE
  5
1FD1
330
1F
100
AcDbEntity
  8
1
  6
CONTINUOUS
370
50
 62
4
100
AcDbLine
 10
16.16448
 20
1.202215
 30
0.0
 11
16.191187
 21
1.2075
 31
0.0
  0
LINE
  5
1FD2
330
1F
100
AcDbEntity
  8
1
  6
CONTINUOUS
370
50
 62
4
100
AcDbLine
 10
12.695772
 20
3.939891
 30
0.0
 11
12.72799
 21
3.94627
 31
0.0
  0
LINE
  5
1FD3
330
1F
100
AcDbEntity
  8
1
  6
CONTINUOUS
370
50
 62
4
100
AcDbLine
 10
29.6255
 20
-1.890019
 30
0.0
 11
29.646053
 21
-1.885922
 31
0.0
  0
LINE
  5
1FD4
330
1F
100
AcDbEntity
  8
1
  6
CONTINUOUS
370
50
 62
4
100
AcDbLine
 10
29.646053
 20
-1.885922
 30
0.0
 11
29.667109
 21
-1.881723
 31
0.0
  0
LINE
  5
1FD5
330
1F
100
AcDbEntity
  8
1
  6
CONTINUOUS
370
50
 62
4
100
AcDbLine
 10
29.667109
 20
-1.881723
 30
0.0
 11
29.688671
 21
-1.877421
 31
0.0
  0
LINE
  5
1FD6
330
1F
100
AcDbEntity
  8
1
  6
CONTINUOUS
370
50
 62
4
100
AcDbLine
 10
29.688671
 20
-1.877421
 30
0.0
 11
29.710739
 21
-1.873014
 31
0.0
  0
LINE
  5
1FD7
330
1F
100
AcDbEntity
  8
1
  6
CONTINUOUS
370
50
 62
4
100
AcDbLine
 10
29.710739
 20
-1.873014
 30
0.0
 11
29.733318
 21
-1.868504
 31
0.0
  0
LINE
  5
1FD8
330
1F
100
AcDbEntity
  8
1
  6
CONTINUOUS
370
50
 62
4
100
AcDbLine
 10
29.733318
 20
-1.868504
 30
0.0
 11
29.756409
 21
-1.863888
 31
0.0
  0
LINE
  5
1FD9
330
1F
100
AcDbEntity
  8
1
  6
CONTINUOUS
370
50
 62
4
100
AcDbLine
 10
33.858833
 20
-1.525747
 30
0.0
 11
33.880905
 21
-1.521334
 31
0.0
  0
LINE
  5
1FDA
330
1F
100
AcDbEntity
  8
1
  6
CONTINUOUS
370
50
 62
4
100
AcDbLine
 10
33.880905
 20
-1.521334
 30
0.0
 11
33.902981
 21
-1.516919
 31
0.0
  0
LINE
  5
1FDB
330
1F
100
AcDbEntity
  8
1
  6
CONTINUOUS
370
50
 62
4
100
AcDbLine
 10
29.756409
 20
-1.863888
 30
0.0
 11
29.780016
 21
-1.859166
 31
0.0
  0
LINE
  5
1FDC
330
1F
100
AcDbEntity
  8
1
  6
CONTINUOUS
370
50
 62
4
100
AcDbLine
 10
33.902981
 20
-1.516919
 30
0.0
 11
33.925053
 21
-1.512501
 31
0.0
  0
LINE
  5
1FDD
330
1F
100
AcDbEntity
  8
1
  6
CONTINUOUS
370
50
 62
4
100
AcDbLine
 10
33.925053
 20
-1.512501
 30
0.0
 11
33.947128
 21
-1.508081
 31
0.0
  0
LINE
  5
1FDE
330
1F
100
AcDbEntity
  8
1
  6
CONTINUOUS
370
50
 62
4
100
AcDbLine
 10
33.947128
 20
-1.508081
 30
0.0
 11
33.9692
 21
-1.503658
 31
0.0
  0
LINE
  5
1FDF
330
1F
100
AcDbEntity
  8
1
  6
CONTINUOUS
370
50
 62
4
100
AcDbLine
 10
33.9692
 20
-1.503658
 30
0.0
 11
33.991276
 21
-1.499232
 31
0.0
  0
LINE
  5
1FE0
330
1F
100
AcDbEntity
  8
1
  6
CONTINUOUS
370
50
 62
4
100
AcDbLine
 10
33.991276
 20
-1.499232
 30
0.0
 11
34.013351
 21
-1.494804
 31
0.0
  0
LINE
  5
1FE1
330
1F
100
AcDbEntity
  8
1
  6
CONTINUOUS
370
50
 62
4
100
AcDbLine
 10
26.802057
 20
2.465828
 30
0.0
 11
26.84409
 21
2.47426
 31
0.0
  0
LINE
  5
1FE2
330
1F
100
AcDbEntity
  8
1
  6
CONTINUOUS
370
50
 62
4
100
AcDbLine
 10
30.683834
 20
-1.676472
 30
0.0
 11
30.705906
 21
-1.671967
 31
0.0
  0
LINE
  5
1FE3
330
1F
100
AcDbEntity
  8
1
  6
CONTINUOUS
370
50
 62
4
100
AcDbLine
 10
30.705906
 20
-1.671967
 30
0.0
 11
30.727978
 21
-1.66746
 31
0.0
  0
LINE
  5
1FE4
330
1F
100
AcDbEntity
  8
1
  6
CONTINUOUS
370
50
 62
4
100
AcDbLine
 10
30.727978
 20
-1.66746
 30
0.0
 11
30.750051
 21
-1.662951
 31
0.0
  0
LINE
  5
1FE5
330
1F
100
AcDbEntity
  8
1
  6
CONTINUOUS
370
50
 62
4
100
AcDbLine
 10
24.466276
 20
1.456923
 30
0.0
 11
24.48835
 21
1.461433
 31
0.0
  0
LINE
  5
1FE6
330
1F
100
AcDbEntity
  8
1
  6
CONTINUOUS
370
50
 62
4
100
AcDbLine
 10
30.750051
 20
-1.662951
 30
0.0
 11
30.772125
 21
-1.65844
 31
0.0
  0
LINE
  5
1FE7
330
1F
100
AcDbEntity
  8
1
  6
CONTINUOUS
370
50
 62
4
100
AcDbLine
 10
24.444202
 20
1.45241
 30
0.0
 11
24.466276
 21
1.456923
 31
0.0
  0
LINE
  5
1FE8
330
1F
100
AcDbEntity
  8
1
  6
CONTINUOUS
370
50
 62
4
100
AcDbLine
 10
30.772125
 20
-1.65844
 30
0.0
 11
30.794199
 21
-1.653926
 31
0.0
  0
LINE
  5
1FE9
330
1F
100
AcDbEntity
  8
1
  6
CONTINUOUS
370
50
 62
4
100
AcDbLine
 10
30.794199
 20
-1.653926
 30
0.0
 11
30.816275
 21
-1.649411
 31
0.0
  0
LINE
  5
1FEA
330
1F
100
AcDbEntity
  8
1
  6
CONTINUOUS
370
50
 62
4
100
AcDbLine
 10
30.816275
 20
-1.649411
 30
0.0
 11
30.83835
 21
-1.644894
 31
0.0
  0
LINE
  5
1FEB
330
1F
100
AcDbEntity
  8
1
  6
CONTINUOUS
370
50
 62
4
100
AcDbLine
 10
24.422129
 20
1.447893
 30
0.0
 11
24.444202
 21
1.45241
 31
0.0
  0
LINE
  5
1FEC
330
1F
100
AcDbEntity
  8
1
  6
CONTINUOUS
370
50
 62
4
100
AcDbLine
 10
24.400055
 20
1.443372
 30
0.0
 11
24.422129
 21
1.447893
 31
0.0
  0
LINE
  5
1FED
330
1F
100
AcDbEntity
  8
1
  6
CONTINUOUS
370
50
 62
4
100
AcDbLine
 10
24.377981
 20
1.438847
 30
0.0
 11
24.400055
 21
1.443372
 31
0.0
  0
LINE
  5
1FEE
330
1F
100
AcDbEntity
  8
1
  6
CONTINUOUS
370
50
 62
4
100
AcDbLine
 10
24.355907
 20
1.434319
 30
0.0
 11
24.377981
 21
1.438847
 31
0.0
  0
LINE
  5
1FEF
330
1F
100
AcDbEntity
  8
1
  6
CONTINUOUS
370
50
 62
4
100
AcDbLine
 10
24.333834
 20
1.429788
 30
0.0
 11
24.355907
 21
1.434319
 31
0.0
  0
LINE
  5
1FF0
330
1F
100
AcDbEntity
  8
1
  6
CONTINUOUS
370
50
 62
4
100
AcDbLine
 10
34.917168
 20
-1.311327
 30
0.0
 11
34.93924
 21
-1.306793
 31
0.0
  0
LINE
  5
1FF1
330
1F
100
AcDbEntity
  8
1
  6
CONTINUOUS
370
50
 62
4
100
AcDbLine
 10
34.93924
 20
-1.306793
 30
0.0
 11
34.961315
 21
-1.302257
 31
0.0
  0
LINE
  5
1FF2
330
1F
100
AcDbEntity
  8
1
  6
CONTINUOUS
370
50
 62
4
100
AcDbLine
 10
34.961315
 20
-1.302257
 30
0.0
 11
34.983387
 21
-1.297718
 31
0.0
  0
LINE
  5
1FF3
330
1F
100
AcDbEntity
  8
1
  6
CONTINUOUS
370
50
 62
4
100
AcDbLine
 10
34.983387
 20
-1.297718
 30
0.0
 11
35.005463
 21
-1.293176
 31
0.0
  0
LINE
  5
1FF4
330
1F
100
AcDbEntity
  8
1
  6
CONTINUOUS
370
50
 62
4
100
AcDbLine
 10
35.005463
 20
-1.293176
 30
0.0
 11
35.027534
 21
-1.288632
 31
0.0
  0
LINE
  5
1FF5
330
1F
100
AcDbEntity
  8
1
  6
CONTINUOUS
370
50
 62
4
100
AcDbLine
 10
35.027534
 20
-1.288632
 30
0.0
 11
35.04961
 21
-1.284085
 31
0.0
  0
LINE
  5
1FF6
330
1F
100
AcDbEntity
  8
1
  6
CONTINUOUS
370
50
 62
4
100
AcDbLine
 10
35.04961
 20
-1.284085
 30
0.0
 11
35.071682
 21
-1.279536
 31
0.0
  0
LINE
  5
1FF7
330
1F
100
AcDbEntity
  8
1
  6
CONTINUOUS
370
50
 62
4
100
AcDbLine
 10
22.349607
 20
1.520438
 30
0.0
 11
22.371683
 21
1.525003
 31
0.0
  0
LINE
  5
1FF8
330
1F
100
AcDbEntity
  8
1
  6
CONTINUOUS
370
50
 62
4
100
AcDbLine
 10
22.327534
 20
1.515868
 30
0.0
 11
22.349607
 21
1.520438
 31
0.0
  0
LINE
  5
1FF9
330
1F
100
AcDbEntity
  8
1
  6
CONTINUOUS
370
50
 62
4
100
AcDbLine
 10
22.30546
 20
1.511292
 30
0.0
 11
22.327534
 21
1.515868
 31
0.0
  0
LINE
  5
1FFA
330
1F
100
AcDbEntity
  8
1
  6
CONTINUOUS
370
50
 62
4
100
AcDbLine
 10
22.283386
 20
1.506711
 30
0.0
 11
22.30546
 21
1.511292
 31
0.0
  0
LINE
  5
1FFB
330
1F
100
AcDbEntity
  8
1
  6
CONTINUOUS
370
50
 62
4
100
AcDbLine
 10
22.261312
 20
1.502125
 30
0.0
 11
22.283386
 21
1.506711
 31
0.0
  0
LINE
  5
1FFC
330
1F
100
AcDbEntity
  8
1
  6
CONTINUOUS
370
50
 62
4
100
AcDbLine
 10
31.742167
 20
-1.458439
 30
0.0
 11
31.764238
 21
-1.453851
 31
0.0
  0
LINE
  5
1FFD
330
1F
100
AcDbEntity
  8
1
  6
CONTINUOUS
370
50
 62
4
100
AcDbLine
 10
31.764238
 20
-1.453851
 30
0.0
 11
31.786312
 21
-1.449262
 31
0.0
  0
LINE
  5
1FFE
330
1F
100
AcDbEntity
  8
1
  6
CONTINUOUS
370
50
 62
4
100
AcDbLine
 10
22.239239
 20
1.497534
 30
0.0
 11
22.261312
 21
1.502125
 31
0.0
  0
LINE
  5
1FFF
330
1F
100
AcDbEntity
  8
1
  6
CONTINUOUS
370
50
 62
4
100
AcDbLine
 10
31.786312
 20
-1.449262
 30
0.0
 11
31.808386
 21
-1.44467
 31
0.0
  0
LINE
  5
2000
330
1F
100
AcDbEntity
  8
1
  6
CONTINUOUS
370
50
 62
4
100
AcDbLine
 10
31.808386
 20
-1.44467
 30
0.0
 11
31.83046
 21
-1.440077
 31
0.0
  0
LINE
  5
2001
330
1F
100
AcDbEntity
  8
1
  6
CONTINUOUS
370
50
 62
4
100
AcDbLine
 10
31.83046
 20
-1.440077
 30
0.0
 11
31.852533
 21
-1.435482
 31
0.0
  0
LINE
  5
2002
330
1F
100
AcDbEntity
  8
1
  6
CONTINUOUS
370
50
 62
4
100
AcDbLine
 10
31.852533
 20
-1.435482
 30
0.0
 11
31.874609
 21
-1.430886
 31
0.0
  0
LINE
  5
2003
330
1F
100
AcDbEntity
  8
1
  6
CONTINUOUS
370
50
 62
4
100
AcDbLine
 10
22.217167
 20
1.492937
 30
0.0
 11
22.239239
 21
1.497534
 31
0.0
  0
LINE
  5
2004
330
1F
100
AcDbEntity
  8
1
  6
CONTINUOUS
370
50
 62
4
100
AcDbLine
 10
31.874609
 20
-1.430886
 30
0.0
 11
31.896683
 21
-1.426288
 31
0.0
  0
LINE
  5
2005
330
1F
100
AcDbEntity
  8
1
  6
CONTINUOUS
370
50
 62
4
100
AcDbLine
 10
30.838345
 20
2.91836
 30
0.0
 11
30.841534
 21
2.919029
 31
0.0
  0
LINE
  5
2006
330
1F
100
AcDbEntity
  8
1
  6
CONTINUOUS
370
50
 62
4
100
AcDbLine
 10
29.827696
 20
2.804714
 30
0.0
 11
29.839859
 21
2.80727
 31
0.0
  0
LINE
  5
2007
330
1F
100
AcDbEntity
  8
1
  6
CONTINUOUS
370
50
 62
4
100
AcDbLine
 10
35.975498
 20
-1.091074
 30
0.0
 11
35.997574
 21
-1.086417
 31
0.0
  0
LINE
  5
2008
330
1F
100
AcDbEntity
  8
1
  6
CONTINUOUS
370
50
 62
4
100
AcDbLine
 10
32.80049899999999
 20
-1.23678
 30
0.0
 11
32.822575
 21
-1.232122
 31
0.0
  0
LINE
  5
2009
330
1F
100
AcDbEntity
  8
1
  6
CONTINUOUS
370
50
 62
4
100
AcDbLine
 10
35.997574
 20
-1.086417
 30
0.0
 11
36.01965
 21
-1.081758
 31
0.0
  0
LINE
  5
200A
330
1F
100
AcDbEntity
  8
1
  6
CONTINUOUS
370
50
 62
4
100
AcDbLine
 10
32.822575
 20
-1.232122
 30
0.0
 11
32.844646
 21
-1.227463
 31
0.0
  0
LINE
  5
200B
330
1F
100
AcDbEntity
  8
1
  6
CONTINUOUS
370
50
 62
4
100
AcDbLine
 10
32.844646
 20
-1.227463
 30
0.0
 11
32.866718
 21
-1.222803
 31
0.0
  0
LINE
  5
200C
330
1F
100
AcDbEntity
  8
1
  6
CONTINUOUS
370
50
 62
4
100
AcDbLine
 10
32.866718
 20
-1.222803
 30
0.0
 11
32.888794
 21
-1.218141
 31
0.0
  0
LINE
  5
200D
330
1F
100
AcDbEntity
  8
1
  6
CONTINUOUS
370
50
 62
4
100
AcDbLine
 10
36.01965
 20
-1.081758
 30
0.0
 11
36.041721
 21
-1.077096
 31
0.0
  0
LINE
  5
200E
330
1F
100
AcDbEntity
  8
1
  6
CONTINUOUS
370
50
 62
4
100
AcDbLine
 10
32.888794
 20
-1.218141
 30
0.0
 11
32.910866
 21
-1.213478
 31
0.0
  0
LINE
  5
200F
330
1F
100
AcDbEntity
  8
1
  6
CONTINUOUS
370
50
 62
4
100
AcDbLine
 10
36.041721
 20
-1.077096
 30
0.0
 11
36.063797
 21
-1.072432
 31
0.0
  0
LINE
  5
2010
330
1F
100
AcDbEntity
  8
1
  6
CONTINUOUS
370
50
 62
4
100
AcDbLine
 10
32.910866
 20
-1.213478
 30
0.0
 11
32.932941
 21
-1.208813
 31
0.0
  0
LINE
  5
2011
330
1F
100
AcDbEntity
  8
1
  6
CONTINUOUS
370
50
 62
4
100
AcDbLine
 10
32.932941
 20
-1.208813
 30
0.0
 11
32.955017
 21
-1.204147
 31
0.0
  0
LINE
  5
2012
330
1F
100
AcDbEntity
  8
1
  6
CONTINUOUS
370
50
 62
4
100
AcDbLine
 10
36.063797
 20
-1.072432
 30
0.0
 11
36.085869
 21
-1.067765
 31
0.0
  0
LINE
  5
2013
330
1F
100
AcDbEntity
  8
1
  6
CONTINUOUS
370
50
 62
4
100
AcDbLine
 10
36.085869
 20
-1.067765
 30
0.0
 11
36.107944
 21
-1.063095
 31
0.0
  0
LINE
  5
2014
330
1F
100
AcDbEntity
  8
1
  6
CONTINUOUS
370
50
 62
4
100
AcDbLine
 10
36.107944
 20
-1.063095
 30
0.0
 11
36.130016
 21
-1.058423
 31
0.0
  0
LINE
  5
2015
330
1F
100
AcDbEntity
  8
1
  6
CONTINUOUS
370
50
 62
4
100
AcDbLine
 10
23.407942
 20
1.23631
 30
0.0
 11
23.430017
 21
1.241002
 31
0.0
  0
LINE
  5
2016
330
1F
100
AcDbEntity
  8
1
  6
CONTINUOUS
370
50
 62
4
100
AcDbLine
 10
23.385868
 20
1.231615
 30
0.0
 11
23.407942
 21
1.23631
 31
0.0
  0
LINE
  5
2017
330
1F
100
AcDbEntity
  8
1
  6
CONTINUOUS
370
50
 62
4
100
AcDbLine
 10
23.363794
 20
1.226916
 30
0.0
 11
23.385868
 21
1.231615
 31
0.0
  0
LINE
  5
2018
330
1F
100
AcDbEntity
  8
1
  6
CONTINUOUS
370
50
 62
4
100
AcDbLine
 10
23.341721
 20
1.222213
 30
0.0
 11
23.363794
 21
1.226916
 31
0.0
  0
LINE
  5
2019
330
1F
100
AcDbEntity
  8
1
  6
CONTINUOUS
370
50
 62
4
100
AcDbLine
 10
23.319647
 20
1.217507
 30
0.0
 11
23.341721
 21
1.222213
 31
0.0
  0
LINE
  5
201A
330
1F
100
AcDbEntity
  8
1
  6
CONTINUOUS
370
50
 62
4
100
AcDbLine
 10
23.297573
 20
1.212796
 30
0.0
 11
23.319647
 21
1.217507
 31
0.0
  0
LINE
  5
201B
330
1F
100
AcDbEntity
  8
1
  6
CONTINUOUS
370
50
 62
4
100
AcDbLine
 10
23.275499
 20
1.208081
 30
0.0
 11
23.297573
 21
1.212796
 31
0.0
  0
LINE
  5
201C
330
1F
100
AcDbEntity
  8
1
  6
CONTINUOUS
370
50
 62
4
100
AcDbLine
 10
33.858833
 20
-1.011965
 30
0.0
 11
33.880905
 21
-1.007244
 31
0.0
  0
LINE
  5
201D
330
1F
100
AcDbEntity
  8
1
  6
CONTINUOUS
370
50
 62
4
100
AcDbLine
 10
33.880905
 20
-1.007244
 30
0.0
 11
33.902981
 21
-1.002522
 31
0.0
  0
LINE
  5
201E
330
1F
100
AcDbEntity
  8
1
  6
CONTINUOUS
370
50
 62
4
100
AcDbLine
 10
33.925053
 20
-0.997798
 30
0.0
 11
33.947128
 21
-0.9930739999999999
 31
0.0
  0
LINE
  5
201F
330
1F
100
AcDbEntity
  8
1
  6
CONTINUOUS
370
50
 62
4
100
AcDbLine
 10
33.902981
 20
-1.002522
 30
0.0
 11
33.925053
 21
-0.997798
 31
0.0
  0
LINE
  5
2020
330
1F
100
AcDbEntity
  8
1
  6
CONTINUOUS
370
50
 62
4
100
AcDbLine
 10
33.9692
 20
-0.988347
 30
0.0
 11
33.991276
 21
-0.9836199999999999
 31
0.0
  0
LINE
  5
2021
330
1F
100
AcDbEntity
  8
1
  6
CONTINUOUS
370
50
 62
4
100
AcDbLine
 10
33.947128
 20
-0.9930739999999999
 30
0.0
 11
33.9692
 21
-0.988347
 31
0.0
  0
LINE
  5
2022
330
1F
100
AcDbEntity
  8
1
  6
CONTINUOUS
370
50
 62
4
100
AcDbLine
 10
33.991276
 20
-0.9836199999999999
 30
0.0
 11
34.013351
 21
-0.978891
 31
0.0
  0
LINE
  5
2023
330
1F
100
AcDbEntity
  8
1
  6
CONTINUOUS
370
50
 62
4
100
AcDbLine
 10
13.742202
 20
-0.171492
 30
0.0
 11
13.817502
 21
-0.155256
 31
0.0
  0
LINE
  5
2024
330
1F
100
AcDbEntity
  8
1
  6
CONTINUOUS
370
50
 62
4
100
AcDbLine
 10
26.911087
 20
-2.472022
 30
0.0
 11
26.933779
 21
-2.467121
 31
0.0
  0
LINE
  5
2025
330
1F
100
AcDbEntity
  8
1
  6
CONTINUOUS
370
50
 62
4
100
AcDbLine
 10
37.033833
 20
-0.8648779999999999
 30
0.0
 11
37.055908
 21
-0.8600949999999999
 31
0.0
  0
LINE
  5
2026
330
1F
100
AcDbEntity
  8
1
  6
CONTINUOUS
370
50
 62
4
100
AcDbLine
 10
34.917168
 20
-0.7841589999999999
 30
0.0
 11
34.93924
 21
-0.779376
 31
0.0
  0
LINE
  5
2027
330
1F
100
AcDbEntity
  8
1
  6
CONTINUOUS
370
50
 62
4
100
AcDbLine
 10
34.93924
 20
-0.779376
 30
0.0
 11
34.961315
 21
-0.7745909999999999
 31
0.0
  0
LINE
  5
2028
330
1F
100
AcDbEntity
  8
1
  6
CONTINUOUS
370
50
 62
4
100
AcDbLine
 10
37.055908
 20
-0.8600949999999999
 30
0.0
 11
37.07798
 21
-0.85531
 31
0.0
  0
LINE
  5
2029
330
1F
100
AcDbEntity
  8
1
  6
CONTINUOUS
370
50
 62
4
100
AcDbLine
 10
34.961315
 20
-0.7745909999999999
 30
0.0
 11
34.983387
 21
-0.769805
 31
0.0
  0
LINE
  5
202A
330
1F
100
AcDbEntity
  8
1
  6
CONTINUOUS
370
50
 62
4
100
AcDbLine
 10
37.07798
 20
-0.85531
 30
0.0
 11
37.100056
 21
-0.8505229999999999
 31
0.0
  0
LINE
  5
202B
330
1F
100
AcDbEntity
  8
1
  6
CONTINUOUS
370
50
 62
4
100
AcDbLine
 10
34.983387
 20
-0.769805
 30
0.0
 11
35.005463
 21
-0.765018
 31
0.0
  0
LINE
  5
202C
330
1F
100
AcDbEntity
  8
1
  6
CONTINUOUS
370
50
 62
4
100
AcDbLine
 10
35.027534
 20
-0.7602289999999999
 30
0.0
 11
35.04961
 21
-0.755439
 31
0.0
  0
LINE
  5
202D
330
1F
100
AcDbEntity
  8
1
  6
CONTINUOUS
370
50
 62
4
100
AcDbLine
 10
35.005463
 20
-0.765018
 30
0.0
 11
35.027534
 21
-0.7602289999999999
 31
0.0
  0
LINE
  5
202E
330
1F
100
AcDbEntity
  8
1
  6
CONTINUOUS
370
50
 62
4
100
AcDbLine
 10
37.100056
 20
-0.8505229999999999
 30
0.0
 11
37.122131
 21
-0.845733
 31
0.0
  0
LINE
  5
202F
330
1F
100
AcDbEntity
  8
1
  6
CONTINUOUS
370
50
 62
4
100
AcDbLine
 10
35.04961
 20
-0.755439
 30
0.0
 11
35.071682
 21
-0.750648
 31
0.0
  0
LINE
  5
2030
330
1F
100
AcDbEntity
  8
1
  6
CONTINUOUS
370
50
 62
4
100
AcDbLine
 10
37.122131
 20
-0.845733
 30
0.0
 11
37.144203
 21
-0.8409399999999999
 31
0.0
  0
LINE
  5
2031
330
1F
100
AcDbEntity
  8
1
  6
CONTINUOUS
370
50
 62
4
100
AcDbLine
 10
37.144203
 20
-0.8409399999999999
 30
0.0
 11
37.166275
 21
-0.8361449999999999
 31
0.0
  0
LINE
  5
2032
330
1F
100
AcDbEntity
  8
1
  6
CONTINUOUS
370
50
 62
4
100
AcDbLine
 10
37.166275
 20
-0.8361449999999999
 30
0.0
 11
37.188351
 21
-0.831347
 31
0.0
  0
LINE
  5
2033
330
1F
100
AcDbEntity
  8
1
  6
CONTINUOUS
370
50
 62
4
100
AcDbLine
 10
21.291275
 20
1.295248
 30
0.0
 11
21.313351
 21
1.300074
 31
0.0
  0
LINE
  5
2034
330
1F
100
AcDbEntity
  8
1
  6
CONTINUOUS
370
50
 62
4
100
AcDbLine
 10
21.269199
 20
1.290417
 30
0.0
 11
21.291275
 21
1.295248
 31
0.0
  0
LINE
  5
2035
330
1F
100
AcDbEntity
  8
1
  6
CONTINUOUS
370
50
 62
4
100
AcDbLine
 10
21.247126
 20
1.285581
 30
0.0
 11
21.269199
 21
1.290417
 31
0.0
  0
LINE
  5
2036
330
1F
100
AcDbEntity
  8
1
  6
CONTINUOUS
370
50
 62
4
100
AcDbLine
 10
21.225052
 20
1.280739
 30
0.0
 11
21.247126
 21
1.285581
 31
0.0
  0
LINE
  5
2037
330
1F
100
AcDbEntity
  8
1
  6
CONTINUOUS
370
50
 62
4
100
AcDbLine
 10
35.975498
 20
-0.5533129999999999
 30
0.0
 11
35.997574
 21
-0.548465
 31
0.0
  0
LINE
  5
2038
330
1F
100
AcDbEntity
  8
1
  6
CONTINUOUS
370
50
 62
4
100
AcDbLine
 10
21.202978
 20
1.275891
 30
0.0
 11
21.225052
 21
1.280739
 31
0.0
  0
LINE
  5
2039
330
1F
100
AcDbEntity
  8
1
  6
CONTINUOUS
370
50
 62
4
100
AcDbLine
 10
35.997574
 20
-0.548465
 30
0.0
 11
36.01965
 21
-0.543615
 31
0.0
  0
LINE
  5
203A
330
1F
100
AcDbEntity
  8
1
  6
CONTINUOUS
370
50
 62
4
100
AcDbLine
 10
36.041721
 20
-0.538764
 30
0.0
 11
36.063797
 21
-0.5339119999999999
 31
0.0
  0
LINE
  5
203B
330
1F
100
AcDbEntity
  8
1
  6
CONTINUOUS
370
50
 62
4
100
AcDbLine
 10
36.01965
 20
-0.543615
 30
0.0
 11
36.041721
 21
-0.538764
 31
0.0
  0
LINE
  5
203C
330
1F
100
AcDbEntity
  8
1
  6
CONTINUOUS
370
50
 62
4
100
AcDbLine
 10
21.180906
 20
1.271038
 30
0.0
 11
21.202978
 21
1.275891
 31
0.0
  0
LINE
  5
203D
330
1F
100
AcDbEntity
  8
1
  6
CONTINUOUS
370
50
 62
4
100
AcDbLine
 10
36.063797
 20
-0.5339119999999999
 30
0.0
 11
36.085869
 21
-0.529058
 31
0.0
  0
LINE
  5
203E
330
1F
100
AcDbEntity
  8
1
  6
CONTINUOUS
370
50
 62
4
100
AcDbLine
 10
36.085869
 20
-0.529058
 30
0.0
 11
36.107944
 21
-0.524203
 31
0.0
  0
LINE
  5
203F
330
1F
100
AcDbEntity
  8
1
  6
CONTINUOUS
370
50
 62
4
100
AcDbLine
 10
36.107944
 20
-0.524203
 30
0.0
 11
36.130016
 21
-0.519346
 31
0.0
  0
LINE
  5
2040
330
1F
100
AcDbEntity
  8
1
  6
CONTINUOUS
370
50
 62
4
100
AcDbLine
 10
21.158833
 20
1.26618
 30
0.0
 11
21.180906
 21
1.271038
 31
0.0
  0
LINE
  5
2041
330
1F
100
AcDbEntity
  8
1
  6
CONTINUOUS
370
50
 62
4
100
AcDbLine
 10
22.349607
 20
1.006707
 30
0.0
 11
22.371683
 21
1.011592
 31
0.0
  0
LINE
  5
2042
330
1F
100
AcDbEntity
  8
1
  6
CONTINUOUS
370
50
 62
4
100
AcDbLine
 10
22.327534
 20
1.001818
 30
0.0
 11
22.349607
 21
1.006707
 31
0.0
  0
LINE
  5
2043
330
1F
100
AcDbEntity
  8
1
  6
CONTINUOUS
370
50
 62
4
100
AcDbLine
 10
22.30546
 20
0.996925
 30
0.0
 11
22.327534
 21
1.001818
 31
0.0
  0
LINE
  5
2044
330
1F
100
AcDbEntity
  8
1
  6
CONTINUOUS
370
50
 62
4
100
AcDbLine
 10
22.283386
 20
0.9920279999999999
 30
0.0
 11
22.30546
 21
0.996925
 31
0.0
  0
LINE
  5
2045
330
1F
100
AcDbEntity
  8
1
  6
CONTINUOUS
370
50
 62
4
100
AcDbLine
 10
22.261312
 20
0.987127
 30
0.0
 11
22.283386
 21
0.9920279999999999
 31
0.0
  0
LINE
  5
2046
330
1F
100
AcDbEntity
  8
1
  6
CONTINUOUS
370
50
 62
4
100
AcDbLine
 10
22.239239
 20
0.9822219999999999
 30
0.0
 11
22.261312
 21
0.987127
 31
0.0
  0
LINE
  5
2047
330
1F
100
AcDbEntity
  8
1
  6
CONTINUOUS
370
50
 62
4
100
AcDbLine
 10
22.217167
 20
0.977313
 30
0.0
 11
22.239239
 21
0.9822219999999999
 31
0.0
  0
LINE
  5
2048
330
1F
100
AcDbEntity
  8
1
  6
CONTINUOUS
370
50
 62
4
100
AcDbLine
 10
38.092167
 20
-0.632589
 30
0.0
 11
38.11424299999999
 21
-0.627678
 31
0.0
  0
LINE
  5
2049
330
1F
100
AcDbEntity
  8
1
  6
CONTINUOUS
370
50
 62
4
100
AcDbLine
 10
38.11424299999999
 20
-0.627678
 30
0.0
 11
38.136314
 21
-0.622765
 31
0.0
  0
LINE
  5
204A
330
1F
100
AcDbEntity
  8
1
  6
CONTINUOUS
370
50
 62
4
100
AcDbLine
 10
38.136314
 20
-0.622765
 30
0.0
 11
38.15839
 21
-0.617849
 31
0.0
  0
LINE
  5
204B
330
1F
100
AcDbEntity
  8
1
  6
CONTINUOUS
370
50
 62
4
100
AcDbLine
 10
37.033833
 20
-0.319266
 30
0.0
 11
37.055908
 21
-0.314349
 31
0.0
  0
LINE
  5
204C
330
1F
100
AcDbEntity
  8
1
  6
CONTINUOUS
370
50
 62
4
100
AcDbLine
 10
38.15839
 20
-0.617849
 30
0.0
 11
38.180462
 21
-0.61293
 31
0.0
  0
LINE
  5
204D
330
1F
100
AcDbEntity
  8
1
  6
CONTINUOUS
370
50
 62
4
100
AcDbLine
 10
37.055908
 20
-0.314349
 30
0.0
 11
37.07798
 21
-0.30943
 31
0.0
  0
LINE
  5
204E
330
1F
100
AcDbEntity
  8
1
  6
CONTINUOUS
370
50
 62
4
100
AcDbLine
 10
37.07798
 20
-0.30943
 30
0.0
 11
37.100056
 21
-0.30451
 31
0.0
  0
LINE
  5
204F
330
1F
100
AcDbEntity
  8
1
  6
CONTINUOUS
370
50
 62
4
100
AcDbLine
 10
38.180462
 20
-0.61293
 30
0.0
 11
38.202538
 21
-0.608009
 31
0.0
  0
LINE
  5
2050
330
1F
100
AcDbEntity
  8
1
  6
CONTINUOUS
370
50
 62
4
100
AcDbLine
 10
37.100056
 20
-0.30451
 30
0.0
 11
37.122131
 21
-0.299589
 31
0.0
  0
LINE
  5
2051
330
1F
100
AcDbEntity
  8
1
  6
CONTINUOUS
370
50
 62
4
100
AcDbLine
 10
37.122131
 20
-0.299589
 30
0.0
 11
37.144203
 21
-0.294666
 31
0.0
  0
LINE
  5
2052
330
1F
100
AcDbEntity
  8
1
  6
CONTINUOUS
370
50
 62
4
100
AcDbLine
 10
37.166275
 20
-0.289741
 30
0.0
 11
37.188351
 21
-0.284816
 31
0.0
  0
LINE
  5
2053
330
1F
100
AcDbEntity
  8
1
  6
CONTINUOUS
370
50
 62
4
100
AcDbLine
 10
38.202538
 20
-0.608009
 30
0.0
 11
38.224609
 21
-0.603085
 31
0.0
  0
LINE
  5
2054
330
1F
100
AcDbEntity
  8
1
  6
CONTINUOUS
370
50
 62
4
100
AcDbLine
 10
40.684425
 20
-0.02044
 30
0.0
 11
40.73799899999999
 21
-0.008487
 31
0.0
  0
LINE
  5
2055
330
1F
100
AcDbEntity
  8
1
  6
CONTINUOUS
370
50
 62
4
100
AcDbLine
 10
37.144203
 20
-0.294666
 30
0.0
 11
37.166275
 21
-0.289741
 31
0.0
  0
LINE
  5
2056
330
1F
100
AcDbEntity
  8
1
  6
CONTINUOUS
370
50
 62
4
100
AcDbLine
 10
38.224609
 20
-0.603085
 30
0.0
 11
38.246685
 21
-0.598158
 31
0.0
  0
LINE
  5
2057
330
1F
100
AcDbEntity
  8
1
  6
CONTINUOUS
370
50
 62
4
100
AcDbLine
 10
20.188799
 20
1.04871
 30
0.0
 11
20.210873
 21
1.053686
 31
0.0
  0
LINE
  5
2058
330
1F
100
AcDbEntity
  8
1
  6
CONTINUOUS
370
50
 62
4
100
AcDbLine
 10
20.232944
 20
1.058663
 30
0.0
 11
20.255016
 21
1.063639
 31
0.0
  0
LINE
  5
2059
330
1F
100
AcDbEntity
  8
1
  6
CONTINUOUS
370
50
 62
4
100
AcDbLine
 10
19.064241
 20
0.7951269999999999
 30
0.0
 11
19.086317
 21
0.8001039999999999
 31
0.0
  0
LINE
  5
205A
330
1F
100
AcDbEntity
  8
1
  6
CONTINUOUS
370
50
 62
4
100
AcDbLine
 10
20.122576
 20
1.033779
 30
0.0
 11
20.144651
 21
1.038756
 31
0.0
  0
LINE
  5
205B
330
1F
100
AcDbEntity
  8
1
  6
CONTINUOUS
370
50
 62
4
100
AcDbLine
 10
19.086317
 20
0.8001039999999999
 30
0.0
 11
19.130465
 21
0.810058
 31
0.0
  0
LINE
  5
205C
330
1F
100
AcDbEntity
  8
1
  6
CONTINUOUS
370
50
 62
4
100
AcDbLine
 10
19.17461
 20
0.820012
 30
0.0
 11
19.196684
 21
0.824989
 31
0.0
  0
LINE
  5
205D
330
1F
100
AcDbEntity
  8
1
  6
CONTINUOUS
370
50
 62
4
100
AcDbLine
 10
20.144651
 20
1.038756
 30
0.0
 11
20.188799
 21
1.04871
 31
0.0
  0
LINE
  5
205E
330
1F
100
AcDbEntity
  8
1
  6
CONTINUOUS
370
50
 62
4
100
AcDbLine
 10
19.042168
 20
0.79015
 30
0.0
 11
19.064241
 21
0.7951269999999999
 31
0.0
  0
LINE
  5
205F
330
1F
100
AcDbEntity
  8
1
  6
CONTINUOUS
370
50
 62
4
100
AcDbLine
 10
19.130465
 20
0.810058
 30
0.0
 11
19.152538
 21
0.815035
 31
0.0
  0
LINE
  5
2060
330
1F
100
AcDbEntity
  8
1
  6
CONTINUOUS
370
50
 62
4
100
AcDbLine
 10
19.152538
 20
0.815035
 30
0.0
 11
19.17461
 21
0.820012
 31
0.0
  0
LINE
  5
2061
330
1F
100
AcDbEntity
  8
1
  6
CONTINUOUS
370
50
 62
4
100
AcDbLine
 10
20.1005
 20
1.028801
 30
0.0
 11
20.122576
 21
1.033779
 31
0.0
  0
LINE
  5
2062
330
1F
100
AcDbEntity
  8
1
  6
CONTINUOUS
370
50
 62
4
100
AcDbLine
 10
20.210873
 20
1.053686
 30
0.0
 11
20.232944
 21
1.058663
 31
0.0
  0
LINE
  5
2063
330
1F
100
AcDbEntity
  8
1
  6
CONTINUOUS
370
50
 62
4
100
AcDbLine
 10
38.092167
 20
-0.081843
 30
0.0
 11
38.11424299999999
 21
-0.076854
 31
0.0
  0
LINE
  5
2064
330
1F
100
AcDbEntity
  8
1
  6
CONTINUOUS
370
50
 62
4
100
AcDbLine
 10
38.11424299999999
 20
-0.076854
 30
0.0
 11
38.136314
 21
-0.071864
 31
0.0
  0
LINE
  5
2065
330
1F
100
AcDbEntity
  8
1
  6
CONTINUOUS
370
50
 62
4
100
AcDbLine
 10
38.136314
 20
-0.071864
 30
0.0
 11
38.15839
 21
-0.066872
 31
0.0
  0
LINE
  5
2066
330
1F
100
AcDbEntity
  8
1
  6
CONTINUOUS
370
50
 62
4
100
AcDbLine
 10
38.15839
 20
-0.066872
 30
0.0
 11
38.180462
 21
-0.061879
 31
0.0
  0
LINE
  5
2067
330
1F
100
AcDbEntity
  8
1
  6
CONTINUOUS
370
50
 62
4
100
AcDbLine
 10
38.180462
 20
-0.061879
 30
0.0
 11
38.202538
 21
-0.056884
 31
0.0
  0
LINE
  5
2068
330
1F
100
AcDbEntity
  8
1
  6
CONTINUOUS
370
50
 62
4
100
AcDbLine
 10
38.224609
 20
-0.051888
 30
0.0
 11
38.246685
 21
-0.046891
 31
0.0
  0
LINE
  5
2069
330
1F
100
AcDbEntity
  8
1
  6
CONTINUOUS
370
50
 62
4
100
AcDbLine
 10
38.202538
 20
-0.056884
 30
0.0
 11
38.224609
 21
-0.051888
 31
0.0
  0
LINE
  5
206A
330
1F
100
AcDbEntity
  8
1
  6
CONTINUOUS
370
50
 62
4
100
AcDbLine
 10
27.908611
 20
-2.581691
 30
0.0
 11
27.940414
 21
-2.574412
 31
0.0
  0
LINE
  5
206B
330
1F
100
AcDbEntity
  8
1
  6
CONTINUOUS
370
50
 62
4
100
AcDbLine
 10
39.150501
 20
-0.393507
 30
0.0
 11
39.172577
 21
-0.38842
 31
0.0
  0
LINE
  5
206C
330
1F
100
AcDbEntity
  8
1
  6
CONTINUOUS
370
50
 62
4
100
AcDbLine
 10
21.291275
 20
0.767567
 30
0.0
 11
21.313351
 21
0.772656
 31
0.0
  0
LINE
  5
206D
330
1F
100
AcDbEntity
  8
1
  6
CONTINUOUS
370
50
 62
4
100
AcDbLine
 10
39.172577
 20
-0.38842
 30
0.0
 11
39.194653
 21
-0.383328
 31
0.0
  0
LINE
  5
206E
330
1F
100
AcDbEntity
  8
1
  6
CONTINUOUS
370
50
 62
4
100
AcDbLine
 10
21.269199
 20
0.762474
 30
0.0
 11
21.291275
 21
0.767567
 31
0.0
  0
LINE
  5
206F
330
1F
100
AcDbEntity
  8
1
  6
CONTINUOUS
370
50
 62
4
100
AcDbLine
 10
39.194653
 20
-0.383328
 30
0.0
 11
39.216728
 21
-0.378231
 31
0.0
  0
LINE
  5
2070
330
1F
100
AcDbEntity
  8
1
  6
CONTINUOUS
370
50
 62
4
100
AcDbLine
 10
21.247126
 20
0.757377
 30
0.0
 11
21.269199
 21
0.762474
 31
0.0
  0
LINE
  5
2071
330
1F
100
AcDbEntity
  8
1
  6
CONTINUOUS
370
50
 62
4
100
AcDbLine
 10
21.225052
 20
0.752276
 30
0.0
 11
21.247126
 21
0.757377
 31
0.0
  0
LINE
  5
2072
330
1F
100
AcDbEntity
  8
1
  6
CONTINUOUS
370
50
 62
4
100
AcDbLine
 10
39.216728
 20
-0.378231
 30
0.0
 11
39.2388
 21
-0.37313
 31
0.0
  0
LINE
  5
2073
330
1F
100
AcDbEntity
  8
1
  6
CONTINUOUS
370
50
 62
4
100
AcDbLine
 10
21.202978
 20
0.7471709999999999
 30
0.0
 11
21.225052
 21
0.752276
 31
0.0
  0
LINE
  5
2074
330
1F
100
AcDbEntity
  8
1
  6
CONTINUOUS
370
50
 62
4
100
AcDbLine
 10
39.2388
 20
-0.37313
 30
0.0
 11
39.260872
 21
-0.368025
 31
0.0
  0
LINE
  5
2075
330
1F
100
AcDbEntity
  8
1
  6
CONTINUOUS
370
50
 62
4
100
AcDbLine
 10
39.150501
 20
0.15967
 30
0.0
 11
39.172577
 21
0.16478
 31
0.0
  0
LINE
  5
2076
330
1F
100
AcDbEntity
  8
1
  6
CONTINUOUS
370
50
 62
4
100
AcDbLine
 10
19.042168
 20
0.242362
 30
0.0
 11
19.064241
 21
0.247472
 31
0.0
  0
LINE
  5
2077
330
1F
100
AcDbEntity
  8
1
  6
CONTINUOUS
370
50
 62
4
100
AcDbLine
 10
39.260872
 20
-0.368025
 30
0.0
 11
39.282944
 21
-0.362915
 31
0.0
  0
LINE
  5
2078
330
1F
100
AcDbEntity
  8
1
  6
CONTINUOUS
370
50
 62
4
100
AcDbLine
 10
21.180906
 20
0.742061
 30
0.0
 11
21.202978
 21
0.7471709999999999
 31
0.0
  0
LINE
  5
2079
330
1F
100
AcDbEntity
  8
1
  6
CONTINUOUS
370
50
 62
4
100
AcDbLine
 10
19.064241
 20
0.247472
 30
0.0
 11
19.086317
 21
0.252583
 31
0.0
  0
LINE
  5
207A
330
1F
100
AcDbEntity
  8
1
  6
CONTINUOUS
370
50
 62
4
100
AcDbLine
 10
19.086317
 20
0.252583
 30
0.0
 11
19.108391
 21
0.257695
 31
0.0
  0
LINE
  5
207B
330
1F
100
AcDbEntity
  8
1
  6
CONTINUOUS
370
50
 62
4
100
AcDbLine
 10
39.172577
 20
0.16478
 30
0.0
 11
39.194653
 21
0.169894
 31
0.0
  0
LINE
  5
207C
330
1F
100
AcDbEntity
  8
1
  6
CONTINUOUS
370
50
 62
4
100
AcDbLine
 10
19.108391
 20
0.257695
 30
0.0
 11
19.130465
 21
0.262809
 31
0.0
  0
LINE
  5
207D
330
1F
100
AcDbEntity
  8
1
  6
CONTINUOUS
370
50
 62
4
100
AcDbLine
 10
21.158833
 20
0.736947
 30
0.0
 11
21.180906
 21
0.742061
 31
0.0
  0
LINE
  5
207E
330
1F
100
AcDbEntity
  8
1
  6
CONTINUOUS
370
50
 62
4
100
AcDbLine
 10
39.282944
 20
-0.362915
 30
0.0
 11
39.30501599999999
 21
-0.357801
 31
0.0
  0
LINE
  5
207F
330
1F
100
AcDbEntity
  8
1
  6
CONTINUOUS
370
50
 62
4
100
AcDbLine
 10
19.130465
 20
0.262809
 30
0.0
 11
19.152538
 21
0.267924
 31
0.0
  0
LINE
  5
2080
330
1F
100
AcDbEntity
  8
1
  6
CONTINUOUS
370
50
 62
4
100
AcDbLine
 10
19.152538
 20
0.267924
 30
0.0
 11
19.17461
 21
0.27304
 31
0.0
  0
LINE
  5
2081
330
1F
100
AcDbEntity
  8
1
  6
CONTINUOUS
370
50
 62
4
100
AcDbLine
 10
39.194653
 20
0.169894
 30
0.0
 11
39.216728
 21
0.175011
 31
0.0
  0
LINE
  5
2082
330
1F
100
AcDbEntity
  8
1
  6
CONTINUOUS
370
50
 62
4
100
AcDbLine
 10
19.17461
 20
0.27304
 30
0.0
 11
19.196684
 21
0.278157
 31
0.0
  0
LINE
  5
2083
330
1F
100
AcDbEntity
  8
1
  6
CONTINUOUS
370
50
 62
4
100
AcDbLine
 10
39.216728
 20
0.175011
 30
0.0
 11
39.2388
 21
0.180131
 31
0.0
  0
LINE
  5
2084
330
1F
100
AcDbEntity
  8
1
  6
CONTINUOUS
370
50
 62
4
100
AcDbLine
 10
39.2388
 20
0.180131
 30
0.0
 11
39.260872
 21
0.185255
 31
0.0
  0
LINE
  5
2085
330
1F
100
AcDbEntity
  8
1
  6
CONTINUOUS
370
50
 62
4
100
AcDbLine
 10
39.260872
 20
0.185255
 30
0.0
 11
39.282948
 21
0.190382
 31
0.0
  0
LINE
  5
2086
330
1F
100
AcDbEntity
  8
1
  6
CONTINUOUS
370
50
 62
4
100
AcDbLine
 10
39.282948
 20
0.190382
 30
0.0
 11
39.30501599999999
 21
0.195512
 31
0.0
  0
LINE
  5
2087
330
1F
100
AcDbEntity
  8
1
  6
CONTINUOUS
370
50
 62
4
100
AcDbLine
 10
20.1005
 20
0.488809
 30
0.0
 11
20.122576
 21
0.49398
 31
0.0
  0
LINE
  5
2088
330
1F
100
AcDbEntity
  8
1
  6
CONTINUOUS
370
50
 62
4
100
AcDbLine
 10
20.122576
 20
0.49398
 30
0.0
 11
20.14465
 21
0.499152
 31
0.0
  0
LINE
  5
2089
330
1F
100
AcDbEntity
  8
1
  6
CONTINUOUS
370
50
 62
4
100
AcDbLine
 10
20.14465
 20
0.499152
 30
0.0
 11
20.166725
 21
0.5043259999999999
 31
0.0
  0
LINE
  5
208A
330
1F
100
AcDbEntity
  8
1
  6
CONTINUOUS
370
50
 62
4
100
AcDbLine
 10
20.166725
 20
0.5043259999999999
 30
0.0
 11
20.188799
 21
0.5095
 31
0.0
  0
LINE
  5
208B
330
1F
100
AcDbEntity
  8
1
  6
CONTINUOUS
370
50
 62
4
100
AcDbLine
 10
20.188799
 20
0.5095
 30
0.0
 11
20.210873
 21
0.514676
 31
0.0
  0
LINE
  5
208C
330
1F
100
AcDbEntity
  8
1
  6
CONTINUOUS
370
50
 62
4
100
AcDbLine
 10
20.232944
 20
0.519853
 30
0.0
 11
20.255016
 21
0.52503
 31
0.0
  0
LINE
  5
208D
330
1F
100
AcDbEntity
  8
1
  6
CONTINUOUS
370
50
 62
4
100
AcDbLine
 10
20.210873
 20
0.514676
 30
0.0
 11
20.232944
 21
0.519853
 31
0.0
  0
LINE
  5
208E
330
1F
100
AcDbEntity
  8
1
  6
CONTINUOUS
370
50
 62
4
100
AcDbLine
 10
40.630871
 20
-0.033088
 30
0.0
 11
40.684425
 21
-0.02044
 31
0.0
  0
LINE
  5
208F
330
1F
100
AcDbEntity
  8
1
  6
CONTINUOUS
370
50
 62
4
100
AcDbLine
 10
13.668578
 20
-0.188901
 30
0.0
 11
13.742202
 21
-0.171492
 31
0.0
  0
LINE
  5
2090
330
1F
100
AcDbEntity
  8
1
  6
CONTINUOUS
370
50
 62
4
100
AcDbLine
 10
26.124903
 20
2.3934
 30
0.0
 11
26.141111
 21
2.397251
 31
0.0
  0
LINE
  5
2091
330
1F
100
AcDbEntity
  8
1
  6
CONTINUOUS
370
50
 62
4
100
AcDbLine
 10
40.208832
 20
0.408909
 30
0.0
 11
40.230911
 21
0.414208
 31
0.0
  0
LINE
  5
2092
330
1F
100
AcDbEntity
  8
1
  6
CONTINUOUS
370
50
 62
4
100
AcDbLine
 10
40.230911
 20
0.414208
 30
0.0
 11
40.252987
 21
0.41951
 31
0.0
  0
LINE
  5
2093
330
1F
100
AcDbEntity
  8
1
  6
CONTINUOUS
370
50
 62
4
100
AcDbLine
 10
40.252987
 20
0.41951
 30
0.0
 11
40.275063
 21
0.424816
 31
0.0
  0
LINE
  5
2094
330
1F
100
AcDbEntity
  8
1
  6
CONTINUOUS
370
50
 62
4
100
AcDbLine
 10
40.275063
 20
0.424816
 30
0.0
 11
40.297134
 21
0.430126
 31
0.0
  0
LINE
  5
2095
330
1F
100
AcDbEntity
  8
1
  6
CONTINUOUS
370
50
 62
4
100
AcDbLine
 10
40.297134
 20
0.430126
 30
0.0
 11
40.31921
 21
0.43544
 31
0.0
  0
LINE
  5
2096
330
1F
100
AcDbEntity
  8
1
  6
CONTINUOUS
370
50
 62
4
100
AcDbLine
 10
40.31921
 20
0.43544
 30
0.0
 11
40.341282
 21
0.440758
 31
0.0
  0
LINE
  5
2097
330
1F
100
AcDbEntity
  8
1
  6
CONTINUOUS
370
50
 62
4
100
AcDbLine
 10
40.341282
 20
0.440758
 30
0.0
 11
40.36335
 21
0.44608
 31
0.0
  0
LINE
  5
2098
330
1F
100
AcDbEntity
  8
1
  6
CONTINUOUS
370
50
 62
4
100
AcDbLine
 10
40.208832
 20
-0.144073
 30
0.0
 11
40.230911
 21
-0.138742
 31
0.0
  0
LINE
  5
2099
330
1F
100
AcDbEntity
  8
1
  6
CONTINUOUS
370
50
 62
4
100
AcDbLine
 10
40.230911
 20
-0.138742
 30
0.0
 11
40.252987
 21
-0.133406
 31
0.0
  0
LINE
  5
209A
330
1F
100
AcDbEntity
  8
1
  6
CONTINUOUS
370
50
 62
4
100
AcDbLine
 10
40.252987
 20
-0.133406
 30
0.0
 11
40.275063
 21
-0.128065
 31
0.0
  0
LINE
  5
209B
330
1F
100
AcDbEntity
  8
1
  6
CONTINUOUS
370
50
 62
4
100
AcDbLine
 10
40.275063
 20
-0.128065
 30
0.0
 11
40.297134
 21
-0.122719
 31
0.0
  0
LINE
  5
209C
330
1F
100
AcDbEntity
  8
1
  6
CONTINUOUS
370
50
 62
4
100
AcDbLine
 10
40.297134
 20
-0.122719
 30
0.0
 11
40.31921
 21
-0.117367
 31
0.0
  0
LINE
  5
209D
330
1F
100
AcDbEntity
  8
1
  6
CONTINUOUS
370
50
 62
4
100
AcDbLine
 10
40.31921
 20
-0.117367
 30
0.0
 11
40.341278
 21
-0.112011
 31
0.0
  0
LINE
  5
209E
330
1F
100
AcDbEntity
  8
1
  6
CONTINUOUS
370
50
 62
4
100
AcDbLine
 10
40.341278
 20
-0.112011
 30
0.0
 11
40.36335
 21
-0.106649
 31
0.0
  0
LINE
  5
209F
330
1F
100
AcDbEntity
  8
1
  6
CONTINUOUS
370
50
 62
4
100
AcDbLine
 10
12.666511
 20
3.93277
 30
0.0
 11
12.695772
 21
3.939891
 31
0.0
  0
LINE
  5
20A0
330
1F
100
AcDbEntity
  8
1
  6
CONTINUOUS
370
50
 62
4
100
AcDbLine
 10
27.242439
 20
2.512602
 30
0.0
 11
27.268946
 21
2.519082
 31
0.0
  0
LINE
  5
20A1
330
1F
100
AcDbEntity
  8
1
  6
CONTINUOUS
370
50
 62
4
100
AcDbLine
 10
40.577328
 20
-0.046428
 30
0.0
 11
40.630871
 21
-0.033088
 31
0.0
  0
LINE
  5
20A2
330
1F
100
AcDbEntity
  8
1
  6
CONTINUOUS
370
50
 62
4
100
AcDbLine
 10
13.596703
 20
-0.207456
 30
0.0
 11
13.668578
 21
-0.188901
 31
0.0
  0
LINE
  5
20A3
330
1F
100
AcDbEntity
  8
1
  6
CONTINUOUS
370
50
 62
4
100
AcDbLine
 10
40.523808
 20
-0.060458
 30
0.0
 11
40.577328
 21
-0.046428
 31
0.0
  0
LINE
  5
20A4
330
1F
100
AcDbEntity
  8
1
  6
CONTINUOUS
370
50
 62
4
100
AcDbLine
 10
18.667517
 20
0.129157
 30
0.0
 11
18.72109
 21
0.143271
 31
0.0
  0
LINE
  5
20A5
330
1F
100
AcDbEntity
  8
1
  6
CONTINUOUS
370
50
 62
4
100
AcDbLine
 10
40.470303
 20
-0.075173
 30
0.0
 11
40.523808
 21
-0.060458
 31
0.0
  0
LINE
  5
20A6
330
1F
100
AcDbEntity
  8
1
  6
CONTINUOUS
370
50
 62
4
100
AcDbLine
 10
28.805275
 20
2.685495
 30
0.0
 11
28.826889
 21
2.691451
 31
0.0
  0
LINE
  5
20A7
330
1F
100
AcDbEntity
  8
1
  6
CONTINUOUS
370
50
 62
4
100
AcDbLine
 10
29.81563
 20
2.801384
 30
0.0
 11
29.827696
 21
2.804714
 31
0.0
  0
LINE
  5
20A8
330
1F
100
AcDbEntity
  8
1
  6
CONTINUOUS
370
50
 62
4
100
AcDbLine
 10
18.72109
 20
0.143271
 30
0.0
 11
18.774649
 21
0.158071
 31
0.0
  0
LINE
  5
20A9
330
1F
100
AcDbEntity
  8
1
  6
CONTINUOUS
370
50
 62
4
100
AcDbLine
 10
13.526648
 20
-0.227127
 30
0.0
 11
13.596703
 21
-0.207456
 31
0.0
  0
LINE
  5
20AA
330
1F
100
AcDbEntity
  8
1
  6
CONTINUOUS
370
50
 62
4
100
AcDbLine
 10
16.191187
 20
1.2075
 30
0.0
 11
16.216175
 21
1.214677
 31
0.0
  0
LINE
  5
20AB
330
1F
100
AcDbEntity
  8
1
  6
CONTINUOUS
370
50
 62
4
100
AcDbLine
 10
40.41681699999999
 20
-0.090571
 30
0.0
 11
40.470303
 21
-0.075173
 31
0.0
  0
LINE
  5
20AC
330
1F
100
AcDbEntity
  8
1
  6
CONTINUOUS
370
50
 62
4
100
AcDbLine
 10
26.108616
 20
2.388697
 30
0.0
 11
26.124903
 21
2.3934
 31
0.0
  0
LINE
  5
20AD
330
1F
100
AcDbEntity
  8
1
  6
CONTINUOUS
370
50
 62
4
100
AcDbLine
 10
18.774649
 20
0.158071
 30
0.0
 11
18.82819
 21
0.173558
 31
0.0
  0
LINE
  5
20AE
330
1F
100
AcDbEntity
  8
1
  6
CONTINUOUS
370
50
 62
4
100
AcDbLine
 10
31.711031
 20
3.006566
 30
0.0
 11
31.742159
 21
3.015877
 31
0.0
  0
LINE
  5
20AF
330
1F
100
AcDbEntity
  8
1
  6
CONTINUOUS
370
50
 62
4
100
AcDbLine
 10
40.36335
 20
-0.106649
 30
0.0
 11
40.41681699999999
 21
-0.090571
 31
0.0
  0
LINE
  5
20B0
330
1F
100
AcDbEntity
  8
1
  6
CONTINUOUS
370
50
 62
4
100
AcDbLine
 10
18.82819
 20
0.173558
 30
0.0
 11
18.881714
 21
0.189731
 31
0.0
  0
LINE
  5
20B1
330
1F
100
AcDbEntity
  8
1
  6
CONTINUOUS
370
50
 62
4
100
AcDbLine
 10
13.458486
 20
-0.247886
 30
0.0
 11
13.526648
 21
-0.227127
 31
0.0
  0
LINE
  5
20B2
330
1F
100
AcDbEntity
  8
1
  6
CONTINUOUS
370
50
 62
4
100
AcDbLine
 10
26.933779
 20
-2.467121
 30
0.0
 11
26.956644
 21
-2.46015
 31
0.0
  0
LINE
  5
20B3
330
1F
100
AcDbEntity
  8
1
  6
CONTINUOUS
370
50
 62
4
100
AcDbLine
 10
28.343647
 20
2.629017
 30
0.0
 11
28.380194
 21
2.640236
 31
0.0
  0
LINE
  5
20B4
330
1F
100
AcDbEntity
  8
1
  6
CONTINUOUS
370
50
 62
4
100
AcDbLine
 10
12.640776
 20
3.924852
 30
0.0
 11
12.666511
 21
3.93277
 31
0.0
  0
LINE
  5
20B5
330
1F
100
AcDbEntity
  8
1
  6
CONTINUOUS
370
50
 62
4
100
AcDbLine
 10
30.923592
 20
-2.917223
 30
0.0
 11
30.957649
 21
-2.906538
 31
0.0
  0
LINE
  5
20B6
330
1F
100
AcDbEntity
  8
1
  6
CONTINUOUS
370
50
 62
4
100
AcDbLine
 10
18.881714
 20
0.189731
 30
0.0
 11
18.935217
 21
0.20659
 31
0.0
  0
LINE
  5
20B7
330
1F
100
AcDbEntity
  8
1
  6
CONTINUOUS
370
50
 62
4
100
AcDbLine
 10
29.923788
 20
-2.804426
 30
0.0
 11
29.96076
 21
-2.792673
 31
0.0
  0
LINE
  5
20B8
330
1F
100
AcDbEntity
  8
1
  6
CONTINUOUS
370
50
 62
4
100
AcDbLine
 10
31.927713
 20
-3.02639
 30
0.0
 11
31.959412
 21
-3.016309
 31
0.0
  0
LINE
  5
20B9
330
1F
100
AcDbEntity
  8
1
  6
CONTINUOUS
370
50
 62
4
100
AcDbLine
 10
23.768042
 20
2.140347
 30
0.0
 11
23.80468
 21
2.152349
 31
0.0
  0
LINE
  5
20BA
330
1F
100
AcDbEntity
  8
1
  6
CONTINUOUS
370
50
 62
4
100
AcDbLine
 10
18.935217
 20
0.20659
 30
0.0
 11
18.988701
 21
0.224133
 31
0.0
  0
LINE
  5
20BB
330
1F
100
AcDbEntity
  8
1
  6
CONTINUOUS
370
50
 62
4
100
AcDbLine
 10
13.39229
 20
-0.269706
 30
0.0
 11
13.458486
 21
-0.247886
 31
0.0
  0
LINE
  5
20BC
330
1F
100
AcDbEntity
  8
1
  6
CONTINUOUS
370
50
 62
4
100
AcDbLine
 10
27.215694
 20
2.503727
 30
0.0
 11
27.242439
 21
2.512602
 31
0.0
  0
LINE
  5
20BD
330
1F
100
AcDbEntity
  8
1
  6
CONTINUOUS
370
50
 62
4
100
AcDbLine
 10
27.782969
 20
2.567119
 30
0.0
 11
27.814289
 21
2.577614
 31
0.0
  0
LINE
  5
20BE
330
1F
100
AcDbEntity
  8
1
  6
CONTINUOUS
370
50
 62
4
100
AcDbLine
 10
30.582403
 20
2.880246
 30
0.0
 11
30.618675
 21
2.89241
 31
0.0
  0
LINE
  5
20BF
330
1F
100
AcDbEntity
  8
1
  6
CONTINUOUS
370
50
 62
4
100
AcDbLine
 10
24.767027
 20
2.242881
 30
0.0
 11
24.804531
 21
2.255506
 31
0.0
  0
LINE
  5
20C0
330
1F
100
AcDbEntity
  8
1
  6
CONTINUOUS
370
50
 62
4
100
AcDbLine
 10
28.928547
 20
-2.689282
 30
0.0
 11
28.969545
 21
-2.67547
 31
0.0
  0
LINE
  5
20C1
330
1F
100
AcDbEntity
  8
1
  6
CONTINUOUS
370
50
 62
4
100
AcDbLine
 10
29.458248
 20
2.752339
 30
0.0
 11
29.497646
 21
2.765664
 31
0.0
  0
LINE
  5
20C2
330
1F
100
AcDbEntity
  8
1
  6
CONTINUOUS
370
50
 62
4
100
AcDbLine
 10
26.092257
 20
2.383147
 30
0.0
 11
26.108616
 21
2.388697
 31
0.0
  0
LINE
  5
20C3
330
1F
100
AcDbEntity
  8
1
  6
CONTINUOUS
370
50
 62
4
100
AcDbLine
 10
18.988701
 20
0.224133
 30
0.0
 11
19.042168
 21
0.242362
 31
0.0
  0
LINE
  5
20C4
330
1F
100
AcDbEntity
  8
1
  6
CONTINUOUS
370
50
 62
4
100
AcDbLine
 10
29.803659
 20
2.797281
 30
0.0
 11
29.81563
 21
2.801384
 31
0.0
  0
LINE
  5
20C5
330
1F
100
AcDbEntity
  8
1
  6
CONTINUOUS
370
50
 62
4
100
AcDbLine
 10
39.626095
 20
-0.233143
 30
0.0
 11
39.679668
 21
-0.214679
 31
0.0
  0
LINE
  5
20C6
330
1F
100
AcDbEntity
  8
1
  6
CONTINUOUS
370
50
 62
4
100
AcDbLine
 10
13.328132
 20
-0.292556
 30
0.0
 11
13.39229
 21
-0.269706
 31
0.0
  0
LINE
  5
20C7
330
1F
100
AcDbEntity
  8
1
  6
CONTINUOUS
370
50
 62
4
100
AcDbLine
 10
39.57254
 20
-0.252272
 30
0.0
 11
39.626095
 21
-0.233143
 31
0.0
  0
LINE
  5
20C8
330
1F
100
AcDbEntity
  8
1
  6
CONTINUOUS
370
50
 62
4
100
AcDbLine
 10
27.940414
 20
-2.574412
 30
0.0
 11
27.972591
 21
-2.562905
 31
0.0
  0
LINE
  5
20C9
330
1F
100
AcDbEntity
  8
1
  6
CONTINUOUS
370
50
 62
4
100
AcDbLine
 10
25.76458
 20
2.345958
 30
0.0
 11
25.803394
 21
2.359859
 31
0.0
  0
LINE
  5
20CA
330
1F
100
AcDbEntity
  8
1
  6
CONTINUOUS
370
50
 62
4
100
AcDbLine
 10
39.519001
 20
-0.272064
 30
0.0
 11
39.57254
 21
-0.252272
 31
0.0
  0
LINE
  5
20CB
330
1F
100
AcDbEntity
  8
1
  6
CONTINUOUS
370
50
 62
4
100
AcDbLine
 10
39.465481
 20
-0.292515
 30
0.0
 11
39.519001
 21
-0.272064
 31
0.0
  0
LINE
  5
20CC
330
1F
100
AcDbEntity
  8
1
  6
CONTINUOUS
370
50
 62
4
100
AcDbLine
 10
13.266085
 20
-0.316411
 30
0.0
 11
13.328132
 21
-0.292556
 31
0.0
  0
LINE
  5
20CD
330
1F
100
AcDbEntity
  8
1
  6
CONTINUOUS
370
50
 62
4
100
AcDbLine
 10
28.783945
 20
2.677228
 30
0.0
 11
28.805275
 21
2.685495
 31
0.0
  0
LINE
  5
20CE
330
1F
100
AcDbEntity
  8
1
  6
CONTINUOUS
370
50
 62
4
100
AcDbLine
 10
26.075825
 20
2.376754
 30
0.0
 11
26.092257
 21
2.383147
 31
0.0
  0
LINE
  5
20CF
330
1F
100
AcDbEntity
  8
1
  6
CONTINUOUS
370
50
 62
4
100
AcDbLine
 10
26.76079
 20
2.449679
 30
0.0
 11
26.802057
 21
2.465828
 31
0.0
  0
LINE
  5
20D0
330
1F
100
AcDbEntity
  8
1
  6
CONTINUOUS
370
50
 62
4
100
AcDbLine
 10
26.956644
 20
-2.46015
 30
0.0
 11
26.979679
 21
-2.451113
 31
0.0
  0
LINE
  5
20D1
330
1F
100
AcDbEntity
  8
1
  6
CONTINUOUS
370
50
 62
4
100
AcDbLine
 10
19.725849
 20
0.327027
 30
0.0
 11
19.779427
 21
0.348067
 31
0.0
  0
LINE
  5
20D2
330
1F
100
AcDbEntity
  8
1
  6
CONTINUOUS
370
50
 62
4
100
AcDbLine
 10
18.452887
 20
1.370453
 30
0.0
 11
18.52
 21
1.396898
 31
0.0
  0
LINE
  5
20D3
330
1F
100
AcDbEntity
  8
1
  6
CONTINUOUS
370
50
 62
4
100
AcDbLine
 10
39.411976
 20
-0.313624
 30
0.0
 11
39.465481
 21
-0.292515
 31
0.0
  0
LINE
  5
20D4
330
1F
100
AcDbEntity
  8
1
  6
CONTINUOUS
370
50
 62
4
100
AcDbLine
 10
16.216175
 20
1.214677
 30
0.0
 11
16.240267
 21
1.22439
 31
0.0
  0
LINE
  5
20D5
330
1F
100
AcDbEntity
  8
1
  6
CONTINUOUS
370
50
 62
4
100
AcDbLine
 10
12.619205
 20
3.916105
 30
0.0
 11
12.640776
 21
3.924852
 31
0.0
  0
LINE
  5
20D6
330
1F
100
AcDbEntity
  8
1
  6
CONTINUOUS
370
50
 62
4
100
AcDbLine
 10
19.779427
 20
0.348067
 30
0.0
 11
19.832985
 21
0.369798
 31
0.0
  0
LINE
  5
20D7
330
1F
100
AcDbEntity
  8
1
  6
CONTINUOUS
370
50
 62
4
100
AcDbLine
 10
39.358486
 20
-0.335387
 30
0.0
 11
39.411976
 21
-0.313624
 31
0.0
  0
LINE
  5
20D8
330
1F
100
AcDbEntity
  8
1
  6
CONTINUOUS
370
50
 62
4
100
AcDbLine
 10
29.791786
 20
2.792404
 30
0.0
 11
29.803659
 21
2.797281
 31
0.0
  0
LINE
  5
20D9
330
1F
100
AcDbEntity
  8
1
  6
CONTINUOUS
370
50
 62
4
100
AcDbLine
 10
13.206222
 20
-0.341239
 30
0.0
 11
13.266085
 21
-0.316411
 31
0.0
  0
LINE
  5
20DA
330
1F
100
AcDbEntity
  8
1
  6
CONTINUOUS
370
50
 62
4
100
AcDbLine
 10
27.188726
 20
2.492483
 30
0.0
 11
27.215694
 21
2.503727
 31
0.0
  0
LINE
  5
20DB
330
1F
100
AcDbEntity
  8
1
  6
CONTINUOUS
370
50
 62
4
100
AcDbLine
 10
19.832985
 20
0.369798
 30
0.0
 11
19.886528
 21
0.392221
 31
0.0
  0
LINE
  5
20DC
330
1F
100
AcDbEntity
  8
1
  6
CONTINUOUS
370
50
 62
4
100
AcDbLine
 10
39.30501599999999
 20
-0.357801
 30
0.0
 11
39.358486
 21
-0.335387
 31
0.0
  0
LINE
  5
20DD
330
1F
100
AcDbEntity
  8
1
  6
CONTINUOUS
370
50
 62
4
100
AcDbLine
 10
28.306534
 20
2.613036
 30
0.0
 11
28.343647
 21
2.629017
 31
0.0
  0
LINE
  5
20DE
330
1F
100
AcDbEntity
  8
1
  6
CONTINUOUS
370
50
 62
4
100
AcDbLine
 10
19.886528
 20
0.392221
 30
0.0
 11
19.940052
 21
0.415334
 31
0.0
  0
LINE
  5
20DF
330
1F
100
AcDbEntity
  8
1
  6
CONTINUOUS
370
50
 62
4
100
AcDbLine
 10
31.679255
 20
2.992817
 30
0.0
 11
31.711031
 21
3.006566
 31
0.0
  0
LINE
  5
20E0
330
1F
100
AcDbEntity
  8
1
  6
CONTINUOUS
370
50
 62
4
100
AcDbLine
 10
32.955013
 20
-3.126104
 30
0.0
 11
32.988331
 21
-3.111421
 31
0.0
  0
LINE
  5
20E1
330
1F
100
AcDbEntity
  8
1
  6
CONTINUOUS
370
50
 62
4
100
AcDbLine
 10
19.940052
 20
0.415334
 30
0.0
 11
19.993555
 21
0.439137
 31
0.0
  0
LINE
  5
20E2
330
1F
100
AcDbEntity
  8
1
  6
CONTINUOUS
370
50
 62
4
100
AcDbLine
 10
13.148622
 20
-0.367011
 30
0.0
 11
13.206222
 21
-0.341239
 31
0.0
  0
LINE
  5
20E3
330
1F
100
AcDbEntity
  8
1
  6
CONTINUOUS
370
50
 62
4
100
AcDbLine
 10
19.993555
 20
0.439137
 30
0.0
 11
20.047037
 21
0.463628
 31
0.0
  0
LINE
  5
20E4
330
1F
100
AcDbEntity
  8
1
  6
CONTINUOUS
370
50
 62
4
100
AcDbLine
 10
18.386742
 20
1.339882
 30
0.0
 11
18.452887
 21
1.370453
 31
0.0
  0
LINE
  5
20E5
330
1F
100
AcDbEntity
  8
1
  6
CONTINUOUS
370
50
 62
4
100
AcDbLine
 10
38.567757
 20
-0.436109
 30
0.0
 11
38.621334
 21
-0.411346
 31
0.0
  0
LINE
  5
20E6
330
1F
100
AcDbEntity
  8
1
  6
CONTINUOUS
370
50
 62
4
100
AcDbLine
 10
30.957649
 20
-2.906538
 30
0.0
 11
30.992397
 21
-2.89018
 31
0.0
  0
LINE
  5
20E7
330
1F
100
AcDbEntity
  8
1
  6
CONTINUOUS
370
50
 62
4
100
AcDbLine
 10
20.047037
 20
0.463628
 30
0.0
 11
20.1005
 21
0.488809
 31
0.0
  0
LINE
  5
20E8
330
1F
100
AcDbEntity
  8
1
  6
CONTINUOUS
370
50
 62
4
100
AcDbLine
 10
31.959412
 20
-3.016309
 30
0.0
 11
31.991766
 21
-3.000987
 31
0.0
  0
LINE
  5
20E9
330
1F
100
AcDbEntity
  8
1
  6
CONTINUOUS
370
50
 62
4
100
AcDbLine
 10
15.538
 20
-3.772748
 30
0.0
 11
15.584082
 21
-3.750911
 31
0.0
  0
LINE
  5
20EA
330
1F
100
AcDbEntity
  8
1
  6
CONTINUOUS
370
50
 62
4
100
AcDbLine
 10
38.514183
 20
-0.461523
 30
0.0
 11
38.567757
 21
-0.436109
 31
0.0
  0
LINE
  5
20EB
330
1F
100
AcDbEntity
  8
1
  6
CONTINUOUS
370
50
 62
4
100
AcDbLine
 10
30.545361
 20
2.862639
 30
0.0
 11
30.582403
 21
2.880246
 31
0.0
  0
LINE
  5
20EC
330
1F
100
AcDbEntity
  8
1
  6
CONTINUOUS
370
50
 62
4
100
AcDbLine
 10
23.73184
 20
2.123071
 30
0.0
 11
23.768042
 21
2.140347
 31
0.0
  0
LINE
  5
20ED
330
1F
100
AcDbEntity
  8
1
  6
CONTINUOUS
370
50
 62
4
100
AcDbLine
 10
29.418047
 20
2.73311
 30
0.0
 11
29.458248
 21
2.752339
 31
0.0
  0
LINE
  5
20EE
330
1F
100
AcDbEntity
  8
1
  6
CONTINUOUS
370
50
 62
4
100
AcDbLine
 10
29.96076
 20
-2.792673
 30
0.0
 11
29.998421
 21
-2.774652
 31
0.0
  0
LINE
  5
20EF
330
1F
100
AcDbEntity
  8
1
  6
CONTINUOUS
370
50
 62
4
100
AcDbLine
 10
29.780012
 20
2.786754
 30
0.0
 11
29.791786
 21
2.792404
 31
0.0
  0
LINE
  5
20F0
330
1F
100
AcDbEntity
  8
1
  6
CONTINUOUS
370
50
 62
4
100
AcDbLine
 10
15.584082
 20
-3.750911
 30
0.0
 11
15.629076
 21
-3.729244
 31
0.0
  0
LINE
  5
20F1
330
1F
100
AcDbEntity
  8
1
  6
CONTINUOUS
370
50
 62
4
100
AcDbLine
 10
13.093453
 20
-0.393644
 30
0.0
 11
13.148622
 21
-0.367011
 31
0.0
  0
LINE
  5
20F2
330
1F
100
AcDbEntity
  8
1
  6
CONTINUOUS
370
50
 62
4
100
AcDbLine
 10
27.972591
 20
-2.562905
 30
0.0
 11
28.005127
 21
-2.547191
 31
0.0
  0
LINE
  5
20F3
330
1F
100
AcDbEntity
  8
1
  6
CONTINUOUS
370
50
 62
4
100
AcDbLine
 10
38.460636
 20
-0.487576
 30
0.0
 11
38.514183
 21
-0.461523
 31
0.0
  0
LINE
  5
20F4
330
1F
100
AcDbEntity
  8
1
  6
CONTINUOUS
370
50
 62
4
100
AcDbLine
 10
15.629076
 20
-3.729244
 30
0.0
 11
15.672954
 21
-3.707772
 31
0.0
  0
LINE
  5
20F5
330
1F
100
AcDbEntity
  8
1
  6
CONTINUOUS
370
50
 62
4
100
AcDbLine
 10
27.752205
 20
2.552013
 30
0.0
 11
27.782969
 21
2.567119
 31
0.0
  0
LINE
  5
20F6
330
1F
100
AcDbEntity
  8
1
  6
CONTINUOUS
370
50
 62
4
100
AcDbLine
 10
17.721088
 20
0.7113769999999999
 30
0.0
 11
17.732573
 21
0.717038
 31
0.0
  0
LINE
  5
20F7
330
1F
100
AcDbEntity
  8
1
  6
CONTINUOUS
370
50
 62
4
100
AcDbLine
 10
24.730026
 20
2.224503
 30
0.0
 11
24.767027
 21
2.242881
 31
0.0
  0
LINE
  5
20F8
330
1F
100
AcDbEntity
  8
1
  6
CONTINUOUS
370
50
 62
4
100
AcDbLine
 10
15.672954
 20
-3.707772
 30
0.0
 11
15.715685
 21
-3.68652
 31
0.0
  0
LINE
  5
20F9
330
1F
100
AcDbEntity
  8
1
  6
CONTINUOUS
370
50
 62
4
100
AcDbLine
 10
38.40712
 20
-0.514263
 30
0.0
 11
38.460636
 21
-0.487576
 31
0.0
  0
LINE
  5
20FA
330
1F
100
AcDbEntity
  8
1
  6
CONTINUOUS
370
50
 62
4
100
AcDbLine
 10
27.161545
 20
2.478893
 30
0.0
 11
27.188726
 21
2.492483
 31
0.0
  0
LINE
  5
20FB
330
1F
100
AcDbEntity
  8
1
  6
CONTINUOUS
370
50
 62
4
100
AcDbLine
 10
28.762899
 20
2.666654
 30
0.0
 11
28.783945
 21
2.677228
 31
0.0
  0
LINE
  5
20FC
330
1F
100
AcDbEntity
  8
1
  6
CONTINUOUS
370
50
 62
4
100
AcDbLine
 10
28.969545
 20
-2.67547
 30
0.0
 11
29.011194
 21
-2.654471
 31
0.0
  0
LINE
  5
20FD
330
1F
100
AcDbEntity
  8
1
  6
CONTINUOUS
370
50
 62
4
100
AcDbLine
 10
15.715685
 20
-3.68652
 30
0.0
 11
15.757241
 21
-3.665511
 31
0.0
  0
LINE
  5
20FE
330
1F
100
AcDbEntity
  8
1
  6
CONTINUOUS
370
50
 62
4
100
AcDbLine
 10
38.353622
 20
-0.54159
 30
0.0
 11
38.40712
 21
-0.514263
 31
0.0
  0
LINE
  5
20FF
330
1F
100
AcDbEntity
  8
1
  6
CONTINUOUS
370
50
 62
4
100
AcDbLine
 10
15.757241
 20
-3.665511
 30
0.0
 11
15.797594
 21
-3.64477
 31
0.0
  0
LINE
  5
2100
330
1F
100
AcDbEntity
  8
1
  6
CONTINUOUS
370
50
 62
4
100
AcDbLine
 10
13.0408
 20
-0.421093
 30
0.0
 11
13.093453
 21
-0.393644
 31
0.0
  0
LINE
  5
2101
330
1F
100
AcDbEntity
  8
1
  6
CONTINUOUS
370
50
 62
4
100
AcDbLine
 10
20.784184
 20
0.52727
 30
0.0
 11
20.837784
 21
0.555261
 31
0.0
  0
LINE
  5
2102
330
1F
100
AcDbEntity
  8
1
  6
CONTINUOUS
370
50
 62
4
100
AcDbLine
 10
15.797594
 20
-3.64477
 30
0.0
 11
15.836715
 21
-3.624321
 31
0.0
  0
LINE
  5
2103
330
1F
100
AcDbEntity
  8
1
  6
CONTINUOUS
370
50
 62
4
100
AcDbLine
 10
38.300144
 20
-0.569556
 30
0.0
 11
38.353622
 21
-0.54159
 31
0.0
  0
LINE
  5
2104
330
1F
100
AcDbEntity
  8
1
  6
CONTINUOUS
370
50
 62
4
100
AcDbLine
 10
15.836715
 20
-3.624321
 30
0.0
 11
15.874574
 21
-3.60419
 31
0.0
  0
LINE
  5
2105
330
1F
100
AcDbEntity
  8
1
  6
CONTINUOUS
370
50
 62
4
100
AcDbLine
 10
25.726362
 20
2.325588
 30
0.0
 11
25.76458
 21
2.345958
 31
0.0
  0
LINE
  5
2106
330
1F
100
AcDbEntity
  8
1
  6
CONTINUOUS
370
50
 62
4
100
AcDbLine
 10
18.321619
 20
1.30511
 30
0.0
 11
18.386742
 21
1.339882
 31
0.0
  0
LINE
  5
2107
330
1F
100
AcDbEntity
  8
1
  6
CONTINUOUS
370
50
 62
4
100
AcDbLine
 10
20.837784
 20
0.555261
 30
0.0
 11
20.891392
 21
0.58393
 31
0.0
  0
LINE
  5
2108
330
1F
100
AcDbEntity
  8
1
  6
CONTINUOUS
370
50
 62
4
100
AcDbLine
 10
38.246685
 20
-0.598158
 30
0.0
 11
38.300144
 21
-0.569556
 31
0.0
  0
LINE
  5
2109
330
1F
100
AcDbEntity
  8
1
  6
CONTINUOUS
370
50
 62
4
100
AcDbLine
 10
15.874574
 20
-3.60419
 30
0.0
 11
15.911143
 21
-3.584399
 31
0.0
  0
LINE
  5
210A
330
1F
100
AcDbEntity
  8
1
  6
CONTINUOUS
370
50
 62
4
100
AcDbLine
 10
32.769363
 20
3.096325
 30
0.0
 11
32.800491
 21
3.113348
 31
0.0
  0
LINE
  5
210B
330
1F
100
AcDbEntity
  8
1
  6
CONTINUOUS
370
50
 62
4
100
AcDbLine
 10
20.891392
 20
0.58393
 30
0.0
 11
20.944956
 21
0.613246
 31
0.0
  0
LINE
  5
210C
330
1F
100
AcDbEntity
  8
1
  6
CONTINUOUS
370
50
 62
4
100
AcDbLine
 10
28.26895
 20
2.592391
 30
0.0
 11
28.306534
 21
2.613036
 31
0.0
  0
LINE
  5
210D
330
1F
100
AcDbEntity
  8
1
  6
CONTINUOUS
370
50
 62
4
100
AcDbLine
 10
15.911143
 20
-3.584399
 30
0.0
 11
15.946394
 21
-3.564974
 31
0.0
  0
LINE
  5
210E
330
1F
100
AcDbEntity
  8
1
  6
CONTINUOUS
370
50
 62
4
100
AcDbLine
 10
31.646841
 20
2.974687
 30
0.0
 11
31.679255
 21
2.992817
 31
0.0
  0
LINE
  5
210F
330
1F
100
AcDbEntity
  8
1
  6
CONTINUOUS
370
50
 62
4
100
AcDbLine
 10
20.944956
 20
0.613246
 30
0.0
 11
20.998457
 21
0.6431939999999999
 31
0.0
  0
LINE
  5
2110
330
1F
100
AcDbEntity
  8
1
  6
CONTINUOUS
370
50
 62
4
100
AcDbLine
 10
22.709705
 20
2.008191
 30
0.0
 11
22.746346
 21
2.02875
 31
0.0
  0
LINE
  5
2111
330
1F
100
AcDbEntity
  8
1
  6
CONTINUOUS
370
50
 62
4
100
AcDbLine
 10
15.946394
 20
-3.564974
 30
0.0
 11
15.980296
 21
-3.545939
 31
0.0
  0
LINE
  5
2112
330
1F
100
AcDbEntity
  8
1
  6
CONTINUOUS
370
50
 62
4
100
AcDbLine
 10
17.732573
 20
0.717038
 30
0.0
 11
17.74362
 21
0.7232609999999999
 31
0.0
  0
LINE
  5
2113
330
1F
100
AcDbEntity
  8
1
  6
CONTINUOUS
370
50
 62
4
100
AcDbLine
 10
12.990717
 20
-0.449324
 30
0.0
 11
13.0408
 21
-0.421093
 31
0.0
  0
LINE
  5
2114
330
1F
100
AcDbEntity
  8
1
  6
CONTINUOUS
370
50
 62
4
100
AcDbLine
 10
16.240267
 20
1.22439
 30
0.0
 11
16.262619
 21
1.237027
 31
0.0
  0
LINE
  5
2115
330
1F
100
AcDbEntity
  8
1
  6
CONTINUOUS
370
50
 62
4
100
AcDbLine
 10
12.602382
 20
3.906491
 30
0.0
 11
12.619205
 21
3.916105
 31
0.0
  0
LINE
  5
2116
330
1F
100
AcDbEntity
  8
1
  6
CONTINUOUS
370
50
 62
4
100
AcDbLine
 10
20.998457
 20
0.6431939999999999
 30
0.0
 11
21.051935
 21
0.673794
 31
0.0
  0
LINE
  5
2117
330
1F
100
AcDbEntity
  8
1
  6
CONTINUOUS
370
50
 62
4
100
AcDbLine
 10
15.980296
 20
-3.545939
 30
0.0
 11
16.012821
 21
-3.527318
 31
0.0
  0
LINE
  5
2118
330
1F
100
AcDbEntity
  8
1
  6
CONTINUOUS
370
50
 62
4
100
AcDbLine
 10
15.538
 20
-3.999903
 30
0.0
 11
15.661687
 21
-3.928453
 31
0.0
  0
LINE
  5
2119
330
1F
100
AcDbEntity
  8
1
  6
CONTINUOUS
370
50
 62
4
100
AcDbLine
 10
15.661687
 20
-3.928453
 30
0.0
 11
15.785379
 21
-3.856988
 31
0.0
  0
LINE
  5
211A
330
1F
100
AcDbEntity
  8
1
  6
CONTINUOUS
370
50
 62
4
100
AcDbLine
 10
15.785379
 20
-3.856988
 30
0.0
 11
15.909079
 21
-3.785507
 31
0.0
  0
LINE
  5
211B
330
1F
100
AcDbEntity
  8
1
  6
CONTINUOUS
370
50
 62
4
100
AcDbLine
 10
15.909079
 20
-3.785507
 30
0.0
 11
16.032789
 21
-3.714011
 31
0.0
  0
LINE
  5
211C
330
1F
100
AcDbEntity
  8
1
  6
CONTINUOUS
370
50
 62
4
100
AcDbLine
 10
16.032789
 20
-3.714011
 30
0.0
 11
16.156509
 21
-3.642501
 31
0.0
  0
LINE
  5
211D
330
1F
100
AcDbEntity
  8
1
  6
CONTINUOUS
370
50
 62
4
100
AcDbLine
 10
16.156509
 20
-3.642501
 30
0.0
 11
16.280247
 21
-3.570975
 31
0.0
  0
LINE
  5
211E
330
1F
100
AcDbEntity
  8
1
  6
CONTINUOUS
370
50
 62
4
100
AcDbLine
 10
16.280247
 20
-3.570975
 30
0.0
 11
16.403999
 21
-3.499434
 31
0.0
  0
LINE
  5
211F
330
1F
100
AcDbEntity
  8
1
  6
CONTINUOUS
370
50
 62
4
100
AcDbLine
 10
37.50943
 20
-0.632108
 30
0.0
 11
37.563
 21
-0.6010909999999999
 31
0.0
  0
LINE
  5
2120
330
1F
100
AcDbEntity
  8
1
  6
CONTINUOUS
370
50
 62
4
100
AcDbLine
 10
27.134157
 20
2.462981
 30
0.0
 11
27.161545
 21
2.478893
 31
0.0
  0
LINE
  5
2121
330
1F
100
AcDbEntity
  8
1
  6
CONTINUOUS
370
50
 62
4
100
AcDbLine
 10
16.012821
 20
-3.527318
 30
0.0
 11
16.043936
 21
-3.509138
 31
0.0
  0
LINE
  5
2122
330
1F
100
AcDbEntity
  8
1
  6
CONTINUOUS
370
50
 62
4
100
AcDbLine
 10
21.051935
 20
0.673794
 30
0.0
 11
21.105392
 21
0.705046
 31
0.0
  0
LINE
  5
2123
330
1F
100
AcDbEntity
  8
1
  6
CONTINUOUS
370
50
 62
4
100
AcDbLine
 10
26.720434
 20
2.425895
 30
0.0
 11
26.76079
 21
2.449679
 31
0.0
  0
LINE
  5
2124
330
1F
100
AcDbEntity
  8
1
  6
CONTINUOUS
370
50
 62
4
100
AcDbLine
 10
37.455875
 20
-0.663754
 30
0.0
 11
37.50943
 21
-0.632108
 31
0.0
  0
LINE
  5
2125
330
1F
100
AcDbEntity
  8
1
  6
CONTINUOUS
370
50
 62
4
100
AcDbLine
 10
21.105392
 20
0.705046
 30
0.0
 11
21.158833
 21
0.736947
 31
0.0
  0
LINE
  5
2126
330
1F
100
AcDbEntity
  8
1
  6
CONTINUOUS
370
50
 62
4
100
AcDbLine
 10
16.043936
 20
-3.509138
 30
0.0
 11
16.073574
 21
-3.491428
 31
0.0
  0
LINE
  5
2127
330
1F
100
AcDbEntity
  8
1
  6
CONTINUOUS
370
50
 62
4
100
AcDbLine
 10
37.402336
 20
-0.696027
 30
0.0
 11
37.455875
 21
-0.663754
 31
0.0
  0
LINE
  5
2128
330
1F
100
AcDbEntity
  8
1
  6
CONTINUOUS
370
50
 62
4
100
AcDbLine
 10
28.005127
 20
-2.547191
 30
0.0
 11
28.038013
 21
-2.527292
 31
0.0
  0
LINE
  5
2129
330
1F
100
AcDbEntity
  8
1
  6
CONTINUOUS
370
50
 62
4
100
AcDbLine
 10
32.988331
 20
-3.111421
 30
0.0
 11
33.022411
 21
-3.090749
 31
0.0
  0
LINE
  5
212A
330
1F
100
AcDbEntity
  8
1
  6
CONTINUOUS
370
50
 62
4
100
AcDbLine
 10
30.507566
 20
2.839653
 30
0.0
 11
30.545361
 21
2.862639
 31
0.0
  0
LINE
  5
212B
330
1F
100
AcDbEntity
  8
1
  6
CONTINUOUS
370
50
 62
4
100
AcDbLine
 10
18.257574
 20
1.26606
 30
0.0
 11
18.321619
 21
1.30511
 31
0.0
  0
LINE
  5
212C
330
1F
100
AcDbEntity
  8
1
  6
CONTINUOUS
370
50
 62
4
100
AcDbLine
 10
12.943255
 20
-0.478306
 30
0.0
 11
12.990717
 21
-0.449324
 31
0.0
  0
LINE
  5
212D
330
1F
100
AcDbEntity
  8
1
  6
CONTINUOUS
370
50
 62
4
100
AcDbLine
 10
29.377096
 20
2.708056
 30
0.0
 11
29.418047
 21
2.73311
 31
0.0
  0
LINE
  5
212E
330
1F
100
AcDbEntity
  8
1
  6
CONTINUOUS
370
50
 62
4
100
AcDbLine
 10
16.073574
 20
-3.491428
 30
0.0
 11
16.101698
 21
-3.474212
 31
0.0
  0
LINE
  5
212F
330
1F
100
AcDbEntity
  8
1
  6
CONTINUOUS
370
50
 62
4
100
AcDbLine
 10
16.391241
 20
1.373025
 30
0.0
 11
16.403999
 21
1.380843
 31
0.0
  0
LINE
  5
2130
330
1F
100
AcDbEntity
  8
1
  6
CONTINUOUS
370
50
 62
4
100
AcDbLine
 10
37.348816
 20
-0.728926
 30
0.0
 11
37.402336
 21
-0.696027
 31
0.0
  0
LINE
  5
2131
330
1F
100
AcDbEntity
  8
1
  6
CONTINUOUS
370
50
 62
4
100
AcDbLine
 10
28.742144
 20
2.653778
 30
0.0
 11
28.762899
 21
2.666654
 31
0.0
  0
LINE
  5
2132
330
1F
100
AcDbEntity
  8
1
  6
CONTINUOUS
370
50
 62
4
100
AcDbLine
 10
30.992397
 20
-2.89018
 30
0.0
 11
31.027828
 21
-2.868159
 31
0.0
  0
LINE
  5
2133
330
1F
100
AcDbEntity
  8
1
  6
CONTINUOUS
370
50
 62
4
100
AcDbLine
 10
31.991766
 20
-3.000987
 30
0.0
 11
32.024769
 21
-2.980447
 31
0.0
  0
LINE
  5
2134
330
1F
100
AcDbEntity
  8
1
  6
CONTINUOUS
370
50
 62
4
100
AcDbLine
 10
37.295307
 20
-0.762447
 30
0.0
 11
37.348816
 21
-0.728926
 31
0.0
  0
LINE
  5
2135
330
1F
100
AcDbEntity
  8
1
  6
CONTINUOUS
370
50
 62
4
100
AcDbLine
 10
16.37855
 20
1.365067
 30
0.0
 11
16.391241
 21
1.373025
 31
0.0
  0
LINE
  5
2136
330
1F
100
AcDbEntity
  8
1
  6
CONTINUOUS
370
50
 62
4
100
AcDbLine
 10
16.101698
 20
-3.474212
 30
0.0
 11
16.128273
 21
-3.457511
 31
0.0
  0
LINE
  5
2137
330
1F
100
AcDbEntity
  8
1
  6
CONTINUOUS
370
50
 62
4
100
AcDbLine
 10
23.696095
 20
2.100542
 30
0.0
 11
23.73184
 21
2.123071
 31
0.0
  0
LINE
  5
2138
330
1F
100
AcDbEntity
  8
1
  6
CONTINUOUS
370
50
 62
4
100
AcDbLine
 10
29.998421
 20
-2.774652
 30
0.0
 11
30.036663
 21
-2.750457
 31
0.0
  0
LINE
  5
2139
330
1F
100
AcDbEntity
  8
1
  6
CONTINUOUS
370
50
 62
4
100
AcDbLine
 10
37.241821
 20
-0.7965869999999999
 30
0.0
 11
37.295307
 21
-0.762447
 31
0.0
  0
LINE
  5
213A
330
1F
100
AcDbEntity
  8
1
  6
CONTINUOUS
370
50
 62
4
100
AcDbLine
 10
17.74362
 20
0.7232609999999999
 30
0.0
 11
17.754269
 21
0.730076
 31
0.0
  0
LINE
  5
213B
330
1F
100
AcDbEntity
  8
1
  6
CONTINUOUS
370
50
 62
4
100
AcDbLine
 10
21.842516
 20
0.723947
 30
0.0
 11
21.89609
 21
0.7582439999999999
 31
0.0
  0
LINE
  5
213C
330
1F
100
AcDbEntity
  8
1
  6
CONTINUOUS
370
50
 62
4
100
AcDbLine
 10
16.365925
 20
1.356967
 30
0.0
 11
16.37855
 21
1.365067
 31
0.0
  0
LINE
  5
213D
330
1F
100
AcDbEntity
  8
1
  6
CONTINUOUS
370
50
 62
4
100
AcDbLine
 10
16.128273
 20
-3.457511
 30
0.0
 11
16.153257
 21
-3.441344
 31
0.0
  0
LINE
  5
213E
330
1F
100
AcDbEntity
  8
1
  6
CONTINUOUS
370
50
 62
4
100
AcDbLine
 10
37.188351
 20
-0.831347
 30
0.0
 11
37.241821
 21
-0.7965869999999999
 31
0.0
  0
LINE
  5
213F
330
1F
100
AcDbEntity
  8
1
  6
CONTINUOUS
370
50
 62
4
100
AcDbLine
 10
27.72201
 20
2.532319
 30
0.0
 11
27.752205
 21
2.552013
 31
0.0
  0
LINE
  5
2140
330
1F
100
AcDbEntity
  8
1
  6
CONTINUOUS
370
50
 62
4
100
AcDbLine
 10
21.89609
 20
0.7582439999999999
 30
0.0
 11
21.949644
 21
0.793179
 31
0.0
  0
LINE
  5
2141
330
1F
100
AcDbEntity
  8
1
  6
CONTINUOUS
370
50
 62
4
100
AcDbLine
 10
16.353369
 20
1.348724
 30
0.0
 11
16.365925
 21
1.356967
 31
0.0
  0
LINE
  5
2142
330
1F
100
AcDbEntity
  8
1
  6
CONTINUOUS
370
50
 62
4
100
AcDbLine
 10
24.693546
 20
2.200381
 30
0.0
 11
24.730026
 21
2.224503
 31
0.0
  0
LINE
  5
2143
330
1F
100
AcDbEntity
  8
1
  6
CONTINUOUS
370
50
 62
4
100
AcDbLine
 10
12.89847
 20
-0.508006
 30
0.0
 11
12.943255
 21
-0.478306
 31
0.0
  0
LINE
  5
2144
330
1F
100
AcDbEntity
  8
1
  6
CONTINUOUS
370
50
 62
4
100
AcDbLine
 10
28.230925
 20
2.567156
 30
0.0
 11
28.26895
 21
2.592391
 31
0.0
  0
LINE
  5
2145
330
1F
100
AcDbEntity
  8
1
  6
CONTINUOUS
370
50
 62
4
100
AcDbLine
 10
21.949644
 20
0.793179
 30
0.0
 11
22.003185
 21
0.828749
 31
0.0
  0
LINE
  5
2146
330
1F
100
AcDbEntity
  8
1
  6
CONTINUOUS
370
50
 62
4
100
AcDbLine
 10
29.011194
 20
-2.654471
 30
0.0
 11
29.053469
 21
-2.626354
 31
0.0
  0
LINE
  5
2147
330
1F
100
AcDbEntity
  8
1
  6
CONTINUOUS
370
50
 62
4
100
AcDbLine
 10
16.153257
 20
-3.441344
 30
0.0
 11
16.17662
 21
-3.425734
 31
0.0
  0
LINE
  5
2148
330
1F
100
AcDbEntity
  8
1
  6
CONTINUOUS
370
50
 62
4
100
AcDbLine
 10
16.340885
 20
1.340336
 30
0.0
 11
16.353369
 21
1.348724
 31
0.0
  0
LINE
  5
2149
330
1F
100
AcDbEntity
  8
1
  6
CONTINUOUS
370
50
 62
4
100
AcDbLine
 10
32.737583
 20
3.074922
 30
0.0
 11
32.769363
 21
3.096325
 31
0.0
  0
LINE
  5
214A
330
1F
100
AcDbEntity
  8
1
  6
CONTINUOUS
370
50
 62
4
100
AcDbLine
 10
22.003185
 20
0.828749
 30
0.0
 11
22.056707
 21
0.86495
 31
0.0
  0
LINE
  5
214B
330
1F
100
AcDbEntity
  8
1
  6
CONTINUOUS
370
50
 62
4
100
AcDbLine
 10
31.613806
 20
2.952229
 30
0.0
 11
31.646841
 21
2.974687
 31
0.0
  0
LINE
  5
214C
330
1F
100
AcDbEntity
  8
1
  6
CONTINUOUS
370
50
 62
4
100
AcDbLine
 10
16.328472
 20
1.331802
 30
0.0
 11
16.340885
 21
1.340336
 31
0.0
  0
LINE
  5
214D
330
1F
100
AcDbEntity
  8
1
  6
CONTINUOUS
370
50
 62
4
100
AcDbLine
 10
22.056707
 20
0.86495
 30
0.0
 11
22.110212
 21
0.9017799999999999
 31
0.0
  0
LINE
  5
214E
330
1F
100
AcDbEntity
  8
1
  6
CONTINUOUS
370
50
 62
4
100
AcDbLine
 10
18.194658
 20
1.222655
 30
0.0
 11
18.257574
 21
1.26606
 31
0.0
  0
LINE
  5
214F
330
1F
100
AcDbEntity
  8
1
  6
CONTINUOUS
370
50
 62
4
100
AcDbLine
 10
16.17662
 20
-3.425734
 30
0.0
 11
16.19833
 21
-3.410693
 31
0.0
  0
LINE
  5
2150
330
1F
100
AcDbEntity
  8
1
  6
CONTINUOUS
370
50
 62
4
100
AcDbLine
 10
36.451099
 20
-0.8229639999999999
 30
0.0
 11
36.504665
 21
-0.7858459999999999
 31
0.0
  0
LINE
  5
2151
330
1F
100
AcDbEntity
  8
1
  6
CONTINUOUS
370
50
 62
4
100
AcDbLine
 10
22.110212
 20
0.9017799999999999
 30
0.0
 11
22.163698
 21
0.9392349999999999
 31
0.0
  0
LINE
  5
2152
330
1F
100
AcDbEntity
  8
1
  6
CONTINUOUS
370
50
 62
4
100
AcDbLine
 10
16.316132
 20
1.323122
 30
0.0
 11
16.328472
 21
1.331802
 31
0.0
  0
LINE
  5
2153
330
1F
100
AcDbEntity
  8
1
  6
CONTINUOUS
370
50
 62
4
100
AcDbLine
 10
36.397545
 20
-0.8606929999999999
 30
0.0
 11
36.451099
 21
-0.8229639999999999
 31
0.0
  0
LINE
  5
2154
330
1F
100
AcDbEntity
  8
1
  6
CONTINUOUS
370
50
 62
4
100
AcDbLine
 10
34.013344
 20
-3.20379
 30
0.0
 11
34.046127
 21
-3.180444
 31
0.0
  0
LINE
  5
2155
330
1F
100
AcDbEntity
  8
1
  6
CONTINUOUS
370
50
 62
4
100
AcDbLine
 10
22.163698
 20
0.9392349999999999
 30
0.0
 11
22.217167
 21
0.977313
 31
0.0
  0
LINE
  5
2156
330
1F
100
AcDbEntity
  8
1
  6
CONTINUOUS
370
50
 62
4
100
AcDbLine
 10
22.673502
 20
1.982399
 30
0.0
 11
22.709705
 21
2.008191
 31
0.0
  0
LINE
  5
2157
330
1F
100
AcDbEntity
  8
1
  6
CONTINUOUS
370
50
 62
4
100
AcDbLine
 10
25.688854
 20
2.298818
 30
0.0
 11
25.726362
 21
2.325588
 31
0.0
  0
LINE
  5
2158
330
1F
100
AcDbEntity
  8
1
  6
CONTINUOUS
370
50
 62
4
100
AcDbLine
 10
36.344006
 20
-0.8990309999999999
 30
0.0
 11
36.397545
 21
-0.8606929999999999
 31
0.0
  0
LINE
  5
2159
330
1F
100
AcDbEntity
  8
1
  6
CONTINUOUS
370
50
 62
4
100
AcDbLine
 10
16.19833
 20
-3.410693
 30
0.0
 11
16.219198
 21
-3.395617
 31
0.0
  0
LINE
  5
215A
330
1F
100
AcDbEntity
  8
1
  6
CONTINUOUS
370
50
 62
4
100
AcDbLine
 10
12.856412
 20
-0.538391
 30
0.0
 11
12.89847
 21
-0.508006
 31
0.0
  0
LINE
  5
215B
330
1F
100
AcDbEntity
  8
1
  6
CONTINUOUS
370
50
 62
4
100
AcDbLine
 10
17.754269
 20
0.730076
 30
0.0
 11
17.764605
 21
0.737567
 31
0.0
  0
LINE
  5
215C
330
1F
100
AcDbEntity
  8
1
  6
CONTINUOUS
370
50
 62
4
100
AcDbLine
 10
36.290482
 20
-0.937975
 30
0.0
 11
36.344006
 21
-0.8990309999999999
 31
0.0
  0
LINE
  5
215D
330
1F
100
AcDbEntity
  8
1
  6
CONTINUOUS
370
50
 62
4
100
AcDbLine
 10
30.46904
 20
2.811353
 30
0.0
 11
30.507566
 21
2.839653
 31
0.0
  0
LINE
  5
215E
330
1F
100
AcDbEntity
  8
1
  6
CONTINUOUS
370
50
 62
4
100
AcDbLine
 10
29.335541
 20
2.677345
 30
0.0
 11
29.377096
 21
2.708056
 31
0.0
  0
LINE
  5
215F
330
1F
100
AcDbEntity
  8
1
  6
CONTINUOUS
370
50
 62
4
100
AcDbLine
 10
36.236977
 20
-0.977524
 30
0.0
 11
36.290482
 21
-0.937975
 31
0.0
  0
LINE
  5
2160
330
1F
100
AcDbEntity
  8
1
  6
CONTINUOUS
370
50
 62
4
100
AcDbLine
 10
28.721678
 20
2.638604
 30
0.0
 11
28.742144
 21
2.653778
 31
0.0
  0
LINE
  5
2161
330
1F
100
AcDbEntity
  8
1
  6
CONTINUOUS
370
50
 62
4
100
AcDbLine
 10
36.183487
 20
-1.017673
 30
0.0
 11
36.236977
 21
-0.977524
 31
0.0
  0
LINE
  5
2162
330
1F
100
AcDbEntity
  8
1
  6
CONTINUOUS
370
50
 62
4
100
AcDbLine
 10
22.90085
 20
0.9126449999999999
 30
0.0
 11
22.954422
 21
0.9530289999999999
 31
0.0
  0
LINE
  5
2163
330
1F
100
AcDbEntity
  8
1
  6
CONTINUOUS
370
50
 62
4
100
AcDbLine
 10
16.219198
 20
-3.395617
 30
0.0
 11
16.239388
 21
-3.38026
 31
0.0
  0
LINE
  5
2164
330
1F
100
AcDbEntity
  8
1
  6
CONTINUOUS
370
50
 62
4
100
AcDbLine
 10
36.130016
 20
-1.058423
 30
0.0
 11
36.183487
 21
-1.017673
 31
0.0
  0
LINE
  5
2165
330
1F
100
AcDbEntity
  8
1
  6
CONTINUOUS
370
50
 62
4
100
AcDbLine
 10
33.022411
 20
-3.090749
 30
0.0
 11
33.057247
 21
-3.064136
 31
0.0
  0
LINE
  5
2166
330
1F
100
AcDbEntity
  8
1
  6
CONTINUOUS
370
50
 62
4
100
AcDbLine
 10
32.024769
 20
-2.980447
 30
0.0
 11
32.058411
 21
-2.954714
 31
0.0
  0
LINE
  5
2167
330
1F
100
AcDbEntity
  8
1
  6
CONTINUOUS
370
50
 62
4
100
AcDbLine
 10
22.954422
 20
0.9530289999999999
 30
0.0
 11
23.007977
 21
0.994026
 31
0.0
  0
LINE
  5
2168
330
1F
100
AcDbEntity
  8
1
  6
CONTINUOUS
370
50
 62
4
100
AcDbLine
 10
31.027828
 20
-2.868159
 30
0.0
 11
31.06385
 21
-2.84056
 31
0.0
  0
LINE
  5
2169
330
1F
100
AcDbEntity
  8
1
  6
CONTINUOUS
370
50
 62
4
100
AcDbLine
 10
28.192492
 20
2.537409
 30
0.0
 11
28.230925
 21
2.567156
 31
0.0
  0
LINE
  5
216A
330
1F
100
AcDbEntity
  8
1
  6
CONTINUOUS
370
50
 62
4
100
AcDbLine
 10
18.132927
 20
1.174819
 30
0.0
 11
18.194658
 21
1.222655
 31
0.0
  0
LINE
  5
216B
330
1F
100
AcDbEntity
  8
1
  6
CONTINUOUS
370
50
 62
4
100
AcDbLine
 10
23.007977
 20
0.994026
 30
0.0
 11
23.061516
 21
1.035631
 31
0.0
  0
LINE
  5
216C
330
1F
100
AcDbEntity
  8
1
  6
CONTINUOUS
370
50
 62
4
100
AcDbLine
 10
30.036663
 20
-2.750457
 30
0.0
 11
30.075468
 21
-2.720163
 31
0.0
  0
LINE
  5
216D
330
1F
100
AcDbEntity
  8
1
  6
CONTINUOUS
370
50
 62
4
100
AcDbLine
 10
23.660816
 20
2.072782
 30
0.0
 11
23.696095
 21
2.100542
 31
0.0
  0
LINE
  5
216E
330
1F
100
AcDbEntity
  8
1
  6
CONTINUOUS
370
50
 62
4
100
AcDbLine
 10
23.061516
 20
1.035631
 30
0.0
 11
23.11504
 21
1.077842
 31
0.0
  0
LINE
  5
216F
330
1F
100
AcDbEntity
  8
1
  6
CONTINUOUS
370
50
 62
4
100
AcDbLine
 10
12.817135
 20
-0.569429
 30
0.0
 11
12.856412
 21
-0.538391
 31
0.0
  0
LINE
  5
2170
330
1F
100
AcDbEntity
  8
1
  6
CONTINUOUS
370
50
 62
4
100
AcDbLine
 10
33.826653
 20
3.168056
 30
0.0
 11
33.858826
 21
3.193507
 31
0.0
  0
LINE
  5
2171
330
1F
100
AcDbEntity
  8
1
  6
CONTINUOUS
370
50
 62
4
100
AcDbLine
 10
32.70517
 20
3.049202
 30
0.0
 11
32.737583
 21
3.074922
 31
0.0
  0
LINE
  5
2172
330
1F
100
AcDbEntity
  8
1
  6
CONTINUOUS
370
50
 62
4
100
AcDbLine
 10
31.580162
 20
2.925499
 30
0.0
 11
31.613806
 21
2.952229
 31
0.0
  0
LINE
  5
2173
330
1F
100
AcDbEntity
  8
1
  6
CONTINUOUS
370
50
 62
4
100
AcDbLine
 10
26.681009
 20
2.394553
 30
0.0
 11
26.720434
 21
2.425895
 31
0.0
  0
LINE
  5
2174
330
1F
100
AcDbEntity
  8
1
  6
CONTINUOUS
370
50
 62
4
100
AcDbLine
 10
21.651369
 20
1.862993
 30
0.0
 11
21.688013
 21
1.892178
 31
0.0
  0
LINE
  5
2175
330
1F
100
AcDbEntity
  8
1
  6
CONTINUOUS
370
50
 62
4
100
AcDbLine
 10
23.11504
 20
1.077842
 30
0.0
 11
23.168545
 21
1.120656
 31
0.0
  0
LINE
  5
2176
330
1F
100
AcDbEntity
  8
1
  6
CONTINUOUS
370
50
 62
4
100
AcDbLine
 10
35.392765
 20
-1.008813
 30
0.0
 11
35.446335
 21
-0.965754
 31
0.0
  0
LINE
  5
2177
330
1F
100
AcDbEntity
  8
1
  6
CONTINUOUS
370
50
 62
4
100
AcDbLine
 10
16.262619
 20
1.237027
 30
0.0
 11
16.282393
 21
1.253006
 31
0.0
  0
LINE
  5
2178
330
1F
100
AcDbEntity
  8
1
  6
CONTINUOUS
370
50
 62
4
100
AcDbLine
 10
23.168545
 20
1.120656
 30
0.0
 11
23.222031
 21
1.16407
 31
0.0
  0
LINE
  5
2179
330
1F
100
AcDbEntity
  8
1
  6
CONTINUOUS
370
50
 62
4
100
AcDbLine
 10
16.239388
 20
-3.38026
 30
0.0
 11
16.258373
 21
-3.364838
 31
0.0
  0
LINE
  5
217A
330
1F
100
AcDbEntity
  8
1
  6
CONTINUOUS
370
50
 62
4
100
AcDbLine
 10
35.339211
 20
-1.052465
 30
0.0
 11
35.392765
 21
-1.008813
 31
0.0
  0
LINE
  5
217B
330
1F
100
AcDbEntity
  8
1
  6
CONTINUOUS
370
50
 62
4
100
AcDbLine
 10
27.692387
 20
2.508062
 30
0.0
 11
27.72201
 21
2.532319
 31
0.0
  0
LINE
  5
217C
330
1F
100
AcDbEntity
  8
1
  6
CONTINUOUS
370
50
 62
4
100
AcDbLine
 10
29.053469
 20
-2.626354
 30
0.0
 11
29.096346
 21
-2.59119
 31
0.0
  0
LINE
  5
217D
330
1F
100
AcDbEntity
  8
1
  6
CONTINUOUS
370
50
 62
4
100
AcDbLine
 10
17.764605
 20
0.737567
 30
0.0
 11
17.774584
 21
0.7457539999999999
 31
0.0
  0
LINE
  5
217E
330
1F
100
AcDbEntity
  8
1
  6
CONTINUOUS
370
50
 62
4
100
AcDbLine
 10
23.222031
 20
1.16407
 30
0.0
 11
23.275499
 21
1.208081
 31
0.0
  0
LINE
  5
217F
330
1F
100
AcDbEntity
  8
1
  6
CONTINUOUS
370
50
 62
4
100
AcDbLine
 10
35.285671
 20
-1.096708
 30
0.0
 11
35.339211
 21
-1.052465
 31
0.0
  0
LINE
  5
2180
330
1F
100
AcDbEntity
  8
1
  6
CONTINUOUS
370
50
 62
4
100
AcDbLine
 10
24.657619
 20
2.170535
 30
0.0
 11
24.693546
 21
2.200381
 31
0.0
  0
LINE
  5
2181
330
1F
100
AcDbEntity
  8
1
  6
CONTINUOUS
370
50
 62
4
100
AcDbLine
 10
35.232147
 20
-1.14154
 30
0.0
 11
35.285671
 21
-1.096708
 31
0.0
  0
LINE
  5
2182
330
1F
100
AcDbEntity
  8
1
  6
CONTINUOUS
370
50
 62
4
100
AcDbLine
 10
35.178642
 20
-1.186956
 30
0.0
 11
35.232147
 21
-1.14154
 31
0.0
  0
LINE
  5
2183
330
1F
100
AcDbEntity
  8
1
  6
CONTINUOUS
370
50
 62
4
100
AcDbLine
 10
30.429842
 20
2.777839
 30
0.0
 11
30.46904
 21
2.811353
 31
0.0
  0
LINE
  5
2184
330
1F
100
AcDbEntity
  8
1
  6
CONTINUOUS
370
50
 62
4
100
AcDbLine
 10
35.125153
 20
-1.232955
 30
0.0
 11
35.178642
 21
-1.186956
 31
0.0
  0
LINE
  5
2185
330
1F
100
AcDbEntity
  8
1
  6
CONTINUOUS
370
50
 62
4
100
AcDbLine
 10
29.293436
 20
2.641103
 30
0.0
 11
29.335541
 21
2.677345
 31
0.0
  0
LINE
  5
2186
330
1F
100
AcDbEntity
  8
1
  6
CONTINUOUS
370
50
 62
4
100
AcDbLine
 10
23.959183
 20
1.093798
 30
0.0
 11
24.012754
 21
1.140049
 31
0.0
  0
LINE
  5
2187
330
1F
100
AcDbEntity
  8
1
  6
CONTINUOUS
370
50
 62
4
100
AcDbLine
 10
18.072433
 20
1.122473
 30
0.0
 11
18.132927
 21
1.174819
 31
0.0
  0
LINE
  5
2188
330
1F
100
AcDbEntity
  8
1
  6
CONTINUOUS
370
50
 62
4
100
AcDbLine
 10
34.046127
 20
-3.180444
 30
0.0
 11
34.079647
 21
-3.151395
 31
0.0
  0
LINE
  5
2189
330
1F
100
AcDbEntity
  8
1
  6
CONTINUOUS
370
50
 62
4
100
AcDbLine
 10
22.637754
 20
1.951409
 30
0.0
 11
22.673502
 21
1.982399
 31
0.0
  0
LINE
  5
218A
330
1F
100
AcDbEntity
  8
1
  6
CONTINUOUS
370
50
 62
4
100
AcDbLine
 10
12.780537
 20
-0.601232
 30
0.0
 11
12.817135
 21
-0.569429
 31
0.0
  0
LINE
  5
218B
330
1F
100
AcDbEntity
  8
1
  6
CONTINUOUS
370
50
 62
4
100
AcDbLine
 10
35.071682
 20
-1.279536
 30
0.0
 11
35.125153
 21
-1.232955
 31
0.0
  0
LINE
  5
218C
330
1F
100
AcDbEntity
  8
1
  6
CONTINUOUS
370
50
 62
4
100
AcDbLine
 10
24.012754
 20
1.140049
 30
0.0
 11
24.066309
 21
1.186887
 31
0.0
  0
LINE
  5
218D
330
1F
100
AcDbEntity
  8
1
  6
CONTINUOUS
370
50
 62
4
100
AcDbLine
 10
16.258373
 20
-3.364838
 30
0.0
 11
16.275652
 21
-3.349554
 31
0.0
  0
LINE
  5
218E
330
1F
100
AcDbEntity
  8
1
  6
CONTINUOUS
370
50
 62
4
100
AcDbLine
 10
24.066309
 20
1.186887
 30
0.0
 11
24.119848
 21
1.23431
 31
0.0
  0
LINE
  5
218F
330
1F
100
AcDbEntity
  8
1
  6
CONTINUOUS
370
50
 62
4
100
AcDbLine
 10
16.38912
 20
-3.229337
 30
0.0
 11
16.403999
 21
-3.216096
 31
0.0
  0
LINE
  5
2190
330
1F
100
AcDbEntity
  8
1
  6
CONTINUOUS
370
50
 62
4
100
AcDbLine
 10
16.374332
 20
-3.242545
 30
0.0
 11
16.38912
 21
-3.229337
 31
0.0
  0
LINE
  5
2191
330
1F
100
AcDbEntity
  8
1
  6
CONTINUOUS
370
50
 62
4
100
AcDbLine
 10
16.359638
 20
-3.255717
 30
0.0
 11
16.374332
 21
-3.242545
 31
0.0
  0
LINE
  5
2192
330
1F
100
AcDbEntity
  8
1
  6
CONTINUOUS
370
50
 62
4
100
AcDbLine
 10
24.119848
 20
1.23431
 30
0.0
 11
24.173372
 21
1.282315
 31
0.0
  0
LINE
  5
2193
330
1F
100
AcDbEntity
  8
1
  6
CONTINUOUS
370
50
 62
4
100
AcDbLine
 10
16.345039
 20
-3.268851
 30
0.0
 11
16.359638
 21
-3.255717
 31
0.0
  0
LINE
  5
2194
330
1F
100
AcDbEntity
  8
1
  6
CONTINUOUS
370
50
 62
4
100
AcDbLine
 10
25.652121
 20
2.265748
 30
0.0
 11
25.688854
 21
2.298818
 31
0.0
  0
LINE
  5
2195
330
1F
100
AcDbEntity
  8
1
  6
CONTINUOUS
370
50
 62
4
100
AcDbLine
 10
32.058411
 20
-2.954714
 30
0.0
 11
32.092678
 21
-2.923819
 31
0.0
  0
LINE
  5
2196
330
1F
100
AcDbEntity
  8
1
  6
CONTINUOUS
370
50
 62
4
100
AcDbLine
 10
16.330536
 20
-3.281945
 30
0.0
 11
16.345039
 21
-3.268851
 31
0.0
  0
LINE
  5
2197
330
1F
100
AcDbEntity
  8
1
  6
CONTINUOUS
370
50
 62
4
100
AcDbLine
 10
31.545925
 20
2.894551
 30
0.0
 11
31.580162
 21
2.925499
 31
0.0
  0
LINE
  5
2198
330
1F
100
AcDbEntity
  8
1
  6
CONTINUOUS
370
50
 62
4
100
AcDbLine
 10
31.06385
 20
-2.84056
 30
0.0
 11
31.100397
 21
-2.807491
 31
0.0
  0
LINE
  5
2199
330
1F
100
AcDbEntity
  8
1
  6
CONTINUOUS
370
50
 62
4
100
AcDbLine
 10
16.316132
 20
-3.294998
 30
0.0
 11
16.330536
 21
-3.281945
 31
0.0
  0
LINE
  5
219A
330
1F
100
AcDbEntity
  8
1
  6
CONTINUOUS
370
50
 62
4
100
AcDbLine
 10
32.672134
 20
3.01923
 30
0.0
 11
32.70517
 21
3.049202
 31
0.0
  0
LINE
  5
219B
330
1F
100
AcDbEntity
  8
1
  6
CONTINUOUS
370
50
 62
4
100
AcDbLine
 10
24.173372
 20
1.282315
 30
0.0
 11
24.226877
 21
1.330898
 31
0.0
  0
LINE
  5
219C
330
1F
100
AcDbEntity
  8
1
  6
CONTINUOUS
370
50
 62
4
100
AcDbLine
 10
34.334431
 20
-1.189792
 30
0.0
 11
34.388
 21
-1.140952
 31
0.0
  0
LINE
  5
219D
330
1F
100
AcDbEntity
  8
1
  6
CONTINUOUS
370
50
 62
4
100
AcDbLine
 10
12.590856
 20
3.895965
 30
0.0
 11
12.602382
 21
3.906491
 31
0.0
  0
LINE
  5
219E
330
1F
100
AcDbEntity
  8
1
  6
CONTINUOUS
370
50
 62
4
100
AcDbLine
 10
33.057247
 20
-3.064136
 30
0.0
 11
33.092827
 21
-3.031628
 31
0.0
  0
LINE
  5
219F
330
1F
100
AcDbEntity
  8
1
  6
CONTINUOUS
370
50
 62
4
100
AcDbLine
 10
33.793789
 20
3.138019
 30
0.0
 11
33.826653
 21
3.168056
 31
0.0
  0
LINE
  5
21A0
330
1F
100
AcDbEntity
  8
1
  6
CONTINUOUS
370
50
 62
4
100
AcDbLine
 10
24.226877
 20
1.330898
 30
0.0
 11
24.280365
 21
1.380056
 31
0.0
  0
LINE
  5
21A1
330
1F
100
AcDbEntity
  8
1
  6
CONTINUOUS
370
50
 62
4
100
AcDbLine
 10
34.280876
 20
-1.239207
 30
0.0
 11
34.334431
 21
-1.189792
 31
0.0
  0
LINE
  5
21A2
330
1F
100
AcDbEntity
  8
1
  6
CONTINUOUS
370
50
 62
4
100
AcDbLine
 10
30.075468
 20
-2.720163
 30
0.0
 11
30.114813
 21
-2.683843
 31
0.0
  0
LINE
  5
21A3
330
1F
100
AcDbEntity
  8
1
  6
CONTINUOUS
370
50
 62
4
100
AcDbLine
 10
17.774584
 20
0.7457539999999999
 30
0.0
 11
17.784164
 21
0.7546539999999999
 31
0.0
  0
LINE
  5
21A4
330
1F
100
AcDbEntity
  8
1
  6
CONTINUOUS
370
50
 62
4
100
AcDbLine
 10
24.280365
 20
1.380056
 30
0.0
 11
24.333834
 21
1.429788
 31
0.0
  0
LINE
  5
21A5
330
1F
100
AcDbEntity
  8
1
  6
CONTINUOUS
370
50
 62
4
100
AcDbLine
 10
34.227337
 20
-1.289193
 30
0.0
 11
34.280876
 21
-1.239207
 31
0.0
  0
LINE
  5
21A6
330
1F
100
AcDbEntity
  8
1
  6
CONTINUOUS
370
50
 62
4
100
AcDbLine
 10
34.173813
 20
-1.339749
 30
0.0
 11
34.227337
 21
-1.289193
 31
0.0
  0
LINE
  5
21A7
330
1F
100
AcDbEntity
  8
1
  6
CONTINUOUS
370
50
 62
4
100
AcDbLine
 10
23.626022
 20
2.039812
 30
0.0
 11
23.660816
 21
2.072782
 31
0.0
  0
LINE
  5
21A8
330
1F
100
AcDbEntity
  8
1
  6
CONTINUOUS
370
50
 62
4
100
AcDbLine
 10
21.615166
 20
1.828645
 30
0.0
 11
21.651369
 21
1.862993
 31
0.0
  0
LINE
  5
21A9
330
1F
100
AcDbEntity
  8
1
  6
CONTINUOUS
370
50
 62
4
100
AcDbLine
 10
34.120308
 20
-1.390871
 30
0.0
 11
34.173813
 21
-1.339749
 31
0.0
  0
LINE
  5
21AA
330
1F
100
AcDbEntity
  8
1
  6
CONTINUOUS
370
50
 62
4
100
AcDbLine
 10
18.013231
 20
1.065542
 30
0.0
 11
18.072433
 21
1.122473
 31
0.0
  0
LINE
  5
21AB
330
1F
100
AcDbEntity
  8
1
  6
CONTINUOUS
370
50
 62
4
100
AcDbLine
 10
12.745673
 20
-0.6348349999999999
 30
0.0
 11
12.780537
 21
-0.601232
 31
0.0
  0
LINE
  5
21AC
330
1F
100
AcDbEntity
  8
1
  6
CONTINUOUS
370
50
 62
4
100
AcDbLine
 10
34.066818
 20
-1.442556
 30
0.0
 11
34.120308
 21
-1.390871
 31
0.0
  0
LINE
  5
21AD
330
1F
100
AcDbEntity
  8
1
  6
CONTINUOUS
370
50
 62
4
100
AcDbLine
 10
25.017517
 20
1.267895
 30
0.0
 11
25.071087
 21
1.319804
 31
0.0
  0
LINE
  5
21AE
330
1F
100
AcDbEntity
  8
1
  6
CONTINUOUS
370
50
 62
4
100
AcDbLine
 10
30.390102
 20
2.739302
 30
0.0
 11
30.429842
 21
2.777839
 31
0.0
  0
LINE
  5
21AF
330
1F
100
AcDbEntity
  8
1
  6
CONTINUOUS
370
50
 62
4
100
AcDbLine
 10
34.013351
 20
-1.494804
 30
0.0
 11
34.066818
 21
-1.442556
 31
0.0
  0
LINE
  5
21B0
330
1F
100
AcDbEntity
  8
1
  6
CONTINUOUS
370
50
 62
4
100
AcDbLine
 10
29.250824
 20
2.599446
 30
0.0
 11
29.293436
 21
2.641103
 31
0.0
  0
LINE
  5
21B1
330
1F
100
AcDbEntity
  8
1
  6
CONTINUOUS
370
50
 62
4
100
AcDbLine
 10
25.071087
 20
1.319804
 30
0.0
 11
25.124643
 21
1.372276
 31
0.0
  0
LINE
  5
21B2
330
1F
100
AcDbEntity
  8
1
  6
CONTINUOUS
370
50
 62
4
100
AcDbLine
 10
35.071678
 20
-3.264816
 30
0.0
 11
35.107262
 21
-3.229774
 31
0.0
  0
LINE
  5
21B3
330
1F
100
AcDbEntity
  8
1
  6
CONTINUOUS
370
50
 62
4
100
AcDbLine
 10
25.124643
 20
1.372276
 30
0.0
 11
25.178183
 21
1.425309
 31
0.0
  0
LINE
  5
21B4
330
1F
100
AcDbEntity
  8
1
  6
CONTINUOUS
370
50
 62
4
100
AcDbLine
 10
27.663345
 20
2.479264
 30
0.0
 11
27.692387
 21
2.508062
 31
0.0
  0
LINE
  5
21B5
330
1F
100
AcDbEntity
  8
1
  6
CONTINUOUS
370
50
 62
4
100
AcDbLine
 10
16.275652
 20
-3.349554
 30
0.0
 11
16.290731
 21
-3.334558
 31
0.0
  0
LINE
  5
21B6
330
1F
100
AcDbEntity
  8
1
  6
CONTINUOUS
370
50
 62
4
100
AcDbLine
 10
18.405888
 20
-2.813053
 30
0.0
 11
18.52
 21
-2.698967
 31
0.0
  0
LINE
  5
21B7
330
1F
100
AcDbEntity
  8
1
  6
CONTINUOUS
370
50
 62
4
100
AcDbLine
 10
18.291767
 20
-2.927161
 30
0.0
 11
18.405888
 21
-2.813053
 31
0.0
  0
LINE
  5
21B8
330
1F
100
AcDbEntity
  8
1
  6
CONTINUOUS
370
50
 62
4
100
AcDbLine
 10
18.177639
 20
-3.04129
 30
0.0
 11
18.291767
 21
-2.927161
 31
0.0
  0
LINE
  5
21B9
330
1F
100
AcDbEntity
  8
1
  6
CONTINUOUS
370
50
 62
4
100
AcDbLine
 10
18.063507
 20
-3.155436
 30
0.0
 11
18.177639
 21
-3.04129
 31
0.0
  0
LINE
  5
21BA
330
1F
100
AcDbEntity
  8
1
  6
CONTINUOUS
370
50
 62
4
100
AcDbLine
 10
17.949371
 20
-3.269598
 30
0.0
 11
18.063507
 21
-3.155436
 31
0.0
  0
LINE
  5
21BB
330
1F
100
AcDbEntity
  8
1
  6
CONTINUOUS
370
50
 62
4
100
AcDbLine
 10
17.835234
 20
-3.383774
 30
0.0
 11
17.949371
 21
-3.269598
 31
0.0
  0
LINE
  5
21BC
330
1F
100
AcDbEntity
  8
1
  6
CONTINUOUS
370
50
 62
4
100
AcDbLine
 10
17.721094
 20
-3.497961
 30
0.0
 11
17.835234
 21
-3.383774
 31
0.0
  0
LINE
  5
21BD
330
1F
100
AcDbEntity
  8
1
  6
CONTINUOUS
370
50
 62
4
100
AcDbLine
 10
25.178183
 20
1.425309
 30
0.0
 11
25.231707
 21
1.478901
 31
0.0
  0
LINE
  5
21BE
330
1F
100
AcDbEntity
  8
1
  6
CONTINUOUS
370
50
 62
4
100
AcDbLine
 10
24.622356
 20
2.135094
 30
0.0
 11
24.657619
 21
2.170535
 31
0.0
  0
LINE
  5
21BF
330
1F
100
AcDbEntity
  8
1
  6
CONTINUOUS
370
50
 62
4
100
AcDbLine
 10
31.511112
 20
2.859442
 30
0.0
 11
31.545925
 21
2.894551
 31
0.0
  0
LINE
  5
21C0
330
1F
100
AcDbEntity
  8
1
  6
CONTINUOUS
370
50
 62
4
100
AcDbLine
 10
26.64253
 20
2.355725
 30
0.0
 11
26.681009
 21
2.394553
 31
0.0
  0
LINE
  5
21C1
330
1F
100
AcDbEntity
  8
1
  6
CONTINUOUS
370
50
 62
4
100
AcDbLine
 10
25.231707
 20
1.478901
 30
0.0
 11
25.285212
 21
1.533046
 31
0.0
  0
LINE
  5
21C2
330
1F
100
AcDbEntity
  8
1
  6
CONTINUOUS
370
50
 62
4
100
AcDbLine
 10
34.079647
 20
-3.151395
 30
0.0
 11
34.113895
 21
-3.116702
 31
0.0
  0
LINE
  5
21C3
330
1F
100
AcDbEntity
  8
1
  6
CONTINUOUS
370
50
 62
4
100
AcDbLine
 10
32.638489
 20
2.985067
 30
0.0
 11
32.672134
 21
3.01923
 31
0.0
  0
LINE
  5
21C4
330
1F
100
AcDbEntity
  8
1
  6
CONTINUOUS
370
50
 62
4
100
AcDbLine
 10
33.276096
 20
-1.365957
 30
0.0
 11
33.329666
 21
-1.311504
 31
0.0
  0
LINE
  5
21C5
330
1F
100
AcDbEntity
  8
1
  6
CONTINUOUS
370
50
 62
4
100
AcDbLine
 10
25.285212
 20
1.533046
 30
0.0
 11
25.338697
 21
1.587744
 31
0.0
  0
LINE
  5
21C6
330
1F
100
AcDbEntity
  8
1
  6
CONTINUOUS
370
50
 62
4
100
AcDbLine
 10
22.602476
 20
1.915256
 30
0.0
 11
22.637754
 21
1.951409
 31
0.0
  0
LINE
  5
21C7
330
1F
100
AcDbEntity
  8
1
  6
CONTINUOUS
370
50
 62
4
100
AcDbLine
 10
33.222538
 20
-1.420963
 30
0.0
 11
33.276096
 21
-1.365957
 31
0.0
  0
LINE
  5
21C8
330
1F
100
AcDbEntity
  8
1
  6
CONTINUOUS
370
50
 62
4
100
AcDbLine
 10
33.76025
 20
3.103476
 30
0.0
 11
33.793789
 21
3.138019
 31
0.0
  0
LINE
  5
21C9
330
1F
100
AcDbEntity
  8
1
  6
CONTINUOUS
370
50
 62
4
100
AcDbLine
 10
32.092678
 20
-2.923819
 30
0.0
 11
32.127476
 21
-2.887893
 31
0.0
  0
LINE
  5
21CA
330
1F
100
AcDbEntity
  8
1
  6
CONTINUOUS
370
50
 62
4
100
AcDbLine
 10
34.882259
 20
3.220907
 30
0.0
 11
34.91716
 21
3.25694
 31
0.0
  0
LINE
  5
21CB
330
1F
100
AcDbEntity
  8
1
  6
CONTINUOUS
370
50
 62
4
100
AcDbLine
 10
25.338697
 20
1.587744
 30
0.0
 11
25.392166
 21
1.642991
 31
0.0
  0
LINE
  5
21CC
330
1F
100
AcDbEntity
  8
1
  6
CONTINUOUS
370
50
 62
4
100
AcDbLine
 10
33.168999
 20
-1.476523
 30
0.0
 11
33.222538
 21
-1.420963
 31
0.0
  0
LINE
  5
21CD
330
1F
100
AcDbEntity
  8
1
  6
CONTINUOUS
370
50
 62
4
100
AcDbLine
 10
31.100397
 20
-2.807491
 30
0.0
 11
31.137451
 21
-2.769028
 31
0.0
  0
LINE
  5
21CE
330
1F
100
AcDbEntity
  8
1
  6
CONTINUOUS
370
50
 62
4
100
AcDbLine
 10
33.115475
 20
-1.532632
 30
0.0
 11
33.168999
 21
-1.476523
 31
0.0
  0
LINE
  5
21CF
330
1F
100
AcDbEntity
  8
1
  6
CONTINUOUS
370
50
 62
4
100
AcDbLine
 10
17.784164
 20
0.7546539999999999
 30
0.0
 11
17.793301
 21
0.764284
 31
0.0
  0
LINE
  5
21D0
330
1F
100
AcDbEntity
  8
1
  6
CONTINUOUS
370
50
 62
4
100
AcDbLine
 10
33.092827
 20
-3.031628
 30
0.0
 11
33.129139
 21
-2.99327
 31
0.0
  0
LINE
  5
21D1
330
1F
100
AcDbEntity
  8
1
  6
CONTINUOUS
370
50
 62
4
100
AcDbLine
 10
33.06197
 20
-1.589286
 30
0.0
 11
33.115475
 21
-1.532632
 31
0.0
  0
LINE
  5
21D2
330
1F
100
AcDbEntity
  8
1
  6
CONTINUOUS
370
50
 62
4
100
AcDbLine
 10
30.114813
 20
-2.683843
 30
0.0
 11
30.15468
 21
-2.641567
 31
0.0
  0
LINE
  5
21D3
330
1F
100
AcDbEntity
  8
1
  6
CONTINUOUS
370
50
 62
4
100
AcDbLine
 10
17.955378
 20
1.00395
 30
0.0
 11
18.013231
 21
1.065542
 31
0.0
  0
LINE
  5
21D4
330
1F
100
AcDbEntity
  8
1
  6
CONTINUOUS
370
50
 62
4
100
AcDbLine
 10
33.008484
 20
-1.646485
 30
0.0
 11
33.06197
 21
-1.589286
 31
0.0
  0
LINE
  5
21D5
330
1F
100
AcDbEntity
  8
1
  6
CONTINUOUS
370
50
 62
4
100
AcDbLine
 10
26.07585
 20
1.435377
 30
0.0
 11
26.129421
 21
1.492738
 31
0.0
  0
LINE
  5
21D6
330
1F
100
AcDbEntity
  8
1
  6
CONTINUOUS
370
50
 62
4
100
AcDbLine
 10
20.572313
 20
1.680163
 30
0.0
 11
20.629675
 21
1.741868
 31
0.0
  0
LINE
  5
21D7
330
1F
100
AcDbEntity
  8
1
  6
CONTINUOUS
370
50
 62
4
100
AcDbLine
 10
30.349863
 20
2.695856
 30
0.0
 11
30.390102
 21
2.739302
 31
0.0
  0
LINE
  5
21D8
330
1F
100
AcDbEntity
  8
1
  6
CONTINUOUS
370
50
 62
4
100
AcDbLine
 10
32.955017
 20
-1.704225
 30
0.0
 11
33.008484
 21
-1.646485
 31
0.0
  0
LINE
  5
21D9
330
1F
100
AcDbEntity
  8
1
  6
CONTINUOUS
370
50
 62
4
100
AcDbLine
 10
26.129421
 20
1.492738
 30
0.0
 11
26.182978
 21
1.55064
 31
0.0
  0
LINE
  5
21DA
330
1F
100
AcDbEntity
  8
1
  6
CONTINUOUS
370
50
 62
4
100
AcDbLine
 10
12.712816
 20
-0.670422
 30
0.0
 11
12.745673
 21
-0.6348349999999999
 31
0.0
  0
LINE
  5
21DB
330
1F
100
AcDbEntity
  8
1
  6
CONTINUOUS
370
50
 62
4
100
AcDbLine
 10
26.182978
 20
1.55064
 30
0.0
 11
26.236517
 21
1.609079
 31
0.0
  0
LINE
  5
21DC
330
1F
100
AcDbEntity
  8
1
  6
CONTINUOUS
370
50
 62
4
100
AcDbLine
 10
25.616173
 20
2.226452
 30
0.0
 11
25.652121
 21
2.265748
 31
0.0
  0
LINE
  5
21DD
330
1F
100
AcDbEntity
  8
1
  6
CONTINUOUS
370
50
 62
4
100
AcDbLine
 10
26.236517
 20
1.609079
 30
0.0
 11
26.290041
 21
1.668053
 31
0.0
  0
LINE
  5
21DE
330
1F
100
AcDbEntity
  8
1
  6
CONTINUOUS
370
50
 62
4
100
AcDbLine
 10
21.579416
 20
1.789181
 30
0.0
 11
21.615166
 21
1.828645
 31
0.0
  0
LINE
  5
21DF
330
1F
100
AcDbEntity
  8
1
  6
CONTINUOUS
370
50
 62
4
100
AcDbLine
 10
31.475813
 20
2.820321
 30
0.0
 11
31.511112
 21
2.859442
 31
0.0
  0
LINE
  5
21E0
330
1F
100
AcDbEntity
  8
1
  6
CONTINUOUS
370
50
 62
4
100
AcDbLine
 10
26.290041
 20
1.668053
 30
0.0
 11
26.343546
 21
1.727557
 31
0.0
  0
LINE
  5
21E1
330
1F
100
AcDbEntity
  8
1
  6
CONTINUOUS
370
50
 62
4
100
AcDbLine
 10
23.591755
 20
2.001688
 30
0.0
 11
23.626022
 21
2.039812
 31
0.0
  0
LINE
  5
21E2
330
1F
100
AcDbEntity
  8
1
  6
CONTINUOUS
370
50
 62
4
100
AcDbLine
 10
32.217762
 20
-1.537201
 30
0.0
 11
32.271332
 21
-1.477321
 31
0.0
  0
LINE
  5
21E3
330
1F
100
AcDbEntity
  8
1
  6
CONTINUOUS
370
50
 62
4
100
AcDbLine
 10
32.604256
 20
2.946779
 30
0.0
 11
32.638489
 21
2.985067
 31
0.0
  0
LINE
  5
21E4
330
1F
100
AcDbEntity
  8
1
  6
CONTINUOUS
370
50
 62
4
100
AcDbLine
 10
26.343546
 20
1.727557
 30
0.0
 11
26.397032
 21
1.78759
 31
0.0
  0
LINE
  5
21E5
330
1F
100
AcDbEntity
  8
1
  6
CONTINUOUS
370
50
 62
4
100
AcDbLine
 10
17.721088
 20
-3.426944
 30
0.0
 11
17.732573
 21
-3.41403
 31
0.0
  0
LINE
  5
21E6
330
1F
100
AcDbEntity
  8
1
  6
CONTINUOUS
370
50
 62
4
100
AcDbLine
 10
32.164204
 20
-1.597614
 30
0.0
 11
32.217762
 21
-1.537201
 31
0.0
  0
LINE
  5
21E7
330
1F
100
AcDbEntity
  8
1
  6
CONTINUOUS
370
50
 62
4
100
AcDbLine
 10
26.397032
 20
1.78759
 30
0.0
 11
26.4505
 21
1.848148
 31
0.0
  0
LINE
  5
21E8
330
1F
100
AcDbEntity
  8
1
  6
CONTINUOUS
370
50
 62
4
100
AcDbLine
 10
32.110664
 20
-1.658558
 30
0.0
 11
32.164204
 21
-1.597614
 31
0.0
  0
LINE
  5
21E9
330
1F
100
AcDbEntity
  8
1
  6
CONTINUOUS
370
50
 62
4
100
AcDbLine
 10
33.726048
 20
3.064506
 30
0.0
 11
33.76025
 21
3.103476
 31
0.0
  0
LINE
  5
21EA
330
1F
100
AcDbEntity
  8
1
  6
CONTINUOUS
370
50
 62
4
100
AcDbLine
 10
35.107262
 20
-3.229774
 30
0.0
 11
35.143715
 21
-3.188175
 31
0.0
  0
LINE
  5
21EB
330
1F
100
AcDbEntity
  8
1
  6
CONTINUOUS
370
50
 62
4
100
AcDbLine
 10
17.732573
 20
-3.41403
 30
0.0
 11
17.74362
 21
-3.401423
 31
0.0
  0
LINE
  5
21EC
330
1F
100
AcDbEntity
  8
1
  6
CONTINUOUS
370
50
 62
4
100
AcDbLine
 10
32.05714
 20
-1.72003
 30
0.0
 11
32.110664
 21
-1.658558
 31
0.0
  0
LINE
  5
21ED
330
1F
100
AcDbEntity
  8
1
  6
CONTINUOUS
370
50
 62
4
100
AcDbLine
 10
34.113895
 20
-3.116702
 30
0.0
 11
34.148865
 21
-3.076424
 31
0.0
  0
LINE
  5
21EE
330
1F
100
AcDbEntity
  8
1
  6
CONTINUOUS
370
50
 62
4
100
AcDbLine
 10
34.84655
 20
3.179628
 30
0.0
 11
34.882259
 21
3.220907
 31
0.0
  0
LINE
  5
21EF
330
1F
100
AcDbEntity
  8
1
  6
CONTINUOUS
370
50
 62
4
100
AcDbLine
 10
32.127476
 20
-2.887893
 30
0.0
 11
32.162754
 21
-2.847044
 31
0.0
  0
LINE
  5
21F0
330
1F
100
AcDbEntity
  8
1
  6
CONTINUOUS
370
50
 62
4
100
AcDbLine
 10
32.003635
 20
-1.782026
 30
0.0
 11
32.05714
 21
-1.72003
 31
0.0
  0
LINE
  5
21F1
330
1F
100
AcDbEntity
  8
1
  6
CONTINUOUS
370
50
 62
4
100
AcDbLine
 10
17.74362
 20
-3.401423
 30
0.0
 11
17.754269
 21
-3.389073
 31
0.0
  0
LINE
  5
21F2
330
1F
100
AcDbEntity
  8
1
  6
CONTINUOUS
370
50
 62
4
100
AcDbLine
 10
31.137451
 20
-2.769028
 30
0.0
 11
31.174995
 21
-2.725249
 31
0.0
  0
LINE
  5
21F3
330
1F
100
AcDbEntity
  8
1
  6
CONTINUOUS
370
50
 62
4
100
AcDbLine
 10
27.134184
 20
1.596535
 30
0.0
 11
27.187757
 21
1.65914
 31
0.0
  0
LINE
  5
21F4
330
1F
100
AcDbEntity
  8
1
  6
CONTINUOUS
370
50
 62
4
100
AcDbLine
 10
31.95015
 20
-1.844543
 30
0.0
 11
32.003635
 21
-1.782026
 31
0.0
  0
LINE
  5
21F5
330
1F
100
AcDbEntity
  8
1
  6
CONTINUOUS
370
50
 62
4
100
AcDbLine
 10
17.899036
 20
0.9377719999999999
 30
0.0
 11
17.955378
 21
1.00395
 31
0.0
  0
LINE
  5
21F6
330
1F
100
AcDbEntity
  8
1
  6
CONTINUOUS
370
50
 62
4
100
AcDbLine
 10
27.187757
 20
1.65914
 30
0.0
 11
27.241314
 21
1.722261
 31
0.0
  0
LINE
  5
21F7
330
1F
100
AcDbEntity
  8
1
  6
CONTINUOUS
370
50
 62
4
100
AcDbLine
 10
31.896683
 20
-1.907579
 30
0.0
 11
31.95015
 21
-1.844543
 31
0.0
  0
LINE
  5
21F8
330
1F
100
AcDbEntity
  8
1
  6
CONTINUOUS
370
50
 62
4
100
AcDbLine
 10
16.290731
 20
-3.334558
 30
0.0
 11
16.302984
 21
-3.32011
 31
0.0
  0
LINE
  5
21F9
330
1F
100
AcDbEntity
  8
1
  6
CONTINUOUS
370
50
 62
4
100
AcDbLine
 10
17.754269
 20
-3.389073
 30
0.0
 11
17.764605
 21
-3.376875
 31
0.0
  0
LINE
  5
21FA
330
1F
100
AcDbEntity
  8
1
  6
CONTINUOUS
370
50
 62
4
100
AcDbLine
 10
24.587788
 20
2.094149
 30
0.0
 11
24.622356
 21
2.135094
 31
0.0
  0
LINE
  5
21FB
330
1F
100
AcDbEntity
  8
1
  6
CONTINUOUS
370
50
 62
4
100
AcDbLine
 10
30.309158
 20
2.647615
 30
0.0
 11
30.349863
 21
2.695856
 31
0.0
  0
LINE
  5
21FC
330
1F
100
AcDbEntity
  8
1
  6
CONTINUOUS
370
50
 62
4
100
AcDbLine
 10
22.56768
 20
1.873974
 30
0.0
 11
22.602476
 21
1.915256
 31
0.0
  0
LINE
  5
21FD
330
1F
100
AcDbEntity
  8
1
  6
CONTINUOUS
370
50
 62
4
100
AcDbLine
 10
27.241314
 20
1.722261
 30
0.0
 11
27.294855
 21
1.785895
 31
0.0
  0
LINE
  5
21FE
330
1F
100
AcDbEntity
  8
1
  6
CONTINUOUS
370
50
 62
4
100
AcDbLine
 10
33.129139
 20
-2.99327
 30
0.0
 11
33.166138
 21
-2.949159
 31
0.0
  0
LINE
  5
21FF
330
1F
100
AcDbEntity
  8
1
  6
CONTINUOUS
370
50
 62
4
100
AcDbLine
 10
27.294855
 20
1.785895
 30
0.0
 11
27.348377
 21
1.85004
 31
0.0
  0
LINE
  5
2200
330
1F
100
AcDbEntity
  8
1
  6
CONTINUOUS
370
50
 62
4
100
AcDbLine
 10
17.793301
 20
0.764284
 30
0.0
 11
17.80195
 21
0.774663
 31
0.0
  0
LINE
  5
2201
330
1F
100
AcDbEntity
  8
1
  6
CONTINUOUS
370
50
 62
4
100
AcDbLine
 10
31.440094
 20
2.777317
 30
0.0
 11
31.475813
 21
2.820321
 31
0.0
  0
LINE
  5
2202
330
1F
100
AcDbEntity
  8
1
  6
CONTINUOUS
370
50
 62
4
100
AcDbLine
 10
17.764605
 20
-3.376875
 30
0.0
 11
17.774584
 21
-3.364856
 31
0.0
  0
LINE
  5
2203
330
1F
100
AcDbEntity
  8
1
  6
CONTINUOUS
370
50
 62
4
100
AcDbLine
 10
27.348377
 20
1.85004
 30
0.0
 11
27.401882
 21
1.91469
 31
0.0
  0
LINE
  5
2204
330
1F
100
AcDbEntity
  8
1
  6
CONTINUOUS
370
50
 62
4
100
AcDbLine
 10
31.159426
 20
-1.703189
 30
0.0
 11
31.212999
 21
-1.638093
 31
0.0
  0
LINE
  5
2205
330
1F
100
AcDbEntity
  8
1
  6
CONTINUOUS
370
50
 62
4
100
AcDbLine
 10
16.282393
 20
1.253006
 30
0.0
 11
16.298679
 21
1.272814
 31
0.0
  0
LINE
  5
2206
330
1F
100
AcDbEntity
  8
1
  6
CONTINUOUS
370
50
 62
4
100
AcDbLine
 10
32.569439
 20
2.90443
 30
0.0
 11
32.604256
 21
2.946779
 31
0.0
  0
LINE
  5
2207
330
1F
100
AcDbEntity
  8
1
  6
CONTINUOUS
370
50
 62
4
100
AcDbLine
 10
27.401882
 20
1.91469
 30
0.0
 11
27.455368
 21
1.979844
 31
0.0
  0
LINE
  5
2208
330
1F
100
AcDbEntity
  8
1
  6
CONTINUOUS
370
50
 62
4
100
AcDbLine
 10
36.130013
 20
-3.309498
 30
0.0
 11
36.154644
 21
-3.279408
 31
0.0
  0
LINE
  5
2209
330
1F
100
AcDbEntity
  8
1
  6
CONTINUOUS
370
50
 62
4
100
AcDbLine
 10
31.105867
 20
-1.768795
 30
0.0
 11
31.159426
 21
-1.703189
 31
0.0
  0
LINE
  5
220A
330
1F
100
AcDbEntity
  8
1
  6
CONTINUOUS
370
50
 62
4
100
AcDbLine
 10
27.455368
 20
1.979844
 30
0.0
 11
27.508833
 21
2.045498
 31
0.0
  0
LINE
  5
220B
330
1F
100
AcDbEntity
  8
1
  6
CONTINUOUS
370
50
 62
4
100
AcDbLine
 10
17.774584
 20
-3.364856
 30
0.0
 11
17.784164
 21
-3.353053
 31
0.0
  0
LINE
  5
220C
330
1F
100
AcDbEntity
  8
1
  6
CONTINUOUS
370
50
 62
4
100
AcDbLine
 10
26.605013
 20
2.309483
 30
0.0
 11
26.64253
 21
2.355725
 31
0.0
  0
LINE
  5
220D
330
1F
100
AcDbEntity
  8
1
  6
CONTINUOUS
370
50
 62
4
100
AcDbLine
 10
31.052324
 20
-1.834908
 30
0.0
 11
31.105867
 21
-1.768795
 31
0.0
  0
LINE
  5
220E
330
1F
100
AcDbEntity
  8
1
  6
CONTINUOUS
370
50
 62
4
100
AcDbLine
 10
27.493189
 20
2.633641
 30
0.0
 11
27.508833
 21
2.653005
 31
0.0
  0
LINE
  5
220F
330
1F
100
AcDbEntity
  8
1
  6
CONTINUOUS
370
50
 62
4
100
AcDbLine
 10
12.6825
 20
-0.707962
 30
0.0
 11
12.712816
 21
-0.670422
 31
0.0
  0
LINE
  5
2210
330
1F
100
AcDbEntity
  8
1
  6
CONTINUOUS
370
50
 62
4
100
AcDbLine
 10
27.477543
 20
2.614235
 30
0.0
 11
27.493189
 21
2.633641
 31
0.0
  0
LINE
  5
2211
330
1F
100
AcDbEntity
  8
1
  6
CONTINUOUS
370
50
 62
4
100
AcDbLine
 10
27.461895
 20
2.594788
 30
0.0
 11
27.477543
 21
2.614235
 31
0.0
  0
LINE
  5
2212
330
1F
100
AcDbEntity
  8
1
  6
CONTINUOUS
370
50
 62
4
100
AcDbLine
 10
33.69119999999999
 20
3.021189
 30
0.0
 11
33.726048
 21
3.064506
 31
0.0
  0
LINE
  5
2213
330
1F
100
AcDbEntity
  8
1
  6
CONTINUOUS
370
50
 62
4
100
AcDbLine
 10
30.9988
 20
-1.901524
 30
0.0
 11
31.052324
 21
-1.834908
 31
0.0
  0
LINE
  5
2214
330
1F
100
AcDbEntity
  8
1
  6
CONTINUOUS
370
50
 62
4
100
AcDbLine
 10
27.446245
 20
2.5753
 30
0.0
 11
27.461895
 21
2.594788
 31
0.0
  0
LINE
  5
2215
330
1F
100
AcDbEntity
  8
1
  6
CONTINUOUS
370
50
 62
4
100
AcDbLine
 10
27.430593
 20
2.555772
 30
0.0
 11
27.446245
 21
2.5753
 31
0.0
  0
LINE
  5
2216
330
1F
100
AcDbEntity
  8
1
  6
CONTINUOUS
370
50
 62
4
100
AcDbLine
 10
27.41494
 20
2.536203
 30
0.0
 11
27.430593
 21
2.555772
 31
0.0
  0
LINE
  5
2217
330
1F
100
AcDbEntity
  8
1
  6
CONTINUOUS
370
50
 62
4
100
AcDbLine
 10
30.945297
 20
-1.968638
 30
0.0
 11
30.9988
 21
-1.901524
 31
0.0
  0
LINE
  5
2218
330
1F
100
AcDbEntity
  8
1
  6
CONTINUOUS
370
50
 62
4
100
AcDbLine
 10
35.945286
 20
3.266088
 30
0.0
 11
35.975494
 21
3.303999
 31
0.0
  0
LINE
  5
2219
330
1F
100
AcDbEntity
  8
1
  6
CONTINUOUS
370
50
 62
4
100
AcDbLine
 10
19.534718
 20
1.536344
 30
0.0
 11
19.571346
 21
1.582316
 31
0.0
  0
LINE
  5
221A
330
1F
100
AcDbEntity
  8
1
  6
CONTINUOUS
370
50
 62
4
100
AcDbLine
 10
21.544136
 20
1.744651
 30
0.0
 11
21.579416
 21
1.789181
 31
0.0
  0
LINE
  5
221B
330
1F
100
AcDbEntity
  8
1
  6
CONTINUOUS
370
50
 62
4
100
AcDbLine
 10
28.192516
 20
1.751425
 30
0.0
 11
28.246092
 21
1.819048
 31
0.0
  0
LINE
  5
221C
330
1F
100
AcDbEntity
  8
1
  6
CONTINUOUS
370
50
 62
4
100
AcDbLine
 10
30.891813
 20
-2.036249
 30
0.0
 11
30.945297
 21
-1.968638
 31
0.0
  0
LINE
  5
221D
330
1F
100
AcDbEntity
  8
1
  6
CONTINUOUS
370
50
 62
4
100
AcDbLine
 10
17.784164
 20
-3.353053
 30
0.0
 11
17.793301
 21
-3.341497
 31
0.0
  0
LINE
  5
221E
330
1F
100
AcDbEntity
  8
1
  6
CONTINUOUS
370
50
 62
4
100
AcDbLine
 10
34.810051
 20
3.133217
 30
0.0
 11
34.84655
 21
3.179628
 31
0.0
  0
LINE
  5
221F
330
1F
100
AcDbEntity
  8
1
  6
CONTINUOUS
370
50
 62
4
100
AcDbLine
 10
28.246092
 20
1.819048
 30
0.0
 11
28.29965
 21
1.887161
 31
0.0
  0
LINE
  5
2220
330
1F
100
AcDbEntity
  8
1
  6
CONTINUOUS
370
50
 62
4
100
AcDbLine
 10
30.83835
 20
-2.104353
 30
0.0
 11
30.891813
 21
-2.036249
 31
0.0
  0
LINE
  5
2221
330
1F
100
AcDbEntity
  8
1
  6
CONTINUOUS
370
50
 62
4
100
AcDbLine
 10
32.162754
 20
-2.847044
 30
0.0
 11
32.198502
 21
-2.80135
 31
0.0
  0
LINE
  5
2222
330
1F
100
AcDbEntity
  8
1
  6
CONTINUOUS
370
50
 62
4
100
AcDbLine
 10
28.29965
 20
1.887161
 30
0.0
 11
28.353191
 21
1.955762
 31
0.0
  0
LINE
  5
2223
330
1F
100
AcDbEntity
  8
1
  6
CONTINUOUS
370
50
 62
4
100
AcDbLine
 10
23.558111
 20
1.958569
 30
0.0
 11
23.591755
 21
2.001688
 31
0.0
  0
LINE
  5
2224
330
1F
100
AcDbEntity
  8
1
  6
CONTINUOUS
370
50
 62
4
100
AcDbLine
 10
34.148865
 20
-3.076424
 30
0.0
 11
34.184544
 21
-3.030619
 31
0.0
  0
LINE
  5
2225
330
1F
100
AcDbEntity
  8
1
  6
CONTINUOUS
370
50
 62
4
100
AcDbLine
 10
35.143715
 20
-3.188175
 30
0.0
 11
35.181023
 21
-3.140113
 31
0.0
  0
LINE
  5
2226
330
1F
100
AcDbEntity
  8
1
  6
CONTINUOUS
370
50
 62
4
100
AcDbLine
 10
31.174995
 20
-2.725249
 30
0.0
 11
31.213013
 21
-2.676232
 31
0.0
  0
LINE
  5
2227
330
1F
100
AcDbEntity
  8
1
  6
CONTINUOUS
370
50
 62
4
100
AcDbLine
 10
28.353191
 20
1.955762
 30
0.0
 11
28.406715
 21
2.024846
 31
0.0
  0
LINE
  5
2228
330
1F
100
AcDbEntity
  8
1
  6
CONTINUOUS
370
50
 62
4
100
AcDbLine
 10
17.844332
 20
0.867085
 30
0.0
 11
17.899036
 21
0.9377719999999999
 31
0.0
  0
LINE
  5
2229
330
1F
100
AcDbEntity
  8
1
  6
CONTINUOUS
370
50
 62
4
100
AcDbLine
 10
25.58102
 20
2.181001
 30
0.0
 11
25.616173
 21
2.226452
 31
0.0
  0
LINE
  5
222A
330
1F
100
AcDbEntity
  8
1
  6
CONTINUOUS
370
50
 62
4
100
AcDbLine
 10
31.403976
 20
2.730518
 30
0.0
 11
31.440094
 21
2.777317
 31
0.0
  0
LINE
  5
222B
330
1F
100
AcDbEntity
  8
1
  6
CONTINUOUS
370
50
 62
4
100
AcDbLine
 10
28.406715
 20
2.024846
 30
0.0
 11
28.46022
 21
2.094409
 31
0.0
  0
LINE
  5
222C
330
1F
100
AcDbEntity
  8
1
  6
CONTINUOUS
370
50
 62
4
100
AcDbLine
 10
17.793301
 20
-3.341497
 30
0.0
 11
17.80195
 21
-3.330225
 31
0.0
  0
LINE
  5
222D
330
1F
100
AcDbEntity
  8
1
  6
CONTINUOUS
370
50
 62
4
100
AcDbLine
 10
30.101089
 20
-1.863289
 30
0.0
 11
30.154667
 21
-1.793224
 31
0.0
  0
LINE
  5
222E
330
1F
100
AcDbEntity
  8
1
  6
CONTINUOUS
370
50
 62
4
100
AcDbLine
 10
28.46022
 20
2.094409
 30
0.0
 11
28.513702
 21
2.164449
 31
0.0
  0
LINE
  5
222F
330
1F
100
AcDbEntity
  8
1
  6
CONTINUOUS
370
50
 62
4
100
AcDbLine
 10
32.534142
 20
2.858194
 30
0.0
 11
32.569439
 21
2.90443
 31
0.0
  0
LINE
  5
2230
330
1F
100
AcDbEntity
  8
1
  6
CONTINUOUS
370
50
 62
4
100
AcDbLine
 10
20.516047
 20
1.606074
 30
0.0
 11
20.572313
 21
1.680163
 31
0.0
  0
LINE
  5
2231
330
1F
100
AcDbEntity
  8
1
  6
CONTINUOUS
370
50
 62
4
100
AcDbLine
 10
30.047529
 20
-1.933835
 30
0.0
 11
30.101089
 21
-1.863289
 31
0.0
  0
LINE
  5
2232
330
1F
100
AcDbEntity
  8
1
  6
CONTINUOUS
370
50
 62
4
100
AcDbLine
 10
28.513702
 20
2.164449
 30
0.0
 11
28.567167
 21
2.234962
 31
0.0
  0
LINE
  5
2233
330
1F
100
AcDbEntity
  8
1
  6
CONTINUOUS
370
50
 62
4
100
AcDbLine
 10
33.166138
 20
-2.949159
 30
0.0
 11
33.203709
 21
-2.899507
 31
0.0
  0
LINE
  5
2234
330
1F
100
AcDbEntity
  8
1
  6
CONTINUOUS
370
50
 62
4
100
AcDbLine
 10
36.154644
 20
-3.279408
 30
0.0
 11
36.179699
 21
-3.246221
 31
0.0
  0
LINE
  5
2235
330
1F
100
AcDbEntity
  8
1
  6
CONTINUOUS
370
50
 62
4
100
AcDbLine
 10
29.993986
 20
-2.004861
 30
0.0
 11
30.047529
 21
-1.933835
 31
0.0
  0
LINE
  5
2236
330
1F
100
AcDbEntity
  8
1
  6
CONTINUOUS
370
50
 62
4
100
AcDbLine
 10
26.401737
 20
2.729337
 30
0.0
 11
26.4505
 21
2.794074
 31
0.0
  0
LINE
  5
2237
330
1F
100
AcDbEntity
  8
1
  6
CONTINUOUS
370
50
 62
4
100
AcDbLine
 10
26.352961
 20
2.664241
 30
0.0
 11
26.401737
 21
2.729337
 31
0.0
  0
LINE
  5
2238
330
1F
100
AcDbEntity
  8
1
  6
CONTINUOUS
370
50
 62
4
100
AcDbLine
 10
29.940462
 20
-2.076362
 30
0.0
 11
29.993986
 21
-2.004861
 31
0.0
  0
LINE
  5
2239
330
1F
100
AcDbEntity
  8
1
  6
CONTINUOUS
370
50
 62
4
100
AcDbLine
 10
33.655724
 20
2.973603
 30
0.0
 11
33.69119999999999
 21
3.021189
 31
0.0
  0
LINE
  5
223A
330
1F
100
AcDbEntity
  8
1
  6
CONTINUOUS
370
50
 62
4
100
AcDbLine
 10
26.304167
 20
2.598789
 30
0.0
 11
26.352961
 21
2.664241
 31
0.0
  0
LINE
  5
223B
330
1F
100
AcDbEntity
  8
1
  6
CONTINUOUS
370
50
 62
4
100
AcDbLine
 10
29.886959
 20
-2.148331
 30
0.0
 11
29.940462
 21
-2.076362
 31
0.0
  0
LINE
  5
223C
330
1F
100
AcDbEntity
  8
1
  6
CONTINUOUS
370
50
 62
4
100
AcDbLine
 10
26.255358
 20
2.532982
 30
0.0
 11
26.304167
 21
2.598789
 31
0.0
  0
LINE
  5
223D
330
1F
100
AcDbEntity
  8
1
  6
CONTINUOUS
370
50
 62
4
100
AcDbLine
 10
17.80195
 20
-3.330225
 30
0.0
 11
17.81007
 21
-3.319268
 31
0.0
  0
LINE
  5
223E
330
1F
100
AcDbEntity
  8
1
  6
CONTINUOUS
370
50
 62
4
100
AcDbLine
 10
29.250851
 20
1.899785
 30
0.0
 11
29.30455
 21
1.972337
 31
0.0
  0
LINE
  5
223F
330
1F
100
AcDbEntity
  8
1
  6
CONTINUOUS
370
50
 62
4
100
AcDbLine
 10
22.533413
 20
1.827643
 30
0.0
 11
22.56768
 21
1.873974
 31
0.0
  0
LINE
  5
2240
330
1F
100
AcDbEntity
  8
1
  6
CONTINUOUS
370
50
 62
4
100
AcDbLine
 10
40.731827
 20
1.595443
 30
0.0
 11
40.731991
 21
1.595665
 31
0.0
  0
LINE
  5
2241
330
1F
100
AcDbEntity
  8
1
  6
CONTINUOUS
370
50
 62
4
100
AcDbLine
 10
29.833477
 20
-2.220767
 30
0.0
 11
29.886959
 21
-2.148331
 31
0.0
  0
LINE
  5
2242
330
1F
100
AcDbEntity
  8
1
  6
CONTINUOUS
370
50
 62
4
100
AcDbLine
 10
35.914467
 20
3.224345
 30
0.0
 11
35.945286
 21
3.266088
 31
0.0
  0
LINE
  5
2243
330
1F
100
AcDbEntity
  8
1
  6
CONTINUOUS
370
50
 62
4
100
AcDbLine
 10
26.206535
 20
2.466825
 30
0.0
 11
26.255358
 21
2.532982
 31
0.0
  0
LINE
  5
2244
330
1F
100
AcDbEntity
  8
1
  6
CONTINUOUS
370
50
 62
4
100
AcDbLine
 10
29.30455
 20
1.972337
 30
0.0
 11
29.358232
 21
2.045352
 31
0.0
  0
LINE
  5
2245
330
1F
100
AcDbEntity
  8
1
  6
CONTINUOUS
370
50
 62
4
100
AcDbLine
 10
26.157698
 20
2.400322
 30
0.0
 11
26.206535
 21
2.466825
 31
0.0
  0
LINE
  5
2246
330
1F
100
AcDbEntity
  8
1
  6
CONTINUOUS
370
50
 62
4
100
AcDbLine
 10
29.780016
 20
-2.293667
 30
0.0
 11
29.833477
 21
-2.220767
 31
0.0
  0
LINE
  5
2247
330
1F
100
AcDbEntity
  8
1
  6
CONTINUOUS
370
50
 62
4
100
AcDbLine
 10
29.358232
 20
2.045352
 30
0.0
 11
29.411898
 21
2.118828
 31
0.0
  0
LINE
  5
2248
330
1F
100
AcDbEntity
  8
1
  6
CONTINUOUS
370
50
 62
4
100
AcDbLine
 10
24.553925
 20
2.047777
 30
0.0
 11
24.587788
 21
2.094149
 31
0.0
  0
LINE
  5
2249
330
1F
100
AcDbEntity
  8
1
  6
CONTINUOUS
370
50
 62
4
100
AcDbLine
 10
17.80195
 20
0.774663
 30
0.0
 11
17.81007
 21
0.7858069999999999
 31
0.0
  0
LINE
  5
224A
330
1F
100
AcDbEntity
  8
1
  6
CONTINUOUS
370
50
 62
4
100
AcDbLine
 10
29.411898
 20
2.118828
 30
0.0
 11
29.465494
 21
2.192691
 31
0.0
  0
LINE
  5
224B
330
1F
100
AcDbEntity
  8
1
  6
CONTINUOUS
370
50
 62
4
100
AcDbLine
 10
34.772778
 20
3.081785
 30
0.0
 11
34.810051
 21
3.133217
 31
0.0
  0
LINE
  5
224C
330
1F
100
AcDbEntity
  8
1
  6
CONTINUOUS
370
50
 62
4
100
AcDbLine
 10
31.367491
 20
2.680011
 30
0.0
 11
31.403976
 21
2.730518
 31
0.0
  0
LINE
  5
224D
330
1F
100
AcDbEntity
  8
1
  6
CONTINUOUS
370
50
 62
4
100
AcDbLine
 10
29.465494
 20
2.192691
 30
0.0
 11
29.518925
 21
2.266808
 31
0.0
  0
LINE
  5
224E
330
1F
100
AcDbEntity
  8
1
  6
CONTINUOUS
370
50
 62
4
100
AcDbLine
 10
29.042761
 20
-2.015353
 30
0.0
 11
29.096333
 21
-1.940854
 31
0.0
  0
LINE
  5
224F
330
1F
100
AcDbEntity
  8
1
  6
CONTINUOUS
370
50
 62
4
100
AcDbLine
 10
18.452887
 20
-2.405182
 30
0.0
 11
18.52
 21
-2.311828
 31
0.0
  0
LINE
  5
2250
330
1F
100
AcDbEntity
  8
1
  6
CONTINUOUS
370
50
 62
4
100
AcDbLine
 10
32.198502
 20
-2.80135
 30
0.0
 11
32.234703
 21
-2.750895
 31
0.0
  0
LINE
  5
2251
330
1F
100
AcDbEntity
  8
1
  6
CONTINUOUS
370
50
 62
4
100
AcDbLine
 10
29.518925
 20
2.266808
 30
0.0
 11
29.572243
 21
2.341237
 31
0.0
  0
LINE
  5
2252
330
1F
100
AcDbEntity
  8
1
  6
CONTINUOUS
370
50
 62
4
100
AcDbLine
 10
28.989204
 20
-2.090275
 30
0.0
 11
29.042761
 21
-2.015353
 31
0.0
  0
LINE
  5
2253
330
1F
100
AcDbEntity
  8
1
  6
CONTINUOUS
370
50
 62
4
100
AcDbLine
 10
18.386742
 20
-2.497714
 30
0.0
 11
18.452887
 21
-2.405182
 31
0.0
  0
LINE
  5
2254
330
1F
100
AcDbEntity
  8
1
  6
CONTINUOUS
370
50
 62
4
100
AcDbLine
 10
32.498425
 20
2.808215
 30
0.0
 11
32.534142
 21
2.858194
 31
0.0
  0
LINE
  5
2255
330
1F
100
AcDbEntity
  8
1
  6
CONTINUOUS
370
50
 62
4
100
AcDbLine
 10
17.844332
 20
-3.263531
 30
0.0
 11
17.899036
 21
-3.186943
 31
0.0
  0
LINE
  5
2256
330
1F
100
AcDbEntity
  8
1
  6
CONTINUOUS
370
50
 62
4
100
AcDbLine
 10
29.572243
 20
2.341237
 30
0.0
 11
29.6255
 21
2.416048
 31
0.0
  0
LINE
  5
2257
330
1F
100
AcDbEntity
  8
1
  6
CONTINUOUS
370
50
 62
4
100
AcDbLine
 10
19.498524
 20
1.485473
 30
0.0
 11
19.534718
 21
1.536344
 31
0.0
  0
LINE
  5
2258
330
1F
100
AcDbEntity
  8
1
  6
CONTINUOUS
370
50
 62
4
100
AcDbLine
 10
18.321619
 20
-2.589247
 30
0.0
 11
18.386742
 21
-2.497714
 31
0.0
  0
LINE
  5
2259
330
1F
100
AcDbEntity
  8
1
  6
CONTINUOUS
370
50
 62
4
100
AcDbLine
 10
17.81007
 20
-3.319268
 30
0.0
 11
17.817589
 21
-3.308699
 31
0.0
  0
LINE
  5
225A
330
1F
100
AcDbEntity
  8
1
  6
CONTINUOUS
370
50
 62
4
100
AcDbLine
 10
25.338697
 20
2.844232
 30
0.0
 11
25.392166
 21
2.919432
 31
0.0
  0
LINE
  5
225B
330
1F
100
AcDbEntity
  8
1
  6
CONTINUOUS
370
50
 62
4
100
AcDbLine
 10
28.935665
 20
-2.165615
 30
0.0
 11
28.989204
 21
-2.090275
 31
0.0
  0
LINE
  5
225C
330
1F
100
AcDbEntity
  8
1
  6
CONTINUOUS
370
50
 62
4
100
AcDbLine
 10
17.899036
 20
-3.186943
 30
0.0
 11
17.955378
 21
-3.107563
 31
0.0
  0
LINE
  5
225D
330
1F
100
AcDbEntity
  8
1
  6
CONTINUOUS
370
50
 62
4
100
AcDbLine
 10
34.184544
 20
-3.030619
 30
0.0
 11
34.220898
 21
-2.97939
 31
0.0
  0
LINE
  5
225E
330
1F
100
AcDbEntity
  8
1
  6
CONTINUOUS
370
50
 62
4
100
AcDbLine
 10
18.257574
 20
-2.679603
 30
0.0
 11
18.321619
 21
-2.589247
 31
0.0
  0
LINE
  5
225F
330
1F
100
AcDbEntity
  8
1
  6
CONTINUOUS
370
50
 62
4
100
AcDbLine
 10
25.285212
 20
2.768645
 30
0.0
 11
25.338697
 21
2.844232
 31
0.0
  0
LINE
  5
2260
330
1F
100
AcDbEntity
  8
1
  6
CONTINUOUS
370
50
 62
4
100
AcDbLine
 10
17.955378
 20
-3.107563
 30
0.0
 11
18.013231
 21
-3.025736
 31
0.0
  0
LINE
  5
2261
330
1F
100
AcDbEntity
  8
1
  6
CONTINUOUS
370
50
 62
4
100
AcDbLine
 10
18.194658
 20
-2.768606
 30
0.0
 11
18.257574
 21
-2.679603
 31
0.0
  0
LINE
  5
2262
330
1F
100
AcDbEntity
  8
1
  6
CONTINUOUS
370
50
 62
4
100
AcDbLine
 10
28.882141
 20
-2.241369
 30
0.0
 11
28.935665
 21
-2.165615
 31
0.0
  0
LINE
  5
2263
330
1F
100
AcDbEntity
  8
1
  6
CONTINUOUS
370
50
 62
4
100
AcDbLine
 10
18.013231
 20
-3.025736
 30
0.0
 11
18.072433
 21
-2.941849
 31
0.0
  0
LINE
  5
2264
330
1F
100
AcDbEntity
  8
1
  6
CONTINUOUS
370
50
 62
4
100
AcDbLine
 10
18.132927
 20
-2.856081
 30
0.0
 11
18.194658
 21
-2.768606
 31
0.0
  0
LINE
  5
2265
330
1F
100
AcDbEntity
  8
1
  6
CONTINUOUS
370
50
 62
4
100
AcDbLine
 10
18.072433
 20
-2.941849
 30
0.0
 11
18.132927
 21
-2.856081
 31
0.0
  0
LINE
  5
2266
330
1F
100
AcDbEntity
  8
1
  6
CONTINUOUS
370
50
 62
4
100
AcDbLine
 10
25.231707
 20
2.692673
 30
0.0
 11
25.285212
 21
2.768645
 31
0.0
  0
LINE
  5
2267
330
1F
100
AcDbEntity
  8
1
  6
CONTINUOUS
370
50
 62
4
100
AcDbLine
 10
36.179699
 20
-3.246221
 30
0.0
 11
36.205166
 21
-3.209974
 31
0.0
  0
LINE
  5
2268
330
1F
100
AcDbEntity
  8
1
  6
CONTINUOUS
370
50
 62
4
100
AcDbLine
 10
28.828636
 20
-2.31753
 30
0.0
 11
28.882141
 21
-2.241369
 31
0.0
  0
LINE
  5
2269
330
1F
100
AcDbEntity
  8
1
  6
CONTINUOUS
370
50
 62
4
100
AcDbLine
 10
21.509338
 20
1.695101
 30
0.0
 11
21.544136
 21
1.744651
 31
0.0
  0
LINE
  5
226A
330
1F
100
AcDbEntity
  8
1
  6
CONTINUOUS
370
50
 62
4
100
AcDbLine
 10
25.178183
 20
2.61632
 30
0.0
 11
25.231707
 21
2.692673
 31
0.0
  0
LINE
  5
226B
330
1F
100
AcDbEntity
  8
1
  6
CONTINUOUS
370
50
 62
4
100
AcDbLine
 10
35.181023
 20
-3.140113
 30
0.0
 11
35.219173
 21
-3.085681
 31
0.0
  0
LINE
  5
226C
330
1F
100
AcDbEntity
  8
1
  6
CONTINUOUS
370
50
 62
4
100
AcDbLine
 10
30.309183
 20
2.039505
 30
0.0
 11
30.362757
 21
2.116058
 31
0.0
  0
LINE
  5
226D
330
1F
100
AcDbEntity
  8
1
  6
CONTINUOUS
370
50
 62
4
100
AcDbLine
 10
28.77515
 20
-2.394094
 30
0.0
 11
28.828636
 21
-2.31753
 31
0.0
  0
LINE
  5
226E
330
1F
100
AcDbEntity
  8
1
  6
CONTINUOUS
370
50
 62
4
100
AcDbLine
 10
25.124643
 20
2.539591
 30
0.0
 11
25.178183
 21
2.61632
 31
0.0
  0
LINE
  5
226F
330
1F
100
AcDbEntity
  8
1
  6
CONTINUOUS
370
50
 62
4
100
AcDbLine
 10
33.619644
 20
2.921844
 30
0.0
 11
33.655724
 21
2.973603
 31
0.0
  0
LINE
  5
2270
330
1F
100
AcDbEntity
  8
1
  6
CONTINUOUS
370
50
 62
4
100
AcDbLine
 10
30.362757
 20
2.116058
 30
0.0
 11
30.416313
 21
2.193011
 31
0.0
  0
LINE
  5
2271
330
1F
100
AcDbEntity
  8
1
  6
CONTINUOUS
370
50
 62
4
100
AcDbLine
 10
28.721684
 20
-2.471058
 30
0.0
 11
28.77515
 21
-2.394094
 31
0.0
  0
LINE
  5
2272
330
1F
100
AcDbEntity
  8
1
  6
CONTINUOUS
370
50
 62
4
100
AcDbLine
 10
25.071087
 20
2.462489
 30
0.0
 11
25.124643
 21
2.539591
 31
0.0
  0
LINE
  5
2273
330
1F
100
AcDbEntity
  8
1
  6
CONTINUOUS
370
50
 62
4
100
AcDbLine
 10
30.416313
 20
2.193011
 30
0.0
 11
30.469852
 21
2.270359
 31
0.0
  0
LINE
  5
2274
330
1F
100
AcDbEntity
  8
1
  6
CONTINUOUS
370
50
 62
4
100
AcDbLine
 10
33.203709
 20
-2.899507
 30
0.0
 11
33.241825
 21
-2.844435
 31
0.0
  0
LINE
  5
2275
330
1F
100
AcDbEntity
  8
1
  6
CONTINUOUS
370
50
 62
4
100
AcDbLine
 10
25.017517
 20
2.385019
 30
0.0
 11
25.071087
 21
2.462489
 31
0.0
  0
LINE
  5
2276
330
1F
100
AcDbEntity
  8
1
  6
CONTINUOUS
370
50
 62
4
100
AcDbLine
 10
35.883049
 20
3.178849
 30
0.0
 11
35.914467
 21
3.224345
 31
0.0
  0
LINE
  5
2277
330
1F
100
AcDbEntity
  8
1
  6
CONTINUOUS
370
50
 62
4
100
AcDbLine
 10
12.655259
 20
-0.74742
 30
0.0
 11
12.6825
 21
-0.707962
 31
0.0
  0
LINE
  5
2278
330
1F
100
AcDbEntity
  8
1
  6
CONTINUOUS
370
50
 62
4
100
AcDbLine
 10
30.469852
 20
2.270359
 30
0.0
 11
30.523376
 21
2.348099
 31
0.0
  0
LINE
  5
2279
330
1F
100
AcDbEntity
  8
1
  6
CONTINUOUS
370
50
 62
4
100
AcDbLine
 10
23.525106
 20
1.910539
 30
0.0
 11
23.558111
 21
1.958569
 31
0.0
  0
LINE
  5
227A
330
1F
100
AcDbEntity
  8
1
  6
CONTINUOUS
370
50
 62
4
100
AcDbLine
 10
37.188347
 20
-3.33787
 30
0.0
 11
37.201923
 21
-3.318105
 31
0.0
  0
LINE
  5
227B
330
1F
100
AcDbEntity
  8
1
  6
CONTINUOUS
370
50
 62
4
100
AcDbLine
 10
30.523376
 20
2.348099
 30
0.0
 11
30.576881
 21
2.426222
 31
0.0
  0
LINE
  5
227C
330
1F
100
AcDbEntity
  8
1
  6
CONTINUOUS
370
50
 62
4
100
AcDbLine
 10
37.016411
 20
3.30933
 30
0.0
 11
37.033825
 21
3.334761
 31
0.0
  0
LINE
  5
227D
330
1F
100
AcDbEntity
  8
1
  6
CONTINUOUS
370
50
 62
4
100
AcDbLine
 10
27.984428
 20
-2.153347
 30
0.0
 11
28.038
 21
-2.075021
 31
0.0
  0
LINE
  5
227E
330
1F
100
AcDbEntity
  8
1
  6
CONTINUOUS
370
50
 62
4
100
AcDbLine
 10
30.576881
 20
2.426222
 30
0.0
 11
30.630367
 21
2.504725
 31
0.0
  0
LINE
  5
227F
330
1F
100
AcDbEntity
  8
1
  6
CONTINUOUS
370
50
 62
4
100
AcDbLine
 10
27.930874
 20
-2.23205
 30
0.0
 11
27.984428
 21
-2.153347
 31
0.0
  0
LINE
  5
2280
330
1F
100
AcDbEntity
  8
1
  6
CONTINUOUS
370
50
 62
4
100
AcDbLine
 10
30.630367
 20
2.504725
 30
0.0
 11
30.683834
 21
2.583605
 31
0.0
  0
LINE
  5
2281
330
1F
100
AcDbEntity
  8
1
  6
CONTINUOUS
370
50
 62
4
100
AcDbLine
 10
17.817589
 20
-3.308699
 30
0.0
 11
17.824423
 21
-3.29861
 31
0.0
  0
LINE
  5
2282
330
1F
100
AcDbEntity
  8
1
  6
CONTINUOUS
370
50
 62
4
100
AcDbLine
 10
24.280365
 20
2.950598
 30
0.0
 11
24.333834
 21
3.029556
 31
0.0
  0
LINE
  5
2283
330
1F
100
AcDbEntity
  8
1
  6
CONTINUOUS
370
50
 62
4
100
AcDbLine
 10
27.877333
 20
-2.311125
 30
0.0
 11
27.930874
 21
-2.23205
 31
0.0
  0
LINE
  5
2284
330
1F
100
AcDbEntity
  8
1
  6
CONTINUOUS
370
50
 62
4
100
AcDbLine
 10
34.734756
 20
3.025445
 30
0.0
 11
34.772778
 21
3.081785
 31
0.0
  0
LINE
  5
2285
330
1F
100
AcDbEntity
  8
1
  6
CONTINUOUS
370
50
 62
4
100
AcDbLine
 10
24.226877
 20
2.871294
 30
0.0
 11
24.280365
 21
2.950598
 31
0.0
  0
LINE
  5
2286
330
1F
100
AcDbEntity
  8
1
  6
CONTINUOUS
370
50
 62
4
100
AcDbLine
 10
27.823811
 20
-2.390568
 30
0.0
 11
27.877333
 21
-2.311125
 31
0.0
  0
LINE
  5
2287
330
1F
100
AcDbEntity
  8
1
  6
CONTINUOUS
370
50
 62
4
100
AcDbLine
 10
32.462311
 20
2.754586
 30
0.0
 11
32.498425
 21
2.808215
 31
0.0
  0
LINE
  5
2288
330
1F
100
AcDbEntity
  8
1
  6
CONTINUOUS
370
50
 62
4
100
AcDbLine
 10
24.173372
 20
2.791648
 30
0.0
 11
24.226877
 21
2.871294
 31
0.0
  0
LINE
  5
2289
330
1F
100
AcDbEntity
  8
1
  6
CONTINUOUS
370
50
 62
4
100
AcDbLine
 10
27.770306
 20
-2.470374
 30
0.0
 11
27.823811
 21
-2.390568
 31
0.0
  0
LINE
  5
228A
330
1F
100
AcDbEntity
  8
1
  6
CONTINUOUS
370
50
 62
4
100
AcDbLine
 10
24.119848
 20
2.711662
 30
0.0
 11
24.173372
 21
2.791648
 31
0.0
  0
LINE
  5
228B
330
1F
100
AcDbEntity
  8
1
  6
CONTINUOUS
370
50
 62
4
100
AcDbLine
 10
31.367517
 20
2.165132
 30
0.0
 11
31.421087
 21
2.245281
 31
0.0
  0
LINE
  5
228C
330
1F
100
AcDbEntity
  8
1
  6
CONTINUOUS
370
50
 62
4
100
AcDbLine
 10
27.716818
 20
-2.550536
 30
0.0
 11
27.770306
 21
-2.470374
 31
0.0
  0
LINE
  5
228D
330
1F
100
AcDbEntity
  8
1
  6
CONTINUOUS
370
50
 62
4
100
AcDbLine
 10
24.066309
 20
2.631341
 30
0.0
 11
24.119848
 21
2.711662
 31
0.0
  0
LINE
  5
228E
330
1F
100
AcDbEntity
  8
1
  6
CONTINUOUS
370
50
 62
4
100
AcDbLine
 10
25.546679
 20
2.12947
 30
0.0
 11
25.58102
 21
2.181001
 31
0.0
  0
LINE
  5
228F
330
1F
100
AcDbEntity
  8
1
  6
CONTINUOUS
370
50
 62
4
100
AcDbLine
 10
31.421087
 20
2.245281
 30
0.0
 11
31.474644
 21
2.325782
 31
0.0
  0
LINE
  5
2290
330
1F
100
AcDbEntity
  8
1
  6
CONTINUOUS
370
50
 62
4
100
AcDbLine
 10
32.234703
 20
-2.750895
 30
0.0
 11
32.271347
 21
-2.695759
 31
0.0
  0
LINE
  5
2291
330
1F
100
AcDbEntity
  8
1
  6
CONTINUOUS
370
50
 62
4
100
AcDbLine
 10
27.663349
 20
-2.631053
 30
0.0
 11
27.716818
 21
-2.550536
 31
0.0
  0
LINE
  5
2292
330
1F
100
AcDbEntity
  8
1
  6
CONTINUOUS
370
50
 62
4
100
AcDbLine
 10
24.012754
 20
2.55069
 30
0.0
 11
24.066309
 21
2.631341
 31
0.0
  0
LINE
  5
2293
330
1F
100
AcDbEntity
  8
1
  6
CONTINUOUS
370
50
 62
4
100
AcDbLine
 10
37.201923
 20
-3.318105
 30
0.0
 11
37.215633
 21
-3.297416
 31
0.0
  0
LINE
  5
2294
330
1F
100
AcDbEntity
  8
1
  6
CONTINUOUS
370
50
 62
4
100
AcDbLine
 10
31.474644
 20
2.325782
 30
0.0
 11
31.528183
 21
2.406632
 31
0.0
  0
LINE
  5
2295
330
1F
100
AcDbEntity
  8
1
  6
CONTINUOUS
370
50
 62
4
100
AcDbLine
 10
23.959183
 20
2.469712
 30
0.0
 11
24.012754
 21
2.55069
 31
0.0
  0
LINE
  5
2296
330
1F
100
AcDbEntity
  8
1
  6
CONTINUOUS
370
50
 62
4
100
AcDbLine
 10
36.998791
 20
3.282648
 30
0.0
 11
37.016411
 21
3.30933
 31
0.0
  0
LINE
  5
2297
330
1F
100
AcDbEntity
  8
1
  6
CONTINUOUS
370
50
 62
4
100
AcDbLine
 10
31.528183
 20
2.406632
 30
0.0
 11
31.581707
 21
2.487826
 31
0.0
  0
LINE
  5
2298
330
1F
100
AcDbEntity
  8
1
  6
CONTINUOUS
370
50
 62
4
100
AcDbLine
 10
36.205166
 20
-3.209974
 30
0.0
 11
36.231049
 21
-3.170703
 31
0.0
  0
LINE
  5
2299
330
1F
100
AcDbEntity
  8
1
  6
CONTINUOUS
370
50
 62
4
100
AcDbLine
 10
22.499771
 20
1.776453
 30
0.0
 11
22.533413
 21
1.827643
 31
0.0
  0
LINE
  5
229A
330
1F
100
AcDbEntity
  8
1
  6
CONTINUOUS
370
50
 62
4
100
AcDbLine
 10
33.583069
 20
2.866144
 30
0.0
 11
33.619644
 21
2.921844
 31
0.0
  0
LINE
  5
229B
330
1F
100
AcDbEntity
  8
1
  6
CONTINUOUS
370
50
 62
4
100
AcDbLine
 10
31.581707
 20
2.487826
 30
0.0
 11
31.635212
 21
2.569357
 31
0.0
  0
LINE
  5
229C
330
1F
100
AcDbEntity
  8
1
  6
CONTINUOUS
370
50
 62
4
100
AcDbLine
 10
26.926096
 20
-2.277251
 30
0.0
 11
26.979666
 21
-2.195518
 31
0.0
  0
LINE
  5
229D
330
1F
100
AcDbEntity
  8
1
  6
CONTINUOUS
370
50
 62
4
100
AcDbLine
 10
34.220898
 20
-2.97939
 30
0.0
 11
34.257809
 21
-2.922981
 31
0.0
  0
LINE
  5
229E
330
1F
100
AcDbEntity
  8
1
  6
CONTINUOUS
370
50
 62
4
100
AcDbLine
 10
31.635212
 20
2.569357
 30
0.0
 11
31.688698
 21
2.651221
 31
0.0
  0
LINE
  5
229F
330
1F
100
AcDbEntity
  8
1
  6
CONTINUOUS
370
50
 62
4
100
AcDbLine
 10
26.872541
 20
-2.359317
 30
0.0
 11
26.926096
 21
-2.277251
 31
0.0
  0
LINE
  5
22A0
330
1F
100
AcDbEntity
  8
1
  6
CONTINUOUS
370
50
 62
4
100
AcDbLine
 10
35.851048
 20
3.129679
 30
0.0
 11
35.883049
 21
3.178849
 31
0.0
  0
LINE
  5
22A1
330
1F
100
AcDbEntity
  8
1
  6
CONTINUOUS
370
50
 62
4
100
AcDbLine
 10
31.688698
 20
2.651221
 30
0.0
 11
31.742167
 21
2.733415
 31
0.0
  0
LINE
  5
22A2
330
1F
100
AcDbEntity
  8
1
  6
CONTINUOUS
370
50
 62
4
100
AcDbLine
 10
26.819002
 20
-2.44171
 30
0.0
 11
26.872541
 21
-2.359317
 31
0.0
  0
LINE
  5
22A3
330
1F
100
AcDbEntity
  8
1
  6
CONTINUOUS
370
50
 62
4
100
AcDbLine
 10
23.222031
 20
3.04229
 30
0.0
 11
23.275499
 21
3.124586
 31
0.0
  0
LINE
  5
22A4
330
1F
100
AcDbEntity
  8
1
  6
CONTINUOUS
370
50
 62
4
100
AcDbLine
 10
23.168545
 20
2.959688
 30
0.0
 11
23.222031
 21
3.04229
 31
0.0
  0
LINE
  5
22A5
330
1F
100
AcDbEntity
  8
1
  6
CONTINUOUS
370
50
 62
4
100
AcDbLine
 10
26.765478
 20
-2.524428
 30
0.0
 11
26.819002
 21
-2.44171
 31
0.0
  0
LINE
  5
22A6
330
1F
100
AcDbEntity
  8
1
  6
CONTINUOUS
370
50
 62
4
100
AcDbLine
 10
16.302984
 20
-3.32011
 30
0.0
 11
16.311571
 21
-3.306818
 31
0.0
  0
LINE
  5
22A7
330
1F
100
AcDbEntity
  8
1
  6
CONTINUOUS
370
50
 62
4
100
AcDbLine
 10
23.11504
 20
2.876785
 30
0.0
 11
23.168545
 21
2.959688
 31
0.0
  0
LINE
  5
22A8
330
1F
100
AcDbEntity
  8
1
  6
CONTINUOUS
370
50
 62
4
100
AcDbLine
 10
26.711973
 20
-2.607463
 30
0.0
 11
26.765478
 21
-2.524428
 31
0.0
  0
LINE
  5
22A9
330
1F
100
AcDbEntity
  8
1
  6
CONTINUOUS
370
50
 62
4
100
AcDbLine
 10
23.061516
 20
2.793583
 30
0.0
 11
23.11504
 21
2.876785
 31
0.0
  0
LINE
  5
22AA
330
1F
100
AcDbEntity
  8
1
  6
CONTINUOUS
370
50
 62
4
100
AcDbLine
 10
32.42585
 20
2.27672
 30
0.0
 11
32.47942
 21
2.360023
 31
0.0
  0
LINE
  5
22AB
330
1F
100
AcDbEntity
  8
1
  6
CONTINUOUS
370
50
 62
4
100
AcDbLine
 10
35.219173
 20
-3.085681
 30
0.0
 11
35.258152
 21
-3.024972
 31
0.0
  0
LINE
  5
22AC
330
1F
100
AcDbEntity
  8
1
  6
CONTINUOUS
370
50
 62
4
100
AcDbLine
 10
26.658485
 20
-2.690813
 30
0.0
 11
26.711973
 21
-2.607463
 31
0.0
  0
LINE
  5
22AD
330
1F
100
AcDbEntity
  8
1
  6
CONTINUOUS
370
50
 62
4
100
AcDbLine
 10
19.462784
 20
1.429776
 30
0.0
 11
19.498524
 21
1.485473
 31
0.0
  0
LINE
  5
22AE
330
1F
100
AcDbEntity
  8
1
  6
CONTINUOUS
370
50
 62
4
100
AcDbLine
 10
23.007977
 20
2.710088
 30
0.0
 11
23.061516
 21
2.793583
 31
0.0
  0
LINE
  5
22AF
330
1F
100
AcDbEntity
  8
1
  6
CONTINUOUS
370
50
 62
4
100
AcDbLine
 10
24.520773
 20
1.996053
 30
0.0
 11
24.553925
 21
2.047777
 31
0.0
  0
LINE
  5
22B0
330
1F
100
AcDbEntity
  8
1
  6
CONTINUOUS
370
50
 62
4
100
AcDbLine
 10
32.47942
 20
2.360023
 30
0.0
 11
32.532974
 21
2.443633
 31
0.0
  0
LINE
  5
22B1
330
1F
100
AcDbEntity
  8
1
  6
CONTINUOUS
370
50
 62
4
100
AcDbLine
 10
37.215633
 20
-3.297416
 30
0.0
 11
37.229469
 21
-3.275808
 31
0.0
  0
LINE
  5
22B2
330
1F
100
AcDbEntity
  8
1
  6
CONTINUOUS
370
50
 62
4
100
AcDbLine
 10
33.241825
 20
-2.844435
 30
0.0
 11
33.280476
 21
-2.784057
 31
0.0
  0
LINE
  5
22B3
330
1F
100
AcDbEntity
  8
1
  6
CONTINUOUS
370
50
 62
4
100
AcDbLine
 10
22.954422
 20
2.626304
 30
0.0
 11
23.007977
 21
2.710088
 31
0.0
  0
LINE
  5
22B4
330
1F
100
AcDbEntity
  8
1
  6
CONTINUOUS
370
50
 62
4
100
AcDbLine
 10
26.605017
 20
-2.774473
 30
0.0
 11
26.658485
 21
-2.690813
 31
0.0
  0
LINE
  5
22B5
330
1F
100
AcDbEntity
  8
1
  6
CONTINUOUS
370
50
 62
4
100
AcDbLine
 10
20.460936
 20
1.519839
 30
0.0
 11
20.516047
 21
1.606074
 31
0.0
  0
LINE
  5
22B6
330
1F
100
AcDbEntity
  8
1
  6
CONTINUOUS
370
50
 62
4
100
AcDbLine
 10
36.980965
 20
3.254734
 30
0.0
 11
36.998791
 21
3.282648
 31
0.0
  0
LINE
  5
22B7
330
1F
100
AcDbEntity
  8
1
  6
CONTINUOUS
370
50
 62
4
100
AcDbLine
 10
17.824423
 20
-3.29861
 30
0.0
 11
17.830542
 21
-3.289026
 31
0.0
  0
LINE
  5
22B8
330
1F
100
AcDbEntity
  8
1
  6
CONTINUOUS
370
50
 62
4
100
AcDbLine
 10
32.425823
 20
2.697402
 30
0.0
 11
32.462311
 21
2.754586
 31
0.0
  0
LINE
  5
22B9
330
1F
100
AcDbEntity
  8
1
  6
CONTINUOUS
370
50
 62
4
100
AcDbLine
 10
14.278288
 20
-3.435344
 30
0.0
 11
14.294871
 21
-3.409355
 31
0.0
  0
LINE
  5
22BA
330
1F
100
AcDbEntity
  8
1
  6
CONTINUOUS
370
50
 62
4
100
AcDbLine
 10
32.532974
 20
2.443633
 30
0.0
 11
32.586514
 21
2.527546
 31
0.0
  0
LINE
  5
22BB
330
1F
100
AcDbEntity
  8
1
  6
CONTINUOUS
370
50
 62
4
100
AcDbLine
 10
22.90085
 20
2.542233
 30
0.0
 11
22.954422
 21
2.626304
 31
0.0
  0
LINE
  5
22BC
330
1F
100
AcDbEntity
  8
1
  6
CONTINUOUS
370
50
 62
4
100
AcDbLine
 10
32.586514
 20
2.527546
 30
0.0
 11
32.640038
 21
2.611758
 31
0.0
  0
LINE
  5
22BD
330
1F
100
AcDbEntity
  8
1
  6
CONTINUOUS
370
50
 62
4
100
AcDbLine
 10
34.696003
 20
2.964308
 30
0.0
 11
34.734756
 21
3.025445
 31
0.0
  0
LINE
  5
22BE
330
1F
100
AcDbEntity
  8
1
  6
CONTINUOUS
370
50
 62
4
100
AcDbLine
 10
32.640038
 20
2.611758
 30
0.0
 11
32.693542
 21
2.696262
 31
0.0
  0
LINE
  5
22BF
330
1F
100
AcDbEntity
  8
1
  6
CONTINUOUS
370
50
 62
4
100
AcDbLine
 10
17.81007
 20
0.7858069999999999
 30
0.0
 11
17.817589
 21
0.797693
 31
0.0
  0
LINE
  5
22C0
330
1F
100
AcDbEntity
  8
1
  6
CONTINUOUS
370
50
 62
4
100
AcDbLine
 10
25.867764
 20
-2.387781
 30
0.0
 11
25.921333
 21
-2.30305
 31
0.0
  0
LINE
  5
22C1
330
1F
100
AcDbEntity
  8
1
  6
CONTINUOUS
370
50
 62
4
100
AcDbLine
 10
32.693542
 20
2.696262
 30
0.0
 11
32.747032
 21
2.781053
 31
0.0
  0
LINE
  5
22C2
330
1F
100
AcDbEntity
  8
1
  6
CONTINUOUS
370
50
 62
4
100
AcDbLine
 10
25.814207
 20
-2.472802
 30
0.0
 11
25.867764
 21
-2.387781
 31
0.0
  0
LINE
  5
22C3
330
1F
100
AcDbEntity
  8
1
  6
CONTINUOUS
370
50
 62
4
100
AcDbLine
 10
21.475073
 20
1.640635
 30
0.0
 11
21.509338
 21
1.695101
 31
0.0
  0
LINE
  5
22C4
330
1F
100
AcDbEntity
  8
1
  6
CONTINUOUS
370
50
 62
4
100
AcDbLine
 10
32.747032
 20
2.781053
 30
0.0
 11
32.80049899999999
 21
2.86613
 31
0.0
  0
LINE
  5
22C5
330
1F
100
AcDbEntity
  8
1
  6
CONTINUOUS
370
50
 62
4
100
AcDbLine
 10
25.760668
 20
-2.558108
 30
0.0
 11
25.814207
 21
-2.472802
 31
0.0
  0
LINE
  5
22C6
330
1F
100
AcDbEntity
  8
1
  6
CONTINUOUS
370
50
 62
4
100
AcDbLine
 10
22.163698
 20
3.119044
 30
0.0
 11
22.217167
 21
3.204272
 31
0.0
  0
LINE
  5
22C7
330
1F
100
AcDbEntity
  8
1
  6
CONTINUOUS
370
50
 62
4
100
AcDbLine
 10
40.701393
 20
1.264727
 30
0.0
 11
40.73801
 21
1.323177
 31
0.0
  0
LINE
  5
22C8
330
1F
100
AcDbEntity
  8
1
  6
CONTINUOUS
370
50
 62
4
100
AcDbLine
 10
22.110212
 20
3.033552
 30
0.0
 11
22.163698
 21
3.119044
 31
0.0
  0
LINE
  5
22C9
330
1F
100
AcDbEntity
  8
1
  6
CONTINUOUS
370
50
 62
4
100
AcDbLine
 10
25.707146
 20
-2.643694
 30
0.0
 11
25.760668
 21
-2.558108
 31
0.0
  0
LINE
  5
22CA
330
1F
100
AcDbEntity
  8
1
  6
CONTINUOUS
370
50
 62
4
100
AcDbLine
 10
22.056707
 20
2.947799
 30
0.0
 11
22.110212
 21
3.033552
 31
0.0
  0
LINE
  5
22CB
330
1F
100
AcDbEntity
  8
1
  6
CONTINUOUS
370
50
 62
4
100
AcDbLine
 10
25.653641
 20
-2.729555
 30
0.0
 11
25.707146
 21
-2.643694
 31
0.0
  0
LINE
  5
22CC
330
1F
100
AcDbEntity
  8
1
  6
CONTINUOUS
370
50
 62
4
100
AcDbLine
 10
33.484184
 20
2.374821
 30
0.0
 11
33.537754
 21
2.46085
 31
0.0
  0
LINE
  5
22CD
330
1F
100
AcDbEntity
  8
1
  6
CONTINUOUS
370
50
 62
4
100
AcDbLine
 10
22.003185
 20
2.861789
 30
0.0
 11
22.056707
 21
2.947799
 31
0.0
  0
LINE
  5
22CE
330
1F
100
AcDbEntity
  8
1
  6
CONTINUOUS
370
50
 62
4
100
AcDbLine
 10
33.546055
 20
2.806649
 30
0.0
 11
33.583069
 21
2.866144
 31
0.0
  0
LINE
  5
22CF
330
1F
100
AcDbEntity
  8
1
  6
CONTINUOUS
370
50
 62
4
100
AcDbLine
 10
36.231049
 20
-3.170703
 30
0.0
 11
36.257336
 21
-3.128445
 31
0.0
  0
LINE
  5
22D0
330
1F
100
AcDbEntity
  8
1
  6
CONTINUOUS
370
50
 62
4
100
AcDbLine
 10
25.600153
 20
-2.815687
 30
0.0
 11
25.653641
 21
-2.729555
 31
0.0
  0
LINE
  5
22D1
330
1F
100
AcDbEntity
  8
1
  6
CONTINUOUS
370
50
 62
4
100
AcDbLine
 10
21.949644
 20
2.775526
 30
0.0
 11
22.003185
 21
2.861789
 31
0.0
  0
LINE
  5
22D2
330
1F
100
AcDbEntity
  8
1
  6
CONTINUOUS
370
50
 62
4
100
AcDbLine
 10
33.537754
 20
2.46085
 30
0.0
 11
33.591309
 21
2.547142
 31
0.0
  0
LINE
  5
22D3
330
1F
100
AcDbEntity
  8
1
  6
CONTINUOUS
370
50
 62
4
100
AcDbLine
 10
37.229469
 20
-3.275808
 30
0.0
 11
37.243435
 21
-3.253289
 31
0.0
  0
LINE
  5
22D4
330
1F
100
AcDbEntity
  8
1
  6
CONTINUOUS
370
50
 62
4
100
AcDbLine
 10
21.89609
 20
2.689017
 30
0.0
 11
21.949644
 21
2.775526
 31
0.0
  0
LINE
  5
22D5
330
1F
100
AcDbEntity
  8
1
  6
CONTINUOUS
370
50
 62
4
100
AcDbLine
 10
25.546684
 20
-2.902087
 30
0.0
 11
25.600153
 21
-2.815687
 31
0.0
  0
LINE
  5
22D6
330
1F
100
AcDbEntity
  8
1
  6
CONTINUOUS
370
50
 62
4
100
AcDbLine
 10
36.96294
 20
3.225603
 30
0.0
 11
36.980965
 21
3.254734
 31
0.0
  0
LINE
  5
22D7
330
1F
100
AcDbEntity
  8
1
  6
CONTINUOUS
370
50
 62
4
100
AcDbLine
 10
33.591309
 20
2.547142
 30
0.0
 11
33.644848
 21
2.633693
 31
0.0
  0
LINE
  5
22D8
330
1F
100
AcDbEntity
  8
1
  6
CONTINUOUS
370
50
 62
4
100
AcDbLine
 10
21.842516
 20
2.602263
 30
0.0
 11
21.89609
 21
2.689017
 31
0.0
  0
LINE
  5
22D9
330
1F
100
AcDbEntity
  8
1
  6
CONTINUOUS
370
50
 62
4
100
AcDbLine
 10
35.818474
 20
3.076917
 30
0.0
 11
35.851048
 21
3.129679
 31
0.0
  0
LINE
  5
22DA
330
1F
100
AcDbEntity
  8
1
  6
CONTINUOUS
370
50
 62
4
100
AcDbLine
 10
33.644848
 20
2.633693
 30
0.0
 11
33.69836799999999
 21
2.720497
 31
0.0
  0
LINE
  5
22DB
330
1F
100
AcDbEntity
  8
1
  6
CONTINUOUS
370
50
 62
4
100
AcDbLine
 10
33.69836799999999
 20
2.720497
 30
0.0
 11
33.751873
 21
2.807549
 31
0.0
  0
LINE
  5
22DC
330
1F
100
AcDbEntity
  8
1
  6
CONTINUOUS
370
50
 62
4
100
AcDbLine
 10
24.809429
 20
-2.485464
 30
0.0
 11
24.863001
 21
-2.39814
 31
0.0
  0
LINE
  5
22DD
330
1F
100
AcDbEntity
  8
1
  6
CONTINUOUS
370
50
 62
4
100
AcDbLine
 10
33.751873
 20
2.807549
 30
0.0
 11
33.805363
 21
2.894845
 31
0.0
  0
LINE
  5
22DE
330
1F
100
AcDbEntity
  8
1
  6
CONTINUOUS
370
50
 62
4
100
AcDbLine
 10
23.49275
 20
1.857678
 30
0.0
 11
23.525106
 21
1.910539
 31
0.0
  0
LINE
  5
22DF
330
1F
100
AcDbEntity
  8
1
  6
CONTINUOUS
370
50
 62
4
100
AcDbLine
 10
24.755873
 20
-2.573034
 30
0.0
 11
24.809429
 21
-2.485464
 31
0.0
  0
LINE
  5
22E0
330
1F
100
AcDbEntity
  8
1
  6
CONTINUOUS
370
50
 62
4
100
AcDbLine
 10
33.805363
 20
2.894845
 30
0.0
 11
33.858833
 21
2.982381
 31
0.0
  0
LINE
  5
22E1
330
1F
100
AcDbEntity
  8
1
  6
CONTINUOUS
370
50
 62
4
100
AcDbLine
 10
24.702333
 20
-2.660846
 30
0.0
 11
24.755873
 21
-2.573034
 31
0.0
  0
LINE
  5
22E2
330
1F
100
AcDbEntity
  8
1
  6
CONTINUOUS
370
50
 62
4
100
AcDbLine
 10
21.105392
 20
3.180223
 30
0.0
 11
21.158833
 21
3.267936
 31
0.0
  0
LINE
  5
22E3
330
1F
100
AcDbEntity
  8
1
  6
CONTINUOUS
370
50
 62
4
100
AcDbLine
 10
34.257809
 20
-2.922981
 30
0.0
 11
34.29525
 21
-2.861526
 31
0.0
  0
LINE
  5
22E4
330
1F
100
AcDbEntity
  8
1
  6
CONTINUOUS
370
50
 62
4
100
AcDbLine
 10
21.051935
 20
3.092288
 30
0.0
 11
21.105392
 21
3.180223
 31
0.0
  0
LINE
  5
22E5
330
1F
100
AcDbEntity
  8
1
  6
CONTINUOUS
370
50
 62
4
100
AcDbLine
 10
24.648811
 20
-2.748895
 30
0.0
 11
24.702333
 21
-2.660846
 31
0.0
  0
LINE
  5
22E6
330
1F
100
AcDbEntity
  8
1
  6
CONTINUOUS
370
50
 62
4
100
AcDbLine
 10
20.998457
 20
3.004135
 30
0.0
 11
21.051935
 21
3.092288
 31
0.0
  0
LINE
  5
22E7
330
1F
100
AcDbEntity
  8
1
  6
CONTINUOUS
370
50
 62
4
100
AcDbLine
 10
34.542515
 20
2.459912
 30
0.0
 11
34.596085
 21
2.548246
 31
0.0
  0
LINE
  5
22E8
330
1F
100
AcDbEntity
  8
1
  6
CONTINUOUS
370
50
 62
4
100
AcDbLine
 10
24.595304
 20
-2.837176
 30
0.0
 11
24.648811
 21
-2.748895
 31
0.0
  0
LINE
  5
22E9
330
1F
100
AcDbEntity
  8
1
  6
CONTINUOUS
370
50
 62
4
100
AcDbLine
 10
20.944956
 20
2.915763
 30
0.0
 11
20.998457
 21
3.004135
 31
0.0
  0
LINE
  5
22EA
330
1F
100
AcDbEntity
  8
1
  6
CONTINUOUS
370
50
 62
4
100
AcDbLine
 10
34.596085
 20
2.548246
 30
0.0
 11
34.649639
 21
2.636798
 31
0.0
  0
LINE
  5
22EB
330
1F
100
AcDbEntity
  8
1
  6
CONTINUOUS
370
50
 62
4
100
AcDbLine
 10
24.541819
 20
-2.925685
 30
0.0
 11
24.595304
 21
-2.837176
 31
0.0
  0
LINE
  5
22EC
330
1F
100
AcDbEntity
  8
1
  6
CONTINUOUS
370
50
 62
4
100
AcDbLine
 10
20.891392
 20
2.827102
 30
0.0
 11
20.944956
 21
2.915763
 31
0.0
  0
LINE
  5
22ED
330
1F
100
AcDbEntity
  8
1
  6
CONTINUOUS
370
50
 62
4
100
AcDbLine
 10
34.649639
 20
2.636798
 30
0.0
 11
34.703178
 21
2.725565
 31
0.0
  0
LINE
  5
22EE
330
1F
100
AcDbEntity
  8
1
  6
CONTINUOUS
370
50
 62
4
100
AcDbLine
 10
20.837784
 20
2.738193
 30
0.0
 11
20.891392
 21
2.827102
 31
0.0
  0
LINE
  5
22EF
330
1F
100
AcDbEntity
  8
1
  6
CONTINUOUS
370
50
 62
4
100
AcDbLine
 10
24.48835
 20
-3.014418
 30
0.0
 11
24.541819
 21
-2.925685
 31
0.0
  0
LINE
  5
22F0
330
1F
100
AcDbEntity
  8
1
  6
CONTINUOUS
370
50
 62
4
100
AcDbLine
 10
20.784184
 20
2.649124
 30
0.0
 11
20.837784
 21
2.738193
 31
0.0
  0
LINE
  5
22F1
330
1F
100
AcDbEntity
  8
1
  6
CONTINUOUS
370
50
 62
4
100
AcDbLine
 10
37.243435
 20
-3.253289
 30
0.0
 11
37.257526
 21
-3.229867
 31
0.0
  0
LINE
  5
22F2
330
1F
100
AcDbEntity
  8
1
  6
CONTINUOUS
370
50
 62
4
100
AcDbLine
 10
34.703178
 20
2.725565
 30
0.0
 11
34.756702
 21
2.814542
 31
0.0
  0
LINE
  5
22F3
330
1F
100
AcDbEntity
  8
1
  6
CONTINUOUS
370
50
 62
4
100
AcDbLine
 10
38.087616
 20
3.341451
 30
0.0
 11
38.092159
 21
3.34901
 31
0.0
  0
LINE
  5
22F4
330
1F
100
AcDbEntity
  8
1
  6
CONTINUOUS
370
50
 62
4
100
AcDbLine
 10
36.944714
 20
3.195273
 30
0.0
 11
36.96294
 21
3.225603
 31
0.0
  0
LINE
  5
22F5
330
1F
100
AcDbEntity
  8
1
  6
CONTINUOUS
370
50
 62
4
100
AcDbLine
 10
34.756702
 20
2.814542
 30
0.0
 11
34.810207
 21
2.903723
 31
0.0
  0
LINE
  5
22F6
330
1F
100
AcDbEntity
  8
1
  6
CONTINUOUS
370
50
 62
4
100
AcDbLine
 10
34.656597
 20
2.898592
 30
0.0
 11
34.696003
 21
2.964308
 31
0.0
  0
LINE
  5
22F7
330
1F
100
AcDbEntity
  8
1
  6
CONTINUOUS
370
50
 62
4
100
AcDbLine
 10
23.751095
 20
-2.570565
 30
0.0
 11
23.804667
 21
-2.481063
 31
0.0
  0
LINE
  5
22F8
330
1F
100
AcDbEntity
  8
1
  6
CONTINUOUS
370
50
 62
4
100
AcDbLine
 10
34.810207
 20
2.903723
 30
0.0
 11
34.863697
 21
2.993104
 31
0.0
  0
LINE
  5
22F9
330
1F
100
AcDbEntity
  8
1
  6
CONTINUOUS
370
50
 62
4
100
AcDbLine
 10
33.280476
 20
-2.784057
 30
0.0
 11
33.319633
 21
-2.718488
 31
0.0
  0
LINE
  5
22FA
330
1F
100
AcDbEntity
  8
1
  6
CONTINUOUS
370
50
 62
4
100
AcDbLine
 10
23.697538
 20
-2.660268
 30
0.0
 11
23.751095
 21
-2.570565
 31
0.0
  0
LINE
  5
22FB
330
1F
100
AcDbEntity
  8
1
  6
CONTINUOUS
370
50
 62
4
100
AcDbLine
 10
34.863697
 20
2.993104
 30
0.0
 11
34.917168
 21
3.082681
 31
0.0
  0
LINE
  5
22FC
330
1F
100
AcDbEntity
  8
1
  6
CONTINUOUS
370
50
 62
4
100
AcDbLine
 10
38.083057
 20
3.333809
 30
0.0
 11
38.087616
 21
3.341451
 31
0.0
  0
LINE
  5
22FD
330
1F
100
AcDbEntity
  8
1
  6
CONTINUOUS
370
50
 62
4
100
AcDbLine
 10
23.643997
 20
-2.75017
 30
0.0
 11
23.697538
 21
-2.660268
 31
0.0
  0
LINE
  5
22FE
330
1F
100
AcDbEntity
  8
1
  6
CONTINUOUS
370
50
 62
4
100
AcDbLine
 10
35.258152
 20
-3.024972
 30
0.0
 11
35.297859
 21
-2.958246
 31
0.0
  0
LINE
  5
22FF
330
1F
100
AcDbEntity
  8
1
  6
CONTINUOUS
370
50
 62
4
100
AcDbLine
 10
20.047037
 20
3.224237
 30
0.0
 11
20.1005
 21
3.314146
 31
0.0
  0
LINE
  5
2300
330
1F
100
AcDbEntity
  8
1
  6
CONTINUOUS
370
50
 62
4
100
AcDbLine
 10
23.590475
 20
-2.840266
 30
0.0
 11
23.643997
 21
-2.75017
 31
0.0
  0
LINE
  5
2301
330
1F
100
AcDbEntity
  8
1
  6
CONTINUOUS
370
50
 62
4
100
AcDbLine
 10
17.830542
 20
-3.289026
 30
0.0
 11
17.83592
 21
-3.27997
 31
0.0
  0
LINE
  5
2302
330
1F
100
AcDbEntity
  8
1
  6
CONTINUOUS
370
50
 62
4
100
AcDbLine
 10
35.600849
 20
2.532327
 30
0.0
 11
35.654419
 21
2.622543
 31
0.0
  0
LINE
  5
2303
330
1F
100
AcDbEntity
  8
1
  6
CONTINUOUS
370
50
 62
4
100
AcDbLine
 10
19.993555
 20
3.13415
 30
0.0
 11
20.047037
 21
3.224237
 31
0.0
  0
LINE
  5
2304
330
1F
100
AcDbEntity
  8
1
  6
CONTINUOUS
370
50
 62
4
100
AcDbLine
 10
38.246677
 20
-3.349671
 30
0.0
 11
38.248962
 21
-3.345819
 31
0.0
  0
LINE
  5
2305
330
1F
100
AcDbEntity
  8
1
  6
CONTINUOUS
370
50
 62
4
100
AcDbLine
 10
19.940052
 20
3.043889
 30
0.0
 11
19.993555
 21
3.13415
 31
0.0
  0
LINE
  5
2306
330
1F
100
AcDbEntity
  8
1
  6
CONTINUOUS
370
50
 62
4
100
AcDbLine
 10
23.53697
 20
-2.930548
 30
0.0
 11
23.590475
 21
-2.840266
 31
0.0
  0
LINE
  5
2307
330
1F
100
AcDbEntity
  8
1
  6
CONTINUOUS
370
50
 62
4
100
AcDbLine
 10
35.654419
 20
2.622543
 30
0.0
 11
35.707973
 21
2.712933
 31
0.0
  0
LINE
  5
2308
330
1F
100
AcDbEntity
  8
1
  6
CONTINUOUS
370
50
 62
4
100
AcDbLine
 10
33.50862499999999
 20
2.743467
 30
0.0
 11
33.546055
 21
2.806649
 31
0.0
  0
LINE
  5
2309
330
1F
100
AcDbEntity
  8
1
  6
CONTINUOUS
370
50
 62
4
100
AcDbLine
 10
38.078484
 20
3.326085
 30
0.0
 11
38.083057
 21
3.333809
 31
0.0
  0
LINE
  5
230A
330
1F
100
AcDbEntity
  8
1
  6
CONTINUOUS
370
50
 62
4
100
AcDbLine
 10
19.886528
 20
2.953458
 30
0.0
 11
19.940052
 21
3.043889
 31
0.0
  0
LINE
  5
230B
330
1F
100
AcDbEntity
  8
1
  6
CONTINUOUS
370
50
 62
4
100
AcDbLine
 10
23.483484
 20
-3.021013
 30
0.0
 11
23.53697
 21
-2.930548
 31
0.0
  0
LINE
  5
230C
330
1F
100
AcDbEntity
  8
1
  6
CONTINUOUS
370
50
 62
4
100
AcDbLine
 10
35.707973
 20
2.712933
 30
0.0
 11
35.761513
 21
2.803494
 31
0.0
  0
LINE
  5
230D
330
1F
100
AcDbEntity
  8
1
  6
CONTINUOUS
370
50
 62
4
100
AcDbLine
 10
19.832985
 20
2.862866
 30
0.0
 11
19.886528
 21
2.953458
 31
0.0
  0
LINE
  5
230E
330
1F
100
AcDbEntity
  8
1
  6
CONTINUOUS
370
50
 62
4
100
AcDbLine
 10
36.257336
 20
-3.128445
 30
0.0
 11
36.284031
 21
-3.083238
 31
0.0
  0
LINE
  5
230F
330
1F
100
AcDbEntity
  8
1
  6
CONTINUOUS
370
50
 62
4
100
AcDbLine
 10
19.779427
 20
2.772118
 30
0.0
 11
19.832985
 21
2.862866
 31
0.0
  0
LINE
  5
2310
330
1F
100
AcDbEntity
  8
1
  6
CONTINUOUS
370
50
 62
4
100
AcDbLine
 10
35.761513
 20
2.803494
 30
0.0
 11
35.815037
 21
2.894221
 31
0.0
  0
LINE
  5
2311
330
1F
100
AcDbEntity
  8
1
  6
CONTINUOUS
370
50
 62
4
100
AcDbLine
 10
22.466768
 20
1.720504
 30
0.0
 11
22.499771
 21
1.776453
 31
0.0
  0
LINE
  5
2312
330
1F
100
AcDbEntity
  8
1
  6
CONTINUOUS
370
50
 62
4
100
AcDbLine
 10
23.430017
 20
-3.111658
 30
0.0
 11
23.483484
 21
-3.021013
 31
0.0
  0
LINE
  5
2313
330
1F
100
AcDbEntity
  8
1
  6
CONTINUOUS
370
50
 62
4
100
AcDbLine
 10
19.725849
 20
2.681217
 30
0.0
 11
19.779427
 21
2.772118
 31
0.0
  0
LINE
  5
2314
330
1F
100
AcDbEntity
  8
1
  6
CONTINUOUS
370
50
 62
4
100
AcDbLine
 10
38.248962
 20
-3.345819
 30
0.0
 11
38.251247
 21
-3.341941
 31
0.0
  0
LINE
  5
2315
330
1F
100
AcDbEntity
  8
1
  6
CONTINUOUS
370
50
 62
4
100
AcDbLine
 10
35.785343
 20
3.020641
 30
0.0
 11
35.818474
 21
3.076917
 31
0.0
  0
LINE
  5
2316
330
1F
100
AcDbEntity
  8
1
  6
CONTINUOUS
370
50
 62
4
100
AcDbLine
 10
35.815037
 20
2.894221
 30
0.0
 11
35.868542
 21
2.985107
 31
0.0
  0
LINE
  5
2317
330
1F
100
AcDbEntity
  8
1
  6
CONTINUOUS
370
50
 62
4
100
AcDbLine
 10
38.073895
 20
3.318278
 30
0.0
 11
38.078484
 21
3.326085
 31
0.0
  0
LINE
  5
2318
330
1F
100
AcDbEntity
  8
1
  6
CONTINUOUS
370
50
 62
4
100
AcDbLine
 10
35.868542
 20
2.985107
 30
0.0
 11
35.922031
 21
3.076149
 31
0.0
  0
LINE
  5
2319
330
1F
100
AcDbEntity
  8
1
  6
CONTINUOUS
370
50
 62
4
100
AcDbLine
 10
38.251247
 20
-3.341941
 30
0.0
 11
38.25354
 21
-3.338037
 31
0.0
  0
LINE
  5
231A
330
1F
100
AcDbEntity
  8
1
  6
CONTINUOUS
370
50
 62
4
100
AcDbLine
 10
22.692759
 20
-2.643034
 30
0.0
 11
22.746334
 21
-2.551789
 31
0.0
  0
LINE
  5
231B
330
1F
100
AcDbEntity
  8
1
  6
CONTINUOUS
370
50
 62
4
100
AcDbLine
 10
35.922031
 20
3.076149
 30
0.0
 11
35.975498
 21
3.167342
 31
0.0
  0
LINE
  5
231C
330
1F
100
AcDbEntity
  8
1
  6
CONTINUOUS
370
50
 62
4
100
AcDbLine
 10
22.639202
 20
-2.734435
 30
0.0
 11
22.692759
 21
-2.643034
 31
0.0
  0
LINE
  5
231D
330
1F
100
AcDbEntity
  8
1
  6
CONTINUOUS
370
50
 62
4
100
AcDbLine
 10
22.585661
 20
-2.825989
 30
0.0
 11
22.639202
 21
-2.734435
 31
0.0
  0
LINE
  5
231E
330
1F
100
AcDbEntity
  8
1
  6
CONTINUOUS
370
50
 62
4
100
AcDbLine
 10
37.257526
 20
-3.229867
 30
0.0
 11
37.271744
 21
-3.205549
 31
0.0
  0
LINE
  5
231F
330
1F
100
AcDbEntity
  8
1
  6
CONTINUOUS
370
50
 62
4
100
AcDbLine
 10
36.926292
 20
3.163761
 30
0.0
 11
36.944714
 21
3.195273
 31
0.0
  0
LINE
  5
2320
330
1F
100
AcDbEntity
  8
1
  6
CONTINUOUS
370
50
 62
4
100
AcDbLine
 10
36.659184
 20
2.592204
 30
0.0
 11
36.712753
 21
2.683871
 31
0.0
  0
LINE
  5
2321
330
1F
100
AcDbEntity
  8
1
  6
CONTINUOUS
370
50
 62
4
100
AcDbLine
 10
18.988701
 20
3.249676
 30
0.0
 11
19.042168
 21
3.341221
 31
0.0
  0
LINE
  5
2322
330
1F
100
AcDbEntity
  8
1
  6
CONTINUOUS
370
50
 62
4
100
AcDbLine
 10
22.532137
 20
-2.917689
 30
0.0
 11
22.585661
 21
-2.825989
 31
0.0
  0
LINE
  5
2323
330
1F
100
AcDbEntity
  8
1
  6
CONTINUOUS
370
50
 62
4
100
AcDbLine
 10
38.25354
 20
-3.338037
 30
0.0
 11
38.255833
 21
-3.334108
 31
0.0
  0
LINE
  5
2324
330
1F
100
AcDbEntity
  8
1
  6
CONTINUOUS
370
50
 62
4
100
AcDbLine
 10
19.427507
 20
1.369326
 30
0.0
 11
19.462784
 21
1.429776
 31
0.0
  0
LINE
  5
2325
330
1F
100
AcDbEntity
  8
1
  6
CONTINUOUS
370
50
 62
4
100
AcDbLine
 10
18.935217
 20
3.158008
 30
0.0
 11
18.988701
 21
3.249676
 31
0.0
  0
LINE
  5
2326
330
1F
100
AcDbEntity
  8
1
  6
CONTINUOUS
370
50
 62
4
100
AcDbLine
 10
36.712753
 20
2.683871
 30
0.0
 11
36.766308
 21
2.775668
 31
0.0
  0
LINE
  5
2327
330
1F
100
AcDbEntity
  8
1
  6
CONTINUOUS
370
50
 62
4
100
AcDbLine
 10
38.069294
 20
3.310388
 30
0.0
 11
38.073895
 21
3.318278
 31
0.0
  0
LINE
  5
2328
330
1F
100
AcDbEntity
  8
1
  6
CONTINUOUS
370
50
 62
4
100
AcDbLine
 10
18.881714
 20
3.066221
 30
0.0
 11
18.935217
 21
3.158008
 31
0.0
  0
LINE
  5
2329
330
1F
100
AcDbEntity
  8
1
  6
CONTINUOUS
370
50
 62
4
100
AcDbLine
 10
22.478634
 20
-3.00953
 30
0.0
 11
22.532137
 21
-2.917689
 31
0.0
  0
LINE
  5
232A
330
1F
100
AcDbEntity
  8
1
  6
CONTINUOUS
370
50
 62
4
100
AcDbLine
 10
36.766308
 20
2.775668
 30
0.0
 11
36.819847
 21
2.86759
 31
0.0
  0
LINE
  5
232B
330
1F
100
AcDbEntity
  8
1
  6
CONTINUOUS
370
50
 62
4
100
AcDbLine
 10
18.82819
 20
2.974321
 30
0.0
 11
18.881714
 21
3.066221
 31
0.0
  0
LINE
  5
232C
330
1F
100
AcDbEntity
  8
1
  6
CONTINUOUS
370
50
 62
4
100
AcDbLine
 10
34.29525
 20
-2.861526
 30
0.0
 11
34.310509
 21
-2.835321
 31
0.0
  0
LINE
  5
232D
330
1F
100
AcDbEntity
  8
1
  6
CONTINUOUS
370
50
 62
4
100
AcDbLine
 10
18.774649
 20
2.882313
 30
0.0
 11
18.82819
 21
2.974321
 31
0.0
  0
LINE
  5
232E
330
1F
100
AcDbEntity
  8
1
  6
CONTINUOUS
370
50
 62
4
100
AcDbLine
 10
38.255833
 20
-3.334108
 30
0.0
 11
38.258133
 21
-3.330153
 31
0.0
  0
LINE
  5
232F
330
1F
100
AcDbEntity
  8
1
  6
CONTINUOUS
370
50
 62
4
100
AcDbLine
 10
22.425148
 20
-3.101506
 30
0.0
 11
22.478634
 21
-3.00953
 31
0.0
  0
LINE
  5
2330
330
1F
100
AcDbEntity
  8
1
  6
CONTINUOUS
370
50
 62
4
100
AcDbLine
 10
36.819847
 20
2.86759
 30
0.0
 11
36.873371
 21
2.959633
 31
0.0
  0
LINE
  5
2331
330
1F
100
AcDbEntity
  8
1
  6
CONTINUOUS
370
50
 62
4
100
AcDbLine
 10
18.72109
 20
2.790204
 30
0.0
 11
18.774649
 21
2.882313
 31
0.0
  0
LINE
  5
2332
330
1F
100
AcDbEntity
  8
1
  6
CONTINUOUS
370
50
 62
4
100
AcDbLine
 10
18.667517
 20
2.697998
 30
0.0
 11
18.72109
 21
2.790204
 31
0.0
  0
LINE
  5
2333
330
1F
100
AcDbEntity
  8
1
  6
CONTINUOUS
370
50
 62
4
100
AcDbLine
 10
36.873371
 20
2.959633
 30
0.0
 11
36.926876
 21
3.05179
 31
0.0
  0
LINE
  5
2334
330
1F
100
AcDbEntity
  8
1
  6
CONTINUOUS
370
50
 62
4
100
AcDbLine
 10
22.371683
 20
-3.193616
 30
0.0
 11
22.425148
 21
-3.101506
 31
0.0
  0
LINE
  5
2335
330
1F
100
AcDbEntity
  8
1
  6
CONTINUOUS
370
50
 62
4
100
AcDbLine
 10
36.926876
 20
3.05179
 30
0.0
 11
36.980366
 21
3.144057
 31
0.0
  0
LINE
  5
2336
330
1F
100
AcDbEntity
  8
1
  6
CONTINUOUS
370
50
 62
4
100
AcDbLine
 10
38.064678
 20
3.302417
 30
0.0
 11
38.069294
 21
3.310388
 31
0.0
  0
LINE
  5
2337
330
1F
100
AcDbEntity
  8
1
  6
CONTINUOUS
370
50
 62
4
100
AcDbLine
 10
21.634424
 20
-2.702469
 30
0.0
 11
21.688
 21
-2.609946
 31
0.0
  0
LINE
  5
2338
330
1F
100
AcDbEntity
  8
1
  6
CONTINUOUS
370
50
 62
4
100
AcDbLine
 10
36.980366
 20
3.144057
 30
0.0
 11
37.033833
 21
3.236431
 31
0.0
  0
LINE
  5
2339
330
1F
100
AcDbEntity
  8
1
  6
CONTINUOUS
370
50
 62
4
100
AcDbLine
 10
33.319633
 20
-2.718488
 30
0.0
 11
33.321308
 21
-2.715593
 31
0.0
  0
LINE
  5
233A
330
1F
100
AcDbEntity
  8
1
  6
CONTINUOUS
370
50
 62
4
100
AcDbLine
 10
21.580864
 20
-2.795099
 30
0.0
 11
21.634424
 21
-2.702469
 31
0.0
  0
LINE
  5
233B
330
1F
100
AcDbEntity
  8
1
  6
CONTINUOUS
370
50
 62
4
100
AcDbLine
 10
37.717518
 20
2.639458
 30
0.0
 11
37.771088
 21
2.732129
 31
0.0
  0
LINE
  5
233C
330
1F
100
AcDbEntity
  8
1
  6
CONTINUOUS
370
50
 62
4
100
AcDbLine
 10
38.258133
 20
-3.330153
 30
0.0
 11
38.260433
 21
-3.326173
 31
0.0
  0
LINE
  5
233D
330
1F
100
AcDbEntity
  8
1
  6
CONTINUOUS
370
50
 62
4
100
AcDbLine
 10
33.320915
 20
-2.716243
 30
0.0
 11
33.329666
 21
-2.701087
 31
0.0
  0
LINE
  5
233E
330
1F
100
AcDbEntity
  8
1
  6
CONTINUOUS
370
50
 62
4
100
AcDbLine
 10
37.771088
 20
2.732129
 30
0.0
 11
37.824642
 21
2.824883
 31
0.0
  0
LINE
  5
233F
330
1F
100
AcDbEntity
  8
1
  6
CONTINUOUS
370
50
 62
4
100
AcDbLine
 10
33.484184
 20
2.701087
 30
0.0
 11
33.506348
 21
2.739475
 31
0.0
  0
LINE
  5
2340
330
1F
100
AcDbEntity
  8
1
  6
CONTINUOUS
370
50
 62
4
100
AcDbLine
 10
21.527323
 20
-2.887832
 30
0.0
 11
21.580864
 21
-2.795099
 31
0.0
  0
LINE
  5
2341
330
1F
100
AcDbEntity
  8
1
  6
CONTINUOUS
370
50
 62
4
100
AcDbLine
 10
34.308048
 20
-2.839565
 30
0.0
 11
34.388
 21
-2.701087
 31
0.0
  0
LINE
  5
2342
330
1F
100
AcDbEntity
  8
1
  6
CONTINUOUS
370
50
 62
4
100
AcDbLine
 10
35.295444
 20
-2.962433
 30
0.0
 11
35.446335
 21
-2.701087
 31
0.0
  0
LINE
  5
2343
330
1F
100
AcDbEntity
  8
1
  6
CONTINUOUS
370
50
 62
4
100
AcDbLine
 10
35.600849
 20
2.701087
 30
0.0
 11
35.787228
 21
3.0239
 31
0.0
  0
LINE
  5
2344
330
1F
100
AcDbEntity
  8
1
  6
CONTINUOUS
370
50
 62
4
100
AcDbLine
 10
38.775848
 20
2.701087
 30
0.0
 11
39.150501
 21
3.35
 31
0.0
  0
LINE
  5
2345
330
1F
100
AcDbEntity
  8
1
  6
CONTINUOUS
370
50
 62
4
100
AcDbLine
 10
37.271034
 20
-3.206784
 30
0.0
 11
37.563
 21
-2.701087
 31
0.0
  0
LINE
  5
2346
330
1F
100
AcDbEntity
  8
1
  6
CONTINUOUS
370
50
 62
4
100
AcDbLine
 10
39.30501599999999
 20
-3.35
 30
0.0
 11
39.679668
 21
-2.701087
 31
0.0
  0
LINE
  5
2347
330
1F
100
AcDbEntity
  8
1
  6
CONTINUOUS
370
50
 62
4
100
AcDbLine
 10
34.542515
 20
2.701087
 30
0.0
 11
34.646847
 21
2.881795
 31
0.0
  0
LINE
  5
2348
330
1F
100
AcDbEntity
  8
1
  6
CONTINUOUS
370
50
 62
4
100
AcDbLine
 10
38.260078
 20
-3.3268
 30
0.0
 11
38.621334
 21
-2.701087
 31
0.0
  0
LINE
  5
2349
330
1F
100
AcDbEntity
  8
1
  6
CONTINUOUS
370
50
 62
4
100
AcDbLine
 10
36.659184
 20
2.701087
 30
0.0
 11
36.926704
 21
3.164446
 31
0.0
  0
LINE
  5
234A
330
1F
100
AcDbEntity
  8
1
  6
CONTINUOUS
370
50
 62
4
100
AcDbLine
 10
37.717518
 20
2.701087
 30
0.0
 11
38.065189
 21
3.303272
 31
0.0
  0
LINE
  5
234B
330
1F
100
AcDbEntity
  8
1
  6
CONTINUOUS
370
50
 62
4
100
AcDbLine
 10
40.36335
 20
-3.35
 30
0.0
 11
40.73799899999999
 21
-2.701087
 31
0.0
  0
LINE
  5
234C
330
1F
100
AcDbEntity
  8
1
  6
CONTINUOUS
370
50
 62
4
100
AcDbLine
 10
39.834183
 20
2.701087
 30
0.0
 11
40.208832
 21
3.35
 31
0.0
  0
LINE
  5
234D
330
1F
100
AcDbEntity
  8
1
  6
CONTINUOUS
370
50
 62
4
100
AcDbLine
 10
36.282841
 20
-3.085299
 30
0.0
 11
36.504665
 21
-2.701087
 31
0.0
  0
LINE
  5
234E
330
1F
100
AcDbEntity
  8
1
  6
CONTINUOUS
370
50
 62
4
100
AcDbLine
 10
37.824642
 20
2.824883
 30
0.0
 11
37.87818499999999
 21
2.917716
 31
0.0
  0
LINE
  5
234F
330
1F
100
AcDbEntity
  8
1
  6
CONTINUOUS
370
50
 62
4
100
AcDbLine
 10
21.473799
 20
-2.980663
 30
0.0
 11
21.527323
 21
-2.887832
 31
0.0
  0
LINE
  5
2350
330
1F
100
AcDbEntity
  8
1
  6
CONTINUOUS
370
50
 62
4
100
AcDbLine
 10
37.87818499999999
 20
2.917716
 30
0.0
 11
37.931709
 21
3.010623
 31
0.0
  0
LINE
  5
2351
330
1F
100
AcDbEntity
  8
1
  6
CONTINUOUS
370
50
 62
4
100
AcDbLine
 10
21.420296
 20
-3.073583
 30
0.0
 11
21.473799
 21
-2.980663
 31
0.0
  0
LINE
  5
2352
330
1F
100
AcDbEntity
  8
1
  6
CONTINUOUS
370
50
 62
4
100
AcDbLine
 10
33.321308
 20
-2.715593
 30
0.0
 11
33.322979
 21
-2.71269
 31
0.0
  0
LINE
  5
2353
330
1F
100
AcDbEntity
  8
1
  6
CONTINUOUS
370
50
 62
4
100
AcDbLine
 10
37.931709
 20
3.010623
 30
0.0
 11
37.985214
 21
3.103597
 31
0.0
  0
LINE
  5
2354
330
1F
100
AcDbEntity
  8
1
  6
CONTINUOUS
370
50
 62
4
100
AcDbLine
 10
33.322979
 20
-2.71269
 30
0.0
 11
33.324654
 21
-2.709778
 31
0.0
  0
LINE
  5
2355
330
1F
100
AcDbEntity
  8
1
  6
CONTINUOUS
370
50
 62
4
100
AcDbLine
 10
21.366812
 20
-3.16659
 30
0.0
 11
21.420296
 21
-3.073583
 31
0.0
  0
LINE
  5
2356
330
1F
100
AcDbEntity
  8
1
  6
CONTINUOUS
370
50
 62
4
100
AcDbLine
 10
37.985214
 20
3.103597
 30
0.0
 11
38.0387
 21
3.196634
 31
0.0
  0
LINE
  5
2357
330
1F
100
AcDbEntity
  8
1
  6
CONTINUOUS
370
50
 62
4
100
AcDbLine
 10
38.775848
 20
2.673772
 30
0.0
 11
38.829426
 21
2.766986
 31
0.0
  0
LINE
  5
2358
330
1F
100
AcDbEntity
  8
1
  6
CONTINUOUS
370
50
 62
4
100
AcDbLine
 10
39.834183
 20
2.69473
 30
0.0
 11
39.887764
 21
2.787987
 31
0.0
  0
LINE
  5
2359
330
1F
100
AcDbEntity
  8
1
  6
CONTINUOUS
370
50
 62
4
100
AcDbLine
 10
40.155376
 20
3.253852
 30
0.0
 11
40.208832
 21
3.3469
 31
0.0
  0
LINE
  5
235A
330
1F
100
AcDbEntity
  8
1
  6
CONTINUOUS
370
50
 62
4
100
AcDbLine
 10
40.101894
 20
3.160755
 30
0.0
 11
40.155376
 21
3.253852
 31
0.0
  0
LINE
  5
235B
330
1F
100
AcDbEntity
  8
1
  6
CONTINUOUS
370
50
 62
4
100
AcDbLine
 10
39.887764
 20
2.787987
 30
0.0
 11
39.941326
 21
2.881224
 31
0.0
  0
LINE
  5
235C
330
1F
100
AcDbEntity
  8
1
  6
CONTINUOUS
370
50
 62
4
100
AcDbLine
 10
39.941326
 20
2.881224
 30
0.0
 11
39.994869
 21
2.974434
 31
0.0
  0
LINE
  5
235D
330
1F
100
AcDbEntity
  8
1
  6
CONTINUOUS
370
50
 62
4
100
AcDbLine
 10
39.994869
 20
2.974434
 30
0.0
 11
40.048393
 21
3.067614
 31
0.0
  0
LINE
  5
235E
330
1F
100
AcDbEntity
  8
1
  6
CONTINUOUS
370
50
 62
4
100
AcDbLine
 10
40.048393
 20
3.067614
 30
0.0
 11
40.101894
 21
3.160755
 31
0.0
  0
LINE
  5
235F
330
1F
100
AcDbEntity
  8
1
  6
CONTINUOUS
370
50
 62
4
100
AcDbLine
 10
20.576492
 20
-2.747374
 30
0.0
 11
20.629667
 21
-2.654798
 31
0.0
  0
LINE
  5
2360
330
1F
100
AcDbEntity
  8
1
  6
CONTINUOUS
370
50
 62
4
100
AcDbLine
 10
38.829426
 20
2.766986
 30
0.0
 11
38.882984
 21
2.860233
 31
0.0
  0
LINE
  5
2361
330
1F
100
AcDbEntity
  8
1
  6
CONTINUOUS
370
50
 62
4
100
AcDbLine
 10
38.0387
 20
3.196634
 30
0.0
 11
38.092167
 21
3.289731
 31
0.0
  0
LINE
  5
2362
330
1F
100
AcDbEntity
  8
1
  6
CONTINUOUS
370
50
 62
4
100
AcDbLine
 10
21.313351
 20
-3.259678
 30
0.0
 11
21.366812
 21
-3.16659
 31
0.0
  0
LINE
  5
2363
330
1F
100
AcDbEntity
  8
1
  6
CONTINUOUS
370
50
 62
4
100
AcDbLine
 10
38.882984
 20
2.860233
 30
0.0
 11
38.936523
 21
2.95351
 31
0.0
  0
LINE
  5
2364
330
1F
100
AcDbEntity
  8
1
  6
CONTINUOUS
370
50
 62
4
100
AcDbLine
 10
20.523127
 20
-2.840364
 30
0.0
 11
20.576492
 21
-2.747374
 31
0.0
  0
LINE
  5
2365
330
1F
100
AcDbEntity
  8
1
  6
CONTINUOUS
370
50
 62
4
100
AcDbLine
 10
38.936523
 20
2.95351
 30
0.0
 11
38.990047
 21
3.046811
 31
0.0
  0
LINE
  5
2366
330
1F
100
AcDbEntity
  8
1
  6
CONTINUOUS
370
50
 62
4
100
AcDbLine
 10
20.46958
 20
-2.933742
 30
0.0
 11
20.523127
 21
-2.840364
 31
0.0
  0
LINE
  5
2367
330
1F
100
AcDbEntity
  8
1
  6
CONTINUOUS
370
50
 62
4
100
AcDbLine
 10
40.665207
 20
1.201624
 30
0.0
 11
40.701393
 21
1.264727
 31
0.0
  0
LINE
  5
2368
330
1F
100
AcDbEntity
  8
1
  6
CONTINUOUS
370
50
 62
4
100
AcDbLine
 10
19.517761
 20
-2.778024
 30
0.0
 11
19.571333
 21
-2.6846
 31
0.0
  0
LINE
  5
2369
330
1F
100
AcDbEntity
  8
1
  6
CONTINUOUS
370
50
 62
4
100
AcDbLine
 10
38.990047
 20
3.046811
 30
0.0
 11
39.043552
 21
3.140131
 31
0.0
  0
LINE
  5
236A
330
1F
100
AcDbEntity
  8
1
  6
CONTINUOUS
370
50
 62
4
100
AcDbLine
 10
19.464207
 20
-2.87145
 30
0.0
 11
19.517761
 21
-2.778024
 31
0.0
  0
LINE
  5
236B
330
1F
100
AcDbEntity
  8
1
  6
CONTINUOUS
370
50
 62
4
100
AcDbLine
 10
19.410666
 20
-2.964873
 30
0.0
 11
19.464207
 21
-2.87145
 31
0.0
  0
LINE
  5
236C
330
1F
100
AcDbEntity
  8
1
  6
CONTINUOUS
370
50
 62
4
100
AcDbLine
 10
39.043552
 20
3.140131
 30
0.0
 11
39.097034
 21
3.233465
 31
0.0
  0
LINE
  5
236D
330
1F
100
AcDbEntity
  8
1
  6
CONTINUOUS
370
50
 62
4
100
AcDbLine
 10
20.415915
 20
-3.0274
 30
0.0
 11
20.46958
 21
-2.933742
 31
0.0
  0
LINE
  5
236E
330
1F
100
AcDbEntity
  8
1
  6
CONTINUOUS
370
50
 62
4
100
AcDbLine
 10
19.357143
 20
-3.058288
 30
0.0
 11
19.410666
 21
-2.964873
 31
0.0
  0
LINE
  5
236F
330
1F
100
AcDbEntity
  8
1
  6
CONTINUOUS
370
50
 62
4
100
AcDbLine
 10
33.324654
 20
-2.709778
 30
0.0
 11
33.326328
 21
-2.706856
 31
0.0
  0
LINE
  5
2370
330
1F
100
AcDbEntity
  8
1
  6
CONTINUOUS
370
50
 62
4
100
AcDbLine
 10
19.303638
 20
-3.151689
 30
0.0
 11
19.357143
 21
-3.058288
 31
0.0
  0
LINE
  5
2371
330
1F
100
AcDbEntity
  8
1
  6
CONTINUOUS
370
50
 62
4
100
AcDbLine
 10
39.097034
 20
3.233465
 30
0.0
 11
39.150501
 21
3.326808
 31
0.0
  0
LINE
  5
2372
330
1F
100
AcDbEntity
  8
1
  6
CONTINUOUS
370
50
 62
4
100
AcDbLine
 10
19.250151
 20
-3.245072
 30
0.0
 11
19.303638
 21
-3.151689
 31
0.0
  0
LINE
  5
2373
330
1F
100
AcDbEntity
  8
1
  6
CONTINUOUS
370
50
 62
4
100
AcDbLine
 10
19.196684
 20
-3.338432
 30
0.0
 11
19.250151
 21
-3.245072
 31
0.0
  0
LINE
  5
2374
330
1F
100
AcDbEntity
  8
1
  6
CONTINUOUS
370
50
 62
4
100
AcDbLine
 10
20.362263
 20
-3.121104
 30
0.0
 11
20.415915
 21
-3.0274
 31
0.0
  0
LINE
  5
2375
330
1F
100
AcDbEntity
  8
1
  6
CONTINUOUS
370
50
 62
4
100
AcDbLine
 10
20.30863
 20
-3.214839
 30
0.0
 11
20.362263
 21
-3.121104
 31
0.0
  0
LINE
  5
2376
330
1F
100
AcDbEntity
  8
1
  6
CONTINUOUS
370
50
 62
4
100
AcDbLine
 10
20.255016
 20
-3.308601
 30
0.0
 11
20.30863
 21
-3.214839
 31
0.0
  0
LINE
  5
2377
330
1F
100
AcDbEntity
  8
1
  6
CONTINUOUS
370
50
 62
4
100
AcDbLine
 10
12.631647
 20
-0.7887259999999999
 30
0.0
 11
12.655259
 21
-0.74742
 31
0.0
  0
LINE
  5
2378
330
1F
100
AcDbEntity
  8
1
  6
CONTINUOUS
370
50
 62
4
100
AcDbLine
 10
33.326328
 20
-2.706856
 30
0.0
 11
33.328003
 21
-2.703925
 31
0.0
  0
LINE
  5
2379
330
1F
100
AcDbEntity
  8
1
  6
CONTINUOUS
370
50
 62
4
100
AcDbLine
 10
33.328003
 20
-2.703925
 30
0.0
 11
33.329681
 21
-2.700986
 31
0.0
  0
LINE
  5
237A
330
1F
100
AcDbEntity
  8
1
  6
CONTINUOUS
370
50
 62
4
100
AcDbLine
 10
24.488346
 20
1.939051
 30
0.0
 11
24.520773
 21
1.996053
 31
0.0
  0
LINE
  5
237B
330
1F
100
AcDbEntity
  8
1
  6
CONTINUOUS
370
50
 62
4
100
AcDbLine
 10
21.441433
 20
1.581479
 30
0.0
 11
21.475073
 21
1.640635
 31
0.0
  0
LINE
  5
237C
330
1F
100
AcDbEntity
  8
1
  6
CONTINUOUS
370
50
 62
4
100
AcDbLine
 10
34.310509
 20
-2.835321
 30
0.0
 11
34.325848
 21
-2.808323
 31
0.0
  0
LINE
  5
237D
330
1F
100
AcDbEntity
  8
1
  6
CONTINUOUS
370
50
 62
4
100
AcDbLine
 10
35.297859
 20
-2.958246
 30
0.0
 11
35.32206
 21
-2.91532
 31
0.0
  0
LINE
  5
237E
330
1F
100
AcDbEntity
  8
1
  6
CONTINUOUS
370
50
 62
4
100
AcDbLine
 10
36.284031
 20
-3.083238
 30
0.0
 11
36.319473
 21
-3.019851
 31
0.0
  0
LINE
  5
237F
330
1F
100
AcDbEntity
  8
1
  6
CONTINUOUS
370
50
 62
4
100
AcDbLine
 10
37.271744
 20
-3.205549
 30
0.0
 11
37.306007
 21
-3.144248
 31
0.0
  0
LINE
  5
2380
330
1F
100
AcDbEntity
  8
1
  6
CONTINUOUS
370
50
 62
4
100
AcDbLine
 10
38.260433
 20
-3.326173
 30
0.0
 11
38.293537
 21
-3.266887
 31
0.0
  0
LINE
  5
2381
330
1F
100
AcDbEntity
  8
1
  6
CONTINUOUS
370
50
 62
4
100
AcDbLine
 10
39.643059
 20
1.073247
 30
0.0
 11
39.67968
 21
1.139056
 31
0.0
  0
LINE
  5
2382
330
1F
100
AcDbEntity
  8
1
  6
CONTINUOUS
370
50
 62
4
100
AcDbLine
 10
34.325848
 20
-2.808323
 30
0.0
 11
34.34127
 21
-2.780538
 31
0.0
  0
LINE
  5
2383
330
1F
100
AcDbEntity
  8
1
  6
CONTINUOUS
370
50
 62
4
100
AcDbLine
 10
23.46105
 20
1.800062
 30
0.0
 11
23.49275
 21
1.857678
 31
0.0
  0
LINE
  5
2384
330
1F
100
AcDbEntity
  8
1
  6
CONTINUOUS
370
50
 62
4
100
AcDbLine
 10
20.407103
 20
1.421831
 30
0.0
 11
20.460936
 21
1.519839
 31
0.0
  0
LINE
  5
2385
330
1F
100
AcDbEntity
  8
1
  6
CONTINUOUS
370
50
 62
4
100
AcDbLine
 10
17.817589
 20
0.797693
 30
0.0
 11
17.824423
 21
0.810248
 31
0.0
  0
LINE
  5
2386
330
1F
100
AcDbEntity
  8
1
  6
CONTINUOUS
370
50
 62
4
100
AcDbLine
 10
35.32206
 20
-2.91532
 30
0.0
 11
35.346489
 21
-2.870353
 31
0.0
  0
LINE
  5
2387
330
1F
100
AcDbEntity
  8
1
  6
CONTINUOUS
370
50
 62
4
100
AcDbLine
 10
34.34127
 20
-2.780538
 30
0.0
 11
34.356773
 21
-2.751975
 31
0.0
  0
LINE
  5
2388
330
1F
100
AcDbEntity
  8
1
  6
CONTINUOUS
370
50
 62
4
100
AcDbLine
 10
17.83592
 20
-3.27997
 30
0.0
 11
17.840527
 21
-3.271464
 31
0.0
  0
LINE
  5
2389
330
1F
100
AcDbEntity
  8
1
  6
CONTINUOUS
370
50
 62
4
100
AcDbLine
 10
19.392714
 20
1.304197
 30
0.0
 11
19.427507
 21
1.369326
 31
0.0
  0
LINE
  5
238A
330
1F
100
AcDbEntity
  8
1
  6
CONTINUOUS
370
50
 62
4
100
AcDbLine
 10
22.434414
 20
1.659886
 30
0.0
 11
22.466768
 21
1.720504
 31
0.0
  0
LINE
  5
238B
330
1F
100
AcDbEntity
  8
1
  6
CONTINUOUS
370
50
 62
4
100
AcDbLine
 10
34.356773
 20
-2.751975
 30
0.0
 11
34.372353
 21
-2.722641
 31
0.0
  0
LINE
  5
238C
330
1F
100
AcDbEntity
  8
1
  6
CONTINUOUS
370
50
 62
4
100
AcDbLine
 10
36.319473
 20
-3.019851
 30
0.0
 11
36.355503
 21
-2.951757
 31
0.0
  0
LINE
  5
238D
330
1F
100
AcDbEntity
  8
1
  6
CONTINUOUS
370
50
 62
4
100
AcDbLine
 10
40.629467
 20
1.13396
 30
0.0
 11
40.665207
 21
1.201624
 31
0.0
  0
LINE
  5
238E
330
1F
100
AcDbEntity
  8
1
  6
CONTINUOUS
370
50
 62
4
100
AcDbLine
 10
37.306007
 20
-3.144248
 30
0.0
 11
37.340973
 21
-3.07803
 31
0.0
  0
LINE
  5
238F
330
1F
100
AcDbEntity
  8
1
  6
CONTINUOUS
370
50
 62
4
100
AcDbLine
 10
38.293537
 20
-3.266887
 30
0.0
 11
38.32736999999999
 21
-3.202579
 31
0.0
  0
LINE
  5
2390
330
1F
100
AcDbEntity
  8
1
  6
CONTINUOUS
370
50
 62
4
100
AcDbLine
 10
35.346489
 20
-2.870353
 30
0.0
 11
35.371136
 21
-2.823383
 31
0.0
  0
LINE
  5
2391
330
1F
100
AcDbEntity
  8
1
  6
CONTINUOUS
370
50
 62
4
100
AcDbLine
 10
34.372353
 20
-2.722641
 30
0.0
 11
34.388012
 21
-2.692545
 31
0.0
  0
LINE
  5
2392
330
1F
100
AcDbEntity
  8
1
  6
CONTINUOUS
370
50
 62
4
100
AcDbLine
 10
21.408432
 20
1.517742
 30
0.0
 11
21.441433
 21
1.581479
 31
0.0
  0
LINE
  5
2393
330
1F
100
AcDbEntity
  8
1
  6
CONTINUOUS
370
50
 62
4
100
AcDbLine
 10
39.606873
 20
1.003015
 30
0.0
 11
39.643059
 21
1.073247
 31
0.0
  0
LINE
  5
2394
330
1F
100
AcDbEntity
  8
1
  6
CONTINUOUS
370
50
 62
4
100
AcDbLine
 10
35.371136
 20
-2.823383
 30
0.0
 11
35.395996
 21
-2.774446
 31
0.0
  0
LINE
  5
2395
330
1F
100
AcDbEntity
  8
1
  6
CONTINUOUS
370
50
 62
4
100
AcDbLine
 10
38.58615899999999
 20
0.8870429999999999
 30
0.0
 11
38.621346
 21
0.956685
 31
0.0
  0
LINE
  5
2396
330
1F
100
AcDbEntity
  8
1
  6
CONTINUOUS
370
50
 62
4
100
AcDbLine
 10
39.305012
 20
-3.344289
 30
0.0
 11
39.336067
 21
-3.28265
 31
0.0
  0
LINE
  5
2397
330
1F
100
AcDbEntity
  8
1
  6
CONTINUOUS
370
50
 62
4
100
AcDbLine
 10
36.355503
 20
-2.951757
 30
0.0
 11
36.392056
 21
-2.879183
 31
0.0
  0
LINE
  5
2398
330
1F
100
AcDbEntity
  8
1
  6
CONTINUOUS
370
50
 62
4
100
AcDbLine
 10
37.340973
 20
-3.07803
 30
0.0
 11
37.376625
 21
-3.006994
 31
0.0
  0
LINE
  5
2399
330
1F
100
AcDbEntity
  8
1
  6
CONTINUOUS
370
50
 62
4
100
AcDbLine
 10
38.32736999999999
 20
-3.202579
 30
0.0
 11
38.361927
 21
-3.13336
 31
0.0
  0
LINE
  5
239A
330
1F
100
AcDbEntity
  8
1
  6
CONTINUOUS
370
50
 62
4
100
AcDbLine
 10
23.430012
 20
1.737772
 30
0.0
 11
23.46105
 21
1.800062
 31
0.0
  0
LINE
  5
239B
330
1F
100
AcDbEntity
  8
1
  6
CONTINUOUS
370
50
 62
4
100
AcDbLine
 10
12.585226
 20
3.884666
 30
0.0
 11
12.590856
 21
3.895965
 31
0.0
  0
LINE
  5
239C
330
1F
100
AcDbEntity
  8
1
  6
CONTINUOUS
370
50
 62
4
100
AcDbLine
 10
35.395996
 20
-2.774446
 30
0.0
 11
35.42107
 21
-2.72358
 31
0.0
  0
LINE
  5
239D
330
1F
100
AcDbEntity
  8
1
  6
CONTINUOUS
370
50
 62
4
100
AcDbLine
 10
19.358448
 20
1.23453
 30
0.0
 11
19.392714
 21
1.304197
 31
0.0
  0
LINE
  5
239E
330
1F
100
AcDbEntity
  8
1
  6
CONTINUOUS
370
50
 62
4
100
AcDbLine
 10
16.298679
 20
1.272814
 30
0.0
 11
16.310238
 21
1.296431
 31
0.0
  0
LINE
  5
239F
330
1F
100
AcDbEntity
  8
1
  6
CONTINUOUS
370
50
 62
4
100
AcDbLine
 10
40.594193
 20
1.061828
 30
0.0
 11
40.629467
 21
1.13396
 31
0.0
  0
LINE
  5
23A0
330
1F
100
AcDbEntity
  8
1
  6
CONTINUOUS
370
50
 62
4
100
AcDbLine
 10
22.402714
 20
1.594689
 30
0.0
 11
22.434414
 21
1.659886
 31
0.0
  0
LINE
  5
23A1
330
1F
100
AcDbEntity
  8
1
  6
CONTINUOUS
370
50
 62
4
100
AcDbLine
 10
36.392056
 20
-2.879183
 30
0.0
 11
36.429115
 21
-2.802265
 31
0.0
  0
LINE
  5
23A2
330
1F
100
AcDbEntity
  8
1
  6
CONTINUOUS
370
50
 62
4
100
AcDbLine
 10
39.336067
 20
-3.28265
 30
0.0
 11
39.367783
 21
-3.216646
 31
0.0
  0
LINE
  5
23A3
330
1F
100
AcDbEntity
  8
1
  6
CONTINUOUS
370
50
 62
4
100
AcDbLine
 10
20.354807
 20
1.31282
 30
0.0
 11
20.407103
 21
1.421831
 31
0.0
  0
LINE
  5
23A4
330
1F
100
AcDbEntity
  8
1
  6
CONTINUOUS
370
50
 62
4
100
AcDbLine
 10
37.376625
 20
-3.006994
 30
0.0
 11
37.41288
 21
-2.931415
 31
0.0
  0
LINE
  5
23A5
330
1F
100
AcDbEntity
  8
1
  6
CONTINUOUS
370
50
 62
4
100
AcDbLine
 10
17.840527
 20
-3.271464
 30
0.0
 11
17.844332
 21
-3.263531
 31
0.0
  0
LINE
  5
23A6
330
1F
100
AcDbEntity
  8
1
  6
CONTINUOUS
370
50
 62
4
100
AcDbLine
 10
39.571133
 20
0.9284629999999999
 30
0.0
 11
39.606873
 21
1.003015
 31
0.0
  0
LINE
  5
23A7
330
1F
100
AcDbEntity
  8
1
  6
CONTINUOUS
370
50
 62
4
100
AcDbLine
 10
35.42107
 20
-2.72358
 30
0.0
 11
35.446346
 21
-2.670821
 31
0.0
  0
LINE
  5
23A8
330
1F
100
AcDbEntity
  8
1
  6
CONTINUOUS
370
50
 62
4
100
AcDbLine
 10
38.361927
 20
-3.13336
 30
0.0
 11
38.397194
 21
-3.059345
 31
0.0
  0
LINE
  5
23A9
330
1F
100
AcDbEntity
  8
1
  6
CONTINUOUS
370
50
 62
4
100
AcDbLine
 10
21.376078
 20
1.449528
 30
0.0
 11
21.408432
 21
1.517742
 31
0.0
  0
LINE
  5
23AA
330
1F
100
AcDbEntity
  8
1
  6
CONTINUOUS
370
50
 62
4
100
AcDbLine
 10
38.551376
 20
0.813533
 30
0.0
 11
38.58615899999999
 21
0.8870429999999999
 31
0.0
  0
LINE
  5
23AB
330
1F
100
AcDbEntity
  8
1
  6
CONTINUOUS
370
50
 62
4
100
AcDbLine
 10
17.824423
 20
0.810248
 30
0.0
 11
17.830542
 21
0.823469
 31
0.0
  0
LINE
  5
23AC
330
1F
100
AcDbEntity
  8
1
  6
CONTINUOUS
370
50
 62
4
100
AcDbLine
 10
36.429115
 20
-2.802265
 30
0.0
 11
36.46666
 21
-2.721139
 31
0.0
  0
LINE
  5
23AD
330
1F
100
AcDbEntity
  8
1
  6
CONTINUOUS
370
50
 62
4
100
AcDbLine
 10
37.519215
 20
0.679082
 30
0.0
 11
37.563015
 21
0.774118
 31
0.0
  0
LINE
  5
23AE
330
1F
100
AcDbEntity
  8
1
  6
CONTINUOUS
370
50
 62
4
100
AcDbLine
 10
39.367783
 20
-3.216646
 30
0.0
 11
39.400146
 21
-3.146384
 31
0.0
  0
LINE
  5
23AF
330
1F
100
AcDbEntity
  8
1
  6
CONTINUOUS
370
50
 62
4
100
AcDbLine
 10
37.41288
 20
-2.931415
 30
0.0
 11
37.449661
 21
-2.851555
 31
0.0
  0
LINE
  5
23B0
330
1F
100
AcDbEntity
  8
1
  6
CONTINUOUS
370
50
 62
4
100
AcDbLine
 10
38.397194
 20
-3.059345
 30
0.0
 11
38.433167
 21
-2.980646
 31
0.0
  0
LINE
  5
23B1
330
1F
100
AcDbEntity
  8
1
  6
CONTINUOUS
370
50
 62
4
100
AcDbLine
 10
19.324804
 20
1.160613
 30
0.0
 11
19.358448
 21
1.23453
 31
0.0
  0
LINE
  5
23B2
330
1F
100
AcDbEntity
  8
1
  6
CONTINUOUS
370
50
 62
4
100
AcDbLine
 10
40.559399
 20
0.9853219999999999
 30
0.0
 11
40.594193
 21
1.061828
 31
0.0
  0
LINE
  5
23B3
330
1F
100
AcDbEntity
  8
1
  6
CONTINUOUS
370
50
 62
4
100
AcDbLine
 10
12.612263
 20
-0.831704
 30
0.0
 11
12.631647
 21
-0.7887259999999999
 31
0.0
  0
LINE
  5
23B4
330
1F
100
AcDbEntity
  8
1
  6
CONTINUOUS
370
50
 62
4
100
AcDbLine
 10
40.363346
 20
-3.320167
 30
0.0
 11
40.394402
 21
-3.25089
 31
0.0
  0
LINE
  5
23B5
330
1F
100
AcDbEntity
  8
1
  6
CONTINUOUS
370
50
 62
4
100
AcDbLine
 10
39.535858
 20
0.849695
 30
0.0
 11
39.571133
 21
0.9284629999999999
 31
0.0
  0
LINE
  5
23B6
330
1F
100
AcDbEntity
  8
1
  6
CONTINUOUS
370
50
 62
4
100
AcDbLine
 10
36.46666
 20
-2.721139
 30
0.0
 11
36.504681
 21
-2.635943
 31
0.0
  0
LINE
  5
23B7
330
1F
100
AcDbEntity
  8
1
  6
CONTINUOUS
370
50
 62
4
100
AcDbLine
 10
22.371679
 20
1.525004
 30
0.0
 11
22.402714
 21
1.594689
 31
0.0
  0
LINE
  5
23B8
330
1F
100
AcDbEntity
  8
1
  6
CONTINUOUS
370
50
 62
4
100
AcDbLine
 10
38.51700599999999
 20
0.736255
 30
0.0
 11
38.551376
 21
0.813533
 31
0.0
  0
LINE
  5
23B9
330
1F
100
AcDbEntity
  8
1
  6
CONTINUOUS
370
50
 62
4
100
AcDbLine
 10
37.449661
 20
-2.851555
 30
0.0
 11
37.486958
 21
-2.767563
 31
0.0
  0
LINE
  5
23BA
330
1F
100
AcDbEntity
  8
1
  6
CONTINUOUS
370
50
 62
4
100
AcDbLine
 10
39.400146
 20
-3.146384
 30
0.0
 11
39.433159
 21
-3.071971
 31
0.0
  0
LINE
  5
23BB
330
1F
100
AcDbEntity
  8
1
  6
CONTINUOUS
370
50
 62
4
100
AcDbLine
 10
38.433167
 20
-2.980646
 30
0.0
 11
38.469757
 21
-2.897554
 31
0.0
  0
LINE
  5
23BC
330
1F
100
AcDbEntity
  8
1
  6
CONTINUOUS
370
50
 62
4
100
AcDbLine
 10
21.344379
 20
1.376938
 30
0.0
 11
21.376078
 21
1.449528
 31
0.0
  0
LINE
  5
23BD
330
1F
100
AcDbEntity
  8
1
  6
CONTINUOUS
370
50
 62
4
100
AcDbLine
 10
36.471889
 20
0.513818
 30
0.0
 11
36.504681
 21
0.589657
 31
0.0
  0
LINE
  5
23BE
330
1F
100
AcDbEntity
  8
1
  6
CONTINUOUS
370
50
 62
4
100
AcDbLine
 10
40.394402
 20
-3.25089
 30
0.0
 11
40.426117
 21
-3.177464
 31
0.0
  0
LINE
  5
23BF
330
1F
100
AcDbEntity
  8
1
  6
CONTINUOUS
370
50
 62
4
100
AcDbLine
 10
37.486958
 20
-2.767563
 30
0.0
 11
37.524746
 21
-2.67959
 31
0.0
  0
LINE
  5
23C0
330
1F
100
AcDbEntity
  8
1
  6
CONTINUOUS
370
50
 62
4
100
AcDbLine
 10
37.476044
 20
0.578425
 30
0.0
 11
37.519215
 21
0.679082
 31
0.0
  0
LINE
  5
23C1
330
1F
100
AcDbEntity
  8
1
  6
CONTINUOUS
370
50
 62
4
100
AcDbLine
 10
39.433159
 20
-3.071971
 30
0.0
 11
39.466801
 21
-2.993515
 31
0.0
  0
LINE
  5
23C2
330
1F
100
AcDbEntity
  8
1
  6
CONTINUOUS
370
50
 62
4
100
AcDbLine
 10
38.469757
 20
-2.897554
 30
0.0
 11
38.506889
 21
-2.810378
 31
0.0
  0
LINE
  5
23C3
330
1F
100
AcDbEntity
  8
1
  6
CONTINUOUS
370
50
 62
4
100
AcDbLine
 10
40.525135
 20
0.9046329999999999
 30
0.0
 11
40.559399
 21
0.9853219999999999
 31
0.0
  0
LINE
  5
23C4
330
1F
100
AcDbEntity
  8
1
  6
CONTINUOUS
370
50
 62
4
100
AcDbLine
 10
20.304098
 20
1.193277
 30
0.0
 11
20.354807
 21
1.31282
 31
0.0
  0
LINE
  5
23C5
330
1F
100
AcDbEntity
  8
1
  6
CONTINUOUS
370
50
 62
4
100
AcDbLine
 10
19.291798
 20
1.082578
 30
0.0
 11
19.324804
 21
1.160613
 31
0.0
  0
LINE
  5
23C6
330
1F
100
AcDbEntity
  8
1
  6
CONTINUOUS
370
50
 62
4
100
AcDbLine
 10
39.501068
 20
0.766813
 30
0.0
 11
39.535858
 21
0.849695
 31
0.0
  0
LINE
  5
23C7
330
1F
100
AcDbEntity
  8
1
  6
CONTINUOUS
370
50
 62
4
100
AcDbLine
 10
38.483063
 20
0.655308
 30
0.0
 11
38.51700599999999
 21
0.736255
 31
0.0
  0
LINE
  5
23C8
330
1F
100
AcDbEntity
  8
1
  6
CONTINUOUS
370
50
 62
4
100
AcDbLine
 10
40.426117
 20
-3.177464
 30
0.0
 11
40.458485
 21
-3.100004
 31
0.0
  0
LINE
  5
23C9
330
1F
100
AcDbEntity
  8
1
  6
CONTINUOUS
370
50
 62
4
100
AcDbLine
 10
37.524746
 20
-2.67959
 30
0.0
 11
37.563015
 21
-2.587785
 31
0.0
  0
LINE
  5
23CA
330
1F
100
AcDbEntity
  8
1
  6
CONTINUOUS
370
50
 62
4
100
AcDbLine
 10
39.466801
 20
-2.993515
 30
0.0
 11
39.501068
 21
-2.911134
 31
0.0
  0
LINE
  5
23CB
330
1F
100
AcDbEntity
  8
1
  6
CONTINUOUS
370
50
 62
4
100
AcDbLine
 10
38.506889
 20
-2.810378
 30
0.0
 11
38.54454399999999
 21
-2.719283
 31
0.0
  0
LINE
  5
23CC
330
1F
100
AcDbEntity
  8
1
  6
CONTINUOUS
370
50
 62
4
100
AcDbLine
 10
36.439449
 20
0.435016
 30
0.0
 11
36.471889
 21
0.513818
 31
0.0
  0
LINE
  5
23CD
330
1F
100
AcDbEntity
  8
1
  6
CONTINUOUS
370
50
 62
4
100
AcDbLine
 10
35.424282
 20
0.349246
 30
0.0
 11
35.446346
 21
0.403242
 31
0.0
  0
LINE
  5
23CE
330
1F
100
AcDbEntity
  8
1
  6
CONTINUOUS
370
50
 62
4
100
AcDbLine
 10
40.458485
 20
-3.100004
 30
0.0
 11
40.491493
 21
-3.018631
 31
0.0
  0
LINE
  5
23CF
330
1F
100
AcDbEntity
  8
1
  6
CONTINUOUS
370
50
 62
4
100
AcDbLine
 10
39.501068
 20
-2.911134
 30
0.0
 11
39.535858
 21
-2.825161
 31
0.0
  0
LINE
  5
23D0
330
1F
100
AcDbEntity
  8
1
  6
CONTINUOUS
370
50
 62
4
100
AcDbLine
 10
21.313345
 20
1.300075
 30
0.0
 11
21.344379
 21
1.376938
 31
0.0
  0
LINE
  5
23D1
330
1F
100
AcDbEntity
  8
1
  6
CONTINUOUS
370
50
 62
4
100
AcDbLine
 10
38.54454399999999
 20
-2.719283
 30
0.0
 11
38.582703
 21
-2.624434
 31
0.0
  0
LINE
  5
23D2
330
1F
100
AcDbEntity
  8
1
  6
CONTINUOUS
370
50
 62
4
100
AcDbLine
 10
37.433529
 20
0.472357
 30
0.0
 11
37.476044
 21
0.578425
 31
0.0
  0
LINE
  5
23D3
330
1F
100
AcDbEntity
  8
1
  6
CONTINUOUS
370
50
 62
4
100
AcDbLine
 10
40.491493
 20
0.820082
 30
0.0
 11
40.525135
 21
0.9046329999999999
 31
0.0
  0
LINE
  5
23D4
330
1F
100
AcDbEntity
  8
1
  6
CONTINUOUS
370
50
 62
4
100
AcDbLine
 10
35.402374
 20
0.293996
 30
0.0
 11
35.424282
 21
0.349246
 31
0.0
  0
LINE
  5
23D5
330
1F
100
AcDbEntity
  8
1
  6
CONTINUOUS
370
50
 62
4
100
AcDbLine
 10
38.449562
 20
0.57079
 30
0.0
 11
38.483063
 21
0.655308
 31
0.0
  0
LINE
  5
23D6
330
1F
100
AcDbEntity
  8
1
  6
CONTINUOUS
370
50
 62
4
100
AcDbLine
 10
40.491493
 20
-3.018631
 30
0.0
 11
40.525135
 21
-2.933462
 31
0.0
  0
LINE
  5
23D7
330
1F
100
AcDbEntity
  8
1
  6
CONTINUOUS
370
50
 62
4
100
AcDbLine
 10
39.535858
 20
-2.825161
 30
0.0
 11
39.571133
 21
-2.735831
 31
0.0
  0
LINE
  5
23D8
330
1F
100
AcDbEntity
  8
1
  6
CONTINUOUS
370
50
 62
4
100
AcDbLine
 10
39.466801
 20
0.680012
 30
0.0
 11
39.501068
 21
0.766813
 31
0.0
  0
LINE
  5
23D9
330
1F
100
AcDbEntity
  8
1
  6
CONTINUOUS
370
50
 62
4
100
AcDbLine
 10
19.259436
 20
1.000547
 30
0.0
 11
19.291798
 21
1.082578
 31
0.0
  0
LINE
  5
23DA
330
1F
100
AcDbEntity
  8
1
  6
CONTINUOUS
370
50
 62
4
100
AcDbLine
 10
36.407372
 20
0.353344
 30
0.0
 11
36.439449
 21
0.435016
 31
0.0
  0
LINE
  5
23DB
330
1F
100
AcDbEntity
  8
1
  6
CONTINUOUS
370
50
 62
4
100
AcDbLine
 10
38.582703
 20
-2.624434
 30
0.0
 11
38.621346
 21
-2.525995
 31
0.0
  0
LINE
  5
23DC
330
1F
100
AcDbEntity
  8
1
  6
CONTINUOUS
370
50
 62
4
100
AcDbLine
 10
34.376453
 20
0.184956
 30
0.0
 11
34.388012
 21
0.214694
 31
0.0
  0
LINE
  5
23DD
330
1F
100
AcDbEntity
  8
1
  6
CONTINUOUS
370
50
 62
4
100
AcDbLine
 10
19.196678
 20
-3.246827
 30
0.0
 11
19.227726
 21
-3.16678
 31
0.0
  0
LINE
  5
23DE
330
1F
100
AcDbEntity
  8
1
  6
CONTINUOUS
370
50
 62
4
100
AcDbLine
 10
17.830542
 20
0.823469
 30
0.0
 11
17.83592
 21
0.8373499999999999
 31
0.0
  0
LINE
  5
23DF
330
1F
100
AcDbEntity
  8
1
  6
CONTINUOUS
370
50
 62
4
100
AcDbLine
 10
39.571133
 20
-2.735831
 30
0.0
 11
39.606873
 21
-2.643291
 31
0.0
  0
LINE
  5
23E0
330
1F
100
AcDbEntity
  8
1
  6
CONTINUOUS
370
50
 62
4
100
AcDbLine
 10
16.311571
 20
-3.306818
 30
0.0
 11
16.316132
 21
-3.294998
 31
0.0
  0
LINE
  5
23E1
330
1F
100
AcDbEntity
  8
1
  6
CONTINUOUS
370
50
 62
4
100
AcDbLine
 10
40.525135
 20
-2.933462
 30
0.0
 11
40.559399
 21
-2.844621
 31
0.0
  0
LINE
  5
23E2
330
1F
100
AcDbEntity
  8
1
  6
CONTINUOUS
370
50
 62
4
100
AcDbLine
 10
35.380627
 20
0.237523
 30
0.0
 11
35.402374
 21
0.293996
 31
0.0
  0
LINE
  5
23E3
330
1F
100
AcDbEntity
  8
1
  6
CONTINUOUS
370
50
 62
4
100
AcDbLine
 10
34.364941
 20
0.1549
 30
0.0
 11
34.376453
 21
0.184956
 31
0.0
  0
LINE
  5
23E4
330
1F
100
AcDbEntity
  8
1
  6
CONTINUOUS
370
50
 62
4
100
AcDbLine
 10
20.255013
 20
1.063639
 30
0.0
 11
20.304098
 21
1.193277
 31
0.0
  0
LINE
  5
23E5
330
1F
100
AcDbEntity
  8
1
  6
CONTINUOUS
370
50
 62
4
100
AcDbLine
 10
19.227726
 20
-3.16678
 30
0.0
 11
19.259436
 21
-3.083005
 31
0.0
  0
LINE
  5
23E6
330
1F
100
AcDbEntity
  8
1
  6
CONTINUOUS
370
50
 62
4
100
AcDbLine
 10
39.606873
 20
-2.643291
 30
0.0
 11
39.643059
 21
-2.547688
 31
0.0
  0
LINE
  5
23E7
330
1F
100
AcDbEntity
  8
1
  6
CONTINUOUS
370
50
 62
4
100
AcDbLine
 10
34.353466
 20
0.124529
 30
0.0
 11
34.364941
 21
0.1549
 31
0.0
  0
LINE
  5
23E8
330
1F
100
AcDbEntity
  8
1
  6
CONTINUOUS
370
50
 62
4
100
AcDbLine
 10
40.559399
 20
-2.844621
 30
0.0
 11
40.594193
 21
-2.752461
 31
0.0
  0
LINE
  5
23E9
330
1F
100
AcDbEntity
  8
1
  6
CONTINUOUS
370
50
 62
4
100
AcDbLine
 10
37.391697
 20
0.361084
 30
0.0
 11
37.433529
 21
0.472357
 31
0.0
  0
LINE
  5
23EA
330
1F
100
AcDbEntity
  8
1
  6
CONTINUOUS
370
50
 62
4
100
AcDbLine
 10
38.41652699999999
 20
0.482839
 30
0.0
 11
38.449562
 21
0.57079
 31
0.0
  0
LINE
  5
23EB
330
1F
100
AcDbEntity
  8
1
  6
CONTINUOUS
370
50
 62
4
100
AcDbLine
 10
36.37566
 20
0.268897
 30
0.0
 11
36.407372
 21
0.353344
 31
0.0
  0
LINE
  5
23EC
330
1F
100
AcDbEntity
  8
1
  6
CONTINUOUS
370
50
 62
4
100
AcDbLine
 10
35.359039
 20
0.179856
 30
0.0
 11
35.380627
 21
0.237523
 31
0.0
  0
LINE
  5
23ED
330
1F
100
AcDbEntity
  8
1
  6
CONTINUOUS
370
50
 62
4
100
AcDbLine
 10
40.458485
 20
0.7318129999999999
 30
0.0
 11
40.491493
 21
0.820082
 31
0.0
  0
LINE
  5
23EE
330
1F
100
AcDbEntity
  8
1
  6
CONTINUOUS
370
50
 62
4
100
AcDbLine
 10
34.342037
 20
0.09385
 30
0.0
 11
34.353466
 21
0.124529
 31
0.0
  0
LINE
  5
23EF
330
1F
100
AcDbEntity
  8
1
  6
CONTINUOUS
370
50
 62
4
100
AcDbLine
 10
33.328419
 20
0.020402
 30
0.0
 11
33.329681
 21
0.023791
 31
0.0
  0
LINE
  5
23F0
330
1F
100
AcDbEntity
  8
1
  6
CONTINUOUS
370
50
 62
4
100
AcDbLine
 10
39.433159
 20
0.589644
 30
0.0
 11
39.466801
 21
0.680012
 31
0.0
  0
LINE
  5
23F1
330
1F
100
AcDbEntity
  8
1
  6
CONTINUOUS
370
50
 62
4
100
AcDbLine
 10
39.643059
 20
-2.547688
 30
0.0
 11
39.67968
 21
-2.449172
 31
0.0
  0
LINE
  5
23F2
330
1F
100
AcDbEntity
  8
1
  6
CONTINUOUS
370
50
 62
4
100
AcDbLine
 10
14.278136
 20
2.046884
 30
0.0
 11
14.294871
 21
2.09196
 31
0.0
  0
LINE
  5
23F3
330
1F
100
AcDbEntity
  8
1
  6
CONTINUOUS
370
50
 62
4
100
AcDbLine
 10
33.32716
 20
0.01701
 30
0.0
 11
33.328419
 21
0.020402
 31
0.0
  0
LINE
  5
23F4
330
1F
100
AcDbEntity
  8
1
  6
CONTINUOUS
370
50
 62
4
100
AcDbLine
 10
33.325901
 20
0.013614
 30
0.0
 11
33.32716
 21
0.01701
 31
0.0
  0
LINE
  5
23F5
330
1F
100
AcDbEntity
  8
1
  6
CONTINUOUS
370
50
 62
4
100
AcDbLine
 10
40.594193
 20
-2.752461
 30
0.0
 11
40.629467
 21
-2.657242
 31
0.0
  0
LINE
  5
23F6
330
1F
100
AcDbEntity
  8
1
  6
CONTINUOUS
370
50
 62
4
100
AcDbLine
 10
33.324642
 20
0.010215
 30
0.0
 11
33.325901
 21
0.013614
 31
0.0
  0
LINE
  5
23F7
330
1F
100
AcDbEntity
  8
1
  6
CONTINUOUS
370
50
 62
4
100
AcDbLine
 10
19.259436
 20
-3.083005
 30
0.0
 11
19.291798
 21
-2.995635
 31
0.0
  0
LINE
  5
23F8
330
1F
100
AcDbEntity
  8
1
  6
CONTINUOUS
370
50
 62
4
100
AcDbLine
 10
33.323383
 20
0.006813
 30
0.0
 11
33.324642
 21
0.010215
 31
0.0
  0
LINE
  5
23F9
330
1F
100
AcDbEntity
  8
1
  6
CONTINUOUS
370
50
 62
4
100
AcDbLine
 10
33.320869
 20
-0.000003
 30
0.0
 11
33.322128
 21
0.003407
 31
0.0
  0
LINE
  5
23FA
330
1F
100
AcDbEntity
  8
1
  6
CONTINUOUS
370
50
 62
4
100
AcDbLine
 10
19.227726
 20
0.914644
 30
0.0
 11
19.259436
 21
1.000547
 31
0.0
  0
LINE
  5
23FB
330
1F
100
AcDbEntity
  8
1
  6
CONTINUOUS
370
50
 62
4
100
AcDbLine
 10
33.322128
 20
0.003407
 30
0.0
 11
33.323383
 21
0.006813
 31
0.0
  0
LINE
  5
23FC
330
1F
100
AcDbEntity
  8
1
  6
CONTINUOUS
370
50
 62
4
100
AcDbLine
 10
34.33065
 20
0.062865
 30
0.0
 11
34.342037
 21
0.09385
 31
0.0
  0
LINE
  5
23FD
330
1F
100
AcDbEntity
  8
1
  6
CONTINUOUS
370
50
 62
4
100
AcDbLine
 10
40.629467
 20
-2.657242
 30
0.0
 11
40.665207
 21
-2.559122
 31
0.0
  0
LINE
  5
23FE
330
1F
100
AcDbEntity
  8
1
  6
CONTINUOUS
370
50
 62
4
100
AcDbLine
 10
35.33762
 20
0.121027
 30
0.0
 11
35.359039
 21
0.179856
 31
0.0
  0
LINE
  5
23FF
330
1F
100
AcDbEntity
  8
1
  6
CONTINUOUS
370
50
 62
4
100
AcDbLine
 10
19.291798
 20
-2.995635
 30
0.0
 11
19.324804
 21
-2.904803
 31
0.0
  0
LINE
  5
2400
330
1F
100
AcDbEntity
  8
1
  6
CONTINUOUS
370
50
 62
4
100
AcDbLine
 10
34.319309
 20
0.031579
 30
0.0
 11
34.33065
 21
0.062865
 31
0.0
  0
LINE
  5
2401
330
1F
100
AcDbEntity
  8
1
  6
CONTINUOUS
370
50
 62
4
100
AcDbLine
 10
33.285126
 20
-0.098978
 30
0.0
 11
33.320869
 21
-0.000003
 31
0.0
  0
LINE
  5
2402
330
1F
100
AcDbEntity
  8
1
  6
CONTINUOUS
370
50
 62
4
100
AcDbLine
 10
36.34433
 20
0.181767
 30
0.0
 11
36.37566
 21
0.268897
 31
0.0
  0
LINE
  5
2403
330
1F
100
AcDbEntity
  8
1
  6
CONTINUOUS
370
50
 62
4
100
AcDbLine
 10
40.665207
 20
-2.559122
 30
0.0
 11
40.701393
 21
-2.458256
 31
0.0
  0
LINE
  5
2404
330
1F
100
AcDbEntity
  8
1
  6
CONTINUOUS
370
50
 62
4
100
AcDbLine
 10
20.255013
 20
-3.17666
 30
0.0
 11
20.28606
 21
-3.090115
 31
0.0
  0
LINE
  5
2405
330
1F
100
AcDbEntity
  8
1
  6
CONTINUOUS
370
50
 62
4
100
AcDbLine
 10
34.30801
 20
-0.000002
 30
0.0
 11
34.319309
 21
0.031579
 31
0.0
  0
LINE
  5
2406
330
1F
100
AcDbEntity
  8
1
  6
CONTINUOUS
370
50
 62
4
100
AcDbLine
 10
19.324804
 20
-2.904803
 30
0.0
 11
19.358448
 21
-2.810641
 31
0.0
  0
LINE
  5
2407
330
1F
100
AcDbEntity
  8
1
  6
CONTINUOUS
370
50
 62
4
100
AcDbLine
 10
38.384056
 20
0.391809
 30
0.0
 11
38.41652699999999
 21
0.482839
 31
0.0
  0
LINE
  5
2408
330
1F
100
AcDbEntity
  8
1
  6
CONTINUOUS
370
50
 62
4
100
AcDbLine
 10
35.316368
 20
0.061065
 30
0.0
 11
35.33762
 21
0.121027
 31
0.0
  0
LINE
  5
2409
330
1F
100
AcDbEntity
  8
1
  6
CONTINUOUS
370
50
 62
4
100
AcDbLine
 10
40.701393
 20
-2.458256
 30
0.0
 11
40.73801
 21
-2.354802
 31
0.0
  0
LINE
  5
240A
330
1F
100
AcDbEntity
  8
1
  6
CONTINUOUS
370
50
 62
4
100
AcDbLine
 10
37.350601
 20
0.244898
 30
0.0
 11
37.391697
 21
0.361084
 31
0.0
  0
LINE
  5
240B
330
1F
100
AcDbEntity
  8
1
  6
CONTINUOUS
370
50
 62
4
100
AcDbLine
 10
40.426117
 20
0.639965
 30
0.0
 11
40.458485
 21
0.7318129999999999
 31
0.0
  0
LINE
  5
240C
330
1F
100
AcDbEntity
  8
1
  6
CONTINUOUS
370
50
 62
4
100
AcDbLine
 10
20.28606
 20
-3.090115
 30
0.0
 11
20.317768
 21
-3.000122
 31
0.0
  0
LINE
  5
240D
330
1F
100
AcDbEntity
  8
1
  6
CONTINUOUS
370
50
 62
4
100
AcDbLine
 10
39.400146
 20
0.495865
 30
0.0
 11
39.433159
 21
0.589644
 31
0.0
  0
LINE
  5
240E
330
1F
100
AcDbEntity
  8
1
  6
CONTINUOUS
370
50
 62
4
100
AcDbLine
 10
19.358448
 20
-2.810641
 30
0.0
 11
19.392714
 21
-2.713296
 31
0.0
  0
LINE
  5
240F
330
1F
100
AcDbEntity
  8
1
  6
CONTINUOUS
370
50
 62
4
100
AcDbLine
 10
32.234703
 20
-0.274503
 30
0.0
 11
32.271347
 21
-0.169636
 31
0.0
  0
LINE
  5
2410
330
1F
100
AcDbEntity
  8
1
  6
CONTINUOUS
370
50
 62
4
100
AcDbLine
 10
33.249802
 20
-0.200621
 30
0.0
 11
33.285126
 21
-0.098978
 31
0.0
  0
LINE
  5
2411
330
1F
100
AcDbEntity
  8
1
  6
CONTINUOUS
370
50
 62
4
100
AcDbLine
 10
19.392714
 20
-2.713296
 30
0.0
 11
19.427507
 21
-2.613171
 31
0.0
  0
LINE
  5
2412
330
1F
100
AcDbEntity
  8
1
  6
CONTINUOUS
370
50
 62
4
100
AcDbLine
 10
20.317768
 20
-3.000122
 30
0.0
 11
20.35013
 21
-2.906821
 31
0.0
  0
LINE
  5
2413
330
1F
100
AcDbEntity
  8
1
  6
CONTINUOUS
370
50
 62
4
100
AcDbLine
 10
19.196678
 20
0.824989
 30
0.0
 11
19.227726
 21
0.914644
 31
0.0
  0
LINE
  5
2414
330
1F
100
AcDbEntity
  8
1
  6
CONTINUOUS
370
50
 62
4
100
AcDbLine
 10
34.263264
 20
-0.129235
 30
0.0
 11
34.30801
 21
-0.000002
 31
0.0
  0
LINE
  5
2415
330
1F
100
AcDbEntity
  8
1
  6
CONTINUOUS
370
50
 62
4
100
AcDbLine
 10
35.295288
 20
-0.000001
 30
0.0
 11
35.316368
 21
0.061065
 31
0.0
  0
LINE
  5
2416
330
1F
100
AcDbEntity
  8
1
  6
CONTINUOUS
370
50
 62
4
100
AcDbLine
 10
36.313393
 20
0.092048
 30
0.0
 11
36.34433
 21
0.181767
 31
0.0
  0
LINE
  5
2417
330
1F
100
AcDbEntity
  8
1
  6
CONTINUOUS
370
50
 62
4
100
AcDbLine
 10
19.427507
 20
-2.613171
 30
0.0
 11
19.462784
 21
-2.510524
 31
0.0
  0
LINE
  5
2418
330
1F
100
AcDbEntity
  8
1
  6
CONTINUOUS
370
50
 62
4
100
AcDbLine
 10
20.35013
 20
-2.906821
 30
0.0
 11
20.383137
 21
-2.810355
 31
0.0
  0
LINE
  5
2419
330
1F
100
AcDbEntity
  8
1
  6
CONTINUOUS
370
50
 62
4
100
AcDbLine
 10
19.462784
 20
-2.510524
 30
0.0
 11
19.498524
 21
-2.40552
 31
0.0
  0
LINE
  5
241A
330
1F
100
AcDbEntity
  8
1
  6
CONTINUOUS
370
50
 62
4
100
AcDbLine
 10
38.352173
 20
0.297875
 30
0.0
 11
38.384056
 21
0.391809
 31
0.0
  0
LINE
  5
241B
330
1F
100
AcDbEntity
  8
1
  6
CONTINUOUS
370
50
 62
4
100
AcDbLine
 10
20.383137
 20
-2.810355
 30
0.0
 11
20.416779
 21
-2.710866
 31
0.0
  0
LINE
  5
241C
330
1F
100
AcDbEntity
  8
1
  6
CONTINUOUS
370
50
 62
4
100
AcDbLine
 10
19.498524
 20
-2.40552
 30
0.0
 11
19.534718
 21
-2.298324
 31
0.0
  0
LINE
  5
241D
330
1F
100
AcDbEntity
  8
1
  6
CONTINUOUS
370
50
 62
4
100
AcDbLine
 10
32.198502
 20
-0.381865
 30
0.0
 11
32.234703
 21
-0.274503
 31
0.0
  0
LINE
  5
241E
330
1F
100
AcDbEntity
  8
1
  6
CONTINUOUS
370
50
 62
4
100
AcDbLine
 10
31.176369
 20
-0.474364
 30
0.0
 11
31.213013
 21
-0.365613
 31
0.0
  0
LINE
  5
241F
330
1F
100
AcDbEntity
  8
1
  6
CONTINUOUS
370
50
 62
4
100
AcDbLine
 10
19.534718
 20
-2.298324
 30
0.0
 11
19.571346
 21
-2.189102
 31
0.0
  0
LINE
  5
2420
330
1F
100
AcDbEntity
  8
1
  6
CONTINUOUS
370
50
 62
4
100
AcDbLine
 10
21.313345
 20
-3.087442
 30
0.0
 11
21.344379
 21
-2.994871
 31
0.0
  0
LINE
  5
2421
330
1F
100
AcDbEntity
  8
1
  6
CONTINUOUS
370
50
 62
4
100
AcDbLine
 10
33.214916
 20
-0.304787
 30
0.0
 11
33.249802
 21
-0.200621
 31
0.0
  0
LINE
  5
2422
330
1F
100
AcDbEntity
  8
1
  6
CONTINUOUS
370
50
 62
4
100
AcDbLine
 10
20.416779
 20
-2.710866
 30
0.0
 11
20.451044
 21
-2.608507
 31
0.0
  0
LINE
  5
2423
330
1F
100
AcDbEntity
  8
1
  6
CONTINUOUS
370
50
 62
4
100
AcDbLine
 10
37.310387
 20
0.12443
 30
0.0
 11
37.350601
 21
0.244898
 31
0.0
  0
LINE
  5
2424
330
1F
100
AcDbEntity
  8
1
  6
CONTINUOUS
370
50
 62
4
100
AcDbLine
 10
35.261612
 20
-0.100891
 30
0.0
 11
35.295288
 21
-0.000001
 31
0.0
  0
LINE
  5
2425
330
1F
100
AcDbEntity
  8
1
  6
CONTINUOUS
370
50
 62
4
100
AcDbLine
 10
39.367783
 20
0.39882
 30
0.0
 11
39.400146
 21
0.495865
 31
0.0
  0
LINE
  5
2426
330
1F
100
AcDbEntity
  8
1
  6
CONTINUOUS
370
50
 62
4
100
AcDbLine
 10
40.394402
 20
0.544675
 30
0.0
 11
40.426117
 21
0.639965
 31
0.0
  0
LINE
  5
2427
330
1F
100
AcDbEntity
  8
1
  6
CONTINUOUS
370
50
 62
4
100
AcDbLine
 10
20.451044
 20
-2.608507
 30
0.0
 11
20.48584
 21
-2.503694
 31
0.0
  0
LINE
  5
2428
330
1F
100
AcDbEntity
  8
1
  6
CONTINUOUS
370
50
 62
4
100
AcDbLine
 10
21.344379
 20
-2.994871
 30
0.0
 11
21.376078
 21
-2.899163
 31
0.0
  0
LINE
  5
2429
330
1F
100
AcDbEntity
  8
1
  6
CONTINUOUS
370
50
 62
4
100
AcDbLine
 10
36.282909
 20
0.0
 30
0.0
 11
36.313393
 21
0.092048
 31
0.0
  0
LINE
  5
242A
330
1F
100
AcDbEntity
  8
1
  6
CONTINUOUS
370
50
 62
4
100
AcDbLine
 10
20.48584
 20
-2.503694
 30
0.0
 11
20.521116
 21
-2.396706
 31
0.0
  0
LINE
  5
242B
330
1F
100
AcDbEntity
  8
1
  6
CONTINUOUS
370
50
 62
4
100
AcDbLine
 10
34.219265
 20
-0.262841
 30
0.0
 11
34.263264
 21
-0.129235
 31
0.0
  0
LINE
  5
242C
330
1F
100
AcDbEntity
  8
1
  6
CONTINUOUS
370
50
 62
4
100
AcDbLine
 10
12.597631
 20
-0.876262
 30
0.0
 11
12.612263
 21
-0.831704
 31
0.0
  0
LINE
  5
242D
330
1F
100
AcDbEntity
  8
1
  6
CONTINUOUS
370
50
 62
4
100
AcDbLine
 10
20.521116
 20
-2.396706
 30
0.0
 11
20.556858
 21
-2.287715
 31
0.0
  0
LINE
  5
242E
330
1F
100
AcDbEntity
  8
1
  6
CONTINUOUS
370
50
 62
4
100
AcDbLine
 10
21.376078
 20
-2.899163
 30
0.0
 11
21.408432
 21
-2.800467
 31
0.0
  0
LINE
  5
242F
330
1F
100
AcDbEntity
  8
1
  6
CONTINUOUS
370
50
 62
4
100
AcDbLine
 10
30.118034
 20
-0.6760459999999999
 30
0.0
 11
30.15468
 21
-0.5639259999999999
 31
0.0
  0
LINE
  5
2430
330
1F
100
AcDbEntity
  8
1
  6
CONTINUOUS
370
50
 62
4
100
AcDbLine
 10
20.556858
 20
-2.287715
 30
0.0
 11
20.593048
 21
-2.176893
 31
0.0
  0
LINE
  5
2431
330
1F
100
AcDbEntity
  8
1
  6
CONTINUOUS
370
50
 62
4
100
AcDbLine
 10
31.140165
 20
-0.585266
 30
0.0
 11
31.176369
 21
-0.474364
 31
0.0
  0
LINE
  5
2432
330
1F
100
AcDbEntity
  8
1
  6
CONTINUOUS
370
50
 62
4
100
AcDbLine
 10
32.162754
 20
-0.491562
 30
0.0
 11
32.198502
 21
-0.381865
 31
0.0
  0
LINE
  5
2433
330
1F
100
AcDbEntity
  8
1
  6
CONTINUOUS
370
50
 62
4
100
AcDbLine
 10
20.593048
 20
-2.176893
 30
0.0
 11
20.629675
 21
-2.064413
 31
0.0
  0
LINE
  5
2434
330
1F
100
AcDbEntity
  8
1
  6
CONTINUOUS
370
50
 62
4
100
AcDbLine
 10
21.408432
 20
-2.800467
 30
0.0
 11
21.441433
 21
-2.698933
 31
0.0
  0
LINE
  5
2435
330
1F
100
AcDbEntity
  8
1
  6
CONTINUOUS
370
50
 62
4
100
AcDbLine
 10
38.320877
 20
0.201173
 30
0.0
 11
38.352173
 21
0.297875
 31
0.0
  0
LINE
  5
2436
330
1F
100
AcDbEntity
  8
1
  6
CONTINUOUS
370
50
 62
4
100
AcDbLine
 10
33.180485
 20
-0.411332
 30
0.0
 11
33.214916
 21
-0.304787
 31
0.0
  0
LINE
  5
2437
330
1F
100
AcDbEntity
  8
1
  6
CONTINUOUS
370
50
 62
4
100
AcDbLine
 10
21.441433
 20
-2.698933
 30
0.0
 11
21.475073
 21
-2.59471
 31
0.0
  0
LINE
  5
2438
330
1F
100
AcDbEntity
  8
1
  6
CONTINUOUS
370
50
 62
4
100
AcDbLine
 10
21.475073
 20
-2.59471
 30
0.0
 11
21.509338
 21
-2.487965
 31
0.0
  0
LINE
  5
2439
330
1F
100
AcDbEntity
  8
1
  6
CONTINUOUS
370
50
 62
4
100
AcDbLine
 10
35.228443
 20
-0.204322
 30
0.0
 11
35.261612
 21
-0.100891
 31
0.0
  0
LINE
  5
243A
330
1F
100
AcDbEntity
  8
1
  6
CONTINUOUS
370
50
 62
4
100
AcDbLine
 10
36.260178
 20
-0.071037
 30
0.0
 11
36.282909
 21
0.0
 31
0.0
  0
LINE
  5
243B
330
1F
100
AcDbEntity
  8
1
  6
CONTINUOUS
370
50
 62
4
100
AcDbLine
 10
21.509338
 20
-2.487965
 30
0.0
 11
21.544136
 21
-2.379139
 31
0.0
  0
LINE
  5
243C
330
1F
100
AcDbEntity
  8
1
  6
CONTINUOUS
370
50
 62
4
100
AcDbLine
 10
29.059717
 20
-0.877301
 30
0.0
 11
29.096346
 21
-0.762644
 31
0.0
  0
LINE
  5
243D
330
1F
100
AcDbEntity
  8
1
  6
CONTINUOUS
370
50
 62
4
100
AcDbLine
 10
21.544136
 20
-2.379139
 30
0.0
 11
21.579416
 21
-2.268514
 31
0.0
  0
LINE
  5
243E
330
1F
100
AcDbEntity
  8
1
  6
CONTINUOUS
370
50
 62
4
100
AcDbLine
 10
21.651369
 20
-2.042558
 30
0.0
 11
21.688013
 21
-1.927577
 31
0.0
  0
LINE
  5
243F
330
1F
100
AcDbEntity
  8
1
  6
CONTINUOUS
370
50
 62
4
100
AcDbLine
 10
21.579416
 20
-2.268514
 30
0.0
 11
21.615166
 21
-2.156261
 31
0.0
  0
LINE
  5
2440
330
1F
100
AcDbEntity
  8
1
  6
CONTINUOUS
370
50
 62
4
100
AcDbLine
 10
21.615166
 20
-2.156261
 30
0.0
 11
21.651369
 21
-2.042558
 31
0.0
  0
LINE
  5
2441
330
1F
100
AcDbEntity
  8
1
  6
CONTINUOUS
370
50
 62
4
100
AcDbLine
 10
30.081831
 20
-0.7899499999999999
 30
0.0
 11
30.118034
 21
-0.6760459999999999
 31
0.0
  0
LINE
  5
2442
330
1F
100
AcDbEntity
  8
1
  6
CONTINUOUS
370
50
 62
4
100
AcDbLine
 10
22.371679
 20
-2.98276
 30
0.0
 11
22.402714
 21
-2.884818
 31
0.0
  0
LINE
  5
2443
330
1F
100
AcDbEntity
  8
1
  6
CONTINUOUS
370
50
 62
4
100
AcDbLine
 10
17.83592
 20
0.8373499999999999
 30
0.0
 11
17.840527
 21
0.8518899999999999
 31
0.0
  0
LINE
  5
2444
330
1F
100
AcDbEntity
  8
1
  6
CONTINUOUS
370
50
 62
4
100
AcDbLine
 10
31.104416
 20
-0.6981499999999999
 30
0.0
 11
31.140165
 21
-0.585266
 31
0.0
  0
LINE
  5
2445
330
1F
100
AcDbEntity
  8
1
  6
CONTINUOUS
370
50
 62
4
100
AcDbLine
 10
39.336067
 20
0.298655
 30
0.0
 11
39.367783
 21
0.39882
 31
0.0
  0
LINE
  5
2446
330
1F
100
AcDbEntity
  8
1
  6
CONTINUOUS
370
50
 62
4
100
AcDbLine
 10
37.271088
 20
0.000001
 30
0.0
 11
37.310387
 21
0.12443
 31
0.0
  0
LINE
  5
2447
330
1F
100
AcDbEntity
  8
1
  6
CONTINUOUS
370
50
 62
4
100
AcDbLine
 10
32.127476
 20
-0.603433
 30
0.0
 11
32.162754
 21
-0.491562
 31
0.0
  0
LINE
  5
2448
330
1F
100
AcDbEntity
  8
1
  6
CONTINUOUS
370
50
 62
4
100
AcDbLine
 10
40.363346
 20
0.446081
 30
0.0
 11
40.394402
 21
0.544675
 31
0.0
  0
LINE
  5
2449
330
1F
100
AcDbEntity
  8
1
  6
CONTINUOUS
370
50
 62
4
100
AcDbLine
 10
22.402714
 20
-2.884818
 30
0.0
 11
22.434414
 21
-2.784069
 31
0.0
  0
LINE
  5
244A
330
1F
100
AcDbEntity
  8
1
  6
CONTINUOUS
370
50
 62
4
100
AcDbLine
 10
28.001383
 20
-1.069681
 30
0.0
 11
28.038013
 21
-0.953252
 31
0.0
  0
LINE
  5
244B
330
1F
100
AcDbEntity
  8
1
  6
CONTINUOUS
370
50
 62
4
100
AcDbLine
 10
22.709705
 20
-1.899984
 30
0.0
 11
22.746346
 21
-1.783273
 31
0.0
  0
LINE
  5
244C
330
1F
100
AcDbEntity
  8
1
  6
CONTINUOUS
370
50
 62
4
100
AcDbLine
 10
34.176075
 20
-0.400447
 30
0.0
 11
34.219265
 21
-0.262841
 31
0.0
  0
LINE
  5
244D
330
1F
100
AcDbEntity
  8
1
  6
CONTINUOUS
370
50
 62
4
100
AcDbLine
 10
22.434414
 20
-2.784069
 30
0.0
 11
22.466768
 21
-2.68067
 31
0.0
  0
LINE
  5
244E
330
1F
100
AcDbEntity
  8
1
  6
CONTINUOUS
370
50
 62
4
100
AcDbLine
 10
22.673502
 20
-2.015805
 30
0.0
 11
22.709705
 21
-1.899984
 31
0.0
  0
LINE
  5
244F
330
1F
100
AcDbEntity
  8
1
  6
CONTINUOUS
370
50
 62
4
100
AcDbLine
 10
33.146515
 20
-0.520111
 30
0.0
 11
33.180485
 21
-0.411332
 31
0.0
  0
LINE
  5
2450
330
1F
100
AcDbEntity
  8
1
  6
CONTINUOUS
370
50
 62
4
100
AcDbLine
 10
29.023523
 20
-0.9933529999999999
 30
0.0
 11
29.059717
 21
-0.877301
 31
0.0
  0
LINE
  5
2451
330
1F
100
AcDbEntity
  8
1
  6
CONTINUOUS
370
50
 62
4
100
AcDbLine
 10
22.466768
 20
-2.68067
 30
0.0
 11
22.499771
 21
-2.574777
 31
0.0
  0
LINE
  5
2452
330
1F
100
AcDbEntity
  8
1
  6
CONTINUOUS
370
50
 62
4
100
AcDbLine
 10
22.637754
 20
-2.130558
 30
0.0
 11
22.673502
 21
-2.015805
 31
0.0
  0
LINE
  5
2453
330
1F
100
AcDbEntity
  8
1
  6
CONTINUOUS
370
50
 62
4
100
AcDbLine
 10
26.943048
 20
-1.252485
 30
0.0
 11
26.979679
 21
-1.134872
 31
0.0
  0
LINE
  5
2454
330
1F
100
AcDbEntity
  8
1
  6
CONTINUOUS
370
50
 62
4
100
AcDbLine
 10
23.768042
 20
-1.74976
 30
0.0
 11
23.80468
 21
-1.631956
 31
0.0
  0
LINE
  5
2455
330
1F
100
AcDbEntity
  8
1
  6
CONTINUOUS
370
50
 62
4
100
AcDbLine
 10
36.23774
 20
-0.143211
 30
0.0
 11
36.260178
 21
-0.071037
 31
0.0
  0
LINE
  5
2456
330
1F
100
AcDbEntity
  8
1
  6
CONTINUOUS
370
50
 62
4
100
AcDbLine
 10
22.499771
 20
-2.574777
 30
0.0
 11
22.533413
 21
-2.466547
 31
0.0
  0
LINE
  5
2457
330
1F
100
AcDbEntity
  8
1
  6
CONTINUOUS
370
50
 62
4
100
AcDbLine
 10
22.602476
 20
-2.244068
 30
0.0
 11
22.637754
 21
-2.130558
 31
0.0
  0
LINE
  5
2458
330
1F
100
AcDbEntity
  8
1
  6
CONTINUOUS
370
50
 62
4
100
AcDbLine
 10
22.56768
 20
-2.356157
 30
0.0
 11
22.602476
 21
-2.244068
 31
0.0
  0
LINE
  5
2459
330
1F
100
AcDbEntity
  8
1
  6
CONTINUOUS
370
50
 62
4
100
AcDbLine
 10
22.533413
 20
-2.466547
 30
0.0
 11
22.56768
 21
-2.356157
 31
0.0
  0
LINE
  5
245A
330
1F
100
AcDbEntity
  8
1
  6
CONTINUOUS
370
50
 62
4
100
AcDbLine
 10
24.826376
 20
-1.59197
 30
0.0
 11
24.863012
 21
-1.473668
 31
0.0
  0
LINE
  5
245B
330
1F
100
AcDbEntity
  8
1
  6
CONTINUOUS
370
50
 62
4
100
AcDbLine
 10
30.04608
 20
-0.905465
 30
0.0
 11
30.081831
 21
-0.7899499999999999
 31
0.0
  0
LINE
  5
245C
330
1F
100
AcDbEntity
  8
1
  6
CONTINUOUS
370
50
 62
4
100
AcDbLine
 10
38.290184
 20
0.101837
 30
0.0
 11
38.320877
 21
0.201173
 31
0.0
  0
LINE
  5
245D
330
1F
100
AcDbEntity
  8
1
  6
CONTINUOUS
370
50
 62
4
100
AcDbLine
 10
23.73184
 20
-1.867057
 30
0.0
 11
23.768042
 21
-1.74976
 31
0.0
  0
LINE
  5
245E
330
1F
100
AcDbEntity
  8
1
  6
CONTINUOUS
370
50
 62
4
100
AcDbLine
 10
25.863976
 20
-1.494061
 30
0.0
 11
25.921347
 21
-1.308138
 31
0.0
  0
LINE
  5
245F
330
1F
100
AcDbEntity
  8
1
  6
CONTINUOUS
370
50
 62
4
100
AcDbLine
 10
35.195873
 20
-0.309908
 30
0.0
 11
35.228443
 21
-0.204322
 31
0.0
  0
LINE
  5
2460
330
1F
100
AcDbEntity
  8
1
  6
CONTINUOUS
370
50
 62
4
100
AcDbLine
 10
27.965191
 20
-1.187122
 30
0.0
 11
28.001383
 21
-1.069681
 31
0.0
  0
LINE
  5
2461
330
1F
100
AcDbEntity
  8
1
  6
CONTINUOUS
370
50
 62
4
100
AcDbLine
 10
31.069136
 20
-0.812851
 30
0.0
 11
31.104416
 21
-0.6981499999999999
 31
0.0
  0
LINE
  5
2462
330
1F
100
AcDbEntity
  8
1
  6
CONTINUOUS
370
50
 62
4
100
AcDbLine
 10
23.696095
 20
-1.983668
 30
0.0
 11
23.73184
 21
-1.867057
 31
0.0
  0
LINE
  5
2463
330
1F
100
AcDbEntity
  8
1
  6
CONTINUOUS
370
50
 62
4
100
AcDbLine
 10
24.790178
 20
-1.710146
 30
0.0
 11
24.826376
 21
-1.59197
 31
0.0
  0
LINE
  5
2464
330
1F
100
AcDbEntity
  8
1
  6
CONTINUOUS
370
50
 62
4
100
AcDbLine
 10
26.906855
 20
-1.37073
 30
0.0
 11
26.943048
 21
-1.252485
 31
0.0
  0
LINE
  5
2465
330
1F
100
AcDbEntity
  8
1
  6
CONTINUOUS
370
50
 62
4
100
AcDbLine
 10
32.092678
 20
-0.717317
 30
0.0
 11
32.127476
 21
-0.603433
 31
0.0
  0
LINE
  5
2466
330
1F
100
AcDbEntity
  8
1
  6
CONTINUOUS
370
50
 62
4
100
AcDbLine
 10
37.258991
 20
-0.039672
 30
0.0
 11
37.271088
 21
0.000001
 31
0.0
  0
LINE
  5
2467
330
1F
100
AcDbEntity
  8
1
  6
CONTINUOUS
370
50
 62
4
100
AcDbLine
 10
23.660816
 20
-2.099416
 30
0.0
 11
23.696095
 21
-1.983668
 31
0.0
  0
LINE
  5
2468
330
1F
100
AcDbEntity
  8
1
  6
CONTINUOUS
370
50
 62
4
100
AcDbLine
 10
28.987782
 20
-1.110624
 30
0.0
 11
29.023523
 21
-0.9933529999999999
 31
0.0
  0
LINE
  5
2469
330
1F
100
AcDbEntity
  8
1
  6
CONTINUOUS
370
50
 62
4
100
AcDbLine
 10
23.626022
 20
-2.214122
 30
0.0
 11
23.660816
 21
-2.099416
 31
0.0
  0
LINE
  5
246A
330
1F
100
AcDbEntity
  8
1
  6
CONTINUOUS
370
50
 62
4
100
AcDbLine
 10
24.754435
 20
-1.828017
 30
0.0
 11
24.790178
 21
-1.710146
 31
0.0
  0
LINE
  5
246B
330
1F
100
AcDbEntity
  8
1
  6
CONTINUOUS
370
50
 62
4
100
AcDbLine
 10
36.215595
 20
-0.21647
 30
0.0
 11
36.23774
 21
-0.143211
 31
0.0
  0
LINE
  5
246C
330
1F
100
AcDbEntity
  8
1
  6
CONTINUOUS
370
50
 62
4
100
AcDbLine
 10
23.430012
 20
-2.864026
 30
0.0
 11
23.46105
 21
-2.761334
 31
0.0
  0
LINE
  5
246D
330
1F
100
AcDbEntity
  8
1
  6
CONTINUOUS
370
50
 62
4
100
AcDbLine
 10
23.591755
 20
-2.327508
 30
0.0
 11
23.626022
 21
-2.214122
 31
0.0
  0
LINE
  5
246E
330
1F
100
AcDbEntity
  8
1
  6
CONTINUOUS
370
50
 62
4
100
AcDbLine
 10
27.929449
 20
-1.305397
 30
0.0
 11
27.965191
 21
-1.187122
 31
0.0
  0
LINE
  5
246F
330
1F
100
AcDbEntity
  8
1
  6
CONTINUOUS
370
50
 62
4
100
AcDbLine
 10
33.11306
 20
-0.630852
 30
0.0
 11
33.146515
 21
-0.520111
 31
0.0
  0
LINE
  5
2470
330
1F
100
AcDbEntity
  8
1
  6
CONTINUOUS
370
50
 62
4
100
AcDbLine
 10
25.807705
 20
-1.680354
 30
0.0
 11
25.863976
 21
-1.494061
 31
0.0
  0
LINE
  5
2471
330
1F
100
AcDbEntity
  8
1
  6
CONTINUOUS
370
50
 62
4
100
AcDbLine
 10
30.010799
 20
-1.022419
 30
0.0
 11
30.04608
 21
-0.905465
 31
0.0
  0
LINE
  5
2472
330
1F
100
AcDbEntity
  8
1
  6
CONTINUOUS
370
50
 62
4
100
AcDbLine
 10
23.558111
 20
-2.439098
 30
0.0
 11
23.591755
 21
-2.327508
 31
0.0
  0
LINE
  5
2473
330
1F
100
AcDbEntity
  8
1
  6
CONTINUOUS
370
50
 62
4
100
AcDbLine
 10
23.46105
 20
-2.761334
 30
0.0
 11
23.49275
 21
-2.656173
 31
0.0
  0
LINE
  5
2474
330
1F
100
AcDbEntity
  8
1
  6
CONTINUOUS
370
50
 62
4
100
AcDbLine
 10
26.871111
 20
-1.489427
 30
0.0
 11
26.906855
 21
-1.37073
 31
0.0
  0
LINE
  5
2475
330
1F
100
AcDbEntity
  8
1
  6
CONTINUOUS
370
50
 62
4
100
AcDbLine
 10
23.525106
 20
-2.548707
 30
0.0
 11
23.558111
 21
-2.439098
 31
0.0
  0
LINE
  5
2476
330
1F
100
AcDbEntity
  8
1
  6
CONTINUOUS
370
50
 62
4
100
AcDbLine
 10
39.305012
 20
0.195513
 30
0.0
 11
39.336067
 21
0.298655
 31
0.0
  0
LINE
  5
2477
330
1F
100
AcDbEntity
  8
1
  6
CONTINUOUS
370
50
 62
4
100
AcDbLine
 10
23.49275
 20
-2.656173
 30
0.0
 11
23.525106
 21
-2.548707
 31
0.0
  0
LINE
  5
2478
330
1F
100
AcDbEntity
  8
1
  6
CONTINUOUS
370
50
 62
4
100
AcDbLine
 10
24.719156
 20
-1.945402
 30
0.0
 11
24.754435
 21
-1.828017
 31
0.0
  0
LINE
  5
2479
330
1F
100
AcDbEntity
  8
1
  6
CONTINUOUS
370
50
 62
4
100
AcDbLine
 10
37.246986
 20
-0.079696
 30
0.0
 11
37.258991
 21
-0.039672
 31
0.0
  0
LINE
  5
247A
330
1F
100
AcDbEntity
  8
1
  6
CONTINUOUS
370
50
 62
4
100
AcDbLine
 10
34.133858
 20
-0.5412469999999999
 30
0.0
 11
34.176075
 21
-0.400447
 31
0.0
  0
LINE
  5
247B
330
1F
100
AcDbEntity
  8
1
  6
CONTINUOUS
370
50
 62
4
100
AcDbLine
 10
31.03434
 20
-0.9291999999999999
 30
0.0
 11
31.069136
 21
-0.812851
 31
0.0
  0
LINE
  5
247C
330
1F
100
AcDbEntity
  8
1
  6
CONTINUOUS
370
50
 62
4
100
AcDbLine
 10
28.952507
 20
-1.228938
 30
0.0
 11
28.987782
 21
-1.110624
 31
0.0
  0
LINE
  5
247D
330
1F
100
AcDbEntity
  8
1
  6
CONTINUOUS
370
50
 62
4
100
AcDbLine
 10
24.684364
 20
-2.062123
 30
0.0
 11
24.719156
 21
-1.945402
 31
0.0
  0
LINE
  5
247E
330
1F
100
AcDbEntity
  8
1
  6
CONTINUOUS
370
50
 62
4
100
AcDbLine
 10
35.163902
 20
-0.417487
 30
0.0
 11
35.195873
 21
-0.309908
 31
0.0
  0
LINE
  5
247F
330
1F
100
AcDbEntity
  8
1
  6
CONTINUOUS
370
50
 62
4
100
AcDbLine
 10
27.894173
 20
-1.424328
 30
0.0
 11
27.929449
 21
-1.305397
 31
0.0
  0
LINE
  5
2480
330
1F
100
AcDbEntity
  8
1
  6
CONTINUOUS
370
50
 62
4
100
AcDbLine
 10
26.835836
 20
-1.608398
 30
0.0
 11
26.871111
 21
-1.489427
 31
0.0
  0
LINE
  5
2481
330
1F
100
AcDbEntity
  8
1
  6
CONTINUOUS
370
50
 62
4
100
AcDbLine
 10
32.058411
 20
-0.832951
 30
0.0
 11
32.092678
 21
-0.717317
 31
0.0
  0
LINE
  5
2482
330
1F
100
AcDbEntity
  8
1
  6
CONTINUOUS
370
50
 62
4
100
AcDbLine
 10
25.752596
 20
-1.866322
 30
0.0
 11
25.807705
 21
-1.680354
 31
0.0
  0
LINE
  5
2483
330
1F
100
AcDbEntity
  8
1
  6
CONTINUOUS
370
50
 62
4
100
AcDbLine
 10
24.650095
 20
-2.177902
 30
0.0
 11
24.684364
 21
-2.062123
 31
0.0
  0
LINE
  5
2484
330
1F
100
AcDbEntity
  8
1
  6
CONTINUOUS
370
50
 62
4
100
AcDbLine
 10
38.260098
 20
0.000001
 30
0.0
 11
38.290184
 21
0.101837
 31
0.0
  0
LINE
  5
2485
330
1F
100
AcDbEntity
  8
1
  6
CONTINUOUS
370
50
 62
4
100
AcDbLine
 10
37.235073
 20
-0.120065
 30
0.0
 11
37.246986
 21
-0.079696
 31
0.0
  0
LINE
  5
2486
330
1F
100
AcDbEntity
  8
1
  6
CONTINUOUS
370
50
 62
4
100
AcDbLine
 10
29.976002
 20
-1.140639
 30
0.0
 11
30.010799
 21
-1.022419
 31
0.0
  0
LINE
  5
2487
330
1F
100
AcDbEntity
  8
1
  6
CONTINUOUS
370
50
 62
4
100
AcDbLine
 10
24.616451
 20
-2.292251
 30
0.0
 11
24.650095
 21
-2.177902
 31
0.0
  0
LINE
  5
2488
330
1F
100
AcDbEntity
  8
1
  6
CONTINUOUS
370
50
 62
4
100
AcDbLine
 10
36.193745
 20
-0.290763
 30
0.0
 11
36.215595
 21
-0.21647
 31
0.0
  0
LINE
  5
2489
330
1F
100
AcDbEntity
  8
1
  6
CONTINUOUS
370
50
 62
4
100
AcDbLine
 10
24.583447
 20
-2.40498
 30
0.0
 11
24.616451
 21
-2.292251
 31
0.0
  0
LINE
  5
248A
330
1F
100
AcDbEntity
  8
1
  6
CONTINUOUS
370
50
 62
4
100
AcDbLine
 10
33.080212
 20
-0.743126
 30
0.0
 11
33.11306
 21
-0.630852
 31
0.0
  0
LINE
  5
248B
330
1F
100
AcDbEntity
  8
1
  6
CONTINUOUS
370
50
 62
4
100
AcDbLine
 10
26.801043
 20
-1.727463
 30
0.0
 11
26.835836
 21
-1.608398
 31
0.0
  0
LINE
  5
248C
330
1F
100
AcDbEntity
  8
1
  6
CONTINUOUS
370
50
 62
4
100
AcDbLine
 10
28.917711
 20
-1.34812
 30
0.0
 11
28.952507
 21
-1.228938
 31
0.0
  0
LINE
  5
248D
330
1F
100
AcDbEntity
  8
1
  6
CONTINUOUS
370
50
 62
4
100
AcDbLine
 10
24.551088
 20
-2.515921
 30
0.0
 11
24.583447
 21
-2.40498
 31
0.0
  0
LINE
  5
248E
330
1F
100
AcDbEntity
  8
1
  6
CONTINUOUS
370
50
 62
4
100
AcDbLine
 10
25.698759
 20
-2.051061
 30
0.0
 11
25.752596
 21
-1.866322
 31
0.0
  0
LINE
  5
248F
330
1F
100
AcDbEntity
  8
1
  6
CONTINUOUS
370
50
 62
4
100
AcDbLine
 10
27.859379
 20
-1.543738
 30
0.0
 11
27.894173
 21
-1.424328
 31
0.0
  0
LINE
  5
2490
330
1F
100
AcDbEntity
  8
1
  6
CONTINUOUS
370
50
 62
4
100
AcDbLine
 10
31.000072
 20
-1.046919
 30
0.0
 11
31.03434
 21
-0.9291999999999999
 31
0.0
  0
LINE
  5
2491
330
1F
100
AcDbEntity
  8
1
  6
CONTINUOUS
370
50
 62
4
100
AcDbLine
 10
24.519384
 20
-2.624908
 30
0.0
 11
24.551088
 21
-2.515921
 31
0.0
  0
LINE
  5
2492
330
1F
100
AcDbEntity
  8
1
  6
CONTINUOUS
370
50
 62
4
100
AcDbLine
 10
24.488346
 20
-2.731772
 30
0.0
 11
24.519384
 21
-2.624908
 31
0.0
  0
LINE
  5
2493
330
1F
100
AcDbEntity
  8
1
  6
CONTINUOUS
370
50
 62
4
100
AcDbLine
 10
37.223251
 20
-0.16077
 30
0.0
 11
37.235073
 21
-0.120065
 31
0.0
  0
LINE
  5
2494
330
1F
100
AcDbEntity
  8
1
  6
CONTINUOUS
370
50
 62
4
100
AcDbLine
 10
38.258175
 20
-0.006668
 30
0.0
 11
38.260098
 21
0.000001
 31
0.0
  0
LINE
  5
2495
330
1F
100
AcDbEntity
  8
1
  6
CONTINUOUS
370
50
 62
4
100
AcDbLine
 10
26.766775
 20
-1.846336
 30
0.0
 11
26.801043
 21
-1.727463
 31
0.0
  0
LINE
  5
2496
330
1F
100
AcDbEntity
  8
1
  6
CONTINUOUS
370
50
 62
4
100
AcDbLine
 10
38.256252
 20
-0.013347
 30
0.0
 11
38.258175
 21
-0.006668
 31
0.0
  0
LINE
  5
2497
330
1F
100
AcDbEntity
  8
1
  6
CONTINUOUS
370
50
 62
4
100
AcDbLine
 10
32.024769
 20
-0.94985
 30
0.0
 11
32.058411
 21
-0.832951
 31
0.0
  0
LINE
  5
2498
330
1F
100
AcDbEntity
  8
1
  6
CONTINUOUS
370
50
 62
4
100
AcDbLine
 10
29.941736
 20
-1.259829
 30
0.0
 11
29.976002
 21
-1.140639
 31
0.0
  0
LINE
  5
2499
330
1F
100
AcDbEntity
  8
1
  6
CONTINUOUS
370
50
 62
4
100
AcDbLine
 10
25.646461
 20
-2.233088
 30
0.0
 11
25.698759
 21
-2.051061
 31
0.0
  0
LINE
  5
249A
330
1F
100
AcDbEntity
  8
1
  6
CONTINUOUS
370
50
 62
4
100
AcDbLine
 10
34.092651
 20
-0.684817
 30
0.0
 11
34.133858
 21
-0.5412469999999999
 31
0.0
  0
LINE
  5
249B
330
1F
100
AcDbEntity
  8
1
  6
CONTINUOUS
370
50
 62
4
100
AcDbLine
 10
38.254333
 20
-0.020036
 30
0.0
 11
38.256252
 21
-0.013347
 31
0.0
  0
LINE
  5
249C
330
1F
100
AcDbEntity
  8
1
  6
CONTINUOUS
370
50
 62
4
100
AcDbLine
 10
35.132542
 20
-0.526906
 30
0.0
 11
35.163902
 21
-0.417487
 31
0.0
  0
LINE
  5
249D
330
1F
100
AcDbEntity
  8
1
  6
CONTINUOUS
370
50
 62
4
100
AcDbLine
 10
27.825113
 20
-1.663333
 30
0.0
 11
27.859379
 21
-1.543738
 31
0.0
  0
LINE
  5
249E
330
1F
100
AcDbEntity
  8
1
  6
CONTINUOUS
370
50
 62
4
100
AcDbLine
 10
38.252415
 20
-0.026735
 30
0.0
 11
38.254333
 21
-0.020036
 31
0.0
  0
LINE
  5
249F
330
1F
100
AcDbEntity
  8
1
  6
CONTINUOUS
370
50
 62
4
100
AcDbLine
 10
36.172199
 20
-0.366041
 30
0.0
 11
36.193745
 21
-0.290763
 31
0.0
  0
LINE
  5
24A0
330
1F
100
AcDbEntity
  8
1
  6
CONTINUOUS
370
50
 62
4
100
AcDbLine
 10
28.883446
 20
-1.467872
 30
0.0
 11
28.917711
 21
-1.34812
 31
0.0
  0
LINE
  5
24A1
330
1F
100
AcDbEntity
  8
1
  6
CONTINUOUS
370
50
 62
4
100
AcDbLine
 10
37.211525
 20
-0.201802
 30
0.0
 11
37.223251
 21
-0.16077
 31
0.0
  0
LINE
  5
24A2
330
1F
100
AcDbEntity
  8
1
  6
CONTINUOUS
370
50
 62
4
100
AcDbLine
 10
38.2505
 20
-0.033444
 30
0.0
 11
38.252415
 21
-0.026735
 31
0.0
  0
LINE
  5
24A3
330
1F
100
AcDbEntity
  8
1
  6
CONTINUOUS
370
50
 62
4
100
AcDbLine
 10
26.733131
 20
-1.964522
 30
0.0
 11
26.766775
 21
-1.846336
 31
0.0
  0
LINE
  5
24A4
330
1F
100
AcDbEntity
  8
1
  6
CONTINUOUS
370
50
 62
4
100
AcDbLine
 10
38.248589
 20
-0.040162
 30
0.0
 11
38.2505
 21
-0.033444
 31
0.0
  0
LINE
  5
24A5
330
1F
100
AcDbEntity
  8
1
  6
CONTINUOUS
370
50
 62
4
100
AcDbLine
 10
38.246677
 20
-0.04689
 30
0.0
 11
38.248589
 21
-0.040162
 31
0.0
  0
LINE
  5
24A6
330
1F
100
AcDbEntity
  8
1
  6
CONTINUOUS
370
50
 62
4
100
AcDbLine
 10
25.595758
 20
-2.411652
 30
0.0
 11
25.646461
 21
-2.233088
 31
0.0
  0
LINE
  5
24A7
330
1F
100
AcDbEntity
  8
1
  6
CONTINUOUS
370
50
 62
4
100
AcDbLine
 10
33.047974
 20
-0.856757
 30
0.0
 11
33.080212
 21
-0.743126
 31
0.0
  0
LINE
  5
24A8
330
1F
100
AcDbEntity
  8
1
  6
CONTINUOUS
370
50
 62
4
100
AcDbLine
 10
30.966433
 20
-1.165518
 30
0.0
 11
31.000072
 21
-1.046919
 31
0.0
  0
LINE
  5
24A9
330
1F
100
AcDbEntity
  8
1
  6
CONTINUOUS
370
50
 62
4
100
AcDbLine
 10
27.79147
 20
-1.782621
 30
0.0
 11
27.825113
 21
-1.663333
 31
0.0
  0
LINE
  5
24AA
330
1F
100
AcDbEntity
  8
1
  6
CONTINUOUS
370
50
 62
4
100
AcDbLine
 10
37.199886
 20
-0.243153
 30
0.0
 11
37.211525
 21
-0.201802
 31
0.0
  0
LINE
  5
24AB
330
1F
100
AcDbEntity
  8
1
  6
CONTINUOUS
370
50
 62
4
100
AcDbLine
 10
26.700125
 20
-2.081825
 30
0.0
 11
26.733131
 21
-1.964522
 31
0.0
  0
LINE
  5
24AC
330
1F
100
AcDbEntity
  8
1
  6
CONTINUOUS
370
50
 62
4
100
AcDbLine
 10
25.546679
 20
-2.586088
 30
0.0
 11
25.595758
 21
-2.411652
 31
0.0
  0
LINE
  5
24AD
330
1F
100
AcDbEntity
  8
1
  6
CONTINUOUS
370
50
 62
4
100
AcDbLine
 10
29.908096
 20
-1.379498
 30
0.0
 11
29.941736
 21
-1.259829
 31
0.0
  0
LINE
  5
24AE
330
1F
100
AcDbEntity
  8
1
  6
CONTINUOUS
370
50
 62
4
100
AcDbLine
 10
28.849804
 20
-1.587701
 30
0.0
 11
28.883446
 21
-1.467872
 31
0.0
  0
LINE
  5
24AF
330
1F
100
AcDbEntity
  8
1
  6
CONTINUOUS
370
50
 62
4
100
AcDbLine
 10
31.991766
 20
-1.067812
 30
0.0
 11
32.024769
 21
-0.94985
 31
0.0
  0
LINE
  5
24B0
330
1F
100
AcDbEntity
  8
1
  6
CONTINUOUS
370
50
 62
4
100
AcDbLine
 10
36.150951
 20
-0.442252
 30
0.0
 11
36.172199
 21
-0.366041
 31
0.0
  0
LINE
  5
24B1
330
1F
100
AcDbEntity
  8
1
  6
CONTINUOUS
370
50
 62
4
100
AcDbLine
 10
26.667765
 20
-2.19807
 30
0.0
 11
26.700125
 21
-2.081825
 31
0.0
  0
LINE
  5
24B2
330
1F
100
AcDbEntity
  8
1
  6
CONTINUOUS
370
50
 62
4
100
AcDbLine
 10
27.758463
 20
-1.901404
 30
0.0
 11
27.79147
 21
-1.782621
 31
0.0
  0
LINE
  5
24B3
330
1F
100
AcDbEntity
  8
1
  6
CONTINUOUS
370
50
 62
4
100
AcDbLine
 10
37.188347
 20
-0.284815
 30
0.0
 11
37.199886
 21
-0.243153
 31
0.0
  0
LINE
  5
24B4
330
1F
100
AcDbEntity
  8
1
  6
CONTINUOUS
370
50
 62
4
100
AcDbLine
 10
35.101795
 20
-0.638011
 30
0.0
 11
35.132542
 21
-0.526906
 31
0.0
  0
LINE
  5
24B5
330
1F
100
AcDbEntity
  8
1
  6
CONTINUOUS
370
50
 62
4
100
AcDbLine
 10
30.93343
 20
-1.284796
 30
0.0
 11
30.966433
 21
-1.165518
 31
0.0
  0
LINE
  5
24B6
330
1F
100
AcDbEntity
  8
1
  6
CONTINUOUS
370
50
 62
4
100
AcDbLine
 10
28.816797
 20
-1.707413
 30
0.0
 11
28.849804
 21
-1.587701
 31
0.0
  0
LINE
  5
24B7
330
1F
100
AcDbEntity
  8
1
  6
CONTINUOUS
370
50
 62
4
100
AcDbLine
 10
26.636057
 20
-2.31308
 30
0.0
 11
26.667765
 21
-2.19807
 31
0.0
  0
LINE
  5
24B8
330
1F
100
AcDbEntity
  8
1
  6
CONTINUOUS
370
50
 62
4
100
AcDbLine
 10
33.016354
 20
-0.9715809999999999
 30
0.0
 11
33.047974
 21
-0.856757
 31
0.0
  0
LINE
  5
24B9
330
1F
100
AcDbEntity
  8
1
  6
CONTINUOUS
370
50
 62
4
100
AcDbLine
 10
34.052475
 20
-0.830812
 30
0.0
 11
34.092651
 21
-0.684817
 31
0.0
  0
LINE
  5
24BA
330
1F
100
AcDbEntity
  8
1
  6
CONTINUOUS
370
50
 62
4
100
AcDbLine
 10
29.875097
 20
-1.499447
 30
0.0
 11
29.908096
 21
-1.379498
 31
0.0
  0
LINE
  5
24BB
330
1F
100
AcDbEntity
  8
1
  6
CONTINUOUS
370
50
 62
4
100
AcDbLine
 10
27.726101
 20
-2.019504
 30
0.0
 11
27.758463
 21
-1.901404
 31
0.0
  0
LINE
  5
24BC
330
1F
100
AcDbEntity
  8
1
  6
CONTINUOUS
370
50
 62
4
100
AcDbLine
 10
26.605013
 20
-2.426681
 30
0.0
 11
26.636057
 21
-2.31308
 31
0.0
  0
LINE
  5
24BD
330
1F
100
AcDbEntity
  8
1
  6
CONTINUOUS
370
50
 62
4
100
AcDbLine
 10
31.959412
 20
-1.186658
 30
0.0
 11
31.991766
 21
-1.067812
 31
0.0
  0
LINE
  5
24BE
330
1F
100
AcDbEntity
  8
1
  6
CONTINUOUS
370
50
 62
4
100
AcDbLine
 10
36.130013
 20
-0.519345
 30
0.0
 11
36.150951
 21
-0.442252
 31
0.0
  0
LINE
  5
24BF
330
1F
100
AcDbEntity
  8
1
  6
CONTINUOUS
370
50
 62
4
100
AcDbLine
 10
28.784435
 20
-1.826828
 30
0.0
 11
28.816797
 21
-1.707413
 31
0.0
  0
LINE
  5
24C0
330
1F
100
AcDbEntity
  8
1
  6
CONTINUOUS
370
50
 62
4
100
AcDbLine
 10
27.694391
 20
-2.136742
 30
0.0
 11
27.726101
 21
-2.019504
 31
0.0
  0
LINE
  5
24C1
330
1F
100
AcDbEntity
  8
1
  6
CONTINUOUS
370
50
 62
4
100
AcDbLine
 10
30.901077
 20
-1.404572
 30
0.0
 11
30.93343
 21
-1.284796
 31
0.0
  0
LINE
  5
24C2
330
1F
100
AcDbEntity
  8
1
  6
CONTINUOUS
370
50
 62
4
100
AcDbLine
 10
29.842743
 20
-1.619496
 30
0.0
 11
29.875097
 21
-1.499447
 31
0.0
  0
LINE
  5
24C3
330
1F
100
AcDbEntity
  8
1
  6
CONTINUOUS
370
50
 62
4
100
AcDbLine
 10
32.985367
 20
-1.087432
 30
0.0
 11
33.016354
 21
-0.9715809999999999
 31
0.0
  0
LINE
  5
24C4
330
1F
100
AcDbEntity
  8
1
  6
CONTINUOUS
370
50
 62
4
100
AcDbLine
 10
35.071678
 20
-0.750647
 30
0.0
 11
35.101795
 21
-0.638011
 31
0.0
  0
LINE
  5
24C5
330
1F
100
AcDbEntity
  8
1
  6
CONTINUOUS
370
50
 62
4
100
AcDbLine
 10
27.663345
 20
-2.252941
 30
0.0
 11
27.694391
 21
-2.136742
 31
0.0
  0
LINE
  5
24C6
330
1F
100
AcDbEntity
  8
1
  6
CONTINUOUS
370
50
 62
4
100
AcDbLine
 10
28.752726
 20
-1.945764
 30
0.0
 11
28.784435
 21
-1.826828
 31
0.0
  0
LINE
  5
24C7
330
1F
100
AcDbEntity
  8
1
  6
CONTINUOUS
370
50
 62
4
100
AcDbLine
 10
31.927713
 20
-1.30621
 30
0.0
 11
31.959412
 21
-1.186658
 31
0.0
  0
LINE
  5
24C8
330
1F
100
AcDbEntity
  8
1
  6
CONTINUOUS
370
50
 62
4
100
AcDbLine
 10
34.013344
 20
-0.9788899999999999
 30
0.0
 11
34.052475
 21
-0.830812
 31
0.0
  0
LINE
  5
24C9
330
1F
100
AcDbEntity
  8
1
  6
CONTINUOUS
370
50
 62
4
100
AcDbLine
 10
29.811047
 20
-1.739463
 30
0.0
 11
29.842743
 21
-1.619496
 31
0.0
  0
LINE
  5
24CA
330
1F
100
AcDbEntity
  8
1
  6
CONTINUOUS
370
50
 62
4
100
AcDbLine
 10
30.869379
 20
-1.524664
 30
0.0
 11
30.901077
 21
-1.404572
 31
0.0
  0
LINE
  5
24CB
330
1F
100
AcDbEntity
  8
1
  6
CONTINUOUS
370
50
 62
4
100
AcDbLine
 10
28.721678
 20
-2.064041
 30
0.0
 11
28.752726
 21
-1.945764
 31
0.0
  0
LINE
  5
24CC
330
1F
100
AcDbEntity
  8
1
  6
CONTINUOUS
370
50
 62
4
100
AcDbLine
 10
32.955013
 20
-1.204146
 30
0.0
 11
32.985367
 21
-1.087432
 31
0.0
  0
LINE
  5
24CD
330
1F
100
AcDbEntity
  8
1
  6
CONTINUOUS
370
50
 62
4
100
AcDbLine
 10
29.780012
 20
-1.859165
 30
0.0
 11
29.811047
 21
-1.739463
 31
0.0
  0
LINE
  5
24CE
330
1F
100
AcDbEntity
  8
1
  6
CONTINUOUS
370
50
 62
4
100
AcDbLine
 10
31.896679
 20
-1.426287
 30
0.0
 11
31.927713
 21
-1.30621
 31
0.0
  0
LINE
  5
24CF
330
1F
100
AcDbEntity
  8
1
  6
CONTINUOUS
370
50
 62
4
100
AcDbLine
 10
30.838345
 20
-1.644893
 30
0.0
 11
30.869379
 21
-1.524664
 31
0.0
  0
LINE
  5
24D0
330
1F
100
AcDbEntity
  8
1
  6
CONTINUOUS
370
50
 62
4
100
AcDbLine
 10
40.731663
 20
1.594805
 30
0.0
 11
40.731827
 21
1.595443
 31
0.0
  0
LINE
  5
24D1
330
1F
100
AcDbEntity
  8
1
  6
CONTINUOUS
370
50
 62
4
100
AcDbLine
 10
17.840527
 20
0.8518899999999999
 30
0.0
 11
17.844332
 21
0.867085
 31
0.0
  0
LINE
  5
24D2
330
1F
100
AcDbEntity
  8
1
  6
CONTINUOUS
370
50
 62
4
100
AcDbLine
 10
16.310238
 20
1.296431
 30
0.0
 11
16.316132
 21
1.323122
 31
0.0
  0
LINE
  5
24D3
330
1F
100
AcDbEntity
  8
1
  6
CONTINUOUS
370
50
 62
4
100
AcDbLine
 10
12.588277
 20
-0.922253
 30
0.0
 11
12.597631
 21
-0.876262
 31
0.0
  0
LINE
  5
24D4
330
1F
100
AcDbEntity
  8
1
  6
CONTINUOUS
370
50
 62
4
100
AcDbLine
 10
40.731495
 20
1.59375
 30
0.0
 11
40.731663
 21
1.594805
 31
0.0
  0
LINE
  5
24D5
330
1F
100
AcDbEntity
  8
1
  6
CONTINUOUS
370
50
 62
4
100
AcDbLine
 10
40.731331
 20
1.59228
 30
0.0
 11
40.731495
 21
1.59375
 31
0.0
  0
LINE
  5
24D6
330
1F
100
AcDbEntity
  8
1
  6
CONTINUOUS
370
50
 62
4
100
AcDbLine
 10
40.735416
 20
-0.014543
 30
0.0
 11
40.735912
 21
-0.008939
 31
0.0
  0
LINE
  5
24D7
330
1F
100
AcDbEntity
  8
1
  6
CONTINUOUS
370
50
 62
4
100
AcDbLine
 10
40.735416
 20
-0.014551
 30
0.0
 11
40.735912
 21
-0.008945
 31
0.0
  0
LINE
  5
24D8
330
1F
100
AcDbEntity
  8
1
  6
CONTINUOUS
370
50
 62
4
100
AcDbLine
 10
40.731167
 20
1.590392
 30
0.0
 11
40.731331
 21
1.59228
 31
0.0
  0
LINE
  5
24D9
330
1F
100
AcDbEntity
  8
1
  6
CONTINUOUS
370
50
 62
4
100
AcDbLine
 10
12.58472
 20
-0.968471
 30
0.0
 11
12.588277
 21
-0.922253
 31
0.0
  0
LINE
  5
24DA
330
1F
100
AcDbEntity
  8
1
  6
CONTINUOUS
370
50
 62
4
100
AcDbLine
 10
40.731003
 20
1.588087
 30
0.0
 11
40.731167
 21
1.590392
 31
0.0
  0
LINE
  5
24DB
330
1F
100
AcDbEntity
  8
1
  6
CONTINUOUS
370
50
 62
4
100
AcDbLine
 10
40.734924
 20
-0.02378
 30
0.0
 11
40.735416
 21
-0.014551
 31
0.0
  0
LINE
  5
24DC
330
1F
100
AcDbEntity
  8
1
  6
CONTINUOUS
370
50
 62
4
100
AcDbLine
 10
40.734924
 20
-0.023778
 30
0.0
 11
40.735416
 21
-0.014543
 31
0.0
  0
LINE
  5
24DD
330
1F
100
AcDbEntity
  8
1
  6
CONTINUOUS
370
50
 62
4
100
AcDbLine
 10
40.73444
 20
-0.0366
 30
0.0
 11
40.734924
 21
-0.02378
 31
0.0
  0
LINE
  5
24DE
330
1F
100
AcDbEntity
  8
1
  6
CONTINUOUS
370
50
 62
4
100
AcDbLine
 10
40.73444
 20
-0.036612
 30
0.0
 11
40.734924
 21
-0.023778
 31
0.0
  0
LINE
  5
24DF
330
1F
100
AcDbEntity
  8
1
  6
CONTINUOUS
370
50
 62
4
100
AcDbLine
 10
40.733963
 20
-0.052979
 30
0.0
 11
40.73444
 21
-0.0366
 31
0.0
  0
LINE
  5
24E0
330
1F
100
AcDbEntity
  8
1
  6
CONTINUOUS
370
50
 62
4
100
AcDbLine
 10
40.733963
 20
-0.053018
 30
0.0
 11
40.73444
 21
-0.036612
 31
0.0
  0
LINE
  5
24E1
330
1F
100
AcDbEntity
  8
1
  6
CONTINUOUS
370
50
 62
4
100
AcDbLine
 10
40.733498
 20
-0.072884
 30
0.0
 11
40.733963
 21
-0.052979
 31
0.0
  0
LINE
  5
24E2
330
1F
100
AcDbEntity
  8
1
  6
CONTINUOUS
370
50
 62
4
100
AcDbLine
 10
40.733498
 20
-0.072955
 30
0.0
 11
40.733963
 21
-0.053018
 31
0.0
  0
LINE
  5
24E3
330
1F
100
AcDbEntity
  8
1
  6
CONTINUOUS
370
50
 62
4
100
AcDbLine
 10
40.733047
 20
-0.096282
 30
0.0
 11
40.733498
 21
-0.072955
 31
0.0
  0
LINE
  5
24E4
330
1F
100
AcDbEntity
  8
1
  6
CONTINUOUS
370
50
 62
4
100
AcDbLine
 10
40.733047
 20
-0.096228
 30
0.0
 11
40.733498
 21
-0.072884
 31
0.0
  0
LINE
  5
24E5
330
1F
100
AcDbEntity
  8
1
  6
CONTINUOUS
370
50
 62
4
100
AcDbLine
 10
40.732613
 20
-0.122893
 30
0.0
 11
40.733047
 21
-0.096282
 31
0.0
  0
LINE
  5
24E6
330
1F
100
AcDbEntity
  8
1
  6
CONTINUOUS
370
50
 62
4
100
AcDbLine
 10
40.732616
 20
-0.122852
 30
0.0
 11
40.733047
 21
-0.096228
 31
0.0
  0
LINE
  5
24E7
330
1F
100
AcDbEntity
  8
1
  6
CONTINUOUS
370
50
 62
4
100
AcDbLine
 10
40.732201
 20
-0.15266
 30
0.0
 11
40.732616
 21
-0.122852
 31
0.0
  0
LINE
  5
24E8
330
1F
100
AcDbEntity
  8
1
  6
CONTINUOUS
370
50
 62
4
100
AcDbLine
 10
40.732201
 20
-0.1527
 30
0.0
 11
40.732613
 21
-0.122893
 31
0.0
  0
LINE
  5
24E9
330
1F
100
AcDbEntity
  8
1
  6
CONTINUOUS
370
50
 62
4
100
AcDbLine
 10
40.731812
 20
-0.18556
 30
0.0
 11
40.732201
 21
-0.15266
 31
0.0
  0
LINE
  5
24EA
330
1F
100
AcDbEntity
  8
1
  6
CONTINUOUS
370
50
 62
4
100
AcDbLine
 10
40.731812
 20
-0.185616
 30
0.0
 11
40.732201
 21
-0.1527
 31
0.0
  0
LINE
  5
24EB
330
1F
100
AcDbEntity
  8
1
  6
CONTINUOUS
370
50
 62
4
100
AcDbLine
 10
40.731449
 20
-0.221459
 30
0.0
 11
40.731812
 21
-0.18556
 31
0.0
  0
LINE
  5
24EC
330
1F
100
AcDbEntity
  8
1
  6
CONTINUOUS
370
50
 62
4
100
AcDbLine
 10
40.731449
 20
-0.221552
 30
0.0
 11
40.731812
 21
-0.185616
 31
0.0
  0
LINE
  5
24ED
330
1F
100
AcDbEntity
  8
1
  6
CONTINUOUS
370
50
 62
4
100
AcDbLine
 10
40.731113
 20
-0.260421
 30
0.0
 11
40.731449
 21
-0.221552
 31
0.0
  0
LINE
  5
24EE
330
1F
100
AcDbEntity
  8
1
  6
CONTINUOUS
370
50
 62
4
100
AcDbLine
 10
40.731117
 20
-0.260265
 30
0.0
 11
40.731449
 21
-0.221459
 31
0.0
  0
LINE
  5
24EF
330
1F
100
AcDbEntity
  8
1
  6
CONTINUOUS
370
50
 62
4
100
AcDbLine
 10
40.736706
 20
2.546767
 30
0.0
 11
40.736923
 21
2.572484
 31
0.0
  0
LINE
  5
24F0
330
1F
100
AcDbEntity
  8
1
  6
CONTINUOUS
370
50
 62
4
100
AcDbLine
 10
40.737137
 20
2.598202
 30
0.0
 11
40.737354
 21
2.62392
 31
0.0
  0
LINE
  5
24F1
330
1F
100
AcDbEntity
  8
1
  6
CONTINUOUS
370
50
 62
4
100
AcDbLine
 10
40.737568
 20
2.649638
 30
0.0
 11
40.737785
 21
2.675356
 31
0.0
  0
LINE
  5
24F2
330
1F
100
AcDbEntity
  8
1
  6
CONTINUOUS
370
50
 62
4
100
AcDbLine
 10
40.735538
 20
2.407445
 30
0.0
 11
40.73601499999999
 21
2.464106
 31
0.0
  0
LINE
  5
24F3
330
1F
100
AcDbEntity
  8
1
  6
CONTINUOUS
370
50
 62
4
100
AcDbLine
 10
40.735538
 20
2.407416
 30
0.0
 11
40.73601499999999
 21
2.464098
 31
0.0
  0
LINE
  5
24F4
330
1F
100
AcDbEntity
  8
1
  6
CONTINUOUS
370
50
 62
4
100
AcDbLine
 10
40.73601499999999
 20
2.464106
 30
0.0
 11
40.736492
 21
2.521049
 31
0.0
  0
LINE
  5
24F5
330
1F
100
AcDbEntity
  8
1
  6
CONTINUOUS
370
50
 62
4
100
AcDbLine
 10
40.73601499999999
 20
2.464098
 30
0.0
 11
40.736492
 21
2.521049
 31
0.0
  0
LINE
  5
24F6
330
1F
100
AcDbEntity
  8
1
  6
CONTINUOUS
370
50
 62
4
100
AcDbLine
 10
40.734604
 20
2.295555
 30
0.0
 11
40.735069
 21
2.351213
 31
0.0
  0
LINE
  5
24F7
330
1F
100
AcDbEntity
  8
1
  6
CONTINUOUS
370
50
 62
4
100
AcDbLine
 10
40.734604
 20
2.295444
 30
0.0
 11
40.735069
 21
2.351149
 31
0.0
  0
LINE
  5
24F8
330
1F
100
AcDbEntity
  8
1
  6
CONTINUOUS
370
50
 62
4
100
AcDbLine
 10
40.735069
 20
2.351213
 30
0.0
 11
40.735538
 21
2.407445
 31
0.0
  0
LINE
  5
24F9
330
1F
100
AcDbEntity
  8
1
  6
CONTINUOUS
370
50
 62
4
100
AcDbLine
 10
40.734146
 20
2.240618
 30
0.0
 11
40.734604
 21
2.295555
 31
0.0
  0
LINE
  5
24FA
330
1F
100
AcDbEntity
  8
1
  6
CONTINUOUS
370
50
 62
4
100
AcDbLine
 10
40.735069
 20
2.351149
 30
0.0
 11
40.735538
 21
2.407416
 31
0.0
  0
LINE
  5
24FB
330
1F
100
AcDbEntity
  8
1
  6
CONTINUOUS
370
50
 62
4
100
AcDbLine
 10
40.734146
 20
2.240446
 30
0.0
 11
40.734604
 21
2.295444
 31
0.0
  0
LINE
  5
24FC
330
1F
100
AcDbEntity
  8
1
  6
CONTINUOUS
370
50
 62
4
100
AcDbLine
 10
40.73369599999999
 20
2.186547
 30
0.0
 11
40.734146
 21
2.240618
 31
0.0
  0
LINE
  5
24FD
330
1F
100
AcDbEntity
  8
1
  6
CONTINUOUS
370
50
 62
4
100
AcDbLine
 10
40.736492
 20
2.521049
 30
0.0
 11
40.736706
 21
2.546767
 31
0.0
  0
LINE
  5
24FE
330
1F
100
AcDbEntity
  8
1
  6
CONTINUOUS
370
50
 62
4
100
AcDbLine
 10
40.736923
 20
2.572484
 30
0.0
 11
40.737137
 21
2.598202
 31
0.0
  0
LINE
  5
24FF
330
1F
100
AcDbEntity
  8
1
  6
CONTINUOUS
370
50
 62
4
100
AcDbLine
 10
40.737354
 20
2.62392
 30
0.0
 11
40.737568
 21
2.649638
 31
0.0
  0
LINE
  5
2500
330
1F
100
AcDbEntity
  8
1
  6
CONTINUOUS
370
50
 62
4
100
AcDbLine
 10
40.737785
 20
2.675356
 30
0.0
 11
40.73799899999999
 21
2.701074
 31
0.0
  0
LINE
  5
2501
330
1F
100
AcDbEntity
  8
1
  6
CONTINUOUS
370
50
 62
4
100
AcDbLine
 10
40.73369599999999
 20
2.186303
 30
0.0
 11
40.734146
 21
2.240446
 31
0.0
  0
LINE
  5
2502
330
1F
100
AcDbEntity
  8
1
  6
CONTINUOUS
370
50
 62
4
100
AcDbLine
 10
40.73325699999999
 20
2.133302
 30
0.0
 11
40.73369599999999
 21
2.186303
 31
0.0
  0
LINE
  5
2503
330
1F
100
AcDbEntity
  8
1
  6
CONTINUOUS
370
50
 62
4
100
AcDbLine
 10
40.73325699999999
 20
2.133512
 30
0.0
 11
40.73369599999999
 21
2.186547
 31
0.0
  0
LINE
  5
2504
330
1F
100
AcDbEntity
  8
1
  6
CONTINUOUS
370
50
 62
4
100
AcDbLine
 10
40.732834
 20
2.081724
 30
0.0
 11
40.73325699999999
 21
2.133302
 31
0.0
  0
LINE
  5
2505
330
1F
100
AcDbEntity
  8
1
  6
CONTINUOUS
370
50
 62
4
100
AcDbLine
 10
40.732834
 20
2.081873
 30
0.0
 11
40.73325699999999
 21
2.133512
 31
0.0
  0
LINE
  5
2506
330
1F
100
AcDbEntity
  8
1
  6
CONTINUOUS
370
50
 62
4
100
AcDbLine
 10
40.73243
 20
2.031695
 30
0.0
 11
40.732834
 21
2.081724
 31
0.0
  0
LINE
  5
2507
330
1F
100
AcDbEntity
  8
1
  6
CONTINUOUS
370
50
 62
4
100
AcDbLine
 10
40.73243
 20
2.031812
 30
0.0
 11
40.732834
 21
2.081873
 31
0.0
  0
LINE
  5
2508
330
1F
100
AcDbEntity
  8
1
  6
CONTINUOUS
370
50
 62
4
100
AcDbLine
 10
40.73204399999999
 20
1.983343
 30
0.0
 11
40.73243
 21
2.031695
 31
0.0
  0
LINE
  5
2509
330
1F
100
AcDbEntity
  8
1
  6
CONTINUOUS
370
50
 62
4
100
AcDbLine
 10
40.73204399999999
 20
1.983454
 30
0.0
 11
40.73243
 21
2.031812
 31
0.0
  0
LINE
  5
250A
330
1F
100
AcDbEntity
  8
1
  6
CONTINUOUS
370
50
 62
4
100
AcDbLine
 10
40.731682
 20
1.936923
 30
0.0
 11
40.73204399999999
 21
1.983454
 31
0.0
  0
LINE
  5
250B
330
1F
100
AcDbEntity
  8
1
  6
CONTINUOUS
370
50
 62
4
100
AcDbLine
 10
40.731682
 20
1.936797
 30
0.0
 11
40.73204399999999
 21
1.983343
 31
0.0
  0
LINE
  5
250C
330
1F
100
AcDbEntity
  8
1
  6
CONTINUOUS
370
50
 62
4
100
AcDbLine
 10
40.731342
 20
1.892344
 30
0.0
 11
40.731682
 21
1.936923
 31
0.0
  0
LINE
  5
250D
330
1F
100
AcDbEntity
  8
1
  6
CONTINUOUS
370
50
 62
4
100
AcDbLine
 10
40.731342
 20
1.892183
 30
0.0
 11
40.731682
 21
1.936797
 31
0.0
  0
LINE
  5
250E
330
1F
100
AcDbEntity
  8
1
  6
CONTINUOUS
370
50
 62
4
100
AcDbLine
 10
40.731033
 20
1.849843
 30
0.0
 11
40.731342
 21
1.892344
 31
0.0
  0
LINE
  5
250F
330
1F
100
AcDbEntity
  8
1
  6
CONTINUOUS
370
50
 62
4
100
AcDbLine
 10
40.731033
 20
1.849646
 30
0.0
 11
40.731342
 21
1.892183
 31
0.0
  0
LINE
  5
2510
330
1F
100
AcDbEntity
  8
1
  6
CONTINUOUS
370
50
 62
4
100
AcDbLine
 10
40.730816
 20
-0.301851
 30
0.0
 11
40.731117
 21
-0.260265
 31
0.0
  0
LINE
  5
2511
330
1F
100
AcDbEntity
  8
1
  6
CONTINUOUS
370
50
 62
4
100
AcDbLine
 10
40.730816
 20
-0.301983
 30
0.0
 11
40.731113
 21
-0.260421
 31
0.0
  0
LINE
  5
2512
330
1F
100
AcDbEntity
  8
1
  6
CONTINUOUS
370
50
 62
4
100
AcDbLine
 10
40.73075499999999
 20
1.809475
 30
0.0
 11
40.731033
 21
1.849646
 31
0.0
  0
LINE
  5
2513
330
1F
100
AcDbEntity
  8
1
  6
CONTINUOUS
370
50
 62
4
100
AcDbLine
 10
40.73075499999999
 20
1.809609
 30
0.0
 11
40.731033
 21
1.849843
 31
0.0
  0
LINE
  5
2514
330
1F
100
AcDbEntity
  8
1
  6
CONTINUOUS
370
50
 62
4
100
AcDbLine
 10
40.730507
 20
1.771808
 30
0.0
 11
40.73075499999999
 21
1.809475
 31
0.0
  0
LINE
  5
2515
330
1F
100
AcDbEntity
  8
1
  6
CONTINUOUS
370
50
 62
4
100
AcDbLine
 10
40.730511
 20
1.77189
 30
0.0
 11
40.73075499999999
 21
1.809609
 31
0.0
  0
LINE
  5
2516
330
1F
100
AcDbEntity
  8
1
  6
CONTINUOUS
370
50
 62
4
100
AcDbLine
 10
40.730301
 20
1.736781
 30
0.0
 11
40.730511
 21
1.77189
 31
0.0
  0
LINE
  5
2517
330
1F
100
AcDbEntity
  8
1
  6
CONTINUOUS
370
50
 62
4
100
AcDbLine
 10
40.730553
 20
-0.346011
 30
0.0
 11
40.730816
 21
-0.301983
 31
0.0
  0
LINE
  5
2518
330
1F
100
AcDbEntity
  8
1
  6
CONTINUOUS
370
50
 62
4
100
AcDbLine
 10
40.730553
 20
-0.345923
 30
0.0
 11
40.730816
 21
-0.301851
 31
0.0
  0
LINE
  5
2519
330
1F
100
AcDbEntity
  8
1
  6
CONTINUOUS
370
50
 62
4
100
AcDbLine
 10
40.730301
 20
1.736736
 30
0.0
 11
40.730507
 21
1.771808
 31
0.0
  0
LINE
  5
251A
330
1F
100
AcDbEntity
  8
1
  6
CONTINUOUS
370
50
 62
4
100
AcDbLine
 10
40.730129
 20
1.704348
 30
0.0
 11
40.730301
 21
1.736736
 31
0.0
  0
LINE
  5
251B
330
1F
100
AcDbEntity
  8
1
  6
CONTINUOUS
370
50
 62
4
100
AcDbLine
 10
40.730129
 20
1.704368
 30
0.0
 11
40.730301
 21
1.736781
 31
0.0
  0
LINE
  5
251C
330
1F
100
AcDbEntity
  8
1
  6
CONTINUOUS
370
50
 62
4
100
AcDbLine
 10
40.730328
 20
-0.392369
 30
0.0
 11
40.730553
 21
-0.346011
 31
0.0
  0
LINE
  5
251D
330
1F
100
AcDbEntity
  8
1
  6
CONTINUOUS
370
50
 62
4
100
AcDbLine
 10
40.730328
 20
-0.392318
 30
0.0
 11
40.730553
 21
-0.345923
 31
0.0
  0
LINE
  5
251E
330
1F
100
AcDbEntity
  8
1
  6
CONTINUOUS
370
50
 62
4
100
AcDbLine
 10
40.73
 20
1.674735
 30
0.0
 11
40.730129
 21
1.704348
 31
0.0
  0
LINE
  5
251F
330
1F
100
AcDbEntity
  8
1
  6
CONTINUOUS
370
50
 62
4
100
AcDbLine
 10
40.73
 20
1.67474
 30
0.0
 11
40.730129
 21
1.704368
 31
0.0
  0
LINE
  5
2520
330
1F
100
AcDbEntity
  8
1
  6
CONTINUOUS
370
50
 62
4
100
AcDbLine
 10
40.730145
 20
-0.44092
 30
0.0
 11
40.730328
 21
-0.392369
 31
0.0
  0
LINE
  5
2521
330
1F
100
AcDbEntity
  8
1
  6
CONTINUOUS
370
50
 62
4
100
AcDbLine
 10
40.730145
 20
-0.440898
 30
0.0
 11
40.730328
 21
-0.392318
 31
0.0
  0
LINE
  5
2522
330
1F
100
AcDbEntity
  8
1
  6
CONTINUOUS
370
50
 62
4
100
AcDbLine
 10
40.729912
 20
1.647986
 30
0.0
 11
40.73
 21
1.674735
 31
0.0
  0
LINE
  5
2523
330
1F
100
AcDbEntity
  8
1
  6
CONTINUOUS
370
50
 62
4
100
AcDbLine
 10
40.729912
 20
1.647986
 30
0.0
 11
40.73
 21
1.67474
 31
0.0
  0
LINE
  5
2524
330
1F
100
AcDbEntity
  8
1
  6
CONTINUOUS
370
50
 62
4
100
AcDbLine
 10
40.730003
 20
-0.49153
 30
0.0
 11
40.730145
 21
-0.44092
 31
0.0
  0
LINE
  5
2525
330
1F
100
AcDbEntity
  8
1
  6
CONTINUOUS
370
50
 62
4
100
AcDbLine
 10
40.730003
 20
-0.491525
 30
0.0
 11
40.730145
 21
-0.440898
 31
0.0
  0
LINE
  5
2526
330
1F
100
AcDbEntity
  8
1
  6
CONTINUOUS
370
50
 62
4
100
AcDbLine
 10
40.729912
 20
-0.544061
 30
0.0
 11
40.730003
 21
-0.49153
 31
0.0
  0
LINE
  5
2527
330
1F
100
AcDbEntity
  8
1
  6
CONTINUOUS
370
50
 62
4
100
AcDbLine
 10
40.729912
 20
-0.544061
 30
0.0
 11
40.730003
 21
-0.491525
 31
0.0
  0
LINE
  5
2528
330
1F
100
AcDbEntity
  8
1
  6
CONTINUOUS
370
50
 62
4
100
AcDbLine
 10
0.0
 20
-4.0
 30
0.0
 11
0.0
 21
4.0
 31
0.0
  0
LINE
  5
2529
330
1F
100
AcDbEntity
  8
1
  6
CONTINUOUS
370
50
 62
4
100
AcDbLine
 10
15.538
 20
0.019366
 30
0.0
 11
15.538
 21
1.328905
 31
0.0
  0
LINE
  5
252A
330
1F
100
AcDbEntity
  8
1
  6
CONTINUOUS
370
50
 62
4
100
AcDbLine
 10
15.538
 20
-3.999953
 30
0.0
 11
15.538
 21
-3.772799
 31
0.0
  0
LINE
  5
252B
330
1F
100
AcDbEntity
  8
1
  6
CONTINUOUS
370
50
 62
4
100
AcDbLine
 10
16.403999
 20
-3.499434
 30
0.0
 11
16.403999
 21
-3.216096
 31
0.0
  0
LINE
  5
252C
330
1F
100
AcDbEntity
  8
1
  6
CONTINUOUS
370
50
 62
4
100
AcDbLine
 10
16.403999
 20
0.06294
 30
0.0
 11
16.403999
 21
1.380843
 31
0.0
  0
LINE
  5
252D
330
1F
100
AcDbEntity
  8
1
  6
CONTINUOUS
370
50
 62
4
100
AcDbLine
 10
17.721087
 20
-3.497954
 30
0.0
 11
17.721087
 21
-3.426943
 31
0.0
  0
LINE
  5
252E
330
1F
100
AcDbEntity
  8
1
  6
CONTINUOUS
370
50
 62
4
100
AcDbLine
 10
17.721087
 20
0.119644
 30
0.0
 11
17.721087
 21
0.711378
 31
0.0
  0
LINE
  5
252F
330
1F
100
AcDbEntity
  8
1
  6
CONTINUOUS
370
50
 62
4
100
AcDbLine
 10
18.52
 20
-2.699169
 30
0.0
 11
18.52
 21
1.645504
 31
0.0
  0
LINE
  5
2530
330
1F
100
AcDbEntity
  8
1
  6
CONTINUOUS
370
50
 62
4
100
AcDbLine
 10
18.52
 20
2.518896
 30
0.0
 11
18.52
 21
2.698967
 31
0.0
  0
LINE
  5
2531
330
1F
100
AcDbEntity
  8
1
  6
CONTINUOUS
370
50
 62
4
100
AcDbLine
 10
18.52
 20
1.645515
 30
0.0
 11
18.52
 21
2.518896
 31
0.0
  0
LINE
  5
2532
330
1F
100
AcDbEntity
  8
1
  6
CONTINUOUS
370
50
 62
4
100
AcDbLine
 10
18.52
 20
2.519697
 30
0.0
 11
18.52
 21
2.545336
 31
0.0
  0
LINE
  5
2533
330
1F
100
AcDbEntity
  8
1
  6
CONTINUOUS
370
50
 62
4
100
AcDbLine
 10
18.52
 20
2.545336
 30
0.0
 11
18.52
 21
2.570975
 31
0.0
  0
LINE
  5
2534
330
1F
100
AcDbEntity
  8
1
  6
CONTINUOUS
370
50
 62
4
100
AcDbLine
 10
18.52
 20
2.570975
 30
0.0
 11
18.52
 21
2.596614
 31
0.0
  0
LINE
  5
2535
330
1F
100
AcDbEntity
  8
1
  6
CONTINUOUS
370
50
 62
4
100
AcDbLine
 10
18.52
 20
2.596614
 30
0.0
 11
18.52
 21
2.622253
 31
0.0
  0
LINE
  5
2536
330
1F
100
AcDbEntity
  8
1
  6
CONTINUOUS
370
50
 62
4
100
AcDbLine
 10
18.52
 20
2.622253
 30
0.0
 11
18.52
 21
2.647892
 31
0.0
  0
LINE
  5
2537
330
1F
100
AcDbEntity
  8
1
  6
CONTINUOUS
370
50
 62
4
100
AcDbLine
 10
18.52
 20
2.647892
 30
0.0
 11
18.52
 21
2.67353
 31
0.0
  0
LINE
  5
2538
330
1F
100
AcDbEntity
  8
1
  6
CONTINUOUS
370
50
 62
4
100
AcDbLine
 10
18.52
 20
2.67353
 30
0.0
 11
18.52
 21
2.699169
 31
0.0
  0
LINE
  5
2539
330
1F
100
AcDbEntity
  8
1
  6
CONTINUOUS
370
50
 62
4
100
AcDbLine
 10
18.52
 20
2.105841
 30
0.0
 11
18.52
 21
2.140985
 31
0.0
  0
LINE
  5
253A
330
1F
100
AcDbEntity
  8
1
  6
CONTINUOUS
370
50
 62
4
100
AcDbLine
 10
18.52
 20
2.140985
 30
0.0
 11
18.52
 21
2.176857
 31
0.0
  0
LINE
  5
253B
330
1F
100
AcDbEntity
  8
1
  6
CONTINUOUS
370
50
 62
4
100
AcDbLine
 10
18.52
 20
2.176857
 30
0.0
 11
18.52
 21
2.213379
 31
0.0
  0
LINE
  5
253C
330
1F
100
AcDbEntity
  8
1
  6
CONTINUOUS
370
50
 62
4
100
AcDbLine
 10
18.52
 20
2.213379
 30
0.0
 11
18.52
 21
2.250409
 31
0.0
  0
LINE
  5
253D
330
1F
100
AcDbEntity
  8
1
  6
CONTINUOUS
370
50
 62
4
100
AcDbLine
 10
18.52
 20
2.250409
 30
0.0
 11
18.52
 21
2.287894
 31
0.0
  0
LINE
  5
253E
330
1F
100
AcDbEntity
  8
1
  6
CONTINUOUS
370
50
 62
4
100
AcDbLine
 10
18.52
 20
2.287894
 30
0.0
 11
18.52
 21
2.325787
 31
0.0
  0
LINE
  5
253F
330
1F
100
AcDbEntity
  8
1
  6
CONTINUOUS
370
50
 62
4
100
AcDbLine
 10
18.52
 20
2.325787
 30
0.0
 11
18.52
 21
2.36404
 31
0.0
  0
LINE
  5
2540
330
1F
100
AcDbEntity
  8
1
  6
CONTINUOUS
370
50
 62
4
100
AcDbLine
 10
18.52
 20
2.36404
 30
0.0
 11
18.52
 21
2.402605
 31
0.0
  0
LINE
  5
2541
330
1F
100
AcDbEntity
  8
1
  6
CONTINUOUS
370
50
 62
4
100
AcDbLine
 10
18.52
 20
2.402605
 30
0.0
 11
18.52
 21
2.441435
 31
0.0
  0
LINE
  5
2542
330
1F
100
AcDbEntity
  8
1
  6
CONTINUOUS
370
50
 62
4
100
AcDbLine
 10
18.52
 20
2.441435
 30
0.0
 11
18.52
 21
2.480482
 31
0.0
  0
LINE
  5
2543
330
1F
100
AcDbEntity
  8
1
  6
CONTINUOUS
370
50
 62
4
100
AcDbLine
 10
18.52
 20
2.480482
 30
0.0
 11
18.52
 21
2.519697
 31
0.0
  0
LINE
  5
2544
330
1F
100
AcDbEntity
  8
1
  6
CONTINUOUS
370
50
 62
4
100
AcDbLine
 10
18.667517
 20
-2.697998
 30
0.0
 11
18.667517
 21
-2.283983
 31
0.0
  0
LINE
  5
2545
330
1F
100
AcDbEntity
  8
1
  6
CONTINUOUS
370
50
 62
4
100
AcDbLine
 10
18.667517
 20
0.129157
 30
0.0
 11
18.667517
 21
1.441976
 31
0.0
  0
LINE
  5
2546
330
1F
100
AcDbEntity
  8
1
  6
CONTINUOUS
370
50
 62
4
100
AcDbLine
 10
19.042168
 20
-3.341221
 30
0.0
 11
19.042168
 21
-3.255482
 31
0.0
  0
LINE
  5
2547
330
1F
100
AcDbEntity
  8
1
  6
CONTINUOUS
370
50
 62
4
100
AcDbLine
 10
19.042168
 20
0.242362
 30
0.0
 11
19.042168
 21
0.79015
 31
0.0
  0
LINE
  5
2548
330
1F
100
AcDbEntity
  8
1
  6
CONTINUOUS
370
50
 62
4
100
AcDbLine
 10
19.196684
 20
-3.338432
 30
0.0
 11
19.196684
 21
-3.246828
 31
0.0
  0
LINE
  5
2549
330
1F
100
AcDbEntity
  8
1
  6
CONTINUOUS
370
50
 62
4
100
AcDbLine
 10
19.196684
 20
0.278157
 30
0.0
 11
19.196684
 21
0.824989
 31
0.0
  0
LINE
  5
254A
330
1F
100
AcDbEntity
  8
1
  6
CONTINUOUS
370
50
 62
4
100
AcDbLine
 10
19.571333
 20
-2.6846
 30
0.0
 11
19.571333
 21
-2.189097
 31
0.0
  0
LINE
  5
254B
330
1F
100
AcDbEntity
  8
1
  6
CONTINUOUS
370
50
 62
4
100
AcDbLine
 10
19.571333
 20
0.297982
 30
0.0
 11
19.571333
 21
1.582316
 31
0.0
  0
LINE
  5
254C
330
1F
100
AcDbEntity
  8
1
  6
CONTINUOUS
370
50
 62
4
100
AcDbLine
 10
19.725849
 20
-2.681217
 30
0.0
 11
19.725849
 21
-2.171822
 31
0.0
  0
LINE
  5
254D
330
1F
100
AcDbEntity
  8
1
  6
CONTINUOUS
370
50
 62
4
100
AcDbLine
 10
19.725849
 20
0.327027
 30
0.0
 11
19.725849
 21
1.605945
 31
0.0
  0
LINE
  5
254E
330
1F
100
AcDbEntity
  8
1
  6
CONTINUOUS
370
50
 62
4
100
AcDbLine
 10
20.1005
 20
-3.314146
 30
0.0
 11
20.1005
 21
-3.188113
 31
0.0
  0
LINE
  5
254F
330
1F
100
AcDbEntity
  8
1
  6
CONTINUOUS
370
50
 62
4
100
AcDbLine
 10
20.1005
 20
0.488809
 30
0.0
 11
20.1005
 21
1.028801
 31
0.0
  0
LINE
  5
2550
330
1F
100
AcDbEntity
  8
1
  6
CONTINUOUS
370
50
 62
4
100
AcDbLine
 10
20.255016
 20
-3.308601
 30
0.0
 11
20.255016
 21
-3.176661
 31
0.0
  0
LINE
  5
2551
330
1F
100
AcDbEntity
  8
1
  6
CONTINUOUS
370
50
 62
4
100
AcDbLine
 10
20.255016
 20
0.52503
 30
0.0
 11
20.255016
 21
1.063639
 31
0.0
  0
LINE
  5
2552
330
1F
100
AcDbEntity
  8
1
  6
CONTINUOUS
370
50
 62
4
100
AcDbLine
 10
20.629667
 20
-2.654798
 30
0.0
 11
20.629667
 21
-2.064409
 31
0.0
  0
LINE
  5
2553
330
1F
100
AcDbEntity
  8
1
  6
CONTINUOUS
370
50
 62
4
100
AcDbLine
 10
20.629667
 20
0.497917
 30
0.0
 11
20.629667
 21
1.741863
 31
0.0
  0
LINE
  5
2554
330
1F
100
AcDbEntity
  8
1
  6
CONTINUOUS
370
50
 62
4
100
AcDbLine
 10
20.784184
 20
-2.649123
 30
0.0
 11
20.784184
 21
-2.044948
 31
0.0
  0
LINE
  5
2555
330
1F
100
AcDbEntity
  8
1
  6
CONTINUOUS
370
50
 62
4
100
AcDbLine
 10
20.784184
 20
0.5272749999999999
 30
0.0
 11
20.784184
 21
1.76467
 31
0.0
  0
LINE
  5
2556
330
1F
100
AcDbEntity
  8
1
  6
CONTINUOUS
370
50
 62
4
100
AcDbLine
 10
21.158833
 20
-3.267936
 30
0.0
 11
21.158833
 21
-3.101498
 31
0.0
  0
LINE
  5
2557
330
1F
100
AcDbEntity
  8
1
  6
CONTINUOUS
370
50
 62
4
100
AcDbLine
 10
21.158833
 20
0.736947
 30
0.0
 11
21.158833
 21
1.26618
 31
0.0
  0
LINE
  5
2558
330
1F
100
AcDbEntity
  8
1
  6
CONTINUOUS
370
50
 62
4
100
AcDbLine
 10
21.313351
 20
-3.259678
 30
0.0
 11
21.313351
 21
-3.087444
 31
0.0
  0
LINE
  5
2559
330
1F
100
AcDbEntity
  8
1
  6
CONTINUOUS
370
50
 62
4
100
AcDbLine
 10
21.313351
 20
0.772656
 30
0.0
 11
21.313351
 21
1.300074
 31
0.0
  0
LINE
  5
255A
330
1F
100
AcDbEntity
  8
1
  6
CONTINUOUS
370
50
 62
4
100
AcDbLine
 10
21.688
 20
-2.609946
 30
0.0
 11
21.688
 21
-1.927573
 31
0.0
  0
LINE
  5
255B
330
1F
100
AcDbEntity
  8
1
  6
CONTINUOUS
370
50
 62
4
100
AcDbLine
 10
21.688
 20
0.695738
 30
0.0
 11
21.688
 21
1.892177
 31
0.0
  0
LINE
  5
255C
330
1F
100
AcDbEntity
  8
1
  6
CONTINUOUS
370
50
 62
4
100
AcDbLine
 10
21.842516
 20
-2.602263
 30
0.0
 11
21.842516
 21
-1.906953
 31
0.0
  0
LINE
  5
255D
330
1F
100
AcDbEntity
  8
1
  6
CONTINUOUS
370
50
 62
4
100
AcDbLine
 10
21.842516
 20
0.723947
 30
0.0
 11
21.842516
 21
1.912956
 31
0.0
  0
LINE
  5
255E
330
1F
100
AcDbEntity
  8
1
  6
CONTINUOUS
370
50
 62
4
100
AcDbLine
 10
22.217167
 20
-3.204272
 30
0.0
 11
22.217167
 21
-2.99894
 31
0.0
  0
LINE
  5
255F
330
1F
100
AcDbEntity
  8
1
  6
CONTINUOUS
370
50
 62
4
100
AcDbLine
 10
22.217167
 20
0.977313
 30
0.0
 11
22.217167
 21
1.492937
 31
0.0
  0
LINE
  5
2560
330
1F
100
AcDbEntity
  8
1
  6
CONTINUOUS
370
50
 62
4
100
AcDbLine
 10
22.371683
 20
-3.193616
 30
0.0
 11
22.371683
 21
-2.982761
 31
0.0
  0
LINE
  5
2561
330
1F
100
AcDbEntity
  8
1
  6
CONTINUOUS
370
50
 62
4
100
AcDbLine
 10
22.371683
 20
1.011592
 30
0.0
 11
22.371683
 21
1.525003
 31
0.0
  0
LINE
  5
2562
330
1F
100
AcDbEntity
  8
1
  6
CONTINUOUS
370
50
 62
4
100
AcDbLine
 10
22.746334
 20
-2.551789
 30
0.0
 11
22.746334
 21
-1.783269
 31
0.0
  0
LINE
  5
2563
330
1F
100
AcDbEntity
  8
1
  6
CONTINUOUS
370
50
 62
4
100
AcDbLine
 10
22.746334
 20
0.885577
 30
0.0
 11
22.746334
 21
2.02875
 31
0.0
  0
LINE
  5
2564
330
1F
100
AcDbEntity
  8
1
  6
CONTINUOUS
370
50
 62
4
100
AcDbLine
 10
22.90085
 20
-2.542233
 30
0.0
 11
22.90085
 21
-1.761609
 31
0.0
  0
LINE
  5
2565
330
1F
100
AcDbEntity
  8
1
  6
CONTINUOUS
370
50
 62
4
100
AcDbLine
 10
22.90085
 20
0.9126449999999999
 30
0.0
 11
22.90085
 21
2.047585
 31
0.0
  0
LINE
  5
2566
330
1F
100
AcDbEntity
  8
1
  6
CONTINUOUS
370
50
 62
4
100
AcDbLine
 10
23.275499
 20
-3.124586
 30
0.0
 11
23.275499
 21
-2.882213
 31
0.0
  0
LINE
  5
2567
330
1F
100
AcDbEntity
  8
1
  6
CONTINUOUS
370
50
 62
4
100
AcDbLine
 10
23.275499
 20
1.208081
 30
0.0
 11
23.275499
 21
1.707439
 31
0.0
  0
LINE
  5
2568
330
1F
100
AcDbEntity
  8
1
  6
CONTINUOUS
370
50
 62
4
100
AcDbLine
 10
23.430017
 20
-3.111658
 30
0.0
 11
23.430017
 21
-2.864027
 31
0.0
  0
LINE
  5
2569
330
1F
100
AcDbEntity
  8
1
  6
CONTINUOUS
370
50
 62
4
100
AcDbLine
 10
23.430017
 20
1.241002
 30
0.0
 11
23.430017
 21
1.737771
 31
0.0
  0
LINE
  5
256A
330
1F
100
AcDbEntity
  8
1
  6
CONTINUOUS
370
50
 62
4
100
AcDbLine
 10
23.804667
 20
-2.481063
 30
0.0
 11
23.804667
 21
-1.631952
 31
0.0
  0
LINE
  5
256B
330
1F
100
AcDbEntity
  8
1
  6
CONTINUOUS
370
50
 62
4
100
AcDbLine
 10
23.804667
 20
1.067801
 30
0.0
 11
23.804667
 21
2.152348
 31
0.0
  0
LINE
  5
256C
330
1F
100
AcDbEntity
  8
1
  6
CONTINUOUS
370
50
 62
4
100
AcDbLine
 10
23.959183
 20
-2.469712
 30
0.0
 11
23.959183
 21
-1.60928
 31
0.0
  0
LINE
  5
256D
330
1F
100
AcDbEntity
  8
1
  6
CONTINUOUS
370
50
 62
4
100
AcDbLine
 10
23.959183
 20
1.093798
 30
0.0
 11
23.959183
 21
2.169352
 31
0.0
  0
LINE
  5
256E
330
1F
100
AcDbEntity
  8
1
  6
CONTINUOUS
370
50
 62
4
100
AcDbLine
 10
24.333834
 20
-3.029556
 30
0.0
 11
24.333834
 21
-2.751917
 31
0.0
  0
LINE
  5
256F
330
1F
100
AcDbEntity
  8
1
  6
CONTINUOUS
370
50
 62
4
100
AcDbLine
 10
24.333834
 20
1.429788
 30
0.0
 11
24.333834
 21
1.910354
 31
0.0
  0
LINE
  5
2570
330
1F
100
AcDbEntity
  8
1
  6
CONTINUOUS
370
50
 62
4
100
AcDbLine
 10
24.48835
 20
-3.014418
 30
0.0
 11
24.48835
 21
-2.731773
 31
0.0
  0
LINE
  5
2571
330
1F
100
AcDbEntity
  8
1
  6
CONTINUOUS
370
50
 62
4
100
AcDbLine
 10
24.48835
 20
1.461433
 30
0.0
 11
24.48835
 21
1.939051
 31
0.0
  0
LINE
  5
2572
330
1F
100
AcDbEntity
  8
1
  6
CONTINUOUS
370
50
 62
4
100
AcDbLine
 10
24.863001
 20
-2.39814
 30
0.0
 11
24.863001
 21
-1.473664
 31
0.0
  0
LINE
  5
2573
330
1F
100
AcDbEntity
  8
1
  6
CONTINUOUS
370
50
 62
4
100
AcDbLine
 10
24.863001
 20
1.242898
 30
0.0
 11
24.863001
 21
2.263666
 31
0.0
  0
LINE
  5
2574
330
1F
100
AcDbEntity
  8
1
  6
CONTINUOUS
370
50
 62
4
100
AcDbLine
 10
25.017517
 20
-2.385019
 30
0.0
 11
25.017517
 21
-1.449958
 31
0.0
  0
LINE
  5
2575
330
1F
100
AcDbEntity
  8
1
  6
CONTINUOUS
370
50
 62
4
100
AcDbLine
 10
25.017517
 20
1.267895
 30
0.0
 11
25.017517
 21
2.278924
 31
0.0
  0
LINE
  5
2576
330
1F
100
AcDbEntity
  8
1
  6
CONTINUOUS
370
50
 62
4
100
AcDbLine
 10
25.392166
 20
-2.919432
 30
0.0
 11
25.392166
 21
-2.608204
 31
0.0
  0
LINE
  5
2577
330
1F
100
AcDbEntity
  8
1
  6
CONTINUOUS
370
50
 62
4
100
AcDbLine
 10
25.392166
 20
1.642991
 30
0.0
 11
25.392166
 21
2.102325
 31
0.0
  0
LINE
  5
2578
330
1F
100
AcDbEntity
  8
1
  6
CONTINUOUS
370
50
 62
4
100
AcDbLine
 10
25.546684
 20
-2.902087
 30
0.0
 11
25.546684
 21
-2.58609
 31
0.0
  0
LINE
  5
2579
330
1F
100
AcDbEntity
  8
1
  6
CONTINUOUS
370
50
 62
4
100
AcDbLine
 10
25.546684
 20
1.673437
 30
0.0
 11
25.546684
 21
2.12947
 31
0.0
  0
LINE
  5
257A
330
1F
100
AcDbEntity
  8
1
  6
CONTINUOUS
370
50
 62
4
100
AcDbLine
 10
25.921333
 20
-2.30305
 30
0.0
 11
25.921333
 21
-1.308134
 31
0.0
  0
LINE
  5
257B
330
1F
100
AcDbEntity
  8
1
  6
CONTINUOUS
370
50
 62
4
100
AcDbLine
 10
25.921333
 20
1.411323
 30
0.0
 11
25.921333
 21
2.363188
 31
0.0
  0
LINE
  5
257C
330
1F
100
AcDbEntity
  8
1
  6
CONTINUOUS
370
50
 62
4
100
AcDbLine
 10
26.07585
 20
-2.288136
 30
0.0
 11
26.07585
 21
-1.283333
 31
0.0
  0
LINE
  5
257D
330
1F
100
AcDbEntity
  8
1
  6
CONTINUOUS
370
50
 62
4
100
AcDbLine
 10
26.07585
 20
1.435377
 30
0.0
 11
26.07585
 21
2.376747
 31
0.0
  0
LINE
  5
257E
330
1F
100
AcDbEntity
  8
1
  6
CONTINUOUS
370
50
 62
4
100
AcDbLine
 10
26.4505
 20
-2.794074
 30
0.0
 11
26.4505
 21
-2.450832
 31
0.0
  0
LINE
  5
257F
330
1F
100
AcDbEntity
  8
1
  6
CONTINUOUS
370
50
 62
4
100
AcDbLine
 10
26.4505
 20
1.848148
 30
0.0
 11
26.4505
 21
2.283839
 31
0.0
  0
LINE
  5
2580
330
1F
100
AcDbEntity
  8
1
  6
CONTINUOUS
370
50
 62
4
100
AcDbLine
 10
26.605017
 20
-2.774473
 30
0.0
 11
26.605017
 21
-2.426682
 31
0.0
  0
LINE
  5
2581
330
1F
100
AcDbEntity
  8
1
  6
CONTINUOUS
370
50
 62
4
100
AcDbLine
 10
26.605017
 20
1.877445
 30
0.0
 11
26.605017
 21
2.309483
 31
0.0
  0
LINE
  5
2582
330
1F
100
AcDbEntity
  8
1
  6
CONTINUOUS
370
50
 62
4
100
AcDbLine
 10
26.979668
 20
-2.195518
 30
0.0
 11
26.979668
 21
-1.134868
 31
0.0
  0
LINE
  5
2583
330
1F
100
AcDbEntity
  8
1
  6
CONTINUOUS
370
50
 62
4
100
AcDbLine
 10
26.979668
 20
1.573395
 30
0.0
 11
26.979668
 21
2.451111
 31
0.0
  0
LINE
  5
2584
330
1F
100
AcDbEntity
  8
1
  6
CONTINUOUS
370
50
 62
4
100
AcDbLine
 10
27.134184
 20
-2.178749
 30
0.0
 11
27.134184
 21
-1.108888
 31
0.0
  0
LINE
  5
2585
330
1F
100
AcDbEntity
  8
1
  6
CONTINUOUS
370
50
 62
4
100
AcDbLine
 10
27.134184
 20
1.596535
 30
0.0
 11
27.134184
 21
2.462974
 31
0.0
  0
LINE
  5
2586
330
1F
100
AcDbEntity
  8
1
  6
CONTINUOUS
370
50
 62
4
100
AcDbLine
 10
27.508833
 20
-2.653005
 30
0.0
 11
27.508833
 21
-2.279232
 31
0.0
  0
LINE
  5
2587
330
1F
100
AcDbEntity
  8
1
  6
CONTINUOUS
370
50
 62
4
100
AcDbLine
 10
27.508833
 20
2.045498
 30
0.0
 11
27.508833
 21
2.455117
 31
0.0
  0
LINE
  5
2588
330
1F
100
AcDbEntity
  8
1
  6
CONTINUOUS
370
50
 62
4
100
AcDbLine
 10
27.663349
 20
-2.631053
 30
0.0
 11
27.663349
 21
-2.252943
 31
0.0
  0
LINE
  5
2589
330
1F
100
AcDbEntity
  8
1
  6
CONTINUOUS
370
50
 62
4
100
AcDbLine
 10
27.663349
 20
2.073658
 30
0.0
 11
27.663349
 21
2.479264
 31
0.0
  0
LINE
  5
258A
330
1F
100
AcDbEntity
  8
1
  6
CONTINUOUS
370
50
 62
4
100
AcDbLine
 10
28.038
 20
-2.075021
 30
0.0
 11
28.038
 21
-0.953248
 31
0.0
  0
LINE
  5
258B
330
1F
100
AcDbEntity
  8
1
  6
CONTINUOUS
370
50
 62
4
100
AcDbLine
 10
28.038
 20
1.729208
 30
0.0
 11
28.038
 21
2.527289
 31
0.0
  0
LINE
  5
258C
330
1F
100
AcDbEntity
  8
1
  6
CONTINUOUS
370
50
 62
4
100
AcDbLine
 10
28.192516
 20
-2.056303
 30
0.0
 11
28.192516
 21
-0.925994
 31
0.0
  0
LINE
  5
258D
330
1F
100
AcDbEntity
  8
1
  6
CONTINUOUS
370
50
 62
4
100
AcDbLine
 10
28.192516
 20
1.751425
 30
0.0
 11
28.192516
 21
2.537402
 31
0.0
  0
LINE
  5
258E
330
1F
100
AcDbEntity
  8
1
  6
CONTINUOUS
370
50
 62
4
100
AcDbLine
 10
28.567167
 20
-2.495485
 30
0.0
 11
28.567167
 21
-2.092602
 31
0.0
  0
LINE
  5
258F
330
1F
100
AcDbEntity
  8
1
  6
CONTINUOUS
370
50
 62
4
100
AcDbLine
 10
28.567167
 20
2.234962
 30
0.0
 11
28.567167
 21
2.616011
 31
0.0
  0
LINE
  5
2590
330
1F
100
AcDbEntity
  8
1
  6
CONTINUOUS
370
50
 62
4
100
AcDbLine
 10
28.721684
 20
-2.471058
 30
0.0
 11
28.721684
 21
-2.064042
 31
0.0
  0
LINE
  5
2591
330
1F
100
AcDbEntity
  8
1
  6
CONTINUOUS
370
50
 62
4
100
AcDbLine
 10
28.721684
 20
2.26194
 30
0.0
 11
28.721684
 21
2.638604
 31
0.0
  0
LINE
  5
2592
330
1F
100
AcDbEntity
  8
1
  6
CONTINUOUS
370
50
 62
4
100
AcDbLine
 10
29.096333
 20
-1.940854
 30
0.0
 11
29.096333
 21
-0.762641
 31
0.0
  0
LINE
  5
2593
330
1F
100
AcDbEntity
  8
1
  6
CONTINUOUS
370
50
 62
4
100
AcDbLine
 10
29.096333
 20
1.878552
 30
0.0
 11
29.096333
 21
2.591187
 31
0.0
  0
LINE
  5
2594
330
1F
100
AcDbEntity
  8
1
  6
CONTINUOUS
370
50
 62
4
100
AcDbLine
 10
29.250851
 20
-1.920075
 30
0.0
 11
29.250851
 21
-0.734027
 31
0.0
  0
LINE
  5
2595
330
1F
100
AcDbEntity
  8
1
  6
CONTINUOUS
370
50
 62
4
100
AcDbLine
 10
29.250851
 20
1.899785
 30
0.0
 11
29.250851
 21
2.599438
 31
0.0
  0
LINE
  5
2596
330
1F
100
AcDbEntity
  8
1
  6
CONTINUOUS
370
50
 62
4
100
AcDbLine
 10
29.6255
 20
-2.320611
 30
0.0
 11
29.6255
 21
-1.890019
 31
0.0
  0
LINE
  5
2597
330
1F
100
AcDbEntity
  8
1
  6
CONTINUOUS
370
50
 62
4
100
AcDbLine
 10
29.6255
 20
2.416044
 30
0.0
 11
29.6255
 21
2.765923
 31
0.0
  0
LINE
  5
2598
330
1F
100
AcDbEntity
  8
1
  6
CONTINUOUS
370
50
 62
4
100
AcDbLine
 10
29.780016
 20
-2.293667
 30
0.0
 11
29.780016
 21
-1.859166
 31
0.0
  0
LINE
  5
2599
330
1F
100
AcDbEntity
  8
1
  6
CONTINUOUS
370
50
 62
4
100
AcDbLine
 10
29.780016
 20
2.441638
 30
0.0
 11
29.780016
 21
2.786755
 31
0.0
  0
LINE
  5
259A
330
1F
100
AcDbEntity
  8
1
  6
CONTINUOUS
370
50
 62
4
100
AcDbLine
 10
30.154667
 20
-1.793224
 30
0.0
 11
30.154667
 21
-0.5639219999999999
 31
0.0
  0
LINE
  5
259B
330
1F
100
AcDbEntity
  8
1
  6
CONTINUOUS
370
50
 62
4
100
AcDbLine
 10
30.154667
 20
2.019956
 30
0.0
 11
30.154667
 21
2.641565
 31
0.0
  0
LINE
  5
259C
330
1F
100
AcDbEntity
  8
1
  6
CONTINUOUS
370
50
 62
4
100
AcDbLine
 10
30.309183
 20
-1.770958
 30
0.0
 11
30.309183
 21
-0.53484
 31
0.0
  0
LINE
  5
259D
330
1F
100
AcDbEntity
  8
1
  6
CONTINUOUS
370
50
 62
4
100
AcDbLine
 10
30.309183
 20
2.039505
 30
0.0
 11
30.309183
 21
2.647606
 31
0.0
  0
LINE
  5
259E
330
1F
100
AcDbEntity
  8
1
  6
CONTINUOUS
370
50
 62
4
100
AcDbLine
 10
30.683834
 20
-2.132484
 30
0.0
 11
30.683834
 21
-1.676472
 31
0.0
  0
LINE
  5
259F
330
1F
100
AcDbEntity
  8
1
  6
CONTINUOUS
370
50
 62
4
100
AcDbLine
 10
30.683834
 20
2.583605
 30
0.0
 11
30.683834
 21
2.900335
 31
0.0
  0
LINE
  5
25A0
330
1F
100
AcDbEntity
  8
1
  6
CONTINUOUS
370
50
 62
4
100
AcDbLine
 10
30.83835
 20
-2.104353
 30
0.0
 11
30.83835
 21
-1.644894
 31
0.0
  0
LINE
  5
25A1
330
1F
100
AcDbEntity
  8
1
  6
CONTINUOUS
370
50
 62
4
100
AcDbLine
 10
30.83835
 20
2.606569
 30
0.0
 11
30.83835
 21
2.91836
 31
0.0
  0
LINE
  5
25A2
330
1F
100
AcDbEntity
  8
1
  6
CONTINUOUS
370
50
 62
4
100
AcDbLine
 10
31.212999
 20
-1.638093
 30
0.0
 11
31.212999
 21
-0.36561
 31
0.0
  0
LINE
  5
25A3
330
1F
100
AcDbEntity
  8
1
  6
CONTINUOUS
370
50
 62
4
100
AcDbLine
 10
31.212999
 20
2.147679
 30
0.0
 11
31.212999
 21
2.676229
 31
0.0
  0
LINE
  5
25A4
330
1F
100
AcDbEntity
  8
1
  6
CONTINUOUS
370
50
 62
4
100
AcDbLine
 10
31.367517
 20
-1.614954
 30
0.0
 11
31.367517
 21
-0.336843
 31
0.0
  0
LINE
  5
25A5
330
1F
100
AcDbEntity
  8
1
  6
CONTINUOUS
370
50
 62
4
100
AcDbLine
 10
31.367517
 20
2.165132
 30
0.0
 11
31.367517
 21
2.680001
 31
0.0
  0
LINE
  5
25A6
330
1F
100
AcDbEntity
  8
1
  6
CONTINUOUS
370
50
 62
4
100
AcDbLine
 10
31.742167
 20
-1.936735
 30
0.0
 11
31.742167
 21
-1.458439
 31
0.0
  0
LINE
  5
25A7
330
1F
100
AcDbEntity
  8
1
  6
CONTINUOUS
370
50
 62
4
100
AcDbLine
 10
31.742167
 20
2.733415
 30
0.0
 11
31.742167
 21
3.015867
 31
0.0
  0
LINE
  5
25A8
330
1F
100
AcDbEntity
  8
1
  6
CONTINUOUS
370
50
 62
4
100
AcDbLine
 10
31.896683
 20
-1.907579
 30
0.0
 11
31.896683
 21
-1.426288
 31
0.0
  0
LINE
  5
25A9
330
1F
100
AcDbEntity
  8
1
  6
CONTINUOUS
370
50
 62
4
100
AcDbLine
 10
31.896683
 20
2.753841
 30
0.0
 11
31.896683
 21
3.031205
 31
0.0
  0
LINE
  5
25AA
330
1F
100
AcDbEntity
  8
1
  6
CONTINUOUS
370
50
 62
4
100
AcDbLine
 10
32.271332
 20
-1.477321
 30
0.0
 11
32.271332
 21
-0.169633
 31
0.0
  0
LINE
  5
25AB
330
1F
100
AcDbEntity
  8
1
  6
CONTINUOUS
370
50
 62
4
100
AcDbLine
 10
32.271332
 20
2.261281
 30
0.0
 11
32.271332
 21
2.695755
 31
0.0
  0
LINE
  5
25AC
330
1F
100
AcDbEntity
  8
1
  6
CONTINUOUS
370
50
 62
4
100
AcDbLine
 10
32.42585
 20
-1.453416
 30
0.0
 11
32.42585
 21
-0.141232
 31
0.0
  0
LINE
  5
25AD
330
1F
100
AcDbEntity
  8
1
  6
CONTINUOUS
370
50
 62
4
100
AcDbLine
 10
32.42585
 20
2.27672
 30
0.0
 11
32.42585
 21
2.697392
 31
0.0
  0
LINE
  5
25AE
330
1F
100
AcDbEntity
  8
1
  6
CONTINUOUS
370
50
 62
4
100
AcDbLine
 10
32.80049899999999
 20
-1.734301
 30
0.0
 11
32.80049899999999
 21
-1.23678
 31
0.0
  0
LINE
  5
25AF
330
1F
100
AcDbEntity
  8
1
  6
CONTINUOUS
370
50
 62
4
100
AcDbLine
 10
32.80049899999999
 20
2.86613
 30
0.0
 11
32.80049899999999
 21
3.113338
 31
0.0
  0
LINE
  5
25B0
330
1F
100
AcDbEntity
  8
1
  6
CONTINUOUS
370
50
 62
4
100
AcDbLine
 10
32.955017
 20
-1.704225
 30
0.0
 11
32.955017
 21
-1.204147
 31
0.0
  0
LINE
  5
25B1
330
1F
100
AcDbEntity
  8
1
  6
CONTINUOUS
370
50
 62
4
100
AcDbLine
 10
32.955017
 20
2.884115
 30
0.0
 11
32.955017
 21
3.126105
 31
0.0
  0
LINE
  5
25B2
330
1F
100
AcDbEntity
  8
1
  6
CONTINUOUS
370
50
 62
4
100
AcDbLine
 10
33.329666
 20
-1.311504
 30
0.0
 11
33.329666
 21
0.023794
 31
0.0
  0
LINE
  5
25B3
330
1F
100
AcDbEntity
  8
1
  6
CONTINUOUS
370
50
 62
4
100
AcDbLine
 10
33.329666
 20
-2.701087
 30
0.0
 11
33.329666
 21
-2.700982
 31
0.0
  0
LINE
  5
25B4
330
1F
100
AcDbEntity
  8
1
  6
CONTINUOUS
370
50
 62
4
100
AcDbLine
 10
33.329666
 20
2.361319
 30
0.0
 11
33.329666
 21
2.701087
 31
0.0
  0
LINE
  5
25B5
330
1F
100
AcDbEntity
  8
1
  6
CONTINUOUS
370
50
 62
4
100
AcDbLine
 10
33.484184
 20
-1.286894
 30
0.0
 11
33.484184
 21
0.05182
 31
0.0
  0
LINE
  5
25B6
330
1F
100
AcDbEntity
  8
1
  6
CONTINUOUS
370
50
 62
4
100
AcDbLine
 10
33.484184
 20
-2.701087
 30
0.0
 11
33.484184
 21
-2.70059
 31
0.0
  0
LINE
  5
25B7
330
1F
100
AcDbEntity
  8
1
  6
CONTINUOUS
370
50
 62
4
100
AcDbLine
 10
33.484184
 20
2.374821
 30
0.0
 11
33.484184
 21
2.701087
 31
0.0
  0
LINE
  5
25B8
330
1F
100
AcDbEntity
  8
1
  6
CONTINUOUS
370
50
 62
4
100
AcDbLine
 10
33.858833
 20
-1.525747
 30
0.0
 11
33.858833
 21
-1.011965
 31
0.0
  0
LINE
  5
25B9
330
1F
100
AcDbEntity
  8
1
  6
CONTINUOUS
370
50
 62
4
100
AcDbLine
 10
33.858833
 20
2.982381
 30
0.0
 11
33.858833
 21
3.193498
 31
0.0
  0
LINE
  5
25BA
330
1F
100
AcDbEntity
  8
1
  6
CONTINUOUS
370
50
 62
4
100
AcDbLine
 10
34.013351
 20
-1.494804
 30
0.0
 11
34.013351
 21
-0.978891
 31
0.0
  0
LINE
  5
25BB
330
1F
100
AcDbEntity
  8
1
  6
CONTINUOUS
370
50
 62
4
100
AcDbLine
 10
34.013351
 20
2.998009
 30
0.0
 11
34.013351
 21
3.20379
 31
0.0
  0
LINE
  5
25BC
330
1F
100
AcDbEntity
  8
1
  6
CONTINUOUS
370
50
 62
4
100
AcDbLine
 10
34.388
 20
-1.140952
 30
0.0
 11
34.388
 21
0.214696
 31
0.0
  0
LINE
  5
25BD
330
1F
100
AcDbEntity
  8
1
  6
CONTINUOUS
370
50
 62
4
100
AcDbLine
 10
34.388
 20
-2.701087
 30
0.0
 11
34.388
 21
-2.692541
 31
0.0
  0
LINE
  5
25BE
330
1F
100
AcDbEntity
  8
1
  6
CONTINUOUS
370
50
 62
4
100
AcDbLine
 10
34.388
 20
2.448285
 30
0.0
 11
34.388
 21
2.701087
 31
0.0
  0
LINE
  5
25BF
330
1F
100
AcDbEntity
  8
1
  6
CONTINUOUS
370
50
 62
4
100
AcDbLine
 10
34.542515
 20
-1.115663
 30
0.0
 11
34.542515
 21
0.242366
 31
0.0
  0
LINE
  5
25C0
330
1F
100
AcDbEntity
  8
1
  6
CONTINUOUS
370
50
 62
4
100
AcDbLine
 10
34.542515
 20
-2.701087
 30
0.0
 11
34.542515
 21
-2.690192
 31
0.0
  0
LINE
  5
25C1
330
1F
100
AcDbEntity
  8
1
  6
CONTINUOUS
370
50
 62
4
100
AcDbLine
 10
34.542515
 20
2.459912
 30
0.0
 11
34.542515
 21
2.701087
 31
0.0
  0
LINE
  5
25C2
330
1F
100
AcDbEntity
  8
1
  6
CONTINUOUS
370
50
 62
4
100
AcDbLine
 10
34.917168
 20
-1.311327
 30
0.0
 11
34.917168
 21
-0.7841589999999999
 31
0.0
  0
LINE
  5
25C3
330
1F
100
AcDbEntity
  8
1
  6
CONTINUOUS
370
50
 62
4
100
AcDbLine
 10
34.917168
 20
3.082681
 30
0.0
 11
34.917168
 21
3.25693
 31
0.0
  0
LINE
  5
25C4
330
1F
100
AcDbEntity
  8
1
  6
CONTINUOUS
370
50
 62
4
100
AcDbLine
 10
35.071682
 20
-1.279536
 30
0.0
 11
35.071682
 21
-0.750648
 31
0.0
  0
LINE
  5
25C5
330
1F
100
AcDbEntity
  8
1
  6
CONTINUOUS
370
50
 62
4
100
AcDbLine
 10
35.071682
 20
3.096012
 30
0.0
 11
35.071682
 21
3.264817
 31
0.0
  0
LINE
  5
25C6
330
1F
100
AcDbEntity
  8
1
  6
CONTINUOUS
370
50
 62
4
100
AcDbLine
 10
35.446335
 20
-0.965754
 30
0.0
 11
35.446335
 21
0.403244
 31
0.0
  0
LINE
  5
25C7
330
1F
100
AcDbEntity
  8
1
  6
CONTINUOUS
370
50
 62
4
100
AcDbLine
 10
35.446335
 20
-2.701087
 30
0.0
 11
35.446335
 21
-2.670817
 31
0.0
  0
LINE
  5
25C8
330
1F
100
AcDbEntity
  8
1
  6
CONTINUOUS
370
50
 62
4
100
AcDbLine
 10
35.446335
 20
2.522537
 30
0.0
 11
35.446335
 21
2.701087
 31
0.0
  0
LINE
  5
25C9
330
1F
100
AcDbEntity
  8
1
  6
CONTINUOUS
370
50
 62
4
100
AcDbLine
 10
35.600849
 20
-0.939784
 30
0.0
 11
35.600849
 21
0.430589
 31
0.0
  0
LINE
  5
25CA
330
1F
100
AcDbEntity
  8
1
  6
CONTINUOUS
370
50
 62
4
100
AcDbLine
 10
35.600849
 20
-2.701087
 30
0.0
 11
35.600849
 21
-2.666546
 31
0.0
  0
LINE
  5
25CB
330
1F
100
AcDbEntity
  8
1
  6
CONTINUOUS
370
50
 62
4
100
AcDbLine
 10
35.600849
 20
2.532327
 30
0.0
 11
35.600849
 21
2.701087
 31
0.0
  0
LINE
  5
25CC
330
1F
100
AcDbEntity
  8
1
  6
CONTINUOUS
370
50
 62
4
100
AcDbLine
 10
35.975498
 20
-1.091074
 30
0.0
 11
35.975498
 21
-0.5533129999999999
 31
0.0
  0
LINE
  5
25CD
330
1F
100
AcDbEntity
  8
1
  6
CONTINUOUS
370
50
 62
4
100
AcDbLine
 10
35.975498
 20
3.167342
 30
0.0
 11
35.975498
 21
3.303989
 31
0.0
  0
LINE
  5
25CE
330
1F
100
AcDbEntity
  8
1
  6
CONTINUOUS
370
50
 62
4
100
AcDbLine
 10
36.130016
 20
-1.058423
 30
0.0
 11
36.130016
 21
-0.519346
 31
0.0
  0
LINE
  5
25CF
330
1F
100
AcDbEntity
  8
1
  6
CONTINUOUS
370
50
 62
4
100
AcDbLine
 10
36.130016
 20
3.178402
 30
0.0
 11
36.130016
 21
3.309498
 31
0.0
  0
LINE
  5
25D0
330
1F
100
AcDbEntity
  8
1
  6
CONTINUOUS
370
50
 62
4
100
AcDbLine
 10
36.504665
 20
-0.7858459999999999
 30
0.0
 11
36.504665
 21
0.5896589999999999
 31
0.0
  0
LINE
  5
25D1
330
1F
100
AcDbEntity
  8
1
  6
CONTINUOUS
370
50
 62
4
100
AcDbLine
 10
36.504665
 20
-2.701087
 30
0.0
 11
36.504665
 21
-2.635939
 31
0.0
  0
LINE
  5
25D2
330
1F
100
AcDbEntity
  8
1
  6
CONTINUOUS
370
50
 62
4
100
AcDbLine
 10
36.504665
 20
2.584244
 30
0.0
 11
36.504665
 21
2.701087
 31
0.0
  0
LINE
  5
25D3
330
1F
100
AcDbEntity
  8
1
  6
CONTINUOUS
370
50
 62
4
100
AcDbLine
 10
36.659184
 20
-0.759178
 30
0.0
 11
36.659184
 21
0.616709
 31
0.0
  0
LINE
  5
25D4
330
1F
100
AcDbEntity
  8
1
  6
CONTINUOUS
370
50
 62
4
100
AcDbLine
 10
36.659184
 20
-2.701087
 30
0.0
 11
36.659184
 21
-2.629742
 31
0.0
  0
LINE
  5
25D5
330
1F
100
AcDbEntity
  8
1
  6
CONTINUOUS
370
50
 62
4
100
AcDbLine
 10
36.659184
 20
2.592204
 30
0.0
 11
36.659184
 21
2.701087
 31
0.0
  0
LINE
  5
25D6
330
1F
100
AcDbEntity
  8
1
  6
CONTINUOUS
370
50
 62
4
100
AcDbLine
 10
37.033833
 20
-0.8648779999999999
 30
0.0
 11
37.033833
 21
-0.319266
 31
0.0
  0
LINE
  5
25D7
330
1F
100
AcDbEntity
  8
1
  6
CONTINUOUS
370
50
 62
4
100
AcDbLine
 10
37.033833
 20
3.236431
 30
0.0
 11
37.033833
 21
3.334752
 31
0.0
  0
LINE
  5
25D8
330
1F
100
AcDbEntity
  8
1
  6
CONTINUOUS
370
50
 62
4
100
AcDbLine
 10
37.188351
 20
-0.831347
 30
0.0
 11
37.188351
 21
-0.284816
 31
0.0
  0
LINE
  5
25D9
330
1F
100
AcDbEntity
  8
1
  6
CONTINUOUS
370
50
 62
4
100
AcDbLine
 10
37.188351
 20
3.245206
 30
0.0
 11
37.188351
 21
3.337871
 31
0.0
  0
LINE
  5
25DA
330
1F
100
AcDbEntity
  8
1
  6
CONTINUOUS
370
50
 62
4
100
AcDbLine
 10
37.563
 20
-0.6010909999999999
 30
0.0
 11
37.563
 21
0.774119
 31
0.0
  0
LINE
  5
25DB
330
1F
100
AcDbEntity
  8
1
  6
CONTINUOUS
370
50
 62
4
100
AcDbLine
 10
37.563
 20
-2.701087
 30
0.0
 11
37.563
 21
-2.587781
 31
0.0
  0
LINE
  5
25DC
330
1F
100
AcDbEntity
  8
1
  6
CONTINUOUS
370
50
 62
4
100
AcDbLine
 10
37.563
 20
2.633356
 30
0.0
 11
37.563
 21
2.701087
 31
0.0
  0
LINE
  5
25DD
330
1F
100
AcDbEntity
  8
1
  6
CONTINUOUS
370
50
 62
4
100
AcDbLine
 10
37.717518
 20
-0.5737019999999999
 30
0.0
 11
37.717518
 21
0.8008919999999999
 31
0.0
  0
LINE
  5
25DE
330
1F
100
AcDbEntity
  8
1
  6
CONTINUOUS
370
50
 62
4
100
AcDbLine
 10
37.717518
 20
-2.701087
 30
0.0
 11
37.717518
 21
-2.579621
 31
0.0
  0
LINE
  5
25DF
330
1F
100
AcDbEntity
  8
1
  6
CONTINUOUS
370
50
 62
4
100
AcDbLine
 10
37.717518
 20
2.639458
 30
0.0
 11
37.717518
 21
2.701087
 31
0.0
  0
LINE
  5
25E0
330
1F
100
AcDbEntity
  8
1
  6
CONTINUOUS
370
50
 62
4
100
AcDbLine
 10
38.092167
 20
-0.632589
 30
0.0
 11
38.092167
 21
-0.081843
 31
0.0
  0
LINE
  5
25E1
330
1F
100
AcDbEntity
  8
1
  6
CONTINUOUS
370
50
 62
4
100
AcDbLine
 10
38.092167
 20
3.289731
 30
0.0
 11
38.092167
 21
3.349
 31
0.0
  0
LINE
  5
25E2
330
1F
100
AcDbEntity
  8
1
  6
CONTINUOUS
370
50
 62
4
100
AcDbLine
 10
38.246685
 20
-0.598158
 30
0.0
 11
38.246685
 21
-0.046891
 31
0.0
  0
LINE
  5
25E3
330
1F
100
AcDbEntity
  8
1
  6
CONTINUOUS
370
50
 62
4
100
AcDbLine
 10
38.246685
 20
3.296165
 30
0.0
 11
38.246685
 21
3.349672
 31
0.0
  0
LINE
  5
25E4
330
1F
100
AcDbEntity
  8
1
  6
CONTINUOUS
370
50
 62
4
100
AcDbLine
 10
38.621334
 20
-0.411346
 30
0.0
 11
38.621334
 21
0.956684
 31
0.0
  0
LINE
  5
25E5
330
1F
100
AcDbEntity
  8
1
  6
CONTINUOUS
370
50
 62
4
100
AcDbLine
 10
38.621334
 20
-2.701087
 30
0.0
 11
38.621334
 21
-2.52599
 31
0.0
  0
LINE
  5
25E6
330
1F
100
AcDbEntity
  8
1
  6
CONTINUOUS
370
50
 62
4
100
AcDbLine
 10
38.621334
 20
2.669582
 30
0.0
 11
38.621334
 21
2.701087
 31
0.0
  0
LINE
  5
25E7
330
1F
100
AcDbEntity
  8
1
  6
CONTINUOUS
370
50
 62
4
100
AcDbLine
 10
38.775848
 20
-0.383162
 30
0.0
 11
38.775848
 21
0.983235
 31
0.0
  0
LINE
  5
25E8
330
1F
100
AcDbEntity
  8
1
  6
CONTINUOUS
370
50
 62
4
100
AcDbLine
 10
38.775848
 20
-2.701087
 30
0.0
 11
38.775848
 21
-2.515774
 31
0.0
  0
LINE
  5
25E9
330
1F
100
AcDbEntity
  8
1
  6
CONTINUOUS
370
50
 62
4
100
AcDbLine
 10
38.775848
 20
2.673772
 30
0.0
 11
38.775848
 21
2.701087
 31
0.0
  0
LINE
  5
25EA
330
1F
100
AcDbEntity
  8
1
  6
CONTINUOUS
370
50
 62
4
100
AcDbLine
 10
39.150501
 20
-0.393507
 30
0.0
 11
39.150501
 21
0.15967
 31
0.0
  0
LINE
  5
25EB
330
1F
100
AcDbEntity
  8
1
  6
CONTINUOUS
370
50
 62
4
100
AcDbLine
 10
39.150501
 20
-3.35
 30
0.0
 11
39.150501
 21
-3.346193
 31
0.0
  0
LINE
  5
25EC
330
1F
100
AcDbEntity
  8
1
  6
CONTINUOUS
370
50
 62
4
100
AcDbLine
 10
39.150501
 20
3.326808
 30
0.0
 11
39.150501
 21
3.35
 31
0.0
  0
LINE
  5
25ED
330
1F
100
AcDbEntity
  8
1
  6
CONTINUOUS
370
50
 62
4
100
AcDbLine
 10
39.30501599999999
 20
-0.357801
 30
0.0
 11
39.30501599999999
 21
0.195512
 31
0.0
  0
LINE
  5
25EE
330
1F
100
AcDbEntity
  8
1
  6
CONTINUOUS
370
50
 62
4
100
AcDbLine
 10
39.30501599999999
 20
-3.35
 30
0.0
 11
39.30501599999999
 21
-3.34429
 31
0.0
  0
LINE
  5
25EF
330
1F
100
AcDbEntity
  8
1
  6
CONTINUOUS
370
50
 62
4
100
AcDbLine
 10
39.30501599999999
 20
3.330837
 30
0.0
 11
39.30501599999999
 21
3.35
 31
0.0
  0
LINE
  5
25F0
330
1F
100
AcDbEntity
  8
1
  6
CONTINUOUS
370
50
 62
4
100
AcDbLine
 10
39.679668
 20
-0.214679
 30
0.0
 11
39.679668
 21
1.139057
 31
0.0
  0
LINE
  5
25F1
330
1F
100
AcDbEntity
  8
1
  6
CONTINUOUS
370
50
 62
4
100
AcDbLine
 10
39.679668
 20
-2.701087
 30
0.0
 11
39.679668
 21
-2.449167
 31
0.0
  0
LINE
  5
25F2
330
1F
100
AcDbEntity
  8
1
  6
CONTINUOUS
370
50
 62
4
100
AcDbLine
 10
39.679668
 20
2.692543
 30
0.0
 11
39.679668
 21
2.701087
 31
0.0
  0
LINE
  5
25F3
330
1F
100
AcDbEntity
  8
1
  6
CONTINUOUS
370
50
 62
4
100
AcDbLine
 10
39.834183
 20
-0.185206
 30
0.0
 11
39.834183
 21
1.165813
 31
0.0
  0
LINE
  5
25F4
330
1F
100
AcDbEntity
  8
1
  6
CONTINUOUS
370
50
 62
4
100
AcDbLine
 10
39.834183
 20
-2.701087
 30
0.0
 11
39.834183
 21
-2.436545
 31
0.0
  0
LINE
  5
25F5
330
1F
100
AcDbEntity
  8
1
  6
CONTINUOUS
370
50
 62
4
100
AcDbLine
 10
39.834183
 20
2.69473
 30
0.0
 11
39.834183
 21
2.701087
 31
0.0
  0
LINE
  5
25F6
330
1F
100
AcDbEntity
  8
1
  6
CONTINUOUS
370
50
 62
4
100
AcDbLine
 10
40.208832
 20
-0.144073
 30
0.0
 11
40.208832
 21
0.408909
 31
0.0
  0
LINE
  5
25F7
330
1F
100
AcDbEntity
  8
1
  6
CONTINUOUS
370
50
 62
4
100
AcDbLine
 10
40.208832
 20
-3.35
 30
0.0
 11
40.208832
 21
-3.32495
 31
0.0
  0
LINE
  5
25F8
330
1F
100
AcDbEntity
  8
1
  6
CONTINUOUS
370
50
 62
4
100
AcDbLine
 10
40.208832
 20
3.3469
 30
0.0
 11
40.208832
 21
3.35
 31
0.0
  0
LINE
  5
25F9
330
1F
100
AcDbEntity
  8
1
  6
CONTINUOUS
370
50
 62
4
100
AcDbLine
 10
40.36335
 20
-0.106649
 30
0.0
 11
40.36335
 21
0.44608
 31
0.0
  0
LINE
  5
25FA
330
1F
100
AcDbEntity
  8
1
  6
CONTINUOUS
370
50
 62
4
100
AcDbLine
 10
40.36335
 20
-3.35
 30
0.0
 11
40.36335
 21
-3.320168
 31
0.0
  0
LINE
  5
25FB
330
1F
100
AcDbEntity
  8
1
  6
CONTINUOUS
370
50
 62
4
100
AcDbLine
 10
40.36335
 20
3.348302
 30
0.0
 11
40.36335
 21
3.35
 31
0.0
  0
LINE
  5
25FC
330
1F
100
AcDbEntity
  8
1
  6
CONTINUOUS
370
50
 62
4
100
AcDbLine
 10
40.729912
 20
-0.70653
 30
0.0
 11
40.729912
 21
-0.544061
 31
0.0
  0
LINE
  5
25FD
330
1F
100
AcDbEntity
  8
1
  6
CONTINUOUS
370
50
 62
4
100
AcDbLine
 10
40.729912
 20
1.59549
 30
0.0
 11
40.729912
 21
1.647986
 31
0.0
  0
LINE
  5
25FE
330
1F
100
AcDbEntity
  8
1
  6
CONTINUOUS
370
50
 62
4
100
AcDbLine
 10
40.729912
 20
1.59549
 30
0.0
 11
40.729912
 21
1.647986
 31
0.0
  0
LINE
  5
25FF
330
1F
100
AcDbEntity
  8
1
  6
CONTINUOUS
370
50
 62
4
100
AcDbLine
 10
40.73799899999999
 20
-2.701087
 30
0.0
 11
40.73799899999999
 21
1.596194
 31
0.0
  0
LINE
  5
2600
330
1F
100
AcDbEntity
  8
1
  6
CONTINUOUS
370
50
 62
4
100
AcDbLine
 10
40.73799899999999
 20
2.701074
 30
0.0
 11
40.73799899999999
 21
2.701087
 31
0.0
  0
LINE
  5
2601
330
1F
100
AcDbEntity
  8
1
  6
CONTINUOUS
370
50
 62
4
100
AcDbLine
 10
40.73799899999999
 20
2.675356
 30
0.0
 11
40.73799899999999
 21
2.701074
 31
0.0
  0
LINE
  5
2602
330
1F
100
AcDbEntity
  8
1
  6
CONTINUOUS
370
50
 62
4
100
AcDbLine
 10
40.73799899999999
 20
2.649638
 30
0.0
 11
40.73799899999999
 21
2.675356
 31
0.0
  0
LINE
  5
2603
330
1F
100
AcDbEntity
  8
1
  6
CONTINUOUS
370
50
 62
4
100
AcDbLine
 10
40.73799899999999
 20
2.623921
 30
0.0
 11
40.73799899999999
 21
2.649638
 31
0.0
  0
LINE
  5
2604
330
1F
100
AcDbEntity
  8
1
  6
CONTINUOUS
370
50
 62
4
100
AcDbLine
 10
40.73799899999999
 20
2.598203
 30
0.0
 11
40.73799899999999
 21
2.623921
 31
0.0
  0
LINE
  5
2605
330
1F
100
AcDbEntity
  8
1
  6
CONTINUOUS
370
50
 62
4
100
AcDbLine
 10
40.73799899999999
 20
2.572485
 30
0.0
 11
40.73799899999999
 21
2.598203
 31
0.0
  0
LINE
  5
2606
330
1F
100
AcDbEntity
  8
1
  6
CONTINUOUS
370
50
 62
4
100
AcDbLine
 10
40.73799899999999
 20
2.546767
 30
0.0
 11
40.73799899999999
 21
2.572485
 31
0.0
  0
LINE
  5
2607
330
1F
100
AcDbEntity
  8
1
  6
CONTINUOUS
370
50
 62
4
100
AcDbLine
 10
40.73799899999999
 20
2.521049
 30
0.0
 11
40.73799899999999
 21
2.546767
 31
0.0
  0
LINE
  5
2608
330
1F
100
AcDbEntity
  8
1
  6
CONTINUOUS
370
50
 62
4
100
AcDbLine
 10
40.73799899999999
 20
2.464127
 30
0.0
 11
40.73799899999999
 21
2.521049
 31
0.0
  0
LINE
  5
2609
330
1F
100
AcDbEntity
  8
1
  6
CONTINUOUS
370
50
 62
4
100
AcDbLine
 10
40.73799899999999
 20
2.407482
 30
0.0
 11
40.73799899999999
 21
2.464127
 31
0.0
  0
LINE
  5
260A
330
1F
100
AcDbEntity
  8
1
  6
CONTINUOUS
370
50
 62
4
100
AcDbLine
 10
40.73799899999999
 20
2.351263
 30
0.0
 11
40.73799899999999
 21
2.407482
 31
0.0
  0
LINE
  5
260B
330
1F
100
AcDbEntity
  8
1
  6
CONTINUOUS
370
50
 62
4
100
AcDbLine
 10
40.73799899999999
 20
2.295615
 30
0.0
 11
40.73799899999999
 21
2.351263
 31
0.0
  0
LINE
  5
260C
330
1F
100
AcDbEntity
  8
1
  6
CONTINUOUS
370
50
 62
4
100
AcDbLine
 10
40.73799899999999
 20
2.240685
 30
0.0
 11
40.73799899999999
 21
2.295615
 31
0.0
  0
LINE
  5
260D
330
1F
100
AcDbEntity
  8
1
  6
CONTINUOUS
370
50
 62
4
100
AcDbLine
 10
40.73799899999999
 20
2.186619
 30
0.0
 11
40.73799899999999
 21
2.240685
 31
0.0
  0
LINE
  5
260E
330
1F
100
AcDbEntity
  8
1
  6
CONTINUOUS
370
50
 62
4
100
AcDbLine
 10
40.73799899999999
 20
2.133587
 30
0.0
 11
40.73799899999999
 21
2.186619
 31
0.0
  0
LINE
  5
260F
330
1F
100
AcDbEntity
  8
1
  6
CONTINUOUS
370
50
 62
4
100
AcDbLine
 10
40.73799899999999
 20
2.081954
 30
0.0
 11
40.73799899999999
 21
2.133587
 31
0.0
  0
LINE
  5
2610
330
1F
100
AcDbEntity
  8
1
  6
CONTINUOUS
370
50
 62
4
100
AcDbLine
 10
40.73799899999999
 20
2.031901
 30
0.0
 11
40.73799899999999
 21
2.081954
 31
0.0
  0
LINE
  5
2611
330
1F
100
AcDbEntity
  8
1
  6
CONTINUOUS
370
50
 62
4
100
AcDbLine
 10
40.73799899999999
 20
1.983552
 30
0.0
 11
40.73799899999999
 21
2.031901
 31
0.0
  0
LINE
  5
2612
330
1F
100
AcDbEntity
  8
1
  6
CONTINUOUS
370
50
 62
4
100
AcDbLine
 10
40.73799899999999
 20
1.937033
 30
0.0
 11
40.73799899999999
 21
1.983552
 31
0.0
  0
LINE
  5
2613
330
1F
100
AcDbEntity
  8
1
  6
CONTINUOUS
370
50
 62
4
100
AcDbLine
 10
40.73799899999999
 20
1.892468
 30
0.0
 11
40.73799899999999
 21
1.937033
 31
0.0
  0
LINE
  5
2614
330
1F
100
AcDbEntity
  8
1
  6
CONTINUOUS
370
50
 62
4
100
AcDbLine
 10
40.73799899999999
 20
1.849983
 30
0.0
 11
40.73799899999999
 21
1.892468
 31
0.0
  0
LINE
  5
2615
330
1F
100
AcDbEntity
  8
1
  6
CONTINUOUS
370
50
 62
4
100
AcDbLine
 10
40.73799899999999
 20
1.809772
 30
0.0
 11
40.73799899999999
 21
1.849983
 31
0.0
  0
LINE
  5
2616
330
1F
100
AcDbEntity
  8
1
  6
CONTINUOUS
370
50
 62
4
100
AcDbLine
 10
40.73799899999999
 20
1.772082
 30
0.0
 11
40.73799899999999
 21
1.809772
 31
0.0
  0
LINE
  5
2617
330
1F
100
AcDbEntity
  8
1
  6
CONTINUOUS
370
50
 62
4
100
AcDbLine
 10
40.73799899999999
 20
1.737005
 30
0.0
 11
40.73799899999999
 21
1.772082
 31
0.0
  0
LINE
  5
2618
330
1F
100
AcDbEntity
  8
1
  6
CONTINUOUS
370
50
 62
4
100
AcDbLine
 10
40.73799899999999
 20
1.704627
 30
0.0
 11
40.73799899999999
 21
1.737005
 31
0.0
  0
LINE
  5
2619
330
1F
100
AcDbEntity
  8
1
  6
CONTINUOUS
370
50
 62
4
100
AcDbLine
 10
40.73799899999999
 20
1.675037
 30
0.0
 11
40.73799899999999
 21
1.704627
 31
0.0
  0
LINE
  5
261A
330
1F
100
AcDbEntity
  8
1
  6
CONTINUOUS
370
50
 62
4
100
AcDbLine
 10
40.73799899999999
 20
1.648321
 30
0.0
 11
40.73799899999999
 21
1.675037
 31
0.0
  0
LINE
  5
261B
330
1F
100
AcDbEntity
  8
1
  6
CONTINUOUS
370
50
 62
4
100
AcDbLine
 10
40.73799899999999
 20
1.596195
 30
0.0
 11
40.73799899999999
 21
1.648321
 31
0.0
  0
LINE
  5
261C
330
1F
100
AcDbEntity
  8
1
  6
CONTINUOUS
370
50
 62
4
100
AcDbLine
 10
40.73799899999999
 20
2.701074
 30
0.0
 11
40.73799899999999
 21
2.701087
 31
0.0
  0
ELLIPSE
  5
261D
330
1F
100
AcDbEntity
  8
1
  6
CONTINUOUS
370
50
 62
4
100
AcDbEllipse
 10
23.343203
 20
-12.894401
 30
0.0
 11
-23.21226401908359
 21
2.563353827189995
 31
0.0
210
0.0
220
0.0
230
0.9999999999999999
 40
0.3999786072650653
 41
4.995461527857485
 42
5.048206780829993
  0
ELLIPSE
  5
261E
330
1F
100
AcDbEntity
  8
1
  6
CONTINUOUS
370
50
 62
4
100
AcDbEllipse
 10
23.343203
 20
-12.894401
 30
0.0
 11
-23.21226401908359
 21
2.563353827189995
 31
0.0
210
0.0
220
0.0
230
0.9999999999999999
 40
0.3999786072650653
 41
5.06377776584733
 42
5.156541385512133
  0
ELLIPSE
  5
261F
330
1F
100
AcDbEntity
  8
1
  6
CONTINUOUS
370
50
 62
4
100
AcDbEllipse
 10
23.343203
 20
21.419184
 30
0.0
 11
-22.64799502417877
 21
5.696341903867999
 31
0.0
210
0.0
220
0.0
230
0.9999999999999998
 40
0.9109865576436385
 41
1.396025382659977
 42
1.48878899789935
  0
ELLIPSE
  5
2620
330
1F
100
AcDbEntity
  8
1
  6
CONTINUOUS
370
50
 62
4
100
AcDbEllipse
 10
23.343203
 20
21.419184
 30
0.0
 11
-22.64799502417877
 21
5.696341903867999
 31
0.0
210
0.0
220
0.0
230
0.9999999999999998
 40
0.9109865576436385
 41
1.504359982113869
 42
1.557105232258519
  0
ELLIPSE
  5
2621
330
1F
100
AcDbEntity
  8
1
  6
CONTINUOUS
370
50
 62
4
100
AcDbEllipse
 10
23.595866
 20
-10.606424
 30
0.0
 11
-23.39110495441129
 21
2.583103412825215
 31
0.0
210
0.0
220
0.0
230
1.0
 40
0.3999785821892069
 41
4.975053835959905
 42
5.241771940070568
  0
ELLIPSE
  5
2622
330
1F
100
AcDbEntity
  8
1
  6
CONTINUOUS
370
50
 62
4
100
AcDbEllipse
 10
23.724749
 20
-9.439333
 30
0.0
 11
-22.98924800629389
 21
2.538725943006124
 31
0.0
210
0.0
220
0.0
230
0.9999999999999999
 40
0.3999785897736752
 41
4.984683320058464
 42
5.178486053072048
  0
ELLIPSE
  5
2623
330
1F
100
AcDbEntity
  8
1
  6
CONTINUOUS
370
50
 62
4
100
AcDbEllipse
 10
23.724749
 20
22.93617
 30
0.0
 11
-22.43039995521114
 21
5.641613178075329
 31
0.0
210
0.0
220
0.0
230
1.0
 40
0.9109865667180981
 41
1.374080696581352
 42
1.56788342810427
  0
LINE
  5
2624
330
1F
100
AcDbEntity
  8
CUT
  6
CONTINUOUS
370
25
 62
1
100
AcDbLine
 10
18.52
 20
1.5075
 30
0.0
 11
40.72799999999999
 21
1.5075
 31
0.0
  0
LINE
  5
2625
330
1F
100
AcDbEntity
  8
CUT
  6
CONTINUOUS
370
25
 62
1
100
AcDbLine
 10
40.72799999999999
 20
1.5075
 30
0.0
 11
40.738
 21
2.70108716
 31
0.0
  0
LINE
  5
2626
330
1F
100
AcDbEntity
  8
CUT
  6
CONTINUOUS
370
25
 62
1
100
AcDbLine
 10
40.738
 20
2.70108716
 30
0.0
 11
40.36334999714539
 21
3.35
 31
0.0
  0
LINE
  5
2627
330
1F
100
AcDbEntity
  8
CUT
  6
CONTINUOUS
370
25
 62
1
100
AcDbLine
 10
40.36334999714539
 20
3.35
 30
0.0
 11
18.52
 21
3.35
 31
0.0
  0
LINE
  5
2628
330
1F
100
AcDbEntity
  8
CUT
  6
CONTINUOUS
370
25
 62
1
100
AcDbLine
 10
18.52
 20
3.35
 30
0.0
 11
18.52
 21
1.5075
 31
0.0
  0
LINE
  5
2629
330
1F
100
AcDbEntity
  8
NOCUT
  6
CONTINUOUS
370
25
 62
7
100
AcDbLine
 10
15.538
 20
0.0
 30
0.0
 11
40.738
 21
0.0
 31
0.0
  0
LINE
  5
262A
330
1F
100
AcDbEntity
  8
NOCUT
  6
CONTINUOUS
370
25
 62
7
100
AcDbLine
 10
40.738
 20
0.0
 30
0.0
 11
40.738
 21
2.70108716
 31
0.0
  0
LINE
  5
262B
330
1F
100
AcDbEntity
  8
NOCUT
  6
CONTINUOUS
370
25
 62
7
100
AcDbLine
 10
40.738
 20
2.70108716
 30
0.0
 11
40.728
 21
1.5075
 31
0.0
  0
LINE
  5
262C
330
1F
100
AcDbEntity
  8
NOCUT
  6
CONTINUOUS
370
25
 62
7
100
AcDbLine
 10
40.728
 20
1.5075
 30
0.0
 11
18.52
 21
1.5075
 31
0.0
  0
LINE
  5
262D
330
1F
100
AcDbEntity
  8
NOCUT
  6
CONTINUOUS
370
25
 62
7
100
AcDbLine
 10
18.52
 20
1.5075
 30
0.0
 11
18.52
 21
2.701087165
 31
0.0
  0
LINE
  5
262E
330
1F
100
AcDbEntity
  8
NOCUT
  6
CONTINUOUS
370
25
 62
7
100
AcDbLine
 10
18.52
 20
2.701087165
 30
0.0
 11
17.721087165
 21
3.5
 31
0.0
  0
LINE
  5
262F
330
1F
100
AcDbEntity
  8
NOCUT
  6
CONTINUOUS
370
25
 62
7
100
AcDbLine
 10
17.721087165
 20
3.5
 30
0.0
 11
16.404
 21
3.5
 31
0.0
  0
LINE
  5
2630
330
1F
100
AcDbEntity
  8
NOCUT
  6
CONTINUOUS
370
25
 62
7
100
AcDbLine
 10
16.404
 20
3.5
 30
0.0
 11
15.538
 21
3.99995
 31
0.0
  0
LINE
  5
2631
330
1F
100
AcDbEntity
  8
NOCUT
  6
CONTINUOUS
370
25
 62
7
100
AcDbLine
 10
15.538
 20
3.99995
 30
0.0
 11
15.538
 21
0.0
 31
0.0
  0
LINE
  5
2632
330
1F
100
AcDbEntity
  8
SK1
  6
CONTINUOUS
370
50
 62
4
100
AcDbLine
 10
0.0
 20
4.0
 30
0.0
 11
-4.9
 21
4.0
 31
0.0
  0
LINE
  5
2633
330
1F
100
AcDbEntity
  8
SK1
  6
CONTINUOUS
370
50
 62
4
100
AcDbLine
 10
-5.099999999999999
 20
4.0
 30
0.0
 11
-43.862
 21
4.0
 31
0.0
  0
LINE
  5
2634
330
1F
100
AcDbEntity
  8
SK1
  6
CONTINUOUS
370
50
 62
4
100
AcDbLine
 10
-43.862
 20
4.0
 30
0.0
 11
-44.262
 21
3.6
 31
0.0
  0
LINE
  5
2635
330
1F
100
AcDbEntity
  8
SK1
  6
CONTINUOUS
370
50
 62
4
100
AcDbLine
 10
-44.262
 20
3.6
 30
0.0
 11
-44.262
 21
-3.6
 31
0.0
  0
LINE
  5
2636
330
1F
100
AcDbEntity
  8
SK1
  6
CONTINUOUS
370
50
 62
4
100
AcDbLine
 10
-44.262
 20
-3.6
 30
0.0
 11
-43.862
 21
-4.0
 31
0.0
  0
LINE
  5
2637
330
1F
100
AcDbEntity
  8
SK1
  6
CONTINUOUS
370
50
 62
4
100
AcDbLine
 10
-4.899999999999999
 20
-4.0
 30
0.0
 11
0.0
 21
-4.0
 31
0.0
  0
LINE
  5
2638
330
1F
100
AcDbEntity
  8
SK1
  6
CONTINUOUS
370
50
 62
4
100
AcDbLine
 10
-43.862
 20
-4.0
 30
0.0
 11
-5.100000000000001
 21
-4.0
 31
0.0
  0
LINE
  5
2639
330
1F
100
AcDbEntity
  8
SK1
  6
CONTINUOUS
370
50
 62
4
100
AcDbLine
 10
-43.862
 20
4.0
 30
0.0
 11
-43.862
 21
-4.0
 31
0.0
  0
LINE
  5
263A
330
1F
100
AcDbEntity
  8
NOCUT
  6
CONTINUOUS
370
25
 62
7
100
AcDbLine
 10
0.0
 20
0.0
 30
0.0
 11
0.0
 21
4.0
 31
0.0
  0
LINE
  5
263B
330
1F
100
AcDbEntity
  8
NOCUT
  6
CONTINUOUS
370
25
 62
7
100
AcDbLine
 10
0.0
 20
4.0
 30
0.0
 11
15.538
 21
4.0
 31
0.0
  0
LINE
  5
263C
330
1F
100
AcDbEntity
  8
NOCUT
  6
CONTINUOUS
370
25
 62
7
100
AcDbLine
 10
15.538
 20
0.0
 30
0.0
 11
0.0
 21
0.0
 31
0.0
  0
LINE
  5
263D
330
1F
100
AcDbEntity
  8
SK2
  6
CONTINUOUS
370
25
 62
7
100
AcDbLine
 10
-56.2620002
 20
-4.000001
 30
0.0
 11
-57.26200000000008
 21
-4.000001
 31
0.0
  0
LINE
  5
263E
330
1F
100
AcDbEntity
  8
SK2
  6
CONTINUOUS
370
25
 62
7
100
AcDbLine
 10
-44.262
 20
-4.000001
 30
0.0
 11
-56.2619998
 21
-4.000001
 31
0.0
  0
LINE
  5
263F
330
1F
100
AcDbEntity
  8
SK2
  6
CONTINUOUS
370
25
 62
7
100
AcDbLine
 10
-57.262
 20
4.0
 30
0.0
 11
-44.262
 21
4.0
 31
0.0
  0
LINE
  5
2640
330
1F
100
AcDbEntity
  8
SK2
  6
CONTINUOUS
370
25
 62
7
100
AcDbLine
 10
-56.262
 20
-11.0
 30
0.0
 11
-56.262
 21
11.0
 31
0.0
  0
LINE
  5
2641
330
1F
100
AcDbEntity
  8
SK2
  6
CONTINUOUS
370
25
 62
7
100
AcDbLine
 10
-56.262
 20
-4.0
 30
0.0
 11
-55.262
 21
-9.0
 31
0.0
  0
LINE
  5
2642
330
1F
100
AcDbEntity
  8
SK2
  6
CONTINUOUS
370
25
 62
7
100
AcDbLine
 10
-55.262
 20
-9.0
 30
0.0
 11
-57.262
 21
-9.0
 31
0.0
  0
LINE
  5
2643
330
1F
100
AcDbEntity
  8
SK2
  6
CONTINUOUS
370
25
 62
7
100
AcDbLine
 10
-57.262
 20
-9.0
 30
0.0
 11
-56.262
 21
-4.0
 31
0.0
  0
LINE
  5
2644
330
1F
100
AcDbEntity
  8
SK2
  6
CONTINUOUS
370
25
 62
7
100
AcDbLine
 10
-55.66904755831207
 20
-9.0
 30
0.0
 11
-55.32984125971868
 21
-8.660793701406611
 31
0.0
  0
LINE
  5
2645
330
1F
100
AcDbEntity
  8
SK2
  6
CONTINUOUS
370
25
 62
7
100
AcDbLine
 10
-56.093311627024
 20
-9.0
 30
0.0
 11
-55.40055193783734
 21
-8.307240310813341
 31
0.0
  0
LINE
  5
2646
330
1F
100
AcDbEntity
  8
SK2
  6
CONTINUOUS
370
25
 62
7
100
AcDbLine
 10
-56.51757569573594
 20
-9.0
 30
0.0
 11
-55.47126261595599
 21
-7.953686920220058
 31
0.0
  0
LINE
  5
2647
330
1F
100
AcDbEntity
  8
SK2
  6
CONTINUOUS
370
25
 62
7
100
AcDbLine
 10
-56.94183976444786
 20
-9.0
 30
0.0
 11
-55.54197329407464
 21
-7.600133529626774
 31
0.0
  0
LINE
  5
2648
330
1F
100
AcDbEntity
  8
SK2
  6
CONTINUOUS
370
25
 62
7
100
AcDbLine
 10
-57.23597404171005
 20
-8.869870208550253
 30
0.0
 11
-55.6126839721933
 21
-7.246580139033497
 31
0.0
  0
LINE
  5
2649
330
1F
100
AcDbEntity
  8
SK2
  6
CONTINUOUS
370
25
 62
7
100
AcDbLine
 10
-57.12990802453207
 20
-8.339540122660345
 30
0.0
 11
-55.68339465031196
 21
-6.893026748440228
 31
0.0
  0
LINE
  5
264A
330
1F
100
AcDbEntity
  8
SK2
  6
CONTINUOUS
370
25
 62
7
100
AcDbLine
 10
-57.02384200735408
 20
-7.809210036770423
 30
0.0
 11
-55.75410532843062
 21
-6.539473357846951
 31
0.0
  0
LINE
  5
264B
330
1F
100
AcDbEntity
  8
SK2
  6
CONTINUOUS
370
25
 62
7
100
AcDbLine
 10
-56.9177759901761
 20
-7.278879950880516
 30
0.0
 11
-55.82481600654927
 21
-6.185919967253675
 31
0.0
  0
LINE
  5
264C
330
1F
100
AcDbEntity
  8
SK2
  6
CONTINUOUS
370
25
 62
7
100
AcDbLine
 10
-56.81170997299812
 20
-6.748549864990594
 30
0.0
 11
-55.89552668466793
 21
-5.832366576660398
 31
0.0
  0
LINE
  5
264D
330
1F
100
AcDbEntity
  8
SK2
  6
CONTINUOUS
370
25
 62
7
100
AcDbLine
 10
-56.70564395582014
 20
-6.218219779100686
 30
0.0
 11
-55.96623736278658
 21
-5.478813186067121
 31
0.0
  0
LINE
  5
264E
330
1F
100
AcDbEntity
  8
SK2
  6
CONTINUOUS
370
25
 62
7
100
AcDbLine
 10
-56.59957793864216
 20
-5.687889693210764
 30
0.0
 11
-56.03694804090523
 21
-5.125259795473838
 31
0.0
  0
LINE
  5
264F
330
1F
100
AcDbEntity
  8
SK2
  6
CONTINUOUS
370
25
 62
7
100
AcDbLine
 10
-56.49351192146418
 20
-5.157559607320856
 30
0.0
 11
-56.10765871902388
 21
-4.771706404880561
 31
0.0
  0
LINE
  5
2650
330
1F
100
AcDbEntity
  8
SK2
  6
CONTINUOUS
370
25
 62
7
100
AcDbLine
 10
-56.3874459042862
 20
-4.627229521430941
 30
0.0
 11
-56.17836939714254
 21
-4.418153014287284
 31
0.0
  0
LINE
  5
2651
330
1F
100
AcDbEntity
  8
SK2
  6
CONTINUOUS
370
25
 62
7
100
AcDbLine
 10
-56.28137988710821
 20
-4.096899435541026
 30
0.0
 11
-56.24908007526119
 21
-4.064599623694008
 31
0.0
  0
LINE
  5
2652
330
1F
100
AcDbEntity
  8
SK2
  6
CONTINUOUS
370
25
 62
7
100
AcDbLine
 10
-57.22151724446334
 20
-8.797586222316745
 30
0.0
 11
-57.01910346678009
 21
-9.0
 31
0.0
  0
LINE
  5
2653
330
1F
100
AcDbEntity
  8
SK2
  6
CONTINUOUS
370
25
 62
7
100
AcDbLine
 10
-57.15080656634469
 20
-8.444032831723476
 30
0.0
 11
-56.59483939806817
 21
-9.0
 31
0.0
  0
LINE
  5
2654
330
1F
100
AcDbEntity
  8
SK2
  6
CONTINUOUS
370
25
 62
7
100
AcDbLine
 10
-57.08009588822603
 20
-8.090479441130192
 30
0.0
 11
-56.17057532935623
 21
-9.0
 31
0.0
  0
LINE
  5
2655
330
1F
100
AcDbEntity
  8
SK2
  6
CONTINUOUS
370
25
 62
7
100
AcDbLine
 10
-57.00938521010738
 20
-7.736926050536923
 30
0.0
 11
-55.7463112606443
 21
-9.0
 31
0.0
  0
LINE
  5
2656
330
1F
100
AcDbEntity
  8
SK2
  6
CONTINUOUS
370
25
 62
7
100
AcDbLine
 10
-56.93867453198873
 20
-7.383372659943639
 30
0.0
 11
-55.32204719193237
 21
-9.0
 31
0.0
  0
LINE
  5
2657
330
1F
100
AcDbEntity
  8
SK2
  6
CONTINUOUS
370
25
 62
7
100
AcDbLine
 10
-56.86796385387007
 20
-7.029819269350362
 30
0.0
 11
-55.35305421919489
 21
-8.544728904025547
 31
0.0
  0
LINE
  5
2658
330
1F
100
AcDbEntity
  8
SK2
  6
CONTINUOUS
370
25
 62
7
100
AcDbLine
 10
-56.79725317575142
 20
-6.676265878757086
 30
0.0
 11
-55.45912023637288
 21
-8.014398818135632
 31
0.0
  0
LINE
  5
2659
330
1F
100
AcDbEntity
  8
SK2
  6
CONTINUOUS
370
25
 62
7
100
AcDbLine
 10
-56.72654249763276
 20
-6.322712488163816
 30
0.0
 11
-55.56518625355086
 21
-7.484068732245717
 31
0.0
  0
LINE
  5
265A
330
1F
100
AcDbEntity
  8
SK2
  6
CONTINUOUS
370
25
 62
7
100
AcDbLine
 10
-56.65583181951411
 20
-5.969159097570532
 30
0.0
 11
-55.67125227072884
 21
-6.953738646355795
 31
0.0
  0
LINE
  5
265B
330
1F
100
AcDbEntity
  8
SK2
  6
CONTINUOUS
370
25
 62
7
100
AcDbLine
 10
-56.58512114139545
 20
-5.615605706977256
 30
0.0
 11
-55.77731828790682
 21
-6.423408560465887
 31
0.0
  0
LINE
  5
265C
330
1F
100
AcDbEntity
  8
SK2
  6
CONTINUOUS
370
25
 62
7
100
AcDbLine
 10
-56.5144104632768
 20
-5.262052316383979
 30
0.0
 11
-55.8833843050848
 21
-5.893078474575972
 31
0.0
  0
LINE
  5
265D
330
1F
100
AcDbEntity
  8
SK2
  6
CONTINUOUS
370
25
 62
7
100
AcDbLine
 10
-56.44369978515815
 20
-4.908498925790703
 30
0.0
 11
-55.98945032226278
 21
-5.362748388686065
 31
0.0
  0
LINE
  5
265E
330
1F
100
AcDbEntity
  8
SK2
  6
CONTINUOUS
370
25
 62
7
100
AcDbLine
 10
-56.37298910703949
 20
-4.554945535197419
 30
0.0
 11
-56.09551633944077
 21
-4.832418302796142
 31
0.0
  0
LINE
  5
265F
330
1F
100
AcDbEntity
  8
SK2
  6
CONTINUOUS
370
25
 62
7
100
AcDbLine
 10
-56.30227842892084
 20
-4.201392144604149
 30
0.0
 11
-56.20158235661875
 21
-4.302088216906235
 31
0.0
  0
LINE
  5
2660
330
1F
100
AcDbEntity
  8
SK2
  6
CONTINUOUS
370
25
 62
7
100
AcDbLine
 10
-56.262
 20
4.0
 30
0.0
 11
-57.262
 21
9.0
 31
0.0
  0
LINE
  5
2661
330
1F
100
AcDbEntity
  8
SK2
  6
CONTINUOUS
370
25
 62
7
100
AcDbLine
 10
-57.262
 20
9.0
 30
0.0
 11
-55.262
 21
9.0
 31
0.0
  0
LINE
  5
2662
330
1F
100
AcDbEntity
  8
SK2
  6
CONTINUOUS
370
25
 62
7
100
AcDbLine
 10
-55.262
 20
9.0
 30
0.0
 11
-56.262
 21
4.0
 31
0.0
  0
LINE
  5
2663
330
1F
100
AcDbEntity
  8
SK2
  6
CONTINUOUS
370
25
 62
7
100
AcDbLine
 10
-56.32996030430095
 20
4.339801521504803
 30
0.0
 11
-56.16005954354857
 21
4.509702282257187
 31
0.0
  0
LINE
  5
2664
330
1F
100
AcDbEntity
  8
SK2
  6
CONTINUOUS
370
25
 62
7
100
AcDbLine
 10
-56.40067098241961
 20
4.693354912098087
 30
0.0
 11
-56.05399352637058
 21
5.040032368147109
 31
0.0
  0
LINE
  5
2665
330
1F
100
AcDbEntity
  8
SK2
  6
CONTINUOUS
370
25
 62
7
100
AcDbLine
 10
-56.47138166053827
 20
5.046908302691357
 30
0.0
 11
-55.9479275091926
 21
5.570362454037031
 31
0.0
  0
LINE
  5
2666
330
1F
100
AcDbEntity
  8
SK2
  6
CONTINUOUS
370
25
 62
7
100
AcDbLine
 10
-56.54209233865694
 20
5.400461693284612
 30
0.0
 11
-55.84186149201461
 21
6.100692539926939
 31
0.0
  0
LINE
  5
2667
330
1F
100
AcDbEntity
  8
SK2
  6
CONTINUOUS
370
25
 62
7
100
AcDbLine
 10
-56.61280301677559
 20
5.754015083877896
 30
0.0
 11
-55.73579547483662
 21
6.631022625816861
 31
0.0
  0
LINE
  5
2668
330
1F
100
AcDbEntity
  8
SK2
  6
CONTINUOUS
370
25
 62
7
100
AcDbLine
 10
-56.68351369489424
 20
6.107568474471172
 30
0.0
 11
-55.62972945765864
 21
7.161352711706769
 31
0.0
  0
LINE
  5
2669
330
1F
100
AcDbEntity
  8
SK2
  6
CONTINUOUS
370
25
 62
7
100
AcDbLine
 10
-56.7542243730129
 20
6.461121865064449
 30
0.0
 11
-55.52366344048066
 21
7.691682797596684
 31
0.0
  0
LINE
  5
266A
330
1F
100
AcDbEntity
  8
SK2
  6
CONTINUOUS
370
25
 62
7
100
AcDbLine
 10
-56.82493505113155
 20
6.814675255657725
 30
0.0
 11
-55.41759742330268
 21
8.222012883486592
 31
0.0
  0
LINE
  5
266B
330
1F
100
AcDbEntity
  8
SK2
  6
CONTINUOUS
370
25
 62
7
100
AcDbLine
 10
-56.8956457292502
 20
7.168228646251002
 30
0.0
 11
-55.3115314061247
 21
8.7523429693765
 31
0.0
  0
LINE
  5
266C
330
1F
100
AcDbEntity
  8
SK2
  6
CONTINUOUS
370
25
 62
7
100
AcDbLine
 10
-56.96635640736886
 20
7.521782036844272
 30
0.0
 11
-55.48813844421313
 21
9.0
 31
0.0
  0
LINE
  5
266D
330
1F
100
AcDbEntity
  8
SK2
  6
CONTINUOUS
370
25
 62
7
100
AcDbLine
 10
-57.03706708548751
 20
7.875335427437555
 30
0.0
 11
-55.91240251292507
 21
9.0
 31
0.0
  0
LINE
  5
266E
330
1F
100
AcDbEntity
  8
SK2
  6
CONTINUOUS
370
25
 62
7
100
AcDbLine
 10
-57.10777776360617
 20
8.228888818030832
 30
0.0
 11
-56.336666581637
 21
9.0
 31
0.0
  0
LINE
  5
266F
330
1F
100
AcDbEntity
  8
SK2
  6
CONTINUOUS
370
25
 62
7
100
AcDbLine
 10
-57.17848844172482
 20
8.582442208624116
 30
0.0
 11
-56.76093065034894
 21
9.0
 31
0.0
  0
LINE
  5
2670
330
1F
100
AcDbEntity
  8
SK2
  6
CONTINUOUS
370
25
 62
7
100
AcDbLine
 10
-57.24919911984347
 20
8.935995599217385
 30
0.0
 11
-57.18519471906086
 21
9.0
 31
0.0
  0
LINE
  5
2671
330
1F
100
AcDbEntity
  8
SK2
  6
CONTINUOUS
370
25
 62
7
100
AcDbLine
 10
-56.35287565232148
 20
4.454378261607424
 30
0.0
 11
-56.20141623178569
 21
4.30291884107163
 31
0.0
  0
LINE
  5
2672
330
1F
100
AcDbEntity
  8
SK2
  6
CONTINUOUS
370
25
 62
7
100
AcDbLine
 10
-56.45894166949947
 20
4.984708347497332
 30
0.0
 11
-56.13070555366702
 21
4.656472231664885
 31
0.0
  0
LINE
  5
2673
330
1F
100
AcDbEntity
  8
SK2
  6
CONTINUOUS
370
25
 62
7
100
AcDbLine
 10
-56.56500768667745
 20
5.515038433387247
 30
0.0
 11
-56.05999487554837
 21
5.010025622258169
 31
0.0
  0
LINE
  5
2674
330
1F
100
AcDbEntity
  8
SK2
  6
CONTINUOUS
370
25
 62
7
100
AcDbLine
 10
-56.67107370385543
 20
6.045368519277162
 30
0.0
 11
-55.98928419742971
 21
5.363579012851446
 31
0.0
  0
LINE
  5
2675
330
1F
100
AcDbEntity
  8
SK2
  6
CONTINUOUS
370
25
 62
7
100
AcDbLine
 10
-56.77713972103341
 20
6.575698605167076
 30
0.0
 11
-55.91857351931106
 21
5.717132403444722
 31
0.0
  0
LINE
  5
2676
330
1F
100
AcDbEntity
  8
SK2
  6
CONTINUOUS
370
25
 62
7
100
AcDbLine
 10
-56.8832057382114
 20
7.106028691056999
 30
0.0
 11
-55.84786284119239
 21
6.070685794037992
 31
0.0
  0
LINE
  5
2677
330
1F
100
AcDbEntity
  8
SK2
  6
CONTINUOUS
370
25
 62
7
100
AcDbLine
 10
-56.98927175538938
 20
7.636358776946906
 30
0.0
 11
-55.77715216307374
 21
6.424239184631269
 31
0.0
  0
LINE
  5
2678
330
1F
100
AcDbEntity
  8
SK2
  6
CONTINUOUS
370
25
 62
7
100
AcDbLine
 10
-57.09533777256736
 20
8.166688862836814
 30
0.0
 11
-55.70644148495509
 21
6.777792575224545
 31
0.0
  0
LINE
  5
2679
330
1F
100
AcDbEntity
  8
SK2
  6
CONTINUOUS
370
25
 62
7
100
AcDbLine
 10
-57.20140378974534
 20
8.697018948726729
 30
0.0
 11
-55.63573080683643
 21
7.131345965817822
 31
0.0
  0
LINE
  5
267A
330
1F
100
AcDbEntity
  8
SK2
  6
CONTINUOUS
370
25
 62
7
100
AcDbLine
 10
-57.08012077230668
 20
9.0
 30
0.0
 11
-55.56502012871778
 21
7.484899356411105
 31
0.0
  0
LINE
  5
267B
330
1F
100
AcDbEntity
  8
SK2
  6
CONTINUOUS
370
25
 62
7
100
AcDbLine
 10
-56.65585670359475
 20
9.0
 30
0.0
 11
-55.49430945059912
 21
7.838452747004375
 31
0.0
  0
LINE
  5
267C
330
1F
100
AcDbEntity
  8
SK2
  6
CONTINUOUS
370
25
 62
7
100
AcDbLine
 10
-56.23159263488282
 20
9.0
 30
0.0
 11
-55.42359877248047
 21
8.192006137597652
 31
0.0
  0
LINE
  5
267D
330
1F
100
AcDbEntity
  8
SK2
  6
CONTINUOUS
370
25
 62
7
100
AcDbLine
 10
-55.80732856617089
 20
9.0
 30
0.0
 11
-55.35288809436182
 21
8.545559528190935
 31
0.0
  0
LINE
  5
267E
330
1F
100
AcDbEntity
  8
SK2
  6
CONTINUOUS
370
25
 62
7
100
AcDbLine
 10
-55.38306449745896
 20
9.0
 30
0.0
 11
-55.28217741624317
 21
8.899112918784205
 31
0.0
  0
TEXT
  5
267F
330
1F
100
AcDbEntity
  8
SK2
  6
CONTINUOUS
370
25
 62
7
100
AcDbText
 10
-57.762
 20
1.108333333333333
 30
0.0
 40
3.5
  1
8
 50
90.0
 72
     1
 11
-57.762
 21
2.275
 31
0.0
100
AcDbText
  0
CIRCLE
  5
2680
330
1F
100
AcDbEntity
  8
SK2
  6
CONTINUOUS
370
25
 62
7
100
AcDbCircle
 10
-59.512
 20
-1.05
 30
0.0
 40
1.4
  0
LINE
  5
2681
330
1F
100
AcDbEntity
  8
SK2
  6
CONTINUOUS
370
25
 62
7
100
AcDbLine
 10
-58.112
 20
-2.45
 30
0.0
 11
-60.912
 21
0.3500000000000005
 31
0.0
  0
LINE
  5
2682
330
1F
100
AcDbEntity
  8
SK2
  6
CONTINUOUS
370
25
 62
7
100
AcDbLine
 10
-44.262
 20
4.0
 30
0.0
 11
-44.262
 21
17.0
 31
0.0
  0
LINE
  5
2683
330
1F
100
AcDbEntity
  8
SK2
  6
CONTINUOUS
370
25
 62
7
100
AcDbLine
 10
0.0000000000000001
 20
17.0
 30
0.0
 11
-0.0000000000000007
 21
4.0
 31
0.0
  0
LINE
  5
2684
330
1F
100
AcDbEntity
  8
SK2
  6
CONTINUOUS
370
25
 62
7
100
AcDbLine
 10
-44.262
 20
16.0
 30
0.0
 11
0.0
 21
16.0
 31
0.0
  0
LINE
  5
2685
330
1F
100
AcDbEntity
  8
SK2
  6
CONTINUOUS
370
25
 62
7
100
AcDbLine
 10
-44.262
 20
16.0
 30
0.0
 11
-39.262
 21
17.0
 31
0.0
  0
LINE
  5
2686
330
1F
100
AcDbEntity
  8
SK2
  6
CONTINUOUS
370
25
 62
7
100
AcDbLine
 10
-39.262
 20
17.0
 30
0.0
 11
-39.262
 21
15.0
 31
0.0
  0
LINE
  5
2687
330
1F
100
AcDbEntity
  8
SK2
  6
CONTINUOUS
370
25
 62
7
100
AcDbLine
 10
-39.262
 20
15.0
 30
0.0
 11
-44.262
 21
16.0
 31
0.0
  0
LINE
  5
2688
330
1F
100
AcDbEntity
  8
SK2
  6
CONTINUOUS
370
25
 62
7
100
AcDbLine
 10
-39.29850066260569
 20
15.00730013252114
 30
0.0
 11
-39.262
 21
15.04380079512683
 31
0.0
  0
LINE
  5
2689
330
1F
100
AcDbEntity
  8
SK2
  6
CONTINUOUS
370
25
 62
7
100
AcDbLine
 10
-39.65205405319897
 20
15.07801081063979
 30
0.0
 11
-39.262
 21
15.46806486383876
 31
0.0
  0
LINE
  5
268A
330
1F
100
AcDbEntity
  8
SK2
  6
CONTINUOUS
370
25
 62
7
100
AcDbLine
 10
-40.00560744379224
 20
15.14872148875845
 30
0.0
 11
-39.262
 21
15.89232893255068
 31
0.0
  0
LINE
  5
268B
330
1F
100
AcDbEntity
  8
SK2
  6
CONTINUOUS
370
25
 62
7
100
AcDbLine
 10
-40.35916083438551
 20
15.21943216687711
 30
0.0
 11
-39.262
 21
16.31659300126262
 31
0.0
  0
LINE
  5
268C
330
1F
100
AcDbEntity
  8
SK2
  6
CONTINUOUS
370
25
 62
7
100
AcDbLine
 10
-40.71271422497879
 20
15.29014284499576
 30
0.0
 11
-39.262
 21
16.74085706997455
 31
0.0
  0
LINE
  5
268D
330
1F
100
AcDbEntity
  8
SK2
  6
CONTINUOUS
370
25
 62
7
100
AcDbLine
 10
-41.06626761557207
 20
15.36085352311441
 30
0.0
 11
-39.4684014233581
 21
16.95871971532838
 31
0.0
  0
LINE
  5
268E
330
1F
100
AcDbEntity
  8
SK2
  6
CONTINUOUS
370
25
 62
7
100
AcDbLine
 10
-41.41982100616534
 20
15.43156420123307
 30
0.0
 11
-39.99873150924801
 21
16.8526536981504
 31
0.0
  0
LINE
  5
268F
330
1F
100
AcDbEntity
  8
SK2
  6
CONTINUOUS
370
25
 62
7
100
AcDbLine
 10
-41.77337439675862
 20
15.50227487935172
 30
0.0
 11
-40.52906159513793
 21
16.74658768097241
 31
0.0
  0
LINE
  5
2690
330
1F
100
AcDbEntity
  8
SK2
  6
CONTINUOUS
370
25
 62
7
100
AcDbLine
 10
-42.1269277873519
 20
15.57298555747037
 30
0.0
 11
-41.05939168102784
 21
16.64052166379443
 31
0.0
  0
LINE
  5
2691
330
1F
100
AcDbEntity
  8
SK2
  6
CONTINUOUS
370
25
 62
7
100
AcDbLine
 10
-42.48048117794517
 20
15.64369623558903
 30
0.0
 11
-41.58972176691776
 21
16.53445564661644
 31
0.0
  0
LINE
  5
2692
330
1F
100
AcDbEntity
  8
SK2
  6
CONTINUOUS
370
25
 62
7
100
AcDbLine
 10
-42.83403456853845
 20
15.71440691370768
 30
0.0
 11
-42.12005185280767
 21
16.42838962943846
 31
0.0
  0
LINE
  5
2693
330
1F
100
AcDbEntity
  8
SK2
  6
CONTINUOUS
370
25
 62
7
100
AcDbLine
 10
-43.18758795913173
 20
15.78511759182634
 30
0.0
 11
-42.65038193869758
 21
16.32232361226048
 31
0.0
  0
LINE
  5
2694
330
1F
100
AcDbEntity
  8
SK2
  6
CONTINUOUS
370
25
 62
7
100
AcDbLine
 10
-43.541141349725
 20
15.855828269945
 30
0.0
 11
-43.1807120245875
 21
16.2162575950825
 31
0.0
  0
LINE
  5
2695
330
1F
100
AcDbEntity
  8
SK2
  6
CONTINUOUS
370
25
 62
7
100
AcDbLine
 10
-43.89469474031828
 20
15.92653894806365
 30
0.0
 11
-43.71104211047741
 21
16.11019157790452
 31
0.0
  0
LINE
  5
2696
330
1F
100
AcDbEntity
  8
SK2
  6
CONTINUOUS
370
25
 62
7
100
AcDbLine
 10
-44.24824813091155
 20
15.99724962618231
 30
0.0
 11
-44.24137219636733
 21
16.00412556072653
 31
0.0
  0
LINE
  5
2697
330
1F
100
AcDbEntity
  8
SK2
  6
CONTINUOUS
370
25
 62
7
100
AcDbLine
 10
-44.11162442274497
 20
16.03007511545101
 30
0.0
 11
-44.03643663411745
 21
15.95488732682349
 31
0.0
  0
LINE
  5
2698
330
1F
100
AcDbEntity
  8
SK2
  6
CONTINUOUS
370
25
 62
7
100
AcDbLine
 10
-43.75807103215169
 20
16.10078579356966
 30
0.0
 11
-43.50610654822754
 21
15.84882130964551
 31
0.0
  0
LINE
  5
2699
330
1F
100
AcDbEntity
  8
SK2
  6
CONTINUOUS
370
25
 62
7
100
AcDbLine
 10
-43.40451764155841
 20
16.17149647168831
 30
0.0
 11
-42.97577646233762
 21
15.74275529246752
 31
0.0
  0
LINE
  5
269A
330
1F
100
AcDbEntity
  8
SK2
  6
CONTINUOUS
370
25
 62
7
100
AcDbLine
 10
-43.05096425096514
 20
16.24220714980698
 30
0.0
 11
-42.44544637644771
 21
15.63668927528954
 31
0.0
  0
LINE
  5
269B
330
1F
100
AcDbEntity
  8
SK2
  6
CONTINUOUS
370
25
 62
7
100
AcDbLine
 10
-42.69741086037186
 20
16.31291782792562
 30
0.0
 11
-41.91511629055779
 21
15.53062325811155
 31
0.0
  0
LINE
  5
269C
330
1F
100
AcDbEntity
  8
SK2
  6
CONTINUOUS
370
25
 62
7
100
AcDbLine
 10
-42.34385746977858
 20
16.38362850604428
 30
0.0
 11
-41.38478620466788
 21
15.42455724093358
 31
0.0
  0
LINE
  5
269D
330
1F
100
AcDbEntity
  8
SK2
  6
CONTINUOUS
370
25
 62
7
100
AcDbLine
 10
-41.99030407918531
 20
16.45433918416293
 30
0.0
 11
-40.85445611877796
 21
15.31849122375559
 31
0.0
  0
LINE
  5
269E
330
1F
100
AcDbEntity
  8
SK2
  6
CONTINUOUS
370
25
 62
7
100
AcDbLine
 10
-41.63675068859204
 20
16.52504986228159
 30
0.0
 11
-40.32412603288805
 21
15.21242520657762
 31
0.0
  0
LINE
  5
269F
330
1F
100
AcDbEntity
  8
SK2
  6
CONTINUOUS
370
25
 62
7
100
AcDbLine
 10
-41.28319729799875
 20
16.59576054040024
 30
0.0
 11
-39.79379594699814
 21
15.10635918939963
 31
0.0
  0
LINE
  5
26A0
330
1F
100
AcDbEntity
  8
SK2
  6
CONTINUOUS
370
25
 62
7
100
AcDbLine
 10
-40.92964390740548
 20
16.6664712185189
 30
0.0
 11
-39.26346586110822
 21
15.00029317222165
 31
0.0
  0
LINE
  5
26A1
330
1F
100
AcDbEntity
  8
SK2
  6
CONTINUOUS
370
25
 62
7
100
AcDbLine
 10
-40.57609051681221
 20
16.73718189663757
 30
0.0
 11
-39.262
 21
15.42309137982536
 31
0.0
  0
LINE
  5
26A2
330
1F
100
AcDbEntity
  8
SK2
  6
CONTINUOUS
370
25
 62
7
100
AcDbLine
 10
-40.22253712621893
 20
16.80789257475622
 30
0.0
 11
-39.262
 21
15.84735544853729
 31
0.0
  0
LINE
  5
26A3
330
1F
100
AcDbEntity
  8
SK2
  6
CONTINUOUS
370
25
 62
7
100
AcDbLine
 10
-39.86898373562565
 20
16.87860325287487
 30
0.0
 11
-39.262
 21
16.27161951724922
 31
0.0
  0
LINE
  5
26A4
330
1F
100
AcDbEntity
  8
SK2
  6
CONTINUOUS
370
25
 62
7
100
AcDbLine
 10
-39.51543034503237
 20
16.94931393099352
 30
0.0
 11
-39.262
 21
16.69588358596115
 31
0.0
  0
LINE
  5
26A5
330
1F
100
AcDbEntity
  8
SK2
  6
CONTINUOUS
370
25
 62
7
100
AcDbLine
 10
0.0
 20
16.0
 30
0.0
 11
-5.0
 21
15.0
 31
0.0
  0
LINE
  5
26A6
330
1F
100
AcDbEntity
  8
SK2
  6
CONTINUOUS
370
25
 62
7
100
AcDbLine
 10
-5.0
 20
15.0
 30
0.0
 11
-5.0
 21
17.0
 31
0.0
  0
LINE
  5
26A7
330
1F
100
AcDbEntity
  8
SK2
  6
CONTINUOUS
370
25
 62
7
100
AcDbLine
 10
-5.0
 20
17.0
 30
0.0
 11
0.0
 21
16.0
 31
0.0
  0
LINE
  5
26A8
330
1F
100
AcDbEntity
  8
SK2
  6
CONTINUOUS
370
25
 62
7
100
AcDbLine
 10
-0.1525432638166046
 20
15.96949134723668
 30
0.0
 11
-0.1016955092110697
 21
16.02033910184221
 31
0.0
  0
LINE
  5
26A9
330
1F
100
AcDbEntity
  8
SK2
  6
CONTINUOUS
370
25
 62
7
100
AcDbLine
 10
-0.6828733497065138
 20
15.8634253300587
 30
0.0
 11
-0.4552488998043427
 21
16.09104977996087
 31
0.0
  0
LINE
  5
26AA
330
1F
100
AcDbEntity
  8
SK2
  6
CONTINUOUS
370
25
 62
7
100
AcDbLine
 10
-1.213203435596423
 20
15.75735931288072
 30
0.0
 11
-0.8088022903976156
 21
16.16176045807952
 31
0.0
  0
LINE
  5
26AB
330
1F
100
AcDbEntity
  8
SK2
  6
CONTINUOUS
370
25
 62
7
100
AcDbLine
 10
-1.743533521486332
 20
15.65129329570273
 30
0.0
 11
-1.162355680990889
 21
16.23247113619818
 31
0.0
  0
LINE
  5
26AC
330
1F
100
AcDbEntity
  8
SK2
  6
CONTINUOUS
370
25
 62
7
100
AcDbLine
 10
-2.273863607376242
 20
15.54522727852475
 30
0.0
 11
-1.515909071584161
 21
16.30318181431683
 31
0.0
  0
LINE
  5
26AD
330
1F
100
AcDbEntity
  8
SK2
  6
CONTINUOUS
370
25
 62
7
100
AcDbLine
 10
-2.804193693266154
 20
15.43916126134677
 30
0.0
 11
-1.869462462177437
 21
16.37389249243549
 31
0.0
  0
LINE
  5
26AE
330
1F
100
AcDbEntity
  8
SK2
  6
CONTINUOUS
370
25
 62
7
100
AcDbLine
 10
-3.334523779156064
 20
15.33309524416879
 30
0.0
 11
-2.22301585277071
 21
16.44460317055414
 31
0.0
  0
LINE
  5
26AF
330
1F
100
AcDbEntity
  8
SK2
  6
CONTINUOUS
370
25
 62
7
100
AcDbLine
 10
-3.864853865045973
 20
15.2270292269908
 30
0.0
 11
-2.576569243363983
 21
16.5153138486728
 31
0.0
  0
LINE
  5
26B0
330
1F
100
AcDbEntity
  8
SK2
  6
CONTINUOUS
370
25
 62
7
100
AcDbLine
 10
-4.395183950935882
 20
15.12096320981282
 30
0.0
 11
-2.930122633957256
 21
16.58602452679145
 31
0.0
  0
LINE
  5
26B1
330
1F
100
AcDbEntity
  8
SK2
  6
CONTINUOUS
370
25
 62
7
100
AcDbLine
 10
-4.925514036825791
 20
15.01489719263484
 30
0.0
 11
-3.283676024550529
 21
16.65673520491011
 31
0.0
  0
LINE
  5
26B2
330
1F
100
AcDbEntity
  8
SK2
  6
CONTINUOUS
370
25
 62
7
100
AcDbLine
 10
-5.0
 20
15.36467529817256
 30
0.0
 11
-3.637229415143802
 21
16.72744588302876
 31
0.0
  0
LINE
  5
26B3
330
1F
100
AcDbEntity
  8
SK2
  6
CONTINUOUS
370
25
 62
7
100
AcDbLine
 10
-5.0
 20
15.78893936688449
 30
0.0
 11
-3.990782805737074
 21
16.79815656114742
 31
0.0
  0
LINE
  5
26B4
330
1F
100
AcDbEntity
  8
SK2
  6
CONTINUOUS
370
25
 62
7
100
AcDbLine
 10
-5.0
 20
16.21320343559642
 30
0.0
 11
-4.344336196330347
 21
16.86886723926607
 31
0.0
  0
LINE
  5
26B5
330
1F
100
AcDbEntity
  8
SK2
  6
CONTINUOUS
370
25
 62
7
100
AcDbLine
 10
-5.0
 20
16.63746750430834
 30
0.0
 11
-4.69788958692362
 21
16.93957791738472
 31
0.0
  0
LINE
  5
26B6
330
1F
100
AcDbEntity
  8
SK2
  6
CONTINUOUS
370
25
 62
7
100
AcDbLine
 10
-5.0
 20
15.18233764908626
 30
0.0
 11
-4.848051959094787
 21
15.03038960818104
 31
0.0
  0
LINE
  5
26B7
330
1F
100
AcDbEntity
  8
SK2
  6
CONTINUOUS
370
25
 62
7
100
AcDbLine
 10
-5.0
 20
15.60660171779818
 30
0.0
 11
-4.494498568501514
 21
15.1011002862997
 31
0.0
  0
LINE
  5
26B8
330
1F
100
AcDbEntity
  8
SK2
  6
CONTINUOUS
370
25
 62
7
100
AcDbLine
 10
-5.0
 20
16.03086578651011
 30
0.0
 11
-4.14094517790824
 21
15.17181096441835
 31
0.0
  0
LINE
  5
26B9
330
1F
100
AcDbEntity
  8
SK2
  6
CONTINUOUS
370
25
 62
7
100
AcDbLine
 10
-5.0
 20
16.45512985522204
 30
0.0
 11
-3.787391787314967
 21
15.24252164253701
 31
0.0
  0
LINE
  5
26BA
330
1F
100
AcDbEntity
  8
SK2
  6
CONTINUOUS
370
25
 62
7
100
AcDbLine
 10
-5.0
 20
16.87939392393397
 30
0.0
 11
-3.433838396721693
 21
15.31323232065566
 31
0.0
  0
LINE
  5
26BB
330
1F
100
AcDbEntity
  8
SK2
  6
CONTINUOUS
370
25
 62
7
100
AcDbLine
 10
-4.620427509192631
 20
16.92408550183853
 30
0.0
 11
-3.080285006128419
 21
15.38394299877432
 31
0.0
  0
LINE
  5
26BC
330
1F
100
AcDbEntity
  8
SK2
  6
CONTINUOUS
370
25
 62
7
100
AcDbLine
 10
-4.090097423302721
 20
16.81801948466055
 30
0.0
 11
-2.726731615535146
 21
15.45465367689297
 31
0.0
  0
LINE
  5
26BD
330
1F
100
AcDbEntity
  8
SK2
  6
CONTINUOUS
370
25
 62
7
100
AcDbLine
 10
-3.55976733741281
 20
16.71195346748256
 30
0.0
 11
-2.373178224941872
 21
15.52536435501163
 31
0.0
  0
LINE
  5
26BE
330
1F
100
AcDbEntity
  8
SK2
  6
CONTINUOUS
370
25
 62
7
100
AcDbLine
 10
-3.029437251522902
 20
16.60588745030458
 30
0.0
 11
-2.0196248343486
 21
15.59607503313028
 31
0.0
  0
LINE
  5
26BF
330
1F
100
AcDbEntity
  8
SK2
  6
CONTINUOUS
370
25
 62
7
100
AcDbLine
 10
-2.499107165632991
 20
16.4998214331266
 30
0.0
 11
-1.666071443755326
 21
15.66678571124893
 31
0.0
  0
LINE
  5
26C0
330
1F
100
AcDbEntity
  8
SK2
  6
CONTINUOUS
370
25
 62
7
100
AcDbLine
 10
-1.968777079743081
 20
16.39375541594861
 30
0.0
 11
-1.312518053162053
 21
15.73749638936759
 31
0.0
  0
LINE
  5
26C1
330
1F
100
AcDbEntity
  8
SK2
  6
CONTINUOUS
370
25
 62
7
100
AcDbLine
 10
-1.43844699385317
 20
16.28768939877063
 30
0.0
 11
-0.958964662568779
 21
15.80820706748624
 31
0.0
  0
LINE
  5
26C2
330
1F
100
AcDbEntity
  8
SK2
  6
CONTINUOUS
370
25
 62
7
100
AcDbLine
 10
-0.9081169079632612
 20
16.18162338159265
 30
0.0
 11
-0.6054112719755069
 21
15.8789177456049
 31
0.0
  0
LINE
  5
26C3
330
1F
100
AcDbEntity
  8
SK2
  6
CONTINUOUS
370
25
 62
7
100
AcDbLine
 10
-0.3777868220733482
 20
16.07555736441467
 30
0.0
 11
-0.2518578813822319
 21
15.94962842372355
 31
0.0
  0
TEXT
  5
26C4
330
1F
100
AcDbEntity
  8
SK2
  6
CONTINUOUS
370
25
 62
7
100
AcDbText
 10
-30.881
 20
17.5
 30
0.0
 40
3.5
  1
44.262
 72
     1
 11
-22.131
 21
17.5
 31
0.0
100
AcDbText
  0
LINE
  5
26C5
330
1F
100
AcDbEntity
  8
2
  6
CONTINUOUS
370
25
 62
7
100
AcDbLine
 10
0.0
 20
-4.0
 30
0.0
 11
-0.0000000000000008
 21
-17.0
 31
0.0
  0
LINE
  5
26C6
330
1F
100
AcDbEntity
  8
2
  6
CONTINUOUS
370
25
 62
7
100
AcDbLine
 10
15.54
 20
-17.0
 30
0.0
 11
15.54
 21
-4.0
 31
0.0
  0
LINE
  5
26C7
330
1F
100
AcDbEntity
  8
2
  6
CONTINUOUS
370
25
 62
7
100
AcDbLine
 10
-21.875
 20
-16.0
 30
0.0
 11
22.54
 21
-16.0
 31
0.0
  0
LINE
  5
26C8
330
1F
100
AcDbEntity
  8
2
  6
CONTINUOUS
370
25
 62
7
100
AcDbLine
 10
0.0
 20
-16.0
 30
0.0
 11
-5.0
 21
-17.0
 31
0.0
  0
LINE
  5
26C9
330
1F
100
AcDbEntity
  8
2
  6
CONTINUOUS
370
25
 62
7
100
AcDbLine
 10
-5.0
 20
-17.0
 30
0.0
 11
-5.0
 21
-15.0
 31
0.0
  0
LINE
  5
26CA
330
1F
100
AcDbEntity
  8
2
  6
CONTINUOUS
370
25
 62
7
100
AcDbLine
 10
-5.0
 20
-15.0
 30
0.0
 11
0.0
 21
-16.0
 31
0.0
  0
LINE
  5
26CB
330
1F
100
AcDbEntity
  8
2
  6
CONTINUOUS
370
25
 62
7
100
AcDbLine
 10
-0.173490875075104
 20
-16.03469817501502
 30
0.0
 11
-0.1156605833834027
 21
-15.97686788332332
 31
0.0
  0
LINE
  5
26CC
330
1F
100
AcDbEntity
  8
2
  6
CONTINUOUS
370
25
 62
7
100
AcDbLine
 10
-0.7038209609650132
 20
-16.140764192193
 30
0.0
 11
-0.4692139739766756
 21
-15.90615720520466
 31
0.0
  0
LINE
  5
26CD
330
1F
100
AcDbEntity
  8
2
  6
CONTINUOUS
370
25
 62
7
100
AcDbLine
 10
-1.234151046854923
 20
-16.24683020937098
 30
0.0
 11
-0.8227673645699486
 21
-15.83544652708601
 31
0.0
  0
LINE
  5
26CE
330
1F
100
AcDbEntity
  8
2
  6
CONTINUOUS
370
25
 62
7
100
AcDbLine
 10
-1.764481132744832
 20
-16.35289622654897
 30
0.0
 11
-1.176320755163222
 21
-15.76473584896736
 31
0.0
  0
LINE
  5
26CF
330
1F
100
AcDbEntity
  8
2
  6
CONTINUOUS
370
25
 62
7
100
AcDbLine
 10
-2.294811218634741
 20
-16.45896224372695
 30
0.0
 11
-1.529874145756494
 21
-15.6940251708487
 31
0.0
  0
LINE
  5
26D0
330
1F
100
AcDbEntity
  8
2
  6
CONTINUOUS
370
25
 62
7
100
AcDbLine
 10
-2.825141304524649
 20
-16.56502826090493
 30
0.0
 11
-1.883427536349767
 21
-15.62331449273005
 31
0.0
  0
LINE
  5
26D1
330
1F
100
AcDbEntity
  8
2
  6
CONTINUOUS
370
25
 62
7
100
AcDbLine
 10
-3.355471390414559
 20
-16.67109427808291
 30
0.0
 11
-2.23698092694304
 21
-15.55260381461139
 31
0.0
  0
LINE
  5
26D2
330
1F
100
AcDbEntity
  8
2
  6
CONTINUOUS
370
25
 62
7
100
AcDbLine
 10
-3.88580147630447
 20
-16.7771602952609
 30
0.0
 11
-2.590534317536314
 21
-15.48189313649274
 31
0.0
  0
LINE
  5
26D3
330
1F
100
AcDbEntity
  8
2
  6
CONTINUOUS
370
25
 62
7
100
AcDbLine
 10
-4.416131562194379
 20
-16.88322631243888
 30
0.0
 11
-2.944087708129587
 21
-15.41118245837408
 31
0.0
  0
LINE
  5
26D4
330
1F
100
AcDbEntity
  8
2
  6
CONTINUOUS
370
25
 62
7
100
AcDbLine
 10
-4.946461648084289
 20
-16.98929232961686
 30
0.0
 11
-3.29764109872286
 21
-15.34047178025543
 31
0.0
  0
LINE
  5
26D5
330
1F
100
AcDbEntity
  8
2
  6
CONTINUOUS
370
25
 62
7
100
AcDbLine
 10
-5.0
 20
-16.61856661282064
 30
0.0
 11
-3.651194489316133
 21
-15.26976110213677
 31
0.0
  0
LINE
  5
26D6
330
1F
100
AcDbEntity
  8
2
  6
CONTINUOUS
370
25
 62
7
100
AcDbLine
 10
-5.0
 20
-16.19430254410872
 30
0.0
 11
-4.004747879909406
 21
-15.19905042401812
 31
0.0
  0
LINE
  5
26D7
330
1F
100
AcDbEntity
  8
2
  6
CONTINUOUS
370
25
 62
7
100
AcDbLine
 10
-5.0
 20
-15.77003847539679
 30
0.0
 11
-4.358301270502679
 21
-15.12833974589946
 31
0.0
  0
LINE
  5
26D8
330
1F
100
AcDbEntity
  8
2
  6
CONTINUOUS
370
25
 62
7
100
AcDbLine
 10
-5.0
 20
-15.34577440668486
 30
0.0
 11
-4.711854661095952
 21
-15.05762906778081
 31
0.0
  0
LINE
  5
26D9
330
1F
100
AcDbEntity
  8
2
  6
CONTINUOUS
370
25
 62
7
100
AcDbLine
 10
-5.0
 20
-16.61856661282064
 30
0.0
 11
-4.682138844017197
 21
-16.93642776880344
 31
0.0
  0
LINE
  5
26DA
330
1F
100
AcDbEntity
  8
2
  6
CONTINUOUS
370
25
 62
7
100
AcDbLine
 10
-5.0
 20
-16.19430254410871
 30
0.0
 11
-4.328585453423926
 21
-16.86571709068478
 31
0.0
  0
LINE
  5
26DB
330
1F
100
AcDbEntity
  8
2
  6
CONTINUOUS
370
25
 62
7
100
AcDbLine
 10
-5.0
 20
-15.77003847539678
 30
0.0
 11
-3.975032062830652
 21
-16.79500641256613
 31
0.0
  0
LINE
  5
26DC
330
1F
100
AcDbEntity
  8
2
  6
CONTINUOUS
370
25
 62
7
100
AcDbLine
 10
-5.0
 20
-15.34577440668485
 30
0.0
 11
-3.621478672237377
 21
-16.72429573444748
 31
0.0
  0
LINE
  5
26DD
330
1F
100
AcDbEntity
  8
2
  6
CONTINUOUS
370
25
 62
7
100
AcDbLine
 10
-4.901887922466157
 20
-15.01962241550677
 30
0.0
 11
-3.267925281644103
 21
-16.65358505632882
 31
0.0
  0
LINE
  5
26DE
330
1F
100
AcDbEntity
  8
2
  6
CONTINUOUS
370
25
 62
7
100
AcDbLine
 10
-4.371557836576251
 20
-15.12568843268475
 30
0.0
 11
-2.914371891050833
 21
-16.58287437821017
 31
0.0
  0
LINE
  5
26DF
330
1F
100
AcDbEntity
  8
2
  6
CONTINUOUS
370
25
 62
7
100
AcDbLine
 10
-3.841227750686341
 20
-15.23175444986273
 30
0.0
 11
-2.560818500457559
 21
-16.51216370009151
 31
0.0
  0
LINE
  5
26E0
330
1F
100
AcDbEntity
  8
2
  6
CONTINUOUS
370
25
 62
7
100
AcDbLine
 10
-3.31089766479643
 20
-15.33782046704071
 30
0.0
 11
-2.207265109864286
 21
-16.44145302197286
 31
0.0
  0
LINE
  5
26E1
330
1F
100
AcDbEntity
  8
2
  6
CONTINUOUS
370
25
 62
7
100
AcDbLine
 10
-2.78056757890652
 20
-15.4438864842187
 30
0.0
 11
-1.853711719271012
 21
-16.3707423438542
 31
0.0
  0
LINE
  5
26E2
330
1F
100
AcDbEntity
  8
2
  6
CONTINUOUS
370
25
 62
7
100
AcDbLine
 10
-2.250237493016609
 20
-15.54995250139668
 30
0.0
 11
-1.500158328677738
 21
-16.30003166573555
 31
0.0
  0
LINE
  5
26E3
330
1F
100
AcDbEntity
  8
2
  6
CONTINUOUS
370
25
 62
7
100
AcDbLine
 10
-1.719907407126699
 20
-15.65601851857466
 30
0.0
 11
-1.146604938084465
 21
-16.22932098761689
 31
0.0
  0
LINE
  5
26E4
330
1F
100
AcDbEntity
  8
2
  6
CONTINUOUS
370
25
 62
7
100
AcDbLine
 10
-1.189577321236788
 20
-15.76208453575264
 30
0.0
 11
-0.7930515474911916
 21
-16.15861030949824
 31
0.0
  0
LINE
  5
26E5
330
1F
100
AcDbEntity
  8
2
  6
CONTINUOUS
370
25
 62
7
100
AcDbLine
 10
-0.6592472353468773
 20
-15.86815055293062
 30
0.0
 11
-0.4394981568979179
 21
-16.08789963137959
 31
0.0
  0
LINE
  5
26E6
330
1F
100
AcDbEntity
  8
2
  6
CONTINUOUS
370
25
 62
7
100
AcDbLine
 10
-0.1289171494569666
 20
-15.97421657010861
 30
0.0
 11
-0.0859447663046443
 21
-16.01718895326093
 31
0.0
  0
LINE
  5
26E7
330
1F
100
AcDbEntity
  8
2
  6
CONTINUOUS
370
25
 62
7
100
AcDbLine
 10
15.54
 20
-16.0
 30
0.0
 11
20.54
 21
-15.0
 31
0.0
  0
LINE
  5
26E8
330
1F
100
AcDbEntity
  8
2
  6
CONTINUOUS
370
25
 62
7
100
AcDbLine
 10
20.54
 20
-15.0
 30
0.0
 11
20.54
 21
-17.0
 31
0.0
  0
LINE
  5
26E9
330
1F
100
AcDbEntity
  8
2
  6
CONTINUOUS
370
25
 62
7
100
AcDbLine
 10
20.54
 20
-17.0
 30
0.0
 11
15.54
 21
-16.0
 31
0.0
  0
LINE
  5
26EA
330
1F
100
AcDbEntity
  8
2
  6
CONTINUOUS
370
25
 62
7
100
AcDbLine
 10
20.44421678265932
 20
-16.98084335653186
 30
0.0
 11
20.54
 21
-16.88506013919118
 31
0.0
  0
LINE
  5
26EB
330
1F
100
AcDbEntity
  8
2
  6
CONTINUOUS
370
25
 62
7
100
AcDbLine
 10
20.09066339206604
 20
-16.91013267841321
 30
0.0
 11
20.54
 21
-16.46079607047925
 31
0.0
  0
LINE
  5
26EC
330
1F
100
AcDbEntity
  8
2
  6
CONTINUOUS
370
25
 62
7
100
AcDbLine
 10
19.73711000147277
 20
-16.83942200029455
 30
0.0
 11
20.54
 21
-16.03653200176733
 31
0.0
  0
LINE
  5
26ED
330
1F
100
AcDbEntity
  8
2
  6
CONTINUOUS
370
25
 62
7
100
AcDbLine
 10
19.3835566108795
 20
-16.7687113221759
 30
0.0
 11
20.54
 21
-15.6122679330554
 31
0.0
  0
LINE
  5
26EE
330
1F
100
AcDbEntity
  8
2
  6
CONTINUOUS
370
25
 62
7
100
AcDbLine
 10
19.03000322028623
 20
-16.69800064405725
 30
0.0
 11
20.54
 21
-15.18800386434347
 31
0.0
  0
LINE
  5
26EF
330
1F
100
AcDbEntity
  8
2
  6
CONTINUOUS
370
25
 62
7
100
AcDbLine
 10
18.67644982969295
 20
-16.62728996593859
 30
0.0
 11
20.24467474453943
 21
-15.05906505109212
 31
0.0
  0
LINE
  5
26F0
330
1F
100
AcDbEntity
  8
2
  6
CONTINUOUS
370
25
 62
7
100
AcDbLine
 10
18.32289643909968
 20
-16.55657928781994
 30
0.0
 11
19.71434465864952
 21
-15.1651310682701
 31
0.0
  0
LINE
  5
26F1
330
1F
100
AcDbEntity
  8
2
  6
CONTINUOUS
370
25
 62
7
100
AcDbLine
 10
17.96934304850641
 20
-16.48586860970128
 30
0.0
 11
19.18401457275961
 21
-15.27119708544808
 31
0.0
  0
LINE
  5
26F2
330
1F
100
AcDbEntity
  8
2
  6
CONTINUOUS
370
25
 62
7
100
AcDbLine
 10
17.61578965791313
 20
-16.41515793158263
 30
0.0
 11
18.6536844868697
 21
-15.37726310262606
 31
0.0
  0
LINE
  5
26F3
330
1F
100
AcDbEntity
  8
2
  6
CONTINUOUS
370
25
 62
7
100
AcDbLine
 10
17.26223626731986
 20
-16.34444725346397
 30
0.0
 11
18.12335440097979
 21
-15.48332911980404
 31
0.0
  0
LINE
  5
26F4
330
1F
100
AcDbEntity
  8
2
  6
CONTINUOUS
370
25
 62
7
100
AcDbLine
 10
16.90868287672659
 20
-16.27373657534532
 30
0.0
 11
17.59302431508988
 21
-15.58939513698203
 31
0.0
  0
LINE
  5
26F5
330
1F
100
AcDbEntity
  8
2
  6
CONTINUOUS
370
25
 62
7
100
AcDbLine
 10
16.55512948613331
 20
-16.20302589722666
 30
0.0
 11
17.06269422919997
 21
-15.69546115416001
 31
0.0
  0
LINE
  5
26F6
330
1F
100
AcDbEntity
  8
2
  6
CONTINUOUS
370
25
 62
7
100
AcDbLine
 10
16.20157609554004
 20
-16.13231521910801
 30
0.0
 11
16.53236414331006
 21
-15.80152717133799
 31
0.0
  0
LINE
  5
26F7
330
1F
100
AcDbEntity
  8
2
  6
CONTINUOUS
370
25
 62
7
100
AcDbLine
 10
15.84802270494677
 20
-16.06160454098935
 30
0.0
 11
16.00203405742015
 21
-15.90759318851597
 31
0.0
  0
LINE
  5
26F8
330
1F
100
AcDbEntity
  8
2
  6
CONTINUOUS
370
25
 62
7
100
AcDbLine
 10
15.87773852202548
 20
-15.9324522955949
 30
0.0
 11
16.04660778303822
 21
-16.10132155660764
 31
0.0
  0
LINE
  5
26F9
330
1F
100
AcDbEntity
  8
2
  6
CONTINUOUS
370
25
 62
7
100
AcDbLine
 10
16.23129191261876
 20
-15.86174161747625
 30
0.0
 11
16.57693786892813
 21
-16.20738757378562
 31
0.0
  0
LINE
  5
26FA
330
1F
100
AcDbEntity
  8
2
  6
CONTINUOUS
370
25
 62
7
100
AcDbLine
 10
16.58484530321203
 20
-15.7910309393576
 30
0.0
 11
17.10726795481804
 21
-16.31345359096361
 31
0.0
  0
LINE
  5
26FB
330
1F
100
AcDbEntity
  8
2
  6
CONTINUOUS
370
25
 62
7
100
AcDbLine
 10
16.9383986938053
 20
-15.72032026123894
 30
0.0
 11
17.63759804070795
 21
-16.41951960814159
 31
0.0
  0
LINE
  5
26FC
330
1F
100
AcDbEntity
  8
2
  6
CONTINUOUS
370
25
 62
7
100
AcDbLine
 10
17.29195208439858
 20
-15.64960958312029
 30
0.0
 11
18.16792812659786
 21
-16.52558562531957
 31
0.0
  0
LINE
  5
26FD
330
1F
100
AcDbEntity
  8
2
  6
CONTINUOUS
370
25
 62
7
100
AcDbLine
 10
17.64550547499185
 20
-15.57889890500163
 30
0.0
 11
18.69825821248777
 21
-16.63165164249755
 31
0.0
  0
LINE
  5
26FE
330
1F
100
AcDbEntity
  8
2
  6
CONTINUOUS
370
25
 62
7
100
AcDbLine
 10
17.99905886558512
 20
-15.50818822688297
 30
0.0
 11
19.22858829837768
 21
-16.73771765967553
 31
0.0
  0
LINE
  5
26FF
330
1F
100
AcDbEntity
  8
2
  6
CONTINUOUS
370
25
 62
7
100
AcDbLine
 10
18.35261225617839
 20
-15.43747754876432
 30
0.0
 11
19.75891838426759
 21
-16.84378367685352
 31
0.0
  0
LINE
  5
2700
330
1F
100
AcDbEntity
  8
2
  6
CONTINUOUS
370
25
 62
7
100
AcDbLine
 10
18.70616564677167
 20
-15.36676687064566
 30
0.0
 11
20.2892484701575
 21
-16.9498496940315
 31
0.0
  0
LINE
  5
2701
330
1F
100
AcDbEntity
  8
2
  6
CONTINUOUS
370
25
 62
7
100
AcDbLine
 10
19.05971903736494
 20
-15.29605619252701
 30
0.0
 11
20.54
 21
-16.77633715516207
 31
0.0
  0
LINE
  5
2702
330
1F
100
AcDbEntity
  8
2
  6
CONTINUOUS
370
25
 62
7
100
AcDbLine
 10
19.41327242795822
 20
-15.22534551440836
 30
0.0
 11
20.54
 21
-16.35207308645014
 31
0.0
  0
LINE
  5
2703
330
1F
100
AcDbEntity
  8
2
  6
CONTINUOUS
370
25
 62
7
100
AcDbLine
 10
19.76682581855149
 20
-15.1546348362897
 30
0.0
 11
20.54
 21
-15.92780901773821
 31
0.0
  0
LINE
  5
2704
330
1F
100
AcDbEntity
  8
2
  6
CONTINUOUS
370
25
 62
7
100
AcDbLine
 10
20.12037920914476
 20
-15.08392415817105
 30
0.0
 11
20.54
 21
-15.50354494902629
 31
0.0
  0
LINE
  5
2705
330
1F
100
AcDbEntity
  8
2
  6
CONTINUOUS
370
25
 62
7
100
AcDbLine
 10
20.47393259973803
 20
-15.01321348005239
 30
0.0
 11
20.54
 21
-15.07928088031436
 31
0.0
  0
TEXT
  5
2706
330
1F
100
AcDbEntity
  8
2
  6
CONTINUOUS
370
25
 62
7
100
AcDbText
 10
-19.85416666666667
 20
-14.5
 30
0.0
 40
3.5
  1
15.54
 72
     1
 11
-13.4375
 21
-14.5
 31
0.0
100
AcDbText
  0
LINE
  5
2707
330
1F
100
AcDbEntity
  8
2
  6
CONTINUOUS
370
25
 62
7
100
AcDbLine
 10
40.738
 20
-3.35
 30
0.0
 11
53.738
 21
-3.350000000000002
 31
0.0
  0
LINE
  5
2708
330
1F
100
AcDbEntity
  8
2
  6
CONTINUOUS
370
25
 62
7
100
AcDbLine
 10
53.738
 20
3.349999999999998
 30
0.0
 11
40.738
 21
3.35
 31
0.0
  0
LINE
  5
2709
330
1F
100
AcDbEntity
  8
2
  6
CONTINUOUS
370
25
 62
7
100
AcDbLine
 10
52.738
 20
-10.35
 30
0.0
 11
52.738
 21
22.775
 31
0.0
  0
LINE
  5
270A
330
1F
100
AcDbEntity
  8
2
  6
CONTINUOUS
370
25
 62
7
100
AcDbLine
 10
52.738
 20
-3.350000000000002
 30
0.0
 11
53.738
 21
-8.350000000000001
 31
0.0
  0
LINE
  5
270B
330
1F
100
AcDbEntity
  8
2
  6
CONTINUOUS
370
25
 62
7
100
AcDbLine
 10
53.738
 20
-8.350000000000001
 30
0.0
 11
51.738
 21
-8.350000000000001
 31
0.0
  0
LINE
  5
270C
330
1F
100
AcDbEntity
  8
2
  6
CONTINUOUS
370
25
 62
7
100
AcDbLine
 10
51.738
 20
-8.350000000000001
 30
0.0
 11
52.738
 21
-3.350000000000002
 31
0.0
  0
LINE
  5
270D
330
1F
100
AcDbEntity
  8
2
  6
CONTINUOUS
370
25
 62
7
100
AcDbLine
 10
53.56374415389938
 20
-8.350000000000001
 30
0.0
 11
53.70895735898323
 21
-8.204786794916146
 31
0.0
  0
LINE
  5
270E
330
1F
100
AcDbEntity
  8
2
  6
CONTINUOUS
370
25
 62
7
100
AcDbLine
 10
53.13948008518745
 20
-8.350000000000001
 30
0.0
 11
53.63824668086458
 21
-7.851233404322876
 31
0.0
  0
LINE
  5
270F
330
1F
100
AcDbEntity
  8
2
  6
CONTINUOUS
370
25
 62
7
100
AcDbLine
 10
52.71521601647552
 20
-8.350000000000001
 30
0.0
 11
53.56753600274592
 21
-7.4976800137296
 31
0.0
  0
LINE
  5
2710
330
1F
100
AcDbEntity
  8
2
  6
CONTINUOUS
370
25
 62
7
100
AcDbLine
 10
52.29095194776359
 20
-8.350000000000001
 30
0.0
 11
53.49682532462726
 21
-7.14412662313633
 31
0.0
  0
LINE
  5
2711
330
1F
100
AcDbEntity
  8
2
  6
CONTINUOUS
370
25
 62
7
100
AcDbLine
 10
51.86668787905165
 20
-8.350000000000001
 30
0.0
 11
53.42611464650861
 21
-6.790573232543046
 31
0.0
  0
LINE
  5
2712
330
1F
100
AcDbEntity
  8
2
  6
CONTINUOUS
370
25
 62
7
100
AcDbLine
 10
51.81189404741507
 20
-7.980529762924647
 30
0.0
 11
53.35540396838996
 21
-6.437019841949763
 31
0.0
  0
LINE
  5
2713
330
1F
100
AcDbEntity
  8
2
  6
CONTINUOUS
370
25
 62
7
100
AcDbLine
 10
51.91796006459306
 20
-7.450199677034732
 30
0.0
 11
53.2846932902713
 21
-6.083466451356493
 31
0.0
  0
LINE
  5
2714
330
1F
100
AcDbEntity
  8
2
  6
CONTINUOUS
370
25
 62
7
100
AcDbLine
 10
52.02402608177104
 20
-6.919869591144824
 30
0.0
 11
53.21398261215264
 21
-5.729913060763224
 31
0.0
  0
LINE
  5
2715
330
1F
100
AcDbEntity
  8
2
  6
CONTINUOUS
370
25
 62
7
100
AcDbLine
 10
52.13009209894903
 20
-6.389539505254902
 30
0.0
 11
53.14327193403399
 21
-5.37635967016994
 31
0.0
  0
LINE
  5
2716
330
1F
100
AcDbEntity
  8
2
  6
CONTINUOUS
370
25
 62
7
100
AcDbLine
 10
52.23615811612702
 20
-5.85920941936498
 30
0.0
 11
53.07256125591532
 21
-5.02280627957667
 31
0.0
  0
LINE
  5
2717
330
1F
100
AcDbEntity
  8
2
  6
CONTINUOUS
370
25
 62
7
100
AcDbLine
 10
52.342224133305
 20
-5.328879333475065
 30
0.0
 11
53.00185057779667
 21
-4.669252888983387
 31
0.0
  0
LINE
  5
2718
330
1F
100
AcDbEntity
  8
2
  6
CONTINUOUS
370
25
 62
7
100
AcDbLine
 10
52.44829015048298
 20
-4.79854924758515
 30
0.0
 11
52.93113989967802
 21
-4.31569949839011
 31
0.0
  0
LINE
  5
2719
330
1F
100
AcDbEntity
  8
2
  6
CONTINUOUS
370
25
 62
7
100
AcDbLine
 10
52.55435616766096
 20
-4.268219161695235
 30
0.0
 11
52.86042922155936
 21
-3.962146107796833
 31
0.0
  0
LINE
  5
271A
330
1F
100
AcDbEntity
  8
2
  6
CONTINUOUS
370
25
 62
7
100
AcDbLine
 10
52.66042218483894
 20
-3.737889075805327
 30
0.0
 11
52.78971854344071
 21
-3.608592717203557
 31
0.0
  0
LINE
  5
271B
330
1F
100
AcDbEntity
  8
2
  6
CONTINUOUS
370
25
 62
7
100
AcDbLine
 10
51.7898665128881
 20
-8.090667435559453
 30
0.0
 11
52.04919907732865
 21
-8.350000000000001
 31
0.0
  0
LINE
  5
271C
330
1F
100
AcDbEntity
  8
2
  6
CONTINUOUS
370
25
 62
7
100
AcDbLine
 10
51.86057719100677
 20
-7.737114044966191
 30
0.0
 11
52.47346314604058
 21
-8.350000000000001
 31
0.0
  0
LINE
  5
271D
330
1F
100
AcDbEntity
  8
2
  6
CONTINUOUS
370
25
 62
7
100
AcDbLine
 10
51.93128786912542
 20
-7.383560654372907
 30
0.0
 11
52.89772721475251
 21
-8.350000000000001
 31
0.0
  0
LINE
  5
271E
330
1F
100
AcDbEntity
  8
2
  6
CONTINUOUS
370
25
 62
7
100
AcDbLine
 10
52.00199854724408
 20
-7.030007263779638
 30
0.0
 11
53.32199128346444
 21
-8.350000000000001
 31
0.0
  0
LINE
  5
271F
330
1F
100
AcDbEntity
  8
2
  6
CONTINUOUS
370
25
 62
7
100
AcDbLine
 10
52.07270922536273
 20
-6.676453873186354
 30
0.0
 11
53.73593616195591
 21
-8.339680809779523
 31
0.0
  0
LINE
  5
2720
330
1F
100
AcDbEntity
  8
2
  6
CONTINUOUS
370
25
 62
7
100
AcDbLine
 10
52.14341990348138
 20
-6.32290048259307
 30
0.0
 11
53.62987014477792
 21
-7.809350723889608
 31
0.0
  0
LINE
  5
2721
330
1F
100
AcDbEntity
  8
2
  6
CONTINUOUS
370
25
 62
7
100
AcDbLine
 10
52.21413058160005
 20
-5.969347091999801
 30
0.0
 11
53.52380412759994
 21
-7.279020637999693
 31
0.0
  0
LINE
  5
2722
330
1F
100
AcDbEntity
  8
2
  6
CONTINUOUS
370
25
 62
7
100
AcDbLine
 10
52.2848412597187
 20
-5.615793701406524
 30
0.0
 11
53.41773811042195
 21
-6.748690552109778
 31
0.0
  0
LINE
  5
2723
330
1F
100
AcDbEntity
  8
2
  6
CONTINUOUS
370
25
 62
7
100
AcDbLine
 10
52.35555193783735
 20
-5.262240310813254
 30
0.0
 11
53.31167209324397
 21
-6.21836046621987
 31
0.0
  0
LINE
  5
2724
330
1F
100
AcDbEntity
  8
2
  6
CONTINUOUS
370
25
 62
7
100
AcDbLine
 10
52.42626261595601
 20
-4.908686920219971
 30
0.0
 11
53.20560607606598
 21
-5.688030380329948
 31
0.0
  0
LINE
  5
2725
330
1F
100
AcDbEntity
  8
2
  6
CONTINUOUS
370
25
 62
7
100
AcDbLine
 10
52.49697329407466
 20
-4.555133529626694
 30
0.0
 11
53.099540058888
 21
-5.157700294440041
 31
0.0
  0
LINE
  5
2726
330
1F
100
AcDbEntity
  8
2
  6
CONTINUOUS
370
25
 62
7
100
AcDbLine
 10
52.56768397219332
 20
-4.201580139033425
 30
0.0
 11
52.99347404171002
 21
-4.627370208550118
 31
0.0
  0
LINE
  5
2727
330
1F
100
AcDbEntity
  8
2
  6
CONTINUOUS
370
25
 62
7
100
AcDbLine
 10
52.63839465031197
 20
-3.848026748440148
 30
0.0
 11
52.88740802453204
 21
-4.097040122660211
 31
0.0
  0
LINE
  5
2728
330
1F
100
AcDbEntity
  8
2
  6
CONTINUOUS
370
25
 62
7
100
AcDbLine
 10
52.70910532843063
 20
-3.494473357846871
 30
0.0
 11
52.78134200735405
 21
-3.566710036770289
 31
0.0
  0
LINE
  5
2729
330
1F
100
AcDbEntity
  8
2
  6
CONTINUOUS
370
25
 62
7
100
AcDbLine
 10
52.738
 20
3.349999999999998
 30
0.0
 11
51.738
 21
8.349999999999998
 31
0.0
  0
LINE
  5
272A
330
1F
100
AcDbEntity
  8
2
  6
CONTINUOUS
370
25
 62
7
100
AcDbLine
 10
51.738
 20
8.349999999999998
 30
0.0
 11
53.738
 21
8.349999999999998
 31
0.0
  0
LINE
  5
272B
330
1F
100
AcDbEntity
  8
2
  6
CONTINUOUS
370
25
 62
7
100
AcDbLine
 10
53.738
 20
8.349999999999998
 30
0.0
 11
52.738
 21
3.349999999999998
 31
0.0
  0
LINE
  5
272C
330
1F
100
AcDbEntity
  8
2
  6
CONTINUOUS
370
25
 62
7
100
AcDbLine
 10
52.69339097861626
 20
3.573045106918684
 30
0.0
 11
52.8049135320756
 21
3.684567660378022
 31
0.0
  0
LINE
  5
272D
330
1F
100
AcDbEntity
  8
2
  6
CONTINUOUS
370
25
 62
7
100
AcDbLine
 10
52.62268030049761
 20
3.926598497511961
 30
0.0
 11
52.91097954925358
 21
4.21489774626793
 31
0.0
  0
LINE
  5
272E
330
1F
100
AcDbEntity
  8
2
  6
CONTINUOUS
370
25
 62
7
100
AcDbLine
 10
52.55196962237896
 20
4.280151888105237
 30
0.0
 11
53.01704556643157
 21
4.745227832157852
 31
0.0
  0
LINE
  5
272F
330
1F
100
AcDbEntity
  8
2
  6
CONTINUOUS
370
25
 62
7
100
AcDbLine
 10
52.4812589442603
 20
4.633705278698514
 30
0.0
 11
53.12311158360955
 21
5.275557918047767
 31
0.0
  0
LINE
  5
2730
330
1F
100
AcDbEntity
  8
2
  6
CONTINUOUS
370
25
 62
7
100
AcDbLine
 10
52.41054826614164
 20
4.987258669291784
 30
0.0
 11
53.22917760078754
 21
5.805888003937682
 31
0.0
  0
LINE
  5
2731
330
1F
100
AcDbEntity
  8
2
  6
CONTINUOUS
370
25
 62
7
100
AcDbLine
 10
52.33983758802299
 20
5.340812059885074
 30
0.0
 11
53.3352436179655
 21
6.336218089827582
 31
0.0
  0
LINE
  5
2732
330
1F
100
AcDbEntity
  8
2
  6
CONTINUOUS
370
25
 62
7
100
AcDbLine
 10
52.26912690990434
 20
5.694365450478351
 30
0.0
 11
53.44130963514349
 21
6.866548175717497
 31
0.0
  0
LINE
  5
2733
330
1F
100
AcDbEntity
  8
2
  6
CONTINUOUS
370
25
 62
7
100
AcDbLine
 10
52.19841623178568
 20
6.04791884107162
 30
0.0
 11
53.54737565232147
 21
7.396878261607412
 31
0.0
  0
LINE
  5
2734
330
1F
100
AcDbEntity
  8
2
  6
CONTINUOUS
370
25
 62
7
100
AcDbLine
 10
52.12770555366703
 20
6.401472231664897
 30
0.0
 11
53.65344166949946
 21
7.927208347497327
 31
0.0
  0
LINE
  5
2735
330
1F
100
AcDbEntity
  8
2
  6
CONTINUOUS
370
25
 62
7
100
AcDbLine
 10
52.05699487554837
 20
6.755025622258167
 30
0.0
 11
53.6519692532902
 21
8.350000000000001
 31
0.0
  0
LINE
  5
2736
330
1F
100
AcDbEntity
  8
2
  6
CONTINUOUS
370
25
 62
7
100
AcDbLine
 10
51.98628419742972
 20
7.108579012851443
 30
0.0
 11
53.22770518457827
 21
8.349999999999994
 31
0.0
  0
LINE
  5
2737
330
1F
100
AcDbEntity
  8
2
  6
CONTINUOUS
370
25
 62
7
100
AcDbLine
 10
51.91557351931105
 20
7.462132403444713
 30
0.0
 11
52.80344111586633
 21
8.349999999999994
 31
0.0
  0
LINE
  5
2738
330
1F
100
AcDbEntity
  8
2
  6
CONTINUOUS
370
25
 62
7
100
AcDbLine
 10
51.8448628411924
 20
7.815685794037996
 30
0.0
 11
52.3791770471544
 21
8.349999999999994
 31
0.0
  0
LINE
  5
2739
330
1F
100
AcDbEntity
  8
2
  6
CONTINUOUS
370
25
 62
7
100
AcDbLine
 10
51.77415216307375
 20
8.169239184631273
 30
0.0
 11
51.95491297844248
 21
8.350000000000001
 31
0.0
  0
LINE
  5
273A
330
1F
100
AcDbEntity
  8
2
  6
CONTINUOUS
370
25
 62
7
100
AcDbLine
 10
52.65321971532838
 20
3.773901423358097
 30
0.0
 11
52.79452018978108
 21
3.632600948905399
 31
0.0
  0
LINE
  5
273B
330
1F
100
AcDbEntity
  8
2
  6
CONTINUOUS
370
25
 62
7
100
AcDbLine
 10
52.5471536981504
 20
4.304231509248005
 30
0.0
 11
52.86523086789973
 21
3.986154339498675
 31
0.0
  0
LINE
  5
273C
330
1F
100
AcDbEntity
  8
2
  6
CONTINUOUS
370
25
 62
7
100
AcDbLine
 10
52.44108768097242
 20
4.834561595137934
 30
0.0
 11
52.93594154601838
 21
4.339707730091966
 31
0.0
  0
LINE
  5
273D
330
1F
100
AcDbEntity
  8
2
  6
CONTINUOUS
370
25
 62
7
100
AcDbLine
 10
52.33502166379444
 20
5.364891681027842
 30
0.0
 11
53.00665222413704
 21
4.693261120685236
 31
0.0
  0
LINE
  5
273E
330
1F
100
AcDbEntity
  8
2
  6
CONTINUOUS
370
25
 62
7
100
AcDbLine
 10
52.22895564661646
 20
5.895221766917757
 30
0.0
 11
53.07736290225569
 21
5.046814511278519
 31
0.0
  0
LINE
  5
273F
330
1F
100
AcDbEntity
  8
2
  6
CONTINUOUS
370
25
 62
7
100
AcDbLine
 10
52.12288962943848
 20
6.425551852807658
 30
0.0
 11
53.14807358037434
 21
5.400367901871789
 31
0.0
  0
LINE
  5
2740
330
1F
100
AcDbEntity
  8
2
  6
CONTINUOUS
370
25
 62
7
100
AcDbLine
 10
52.01682361226048
 20
6.955881938697594
 30
0.0
 11
53.21878425849301
 21
5.753921292465066
 31
0.0
  0
LINE
  5
2741
330
1F
100
AcDbEntity
  8
2
  6
CONTINUOUS
370
25
 62
7
100
AcDbLine
 10
51.9107575950825
 20
7.486212024587502
 30
0.0
 11
53.28949493661167
 21
6.107474683058328
 31
0.0
  0
LINE
  5
2742
330
1F
100
AcDbEntity
  8
2
  6
CONTINUOUS
370
25
 62
7
100
AcDbLine
 10
51.80469157790451
 20
8.016542110477424
 30
0.0
 11
53.36020561473033
 21
6.461028073651612
 31
0.0
  0
LINE
  5
2743
330
1F
100
AcDbEntity
  8
2
  6
CONTINUOUS
370
25
 62
7
100
AcDbLine
 10
51.89549775709386
 20
8.350000000000001
 30
0.0
 11
53.43091629284898
 21
6.814581464244888
 31
0.0
  0
LINE
  5
2744
330
1F
100
AcDbEntity
  8
2
  6
CONTINUOUS
370
25
 62
7
100
AcDbLine
 10
52.31976182580579
 20
8.350000000000001
 30
0.0
 11
53.50162697096764
 21
7.168134854838165
 31
0.0
  0
LINE
  5
2745
330
1F
100
AcDbEntity
  8
2
  6
CONTINUOUS
370
25
 62
7
100
AcDbLine
 10
52.74402589451773
 20
8.349999999999994
 30
0.0
 11
53.57233764908629
 21
7.521688245431442
 31
0.0
  0
LINE
  5
2746
330
1F
100
AcDbEntity
  8
2
  6
CONTINUOUS
370
25
 62
7
100
AcDbLine
 10
53.16828996322967
 20
8.349999999999994
 30
0.0
 11
53.64304832720494
 21
7.875241636024725
 31
0.0
  0
LINE
  5
2747
330
1F
100
AcDbEntity
  8
2
  6
CONTINUOUS
370
25
 62
7
100
AcDbLine
 10
53.59255403194159
 20
8.350000000000001
 30
0.0
 11
53.7137590053236
 21
8.228795026617995
 31
0.0
  0
TEXT
  5
2748
330
1F
100
AcDbEntity
  8
2
  6
CONTINUOUS
370
25
 62
7
100
AcDbText
 10
51.238
 20
14.3375
 30
0.0
 40
3.5
  1
6.7
 50
89.99999999999997
 72
     1
 11
51.238
 21
17.8375
 31
0.0
100
AcDbText
  0
CIRCLE
  5
2749
330
1F
100
AcDbEntity
  8
2
  6
CONTINUOUS
370
25
 62
7
100
AcDbCircle
 10
49.488
 20
11.3625
 30
0.0
 40
1.4
  0
LINE
  5
274A
330
1F
100
AcDbEntity
  8
2
  6
CONTINUOUS
370
25
 62
7
100
AcDbLine
 10
50.888
 20
9.962499999999995
 30
0.0
 11
48.088
 21
12.7625
 31
0.0
  0
LINE
  5
274B
330
1F
100
AcDbEntity
  8
SK2
  6
CONTINUOUS
370
25
 62
7
100
AcDbLine
 10
-5.0000002
 20
-3.500000999999998
 30
0.0
 11
-6.000000000000044
 21
-3.500000999999997
 31
0.0
  0
LINE
  5
274C
330
1F
100
AcDbEntity
  8
SK2
  6
CONTINUOUS
370
25
 62
7
100
AcDbLine
 10
16.404
 20
-3.500001
 30
0.0
 11
-4.9999998
 21
-3.500000999999998
 31
0.0
  0
LINE
  5
274D
330
1F
100
AcDbEntity
  8
SK2
  6
CONTINUOUS
370
25
 62
7
100
AcDbLine
 10
-6.0
 20
3.500000000000003
 30
0.0
 11
16.404
 21
3.5
 31
0.0
  0
LINE
  5
274E
330
1F
100
AcDbEntity
  8
SK2
  6
CONTINUOUS
370
25
 62
7
100
AcDbLine
 10
-5.0
 20
-16.975
 30
0.0
 11
-5.0
 21
10.5
 31
0.0
  0
LINE
  5
274F
330
1F
100
AcDbEntity
  8
SK2
  6
CONTINUOUS
370
25
 62
7
100
AcDbLine
 10
-5.0
 20
-3.499999999999997
 30
0.0
 11
-4.0
 21
-8.499999999999996
 31
0.0
  0
LINE
  5
2750
330
1F
100
AcDbEntity
  8
SK2
  6
CONTINUOUS
370
25
 62
7
100
AcDbLine
 10
-4.0
 20
-8.499999999999996
 30
0.0
 11
-6.0
 21
-8.499999999999996
 31
0.0
  0
LINE
  5
2751
330
1F
100
AcDbEntity
  8
SK2
  6
CONTINUOUS
370
25
 62
7
100
AcDbLine
 10
-6.0
 20
-8.499999999999996
 30
0.0
 11
-5.0
 21
-3.499999999999997
 31
0.0
  0
LINE
  5
2752
330
1F
100
AcDbEntity
  8
SK2
  6
CONTINUOUS
370
25
 62
7
100
AcDbLine
 10
-4.062342501278399
 20
-8.499999999999996
 30
0.0
 11
-4.010390416879733
 21
-8.448047915601329
 31
0.0
  0
LINE
  5
2753
330
1F
100
AcDbEntity
  8
SK2
  6
CONTINUOUS
370
25
 62
7
100
AcDbLine
 10
-4.486606569990329
 20
-8.499999999999996
 30
0.0
 11
-4.081101094998388
 21
-8.094494525008056
 31
0.0
  0
LINE
  5
2754
330
1F
100
AcDbEntity
  8
SK2
  6
CONTINUOUS
370
25
 62
7
100
AcDbLine
 10
-4.910870638702256
 20
-8.499999999999996
 30
0.0
 11
-4.151811773117043
 21
-7.740941134414783
 31
0.0
  0
LINE
  5
2755
330
1F
100
AcDbEntity
  8
SK2
  6
CONTINUOUS
370
25
 62
7
100
AcDbLine
 10
-5.335134707414183
 20
-8.499999999999996
 30
0.0
 11
-4.222522451235697
 21
-7.38738774382151
 31
0.0
  0
LINE
  5
2756
330
1F
100
AcDbEntity
  8
SK2
  6
CONTINUOUS
370
25
 62
7
100
AcDbLine
 10
-5.759398776126111
 20
-8.499999999999996
 30
0.0
 11
-4.293233129354352
 21
-7.033834353228237
 31
0.0
  0
LINE
  5
2757
330
1F
100
AcDbEntity
  8
SK2
  6
CONTINUOUS
370
25
 62
7
100
AcDbLine
 10
-5.95408428879049
 20
-8.270421443952447
 30
0.0
 11
-4.363943807473007
 21
-6.680280962634964
 31
0.0
  0
LINE
  5
2758
330
1F
100
AcDbEntity
  8
SK2
  6
CONTINUOUS
370
25
 62
7
100
AcDbLine
 10
-5.848018271612508
 20
-7.740091358062537
 30
0.0
 11
-4.434654485591661
 21
-6.32672757204169
 31
0.0
  0
LINE
  5
2759
330
1F
100
AcDbEntity
  8
SK2
  6
CONTINUOUS
370
25
 62
7
100
AcDbLine
 10
-5.741952254434525
 20
-7.209761272172625
 30
0.0
 11
-4.505365163710316
 21
-5.973174181448415
 31
0.0
  0
LINE
  5
275A
330
1F
100
AcDbEntity
  8
SK2
  6
CONTINUOUS
370
25
 62
7
100
AcDbLine
 10
-5.635886237256543
 20
-6.679431186282716
 30
0.0
 11
-4.57607584182897
 21
-5.619620790855142
 31
0.0
  0
LINE
  5
275B
330
1F
100
AcDbEntity
  8
SK2
  6
CONTINUOUS
370
25
 62
7
100
AcDbLine
 10
-5.529820220078562
 20
-6.149101100392806
 30
0.0
 11
-4.646786519947626
 21
-5.266067400261869
 31
0.0
  0
LINE
  5
275C
330
1F
100
AcDbEntity
  8
SK2
  6
CONTINUOUS
370
25
 62
7
100
AcDbLine
 10
-5.42375420290058
 20
-5.618771014502896
 30
0.0
 11
-4.717497198066281
 21
-4.912514009668596
 31
0.0
  0
LINE
  5
275D
330
1F
100
AcDbEntity
  8
SK2
  6
CONTINUOUS
370
25
 62
7
100
AcDbLine
 10
-5.317688185722598
 20
-5.088440928612986
 30
0.0
 11
-4.788207876184935
 21
-4.558960619075322
 31
0.0
  0
LINE
  5
275E
330
1F
100
AcDbEntity
  8
SK2
  6
CONTINUOUS
370
25
 62
7
100
AcDbLine
 10
-5.211622168544615
 20
-4.558110842723074
 30
0.0
 11
-4.85891855430359
 21
-4.205407228482048
 31
0.0
  0
LINE
  5
275F
330
1F
100
AcDbEntity
  8
SK2
  6
CONTINUOUS
370
25
 62
7
100
AcDbLine
 10
-5.105556151366633
 20
-4.027780756833163
 30
0.0
 11
-4.929629232422244
 21
-3.851853837888775
 31
0.0
  0
LINE
  5
2760
330
1F
100
AcDbEntity
  8
SK2
  6
CONTINUOUS
370
25
 62
7
100
AcDbLine
 10
-5.959219974939219
 20
-8.2960998746961
 30
0.0
 11
-5.755319849635323
 21
-8.499999999999996
 31
0.0
  0
LINE
  5
2761
330
1F
100
AcDbEntity
  8
SK2
  6
CONTINUOUS
370
25
 62
7
100
AcDbLine
 10
-5.888509296820565
 20
-7.942546484102827
 30
0.0
 11
-5.331055780923394
 21
-8.499999999999996
 31
0.0
  0
LINE
  5
2762
330
1F
100
AcDbEntity
  8
SK2
  6
CONTINUOUS
370
25
 62
7
100
AcDbLine
 10
-5.817798618701912
 20
-7.588993093509552
 30
0.0
 11
-4.906791712211467
 21
-8.499999999999996
 31
0.0
  0
LINE
  5
2763
330
1F
100
AcDbEntity
  8
SK2
  6
CONTINUOUS
370
25
 62
7
100
AcDbLine
 10
-5.747087940583255
 20
-7.235439702916279
 30
0.0
 11
-4.482527643499537
 21
-8.499999999999996
 31
0.0
  0
LINE
  5
2764
330
1F
100
AcDbEntity
  8
SK2
  6
CONTINUOUS
370
25
 62
7
100
AcDbLine
 10
-5.676377262464603
 20
-6.881886312323006
 30
0.0
 11
-4.058263574787611
 21
-8.499999999999996
 31
0.0
  0
LINE
  5
2765
330
1F
100
AcDbEntity
  8
SK2
  6
CONTINUOUS
370
25
 62
7
100
AcDbLine
 10
-5.605666584345946
 20
-6.528332921729735
 30
0.0
 11
-4.091500123481079
 21
-8.042499382594599
 31
0.0
  0
LINE
  5
2766
330
1F
100
AcDbEntity
  8
SK2
  6
CONTINUOUS
370
25
 62
7
100
AcDbLine
 10
-5.534955906227293
 20
-6.17477953113646
 30
0.0
 11
-4.197566140659061
 21
-7.51216929670469
 31
0.0
  0
LINE
  5
2767
330
1F
100
AcDbEntity
  8
SK2
  6
CONTINUOUS
370
25
 62
7
100
AcDbLine
 10
-5.464245228108637
 20
-5.821226140543188
 30
0.0
 11
-4.303632157837043
 21
-6.981839210814781
 31
0.0
  0
LINE
  5
2768
330
1F
100
AcDbEntity
  8
SK2
  6
CONTINUOUS
370
25
 62
7
100
AcDbLine
 10
-5.393534549989982
 20
-5.467672749949914
 30
0.0
 11
-4.409698175015025
 21
-6.45150912492487
 31
0.0
  0
LINE
  5
2769
330
1F
100
AcDbEntity
  8
SK2
  6
CONTINUOUS
370
25
 62
7
100
AcDbLine
 10
-5.322823871871328
 20
-5.114119359356641
 30
0.0
 11
-4.515764192193007
 21
-5.921179039034961
 31
0.0
  0
LINE
  5
276A
330
1F
100
AcDbEntity
  8
SK2
  6
CONTINUOUS
370
25
 62
7
100
AcDbLine
 10
-5.252113193752673
 20
-4.760565968763367
 30
0.0
 11
-4.621830209370989
 21
-5.39084895314505
 31
0.0
  0
LINE
  5
276B
330
1F
100
AcDbEntity
  8
SK2
  6
CONTINUOUS
370
25
 62
7
100
AcDbLine
 10
-5.181402515634018
 20
-4.407012578170094
 30
0.0
 11
-4.727896226548971
 21
-4.86051886725514
 31
0.0
  0
LINE
  5
276C
330
1F
100
AcDbEntity
  8
SK2
  6
CONTINUOUS
370
25
 62
7
100
AcDbLine
 10
-5.110691837515364
 20
-4.053459187576821
 30
0.0
 11
-4.833962243726953
 21
-4.330188781365231
 31
0.0
  0
LINE
  5
276D
330
1F
100
AcDbEntity
  8
SK2
  6
CONTINUOUS
370
25
 62
7
100
AcDbLine
 10
-5.039981159396709
 20
-3.699905796983546
 30
0.0
 11
-4.940028260904936
 21
-3.79985869547532
 31
0.0
  0
LINE
  5
276E
330
1F
100
AcDbEntity
  8
SK2
  6
CONTINUOUS
370
25
 62
7
100
AcDbLine
 10
-5.0
 20
3.500000000000003
 30
0.0
 11
-6.0
 21
8.500000000000004
 31
0.0
  0
LINE
  5
276F
330
1F
100
AcDbEntity
  8
SK2
  6
CONTINUOUS
370
25
 62
7
100
AcDbLine
 10
-6.0
 20
8.500000000000004
 30
0.0
 11
-4.0
 21
8.500000000000004
 31
0.0
  0
LINE
  5
2770
330
1F
100
AcDbEntity
  8
SK2
  6
CONTINUOUS
370
25
 62
7
100
AcDbLine
 10
-4.0
 20
8.500000000000004
 30
0.0
 11
-5.0
 21
3.500000000000003
 31
0.0
  0
LINE
  5
2771
330
1F
100
AcDbEntity
  8
SK2
  6
CONTINUOUS
370
25
 62
7
100
AcDbLine
 10
-5.068257573825082
 20
3.841287869125415
 30
0.0
 11
-4.897613639262377
 21
4.011931803688119
 31
0.0
  0
LINE
  5
2772
330
1F
100
AcDbEntity
  8
SK2
  6
CONTINUOUS
370
25
 62
7
100
AcDbLine
 10
-5.138968251943736
 20
4.194841259718688
 30
0.0
 11
-4.791547622084395
 21
4.542261889578029
 31
0.0
  0
LINE
  5
2773
330
1F
100
AcDbEntity
  8
SK2
  6
CONTINUOUS
370
25
 62
7
100
AcDbLine
 10
-5.209678930062391
 20
4.548394650311961
 30
0.0
 11
-4.685481604906413
 21
5.072591975467938
 31
0.0
  0
LINE
  5
2774
330
1F
100
AcDbEntity
  8
SK2
  6
CONTINUOUS
370
25
 62
7
100
AcDbLine
 10
-5.280389608181046
 20
4.901948040905234
 30
0.0
 11
-4.579415587728431
 21
5.602922061357848
 31
0.0
  0
LINE
  5
2775
330
1F
100
AcDbEntity
  8
SK2
  6
CONTINUOUS
370
25
 62
7
100
AcDbLine
 10
-5.3511002862997
 20
5.255501431498509
 30
0.0
 11
-4.473349570550449
 21
6.133252147247759
 31
0.0
  0
LINE
  5
2776
330
1F
100
AcDbEntity
  8
SK2
  6
CONTINUOUS
370
25
 62
7
100
AcDbLine
 10
-5.421810964418355
 20
5.609054822091782
 30
0.0
 11
-4.367283553372467
 21
6.663582233137669
 31
0.0
  0
LINE
  5
2777
330
1F
100
AcDbEntity
  8
SK2
  6
CONTINUOUS
370
25
 62
7
100
AcDbLine
 10
-5.492521642537009
 20
5.962608212685055
 30
0.0
 11
-4.261217536194486
 21
7.193912319027579
 31
0.0
  0
LINE
  5
2778
330
1F
100
AcDbEntity
  8
SK2
  6
CONTINUOUS
370
25
 62
7
100
AcDbLine
 10
-5.563232320655664
 20
6.316161603278328
 30
0.0
 11
-4.155151519016504
 21
7.724242404917488
 31
0.0
  0
LINE
  5
2779
330
1F
100
AcDbEntity
  8
SK2
  6
CONTINUOUS
370
25
 62
7
100
AcDbLine
 10
-5.633942998774319
 20
6.669714993871601
 30
0.0
 11
-4.049085501838521
 21
8.2545724908074
 31
0.0
  0
LINE
  5
277A
330
1F
100
AcDbEntity
  8
SK2
  6
CONTINUOUS
370
25
 62
7
100
AcDbLine
 10
-5.704653676892973
 20
7.023268384464876
 30
0.0
 11
-4.227922061357845
 21
8.500000000000004
 31
0.0
  0
LINE
  5
277B
330
1F
100
AcDbEntity
  8
SK2
  6
CONTINUOUS
370
25
 62
7
100
AcDbLine
 10
-5.775364355011629
 20
7.376821775058148
 30
0.0
 11
-4.652186130069773
 21
8.500000000000004
 31
0.0
  0
LINE
  5
277C
330
1F
100
AcDbEntity
  8
SK2
  6
CONTINUOUS
370
25
 62
7
100
AcDbLine
 10
-5.846075033130282
 20
7.730375165651422
 30
0.0
 11
-5.076450198781701
 21
8.500000000000004
 31
0.0
  0
LINE
  5
277D
330
1F
100
AcDbEntity
  8
SK2
  6
CONTINUOUS
370
25
 62
7
100
AcDbLine
 10
-5.916785711248938
 20
8.083928556244695
 30
0.0
 11
-5.500714267493629
 21
8.500000000000004
 31
0.0
  0
LINE
  5
277E
330
1F
100
AcDbEntity
  8
SK2
  6
CONTINUOUS
370
25
 62
7
100
AcDbLine
 10
-5.987496389367593
 20
8.43748194683797
 30
0.0
 11
-5.924978336205558
 21
8.500000000000004
 31
0.0
  0
LINE
  5
277F
330
1F
100
AcDbEntity
  8
SK2
  6
CONTINUOUS
370
25
 62
7
100
AcDbLine
 10
-5.053453590963635
 20
3.767267954818178
 30
0.0
 11
-4.96436427269091
 21
3.678178636545453
 31
0.0
  0
LINE
  5
2780
330
1F
100
AcDbEntity
  8
SK2
  6
CONTINUOUS
370
25
 62
7
100
AcDbLine
 10
-5.159519608141617
 20
4.297598040708087
 30
0.0
 11
-4.893653594572255
 21
4.031732027138727
 31
0.0
  0
LINE
  5
2781
330
1F
100
AcDbEntity
  8
SK2
  6
CONTINUOUS
370
25
 62
7
100
AcDbLine
 10
-5.265585625319599
 20
4.827928126597997
 30
0.0
 11
-4.8229429164536
 21
4.385285417732
 31
0.0
  0
LINE
  5
2782
330
1F
100
AcDbEntity
  8
SK2
  6
CONTINUOUS
370
25
 62
7
100
AcDbLine
 10
-5.37165164249758
 20
5.358258212487907
 30
0.0
 11
-4.752232238334946
 21
4.738838808325273
 31
0.0
  0
LINE
  5
2783
330
1F
100
AcDbEntity
  8
SK2
  6
CONTINUOUS
370
25
 62
7
100
AcDbLine
 10
-5.477717659675562
 20
5.888588298377816
 30
0.0
 11
-4.681521560216291
 21
5.092392198918547
 31
0.0
  0
LINE
  5
2784
330
1F
100
AcDbEntity
  8
SK2
  6
CONTINUOUS
370
25
 62
7
100
AcDbLine
 10
-5.583783676853544
 20
6.418918384267726
 30
0.0
 11
-4.610810882097637
 21
5.44594558951182
 31
0.0
  0
LINE
  5
2785
330
1F
100
AcDbEntity
  8
SK2
  6
CONTINUOUS
370
25
 62
7
100
AcDbLine
 10
-5.689849694031526
 20
6.949248470157633
 30
0.0
 11
-4.540100203978982
 21
5.799498980105091
 31
0.0
  0
LINE
  5
2786
330
1F
100
AcDbEntity
  8
SK2
  6
CONTINUOUS
370
25
 62
7
100
AcDbLine
 10
-5.795915711209507
 20
7.479578556047542
 30
0.0
 11
-4.469389525860327
 21
6.153052370698366
 31
0.0
  0
LINE
  5
2787
330
1F
100
AcDbEntity
  8
SK2
  6
CONTINUOUS
370
25
 62
7
100
AcDbLine
 10
-5.901981728387489
 20
8.009908641937452
 30
0.0
 11
-4.398678847741673
 21
6.506605761291639
 31
0.0
  0
LINE
  5
2788
330
1F
100
AcDbEntity
  8
SK2
  6
CONTINUOUS
370
25
 62
7
100
AcDbLine
 10
-5.967809017738113
 20
8.500000000000004
 30
0.0
 11
-4.327968169623018
 21
6.860159151884913
 31
0.0
  0
LINE
  5
2789
330
1F
100
AcDbEntity
  8
SK2
  6
CONTINUOUS
370
25
 62
7
100
AcDbLine
 10
-5.543544949026186
 20
8.500000000000004
 30
0.0
 11
-4.257257491504364
 21
7.213712542478185
 31
0.0
  0
LINE
  5
278A
330
1F
100
AcDbEntity
  8
SK2
  6
CONTINUOUS
370
25
 62
7
100
AcDbLine
 10
-5.119280880314258
 20
8.500000000000004
 30
0.0
 11
-4.18654681338571
 21
7.567265933071458
 31
0.0
  0
LINE
  5
278B
330
1F
100
AcDbEntity
  8
SK2
  6
CONTINUOUS
370
25
 62
7
100
AcDbLine
 10
-4.695016811602329
 20
8.500000000000004
 30
0.0
 11
-4.115836135267055
 21
7.920819323664731
 31
0.0
  0
LINE
  5
278C
330
1F
100
AcDbEntity
  8
SK2
  6
CONTINUOUS
370
25
 62
7
100
AcDbLine
 10
-4.2707527428904
 20
8.500000000000004
 30
0.0
 11
-4.0451254571484
 21
8.274372714258003
 31
0.0
  0
TEXT
  5
278D
330
1F
100
AcDbEntity
  8
SK2
  6
CONTINUOUS
370
25
 62
7
100
AcDbText
 10
-6.5
 20
-11.62916666666666
 30
0.0
 40
3.499999999999999
  1
7
 50
90.00000000000001
 72
     1
 11
-6.500000000000001
 21
-10.4625
 31
0.0
100
AcDbText
  0
CIRCLE
  5
278E
330
1F
100
AcDbEntity
  8
SK2
  6
CONTINUOUS
370
25
 62
7
100
AcDbCircle
 10
-8.25
 20
-13.7875
 30
0.0
 40
1.4
  0
LINE
  5
278F
330
1F
100
AcDbEntity
  8
SK2
  6
CONTINUOUS
370
25
 62
7
100
AcDbLine
 10
-6.850000000000001
 20
-15.1875
 30
0.0
 11
-9.650000000000002
 21
-12.3875
 31
0.0
  0
LINE
  5
2790
330
1F
100
AcDbEntity
  8
2
  6
CONTINUOUS
370
25
 62
7
100
AcDbLine
 10
18.52
 20
-3.35
 30
0.0
 11
18.52
 21
-23.35
 31
0.0
  0
LINE
  5
2791
330
1F
100
AcDbEntity
  8
2
  6
CONTINUOUS
370
25
 62
7
100
AcDbLine
 10
40.738
 20
-23.35
 30
0.0
 11
40.738
 21
-3.350000000000001
 31
0.0
  0
LINE
  5
2792
330
1F
100
AcDbEntity
  8
2
  6
CONTINUOUS
370
25
 62
7
100
AcDbLine
 10
11.52
 20
-22.35
 30
0.0
 11
47.738
 21
-22.35
 31
0.0
  0
LINE
  5
2793
330
1F
100
AcDbEntity
  8
2
  6
CONTINUOUS
370
25
 62
7
100
AcDbLine
 10
18.52
 20
-22.35
 30
0.0
 11
13.52
 21
-23.35
 31
0.0
  0
LINE
  5
2794
330
1F
100
AcDbEntity
  8
2
  6
CONTINUOUS
370
25
 62
7
100
AcDbLine
 10
13.52
 20
-23.35
 30
0.0
 11
13.52
 21
-21.35
 31
0.0
  0
LINE
  5
2795
330
1F
100
AcDbEntity
  8
2
  6
CONTINUOUS
370
25
 62
7
100
AcDbLine
 10
13.52
 20
-21.35
 30
0.0
 11
18.52
 21
-22.35
 31
0.0
  0
LINE
  5
2796
330
1F
100
AcDbEntity
  8
2
  6
CONTINUOUS
370
25
 62
7
100
AcDbLine
 10
18.14453405742016
 20
-22.42509318851597
 30
0.0
 11
18.26968937161345
 21
-22.29993787432269
 31
0.0
  0
LINE
  5
2797
330
1F
100
AcDbEntity
  8
2
  6
CONTINUOUS
370
25
 62
7
100
AcDbLine
 10
17.61420397153025
 20
-22.53115920569395
 30
0.0
 11
17.91613598102017
 21
-22.22922719620403
 31
0.0
  0
LINE
  5
2798
330
1F
100
AcDbEntity
  8
2
  6
CONTINUOUS
370
25
 62
7
100
AcDbLine
 10
17.08387388564034
 20
-22.63722522287193
 30
0.0
 11
17.5625825904269
 21
-22.15851651808538
 31
0.0
  0
LINE
  5
2799
330
1F
100
AcDbEntity
  8
2
  6
CONTINUOUS
370
25
 62
7
100
AcDbLine
 10
16.55354379975043
 20
-22.74329124004992
 30
0.0
 11
17.20902919983363
 21
-22.08780583996672
 31
0.0
  0
LINE
  5
279A
330
1F
100
AcDbEntity
  8
2
  6
CONTINUOUS
370
25
 62
7
100
AcDbLine
 10
16.02321371386052
 20
-22.8493572572279
 30
0.0
 11
16.85547580924035
 21
-22.01709516184807
 31
0.0
  0
LINE
  5
279B
330
1F
100
AcDbEntity
  8
2
  6
CONTINUOUS
370
25
 62
7
100
AcDbLine
 10
15.49288362797062
 20
-22.95542327440588
 30
0.0
 11
16.50192241864708
 21
-21.94638448372941
 31
0.0
  0
LINE
  5
279C
330
1F
100
AcDbEntity
  8
2
  6
CONTINUOUS
370
25
 62
7
100
AcDbLine
 10
14.96255354208071
 20
-23.06148929158386
 30
0.0
 11
16.14836902805381
 21
-21.87567380561076
 31
0.0
  0
LINE
  5
279D
330
1F
100
AcDbEntity
  8
2
  6
CONTINUOUS
370
25
 62
7
100
AcDbLine
 10
14.4322234561908
 20
-23.16755530876184
 30
0.0
 11
15.79481563746053
 21
-21.80496312749211
 31
0.0
  0
LINE
  5
279E
330
1F
100
AcDbEntity
  8
2
  6
CONTINUOUS
370
25
 62
7
100
AcDbLine
 10
13.90189337030089
 20
-23.27362132593982
 30
0.0
 11
15.44126224686726
 21
-21.73425244937345
 31
0.0
  0
LINE
  5
279F
330
1F
100
AcDbEntity
  8
2
  6
CONTINUOUS
370
25
 62
7
100
AcDbLine
 10
13.52
 20
-23.23125062752878
 30
0.0
 11
15.08770885627399
 21
-21.6635417712548
 31
0.0
  0
LINE
  5
27A0
330
1F
100
AcDbEntity
  8
2
  6
CONTINUOUS
370
25
 62
7
100
AcDbLine
 10
13.52
 20
-22.80698655881686
 30
0.0
 11
14.73415546568071
 21
-21.59283109313614
 31
0.0
  0
LINE
  5
27A1
330
1F
100
AcDbEntity
  8
2
  6
CONTINUOUS
370
25
 62
7
100
AcDbLine
 10
13.52
 20
-22.38272249010493
 30
0.0
 11
14.38060207508744
 21
-21.52212041501749
 31
0.0
  0
LINE
  5
27A2
330
1F
100
AcDbEntity
  8
2
  6
CONTINUOUS
370
25
 62
7
100
AcDbLine
 10
13.52
 20
-21.958458421393
 30
0.0
 11
14.02704868449417
 21
-21.45140973689883
 31
0.0
  0
LINE
  5
27A3
330
1F
100
AcDbEntity
  8
2
  6
CONTINUOUS
370
25
 62
7
100
AcDbLine
 10
13.52
 20
-21.53419435268107
 30
0.0
 11
13.67349529390089
 21
-21.38069905878018
 31
0.0
  0
LINE
  5
27A4
330
1F
100
AcDbEntity
  8
2
  6
CONTINUOUS
370
25
 62
7
100
AcDbLine
 10
13.52
 20
-23.1022246054666
 30
0.0
 11
13.7264794954445
 21
-23.3087041009111
 31
0.0
  0
LINE
  5
27A5
330
1F
100
AcDbEntity
  8
2
  6
CONTINUOUS
370
25
 62
7
100
AcDbLine
 10
13.52
 20
-22.67796053675468
 30
0.0
 11
14.08003288603778
 21
-23.23799342279245
 31
0.0
  0
LINE
  5
27A6
330
1F
100
AcDbEntity
  8
2
  6
CONTINUOUS
370
25
 62
7
100
AcDbLine
 10
13.52
 20
-22.25369646804275
 30
0.0
 11
14.43358627663105
 21
-23.16728274467379
 31
0.0
  0
LINE
  5
27A7
330
1F
100
AcDbEntity
  8
2
  6
CONTINUOUS
370
25
 62
7
100
AcDbLine
 10
13.52
 20
-21.82943239933082
 30
0.0
 11
14.78713966722432
 21
-23.09657206655514
 31
0.0
  0
LINE
  5
27A8
330
1F
100
AcDbEntity
  8
2
  6
CONTINUOUS
370
25
 62
7
100
AcDbLine
 10
13.52
 20
-21.40516833061889
 30
0.0
 11
15.1406930578176
 21
-23.02586138843649
 31
0.0
  0
LINE
  5
27A9
330
1F
100
AcDbEntity
  8
2
  6
CONTINUOUS
370
25
 62
7
100
AcDbLine
 10
13.9813696726163
 20
-21.44227393452326
 30
0.0
 11
15.49424644841087
 21
-22.95515071031783
 31
0.0
  0
LINE
  5
27AA
330
1F
100
AcDbEntity
  8
2
  6
CONTINUOUS
370
25
 62
7
100
AcDbLine
 10
14.51169975850621
 20
-21.54833995170124
 30
0.0
 11
15.84779983900414
 21
-22.88444003219917
 31
0.0
  0
LINE
  5
27AB
330
1F
100
AcDbEntity
  8
2
  6
CONTINUOUS
370
25
 62
7
100
AcDbLine
 10
15.04202984439612
 20
-21.65440596887922
 30
0.0
 11
16.20135322959742
 21
-22.81372935408052
 31
0.0
  0
LINE
  5
27AC
330
1F
100
AcDbEntity
  8
2
  6
CONTINUOUS
370
25
 62
7
100
AcDbLine
 10
15.57235993028603
 20
-21.7604719860572
 30
0.0
 11
16.55490662019069
 21
-22.74301867596187
 31
0.0
  0
LINE
  5
27AD
330
1F
100
AcDbEntity
  8
2
  6
CONTINUOUS
370
25
 62
7
100
AcDbLine
 10
16.10269001617594
 20
-21.86653800323519
 30
0.0
 11
16.90846001078396
 21
-22.67230799784321
 31
0.0
  0
LINE
  5
27AE
330
1F
100
AcDbEntity
  8
2
  6
CONTINUOUS
370
25
 62
7
100
AcDbLine
 10
16.63302010206585
 20
-21.97260402041317
 30
0.0
 11
17.26201340137724
 21
-22.60159731972455
 31
0.0
  0
LINE
  5
27AF
330
1F
100
AcDbEntity
  8
2
  6
CONTINUOUS
370
25
 62
7
100
AcDbLine
 10
17.16335018795576
 20
-22.07867003759115
 30
0.0
 11
17.6155667919705
 21
-22.5308866416059
 31
0.0
  0
LINE
  5
27B0
330
1F
100
AcDbEntity
  8
2
  6
CONTINUOUS
370
25
 62
7
100
AcDbLine
 10
17.69368027384567
 20
-22.18473605476913
 30
0.0
 11
17.96912018256378
 21
-22.46017596348725
 31
0.0
  0
LINE
  5
27B1
330
1F
100
AcDbEntity
  8
2
  6
CONTINUOUS
370
25
 62
7
100
AcDbLine
 10
18.22401035973558
 20
-22.29080207194711
 30
0.0
 11
18.32267357315705
 21
-22.38946528536859
 31
0.0
  0
LINE
  5
27B2
330
1F
100
AcDbEntity
  8
2
  6
CONTINUOUS
370
25
 62
7
100
AcDbLine
 10
40.738
 20
-22.35
 30
0.0
 11
45.738
 21
-21.35
 31
0.0
  0
LINE
  5
27B3
330
1F
100
AcDbEntity
  8
2
  6
CONTINUOUS
370
25
 62
7
100
AcDbLine
 10
45.738
 20
-21.35
 30
0.0
 11
45.738
 21
-23.35
 31
0.0
  0
LINE
  5
27B4
330
1F
100
AcDbEntity
  8
2
  6
CONTINUOUS
370
25
 62
7
100
AcDbLine
 10
45.738
 20
-23.35
 30
0.0
 11
40.738
 21
-22.35
 31
0.0
  0
LINE
  5
27B5
330
1F
100
AcDbEntity
  8
2
  6
CONTINUOUS
370
25
 62
7
100
AcDbLine
 10
45.41571248816379
 20
-23.28554249763276
 30
0.0
 11
45.738
 21
-22.96325498579655
 31
0.0
  0
LINE
  5
27B6
330
1F
100
AcDbEntity
  8
2
  6
CONTINUOUS
370
25
 62
7
100
AcDbLine
 10
45.06215909757051
 20
-23.2148318195141
 30
0.0
 11
45.738
 21
-22.53899091708462
 31
0.0
  0
LINE
  5
27B7
330
1F
100
AcDbEntity
  8
2
  6
CONTINUOUS
370
25
 62
7
100
AcDbLine
 10
44.70860570697724
 20
-23.14412114139544
 30
0.0
 11
45.738
 21
-22.11472684837268
 31
0.0
  0
LINE
  5
27B8
330
1F
100
AcDbEntity
  8
2
  6
CONTINUOUS
370
25
 62
7
100
AcDbLine
 10
44.35505231638395
 20
-23.07341046327679
 30
0.0
 11
45.738
 21
-21.69046277966075
 31
0.0
  0
LINE
  5
27B9
330
1F
100
AcDbEntity
  8
2
  6
CONTINUOUS
370
25
 62
7
100
AcDbLine
 10
44.00149892579068
 20
-23.00269978515814
 30
0.0
 11
45.63324838868601
 21
-21.3709503222628
 31
0.0
  0
LINE
  5
27BA
330
1F
100
AcDbEntity
  8
2
  6
CONTINUOUS
370
25
 62
7
100
AcDbLine
 10
43.64794553519741
 20
-22.93198910703948
 30
0.0
 11
45.10291830279611
 21
-21.47701633944078
 31
0.0
  0
LINE
  5
27BB
330
1F
100
AcDbEntity
  8
2
  6
CONTINUOUS
370
25
 62
7
100
AcDbLine
 10
43.29439214460413
 20
-22.86127842892083
 30
0.0
 11
44.5725882169062
 21
-21.58308235661876
 31
0.0
  0
LINE
  5
27BC
330
1F
100
AcDbEntity
  8
2
  6
CONTINUOUS
370
25
 62
7
100
AcDbLine
 10
42.94083875401085
 20
-22.79056775080217
 30
0.0
 11
44.04225813101628
 21
-21.68914837379675
 31
0.0
  0
LINE
  5
27BD
330
1F
100
AcDbEntity
  8
2
  6
CONTINUOUS
370
25
 62
7
100
AcDbLine
 10
42.58728536341759
 20
-22.71985707268352
 30
0.0
 11
43.51192804512637
 21
-21.79521439097473
 31
0.0
  0
LINE
  5
27BE
330
1F
100
AcDbEntity
  8
2
  6
CONTINUOUS
370
25
 62
7
100
AcDbLine
 10
42.23373197282431
 20
-22.64914639456486
 30
0.0
 11
42.98159795923646
 21
-21.90128040815271
 31
0.0
  0
LINE
  5
27BF
330
1F
100
AcDbEntity
  8
2
  6
CONTINUOUS
370
25
 62
7
100
AcDbLine
 10
41.88017858223103
 20
-22.57843571644621
 30
0.0
 11
42.45126787334654
 21
-22.0073464253307
 31
0.0
  0
LINE
  5
27C0
330
1F
100
AcDbEntity
  8
2
  6
CONTINUOUS
370
25
 62
7
100
AcDbLine
 10
41.52662519163775
 20
-22.50772503832755
 30
0.0
 11
41.92093778745662
 21
-22.11341244250868
 31
0.0
  0
LINE
  5
27C1
330
1F
100
AcDbEntity
  8
2
  6
CONTINUOUS
370
25
 62
7
100
AcDbLine
 10
41.17307180104447
 20
-22.4370143602089
 30
0.0
 11
41.39060770156672
 21
-22.21947845968666
 31
0.0
  0
LINE
  5
27C2
330
1F
100
AcDbEntity
  8
2
  6
CONTINUOUS
370
25
 62
7
100
AcDbLine
 10
40.8195184104512
 20
-22.36630368209024
 30
0.0
 11
40.8602776156768
 21
-22.32554447686464
 31
0.0
  0
LINE
  5
27C3
330
1F
100
AcDbEntity
  8
2
  6
CONTINUOUS
370
25
 62
7
100
AcDbLine
 10
40.97101585277072
 20
-22.30339682944585
 30
0.0
 11
41.0875237791561
 21
-22.41990475583123
 31
0.0
  0
LINE
  5
27C4
330
1F
100
AcDbEntity
  8
2
  6
CONTINUOUS
370
25
 62
7
100
AcDbLine
 10
41.324569243364
 20
-22.2326861513272
 30
0.0
 11
41.61785386504601
 21
-22.5259707730092
 31
0.0
  0
LINE
  5
27C5
330
1F
100
AcDbEntity
  8
2
  6
CONTINUOUS
370
25
 62
7
100
AcDbLine
 10
41.67812263395728
 20
-22.16197547320854
 30
0.0
 11
42.14818395093592
 21
-22.63203679018718
 31
0.0
  0
LINE
  5
27C6
330
1F
100
AcDbEntity
  8
2
  6
CONTINUOUS
370
25
 62
7
100
AcDbLine
 10
42.03167602455056
 20
-22.09126479508989
 30
0.0
 11
42.67851403682584
 21
-22.73810280736517
 31
0.0
  0
LINE
  5
27C7
330
1F
100
AcDbEntity
  8
2
  6
CONTINUOUS
370
25
 62
7
100
AcDbLine
 10
42.38522941514383
 20
-22.02055411697123
 30
0.0
 11
43.20884412271575
 21
-22.84416882454315
 31
0.0
  0
LINE
  5
27C8
330
1F
100
AcDbEntity
  8
2
  6
CONTINUOUS
370
25
 62
7
100
AcDbLine
 10
42.73878280573711
 20
-21.94984343885258
 30
0.0
 11
43.73917420860567
 21
-22.95023484172114
 31
0.0
  0
LINE
  5
27C9
330
1F
100
AcDbEntity
  8
2
  6
CONTINUOUS
370
25
 62
7
100
AcDbLine
 10
43.09233619633039
 20
-21.87913276073392
 30
0.0
 11
44.26950429449558
 21
-23.05630085889911
 31
0.0
  0
LINE
  5
27CA
330
1F
100
AcDbEntity
  8
2
  6
CONTINUOUS
370
25
 62
7
100
AcDbLine
 10
43.44588958692366
 20
-21.80842208261526
 30
0.0
 11
44.7998343803855
 21
-23.1623668760771
 31
0.0
  0
LINE
  5
27CB
330
1F
100
AcDbEntity
  8
2
  6
CONTINUOUS
370
25
 62
7
100
AcDbLine
 10
43.79944297751693
 20
-21.73771140449661
 30
0.0
 11
45.33016446627541
 21
-23.26843289325509
 31
0.0
  0
LINE
  5
27CC
330
1F
100
AcDbEntity
  8
2
  6
CONTINUOUS
370
25
 62
7
100
AcDbLine
 10
44.15299636811021
 20
-21.66700072637795
 30
0.0
 11
45.738
 21
-23.25200435826774
 31
0.0
  0
LINE
  5
27CD
330
1F
100
AcDbEntity
  8
2
  6
CONTINUOUS
370
25
 62
7
100
AcDbLine
 10
44.50654975870349
 20
-21.59629004825931
 30
0.0
 11
45.738
 21
-22.82774028955581
 31
0.0
  0
LINE
  5
27CE
330
1F
100
AcDbEntity
  8
2
  6
CONTINUOUS
370
25
 62
7
100
AcDbLine
 10
44.86010314929676
 20
-21.52557937014064
 30
0.0
 11
45.738
 21
-22.40347622084388
 31
0.0
  0
LINE
  5
27CF
330
1F
100
AcDbEntity
  8
2
  6
CONTINUOUS
370
25
 62
7
100
AcDbLine
 10
45.21365653989004
 20
-21.45486869202199
 30
0.0
 11
45.738
 21
-21.97921215213195
 31
0.0
  0
LINE
  5
27D0
330
1F
100
AcDbEntity
  8
2
  6
CONTINUOUS
370
25
 62
7
100
AcDbLine
 10
45.56720993048332
 20
-21.38415801390333
 30
0.0
 11
45.738
 21
-21.55494808342002
 31
0.0
  0
TEXT
  5
27D1
330
1F
100
AcDbEntity
  8
2
  6
CONTINUOUS
370
25
 62
7
100
AcDbText
 10
21.46233333333333
 20
-20.85
 30
0.0
 40
3.5
  1
22.218
 72
     1
 11
29.629
 21
-20.85
 31
0.0
100
AcDbText
  0
LINE
  5
27D2
330
1F
100
AcDbEntity
  8
2
  6
CONTINUOUS
370
25
 62
7
100
AcDbLine
 10
-0.0000000000000002
 20
0.0
 30
0.0
 11
0.0000000000000017
 21
30.99995
 31
0.0
  0
LINE
  5
27D3
330
1F
100
AcDbEntity
  8
2
  6
CONTINUOUS
370
25
 62
7
100
AcDbLine
 10
40.738
 20
30.99995
 30
0.0
 11
40.738
 21
3.349999999999998
 31
0.0
  0
LINE
  5
27D4
330
1F
100
AcDbEntity
  8
2
  6
CONTINUOUS
370
25
 62
7
100
AcDbLine
 10
0.0
 20
29.99995
 30
0.0
 11
40.738
 21
29.99995
 31
0.0
  0
LINE
  5
27D5
330
1F
100
AcDbEntity
  8
2
  6
CONTINUOUS
370
25
 62
7
100
AcDbLine
 10
0.0
 20
29.99995
 30
0.0
 11
5.0
 21
30.99995
 31
0.0
  0
LINE
  5
27D6
330
1F
100
AcDbEntity
  8
2
  6
CONTINUOUS
370
25
 62
7
100
AcDbLine
 10
5.0
 20
30.99995
 30
0.0
 11
5.0
 21
28.99995
 31
0.0
  0
LINE
  5
27D7
330
1F
100
AcDbEntity
  8
2
  6
CONTINUOUS
370
25
 62
7
100
AcDbLine
 10
5.0
 20
28.99995
 30
0.0
 11
0.0
 21
29.99995
 31
0.0
  0
LINE
  5
27D8
330
1F
100
AcDbEntity
  8
2
  6
CONTINUOUS
370
25
 62
7
100
AcDbLine
 10
4.84741506951676
 20
29.03046698609665
 30
0.0
 11
5.0
 21
29.18305191657988
 31
0.0
  0
LINE
  5
27D9
330
1F
100
AcDbEntity
  8
2
  6
CONTINUOUS
370
25
 62
7
100
AcDbLine
 10
4.493861678923485
 20
29.1011776642153
 30
0.0
 11
5.0
 21
29.60731598529182
 31
0.0
  0
LINE
  5
27DA
330
1F
100
AcDbEntity
  8
2
  6
CONTINUOUS
370
25
 62
7
100
AcDbLine
 10
4.140308288330209
 20
29.17188834233396
 30
0.0
 11
5.0
 21
30.03158005400375
 31
0.0
  0
LINE
  5
27DB
330
1F
100
AcDbEntity
  8
2
  6
CONTINUOUS
370
25
 62
7
100
AcDbLine
 10
3.786754897736935
 20
29.24259902045261
 30
0.0
 11
5.0
 21
30.45584412271568
 31
0.0
  0
LINE
  5
27DC
330
1F
100
AcDbEntity
  8
2
  6
CONTINUOUS
370
25
 62
7
100
AcDbLine
 10
3.433201507143662
 20
29.31330969857127
 30
0.0
 11
5.0
 21
30.88010819142761
 31
0.0
  0
LINE
  5
27DD
330
1F
100
AcDbEntity
  8
2
  6
CONTINUOUS
370
25
 62
7
100
AcDbLine
 10
3.079648116550386
 20
29.38402037668992
 30
0.0
 11
4.619472174825573
 21
30.92384443496511
 31
0.0
  0
LINE
  5
27DE
330
1F
100
AcDbEntity
  8
2
  6
CONTINUOUS
370
25
 62
7
100
AcDbLine
 10
2.726094725957112
 20
29.45473105480858
 30
0.0
 11
4.089142088935663
 21
30.81777841778713
 31
0.0
  0
LINE
  5
27DF
330
1F
100
AcDbEntity
  8
2
  6
CONTINUOUS
370
25
 62
7
100
AcDbLine
 10
2.372541335363837
 20
29.52544173292723
 30
0.0
 11
3.55881200304575
 21
30.71171240060915
 31
0.0
  0
LINE
  5
27E0
330
1F
100
AcDbEntity
  8
2
  6
CONTINUOUS
370
25
 62
7
100
AcDbLine
 10
2.018987944770565
 20
29.59615241104589
 30
0.0
 11
3.028481917155842
 21
30.60564638343117
 31
0.0
  0
LINE
  5
27E1
330
1F
100
AcDbEntity
  8
2
  6
CONTINUOUS
370
25
 62
7
100
AcDbLine
 10
1.665434554177289
 20
29.66686308916454
 30
0.0
 11
2.498151831265929
 21
30.49958036625318
 31
0.0
  0
LINE
  5
27E2
330
1F
100
AcDbEntity
  8
2
  6
CONTINUOUS
370
25
 62
7
100
AcDbLine
 10
1.311881163584014
 20
29.73757376728319
 30
0.0
 11
1.967821745376017
 21
30.3935143490752
 31
0.0
  0
LINE
  5
27E3
330
1F
100
AcDbEntity
  8
2
  6
CONTINUOUS
370
25
 62
7
100
AcDbLine
 10
0.9583277729907418
 20
29.80828444540185
 30
0.0
 11
1.437491659486109
 21
30.28744833189722
 31
0.0
  0
LINE
  5
27E4
330
1F
100
AcDbEntity
  8
2
  6
CONTINUOUS
370
25
 62
7
100
AcDbLine
 10
0.6047743823974672
 20
29.8789951235205
 30
0.0
 11
0.9071615735961988
 21
30.18138231471924
 31
0.0
  0
LINE
  5
27E5
330
1F
100
AcDbEntity
  8
2
  6
CONTINUOUS
370
25
 62
7
100
AcDbLine
 10
0.2512209918041926
 20
29.94970580163916
 30
0.0
 11
0.376831487706288
 21
30.07531629754126
 31
0.0
  0
LINE
  5
27E6
330
1F
100
AcDbEntity
  8
2
  6
CONTINUOUS
370
25
 62
7
100
AcDbLine
 10
0.1023323987890822
 20
30.02041647975781
 30
0.0
 11
0.1534985981836231
 21
29.96925028036327
 31
0.0
  0
LINE
  5
27E7
330
1F
100
AcDbEntity
  8
2
  6
CONTINUOUS
370
25
 62
7
100
AcDbLine
 10
0.4558857893823576
 20
30.09112715787647
 30
0.0
 11
0.6838286840735357
 21
29.86318426318529
 31
0.0
  0
LINE
  5
27E8
330
1F
100
AcDbEntity
  8
2
  6
CONTINUOUS
370
25
 62
7
100
AcDbLine
 10
0.8094391799756329
 20
30.16183783599513
 30
0.0
 11
1.214158769963448
 21
29.75711824600731
 31
0.0
  0
LINE
  5
27E9
330
1F
100
AcDbEntity
  8
2
  6
CONTINUOUS
370
25
 62
7
100
AcDbLine
 10
1.162992570568908
 20
30.23254851411378
 30
0.0
 11
1.74448885585336
 21
29.65105222882933
 31
0.0
  0
LINE
  5
27EA
330
1F
100
AcDbEntity
  8
2
  6
CONTINUOUS
370
25
 62
7
100
AcDbLine
 10
1.516545961162183
 20
30.30325919223244
 30
0.0
 11
2.274818941743271
 21
29.54498621165135
 31
0.0
  0
LINE
  5
27EB
330
1F
100
AcDbEntity
  8
2
  6
CONTINUOUS
370
25
 62
7
100
AcDbLine
 10
1.870099351755457
 20
30.37396987035109
 30
0.0
 11
2.805149027633181
 21
29.43892019447336
 31
0.0
  0
LINE
  5
27EC
330
1F
100
AcDbEntity
  8
2
  6
CONTINUOUS
370
25
 62
7
100
AcDbLine
 10
2.223652742348728
 20
30.44468054846974
 30
0.0
 11
3.335479113523086
 21
29.33285417729538
 31
0.0
  0
LINE
  5
27ED
330
1F
100
AcDbEntity
  8
2
  6
CONTINUOUS
370
25
 62
7
100
AcDbLine
 10
2.577206132942005
 20
30.5153912265884
 30
0.0
 11
3.865809199413
 21
29.2267881601174
 31
0.0
  0
LINE
  5
27EE
330
1F
100
AcDbEntity
  8
2
  6
CONTINUOUS
370
25
 62
7
100
AcDbLine
 10
2.930759523535281
 20
30.58610190470705
 30
0.0
 11
4.396139285302914
 21
29.12072214293941
 31
0.0
  0
LINE
  5
27EF
330
1F
100
AcDbEntity
  8
2
  6
CONTINUOUS
370
25
 62
7
100
AcDbLine
 10
3.284312914128553
 20
30.65681258282571
 30
0.0
 11
4.926469371192818
 21
29.01465612576143
 31
0.0
  0
LINE
  5
27F0
330
1F
100
AcDbEntity
  8
2
  6
CONTINUOUS
370
25
 62
7
100
AcDbLine
 10
3.637866304721829
 20
30.72752326094436
 30
0.0
 11
5.0
 21
29.36538956566618
 31
0.0
  0
LINE
  5
27F1
330
1F
100
AcDbEntity
  8
2
  6
CONTINUOUS
370
25
 62
7
100
AcDbLine
 10
3.991419695315099
 20
30.79823393906302
 30
0.0
 11
5.0
 21
29.78965363437811
 31
0.0
  0
LINE
  5
27F2
330
1F
100
AcDbEntity
  8
2
  6
CONTINUOUS
370
25
 62
7
100
AcDbLine
 10
4.344973085908374
 20
30.86894461718167
 30
0.0
 11
5.0
 21
30.21391770309004
 31
0.0
  0
LINE
  5
27F3
330
1F
100
AcDbEntity
  8
2
  6
CONTINUOUS
370
25
 62
7
100
AcDbLine
 10
4.698526476501651
 20
30.93965529530033
 30
0.0
 11
5.0
 21
30.63818177180197
 31
0.0
  0
LINE
  5
27F4
330
1F
100
AcDbEntity
  8
2
  6
CONTINUOUS
370
25
 62
7
100
AcDbLine
 10
40.738
 20
29.99995
 30
0.0
 11
35.738
 21
28.99995
 31
0.0
  0
LINE
  5
27F5
330
1F
100
AcDbEntity
  8
2
  6
CONTINUOUS
370
25
 62
7
100
AcDbLine
 10
35.738
 20
28.99995
 30
0.0
 11
35.738
 21
30.99995
 31
0.0
  0
LINE
  5
27F6
330
1F
100
AcDbEntity
  8
2
  6
CONTINUOUS
370
25
 62
7
100
AcDbLine
 10
35.738
 20
30.99995
 30
0.0
 11
40.738
 21
29.99995
 31
0.0
  0
LINE
  5
27F7
330
1F
100
AcDbEntity
  8
2
  6
CONTINUOUS
370
25
 62
7
100
AcDbLine
 10
40.35103265560376
 20
29.92255653112075
 30
0.0
 11
40.4800217704025
 21
30.0515456459195
 31
0.0
  0
LINE
  5
27F8
330
1F
100
AcDbEntity
  8
2
  6
CONTINUOUS
370
25
 62
7
100
AcDbLine
 10
39.82070256971384
 20
29.81649051394276
 30
0.0
 11
40.12646837980922
 21
30.12225632403815
 31
0.0
  0
LINE
  5
27F9
330
1F
100
AcDbEntity
  8
2
  6
CONTINUOUS
370
25
 62
7
100
AcDbLine
 10
39.29037248382392
 20
29.71042449676478
 30
0.0
 11
39.77291498921595
 21
30.19296700215681
 31
0.0
  0
LINE
  5
27FA
330
1F
100
AcDbEntity
  8
2
  6
CONTINUOUS
370
25
 62
7
100
AcDbLine
 10
38.76004239793401
 20
29.6043584795868
 30
0.0
 11
39.41936159862267
 21
30.26367768027547
 31
0.0
  0
LINE
  5
27FB
330
1F
100
AcDbEntity
  8
2
  6
CONTINUOUS
370
25
 62
7
100
AcDbLine
 10
38.22971231204409
 20
29.49829246240881
 30
0.0
 11
39.0658082080294
 21
30.33438835839412
 31
0.0
  0
LINE
  5
27FC
330
1F
100
AcDbEntity
  8
2
  6
CONTINUOUS
370
25
 62
7
100
AcDbLine
 10
37.69938222615418
 20
29.39222644523083
 30
0.0
 11
38.71225481743612
 21
30.40509903651278
 31
0.0
  0
LINE
  5
27FD
330
1F
100
AcDbEntity
  8
2
  6
CONTINUOUS
370
25
 62
7
100
AcDbLine
 10
37.16905214026426
 20
29.28616042805285
 30
0.0
 11
38.35870142684284
 21
30.47580971463143
 31
0.0
  0
LINE
  5
27FE
330
1F
100
AcDbEntity
  8
2
  6
CONTINUOUS
370
25
 62
7
100
AcDbLine
 10
36.63872205437435
 20
29.18009441087486
 30
0.0
 11
38.00514803624956
 21
30.54652039275008
 31
0.0
  0
LINE
  5
27FF
330
1F
100
AcDbEntity
  8
2
  6
CONTINUOUS
370
25
 62
7
100
AcDbLine
 10
36.10839196848444
 20
29.07402839369689
 30
0.0
 11
37.65159464565629
 21
30.61723107086874
 31
0.0
  0
LINE
  5
2800
330
1F
100
AcDbEntity
  8
2
  6
CONTINUOUS
370
25
 62
7
100
AcDbLine
 10
35.738
 20
29.12790049392438
 30
0.0
 11
37.298041255063
 21
30.68794174898739
 31
0.0
  0
LINE
  5
2801
330
1F
100
AcDbEntity
  8
2
  6
CONTINUOUS
370
25
 62
7
100
AcDbLine
 10
35.738
 20
29.55216456263631
 30
0.0
 11
36.94448786446974
 21
30.75865242710605
 31
0.0
  0
LINE
  5
2802
330
1F
100
AcDbEntity
  8
2
  6
CONTINUOUS
370
25
 62
7
100
AcDbLine
 10
35.738
 20
29.97642863134825
 30
0.0
 11
36.59093447387646
 21
30.82936310522471
 31
0.0
  0
LINE
  5
2803
330
1F
100
AcDbEntity
  8
2
  6
CONTINUOUS
370
25
 62
7
100
AcDbLine
 10
35.738
 20
30.40069270006018
 30
0.0
 11
36.23738108328318
 21
30.90007378334336
 31
0.0
  0
LINE
  5
2804
330
1F
100
AcDbEntity
  8
2
  6
CONTINUOUS
370
25
 62
7
100
AcDbLine
 10
35.738
 20
30.82495676877211
 30
0.0
 11
35.88382769268991
 21
30.97078446146202
 31
0.0
  0
LINE
  5
2805
330
1F
100
AcDbEntity
  8
2
  6
CONTINUOUS
370
25
 62
7
100
AcDbLine
 10
35.738
 20
29.17440251292507
 30
0.0
 11
35.88337709410422
 21
29.02902541882085
 31
0.0
  0
LINE
  5
2806
330
1F
100
AcDbEntity
  8
2
  6
CONTINUOUS
370
25
 62
7
100
AcDbLine
 10
35.738
 20
29.598666581637
 30
0.0
 11
36.2369304846975
 21
29.0997360969395
 31
0.0
  0
LINE
  5
2807
330
1F
100
AcDbEntity
  8
2
  6
CONTINUOUS
370
25
 62
7
100
AcDbLine
 10
35.738
 20
30.02293065034894
 30
0.0
 11
36.59048387529078
 21
29.17044677505816
 31
0.0
  0
LINE
  5
2808
330
1F
100
AcDbEntity
  8
2
  6
CONTINUOUS
370
25
 62
7
100
AcDbLine
 10
35.738
 20
30.44719471906087
 30
0.0
 11
36.94403726588406
 21
29.24115745317681
 31
0.0
  0
LINE
  5
2809
330
1F
100
AcDbEntity
  8
2
  6
CONTINUOUS
370
25
 62
7
100
AcDbLine
 10
35.738
 20
30.8714587877728
 30
0.0
 11
37.29759065647733
 21
29.31186813129546
 31
0.0
  0
LINE
  5
280A
330
1F
100
AcDbEntity
  8
2
  6
CONTINUOUS
370
25
 62
7
100
AcDbLine
 10
36.10771607060592
 20
30.92600678587881
 30
0.0
 11
37.65114404707061
 21
29.38257880941412
 31
0.0
  0
LINE
  5
280B
330
1F
100
AcDbEntity
  8
2
  6
CONTINUOUS
370
25
 62
7
100
AcDbLine
 10
36.63804615649583
 20
30.81994076870083
 30
0.0
 11
38.00469743766389
 21
29.45328948753277
 31
0.0
  0
LINE
  5
280C
330
1F
100
AcDbEntity
  8
2
  6
CONTINUOUS
370
25
 62
7
100
AcDbLine
 10
37.16837624238575
 20
30.71387475152284
 30
0.0
 11
38.35825082825717
 21
29.52400016565143
 31
0.0
  0
LINE
  5
280D
330
1F
100
AcDbEntity
  8
2
  6
CONTINUOUS
370
25
 62
7
100
AcDbLine
 10
37.69870632827567
 20
30.60780873434486
 30
0.0
 11
38.71180421885044
 21
29.59471084377009
 31
0.0
  0
LINE
  5
280E
330
1F
100
AcDbEntity
  8
2
  6
CONTINUOUS
370
25
 62
7
100
AcDbLine
 10
38.22903641416558
 20
30.50174271716688
 30
0.0
 11
39.06535760944372
 21
29.66542152188875
 31
0.0
  0
LINE
  5
280F
330
1F
100
AcDbEntity
  8
2
  6
CONTINUOUS
370
25
 62
7
100
AcDbLine
 10
38.75936650005549
 20
30.3956766999889
 30
0.0
 11
39.41891100003699
 21
29.7361322000074
 31
0.0
  0
LINE
  5
2810
330
1F
100
AcDbEntity
  8
2
  6
CONTINUOUS
370
25
 62
7
100
AcDbLine
 10
39.28969658594542
 20
30.28961068281091
 30
0.0
 11
39.77246439063028
 21
29.80684287812606
 31
0.0
  0
LINE
  5
2811
330
1F
100
AcDbEntity
  8
2
  6
CONTINUOUS
370
25
 62
7
100
AcDbLine
 10
39.82002667183533
 20
30.18354466563293
 30
0.0
 11
40.12601778122355
 21
29.87755355624471
 31
0.0
  0
LINE
  5
2812
330
1F
100
AcDbEntity
  8
2
  6
CONTINUOUS
370
25
 62
7
100
AcDbLine
 10
40.35035675772524
 20
30.07747864845495
 30
0.0
 11
40.47957117181682
 21
29.94826423436336
 31
0.0
  0
TEXT
  5
2813
330
1F
100
AcDbEntity
  8
2
  6
CONTINUOUS
370
25
 62
7
100
AcDbText
 10
11.91066666666667
 20
31.49995
 30
0.0
 40
3.5
  1
40.738
 72
     1
 11
20.369
 21
31.49995
 31
0.0
100
AcDbText
  0
LINE
  5
2814
330
1F
100
AcDbEntity
  8
SK2
  6
CONTINUOUS
370
25
 62
7
100
AcDbLine
 10
-44.262
 20
1.99995
 30
0.0
 11
-44.262
 21
37.99995
 31
0.0
  0
LINE
  5
2815
330
1F
100
AcDbEntity
  8
SK2
  6
CONTINUOUS
370
25
 62
7
100
AcDbLine
 10
40.738
 20
37.99995
 30
0.0
 11
40.738
 21
3.350000000000001
 31
0.0
  0
LINE
  5
2816
330
1F
100
AcDbEntity
  8
SK2
  6
CONTINUOUS
370
25
 62
7
100
AcDbLine
 10
-44.262
 20
36.99995
 30
0.0
 11
40.738
 21
36.99995
 31
0.0
  0
LINE
  5
2817
330
1F
100
AcDbEntity
  8
SK2
  6
CONTINUOUS
370
25
 62
7
100
AcDbLine
 10
-44.262
 20
36.99995
 30
0.0
 11
-39.262
 21
37.99995
 31
0.0
  0
LINE
  5
2818
330
1F
100
AcDbEntity
  8
SK2
  6
CONTINUOUS
370
25
 62
7
100
AcDbLine
 10
-39.262
 20
37.99995
 30
0.0
 11
-39.262
 21
35.99995
 31
0.0
  0
LINE
  5
2819
330
1F
100
AcDbEntity
  8
SK2
  6
CONTINUOUS
370
25
 62
7
100
AcDbLine
 10
-39.262
 20
35.99995
 30
0.0
 11
-44.262
 21
36.99995
 31
0.0
  0
LINE
  5
281A
330
1F
100
AcDbEntity
  8
SK2
  6
CONTINUOUS
370
25
 62
7
100
AcDbLine
 10
-39.47621185893608
 20
36.04279237178721
 30
0.0
 11
-39.262
 21
36.2570042307233
 31
0.0
  0
LINE
  5
281B
330
1F
100
AcDbEntity
  8
SK2
  6
CONTINUOUS
370
25
 62
7
100
AcDbLine
 10
-39.82976524952936
 20
36.11350304990587
 30
0.0
 11
-39.262
 21
36.68126829943522
 31
0.0
  0
LINE
  5
281C
330
1F
100
AcDbEntity
  8
SK2
  6
CONTINUOUS
370
25
 62
7
100
AcDbLine
 10
-40.18331864012264
 20
36.18421372802452
 30
0.0
 11
-39.262
 21
37.10553236814716
 31
0.0
  0
LINE
  5
281D
330
1F
100
AcDbEntity
  8
SK2
  6
CONTINUOUS
370
25
 62
7
100
AcDbLine
 10
-40.53687203071592
 20
36.25492440614318
 30
0.0
 11
-39.262
 21
37.5297964368591
 31
0.0
  0
LINE
  5
281E
330
1F
100
AcDbEntity
  8
SK2
  6
CONTINUOUS
370
25
 62
7
100
AcDbLine
 10
-40.8904254213092
 20
36.32563508426183
 30
0.0
 11
-39.262
 21
37.95406050557103
 31
0.0
  0
LINE
  5
281F
330
1F
100
AcDbEntity
  8
SK2
  6
CONTINUOUS
370
25
 62
7
100
AcDbLine
 10
-41.24397881190247
 20
36.39634576238048
 30
0.0
 11
-39.7349682178537
 21
37.90535635642927
 31
0.0
  0
LINE
  5
2820
330
1F
100
AcDbEntity
  8
SK2
  6
CONTINUOUS
370
25
 62
7
100
AcDbLine
 10
-41.59753220249575
 20
36.46705644049914
 30
0.0
 11
-40.26529830374361
 21
37.79929033925128
 31
0.0
  0
LINE
  5
2821
330
1F
100
AcDbEntity
  8
SK2
  6
CONTINUOUS
370
25
 62
7
100
AcDbLine
 10
-41.95108559308903
 20
36.5377671186178
 30
0.0
 11
-40.79562838963353
 21
37.6932243220733
 31
0.0
  0
LINE
  5
2822
330
1F
100
AcDbEntity
  8
SK2
  6
CONTINUOUS
370
25
 62
7
100
AcDbLine
 10
-42.3046389836823
 20
36.60847779673645
 30
0.0
 11
-41.32595847552345
 21
37.58715830489531
 31
0.0
  0
LINE
  5
2823
330
1F
100
AcDbEntity
  8
SK2
  6
CONTINUOUS
370
25
 62
7
100
AcDbLine
 10
-42.65819237427558
 20
36.67918847485511
 30
0.0
 11
-41.85628856141336
 21
37.48109228771733
 31
0.0
  0
LINE
  5
2824
330
1F
100
AcDbEntity
  8
SK2
  6
CONTINUOUS
370
25
 62
7
100
AcDbLine
 10
-43.01174576486887
 20
36.74989915297377
 30
0.0
 11
-42.38661864730329
 21
37.37502627053934
 31
0.0
  0
LINE
  5
2825
330
1F
100
AcDbEntity
  8
SK2
  6
CONTINUOUS
370
25
 62
7
100
AcDbLine
 10
-43.36529915546214
 20
36.82060983109242
 30
0.0
 11
-42.91694873319319
 21
37.26896025336136
 31
0.0
  0
LINE
  5
2826
330
1F
100
AcDbEntity
  8
SK2
  6
CONTINUOUS
370
25
 62
7
100
AcDbLine
 10
-43.71885254605543
 20
36.89132050921108
 30
0.0
 11
-43.44727881908313
 21
37.16289423618338
 31
0.0
  0
LINE
  5
2827
330
1F
100
AcDbEntity
  8
SK2
  6
CONTINUOUS
370
25
 62
7
100
AcDbLine
 10
-44.07240593664869
 20
36.96203118732974
 30
0.0
 11
-43.97760890497303
 21
37.0568282190054
 31
0.0
  0
LINE
  5
2828
330
1F
100
AcDbEntity
  8
SK2
  6
CONTINUOUS
370
25
 62
7
100
AcDbLine
 10
-43.93578222848204
 20
37.0651935543036
 30
0.0
 11
-43.77267334272305
 21
36.90208466854461
 31
0.0
  0
LINE
  5
2829
330
1F
100
AcDbEntity
  8
SK2
  6
CONTINUOUS
370
25
 62
7
100
AcDbLine
 10
-43.58222883788876
 20
37.13590423242226
 30
0.0
 11
-43.24234325683313
 21
36.79601865136662
 31
0.0
  0
LINE
  5
282A
330
1F
100
AcDbEntity
  8
SK2
  6
CONTINUOUS
370
25
 62
7
100
AcDbLine
 10
-43.22867544729549
 20
37.20661491054091
 30
0.0
 11
-42.71201317094322
 21
36.68995263418864
 31
0.0
  0
LINE
  5
282B
330
1F
100
AcDbEntity
  8
SK2
  6
CONTINUOUS
370
25
 62
7
100
AcDbLine
 10
-42.87512205670221
 20
37.27732558865956
 30
0.0
 11
-42.1816830850533
 21
36.58388661701066
 31
0.0
  0
LINE
  5
282C
330
1F
100
AcDbEntity
  8
SK2
  6
CONTINUOUS
370
25
 62
7
100
AcDbLine
 10
-42.52156866610893
 20
37.34803626677822
 30
0.0
 11
-41.65135299916339
 21
36.47782059983267
 31
0.0
  0
LINE
  5
282D
330
1F
100
AcDbEntity
  8
SK2
  6
CONTINUOUS
370
25
 62
7
100
AcDbLine
 10
-42.16801527551565
 20
37.41874694489687
 30
0.0
 11
-41.12102291327347
 21
36.3717545826547
 31
0.0
  0
LINE
  5
282E
330
1F
100
AcDbEntity
  8
SK2
  6
CONTINUOUS
370
25
 62
7
100
AcDbLine
 10
-41.81446188492237
 20
37.48945762301553
 30
0.0
 11
-40.59069282738356
 21
36.26568856547672
 31
0.0
  0
LINE
  5
282F
330
1F
100
AcDbEntity
  8
SK2
  6
CONTINUOUS
370
25
 62
7
100
AcDbLine
 10
-41.46090849432909
 20
37.56016830113418
 30
0.0
 11
-40.06036274149364
 21
36.15962254829874
 31
0.0
  0
LINE
  5
2830
330
1F
100
AcDbEntity
  8
SK2
  6
CONTINUOUS
370
25
 62
7
100
AcDbLine
 10
-41.10735510373581
 20
37.63087897925284
 30
0.0
 11
-39.53003265560372
 21
36.05355653112074
 31
0.0
  0
LINE
  5
2831
330
1F
100
AcDbEntity
  8
SK2
  6
CONTINUOUS
370
25
 62
7
100
AcDbLine
 10
-40.75380171314254
 20
37.7015896573715
 30
0.0
 11
-39.262
 21
36.20978794422896
 31
0.0
  0
LINE
  5
2832
330
1F
100
AcDbEntity
  8
SK2
  6
CONTINUOUS
370
25
 62
7
100
AcDbLine
 10
-40.40024832254926
 20
37.77230033549016
 30
0.0
 11
-39.262
 21
36.63405201294089
 31
0.0
  0
LINE
  5
2833
330
1F
100
AcDbEntity
  8
SK2
  6
CONTINUOUS
370
25
 62
7
100
AcDbLine
 10
-40.04669493195598
 20
37.84301101360881
 30
0.0
 11
-39.262
 21
37.05831608165283
 31
0.0
  0
LINE
  5
2834
330
1F
100
AcDbEntity
  8
SK2
  6
CONTINUOUS
370
25
 62
7
100
AcDbLine
 10
-39.6931415413627
 20
37.91372169172746
 30
0.0
 11
-39.262
 21
37.48258015036476
 31
0.0
  0
LINE
  5
2835
330
1F
100
AcDbEntity
  8
SK2
  6
CONTINUOUS
370
25
 62
7
100
AcDbLine
 10
-39.33958815076942
 20
37.98443236984612
 30
0.0
 11
-39.262
 21
37.9068442190767
 31
0.0
  0
LINE
  5
2836
330
1F
100
AcDbEntity
  8
SK2
  6
CONTINUOUS
370
25
 62
7
100
AcDbLine
 10
40.738
 20
36.99995
 30
0.0
 11
35.738
 21
35.99995
 31
0.0
  0
LINE
  5
2837
330
1F
100
AcDbEntity
  8
SK2
  6
CONTINUOUS
370
25
 62
7
100
AcDbLine
 10
35.738
 20
35.99995
 30
0.0
 11
35.738
 21
37.99995
 31
0.0
  0
LINE
  5
2838
330
1F
100
AcDbEntity
  8
SK2
  6
CONTINUOUS
370
25
 62
7
100
AcDbLine
 10
35.738
 20
37.99995
 30
0.0
 11
40.738
 21
36.99995
 31
0.0
  0
LINE
  5
2839
330
1F
100
AcDbEntity
  8
SK2
  6
CONTINUOUS
370
25
 62
7
100
AcDbLine
 10
40.61664411573224
 20
36.97567882314644
 30
0.0
 11
40.65709607715483
 21
37.01613078456903
 31
0.0
  0
LINE
  5
283A
330
1F
100
AcDbEntity
  8
SK2
  6
CONTINUOUS
370
25
 62
7
100
AcDbLine
 10
40.08631402984233
 20
36.86961280596847
 30
0.0
 11
40.30354268656155
 21
37.08684146268769
 31
0.0
  0
LINE
  5
283B
330
1F
100
AcDbEntity
  8
SK2
  6
CONTINUOUS
370
25
 62
7
100
AcDbLine
 10
39.55598394395241
 20
36.76354678879048
 30
0.0
 11
39.94998929596827
 21
37.15755214080635
 31
0.0
  0
LINE
  5
283C
330
1F
100
AcDbEntity
  8
SK2
  6
CONTINUOUS
370
25
 62
7
100
AcDbLine
 10
39.02565385806249
 20
36.65748077161249
 30
0.0
 11
39.596435905375
 21
37.228262818925
 31
0.0
  0
LINE
  5
283D
330
1F
100
AcDbEntity
  8
SK2
  6
CONTINUOUS
370
25
 62
7
100
AcDbLine
 10
38.49532377217258
 20
36.55141475443451
 30
0.0
 11
39.24288251478172
 21
37.29897349704365
 31
0.0
  0
LINE
  5
283E
330
1F
100
AcDbEntity
  8
SK2
  6
CONTINUOUS
370
25
 62
7
100
AcDbLine
 10
37.96499368628266
 20
36.44534873725653
 30
0.0
 11
38.88932912418844
 21
37.36968417516231
 31
0.0
  0
LINE
  5
283F
330
1F
100
AcDbEntity
  8
SK2
  6
CONTINUOUS
370
25
 62
7
100
AcDbLine
 10
37.43466360039275
 20
36.33928272007854
 30
0.0
 11
38.53577573359516
 21
37.44039485328096
 31
0.0
  0
LINE
  5
2840
330
1F
100
AcDbEntity
  8
SK2
  6
CONTINUOUS
370
25
 62
7
100
AcDbLine
 10
36.90433351450283
 20
36.23321670290056
 30
0.0
 11
38.18222234300188
 21
37.51110553139962
 31
0.0
  0
LINE
  5
2841
330
1F
100
AcDbEntity
  8
SK2
  6
CONTINUOUS
370
25
 62
7
100
AcDbLine
 10
36.3740034286129
 20
36.12715068572258
 30
0.0
 11
37.8286689524086
 21
37.58181620951828
 31
0.0
  0
LINE
  5
2842
330
1F
100
AcDbEntity
  8
SK2
  6
CONTINUOUS
370
25
 62
7
100
AcDbLine
 10
35.84367334272299
 20
36.0210846685446
 30
0.0
 11
37.47511556181532
 21
37.65252688763693
 31
0.0
  0
LINE
  5
2843
330
1F
100
AcDbEntity
  8
SK2
  6
CONTINUOUS
370
25
 62
7
100
AcDbLine
 10
35.738
 20
36.33967539453354
 30
0.0
 11
37.12156217122205
 21
37.72323756575559
 31
0.0
  0
LINE
  5
2844
330
1F
100
AcDbEntity
  8
SK2
  6
CONTINUOUS
370
25
 62
7
100
AcDbLine
 10
35.738
 20
36.76393946324548
 30
0.0
 11
36.76800878062876
 21
37.79394824387424
 31
0.0
  0
LINE
  5
2845
330
1F
100
AcDbEntity
  8
SK2
  6
CONTINUOUS
370
25
 62
7
100
AcDbLine
 10
35.738
 20
37.18820353195741
 30
0.0
 11
36.41445539003549
 21
37.8646589219929
 31
0.0
  0
LINE
  5
2846
330
1F
100
AcDbEntity
  8
SK2
  6
CONTINUOUS
370
25
 62
7
100
AcDbLine
 10
35.738
 20
37.61246760066935
 30
0.0
 11
36.06090199944221
 21
37.93536960011156
 31
0.0
  0
LINE
  5
2847
330
1F
100
AcDbEntity
  8
SK2
  6
CONTINUOUS
370
25
 62
7
100
AcDbLine
 10
35.738
 20
36.38689168102785
 30
0.0
 11
36.06045140085654
 21
36.06444028017131
 31
0.0
  0
LINE
  5
2848
330
1F
100
AcDbEntity
  8
SK2
  6
CONTINUOUS
370
25
 62
7
100
AcDbLine
 10
35.738
 20
36.81115574973978
 30
0.0
 11
36.41400479144982
 21
36.13515095828996
 31
0.0
  0
LINE
  5
2849
330
1F
100
AcDbEntity
  8
SK2
  6
CONTINUOUS
370
25
 62
7
100
AcDbLine
 10
35.738
 20
37.2354198184517
 30
0.0
 11
36.76755818204308
 21
36.20586163640862
 31
0.0
  0
LINE
  5
284A
330
1F
100
AcDbEntity
  8
SK2
  6
CONTINUOUS
370
25
 62
7
100
AcDbLine
 10
35.738
 20
37.65968388716364
 30
0.0
 11
37.12111157263636
 21
36.27657231452728
 31
0.0
  0
LINE
  5
284B
330
1F
100
AcDbEntity
  8
SK2
  6
CONTINUOUS
370
25
 62
7
100
AcDbLine
 10
35.84299744484447
 20
37.9789505110311
 30
0.0
 11
37.47466496322964
 21
36.34728299264593
 31
0.0
  0
LINE
  5
284C
330
1F
100
AcDbEntity
  8
SK2
  6
CONTINUOUS
370
25
 62
7
100
AcDbLine
 10
36.37332753073439
 20
37.87288449385312
 30
0.0
 11
37.82821835382292
 21
36.41799367076459
 31
0.0
  0
LINE
  5
284D
330
1F
100
AcDbEntity
  8
SK2
  6
CONTINUOUS
370
25
 62
7
100
AcDbLine
 10
36.90365761662431
 20
37.76681847667514
 30
0.0
 11
38.1817717444162
 21
36.48870434888324
 31
0.0
  0
LINE
  5
284E
330
1F
100
AcDbEntity
  8
SK2
  6
CONTINUOUS
370
25
 62
7
100
AcDbLine
 10
37.43398770251423
 20
37.66075245949715
 30
0.0
 11
38.53532513500949
 21
36.55941502700189
 31
0.0
  0
LINE
  5
284F
330
1F
100
AcDbEntity
  8
SK2
  6
CONTINUOUS
370
25
 62
7
100
AcDbLine
 10
37.96431778840414
 20
37.55468644231917
 30
0.0
 11
38.88887852560276
 21
36.63012570512055
 31
0.0
  0
LINE
  5
2850
330
1F
100
AcDbEntity
  8
SK2
  6
CONTINUOUS
370
25
 62
7
100
AcDbLine
 10
38.49464787429407
 20
37.44862042514118
 30
0.0
 11
39.24243191619604
 21
36.70083638323921
 31
0.0
  0
LINE
  5
2851
330
1F
100
AcDbEntity
  8
SK2
  6
CONTINUOUS
370
25
 62
7
100
AcDbLine
 10
39.02497796018398
 20
37.3425544079632
 30
0.0
 11
39.59598530678932
 21
36.77154706135786
 31
0.0
  0
LINE
  5
2852
330
1F
100
AcDbEntity
  8
SK2
  6
CONTINUOUS
370
25
 62
7
100
AcDbLine
 10
39.5553080460739
 20
37.23648839078521
 30
0.0
 11
39.9495386973826
 21
36.84225773947652
 31
0.0
  0
LINE
  5
2853
330
1F
100
AcDbEntity
  8
SK2
  6
CONTINUOUS
370
25
 62
7
100
AcDbLine
 10
40.08563813196382
 20
37.13042237360723
 30
0.0
 11
40.30309208797588
 21
36.91296841759517
 31
0.0
  0
LINE
  5
2854
330
1F
100
AcDbEntity
  8
SK2
  6
CONTINUOUS
370
25
 62
7
100
AcDbLine
 10
40.61596821785373
 20
37.02435635642925
 30
0.0
 11
40.65664547856915
 21
36.98367909571383
 31
0.0
  0
TEXT
  5
2855
330
1F
100
AcDbEntity
  8
SK2
  6
CONTINUOUS
370
25
 62
7
100
AcDbText
 10
-4.678666666666667
 20
38.49995
 30
0.0
 40
3.5
  1
85
 72
     1
 11
-1.762
 21
38.49995
 31
0.0
100
AcDbText
  0
LINE
  5
2856
330
1F
100
AcDbEntity
  8
2
  6
CONTINUOUS
370
25
 62
7
100
AcDbLine
 10
16.404
 20
-3.5
 30
0.0
 11
16.404
 21
-30.35
 31
0.0
  0
LINE
  5
2857
330
1F
100
AcDbEntity
  8
2
  6
CONTINUOUS
370
25
 62
7
100
AcDbLine
 10
40.738
 20
-30.35
 30
0.0
 11
40.738
 21
-3.350000000000001
 31
0.0
  0
LINE
  5
2858
330
1F
100
AcDbEntity
  8
2
  6
CONTINUOUS
370
25
 62
7
100
AcDbLine
 10
9.404
 20
-29.35
 30
0.0
 11
47.738
 21
-29.35
 31
0.0
  0
LINE
  5
2859
330
1F
100
AcDbEntity
  8
2
  6
CONTINUOUS
370
25
 62
7
100
AcDbLine
 10
16.404
 20
-29.35
 30
0.0
 11
11.404
 21
-30.35
 31
0.0
  0
LINE
  5
285A
330
1F
100
AcDbEntity
  8
2
  6
CONTINUOUS
370
25
 62
7
100
AcDbLine
 10
11.404
 20
-30.35
 30
0.0
 11
11.404
 21
-28.35
 31
0.0
  0
LINE
  5
285B
330
1F
100
AcDbEntity
  8
2
  6
CONTINUOUS
370
25
 62
7
100
AcDbLine
 10
11.404
 20
-28.35
 30
0.0
 11
16.404
 21
-29.35
 31
0.0
  0
LINE
  5
285C
330
1F
100
AcDbEntity
  8
2
  6
CONTINUOUS
370
25
 62
7
100
AcDbLine
 10
16.29990311263114
 20
-29.37081937747377
 30
0.0
 11
16.33460207508742
 21
-29.33612041501749
 31
0.0
  0
LINE
  5
285D
330
1F
100
AcDbEntity
  8
2
  6
CONTINUOUS
370
25
 62
7
100
AcDbLine
 10
15.76957302674122
 20
-29.47688539465176
 30
0.0
 11
15.98104868449415
 21
-29.26540973689883
 31
0.0
  0
LINE
  5
285E
330
1F
100
AcDbEntity
  8
2
  6
CONTINUOUS
370
25
 62
7
100
AcDbLine
 10
15.23924294085131
 20
-29.58295141182974
 30
0.0
 11
15.62749529390087
 21
-29.19469905878018
 31
0.0
  0
LINE
  5
285F
330
1F
100
AcDbEntity
  8
2
  6
CONTINUOUS
370
25
 62
7
100
AcDbLine
 10
14.7089128549614
 20
-29.68901742900772
 30
0.0
 11
15.2739419033076
 21
-29.12398838066152
 31
0.0
  0
LINE
  5
2860
330
1F
100
AcDbEntity
  8
2
  6
CONTINUOUS
370
25
 62
7
100
AcDbLine
 10
14.17858276907148
 20
-29.79508344618571
 30
0.0
 11
14.92038851271432
 21
-29.05327770254286
 31
0.0
  0
LINE
  5
2861
330
1F
100
AcDbEntity
  8
2
  6
CONTINUOUS
370
25
 62
7
100
AcDbLine
 10
13.64825268318157
 20
-29.90114946336369
 30
0.0
 11
14.56683512212105
 21
-28.98256702442421
 31
0.0
  0
LINE
  5
2862
330
1F
100
AcDbEntity
  8
2
  6
CONTINUOUS
370
25
 62
7
100
AcDbLine
 10
13.11792259729165
 20
-30.00721548054167
 30
0.0
 11
14.21328173152777
 21
-28.91185634630556
 31
0.0
  0
LINE
  5
2863
330
1F
100
AcDbEntity
  8
2
  6
CONTINUOUS
370
25
 62
7
100
AcDbLine
 10
12.58759251140174
 20
-30.11328149771965
 30
0.0
 11
13.8597283409345
 21
-28.8411456681869
 31
0.0
  0
LINE
  5
2864
330
1F
100
AcDbEntity
  8
2
  6
CONTINUOUS
370
25
 62
7
100
AcDbLine
 10
12.05726242551182
 20
-30.21934751489763
 30
0.0
 11
13.50617495034122
 21
-28.77043499006825
 31
0.0
  0
LINE
  5
2865
330
1F
100
AcDbEntity
  8
2
  6
CONTINUOUS
370
25
 62
7
100
AcDbLine
 10
11.5269323396219
 20
-30.32541353207562
 30
0.0
 11
13.15262155974794
 21
-28.69972431194959
 31
0.0
  0
LINE
  5
2866
330
1F
100
AcDbEntity
  8
2
  6
CONTINUOUS
370
25
 62
7
100
AcDbLine
 10
11.404
 20
-30.0240818029856
 30
0.0
 11
12.79906816915467
 21
-28.62901363383094
 31
0.0
  0
LINE
  5
2867
330
1F
100
AcDbEntity
  8
2
  6
CONTINUOUS
370
25
 62
7
100
AcDbLine
 10
11.404
 20
-29.59981773427367
 30
0.0
 11
12.44551477856139
 21
-28.55830295571228
 31
0.0
  0
LINE
  5
2868
330
1F
100
AcDbEntity
  8
2
  6
CONTINUOUS
370
25
 62
7
100
AcDbLine
 10
11.404
 20
-29.17555366556174
 30
0.0
 11
12.09196138796812
 21
-28.48759227759363
 31
0.0
  0
LINE
  5
2869
330
1F
100
AcDbEntity
  8
2
  6
CONTINUOUS
370
25
 62
7
100
AcDbLine
 10
11.404
 20
-28.75128959684982
 30
0.0
 11
11.73840799737484
 21
-28.41688159947497
 31
0.0
  0
LINE
  5
286A
330
1F
100
AcDbEntity
  8
2
  6
CONTINUOUS
370
25
 62
7
100
AcDbLine
 10
11.404
 20
-30.30867916251599
 30
0.0
 11
11.43843403123667
 21
-30.34311319375267
 31
0.0
  0
LINE
  5
286B
330
1F
100
AcDbEntity
  8
2
  6
CONTINUOUS
370
25
 62
7
100
AcDbLine
 10
11.404
 20
-29.88441509380406
 30
0.0
 11
11.79198742182995
 21
-30.27240251563401
 31
0.0
  0
LINE
  5
286C
330
1F
100
AcDbEntity
  8
2
  6
CONTINUOUS
370
25
 62
7
100
AcDbLine
 10
11.404
 20
-29.46015102509214
 30
0.0
 11
12.14554081242322
 21
-30.20169183751536
 31
0.0
  0
LINE
  5
286D
330
1F
100
AcDbEntity
  8
2
  6
CONTINUOUS
370
25
 62
7
100
AcDbLine
 10
11.404
 20
-29.03588695638021
 30
0.0
 11
12.4990942030165
 21
-30.1309811593967
 31
0.0
  0
LINE
  5
286E
330
1F
100
AcDbEntity
  8
2
  6
CONTINUOUS
370
25
 62
7
100
AcDbLine
 10
11.404
 20
-28.61162288766828
 30
0.0
 11
12.85264759360977
 21
-30.06027048127805
 31
0.0
  0
LINE
  5
286F
330
1F
100
AcDbEntity
  8
2
  6
CONTINUOUS
370
25
 62
7
100
AcDbLine
 10
11.60730147630457
 20
-28.39066029526091
 30
0.0
 11
13.20620098420305
 21
-29.98955980315939
 31
0.0
  0
LINE
  5
2870
330
1F
100
AcDbEntity
  8
2
  6
CONTINUOUS
370
25
 62
7
100
AcDbLine
 10
12.13763156219447
 20
-28.49672631243889
 30
0.0
 11
13.55975437479632
 21
-29.91884912504074
 31
0.0
  0
LINE
  5
2871
330
1F
100
AcDbEntity
  8
2
  6
CONTINUOUS
370
25
 62
7
100
AcDbLine
 10
12.66796164808439
 20
-28.60279232961688
 30
0.0
 11
13.9133077653896
 21
-29.84813844692208
 31
0.0
  0
LINE
  5
2872
330
1F
100
AcDbEntity
  8
2
  6
CONTINUOUS
370
25
 62
7
100
AcDbLine
 10
13.1982917339743
 20
-28.70885834679486
 30
0.0
 11
14.26686115598287
 21
-29.77742776880343
 31
0.0
  0
LINE
  5
2873
330
1F
100
AcDbEntity
  8
2
  6
CONTINUOUS
370
25
 62
7
100
AcDbLine
 10
13.72862181986422
 20
-28.81492436397285
 30
0.0
 11
14.62041454657615
 21
-29.70671709068477
 31
0.0
  0
LINE
  5
2874
330
1F
100
AcDbEntity
  8
2
  6
CONTINUOUS
370
25
 62
7
100
AcDbLine
 10
14.25895190575413
 20
-28.92099038115083
 30
0.0
 11
14.97396793716942
 21
-29.63600641256612
 31
0.0
  0
LINE
  5
2875
330
1F
100
AcDbEntity
  8
2
  6
CONTINUOUS
370
25
 62
7
100
AcDbLine
 10
14.78928199164405
 20
-29.02705639832881
 30
0.0
 11
15.3275213277627
 21
-29.56529573444746
 31
0.0
  0
LINE
  5
2876
330
1F
100
AcDbEntity
  8
2
  6
CONTINUOUS
370
25
 62
7
100
AcDbLine
 10
15.31961207753396
 20
-29.13312241550679
 30
0.0
 11
15.68107471835597
 21
-29.4945850563288
 31
0.0
  0
LINE
  5
2877
330
1F
100
AcDbEntity
  8
2
  6
CONTINUOUS
370
25
 62
7
100
AcDbLine
 10
15.84994216342388
 20
-29.23918843268478
 30
0.0
 11
16.03462810894925
 21
-29.42387437821015
 31
0.0
  0
LINE
  5
2878
330
1F
100
AcDbEntity
  8
2
  6
CONTINUOUS
370
25
 62
7
100
AcDbLine
 10
16.38027224931379
 20
-29.34525444986276
 30
0.0
 11
16.38818149954253
 21
-29.3531637000915
 31
0.0
  0
LINE
  5
2879
330
1F
100
AcDbEntity
  8
2
  6
CONTINUOUS
370
25
 62
7
100
AcDbLine
 10
40.738
 20
-29.35
 30
0.0
 11
45.738
 21
-28.35
 31
0.0
  0
LINE
  5
287A
330
1F
100
AcDbEntity
  8
2
  6
CONTINUOUS
370
25
 62
7
100
AcDbLine
 10
45.738
 20
-28.35
 30
0.0
 11
45.738
 21
-30.35
 31
0.0
  0
LINE
  5
287B
330
1F
100
AcDbEntity
  8
2
  6
CONTINUOUS
370
25
 62
7
100
AcDbLine
 10
45.738
 20
-30.35
 30
0.0
 11
40.738
 21
-29.35
 31
0.0
  0
LINE
  5
287C
330
1F
100
AcDbEntity
  8
2
  6
CONTINUOUS
370
25
 62
7
100
AcDbLine
 10
45.59219157200474
 20
-30.32083831440094
 30
0.0
 11
45.738
 21
-30.17502988640568
 31
0.0
  0
LINE
  5
287D
330
1F
100
AcDbEntity
  8
2
  6
CONTINUOUS
370
25
 62
7
100
AcDbLine
 10
45.23863818141145
 20
-30.25012763628229
 30
0.0
 11
45.738
 21
-29.75076581769375
 31
0.0
  0
LINE
  5
287E
330
1F
100
AcDbEntity
  8
2
  6
CONTINUOUS
370
25
 62
7
100
AcDbLine
 10
44.88508479081818
 20
-30.17941695816364
 30
0.0
 11
45.738
 21
-29.32650174898182
 31
0.0
  0
LINE
  5
287F
330
1F
100
AcDbEntity
  8
2
  6
CONTINUOUS
370
25
 62
7
100
AcDbLine
 10
44.53153140022491
 20
-30.10870628004498
 30
0.0
 11
45.738
 21
-28.90223768026988
 31
0.0
  0
LINE
  5
2880
330
1F
100
AcDbEntity
  8
2
  6
CONTINUOUS
370
25
 62
7
100
AcDbLine
 10
44.17797800963163
 20
-30.03799560192632
 30
0.0
 11
45.738
 21
-28.47797361155796
 31
0.0
  0
LINE
  5
2881
330
1F
100
AcDbEntity
  8
2
  6
CONTINUOUS
370
25
 62
7
100
AcDbLine
 10
43.82442461903835
 20
-29.96728492380767
 30
0.0
 11
45.36763692855752
 21
-28.4240726142885
 31
0.0
  0
LINE
  5
2882
330
1F
100
AcDbEntity
  8
2
  6
CONTINUOUS
370
25
 62
7
100
AcDbLine
 10
43.47087122844507
 20
-29.89657424568902
 30
0.0
 11
44.83730684266761
 21
-28.53013863146649
 31
0.0
  0
LINE
  5
2883
330
1F
100
AcDbEntity
  8
2
  6
CONTINUOUS
370
25
 62
7
100
AcDbLine
 10
43.11731783785179
 20
-29.82586356757036
 30
0.0
 11
44.30697675677769
 21
-28.63620464864447
 31
0.0
  0
LINE
  5
2884
330
1F
100
AcDbEntity
  8
2
  6
CONTINUOUS
370
25
 62
7
100
AcDbLine
 10
42.76376444725852
 20
-29.7551528894517
 30
0.0
 11
43.77664667088777
 21
-28.74227066582245
 31
0.0
  0
LINE
  5
2885
330
1F
100
AcDbEntity
  8
2
  6
CONTINUOUS
370
25
 62
7
100
AcDbLine
 10
42.41021105666523
 20
-29.68444221133305
 30
0.0
 11
43.24631658499786
 21
-28.84833668300043
 31
0.0
  0
LINE
  5
2886
330
1F
100
AcDbEntity
  8
2
  6
CONTINUOUS
370
25
 62
7
100
AcDbLine
 10
42.05665766607196
 20
-29.61373153321439
 30
0.0
 11
42.71598649910793
 21
-28.95440270017842
 31
0.0
  0
LINE
  5
2887
330
1F
100
AcDbEntity
  8
2
  6
CONTINUOUS
370
25
 62
7
100
AcDbLine
 10
41.70310427547868
 20
-29.54302085509573
 30
0.0
 11
42.18565641321801
 21
-29.0604687173564
 31
0.0
  0
LINE
  5
2888
330
1F
100
AcDbEntity
  8
2
  6
CONTINUOUS
370
25
 62
7
100
AcDbLine
 10
41.3495508848854
 20
-29.47231017697708
 30
0.0
 11
41.65532632732809
 21
-29.16653473453439
 31
0.0
  0
LINE
  5
2889
330
1F
100
AcDbEntity
  8
2
  6
CONTINUOUS
370
25
 62
7
100
AcDbLine
 10
40.99599749429212
 20
-29.40159949885842
 30
0.0
 11
41.12499624143818
 21
-29.27260075171237
 31
0.0
  0
LINE
  5
288A
330
1F
100
AcDbEntity
  8
2
  6
CONTINUOUS
370
25
 62
7
100
AcDbLine
 10
40.79394154601842
 20
-29.33881169079632
 30
0.0
 11
40.82191231902762
 21
-29.36678246380552
 31
0.0
  0
LINE
  5
288B
330
1F
100
AcDbEntity
  8
2
  6
CONTINUOUS
370
25
 62
7
100
AcDbLine
 10
41.14749493661169
 20
-29.26810101267766
 30
0.0
 11
41.35224240491753
 21
-29.4728484809835
 31
0.0
  0
LINE
  5
288C
330
1F
100
AcDbEntity
  8
2
  6
CONTINUOUS
370
25
 62
7
100
AcDbLine
 10
41.50104832720497
 20
-29.19739033455901
 30
0.0
 11
41.88257249080745
 21
-29.57891449816149
 31
0.0
  0
LINE
  5
288D
330
1F
100
AcDbEntity
  8
2
  6
CONTINUOUS
370
25
 62
7
100
AcDbLine
 10
41.85460171779825
 20
-29.12667965644036
 30
0.0
 11
42.41290257669737
 21
-29.68498051533948
 31
0.0
  0
LINE
  5
288E
330
1F
100
AcDbEntity
  8
2
  6
CONTINUOUS
370
25
 62
7
100
AcDbLine
 10
42.20815510839152
 20
-29.05596897832169
 30
0.0
 11
42.94323266258728
 21
-29.79104653251746
 31
0.0
  0
LINE
  5
288F
330
1F
100
AcDbEntity
  8
2
  6
CONTINUOUS
370
25
 62
7
100
AcDbLine
 10
42.5617084989848
 20
-28.98525830020304
 30
0.0
 11
43.47356274847721
 21
-29.89711254969544
 31
0.0
  0
LINE
  5
2890
330
1F
100
AcDbEntity
  8
2
  6
CONTINUOUS
370
25
 62
7
100
AcDbLine
 10
42.91526188957809
 20
-28.9145476220844
 30
0.0
 11
44.00389283436712
 21
-30.00317856687342
 31
0.0
  0
LINE
  5
2891
330
1F
100
AcDbEntity
  8
2
  6
CONTINUOUS
370
25
 62
7
100
AcDbLine
 10
43.26881528017136
 20
-28.84383694396573
 30
0.0
 11
44.53422292025705
 21
-30.10924458405142
 31
0.0
  0
LINE
  5
2892
330
1F
100
AcDbEntity
  8
2
  6
CONTINUOUS
370
25
 62
7
100
AcDbLine
 10
43.62236867076464
 20
-28.77312626584708
 30
0.0
 11
45.06455300614697
 21
-30.21531060122939
 31
0.0
  0
LINE
  5
2893
330
1F
100
AcDbEntity
  8
2
  6
CONTINUOUS
370
25
 62
7
100
AcDbLine
 10
43.97592206135792
 20
-28.70241558772842
 30
0.0
 11
45.59488309203688
 21
-30.32137661840738
 31
0.0
  0
LINE
  5
2894
330
1F
100
AcDbEntity
  8
2
  6
CONTINUOUS
370
25
 62
7
100
AcDbLine
 10
44.3294754519512
 20
-28.63170490960977
 30
0.0
 11
45.738
 21
-30.04022945765857
 31
0.0
  0
LINE
  5
2895
330
1F
100
AcDbEntity
  8
2
  6
CONTINUOUS
370
25
 62
7
100
AcDbLine
 10
44.68302884254447
 20
-28.56099423149111
 30
0.0
 11
45.738
 21
-29.61596538894663
 31
0.0
  0
LINE
  5
2896
330
1F
100
AcDbEntity
  8
2
  6
CONTINUOUS
370
25
 62
7
100
AcDbLine
 10
45.03658223313775
 20
-28.49028355337246
 30
0.0
 11
45.738
 21
-29.1917013202347
 31
0.0
  0
LINE
  5
2897
330
1F
100
AcDbEntity
  8
2
  6
CONTINUOUS
370
25
 62
7
100
AcDbLine
 10
45.39013562373103
 20
-28.4195728752538
 30
0.0
 11
45.738
 21
-28.76743725152277
 31
0.0
  0
TEXT
  5
2898
330
1F
100
AcDbEntity
  8
2
  6
CONTINUOUS
370
25
 62
7
100
AcDbText
 10
19.821
 20
-27.85
 30
0.0
 40
3.5
  1
24.334
 72
     1
 11
28.571
 21
-27.85
 31
0.0
100
AcDbText
  0
LINE
  5
2899
330
1F
100
AcDbEntity
  8
SK1
  6
CONTINUOUS
370
50
 62
4
100
AcDbLine
 10
0.0
 20
0.0
 30
0.0
 11
2.5
 21
0.0
 31
0.0
  0
LINE
  5
289A
330
1F
100
AcDbEntity
  8
SK1
  6
CONTINUOUS
370
50
 62
4
100
AcDbLine
 10
0.0
 20
0.0
 30
0.0
 11
0.0
 21
2.5
 31
0.0
  0
ARC
  5
289B
330
1F
100
AcDbEntity
  8
SK1
  6
CONTINUOUS
370
50
 62
4
100
AcDbCircle
 10
0.0
 20
0.0
 30
0.0
 40
2.5
100
AcDbArc
 50
0.0
 51
90.0
  0
LINE
  5
289C
330
1F
100
AcDbEntity
  8
SK1
  6
CONTINUOUS
370
50
 62
4
100
AcDbLine
 10
0.0
 20
0.0
 30
0.0
 11
-2.5
 21
0.0
 31
0.0
  0
ARC
  5
289D
330
1F
100
AcDbEntity
  8
SK1
  6
CONTINUOUS
370
50
 62
4
100
AcDbCircle
 10
0.0
 20
0.0
 30
0.0
 40
2.5
100
AcDbArc
 50
180.0
 51
270.0
  0
LINE
  5
289E
330
1F
100
AcDbEntity
  8
SK1
  6
CONTINUOUS
370
50
 62
4
100
AcDbLine
 10
0.0
 20
-2.5
 30
0.0
 11
0.0
 21
0.0
 31
0.0
  0
ARC
  5
289F
330
1F
100
AcDbEntity
  8
SK1
  6
CONTINUOUS
370
50
 62
4
100
AcDbCircle
 10
0.0
 20
0.0
 30
0.0
 40
2.5
100
AcDbArc
 50
270.0
 51
0.0
  0
ARC
  5
28A0
330
1F
100
AcDbEntity
  8
SK1
  6
CONTINUOUS
370
50
 62
4
100
AcDbCircle
 10
0.0
 20
0.0
 30
0.0
 40
2.5
100
AcDbArc
 50
90.0
 51
180.0
  0
LINE
  5
28A1
330
1F
100
AcDbEntity
  8
SK1
  6
CONTINUOUS
370
50
 62
4
100
AcDbLine
 10
-0.31832627443191
 20
-2.479495909600069
 30
0.0
 11
0.0
 21
-2.161169635168159
 31
0.0
  0
LINE
  5
28A2
330
1F
100
AcDbEntity
  8
SK1
  6
CONTINUOUS
370
50
 62
4
100
AcDbLine
 10
2.16116963516816
 20
0.0
 30
0.0
 11
2.479495909600069
 21
0.3183262744319091
 31
0.0
  0
LINE
  5
28A3
330
1F
100
AcDbEntity
  8
SK1
  6
CONTINUOUS
370
50
 62
4
100
AcDbLine
 10
-0.615281817185723
 20
-2.422898061760609
 30
0.0
 11
0.0
 21
-1.807616244574886
 31
0.0
  0
LINE
  5
28A4
330
1F
100
AcDbEntity
  8
SK1
  6
CONTINUOUS
370
50
 62
4
100
AcDbLine
 10
1.807616244574887
 20
0.0
 30
0.0
 11
2.422898061760609
 21
0.6152818171857222
 31
0.0
  0
LINE
  5
28A5
330
1F
100
AcDbEntity
  8
SK1
  6
CONTINUOUS
370
50
 62
4
100
AcDbLine
 10
-0.8835965231639721
 20
-2.337659377145585
 30
0.0
 11
0.0
 21
-1.454062853981614
 31
0.0
  0
LINE
  5
28A6
330
1F
100
AcDbEntity
  8
SK1
  6
CONTINUOUS
370
50
 62
4
100
AcDbLine
 10
1.454062853981615
 20
0.0
 30
0.0
 11
2.337659377145586
 21
0.8835965231639715
 31
0.0
  0
LINE
  5
28A7
330
1F
100
AcDbEntity
  8
SK1
  6
CONTINUOUS
370
50
 62
4
100
AcDbLine
 10
-1.128779664263143
 20
-2.229289127651483
 30
0.0
 11
0.0
 21
-1.100509463388341
 31
0.0
  0
LINE
  5
28A8
330
1F
100
AcDbEntity
  8
SK1
  6
CONTINUOUS
370
50
 62
4
100
AcDbLine
 10
1.100509463388341
 20
0.0
 30
0.0
 11
2.229289127651484
 21
1.128779664263142
 31
0.0
  0
LINE
  5
28A9
330
1F
100
AcDbEntity
  8
SK1
  6
CONTINUOUS
370
50
 62
4
100
AcDbLine
 10
-1.354032791010379
 20
-2.100988863805446
 30
0.0
 11
0.0
 21
-0.7469560727950677
 31
0.0
  0
LINE
  5
28AA
330
1F
100
AcDbEntity
  8
SK1
  6
CONTINUOUS
370
50
 62
4
100
AcDbLine
 10
0.746956072795068
 20
0.0
 30
0.0
 11
2.100988863805446
 21
1.354032791010378
 31
0.0
  0
LINE
  5
28AB
330
1F
100
AcDbEntity
  8
SK1
  6
CONTINUOUS
370
50
 62
4
100
AcDbLine
 10
-1.559387394659872
 20
-1.952790076861666
 30
0.0
 11
0.0
 21
-0.3934026822017946
 31
0.0
  0
LINE
  5
28AC
330
1F
100
AcDbEntity
  8
SK1
  6
CONTINUOUS
370
50
 62
4
100
AcDbLine
 10
0.3934026822017948
 20
0.0
 30
0.0
 11
1.952790076861667
 21
1.559387394659871
 31
0.0
  0
LINE
  5
28AD
330
1F
100
AcDbEntity
  8
SK1
  6
CONTINUOUS
370
50
 62
4
100
AcDbLine
 10
-1.746970020883365
 20
-1.786819312491886
 30
0.0
 11
0.0
 21
-0.0398492916085216
 31
0.0
  0
LINE
  5
28AE
330
1F
100
AcDbEntity
  8
SK1
  6
CONTINUOUS
370
50
 62
4
100
AcDbLine
 10
0.0398492916085216
 20
0.0
 30
0.0
 11
1.786819312491887
 21
1.746970020883364
 31
0.0
  0
LINE
  5
28AF
330
1F
100
AcDbEntity
  8
SK1
  6
CONTINUOUS
370
50
 62
4
100
AcDbLine
 10
-1.917371878232655
 20
-1.603667779247902
 30
0.0
 11
-0.3137040989847517
 21
0.0
 31
0.0
  0
LINE
  5
28B0
330
1F
100
AcDbEntity
  8
SK1
  6
CONTINUOUS
370
50
 62
4
100
AcDbLine
 10
0.0
 20
0.3137040989847515
 30
0.0
 11
1.603667779247903
 21
1.917371878232654
 31
0.0
  0
LINE
  5
28B1
330
1F
100
AcDbEntity
  8
SK1
  6
CONTINUOUS
370
50
 62
4
100
AcDbLine
 10
-2.068741231122433
 20
-1.401483741544407
 30
0.0
 11
-0.6672574895780249
 21
0.0
 31
0.0
  0
LINE
  5
28B2
330
1F
100
AcDbEntity
  8
SK1
  6
CONTINUOUS
370
50
 62
4
100
AcDbLine
 10
0.0
 20
0.6672574895780246
 30
0.0
 11
1.401483741544409
 21
2.068741231122432
 31
0.0
  0
LINE
  5
28B3
330
1F
100
AcDbEntity
  8
SK1
  6
CONTINUOUS
370
50
 62
4
100
AcDbLine
 10
-2.2023876557675
 20
-1.181576775596201
 30
0.0
 11
-1.020810880171298
 21
0.0
 31
0.0
  0
LINE
  5
28B4
330
1F
100
AcDbEntity
  8
SK1
  6
CONTINUOUS
370
50
 62
4
100
AcDbLine
 10
0.0
 20
1.020810880171298
 30
0.0
 11
1.181576775596202
 21
2.202387655767499
 31
0.0
  0
LINE
  5
28B5
330
1F
100
AcDbEntity
  8
SK1
  6
CONTINUOUS
370
50
 62
4
100
AcDbLine
 10
-2.315450943493525
 20
-0.9410866727289533
 30
0.0
 11
-1.374364270764571
 21
0.0
 31
0.0
  0
LINE
  5
28B6
330
1F
100
AcDbEntity
  8
SK1
  6
CONTINUOUS
370
50
 62
4
100
AcDbLine
 10
0.0
 20
1.374364270764571
 30
0.0
 11
0.9410866727289543
 21
2.315450943493524
 31
0.0
  0
LINE
  5
28B7
330
1F
100
AcDbEntity
  8
SK1
  6
CONTINUOUS
370
50
 62
4
100
AcDbLine
 10
-2.405290600131854
 20
-0.6773729387740097
 30
0.0
 11
-1.727917661357844
 21
0.0
 31
0.0
  0
LINE
  5
28B8
330
1F
100
AcDbEntity
  8
SK1
  6
CONTINUOUS
370
50
 62
4
100
AcDbLine
 10
0.0
 20
1.727917661357844
 30
0.0
 11
0.6773729387740106
 21
2.405290600131854
 31
0.0
  0
LINE
  5
28B9
330
1F
100
AcDbEntity
  8
SK1
  6
CONTINUOUS
370
50
 62
4
100
AcDbLine
 10
-2.468598823056026
 20
-0.3871277711049084
 30
0.0
 11
-2.081471051951118
 21
0.0
 31
0.0
  0
LINE
  5
28BA
330
1F
100
AcDbEntity
  8
SK1
  6
CONTINUOUS
370
50
 62
4
100
AcDbLine
 10
0.0
 20
2.081471051951117
 30
0.0
 11
0.3871277711049085
 21
2.468598823056025
 31
0.0
  0
LINE
  5
28BB
330
1F
100
AcDbEntity
  8
SK1
  6
CONTINUOUS
370
50
 62
4
100
AcDbLine
 10
-2.498020276172772
 20
-0.0629958336283822
 30
0.0
 11
-2.43502444254439
 21
0.0
 31
0.0
  0
LINE
  5
28BC
330
1F
100
AcDbEntity
  8
SK1
  6
CONTINUOUS
370
50
 62
4
100
AcDbLine
 10
0.0
 20
2.435024442544389
 30
0.0
 11
0.0629958336283828
 21
2.498020276172772
 31
0.0
  0
LINE
  5
28BD
330
1F
100
AcDbEntity
  8
SK1
  6
CONTINUOUS
370
50
 62
4
100
AcDbLine
 10
-2.337336523620827
 20
-0.8844932833271533
 30
0.0
 11
-0.8844932833271509
 21
-2.337336523620827
 31
0.0
  0
LINE
  5
28BE
330
1F
100
AcDbEntity
  8
SK1
  6
CONTINUOUS
370
50
 62
4
100
AcDbLine
 10
-2.466237059966593
 20
-0.4020393563881135
 30
0.0
 11
-0.4020393563881111
 21
-2.466237059966594
 31
0.0
  0
LINE
  5
28BF
330
1F
100
AcDbEntity
  8
SK1
  6
CONTINUOUS
370
50
 62
4
100
AcDbLine
 10
-2.499522297881596
 20
-0.0152007278798383
 30
0.0
 11
-0.0152007278798351
 21
-2.499522297881596
 31
0.0
  0
LINE
  5
28C0
330
1F
100
AcDbEntity
  8
SK1
  6
CONTINUOUS
370
50
 62
4
100
AcDbLine
 10
-2.16116963516816
 20
0.0
 30
0.0
 11
0.0
 21
-2.161169635168158
 31
0.0
  0
LINE
  5
28C1
330
1F
100
AcDbEntity
  8
SK1
  6
CONTINUOUS
370
50
 62
4
100
AcDbLine
 10
-1.807616244574888
 20
0.0
 30
0.0
 11
0.0
 21
-1.807616244574886
 31
0.0
  0
LINE
  5
28C2
330
1F
100
AcDbEntity
  8
SK1
  6
CONTINUOUS
370
50
 62
4
100
AcDbLine
 10
-1.454062853981615
 20
0.0
 30
0.0
 11
0.0
 21
-1.454062853981613
 31
0.0
  0
LINE
  5
28C3
330
1F
100
AcDbEntity
  8
SK1
  6
CONTINUOUS
370
50
 62
4
100
AcDbLine
 10
-1.100509463388341
 20
0.0
 30
0.0
 11
0.0
 21
-1.10050946338834
 31
0.0
  0
LINE
  5
28C4
330
1F
100
AcDbEntity
  8
SK1
  6
CONTINUOUS
370
50
 62
4
100
AcDbLine
 10
-0.7469560727950676
 20
0.0
 30
0.0
 11
0.0
 21
-0.7469560727950668
 31
0.0
  0
LINE
  5
28C5
330
1F
100
AcDbEntity
  8
SK1
  6
CONTINUOUS
370
50
 62
4
100
AcDbLine
 10
-0.3934026822017942
 20
0.0
 30
0.0
 11
0.0
 21
-0.3934026822017938
 31
0.0
  0
LINE
  5
28C6
330
1F
100
AcDbEntity
  8
SK1
  6
CONTINUOUS
370
50
 62
4
100
AcDbLine
 10
-0.0398492916085216
 20
0.0
 30
0.0
 11
0.0
 21
-0.0398492916085216
 31
0.0
  0
LINE
  5
28C7
330
1F
100
AcDbEntity
  8
SK1
  6
CONTINUOUS
370
50
 62
4
100
AcDbLine
 10
0.0
 20
0.3137040989847515
 30
0.0
 11
0.3137040989847518
 21
0.0
 31
0.0
  0
LINE
  5
28C8
330
1F
100
AcDbEntity
  8
SK1
  6
CONTINUOUS
370
50
 62
4
100
AcDbLine
 10
0.0
 20
0.6672574895780246
 30
0.0
 11
0.6672574895780253
 21
0.0
 31
0.0
  0
LINE
  5
28C9
330
1F
100
AcDbEntity
  8
SK1
  6
CONTINUOUS
370
50
 62
4
100
AcDbLine
 10
0.0
 20
1.020810880171298
 30
0.0
 11
1.020810880171299
 21
0.0
 31
0.0
  0
LINE
  5
28CA
330
1F
100
AcDbEntity
  8
SK1
  6
CONTINUOUS
370
50
 62
4
100
AcDbLine
 10
0.0
 20
1.37436427076457
 30
0.0
 11
1.374364270764571
 21
0.0
 31
0.0
  0
LINE
  5
28CB
330
1F
100
AcDbEntity
  8
SK1
  6
CONTINUOUS
370
50
 62
4
100
AcDbLine
 10
0.0
 20
1.727917661357843
 30
0.0
 11
1.727917661357845
 21
0.0
 31
0.0
  0
LINE
  5
28CC
330
1F
100
AcDbEntity
  8
SK1
  6
CONTINUOUS
370
50
 62
4
100
AcDbLine
 10
0.0
 20
2.081471051951116
 30
0.0
 11
2.081471051951118
 21
0.0
 31
0.0
  0
LINE
  5
28CD
330
1F
100
AcDbEntity
  8
SK1
  6
CONTINUOUS
370
50
 62
4
100
AcDbLine
 10
0.0
 20
2.435024442544389
 30
0.0
 11
2.435024442544392
 21
0.0
 31
0.0
  0
LINE
  5
28CE
330
1F
100
AcDbEntity
  8
SK1
  6
CONTINUOUS
370
50
 62
4
100
AcDbLine
 10
0.3077647139123103
 20
2.480813119225352
 30
0.0
 11
2.480813119225352
 21
0.307764713912313
 31
0.0
  0
LINE
  5
28CF
330
1F
100
AcDbEntity
  8
SK1
  6
CONTINUOUS
370
50
 62
4
100
AcDbLine
 10
0.7611924397506667
 20
2.380938783980268
 30
0.0
 11
2.380938783980268
 21
0.7611924397506691
 31
0.0
  0
LINE
  5
28D0
330
1F
100
AcDbEntity
  8
SK1
  6
CONTINUOUS
370
50
 62
4
100
AcDbLine
 10
1.48586376213526
 20
2.009820852188948
 30
0.0
 11
2.009820852188946
 21
1.485863762135263
 31
0.0
  0
LINE
  5
28D1
330
1F
100
AcDbEntity
  8
4
  6
LONGDASH_DASH
370
25
 62
2
100
AcDbLine
 10
0.0
 20
0.0
 30
0.0
 11
40.738
 21
0.0
 31
0.0
  0
LINE
  5
28D2
330
1F
100
AcDbEntity
  8
SK4
  6
LONGDASH_DASH
370
25
 62
2
100
AcDbLine
 10
-50.262
 20
0.0
 30
0.0
 11
46.738
 21
0.0
 31
0.0
  0
LINE
  5
28D3
330
1F
100
AcDbEntity
  8
INFTOTAL
  6
CONTINUOUS
370
18
 62
9
100
AcDbLine
 10
-77.288211
 20
-33.000011
 30
0.0
 11
81.111811
 21
-33.000011
 31
0.0
  0
LINE
  5
28D4
330
1F
100
AcDbEntity
  8
INFTOTAL
  6
CONTINUOUS
370
18
 62
9
100
AcDbLine
 10
81.111811
 20
-33.000011
 30
0.0
 11
81.111811
 21
48.40001100000001
 31
0.0
  0
LINE
  5
28D5
330
1F
100
AcDbEntity
  8
INFTOTAL
  6
CONTINUOUS
370
18
 62
9
100
AcDbLine
 10
81.111811
 20
48.40001100000001
 30
0.0
 11
-77.288211
 21
48.40001100000001
 31
0.0
  0
LINE
  5
28D6
330
1F
100
AcDbEntity
  8
INFTOTAL
  6
CONTINUOUS
370
18
 62
9
100
AcDbLine
 10
-77.288211
 20
48.40001100000001
 30
0.0
 11
-77.288211
 21
-33.000011
 31
0.0
  0
ENDSEC
  0
SECTION
  2
OBJECTS
  0
DICTIONARY
  5
C
330
0
100
AcDbDictionary
281
     1
  3
ACAD_GROUP
350
D
  3
ACAD_LAYOUT
350
1A
  3
ACAD_MATERIAL
350
3B
  3
ACAD_MLEADERSTYLE
350
28D9
  3
ACAD_MLINESTYLE
350
17
  3
ACAD_PLOTSETTINGS
350
19
  3
ACAD_PLOTSTYLENAME
350
E
  3
ACAD_SCALELIST
350
1226
  3
ACAD_VISUALSTYLE
350
2A
  3
AcDbVariableDictionary
350
28D7
  0
DICTIONARY
  5
D
102
{ACAD_REACTORS
330
C
102
}
330
C
100
AcDbDictionary
281
     1
  0
DICTIONARY
  5
1A
102
{ACAD_REACTORS
330
C
102
}
330
C
100
AcDbDictionary
281
     1
  3
Layout1
350
1E
  3
Layout2
350
26
  3
Model
350
22
  0
DICTIONARY
  5
3B
102
{ACAD_REACTORS
330
C
102
}
330
C
100
AcDbDictionary
281
     1
  3
ByBlock
350
3D
  3
ByLayer
350
3C
  3
Global
350
3E
  0
DICTIONARY
  5
28D9
102
{ACAD_REACTORS
330
C
102
}
330
C
100
AcDbDictionary
281
     1
  0
DICTIONARY
  5
17
102
{ACAD_REACTORS
330
C
102
}
330
C
100
AcDbDictionary
281
     1
  3
Standard
350
18
  0
DICTIONARY
  5
19
102
{ACAD_REACTORS
330
C
102
}
330
C
100
AcDbDictionary
281
     1
  0
ACDBDICTIONARYWDFLT
  5
E
102
{ACAD_REACTORS
330
C
102
}
330
C
100
AcDbDictionary
281
     1
  3
Normal
350
F
100
AcDbDictionaryWithDefault
340
F
  0
DICTIONARY
  5
1226
102
{ACAD_REACTORS
330
C
102
}
330
C
100
AcDbDictionary
281
     1
  3
A0
350
1227
  3
A1
350
1228
  3
A2
350
1229
  3
A3
350
122A
  3
A4
350
122B
  3
A5
350
122C
  3
A6
350
122D
  3
A7
350
122E
  3
A8
350
122F
  3
A9
350
1230
  3
B0
350
1231
  3
B1
350
1232
  3
B2
350
1233
  3
B3
350
1234
  3
B4
350
1235
  3
B5
350
1236
  3
B6
350
1237
  3
B7
350
1238
  3
B8
350
1239
  3
B9
350
123A
  3
C0
350
123B
  3
C1
350
123C
  3
C2
350
123D
  3
C3
350
123E
  3
C4
350
123F
  3
C5
350
1240
  3
C6
350
1241
  3
C7
350
1242
  3
C8
350
1243
  3
C9
350
1244
  3
D0
350
1245
  3
D1
350
1246
  3
D2
350
1247
  0
DICTIONARY
  5
2A
102
{ACAD_REACTORS
330
C
102
}
330
C
100
AcDbDictionary
281
     1
  3
2dWireframe
350
2F
  3
3D Hidden
350
31
  3
3dWireframe
350
30
  3
Basic
350
32
  3
Brighten
350
36
  3
ColorChange
350
3A
  3
Conceptual
350
34
  3
Dim
350
35
  3
Facepattern
350
39
  3
Flat
350
2B
  3
FlatWithEdges
350
2C
  3
Gouraud
350
2D
  3
GouraudWithEdges
350
2E
  3
Linepattern
350
38
  3
Realistic
350
33
  3
Thicken
350
37
  0
DICTIONARY
  5
28D7
102
{ACAD_REACTORS
330
C
102
}
330
C
100
AcDbDictionary
281
     1
  3
CANNOSCALE
350
28DC
  3
DIMASSOC
350
28DD
  3
HIDETEXT
350
28DE
  3
PSOLHEIGHT
350
28DB
  3
PSOLWIDTH
350
28DA
  0
LAYOUT
  5
1E
102
{ACAD_REACTORS
330
1A
102
}
330
1A
100
AcDbPlotSettings
  1

  2
none_device
  4

  6

 40
0.0
 41
0.0
 42
0.0
 43
0.0
 44
0.0
 45
0.0
 46
0.0
 47
0.0
 48
0.0
 49
0.0
140
0.0
141
0.0
142
1.0
143
1.0
 70
   688
 72
     0
 73
     0
 74
     5
  7

 75
    16
147
1.0
148
0.0
149
0.0
100
AcDbLayout
  1
Layout1
 70
     1
 71
     1
 10
0.0
 20
0.0
 11
420.0
 21
297.0
 12
0.0
 22
0.0
 32
0.0
 14
1.000000000000000E+20
 24
1.000000000000000E+20
 34
1.000000000000000E+20
 15
-1.000000000000000E+20
 25
-1.000000000000000E+20
 35
-1.000000000000000E+20
146
0.0
 13
0.0
 23
0.0
 33
0.0
 16
1.0
 26
0.0
 36
0.0
 17
0.0
 27
1.0
 37
0.0
 76
     0
330
1B
  0
LAYOUT
  5
26
102
{ACAD_REACTORS
330
1A
102
}
330
1A
100
AcDbPlotSettings
  1

  2
none_device
  4

  6

 40
0.0
 41
0.0
 42
0.0
 43
0.0
 44
0.0
 45
0.0
 46
0.0
 47
0.0
 48
0.0
 49
0.0
140
0.0
141
0.0
142
1.0
143
1.0
 70
   688
 72
     0
 73
     0
 74
     5
  7

 75
    16
147
1.0
148
0.0
149
0.0
100
AcDbLayout
  1
Layout2
 70
     1
 71
     2
 10
0.0
 20
0.0
 11
0.0
 21
0.0
 12
0.0
 22
0.0
 32
0.0
 14
0.0
 24
0.0
 34
0.0
 15
0.0
 25
0.0
 35
0.0
146
0.0
 13
0.0
 23
0.0
 33
0.0
 16
1.0
 26
0.0
 36
0.0
 17
0.0
 27
1.0
 37
0.0
 76
     0
330
23
  0
LAYOUT
  5
22
102
{ACAD_REACTORS
330
1A
102
}
330
1A
100
AcDbPlotSettings
  1

  2
none_device
  4

  6

 40
0.0
 41
0.0
 42
0.0
 43
0.0
 44
0.0
 45
0.0
 46
0.0
 47
0.0
 48
0.0
 49
0.0
140
0.0
141
0.0
142
1.0
143
1.0
 70
  1712
 72
     0
 73
     0
 74
     0
  7

 75
     0
147
1.0
148
0.0
149
0.0
100
AcDbLayout
  1
Model
 70
     1
 71
     0
 10
0.0
 20
0.0
 11
420.0
 21
297.0
 12
0.0
 22
0.0
 32
0.0
 14
0.0
 24
0.0
 34
0.0
 15
25.0
 25
35.0
 35
0.0
146
0.0
 13
0.0
 23
0.0
 33
0.0
 16
1.0
 26
0.0
 36
0.0
 17
0.0
 27
1.0
 37
0.0
 76
     0
330
1F
331
29
  0
MATERIAL
  5
3D
102
{ACAD_REACTORS
330
3B
102
}
102
{ACAD_XDICTIONARY
360
2901
102
}
330
3B
100
AcDbMaterial
  1
ByBlock
  0
MATERIAL
  5
3C
102
{ACAD_REACTORS
330
3B
102
}
102
{ACAD_XDICTIONARY
360
28FF
102
}
330
3B
100
AcDbMaterial
  1
ByLayer
  0
MATERIAL
  5
3E
102
{ACAD_REACTORS
330
3B
102
}
102
{ACAD_XDICTIONARY
360
2903
102
}
330
3B
100
AcDbMaterial
  1
Global
  0
MLINESTYLE
  5
18
102
{ACAD_REACTORS
330
17
102
}
330
17
100
AcDbMlineStyle
  2
Standard
 70
     0
  3

 62
   256
 51
90.0
 52
90.0
 71
     2
 49
0.5
 62
   256
  6
BYLAYER
 49
-0.5
 62
   256
  6
BYLAYER
  0
ACDBPLACEHOLDER
  5
F
102
{ACAD_REACTORS
330
E
102
}
330
E
  0
SCALE
  5
1227
102
{ACAD_REACTORS
330
1226
102
}
330
1226
100
AcDbScale
 70
     0
300
1:1
140
1.0
141
1.0
290
     1
  0
SCALE
  5
1228
102
{ACAD_REACTORS
330
1226
102
}
330
1226
100
AcDbScale
 70
     0
300
1:2
140
1.0
141
2.0
290
     0
  0
SCALE
  5
1229
102
{ACAD_REACTORS
330
1226
102
}
330
1226
100
AcDbScale
 70
     0
300
1:4
140
1.0
141
4.0
290
     0
  0
SCALE
  5
122A
102
{ACAD_REACTORS
330
1226
102
}
330
1226
100
AcDbScale
 70
     0
300
1:5
140
1.0
141
5.0
290
     0
  0
SCALE
  5
122B
102
{ACAD_REACTORS
330
1226
102
}
330
1226
100
AcDbScale
 70
     0
300
1:8
140
1.0
141
8.0
290
     0
  0
SCALE
  5
122C
102
{ACAD_REACTORS
330
1226
102
}
330
1226
100
AcDbScale
 70
     0
300
1:10
140
1.0
141
10.0
290
     0
  0
SCALE
  5
122D
102
{ACAD_REACTORS
330
1226
102
}
330
1226
100
AcDbScale
 70
     0
300
1:16
140
1.0
141
16.0
290
     0
  0
SCALE
  5
122E
102
{ACAD_REACTORS
330
1226
102
}
330
1226
100
AcDbScale
 70
     0
300
1:20
140
1.0
141
20.0
290
     0
  0
SCALE
  5
122F
102
{ACAD_REACTORS
330
1226
102
}
330
1226
100
AcDbScale
 70
     0
300
1:30
140
1.0
141
30.0
290
     0
  0
SCALE
  5
1230
102
{ACAD_REACTORS
330
1226
102
}
330
1226
100
AcDbScale
 70
     0
300
1:40
140
1.0
141
40.0
290
     0
  0
SCALE
  5
1231
102
{ACAD_REACTORS
330
1226
102
}
330
1226
100
AcDbScale
 70
     0
300
1:50
140
1.0
141
50.0
290
     0
  0
SCALE
  5
1232
102
{ACAD_REACTORS
330
1226
102
}
330
1226
100
AcDbScale
 70
     0
300
1:100
140
1.0
141
100.0
290
     0
  0
SCALE
  5
1233
102
{ACAD_REACTORS
330
1226
102
}
330
1226
100
AcDbScale
 70
     0
300
2:1
140
2.0
141
1.0
290
     0
  0
SCALE
  5
1234
102
{ACAD_REACTORS
330
1226
102
}
330
1226
100
AcDbScale
 70
     0
300
4:1
140
4.0
141
1.0
290
     0
  0
SCALE
  5
1235
102
{ACAD_REACTORS
330
1226
102
}
330
1226
100
AcDbScale
 70
     0
300
8:1
140
8.0
141
1.0
290
     0
  0
SCALE
  5
1236
102
{ACAD_REACTORS
330
1226
102
}
330
1226
100
AcDbScale
 70
     0
300
10:1
140
10.0
141
1.0
290
     0
  0
SCALE
  5
1237
102
{ACAD_REACTORS
330
1226
102
}
330
1226
100
AcDbScale
 70
     0
300
100:1
140
100.0
141
1.0
290
     0
  0
SCALE
  5
1238
102
{ACAD_REACTORS
330
1226
102
}
330
1226
100
AcDbScale
 70
     0
300
1/128" = 1'-0"
140
0.0078125
141
12.0
290
     0
  0
SCALE
  5
1239
102
{ACAD_REACTORS
330
1226
102
}
330
1226
100
AcDbScale
 70
     0
300
1/64" = 1'-0"
140
0.015625
141
12.0
290
     0
  0
SCALE
  5
123A
102
{ACAD_REACTORS
330
1226
102
}
330
1226
100
AcDbScale
 70
     0
300
1/32" = 1'-0"
140
0.03125
141
12.0
290
     0
  0
SCALE
  5
123B
102
{ACAD_REACTORS
330
1226
102
}
330
1226
100
AcDbScale
 70
     0
300
1/16" = 1'-0"
140
0.0625
141
12.0
290
     0
  0
SCALE
  5
123C
102
{ACAD_REACTORS
330
1226
102
}
330
1226
100
AcDbScale
 70
     0
300
3/32" = 1'-0"
140
0.09375
141
12.0
290
     0
  0
SCALE
  5
123D
102
{ACAD_REACTORS
330
1226
102
}
330
1226
100
AcDbScale
 70
     0
300
1/8" = 1'-0"
140
0.125
141
12.0
290
     0
  0
SCALE
  5
123E
102
{ACAD_REACTORS
330
1226
102
}
330
1226
100
AcDbScale
 70
     0
300
3/16" = 1'-0"
140
0.1875
141
12.0
290
     0
  0
SCALE
  5
123F
102
{ACAD_REACTORS
330
1226
102
}
330
1226
100
AcDbScale
 70
     0
300
1/4" = 1'-0"
140
0.25
141
12.0
290
     0
  0
SCALE
  5
1240
102
{ACAD_REACTORS
330
1226
102
}
330
1226
100
AcDbScale
 70
     0
300
3/8" = 1'-0"
140
0.375
141
12.0
290
     0
  0
SCALE
  5
1241
102
{ACAD_REACTORS
330
1226
102
}
330
1226
100
AcDbScale
 70
     0
300
1/2" = 1'-0"
140
0.5
141
12.0
290
     0
  0
SCALE
  5
1242
102
{ACAD_REACTORS
330
1226
102
}
330
1226
100
AcDbScale
 70
     0
300
3/4" = 1'-0"
140
0.75
141
12.0
290
     0
  0
SCALE
  5
1243
102
{ACAD_REACTORS
330
1226
102
}
330
1226
100
AcDbScale
 70
     0
300
1" = 1'-0"
140
1.0
141
12.0
290
     0
  0
SCALE
  5
1244
102
{ACAD_REACTORS
330
1226
102
}
330
1226
100
AcDbScale
 70
     0
300
1-1/2" = 1'-0"
140
1.5
141
12.0
290
     0
  0
SCALE
  5
1245
102
{ACAD_REACTORS
330
1226
102
}
330
1226
100
AcDbScale
 70
     0
300
3" = 1'-0"
140
3.0
141
12.0
290
     0
  0
SCALE
  5
1246
102
{ACAD_REACTORS
330
1226
102
}
330
1226
100
AcDbScale
 70
     0
300
6" = 1'-0"
140
6.0
141
12.0
290
     0
  0
SCALE
  5
1247
102
{ACAD_REACTORS
330
1226
102
}
330
1226
100
AcDbScale
 70
     0
300
1'-0" = 1'-0"
140
12.0
141
12.0
290
     0
  0
VISUALSTYLE
  5
2F
102
{ACAD_REACTORS
330
2A
102
}
102
{ACAD_XDICTIONARY
360
28E7
102
}
330
2A
100
AcDbVisualStyle
  2
2dWireframe
 70
     4
 71
     0
 72
     2
 73
     0
 90
        0
 40
-0.6
 41
-30.0
 62
     5
 63
     7
 74
     1
 91
        4
 64
     7
 65
   257
 75
     1
175
     1
 42
1.0
 92
        0
 66
   257
 43
1.0
 76
     1
 77
     6
 78
     2
 67
     7
 79
     5
170
     0
171
     0
290
     0
174
     0
 93
        1
 44
0.0
173
     0
291
     0
 45
0.0
1001
ACAD
1000
AcDbSavedByObjectVersion
1070
     0
  0
VISUALSTYLE
  5
31
102
{ACAD_REACTORS
330
2A
102
}
102
{ACAD_XDICTIONARY
360
28EB
102
}
330
2A
100
AcDbVisualStyle
  2
3D Hidden
 70
     6
 71
     1
 72
     2
 73
     2
 90
        0
 40
-0.6
 41
-30.0
 62
     5
 63
     7
 74
     2
 91
        2
 64
     7
 65
   257
 75
     2
175
     1
 42
40.0
 92
        0
 66
   257
 43
1.0
 76
     1
 77
     6
 78
     2
 67
     7
 79
     3
170
     0
171
     0
290
     0
174
     0
 93
        1
 44
0.0
173
     0
291
     0
 45
0.0
1001
ACAD
1000
AcDbSavedByObjectVersion
1070
     0
  0
VISUALSTYLE
  5
30
102
{ACAD_REACTORS
330
2A
102
}
102
{ACAD_XDICTIONARY
360
28E9
102
}
330
2A
100
AcDbVisualStyle
  2
3dWireframe
 70
     5
 71
     0
 72
     2
 73
     0
 90
        0
 40
-0.6
 41
-30.0
 62
     5
 63
     7
 74
     1
 91
        4
 64
     7
 65
   257
 75
     1
175
     1
 42
1.0
 92
        0
 66
   257
 43
1.0
 76
     1
 77
     6
 78
     2
 67
     7
 79
     5
170
     0
171
     0
290
     0
174
     0
 93
        1
 44
0.0
173
     0
291
     0
 45
0.0
1001
ACAD
1000
AcDbSavedByObjectVersion
1070
     0
  0
VISUALSTYLE
  5
32
102
{ACAD_REACTORS
330
2A
102
}
102
{ACAD_XDICTIONARY
360
28ED
102
}
330
2A
100
AcDbVisualStyle
  2
Basic
 70
     7
 71
     1
 72
     0
 73
     1
 90
        0
 40
-0.6
 41
-30.0
 62
     5
 63
     7
 74
     0
 91
        4
 64
     7
 65
   257
 75
     1
175
     1
 42
1.0
 92
        8
 66
     7
 43
1.0
 76
     1
 77
     6
 78
     2
 67
     7
 79
     5
170
     0
171
     0
290
     0
174
     0
 93
        1
 44
0.0
173
     0
291
     1
 45
0.0
1001
ACAD
1000
AcDbSavedByObjectVersion
1070
     0
  0
VISUALSTYLE
  5
36
102
{ACAD_REACTORS
330
2A
102
}
102
{ACAD_XDICTIONARY
360
28F5
102
}
330
2A
100
AcDbVisualStyle
  2
Brighten
 70
    12
 71
     2
 72
     2
 73
     0
 90
        0
 40
-0.6
 41
-30.0
 62
     5
 63
     7
 74
     1
 91
        4
 64
     7
 65
   257
 75
     1
175
     1
 42
1.0
 92
        8
 66
     7
 43
1.0
 76
     1
 77
     6
 78
     2
 67
     7
 79
     5
170
     0
171
     0
290
     0
174
     0
 93
        1
 44
50.0
173
     0
291
     1
 45
0.0
1001
ACAD
1000
AcDbSavedByObjectVersion
1070
     0
  0
VISUALSTYLE
  5
3A
102
{ACAD_REACTORS
330
2A
102
}
102
{ACAD_XDICTIONARY
360
28FD
102
}
330
2A
100
AcDbVisualStyle
  2
ColorChange
 70
    16
 71
     2
 72
     2
 73
     3
 90
        0
 40
-0.6
 41
-30.0
 62
     5
 63
     8
 74
     1
 91
        4
 64
     7
 65
   257
 75
     1
175
     1
 42
1.0
 92
        8
 66
     8
 43
1.0
 76
     1
 77
     6
 78
     2
 67
     7
 79
     5
170
     0
171
     0
290
     0
174
     0
 93
        1
 44
0.0
173
     0
291
     1
 45
0.0
1001
ACAD
1000
AcDbSavedByObjectVersion
1070
     0
  0
VISUALSTYLE
  5
34
102
{ACAD_REACTORS
330
2A
102
}
102
{ACAD_XDICTIONARY
360
28F1
102
}
330
2A
100
AcDbVisualStyle
  2
Conceptual
 70
     9
 71
     3
 72
     2
 73
     0
 90
        0
 40
-0.6
 41
-30.0
 62
     5
 63
     7
 74
     2
 91
        2
 64
     7
 65
   257
 75
     1
175
     1
 42
40.0
 92
        8
 66
     7
 43
1.0
 76
     1
 77
     6
 78
     2
 67
     7
 79
     3
170
     0
171
     0
290
     0
174
     0
 93
        1
 44
0.0
173
     0
291
     0
 45
0.0
1001
ACAD
1000
AcDbSavedByObjectVersion
1070
     0
  0
VISUALSTYLE
  5
35
102
{ACAD_REACTORS
330
2A
102
}
102
{ACAD_XDICTIONARY
360
28F3
102
}
330
2A
100
AcDbVisualStyle
  2
Dim
 70
    11
 71
     2
 72
     2
 73
     0
 90
        0
 40
-0.6
 41
-30.0
 62
     5
 63
     7
 74
     1
 91
        4
 64
     7
 65
   257
 75
     1
175
     1
 42
1.0
 92
        8
 66
     7
 43
1.0
 76
     1
 77
     6
 78
     2
 67
     7
 79
     5
170
     0
171
     0
290
     0
174
     0
 93
        1
 44
-50.0
173
     0
291
     1
 45
0.0
1001
ACAD
1000
AcDbSavedByObjectVersion
1070
     0
  0
VISUALSTYLE
  5
39
102
{ACAD_REACTORS
330
2A
102
}
102
{ACAD_XDICTIONARY
360
28FB
102
}
330
2A
100
AcDbVisualStyle
  2
Facepattern
 70
    15
 71
     2
 72
     2
 73
     0
 90
        0
 40
-0.6
 41
-30.0
 62
     5
 63
     7
 74
     1
 91
        4
 64
     7
 65
   257
 75
     1
175
     1
 42
1.0
 92
        8
 66
     7
 43
1.0
 76
     1
 77
     6
 78
     2
 67
     7
 79
     5
170
     0
171
     0
290
     0
174
     0
 93
        1
 44
0.0
173
     0
291
     1
 45
0.0
1001
ACAD
1000
AcDbSavedByObjectVersion
1070
     0
  0
VISUALSTYLE
  5
2B
102
{ACAD_REACTORS
330
2A
102
}
102
{ACAD_XDICTIONARY
360
28DF
102
}
330
2A
100
AcDbVisualStyle
  2
Flat
 70
     0
 71
     2
 72
     1
 73
     1
 90
        2
 40
-0.6
 41
30.0
 62
     5
 63
     7
 74
     0
 91
        4
 64
     7
 65
   257
 75
     1
175
     1
 42
1.0
 92
        8
 66
     7
 43
1.0
 76
     1
 77
     6
 78
     2
 67
     7
 79
     5
170
     0
171
     0
290
     0
174
     0
 93
       13
 44
0.0
173
     0
291
     1
 45
0.0
1001
ACAD
1000
AcDbSavedByObjectVersion
1070
     0
  0
VISUALSTYLE
  5
2C
102
{ACAD_REACTORS
330
2A
102
}
102
{ACAD_XDICTIONARY
360
28E1
102
}
330
2A
100
AcDbVisualStyle
  2
FlatWithEdges
 70
     1
 71
     2
 72
     1
 73
     1
 90
        2
 40
-0.6
 41
30.0
 62
     5
 63
     7
 74
     1
 91
        4
 64
     7
 65
   257
 75
     1
175
     1
 42
1.0
 92
        0
 66
   257
 43
1.0
 76
     1
 77
     6
 78
     2
 67
     7
 79
     5
170
     0
171
     0
290
     0
174
     0
 93
       13
 44
0.0
173
     0
291
     1
 45
0.0
1001
ACAD
1000
AcDbSavedByObjectVersion
1070
     0
  0
VISUALSTYLE
  5
2D
102
{ACAD_REACTORS
330
2A
102
}
102
{ACAD_XDICTIONARY
360
28E3
102
}
330
2A
100
AcDbVisualStyle
  2
Gouraud
 70
     2
 71
     2
 72
     2
 73
     1
 90
        2
 40
-0.6
 41
30.0
 62
     5
 63
     7
 74
     0
 91
        4
 64
     7
 65
   257
 75
     1
175
     1
 42
1.0
 92
        0
 66
     7
 43
1.0
 76
     1
 77
     6
 78
     2
 67
     7
 79
     5
170
     0
171
     0
290
     0
174
     0
 93
       13
 44
0.0
173
     0
291
     1
 45
0.0
1001
ACAD
1000
AcDbSavedByObjectVersion
1070
     0
  0
VISUALSTYLE
  5
2E
102
{ACAD_REACTORS
330
2A
102
}
102
{ACAD_XDICTIONARY
360
28E5
102
}
330
2A
100
AcDbVisualStyle
  2
GouraudWithEdges
 70
     3
 71
     2
 72
     2
 73
     1
 90
        2
 40
-0.6
 41
30.0
 62
     5
 63
     7
 74
     1
 91
        4
 64
     7
 65
   257
 75
     1
175
     1
 42
1.0
 92
        0
 66
   257
 43
1.0
 76
     1
 77
     6
 78
     2
 67
     7
 79
     5
170
     0
171
     0
290
     0
174
     0
 93
       13
 44
0.0
173
     0
291
     1
 45
0.0
1001
ACAD
1000
AcDbSavedByObjectVersion
1070
     0
  0
VISUALSTYLE
  5
38
102
{ACAD_REACTORS
330
2A
102
}
102
{ACAD_XDICTIONARY
360
28F9
102
}
330
2A
100
AcDbVisualStyle
  2
Linepattern
 70
    14
 71
     2
 72
     2
 73
     0
 90
        0
 40
-0.6
 41
-30.0
 62
     5
 63
     7
 74
     1
 91
        4
 64
     7
 65
   257
 75
     7
175
     7
 42
1.0
 92
        8
 66
     7
 43
1.0
 76
     1
 77
     6
 78
     2
 67
     7
 79
     5
170
     0
171
     0
290
     0
174
     0
 93
        1
 44
0.0
173
     0
291
     1
 45
0.0
1001
ACAD
1000
AcDbSavedByObjectVersion
1070
     0
  0
VISUALSTYLE
  5
33
102
{ACAD_REACTORS
330
2A
102
}
102
{ACAD_XDICTIONARY
360
28EF
102
}
330
2A
100
AcDbVisualStyle
  2
Realistic
 70
     8
 71
     2
 72
     2
 73
     0
 90
        0
 40
-0.6
 41
-30.0
 62
     5
 63
     7
 74
     1
 91
        0
 64
     7
 65
   257
 75
     1
175
     1
 42
1.0
 92
        8
 66
     8
 43
1.0
 76
     1
 77
     6
 78
     2
 67
     7
 79
     5
170
     0
171
     0
290
     0
174
     0
 93
       13
 44
0.0
173
     0
291
     0
 45
0.0
1001
ACAD
1000
AcDbSavedByObjectVersion
1070
     0
  0
VISUALSTYLE
  5
37
102
{ACAD_REACTORS
330
2A
102
}
102
{ACAD_XDICTIONARY
360
28F7
102
}
330
2A
100
AcDbVisualStyle
  2
Thicken
 70
    13
 71
     2
 72
     2
 73
     0
 90
        0
 40
-0.6
 41
-30.0
 62
     5
 63
     7
 74
     1
 91
        4
 64
     7
 65
   257
 75
     1
175
     1
 42
1.0
 92
       12
 66
     7
 43
1.0
 76
     1
 77
     6
 78
     2
 67
     7
 79
     5
170
     0
171
     0
290
     0
174
     0
 93
        1
 44
0.0
173
     0
291
     1
 45
0.0
1001
ACAD
1000
AcDbSavedByObjectVersion
1070
     0
  0
DICTIONARYVAR
  5
28DC
102
{ACAD_REACTORS
330
28D7
102
}
330
28D7
100
DictionaryVariables
280
     0
  1
1:1
  0
DICTIONARYVAR
  5
28DD
102
{ACAD_REACTORS
330
28D7
102
}
330
28D7
100
DictionaryVariables
280
     0
  1
2
  0
DICTIONARYVAR
  5
28DE
102
{ACAD_REACTORS
330
28D7
102
}
330
28D7
100
DictionaryVariables
280
     0
  1
1
  0
DICTIONARYVAR
  5
28DB
102
{ACAD_REACTORS
330
28D7
102
}
330
28D7
100
DictionaryVariables
280
     0
  1
80.000000
  0
DICTIONARYVAR
  5
28DA
102
{ACAD_REACTORS
330
28D7
102
}
330
28D7
100
DictionaryVariables
280
     0
  1
5.000000
  0
DICTIONARY
  5
2901
330
3D
100
AcDbDictionary
280
     1
281
     1
  3
ACAD_XREC_ROUNDTRIP
360
2902
  0
DICTIONARY
  5
28FF
330
3C
100
AcDbDictionary
280
     1
281
     1
  3
ACAD_XREC_ROUNDTRIP
360
2900
  0
DICTIONARY
  5
2903
330
3E
100
AcDbDictionary
280
     1
281
     1
  3
ACAD_XREC_ROUNDTRIP
360
2904
  0
DICTIONARY
  5
28E7
330
2F
100
AcDbDictionary
280
     1
281
     1
  3
ACAD_XREC_ROUNDTRIP
360
28E8
  0
DICTIONARY
  5
28EB
330
31
100
AcDbDictionary
280
     1
281
     1
  3
ACAD_XREC_ROUNDTRIP
360
28EC
  0
DICTIONARY
  5
28E9
330
30
100
AcDbDictionary
280
     1
281
     1
  3
ACAD_XREC_ROUNDTRIP
360
28EA
  0
DICTIONARY
  5
28ED
330
32
100
AcDbDictionary
280
     1
281
     1
  3
ACAD_XREC_ROUNDTRIP
360
28EE
  0
DICTIONARY
  5
28F5
330
36
100
AcDbDictionary
280
     1
281
     1
  3
ACAD_XREC_ROUNDTRIP
360
28F6
  0
DICTIONARY
  5
28FD
330
3A
100
AcDbDictionary
280
     1
281
     1
  3
ACAD_XREC_ROUNDTRIP
360
28FE
  0
DICTIONARY
  5
28F1
330
34
100
AcDbDictionary
280
     1
281
     1
  3
ACAD_XREC_ROUNDTRIP
360
28F2
  0
DICTIONARY
  5
28F3
330
35
100
AcDbDictionary
280
     1
281
     1
  3
ACAD_XREC_ROUNDTRIP
360
28F4
  0
DICTIONARY
  5
28FB
330
39
100
AcDbDictionary
280
     1
281
     1
  3
ACAD_XREC_ROUNDTRIP
360
28FC
  0
DICTIONARY
  5
28DF
330
2B
100
AcDbDictionary
280
     1
281
     1
  3
ACAD_XREC_ROUNDTRIP
360
28E0
  0
DICTIONARY
  5
28E1
330
2C
100
AcDbDictionary
280
     1
281
     1
  3
ACAD_XREC_ROUNDTRIP
360
28E2
  0
DICTIONARY
  5
28E3
330
2D
100
AcDbDictionary
280
     1
281
     1
  3
ACAD_XREC_ROUNDTRIP
360
28E4
  0
DICTIONARY
  5
28E5
330
2E
100
AcDbDictionary
280
     1
281
     1
  3
ACAD_XREC_ROUNDTRIP
360
28E6
  0
DICTIONARY
  5
28F9
330
38
100
AcDbDictionary
280
     1
281
     1
  3
ACAD_XREC_ROUNDTRIP
360
28FA
  0
DICTIONARY
  5
28EF
330
33
100
AcDbDictionary
280
     1
281
     1
  3
ACAD_XREC_ROUNDTRIP
360
28F0
  0
DICTIONARY
  5
28F7
330
37
100
AcDbDictionary
280
     1
281
     1
  3
ACAD_XREC_ROUNDTRIP
360
28F8
  0
XRECORD
  5
2902
102
{ACAD_REACTORS
330
2901
102
}
330
2901
100
AcDbXrecord
280
     1
102
MATERIAL
148
0.0
149
0.0
149
0.0
 93
        0
 94
      127
282
     0
 72
     1
 77
     1
171
     1
175
     1
179
     1
273
     0
  0
XRECORD
  5
2900
102
{ACAD_REACTORS
330
28FF
102
}
330
28FF
100
AcDbXrecord
280
     1
102
MATERIAL
148
0.0
149
0.0
149
0.0
 93
        0
 94
      127
282
     0
 72
     1
 77
     1
171
     1
175
     1
179
     1
273
     0
  0
XRECORD
  5
2904
102
{ACAD_REACTORS
330
2903
102
}
330
2903
100
AcDbXrecord
280
     1
102
MATERIAL
148
0.0
149
0.0
149
0.0
 93
        0
 94
      127
282
     0
 72
     1
 77
     1
171
     1
175
     1
179
     1
273
     0
  0
XRECORD
  5
28E8
102
{ACAD_REACTORS
330
28E7
102
}
330
28E7
100
AcDbXrecord
280
     1
102
RTVSPropertyOp0
 70
     1
102
RTVSPropertyOp1
 70
     1
102
RTVSPropertyOp2
 70
     1
102
RTVSPropertyOp3
 70
     1
102
RTVSPropertyOp4
 70
     1
102
RTVSPropertyOp5
 70
     1
102
RTVSPropertyOp6
 70
     1
102
RTVSPropertyOp7
 70
     1
102
RTVSPropertyOp8
 70
     1
102
RTVSPropertyOp9
 70
     1
102
RTVSPropertyOp10
 70
     1
102
RTVSPropertyOp11
 70
     1
102
RTVSPropertyOp12
 70
     1
102
RTVSPropertyOp13
 70
     1
102
RTVSPropertyOp14
 70
     1
102
RTVSPropertyOp15
 70
     1
102
RTVSPropertyOp16
 70
     1
102
RTVSPropertyOp17
 70
     1
102
RTVSPropertyOp18
 70
     1
102
RTVSPropertyOp19
 70
     1
102
RTVSPropertyOp20
 70
     1
102
RTVSPropertyOp21
 70
     1
102
RTVSPropertyOp22
 70
     1
102
RTVSPropertyOp23
 70
     1
102
RTVSPropertyOp24
 70
     1
102
RTVSPropertyOp25
 70
     1
102
RTVSPropertyOp26
 70
     1
102
RTVSPropertyOp27
 70
     1
  0
XRECORD
  5
28EC
102
{ACAD_REACTORS
330
28EB
102
}
330
28EB
100
AcDbXrecord
280
     1
102
RTVSPropertyOp0
 70
     1
102
RTVSPropertyOp1
 70
     1
102
RTVSPropertyOp2
 70
     1
102
RTVSPropertyOp3
 70
     1
102
RTVSPropertyOp4
 70
     1
102
RTVSPropertyOp5
 70
     1
102
RTVSPropertyOp6
 70
     1
102
RTVSPropertyOp7
 70
     1
102
RTVSPropertyOp8
 70
     1
102
RTVSPropertyOp9
 70
     1
102
RTVSPropertyOp10
 70
     1
102
RTVSPropertyOp11
 70
     1
102
RTVSPropertyOp12
 70
     1
102
RTVSPropertyOp13
 70
     1
102
RTVSPropertyOp14
 70
     1
102
RTVSPropertyOp15
 70
     1
102
RTVSPropertyOp16
 70
     1
102
RTVSPropertyOp17
 70
     1
102
RTVSPropertyOp18
 70
     1
102
RTVSPropertyOp19
 70
     1
102
RTVSPropertyOp20
 70
     1
102
RTVSPropertyOp21
 70
     1
102
RTVSPropertyOp22
 70
     1
102
RTVSPropertyOp23
 70
     1
102
RTVSPropertyOp24
 70
     1
102
RTVSPropertyOp25
 70
     1
102
RTVSPropertyOp26
 70
     1
102
RTVSPropertyOp27
 70
     1
  0
XRECORD
  5
28EA
102
{ACAD_REACTORS
330
28E9
102
}
330
28E9
100
AcDbXrecord
280
     1
102
RTVSPropertyOp0
 70
     1
102
RTVSPropertyOp1
 70
     1
102
RTVSPropertyOp2
 70
     1
102
RTVSPropertyOp3
 70
     1
102
RTVSPropertyOp4
 70
     1
102
RTVSPropertyOp5
 70
     1
102
RTVSPropertyOp6
 70
     1
102
RTVSPropertyOp7
 70
     1
102
RTVSPropertyOp8
 70
     1
102
RTVSPropertyOp9
 70
     1
102
RTVSPropertyOp10
 70
     1
102
RTVSPropertyOp11
 70
     1
102
RTVSPropertyOp12
 70
     1
102
RTVSPropertyOp13
 70
     1
102
RTVSPropertyOp14
 70
     1
102
RTVSPropertyOp15
 70
     1
102
RTVSPropertyOp16
 70
     1
102
RTVSPropertyOp17
 70
     1
102
RTVSPropertyOp18
 70
     1
102
RTVSPropertyOp19
 70
     1
102
RTVSPropertyOp20
 70
     1
102
RTVSPropertyOp21
 70
     1
102
RTVSPropertyOp22
 70
     1
102
RTVSPropertyOp23
 70
     1
102
RTVSPropertyOp24
 70
     1
102
RTVSPropertyOp25
 70
     1
102
RTVSPropertyOp26
 70
     1
102
RTVSPropertyOp27
 70
     1
  0
XRECORD
  5
28EE
102
{ACAD_REACTORS
330
28ED
102
}
330
28ED
100
AcDbXrecord
280
     1
102
RTVSPropertyOp0
 70
     1
102
RTVSPropertyOp1
 70
     1
102
RTVSPropertyOp2
 70
     1
102
RTVSPropertyOp3
 70
     1
102
RTVSPropertyOp4
 70
     1
102
RTVSPropertyOp5
 70
     1
102
RTVSPropertyOp6
 70
     1
102
RTVSPropertyOp7
 70
     1
102
RTVSPropertyOp8
 70
     1
102
RTVSPropertyOp9
 70
     1
102
RTVSPropertyOp10
 70
     1
102
RTVSPropertyOp11
 70
     1
102
RTVSPropertyOp12
 70
     1
102
RTVSPropertyOp13
 70
     1
102
RTVSPropertyOp14
 70
     1
102
RTVSPropertyOp15
 70
     1
102
RTVSPropertyOp16
 70
     1
102
RTVSPropertyOp17
 70
     1
102
RTVSPropertyOp18
 70
     1
102
RTVSPropertyOp19
 70
     1
102
RTVSPropertyOp20
 70
     1
102
RTVSPropertyOp21
 70
     1
102
RTVSPropertyOp22
 70
     1
102
RTVSPropertyOp23
 70
     1
102
RTVSPropertyOp24
 70
     1
102
RTVSPropertyOp25
 70
     1
102
RTVSPropertyOp26
 70
     1
102
RTVSPropertyOp27
 70
     1
  0
XRECORD
  5
28F6
102
{ACAD_REACTORS
330
28F5
102
}
330
28F5
100
AcDbXrecord
280
     1
102
RTVSPropertyOp0
 70
     1
102
RTVSPropertyOp1
 70
     1
102
RTVSPropertyOp2
 70
     1
102
RTVSPropertyOp3
 70
     1
102
RTVSPropertyOp4
 70
     1
102
RTVSPropertyOp5
 70
     1
102
RTVSPropertyOp6
 70
     1
102
RTVSPropertyOp7
 70
     1
102
RTVSPropertyOp8
 70
     1
102
RTVSPropertyOp9
 70
     1
102
RTVSPropertyOp10
 70
     1
102
RTVSPropertyOp11
 70
     1
102
RTVSPropertyOp12
 70
     1
102
RTVSPropertyOp13
 70
     1
102
RTVSPropertyOp14
 70
     1
102
RTVSPropertyOp15
 70
     1
102
RTVSPropertyOp16
 70
     1
102
RTVSPropertyOp17
 70
     1
102
RTVSPropertyOp18
 70
     1
102
RTVSPropertyOp19
 70
     1
102
RTVSPropertyOp20
 70
     1
102
RTVSPropertyOp21
 70
     1
102
RTVSPropertyOp22
 70
     1
102
RTVSPropertyOp23
 70
     1
102
RTVSPropertyOp24
 70
     1
102
RTVSPropertyOp25
 70
     1
102
RTVSPropertyOp26
 70
     1
102
RTVSPropertyOp27
 70
     1
  0
XRECORD
  5
28FE
102
{ACAD_REACTORS
330
28FD
102
}
330
28FD
100
AcDbXrecord
280
     1
102
RTVSPropertyOp0
 70
     1
102
RTVSPropertyOp1
 70
     1
102
RTVSPropertyOp2
 70
     1
102
RTVSPropertyOp3
 70
     1
102
RTVSPropertyOp4
 70
     1
102
RTVSPropertyOp5
 70
     1
102
RTVSPropertyOp6
 70
     1
102
RTVSPropertyOp7
 70
     1
102
RTVSPropertyOp8
 70
     1
102
RTVSPropertyOp9
 70
     1
102
RTVSPropertyOp10
 70
     1
102
RTVSPropertyOp11
 70
     1
102
RTVSPropertyOp12
 70
     1
102
RTVSPropertyOp13
 70
     1
102
RTVSPropertyOp14
 70
     1
102
RTVSPropertyOp15
 70
     1
102
RTVSPropertyOp16
 70
     1
102
RTVSPropertyOp17
 70
     1
102
RTVSPropertyOp18
 70
     1
102
RTVSPropertyOp19
 70
     1
102
RTVSPropertyOp20
 70
     1
102
RTVSPropertyOp21
 70
     1
102
RTVSPropertyOp22
 70
     1
102
RTVSPropertyOp23
 70
     1
102
RTVSPropertyOp24
 70
     1
102
RTVSPropertyOp25
 70
     1
102
RTVSPropertyOp26
 70
     1
102
RTVSPropertyOp27
 70
     1
  0
XRECORD
  5
28F2
102
{ACAD_REACTORS
330
28F1
102
}
330
28F1
100
AcDbXrecord
280
     1
102
RTVSPropertyOp0
 70
     1
102
RTVSPropertyOp1
 70
     1
102
RTVSPropertyOp2
 70
     1
102
RTVSPropertyOp3
 70
     1
102
RTVSPropertyOp4
 70
     1
102
RTVSPropertyOp5
 70
     1
102
RTVSPropertyOp6
 70
     1
102
RTVSPropertyOp7
 70
     1
102
RTVSPropertyOp8
 70
     1
102
RTVSPropertyOp9
 70
     1
102
RTVSPropertyOp10
 70
     1
102
RTVSPropertyOp11
 70
     1
102
RTVSPropertyOp12
 70
     1
102
RTVSPropertyOp13
 70
     1
102
RTVSPropertyOp14
 70
     1
102
RTVSPropertyOp15
 70
     1
102
RTVSPropertyOp16
 70
     1
102
RTVSPropertyOp17
 70
     1
102
RTVSPropertyOp18
 70
     1
102
RTVSPropertyOp19
 70
     1
102
RTVSPropertyOp20
 70
     1
102
RTVSPropertyOp21
 70
     1
102
RTVSPropertyOp22
 70
     1
102
RTVSPropertyOp23
 70
     1
102
RTVSPropertyOp24
 70
     1
102
RTVSPropertyOp25
 70
     1
102
RTVSPropertyOp26
 70
     1
102
RTVSPropertyOp27
 70
     1
  0
XRECORD
  5
28F4
102
{ACAD_REACTORS
330
28F3
102
}
330
28F3
100
AcDbXrecord
280
     1
102
RTVSPropertyOp0
 70
     1
102
RTVSPropertyOp1
 70
     1
102
RTVSPropertyOp2
 70
     1
102
RTVSPropertyOp3
 70
     1
102
RTVSPropertyOp4
 70
     1
102
RTVSPropertyOp5
 70
     1
102
RTVSPropertyOp6
 70
     1
102
RTVSPropertyOp7
 70
     1
102
RTVSPropertyOp8
 70
     1
102
RTVSPropertyOp9
 70
     1
102
RTVSPropertyOp10
 70
     1
102
RTVSPropertyOp11
 70
     1
102
RTVSPropertyOp12
 70
     1
102
RTVSPropertyOp13
 70
     1
102
RTVSPropertyOp14
 70
     1
102
RTVSPropertyOp15
 70
     1
102
RTVSPropertyOp16
 70
     1
102
RTVSPropertyOp17
 70
     1
102
RTVSPropertyOp18
 70
     1
102
RTVSPropertyOp19
 70
     1
102
RTVSPropertyOp20
 70
     1
102
RTVSPropertyOp21
 70
     1
102
RTVSPropertyOp22
 70
     1
102
RTVSPropertyOp23
 70
     1
102
RTVSPropertyOp24
 70
     1
102
RTVSPropertyOp25
 70
     1
102
RTVSPropertyOp26
 70
     1
102
RTVSPropertyOp27
 70
     1
  0
XRECORD
  5
28FC
102
{ACAD_REACTORS
330
28FB
102
}
330
28FB
100
AcDbXrecord
280
     1
102
RTVSPropertyOp0
 70
     1
102
RTVSPropertyOp1
 70
     1
102
RTVSPropertyOp2
 70
     1
102
RTVSPropertyOp3
 70
     1
102
RTVSPropertyOp4
 70
     1
102
RTVSPropertyOp5
 70
     1
102
RTVSPropertyOp6
 70
     1
102
RTVSPropertyOp7
 70
     1
102
RTVSPropertyOp8
 70
     1
102
RTVSPropertyOp9
 70
     1
102
RTVSPropertyOp10
 70
     1
102
RTVSPropertyOp11
 70
     1
102
RTVSPropertyOp12
 70
     1
102
RTVSPropertyOp13
 70
     1
102
RTVSPropertyOp14
 70
     1
102
RTVSPropertyOp15
 70
     1
102
RTVSPropertyOp16
 70
     1
102
RTVSPropertyOp17
 70
     1
102
RTVSPropertyOp18
 70
     1
102
RTVSPropertyOp19
 70
     1
102
RTVSPropertyOp20
 70
     1
102
RTVSPropertyOp21
 70
     1
102
RTVSPropertyOp22
 70
     1
102
RTVSPropertyOp23
 70
     1
102
RTVSPropertyOp24
 70
     1
102
RTVSPropertyOp25
 70
     1
102
RTVSPropertyOp26
 70
     1
102
RTVSPropertyOp27
 70
     1
  0
XRECORD
  5
28E0
102
{ACAD_REACTORS
330
28DF
102
}
330
28DF
100
AcDbXrecord
280
     1
102
RTVSPropertyOp0
 70
     1
102
RTVSPropertyOp1
 70
     1
102
RTVSPropertyOp2
 70
     1
102
RTVSPropertyOp3
 70
     1
102
RTVSPropertyOp4
 70
     1
102
RTVSPropertyOp5
 70
     1
102
RTVSPropertyOp6
 70
     1
102
RTVSPropertyOp7
 70
     1
102
RTVSPropertyOp8
 70
     1
102
RTVSPropertyOp9
 70
     1
102
RTVSPropertyOp10
 70
     1
102
RTVSPropertyOp11
 70
     1
102
RTVSPropertyOp12
 70
     1
102
RTVSPropertyOp13
 70
     1
102
RTVSPropertyOp14
 70
     1
102
RTVSPropertyOp15
 70
     1
102
RTVSPropertyOp16
 70
     1
102
RTVSPropertyOp17
 70
     1
102
RTVSPropertyOp18
 70
     1
102
RTVSPropertyOp19
 70
     1
102
RTVSPropertyOp20
 70
     1
102
RTVSPropertyOp21
 70
     1
102
RTVSPropertyOp22
 70
     1
102
RTVSPropertyOp23
 70
     1
102
RTVSPropertyOp24
 70
     1
102
RTVSPropertyOp25
 70
     1
102
RTVSPropertyOp26
 70
     1
102
RTVSPropertyOp27
 70
     1
  0
XRECORD
  5
28E2
102
{ACAD_REACTORS
330
28E1
102
}
330
28E1
100
AcDbXrecord
280
     1
102
RTVSPropertyOp0
 70
     1
102
RTVSPropertyOp1
 70
     1
102
RTVSPropertyOp2
 70
     1
102
RTVSPropertyOp3
 70
     1
102
RTVSPropertyOp4
 70
     1
102
RTVSPropertyOp5
 70
     1
102
RTVSPropertyOp6
 70
     1
102
RTVSPropertyOp7
 70
     1
102
RTVSPropertyOp8
 70
     1
102
RTVSPropertyOp9
 70
     1
102
RTVSPropertyOp10
 70
     1
102
RTVSPropertyOp11
 70
     1
102
RTVSPropertyOp12
 70
     1
102
RTVSPropertyOp13
 70
     1
102
RTVSPropertyOp14
 70
     1
102
RTVSPropertyOp15
 70
     1
102
RTVSPropertyOp16
 70
     1
102
RTVSPropertyOp17
 70
     1
102
RTVSPropertyOp18
 70
     1
102
RTVSPropertyOp19
 70
     1
102
RTVSPropertyOp20
 70
     1
102
RTVSPropertyOp21
 70
     1
102
RTVSPropertyOp22
 70
     1
102
RTVSPropertyOp23
 70
     1
102
RTVSPropertyOp24
 70
     1
102
RTVSPropertyOp25
 70
     1
102
RTVSPropertyOp26
 70
     1
102
RTVSPropertyOp27
 70
     1
  0
XRECORD
  5
28E4
102
{ACAD_REACTORS
330
28E3
102
}
330
28E3
100
AcDbXrecord
280
     1
102
RTVSPropertyOp0
 70
     1
102
RTVSPropertyOp1
 70
     1
102
RTVSPropertyOp2
 70
     1
102
RTVSPropertyOp3
 70
     1
102
RTVSPropertyOp4
 70
     1
102
RTVSPropertyOp5
 70
     1
102
RTVSPropertyOp6
 70
     1
102
RTVSPropertyOp7
 70
     1
102
RTVSPropertyOp8
 70
     1
102
RTVSPropertyOp9
 70
     1
102
RTVSPropertyOp10
 70
     1
102
RTVSPropertyOp11
 70
     1
102
RTVSPropertyOp12
 70
     1
102
RTVSPropertyOp13
 70
     1
102
RTVSPropertyOp14
 70
     1
102
RTVSPropertyOp15
 70
     1
102
RTVSPropertyOp16
 70
     1
102
RTVSPropertyOp17
 70
     1
102
RTVSPropertyOp18
 70
     1
102
RTVSPropertyOp19
 70
     1
102
RTVSPropertyOp20
 70
     1
102
RTVSPropertyOp21
 70
     1
102
RTVSPropertyOp22
 70
     1
102
RTVSPropertyOp23
 70
     1
102
RTVSPropertyOp24
 70
     1
102
RTVSPropertyOp25
 70
     1
102
RTVSPropertyOp26
 70
     1
102
RTVSPropertyOp27
 70
     1
  0
XRECORD
  5
28E6
102
{ACAD_REACTORS
330
28E5
102
}
330
28E5
100
AcDbXrecord
280
     1
102
RTVSPropertyOp0
 70
     1
102
RTVSPropertyOp1
 70
     1
102
RTVSPropertyOp2
 70
     1
102
RTVSPropertyOp3
 70
     1
102
RTVSPropertyOp4
 70
     1
102
RTVSPropertyOp5
 70
     1
102
RTVSPropertyOp6
 70
     1
102
RTVSPropertyOp7
 70
     1
102
RTVSPropertyOp8
 70
     1
102
RTVSPropertyOp9
 70
     1
102
RTVSPropertyOp10
 70
     1
102
RTVSPropertyOp11
 70
     1
102
RTVSPropertyOp12
 70
     1
102
RTVSPropertyOp13
 70
     1
102
RTVSPropertyOp14
 70
     1
102
RTVSPropertyOp15
 70
     1
102
RTVSPropertyOp16
 70
     1
102
RTVSPropertyOp17
 70
     1
102
RTVSPropertyOp18
 70
     1
102
RTVSPropertyOp19
 70
     1
102
RTVSPropertyOp20
 70
     1
102
RTVSPropertyOp21
 70
     1
102
RTVSPropertyOp22
 70
     1
102
RTVSPropertyOp23
 70
     1
102
RTVSPropertyOp24
 70
     1
102
RTVSPropertyOp25
 70
     1
102
RTVSPropertyOp26
 70
     1
102
RTVSPropertyOp27
 70
     1
  0
XRECORD
  5
28FA
102
{ACAD_REACTORS
330
28F9
102
}
330
28F9
100
AcDbXrecord
280
     1
102
RTVSPropertyOp0
 70
     1
102
RTVSPropertyOp1
 70
     1
102
RTVSPropertyOp2
 70
     1
102
RTVSPropertyOp3
 70
     1
102
RTVSPropertyOp4
 70
     1
102
RTVSPropertyOp5
 70
     1
102
RTVSPropertyOp6
 70
     1
102
RTVSPropertyOp7
 70
     1
102
RTVSPropertyOp8
 70
     1
102
RTVSPropertyOp9
 70
     1
102
RTVSPropertyOp10
 70
     1
102
RTVSPropertyOp11
 70
     1
102
RTVSPropertyOp12
 70
     1
102
RTVSPropertyOp13
 70
     1
102
RTVSPropertyOp14
 70
     1
102
RTVSPropertyOp15
 70
     1
102
RTVSPropertyOp16
 70
     1
102
RTVSPropertyOp17
 70
     1
102
RTVSPropertyOp18
 70
     1
102
RTVSPropertyOp19
 70
     1
102
RTVSPropertyOp20
 70
     1
102
RTVSPropertyOp21
 70
     1
102
RTVSPropertyOp22
 70
     1
102
RTVSPropertyOp23
 70
     1
102
RTVSPropertyOp24
 70
     1
102
RTVSPropertyOp25
 70
     1
102
RTVSPropertyOp26
 70
     1
102
RTVSPropertyOp27
 70
     1
  0
XRECORD
  5
28F0
102
{ACAD_REACTORS
330
28EF
102
}
330
28EF
100
AcDbXrecord
280
     1
102
RTVSPropertyOp0
 70
     1
102
RTVSPropertyOp1
 70
     1
102
RTVSPropertyOp2
 70
     1
102
RTVSPropertyOp3
 70
     1
102
RTVSPropertyOp4
 70
     1
102
RTVSPropertyOp5
 70
     1
102
RTVSPropertyOp6
 70
     1
102
RTVSPropertyOp7
 70
     1
102
RTVSPropertyOp8
 70
     1
102
RTVSPropertyOp9
 70
     1
102
RTVSPropertyOp10
 70
     1
102
RTVSPropertyOp11
 70
     1
102
RTVSPropertyOp12
 70
     1
102
RTVSPropertyOp13
 70
     1
102
RTVSPropertyOp14
 70
     1
102
RTVSPropertyOp15
 70
     1
102
RTVSPropertyOp16
 70
     1
102
RTVSPropertyOp17
 70
     1
102
RTVSPropertyOp18
 70
     1
102
RTVSPropertyOp19
 70
     1
102
RTVSPropertyOp20
 70
     1
102
RTVSPropertyOp21
 70
     1
102
RTVSPropertyOp22
 70
     1
102
RTVSPropertyOp23
 70
     1
102
RTVSPropertyOp24
 70
     1
102
RTVSPropertyOp25
 70
     1
102
RTVSPropertyOp26
 70
     1
102
RTVSPropertyOp27
 70
     1
  0
XRECORD
  5
28F8
102
{ACAD_REACTORS
330
28F7
102
}
330
28F7
100
AcDbXrecord
280
     1
102
RTVSPropertyOp0
 70
     1
102
RTVSPropertyOp1
 70
     1
102
RTVSPropertyOp2
 70
     1
102
RTVSPropertyOp3
 70
     1
102
RTVSPropertyOp4
 70
     1
102
RTVSPropertyOp5
 70
     1
102
RTVSPropertyOp6
 70
     1
102
RTVSPropertyOp7
 70
     1
102
RTVSPropertyOp8
 70
     1
102
RTVSPropertyOp9
 70
     1
102
RTVSPropertyOp10
 70
     1
102
RTVSPropertyOp11
 70
     1
102
RTVSPropertyOp12
 70
     1
102
RTVSPropertyOp13
 70
     1
102
RTVSPropertyOp14
 70
     1
102
RTVSPropertyOp15
 70
     1
102
RTVSPropertyOp16
 70
     1
102
RTVSPropertyOp17
 70
     1
102
RTVSPropertyOp18
 70
     1
102
RTVSPropertyOp19
 70
     1
102
RTVSPropertyOp20
 70
     1
102
RTVSPropertyOp21
 70
     1
102
RTVSPropertyOp22
 70
     1
102
RTVSPropertyOp23
 70
     1
102
RTVSPropertyOp24
 70
     1
102
RTVSPropertyOp25
 70
     1
102
RTVSPropertyOp26
 70
     1
102
RTVSPropertyOp27
 70
     1
  0
ENDSEC
  0
EOF
