  0
SECTION
  2
HEADER
  9
$ACADVER
  1
AC1015
  9
$ACADMAINTVER
 70
     6
  9
$DWGCODEPAGE
  3
ANSI_1252
  9
$INSBASE
 10
0.0
 20
0.0
 30
0.0
  9
$EXTMIN
 10
0.0
 20
0.0
 30
0.0
  9
$EXTMAX
 10
25.0
 20
35.0
 30
0.0
  9
$LIMMIN
 10
0.0
 20
0.0
  9
$LIMMAX
 10
420.0
 20
297.0
  9
$ORTHOMODE
 70
     0
  9
$REGENMODE
 70
     1
  9
$FILLMODE
 70
     1
  9
$QTEXTMODE
 70
     0
  9
$MIRRTEXT
 70
     1
  9
$LTSCALE
 40
5.3
  9
$ATTMODE
 70
     1
  9
$TEXTSIZE
 40
2.5
  9
$TRACEWID
 40
1.0
  9
$TEXTSTYLE
  7
Standard
  9
$CLAYER
  8
0
  9
$CELTYPE
  6
ByLayer
  9
$CECOLOR
 62
   256
  9
$CELTSCALE
 40
1.0
  9
$DISPSILH
 70
     0
  9
$DIMSCALE
 40
1.0
  9
$DIMASZ
 40
2.5
  9
$DIMEXO
 40
0.625
  9
$DIMDLI
 40
3.75
  9
$DIMRND
 40
0.0
  9
$DIMDLE
 40
0.0
  9
$DIMEXE
 40
1.25
  9
$DIMTP
 40
0.0
  9
$DIMTM
 40
0.0
  9
$DIMTXT
 40
2.5
  9
$DIMCEN
 40
2.5
  9
$DIMTSZ
 40
0.0
  9
$DIMTOL
 70
     0
  9
$DIMLIM
 70
     0
  9
$DIMTIH
 70
     0
  9
$DIMTOH
 70
     0
  9
$DIMSE1
 70
     0
  9
$DIMSE2
 70
     0
  9
$DIMTAD
 70
     1
  9
$DIMZIN
 70
     8
  9
$DIMBLK
  1

  9
$DIMASO
 70
     1
  9
$DIMSHO
 70
     1
  9
$DIMPOST
  1

  9
$DIMAPOST
  1

  9
$DIMALT
 70
     0
  9
$DIMALTD
 70
     3
  9
$DIMALTF
 40
0.03937007874016
  9
$DIMLFAC
 40
1.0
  9
$DIMTOFL
 70
     1
  9
$DIMTVP
 40
0.0
  9
$DIMTIX
 70
     0
  9
$DIMSOXD
 70
     0
  9
$DIMSAH
 70
     0
  9
$DIMBLK1
  1

  9
$DIMBLK2
  1

  9
$DIMSTYLE
  2
ISO-25
  9
$DIMCLRD
 70
     0
  9
$DIMCLRE
 70
     0
  9
$DIMCLRT
 70
     0
  9
$DIMTFAC
 40
1.0
  9
$DIMGAP
 40
0.625
  9
$DIMJUST
 70
     0
  9
$DIMSD1
 70
     0
  9
$DIMSD2
 70
     0
  9
$DIMTOLJ
 70
     0
  9
$DIMTZIN
 70
     8
  9
$DIMALTZ
 70
     0
  9
$DIMALTTZ
 70
     0
  9
$DIMUPT
 70
     0
  9
$DIMDEC
 70
     2
  9
$DIMTDEC
 70
     2
  9
$DIMALTU
 70
     2
  9
$DIMALTTD
 70
     3
  9
$DIMTXSTY
  7
Standard
  9
$DIMAUNIT
 70
     0
  9
$DIMADEC
 70
     0
  9
$DIMALTRND
 40
0.0
  9
$DIMAZIN
 70
     0
  9
$DIMDSEP
 70
    44
  9
$DIMATFIT
 70
     3
  9
$DIMFRAC
 70
     0
  9
$DIMLDRBLK
  1

  9
$DIMLUNIT
 70
     2
  9
$DIMLWD
 70
    -2
  9
$DIMLWE
 70
    -2
  9
$DIMTMOVE
 70
     0
  9
$LUNITS
 70
     2
  9
$LUPREC
 70
     4
  9
$SKETCHINC
 40
1.0
  9
$FILLETRAD
 40
10.0
  9
$AUNITS
 70
     0
  9
$AUPREC
 70
     0
  9
$MENU
  1
.
  9
$ELEVATION
 40
0.0
  9
$PELEVATION
 40
0.0
  9
$THICKNESS
 40
0.0
  9
$LIMCHECK
 70
     0
  9
$CHAMFERA
 40
10.0
  9
$CHAMFERB
 40
10.0
  9
$CHAMFERC
 40
20.0
  9
$CHAMFERD
 40
0.0
  9
$SKPOLY
 70
     0
  9
$TDCREATE
 40
2458992.108333333
  9
$TDUCREATE
 40
2458992.025
  9
$TDUPDATE
 40
2458992.111805555
  9
$TDUUPDATE
 40
2458992.028472222
  9
$TDINDWG
 40
0.0000000116
  9
$TDUSRTIMER
 40
0.0000000116
  9
$USRTIMER
 70
     1
  9
$ANGBASE
 50
0.0
  9
$ANGDIR
 70
     0
  9
$PDMODE
 70
     0
  9
$PDSIZE
 40
0.0
  9
$PLINEWID
 40
0.0
  9
$SPLFRAME
 70
     0
  9
$SPLINETYPE
 70
     6
  9
$SPLINESEGS
 70
     8
  9
$HANDSEED
  5
2A71
  9
$SURFTAB1
 70
     6
  9
$SURFTAB2
 70
     6
  9
$SURFTYPE
 70
     6
  9
$SURFU
 70
     6
  9
$SURFV
 70
     6
  9
$UCSBASE
  2

  9
$UCSNAME
  2

  9
$UCSORG
 10
0.0
 20
0.0
 30
0.0
  9
$UCSXDIR
 10
1.0
 20
0.0
 30
0.0
  9
$UCSYDIR
 10
0.0
 20
1.0
 30
0.0
  9
$UCSORTHOREF
  2

  9
$UCSORTHOVIEW
 70
     0
  9
$UCSORGTOP
 10
0.0
 20
0.0
 30
0.0
  9
$UCSORGBOTTOM
 10
0.0
 20
0.0
 30
0.0
  9
$UCSORGLEFT
 10
0.0
 20
0.0
 30
0.0
  9
$UCSORGRIGHT
 10
0.0
 20
0.0
 30
0.0
  9
$UCSORGFRONT
 10
0.0
 20
0.0
 30
0.0
  9
$UCSORGBACK
 10
0.0
 20
0.0
 30
0.0
  9
$PUCSBASE
  2

  9
$PUCSNAME
  2

  9
$PUCSORG
 10
0.0
 20
0.0
 30
0.0
  9
$PUCSXDIR
 10
1.0
 20
0.0
 30
0.0
  9
$PUCSYDIR
 10
0.0
 20
1.0
 30
0.0
  9
$PUCSORTHOREF
  2

  9
$PUCSORTHOVIEW
 70
     0
  9
$PUCSORGTOP
 10
0.0
 20
0.0
 30
0.0
  9
$PUCSORGBOTTOM
 10
0.0
 20
0.0
 30
0.0
  9
$PUCSORGLEFT
 10
0.0
 20
0.0
 30
0.0
  9
$PUCSORGRIGHT
 10
0.0
 20
0.0
 30
0.0
  9
$PUCSORGFRONT
 10
0.0
 20
0.0
 30
0.0
  9
$PUCSORGBACK
 10
0.0
 20
0.0
 30
0.0
  9
$USERI1
 70
     0
  9
$USERI2
 70
     0
  9
$USERI3
 70
     0
  9
$USERI4
 70
     0
  9
$USERI5
 70
     0
  9
$USERR1
 40
0.0
  9
$USERR2
 40
0.0
  9
$USERR3
 40
0.0
  9
$USERR4
 40
0.0
  9
$USERR5
 40
0.0
  9
$WORLDVIEW
 70
     1
  9
$SHADEDGE
 70
     3
  9
$SHADEDIF
 70
    70
  9
$TILEMODE
 70
     1
  9
$MAXACTVP
 70
    64
  9
$PINSBASE
 10
0.0
 20
0.0
 30
0.0
  9
$PLIMCHECK
 70
     0
  9
$PEXTMIN
 10
1.000000000000000E+20
 20
1.000000000000000E+20
 30
1.000000000000000E+20
  9
$PEXTMAX
 10
-1.000000000000000E+20
 20
-1.000000000000000E+20
 30
-1.000000000000000E+20
  9
$PLIMMIN
 10
0.0
 20
0.0
  9
$PLIMMAX
 10
420.0
 20
297.0
  9
$UNITMODE
 70
     0
  9
$VISRETAIN
 70
     1
  9
$PLINEGEN
 70
     0
  9
$PSLTSCALE
 70
     1
  9
$TREEDEPTH
 70
  3020
  9
$CMLSTYLE
  2
Standard
  9
$CMLJUST
 70
     0
  9
$CMLSCALE
 40
20.0
  9
$PROXYGRAPHICS
 70
     1
  9
$MEASUREMENT
 70
     1
  9
$CELWEIGHT
370
    -1
  9
$ENDCAPS
280
     0
  9
$JOINSTYLE
280
     0
  9
$LWDISPLAY
290
     0
  9
$INSUNITS
 70
     4
  9
$HYPERLINKBASE
  1

  9
$STYLESHEET
  1

  9
$XEDIT
290
     1
  9
$CEPSNTYPE
380
     0
  9
$PSTYLEMODE
290
     1
  9
$FINGERPRINTGUID
  2
{BA1CAAC1-3876-47C7-AFC6-6B3CDD172539}
  9
$VERSIONGUID
  2
{FAEB1C32-E019-11D5-929B-00C0DF256EC4}
  9
$EXTNAMES
290
     1
  9
$PSVPSCALE
 40
0.0
  9
$OLESTARTUP
290
     0
  0
ENDSEC
  0
SECTION
  2
CLASSES
  0
CLASS
  1
ACDBDICTIONARYWDFLT
  2
AcDbDictionaryWithDefault
  3
ObjectDBX Classes
 90
        0
280
     0
281
     0
  0
CLASS
  1
VISUALSTYLE
  2
AcDbVisualStyle
  3
ObjectDBX Classes
 90
     4095
280
     0
281
     0
  0
CLASS
  1
MATERIAL
  2
AcDbMaterial
  3
ObjectDBX Classes
 90
     1153
280
     0
281
     0
  0
CLASS
  1
SCALE
  2
AcDbScale
  3
ObjectDBX Classes
 90
     1153
280
     0
281
     0
  0
CLASS
  1
DICTIONARYVAR
  2
AcDbDictionaryVar
  3
ObjectDBX Classes
 90
        0
280
     0
281
     0
  0
CLASS
  1
ACDBPLACEHOLDER
  2
AcDbPlaceHolder
  3
ObjectDBX Classes
 90
        0
280
     0
281
     0
  0
CLASS
  1
LAYOUT
  2
AcDbLayout
  3
ObjectDBX Classes
 90
        0
280
     0
281
     0
  0
ENDSEC
  0
SECTION
  2
TABLES
  0
TABLE
  2
VPORT
  5
8
330
0
100
AcDbSymbolTable
 70
     1
  0
VPORT
  5
29
330
8
100
AcDbSymbolTableRecord
100
AcDbViewportTableRecord
  2
*Active
 70
     0
 10
0.0
 20
0.0
 11
1.0
 21
1.0
 12
11.26
 22
4.5
 13
0.0
 23
0.0
 14
10.0
 24
10.0
 15
10.0
 25
10.0
 16
0.0
 26
0.0
 36
1.0
 17
0.0
 27
0.0
 37
0.0
 40
9.0
 41
2.503333333333333
 42
50.0
 43
0.0
 44
0.0
 50
0.0
 51
0.0
 71
     0
 72
   100
 73
     1
 74
     3
 75
     0
 76
     0
 77
     0
 78
     0
281
     0
 65
     1
110
0.0
120
0.0
130
0.0
111
1.0
121
0.0
131
0.0
112
0.0
122
1.0
132
0.0
 79
     0
146
0.0
  0
ENDTAB
  0
TABLE
  2
LTYPE
  5
5
330
0
100
AcDbSymbolTable
 70
     9
  0
LTYPE
  5
14
330
5
100
AcDbSymbolTableRecord
100
AcDbLinetypeTableRecord
  2
ByBlock
 70
     0
  3

 72
    65
 73
     0
 40
0.0
  0
LTYPE
  5
15
330
5
100
AcDbSymbolTableRecord
100
AcDbLinetypeTableRecord
  2
ByLayer
 70
     0
  3

 72
    65
 73
     0
 40
0.0
  0
LTYPE
  5
16
330
5
100
AcDbSymbolTableRecord
100
AcDbLinetypeTableRecord
  2
Continuous
 70
     0
  3
Solid line
 72
    65
 73
     0
 40
0.0
  0
LTYPE
  5
45
330
5
100
AcDbSymbolTableRecord
100
AcDbLinetypeTableRecord
  2
phl_thick
 70
     0
  3
THICK
 72
    65
 73
     0
 40
0.0
  0
LTYPE
  5
123C
330
5
100
AcDbSymbolTableRecord
100
AcDbLinetypeTableRecord
  2
ls1
 70
     0
  3
THICK
 72
    65
 73
     0
 40
0.0
  0
LTYPE
  5
124D
330
5
100
AcDbSymbolTableRecord
100
AcDbLinetypeTableRecord
  2
SK1
 70
     0
  3
THICK
 72
    65
 73
     0
 40
0.0
  0
LTYPE
  5
1256
330
5
100
AcDbSymbolTableRecord
100
AcDbLinetypeTableRecord
  2
NOCUT
 70
     0
  3
THICK
 72
    65
 73
     0
 40
0.0
  0
LTYPE
  5
125B
330
5
100
AcDbSymbolTableRecord
100
AcDbLinetypeTableRecord
  2
ls_SK2
 70
     0
  3
THIN
 72
    65
 73
     0
 40
0.0
  0
LTYPE
  5
1307
330
5
100
AcDbSymbolTableRecord
100
AcDbLinetypeTableRecord
  2
ls_2
 70
     0
  3
THIN
 72
    65
 73
     0
 40
0.0
  0
LTYPE
  5
151F
330
5
100
AcDbSymbolTableRecord
100
AcDbLinetypeTableRecord
  2
ls_SK1
 70
     0
  3
THICK
 72
    65
 73
     0
 40
0.0
  0
LTYPE
  5
1559
330
5
100
AcDbSymbolTableRecord
100
AcDbLinetypeTableRecord
  2
LONGDASH_DASH
 70
     0
  3
THIN_DASHDOT
 72
    65
 73
     4
 40
0.85
 49
0.4
 74
     0
 49
-0.2
 74
     0
 49
0.05
 74
     0
 49
-0.2
 74
     0
  0
ENDTAB
  0
TABLE
  2
LAYER
  5
2
330
0
100
AcDbSymbolTable
 70
     9
  0
LAYER
  5
10
330
2
100
AcDbSymbolTableRecord
100
AcDbLayerTableRecord
  2
0
 70
     0
 62
     7
  6
Continuous
370
    -3
390
F
  0
LAYER
  5
44
330
2
100
AcDbSymbolTableRecord
100
AcDbLayerTableRecord
  2
1
 70
     0
 62
4
  6
CONTINUOUS
370
50
370
    -3
390
F
  0
LAYER
  5
123B
330
2
100
AcDbSymbolTableRecord
100
AcDbLayerTableRecord
  2
CUT
 70
     0
 62
1
  6
CONTINUOUS
370
25
370
    -3
390
F
  0
LAYER
  5
1242
330
2
100
AcDbSymbolTableRecord
100
AcDbLayerTableRecord
  2
NOCUT
 70
     0
 62
7
  6
CONTINUOUS
370
25
370
    -3
390
F
  0
LAYER
  5
124C
330
2
100
AcDbSymbolTableRecord
100
AcDbLayerTableRecord
  2
SK1
 70
     0
 62
4
  6
CONTINUOUS
370
50
370
    -3
390
F
  0
LAYER
  5
125A
330
2
100
AcDbSymbolTableRecord
100
AcDbLayerTableRecord
  2
SK2
 70
     0
 62
7
  6
CONTINUOUS
370
25
370
    -3
390
F
  0
LAYER
  5
1306
330
2
100
AcDbSymbolTableRecord
100
AcDbLayerTableRecord
  2
2
 70
     0
 62
7
  6
CONTINUOUS
370
25
370
    -3
390
F
  0
LAYER
  5
1558
330
2
100
AcDbSymbolTableRecord
100
AcDbLayerTableRecord
  2
4
 70
     0
 62
2
  6
LONGDASH_DASH
370
25
370
    -3
390
F
  0
LAYER
  5
155B
330
2
100
AcDbSymbolTableRecord
100
AcDbLayerTableRecord
  2
SK4
 70
     0
 62
2
  6
LONGDASH_DASH
370
25
370
    -3
390
F
  0
ENDTAB
  0
TABLE
  2
STYLE
  5
3
330
0
100
AcDbSymbolTable
 70
     1
  0
STYLE
  5
11
330
3
100
AcDbSymbolTableRecord
100
AcDbTextStyleTableRecord
  2
Standard
 70
     0
 40
0.0
 41
1.0
 50
0.0
 71
     0
 42
2.5
  3
Monospac821 BT
  4

  0
ENDTAB
  0
TABLE
  2
VIEW
  5
6
330
0
100
AcDbSymbolTable
 70
     0
  0
ENDTAB
  0
TABLE
  2
UCS
  5
7
330
0
100
AcDbSymbolTable
 70
     0
  0
ENDTAB
  0
TABLE
  2
APPID
  5
9
330
0
100
AcDbSymbolTable
 70
     2
  0
APPID
  5
12
330
9
100
AcDbSymbolTableRecord
100
AcDbRegAppTableRecord
  2
ACAD
 70
     0
  0
APPID
  5
3F
330
9
100
AcDbSymbolTableRecord
100
AcDbRegAppTableRecord
  2
ccLab
 70
     0
  0
ENDTAB
  0
TABLE
  2
DIMSTYLE
  5
A
330
0
100
AcDbSymbolTable
 70
     1
100
AcDbDimStyleTable
  0
DIMSTYLE
105
27
330
A
100
AcDbSymbolTableRecord
100
AcDbDimStyleTableRecord
  2
ISO-25
 70
     0
 41
2.5
 42
0.625
 43
3.75
 44
1.25
 73
     0
 74
     0
 77
     1
 78
     8
140
2.5
141
2.5
143
0.03937007874016
147
0.625
171
     3
172
     1
271
     2
272
     2
274
     3
278
    44
283
     0
284
     8
340
11
  0
ENDTAB
  0
TABLE
  2
BLOCK_RECORD
  5
1
330
0
100
AcDbSymbolTable
 70
     2
  0
BLOCK_RECORD
  5
1F
330
1
100
AcDbSymbolTableRecord
100
AcDbBlockTableRecord
  2
*Model_Space
340
22
  0
BLOCK_RECORD
  5
1B
330
1
100
AcDbSymbolTableRecord
100
AcDbBlockTableRecord
  2
*Paper_Space
340
1E
  0
BLOCK_RECORD
  5
23
330
1
100
AcDbSymbolTableRecord
100
AcDbBlockTableRecord
  2
*Paper_Space0
340
26
  0
ENDTAB
  0
ENDSEC
  0
SECTION
  2
BLOCKS
  0
BLOCK
  5
20
330
1F
100
AcDbEntity
  8
0
100
AcDbBlockBegin
  2
*Model_Space
 70
     0
 10
0.0
 20
0.0
 30
0.0
  3
*Model_Space
  1

  0
ENDBLK
  5
21
330
1F
100
AcDbEntity
  8
0
100
AcDbBlockEnd
  0
BLOCK
  5
1C
330
1B
100
AcDbEntity
 67
     1
  8
0
100
AcDbBlockBegin
  2
*Paper_Space
 70
     0
 10
0.0
 20
0.0
 30
0.0
  3
*Paper_Space
  1

  0
ENDBLK
  5
1D
330
1B
100
AcDbEntity
 67
     1
  8
0
100
AcDbBlockEnd
  0
BLOCK
  5
24
330
23
100
AcDbEntity
  8
0
100
AcDbBlockBegin
  2
*Paper_Space0
 70
     0
 10
0.0
 20
0.0
 30
0.0
  3
*Paper_Space0
  1

  0
ENDBLK
  5
25
330
23
100
AcDbEntity
  8
0
100
AcDbBlockEnd
  0
ENDSEC
  0
SECTION
  2
ENTITIES
  0
LINE
  5
155C
330
1F
100
AcDbEntity
  8
1
  6
CONTINUOUS
370
50
 62
4
100
AcDbLine
 10
4.514470999999999
 20
-0.64935
 30
0.0
 11
4.513877
 21
-0.6129319999999999
 31
0.0
  0
LINE
  5
155D
330
1F
100
AcDbEntity
  8
1
  6
CONTINUOUS
370
50
 62
4
100
AcDbLine
 10
4.518479999999999
 20
-0.6853819999999999
 30
0.0
 11
4.514470999999999
 21
-0.64935
 31
0.0
  0
LINE
  5
155E
330
1F
100
AcDbEntity
  8
1
  6
CONTINUOUS
370
50
 62
4
100
AcDbLine
 10
4.525735
 20
-0.720677
 30
0.0
 11
4.518479999999999
 21
-0.6853819999999999
 31
0.0
  0
LINE
  5
155F
330
1F
100
AcDbEntity
  8
1
  6
CONTINUOUS
370
50
 62
4
100
AcDbLine
 10
4.519292
 20
4.49643
 30
0.0
 11
4.513737
 21
4.522315
 31
0.0
  0
LINE
  5
1560
330
1F
100
AcDbEntity
  8
1
  6
CONTINUOUS
370
50
 62
4
100
AcDbLine
 10
4.536061
 20
-0.7552059999999999
 30
0.0
 11
4.525735
 21
-0.720677
 31
0.0
  0
LINE
  5
1561
330
1F
100
AcDbEntity
  8
1
  6
CONTINUOUS
370
50
 62
4
100
AcDbLine
 10
32.375008
 20
-2.526892
 30
0.0
 11
32.316029
 21
-2.332575
 31
0.0
  0
LINE
  5
1562
330
1F
100
AcDbEntity
  8
1
  6
CONTINUOUS
370
50
 62
4
100
AcDbLine
 10
33.625008
 20
-2.720572
 30
0.0
 11
33.566032
 21
-2.526392
 31
0.0
  0
LINE
  5
1563
330
1F
100
AcDbEntity
  8
1
  6
CONTINUOUS
370
50
 62
4
100
AcDbLine
 10
31.12501
 20
-2.325898
 30
0.0
 11
31.066027
 21
-2.131879
 31
0.0
  0
LINE
  5
1564
330
1F
100
AcDbEntity
  8
1
  6
CONTINUOUS
370
50
 62
4
100
AcDbLine
 10
34.875008
 20
-2.90706
 30
0.0
 11
34.816036
 21
-2.713449
 31
0.0
  0
LINE
  5
1565
330
1F
100
AcDbEntity
  8
1
  6
CONTINUOUS
370
50
 62
4
100
AcDbLine
 10
29.87501
 20
-2.117447
 30
0.0
 11
29.816025
 21
-1.924167
 31
0.0
  0
LINE
  5
1566
330
1F
100
AcDbEntity
  8
1
  6
CONTINUOUS
370
50
 62
4
100
AcDbLine
 10
36.125011
 20
-3.086442
 30
0.0
 11
36.066051
 21
-2.893861
 31
0.0
  0
LINE
  5
1567
330
1F
100
AcDbEntity
  8
1
  6
CONTINUOUS
370
50
 62
4
100
AcDbLine
 10
28.62501
 20
-1.901404
 30
0.0
 11
28.566023
 21
-1.709315
 31
0.0
  0
LINE
  5
1568
330
1F
100
AcDbEntity
  8
1
  6
CONTINUOUS
370
50
 62
4
100
AcDbLine
 10
37.375011
 20
-3.263457
 30
0.0
 11
37.316067
 21
-3.071982
 31
0.0
  0
LINE
  5
1569
330
1F
100
AcDbEntity
  8
1
  6
CONTINUOUS
370
50
 62
4
100
AcDbLine
 10
27.37501
 20
-1.67766
 30
0.0
 11
27.316023
 21
-1.487231
 31
0.0
  0
LINE
  5
156A
330
1F
100
AcDbEntity
  8
1
  6
CONTINUOUS
370
50
 62
4
100
AcDbLine
 10
33.566032
 20
-2.526392
 30
0.0
 11
33.505611
 21
-2.332633
 31
0.0
  0
LINE
  5
156B
330
1F
100
AcDbEntity
  8
1
  6
CONTINUOUS
370
50
 62
4
100
AcDbLine
 10
34.816036
 20
-2.713449
 30
0.0
 11
34.755615
 21
-2.519763
 31
0.0
  0
LINE
  5
156C
330
1F
100
AcDbEntity
  8
1
  6
CONTINUOUS
370
50
 62
4
100
AcDbLine
 10
32.316029
 20
-2.332575
 30
0.0
 11
32.255604
 21
-2.139176
 31
0.0
  0
LINE
  5
156D
330
1F
100
AcDbEntity
  8
1
  6
CONTINUOUS
370
50
 62
4
100
AcDbLine
 10
36.066051
 20
-2.893861
 30
0.0
 11
36.005634
 21
-2.700693
 31
0.0
  0
LINE
  5
156E
330
1F
100
AcDbEntity
  8
1
  6
CONTINUOUS
370
50
 62
4
100
AcDbLine
 10
26.12501
 20
-1.446167
 30
0.0
 11
26.066023
 21
-1.257887
 31
0.0
  0
LINE
  5
156F
330
1F
100
AcDbEntity
  8
1
  6
CONTINUOUS
370
50
 62
4
100
AcDbLine
 10
37.316067
 20
-3.071982
 30
0.0
 11
37.255672
 21
-2.879403
 31
0.0
  0
LINE
  5
1570
330
1F
100
AcDbEntity
  8
1
  6
CONTINUOUS
370
50
 62
4
100
AcDbLine
 10
31.066027
 20
-2.131879
 30
0.0
 11
31.0056
 21
-1.939273
 31
0.0
  0
LINE
  5
1571
330
1F
100
AcDbEntity
  8
1
  6
CONTINUOUS
370
50
 62
4
100
AcDbLine
 10
29.816025
 20
-1.924167
 30
0.0
 11
29.755598
 21
-1.732797
 31
0.0
  0
LINE
  5
1572
330
1F
100
AcDbEntity
  8
1
  6
CONTINUOUS
370
50
 62
4
100
AcDbLine
 10
24.87501
 20
-1.206966
 30
0.0
 11
24.81604
 21
-1.021409
 31
0.0
  0
LINE
  5
1573
330
1F
100
AcDbEntity
  8
1
  6
CONTINUOUS
370
50
 62
4
100
AcDbLine
 10
28.566023
 20
-1.709315
 30
0.0
 11
28.505596
 21
-1.519633
 31
0.0
  0
LINE
  5
1574
330
1F
100
AcDbEntity
  8
1
  6
CONTINUOUS
370
50
 62
4
100
AcDbLine
 10
34.755615
 20
-2.519763
 30
0.0
 11
34.693764
 21
-2.326413
 31
0.0
  0
LINE
  5
1575
330
1F
100
AcDbEntity
  8
1
  6
CONTINUOUS
370
50
 62
4
100
AcDbLine
 10
36.005634
 20
-2.700693
 30
0.0
 11
35.943783
 21
-2.507355
 31
0.0
  0
LINE
  5
1576
330
1F
100
AcDbEntity
  8
1
  6
CONTINUOUS
370
50
 62
4
100
AcDbLine
 10
37.255672
 20
-2.879403
 30
0.0
 11
37.193832
 21
-2.686134
 31
0.0
  0
LINE
  5
1577
330
1F
100
AcDbEntity
  8
1
  6
CONTINUOUS
370
50
 62
4
100
AcDbLine
 10
33.505611
 20
-2.332633
 30
0.0
 11
33.443756
 21
-2.139704
 31
0.0
  0
LINE
  5
1578
330
1F
100
AcDbEntity
  8
1
  6
CONTINUOUS
370
50
 62
4
100
AcDbLine
 10
32.255604
 20
-2.139176
 30
0.0
 11
32.193748
 21
-1.9471
 31
0.0
  0
LINE
  5
1579
330
1F
100
AcDbEntity
  8
1
  6
CONTINUOUS
370
50
 62
4
100
AcDbLine
 10
27.316023
 20
-1.487231
 30
0.0
 11
27.255594
 21
-1.299707
 31
0.0
  0
LINE
  5
157A
330
1F
100
AcDbEntity
  8
1
  6
CONTINUOUS
370
50
 62
4
100
AcDbLine
 10
23.62501
 20
-0.964181
 30
0.0
 11
23.577572
 21
-0.8170569999999999
 31
0.0
  0
LINE
  5
157B
330
1F
100
AcDbEntity
  8
1
  6
CONTINUOUS
370
50
 62
4
100
AcDbLine
 10
31.0056
 20
-1.939273
 30
0.0
 11
30.943745
 21
-1.748483
 31
0.0
  0
LINE
  5
157C
330
1F
100
AcDbEntity
  8
1
  6
CONTINUOUS
370
50
 62
4
100
AcDbLine
 10
26.066023
 20
-1.257887
 30
0.0
 11
26.005594
 21
-1.073009
 31
0.0
  0
LINE
  5
157D
330
1F
100
AcDbEntity
  8
1
  6
CONTINUOUS
370
50
 62
4
100
AcDbLine
 10
37.193832
 20
-2.686134
 30
0.0
 11
37.130562
 21
-2.492591
 31
0.0
  0
LINE
  5
157E
330
1F
100
AcDbEntity
  8
1
  6
CONTINUOUS
370
50
 62
4
100
AcDbLine
 10
29.755598
 20
-1.732797
 30
0.0
 11
29.693741
 21
-1.543734
 31
0.0
  0
LINE
  5
157F
330
1F
100
AcDbEntity
  8
1
  6
CONTINUOUS
370
50
 62
4
100
AcDbLine
 10
35.943783
 20
-2.507355
 30
0.0
 11
35.880508
 21
-2.314261
 31
0.0
  0
LINE
  5
1580
330
1F
100
AcDbEntity
  8
1
  6
CONTINUOUS
370
50
 62
4
100
AcDbLine
 10
22.37501
 20
-0.721895
 30
0.0
 11
22.339355
 21
-0.613139
 31
0.0
  0
LINE
  5
1581
330
1F
100
AcDbEntity
  8
1
  6
CONTINUOUS
370
50
 62
4
100
AcDbLine
 10
34.693764
 20
-2.326413
 30
0.0
 11
34.630489
 21
-2.13381
 31
0.0
  0
LINE
  5
1582
330
1F
100
AcDbEntity
  8
1
  6
CONTINUOUS
370
50
 62
4
100
AcDbLine
 10
33.443756
 20
-2.139704
 30
0.0
 11
33.380486
 21
-1.948015
 31
0.0
  0
LINE
  5
1583
330
1F
100
AcDbEntity
  8
1
  6
CONTINUOUS
370
50
 62
4
100
AcDbLine
 10
28.505596
 20
-1.519633
 30
0.0
 11
28.443739
 21
-1.332751
 31
0.0
  0
LINE
  5
1584
330
1F
100
AcDbEntity
  8
1
  6
CONTINUOUS
370
50
 62
4
100
AcDbLine
 10
32.193748
 20
-1.9471
 30
0.0
 11
32.130478
 21
-1.756754
 31
0.0
  0
LINE
  5
1585
330
1F
100
AcDbEntity
  8
1
  6
CONTINUOUS
370
50
 62
4
100
AcDbLine
 10
24.81604
 20
-1.021409
 30
0.0
 11
24.755627
 21
-0.8397549999999999
 31
0.0
  0
LINE
  5
1586
330
1F
100
AcDbEntity
  8
1
  6
CONTINUOUS
370
50
 62
4
100
AcDbLine
 10
12.375005
 20
-3.993483
 30
0.0
 11
12.316007
 21
-3.816249
 31
0.0
  0
LINE
  5
1587
330
1F
100
AcDbEntity
  8
1
  6
CONTINUOUS
370
50
 62
4
100
AcDbLine
 10
21.12501
 20
-0.480072
 30
0.0
 11
21.101213
 21
-0.40884
 31
0.0
  0
LINE
  5
1588
330
1F
100
AcDbEntity
  8
1
  6
CONTINUOUS
370
50
 62
4
100
AcDbLine
 10
12.316007
 20
-3.816249
 30
0.0
 11
12.255528
 21
-3.635418
 31
0.0
  0
LINE
  5
1589
330
1F
100
AcDbEntity
  8
1
  6
CONTINUOUS
370
50
 62
4
100
AcDbLine
 10
37.130562
 20
-2.492591
 30
0.0
 11
37.065872
 21
-2.29919
 31
0.0
  0
LINE
  5
158A
330
1F
100
AcDbEntity
  8
1
  6
CONTINUOUS
370
50
 62
4
100
AcDbLine
 10
23.577572
 20
-0.8170569999999999
 30
0.0
 11
23.529194
 21
-0.672746
 31
0.0
  0
LINE
  5
158B
330
1F
100
AcDbEntity
  8
1
  6
CONTINUOUS
370
50
 62
4
100
AcDbLine
 10
30.943745
 20
-1.748483
 30
0.0
 11
30.880474
 21
-1.559912
 31
0.0
  0
LINE
  5
158C
330
1F
100
AcDbEntity
  8
1
  6
CONTINUOUS
370
50
 62
4
100
AcDbLine
 10
27.255594
 20
-1.299707
 30
0.0
 11
27.193739
 21
-1.115474
 31
0.0
  0
LINE
  5
158D
330
1F
100
AcDbEntity
  8
1
  6
CONTINUOUS
370
50
 62
4
100
AcDbLine
 10
35.880508
 20
-2.314261
 30
0.0
 11
35.815826
 21
-2.121827
 31
0.0
  0
LINE
  5
158E
330
1F
100
AcDbEntity
  8
1
  6
CONTINUOUS
370
50
 62
4
100
AcDbLine
 10
12.255528
 20
-3.635418
 30
0.0
 11
12.193582
 21
-3.451385
 31
0.0
  0
LINE
  5
158F
330
1F
100
AcDbEntity
  8
1
  6
CONTINUOUS
370
50
 62
4
100
AcDbLine
 10
34.630489
 20
-2.13381
 30
0.0
 11
34.565815
 21
-1.942366
 31
0.0
  0
LINE
  5
1590
330
1F
100
AcDbEntity
  8
1
  6
CONTINUOUS
370
50
 62
4
100
AcDbLine
 10
22.339355
 20
-0.613139
 30
0.0
 11
22.303167
 21
-0.506128
 31
0.0
  0
LINE
  5
1591
330
1F
100
AcDbEntity
  8
1
  6
CONTINUOUS
370
50
 62
4
100
AcDbLine
 10
12.193582
 20
-3.451385
 30
0.0
 11
12.130183
 21
-3.264553
 31
0.0
  0
LINE
  5
1592
330
1F
100
AcDbEntity
  8
1
  6
CONTINUOUS
370
50
 62
4
100
AcDbLine
 10
29.693741
 20
-1.543734
 30
0.0
 11
29.63047
 21
-1.357378
 31
0.0
  0
LINE
  5
1593
330
1F
100
AcDbEntity
  8
1
  6
CONTINUOUS
370
50
 62
4
100
AcDbLine
 10
33.380486
 20
-1.948015
 30
0.0
 11
33.315807
 21
-1.757975
 31
0.0
  0
LINE
  5
1594
330
1F
100
AcDbEntity
  8
1
  6
CONTINUOUS
370
50
 62
4
100
AcDbLine
 10
19.87501
 20
-0.23858
 30
0.0
 11
19.863146
 21
-0.203802
 31
0.0
  0
LINE
  5
1595
330
1F
100
AcDbEntity
  8
1
  6
CONTINUOUS
370
50
 62
4
100
AcDbLine
 10
13.62501
 20
-4.121892
 30
0.0
 11
13.566045
 21
-3.949135
 31
0.0
  0
LINE
  5
1596
330
1F
100
AcDbEntity
  8
1
  6
CONTINUOUS
370
50
 62
4
100
AcDbLine
 10
21.101213
 20
-0.40884
 30
0.0
 11
21.077179
 21
-0.338453
 31
0.0
  0
LINE
  5
1597
330
1F
100
AcDbEntity
  8
1
  6
CONTINUOUS
370
50
 62
4
100
AcDbLine
 10
26.005594
 20
-1.073009
 30
0.0
 11
25.943739
 21
-0.891913
 31
0.0
  0
LINE
  5
1598
330
1F
100
AcDbEntity
  8
1
  6
CONTINUOUS
370
50
 62
4
100
AcDbLine
 10
13.566045
 20
-3.949135
 30
0.0
 11
13.505633
 21
-3.772383
 31
0.0
  0
LINE
  5
1599
330
1F
100
AcDbEntity
  8
1
  6
CONTINUOUS
370
50
 62
4
100
AcDbLine
 10
12.130183
 20
-3.264553
 30
0.0
 11
12.065487
 21
-3.075748
 31
0.0
  0
LINE
  5
159A
330
1F
100
AcDbEntity
  8
1
  6
CONTINUOUS
370
50
 62
4
100
AcDbLine
 10
37.065872
 20
-2.29919
 30
0.0
 11
36.999786
 21
-2.106371
 31
0.0
  0
LINE
  5
159B
330
1F
100
AcDbEntity
  8
1
  6
CONTINUOUS
370
50
 62
4
100
AcDbLine
 10
13.505633
 20
-3.772383
 30
0.0
 11
13.443789
 21
-3.592028
 31
0.0
  0
LINE
  5
159C
330
1F
100
AcDbEntity
  8
1
  6
CONTINUOUS
370
50
 62
4
100
AcDbLine
 10
32.130478
 20
-1.756754
 30
0.0
 11
32.065804
 21
-1.568544
 31
0.0
  0
LINE
  5
159D
330
1F
100
AcDbEntity
  8
1
  6
CONTINUOUS
370
50
 62
4
100
AcDbLine
 10
28.443739
 20
-1.332751
 30
0.0
 11
28.380468
 21
-1.149061
 31
0.0
  0
LINE
  5
159E
330
1F
100
AcDbEntity
  8
1
  6
CONTINUOUS
370
50
 62
4
100
AcDbLine
 10
13.443789
 20
-3.592028
 30
0.0
 11
13.38052
 21
-3.408458
 31
0.0
  0
LINE
  5
159F
330
1F
100
AcDbEntity
  8
1
  6
CONTINUOUS
370
50
 62
4
100
AcDbLine
 10
19.863146
 20
-0.203802
 30
0.0
 11
19.851221
 21
-0.169252
 31
0.0
  0
LINE
  5
15A0
330
1F
100
AcDbEntity
  8
1
  6
CONTINUOUS
370
50
 62
4
100
AcDbLine
 10
35.815826
 20
-2.121827
 30
0.0
 11
35.749756
 21
-1.93049
 31
0.0
  0
LINE
  5
15A1
330
1F
100
AcDbEntity
  8
1
  6
CONTINUOUS
370
50
 62
4
100
AcDbLine
 10
12.065487
 20
-3.075748
 30
0.0
 11
11.999588
 21
-2.885612
 31
0.0
  0
LINE
  5
15A2
330
1F
100
AcDbEntity
  8
1
  6
CONTINUOUS
370
50
 62
4
100
AcDbLine
 10
13.38052
 20
-3.408458
 30
0.0
 11
13.315841
 21
-3.222064
 31
0.0
  0
LINE
  5
15A3
330
1F
100
AcDbEntity
  8
1
  6
CONTINUOUS
370
50
 62
4
100
AcDbLine
 10
30.880474
 20
-1.559912
 30
0.0
 11
30.815802
 21
-1.373963
 31
0.0
  0
LINE
  5
15A4
330
1F
100
AcDbEntity
  8
1
  6
CONTINUOUS
370
50
 62
4
100
AcDbLine
 10
34.565815
 20
-1.942366
 30
0.0
 11
34.499752
 21
-1.752511
 31
0.0
  0
LINE
  5
15A5
330
1F
100
AcDbEntity
  8
1
  6
CONTINUOUS
370
50
 62
4
100
AcDbLine
 10
24.755627
 20
-0.8397549999999999
 30
0.0
 11
24.693781
 21
-0.662374
 31
0.0
  0
LINE
  5
15A6
330
1F
100
AcDbEntity
  8
1
  6
CONTINUOUS
370
50
 62
4
100
AcDbLine
 10
23.529194
 20
-0.672746
 30
0.0
 11
23.479879
 21
-0.531435
 31
0.0
  0
LINE
  5
15A7
330
1F
100
AcDbEntity
  8
1
  6
CONTINUOUS
370
50
 62
4
100
AcDbLine
 10
22.303167
 20
-0.506128
 30
0.0
 11
22.266445
 21
-0.400942
 31
0.0
  0
LINE
  5
15A8
330
1F
100
AcDbEntity
  8
1
  6
CONTINUOUS
370
50
 62
4
100
AcDbLine
 10
19.851221
 20
-0.169252
 30
0.0
 11
19.839237
 21
-0.134931
 31
0.0
  0
LINE
  5
15A9
330
1F
100
AcDbEntity
  8
1
  6
CONTINUOUS
370
50
 62
4
100
AcDbLine
 10
21.077179
 20
-0.338453
 30
0.0
 11
21.052904
 21
-0.268935
 31
0.0
  0
LINE
  5
15AA
330
1F
100
AcDbEntity
  8
1
  6
CONTINUOUS
370
50
 62
4
100
AcDbLine
 10
13.315841
 20
-3.222064
 30
0.0
 11
13.249768
 21
-3.033256
 31
0.0
  0
LINE
  5
15AB
330
1F
100
AcDbEntity
  8
1
  6
CONTINUOUS
370
50
 62
4
100
AcDbLine
 10
27.193739
 20
-1.115474
 30
0.0
 11
27.130466
 21
-0.934919
 31
0.0
  0
LINE
  5
15AC
330
1F
100
AcDbEntity
  8
1
  6
CONTINUOUS
370
50
 62
4
100
AcDbLine
 10
14.755603
 20
-3.898959
 30
0.0
 11
14.693748
 21
-3.722616
 31
0.0
  0
LINE
  5
15AD
330
1F
100
AcDbEntity
  8
1
  6
CONTINUOUS
370
50
 62
4
100
AcDbLine
 10
14.816028
 20
-4.071222
 30
0.0
 11
14.755603
 21
-3.898959
 31
0.0
  0
LINE
  5
15AE
330
1F
100
AcDbEntity
  8
1
  6
CONTINUOUS
370
50
 62
4
100
AcDbLine
 10
11.999588
 20
-2.885612
 30
0.0
 11
11.932501
 21
-2.69456
 31
0.0
  0
LINE
  5
15AF
330
1F
100
AcDbEntity
  8
1
  6
CONTINUOUS
370
50
 62
4
100
AcDbLine
 10
14.693748
 20
-3.722616
 30
0.0
 11
14.630478
 21
-3.542578
 31
0.0
  0
LINE
  5
15B0
330
1F
100
AcDbEntity
  8
1
  6
CONTINUOUS
370
50
 62
4
100
AcDbLine
 10
33.315807
 20
-1.757975
 30
0.0
 11
33.249748
 21
-1.570013
 31
0.0
  0
LINE
  5
15B1
330
1F
100
AcDbEntity
  8
1
  6
CONTINUOUS
370
50
 62
4
100
AcDbLine
 10
14.87501
 20
-4.239019
 30
0.0
 11
14.816028
 21
-4.071222
 31
0.0
  0
LINE
  5
15B2
330
1F
100
AcDbEntity
  8
1
  6
CONTINUOUS
370
50
 62
4
100
AcDbLine
 10
36.999786
 20
-2.106371
 30
0.0
 11
36.932499
 21
-1.915109
 31
0.0
  0
LINE
  5
15B3
330
1F
100
AcDbEntity
  8
1
  6
CONTINUOUS
370
50
 62
4
100
AcDbLine
 10
14.630478
 20
-3.542578
 30
0.0
 11
14.565804
 21
-3.359228
 31
0.0
  0
LINE
  5
15B4
330
1F
100
AcDbEntity
  8
1
  6
CONTINUOUS
370
50
 62
4
100
AcDbLine
 10
29.63047
 20
-1.357378
 30
0.0
 11
29.565798
 21
-1.174126
 31
0.0
  0
LINE
  5
15B5
330
1F
100
AcDbEntity
  8
1
  6
CONTINUOUS
370
50
 62
4
100
AcDbLine
 10
19.839237
 20
-0.134931
 30
0.0
 11
19.827192
 21
-0.100842
 31
0.0
  0
LINE
  5
15B6
330
1F
100
AcDbEntity
  8
1
  6
CONTINUOUS
370
50
 62
4
100
AcDbLine
 10
13.249768
 20
-3.033256
 30
0.0
 11
13.182499
 21
-2.842978
 31
0.0
  0
LINE
  5
15B7
330
1F
100
AcDbEntity
  8
1
  6
CONTINUOUS
370
50
 62
4
100
AcDbLine
 10
14.565804
 20
-3.359228
 30
0.0
 11
14.499746
 21
-3.172973
 31
0.0
  0
LINE
  5
15B8
330
1F
100
AcDbEntity
  8
1
  6
CONTINUOUS
370
50
 62
4
100
AcDbLine
 10
35.749756
 20
-1.93049
 30
0.0
 11
35.682499
 21
-1.741202
 31
0.0
  0
LINE
  5
15B9
330
1F
100
AcDbEntity
  8
1
  6
CONTINUOUS
370
50
 62
4
100
AcDbLine
 10
32.065804
 20
-1.568544
 30
0.0
 11
31.999746
 21
-1.382896
 31
0.0
  0
LINE
  5
15BA
330
1F
100
AcDbEntity
  8
1
  6
CONTINUOUS
370
50
 62
4
100
AcDbLine
 10
21.052904
 20
-0.268935
 30
0.0
 11
21.028393
 21
-0.200308
 31
0.0
  0
LINE
  5
15BB
330
1F
100
AcDbEntity
  8
1
  6
CONTINUOUS
370
50
 62
4
100
AcDbLine
 10
14.499746
 20
-3.172973
 30
0.0
 11
14.432499
 21
-2.98473
 31
0.0
  0
LINE
  5
15BC
330
1F
100
AcDbEntity
  8
1
  6
CONTINUOUS
370
50
 62
4
100
AcDbLine
 10
19.827192
 20
-0.100842
 30
0.0
 11
19.815088
 21
-0.066988
 31
0.0
  0
LINE
  5
15BD
330
1F
100
AcDbEntity
  8
1
  6
CONTINUOUS
370
50
 62
4
100
AcDbLine
 10
25.943739
 20
-0.891913
 30
0.0
 11
25.880468
 21
-0.714981
 31
0.0
  0
LINE
  5
15BE
330
1F
100
AcDbEntity
  8
1
  6
CONTINUOUS
370
50
 62
4
100
AcDbLine
 10
34.499752
 20
-1.752511
 30
0.0
 11
34.432499
 21
-1.565183
 31
0.0
  0
LINE
  5
15BF
330
1F
100
AcDbEntity
  8
1
  6
CONTINUOUS
370
50
 62
4
100
AcDbLine
 10
28.380468
 20
-1.149061
 30
0.0
 11
28.315796
 21
-0.968958
 31
0.0
  0
LINE
  5
15C0
330
1F
100
AcDbEntity
  8
1
  6
CONTINUOUS
370
50
 62
4
100
AcDbLine
 10
15.94375
 20
-3.841923
 30
0.0
 11
15.88048
 21
-3.665846
 31
0.0
  0
LINE
  5
15C1
330
1F
100
AcDbEntity
  8
1
  6
CONTINUOUS
370
50
 62
4
100
AcDbLine
 10
15.88048
 20
-3.665846
 30
0.0
 11
15.815805
 21
-3.485974
 31
0.0
  0
LINE
  5
15C2
330
1F
100
AcDbEntity
  8
1
  6
CONTINUOUS
370
50
 62
4
100
AcDbLine
 10
16.005604
 20
-4.013827
 30
0.0
 11
15.94375
 21
-3.841923
 31
0.0
  0
LINE
  5
15C3
330
1F
100
AcDbEntity
  8
1
  6
CONTINUOUS
370
50
 62
4
100
AcDbLine
 10
18.62501
 20
0.00278
 30
0.0
 11
18.566032
 21
0.166594
 31
0.0
  0
LINE
  5
15C4
330
1F
100
AcDbEntity
  8
1
  6
CONTINUOUS
370
50
 62
4
100
AcDbLine
 10
15.815805
 20
-3.485974
 30
0.0
 11
15.749747
 21
-3.3027
 31
0.0
  0
LINE
  5
15C5
330
1F
100
AcDbEntity
  8
1
  6
CONTINUOUS
370
50
 62
4
100
AcDbLine
 10
22.266445
 20
-0.400942
 30
0.0
 11
22.229193
 21
-0.297657
 31
0.0
  0
LINE
  5
15C6
330
1F
100
AcDbEntity
  8
1
  6
CONTINUOUS
370
50
 62
4
100
AcDbLine
 10
16.066029
 20
-4.181183
 30
0.0
 11
16.005604
 21
-4.013827
 31
0.0
  0
LINE
  5
15C7
330
1F
100
AcDbEntity
  8
1
  6
CONTINUOUS
370
50
 62
4
100
AcDbLine
 10
30.815802
 20
-1.373963
 30
0.0
 11
30.749744
 21
-1.191055
 31
0.0
  0
LINE
  5
15C8
330
1F
100
AcDbEntity
  8
1
  6
CONTINUOUS
370
50
 62
4
100
AcDbLine
 10
19.815088
 20
-0.066988
 30
0.0
 11
19.802925
 21
-0.033372
 31
0.0
  0
LINE
  5
15C9
330
1F
100
AcDbEntity
  8
1
  6
CONTINUOUS
370
50
 62
4
100
AcDbLine
 10
15.749747
 20
-3.3027
 30
0.0
 11
15.682499
 21
-3.116929
 31
0.0
  0
LINE
  5
15CA
330
1F
100
AcDbEntity
  8
1
  6
CONTINUOUS
370
50
 62
4
100
AcDbLine
 10
16.12501
 20
-4.343615
 30
0.0
 11
16.066029
 21
-4.181183
 31
0.0
  0
LINE
  5
15CB
330
1F
100
AcDbEntity
  8
1
  6
CONTINUOUS
370
50
 62
4
100
AcDbLine
 10
33.249748
 20
-1.570013
 30
0.0
 11
33.182499
 21
-1.385053
 31
0.0
  0
LINE
  5
15CC
330
1F
100
AcDbEntity
  8
1
  6
CONTINUOUS
370
50
 62
4
100
AcDbLine
 10
23.479879
 20
-0.531435
 30
0.0
 11
23.429638
 21
-0.393316
 31
0.0
  0
LINE
  5
15CD
330
1F
100
AcDbEntity
  8
1
  6
CONTINUOUS
370
50
 62
4
100
AcDbLine
 10
21.028393
 20
-0.200308
 30
0.0
 11
21.003641
 21
-0.132594
 31
0.0
  0
LINE
  5
15CE
330
1F
100
AcDbEntity
  8
1
  6
CONTINUOUS
370
50
 62
4
100
AcDbLine
 10
19.802925
 20
-0.033372
 30
0.0
 11
19.790703
 21
0.000004
 31
0.0
  0
LINE
  5
15CF
330
1F
100
AcDbEntity
  8
1
  6
CONTINUOUS
370
50
 62
4
100
AcDbLine
 10
24.693781
 20
-0.662374
 30
0.0
 11
24.630512
 21
-0.489639
 31
0.0
  0
LINE
  5
15D0
330
1F
100
AcDbEntity
  8
1
  6
CONTINUOUS
370
50
 62
4
100
AcDbLine
 10
27.130466
 20
-0.934919
 30
0.0
 11
27.065796
 21
-0.7584299999999999
 31
0.0
  0
LINE
  5
15D1
330
1F
100
AcDbEntity
  8
1
  6
CONTINUOUS
370
50
 62
4
100
AcDbLine
 10
17.065807
 20
-3.602488
 30
0.0
 11
16.999748
 21
-3.422614
 31
0.0
  0
LINE
  5
15D2
330
1F
100
AcDbEntity
  8
1
  6
CONTINUOUS
370
50
 62
4
100
AcDbLine
 10
17.130482
 20
-3.778477
 30
0.0
 11
17.065807
 21
-3.602488
 31
0.0
  0
LINE
  5
15D3
330
1F
100
AcDbEntity
  8
1
  6
CONTINUOUS
370
50
 62
4
100
AcDbLine
 10
29.565798
 20
-1.174126
 30
0.0
 11
29.499743
 21
-0.9943949999999999
 31
0.0
  0
LINE
  5
15D4
330
1F
100
AcDbEntity
  8
1
  6
CONTINUOUS
370
50
 62
4
100
AcDbLine
 10
16.999748
 20
-3.422614
 30
0.0
 11
16.932499
 21
-3.239742
 31
0.0
  0
LINE
  5
15D5
330
1F
100
AcDbEntity
  8
1
  6
CONTINUOUS
370
50
 62
4
100
AcDbLine
 10
17.193754
 20
-3.950197
 30
0.0
 11
17.130482
 21
-3.778477
 31
0.0
  0
LINE
  5
15D6
330
1F
100
AcDbEntity
  8
1
  6
CONTINUOUS
370
50
 62
4
100
AcDbLine
 10
31.999746
 20
-1.382896
 30
0.0
 11
31.932499
 21
-1.200721
 31
0.0
  0
LINE
  5
15D7
330
1F
100
AcDbEntity
  8
1
  6
CONTINUOUS
370
50
 62
4
100
AcDbLine
 10
17.255608
 20
-4.11728
 30
0.0
 11
17.193754
 21
-3.950197
 31
0.0
  0
LINE
  5
15D8
330
1F
100
AcDbEntity
  8
1
  6
CONTINUOUS
370
50
 62
4
100
AcDbLine
 10
17.37501
 20
0.24424
 30
0.0
 11
17.316031
 21
0.402517
 31
0.0
  0
LINE
  5
15D9
330
1F
100
AcDbEntity
  8
1
  6
CONTINUOUS
370
50
 62
4
100
AcDbLine
 10
17.316031
 20
-4.279358
 30
0.0
 11
17.255608
 21
-4.11728
 31
0.0
  0
LINE
  5
15DA
330
1F
100
AcDbEntity
  8
1
  6
CONTINUOUS
370
50
 62
4
100
AcDbLine
 10
22.229193
 20
-0.297657
 30
0.0
 11
22.191416
 21
-0.196352
 31
0.0
  0
LINE
  5
15DB
330
1F
100
AcDbEntity
  8
1
  6
CONTINUOUS
370
50
 62
4
100
AcDbLine
 10
21.003641
 20
-0.132594
 30
0.0
 11
20.978655
 21
-0.065816
 31
0.0
  0
LINE
  5
15DC
330
1F
100
AcDbEntity
  8
1
  6
CONTINUOUS
370
50
 62
4
100
AcDbLine
 10
18.24975
 20
-3.533016
 30
0.0
 11
18.182499
 21
-3.353471
 31
0.0
  0
LINE
  5
15DD
330
1F
100
AcDbEntity
  8
1
  6
CONTINUOUS
370
50
 62
4
100
AcDbLine
 10
28.315796
 20
-0.968958
 30
0.0
 11
28.249743
 21
-0.7928499999999999
 31
0.0
  0
LINE
  5
15DE
330
1F
100
AcDbEntity
  8
1
  6
CONTINUOUS
370
50
 62
4
100
AcDbLine
 10
25.880468
 20
-0.714981
 30
0.0
 11
25.815796
 21
-0.5425909999999999
 31
0.0
  0
LINE
  5
15DF
330
1F
100
AcDbEntity
  8
1
  6
CONTINUOUS
370
50
 62
4
100
AcDbLine
 10
18.315811
 20
-3.709072
 30
0.0
 11
18.24975
 21
-3.533016
 31
0.0
  0
LINE
  5
15E0
330
1F
100
AcDbEntity
  8
1
  6
CONTINUOUS
370
50
 62
4
100
AcDbLine
 10
30.749744
 20
-1.191055
 30
0.0
 11
30.682499
 21
-1.012087
 31
0.0
  0
LINE
  5
15E1
330
1F
100
AcDbEntity
  8
1
  6
CONTINUOUS
370
50
 62
4
100
AcDbLine
 10
17.37501
 20
-4.436067
 30
0.0
 11
17.316031
 21
-4.279358
 31
0.0
  0
LINE
  5
15E2
330
1F
100
AcDbEntity
  8
1
  6
CONTINUOUS
370
50
 62
4
100
AcDbLine
 10
18.380486
 20
-3.880769
 30
0.0
 11
18.315811
 21
-3.709072
 31
0.0
  0
LINE
  5
15E3
330
1F
100
AcDbEntity
  8
1
  6
CONTINUOUS
370
50
 62
4
100
AcDbLine
 10
19.790703
 20
0.000004
 30
0.0
 11
19.742189
 21
0.128535
 31
0.0
  0
LINE
  5
15E4
330
1F
100
AcDbEntity
  8
1
  6
CONTINUOUS
370
50
 62
4
100
AcDbLine
 10
18.443756
 20
-4.047732
 30
0.0
 11
18.380486
 21
-3.880769
 31
0.0
  0
LINE
  5
15E5
330
1F
100
AcDbEntity
  8
1
  6
CONTINUOUS
370
50
 62
4
100
AcDbLine
 10
23.429638
 20
-0.393316
 30
0.0
 11
23.378475
 21
-0.258578
 31
0.0
  0
LINE
  5
15E6
330
1F
100
AcDbEntity
  8
1
  6
CONTINUOUS
370
50
 62
4
100
AcDbLine
 10
18.50561
 20
-4.209606
 30
0.0
 11
18.443756
 21
-4.047732
 31
0.0
  0
LINE
  5
15E7
330
1F
100
AcDbEntity
  8
1
  6
CONTINUOUS
370
50
 62
4
100
AcDbLine
 10
19.499752
 20
-3.63412
 30
0.0
 11
19.432499
 21
-3.458336
 31
0.0
  0
LINE
  5
15E8
330
1F
100
AcDbEntity
  8
1
  6
CONTINUOUS
370
50
 62
4
100
AcDbLine
 10
20.978655
 20
-0.065816
 30
0.0
 11
20.953434
 21
0.000003
 31
0.0
  0
LINE
  5
15E9
330
1F
100
AcDbEntity
  8
1
  6
CONTINUOUS
370
50
 62
4
100
AcDbLine
 10
18.566032
 20
0.166594
 30
0.0
 11
18.50561
 21
0.324234
 31
0.0
  0
LINE
  5
15EA
330
1F
100
AcDbEntity
  8
1
  6
CONTINUOUS
370
50
 62
4
100
AcDbLine
 10
29.499743
 20
-0.9943949999999999
 30
0.0
 11
29.432499
 21
-0.8190649999999999
 31
0.0
  0
LINE
  5
15EB
330
1F
100
AcDbEntity
  8
1
  6
CONTINUOUS
370
50
 62
4
100
AcDbLine
 10
27.065796
 20
-0.7584299999999999
 30
0.0
 11
26.999743
 21
-0.586409
 31
0.0
  0
LINE
  5
15EC
330
1F
100
AcDbEntity
  8
1
  6
CONTINUOUS
370
50
 62
4
100
AcDbLine
 10
19.565813
 20
-3.805929
 30
0.0
 11
19.499752
 21
-3.63412
 31
0.0
  0
LINE
  5
15ED
330
1F
100
AcDbEntity
  8
1
  6
CONTINUOUS
370
50
 62
4
100
AcDbLine
 10
24.630512
 20
-0.489639
 30
0.0
 11
24.565836
 21
-0.32192
 31
0.0
  0
LINE
  5
15EE
330
1F
100
AcDbEntity
  8
1
  6
CONTINUOUS
370
50
 62
4
100
AcDbLine
 10
22.191416
 20
-0.196352
 30
0.0
 11
22.153114
 21
-0.097107
 31
0.0
  0
LINE
  5
15EF
330
1F
100
AcDbEntity
  8
1
  6
CONTINUOUS
370
50
 62
4
100
AcDbLine
 10
18.566032
 20
-4.366033
 30
0.0
 11
18.50561
 21
-4.209606
 31
0.0
  0
LINE
  5
15F0
330
1F
100
AcDbEntity
  8
1
  6
CONTINUOUS
370
50
 62
4
100
AcDbLine
 10
16.12501
 20
0.48603
 30
0.0
 11
16.066029
 21
0.6383829999999999
 31
0.0
  0
LINE
  5
15F1
330
1F
100
AcDbEntity
  8
1
  6
CONTINUOUS
370
50
 62
4
100
AcDbLine
 10
19.630489
 20
-3.972916
 30
0.0
 11
19.565813
 21
-3.805929
 31
0.0
  0
LINE
  5
15F2
330
1F
100
AcDbEntity
  8
1
  6
CONTINUOUS
370
50
 62
4
100
AcDbLine
 10
19.69376
 20
-4.134716
 30
0.0
 11
19.630489
 21
-3.972916
 31
0.0
  0
LINE
  5
15F3
330
1F
100
AcDbEntity
  8
1
  6
CONTINUOUS
370
50
 62
4
100
AcDbLine
 10
18.62501
 20
-4.516656999999999
 30
0.0
 11
18.566032
 21
-4.366033
 31
0.0
  0
LINE
  5
15F4
330
1F
100
AcDbEntity
  8
1
  6
CONTINUOUS
370
50
 62
4
100
AcDbLine
 10
4.549281
 20
-0.7889419999999999
 30
0.0
 11
4.536061
 21
-0.7552059999999999
 31
0.0
  0
LINE
  5
15F5
330
1F
100
AcDbEntity
  8
1
  6
CONTINUOUS
370
50
 62
4
100
AcDbLine
 10
20.749754
 20
-3.726027
 30
0.0
 11
20.682499
 21
-3.554452
 31
0.0
  0
LINE
  5
15F6
330
1F
100
AcDbEntity
  8
1
  6
CONTINUOUS
370
50
 62
4
100
AcDbLine
 10
28.249743
 20
-0.7928499999999999
 30
0.0
 11
28.182499
 21
-0.621601
 31
0.0
  0
LINE
  5
15F7
330
1F
100
AcDbEntity
  8
1
  6
CONTINUOUS
370
50
 62
4
100
AcDbLine
 10
25.815796
 20
-0.5425909999999999
 30
0.0
 11
25.749743
 21
-0.375141
 31
0.0
  0
LINE
  5
15F8
330
1F
100
AcDbEntity
  8
1
  6
CONTINUOUS
370
50
 62
4
100
AcDbLine
 10
20.953434
 20
0.000003
 30
0.0
 11
20.91618
 21
0.094349
 31
0.0
  0
LINE
  5
15F9
330
1F
100
AcDbEntity
  8
1
  6
CONTINUOUS
370
50
 62
4
100
AcDbLine
 10
20.815817
 20
-3.893151
 30
0.0
 11
20.749754
 21
-3.726027
 31
0.0
  0
LINE
  5
15FA
330
1F
100
AcDbEntity
  8
1
  6
CONTINUOUS
370
50
 62
4
100
AcDbLine
 10
19.755613
 20
-4.290983
 30
0.0
 11
19.69376
 21
-4.134716
 31
0.0
  0
LINE
  5
15FB
330
1F
100
AcDbEntity
  8
1
  6
CONTINUOUS
370
50
 62
4
100
AcDbLine
 10
19.742189
 20
0.128535
 30
0.0
 11
19.69277
 21
0.253162
 31
0.0
  0
LINE
  5
15FC
330
1F
100
AcDbEntity
  8
1
  6
CONTINUOUS
370
50
 62
4
100
AcDbLine
 10
23.378475
 20
-0.258578
 30
0.0
 11
23.326397
 21
-0.127409
 31
0.0
  0
LINE
  5
15FD
330
1F
100
AcDbEntity
  8
1
  6
CONTINUOUS
370
50
 62
4
100
AcDbLine
 10
17.316031
 20
0.402517
 30
0.0
 11
17.255608
 21
0.554218
 31
0.0
  0
LINE
  5
15FE
330
1F
100
AcDbEntity
  8
1
  6
CONTINUOUS
370
50
 62
4
100
AcDbLine
 10
20.880493
 20
-4.054996
 30
0.0
 11
20.815817
 21
-3.893151
 31
0.0
  0
LINE
  5
15FF
330
1F
100
AcDbEntity
  8
1
  6
CONTINUOUS
370
50
 62
4
100
AcDbLine
 10
22.153114
 20
-0.097107
 30
0.0
 11
22.114292
 21
0.000001
 31
0.0
  0
LINE
  5
1600
330
1F
100
AcDbEntity
  8
1
  6
CONTINUOUS
370
50
 62
4
100
AcDbLine
 10
19.816034
 20
-4.441373
 30
0.0
 11
19.755613
 21
-4.290983
 31
0.0
  0
LINE
  5
1601
330
1F
100
AcDbEntity
  8
1
  6
CONTINUOUS
370
50
 62
4
100
AcDbLine
 10
21.999756
 20
-3.808723
 30
0.0
 11
21.932499
 21
-3.641821
 31
0.0
  0
LINE
  5
1602
330
1F
100
AcDbEntity
  8
1
  6
CONTINUOUS
370
50
 62
4
100
AcDbLine
 10
26.999743
 20
-0.586409
 30
0.0
 11
26.932499
 21
-0.419701
 31
0.0
  0
LINE
  5
1603
330
1F
100
AcDbEntity
  8
1
  6
CONTINUOUS
370
50
 62
4
100
AcDbLine
 10
14.87501
 20
0.7283529999999999
 30
0.0
 11
14.816028
 21
0.874381
 31
0.0
  0
LINE
  5
1604
330
1F
100
AcDbEntity
  8
1
  6
CONTINUOUS
370
50
 62
4
100
AcDbLine
 10
20.943764
 20
-4.211209
 30
0.0
 11
20.880493
 21
-4.054996
 31
0.0
  0
LINE
  5
1605
330
1F
100
AcDbEntity
  8
1
  6
CONTINUOUS
370
50
 62
4
100
AcDbLine
 10
24.565836
 20
-0.32192
 30
0.0
 11
24.499765
 21
-0.159604
 31
0.0
  0
LINE
  5
1606
330
1F
100
AcDbEntity
  8
1
  6
CONTINUOUS
370
50
 62
4
100
AcDbLine
 10
22.065821
 20
-3.970702
 30
0.0
 11
21.999756
 21
-3.808723
 31
0.0
  0
LINE
  5
1607
330
1F
100
AcDbEntity
  8
1
  6
CONTINUOUS
370
50
 62
4
100
AcDbLine
 10
19.87501
 20
-4.585541
 30
0.0
 11
19.816034
 21
-4.441373
 31
0.0
  0
LINE
  5
1608
330
1F
100
AcDbEntity
  8
1
  6
CONTINUOUS
370
50
 62
4
100
AcDbLine
 10
18.50561
 20
0.324234
 30
0.0
 11
18.443756
 21
0.475391
 31
0.0
  0
LINE
  5
1609
330
1F
100
AcDbEntity
  8
1
  6
CONTINUOUS
370
50
 62
4
100
AcDbLine
 10
20.91618
 20
0.094349
 30
0.0
 11
20.878428
 21
0.186532
 31
0.0
  0
LINE
  5
160A
330
1F
100
AcDbEntity
  8
1
  6
CONTINUOUS
370
50
 62
4
100
AcDbLine
 10
21.005615
 20
-4.36146
 30
0.0
 11
20.943764
 21
-4.211209
 31
0.0
  0
LINE
  5
160B
330
1F
100
AcDbEntity
  8
1
  6
CONTINUOUS
370
50
 62
4
100
AcDbLine
 10
22.114292
 20
0.000001
 30
0.0
 11
22.088934
 21
0.061565
 31
0.0
  0
LINE
  5
160C
330
1F
100
AcDbEntity
  8
1
  6
CONTINUOUS
370
50
 62
4
100
AcDbLine
 10
22.130497
 20
-4.126955
 30
0.0
 11
22.065821
 21
-3.970702
 31
0.0
  0
LINE
  5
160D
330
1F
100
AcDbEntity
  8
1
  6
CONTINUOUS
370
50
 62
4
100
AcDbLine
 10
16.066029
 20
0.6383829999999999
 30
0.0
 11
16.005604
 21
0.7837689999999999
 31
0.0
  0
LINE
  5
160E
330
1F
100
AcDbEntity
  8
1
  6
CONTINUOUS
370
50
 62
4
100
AcDbLine
 10
23.249758
 20
-3.882059
 30
0.0
 11
23.182499
 21
-3.720317
 31
0.0
  0
LINE
  5
160F
330
1F
100
AcDbEntity
  8
1
  6
CONTINUOUS
370
50
 62
4
100
AcDbLine
 10
23.326397
 20
-0.127409
 30
0.0
 11
23.273411
 21
0.0
 31
0.0
  0
LINE
  5
1610
330
1F
100
AcDbEntity
  8
1
  6
CONTINUOUS
370
50
 62
4
100
AcDbLine
 10
25.749743
 20
-0.375141
 30
0.0
 11
25.682499
 21
-0.213454
 31
0.0
  0
LINE
  5
1611
330
1F
100
AcDbEntity
  8
1
  6
CONTINUOUS
370
50
 62
4
100
AcDbLine
 10
19.69277
 20
0.253162
 30
0.0
 11
19.64245
 21
0.37372
 31
0.0
  0
LINE
  5
1612
330
1F
100
AcDbEntity
  8
1
  6
CONTINUOUS
370
50
 62
4
100
AcDbLine
 10
21.066036
 20
-4.505413
 30
0.0
 11
21.005615
 21
-4.36146
 31
0.0
  0
LINE
  5
1613
330
1F
100
AcDbEntity
  8
1
  6
CONTINUOUS
370
50
 62
4
100
AcDbLine
 10
22.193768
 20
-4.277143
 30
0.0
 11
22.130497
 21
-4.126955
 31
0.0
  0
LINE
  5
1614
330
1F
100
AcDbEntity
  8
1
  6
CONTINUOUS
370
50
 62
4
100
AcDbLine
 10
22.088934
 20
0.061565
 30
0.0
 11
22.063362
 21
0.122183
 31
0.0
  0
LINE
  5
1615
330
1F
100
AcDbEntity
  8
1
  6
CONTINUOUS
370
50
 62
4
100
AcDbLine
 10
23.315823
 20
-4.038413
 30
0.0
 11
23.249758
 21
-3.882059
 31
0.0
  0
LINE
  5
1616
330
1F
100
AcDbEntity
  8
1
  6
CONTINUOUS
370
50
 62
4
100
AcDbLine
 10
13.62501
 20
0.9713459999999999
 30
0.0
 11
13.566045
 21
1.110595
 31
0.0
  0
LINE
  5
1617
330
1F
100
AcDbEntity
  8
1
  6
CONTINUOUS
370
50
 62
4
100
AcDbLine
 10
20.878428
 20
0.186532
 30
0.0
 11
20.840181
 21
0.276481
 31
0.0
  0
LINE
  5
1618
330
1F
100
AcDbEntity
  8
1
  6
CONTINUOUS
370
50
 62
4
100
AcDbLine
 10
17.255608
 20
0.554218
 30
0.0
 11
17.193754
 21
0.699046
 31
0.0
  0
LINE
  5
1619
330
1F
100
AcDbEntity
  8
1
  6
CONTINUOUS
370
50
 62
4
100
AcDbLine
 10
23.273411
 20
0.0
 30
0.0
 11
23.260551
 21
0.03002
 31
0.0
  0
LINE
  5
161A
330
1F
100
AcDbEntity
  8
1
  6
CONTINUOUS
370
50
 62
4
100
AcDbLine
 10
21.12501
 20
-4.642736
 30
0.0
 11
21.066036
 21
-4.505413
 31
0.0
  0
LINE
  5
161B
330
1F
100
AcDbEntity
  8
1
  6
CONTINUOUS
370
50
 62
4
100
AcDbLine
 10
22.255619
 20
-4.420946
 30
0.0
 11
22.193768
 21
-4.277143
 31
0.0
  0
LINE
  5
161C
330
1F
100
AcDbEntity
  8
1
  6
CONTINUOUS
370
50
 62
4
100
AcDbLine
 10
23.380499
 20
-4.188601999999999
 30
0.0
 11
23.315823
 21
-4.038413
 31
0.0
  0
LINE
  5
161D
330
1F
100
AcDbEntity
  8
1
  6
CONTINUOUS
370
50
 62
4
100
AcDbLine
 10
24.499765
 20
-0.159604
 30
0.0
 11
24.432499
 21
-0.003502
 31
0.0
  0
LINE
  5
161E
330
1F
100
AcDbEntity
  8
1
  6
CONTINUOUS
370
50
 62
4
100
AcDbLine
 10
24.499765
 20
-3.945767
 30
0.0
 11
24.432499
 21
-3.789679
 31
0.0
  0
LINE
  5
161F
330
1F
100
AcDbEntity
  8
1
  6
CONTINUOUS
370
50
 62
4
100
AcDbLine
 10
22.063362
 20
0.122183
 30
0.0
 11
22.037575
 21
0.181834
 31
0.0
  0
LINE
  5
1620
330
1F
100
AcDbEntity
  8
1
  6
CONTINUOUS
370
50
 62
4
100
AcDbLine
 10
23.260551
 20
0.03002
 30
0.0
 11
23.247646
 21
0.059792
 31
0.0
  0
LINE
  5
1621
330
1F
100
AcDbEntity
  8
1
  6
CONTINUOUS
370
50
 62
4
100
AcDbLine
 10
14.816028
 20
0.874381
 30
0.0
 11
14.755603
 21
1.013066
 31
0.0
  0
LINE
  5
1622
330
1F
100
AcDbEntity
  8
1
  6
CONTINUOUS
370
50
 62
4
100
AcDbLine
 10
18.443756
 20
0.475391
 30
0.0
 11
18.380486
 21
0.619754
 31
0.0
  0
LINE
  5
1623
330
1F
100
AcDbEntity
  8
1
  6
CONTINUOUS
370
50
 62
4
100
AcDbLine
 10
23.247646
 20
0.059792
 30
0.0
 11
23.234699
 21
0.089306
 31
0.0
  0
LINE
  5
1624
330
1F
100
AcDbEntity
  8
1
  6
CONTINUOUS
370
50
 62
4
100
AcDbLine
 10
24.565836
 20
-4.096001999999999
 30
0.0
 11
24.499765
 21
-3.945767
 31
0.0
  0
LINE
  5
1625
330
1F
100
AcDbEntity
  8
1
  6
CONTINUOUS
370
50
 62
4
100
AcDbLine
 10
19.64245
 20
0.37372
 30
0.0
 11
19.591236
 21
0.490047
 31
0.0
  0
LINE
  5
1626
330
1F
100
AcDbEntity
  8
1
  6
CONTINUOUS
370
50
 62
4
100
AcDbLine
 10
23.443769
 20
-4.332304
 30
0.0
 11
23.380499
 21
-4.188601999999999
 31
0.0
  0
LINE
  5
1627
330
1F
100
AcDbEntity
  8
1
  6
CONTINUOUS
370
50
 62
4
100
AcDbLine
 10
22.316036
 20
-4.558045
 30
0.0
 11
22.255619
 21
-4.420946
 31
0.0
  0
LINE
  5
1628
330
1F
100
AcDbEntity
  8
1
  6
CONTINUOUS
370
50
 62
4
100
AcDbLine
 10
20.840181
 20
0.276481
 30
0.0
 11
20.801443
 21
0.364125
 31
0.0
  0
LINE
  5
1629
330
1F
100
AcDbEntity
  8
1
  6
CONTINUOUS
370
50
 62
4
100
AcDbLine
 10
22.037575
 20
0.181834
 30
0.0
 11
22.011576
 21
0.240495
 31
0.0
  0
LINE
  5
162A
330
1F
100
AcDbEntity
  8
1
  6
CONTINUOUS
370
50
 62
4
100
AcDbLine
 10
23.234699
 20
0.089306
 30
0.0
 11
23.221712
 21
0.118562
 31
0.0
  0
LINE
  5
162B
330
1F
100
AcDbEntity
  8
1
  6
CONTINUOUS
370
50
 62
4
100
AcDbLine
 10
12.375005
 20
1.211953
 30
0.0
 11
12.316007
 21
1.343861
 31
0.0
  0
LINE
  5
162C
330
1F
100
AcDbEntity
  8
1
  6
CONTINUOUS
370
50
 62
4
100
AcDbLine
 10
16.005604
 20
0.7837689999999999
 30
0.0
 11
15.94375
 21
0.9219069999999999
 31
0.0
  0
LINE
  5
162D
330
1F
100
AcDbEntity
  8
1
  6
CONTINUOUS
370
50
 62
4
100
AcDbLine
 10
25.749743
 20
-3.998933
 30
0.0
 11
25.682499
 21
-3.849116
 31
0.0
  0
LINE
  5
162E
330
1F
100
AcDbEntity
  8
1
  6
CONTINUOUS
370
50
 62
4
100
AcDbLine
 10
23.221712
 20
0.118562
 30
0.0
 11
23.208681
 21
0.147557
 31
0.0
  0
LINE
  5
162F
330
1F
100
AcDbEntity
  8
1
  6
CONTINUOUS
370
50
 62
4
100
AcDbLine
 10
24.630512
 20
-4.239635
 30
0.0
 11
24.565836
 21
-4.096001999999999
 31
0.0
  0
LINE
  5
1630
330
1F
100
AcDbEntity
  8
1
  6
CONTINUOUS
370
50
 62
4
100
AcDbLine
 10
23.505619
 20
-4.469211
 30
0.0
 11
23.443769
 21
-4.332304
 31
0.0
  0
LINE
  5
1631
330
1F
100
AcDbEntity
  8
1
  6
CONTINUOUS
370
50
 62
4
100
AcDbLine
 10
22.37501
 20
-4.688118999999999
 30
0.0
 11
22.316036
 21
-4.558045
 31
0.0
  0
LINE
  5
1632
330
1F
100
AcDbEntity
  8
1
  6
CONTINUOUS
370
50
 62
4
100
AcDbLine
 10
22.011576
 20
0.240495
 30
0.0
 11
21.985386
 21
0.29809
 31
0.0
  0
LINE
  5
1633
330
1F
100
AcDbEntity
  8
1
  6
CONTINUOUS
370
50
 62
4
100
AcDbLine
 10
23.208681
 20
0.147557
 30
0.0
 11
23.195612
 21
0.176289
 31
0.0
  0
LINE
  5
1634
330
1F
100
AcDbEntity
  8
1
  6
CONTINUOUS
370
50
 62
4
100
AcDbLine
 10
13.566045
 20
1.110595
 30
0.0
 11
13.505633
 21
1.242142
 31
0.0
  0
LINE
  5
1635
330
1F
100
AcDbEntity
  8
1
  6
CONTINUOUS
370
50
 62
4
100
AcDbLine
 10
17.193754
 20
0.699046
 30
0.0
 11
17.130482
 21
0.8367049999999999
 31
0.0
  0
LINE
  5
1636
330
1F
100
AcDbEntity
  8
1
  6
CONTINUOUS
370
50
 62
4
100
AcDbLine
 10
20.801443
 20
0.364125
 30
0.0
 11
20.762215
 21
0.449395
 31
0.0
  0
LINE
  5
1637
330
1F
100
AcDbEntity
  8
1
  6
CONTINUOUS
370
50
 62
4
100
AcDbLine
 10
25.815796
 20
-4.142481
 30
0.0
 11
25.749743
 21
-3.998933
 31
0.0
  0
LINE
  5
1638
330
1F
100
AcDbEntity
  8
1
  6
CONTINUOUS
370
50
 62
4
100
AcDbLine
 10
23.195612
 20
0.176289
 30
0.0
 11
23.182499
 21
0.204757
 31
0.0
  0
LINE
  5
1639
330
1F
100
AcDbEntity
  8
1
  6
CONTINUOUS
370
50
 62
4
100
AcDbLine
 10
24.693781
 20
-4.37636
 30
0.0
 11
24.630512
 21
-4.239635
 31
0.0
  0
LINE
  5
163A
330
1F
100
AcDbEntity
  8
1
  6
CONTINUOUS
370
50
 62
4
100
AcDbLine
 10
23.566038
 20
-4.599018
 30
0.0
 11
23.505619
 21
-4.469211
 31
0.0
  0
LINE
  5
163B
330
1F
100
AcDbEntity
  8
1
  6
CONTINUOUS
370
50
 62
4
100
AcDbLine
 10
19.591236
 20
0.490047
 30
0.0
 11
19.539135
 21
0.601977
 31
0.0
  0
LINE
  5
163C
330
1F
100
AcDbEntity
  8
1
  6
CONTINUOUS
370
50
 62
4
100
AcDbLine
 10
21.985386
 20
0.29809
 30
0.0
 11
21.959028
 21
0.354565
 31
0.0
  0
LINE
  5
163D
330
1F
100
AcDbEntity
  8
1
  6
CONTINUOUS
370
50
 62
4
100
AcDbLine
 10
26.996098
 20
-4.032825
 30
0.0
 11
26.932499
 21
-3.897207
 31
0.0
  0
LINE
  5
163E
330
1F
100
AcDbEntity
  8
1
  6
CONTINUOUS
370
50
 62
4
100
AcDbLine
 10
18.380486
 20
0.619754
 30
0.0
 11
18.315811
 21
0.757014
 31
0.0
  0
LINE
  5
163F
330
1F
100
AcDbEntity
  8
1
  6
CONTINUOUS
370
50
 62
4
100
AcDbLine
 10
14.755603
 20
1.013066
 30
0.0
 11
14.693748
 21
1.144143
 31
0.0
  0
LINE
  5
1640
330
1F
100
AcDbEntity
  8
1
  6
CONTINUOUS
370
50
 62
4
100
AcDbLine
 10
25.880468
 20
-4.279053999999999
 30
0.0
 11
25.815796
 21
-4.142481
 31
0.0
  0
LINE
  5
1641
330
1F
100
AcDbEntity
  8
1
  6
CONTINUOUS
370
50
 62
4
100
AcDbLine
 10
24.755627
 20
-4.505891
 30
0.0
 11
24.693781
 21
-4.37636
 31
0.0
  0
LINE
  5
1642
330
1F
100
AcDbEntity
  8
1
  6
CONTINUOUS
370
50
 62
4
100
AcDbLine
 10
21.959028
 20
0.354565
 30
0.0
 11
21.932499
 21
0.409903
 31
0.0
  0
LINE
  5
1643
330
1F
100
AcDbEntity
  8
1
  6
CONTINUOUS
370
50
 62
4
100
AcDbLine
 10
20.762215
 20
0.449395
 30
0.0
 11
20.722551
 21
0.5321049999999999
 31
0.0
  0
LINE
  5
1644
330
1F
100
AcDbEntity
  8
1
  6
CONTINUOUS
370
50
 62
4
100
AcDbLine
 10
23.62501
 20
-4.721419
 30
0.0
 11
23.566038
 21
-4.599018
 31
0.0
  0
LINE
  5
1645
330
1F
100
AcDbEntity
  8
1
  6
CONTINUOUS
370
50
 62
4
100
AcDbLine
 10
27.058647
 20
-4.162529
 30
0.0
 11
26.996098
 21
-4.032825
 31
0.0
  0
LINE
  5
1646
330
1F
100
AcDbEntity
  8
1
  6
CONTINUOUS
370
50
 62
4
100
AcDbLine
 10
4.565183
 20
-0.821788
 30
0.0
 11
4.549281
 21
-0.7889419999999999
 31
0.0
  0
LINE
  5
1647
330
1F
100
AcDbEntity
  8
1
  6
CONTINUOUS
370
50
 62
4
100
AcDbLine
 10
15.94375
 20
0.9219069999999999
 30
0.0
 11
15.88048
 21
1.052517
 31
0.0
  0
LINE
  5
1648
330
1F
100
AcDbEntity
  8
1
  6
CONTINUOUS
370
50
 62
4
100
AcDbLine
 10
12.316007
 20
1.343861
 30
0.0
 11
12.255528
 21
1.467787
 31
0.0
  0
LINE
  5
1649
330
1F
100
AcDbEntity
  8
1
  6
CONTINUOUS
370
50
 62
4
100
AcDbLine
 10
25.943739
 20
-4.408361999999999
 30
0.0
 11
25.880468
 21
-4.279053999999999
 31
0.0
  0
LINE
  5
164A
330
1F
100
AcDbEntity
  8
1
  6
CONTINUOUS
370
50
 62
4
100
AcDbLine
 10
28.230169
 20
-4.031504
 30
0.0
 11
28.182499
 21
-3.934275
 31
0.0
  0
LINE
  5
164B
330
1F
100
AcDbEntity
  8
1
  6
CONTINUOUS
370
50
 62
4
100
AcDbLine
 10
19.539135
 20
0.601977
 30
0.0
 11
19.486177
 21
0.709298
 31
0.0
  0
LINE
  5
164C
330
1F
100
AcDbEntity
  8
1
  6
CONTINUOUS
370
50
 62
4
100
AcDbLine
 10
24.81604
 20
-4.627939
 30
0.0
 11
24.755627
 21
-4.505891
 31
0.0
  0
LINE
  5
164D
330
1F
100
AcDbEntity
  8
1
  6
CONTINUOUS
370
50
 62
4
100
AcDbLine
 10
17.130482
 20
0.8367049999999999
 30
0.0
 11
17.065807
 21
0.966899
 31
0.0
  0
LINE
  5
164E
330
1F
100
AcDbEntity
  8
1
  6
CONTINUOUS
370
50
 62
4
100
AcDbLine
 10
27.119968
 20
-4.28571
 30
0.0
 11
27.058647
 21
-4.162529
 31
0.0
  0
LINE
  5
164F
330
1F
100
AcDbEntity
  8
1
  6
CONTINUOUS
370
50
 62
4
100
AcDbLine
 10
13.505633
 20
1.242142
 30
0.0
 11
13.443789
 21
1.365735
 31
0.0
  0
LINE
  5
1650
330
1F
100
AcDbEntity
  8
1
  6
CONTINUOUS
370
50
 62
4
100
AcDbLine
 10
20.722551
 20
0.5321049999999999
 30
0.0
 11
20.682499
 21
0.612111
 31
0.0
  0
LINE
  5
1651
330
1F
100
AcDbEntity
  8
1
  6
CONTINUOUS
370
50
 62
4
100
AcDbLine
 10
28.277283
 20
-4.12533
 30
0.0
 11
28.230169
 21
-4.031504
 31
0.0
  0
LINE
  5
1652
330
1F
100
AcDbEntity
  8
1
  6
CONTINUOUS
370
50
 62
4
100
AcDbLine
 10
26.005594
 20
-4.53013
 30
0.0
 11
25.943739
 21
-4.408361999999999
 31
0.0
  0
LINE
  5
1653
330
1F
100
AcDbEntity
  8
1
  6
CONTINUOUS
370
50
 62
4
100
AcDbLine
 10
18.315811
 20
0.757014
 30
0.0
 11
18.24975
 21
0.8868459999999999
 31
0.0
  0
LINE
  5
1654
330
1F
100
AcDbEntity
  8
1
  6
CONTINUOUS
370
50
 62
4
100
AcDbLine
 10
14.693748
 20
1.144143
 30
0.0
 11
14.630478
 21
1.267347
 31
0.0
  0
LINE
  5
1655
330
1F
100
AcDbEntity
  8
1
  6
CONTINUOUS
370
50
 62
4
100
AcDbLine
 10
29.464605
 20
-4.023191
 30
0.0
 11
29.432499
 21
-3.960755
 31
0.0
  0
LINE
  5
1656
330
1F
100
AcDbEntity
  8
1
  6
CONTINUOUS
370
50
 62
4
100
AcDbLine
 10
28.323742
 20
-4.215455
 30
0.0
 11
28.277283
 21
-4.12533
 31
0.0
  0
LINE
  5
1657
330
1F
100
AcDbEntity
  8
1
  6
CONTINUOUS
370
50
 62
4
100
AcDbLine
 10
27.180038
 20
-4.402127
 30
0.0
 11
27.119968
 21
-4.28571
 31
0.0
  0
LINE
  5
1658
330
1F
100
AcDbEntity
  8
1
  6
CONTINUOUS
370
50
 62
4
100
AcDbLine
 10
24.87501
 20
-4.742217
 30
0.0
 11
24.81604
 21
-4.627939
 31
0.0
  0
LINE
  5
1659
330
1F
100
AcDbEntity
  8
1
  6
CONTINUOUS
370
50
 62
4
100
AcDbLine
 10
29.496462
 20
-4.084027
 30
0.0
 11
29.464605
 21
-4.023191
 31
0.0
  0
LINE
  5
165A
330
1F
100
AcDbEntity
  8
1
  6
CONTINUOUS
370
50
 62
4
100
AcDbLine
 10
19.486177
 20
0.709298
 30
0.0
 11
19.432499
 21
0.8116019999999999
 31
0.0
  0
LINE
  5
165B
330
1F
100
AcDbEntity
  8
1
  6
CONTINUOUS
370
50
 62
4
100
AcDbLine
 10
15.88048
 20
1.052517
 30
0.0
 11
15.815805
 21
1.175316
 31
0.0
  0
LINE
  5
165C
330
1F
100
AcDbEntity
  8
1
  6
CONTINUOUS
370
50
 62
4
100
AcDbLine
 10
26.066023
 20
-4.644083
 30
0.0
 11
26.005594
 21
-4.53013
 31
0.0
  0
LINE
  5
165D
330
1F
100
AcDbEntity
  8
1
  6
CONTINUOUS
370
50
 62
4
100
AcDbLine
 10
28.369505
 20
-4.301718999999999
 30
0.0
 11
28.323742
 21
-4.215455
 31
0.0
  0
LINE
  5
165E
330
1F
100
AcDbEntity
  8
1
  6
CONTINUOUS
370
50
 62
4
100
AcDbLine
 10
29.528063
 20
-4.143219
 30
0.0
 11
29.496462
 21
-4.084027
 31
0.0
  0
LINE
  5
165F
330
1F
100
AcDbEntity
  8
1
  6
CONTINUOUS
370
50
 62
4
100
AcDbLine
 10
12.255528
 20
1.467787
 30
0.0
 11
12.193582
 21
1.583485
 31
0.0
  0
LINE
  5
1660
330
1F
100
AcDbEntity
  8
1
  6
CONTINUOUS
370
50
 62
4
100
AcDbLine
 10
27.238846
 20
-4.511563
 30
0.0
 11
27.180038
 21
-4.402127
 31
0.0
  0
LINE
  5
1661
330
1F
100
AcDbEntity
  8
1
  6
CONTINUOUS
370
50
 62
4
100
AcDbLine
 10
17.065807
 20
0.966899
 30
0.0
 11
16.999748
 21
1.089319
 31
0.0
  0
LINE
  5
1662
330
1F
100
AcDbEntity
  8
1
  6
CONTINUOUS
370
50
 62
4
100
AcDbLine
 10
30.699408
 20
-4.008276
 30
0.0
 11
30.682499
 21
-3.977035
 31
0.0
  0
LINE
  5
1663
330
1F
100
AcDbEntity
  8
1
  6
CONTINUOUS
370
50
 62
4
100
AcDbLine
 10
29.559362
 20
-4.20065
 30
0.0
 11
29.528063
 21
-4.143219
 31
0.0
  0
LINE
  5
1664
330
1F
100
AcDbEntity
  8
1
  6
CONTINUOUS
370
50
 62
4
100
AcDbLine
 10
30.716246
 20
-4.039056
 30
0.0
 11
30.699408
 21
-4.008276
 31
0.0
  0
LINE
  5
1665
330
1F
100
AcDbEntity
  8
1
  6
CONTINUOUS
370
50
 62
4
100
AcDbLine
 10
28.414568
 20
-4.384036
 30
0.0
 11
28.369505
 21
-4.301718999999999
 31
0.0
  0
LINE
  5
1666
330
1F
100
AcDbEntity
  8
1
  6
CONTINUOUS
370
50
 62
4
100
AcDbLine
 10
13.443789
 20
1.365735
 30
0.0
 11
13.38052
 21
1.481125
 31
0.0
  0
LINE
  5
1667
330
1F
100
AcDbEntity
  8
1
  6
CONTINUOUS
370
50
 62
4
100
AcDbLine
 10
18.24975
 20
0.8868459999999999
 30
0.0
 11
18.182499
 21
1.008612
 31
0.0
  0
LINE
  5
1668
330
1F
100
AcDbEntity
  8
1
  6
CONTINUOUS
370
50
 62
4
100
AcDbLine
 10
30.733017
 20
-4.069373
 30
0.0
 11
30.716246
 21
-4.039056
 31
0.0
  0
LINE
  5
1669
330
1F
100
AcDbEntity
  8
1
  6
CONTINUOUS
370
50
 62
4
100
AcDbLine
 10
4.533554
 20
4.470743
 30
0.0
 11
4.519292
 21
4.49643
 31
0.0
  0
LINE
  5
166A
330
1F
100
AcDbEntity
  8
1
  6
CONTINUOUS
370
50
 62
4
100
AcDbLine
 10
29.590347
 20
-4.256276
 30
0.0
 11
29.559362
 21
-4.20065
 31
0.0
  0
LINE
  5
166B
330
1F
100
AcDbEntity
  8
1
  6
CONTINUOUS
370
50
 62
4
100
AcDbLine
 10
26.12501
 20
-4.749944
 30
0.0
 11
26.066023
 21
-4.644083
 31
0.0
  0
LINE
  5
166C
330
1F
100
AcDbEntity
  8
1
  6
CONTINUOUS
370
50
 62
4
100
AcDbLine
 10
30.74972
 20
-4.099221
 30
0.0
 11
30.733017
 21
-4.069373
 31
0.0
  0
LINE
  5
166D
330
1F
100
AcDbEntity
  8
1
  6
CONTINUOUS
370
50
 62
4
100
AcDbLine
 10
14.630478
 20
1.267347
 30
0.0
 11
14.565804
 21
1.38241
 31
0.0
  0
LINE
  5
166E
330
1F
100
AcDbEntity
  8
1
  6
CONTINUOUS
370
50
 62
4
100
AcDbLine
 10
27.296381
 20
-4.613798
 30
0.0
 11
27.238846
 21
-4.511563
 31
0.0
  0
LINE
  5
166F
330
1F
100
AcDbEntity
  8
1
  6
CONTINUOUS
370
50
 62
4
100
AcDbLine
 10
30.766352
 20
-4.128595
 30
0.0
 11
30.74972
 21
-4.099221
 31
0.0
  0
LINE
  5
1670
330
1F
100
AcDbEntity
  8
1
  6
CONTINUOUS
370
50
 62
4
100
AcDbLine
 10
28.458927
 20
-4.46232
 30
0.0
 11
28.414568
 21
-4.384036
 31
0.0
  0
LINE
  5
1671
330
1F
100
AcDbEntity
  8
1
  6
CONTINUOUS
370
50
 62
4
100
AcDbLine
 10
29.621017
 20
-4.310072
 30
0.0
 11
29.590347
 21
-4.256276
 31
0.0
  0
LINE
  5
1672
330
1F
100
AcDbEntity
  8
1
  6
CONTINUOUS
370
50
 62
4
100
AcDbLine
 10
31.934572
 20
-3.987067
 30
0.0
 11
31.932499
 21
-3.983441
 31
0.0
  0
LINE
  5
1673
330
1F
100
AcDbEntity
  8
1
  6
CONTINUOUS
370
50
 62
4
100
AcDbLine
 10
31.936646
 20
-3.990686
 30
0.0
 11
31.934572
 21
-3.987067
 31
0.0
  0
LINE
  5
1674
330
1F
100
AcDbEntity
  8
1
  6
CONTINUOUS
370
50
 62
4
100
AcDbLine
 10
30.782904
 20
-4.157471999999999
 30
0.0
 11
30.766352
 21
-4.128595
 31
0.0
  0
LINE
  5
1675
330
1F
100
AcDbEntity
  8
1
  6
CONTINUOUS
370
50
 62
4
100
AcDbLine
 10
31.938717
 20
-3.994298
 30
0.0
 11
31.936646
 21
-3.990686
 31
0.0
  0
LINE
  5
1676
330
1F
100
AcDbEntity
  8
1
  6
CONTINUOUS
370
50
 62
4
100
AcDbLine
 10
19.875
 20
-4.719158999999999
 30
0.0
 11
19.811825
 21
-4.609144
 31
0.0
  0
LINE
  5
1677
330
1F
100
AcDbEntity
  8
1
  6
CONTINUOUS
370
50
 62
4
100
AcDbLine
 10
19.811825
 20
-4.609144
 30
0.0
 11
19.748636
 21
-4.499146
 31
0.0
  0
LINE
  5
1678
330
1F
100
AcDbEntity
  8
1
  6
CONTINUOUS
370
50
 62
4
100
AcDbLine
 10
31.940788
 20
-3.997903
 30
0.0
 11
31.938717
 21
-3.994298
 31
0.0
  0
LINE
  5
1679
330
1F
100
AcDbEntity
  8
1
  6
CONTINUOUS
370
50
 62
4
100
AcDbLine
 10
21.125
 20
-4.740569
 30
0.0
 11
21.061825
 21
-4.630633
 31
0.0
  0
LINE
  5
167A
330
1F
100
AcDbEntity
  8
1
  6
CONTINUOUS
370
50
 62
4
100
AcDbLine
 10
19.748636
 20
-4.499146
 30
0.0
 11
19.685434
 21
-4.389164
 31
0.0
  0
LINE
  5
167B
330
1F
100
AcDbEntity
  8
1
  6
CONTINUOUS
370
50
 62
4
100
AcDbLine
 10
21.061825
 20
-4.630633
 30
0.0
 11
20.998636
 21
-4.520684
 31
0.0
  0
LINE
  5
167C
330
1F
100
AcDbEntity
  8
1
  6
CONTINUOUS
370
50
 62
4
100
AcDbLine
 10
20.998636
 20
-4.520684
 30
0.0
 11
20.935434
 21
-4.410724
 31
0.0
  0
LINE
  5
167D
330
1F
100
AcDbEntity
  8
1
  6
CONTINUOUS
370
50
 62
4
100
AcDbLine
 10
20.935434
 20
-4.410724
 30
0.0
 11
20.872219
 21
-4.300754
 31
0.0
  0
LINE
  5
167E
330
1F
100
AcDbEntity
  8
1
  6
CONTINUOUS
370
50
 62
4
100
AcDbLine
 10
19.685434
 20
-4.389164
 30
0.0
 11
19.622219
 21
-4.279204
 31
0.0
  0
LINE
  5
167F
330
1F
100
AcDbEntity
  8
1
  6
CONTINUOUS
370
50
 62
4
100
AcDbLine
 10
20.872219
 20
-4.300754
 30
0.0
 11
20.808992
 21
-4.190778
 31
0.0
  0
LINE
  5
1680
330
1F
100
AcDbEntity
  8
1
  6
CONTINUOUS
370
50
 62
4
100
AcDbLine
 10
20.808992
 20
-4.190778
 30
0.0
 11
20.745752
 21
-4.080798
 31
0.0
  0
LINE
  5
1681
330
1F
100
AcDbEntity
  8
1
  6
CONTINUOUS
370
50
 62
4
100
AcDbLine
 10
20.745752
 20
-4.080798
 30
0.0
 11
20.682501
 21
-3.970819
 31
0.0
  0
LINE
  5
1682
330
1F
100
AcDbEntity
  8
1
  6
CONTINUOUS
370
50
 62
4
100
AcDbLine
 10
19.622219
 20
-4.279204
 30
0.0
 11
19.55899
 21
-4.169265
 31
0.0
  0
LINE
  5
1683
330
1F
100
AcDbEntity
  8
1
  6
CONTINUOUS
370
50
 62
4
100
AcDbLine
 10
31.942858
 20
-4.001501
 30
0.0
 11
31.940788
 21
-3.997903
 31
0.0
  0
LINE
  5
1684
330
1F
100
AcDbEntity
  8
1
  6
CONTINUOUS
370
50
 62
4
100
AcDbLine
 10
18.625
 20
-4.685601
 30
0.0
 11
18.561823
 21
-4.575793
 31
0.0
  0
LINE
  5
1685
330
1F
100
AcDbEntity
  8
1
  6
CONTINUOUS
370
50
 62
4
100
AcDbLine
 10
19.55899
 20
-4.169265
 30
0.0
 11
19.49575
 21
-4.059352
 31
0.0
  0
LINE
  5
1686
330
1F
100
AcDbEntity
  8
1
  6
CONTINUOUS
370
50
 62
4
100
AcDbLine
 10
4.583431
 20
-0.853493
 30
0.0
 11
4.565183
 21
-0.821788
 31
0.0
  0
LINE
  5
1687
330
1F
100
AcDbEntity
  8
1
  6
CONTINUOUS
370
50
 62
4
100
AcDbLine
 10
19.49575
 20
-4.059352
 30
0.0
 11
19.432501
 21
-3.949469
 31
0.0
  0
LINE
  5
1688
330
1F
100
AcDbEntity
  8
1
  6
CONTINUOUS
370
50
 62
4
100
AcDbLine
 10
18.561823
 20
-4.575793
 30
0.0
 11
18.498634
 21
-4.466028
 31
0.0
  0
LINE
  5
1689
330
1F
100
AcDbEntity
  8
1
  6
CONTINUOUS
370
50
 62
4
100
AcDbLine
 10
15.815805
 20
1.175316
 30
0.0
 11
15.749747
 21
1.290013
 31
0.0
  0
LINE
  5
168A
330
1F
100
AcDbEntity
  8
1
  6
CONTINUOUS
370
50
 62
4
100
AcDbLine
 10
18.498634
 20
-4.466028
 30
0.0
 11
18.435432
 21
-4.35631
 31
0.0
  0
LINE
  5
168B
330
1F
100
AcDbEntity
  8
1
  6
CONTINUOUS
370
50
 62
4
100
AcDbLine
 10
12.620676
 20
4.532366
 30
0.0
 11
12.5575
 21
4.642024
 31
0.0
  0
LINE
  5
168C
330
1F
100
AcDbEntity
  8
1
  6
CONTINUOUS
370
50
 62
4
100
AcDbLine
 10
21.995752
 20
-4.091696
 30
0.0
 11
21.932501
 21
-3.981911
 31
0.0
  0
LINE
  5
168D
330
1F
100
AcDbEntity
  8
1
  6
CONTINUOUS
370
50
 62
4
100
AcDbLine
 10
31.944927
 20
-4.005091999999999
 30
0.0
 11
31.942858
 21
-4.001501
 31
0.0
  0
LINE
  5
168E
330
1F
100
AcDbEntity
  8
1
  6
CONTINUOUS
370
50
 62
4
100
AcDbLine
 10
22.058994
 20
-4.201452
 30
0.0
 11
21.995752
 21
-4.091696
 31
0.0
  0
LINE
  5
168F
330
1F
100
AcDbEntity
  8
1
  6
CONTINUOUS
370
50
 62
4
100
AcDbLine
 10
22.122221
 20
-4.311173999999999
 30
0.0
 11
22.058994
 21
-4.201452
 31
0.0
  0
LINE
  5
1690
330
1F
100
AcDbEntity
  8
1
  6
CONTINUOUS
370
50
 62
4
100
AcDbLine
 10
22.185436
 20
-4.42086
 30
0.0
 11
22.122221
 21
-4.311173999999999
 31
0.0
  0
LINE
  5
1691
330
1F
100
AcDbEntity
  8
1
  6
CONTINUOUS
370
50
 62
4
100
AcDbLine
 10
22.248638
 20
-4.530507
 30
0.0
 11
22.185436
 21
-4.42086
 31
0.0
  0
LINE
  5
1692
330
1F
100
AcDbEntity
  8
1
  6
CONTINUOUS
370
50
 62
4
100
AcDbLine
 10
18.435432
 20
-4.35631
 30
0.0
 11
18.372217
 21
-4.246640999999999
 31
0.0
  0
LINE
  5
1693
330
1F
100
AcDbEntity
  8
1
  6
CONTINUOUS
370
50
 62
4
100
AcDbLine
 10
22.311825
 20
-4.640111999999999
 30
0.0
 11
22.248638
 21
-4.530507
 31
0.0
  0
LINE
  5
1694
330
1F
100
AcDbEntity
  8
1
  6
CONTINUOUS
370
50
 62
4
100
AcDbLine
 10
12.683865
 20
4.422772
 30
0.0
 11
12.620676
 21
4.532366
 31
0.0
  0
LINE
  5
1695
330
1F
100
AcDbEntity
  8
1
  6
CONTINUOUS
370
50
 62
4
100
AcDbLine
 10
22.375
 20
-4.749675
 30
0.0
 11
22.311825
 21
-4.640111999999999
 31
0.0
  0
LINE
  5
1696
330
1F
100
AcDbEntity
  8
1
  6
CONTINUOUS
370
50
 62
4
100
AcDbLine
 10
18.372217
 20
-4.246640999999999
 30
0.0
 11
18.30899
 21
-4.137022
 31
0.0
  0
LINE
  5
1697
330
1F
100
AcDbEntity
  8
1
  6
CONTINUOUS
370
50
 62
4
100
AcDbLine
 10
12.747066
 20
4.313244
 30
0.0
 11
12.683865
 21
4.422772
 31
0.0
  0
LINE
  5
1698
330
1F
100
AcDbEntity
  8
1
  6
CONTINUOUS
370
50
 62
4
100
AcDbLine
 10
18.30899
 20
-4.137022
 30
0.0
 11
18.24575
 21
-4.027458
 31
0.0
  0
LINE
  5
1699
330
1F
100
AcDbEntity
  8
1
  6
CONTINUOUS
370
50
 62
4
100
AcDbLine
 10
31.94676
 20
-4.008268
 30
0.0
 11
31.932501
 21
-3.983567
 31
0.0
  0
LINE
  5
169A
330
1F
100
AcDbEntity
  8
1
  6
CONTINUOUS
370
50
 62
4
100
AcDbLine
 10
30.784105
 20
-4.159553
 30
0.0
 11
30.682501
 21
-3.983567
 31
0.0
  0
LINE
  5
169B
330
1F
100
AcDbEntity
  8
1
  6
CONTINUOUS
370
50
 62
4
100
AcDbLine
 10
29.621883
 20
-4.31159
 30
0.0
 11
29.432501
 21
-3.983567
 31
0.0
  0
LINE
  5
169C
330
1F
100
AcDbEntity
  8
1
  6
CONTINUOUS
370
50
 62
4
100
AcDbLine
 10
28.459476
 20
-4.463305
 30
0.0
 11
28.182501
 21
-3.983567
 31
0.0
  0
LINE
  5
169D
330
1F
100
AcDbEntity
  8
1
  6
CONTINUOUS
370
50
 62
4
100
AcDbLine
 10
13.0
 20
3.983567
 30
0.0
 11
12.682199
 21
4.534017
 31
0.0
  0
LINE
  5
169E
330
1F
100
AcDbEntity
  8
1
  6
CONTINUOUS
370
50
 62
4
100
AcDbLine
 10
27.296583
 20
-4.614178
 30
0.0
 11
26.932501
 21
-3.983567
 31
0.0
  0
LINE
  5
169F
330
1F
100
AcDbEntity
  8
1
  6
CONTINUOUS
370
50
 62
4
100
AcDbLine
 10
15.5
 20
3.983567
 30
0.0
 11
15.393589
 21
4.167877
 31
0.0
  0
LINE
  5
16A0
330
1F
100
AcDbEntity
  8
1
  6
CONTINUOUS
370
50
 62
4
100
AcDbLine
 10
23.625
 20
-4.75
 30
0.0
 11
23.182501
 21
-3.983567
 31
0.0
  0
LINE
  5
16A1
330
1F
100
AcDbEntity
  8
1
  6
CONTINUOUS
370
50
 62
4
100
AcDbLine
 10
24.875
 20
-4.75
 30
0.0
 11
24.432501
 21
-3.983567
 31
0.0
  0
LINE
  5
16A2
330
1F
100
AcDbEntity
  8
1
  6
CONTINUOUS
370
50
 62
4
100
AcDbLine
 10
26.125
 20
-4.75
 30
0.0
 11
25.682501
 21
-3.983567
 31
0.0
  0
LINE
  5
16A3
330
1F
100
AcDbEntity
  8
1
  6
CONTINUOUS
370
50
 62
4
100
AcDbLine
 10
14.25
 20
3.983567
 30
0.0
 11
14.037218
 21
4.352116
 31
0.0
  0
LINE
  5
16A4
330
1F
100
AcDbEntity
  8
1
  6
CONTINUOUS
370
50
 62
4
100
AcDbLine
 10
12.810281
 20
4.203786
 30
0.0
 11
12.747066
 21
4.313244
 31
0.0
  0
LINE
  5
16A5
330
1F
100
AcDbEntity
  8
1
  6
CONTINUOUS
370
50
 62
4
100
AcDbLine
 10
18.24575
 20
-4.027458
 30
0.0
 11
18.182501
 21
-3.917952
 31
0.0
  0
LINE
  5
16A6
330
1F
100
AcDbEntity
  8
1
  6
CONTINUOUS
370
50
 62
4
100
AcDbLine
 10
17.375
 20
-4.639912
 30
0.0
 11
17.311823
 21
-4.530587
 31
0.0
  0
LINE
  5
16A7
330
1F
100
AcDbEntity
  8
1
  6
CONTINUOUS
370
50
 62
4
100
AcDbLine
 10
38.0
 20
3.983443
 30
0.0
 11
37.936752
 21
4.092879
 31
0.0
  0
LINE
  5
16A8
330
1F
100
AcDbEntity
  8
1
  6
CONTINUOUS
370
50
 62
4
100
AcDbLine
 10
12.873508
 20
4.094399
 30
0.0
 11
12.810281
 21
4.203786
 31
0.0
  0
LINE
  5
16A9
330
1F
100
AcDbEntity
  8
1
  6
CONTINUOUS
370
50
 62
4
100
AcDbLine
 10
37.936752
 20
4.092879
 30
0.0
 11
37.873516
 21
4.202256
 31
0.0
  0
LINE
  5
16AA
330
1F
100
AcDbEntity
  8
1
  6
CONTINUOUS
370
50
 62
4
100
AcDbLine
 10
37.873516
 20
4.202256
 30
0.0
 11
37.810291
 21
4.311573
 31
0.0
  0
LINE
  5
16AB
330
1F
100
AcDbEntity
  8
1
  6
CONTINUOUS
370
50
 62
4
100
AcDbLine
 10
17.311823
 20
-4.530587
 30
0.0
 11
17.248634
 21
-4.421333
 31
0.0
  0
LINE
  5
16AC
330
1F
100
AcDbEntity
  8
1
  6
CONTINUOUS
370
50
 62
4
100
AcDbLine
 10
12.936749
 20
3.985087
 30
0.0
 11
12.873508
 21
4.094399
 31
0.0
  0
LINE
  5
16AD
330
1F
100
AcDbEntity
  8
1
  6
CONTINUOUS
370
50
 62
4
100
AcDbLine
 10
37.810291
 20
4.311573
 30
0.0
 11
37.74707799999999
 21
4.420828999999999
 31
0.0
  0
LINE
  5
16AE
330
1F
100
AcDbEntity
  8
1
  6
CONTINUOUS
370
50
 62
4
100
AcDbLine
 10
37.74707799999999
 20
4.420828999999999
 30
0.0
 11
37.683872
 21
4.530021
 31
0.0
  0
LINE
  5
16AF
330
1F
100
AcDbEntity
  8
1
  6
CONTINUOUS
370
50
 62
4
100
AcDbLine
 10
17.248634
 20
-4.421333
 30
0.0
 11
17.185432
 21
-4.312155
 31
0.0
  0
LINE
  5
16B0
330
1F
100
AcDbEntity
  8
1
  6
CONTINUOUS
370
50
 62
4
100
AcDbLine
 10
13.0
 20
3.875854
 30
0.0
 11
12.936749
 21
3.985087
 31
0.0
  0
LINE
  5
16B1
330
1F
100
AcDbEntity
  8
1
  6
CONTINUOUS
370
50
 62
4
100
AcDbLine
 10
37.683872
 20
4.530021
 30
0.0
 11
37.620682
 21
4.639146
 31
0.0
  0
LINE
  5
16B2
330
1F
100
AcDbEntity
  8
1
  6
CONTINUOUS
370
50
 62
4
100
AcDbLine
 10
37.620682
 20
4.639146
 30
0.0
 11
37.557499
 21
4.748201
 31
0.0
  0
LINE
  5
16B3
330
1F
100
AcDbEntity
  8
1
  6
CONTINUOUS
370
50
 62
4
100
AcDbLine
 10
17.185432
 20
-4.312155
 30
0.0
 11
17.122217
 21
-4.203053
 31
0.0
  0
LINE
  5
16B4
330
1F
100
AcDbEntity
  8
1
  6
CONTINUOUS
370
50
 62
4
100
AcDbLine
 10
13.870673
 20
4.474296
 30
0.0
 11
13.8075
 21
4.583267999999999
 31
0.0
  0
LINE
  5
16B5
330
1F
100
AcDbEntity
  8
1
  6
CONTINUOUS
370
50
 62
4
100
AcDbLine
 10
17.122217
 20
-4.203053
 30
0.0
 11
17.05899
 21
-4.09403
 31
0.0
  0
LINE
  5
16B6
330
1F
100
AcDbEntity
  8
1
  6
CONTINUOUS
370
50
 62
4
100
AcDbLine
 10
13.93386
 20
4.365419999999999
 30
0.0
 11
13.870673
 21
4.474296
 31
0.0
  0
LINE
  5
16B7
330
1F
100
AcDbEntity
  8
1
  6
CONTINUOUS
370
50
 62
4
100
AcDbLine
 10
17.05899
 20
-4.09403
 30
0.0
 11
16.99575
 21
-3.98509
 31
0.0
  0
LINE
  5
16B8
330
1F
100
AcDbEntity
  8
1
  6
CONTINUOUS
370
50
 62
4
100
AcDbLine
 10
27.309664
 20
-4.636661999999999
 30
0.0
 11
27.296381
 21
-4.613798
 31
0.0
  0
LINE
  5
16B9
330
1F
100
AcDbEntity
  8
1
  6
CONTINUOUS
370
50
 62
4
100
AcDbLine
 10
13.997061
 20
4.256643
 30
0.0
 11
13.93386
 21
4.365419999999999
 31
0.0
  0
LINE
  5
16BA
330
1F
100
AcDbEntity
  8
1
  6
CONTINUOUS
370
50
 62
4
100
AcDbLine
 10
16.99575
 20
-3.98509
 30
0.0
 11
16.932501
 21
-3.876236
 31
0.0
  0
LINE
  5
16BB
330
1F
100
AcDbEntity
  8
1
  6
CONTINUOUS
370
50
 62
4
100
AcDbLine
 10
12.682511
 20
4.533477
 30
0.0
 11
12.661246
 21
4.570055
 31
0.0
  0
LINE
  5
16BC
330
1F
100
AcDbEntity
  8
1
  6
CONTINUOUS
370
50
 62
4
100
AcDbLine
 10
14.060276
 20
4.147967
 30
0.0
 11
13.997061
 21
4.256643
 31
0.0
  0
LINE
  5
16BD
330
1F
100
AcDbEntity
  8
1
  6
CONTINUOUS
370
50
 62
4
100
AcDbLine
 10
16.125
 20
-4.58197
 30
0.0
 11
16.061825
 21
-4.4734
 31
0.0
  0
LINE
  5
16BE
330
1F
100
AcDbEntity
  8
1
  6
CONTINUOUS
370
50
 62
4
100
AcDbLine
 10
36.75
 20
3.976495
 30
0.0
 11
36.686756
 21
4.085173999999999
 31
0.0
  0
LINE
  5
16BF
330
1F
100
AcDbEntity
  8
1
  6
CONTINUOUS
370
50
 62
4
100
AcDbLine
 10
36.686756
 20
4.085173999999999
 30
0.0
 11
36.623524
 21
4.193773
 31
0.0
  0
LINE
  5
16C0
330
1F
100
AcDbEntity
  8
1
  6
CONTINUOUS
370
50
 62
4
100
AcDbLine
 10
14.123505
 20
4.039394
 30
0.0
 11
14.060276
 21
4.147967
 31
0.0
  0
LINE
  5
16C1
330
1F
100
AcDbEntity
  8
1
  6
CONTINUOUS
370
50
 62
4
100
AcDbLine
 10
16.061825
 20
-4.4734
 30
0.0
 11
15.998635
 21
-4.36493
 31
0.0
  0
LINE
  5
16C2
330
1F
100
AcDbEntity
  8
1
  6
CONTINUOUS
370
50
 62
4
100
AcDbLine
 10
36.623524
 20
4.193773
 30
0.0
 11
36.560299
 21
4.302293
 31
0.0
  0
LINE
  5
16C3
330
1F
100
AcDbEntity
  8
1
  6
CONTINUOUS
370
50
 62
4
100
AcDbLine
 10
36.560299
 20
4.302293
 30
0.0
 11
36.497082
 21
4.410731
 31
0.0
  0
LINE
  5
16C4
330
1F
100
AcDbEntity
  8
1
  6
CONTINUOUS
370
50
 62
4
100
AcDbLine
 10
14.186747
 20
3.930928
 30
0.0
 11
14.123505
 21
4.039394
 31
0.0
  0
LINE
  5
16C5
330
1F
100
AcDbEntity
  8
1
  6
CONTINUOUS
370
50
 62
4
100
AcDbLine
 10
15.998635
 20
-4.36493
 30
0.0
 11
15.935433
 21
-4.256564
 31
0.0
  0
LINE
  5
16C6
330
1F
100
AcDbEntity
  8
1
  6
CONTINUOUS
370
50
 62
4
100
AcDbLine
 10
36.497082
 20
4.410731
 30
0.0
 11
36.43387999999999
 21
4.519086
 31
0.0
  0
LINE
  5
16C7
330
1F
100
AcDbEntity
  8
1
  6
CONTINUOUS
370
50
 62
4
100
AcDbLine
 10
36.43387999999999
 20
4.519086
 30
0.0
 11
36.370682
 21
4.627356
 31
0.0
  0
LINE
  5
16C8
330
1F
100
AcDbEntity
  8
1
  6
CONTINUOUS
370
50
 62
4
100
AcDbLine
 10
14.25
 20
3.822574
 30
0.0
 11
14.186747
 21
3.930928
 31
0.0
  0
LINE
  5
16C9
330
1F
100
AcDbEntity
  8
1
  6
CONTINUOUS
370
50
 62
4
100
AcDbLine
 10
15.935433
 20
-4.256564
 30
0.0
 11
15.872218
 21
-4.148302
 31
0.0
  0
LINE
  5
16CA
330
1F
100
AcDbEntity
  8
1
  6
CONTINUOUS
370
50
 62
4
100
AcDbLine
 10
36.370682
 20
4.627356
 30
0.0
 11
36.307499
 21
4.735536
 31
0.0
  0
LINE
  5
16CB
330
1F
100
AcDbEntity
  8
1
  6
CONTINUOUS
370
50
 62
4
100
AcDbLine
 10
14.037871
 20
4.350987
 30
0.0
 11
13.998135
 21
4.418984
 31
0.0
  0
LINE
  5
16CC
330
1F
100
AcDbEntity
  8
1
  6
CONTINUOUS
370
50
 62
4
100
AcDbLine
 10
28.487362
 20
-4.510974
 30
0.0
 11
28.458927
 21
-4.46232
 31
0.0
  0
LINE
  5
16CD
330
1F
100
AcDbEntity
  8
1
  6
CONTINUOUS
370
50
 62
4
100
AcDbLine
 10
15.872218
 20
-4.148302
 30
0.0
 11
15.80899
 21
-4.040147999999999
 31
0.0
  0
LINE
  5
16CE
330
1F
100
AcDbEntity
  8
1
  6
CONTINUOUS
370
50
 62
4
100
AcDbLine
 10
15.120674
 20
4.404446
 30
0.0
 11
15.0575
 21
4.512383
 31
0.0
  0
LINE
  5
16CF
330
1F
100
AcDbEntity
  8
1
  6
CONTINUOUS
370
50
 62
4
100
AcDbLine
 10
15.80899
 20
-4.040147999999999
 30
0.0
 11
15.74575
 21
-3.932104
 31
0.0
  0
LINE
  5
16D0
330
1F
100
AcDbEntity
  8
1
  6
CONTINUOUS
370
50
 62
4
100
AcDbLine
 10
15.74575
 20
-3.932104
 30
0.0
 11
15.6825
 21
-3.824176
 31
0.0
  0
LINE
  5
16D1
330
1F
100
AcDbEntity
  8
1
  6
CONTINUOUS
370
50
 62
4
100
AcDbLine
 10
15.183862
 20
4.296633
 30
0.0
 11
15.120674
 21
4.404446
 31
0.0
  0
LINE
  5
16D2
330
1F
100
AcDbEntity
  8
1
  6
CONTINUOUS
370
50
 62
4
100
AcDbLine
 10
15.247064
 20
4.188948
 30
0.0
 11
15.183862
 21
4.296633
 31
0.0
  0
LINE
  5
16D3
330
1F
100
AcDbEntity
  8
1
  6
CONTINUOUS
370
50
 62
4
100
AcDbLine
 10
15.394985
 20
4.165469
 30
0.0
 11
15.336192
 21
4.265633999999999
 31
0.0
  0
LINE
  5
16D4
330
1F
100
AcDbEntity
  8
1
  6
CONTINUOUS
370
50
 62
4
100
AcDbLine
 10
35.5
 20
3.960124
 30
0.0
 11
35.436752
 21
4.067852
 31
0.0
  0
LINE
  5
16D5
330
1F
100
AcDbEntity
  8
1
  6
CONTINUOUS
370
50
 62
4
100
AcDbLine
 10
14.875
 20
-4.51152
 30
0.0
 11
14.811824
 21
-4.403976999999999
 31
0.0
  0
LINE
  5
16D6
330
1F
100
AcDbEntity
  8
1
  6
CONTINUOUS
370
50
 62
4
100
AcDbLine
 10
35.436752
 20
4.067852
 30
0.0
 11
35.373512
 21
4.175473999999999
 31
0.0
  0
LINE
  5
16D7
330
1F
100
AcDbEntity
  8
1
  6
CONTINUOUS
370
50
 62
4
100
AcDbLine
 10
15.310278
 20
4.081392
 30
0.0
 11
15.247064
 21
4.188948
 31
0.0
  0
LINE
  5
16D8
330
1F
100
AcDbEntity
  8
1
  6
CONTINUOUS
370
50
 62
4
100
AcDbLine
 10
29.665047
 20
-4.384981
 30
0.0
 11
29.621017
 21
-4.310072
 31
0.0
  0
LINE
  5
16D9
330
1F
100
AcDbEntity
  8
1
  6
CONTINUOUS
370
50
 62
4
100
AcDbLine
 10
16.750004
 20
3.983569
 30
0.0
 11
16.683249
 21
4.097087
 31
0.0
  0
LINE
  5
16DA
330
1F
100
AcDbEntity
  8
1
  6
CONTINUOUS
370
50
 62
4
100
AcDbLine
 10
35.373512
 20
4.175473999999999
 30
0.0
 11
35.310287
 21
4.282986999999999
 31
0.0
  0
LINE
  5
16DB
330
1F
100
AcDbEntity
  8
1
  6
CONTINUOUS
370
50
 62
4
100
AcDbLine
 10
27.322874
 20
-4.659119
 30
0.0
 11
27.309664
 21
-4.636661999999999
 31
0.0
  0
LINE
  5
16DC
330
1F
100
AcDbEntity
  8
1
  6
CONTINUOUS
370
50
 62
4
100
AcDbLine
 10
14.811824
 20
-4.403976999999999
 30
0.0
 11
14.748635
 21
-4.296564
 31
0.0
  0
LINE
  5
16DD
330
1F
100
AcDbEntity
  8
1
  6
CONTINUOUS
370
50
 62
4
100
AcDbLine
 10
35.310287
 20
4.282986999999999
 30
0.0
 11
35.247074
 21
4.390387
 31
0.0
  0
LINE
  5
16DE
330
1F
100
AcDbEntity
  8
1
  6
CONTINUOUS
370
50
 62
4
100
AcDbLine
 10
15.373507
 20
3.973967
 30
0.0
 11
15.310278
 21
4.081392
 31
0.0
  0
LINE
  5
16DF
330
1F
100
AcDbEntity
  8
1
  6
CONTINUOUS
370
50
 62
4
100
AcDbLine
 10
14.748635
 20
-4.296564
 30
0.0
 11
14.685433
 21
-4.189280999999999
 31
0.0
  0
LINE
  5
16E0
330
1F
100
AcDbEntity
  8
1
  6
CONTINUOUS
370
50
 62
4
100
AcDbLine
 10
35.247074
 20
4.390387
 30
0.0
 11
35.183868
 21
4.497674
 31
0.0
  0
LINE
  5
16E1
330
1F
100
AcDbEntity
  8
1
  6
CONTINUOUS
370
50
 62
4
100
AcDbLine
 10
15.436748
 20
3.866678
 30
0.0
 11
15.373507
 21
3.973967
 31
0.0
  0
LINE
  5
16E2
330
1F
100
AcDbEntity
  8
1
  6
CONTINUOUS
370
50
 62
4
100
AcDbLine
 10
35.183868
 20
4.497674
 30
0.0
 11
35.120678
 21
4.604844
 31
0.0
  0
LINE
  5
16E3
330
1F
100
AcDbEntity
  8
1
  6
CONTINUOUS
370
50
 62
4
100
AcDbLine
 10
16.999748
 20
1.089319
 30
0.0
 11
16.932499
 21
1.203365
 31
0.0
  0
LINE
  5
16E4
330
1F
100
AcDbEntity
  8
1
  6
CONTINUOUS
370
50
 62
4
100
AcDbLine
 10
14.685433
 20
-4.189280999999999
 30
0.0
 11
14.622219
 21
-4.082132
 31
0.0
  0
LINE
  5
16E5
330
1F
100
AcDbEntity
  8
1
  6
CONTINUOUS
370
50
 62
4
100
AcDbLine
 10
12.661246
 20
4.570055
 30
0.0
 11
12.640152
 21
4.605809
 31
0.0
  0
LINE
  5
16E6
330
1F
100
AcDbEntity
  8
1
  6
CONTINUOUS
370
50
 62
4
100
AcDbLine
 10
35.120678
 20
4.604844
 30
0.0
 11
35.057499
 21
4.711895
 31
0.0
  0
LINE
  5
16E7
330
1F
100
AcDbEntity
  8
1
  6
CONTINUOUS
370
50
 62
4
100
AcDbLine
 10
15.5
 20
3.759528
 30
0.0
 11
15.436748
 21
3.866678
 31
0.0
  0
LINE
  5
16E8
330
1F
100
AcDbEntity
  8
1
  6
CONTINUOUS
370
50
 62
4
100
AcDbLine
 10
30.842886
 20
-4.258994
 30
0.0
 11
30.782904
 21
-4.157471999999999
 31
0.0
  0
LINE
  5
16E9
330
1F
100
AcDbEntity
  8
1
  6
CONTINUOUS
370
50
 62
4
100
AcDbLine
 10
14.622219
 20
-4.082132
 30
0.0
 11
14.558991
 21
-3.97512
 31
0.0
  0
LINE
  5
16EA
330
1F
100
AcDbEntity
  8
1
  6
CONTINUOUS
370
50
 62
4
100
AcDbLine
 10
12.193582
 20
1.583485
 30
0.0
 11
12.130183
 21
1.690701
 31
0.0
  0
LINE
  5
16EB
330
1F
100
AcDbEntity
  8
1
  6
CONTINUOUS
370
50
 62
4
100
AcDbLine
 10
14.558991
 20
-3.97512
 30
0.0
 11
14.495751
 21
-3.868246
 31
0.0
  0
LINE
  5
16EC
330
1F
100
AcDbEntity
  8
1
  6
CONTINUOUS
370
50
 62
4
100
AcDbLine
 10
16.370676
 20
4.323619
 30
0.0
 11
16.307501
 21
4.430245
 31
0.0
  0
LINE
  5
16ED
330
1F
100
AcDbEntity
  8
1
  6
CONTINUOUS
370
50
 62
4
100
AcDbLine
 10
14.495751
 20
-3.868246
 30
0.0
 11
14.4325
 21
-3.761516
 31
0.0
  0
LINE
  5
16EE
330
1F
100
AcDbEntity
  8
1
  6
CONTINUOUS
370
50
 62
4
100
AcDbLine
 10
16.433863
 20
4.217144999999999
 30
0.0
 11
16.370676
 21
4.323619
 31
0.0
  0
LINE
  5
16EF
330
1F
100
AcDbEntity
  8
1
  6
CONTINUOUS
370
50
 62
4
100
AcDbLine
 10
32.021008
 20
-4.133243
 30
0.0
 11
31.944927
 21
-4.005091999999999
 31
0.0
  0
LINE
  5
16F0
330
1F
100
AcDbEntity
  8
1
  6
CONTINUOUS
370
50
 62
4
100
AcDbLine
 10
34.25
 20
3.93445
 30
0.0
 11
34.186752
 21
4.040947
 31
0.0
  0
LINE
  5
16F1
330
1F
100
AcDbEntity
  8
1
  6
CONTINUOUS
370
50
 62
4
100
AcDbLine
 10
16.497065
 20
4.110825999999999
 30
0.0
 11
16.433863
 21
4.217144999999999
 31
0.0
  0
LINE
  5
16F2
330
1F
100
AcDbEntity
  8
1
  6
CONTINUOUS
370
50
 62
4
100
AcDbLine
 10
34.186752
 20
4.040947
 30
0.0
 11
34.123512
 21
4.147313
 31
0.0
  0
LINE
  5
16F3
330
1F
100
AcDbEntity
  8
1
  6
CONTINUOUS
370
50
 62
4
100
AcDbLine
 10
13.625
 20
-4.428195
 30
0.0
 11
13.56204
 21
-4.322316
 31
0.0
  0
LINE
  5
16F4
330
1F
100
AcDbEntity
  8
1
  6
CONTINUOUS
370
50
 62
4
100
AcDbLine
 10
34.123512
 20
4.147313
 30
0.0
 11
34.060287
 21
4.253541999999999
 31
0.0
  0
LINE
  5
16F5
330
1F
100
AcDbEntity
  8
1
  6
CONTINUOUS
370
50
 62
4
100
AcDbLine
 10
16.56028
 20
4.004665
 30
0.0
 11
16.497065
 21
4.110825999999999
 31
0.0
  0
LINE
  5
16F6
330
1F
100
AcDbEntity
  8
1
  6
CONTINUOUS
370
50
 62
4
100
AcDbLine
 10
13.56204
 20
-4.322316
 30
0.0
 11
13.498983
 21
-4.216456
 31
0.0
  0
LINE
  5
16F7
330
1F
100
AcDbEntity
  8
1
  6
CONTINUOUS
370
50
 62
4
100
AcDbLine
 10
34.060287
 20
4.253541999999999
 30
0.0
 11
33.99707
 21
4.359633
 31
0.0
  0
LINE
  5
16F8
330
1F
100
AcDbEntity
  8
1
  6
CONTINUOUS
370
50
 62
4
100
AcDbLine
 10
27.336014
 20
-4.681162
 30
0.0
 11
27.322874
 21
-4.659119
 31
0.0
  0
LINE
  5
16F9
330
1F
100
AcDbEntity
  8
1
  6
CONTINUOUS
370
50
 62
4
100
AcDbLine
 10
16.623508
 20
3.898662
 30
0.0
 11
16.56028
 21
4.004665
 31
0.0
  0
LINE
  5
16FA
330
1F
100
AcDbEntity
  8
1
  6
CONTINUOUS
370
50
 62
4
100
AcDbLine
 10
33.99707
 20
4.359633
 30
0.0
 11
33.933868
 21
4.465583
 31
0.0
  0
LINE
  5
16FB
330
1F
100
AcDbEntity
  8
1
  6
CONTINUOUS
370
50
 62
4
100
AcDbLine
 10
13.498983
 20
-4.216456
 30
0.0
 11
13.435834
 21
-4.110627
 31
0.0
  0
LINE
  5
16FC
330
1F
100
AcDbEntity
  8
1
  6
CONTINUOUS
370
50
 62
4
100
AcDbLine
 10
33.933868
 20
4.465583
 30
0.0
 11
33.870678
 21
4.571391
 31
0.0
  0
LINE
  5
16FD
330
1F
100
AcDbEntity
  8
1
  6
CONTINUOUS
370
50
 62
4
100
AcDbLine
 10
16.686749
 20
3.792821
 30
0.0
 11
16.623508
 21
3.898662
 31
0.0
  0
LINE
  5
16FE
330
1F
100
AcDbEntity
  8
1
  6
CONTINUOUS
370
50
 62
4
100
AcDbLine
 10
13.435834
 20
-4.110627
 30
0.0
 11
13.372597
 21
-4.00484
 31
0.0
  0
LINE
  5
16FF
330
1F
100
AcDbEntity
  8
1
  6
CONTINUOUS
370
50
 62
4
100
AcDbLine
 10
33.870678
 20
4.571391
 30
0.0
 11
33.807499
 21
4.677053
 31
0.0
  0
LINE
  5
1700
330
1F
100
AcDbEntity
  8
1
  6
CONTINUOUS
370
50
 62
4
100
AcDbLine
 10
16.75
 20
3.687147
 30
0.0
 11
16.686749
 21
3.792821
 31
0.0
  0
LINE
  5
1701
330
1F
100
AcDbEntity
  8
1
  6
CONTINUOUS
370
50
 62
4
100
AcDbLine
 10
13.372597
 20
-4.00484
 30
0.0
 11
13.309278
 21
-3.899109
 31
0.0
  0
LINE
  5
1702
330
1F
100
AcDbEntity
  8
1
  6
CONTINUOUS
370
50
 62
4
100
AcDbLine
 10
12.640152
 20
4.605809
 30
0.0
 11
12.619229
 21
4.640728
 31
0.0
  0
LINE
  5
1703
330
1F
100
AcDbEntity
  8
1
  6
CONTINUOUS
370
50
 62
4
100
AcDbLine
 10
13.998135
 20
4.418984
 30
0.0
 11
13.958902
 21
4.484382
 31
0.0
  0
LINE
  5
1704
330
1F
100
AcDbEntity
  8
1
  6
CONTINUOUS
370
50
 62
4
100
AcDbLine
 10
13.309278
 20
-3.899109
 30
0.0
 11
13.245895
 21
-3.793472
 31
0.0
  0
LINE
  5
1705
330
1F
100
AcDbEntity
  8
1
  6
CONTINUOUS
370
50
 62
4
100
AcDbLine
 10
28.515499
 20
-4.557867
 30
0.0
 11
28.487362
 21
-4.510974
 31
0.0
  0
LINE
  5
1706
330
1F
100
AcDbEntity
  8
1
  6
CONTINUOUS
370
50
 62
4
100
AcDbLine
 10
13.245895
 20
-3.793472
 30
0.0
 11
13.1825
 21
-3.688008
 31
0.0
  0
LINE
  5
1707
330
1F
100
AcDbEntity
  8
1
  6
CONTINUOUS
370
50
 62
4
100
AcDbLine
 10
17.620676
 20
4.232049
 30
0.0
 11
17.557501
 21
4.337098999999999
 31
0.0
  0
LINE
  5
1708
330
1F
100
AcDbEntity
  8
1
  6
CONTINUOUS
370
50
 62
4
100
AcDbLine
 10
33.0
 20
3.899356
 30
0.0
 11
32.936752
 21
4.004357
 31
0.0
  0
LINE
  5
1709
330
1F
100
AcDbEntity
  8
1
  6
CONTINUOUS
370
50
 62
4
100
AcDbLine
 10
17.683865
 20
4.127179
 30
0.0
 11
17.620676
 21
4.232049
 31
0.0
  0
LINE
  5
170A
330
1F
100
AcDbEntity
  8
1
  6
CONTINUOUS
370
50
 62
4
100
AcDbLine
 10
32.936752
 20
4.004357
 30
0.0
 11
32.873512
 21
4.1092
 31
0.0
  0
LINE
  5
170B
330
1F
100
AcDbEntity
  8
1
  6
CONTINUOUS
370
50
 62
4
100
AcDbLine
 10
17.747066
 20
4.022489
 30
0.0
 11
17.683865
 21
4.127179
 31
0.0
  0
LINE
  5
170C
330
1F
100
AcDbEntity
  8
1
  6
CONTINUOUS
370
50
 62
4
100
AcDbLine
 10
32.873512
 20
4.1092
 30
0.0
 11
32.810284
 21
4.21388
 31
0.0
  0
LINE
  5
170D
330
1F
100
AcDbEntity
  8
1
  6
CONTINUOUS
370
50
 62
4
100
AcDbLine
 10
27.349083
 20
-4.702790999999999
 30
0.0
 11
27.336014
 21
-4.681162
 31
0.0
  0
LINE
  5
170E
330
1F
100
AcDbEntity
  8
1
  6
CONTINUOUS
370
50
 62
4
100
AcDbLine
 10
12.375
 20
-4.332811
 30
0.0
 11
12.311824
 21
-4.228264
 31
0.0
  0
LINE
  5
170F
330
1F
100
AcDbEntity
  8
1
  6
CONTINUOUS
370
50
 62
4
100
AcDbLine
 10
32.810284
 20
4.21388
 30
0.0
 11
32.74707
 21
4.318394
 31
0.0
  0
LINE
  5
1710
330
1F
100
AcDbEntity
  8
1
  6
CONTINUOUS
370
50
 62
4
100
AcDbLine
 10
13.38052
 20
1.481125
 30
0.0
 11
13.315841
 21
1.58806
 31
0.0
  0
LINE
  5
1711
330
1F
100
AcDbEntity
  8
1
  6
CONTINUOUS
370
50
 62
4
100
AcDbLine
 10
17.810282
 20
3.917983
 30
0.0
 11
17.747066
 21
4.022489
 31
0.0
  0
LINE
  5
1712
330
1F
100
AcDbEntity
  8
1
  6
CONTINUOUS
370
50
 62
4
100
AcDbLine
 10
12.311824
 20
-4.228264
 30
0.0
 11
12.248635
 21
-4.123908999999999
 31
0.0
  0
LINE
  5
1713
330
1F
100
AcDbEntity
  8
1
  6
CONTINUOUS
370
50
 62
4
100
AcDbLine
 10
32.74707
 20
4.318394
 30
0.0
 11
32.683868
 21
4.42274
 31
0.0
  0
LINE
  5
1714
330
1F
100
AcDbEntity
  8
1
  6
CONTINUOUS
370
50
 62
4
100
AcDbLine
 10
17.873508
 20
3.813663
 30
0.0
 11
17.810282
 21
3.917983
 31
0.0
  0
LINE
  5
1715
330
1F
100
AcDbEntity
  8
1
  6
CONTINUOUS
370
50
 62
4
100
AcDbLine
 10
32.683868
 20
4.42274
 30
0.0
 11
32.620678
 21
4.526917
 31
0.0
  0
LINE
  5
1716
330
1F
100
AcDbEntity
  8
1
  6
CONTINUOUS
370
50
 62
4
100
AcDbLine
 10
12.248635
 20
-4.123908999999999
 30
0.0
 11
12.185433
 21
-4.019748
 31
0.0
  0
LINE
  5
1717
330
1F
100
AcDbEntity
  8
1
  6
CONTINUOUS
370
50
 62
4
100
AcDbLine
 10
17.936749
 20
3.709531
 30
0.0
 11
17.873508
 21
3.813663
 31
0.0
  0
LINE
  5
1718
330
1F
100
AcDbEntity
  8
1
  6
CONTINUOUS
370
50
 62
4
100
AcDbLine
 10
32.620678
 20
4.526917
 30
0.0
 11
32.557499
 21
4.630922
 31
0.0
  0
LINE
  5
1719
330
1F
100
AcDbEntity
  8
1
  6
CONTINUOUS
370
50
 62
4
100
AcDbLine
 10
12.185433
 20
-4.019748
 30
0.0
 11
12.122219
 21
-3.915781
 31
0.0
  0
LINE
  5
171A
330
1F
100
AcDbEntity
  8
1
  6
CONTINUOUS
370
50
 62
4
100
AcDbLine
 10
18.0
 20
3.605592
 30
0.0
 11
17.936749
 21
3.709531
 31
0.0
  0
LINE
  5
171B
330
1F
100
AcDbEntity
  8
1
  6
CONTINUOUS
370
50
 62
4
100
AcDbLine
 10
12.619229
 20
4.640728
 30
0.0
 11
12.598479
 21
4.674799999999999
 31
0.0
  0
LINE
  5
171C
330
1F
100
AcDbEntity
  8
1
  6
CONTINUOUS
370
50
 62
4
100
AcDbLine
 10
12.122219
 20
-3.915781
 30
0.0
 11
12.058992
 21
-3.812012
 31
0.0
  0
LINE
  5
171D
330
1F
100
AcDbEntity
  8
1
  6
CONTINUOUS
370
50
 62
4
100
AcDbLine
 10
15.336192
 20
4.265633999999999
 30
0.0
 11
15.27832
 21
4.360614
 31
0.0
  0
LINE
  5
171E
330
1F
100
AcDbEntity
  8
1
  6
CONTINUOUS
370
50
 62
4
100
AcDbLine
 10
12.058992
 20
-3.812012
 30
0.0
 11
11.995752
 21
-3.708443
 31
0.0
  0
LINE
  5
171F
330
1F
100
AcDbEntity
  8
1
  6
CONTINUOUS
370
50
 62
4
100
AcDbLine
 10
29.708405
 20
-4.455897
 30
0.0
 11
29.665047
 21
-4.384981
 31
0.0
  0
LINE
  5
1720
330
1F
100
AcDbEntity
  8
1
  6
CONTINUOUS
370
50
 62
4
100
AcDbLine
 10
11.995752
 20
-3.708443
 30
0.0
 11
11.9325
 21
-3.605074
 31
0.0
  0
LINE
  5
1721
330
1F
100
AcDbEntity
  8
1
  6
CONTINUOUS
370
50
 62
4
100
AcDbLine
 10
18.870676
 20
4.129827
 30
0.0
 11
18.807501
 21
4.233046
 31
0.0
  0
LINE
  5
1722
330
1F
100
AcDbEntity
  8
1
  6
CONTINUOUS
370
50
 62
4
100
AcDbLine
 10
16.683249
 20
4.097087
 30
0.0
 11
16.617571
 21
4.20435
 31
0.0
  0
LINE
  5
1723
330
1F
100
AcDbEntity
  8
1
  6
CONTINUOUS
370
50
 62
4
100
AcDbLine
 10
31.75
 20
3.854721
 30
0.0
 11
31.68675
 21
3.957954
 31
0.0
  0
LINE
  5
1724
330
1F
100
AcDbEntity
  8
1
  6
CONTINUOUS
370
50
 62
4
100
AcDbLine
 10
27.362082
 20
-4.724002
 30
0.0
 11
27.349083
 21
-4.702790999999999
 31
0.0
  0
LINE
  5
1725
330
1F
100
AcDbEntity
  8
1
  6
CONTINUOUS
370
50
 62
4
100
AcDbLine
 10
18.933865
 20
4.026813
 30
0.0
 11
18.870676
 21
4.129827
 31
0.0
  0
LINE
  5
1726
330
1F
100
AcDbEntity
  8
1
  6
CONTINUOUS
370
50
 62
4
100
AcDbLine
 10
31.68675
 20
3.957954
 30
0.0
 11
31.623512
 21
4.061002
 31
0.0
  0
LINE
  5
1727
330
1F
100
AcDbEntity
  8
1
  6
CONTINUOUS
370
50
 62
4
100
AcDbLine
 10
31.623512
 20
4.061002
 30
0.0
 11
31.560284
 21
4.163859
 31
0.0
  0
LINE
  5
1728
330
1F
100
AcDbEntity
  8
1
  6
CONTINUOUS
370
50
 62
4
100
AcDbLine
 10
18.997066
 20
3.924007
 30
0.0
 11
18.933865
 21
4.026813
 31
0.0
  0
LINE
  5
1729
330
1F
100
AcDbEntity
  8
1
  6
CONTINUOUS
370
50
 62
4
100
AcDbLine
 10
31.560284
 20
4.163859
 30
0.0
 11
31.49707
 21
4.266522999999999
 31
0.0
  0
LINE
  5
172A
330
1F
100
AcDbEntity
  8
1
  6
CONTINUOUS
370
50
 62
4
100
AcDbLine
 10
19.060282
 20
3.82141
 30
0.0
 11
18.997066
 21
3.924007
 31
0.0
  0
LINE
  5
172B
330
1F
100
AcDbEntity
  8
1
  6
CONTINUOUS
370
50
 62
4
100
AcDbLine
 10
31.49707
 20
4.266522999999999
 30
0.0
 11
31.433867
 21
4.368992
 31
0.0
  0
LINE
  5
172C
330
1F
100
AcDbEntity
  8
1
  6
CONTINUOUS
370
50
 62
4
100
AcDbLine
 10
28.543333
 20
-4.602975
 30
0.0
 11
28.515499
 21
-4.557867
 31
0.0
  0
LINE
  5
172D
330
1F
100
AcDbEntity
  8
1
  6
CONTINUOUS
370
50
 62
4
100
AcDbLine
 10
13.958902
 20
4.484382
 30
0.0
 11
13.920216
 21
4.547060999999999
 31
0.0
  0
LINE
  5
172E
330
1F
100
AcDbEntity
  8
1
  6
CONTINUOUS
370
50
 62
4
100
AcDbLine
 10
19.12351
 20
3.719025
 30
0.0
 11
19.060282
 21
3.82141
 31
0.0
  0
LINE
  5
172F
330
1F
100
AcDbEntity
  8
1
  6
CONTINUOUS
370
50
 62
4
100
AcDbLine
 10
31.433867
 20
4.368992
 30
0.0
 11
31.370678
 21
4.471263
 31
0.0
  0
LINE
  5
1730
330
1F
100
AcDbEntity
  8
1
  6
CONTINUOUS
370
50
 62
4
100
AcDbLine
 10
31.370678
 20
4.471263
 30
0.0
 11
31.307501
 21
4.573335999999999
 31
0.0
  0
LINE
  5
1731
330
1F
100
AcDbEntity
  8
1
  6
CONTINUOUS
370
50
 62
4
100
AcDbLine
 10
19.186749
 20
3.616854
 30
0.0
 11
19.12351
 21
3.719025
 31
0.0
  0
LINE
  5
1732
330
1F
100
AcDbEntity
  8
1
  6
CONTINUOUS
370
50
 62
4
100
AcDbLine
 10
14.565804
 20
1.38241
 30
0.0
 11
14.499746
 21
1.489057
 31
0.0
  0
LINE
  5
1733
330
1F
100
AcDbEntity
  8
1
  6
CONTINUOUS
370
50
 62
4
100
AcDbLine
 10
12.598479
 20
4.674799999999999
 30
0.0
 11
12.577903
 21
4.708015
 31
0.0
  0
LINE
  5
1734
330
1F
100
AcDbEntity
  8
1
  6
CONTINUOUS
370
50
 62
4
100
AcDbLine
 10
19.25
 20
3.514902
 30
0.0
 11
19.186749
 21
3.616854
 31
0.0
  0
LINE
  5
1735
330
1F
100
AcDbEntity
  8
1
  6
CONTINUOUS
370
50
 62
4
100
AcDbLine
 10
27.37501
 20
-4.744793
 30
0.0
 11
27.362082
 21
-4.724002
 31
0.0
  0
LINE
  5
1736
330
1F
100
AcDbEntity
  8
1
  6
CONTINUOUS
370
50
 62
4
100
AcDbLine
 10
30.901697
 20
-4.353464
 30
0.0
 11
30.842886
 21
-4.258994
 31
0.0
  0
LINE
  5
1737
330
1F
100
AcDbEntity
  8
1
  6
CONTINUOUS
370
50
 62
4
100
AcDbLine
 10
20.120676
 20
4.016907
 30
0.0
 11
20.057501
 21
4.118047
 31
0.0
  0
LINE
  5
1738
330
1F
100
AcDbEntity
  8
1
  6
CONTINUOUS
370
50
 62
4
100
AcDbLine
 10
30.5
 20
3.80036
 30
0.0
 11
30.43675
 21
3.901546
 31
0.0
  0
LINE
  5
1739
330
1F
100
AcDbEntity
  8
1
  6
CONTINUOUS
370
50
 62
4
100
AcDbLine
 10
18.000004
 20
3.978438
 30
0.0
 11
17.933247
 21
4.085084
 31
0.0
  0
LINE
  5
173A
330
1F
100
AcDbEntity
  8
1
  6
CONTINUOUS
370
50
 62
4
100
AcDbLine
 10
20.183867
 20
3.915998
 30
0.0
 11
20.120676
 21
4.016907
 31
0.0
  0
LINE
  5
173B
330
1F
100
AcDbEntity
  8
1
  6
CONTINUOUS
370
50
 62
4
100
AcDbLine
 10
30.43675
 20
3.901546
 30
0.0
 11
30.37351
 21
4.002518
 31
0.0
  0
LINE
  5
173C
330
1F
100
AcDbEntity
  8
1
  6
CONTINUOUS
370
50
 62
4
100
AcDbLine
 10
30.37351
 20
4.002518
 30
0.0
 11
30.310282
 21
4.103272
 31
0.0
  0
LINE
  5
173D
330
1F
100
AcDbEntity
  8
1
  6
CONTINUOUS
370
50
 62
4
100
AcDbLine
 10
37.375011
 20
2.274037
 30
0.0
 11
37.316067
 21
2.367952
 31
0.0
  0
LINE
  5
173E
330
1F
100
AcDbEntity
  8
1
  6
CONTINUOUS
370
50
 62
4
100
AcDbLine
 10
20.247068
 20
3.815322
 30
0.0
 11
20.183867
 21
3.915998
 31
0.0
  0
LINE
  5
173F
330
1F
100
AcDbEntity
  8
1
  6
CONTINUOUS
370
50
 62
4
100
AcDbLine
 10
33.249748
 20
-4.087323
 30
0.0
 11
33.182499
 21
-3.980228
 31
0.0
  0
LINE
  5
1740
330
1F
100
AcDbEntity
  8
1
  6
CONTINUOUS
370
50
 62
4
100
AcDbLine
 10
30.310282
 20
4.103272
 30
0.0
 11
30.247068
 21
4.203804
 31
0.0
  0
LINE
  5
1741
330
1F
100
AcDbEntity
  8
1
  6
CONTINUOUS
370
50
 62
4
100
AcDbLine
 10
20.310282
 20
3.714882
 30
0.0
 11
20.247068
 21
3.815322
 31
0.0
  0
LINE
  5
1742
330
1F
100
AcDbEntity
  8
1
  6
CONTINUOUS
370
50
 62
4
100
AcDbLine
 10
30.247068
 20
4.203804
 30
0.0
 11
30.183867
 21
4.304113
 31
0.0
  0
LINE
  5
1743
330
1F
100
AcDbEntity
  8
1
  6
CONTINUOUS
370
50
 62
4
100
AcDbLine
 10
12.577903
 20
4.708015
 30
0.0
 11
12.557502
 21
4.740364
 31
0.0
  0
LINE
  5
1744
330
1F
100
AcDbEntity
  8
1
  6
CONTINUOUS
370
50
 62
4
100
AcDbLine
 10
20.37351
 20
3.614679
 30
0.0
 11
20.310282
 21
3.714882
 31
0.0
  0
LINE
  5
1745
330
1F
100
AcDbEntity
  8
1
  6
CONTINUOUS
370
50
 62
4
100
AcDbLine
 10
30.183867
 20
4.304113
 30
0.0
 11
30.120676
 21
4.404196
 31
0.0
  0
LINE
  5
1746
330
1F
100
AcDbEntity
  8
1
  6
CONTINUOUS
370
50
 62
4
100
AcDbLine
 10
20.436749
 20
3.514717
 30
0.0
 11
20.37351
 21
3.614679
 31
0.0
  0
LINE
  5
1747
330
1F
100
AcDbEntity
  8
1
  6
CONTINUOUS
370
50
 62
4
100
AcDbLine
 10
30.120676
 20
4.404196
 30
0.0
 11
30.057501
 21
4.504053
 31
0.0
  0
LINE
  5
1748
330
1F
100
AcDbEntity
  8
1
  6
CONTINUOUS
370
50
 62
4
100
AcDbLine
 10
32.095451
 20
-4.250749
 30
0.0
 11
32.021008
 21
-4.133243
 31
0.0
  0
LINE
  5
1749
330
1F
100
AcDbEntity
  8
1
  6
CONTINUOUS
370
50
 62
4
100
AcDbLine
 10
15.749747
 20
1.290013
 30
0.0
 11
15.682499
 21
1.396043
 31
0.0
  0
LINE
  5
174A
330
1F
100
AcDbEntity
  8
1
  6
CONTINUOUS
370
50
 62
4
100
AcDbLine
 10
20.5
 20
3.414999
 30
0.0
 11
20.436749
 21
3.514717
 31
0.0
  0
LINE
  5
174B
330
1F
100
AcDbEntity
  8
1
  6
CONTINUOUS
370
50
 62
4
100
AcDbLine
 10
15.27832
 20
4.360614
 30
0.0
 11
15.221417
 21
4.450176
 31
0.0
  0
LINE
  5
174C
330
1F
100
AcDbEntity
  8
1
  6
CONTINUOUS
370
50
 62
4
100
AcDbLine
 10
28.570864
 20
-4.646275
 30
0.0
 11
28.543333
 21
-4.602975
 31
0.0
  0
LINE
  5
174D
330
1F
100
AcDbEntity
  8
1
  6
CONTINUOUS
370
50
 62
4
100
AcDbLine
 10
13.920216
 20
4.547060999999999
 30
0.0
 11
13.882081
 21
4.606959
 31
0.0
  0
LINE
  5
174E
330
1F
100
AcDbEntity
  8
1
  6
CONTINUOUS
370
50
 62
4
100
AcDbLine
 10
29.751083
 20
-4.522747
 30
0.0
 11
29.708405
 21
-4.455897
 31
0.0
  0
LINE
  5
174F
330
1F
100
AcDbEntity
  8
1
  6
CONTINUOUS
370
50
 62
4
100
AcDbLine
 10
21.370676
 20
3.893122
 30
0.0
 11
21.307501
 21
3.991938
 31
0.0
  0
LINE
  5
1750
330
1F
100
AcDbEntity
  8
1
  6
CONTINUOUS
370
50
 62
4
100
AcDbLine
 10
29.25
 20
3.736026
 30
0.0
 11
29.186749
 21
3.834877
 31
0.0
  0
LINE
  5
1751
330
1F
100
AcDbEntity
  8
1
  6
CONTINUOUS
370
50
 62
4
100
AcDbLine
 10
16.617571
 20
4.20435
 30
0.0
 11
16.553001
 21
4.305096
 31
0.0
  0
LINE
  5
1752
330
1F
100
AcDbEntity
  8
1
  6
CONTINUOUS
370
50
 62
4
100
AcDbLine
 10
21.433865
 20
3.794563
 30
0.0
 11
21.370676
 21
3.893122
 31
0.0
  0
LINE
  5
1753
330
1F
100
AcDbEntity
  8
1
  6
CONTINUOUS
370
50
 62
4
100
AcDbLine
 10
29.186749
 20
3.834877
 30
0.0
 11
29.123508
 21
3.933485
 31
0.0
  0
LINE
  5
1754
330
1F
100
AcDbEntity
  8
1
  6
CONTINUOUS
370
50
 62
4
100
AcDbLine
 10
29.123508
 20
3.933485
 30
0.0
 11
29.06028
 21
4.031847
 31
0.0
  0
LINE
  5
1755
330
1F
100
AcDbEntity
  8
1
  6
CONTINUOUS
370
50
 62
4
100
AcDbLine
 10
21.497066
 20
3.696264
 30
0.0
 11
21.433865
 21
3.794563
 31
0.0
  0
LINE
  5
1756
330
1F
100
AcDbEntity
  8
1
  6
CONTINUOUS
370
50
 62
4
100
AcDbLine
 10
29.06028
 20
4.031847
 30
0.0
 11
28.997066
 21
4.129957
 31
0.0
  0
LINE
  5
1757
330
1F
100
AcDbEntity
  8
1
  6
CONTINUOUS
370
50
 62
4
100
AcDbLine
 10
21.560282
 20
3.598225
 30
0.0
 11
21.497066
 21
3.696264
 31
0.0
  0
LINE
  5
1758
330
1F
100
AcDbEntity
  8
1
  6
CONTINUOUS
370
50
 62
4
100
AcDbLine
 10
28.997066
 20
4.129957
 30
0.0
 11
28.933865
 21
4.227815
 31
0.0
  0
LINE
  5
1759
330
1F
100
AcDbEntity
  8
1
  6
CONTINUOUS
370
50
 62
4
100
AcDbLine
 10
21.62351
 20
3.50045
 30
0.0
 11
21.560282
 21
3.598225
 31
0.0
  0
LINE
  5
175A
330
1F
100
AcDbEntity
  8
1
  6
CONTINUOUS
370
50
 62
4
100
AcDbLine
 10
28.933865
 20
4.227815
 30
0.0
 11
28.870676
 21
4.325418
 31
0.0
  0
LINE
  5
175B
330
1F
100
AcDbEntity
  8
1
  6
CONTINUOUS
370
50
 62
4
100
AcDbLine
 10
21.686749
 20
3.402942
 30
0.0
 11
21.62351
 21
3.50045
 31
0.0
  0
LINE
  5
175C
330
1F
100
AcDbEntity
  8
1
  6
CONTINUOUS
370
50
 62
4
100
AcDbLine
 10
28.870676
 20
4.325418
 30
0.0
 11
28.807501
 21
4.422766
 31
0.0
  0
LINE
  5
175D
330
1F
100
AcDbEntity
  8
1
  6
CONTINUOUS
370
50
 62
4
100
AcDbLine
 10
21.75
 20
3.305704
 30
0.0
 11
21.686749
 21
3.402942
 31
0.0
  0
LINE
  5
175E
330
1F
100
AcDbEntity
  8
1
  6
CONTINUOUS
370
50
 62
4
100
AcDbLine
 10
17.933247
 20
4.085084
 30
0.0
 11
17.867567
 21
4.185194
 31
0.0
  0
LINE
  5
175F
330
1F
100
AcDbEntity
  8
1
  6
CONTINUOUS
370
50
 62
4
100
AcDbLine
 10
22.620676
 20
3.758198
 30
0.0
 11
22.557501
 21
3.854444
 31
0.0
  0
LINE
  5
1760
330
1F
100
AcDbEntity
  8
1
  6
CONTINUOUS
370
50
 62
4
100
AcDbLine
 10
28.598089
 20
-4.687743
 30
0.0
 11
28.570864
 21
-4.646275
 31
0.0
  0
LINE
  5
1761
330
1F
100
AcDbEntity
  8
1
  6
CONTINUOUS
370
50
 62
4
100
AcDbLine
 10
28.0
 20
3.661423
 30
0.0
 11
27.936749
 21
3.757643
 31
0.0
  0
LINE
  5
1762
330
1F
100
AcDbEntity
  8
1
  6
CONTINUOUS
370
50
 62
4
100
AcDbLine
 10
12.130183
 20
1.690701
 30
0.0
 11
12.065487
 21
1.788979
 31
0.0
  0
LINE
  5
1763
330
1F
100
AcDbEntity
  8
1
  6
CONTINUOUS
370
50
 62
4
100
AcDbLine
 10
22.683865
 20
3.662234
 30
0.0
 11
22.620676
 21
3.758198
 31
0.0
  0
LINE
  5
1764
330
1F
100
AcDbEntity
  8
1
  6
CONTINUOUS
370
50
 62
4
100
AcDbLine
 10
13.882081
 20
4.606959
 30
0.0
 11
13.844507
 21
4.664014
 31
0.0
  0
LINE
  5
1765
330
1F
100
AcDbEntity
  8
1
  6
CONTINUOUS
370
50
 62
4
100
AcDbLine
 10
27.936749
 20
3.757643
 30
0.0
 11
27.873507
 21
3.85359
 31
0.0
  0
LINE
  5
1766
330
1F
100
AcDbEntity
  8
1
  6
CONTINUOUS
370
50
 62
4
100
AcDbLine
 10
30.959324
 20
-4.440722
 30
0.0
 11
30.901697
 21
-4.353464
 31
0.0
  0
LINE
  5
1767
330
1F
100
AcDbEntity
  8
1
  6
CONTINUOUS
370
50
 62
4
100
AcDbLine
 10
22.747066
 20
3.566556
 30
0.0
 11
22.683865
 21
3.662234
 31
0.0
  0
LINE
  5
1768
330
1F
100
AcDbEntity
  8
1
  6
CONTINUOUS
370
50
 62
4
100
AcDbLine
 10
27.873507
 20
3.85359
 30
0.0
 11
27.810278
 21
3.94926
 31
0.0
  0
LINE
  5
1769
330
1F
100
AcDbEntity
  8
1
  6
CONTINUOUS
370
50
 62
4
100
AcDbLine
 10
27.810278
 20
3.94926
 30
0.0
 11
27.747063
 21
4.04465
 31
0.0
  0
LINE
  5
176A
330
1F
100
AcDbEntity
  8
1
  6
CONTINUOUS
370
50
 62
4
100
AcDbLine
 10
22.810282
 20
3.471166
 30
0.0
 11
22.747066
 21
3.566556
 31
0.0
  0
LINE
  5
176B
330
1F
100
AcDbEntity
  8
1
  6
CONTINUOUS
370
50
 62
4
100
AcDbLine
 10
27.747063
 20
4.04465
 30
0.0
 11
27.683863
 21
4.139756999999999
 31
0.0
  0
LINE
  5
176C
330
1F
100
AcDbEntity
  8
1
  6
CONTINUOUS
370
50
 62
4
100
AcDbLine
 10
22.873508
 20
3.376065
 30
0.0
 11
22.810282
 21
3.471166
 31
0.0
  0
LINE
  5
176D
330
1F
100
AcDbEntity
  8
1
  6
CONTINUOUS
370
50
 62
4
100
AcDbLine
 10
4.603765
 20
-0.884026
 30
0.0
 11
4.583431
 21
-0.853493
 31
0.0
  0
LINE
  5
176E
330
1F
100
AcDbEntity
  8
1
  6
CONTINUOUS
370
50
 62
4
100
AcDbLine
 10
15.221417
 20
4.450176
 30
0.0
 11
15.165623
 21
4.533947
 31
0.0
  0
LINE
  5
176F
330
1F
100
AcDbEntity
  8
1
  6
CONTINUOUS
370
50
 62
4
100
AcDbLine
 10
27.683863
 20
4.139756999999999
 30
0.0
 11
27.620674
 21
4.234580999999999
 31
0.0
  0
LINE
  5
1770
330
1F
100
AcDbEntity
  8
1
  6
CONTINUOUS
370
50
 62
4
100
AcDbLine
 10
22.936749
 20
3.281257
 30
0.0
 11
22.873508
 21
3.376065
 31
0.0
  0
LINE
  5
1771
330
1F
100
AcDbEntity
  8
1
  6
CONTINUOUS
370
50
 62
4
100
AcDbLine
 10
27.620674
 20
4.234580999999999
 30
0.0
 11
27.557501
 21
4.329117
 31
0.0
  0
LINE
  5
1772
330
1F
100
AcDbEntity
  8
1
  6
CONTINUOUS
370
50
 62
4
100
AcDbLine
 10
33.315807
 20
-4.186077
 30
0.0
 11
33.249748
 21
-4.087323
 31
0.0
  0
LINE
  5
1773
330
1F
100
AcDbEntity
  8
1
  6
CONTINUOUS
370
50
 62
4
100
AcDbLine
 10
23.0
 20
3.186746
 30
0.0
 11
22.936749
 21
3.281257
 31
0.0
  0
LINE
  5
1774
330
1F
100
AcDbEntity
  8
1
  6
CONTINUOUS
370
50
 62
4
100
AcDbLine
 10
29.793079
 20
-4.585456
 30
0.0
 11
29.751083
 21
-4.522747
 31
0.0
  0
LINE
  5
1775
330
1F
100
AcDbEntity
  8
1
  6
CONTINUOUS
370
50
 62
4
100
AcDbLine
 10
19.250004
 20
3.96304
 30
0.0
 11
19.183245
 21
4.062552999999999
 31
0.0
  0
LINE
  5
1776
330
1F
100
AcDbEntity
  8
1
  6
CONTINUOUS
370
50
 62
4
100
AcDbLine
 10
13.315841
 20
1.58806
 30
0.0
 11
13.249768
 21
1.68628
 31
0.0
  0
LINE
  5
1777
330
1F
100
AcDbEntity
  8
1
  6
CONTINUOUS
370
50
 62
4
100
AcDbLine
 10
16.553001
 20
4.305096
 30
0.0
 11
16.489586
 21
4.399056
 31
0.0
  0
LINE
  5
1778
330
1F
100
AcDbEntity
  8
1
  6
CONTINUOUS
370
50
 62
4
100
AcDbLine
 10
23.870676
 20
3.611772
 30
0.0
 11
23.807501
 21
3.705201
 31
0.0
  0
LINE
  5
1779
330
1F
100
AcDbEntity
  8
1
  6
CONTINUOUS
370
50
 62
4
100
AcDbLine
 10
37.375
 20
-3.742484
 30
0.0
 11
37.311829
 21
-3.64914
 31
0.0
  0
LINE
  5
177A
330
1F
100
AcDbEntity
  8
1
  6
CONTINUOUS
370
50
 62
4
100
AcDbLine
 10
34.499752
 20
-4.066773
 30
0.0
 11
34.432499
 21
-3.967576
 31
0.0
  0
LINE
  5
177B
330
1F
100
AcDbEntity
  8
1
  6
CONTINUOUS
370
50
 62
4
100
AcDbLine
 10
23.933865
 20
3.518653
 30
0.0
 11
23.870676
 21
3.611772
 31
0.0
  0
LINE
  5
177C
330
1F
100
AcDbEntity
  8
1
  6
CONTINUOUS
370
50
 62
4
100
AcDbLine
 10
37.311829
 20
-3.64914
 30
0.0
 11
37.248646
 21
-3.556127
 31
0.0
  0
LINE
  5
177D
330
1F
100
AcDbEntity
  8
1
  6
CONTINUOUS
370
50
 62
4
100
AcDbLine
 10
28.62501
 20
-4.727355999999999
 30
0.0
 11
28.598089
 21
-4.687743
 31
0.0
  0
LINE
  5
177E
330
1F
100
AcDbEntity
  8
1
  6
CONTINUOUS
370
50
 62
4
100
AcDbLine
 10
23.997065
 20
3.425845
 30
0.0
 11
23.933865
 21
3.518653
 31
0.0
  0
LINE
  5
177F
330
1F
100
AcDbEntity
  8
1
  6
CONTINUOUS
370
50
 62
4
100
AcDbLine
 10
26.649473
 20
3.724342
 30
0.0
 11
26.592449
 21
3.80804
 31
0.0
  0
LINE
  5
1780
330
1F
100
AcDbEntity
  8
1
  6
CONTINUOUS
370
50
 62
4
100
AcDbLine
 10
37.248646
 20
-3.556127
 30
0.0
 11
37.185444
 21
-3.463447
 31
0.0
  0
LINE
  5
1781
330
1F
100
AcDbEntity
  8
1
  6
CONTINUOUS
370
50
 62
4
100
AcDbLine
 10
26.592449
 20
3.80804
 30
0.0
 11
26.535437
 21
3.891485
 31
0.0
  0
LINE
  5
1782
330
1F
100
AcDbEntity
  8
1
  6
CONTINUOUS
370
50
 62
4
100
AcDbLine
 10
32.168095
 20
-4.357067
 30
0.0
 11
32.095451
 21
-4.250749
 31
0.0
  0
LINE
  5
1783
330
1F
100
AcDbEntity
  8
1
  6
CONTINUOUS
370
50
 62
4
100
AcDbLine
 10
13.844507
 20
4.664014
 30
0.0
 11
13.807502
 21
4.718164
 31
0.0
  0
LINE
  5
1784
330
1F
100
AcDbEntity
  8
1
  6
CONTINUOUS
370
50
 62
4
100
AcDbLine
 10
24.06028
 20
3.333352
 30
0.0
 11
23.997065
 21
3.425845
 31
0.0
  0
LINE
  5
1785
330
1F
100
AcDbEntity
  8
1
  6
CONTINUOUS
370
50
 62
4
100
AcDbLine
 10
37.185444
 20
-3.463447
 30
0.0
 11
37.122227
 21
-3.3711
 31
0.0
  0
LINE
  5
1786
330
1F
100
AcDbEntity
  8
1
  6
CONTINUOUS
370
50
 62
4
100
AcDbLine
 10
26.535437
 20
3.891485
 30
0.0
 11
26.478436
 21
3.974677
 31
0.0
  0
LINE
  5
1787
330
1F
100
AcDbEntity
  8
1
  6
CONTINUOUS
370
50
 62
4
100
AcDbLine
 10
24.123508
 20
3.241176
 30
0.0
 11
24.06028
 21
3.333352
 31
0.0
  0
LINE
  5
1788
330
1F
100
AcDbEntity
  8
1
  6
CONTINUOUS
370
50
 62
4
100
AcDbLine
 10
26.478436
 20
3.974677
 30
0.0
 11
26.421446
 21
4.057614
 31
0.0
  0
LINE
  5
1789
330
1F
100
AcDbEntity
  8
1
  6
CONTINUOUS
370
50
 62
4
100
AcDbLine
 10
37.122227
 20
-3.3711
 30
0.0
 11
37.058998
 21
-3.279087
 31
0.0
  0
LINE
  5
178A
330
1F
100
AcDbEntity
  8
1
  6
CONTINUOUS
370
50
 62
4
100
AcDbLine
 10
14.499746
 20
1.489057
 30
0.0
 11
14.432499
 21
1.586763
 31
0.0
  0
LINE
  5
178B
330
1F
100
AcDbEntity
  8
1
  6
CONTINUOUS
370
50
 62
4
100
AcDbLine
 10
24.186749
 20
3.149319
 30
0.0
 11
24.123508
 21
3.241176
 31
0.0
  0
LINE
  5
178C
330
1F
100
AcDbEntity
  8
1
  6
CONTINUOUS
370
50
 62
4
100
AcDbLine
 10
26.421446
 20
4.057614
 30
0.0
 11
26.364468
 21
4.140295
 31
0.0
  0
LINE
  5
178D
330
1F
100
AcDbEntity
  8
1
  6
CONTINUOUS
370
50
 62
4
100
AcDbLine
 10
37.058998
 20
-3.279087
 30
0.0
 11
36.995754
 21
-3.18741
 31
0.0
  0
LINE
  5
178E
330
1F
100
AcDbEntity
  8
1
  6
CONTINUOUS
370
50
 62
4
100
AcDbLine
 10
24.25
 20
3.057787
 30
0.0
 11
24.186749
 21
3.149319
 31
0.0
  0
LINE
  5
178F
330
1F
100
AcDbEntity
  8
1
  6
CONTINUOUS
370
50
 62
4
100
AcDbLine
 10
26.364468
 20
4.140295
 30
0.0
 11
26.307501
 21
4.222718
 31
0.0
  0
LINE
  5
1790
330
1F
100
AcDbEntity
  8
1
  6
CONTINUOUS
370
50
 62
4
100
AcDbLine
 10
17.867567
 20
4.185194
 30
0.0
 11
17.802998
 21
4.278513999999999
 31
0.0
  0
LINE
  5
1791
330
1F
100
AcDbEntity
  8
1
  6
CONTINUOUS
370
50
 62
4
100
AcDbLine
 10
36.995754
 20
-3.18741
 30
0.0
 11
36.932499
 21
-3.09607
 31
0.0
  0
LINE
  5
1792
330
1F
100
AcDbEntity
  8
1
  6
CONTINUOUS
370
50
 62
4
100
AcDbLine
 10
36.125011
 20
2.480119
 30
0.0
 11
36.066051
 21
2.5648
 31
0.0
  0
LINE
  5
1793
330
1F
100
AcDbEntity
  8
1
  6
CONTINUOUS
370
50
 62
4
100
AcDbLine
 10
25.120672
 20
3.453528
 30
0.0
 11
25.057501
 21
3.543837
 31
0.0
  0
LINE
  5
1794
330
1F
100
AcDbEntity
  8
1
  6
CONTINUOUS
370
50
 62
4
100
AcDbLine
 10
25.183857
 20
3.363567
 30
0.0
 11
25.120672
 21
3.453528
 31
0.0
  0
LINE
  5
1795
330
1F
100
AcDbEntity
  8
1
  6
CONTINUOUS
370
50
 62
4
100
AcDbLine
 10
15.165623
 20
4.533947
 30
0.0
 11
15.110976
 21
4.611721
 31
0.0
  0
LINE
  5
1796
330
1F
100
AcDbEntity
  8
1
  6
CONTINUOUS
370
50
 62
4
100
AcDbLine
 10
36.125
 20
-3.591357
 30
0.0
 11
36.062263
 21
-3.502118
 31
0.0
  0
LINE
  5
1797
330
1F
100
AcDbEntity
  8
1
  6
CONTINUOUS
370
50
 62
4
100
AcDbLine
 10
25.247059
 20
3.273955
 30
0.0
 11
25.183857
 21
3.363567
 31
0.0
  0
LINE
  5
1798
330
1F
100
AcDbEntity
  8
1
  6
CONTINUOUS
370
50
 62
4
100
AcDbLine
 10
36.062263
 20
-3.502118
 30
0.0
 11
35.99928999999999
 21
-3.412882
 31
0.0
  0
LINE
  5
1799
330
1F
100
AcDbEntity
  8
1
  6
CONTINUOUS
370
50
 62
4
100
AcDbLine
 10
29.834391
 20
-4.643949
 30
0.0
 11
29.793079
 21
-4.585456
 31
0.0
  0
LINE
  5
179A
330
1F
100
AcDbEntity
  8
1
  6
CONTINUOUS
370
50
 62
4
100
AcDbLine
 10
31.01576
 20
-4.520607
 30
0.0
 11
30.959324
 21
-4.440722
 31
0.0
  0
LINE
  5
179B
330
1F
100
AcDbEntity
  8
1
  6
CONTINUOUS
370
50
 62
4
100
AcDbLine
 10
25.310272
 20
3.184694
 30
0.0
 11
25.247059
 21
3.273955
 31
0.0
  0
LINE
  5
179C
330
1F
100
AcDbEntity
  8
1
  6
CONTINUOUS
370
50
 62
4
100
AcDbLine
 10
35.99928999999999
 20
-3.412882
 30
0.0
 11
35.936127
 21
-3.323714
 31
0.0
  0
LINE
  5
179D
330
1F
100
AcDbEntity
  8
1
  6
CONTINUOUS
370
50
 62
4
100
AcDbLine
 10
19.183245
 20
4.062552999999999
 30
0.0
 11
19.117563
 21
4.15527
 31
0.0
  0
LINE
  5
179E
330
1F
100
AcDbEntity
  8
1
  6
CONTINUOUS
370
50
 62
4
100
AcDbLine
 10
35.936127
 20
-3.323714
 30
0.0
 11
35.872822
 21
-3.234683
 31
0.0
  0
LINE
  5
179F
330
1F
100
AcDbEntity
  8
1
  6
CONTINUOUS
370
50
 62
4
100
AcDbLine
 10
25.373503
 20
3.095785
 30
0.0
 11
25.310272
 21
3.184694
 31
0.0
  0
LINE
  5
17A0
330
1F
100
AcDbEntity
  8
1
  6
CONTINUOUS
370
50
 62
4
100
AcDbLine
 10
35.872822
 20
-3.234683
 30
0.0
 11
35.809418
 21
-3.145855
 31
0.0
  0
LINE
  5
17A1
330
1F
100
AcDbEntity
  8
1
  6
CONTINUOUS
370
50
 62
4
100
AcDbLine
 10
37.316067
 20
2.367952
 30
0.0
 11
37.255672
 21
2.452532
 31
0.0
  0
LINE
  5
17A2
330
1F
100
AcDbEntity
  8
1
  6
CONTINUOUS
370
50
 62
4
100
AcDbLine
 10
25.436745
 20
3.007231
 30
0.0
 11
25.373503
 21
3.095785
 31
0.0
  0
LINE
  5
17A3
330
1F
100
AcDbEntity
  8
1
  6
CONTINUOUS
370
50
 62
4
100
AcDbLine
 10
25.166384
 20
3.951325
 30
0.0
 11
25.148233
 21
3.976704
 31
0.0
  0
LINE
  5
17A4
330
1F
100
AcDbEntity
  8
1
  6
CONTINUOUS
370
50
 62
4
100
AcDbLine
 10
25.148233
 20
3.976704
 30
0.0
 11
25.130085
 21
4.002054999999999
 31
0.0
  0
LINE
  5
17A5
330
1F
100
AcDbEntity
  8
1
  6
CONTINUOUS
370
50
 62
4
100
AcDbLine
 10
16.489586
 20
4.399056
 30
0.0
 11
16.427479
 21
4.485795
 31
0.0
  0
LINE
  5
17A6
330
1F
100
AcDbEntity
  8
1
  6
CONTINUOUS
370
50
 62
4
100
AcDbLine
 10
35.809418
 20
-3.145855
 30
0.0
 11
35.745964
 21
-3.057304
 31
0.0
  0
LINE
  5
17A7
330
1F
100
AcDbEntity
  8
1
  6
CONTINUOUS
370
50
 62
4
100
AcDbLine
 10
25.130085
 20
4.002054999999999
 30
0.0
 11
25.111937
 21
4.027377
 31
0.0
  0
LINE
  5
17A8
330
1F
100
AcDbEntity
  8
1
  6
CONTINUOUS
370
50
 62
4
100
AcDbLine
 10
25.5
 20
2.919037
 30
0.0
 11
25.436745
 21
3.007231
 31
0.0
  0
LINE
  5
17A9
330
1F
100
AcDbEntity
  8
1
  6
CONTINUOUS
370
50
 62
4
100
AcDbLine
 10
25.111937
 20
4.027377
 30
0.0
 11
25.09379
 21
4.05267
 31
0.0
  0
LINE
  5
17AA
330
1F
100
AcDbEntity
  8
1
  6
CONTINUOUS
370
50
 62
4
100
AcDbLine
 10
25.09379
 20
4.05267
 30
0.0
 11
25.075644
 21
4.077934
 31
0.0
  0
LINE
  5
17AB
330
1F
100
AcDbEntity
  8
1
  6
CONTINUOUS
370
50
 62
4
100
AcDbLine
 10
25.075644
 20
4.077934
 30
0.0
 11
25.057501
 21
4.10317
 31
0.0
  0
LINE
  5
17AC
330
1F
100
AcDbEntity
  8
1
  6
CONTINUOUS
370
50
 62
4
100
AcDbLine
 10
33.380486
 20
-4.276
 30
0.0
 11
33.315807
 21
-4.186077
 31
0.0
  0
LINE
  5
17AD
330
1F
100
AcDbEntity
  8
1
  6
CONTINUOUS
370
50
 62
4
100
AcDbLine
 10
35.745964
 20
-3.057304
 30
0.0
 11
35.682499
 21
-2.969084
 31
0.0
  0
LINE
  5
17AE
330
1F
100
AcDbEntity
  8
1
  6
CONTINUOUS
370
50
 62
4
100
AcDbLine
 10
20.500004
 20
3.937371
 30
0.0
 11
20.433243
 21
4.02949
 31
0.0
  0
LINE
  5
17AF
330
1F
100
AcDbEntity
  8
1
  6
CONTINUOUS
370
50
 62
4
100
AcDbLine
 10
26.370674
 20
3.286803
 30
0.0
 11
26.307501
 21
3.373555
 31
0.0
  0
LINE
  5
17B0
330
1F
100
AcDbEntity
  8
1
  6
CONTINUOUS
370
50
 62
4
100
AcDbLine
 10
34.875
 20
-3.435839
 30
0.0
 11
34.811821
 21
-3.349182
 31
0.0
  0
LINE
  5
17B1
330
1F
100
AcDbEntity
  8
1
  6
CONTINUOUS
370
50
 62
4
100
AcDbLine
 10
34.565815
 20
-4.15735
 30
0.0
 11
34.499752
 21
-4.066773
 31
0.0
  0
LINE
  5
17B2
330
1F
100
AcDbEntity
  8
1
  6
CONTINUOUS
370
50
 62
4
100
AcDbLine
 10
26.433861
 20
3.200418
 30
0.0
 11
26.370674
 21
3.286803
 31
0.0
  0
LINE
  5
17B3
330
1F
100
AcDbEntity
  8
1
  6
CONTINUOUS
370
50
 62
4
100
AcDbLine
 10
34.811821
 20
-3.349182
 30
0.0
 11
34.748631
 21
-3.262865
 31
0.0
  0
LINE
  5
17B4
330
1F
100
AcDbEntity
  8
1
  6
CONTINUOUS
370
50
 62
4
100
AcDbLine
 10
26.497061
 20
3.114402
 30
0.0
 11
26.433861
 21
3.200418
 31
0.0
  0
LINE
  5
17B5
330
1F
100
AcDbEntity
  8
1
  6
CONTINUOUS
370
50
 62
4
100
AcDbLine
 10
17.802998
 20
4.278513999999999
 30
0.0
 11
17.739582
 21
4.364786
 31
0.0
  0
LINE
  5
17B6
330
1F
100
AcDbEntity
  8
1
  6
CONTINUOUS
370
50
 62
4
100
AcDbLine
 10
34.748631
 20
-3.262865
 30
0.0
 11
34.685429
 21
-3.176889
 31
0.0
  0
LINE
  5
17B7
330
1F
100
AcDbEntity
  8
1
  6
CONTINUOUS
370
50
 62
4
100
AcDbLine
 10
26.560276
 20
3.028756
 30
0.0
 11
26.497061
 21
3.114402
 31
0.0
  0
LINE
  5
17B8
330
1F
100
AcDbEntity
  8
1
  6
CONTINUOUS
370
50
 62
4
100
AcDbLine
 10
34.685429
 20
-3.176889
 30
0.0
 11
34.622211
 21
-3.091256
 31
0.0
  0
LINE
  5
17B9
330
1F
100
AcDbEntity
  8
1
  6
CONTINUOUS
370
50
 62
4
100
AcDbLine
 10
35.749756
 20
-4.036659
 30
0.0
 11
35.682499
 21
-3.945582
 31
0.0
  0
LINE
  5
17BA
330
1F
100
AcDbEntity
  8
1
  6
CONTINUOUS
370
50
 62
4
100
AcDbLine
 10
12.065487
 20
1.788979
 30
0.0
 11
11.999588
 21
1.878029
 31
0.0
  0
LINE
  5
17BB
330
1F
100
AcDbEntity
  8
1
  6
CONTINUOUS
370
50
 62
4
100
AcDbLine
 10
34.622211
 20
-3.091256
 30
0.0
 11
34.558987
 21
-3.005967
 31
0.0
  0
LINE
  5
17BC
330
1F
100
AcDbEntity
  8
1
  6
CONTINUOUS
370
50
 62
4
100
AcDbLine
 10
26.623505
 20
2.943481
 30
0.0
 11
26.560276
 21
3.028756
 31
0.0
  0
LINE
  5
17BD
330
1F
100
AcDbEntity
  8
1
  6
CONTINUOUS
370
50
 62
4
100
AcDbLine
 10
34.558987
 20
-3.005967
 30
0.0
 11
34.495747
 21
-2.921026
 31
0.0
  0
LINE
  5
17BE
330
1F
100
AcDbEntity
  8
1
  6
CONTINUOUS
370
50
 62
4
100
AcDbLine
 10
26.686747
 20
2.85858
 30
0.0
 11
26.623505
 21
2.943481
 31
0.0
  0
LINE
  5
17BF
330
1F
100
AcDbEntity
  8
1
  6
CONTINUOUS
370
50
 62
4
100
AcDbLine
 10
32.238914
 20
-4.451918
 30
0.0
 11
32.168095
 21
-4.357067
 31
0.0
  0
LINE
  5
17C0
330
1F
100
AcDbEntity
  8
1
  6
CONTINUOUS
370
50
 62
4
100
AcDbLine
 10
15.110976
 20
4.611721
 30
0.0
 11
15.057502
 21
4.683320999999999
 31
0.0
  0
LINE
  5
17C1
330
1F
100
AcDbEntity
  8
1
  6
CONTINUOUS
370
50
 62
4
100
AcDbLine
 10
34.495747
 20
-2.921026
 30
0.0
 11
34.432499
 21
-2.836434
 31
0.0
  0
LINE
  5
17C2
330
1F
100
AcDbEntity
  8
1
  6
CONTINUOUS
370
50
 62
4
100
AcDbLine
 10
26.75
 20
2.774057
 30
0.0
 11
26.686747
 21
2.85858
 31
0.0
  0
LINE
  5
17C3
330
1F
100
AcDbEntity
  8
1
  6
CONTINUOUS
370
50
 62
4
100
AcDbLine
 10
29.87501
 20
-4.698153
 30
0.0
 11
29.834391
 21
-4.643949
 31
0.0
  0
LINE
  5
17C4
330
1F
100
AcDbEntity
  8
1
  6
CONTINUOUS
370
50
 62
4
100
AcDbLine
 10
19.117563
 20
4.15527
 30
0.0
 11
19.052994
 21
4.240944
 31
0.0
  0
LINE
  5
17C5
330
1F
100
AcDbEntity
  8
1
  6
CONTINUOUS
370
50
 62
4
100
AcDbLine
 10
4.625935
 20
-0.913376
 30
0.0
 11
4.603765
 21
-0.884026
 31
0.0
  0
LINE
  5
17C6
330
1F
100
AcDbEntity
  8
1
  6
CONTINUOUS
370
50
 62
4
100
AcDbLine
 10
13.249768
 20
1.68628
 30
0.0
 11
13.182499
 21
1.775292
 31
0.0
  0
LINE
  5
17C7
330
1F
100
AcDbEntity
  8
1
  6
CONTINUOUS
370
50
 62
4
100
AcDbLine
 10
33.625
 20
-3.271933
 30
0.0
 11
33.561821
 21
-3.188674
 31
0.0
  0
LINE
  5
17C8
330
1F
100
AcDbEntity
  8
1
  6
CONTINUOUS
370
50
 62
4
100
AcDbLine
 10
27.620674
 20
3.113887
 30
0.0
 11
27.557501
 21
3.196897
 31
0.0
  0
LINE
  5
17C9
330
1F
100
AcDbEntity
  8
1
  6
CONTINUOUS
370
50
 62
4
100
AcDbLine
 10
33.561821
 20
-3.188674
 30
0.0
 11
33.498631
 21
-3.105775
 31
0.0
  0
LINE
  5
17CA
330
1F
100
AcDbEntity
  8
1
  6
CONTINUOUS
370
50
 62
4
100
AcDbLine
 10
31.070992
 20
-4.59296
 30
0.0
 11
31.01576
 21
-4.520607
 31
0.0
  0
LINE
  5
17CB
330
1F
100
AcDbEntity
  8
1
  6
CONTINUOUS
370
50
 62
4
100
AcDbLine
 10
27.683863
 20
3.031262
 30
0.0
 11
27.620674
 21
3.113887
 31
0.0
  0
LINE
  5
17CC
330
1F
100
AcDbEntity
  8
1
  6
CONTINUOUS
370
50
 62
4
100
AcDbLine
 10
33.498631
 20
-3.105775
 30
0.0
 11
33.435429
 21
-3.023237
 31
0.0
  0
LINE
  5
17CD
330
1F
100
AcDbEntity
  8
1
  6
CONTINUOUS
370
50
 62
4
100
AcDbLine
 10
16.427479
 20
4.485795
 30
0.0
 11
16.366774
 21
4.56499
 31
0.0
  0
LINE
  5
17CE
330
1F
100
AcDbEntity
  8
1
  6
CONTINUOUS
370
50
 62
4
100
AcDbLine
 10
27.747063
 20
2.949024
 30
0.0
 11
27.683863
 21
3.031262
 31
0.0
  0
LINE
  5
17CF
330
1F
100
AcDbEntity
  8
1
  6
CONTINUOUS
370
50
 62
4
100
AcDbLine
 10
33.435429
 20
-3.023237
 30
0.0
 11
33.372211
 21
-2.941061
 31
0.0
  0
LINE
  5
17D0
330
1F
100
AcDbEntity
  8
1
  6
CONTINUOUS
370
50
 62
4
100
AcDbLine
 10
20.433243
 20
4.02949
 30
0.0
 11
20.367561
 21
4.114571
 31
0.0
  0
LINE
  5
17D1
330
1F
100
AcDbEntity
  8
1
  6
CONTINUOUS
370
50
 62
4
100
AcDbLine
 10
27.810278
 20
2.867172
 30
0.0
 11
27.747063
 21
2.949024
 31
0.0
  0
LINE
  5
17D2
330
1F
100
AcDbEntity
  8
1
  6
CONTINUOUS
370
50
 62
4
100
AcDbLine
 10
33.372211
 20
-2.941061
 30
0.0
 11
33.308987
 21
-2.859251
 31
0.0
  0
LINE
  5
17D3
330
1F
100
AcDbEntity
  8
1
  6
CONTINUOUS
370
50
 62
4
100
AcDbLine
 10
34.875008
 20
2.674339
 30
0.0
 11
34.816036
 21
2.750351
 31
0.0
  0
LINE
  5
17D4
330
1F
100
AcDbEntity
  8
1
  6
CONTINUOUS
370
50
 62
4
100
AcDbLine
 10
27.873507
 20
2.78571
 30
0.0
 11
27.810278
 21
2.867172
 31
0.0
  0
LINE
  5
17D5
330
1F
100
AcDbEntity
  8
1
  6
CONTINUOUS
370
50
 62
4
100
AcDbLine
 10
33.308987
 20
-2.859251
 30
0.0
 11
33.245747
 21
-2.777807
 31
0.0
  0
LINE
  5
17D6
330
1F
100
AcDbEntity
  8
1
  6
CONTINUOUS
370
50
 62
4
100
AcDbLine
 10
27.936749
 20
2.704638
 30
0.0
 11
27.873507
 21
2.78571
 31
0.0
  0
LINE
  5
17D7
330
1F
100
AcDbEntity
  8
1
  6
CONTINUOUS
370
50
 62
4
100
AcDbLine
 10
33.245747
 20
-2.777807
 30
0.0
 11
33.182499
 21
-2.696733
 31
0.0
  0
LINE
  5
17D8
330
1F
100
AcDbEntity
  8
1
  6
CONTINUOUS
370
50
 62
4
100
AcDbLine
 10
33.443756
 20
-4.356911
 30
0.0
 11
33.380486
 21
-4.276
 31
0.0
  0
LINE
  5
17D9
330
1F
100
AcDbEntity
  8
1
  6
CONTINUOUS
370
50
 62
4
100
AcDbLine
 10
28.0
 20
2.623961
 30
0.0
 11
27.936749
 21
2.704638
 31
0.0
  0
LINE
  5
17DA
330
1F
100
AcDbEntity
  8
1
  6
CONTINUOUS
370
50
 62
4
100
AcDbLine
 10
17.739582
 20
4.364786
 30
0.0
 11
17.677475
 21
4.443599
 31
0.0
  0
LINE
  5
17DB
330
1F
100
AcDbEntity
  8
1
  6
CONTINUOUS
370
50
 62
4
100
AcDbLine
 10
4.523593
 20
-4.926804
 30
0.0
 11
4.514246
 21
-4.914963999999999
 31
0.0
  0
LINE
  5
17DC
330
1F
100
AcDbEntity
  8
1
  6
CONTINUOUS
370
50
 62
4
100
AcDbLine
 10
21.750004
 20
3.901305
 30
0.0
 11
21.683243
 21
3.985764
 31
0.0
  0
LINE
  5
17DD
330
1F
100
AcDbEntity
  8
1
  6
CONTINUOUS
370
50
 62
4
100
AcDbLine
 10
32.375
 20
-3.099558
 30
0.0
 11
32.311821
 21
-3.019886
 31
0.0
  0
LINE
  5
17DE
330
1F
100
AcDbEntity
  8
1
  6
CONTINUOUS
370
50
 62
4
100
AcDbLine
 10
34.630489
 20
-4.238856
 30
0.0
 11
34.565815
 21
-4.15735
 31
0.0
  0
LINE
  5
17DF
330
1F
100
AcDbEntity
  8
1
  6
CONTINUOUS
370
50
 62
4
100
AcDbLine
 10
32.311821
 20
-3.019886
 30
0.0
 11
32.248631
 21
-2.940593
 31
0.0
  0
LINE
  5
17E0
330
1F
100
AcDbEntity
  8
1
  6
CONTINUOUS
370
50
 62
4
100
AcDbLine
 10
28.870676
 20
2.935339
 30
0.0
 11
28.807501
 21
3.014439
 31
0.0
  0
LINE
  5
17E1
330
1F
100
AcDbEntity
  8
1
  6
CONTINUOUS
370
50
 62
4
100
AcDbLine
 10
32.248631
 20
-2.940593
 30
0.0
 11
32.185429
 21
-2.861681
 31
0.0
  0
LINE
  5
17E2
330
1F
100
AcDbEntity
  8
1
  6
CONTINUOUS
370
50
 62
4
100
AcDbLine
 10
28.933865
 20
2.856639
 30
0.0
 11
28.870676
 21
2.935339
 31
0.0
  0
LINE
  5
17E3
330
1F
100
AcDbEntity
  8
1
  6
CONTINUOUS
370
50
 62
4
100
AcDbLine
 10
36.066051
 20
2.5648
 30
0.0
 11
36.005634
 21
2.64
 31
0.0
  0
LINE
  5
17E4
330
1F
100
AcDbEntity
  8
1
  6
CONTINUOUS
370
50
 62
4
100
AcDbLine
 10
35.815826
 20
-4.118856
 30
0.0
 11
35.749756
 21
-4.036659
 31
0.0
  0
LINE
  5
17E5
330
1F
100
AcDbEntity
  8
1
  6
CONTINUOUS
370
50
 62
4
100
AcDbLine
 10
32.185429
 20
-2.861681
 30
0.0
 11
32.122211
 21
-2.783152
 31
0.0
  0
LINE
  5
17E6
330
1F
100
AcDbEntity
  8
1
  6
CONTINUOUS
370
50
 62
4
100
AcDbLine
 10
28.997066
 20
2.778341
 30
0.0
 11
28.933865
 21
2.856639
 31
0.0
  0
LINE
  5
17E7
330
1F
100
AcDbEntity
  8
1
  6
CONTINUOUS
370
50
 62
4
100
AcDbLine
 10
19.052994
 20
4.240944
 30
0.0
 11
18.989578
 21
4.319328
 31
0.0
  0
LINE
  5
17E8
330
1F
100
AcDbEntity
  8
1
  6
CONTINUOUS
370
50
 62
4
100
AcDbLine
 10
32.122211
 20
-2.783152
 30
0.0
 11
32.058987
 21
-2.705008
 31
0.0
  0
LINE
  5
17E9
330
1F
100
AcDbEntity
  8
1
  6
CONTINUOUS
370
50
 62
4
100
AcDbLine
 10
29.06028
 20
2.700446
 30
0.0
 11
28.997066
 21
2.778341
 31
0.0
  0
LINE
  5
17EA
330
1F
100
AcDbEntity
  8
1
  6
CONTINUOUS
370
50
 62
4
100
AcDbLine
 10
32.058987
 20
-2.705008
 30
0.0
 11
31.995749
 21
-2.62725
 31
0.0
  0
LINE
  5
17EB
330
1F
100
AcDbEntity
  8
1
  6
CONTINUOUS
370
50
 62
4
100
AcDbLine
 10
36.999786
 20
-3.99642
 30
0.0
 11
36.932499
 21
-3.913858
 31
0.0
  0
LINE
  5
17EC
330
1F
100
AcDbEntity
  8
1
  6
CONTINUOUS
370
50
 62
4
100
AcDbLine
 10
29.123508
 20
2.622956
 30
0.0
 11
29.06028
 21
2.700446
 31
0.0
  0
LINE
  5
17ED
330
1F
100
AcDbEntity
  8
1
  6
CONTINUOUS
370
50
 62
4
100
AcDbLine
 10
31.995749
 20
-2.62725
 30
0.0
 11
31.932501
 21
-2.549883
 31
0.0
  0
LINE
  5
17EE
330
1F
100
AcDbEntity
  8
1
  6
CONTINUOUS
370
50
 62
4
100
AcDbLine
 10
29.186749
 20
2.545872
 30
0.0
 11
29.123508
 21
2.622956
 31
0.0
  0
LINE
  5
17EF
330
1F
100
AcDbEntity
  8
1
  6
CONTINUOUS
370
50
 62
4
100
AcDbLine
 10
37.255672
 20
2.452532
 30
0.0
 11
37.193832
 21
2.527633
 31
0.0
  0
LINE
  5
17F0
330
1F
100
AcDbEntity
  8
1
  6
CONTINUOUS
370
50
 62
4
100
AcDbLine
 10
29.25
 20
2.469199
 30
0.0
 11
29.186749
 21
2.545872
 31
0.0
  0
LINE
  5
17F1
330
1F
100
AcDbEntity
  8
1
  6
CONTINUOUS
370
50
 62
4
100
AcDbLine
 10
20.367561
 20
4.114571
 30
0.0
 11
20.302992
 21
4.192379
 31
0.0
  0
LINE
  5
17F2
330
1F
100
AcDbEntity
  8
1
  6
CONTINUOUS
370
50
 62
4
100
AcDbLine
 10
16.366774
 20
4.56499
 30
0.0
 11
16.307501
 21
4.636413
 31
0.0
  0
LINE
  5
17F3
330
1F
100
AcDbEntity
  8
1
  6
CONTINUOUS
370
50
 62
4
100
AcDbLine
 10
32.307892
 20
-4.535021
 30
0.0
 11
32.238914
 21
-4.451918
 31
0.0
  0
LINE
  5
17F4
330
1F
100
AcDbEntity
  8
1
  6
CONTINUOUS
370
50
 62
4
100
AcDbLine
 10
31.125
 20
-2.918581
 30
0.0
 11
31.061821
 21
-2.842683
 31
0.0
  0
LINE
  5
17F5
330
1F
100
AcDbEntity
  8
1
  6
CONTINUOUS
370
50
 62
4
100
AcDbLine
 10
31.12501
 20
-4.657619
 30
0.0
 11
31.070992
 21
-4.59296
 31
0.0
  0
LINE
  5
17F6
330
1F
100
AcDbEntity
  8
1
  6
CONTINUOUS
370
50
 62
4
100
AcDbLine
 10
31.061821
 20
-2.842683
 30
0.0
 11
30.998631
 21
-2.767185
 31
0.0
  0
LINE
  5
17F7
330
1F
100
AcDbEntity
  8
1
  6
CONTINUOUS
370
50
 62
4
100
AcDbLine
 10
30.998631
 20
-2.767185
 30
0.0
 11
30.935429
 21
-2.692089
 31
0.0
  0
LINE
  5
17F8
330
1F
100
AcDbEntity
  8
1
  6
CONTINUOUS
370
50
 62
4
100
AcDbLine
 10
30.120676
 20
2.751594
 30
0.0
 11
30.057501
 21
2.826636
 31
0.0
  0
LINE
  5
17F9
330
1F
100
AcDbEntity
  8
1
  6
CONTINUOUS
370
50
 62
4
100
AcDbLine
 10
11.999588
 20
1.878029
 30
0.0
 11
11.932501
 21
1.957703
 31
0.0
  0
LINE
  5
17FA
330
1F
100
AcDbEntity
  8
1
  6
CONTINUOUS
370
50
 62
4
100
AcDbLine
 10
4.649689
 20
-0.941531
 30
0.0
 11
4.625935
 21
-0.913376
 31
0.0
  0
LINE
  5
17FB
330
1F
100
AcDbEntity
  8
1
  6
CONTINUOUS
370
50
 62
4
100
AcDbLine
 10
30.935429
 20
-2.692089
 30
0.0
 11
30.872213
 21
-2.617395
 31
0.0
  0
LINE
  5
17FC
330
1F
100
AcDbEntity
  8
1
  6
CONTINUOUS
370
50
 62
4
100
AcDbLine
 10
30.183867
 20
2.676967
 30
0.0
 11
30.120676
 21
2.751594
 31
0.0
  0
LINE
  5
17FD
330
1F
100
AcDbEntity
  8
1
  6
CONTINUOUS
370
50
 62
4
100
AcDbLine
 10
21.683243
 20
3.985764
 30
0.0
 11
21.617559
 21
4.062965
 31
0.0
  0
LINE
  5
17FE
330
1F
100
AcDbEntity
  8
1
  6
CONTINUOUS
370
50
 62
4
100
AcDbLine
 10
30.872213
 20
-2.617395
 30
0.0
 11
30.808987
 21
-2.543106
 31
0.0
  0
LINE
  5
17FF
330
1F
100
AcDbEntity
  8
1
  6
CONTINUOUS
370
50
 62
4
100
AcDbLine
 10
30.247068
 20
2.602757
 30
0.0
 11
30.183867
 21
2.676967
 31
0.0
  0
LINE
  5
1800
330
1F
100
AcDbEntity
  8
1
  6
CONTINUOUS
370
50
 62
4
100
AcDbLine
 10
17.677475
 20
4.443599
 30
0.0
 11
17.616772
 21
4.514648
 31
0.0
  0
LINE
  5
1801
330
1F
100
AcDbEntity
  8
1
  6
CONTINUOUS
370
50
 62
4
100
AcDbLine
 10
30.808987
 20
-2.543106
 30
0.0
 11
30.745749
 21
-2.469225
 31
0.0
  0
LINE
  5
1802
330
1F
100
AcDbEntity
  8
1
  6
CONTINUOUS
370
50
 62
4
100
AcDbLine
 10
30.310282
 20
2.528965
 30
0.0
 11
30.247068
 21
2.602757
 31
0.0
  0
LINE
  5
1803
330
1F
100
AcDbEntity
  8
1
  6
CONTINUOUS
370
50
 62
4
100
AcDbLine
 10
30.745749
 20
-2.469225
 30
0.0
 11
30.682501
 21
-2.395753
 31
0.0
  0
LINE
  5
1804
330
1F
100
AcDbEntity
  8
1
  6
CONTINUOUS
370
50
 62
4
100
AcDbLine
 10
30.37351
 20
2.455592
 30
0.0
 11
30.310282
 21
2.528965
 31
0.0
  0
LINE
  5
1805
330
1F
100
AcDbEntity
  8
1
  6
CONTINUOUS
370
50
 62
4
100
AcDbLine
 10
33.505611
 20
-4.428637
 30
0.0
 11
33.443756
 21
-4.356911
 31
0.0
  0
LINE
  5
1806
330
1F
100
AcDbEntity
  8
1
  6
CONTINUOUS
370
50
 62
4
100
AcDbLine
 10
30.43675
 20
2.38264
 30
0.0
 11
30.37351
 21
2.455592
 31
0.0
  0
LINE
  5
1807
330
1F
100
AcDbEntity
  8
1
  6
CONTINUOUS
370
50
 62
4
100
AcDbLine
 10
30.5
 20
2.310112
 30
0.0
 11
30.43675
 21
2.38264
 31
0.0
  0
LINE
  5
1808
330
1F
100
AcDbEntity
  8
1
  6
CONTINUOUS
370
50
 62
4
100
AcDbLine
 10
23.000004
 20
3.854595
 30
0.0
 11
22.933245
 21
3.931123
 31
0.0
  0
LINE
  5
1809
330
1F
100
AcDbEntity
  8
1
  6
CONTINUOUS
370
50
 62
4
100
AcDbLine
 10
4.555739
 20
4.445395
 30
0.0
 11
4.533554
 21
4.470743
 31
0.0
  0
LINE
  5
180A
330
1F
100
AcDbEntity
  8
1
  6
CONTINUOUS
370
50
 62
4
100
AcDbLine
 10
34.693764
 20
-4.311129
 30
0.0
 11
34.630489
 21
-4.238856
 31
0.0
  0
LINE
  5
180B
330
1F
100
AcDbEntity
  8
1
  6
CONTINUOUS
370
50
 62
4
100
AcDbLine
 10
29.875
 20
-2.728841
 30
0.0
 11
29.811823
 21
-2.656908
 31
0.0
  0
LINE
  5
180C
330
1F
100
AcDbEntity
  8
1
  6
CONTINUOUS
370
50
 62
4
100
AcDbLine
 10
18.989578
 20
4.319328
 30
0.0
 11
18.927471
 21
4.390038
 31
0.0
  0
LINE
  5
180D
330
1F
100
AcDbEntity
  8
1
  6
CONTINUOUS
370
50
 62
4
100
AcDbLine
 10
29.811823
 20
-2.656908
 30
0.0
 11
29.748632
 21
-2.585395
 31
0.0
  0
LINE
  5
180E
330
1F
100
AcDbEntity
  8
1
  6
CONTINUOUS
370
50
 62
4
100
AcDbLine
 10
33.625008
 20
2.862436
 30
0.0
 11
33.560566
 21
2.935263
 31
0.0
  0
LINE
  5
180F
330
1F
100
AcDbEntity
  8
1
  6
CONTINUOUS
370
50
 62
4
100
AcDbLine
 10
35.880508
 20
-4.191761
 30
0.0
 11
35.815826
 21
-4.118856
 31
0.0
  0
LINE
  5
1810
330
1F
100
AcDbEntity
  8
1
  6
CONTINUOUS
370
50
 62
4
100
AcDbLine
 10
29.748632
 20
-2.585395
 30
0.0
 11
29.685429
 21
-2.514304
 31
0.0
  0
LINE
  5
1811
330
1F
100
AcDbEntity
  8
1
  6
CONTINUOUS
370
50
 62
4
100
AcDbLine
 10
31.370678
 20
2.562972
 30
0.0
 11
31.307501
 21
2.633819
 31
0.0
  0
LINE
  5
1812
330
1F
100
AcDbEntity
  8
1
  6
CONTINUOUS
370
50
 62
4
100
AcDbLine
 10
29.685429
 20
-2.514304
 30
0.0
 11
29.622215
 21
-2.443637
 31
0.0
  0
LINE
  5
1813
330
1F
100
AcDbEntity
  8
1
  6
CONTINUOUS
370
50
 62
4
100
AcDbLine
 10
31.433867
 20
2.492553
 30
0.0
 11
31.370678
 21
2.562972
 31
0.0
  0
LINE
  5
1814
330
1F
100
AcDbEntity
  8
1
  6
CONTINUOUS
370
50
 62
4
100
AcDbLine
 10
29.622215
 20
-2.443637
 30
0.0
 11
29.558989
 21
-2.373394
 31
0.0
  0
LINE
  5
1815
330
1F
100
AcDbEntity
  8
1
  6
CONTINUOUS
370
50
 62
4
100
AcDbLine
 10
37.065872
 20
-4.069798
 30
0.0
 11
36.999786
 21
-3.99642
 31
0.0
  0
LINE
  5
1816
330
1F
100
AcDbEntity
  8
1
  6
CONTINUOUS
370
50
 62
4
100
AcDbLine
 10
20.302992
 20
4.192379
 30
0.0
 11
20.239576
 21
4.262677
 31
0.0
  0
LINE
  5
1817
330
1F
100
AcDbEntity
  8
1
  6
CONTINUOUS
370
50
 62
4
100
AcDbLine
 10
31.49707
 20
2.422565
 30
0.0
 11
31.433867
 21
2.492553
 31
0.0
  0
LINE
  5
1818
330
1F
100
AcDbEntity
  8
1
  6
CONTINUOUS
370
50
 62
4
100
AcDbLine
 10
29.558989
 20
-2.373394
 30
0.0
 11
29.495749
 21
-2.303579
 31
0.0
  0
LINE
  5
1819
330
1F
100
AcDbEntity
  8
1
  6
CONTINUOUS
370
50
 62
4
100
AcDbLine
 10
31.560284
 20
2.353009
 30
0.0
 11
31.49707
 21
2.422565
 31
0.0
  0
LINE
  5
181A
330
1F
100
AcDbEntity
  8
1
  6
CONTINUOUS
370
50
 62
4
100
AcDbLine
 10
34.816036
 20
2.750351
 30
0.0
 11
34.755615
 21
2.816713
 31
0.0
  0
LINE
  5
181B
330
1F
100
AcDbEntity
  8
1
  6
CONTINUOUS
370
50
 62
4
100
AcDbLine
 10
29.495749
 20
-2.303579
 30
0.0
 11
29.432501
 21
-2.234195
 31
0.0
  0
LINE
  5
181C
330
1F
100
AcDbEntity
  8
1
  6
CONTINUOUS
370
50
 62
4
100
AcDbLine
 10
31.623512
 20
2.283885
 30
0.0
 11
31.560284
 21
2.353009
 31
0.0
  0
LINE
  5
181D
330
1F
100
AcDbEntity
  8
1
  6
CONTINUOUS
370
50
 62
4
100
AcDbLine
 10
31.68675
 20
2.215195
 30
0.0
 11
31.623512
 21
2.283885
 31
0.0
  0
LINE
  5
181E
330
1F
100
AcDbEntity
  8
1
  6
CONTINUOUS
370
50
 62
4
100
AcDbLine
 10
21.617559
 20
4.062965
 30
0.0
 11
21.55299
 21
4.132683
 31
0.0
  0
LINE
  5
181F
330
1F
100
AcDbEntity
  8
1
  6
CONTINUOUS
370
50
 62
4
100
AcDbLine
 10
31.75
 20
2.146943
 30
0.0
 11
31.68675
 21
2.215195
 31
0.0
  0
LINE
  5
1820
330
1F
100
AcDbEntity
  8
1
  6
CONTINUOUS
370
50
 62
4
100
AcDbLine
 10
4.674778
 20
-0.968479
 30
0.0
 11
4.649689
 21
-0.941531
 31
0.0
  0
LINE
  5
1821
330
1F
100
AcDbEntity
  8
1
  6
CONTINUOUS
370
50
 62
4
100
AcDbLine
 10
28.625
 20
-2.530171
 30
0.0
 11
28.561823
 21
-2.462396
 31
0.0
  0
LINE
  5
1822
330
1F
100
AcDbEntity
  8
1
  6
CONTINUOUS
370
50
 62
4
100
AcDbLine
 10
28.561823
 20
-2.462396
 30
0.0
 11
28.498632
 21
-2.395061
 31
0.0
  0
LINE
  5
1823
330
1F
100
AcDbEntity
  8
1
  6
CONTINUOUS
370
50
 62
4
100
AcDbLine
 10
17.616772
 20
4.514648
 30
0.0
 11
17.557501
 21
4.577722
 31
0.0
  0
LINE
  5
1824
330
1F
100
AcDbEntity
  8
1
  6
CONTINUOUS
370
50
 62
4
100
AcDbLine
 10
36.005634
 20
2.64
 30
0.0
 11
35.943783
 21
2.705596
 31
0.0
  0
LINE
  5
1825
330
1F
100
AcDbEntity
  8
1
  6
CONTINUOUS
370
50
 62
4
100
AcDbLine
 10
32.375008
 20
-4.606098999999999
 30
0.0
 11
32.307892
 21
-4.535021
 31
0.0
  0
LINE
  5
1826
330
1F
100
AcDbEntity
  8
1
  6
CONTINUOUS
370
50
 62
4
100
AcDbLine
 10
28.498632
 20
-2.395061
 30
0.0
 11
28.435431
 21
-2.328169
 31
0.0
  0
LINE
  5
1827
330
1F
100
AcDbEntity
  8
1
  6
CONTINUOUS
370
50
 62
4
100
AcDbLine
 10
32.620678
 20
2.369689
 30
0.0
 11
32.557499
 21
2.436216
 31
0.0
  0
LINE
  5
1828
330
1F
100
AcDbEntity
  8
1
  6
CONTINUOUS
370
50
 62
4
100
AcDbLine
 10
22.933245
 20
3.931123
 30
0.0
 11
22.867559
 21
4.000197
 31
0.0
  0
LINE
  5
1829
330
1F
100
AcDbEntity
  8
1
  6
CONTINUOUS
370
50
 62
4
100
AcDbLine
 10
28.435431
 20
-2.328169
 30
0.0
 11
28.372215
 21
-2.261721
 31
0.0
  0
LINE
  5
182A
330
1F
100
AcDbEntity
  8
1
  6
CONTINUOUS
370
50
 62
4
100
AcDbLine
 10
32.683868
 20
2.303603
 30
0.0
 11
32.620678
 21
2.369689
 31
0.0
  0
LINE
  5
182B
330
1F
100
AcDbEntity
  8
1
  6
CONTINUOUS
370
50
 62
4
100
AcDbLine
 10
28.372215
 20
-2.261721
 30
0.0
 11
28.308989
 21
-2.195718
 31
0.0
  0
LINE
  5
182C
330
1F
100
AcDbEntity
  8
1
  6
CONTINUOUS
370
50
 62
4
100
AcDbLine
 10
32.74707
 20
2.237961
 30
0.0
 11
32.683868
 21
2.303603
 31
0.0
  0
LINE
  5
182D
330
1F
100
AcDbEntity
  8
1
  6
CONTINUOUS
370
50
 62
4
100
AcDbLine
 10
28.308989
 20
-2.195718
 30
0.0
 11
28.24575
 21
-2.130164
 31
0.0
  0
LINE
  5
182E
330
1F
100
AcDbEntity
  8
1
  6
CONTINUOUS
370
50
 62
4
100
AcDbLine
 10
37.193832
 20
2.527633
 30
0.0
 11
37.130562
 21
2.593111
 31
0.0
  0
LINE
  5
182F
330
1F
100
AcDbEntity
  8
1
  6
CONTINUOUS
370
50
 62
4
100
AcDbLine
 10
18.927471
 20
4.390038
 30
0.0
 11
18.86677
 21
4.452789999999999
 31
0.0
  0
LINE
  5
1830
330
1F
100
AcDbEntity
  8
1
  6
CONTINUOUS
370
50
 62
4
100
AcDbLine
 10
33.566032
 20
-4.491004
 30
0.0
 11
33.505611
 21
-4.428637
 31
0.0
  0
LINE
  5
1831
330
1F
100
AcDbEntity
  8
1
  6
CONTINUOUS
370
50
 62
4
100
AcDbLine
 10
32.810284
 20
2.172763
 30
0.0
 11
32.74707
 21
2.237961
 31
0.0
  0
LINE
  5
1832
330
1F
100
AcDbEntity
  8
1
  6
CONTINUOUS
370
50
 62
4
100
AcDbLine
 10
28.24575
 20
-2.130164
 30
0.0
 11
28.182501
 21
-2.065061
 31
0.0
  0
LINE
  5
1833
330
1F
100
AcDbEntity
  8
1
  6
CONTINUOUS
370
50
 62
4
100
AcDbLine
 10
32.873512
 20
2.108011
 30
0.0
 11
32.810284
 21
2.172763
 31
0.0
  0
LINE
  5
1834
330
1F
100
AcDbEntity
  8
1
  6
CONTINUOUS
370
50
 62
4
100
AcDbLine
 10
24.250004
 20
3.796887
 30
0.0
 11
24.183245
 21
3.865214
 31
0.0
  0
LINE
  5
1835
330
1F
100
AcDbEntity
  8
1
  6
CONTINUOUS
370
50
 62
4
100
AcDbLine
 10
32.936752
 20
2.043705
 30
0.0
 11
32.873512
 21
2.108011
 31
0.0
  0
LINE
  5
1836
330
1F
100
AcDbEntity
  8
1
  6
CONTINUOUS
370
50
 62
4
100
AcDbLine
 10
34.755615
 20
-4.374013
 30
0.0
 11
34.693764
 21
-4.311129
 31
0.0
  0
LINE
  5
1837
330
1F
100
AcDbEntity
  8
1
  6
CONTINUOUS
370
50
 62
4
100
AcDbLine
 10
33.0
 20
1.97985
 30
0.0
 11
32.936752
 21
2.043705
 31
0.0
  0
LINE
  5
1838
330
1F
100
AcDbEntity
  8
1
  6
CONTINUOUS
370
50
 62
4
100
AcDbLine
 10
20.239576
 20
4.262677
 30
0.0
 11
20.177469
 21
4.325107
 31
0.0
  0
LINE
  5
1839
330
1F
100
AcDbEntity
  8
1
  6
CONTINUOUS
370
50
 62
4
100
AcDbLine
 10
27.375
 20
-2.322425
 30
0.0
 11
27.311823
 21
-2.259004
 31
0.0
  0
LINE
  5
183A
330
1F
100
AcDbEntity
  8
1
  6
CONTINUOUS
370
50
 62
4
100
AcDbLine
 10
35.943783
 20
-4.255227
 30
0.0
 11
35.880508
 21
-4.191761
 31
0.0
  0
LINE
  5
183B
330
1F
100
AcDbEntity
  8
1
  6
CONTINUOUS
370
50
 62
4
100
AcDbLine
 10
11.75
 20
3.983567
 30
0.0
 11
10.858282
 21
4.875285
 31
0.0
  0
LINE
  5
183C
330
1F
100
AcDbEntity
  8
1
  6
CONTINUOUS
370
50
 62
4
100
AcDbLine
 10
10.858263
 20
4.875305
 30
0.0
 11
10.854397
 21
4.879166
 31
0.0
  0
LINE
  5
183D
330
1F
100
AcDbEntity
  8
1
  6
CONTINUOUS
370
50
 62
4
100
AcDbLine
 10
27.311823
 20
-2.259004
 30
0.0
 11
27.248634
 21
-2.196043
 31
0.0
  0
LINE
  5
183E
330
1F
100
AcDbEntity
  8
1
  6
CONTINUOUS
370
50
 62
4
100
AcDbLine
 10
10.854397
 20
4.879166
 30
0.0
 11
10.850427
 21
4.883121
 31
0.0
  0
LINE
  5
183F
330
1F
100
AcDbEntity
  8
1
  6
CONTINUOUS
370
50
 62
4
100
AcDbLine
 10
10.850427
 20
4.883121
 30
0.0
 11
10.846355
 21
4.887168
 31
0.0
  0
LINE
  5
1840
330
1F
100
AcDbEntity
  8
1
  6
CONTINUOUS
370
50
 62
4
100
AcDbLine
 10
10.846355
 20
4.887168
 30
0.0
 11
10.842187
 21
4.891305
 31
0.0
  0
LINE
  5
1841
330
1F
100
AcDbEntity
  8
1
  6
CONTINUOUS
370
50
 62
4
100
AcDbLine
 10
32.375008
 20
3.044394
 30
0.0
 11
32.319729
 21
3.099242
 31
0.0
  0
LINE
  5
1842
330
1F
100
AcDbEntity
  8
1
  6
CONTINUOUS
370
50
 62
4
100
AcDbLine
 10
10.842187
 20
4.891305
 30
0.0
 11
10.837923
 21
4.895528
 31
0.0
  0
LINE
  5
1843
330
1F
100
AcDbEntity
  8
1
  6
CONTINUOUS
370
50
 62
4
100
AcDbLine
 10
10.837923
 20
4.895528
 30
0.0
 11
10.833568
 21
4.899836
 31
0.0
  0
LINE
  5
1844
330
1F
100
AcDbEntity
  8
1
  6
CONTINUOUS
370
50
 62
4
100
AcDbLine
 10
27.248634
 20
-2.196043
 30
0.0
 11
27.185432
 21
-2.133547
 31
0.0
  0
LINE
  5
1845
330
1F
100
AcDbEntity
  8
1
  6
CONTINUOUS
370
50
 62
4
100
AcDbLine
 10
37.130562
 20
-4.133616
 30
0.0
 11
37.065872
 21
-4.069798
 31
0.0
  0
LINE
  5
1846
330
1F
100
AcDbEntity
  8
1
  6
CONTINUOUS
370
50
 62
4
100
AcDbLine
 10
4.700949
 20
-0.994209
 30
0.0
 11
4.674778
 21
-0.968479
 31
0.0
  0
LINE
  5
1847
330
1F
100
AcDbEntity
  8
1
  6
CONTINUOUS
370
50
 62
4
100
AcDbLine
 10
33.870678
 20
2.171872
 30
0.0
 11
33.807499
 21
2.233962
 31
0.0
  0
LINE
  5
1848
330
1F
100
AcDbEntity
  8
1
  6
CONTINUOUS
370
50
 62
4
100
AcDbLine
 10
27.185432
 20
-2.133547
 30
0.0
 11
27.122217
 21
-2.071515
 31
0.0
  0
LINE
  5
1849
330
1F
100
AcDbEntity
  8
1
  6
CONTINUOUS
370
50
 62
4
100
AcDbLine
 10
11.75
 20
3.917463
 30
0.0
 11
11.597257
 21
4.067282
 31
0.0
  0
LINE
  5
184A
330
1F
100
AcDbEntity
  8
1
  6
CONTINUOUS
370
50
 62
4
100
AcDbLine
 10
11.597257
 20
4.067282
 30
0.0
 11
11.44451
 21
4.217007
 31
0.0
  0
LINE
  5
184B
330
1F
100
AcDbEntity
  8
1
  6
CONTINUOUS
370
50
 62
4
100
AcDbLine
 10
11.44451
 20
4.217007
 30
0.0
 11
11.291764
 21
4.366632
 31
0.0
  0
LINE
  5
184C
330
1F
100
AcDbEntity
  8
1
  6
CONTINUOUS
370
50
 62
4
100
AcDbLine
 10
11.291764
 20
4.366632
 30
0.0
 11
11.139023
 21
4.516153
 31
0.0
  0
LINE
  5
184D
330
1F
100
AcDbEntity
  8
1
  6
CONTINUOUS
370
50
 62
4
100
AcDbLine
 10
11.139023
 20
4.516153
 30
0.0
 11
10.98629
 21
4.665564
 31
0.0
  0
LINE
  5
184E
330
1F
100
AcDbEntity
  8
1
  6
CONTINUOUS
370
50
 62
4
100
AcDbLine
 10
21.55299
 20
4.132683
 30
0.0
 11
21.489574
 21
4.194693
 31
0.0
  0
LINE
  5
184F
330
1F
100
AcDbEntity
  8
1
  6
CONTINUOUS
370
50
 62
4
100
AcDbLine
 10
10.98629
 20
4.665564
 30
0.0
 11
10.833568
 21
4.814858
 31
0.0
  0
LINE
  5
1850
330
1F
100
AcDbEntity
  8
1
  6
CONTINUOUS
370
50
 62
4
100
AcDbLine
 10
33.933868
 20
2.110236
 30
0.0
 11
33.870678
 21
2.171872
 31
0.0
  0
LINE
  5
1851
330
1F
100
AcDbEntity
  8
1
  6
CONTINUOUS
370
50
 62
4
100
AcDbLine
 10
27.122217
 20
-2.071515
 30
0.0
 11
27.05899
 21
-2.009949
 31
0.0
  0
LINE
  5
1852
330
1F
100
AcDbEntity
  8
1
  6
CONTINUOUS
370
50
 62
4
100
AcDbLine
 10
33.99707
 20
2.049056
 30
0.0
 11
33.933868
 21
2.110236
 31
0.0
  0
LINE
  5
1853
330
1F
100
AcDbEntity
  8
1
  6
CONTINUOUS
370
50
 62
4
100
AcDbLine
 10
27.05899
 20
-2.009949
 30
0.0
 11
26.99575
 21
-1.948853
 31
0.0
  0
LINE
  5
1854
330
1F
100
AcDbEntity
  8
1
  6
CONTINUOUS
370
50
 62
4
100
AcDbLine
 10
34.060287
 20
1.988332
 30
0.0
 11
33.99707
 21
2.049056
 31
0.0
  0
LINE
  5
1855
330
1F
100
AcDbEntity
  8
1
  6
CONTINUOUS
370
50
 62
4
100
AcDbLine
 10
26.99575
 20
-1.948853
 30
0.0
 11
26.932501
 21
-1.888229
 31
0.0
  0
LINE
  5
1856
330
1F
100
AcDbEntity
  8
1
  6
CONTINUOUS
370
50
 62
4
100
AcDbLine
 10
34.123512
 20
1.928066
 30
0.0
 11
34.060287
 21
1.988332
 31
0.0
  0
LINE
  5
1857
330
1F
100
AcDbEntity
  8
1
  6
CONTINUOUS
370
50
 62
4
100
AcDbLine
 10
22.867559
 20
4.000197
 30
0.0
 11
22.802986
 21
4.061602
 31
0.0
  0
LINE
  5
1858
330
1F
100
AcDbEntity
  8
1
  6
CONTINUOUS
370
50
 62
4
100
AcDbLine
 10
34.186752
 20
1.86826
 30
0.0
 11
34.123512
 21
1.928066
 31
0.0
  0
LINE
  5
1859
330
1F
100
AcDbEntity
  8
1
  6
CONTINUOUS
370
50
 62
4
100
AcDbLine
 10
34.25
 20
1.808916
 30
0.0
 11
34.186752
 21
1.86826
 31
0.0
  0
LINE
  5
185A
330
1F
100
AcDbEntity
  8
1
  6
CONTINUOUS
370
50
 62
4
100
AcDbLine
 10
26.125
 20
-2.1055
 30
0.0
 11
26.061825
 21
-2.046633
 31
0.0
  0
LINE
  5
185B
330
1F
100
AcDbEntity
  8
1
  6
CONTINUOUS
370
50
 62
4
100
AcDbLine
 10
33.560566
 20
2.935263
 30
0.0
 11
33.494404
 21
2.996418
 31
0.0
  0
LINE
  5
185C
330
1F
100
AcDbEntity
  8
1
  6
CONTINUOUS
370
50
 62
4
100
AcDbLine
 10
24.183245
 20
3.865214
 30
0.0
 11
24.117559
 21
3.925908
 31
0.0
  0
LINE
  5
185D
330
1F
100
AcDbEntity
  8
1
  6
CONTINUOUS
370
50
 62
4
100
AcDbLine
 10
26.061825
 20
-2.046633
 30
0.0
 11
25.998636
 21
-1.988247
 31
0.0
  0
LINE
  5
185E
330
1F
100
AcDbEntity
  8
1
  6
CONTINUOUS
370
50
 62
4
100
AcDbLine
 10
18.86677
 20
4.452789999999999
 30
0.0
 11
18.807501
 21
4.507384
 31
0.0
  0
LINE
  5
185F
330
1F
100
AcDbEntity
  8
1
  6
CONTINUOUS
370
50
 62
4
100
AcDbLine
 10
25.998636
 20
-1.988247
 30
0.0
 11
25.935434
 21
-1.930346
 31
0.0
  0
LINE
  5
1860
330
1F
100
AcDbEntity
  8
1
  6
CONTINUOUS
370
50
 62
4
100
AcDbLine
 10
34.755615
 20
2.816713
 30
0.0
 11
34.693764
 21
2.873326
 31
0.0
  0
LINE
  5
1861
330
1F
100
AcDbEntity
  8
1
  6
CONTINUOUS
370
50
 62
4
100
AcDbLine
 10
35.120678
 20
1.969577
 30
0.0
 11
35.057499
 21
2.027119
 31
0.0
  0
LINE
  5
1862
330
1F
100
AcDbEntity
  8
1
  6
CONTINUOUS
370
50
 62
4
100
AcDbLine
 10
25.935434
 20
-1.930346
 30
0.0
 11
25.872219
 21
-1.872932
 31
0.0
  0
LINE
  5
1863
330
1F
100
AcDbEntity
  8
1
  6
CONTINUOUS
370
50
 62
4
100
AcDbLine
 10
35.183868
 20
1.912502
 30
0.0
 11
35.120678
 21
1.969577
 31
0.0
  0
LINE
  5
1864
330
1F
100
AcDbEntity
  8
1
  6
CONTINUOUS
370
50
 62
4
100
AcDbLine
 10
25.872219
 20
-1.872932
 30
0.0
 11
25.808992
 21
-1.816005
 31
0.0
  0
LINE
  5
1865
330
1F
100
AcDbEntity
  8
1
  6
CONTINUOUS
370
50
 62
4
100
AcDbLine
 10
25.500004
 20
3.728054
 30
0.0
 11
25.433258
 21
3.787856
 31
0.0
  0
LINE
  5
1866
330
1F
100
AcDbEntity
  8
1
  6
CONTINUOUS
370
50
 62
4
100
AcDbLine
 10
33.625008
 20
-4.543842
 30
0.0
 11
33.566032
 21
-4.491004
 31
0.0
  0
LINE
  5
1867
330
1F
100
AcDbEntity
  8
1
  6
CONTINUOUS
370
50
 62
4
100
AcDbLine
 10
35.247074
 20
1.855895
 30
0.0
 11
35.183868
 21
1.912502
 31
0.0
  0
LINE
  5
1868
330
1F
100
AcDbEntity
  8
1
  6
CONTINUOUS
370
50
 62
4
100
AcDbLine
 10
20.177469
 20
4.325107
 30
0.0
 11
20.116768
 21
4.379407
 31
0.0
  0
LINE
  5
1869
330
1F
100
AcDbEntity
  8
1
  6
CONTINUOUS
370
50
 62
4
100
AcDbLine
 10
25.808992
 20
-1.816005
 30
0.0
 11
25.745752
 21
-1.759568
 31
0.0
  0
LINE
  5
186A
330
1F
100
AcDbEntity
  8
1
  6
CONTINUOUS
370
50
 62
4
100
AcDbLine
 10
10.495971
 20
1.660218
 30
0.0
 11
10.448627
 21
1.702413
 31
0.0
  0
LINE
  5
186B
330
1F
100
AcDbEntity
  8
1
  6
CONTINUOUS
370
50
 62
4
100
AcDbLine
 10
35.310287
 20
1.799756
 30
0.0
 11
35.247074
 21
1.855895
 31
0.0
  0
LINE
  5
186C
330
1F
100
AcDbEntity
  8
1
  6
CONTINUOUS
370
50
 62
4
100
AcDbLine
 10
25.745752
 20
-1.759568
 30
0.0
 11
25.682501
 21
-1.703625
 31
0.0
  0
LINE
  5
186D
330
1F
100
AcDbEntity
  8
1
  6
CONTINUOUS
370
50
 62
4
100
AcDbLine
 10
35.943783
 20
2.705596
 30
0.0
 11
35.880508
 21
2.761469
 31
0.0
  0
LINE
  5
186E
330
1F
100
AcDbEntity
  8
1
  6
CONTINUOUS
370
50
 62
4
100
AcDbLine
 10
34.816036
 20
-4.427354999999999
 30
0.0
 11
34.755615
 21
-4.374013
 31
0.0
  0
LINE
  5
186F
330
1F
100
AcDbEntity
  8
1
  6
CONTINUOUS
370
50
 62
4
100
AcDbLine
 10
35.373512
 20
1.744087
 30
0.0
 11
35.310287
 21
1.799756
 31
0.0
  0
LINE
  5
1870
330
1F
100
AcDbEntity
  8
1
  6
CONTINUOUS
370
50
 62
4
100
AcDbLine
 10
35.436752
 20
1.688889
 30
0.0
 11
35.373512
 21
1.744087
 31
0.0
  0
LINE
  5
1871
330
1F
100
AcDbEntity
  8
1
  6
CONTINUOUS
370
50
 62
4
100
AcDbLine
 10
36.005634
 20
-4.30912
 30
0.0
 11
35.943783
 21
-4.255227
 31
0.0
  0
LINE
  5
1872
330
1F
100
AcDbEntity
  8
1
  6
CONTINUOUS
370
50
 62
4
100
AcDbLine
 10
21.489574
 20
4.194693
 30
0.0
 11
21.427467
 21
4.248664
 31
0.0
  0
LINE
  5
1873
330
1F
100
AcDbEntity
  8
1
  6
CONTINUOUS
370
50
 62
4
100
AcDbLine
 10
35.5
 20
1.634166
 30
0.0
 11
35.436752
 21
1.688889
 31
0.0
  0
LINE
  5
1874
330
1F
100
AcDbEntity
  8
1
  6
CONTINUOUS
370
50
 62
4
100
AcDbLine
 10
37.130562
 20
2.593111
 30
0.0
 11
37.065872
 21
2.64882
 31
0.0
  0
LINE
  5
1875
330
1F
100
AcDbEntity
  8
1
  6
CONTINUOUS
370
50
 62
4
100
AcDbLine
 10
24.875
 20
-1.879376
 30
0.0
 11
24.811939
 21
-1.825376
 31
0.0
  0
LINE
  5
1876
330
1F
100
AcDbEntity
  8
1
  6
CONTINUOUS
370
50
 62
4
100
AcDbLine
 10
37.193832
 20
-4.187755
 30
0.0
 11
37.130562
 21
-4.133616
 31
0.0
  0
LINE
  5
1877
330
1F
100
AcDbEntity
  8
1
  6
CONTINUOUS
370
50
 62
4
100
AcDbLine
 10
31.12501
 20
3.220135
 30
0.0
 11
31.07892
 21
3.259371
 31
0.0
  0
LINE
  5
1878
330
1F
100
AcDbEntity
  8
1
  6
CONTINUOUS
370
50
 62
4
100
AcDbLine
 10
4.584771
 20
4.420731
 30
0.0
 11
4.555739
 21
4.445395
 31
0.0
  0
LINE
  5
1879
330
1F
100
AcDbEntity
  8
1
  6
CONTINUOUS
370
50
 62
4
100
AcDbLine
 10
24.811939
 20
-1.825376
 30
0.0
 11
24.748873
 21
-1.771898
 31
0.0
  0
LINE
  5
187A
330
1F
100
AcDbEntity
  8
1
  6
CONTINUOUS
370
50
 62
4
100
AcDbLine
 10
22.802986
 20
4.061602
 30
0.0
 11
22.739567
 21
4.115121
 31
0.0
  0
LINE
  5
187B
330
1F
100
AcDbEntity
  8
1
  6
CONTINUOUS
370
50
 62
4
100
AcDbLine
 10
24.748873
 20
-1.771898
 30
0.0
 11
24.68577
 21
-1.718918
 31
0.0
  0
LINE
  5
187C
330
1F
100
AcDbEntity
  8
1
  6
CONTINUOUS
370
50
 62
4
100
AcDbLine
 10
36.370682
 20
1.762668
 30
0.0
 11
36.307499
 21
1.815633
 31
0.0
  0
LINE
  5
187D
330
1F
100
AcDbEntity
  8
1
  6
CONTINUOUS
370
50
 62
4
100
AcDbLine
 10
24.68577
 20
-1.718918
 30
0.0
 11
24.622591
 21
-1.666409
 31
0.0
  0
LINE
  5
187E
330
1F
100
AcDbEntity
  8
1
  6
CONTINUOUS
370
50
 62
4
100
AcDbLine
 10
36.43387999999999
 20
1.710155
 30
0.0
 11
36.370682
 21
1.762668
 31
0.0
  0
LINE
  5
187F
330
1F
100
AcDbEntity
  8
1
  6
CONTINUOUS
370
50
 62
4
100
AcDbLine
 10
36.497082
 20
1.658095
 30
0.0
 11
36.43387999999999
 21
1.710155
 31
0.0
  0
LINE
  5
1880
330
1F
100
AcDbEntity
  8
1
  6
CONTINUOUS
370
50
 62
4
100
AcDbLine
 10
24.622591
 20
-1.666409
 30
0.0
 11
24.559305
 21
-1.614347
 31
0.0
  0
LINE
  5
1881
330
1F
100
AcDbEntity
  8
1
  6
CONTINUOUS
370
50
 62
4
100
AcDbLine
 10
24.117559
 20
3.925908
 30
0.0
 11
24.052988
 21
3.978768
 31
0.0
  0
LINE
  5
1882
330
1F
100
AcDbEntity
  8
1
  6
CONTINUOUS
370
50
 62
4
100
AcDbLine
 10
36.560299
 20
1.606493
 30
0.0
 11
36.497082
 21
1.658095
 31
0.0
  0
LINE
  5
1883
330
1F
100
AcDbEntity
  8
1
  6
CONTINUOUS
370
50
 62
4
100
AcDbLine
 10
32.319729
 20
3.099242
 30
0.0
 11
32.26318
 21
3.145375
 31
0.0
  0
LINE
  5
1884
330
1F
100
AcDbEntity
  8
1
  6
CONTINUOUS
370
50
 62
4
100
AcDbLine
 10
24.559305
 20
-1.614347
 30
0.0
 11
24.495911
 21
-1.562735
 31
0.0
  0
LINE
  5
1885
330
1F
100
AcDbEntity
  8
1
  6
CONTINUOUS
370
50
 62
4
100
AcDbLine
 10
36.623524
 20
1.555351
 30
0.0
 11
36.560299
 21
1.606493
 31
0.0
  0
LINE
  5
1886
330
1F
100
AcDbEntity
  8
1
  6
CONTINUOUS
370
50
 62
4
100
AcDbLine
 10
24.495911
 20
-1.562735
 30
0.0
 11
24.432501
 21
-1.511648
 31
0.0
  0
LINE
  5
1887
330
1F
100
AcDbEntity
  8
1
  6
CONTINUOUS
370
50
 62
4
100
AcDbLine
 10
36.686756
 20
1.504673
 30
0.0
 11
36.623524
 21
1.555351
 31
0.0
  0
LINE
  5
1888
330
1F
100
AcDbEntity
  8
1
  6
CONTINUOUS
370
50
 62
4
100
AcDbLine
 10
36.75
 20
1.45446
 30
0.0
 11
36.686756
 21
1.504673
 31
0.0
  0
LINE
  5
1889
330
1F
100
AcDbEntity
  8
1
  6
CONTINUOUS
370
50
 62
4
100
AcDbLine
 10
25.433258
 20
3.787856
 30
0.0
 11
25.367584
 21
3.839871
 31
0.0
  0
LINE
  5
188A
330
1F
100
AcDbEntity
  8
1
  6
CONTINUOUS
370
50
 62
4
100
AcDbLine
 10
20.116768
 20
4.379407
 30
0.0
 11
20.057501
 21
4.425390999999999
 31
0.0
  0
LINE
  5
188B
330
1F
100
AcDbEntity
  8
1
  6
CONTINUOUS
370
50
 62
4
100
AcDbLine
 10
23.625
 20
-1.647867
 30
0.0
 11
23.561827
 21
-1.599023
 31
0.0
  0
LINE
  5
188C
330
1F
100
AcDbEntity
  8
1
  6
CONTINUOUS
370
50
 62
4
100
AcDbLine
 10
37.620682
 20
1.542854
 30
0.0
 11
37.557499
 21
1.591577
 31
0.0
  0
LINE
  5
188D
330
1F
100
AcDbEntity
  8
1
  6
CONTINUOUS
370
50
 62
4
100
AcDbLine
 10
26.750004
 20
3.64994
 30
0.0
 11
26.684788
 21
3.700002
 31
0.0
  0
LINE
  5
188E
330
1F
100
AcDbEntity
  8
1
  6
CONTINUOUS
370
50
 62
4
100
AcDbLine
 10
23.561827
 20
-1.599023
 30
0.0
 11
23.49864
 21
-1.550706
 31
0.0
  0
LINE
  5
188F
330
1F
100
AcDbEntity
  8
1
  6
CONTINUOUS
370
50
 62
4
100
AcDbLine
 10
37.683872
 20
1.494618
 30
0.0
 11
37.620682
 21
1.542854
 31
0.0
  0
LINE
  5
1890
330
1F
100
AcDbEntity
  8
1
  6
CONTINUOUS
370
50
 62
4
100
AcDbLine
 10
23.49864
 20
-1.550706
 30
0.0
 11
23.435438
 21
-1.502916
 31
0.0
  0
LINE
  5
1891
330
1F
100
AcDbEntity
  8
1
  6
CONTINUOUS
370
50
 62
4
100
AcDbLine
 10
37.74707799999999
 20
1.44687
 30
0.0
 11
37.683872
 21
1.494618
 31
0.0
  0
LINE
  5
1892
330
1F
100
AcDbEntity
  8
1
  6
CONTINUOUS
370
50
 62
4
100
AcDbLine
 10
21.427467
 20
4.248664
 30
0.0
 11
21.366768
 21
4.294357
 31
0.0
  0
LINE
  5
1893
330
1F
100
AcDbEntity
  8
1
  6
CONTINUOUS
370
50
 62
4
100
AcDbLine
 10
23.435438
 20
-1.502916
 30
0.0
 11
23.372223
 21
-1.455655
 31
0.0
  0
LINE
  5
1894
330
1F
100
AcDbEntity
  8
1
  6
CONTINUOUS
370
50
 62
4
100
AcDbLine
 10
37.810291
 20
1.399616
 30
0.0
 11
37.74707799999999
 21
1.44687
 31
0.0
  0
LINE
  5
1895
330
1F
100
AcDbEntity
  8
1
  6
CONTINUOUS
370
50
 62
4
100
AcDbLine
 10
34.875008
 20
-4.471
 30
0.0
 11
34.816036
 21
-4.427354999999999
 31
0.0
  0
LINE
  5
1896
330
1F
100
AcDbEntity
  8
1
  6
CONTINUOUS
370
50
 62
4
100
AcDbLine
 10
37.873516
 20
1.352858
 30
0.0
 11
37.810291
 21
1.399616
 31
0.0
  0
LINE
  5
1897
330
1F
100
AcDbEntity
  8
1
  6
CONTINUOUS
370
50
 62
4
100
AcDbLine
 10
23.372223
 20
-1.455655
 30
0.0
 11
23.308994
 21
-1.408923
 31
0.0
  0
LINE
  5
1898
330
1F
100
AcDbEntity
  8
1
  6
CONTINUOUS
370
50
 62
4
100
AcDbLine
 10
34.693764
 20
2.873326
 30
0.0
 11
34.630489
 21
2.920089
 31
0.0
  0
LINE
  5
1899
330
1F
100
AcDbEntity
  8
1
  6
CONTINUOUS
370
50
 62
4
100
AcDbLine
 10
37.936752
 20
1.3066
 30
0.0
 11
37.873516
 21
1.352858
 31
0.0
  0
LINE
  5
189A
330
1F
100
AcDbEntity
  8
1
  6
CONTINUOUS
370
50
 62
4
100
AcDbLine
 10
36.066051
 20
-4.353304
 30
0.0
 11
36.005634
 21
-4.30912
 31
0.0
  0
LINE
  5
189B
330
1F
100
AcDbEntity
  8
1
  6
CONTINUOUS
370
50
 62
4
100
AcDbLine
 10
23.308994
 20
-1.408923
 30
0.0
 11
23.245754
 21
-1.362721
 31
0.0
  0
LINE
  5
189C
330
1F
100
AcDbEntity
  8
1
  6
CONTINUOUS
370
50
 62
4
100
AcDbLine
 10
22.739567
 20
4.115121
 30
0.0
 11
22.677464
 21
4.160451
 31
0.0
  0
LINE
  5
189D
330
1F
100
AcDbEntity
  8
1
  6
CONTINUOUS
370
50
 62
4
100
AcDbLine
 10
33.494404
 20
2.996418
 30
0.0
 11
33.42654
 21
3.045797
 31
0.0
  0
LINE
  5
189E
330
1F
100
AcDbEntity
  8
1
  6
CONTINUOUS
370
50
 62
4
100
AcDbLine
 10
38.0
 20
1.260845
 30
0.0
 11
37.936752
 21
1.3066
 31
0.0
  0
LINE
  5
189F
330
1F
100
AcDbEntity
  8
1
  6
CONTINUOUS
370
50
 62
4
100
AcDbLine
 10
23.245754
 20
-1.362721
 30
0.0
 11
23.182501
 21
-1.31705
 31
0.0
  0
LINE
  5
18A0
330
1F
100
AcDbEntity
  8
1
  6
CONTINUOUS
370
50
 62
4
100
AcDbLine
 10
37.255672
 20
-4.2321
 30
0.0
 11
37.193832
 21
-4.187755
 31
0.0
  0
LINE
  5
18A1
330
1F
100
AcDbEntity
  8
1
  6
CONTINUOUS
370
50
 62
4
100
AcDbLine
 10
10.549623
 20
1.621944
 30
0.0
 11
10.495971
 21
1.660218
 31
0.0
  0
LINE
  5
18A2
330
1F
100
AcDbEntity
  8
1
  6
CONTINUOUS
370
50
 62
4
100
AcDbLine
 10
35.880508
 20
2.761469
 30
0.0
 11
35.815826
 21
2.807495
 31
0.0
  0
LINE
  5
18A3
330
1F
100
AcDbEntity
  8
1
  6
CONTINUOUS
370
50
 62
4
100
AcDbLine
 10
29.87501
 20
3.389498
 30
0.0
 11
29.838163
 21
3.415558
 31
0.0
  0
LINE
  5
18A4
330
1F
100
AcDbEntity
  8
1
  6
CONTINUOUS
370
50
 62
4
100
AcDbLine
 10
24.052988
 20
3.978768
 30
0.0
 11
23.989569
 21
4.023588999999999
 31
0.0
  0
LINE
  5
18A5
330
1F
100
AcDbEntity
  8
1
  6
CONTINUOUS
370
50
 62
4
100
AcDbLine
 10
31.07892
 20
3.259371
 30
0.0
 11
31.031944
 21
3.292467
 31
0.0
  0
LINE
  5
18A6
330
1F
100
AcDbEntity
  8
1
  6
CONTINUOUS
370
50
 62
4
100
AcDbLine
 10
37.065872
 20
2.64882
 30
0.0
 11
36.999786
 21
2.694611
 31
0.0
  0
LINE
  5
18A7
330
1F
100
AcDbEntity
  8
1
  6
CONTINUOUS
370
50
 62
4
100
AcDbLine
 10
22.375
 20
-1.414864
 30
0.0
 11
22.311825
 21
-1.371318
 31
0.0
  0
LINE
  5
18A8
330
1F
100
AcDbEntity
  8
1
  6
CONTINUOUS
370
50
 62
4
100
AcDbLine
 10
4.619391999999999
 20
4.39705
 30
0.0
 11
4.584771
 21
4.420731
 31
0.0
  0
LINE
  5
18A9
330
1F
100
AcDbEntity
  8
1
  6
CONTINUOUS
370
50
 62
4
100
AcDbLine
 10
25.367584
 20
3.839871
 30
0.0
 11
25.303019
 21
3.883911
 31
0.0
  0
LINE
  5
18AA
330
1F
100
AcDbEntity
  8
1
  6
CONTINUOUS
370
50
 62
4
100
AcDbLine
 10
22.311825
 20
-1.371318
 30
0.0
 11
22.248638
 21
-1.328304
 31
0.0
  0
LINE
  5
18AB
330
1F
100
AcDbEntity
  8
1
  6
CONTINUOUS
370
50
 62
4
100
AcDbLine
 10
22.248638
 20
-1.328304
 30
0.0
 11
22.185436
 21
-1.285823
 31
0.0
  0
LINE
  5
18AC
330
1F
100
AcDbEntity
  8
1
  6
CONTINUOUS
370
50
 62
4
100
AcDbLine
 10
22.185436
 20
-1.285823
 30
0.0
 11
22.122221
 21
-1.243876
 31
0.0
  0
LINE
  5
18AD
330
1F
100
AcDbEntity
  8
1
  6
CONTINUOUS
370
50
 62
4
100
AcDbLine
 10
26.684788
 20
3.700002
 30
0.0
 11
26.620592
 21
3.742486
 31
0.0
  0
LINE
  5
18AE
330
1F
100
AcDbEntity
  8
1
  6
CONTINUOUS
370
50
 62
4
100
AcDbLine
 10
22.122221
 20
-1.243876
 30
0.0
 11
22.058994
 21
-1.202462
 31
0.0
  0
LINE
  5
18AF
330
1F
100
AcDbEntity
  8
1
  6
CONTINUOUS
370
50
 62
4
100
AcDbLine
 10
28.000004
 20
3.563411
 30
0.0
 11
27.946487
 21
3.598068
 31
0.0
  0
LINE
  5
18B0
330
1F
100
AcDbEntity
  8
1
  6
CONTINUOUS
370
50
 62
4
100
AcDbLine
 10
22.058994
 20
-1.202462
 30
0.0
 11
21.995752
 21
-1.161584
 31
0.0
  0
LINE
  5
18B1
330
1F
100
AcDbEntity
  8
1
  6
CONTINUOUS
370
50
 62
4
100
AcDbLine
 10
32.26318
 20
3.145375
 30
0.0
 11
32.205368
 21
3.182742
 31
0.0
  0
LINE
  5
18B2
330
1F
100
AcDbEntity
  8
1
  6
CONTINUOUS
370
50
 62
4
100
AcDbLine
 10
6.505929
 20
-2.094332
 30
0.0
 11
6.064642999999999
 21
-1.811869
 31
0.0
  0
LINE
  5
18B3
330
1F
100
AcDbEntity
  8
1
  6
CONTINUOUS
370
50
 62
4
100
AcDbLine
 10
6.951313
 20
-2.378606
 30
0.0
 11
6.505929
 21
-2.094332
 31
0.0
  0
LINE
  5
18B4
330
1F
100
AcDbEntity
  8
1
  6
CONTINUOUS
370
50
 62
4
100
AcDbLine
 10
21.995752
 20
-1.161584
 30
0.0
 11
21.932501
 21
-1.121242
 31
0.0
  0
LINE
  5
18B5
330
1F
100
AcDbEntity
  8
1
  6
CONTINUOUS
370
50
 62
4
100
AcDbLine
 10
11.935472
 20
-3.624926
 30
0.0
 11
11.932501
 21
-3.623032
 31
0.0
  0
LINE
  5
18B6
330
1F
100
AcDbEntity
  8
1
  6
CONTINUOUS
370
50
 62
4
100
AcDbLine
 10
11.93844
 20
-3.626801
 30
0.0
 11
11.935472
 21
-3.624926
 31
0.0
  0
LINE
  5
18B7
330
1F
100
AcDbEntity
  8
1
  6
CONTINUOUS
370
50
 62
4
100
AcDbLine
 10
21.366768
 20
4.294357
 30
0.0
 11
21.307501
 21
4.331599
 31
0.0
  0
LINE
  5
18B8
330
1F
100
AcDbEntity
  8
1
  6
CONTINUOUS
370
50
 62
4
100
AcDbLine
 10
6.064642999999999
 20
-1.811869
 30
0.0
 11
5.621238
 21
-1.533257
 31
0.0
  0
LINE
  5
18B9
330
1F
100
AcDbEntity
  8
1
  6
CONTINUOUS
370
50
 62
4
100
AcDbLine
 10
11.941407
 20
-3.628656
 30
0.0
 11
11.93844
 21
-3.626801
 31
0.0
  0
LINE
  5
18BA
330
1F
100
AcDbEntity
  8
1
  6
CONTINUOUS
370
50
 62
4
100
AcDbLine
 10
7.390047999999999
 20
-2.651401
 30
0.0
 11
6.951313
 21
-2.378606
 31
0.0
  0
LINE
  5
18BB
330
1F
100
AcDbEntity
  8
1
  6
CONTINUOUS
370
50
 62
4
100
AcDbLine
 10
11.944371
 20
-3.630493
 30
0.0
 11
11.941407
 21
-3.628656
 31
0.0
  0
LINE
  5
18BC
330
1F
100
AcDbEntity
  8
1
  6
CONTINUOUS
370
50
 62
4
100
AcDbLine
 10
10.603593
 20
1.588777
 30
0.0
 11
10.549623
 21
1.621944
 31
0.0
  0
LINE
  5
18BD
330
1F
100
AcDbEntity
  8
1
  6
CONTINUOUS
370
50
 62
4
100
AcDbLine
 10
11.947332
 20
-3.632311
 30
0.0
 11
11.944371
 21
-3.630493
 31
0.0
  0
LINE
  5
18BE
330
1F
100
AcDbEntity
  8
1
  6
CONTINUOUS
370
50
 62
4
100
AcDbLine
 10
22.677464
 20
4.160451
 30
0.0
 11
22.616766
 21
4.197378
 31
0.0
  0
LINE
  5
18BF
330
1F
100
AcDbEntity
  8
1
  6
CONTINUOUS
370
50
 62
4
100
AcDbLine
 10
11.950292
 20
-3.63411
 30
0.0
 11
11.947332
 21
-3.632311
 31
0.0
  0
LINE
  5
18C0
330
1F
100
AcDbEntity
  8
1
  6
CONTINUOUS
370
50
 62
4
100
AcDbLine
 10
21.125
 20
-1.180384
 30
0.0
 11
21.061825
 21
-1.142172
 31
0.0
  0
LINE
  5
18C1
330
1F
100
AcDbEntity
  8
1
  6
CONTINUOUS
370
50
 62
4
100
AcDbLine
 10
5.621238
 20
-1.533257
 30
0.0
 11
5.168933
 21
-1.260152
 31
0.0
  0
LINE
  5
18C2
330
1F
100
AcDbEntity
  8
1
  6
CONTINUOUS
370
50
 62
4
100
AcDbLine
 10
21.061825
 20
-1.142172
 30
0.0
 11
20.998636
 21
-1.104496
 31
0.0
  0
LINE
  5
18C3
330
1F
100
AcDbEntity
  8
1
  6
CONTINUOUS
370
50
 62
4
100
AcDbLine
 10
7.820672999999999
 20
-2.90681
 30
0.0
 11
7.390047999999999
 21
-2.651401
 31
0.0
  0
LINE
  5
18C4
330
1F
100
AcDbEntity
  8
1
  6
CONTINUOUS
370
50
 62
4
100
AcDbLine
 10
29.838163
 20
3.415558
 30
0.0
 11
29.800747
 21
3.437648
 31
0.0
  0
LINE
  5
18C5
330
1F
100
AcDbEntity
  8
1
  6
CONTINUOUS
370
50
 62
4
100
AcDbLine
 10
23.989569
 20
4.023588999999999
 30
0.0
 11
23.927465
 21
4.060097
 31
0.0
  0
LINE
  5
18C6
330
1F
100
AcDbEntity
  8
1
  6
CONTINUOUS
370
50
 62
4
100
AcDbLine
 10
20.998636
 20
-1.104496
 30
0.0
 11
20.935434
 21
-1.067359
 31
0.0
  0
LINE
  5
18C7
330
1F
100
AcDbEntity
  8
1
  6
CONTINUOUS
370
50
 62
4
100
AcDbLine
 10
10.495971
 20
-3.871493
 30
0.0
 11
10.448627
 21
-3.843799
 31
0.0
  0
LINE
  5
18C8
330
1F
100
AcDbEntity
  8
1
  6
CONTINUOUS
370
50
 62
4
100
AcDbLine
 10
36.125011
 20
-4.387645
 30
0.0
 11
36.066051
 21
-4.353304
 31
0.0
  0
LINE
  5
18C9
330
1F
100
AcDbEntity
  8
1
  6
CONTINUOUS
370
50
 62
4
100
AcDbLine
 10
20.935434
 20
-1.067359
 30
0.0
 11
20.872219
 21
-1.030759
 31
0.0
  0
LINE
  5
18CA
330
1F
100
AcDbEntity
  8
1
  6
CONTINUOUS
370
50
 62
4
100
AcDbLine
 10
4.65849
 20
4.374468
 30
0.0
 11
4.619391999999999
 21
4.39705
 31
0.0
  0
LINE
  5
18CB
330
1F
100
AcDbEntity
  8
1
  6
CONTINUOUS
370
50
 62
4
100
AcDbLine
 10
8.617436999999999
 20
2.51497
 30
0.0
 11
8.150503
 21
2.781961
 31
0.0
  0
LINE
  5
18CC
330
1F
100
AcDbEntity
  8
1
  6
CONTINUOUS
370
50
 62
4
100
AcDbLine
 10
8.150503
 20
2.781961
 30
0.0
 11
7.68831
 21
3.045691
 31
0.0
  0
LINE
  5
18CD
330
1F
100
AcDbEntity
  8
1
  6
CONTINUOUS
370
50
 62
4
100
AcDbLine
 10
20.872219
 20
-1.030759
 30
0.0
 11
20.808992
 21
-0.994699
 31
0.0
  0
LINE
  5
18CE
330
1F
100
AcDbEntity
  8
1
  6
CONTINUOUS
370
50
 62
4
100
AcDbLine
 10
37.316067
 20
-4.266541
 30
0.0
 11
37.255672
 21
-4.2321
 31
0.0
  0
LINE
  5
18CF
330
1F
100
AcDbEntity
  8
1
  6
CONTINUOUS
370
50
 62
4
100
AcDbLine
 10
34.630489
 20
2.920089
 30
0.0
 11
34.565815
 21
2.956902
 31
0.0
  0
LINE
  5
18D0
330
1F
100
AcDbEntity
  8
1
  6
CONTINUOUS
370
50
 62
4
100
AcDbLine
 10
5.168933
 20
-1.260152
 30
0.0
 11
4.700949
 21
-0.994209
 31
0.0
  0
LINE
  5
18D1
330
1F
100
AcDbEntity
  8
1
  6
CONTINUOUS
370
50
 62
4
100
AcDbLine
 10
25.303019
 20
3.883911
 30
0.0
 11
25.239603
 21
3.919786
 31
0.0
  0
LINE
  5
18D2
330
1F
100
AcDbEntity
  8
1
  6
CONTINUOUS
370
50
 62
4
100
AcDbLine
 10
31.031944
 20
3.292467
 30
0.0
 11
30.984089
 21
3.319405
 31
0.0
  0
LINE
  5
18D3
330
1F
100
AcDbEntity
  8
1
  6
CONTINUOUS
370
50
 62
4
100
AcDbLine
 10
20.808992
 20
-0.994699
 30
0.0
 11
20.745752
 21
-0.959178
 31
0.0
  0
LINE
  5
18D4
330
1F
100
AcDbEntity
  8
1
  6
CONTINUOUS
370
50
 62
4
100
AcDbLine
 10
28.62501
 20
3.552224
 30
0.0
 11
28.597467
 21
3.567645
 31
0.0
  0
LINE
  5
18D5
330
1F
100
AcDbEntity
  8
1
  6
CONTINUOUS
370
50
 62
4
100
AcDbLine
 10
27.946487
 20
3.598068
 30
0.0
 11
27.893656
 21
3.627567
 31
0.0
  0
LINE
  5
18D6
330
1F
100
AcDbEntity
  8
1
  6
CONTINUOUS
370
50
 62
4
100
AcDbLine
 10
9.097731
 20
2.247046
 30
0.0
 11
8.617436999999999
 21
2.51497
 31
0.0
  0
LINE
  5
18D7
330
1F
100
AcDbEntity
  8
1
  6
CONTINUOUS
370
50
 62
4
100
AcDbLine
 10
8.250086
 20
-3.14482
 30
0.0
 11
7.820672999999999
 21
-2.90681
 31
0.0
  0
LINE
  5
18D8
330
1F
100
AcDbEntity
  8
1
  6
CONTINUOUS
370
50
 62
4
100
AcDbLine
 10
7.68831
 20
3.045691
 30
0.0
 11
7.222242
 21
3.303829
 31
0.0
  0
LINE
  5
18D9
330
1F
100
AcDbEntity
  8
1
  6
CONTINUOUS
370
50
 62
4
100
AcDbLine
 10
20.745752
 20
-0.959178
 30
0.0
 11
20.682501
 21
-0.924199
 31
0.0
  0
LINE
  5
18DA
330
1F
100
AcDbEntity
  8
1
  6
CONTINUOUS
370
50
 62
4
100
AcDbLine
 10
10.65919
 20
1.558137
 30
0.0
 11
10.603593
 21
1.588777
 31
0.0
  0
LINE
  5
18DB
330
1F
100
AcDbEntity
  8
1
  6
CONTINUOUS
370
50
 62
4
100
AcDbLine
 10
26.620592
 20
3.742486
 30
0.0
 11
26.557457
 21
3.777228
 31
0.0
  0
LINE
  5
18DC
330
1F
100
AcDbEntity
  8
1
  6
CONTINUOUS
370
50
 62
4
100
AcDbLine
 10
35.815826
 20
2.807495
 30
0.0
 11
35.749756
 21
2.843551
 31
0.0
  0
LINE
  5
18DD
330
1F
100
AcDbEntity
  8
1
  6
CONTINUOUS
370
50
 62
4
100
AcDbLine
 10
33.42654
 20
3.045797
 30
0.0
 11
33.356995
 21
3.083296
 31
0.0
  0
LINE
  5
18DE
330
1F
100
AcDbEntity
  8
1
  6
CONTINUOUS
370
50
 62
4
100
AcDbLine
 10
9.6
 20
1.980517
 30
0.0
 11
9.097731
 21
2.247046
 31
0.0
  0
LINE
  5
18DF
330
1F
100
AcDbEntity
  8
1
  6
CONTINUOUS
370
50
 62
4
100
AcDbLine
 10
36.999786
 20
2.694611
 30
0.0
 11
36.932499
 21
2.730256
 31
0.0
  0
LINE
  5
18E0
330
1F
100
AcDbEntity
  8
1
  6
CONTINUOUS
370
50
 62
4
100
AcDbLine
 10
29.250004
 20
3.468971
 30
0.0
 11
29.208096
 21
3.491103
 31
0.0
  0
LINE
  5
18E1
330
1F
100
AcDbEntity
  8
1
  6
CONTINUOUS
370
50
 62
4
100
AcDbLine
 10
4.543612
 20
-4.93737
 30
0.0
 11
4.523593
 21
-4.926804
 31
0.0
  0
LINE
  5
18E2
330
1F
100
AcDbEntity
  8
1
  6
CONTINUOUS
370
50
 62
4
100
AcDbLine
 10
7.222242
 20
3.303829
 30
0.0
 11
6.744555
 21
3.553577
 31
0.0
  0
LINE
  5
18E3
330
1F
100
AcDbEntity
  8
1
  6
CONTINUOUS
370
50
 62
4
100
AcDbLine
 10
19.875
 20
-0.944341
 30
0.0
 11
19.811825
 21
-0.911493
 31
0.0
  0
LINE
  5
18E4
330
1F
100
AcDbEntity
  8
1
  6
CONTINUOUS
370
50
 62
4
100
AcDbLine
 10
19.811825
 20
-0.911493
 30
0.0
 11
19.748636
 21
-0.879188
 31
0.0
  0
LINE
  5
18E5
330
1F
100
AcDbEntity
  8
1
  6
CONTINUOUS
370
50
 62
4
100
AcDbLine
 10
8.685181
 20
-3.365417
 30
0.0
 11
8.250086
 21
-3.14482
 31
0.0
  0
LINE
  5
18E6
330
1F
100
AcDbEntity
  8
1
  6
CONTINUOUS
370
50
 62
4
100
AcDbLine
 10
10.716981
 20
1.528966
 30
0.0
 11
10.65919
 21
1.558137
 31
0.0
  0
LINE
  5
18E7
330
1F
100
AcDbEntity
  8
1
  6
CONTINUOUS
370
50
 62
4
100
AcDbLine
 10
4.700949
 20
4.3531
 30
0.0
 11
4.65849
 21
4.374468
 31
0.0
  0
LINE
  5
18E8
330
1F
100
AcDbEntity
  8
1
  6
CONTINUOUS
370
50
 62
4
100
AcDbLine
 10
19.748636
 20
-0.879188
 30
0.0
 11
19.685434
 21
-0.847425
 31
0.0
  0
LINE
  5
18E9
330
1F
100
AcDbEntity
  8
1
  6
CONTINUOUS
370
50
 62
4
100
AcDbLine
 10
19.685434
 20
-0.847425
 30
0.0
 11
19.622219
 21
-0.816205
 31
0.0
  0
LINE
  5
18EA
330
1F
100
AcDbEntity
  8
1
  6
CONTINUOUS
370
50
 62
4
100
AcDbLine
 10
19.622219
 20
-0.816205
 30
0.0
 11
19.55899
 21
-0.785528
 31
0.0
  0
LINE
  5
18EB
330
1F
100
AcDbEntity
  8
1
  6
CONTINUOUS
370
50
 62
4
100
AcDbLine
 10
32.205368
 20
3.182742
 30
0.0
 11
32.146309
 21
3.211293
 31
0.0
  0
LINE
  5
18EC
330
1F
100
AcDbEntity
  8
1
  6
CONTINUOUS
370
50
 62
4
100
AcDbLine
 10
6.744555
 20
3.553577
 30
0.0
 11
6.267605
 21
3.782214
 31
0.0
  0
LINE
  5
18ED
330
1F
100
AcDbEntity
  8
1
  6
CONTINUOUS
370
50
 62
4
100
AcDbLine
 10
22.616766
 20
4.197378
 30
0.0
 11
22.557501
 21
4.225746
 31
0.0
  0
LINE
  5
18EE
330
1F
100
AcDbEntity
  8
1
  6
CONTINUOUS
370
50
 62
4
100
AcDbLine
 10
29.800747
 20
3.437648
 30
0.0
 11
29.762766
 21
3.455763
 31
0.0
  0
LINE
  5
18EF
330
1F
100
AcDbEntity
  8
1
  6
CONTINUOUS
370
50
 62
4
100
AcDbLine
 10
19.55899
 20
-0.785528
 30
0.0
 11
19.49575
 21
-0.755396
 31
0.0
  0
LINE
  5
18F0
330
1F
100
AcDbEntity
  8
1
  6
CONTINUOUS
370
50
 62
4
100
AcDbLine
 10
28.597467
 20
3.567645
 30
0.0
 11
28.569605
 21
3.580824
 31
0.0
  0
LINE
  5
18F1
330
1F
100
AcDbEntity
  8
1
  6
CONTINUOUS
370
50
 62
4
100
AcDbLine
 10
10.775571
 20
1.50149
 30
0.0
 11
10.716981
 21
1.528966
 31
0.0
  0
LINE
  5
18F2
330
1F
100
AcDbEntity
  8
1
  6
CONTINUOUS
370
50
 62
4
100
AcDbLine
 10
19.49575
 20
-0.755396
 30
0.0
 11
19.432501
 21
-0.72581
 31
0.0
  0
LINE
  5
18F3
330
1F
100
AcDbEntity
  8
1
  6
CONTINUOUS
370
50
 62
4
100
AcDbLine
 10
10.074226
 20
1.870182
 30
0.0
 11
10.0
 21
1.904748
 31
0.0
  0
LINE
  5
18F4
330
1F
100
AcDbEntity
  8
1
  6
CONTINUOUS
370
50
 62
4
100
AcDbLine
 10
27.893656
 20
3.627567
 30
0.0
 11
27.841526
 21
3.651826
 31
0.0
  0
LINE
  5
18F5
330
1F
100
AcDbEntity
  8
1
  6
CONTINUOUS
370
50
 62
4
100
AcDbLine
 10
10.549623
 20
-3.896261
 30
0.0
 11
10.495971
 21
-3.871493
 31
0.0
  0
LINE
  5
18F6
330
1F
100
AcDbEntity
  8
1
  6
CONTINUOUS
370
50
 62
4
100
AcDbLine
 10
23.927465
 20
4.060097
 30
0.0
 11
23.866766
 21
4.088102
 31
0.0
  0
LINE
  5
18F7
330
1F
100
AcDbEntity
  8
1
  6
CONTINUOUS
370
50
 62
4
100
AcDbLine
 10
10.148649
 20
1.835949
 30
0.0
 11
10.074226
 21
1.870182
 31
0.0
  0
LINE
  5
18F8
330
1F
100
AcDbEntity
  8
1
  6
CONTINUOUS
370
50
 62
4
100
AcDbLine
 10
29.208096
 20
3.491103
 30
0.0
 11
29.166601
 21
3.510046
 31
0.0
  0
LINE
  5
18F9
330
1F
100
AcDbEntity
  8
1
  6
CONTINUOUS
370
50
 62
4
100
AcDbLine
 10
10.223283
 20
1.802052
 30
0.0
 11
10.148649
 21
1.835949
 31
0.0
  0
LINE
  5
18FA
330
1F
100
AcDbEntity
  8
1
  6
CONTINUOUS
370
50
 62
4
100
AcDbLine
 10
9.132854
 20
-3.568586
 30
0.0
 11
8.685181
 21
-3.365417
 31
0.0
  0
LINE
  5
18FB
330
1F
100
AcDbEntity
  8
1
  6
CONTINUOUS
370
50
 62
4
100
AcDbLine
 10
10.298146
 20
1.768495
 30
0.0
 11
10.223283
 21
1.802052
 31
0.0
  0
LINE
  5
18FC
330
1F
100
AcDbEntity
  8
1
  6
CONTINUOUS
370
50
 62
4
100
AcDbLine
 10
25.239603
 20
3.919786
 30
0.0
 11
25.177492
 21
3.947257
 31
0.0
  0
LINE
  5
18FD
330
1F
100
AcDbEntity
  8
1
  6
CONTINUOUS
370
50
 62
4
100
AcDbLine
 10
10.373256
 20
1.735281
 30
0.0
 11
10.298146
 21
1.768495
 31
0.0
  0
LINE
  5
18FE
330
1F
100
AcDbEntity
  8
1
  6
CONTINUOUS
370
50
 62
4
100
AcDbLine
 10
10.833568
 20
1.475935
 30
0.0
 11
10.775571
 21
1.50149
 31
0.0
  0
LINE
  5
18FF
330
1F
100
AcDbEntity
  8
1
  6
CONTINUOUS
370
50
 62
4
100
AcDbLine
 10
10.448627
 20
1.702413
 30
0.0
 11
10.373256
 21
1.735281
 31
0.0
  0
LINE
  5
1900
330
1F
100
AcDbEntity
  8
1
  6
CONTINUOUS
370
50
 62
4
100
AcDbLine
 10
18.625
 20
-0.706569
 30
0.0
 11
18.561823
 21
-0.679117
 31
0.0
  0
LINE
  5
1901
330
1F
100
AcDbEntity
  8
1
  6
CONTINUOUS
370
50
 62
4
100
AcDbLine
 10
26.557457
 20
3.777228
 30
0.0
 11
26.495411
 21
3.804066
 31
0.0
  0
LINE
  5
1902
330
1F
100
AcDbEntity
  8
1
  6
CONTINUOUS
370
50
 62
4
100
AcDbLine
 10
6.267605
 20
3.782214
 30
0.0
 11
5.791816
 21
3.985788
 31
0.0
  0
LINE
  5
1903
330
1F
100
AcDbEntity
  8
1
  6
CONTINUOUS
370
50
 62
4
100
AcDbLine
 10
30.984089
 20
3.319405
 30
0.0
 11
30.935356
 21
3.340165
 31
0.0
  0
LINE
  5
1904
330
1F
100
AcDbEntity
  8
1
  6
CONTINUOUS
370
50
 62
4
100
AcDbLine
 10
18.561823
 20
-0.679117
 30
0.0
 11
18.498634
 21
-0.652212
 31
0.0
  0
LINE
  5
1905
330
1F
100
AcDbEntity
  8
1
  6
CONTINUOUS
370
50
 62
4
100
AcDbLine
 10
18.498634
 20
-0.652212
 30
0.0
 11
18.435432
 21
-0.625854
 31
0.0
  0
LINE
  5
1906
330
1F
100
AcDbEntity
  8
1
  6
CONTINUOUS
370
50
 62
4
100
AcDbLine
 10
37.375011
 20
-4.290964
 30
0.0
 11
37.316067
 21
-4.266541
 31
0.0
  0
LINE
  5
1907
330
1F
100
AcDbEntity
  8
1
  6
CONTINUOUS
370
50
 62
4
100
AcDbLine
 10
30.500004
 20
3.367024
 30
0.0
 11
30.469641
 21
3.37945
 31
0.0
  0
LINE
  5
1908
330
1F
100
AcDbEntity
  8
1
  6
CONTINUOUS
370
50
 62
4
100
AcDbLine
 10
27.37501
 20
3.707942
 30
0.0
 11
27.356838
 21
3.715374
 31
0.0
  0
LINE
  5
1909
330
1F
100
AcDbEntity
  8
1
  6
CONTINUOUS
370
50
 62
4
100
AcDbLine
 10
18.435432
 20
-0.625854
 30
0.0
 11
18.372217
 21
-0.600044
 31
0.0
  0
LINE
  5
190A
330
1F
100
AcDbEntity
  8
1
  6
CONTINUOUS
370
50
 62
4
100
AcDbLine
 10
34.565815
 20
2.956902
 30
0.0
 11
34.499752
 21
2.983661
 31
0.0
  0
LINE
  5
190B
330
1F
100
AcDbEntity
  8
1
  6
CONTINUOUS
370
50
 62
4
100
AcDbLine
 10
18.372217
 20
-0.600044
 30
0.0
 11
18.30899
 21
-0.5747829999999999
 31
0.0
  0
LINE
  5
190C
330
1F
100
AcDbEntity
  8
1
  6
CONTINUOUS
370
50
 62
4
100
AcDbLine
 10
9.6
 20
-3.754315
 30
0.0
 11
9.132854
 21
-3.568586
 31
0.0
  0
LINE
  5
190D
330
1F
100
AcDbEntity
  8
1
  6
CONTINUOUS
370
50
 62
4
100
AcDbLine
 10
10.603593
 20
-3.917451
 30
0.0
 11
10.549623
 21
-3.896261
 31
0.0
  0
LINE
  5
190E
330
1F
100
AcDbEntity
  8
1
  6
CONTINUOUS
370
50
 62
4
100
AcDbLine
 10
18.30899
 20
-0.5747829999999999
 30
0.0
 11
18.24575
 21
-0.550071
 31
0.0
  0
LINE
  5
190F
330
1F
100
AcDbEntity
  8
1
  6
CONTINUOUS
370
50
 62
4
100
AcDbLine
 10
5.791816
 20
3.985788
 30
0.0
 11
5.614968
 21
4.054771
 31
0.0
  0
LINE
  5
1910
330
1F
100
AcDbEntity
  8
1
  6
CONTINUOUS
370
50
 62
4
100
AcDbLine
 10
6.425262999999999
 20
3.739438
 30
0.0
 11
5.791757
 21
3.985834
 31
0.0
  0
LINE
  5
1911
330
1F
100
AcDbEntity
  8
1
  6
CONTINUOUS
370
50
 62
4
100
AcDbLine
 10
28.569605
 20
3.580824
 30
0.0
 11
28.541422
 21
3.591763
 31
0.0
  0
LINE
  5
1912
330
1F
100
AcDbEntity
  8
1
  6
CONTINUOUS
370
50
 62
4
100
AcDbLine
 10
35.749756
 20
2.843551
 30
0.0
 11
35.682499
 21
2.86946
 31
0.0
  0
LINE
  5
1913
330
1F
100
AcDbEntity
  8
1
  6
CONTINUOUS
370
50
 62
4
100
AcDbLine
 10
29.166601
 20
3.510046
 30
0.0
 11
29.125532
 21
3.525764
 31
0.0
  0
LINE
  5
1914
330
1F
100
AcDbEntity
  8
1
  6
CONTINUOUS
370
50
 62
4
100
AcDbLine
 10
18.24575
 20
-0.550071
 30
0.0
 11
18.182501
 21
-0.525909
 31
0.0
  0
LINE
  5
1915
330
1F
100
AcDbEntity
  8
1
  6
CONTINUOUS
370
50
 62
4
100
AcDbLine
 10
12.620676
 20
0.453042
 30
0.0
 11
12.5575
 21
0.47672
 31
0.0
  0
LINE
  5
1916
330
1F
100
AcDbEntity
  8
1
  6
CONTINUOUS
370
50
 62
4
100
AcDbLine
 10
5.614968
 20
4.054771
 30
0.0
 11
5.436701999999999
 21
4.120569
 31
0.0
  0
LINE
  5
1917
330
1F
100
AcDbEntity
  8
1
  6
CONTINUOUS
370
50
 62
4
100
AcDbLine
 10
27.841526
 20
3.651826
 30
0.0
 11
27.790115
 21
3.670763
 31
0.0
  0
LINE
  5
1918
330
1F
100
AcDbEntity
  8
1
  6
CONTINUOUS
370
50
 62
4
100
AcDbLine
 10
29.762766
 20
3.455763
 30
0.0
 11
29.724218
 21
3.469898
 31
0.0
  0
LINE
  5
1919
330
1F
100
AcDbEntity
  8
1
  6
CONTINUOUS
370
50
 62
4
100
AcDbLine
 10
7.065226
 20
3.505072
 30
0.0
 11
6.425262999999999
 21
3.739438
 31
0.0
  0
LINE
  5
191A
330
1F
100
AcDbEntity
  8
1
  6
CONTINUOUS
370
50
 62
4
100
AcDbLine
 10
12.683865
 20
0.429918
 30
0.0
 11
12.620676
 21
0.453042
 31
0.0
  0
LINE
  5
191B
330
1F
100
AcDbEntity
  8
1
  6
CONTINUOUS
370
50
 62
4
100
AcDbLine
 10
33.356995
 20
3.083296
 30
0.0
 11
33.285778
 21
3.108809
 31
0.0
  0
LINE
  5
191C
330
1F
100
AcDbEntity
  8
1
  6
CONTINUOUS
370
50
 62
4
100
AcDbLine
 10
12.747066
 20
0.407349
 30
0.0
 11
12.683865
 21
0.429918
 31
0.0
  0
LINE
  5
191D
330
1F
100
AcDbEntity
  8
1
  6
CONTINUOUS
370
50
 62
4
100
AcDbLine
 10
30.469641
 20
3.37945
 30
0.0
 11
30.439493
 21
3.390192
 31
0.0
  0
LINE
  5
191E
330
1F
100
AcDbEntity
  8
1
  6
CONTINUOUS
370
50
 62
4
100
AcDbLine
 10
27.356838
 20
3.715374
 30
0.0
 11
27.338526
 21
3.721822
 31
0.0
  0
LINE
  5
191F
330
1F
100
AcDbEntity
  8
1
  6
CONTINUOUS
370
50
 62
4
100
AcDbLine
 10
17.375
 20
-0.466856
 30
0.0
 11
17.311823
 21
-0.444832
 31
0.0
  0
LINE
  5
1920
330
1F
100
AcDbEntity
  8
1
  6
CONTINUOUS
370
50
 62
4
100
AcDbLine
 10
12.810281
 20
0.385336
 30
0.0
 11
12.747066
 21
0.407349
 31
0.0
  0
LINE
  5
1921
330
1F
100
AcDbEntity
  8
1
  6
CONTINUOUS
370
50
 62
4
100
AcDbLine
 10
10.65919
 20
-3.936798
 30
0.0
 11
10.603593
 21
-3.917451
 31
0.0
  0
LINE
  5
1922
330
1F
100
AcDbEntity
  8
1
  6
CONTINUOUS
370
50
 62
4
100
AcDbLine
 10
5.436701999999999
 20
4.120569
 30
0.0
 11
5.256590999999999
 21
4.18324
 31
0.0
  0
LINE
  5
1923
330
1F
100
AcDbEntity
  8
1
  6
CONTINUOUS
370
50
 62
4
100
AcDbLine
 10
17.311823
 20
-0.444832
 30
0.0
 11
17.248634
 21
-0.423359
 31
0.0
  0
LINE
  5
1924
330
1F
100
AcDbEntity
  8
1
  6
CONTINUOUS
370
50
 62
4
100
AcDbLine
 10
12.873508
 20
0.363881
 30
0.0
 11
12.810281
 21
0.385336
 31
0.0
  0
LINE
  5
1925
330
1F
100
AcDbEntity
  8
1
  6
CONTINUOUS
370
50
 62
4
100
AcDbLine
 10
8.089091
 20
3.164049
 30
0.0
 11
7.065226
 21
3.505072
 31
0.0
  0
LINE
  5
1926
330
1F
100
AcDbEntity
  8
1
  6
CONTINUOUS
370
50
 62
4
100
AcDbLine
 10
17.248634
 20
-0.423359
 30
0.0
 11
17.185432
 21
-0.402439
 31
0.0
  0
LINE
  5
1927
330
1F
100
AcDbEntity
  8
1
  6
CONTINUOUS
370
50
 62
4
100
AcDbLine
 10
12.936749
 20
0.342984
 30
0.0
 11
12.873508
 21
0.363881
 31
0.0
  0
LINE
  5
1928
330
1F
100
AcDbEntity
  8
1
  6
CONTINUOUS
370
50
 62
4
100
AcDbLine
 10
10.074226
 20
-3.729478
 30
0.0
 11
10.0
 21
-3.705074
 31
0.0
  0
LINE
  5
1929
330
1F
100
AcDbEntity
  8
1
  6
CONTINUOUS
370
50
 62
4
100
AcDbLine
 10
5.256590999999999
 20
4.18324
 30
0.0
 11
5.074212999999999
 21
4.242846
 31
0.0
  0
LINE
  5
192A
330
1F
100
AcDbEntity
  8
1
  6
CONTINUOUS
370
50
 62
4
100
AcDbLine
 10
23.866766
 20
4.088102
 30
0.0
 11
23.807501
 21
4.107463
 31
0.0
  0
LINE
  5
192B
330
1F
100
AcDbEntity
  8
1
  6
CONTINUOUS
370
50
 62
4
100
AcDbLine
 10
32.146309
 20
3.211293
 30
0.0
 11
32.086014
 21
3.230977
 31
0.0
  0
LINE
  5
192C
330
1F
100
AcDbEntity
  8
1
  6
CONTINUOUS
370
50
 62
4
100
AcDbLine
 10
17.185432
 20
-0.402439
 30
0.0
 11
17.122217
 21
-0.382072
 31
0.0
  0
LINE
  5
192D
330
1F
100
AcDbEntity
  8
1
  6
CONTINUOUS
370
50
 62
4
100
AcDbLine
 10
13.0
 20
0.322647
 30
0.0
 11
12.936749
 21
0.342984
 31
0.0
  0
LINE
  5
192E
330
1F
100
AcDbEntity
  8
1
  6
CONTINUOUS
370
50
 62
4
100
AcDbLine
 10
10.148649
 20
-3.753357
 30
0.0
 11
10.074226
 21
-3.729478
 31
0.0
  0
LINE
  5
192F
330
1F
100
AcDbEntity
  8
1
  6
CONTINUOUS
370
50
 62
4
100
AcDbLine
 10
4.573075
 20
-4.946699
 30
0.0
 11
4.543612
 21
-4.93737
 31
0.0
  0
LINE
  5
1930
330
1F
100
AcDbEntity
  8
1
  6
CONTINUOUS
370
50
 62
4
100
AcDbLine
 10
10.716981
 20
-3.955019
 30
0.0
 11
10.65919
 21
-3.936798
 31
0.0
  0
LINE
  5
1931
330
1F
100
AcDbEntity
  8
1
  6
CONTINUOUS
370
50
 62
4
100
AcDbLine
 10
17.122217
 20
-0.382072
 30
0.0
 11
17.05899
 21
-0.362258
 31
0.0
  0
LINE
  5
1932
330
1F
100
AcDbEntity
  8
1
  6
CONTINUOUS
370
50
 62
4
100
AcDbLine
 10
10.223283
 20
-3.77672
 30
0.0
 11
10.148649
 21
-3.753357
 31
0.0
  0
LINE
  5
1933
330
1F
100
AcDbEntity
  8
1
  6
CONTINUOUS
370
50
 62
4
100
AcDbLine
 10
25.177492
 20
3.947257
 30
0.0
 11
25.116781
 21
3.966155
 31
0.0
  0
LINE
  5
1934
330
1F
100
AcDbEntity
  8
1
  6
CONTINUOUS
370
50
 62
4
100
AcDbLine
 10
26.495411
 20
3.804066
 30
0.0
 11
26.434597
 21
3.822807
 31
0.0
  0
LINE
  5
1935
330
1F
100
AcDbEntity
  8
1
  6
CONTINUOUS
370
50
 62
4
100
AcDbLine
 10
29.125532
 20
3.525764
 30
0.0
 11
29.084898
 21
3.53822
 31
0.0
  0
LINE
  5
1936
330
1F
100
AcDbEntity
  8
1
  6
CONTINUOUS
370
50
 62
4
100
AcDbLine
 10
5.074212999999999
 20
4.242846
 30
0.0
 11
4.889139999999999
 21
4.299446
 31
0.0
  0
LINE
  5
1937
330
1F
100
AcDbEntity
  8
1
  6
CONTINUOUS
370
50
 62
4
100
AcDbLine
 10
10.298146
 20
-3.799576
 30
0.0
 11
10.223283
 21
-3.77672
 31
0.0
  0
LINE
  5
1938
330
1F
100
AcDbEntity
  8
1
  6
CONTINUOUS
370
50
 62
4
100
AcDbLine
 10
28.541422
 20
3.591763
 30
0.0
 11
28.512924
 21
3.60046
 31
0.0
  0
LINE
  5
1939
330
1F
100
AcDbEntity
  8
1
  6
CONTINUOUS
370
50
 62
4
100
AcDbLine
 10
17.05899
 20
-0.362258
 30
0.0
 11
16.99575
 21
-0.342999
 31
0.0
  0
LINE
  5
193A
330
1F
100
AcDbEntity
  8
1
  6
CONTINUOUS
370
50
 62
4
100
AcDbLine
 10
9.377742
 20
2.773931
 30
0.0
 11
8.089091
 21
3.164049
 31
0.0
  0
LINE
  5
193B
330
1F
100
AcDbEntity
  8
1
  6
CONTINUOUS
370
50
 62
4
100
AcDbLine
 10
30.439493
 20
3.390192
 30
0.0
 11
30.409567
 21
3.399237
 31
0.0
  0
LINE
  5
193C
330
1F
100
AcDbEntity
  8
1
  6
CONTINUOUS
370
50
 62
4
100
AcDbLine
 10
10.373256
 20
-3.821933
 30
0.0
 11
10.298146
 21
-3.799576
 31
0.0
  0
LINE
  5
193D
330
1F
100
AcDbEntity
  8
1
  6
CONTINUOUS
370
50
 62
4
100
AcDbLine
 10
27.338526
 20
3.721822
 30
0.0
 11
27.320074
 21
3.727286
 31
0.0
  0
LINE
  5
193E
330
1F
100
AcDbEntity
  8
1
  6
CONTINUOUS
370
50
 62
4
100
AcDbLine
 10
16.99575
 20
-0.342999
 30
0.0
 11
16.932501
 21
-0.324296
 31
0.0
  0
LINE
  5
193F
330
1F
100
AcDbEntity
  8
1
  6
CONTINUOUS
370
50
 62
4
100
AcDbLine
 10
30.935356
 20
3.340165
 30
0.0
 11
30.885757
 21
3.354727
 31
0.0
  0
LINE
  5
1940
330
1F
100
AcDbEntity
  8
1
  6
CONTINUOUS
370
50
 62
4
100
AcDbLine
 10
31.750004
 20
3.257879
 30
0.0
 11
31.731155
 21
3.263365
 31
0.0
  0
LINE
  5
1941
330
1F
100
AcDbEntity
  8
1
  6
CONTINUOUS
370
50
 62
4
100
AcDbLine
 10
10.448627
 20
-3.843799
 30
0.0
 11
10.373256
 21
-3.821933
 31
0.0
  0
LINE
  5
1942
330
1F
100
AcDbEntity
  8
1
  6
CONTINUOUS
370
50
 62
4
100
AcDbLine
 10
10.775571
 20
-3.972008
 30
0.0
 11
10.716981
 21
-3.955019
 31
0.0
  0
LINE
  5
1943
330
1F
100
AcDbEntity
  8
1
  6
CONTINUOUS
370
50
 62
4
100
AcDbLine
 10
13.870673
 20
0.211764
 30
0.0
 11
13.8075
 21
0.229905
 31
0.0
  0
LINE
  5
1944
330
1F
100
AcDbEntity
  8
1
  6
CONTINUOUS
370
50
 62
4
100
AcDbLine
 10
4.889139999999999
 20
4.299446
 30
0.0
 11
4.700949
 21
4.3531
 31
0.0
  0
LINE
  5
1945
330
1F
100
AcDbEntity
  8
1
  6
CONTINUOUS
370
50
 62
4
100
AcDbLine
 10
13.93386
 20
0.194202
 30
0.0
 11
13.870673
 21
0.211764
 31
0.0
  0
LINE
  5
1946
330
1F
100
AcDbEntity
  8
1
  6
CONTINUOUS
370
50
 62
4
100
AcDbLine
 10
10.833568
 20
-3.987657
 30
0.0
 11
10.775571
 21
-3.972008
 31
0.0
  0
LINE
  5
1947
330
1F
100
AcDbEntity
  8
1
  6
CONTINUOUS
370
50
 62
4
100
AcDbLine
 10
13.997061
 20
0.177218
 30
0.0
 11
13.93386
 21
0.194202
 31
0.0
  0
LINE
  5
1948
330
1F
100
AcDbEntity
  8
1
  6
CONTINUOUS
370
50
 62
4
100
AcDbLine
 10
27.790115
 20
3.670763
 30
0.0
 11
27.739449
 21
3.684295
 31
0.0
  0
LINE
  5
1949
330
1F
100
AcDbEntity
  8
1
  6
CONTINUOUS
370
50
 62
4
100
AcDbLine
 10
16.125
 20
-0.224974
 30
0.0
 11
16.061825
 21
-0.208413
 31
0.0
  0
LINE
  5
194A
330
1F
100
AcDbEntity
  8
1
  6
CONTINUOUS
370
50
 62
4
100
AcDbLine
 10
10.557683
 20
2.467289
 30
0.0
 11
9.377742
 21
2.773931
 31
0.0
  0
LINE
  5
194B
330
1F
100
AcDbEntity
  8
1
  6
CONTINUOUS
370
50
 62
4
100
AcDbLine
 10
29.724218
 20
3.469898
 30
0.0
 11
29.685114
 21
3.480048
 31
0.0
  0
LINE
  5
194C
330
1F
100
AcDbEntity
  8
1
  6
CONTINUOUS
370
50
 62
4
100
AcDbLine
 10
14.060276
 20
0.160812
 30
0.0
 11
13.997061
 21
0.177218
 31
0.0
  0
LINE
  5
194D
330
1F
100
AcDbEntity
  8
1
  6
CONTINUOUS
370
50
 62
4
100
AcDbLine
 10
31.731155
 20
3.263365
 30
0.0
 11
31.712393
 21
3.2682
 31
0.0
  0
LINE
  5
194E
330
1F
100
AcDbEntity
  8
1
  6
CONTINUOUS
370
50
 62
4
100
AcDbLine
 10
26.12501
 20
3.856164
 30
0.0
 11
26.116282
 21
3.858383
 31
0.0
  0
LINE
  5
194F
330
1F
100
AcDbEntity
  8
1
  6
CONTINUOUS
370
50
 62
4
100
AcDbLine
 10
16.061825
 20
-0.208413
 30
0.0
 11
15.998635
 21
-0.192408
 31
0.0
  0
LINE
  5
1950
330
1F
100
AcDbEntity
  8
1
  6
CONTINUOUS
370
50
 62
4
100
AcDbLine
 10
14.123505
 20
0.144984
 30
0.0
 11
14.060276
 21
0.160812
 31
0.0
  0
LINE
  5
1951
330
1F
100
AcDbEntity
  8
1
  6
CONTINUOUS
370
50
 62
4
100
AcDbLine
 10
10.0
 20
4.899999999999999
 30
0.0
 11
9.6
 21
4.99995
 31
0.0
  0
LINE
  5
1952
330
1F
100
AcDbEntity
  8
1
  6
CONTINUOUS
370
50
 62
4
100
AcDbLine
 10
30.409567
 20
3.399237
 30
0.0
 11
30.379862
 21
3.406573
 31
0.0
  0
LINE
  5
1953
330
1F
100
AcDbEntity
  8
1
  6
CONTINUOUS
370
50
 62
4
100
AcDbLine
 10
34.499752
 20
2.983661
 30
0.0
 11
34.432499
 21
3.00024
 31
0.0
  0
LINE
  5
1954
330
1F
100
AcDbEntity
  8
1
  6
CONTINUOUS
370
50
 62
4
100
AcDbLine
 10
15.998635
 20
-0.192408
 30
0.0
 11
15.935433
 21
-0.176961
 31
0.0
  0
LINE
  5
1955
330
1F
100
AcDbEntity
  8
1
  6
CONTINUOUS
370
50
 62
4
100
AcDbLine
 10
14.186747
 20
0.129734
 30
0.0
 11
14.123505
 21
0.144984
 31
0.0
  0
LINE
  5
1956
330
1F
100
AcDbEntity
  8
1
  6
CONTINUOUS
370
50
 62
4
100
AcDbLine
 10
27.320074
 20
3.727286
 30
0.0
 11
27.301483
 21
3.731767
 31
0.0
  0
LINE
  5
1957
330
1F
100
AcDbEntity
  8
1
  6
CONTINUOUS
370
50
 62
4
100
AcDbLine
 10
10.0
 20
4.809174
 30
0.0
 11
9.933326
 21
4.824985
 31
0.0
  0
LINE
  5
1958
330
1F
100
AcDbEntity
  8
1
  6
CONTINUOUS
370
50
 62
4
100
AcDbLine
 10
9.933326
 20
4.824985
 30
0.0
 11
9.866655
 21
4.840778999999999
 31
0.0
  0
LINE
  5
1959
330
1F
100
AcDbEntity
  8
1
  6
CONTINUOUS
370
50
 62
4
100
AcDbLine
 10
9.866655
 20
4.840778999999999
 30
0.0
 11
9.799987999999999
 21
4.856555999999999
 31
0.0
  0
LINE
  5
195A
330
1F
100
AcDbEntity
  8
1
  6
CONTINUOUS
370
50
 62
4
100
AcDbLine
 10
9.799987999999999
 20
4.856555999999999
 30
0.0
 11
9.733322
 21
4.872316
 31
0.0
  0
LINE
  5
195B
330
1F
100
AcDbEntity
  8
1
  6
CONTINUOUS
370
50
 62
4
100
AcDbLine
 10
9.733322
 20
4.872316
 30
0.0
 11
9.66666
 21
4.888058
 31
0.0
  0
LINE
  5
195C
330
1F
100
AcDbEntity
  8
1
  6
CONTINUOUS
370
50
 62
4
100
AcDbLine
 10
9.66666
 20
4.888058
 30
0.0
 11
9.6
 21
4.903783
 31
0.0
  0
LINE
  5
195D
330
1F
100
AcDbEntity
  8
1
  6
CONTINUOUS
370
50
 62
4
100
AcDbLine
 10
15.935433
 20
-0.176961
 30
0.0
 11
15.872218
 21
-0.162073
 31
0.0
  0
LINE
  5
195E
330
1F
100
AcDbEntity
  8
1
  6
CONTINUOUS
370
50
 62
4
100
AcDbLine
 10
14.25
 20
0.115063
 30
0.0
 11
14.186747
 21
0.129734
 31
0.0
  0
LINE
  5
195F
330
1F
100
AcDbEntity
  8
1
  6
CONTINUOUS
370
50
 62
4
100
AcDbLine
 10
29.084898
 20
3.53822
 30
0.0
 11
29.044704
 21
3.54738
 31
0.0
  0
LINE
  5
1960
330
1F
100
AcDbEntity
  8
1
  6
CONTINUOUS
370
50
 62
4
100
AcDbLine
 10
26.116282
 20
3.858383
 30
0.0
 11
26.107523
 21
3.860375
 31
0.0
  0
LINE
  5
1961
330
1F
100
AcDbEntity
  8
1
  6
CONTINUOUS
370
50
 62
4
100
AcDbLine
 10
15.872218
 20
-0.162073
 30
0.0
 11
15.80899
 21
-0.147744
 31
0.0
  0
LINE
  5
1962
330
1F
100
AcDbEntity
  8
1
  6
CONTINUOUS
370
50
 62
4
100
AcDbLine
 10
28.512924
 20
3.60046
 30
0.0
 11
28.48411
 21
3.606916
 31
0.0
  0
LINE
  5
1963
330
1F
100
AcDbEntity
  8
1
  6
CONTINUOUS
370
50
 62
4
100
AcDbLine
 10
31.712393
 20
3.2682
 30
0.0
 11
31.69371
 21
3.27238
 31
0.0
  0
LINE
  5
1964
330
1F
100
AcDbEntity
  8
1
  6
CONTINUOUS
370
50
 62
4
100
AcDbLine
 10
11.75
 20
2.200876
 30
0.0
 11
10.557683
 21
2.467289
 31
0.0
  0
LINE
  5
1965
330
1F
100
AcDbEntity
  8
1
  6
CONTINUOUS
370
50
 62
4
100
AcDbLine
 10
15.80899
 20
-0.147744
 30
0.0
 11
15.74575
 21
-0.133975
 31
0.0
  0
LINE
  5
1966
330
1F
100
AcDbEntity
  8
1
  6
CONTINUOUS
370
50
 62
4
100
AcDbLine
 10
4.610198
 20
-4.954768
 30
0.0
 11
4.573075
 21
-4.946699
 31
0.0
  0
LINE
  5
1967
330
1F
100
AcDbEntity
  8
1
  6
CONTINUOUS
370
50
 62
4
100
AcDbLine
 10
15.74575
 20
-0.133975
 30
0.0
 11
15.6825
 21
-0.120767
 31
0.0
  0
LINE
  5
1968
330
1F
100
AcDbEntity
  8
1
  6
CONTINUOUS
370
50
 62
4
100
AcDbLine
 10
9.666584
 20
1.967207
 30
0.0
 11
9.6
 21
1.980579
 31
0.0
  0
LINE
  5
1969
330
1F
100
AcDbEntity
  8
1
  6
CONTINUOUS
370
50
 62
4
100
AcDbLine
 10
26.107523
 20
3.860375
 30
0.0
 11
26.09873
 21
3.862138
 31
0.0
  0
LINE
  5
196A
330
1F
100
AcDbEntity
  8
1
  6
CONTINUOUS
370
50
 62
4
100
AcDbLine
 10
15.066415
 20
-0.018305
 30
0.0
 11
15.0575
 21
-0.016528
 31
0.0
  0
LINE
  5
196B
330
1F
100
AcDbEntity
  8
1
  6
CONTINUOUS
370
50
 62
4
100
AcDbLine
 10
13.651071
 20
0.260928
 30
0.0
 11
13.625
 21
0.266102
 31
0.0
  0
LINE
  5
196C
330
1F
100
AcDbEntity
  8
1
  6
CONTINUOUS
370
50
 62
4
100
AcDbLine
 10
13.677141
 20
0.255755
 30
0.0
 11
13.651071
 21
0.260928
 31
0.0
  0
LINE
  5
196D
330
1F
100
AcDbEntity
  8
1
  6
CONTINUOUS
370
50
 62
4
100
AcDbLine
 10
13.703213
 20
0.250582
 30
0.0
 11
13.677141
 21
0.255755
 31
0.0
  0
LINE
  5
196E
330
1F
100
AcDbEntity
  8
1
  6
CONTINUOUS
370
50
 62
4
100
AcDbLine
 10
13.729284
 20
0.245411
 30
0.0
 11
13.703213
 21
0.250582
 31
0.0
  0
LINE
  5
196F
330
1F
100
AcDbEntity
  8
1
  6
CONTINUOUS
370
50
 62
4
100
AcDbLine
 10
13.755356
 20
0.240241
 30
0.0
 11
13.729284
 21
0.245411
 31
0.0
  0
LINE
  5
1970
330
1F
100
AcDbEntity
  8
1
  6
CONTINUOUS
370
50
 62
4
100
AcDbLine
 10
13.781427
 20
0.235072
 30
0.0
 11
13.755356
 21
0.240241
 31
0.0
  0
LINE
  5
1971
330
1F
100
AcDbEntity
  8
1
  6
CONTINUOUS
370
50
 62
4
100
AcDbLine
 10
13.8075
 20
0.229905
 30
0.0
 11
13.781427
 21
0.235072
 31
0.0
  0
LINE
  5
1972
330
1F
100
AcDbEntity
  8
1
  6
CONTINUOUS
370
50
 62
4
100
AcDbLine
 10
15.075329
 20
-0.02007
 30
0.0
 11
15.066415
 21
-0.018305
 31
0.0
  0
LINE
  5
1973
330
1F
100
AcDbEntity
  8
1
  6
CONTINUOUS
370
50
 62
4
100
AcDbLine
 10
15.084244
 20
-0.021824
 30
0.0
 11
15.075329
 21
-0.02007
 31
0.0
  0
LINE
  5
1974
330
1F
100
AcDbEntity
  8
1
  6
CONTINUOUS
370
50
 62
4
100
AcDbLine
 10
14.903071
 20
0.013777
 30
0.0
 11
14.889036
 21
0.016534
 31
0.0
  0
LINE
  5
1975
330
1F
100
AcDbEntity
  8
1
  6
CONTINUOUS
370
50
 62
4
100
AcDbLine
 10
14.931144
 20
0.008265
 30
0.0
 11
14.917108
 21
0.011021
 31
0.0
  0
LINE
  5
1976
330
1F
100
AcDbEntity
  8
1
  6
CONTINUOUS
370
50
 62
4
100
AcDbLine
 10
14.889036
 20
0.016534
 30
0.0
 11
14.875
 21
0.01929
 31
0.0
  0
LINE
  5
1977
330
1F
100
AcDbEntity
  8
1
  6
CONTINUOUS
370
50
 62
4
100
AcDbLine
 10
14.917108
 20
0.011021
 30
0.0
 11
14.903071
 21
0.013777
 31
0.0
  0
LINE
  5
1978
330
1F
100
AcDbEntity
  8
1
  6
CONTINUOUS
370
50
 62
4
100
AcDbLine
 10
14.973252
 20
0.0
 30
0.0
 11
14.931144
 21
0.008265
 31
0.0
  0
LINE
  5
1979
330
1F
100
AcDbEntity
  8
1
  6
CONTINUOUS
370
50
 62
4
100
AcDbLine
 10
15.009358
 20
-0.007085
 30
0.0
 11
14.997323
 21
-0.004723
 31
0.0
  0
LINE
  5
197A
330
1F
100
AcDbEntity
  8
1
  6
CONTINUOUS
370
50
 62
4
100
AcDbLine
 10
14.985288
 20
-0.002362
 30
0.0
 11
14.973252
 21
0.0
 31
0.0
  0
LINE
  5
197B
330
1F
100
AcDbEntity
  8
1
  6
CONTINUOUS
370
50
 62
4
100
AcDbLine
 10
9.733212
 20
1.954133
 30
0.0
 11
9.666584
 21
1.967207
 31
0.0
  0
LINE
  5
197C
330
1F
100
AcDbEntity
  8
1
  6
CONTINUOUS
370
50
 62
4
100
AcDbLine
 10
15.033429
 20
-0.011807
 30
0.0
 11
15.021394
 21
-0.009446
 31
0.0
  0
LINE
  5
197D
330
1F
100
AcDbEntity
  8
1
  6
CONTINUOUS
370
50
 62
4
100
AcDbLine
 10
14.997323
 20
-0.004723
 30
0.0
 11
14.985288
 21
-0.002362
 31
0.0
  0
LINE
  5
197E
330
1F
100
AcDbEntity
  8
1
  6
CONTINUOUS
370
50
 62
4
100
AcDbLine
 10
15.045465
 20
-0.014168
 30
0.0
 11
15.033429
 21
-0.011807
 31
0.0
  0
LINE
  5
197F
330
1F
100
AcDbEntity
  8
1
  6
CONTINUOUS
370
50
 62
4
100
AcDbLine
 10
15.021394
 20
-0.009446
 30
0.0
 11
15.009358
 21
-0.007085
 31
0.0
  0
LINE
  5
1980
330
1F
100
AcDbEntity
  8
1
  6
CONTINUOUS
370
50
 62
4
100
AcDbLine
 10
15.0575
 20
-0.016528
 30
0.0
 11
15.045465
 21
-0.014168
 31
0.0
  0
LINE
  5
1981
330
1F
100
AcDbEntity
  8
1
  6
CONTINUOUS
370
50
 62
4
100
AcDbLine
 10
12.5575
 20
0.47672
 30
0.0
 11
12.531429
 21
0.481825
 31
0.0
  0
LINE
  5
1982
330
1F
100
AcDbEntity
  8
1
  6
CONTINUOUS
370
50
 62
4
100
AcDbLine
 10
12.531429
 20
0.481825
 30
0.0
 11
12.505359
 21
0.486927
 31
0.0
  0
LINE
  5
1983
330
1F
100
AcDbEntity
  8
1
  6
CONTINUOUS
370
50
 62
4
100
AcDbLine
 10
12.505359
 20
0.486927
 30
0.0
 11
12.479287
 21
0.492028
 31
0.0
  0
LINE
  5
1984
330
1F
100
AcDbEntity
  8
1
  6
CONTINUOUS
370
50
 62
4
100
AcDbLine
 10
12.479287
 20
0.492028
 30
0.0
 11
12.453216
 21
0.497127
 31
0.0
  0
LINE
  5
1985
330
1F
100
AcDbEntity
  8
1
  6
CONTINUOUS
370
50
 62
4
100
AcDbLine
 10
12.453216
 20
0.497127
 30
0.0
 11
12.427144
 21
0.502225
 31
0.0
  0
LINE
  5
1986
330
1F
100
AcDbEntity
  8
1
  6
CONTINUOUS
370
50
 62
4
100
AcDbLine
 10
12.427144
 20
0.502225
 30
0.0
 11
12.401073
 21
0.50732
 31
0.0
  0
LINE
  5
1987
330
1F
100
AcDbEntity
  8
1
  6
CONTINUOUS
370
50
 62
4
100
AcDbLine
 10
15.09316
 20
-0.023566
 30
0.0
 11
15.084244
 21
-0.021824
 31
0.0
  0
LINE
  5
1988
330
1F
100
AcDbEntity
  8
1
  6
CONTINUOUS
370
50
 62
4
100
AcDbLine
 10
12.401073
 20
0.50732
 30
0.0
 11
12.375
 21
0.512413
 31
0.0
  0
LINE
  5
1989
330
1F
100
AcDbEntity
  8
1
  6
CONTINUOUS
370
50
 62
4
100
AcDbLine
 10
13.677141
 20
0.9611919999999999
 30
0.0
 11
13.651071
 21
0.966267
 31
0.0
  0
LINE
  5
198A
330
1F
100
AcDbEntity
  8
1
  6
CONTINUOUS
370
50
 62
4
100
AcDbLine
 10
13.729284
 20
0.9510419999999999
 30
0.0
 11
13.703213
 21
0.956117
 31
0.0
  0
LINE
  5
198B
330
1F
100
AcDbEntity
  8
1
  6
CONTINUOUS
370
50
 62
4
100
AcDbLine
 10
13.651071
 20
0.966267
 30
0.0
 11
13.625
 21
0.9713419999999999
 31
0.0
  0
LINE
  5
198C
330
1F
100
AcDbEntity
  8
1
  6
CONTINUOUS
370
50
 62
4
100
AcDbLine
 10
13.703213
 20
0.956117
 30
0.0
 11
13.677141
 21
0.9611919999999999
 31
0.0
  0
LINE
  5
198D
330
1F
100
AcDbEntity
  8
1
  6
CONTINUOUS
370
50
 62
4
100
AcDbLine
 10
13.781427
 20
0.940894
 30
0.0
 11
13.755356
 21
0.9459679999999999
 31
0.0
  0
LINE
  5
198E
330
1F
100
AcDbEntity
  8
1
  6
CONTINUOUS
370
50
 62
4
100
AcDbLine
 10
13.755356
 20
0.9459679999999999
 30
0.0
 11
13.729284
 21
0.9510419999999999
 31
0.0
  0
LINE
  5
198F
330
1F
100
AcDbEntity
  8
1
  6
CONTINUOUS
370
50
 62
4
100
AcDbLine
 10
13.8075
 20
0.9358209999999999
 30
0.0
 11
13.781427
 21
0.940894
 31
0.0
  0
LINE
  5
1990
330
1F
100
AcDbEntity
  8
1
  6
CONTINUOUS
370
50
 62
4
100
AcDbLine
 10
16.151072
 20
-0.230043
 30
0.0
 11
16.125
 21
-0.224974
 31
0.0
  0
LINE
  5
1991
330
1F
100
AcDbEntity
  8
1
  6
CONTINUOUS
370
50
 62
4
100
AcDbLine
 10
16.177141
 20
-0.23511
 30
0.0
 11
16.151072
 21
-0.230043
 31
0.0
  0
LINE
  5
1992
330
1F
100
AcDbEntity
  8
1
  6
CONTINUOUS
370
50
 62
4
100
AcDbLine
 10
16.203213
 20
-0.240177
 30
0.0
 11
16.177141
 21
-0.23511
 31
0.0
  0
LINE
  5
1993
330
1F
100
AcDbEntity
  8
1
  6
CONTINUOUS
370
50
 62
4
100
AcDbLine
 10
24.899609
 20
-1.211751
 30
0.0
 11
24.875
 21
-1.206969
 31
0.0
  0
LINE
  5
1994
330
1F
100
AcDbEntity
  8
1
  6
CONTINUOUS
370
50
 62
4
100
AcDbLine
 10
16.229284
 20
-0.245242
 30
0.0
 11
16.203213
 21
-0.240177
 31
0.0
  0
LINE
  5
1995
330
1F
100
AcDbEntity
  8
1
  6
CONTINUOUS
370
50
 62
4
100
AcDbLine
 10
16.255356
 20
-0.250307
 30
0.0
 11
16.229284
 21
-0.245242
 31
0.0
  0
LINE
  5
1996
330
1F
100
AcDbEntity
  8
1
  6
CONTINUOUS
370
50
 62
4
100
AcDbLine
 10
24.924715
 20
-1.216628
 30
0.0
 11
24.899609
 21
-1.211751
 31
0.0
  0
LINE
  5
1997
330
1F
100
AcDbEntity
  8
1
  6
CONTINUOUS
370
50
 62
4
100
AcDbLine
 10
16.281427
 20
-0.25537
 30
0.0
 11
16.255356
 21
-0.250307
 31
0.0
  0
LINE
  5
1998
330
1F
100
AcDbEntity
  8
1
  6
CONTINUOUS
370
50
 62
4
100
AcDbLine
 10
16.307501
 20
-0.260433
 30
0.0
 11
16.281427
 21
-0.25537
 31
0.0
  0
LINE
  5
1999
330
1F
100
AcDbEntity
  8
1
  6
CONTINUOUS
370
50
 62
4
100
AcDbLine
 10
15.102075
 20
-0.025297
 30
0.0
 11
15.09316
 21
-0.023566
 31
0.0
  0
LINE
  5
199A
330
1F
100
AcDbEntity
  8
1
  6
CONTINUOUS
370
50
 62
4
100
AcDbLine
 10
23.781429
 20
-0.99454
 30
0.0
 11
23.755358
 21
-0.9894799999999999
 31
0.0
  0
LINE
  5
199B
330
1F
100
AcDbEntity
  8
1
  6
CONTINUOUS
370
50
 62
4
100
AcDbLine
 10
23.729288
 20
-0.984421
 30
0.0
 11
23.703217
 21
-0.9793609999999999
 31
0.0
  0
LINE
  5
199C
330
1F
100
AcDbEntity
  8
1
  6
CONTINUOUS
370
50
 62
4
100
AcDbLine
 10
14.979284
 20
0.70811
 30
0.0
 11
14.875
 21
0.7283499999999999
 31
0.0
  0
LINE
  5
199D
330
1F
100
AcDbEntity
  8
1
  6
CONTINUOUS
370
50
 62
4
100
AcDbLine
 10
23.807501
 20
-0.9995999999999999
 30
0.0
 11
23.781429
 21
-0.99454
 31
0.0
  0
LINE
  5
199E
330
1F
100
AcDbEntity
  8
1
  6
CONTINUOUS
370
50
 62
4
100
AcDbLine
 10
15.005356
 20
0.70305
 30
0.0
 11
14.979284
 21
0.70811
 31
0.0
  0
LINE
  5
199F
330
1F
100
AcDbEntity
  8
1
  6
CONTINUOUS
370
50
 62
4
100
AcDbLine
 10
24.950314
 20
-1.221596
 30
0.0
 11
24.924715
 21
-1.216628
 31
0.0
  0
LINE
  5
19A0
330
1F
100
AcDbEntity
  8
1
  6
CONTINUOUS
370
50
 62
4
100
AcDbLine
 10
23.755358
 20
-0.9894799999999999
 30
0.0
 11
23.729288
 21
-0.984421
 31
0.0
  0
LINE
  5
19A1
330
1F
100
AcDbEntity
  8
1
  6
CONTINUOUS
370
50
 62
4
100
AcDbLine
 10
23.703217
 20
-0.9793609999999999
 30
0.0
 11
23.677145
 21
-0.974302
 31
0.0
  0
LINE
  5
19A2
330
1F
100
AcDbEntity
  8
1
  6
CONTINUOUS
370
50
 62
4
100
AcDbLine
 10
23.651072
 20
-0.969243
 30
0.0
 11
23.625
 21
-0.9641839999999999
 31
0.0
  0
LINE
  5
19A3
330
1F
100
AcDbEntity
  8
1
  6
CONTINUOUS
370
50
 62
4
100
AcDbLine
 10
15.0575
 20
0.692932
 30
0.0
 11
15.005356
 21
0.70305
 31
0.0
  0
LINE
  5
19A4
330
1F
100
AcDbEntity
  8
1
  6
CONTINUOUS
370
50
 62
4
100
AcDbLine
 10
23.677145
 20
-0.974302
 30
0.0
 11
23.651072
 21
-0.969243
 31
0.0
  0
LINE
  5
19A5
330
1F
100
AcDbEntity
  8
1
  6
CONTINUOUS
370
50
 62
4
100
AcDbLine
 10
24.976397
 20
-1.226656
 30
0.0
 11
24.950314
 21
-1.221596
 31
0.0
  0
LINE
  5
19A6
330
1F
100
AcDbEntity
  8
1
  6
CONTINUOUS
370
50
 62
4
100
AcDbLine
 10
25.002958
 20
-1.231806
 30
0.0
 11
24.976397
 21
-1.226656
 31
0.0
  0
LINE
  5
19A7
330
1F
100
AcDbEntity
  8
1
  6
CONTINUOUS
370
50
 62
4
100
AcDbLine
 10
25.029995
 20
-1.237043
 30
0.0
 11
25.002958
 21
-1.231806
 31
0.0
  0
LINE
  5
19A8
330
1F
100
AcDbEntity
  8
1
  6
CONTINUOUS
370
50
 62
4
100
AcDbLine
 10
22.557501
 20
-0.7572409999999999
 30
0.0
 11
22.531429
 21
-0.7521909999999999
 31
0.0
  0
LINE
  5
19A9
330
1F
100
AcDbEntity
  8
1
  6
CONTINUOUS
370
50
 62
4
100
AcDbLine
 10
22.531429
 20
-0.7521909999999999
 30
0.0
 11
22.505358
 21
-0.747142
 31
0.0
  0
LINE
  5
19AA
330
1F
100
AcDbEntity
  8
1
  6
CONTINUOUS
370
50
 62
4
100
AcDbLine
 10
22.479286
 20
-0.742093
 30
0.0
 11
22.453215
 21
-0.7370439999999999
 31
0.0
  0
LINE
  5
19AB
330
1F
100
AcDbEntity
  8
1
  6
CONTINUOUS
370
50
 62
4
100
AcDbLine
 10
22.427143
 20
-0.731995
 30
0.0
 11
22.401072
 21
-0.726946
 31
0.0
  0
LINE
  5
19AC
330
1F
100
AcDbEntity
  8
1
  6
CONTINUOUS
370
50
 62
4
100
AcDbLine
 10
22.505358
 20
-0.747142
 30
0.0
 11
22.479286
 21
-0.742093
 31
0.0
  0
LINE
  5
19AD
330
1F
100
AcDbEntity
  8
1
  6
CONTINUOUS
370
50
 62
4
100
AcDbLine
 10
22.453215
 20
-0.7370439999999999
 30
0.0
 11
22.427143
 21
-0.731995
 31
0.0
  0
LINE
  5
19AE
330
1F
100
AcDbEntity
  8
1
  6
CONTINUOUS
370
50
 62
4
100
AcDbLine
 10
16.177141
 20
0.475932
 30
0.0
 11
16.151072
 21
0.48098
 31
0.0
  0
LINE
  5
19AF
330
1F
100
AcDbEntity
  8
1
  6
CONTINUOUS
370
50
 62
4
100
AcDbLine
 10
22.401072
 20
-0.726946
 30
0.0
 11
22.375
 21
-0.7218979999999999
 31
0.0
  0
LINE
  5
19B0
330
1F
100
AcDbEntity
  8
1
  6
CONTINUOUS
370
50
 62
4
100
AcDbLine
 10
16.151072
 20
0.48098
 30
0.0
 11
16.125
 21
0.486028
 31
0.0
  0
LINE
  5
19B1
330
1F
100
AcDbEntity
  8
1
  6
CONTINUOUS
370
50
 62
4
100
AcDbLine
 10
25.057501
 20
-1.242368
 30
0.0
 11
25.029995
 21
-1.237043
 31
0.0
  0
LINE
  5
19B2
330
1F
100
AcDbEntity
  8
1
  6
CONTINUOUS
370
50
 62
4
100
AcDbLine
 10
16.281427
 20
0.455744
 30
0.0
 11
16.255356
 21
0.460791
 31
0.0
  0
LINE
  5
19B3
330
1F
100
AcDbEntity
  8
1
  6
CONTINUOUS
370
50
 62
4
100
AcDbLine
 10
16.229284
 20
0.465838
 30
0.0
 11
16.203213
 21
0.470885
 31
0.0
  0
LINE
  5
19B4
330
1F
100
AcDbEntity
  8
1
  6
CONTINUOUS
370
50
 62
4
100
AcDbLine
 10
16.255356
 20
0.460791
 30
0.0
 11
16.229284
 21
0.465838
 31
0.0
  0
LINE
  5
19B5
330
1F
100
AcDbEntity
  8
1
  6
CONTINUOUS
370
50
 62
4
100
AcDbLine
 10
16.203213
 20
0.470885
 30
0.0
 11
16.177141
 21
0.475932
 31
0.0
  0
LINE
  5
19B6
330
1F
100
AcDbEntity
  8
1
  6
CONTINUOUS
370
50
 62
4
100
AcDbLine
 10
16.307501
 20
0.450697
 30
0.0
 11
16.281427
 21
0.455744
 31
0.0
  0
LINE
  5
19B7
330
1F
100
AcDbEntity
  8
1
  6
CONTINUOUS
370
50
 62
4
100
AcDbLine
 10
21.307501
 20
-0.515357
 30
0.0
 11
21.281429
 21
-0.510316
 31
0.0
  0
LINE
  5
19B8
330
1F
100
AcDbEntity
  8
1
  6
CONTINUOUS
370
50
 62
4
100
AcDbLine
 10
21.255358
 20
-0.505276
 30
0.0
 11
21.229286
 21
-0.500235
 31
0.0
  0
LINE
  5
19B9
330
1F
100
AcDbEntity
  8
1
  6
CONTINUOUS
370
50
 62
4
100
AcDbLine
 10
21.281429
 20
-0.510316
 30
0.0
 11
21.255358
 21
-0.505276
 31
0.0
  0
LINE
  5
19BA
330
1F
100
AcDbEntity
  8
1
  6
CONTINUOUS
370
50
 62
4
100
AcDbLine
 10
21.229286
 20
-0.500235
 30
0.0
 11
21.203215
 21
-0.495195
 31
0.0
  0
LINE
  5
19BB
330
1F
100
AcDbEntity
  8
1
  6
CONTINUOUS
370
50
 62
4
100
AcDbLine
 10
21.177143
 20
-0.490155
 30
0.0
 11
21.151072
 21
-0.485115
 31
0.0
  0
LINE
  5
19BC
330
1F
100
AcDbEntity
  8
1
  6
CONTINUOUS
370
50
 62
4
100
AcDbLine
 10
21.203215
 20
-0.495195
 30
0.0
 11
21.177143
 21
-0.490155
 31
0.0
  0
LINE
  5
19BD
330
1F
100
AcDbEntity
  8
1
  6
CONTINUOUS
370
50
 62
4
100
AcDbLine
 10
21.151072
 20
-0.485115
 30
0.0
 11
21.125
 21
-0.480075
 31
0.0
  0
LINE
  5
19BE
330
1F
100
AcDbEntity
  8
1
  6
CONTINUOUS
370
50
 62
4
100
AcDbLine
 10
18.637329
 20
0.000397
 30
0.0
 11
18.635275
 21
0.000794
 31
0.0
  0
LINE
  5
19BF
330
1F
100
AcDbEntity
  8
1
  6
CONTINUOUS
370
50
 62
4
100
AcDbLine
 10
18.627054
 20
0.002381
 30
0.0
 11
18.625
 21
0.002778
 31
0.0
  0
LINE
  5
19C0
330
1F
100
AcDbEntity
  8
1
  6
CONTINUOUS
370
50
 62
4
100
AcDbLine
 10
17.453215
 20
0.229121
 30
0.0
 11
17.427143
 21
0.23416
 31
0.0
  0
LINE
  5
19C1
330
1F
100
AcDbEntity
  8
1
  6
CONTINUOUS
370
50
 62
4
100
AcDbLine
 10
17.401072
 20
0.239198
 30
0.0
 11
17.375
 21
0.244237
 31
0.0
  0
LINE
  5
19C2
330
1F
100
AcDbEntity
  8
1
  6
CONTINUOUS
370
50
 62
4
100
AcDbLine
 10
17.531429
 20
0.214007
 30
0.0
 11
17.505358
 21
0.219045
 31
0.0
  0
LINE
  5
19C3
330
1F
100
AcDbEntity
  8
1
  6
CONTINUOUS
370
50
 62
4
100
AcDbLine
 10
17.479286
 20
0.224083
 30
0.0
 11
17.453215
 21
0.229121
 31
0.0
  0
LINE
  5
19C4
330
1F
100
AcDbEntity
  8
1
  6
CONTINUOUS
370
50
 62
4
100
AcDbLine
 10
17.427143
 20
0.23416
 30
0.0
 11
17.401072
 21
0.239198
 31
0.0
  0
LINE
  5
19C5
330
1F
100
AcDbEntity
  8
1
  6
CONTINUOUS
370
50
 62
4
100
AcDbLine
 10
17.557501
 20
0.208969
 30
0.0
 11
17.531429
 21
0.214007
 31
0.0
  0
LINE
  5
19C6
330
1F
100
AcDbEntity
  8
1
  6
CONTINUOUS
370
50
 62
4
100
AcDbLine
 10
17.505358
 20
0.219045
 30
0.0
 11
17.479286
 21
0.224083
 31
0.0
  0
LINE
  5
19C7
330
1F
100
AcDbEntity
  8
1
  6
CONTINUOUS
370
50
 62
4
100
AcDbLine
 10
18.631165
 20
0.001587
 30
0.0
 11
18.62911
 21
0.001984
 31
0.0
  0
LINE
  5
19C8
330
1F
100
AcDbEntity
  8
1
  6
CONTINUOUS
370
50
 62
4
100
AcDbLine
 10
20.031429
 20
-0.268792
 30
0.0
 11
20.005358
 21
-0.263757
 31
0.0
  0
LINE
  5
19C9
330
1F
100
AcDbEntity
  8
1
  6
CONTINUOUS
370
50
 62
4
100
AcDbLine
 10
19.979286
 20
-0.258722
 30
0.0
 11
19.953215
 21
-0.253687
 31
0.0
  0
LINE
  5
19CA
330
1F
100
AcDbEntity
  8
1
  6
CONTINUOUS
370
50
 62
4
100
AcDbLine
 10
19.927143
 20
-0.248652
 30
0.0
 11
19.901072
 21
-0.243617
 31
0.0
  0
LINE
  5
19CB
330
1F
100
AcDbEntity
  8
1
  6
CONTINUOUS
370
50
 62
4
100
AcDbLine
 10
20.057501
 20
-0.273827
 30
0.0
 11
20.031429
 21
-0.268792
 31
0.0
  0
LINE
  5
19CC
330
1F
100
AcDbEntity
  8
1
  6
CONTINUOUS
370
50
 62
4
100
AcDbLine
 10
20.005358
 20
-0.263757
 30
0.0
 11
19.979286
 21
-0.258722
 31
0.0
  0
LINE
  5
19CD
330
1F
100
AcDbEntity
  8
1
  6
CONTINUOUS
370
50
 62
4
100
AcDbLine
 10
19.953215
 20
-0.253687
 30
0.0
 11
19.927143
 21
-0.248652
 31
0.0
  0
LINE
  5
19CE
330
1F
100
AcDbEntity
  8
1
  6
CONTINUOUS
370
50
 62
4
100
AcDbLine
 10
18.687418
 20
-0.009275
 30
0.0
 11
18.663401
 21
-0.004637
 31
0.0
  0
LINE
  5
19CF
330
1F
100
AcDbEntity
  8
1
  6
CONTINUOUS
370
50
 62
4
100
AcDbLine
 10
18.735451
 20
-0.01855
 30
0.0
 11
18.711433
 21
-0.013912
 31
0.0
  0
LINE
  5
19D0
330
1F
100
AcDbEntity
  8
1
  6
CONTINUOUS
370
50
 62
4
100
AcDbLine
 10
18.639385
 20
0.0
 30
0.0
 11
18.637329
 21
0.000397
 31
0.0
  0
LINE
  5
19D1
330
1F
100
AcDbEntity
  8
1
  6
CONTINUOUS
370
50
 62
4
100
AcDbLine
 10
18.633221
 20
0.00119
 30
0.0
 11
18.631165
 21
0.001587
 31
0.0
  0
LINE
  5
19D2
330
1F
100
AcDbEntity
  8
1
  6
CONTINUOUS
370
50
 62
4
100
AcDbLine
 10
18.62911
 20
0.001984
 30
0.0
 11
18.627054
 21
0.002381
 31
0.0
  0
LINE
  5
19D3
330
1F
100
AcDbEntity
  8
1
  6
CONTINUOUS
370
50
 62
4
100
AcDbLine
 10
18.711433
 20
-0.013912
 30
0.0
 11
18.687418
 21
-0.009275
 31
0.0
  0
LINE
  5
19D4
330
1F
100
AcDbEntity
  8
1
  6
CONTINUOUS
370
50
 62
4
100
AcDbLine
 10
19.901072
 20
-0.243617
 30
0.0
 11
19.875
 21
-0.238583
 31
0.0
  0
LINE
  5
19D5
330
1F
100
AcDbEntity
  8
1
  6
CONTINUOUS
370
50
 62
4
100
AcDbLine
 10
18.783484
 20
-0.027824
 30
0.0
 11
18.759468
 21
-0.023187
 31
0.0
  0
LINE
  5
19D6
330
1F
100
AcDbEntity
  8
1
  6
CONTINUOUS
370
50
 62
4
100
AcDbLine
 10
18.663401
 20
-0.004637
 30
0.0
 11
18.639385
 21
0.0
 31
0.0
  0
LINE
  5
19D7
330
1F
100
AcDbEntity
  8
1
  6
CONTINUOUS
370
50
 62
4
100
AcDbLine
 10
18.807501
 20
-0.032461
 30
0.0
 11
18.783484
 21
-0.027824
 31
0.0
  0
LINE
  5
19D8
330
1F
100
AcDbEntity
  8
1
  6
CONTINUOUS
370
50
 62
4
100
AcDbLine
 10
18.759468
 20
-0.023187
 30
0.0
 11
18.735451
 21
-0.01855
 31
0.0
  0
LINE
  5
19D9
330
1F
100
AcDbEntity
  8
1
  6
CONTINUOUS
370
50
 62
4
100
AcDbLine
 10
15.110991
 20
-0.027017
 30
0.0
 11
15.102075
 21
-0.025297
 31
0.0
  0
LINE
  5
19DA
330
1F
100
AcDbEntity
  8
1
  6
CONTINUOUS
370
50
 62
4
100
AcDbLine
 10
18.635275
 20
0.000794
 30
0.0
 11
18.633221
 21
0.00119
 31
0.0
  0
LINE
  5
19DB
330
1F
100
AcDbEntity
  8
1
  6
CONTINUOUS
370
50
 62
4
100
AcDbLine
 10
17.401072
 20
-0.471877
 30
0.0
 11
17.375
 21
-0.466856
 31
0.0
  0
LINE
  5
19DC
330
1F
100
AcDbEntity
  8
1
  6
CONTINUOUS
370
50
 62
4
100
AcDbLine
 10
17.427143
 20
-0.476897
 30
0.0
 11
17.401072
 21
-0.471877
 31
0.0
  0
LINE
  5
19DD
330
1F
100
AcDbEntity
  8
1
  6
CONTINUOUS
370
50
 62
4
100
AcDbLine
 10
17.453215
 20
-0.481917
 30
0.0
 11
17.427143
 21
-0.476897
 31
0.0
  0
LINE
  5
19DE
330
1F
100
AcDbEntity
  8
1
  6
CONTINUOUS
370
50
 62
4
100
AcDbLine
 10
17.479286
 20
-0.486935
 30
0.0
 11
17.453215
 21
-0.481917
 31
0.0
  0
LINE
  5
19DF
330
1F
100
AcDbEntity
  8
1
  6
CONTINUOUS
370
50
 62
4
100
AcDbLine
 10
17.531429
 20
-0.496969
 30
0.0
 11
17.505358
 21
-0.491952
 31
0.0
  0
LINE
  5
19E0
330
1F
100
AcDbEntity
  8
1
  6
CONTINUOUS
370
50
 62
4
100
AcDbLine
 10
17.505358
 20
-0.491952
 30
0.0
 11
17.479286
 21
-0.486935
 31
0.0
  0
LINE
  5
19E1
330
1F
100
AcDbEntity
  8
1
  6
CONTINUOUS
370
50
 62
4
100
AcDbLine
 10
17.557501
 20
-0.501984
 30
0.0
 11
17.531429
 21
-0.496969
 31
0.0
  0
LINE
  5
19E2
330
1F
100
AcDbEntity
  8
1
  6
CONTINUOUS
370
50
 62
4
100
AcDbLine
 10
9.799875
 20
1.941355
 30
0.0
 11
9.733212
 21
1.954133
 31
0.0
  0
LINE
  5
19E3
330
1F
100
AcDbEntity
  8
1
  6
CONTINUOUS
370
50
 62
4
100
AcDbLine
 10
18.677143
 20
-0.716525
 30
0.0
 11
18.651072
 21
-0.7115469999999999
 31
0.0
  0
LINE
  5
19E4
330
1F
100
AcDbEntity
  8
1
  6
CONTINUOUS
370
50
 62
4
100
AcDbLine
 10
18.651072
 20
-0.7115469999999999
 30
0.0
 11
18.625
 21
-0.706569
 31
0.0
  0
LINE
  5
19E5
330
1F
100
AcDbEntity
  8
1
  6
CONTINUOUS
370
50
 62
4
100
AcDbLine
 10
18.729286
 20
-0.7264769999999999
 30
0.0
 11
18.703215
 21
-0.721501
 31
0.0
  0
LINE
  5
19E6
330
1F
100
AcDbEntity
  8
1
  6
CONTINUOUS
370
50
 62
4
100
AcDbLine
 10
18.703215
 20
-0.721501
 30
0.0
 11
18.677143
 21
-0.716525
 31
0.0
  0
LINE
  5
19E7
330
1F
100
AcDbEntity
  8
1
  6
CONTINUOUS
370
50
 62
4
100
AcDbLine
 10
18.755358
 20
-0.731452
 30
0.0
 11
18.729286
 21
-0.7264769999999999
 31
0.0
  0
LINE
  5
19E8
330
1F
100
AcDbEntity
  8
1
  6
CONTINUOUS
370
50
 62
4
100
AcDbLine
 10
18.781429
 20
-0.7364259999999999
 30
0.0
 11
18.755358
 21
-0.731452
 31
0.0
  0
LINE
  5
19E9
330
1F
100
AcDbEntity
  8
1
  6
CONTINUOUS
370
50
 62
4
100
AcDbLine
 10
18.807501
 20
-0.7413989999999999
 30
0.0
 11
18.781429
 21
-0.7364259999999999
 31
0.0
  0
LINE
  5
19EA
330
1F
100
AcDbEntity
  8
1
  6
CONTINUOUS
370
50
 62
4
100
AcDbLine
 10
12.5575
 20
1.177205
 30
0.0
 11
12.531429
 21
1.182177
 31
0.0
  0
LINE
  5
19EB
330
1F
100
AcDbEntity
  8
1
  6
CONTINUOUS
370
50
 62
4
100
AcDbLine
 10
12.531429
 20
1.182177
 30
0.0
 11
12.505359
 21
1.187146
 31
0.0
  0
LINE
  5
19EC
330
1F
100
AcDbEntity
  8
1
  6
CONTINUOUS
370
50
 62
4
100
AcDbLine
 10
30.379862
 20
3.406573
 30
0.0
 11
30.350384
 21
3.412189
 31
0.0
  0
LINE
  5
19ED
330
1F
100
AcDbEntity
  8
1
  6
CONTINUOUS
370
50
 62
4
100
AcDbLine
 10
12.505359
 20
1.187146
 30
0.0
 11
12.479287
 21
1.192112
 31
0.0
  0
LINE
  5
19EE
330
1F
100
AcDbEntity
  8
1
  6
CONTINUOUS
370
50
 62
4
100
AcDbLine
 10
12.479287
 20
1.192112
 30
0.0
 11
12.453216
 21
1.197076
 31
0.0
  0
LINE
  5
19EF
330
1F
100
AcDbEntity
  8
1
  6
CONTINUOUS
370
50
 62
4
100
AcDbLine
 10
12.453216
 20
1.197076
 30
0.0
 11
12.427144
 21
1.202037
 31
0.0
  0
LINE
  5
19F0
330
1F
100
AcDbEntity
  8
1
  6
CONTINUOUS
370
50
 62
4
100
AcDbLine
 10
12.427144
 20
1.202037
 30
0.0
 11
12.401073
 21
1.206996
 31
0.0
  0
LINE
  5
19F1
330
1F
100
AcDbEntity
  8
1
  6
CONTINUOUS
370
50
 62
4
100
AcDbLine
 10
12.401073
 20
1.206996
 30
0.0
 11
12.375
 21
1.211952
 31
0.0
  0
LINE
  5
19F2
330
1F
100
AcDbEntity
  8
1
  6
CONTINUOUS
370
50
 62
4
100
AcDbLine
 10
31.69371
 20
3.27238
 30
0.0
 11
31.675114
 21
3.275904
 31
0.0
  0
LINE
  5
19F3
330
1F
100
AcDbEntity
  8
1
  6
CONTINUOUS
370
50
 62
4
100
AcDbLine
 10
19.901072
 20
-0.9492809999999999
 30
0.0
 11
19.875
 21
-0.944341
 31
0.0
  0
LINE
  5
19F4
330
1F
100
AcDbEntity
  8
1
  6
CONTINUOUS
370
50
 62
4
100
AcDbLine
 10
19.927143
 20
-0.95422
 30
0.0
 11
19.901072
 21
-0.9492809999999999
 31
0.0
  0
LINE
  5
19F5
330
1F
100
AcDbEntity
  8
1
  6
CONTINUOUS
370
50
 62
4
100
AcDbLine
 10
19.953215
 20
-0.959159
 30
0.0
 11
19.927143
 21
-0.95422
 31
0.0
  0
LINE
  5
19F6
330
1F
100
AcDbEntity
  8
1
  6
CONTINUOUS
370
50
 62
4
100
AcDbLine
 10
19.979286
 20
-0.964097
 30
0.0
 11
19.953215
 21
-0.959159
 31
0.0
  0
LINE
  5
19F7
330
1F
100
AcDbEntity
  8
1
  6
CONTINUOUS
370
50
 62
4
100
AcDbLine
 10
20.031429
 20
-0.9739709999999999
 30
0.0
 11
20.005358
 21
-0.969034
 31
0.0
  0
LINE
  5
19F8
330
1F
100
AcDbEntity
  8
1
  6
CONTINUOUS
370
50
 62
4
100
AcDbLine
 10
20.005358
 20
-0.969034
 30
0.0
 11
19.979286
 21
-0.964097
 31
0.0
  0
LINE
  5
19F9
330
1F
100
AcDbEntity
  8
1
  6
CONTINUOUS
370
50
 62
4
100
AcDbLine
 10
20.057501
 20
-0.9789059999999999
 30
0.0
 11
20.031429
 21
-0.9739709999999999
 31
0.0
  0
LINE
  5
19FA
330
1F
100
AcDbEntity
  8
1
  6
CONTINUOUS
370
50
 62
4
100
AcDbLine
 10
26.15107
 20
-1.451077
 30
0.0
 11
26.125
 21
-1.44617
 31
0.0
  0
LINE
  5
19FB
330
1F
100
AcDbEntity
  8
1
  6
CONTINUOUS
370
50
 62
4
100
AcDbLine
 10
21.177143
 20
-1.190196
 30
0.0
 11
21.151072
 21
-1.18529
 31
0.0
  0
LINE
  5
19FC
330
1F
100
AcDbEntity
  8
1
  6
CONTINUOUS
370
50
 62
4
100
AcDbLine
 10
21.151072
 20
-1.18529
 30
0.0
 11
21.125
 21
-1.180384
 31
0.0
  0
LINE
  5
19FD
330
1F
100
AcDbEntity
  8
1
  6
CONTINUOUS
370
50
 62
4
100
AcDbLine
 10
26.177141
 20
-1.455981
 30
0.0
 11
26.15107
 21
-1.451077
 31
0.0
  0
LINE
  5
19FE
330
1F
100
AcDbEntity
  8
1
  6
CONTINUOUS
370
50
 62
4
100
AcDbLine
 10
21.229286
 20
-1.200004
 30
0.0
 11
21.203215
 21
-1.1951
 31
0.0
  0
LINE
  5
19FF
330
1F
100
AcDbEntity
  8
1
  6
CONTINUOUS
370
50
 62
4
100
AcDbLine
 10
21.255358
 20
-1.204908
 30
0.0
 11
21.229286
 21
-1.200004
 31
0.0
  0
LINE
  5
1A00
330
1F
100
AcDbEntity
  8
1
  6
CONTINUOUS
370
50
 62
4
100
AcDbLine
 10
21.203215
 20
-1.1951
 30
0.0
 11
21.177143
 21
-1.190196
 31
0.0
  0
LINE
  5
1A01
330
1F
100
AcDbEntity
  8
1
  6
CONTINUOUS
370
50
 62
4
100
AcDbLine
 10
21.281429
 20
-1.20981
 30
0.0
 11
21.255358
 21
-1.204908
 31
0.0
  0
LINE
  5
1A02
330
1F
100
AcDbEntity
  8
1
  6
CONTINUOUS
370
50
 62
4
100
AcDbLine
 10
21.307501
 20
-1.214712
 30
0.0
 11
21.281429
 21
-1.20981
 31
0.0
  0
LINE
  5
1A03
330
1F
100
AcDbEntity
  8
1
  6
CONTINUOUS
370
50
 62
4
100
AcDbLine
 10
26.203213
 20
-1.460882
 30
0.0
 11
26.177141
 21
-1.455981
 31
0.0
  0
LINE
  5
1A04
330
1F
100
AcDbEntity
  8
1
  6
CONTINUOUS
370
50
 62
4
100
AcDbLine
 10
26.229284
 20
-1.465779
 30
0.0
 11
26.203213
 21
-1.460882
 31
0.0
  0
LINE
  5
1A05
330
1F
100
AcDbEntity
  8
1
  6
CONTINUOUS
370
50
 62
4
100
AcDbLine
 10
26.255356
 20
-1.470673
 30
0.0
 11
26.229284
 21
-1.465779
 31
0.0
  0
LINE
  5
1A06
330
1F
100
AcDbEntity
  8
1
  6
CONTINUOUS
370
50
 62
4
100
AcDbLine
 10
26.281427
 20
-1.475563
 30
0.0
 11
26.255356
 21
-1.470673
 31
0.0
  0
LINE
  5
1A07
330
1F
100
AcDbEntity
  8
1
  6
CONTINUOUS
370
50
 62
4
100
AcDbLine
 10
15.175791
 20
-0.03917
 30
0.0
 11
15.110991
 21
-0.027017
 31
0.0
  0
LINE
  5
1A08
330
1F
100
AcDbEntity
  8
1
  6
CONTINUOUS
370
50
 62
4
100
AcDbLine
 10
26.307501
 20
-1.480451
 30
0.0
 11
26.281427
 21
-1.475563
 31
0.0
  0
LINE
  5
1A09
330
1F
100
AcDbEntity
  8
1
  6
CONTINUOUS
370
50
 62
4
100
AcDbLine
 10
9.866567
 20
1.928867
 30
0.0
 11
9.799875
 21
1.941355
 31
0.0
  0
LINE
  5
1A0A
330
1F
100
AcDbEntity
  8
1
  6
CONTINUOUS
370
50
 62
4
100
AcDbLine
 10
22.427143
 20
-1.424613
 30
0.0
 11
22.401072
 21
-1.419738
 31
0.0
  0
LINE
  5
1A0B
330
1F
100
AcDbEntity
  8
1
  6
CONTINUOUS
370
50
 62
4
100
AcDbLine
 10
22.401072
 20
-1.419738
 30
0.0
 11
22.375
 21
-1.414864
 31
0.0
  0
LINE
  5
1A0C
330
1F
100
AcDbEntity
  8
1
  6
CONTINUOUS
370
50
 62
4
100
AcDbLine
 10
22.479286
 20
-1.434359
 30
0.0
 11
22.453215
 21
-1.429486
 31
0.0
  0
LINE
  5
1A0D
330
1F
100
AcDbEntity
  8
1
  6
CONTINUOUS
370
50
 62
4
100
AcDbLine
 10
22.453215
 20
-1.429486
 30
0.0
 11
22.427143
 21
-1.424613
 31
0.0
  0
LINE
  5
1A0E
330
1F
100
AcDbEntity
  8
1
  6
CONTINUOUS
370
50
 62
4
100
AcDbLine
 10
22.531429
 20
-1.444103
 30
0.0
 11
22.505358
 21
-1.439231
 31
0.0
  0
LINE
  5
1A0F
330
1F
100
AcDbEntity
  8
1
  6
CONTINUOUS
370
50
 62
4
100
AcDbLine
 10
22.505358
 20
-1.439231
 30
0.0
 11
22.479286
 21
-1.434359
 31
0.0
  0
LINE
  5
1A10
330
1F
100
AcDbEntity
  8
1
  6
CONTINUOUS
370
50
 62
4
100
AcDbLine
 10
27.301483
 20
3.731767
 30
0.0
 11
27.282755
 21
3.735266
 31
0.0
  0
LINE
  5
1A11
330
1F
100
AcDbEntity
  8
1
  6
CONTINUOUS
370
50
 62
4
100
AcDbLine
 10
22.557501
 20
-1.448973
 30
0.0
 11
22.531429
 21
-1.444103
 31
0.0
  0
LINE
  5
1A12
330
1F
100
AcDbEntity
  8
1
  6
CONTINUOUS
370
50
 62
4
100
AcDbLine
 10
37.557499
 20
1.591577
 30
0.0
 11
37.531433
 21
1.596442
 31
0.0
  0
LINE
  5
1A13
330
1F
100
AcDbEntity
  8
1
  6
CONTINUOUS
370
50
 62
4
100
AcDbLine
 10
37.531433
 20
1.596442
 30
0.0
 11
37.505363
 21
1.6013
 31
0.0
  0
LINE
  5
1A14
330
1F
100
AcDbEntity
  8
1
  6
CONTINUOUS
370
50
 62
4
100
AcDbLine
 10
37.505363
 20
1.6013
 30
0.0
 11
37.479294
 21
1.606148
 31
0.0
  0
LINE
  5
1A15
330
1F
100
AcDbEntity
  8
1
  6
CONTINUOUS
370
50
 62
4
100
AcDbLine
 10
23.651072
 20
-1.652711
 30
0.0
 11
23.625
 21
-1.647867
 31
0.0
  0
LINE
  5
1A16
330
1F
100
AcDbEntity
  8
1
  6
CONTINUOUS
370
50
 62
4
100
AcDbLine
 10
23.677145
 20
-1.657555
 30
0.0
 11
23.651072
 21
-1.652711
 31
0.0
  0
LINE
  5
1A17
330
1F
100
AcDbEntity
  8
1
  6
CONTINUOUS
370
50
 62
4
100
AcDbLine
 10
23.729288
 20
-1.66724
 30
0.0
 11
23.703217
 21
-1.662397
 31
0.0
  0
LINE
  5
1A18
330
1F
100
AcDbEntity
  8
1
  6
CONTINUOUS
370
50
 62
4
100
AcDbLine
 10
23.703217
 20
-1.662397
 30
0.0
 11
23.677145
 21
-1.657555
 31
0.0
  0
LINE
  5
1A19
330
1F
100
AcDbEntity
  8
1
  6
CONTINUOUS
370
50
 62
4
100
AcDbLine
 10
23.755358
 20
-1.672081
 30
0.0
 11
23.729288
 21
-1.66724
 31
0.0
  0
LINE
  5
1A1A
330
1F
100
AcDbEntity
  8
1
  6
CONTINUOUS
370
50
 62
4
100
AcDbLine
 10
23.781429
 20
-1.676922
 30
0.0
 11
23.755358
 21
-1.672081
 31
0.0
  0
LINE
  5
1A1B
330
1F
100
AcDbEntity
  8
1
  6
CONTINUOUS
370
50
 62
4
100
AcDbLine
 10
37.479294
 20
1.606148
 30
0.0
 11
37.45322
 21
1.610989
 31
0.0
  0
LINE
  5
1A1C
330
1F
100
AcDbEntity
  8
1
  6
CONTINUOUS
370
50
 62
4
100
AcDbLine
 10
23.807501
 20
-1.681762
 30
0.0
 11
23.781429
 21
-1.676922
 31
0.0
  0
LINE
  5
1A1D
330
1F
100
AcDbEntity
  8
1
  6
CONTINUOUS
370
50
 62
4
100
AcDbLine
 10
37.45322
 20
1.610989
 30
0.0
 11
37.42715099999999
 21
1.615821
 31
0.0
  0
LINE
  5
1A1E
330
1F
100
AcDbEntity
  8
1
  6
CONTINUOUS
370
50
 62
4
100
AcDbLine
 10
37.42715099999999
 20
1.615821
 30
0.0
 11
37.401077
 21
1.620646
 31
0.0
  0
LINE
  5
1A1F
330
1F
100
AcDbEntity
  8
1
  6
CONTINUOUS
370
50
 62
4
100
AcDbLine
 10
37.401077
 20
1.620646
 30
0.0
 11
37.375
 21
1.625462
 31
0.0
  0
LINE
  5
1A20
330
1F
100
AcDbEntity
  8
1
  6
CONTINUOUS
370
50
 62
4
100
AcDbLine
 10
24.900967
 20
-1.884162
 30
0.0
 11
24.875
 21
-1.879371
 31
0.0
  0
LINE
  5
1A21
330
1F
100
AcDbEntity
  8
1
  6
CONTINUOUS
370
50
 62
4
100
AcDbLine
 10
24.92697
 20
-1.888955
 30
0.0
 11
24.900967
 21
-1.884162
 31
0.0
  0
LINE
  5
1A22
330
1F
100
AcDbEntity
  8
1
  6
CONTINUOUS
370
50
 62
4
100
AcDbLine
 10
33.285778
 20
3.108809
 30
0.0
 11
33.212994
 21
3.122224
 31
0.0
  0
LINE
  5
1A23
330
1F
100
AcDbEntity
  8
1
  6
CONTINUOUS
370
50
 62
4
100
AcDbLine
 10
24.953007
 20
-1.893751
 30
0.0
 11
24.92697
 21
-1.888955
 31
0.0
  0
LINE
  5
1A24
330
1F
100
AcDbEntity
  8
1
  6
CONTINUOUS
370
50
 62
4
100
AcDbLine
 10
24.979078
 20
-1.898549
 30
0.0
 11
24.953007
 21
-1.893751
 31
0.0
  0
LINE
  5
1A25
330
1F
100
AcDbEntity
  8
1
  6
CONTINUOUS
370
50
 62
4
100
AcDbLine
 10
25.005184
 20
-1.90335
 30
0.0
 11
24.979078
 21
-1.898549
 31
0.0
  0
LINE
  5
1A26
330
1F
100
AcDbEntity
  8
1
  6
CONTINUOUS
370
50
 62
4
100
AcDbLine
 10
25.031324
 20
-1.908153
 30
0.0
 11
25.005184
 21
-1.90335
 31
0.0
  0
LINE
  5
1A27
330
1F
100
AcDbEntity
  8
1
  6
CONTINUOUS
370
50
 62
4
100
AcDbLine
 10
25.057501
 20
-1.912958
 30
0.0
 11
25.031324
 21
-1.908153
 31
0.0
  0
LINE
  5
1A28
330
1F
100
AcDbEntity
  8
1
  6
CONTINUOUS
370
50
 62
4
100
AcDbLine
 10
9.933277
 20
1.916666
 30
0.0
 11
9.866567
 21
1.928867
 31
0.0
  0
LINE
  5
1A29
330
1F
100
AcDbEntity
  8
1
  6
CONTINUOUS
370
50
 62
4
100
AcDbLine
 10
27.40107
 20
-1.682408
 30
0.0
 11
27.375
 21
-1.677663
 31
0.0
  0
LINE
  5
1A2A
330
1F
100
AcDbEntity
  8
1
  6
CONTINUOUS
370
50
 62
4
100
AcDbLine
 10
27.427141
 20
-1.68715
 30
0.0
 11
27.40107
 21
-1.682408
 31
0.0
  0
LINE
  5
1A2B
330
1F
100
AcDbEntity
  8
1
  6
CONTINUOUS
370
50
 62
4
100
AcDbLine
 10
27.453213
 20
-1.691889
 30
0.0
 11
27.427141
 21
-1.68715
 31
0.0
  0
LINE
  5
1A2C
330
1F
100
AcDbEntity
  8
1
  6
CONTINUOUS
370
50
 62
4
100
AcDbLine
 10
27.479284
 20
-1.696625
 30
0.0
 11
27.453213
 21
-1.691889
 31
0.0
  0
LINE
  5
1A2D
330
1F
100
AcDbEntity
  8
1
  6
CONTINUOUS
370
50
 62
4
100
AcDbLine
 10
27.505356
 20
-1.701357
 30
0.0
 11
27.479284
 21
-1.696625
 31
0.0
  0
LINE
  5
1A2E
330
1F
100
AcDbEntity
  8
1
  6
CONTINUOUS
370
50
 62
4
100
AcDbLine
 10
27.531427
 20
-1.706086
 30
0.0
 11
27.505356
 21
-1.701357
 31
0.0
  0
LINE
  5
1A2F
330
1F
100
AcDbEntity
  8
1
  6
CONTINUOUS
370
50
 62
4
100
AcDbLine
 10
27.557501
 20
-1.710812
 30
0.0
 11
27.531427
 21
-1.706086
 31
0.0
  0
LINE
  5
1A30
330
1F
100
AcDbEntity
  8
1
  6
CONTINUOUS
370
50
 62
4
100
AcDbLine
 10
10.0
 20
1.904748
 30
0.0
 11
9.933277
 21
1.916666
 31
0.0
  0
LINE
  5
1A31
330
1F
100
AcDbEntity
  8
1
  6
CONTINUOUS
370
50
 62
4
100
AcDbLine
 10
15.240604
 20
-0.050719
 30
0.0
 11
15.175791
 21
-0.03917
 31
0.0
  0
LINE
  5
1A32
330
1F
100
AcDbEntity
  8
1
  6
CONTINUOUS
370
50
 62
4
100
AcDbLine
 10
26.15107
 20
-2.110119
 30
0.0
 11
26.125
 21
-2.1055
 31
0.0
  0
LINE
  5
1A33
330
1F
100
AcDbEntity
  8
1
  6
CONTINUOUS
370
50
 62
4
100
AcDbLine
 10
26.177141
 20
-2.114733
 30
0.0
 11
26.15107
 21
-2.110119
 31
0.0
  0
LINE
  5
1A34
330
1F
100
AcDbEntity
  8
1
  6
CONTINUOUS
370
50
 62
4
100
AcDbLine
 10
26.203213
 20
-2.119344
 30
0.0
 11
26.177141
 21
-2.114733
 31
0.0
  0
LINE
  5
1A35
330
1F
100
AcDbEntity
  8
1
  6
CONTINUOUS
370
50
 62
4
100
AcDbLine
 10
26.229284
 20
-2.12395
 30
0.0
 11
26.203213
 21
-2.119344
 31
0.0
  0
LINE
  5
1A36
330
1F
100
AcDbEntity
  8
1
  6
CONTINUOUS
370
50
 62
4
100
AcDbLine
 10
26.434597
 20
3.822807
 30
0.0
 11
26.375114
 21
3.833309
 31
0.0
  0
LINE
  5
1A37
330
1F
100
AcDbEntity
  8
1
  6
CONTINUOUS
370
50
 62
4
100
AcDbLine
 10
26.255356
 20
-2.128552
 30
0.0
 11
26.229284
 21
-2.12395
 31
0.0
  0
LINE
  5
1A38
330
1F
100
AcDbEntity
  8
1
  6
CONTINUOUS
370
50
 62
4
100
AcDbLine
 10
26.281427
 20
-2.133151
 30
0.0
 11
26.255356
 21
-2.128552
 31
0.0
  0
LINE
  5
1A39
330
1F
100
AcDbEntity
  8
1
  6
CONTINUOUS
370
50
 62
4
100
AcDbLine
 10
26.307501
 20
-2.137746
 30
0.0
 11
26.281427
 21
-2.133151
 31
0.0
  0
LINE
  5
1A3A
330
1F
100
AcDbEntity
  8
1
  6
CONTINUOUS
370
50
 62
4
100
AcDbLine
 10
28.651072
 20
-1.905991
 30
0.0
 11
28.625
 21
-1.901406
 31
0.0
  0
LINE
  5
1A3B
330
1F
100
AcDbEntity
  8
1
  6
CONTINUOUS
370
50
 62
4
100
AcDbLine
 10
28.677141
 20
-1.910572
 30
0.0
 11
28.651072
 21
-1.905991
 31
0.0
  0
LINE
  5
1A3C
330
1F
100
AcDbEntity
  8
1
  6
CONTINUOUS
370
50
 62
4
100
AcDbLine
 10
28.703213
 20
-1.915149
 30
0.0
 11
28.677141
 21
-1.910572
 31
0.0
  0
LINE
  5
1A3D
330
1F
100
AcDbEntity
  8
1
  6
CONTINUOUS
370
50
 62
4
100
AcDbLine
 10
28.729284
 20
-1.919724
 30
0.0
 11
28.703213
 21
-1.915149
 31
0.0
  0
LINE
  5
1A3E
330
1F
100
AcDbEntity
  8
1
  6
CONTINUOUS
370
50
 62
4
100
AcDbLine
 10
28.755356
 20
-1.924295
 30
0.0
 11
28.729284
 21
-1.919724
 31
0.0
  0
LINE
  5
1A3F
330
1F
100
AcDbEntity
  8
1
  6
CONTINUOUS
370
50
 62
4
100
AcDbLine
 10
28.781427
 20
-1.928862
 30
0.0
 11
28.755356
 21
-1.924295
 31
0.0
  0
LINE
  5
1A40
330
1F
100
AcDbEntity
  8
1
  6
CONTINUOUS
370
50
 62
4
100
AcDbLine
 10
28.807501
 20
-1.933427
 30
0.0
 11
28.781427
 21
-1.928862
 31
0.0
  0
LINE
  5
1A41
330
1F
100
AcDbEntity
  8
1
  6
CONTINUOUS
370
50
 62
4
100
AcDbLine
 10
14.875
 20
0.01929
 30
0.0
 11
14.811824
 21
0.03035
 31
0.0
  0
LINE
  5
1A42
330
1F
100
AcDbEntity
  8
1
  6
CONTINUOUS
370
50
 62
4
100
AcDbLine
 10
32.086014
 20
3.230977
 30
0.0
 11
32.02449
 21
3.241745
 31
0.0
  0
LINE
  5
1A43
330
1F
100
AcDbEntity
  8
1
  6
CONTINUOUS
370
50
 62
4
100
AcDbLine
 10
37.557499
 20
2.242311
 30
0.0
 11
37.531433
 21
2.246869
 31
0.0
  0
LINE
  5
1A44
330
1F
100
AcDbEntity
  8
1
  6
CONTINUOUS
370
50
 62
4
100
AcDbLine
 10
37.531433
 20
2.246869
 30
0.0
 11
37.505363
 21
2.251419
 31
0.0
  0
LINE
  5
1A45
330
1F
100
AcDbEntity
  8
1
  6
CONTINUOUS
370
50
 62
4
100
AcDbLine
 10
37.505363
 20
2.251419
 30
0.0
 11
37.479294
 21
2.255959
 31
0.0
  0
LINE
  5
1A46
330
1F
100
AcDbEntity
  8
1
  6
CONTINUOUS
370
50
 62
4
100
AcDbLine
 10
37.479294
 20
2.255959
 30
0.0
 11
37.453224
 21
2.260491
 31
0.0
  0
LINE
  5
1A47
330
1F
100
AcDbEntity
  8
1
  6
CONTINUOUS
370
50
 62
4
100
AcDbLine
 10
26.09873
 20
3.862138
 30
0.0
 11
26.089905
 21
3.863672
 31
0.0
  0
LINE
  5
1A48
330
1F
100
AcDbEntity
  8
1
  6
CONTINUOUS
370
50
 62
4
100
AcDbLine
 10
33.000004
 20
3.14175
 30
0.0
 11
32.992661
 21
3.143025
 31
0.0
  0
LINE
  5
1A49
330
1F
100
AcDbEntity
  8
1
  6
CONTINUOUS
370
50
 62
4
100
AcDbLine
 10
37.453224
 20
2.260491
 30
0.0
 11
37.42715099999999
 21
2.265014
 31
0.0
  0
LINE
  5
1A4A
330
1F
100
AcDbEntity
  8
1
  6
CONTINUOUS
370
50
 62
4
100
AcDbLine
 10
37.42715099999999
 20
2.265014
 30
0.0
 11
37.401077
 21
2.269529
 31
0.0
  0
LINE
  5
1A4B
330
1F
100
AcDbEntity
  8
1
  6
CONTINUOUS
370
50
 62
4
100
AcDbLine
 10
37.401077
 20
2.269529
 30
0.0
 11
37.375
 21
2.274035
 31
0.0
  0
LINE
  5
1A4C
330
1F
100
AcDbEntity
  8
1
  6
CONTINUOUS
370
50
 62
4
100
AcDbLine
 10
25.116781
 20
3.966155
 30
0.0
 11
25.057501
 21
3.976351
 31
0.0
  0
LINE
  5
1A4D
330
1F
100
AcDbEntity
  8
1
  6
CONTINUOUS
370
50
 62
4
100
AcDbLine
 10
36.307499
 20
1.815633
 30
0.0
 11
36.279964
 21
1.820363
 31
0.0
  0
LINE
  5
1A4E
330
1F
100
AcDbEntity
  8
1
  6
CONTINUOUS
370
50
 62
4
100
AcDbLine
 10
36.279964
 20
1.820363
 30
0.0
 11
36.252884
 21
1.825006
 31
0.0
  0
LINE
  5
1A4F
330
1F
100
AcDbEntity
  8
1
  6
CONTINUOUS
370
50
 62
4
100
AcDbLine
 10
36.252884
 20
1.825006
 30
0.0
 11
36.226276
 21
1.829561
 31
0.0
  0
LINE
  5
1A50
330
1F
100
AcDbEntity
  8
1
  6
CONTINUOUS
370
50
 62
4
100
AcDbLine
 10
36.226276
 20
1.829561
 30
0.0
 11
36.200165
 21
1.834024
 31
0.0
  0
LINE
  5
1A51
330
1F
100
AcDbEntity
  8
1
  6
CONTINUOUS
370
50
 62
4
100
AcDbLine
 10
36.200165
 20
1.834024
 30
0.0
 11
36.174568
 21
1.838394
 31
0.0
  0
LINE
  5
1A52
330
1F
100
AcDbEntity
  8
1
  6
CONTINUOUS
370
50
 62
4
100
AcDbLine
 10
36.174568
 20
1.838394
 30
0.0
 11
36.149506
 21
1.842669
 31
0.0
  0
LINE
  5
1A53
330
1F
100
AcDbEntity
  8
1
  6
CONTINUOUS
370
50
 62
4
100
AcDbLine
 10
36.149506
 20
1.842669
 30
0.0
 11
36.125
 21
1.846846
 31
0.0
  0
LINE
  5
1A54
330
1F
100
AcDbEntity
  8
1
  6
CONTINUOUS
370
50
 62
4
100
AcDbLine
 10
27.40107
 20
-2.326851
 30
0.0
 11
27.375
 21
-2.322425
 31
0.0
  0
LINE
  5
1A55
330
1F
100
AcDbEntity
  8
1
  6
CONTINUOUS
370
50
 62
4
100
AcDbLine
 10
29.901072
 20
-2.121875
 30
0.0
 11
29.875
 21
-2.11745
 31
0.0
  0
LINE
  5
1A56
330
1F
100
AcDbEntity
  8
1
  6
CONTINUOUS
370
50
 62
4
100
AcDbLine
 10
27.427141
 20
-2.331274
 30
0.0
 11
27.40107
 21
-2.326851
 31
0.0
  0
LINE
  5
1A57
330
1F
100
AcDbEntity
  8
1
  6
CONTINUOUS
370
50
 62
4
100
AcDbLine
 10
29.927141
 20
-2.126296
 30
0.0
 11
29.901072
 21
-2.121875
 31
0.0
  0
LINE
  5
1A58
330
1F
100
AcDbEntity
  8
1
  6
CONTINUOUS
370
50
 62
4
100
AcDbLine
 10
27.453213
 20
-2.335692
 30
0.0
 11
27.427141
 21
-2.331274
 31
0.0
  0
LINE
  5
1A59
330
1F
100
AcDbEntity
  8
1
  6
CONTINUOUS
370
50
 62
4
100
AcDbLine
 10
29.953213
 20
-2.130714
 30
0.0
 11
29.927141
 21
-2.126296
 31
0.0
  0
LINE
  5
1A5A
330
1F
100
AcDbEntity
  8
1
  6
CONTINUOUS
370
50
 62
4
100
AcDbLine
 10
27.479284
 20
-2.340107
 30
0.0
 11
27.453213
 21
-2.335692
 31
0.0
  0
LINE
  5
1A5B
330
1F
100
AcDbEntity
  8
1
  6
CONTINUOUS
370
50
 62
4
100
AcDbLine
 10
29.979284
 20
-2.135129
 30
0.0
 11
29.953213
 21
-2.130714
 31
0.0
  0
LINE
  5
1A5C
330
1F
100
AcDbEntity
  8
1
  6
CONTINUOUS
370
50
 62
4
100
AcDbLine
 10
30.005356
 20
-2.139541
 30
0.0
 11
29.979284
 21
-2.135129
 31
0.0
  0
LINE
  5
1A5D
330
1F
100
AcDbEntity
  8
1
  6
CONTINUOUS
370
50
 62
4
100
AcDbLine
 10
27.505356
 20
-2.344517
 30
0.0
 11
27.479284
 21
-2.340107
 31
0.0
  0
LINE
  5
1A5E
330
1F
100
AcDbEntity
  8
1
  6
CONTINUOUS
370
50
 62
4
100
AcDbLine
 10
30.031427
 20
-2.143949
 30
0.0
 11
30.005356
 21
-2.139541
 31
0.0
  0
LINE
  5
1A5F
330
1F
100
AcDbEntity
  8
1
  6
CONTINUOUS
370
50
 62
4
100
AcDbLine
 10
27.531427
 20
-2.348924
 30
0.0
 11
27.505356
 21
-2.344517
 31
0.0
  0
LINE
  5
1A60
330
1F
100
AcDbEntity
  8
1
  6
CONTINUOUS
370
50
 62
4
100
AcDbLine
 10
30.057501
 20
-2.148354
 30
0.0
 11
30.031427
 21
-2.143949
 31
0.0
  0
LINE
  5
1A61
330
1F
100
AcDbEntity
  8
1
  6
CONTINUOUS
370
50
 62
4
100
AcDbLine
 10
27.557501
 20
-2.353327
 30
0.0
 11
27.531427
 21
-2.348924
 31
0.0
  0
LINE
  5
1A62
330
1F
100
AcDbEntity
  8
1
  6
CONTINUOUS
370
50
 62
4
100
AcDbLine
 10
15.305433
 20
-0.061665
 30
0.0
 11
15.240604
 21
-0.050719
 31
0.0
  0
LINE
  5
1A63
330
1F
100
AcDbEntity
  8
1
  6
CONTINUOUS
370
50
 62
4
100
AcDbLine
 10
24.432501
 20
-0.003502
 30
0.0
 11
24.406429
 21
0.000874
 31
0.0
  0
LINE
  5
1A64
330
1F
100
AcDbEntity
  8
1
  6
CONTINUOUS
370
50
 62
4
100
AcDbLine
 10
24.406429
 20
0.000874
 30
0.0
 11
24.380358
 21
0.005249
 31
0.0
  0
LINE
  5
1A65
330
1F
100
AcDbEntity
  8
1
  6
CONTINUOUS
370
50
 62
4
100
AcDbLine
 10
24.380358
 20
0.005249
 30
0.0
 11
24.354286
 21
0.009623
 31
0.0
  0
LINE
  5
1A66
330
1F
100
AcDbEntity
  8
1
  6
CONTINUOUS
370
50
 62
4
100
AcDbLine
 10
24.354286
 20
0.009623
 30
0.0
 11
24.328217
 21
0.013995
 31
0.0
  0
LINE
  5
1A67
330
1F
100
AcDbEntity
  8
1
  6
CONTINUOUS
370
50
 62
4
100
AcDbLine
 10
11.750834
 20
0.52732
 30
0.0
 11
11.750667
 21
0.5273479999999999
 31
0.0
  0
LINE
  5
1A68
330
1F
100
AcDbEntity
  8
1
  6
CONTINUOUS
370
50
 62
4
100
AcDbLine
 10
24.302143
 20
0.018365
 30
0.0
 11
24.276072
 21
0.022735
 31
0.0
  0
LINE
  5
1A69
330
1F
100
AcDbEntity
  8
1
  6
CONTINUOUS
370
50
 62
4
100
AcDbLine
 10
24.328217
 20
0.013995
 30
0.0
 11
24.302143
 21
0.018365
 31
0.0
  0
LINE
  5
1A6A
330
1F
100
AcDbEntity
  8
1
  6
CONTINUOUS
370
50
 62
4
100
AcDbLine
 10
24.276072
 20
0.022735
 30
0.0
 11
24.25
 21
0.027103
 31
0.0
  0
LINE
  5
1A6B
330
1F
100
AcDbEntity
  8
1
  6
CONTINUOUS
370
50
 62
4
100
AcDbLine
 10
35.057499
 20
2.027119
 30
0.0
 11
35.031429
 21
2.03148
 31
0.0
  0
LINE
  5
1A6C
330
1F
100
AcDbEntity
  8
1
  6
CONTINUOUS
370
50
 62
4
100
AcDbLine
 10
35.031429
 20
2.03148
 30
0.0
 11
35.005356
 21
2.035839
 31
0.0
  0
LINE
  5
1A6D
330
1F
100
AcDbEntity
  8
1
  6
CONTINUOUS
370
50
 62
4
100
AcDbLine
 10
35.005356
 20
2.035839
 30
0.0
 11
34.979286
 21
2.040196
 31
0.0
  0
LINE
  5
1A6E
330
1F
100
AcDbEntity
  8
1
  6
CONTINUOUS
370
50
 62
4
100
AcDbLine
 10
25.526072
 20
-0.187345
 30
0.0
 11
25.5
 21
-0.182988
 31
0.0
  0
LINE
  5
1A6F
330
1F
100
AcDbEntity
  8
1
  6
CONTINUOUS
370
50
 62
4
100
AcDbLine
 10
25.552141
 20
-0.191701
 30
0.0
 11
25.526072
 21
-0.187345
 31
0.0
  0
LINE
  5
1A70
330
1F
100
AcDbEntity
  8
1
  6
CONTINUOUS
370
50
 62
4
100
AcDbLine
 10
34.979286
 20
2.040196
 30
0.0
 11
34.953213
 21
2.044551
 31
0.0
  0
LINE
  5
1A71
330
1F
100
AcDbEntity
  8
1
  6
CONTINUOUS
370
50
 62
4
100
AcDbLine
 10
25.578213
 20
-0.196055
 30
0.0
 11
25.552141
 21
-0.191701
 31
0.0
  0
LINE
  5
1A72
330
1F
100
AcDbEntity
  8
1
  6
CONTINUOUS
370
50
 62
4
100
AcDbLine
 10
25.604284
 20
-0.200408
 30
0.0
 11
25.578213
 21
-0.196055
 31
0.0
  0
LINE
  5
1A73
330
1F
100
AcDbEntity
  8
1
  6
CONTINUOUS
370
50
 62
4
100
AcDbLine
 10
34.953213
 20
2.044551
 30
0.0
 11
34.927143
 21
2.048903
 31
0.0
  0
LINE
  5
1A74
330
1F
100
AcDbEntity
  8
1
  6
CONTINUOUS
370
50
 62
4
100
AcDbLine
 10
34.927143
 20
2.048903
 30
0.0
 11
34.90107
 21
2.053254
 31
0.0
  0
LINE
  5
1A75
330
1F
100
AcDbEntity
  8
1
  6
CONTINUOUS
370
50
 62
4
100
AcDbLine
 10
25.630356
 20
-0.204758
 30
0.0
 11
25.604284
 21
-0.200408
 31
0.0
  0
LINE
  5
1A76
330
1F
100
AcDbEntity
  8
1
  6
CONTINUOUS
370
50
 62
4
100
AcDbLine
 10
34.90107
 20
2.053254
 30
0.0
 11
34.875
 21
2.057603
 31
0.0
  0
LINE
  5
1A77
330
1F
100
AcDbEntity
  8
1
  6
CONTINUOUS
370
50
 62
4
100
AcDbLine
 10
25.656427
 20
-0.209107
 30
0.0
 11
25.630356
 21
-0.204758
 31
0.0
  0
LINE
  5
1A78
330
1F
100
AcDbEntity
  8
1
  6
CONTINUOUS
370
50
 62
4
100
AcDbLine
 10
25.682501
 20
-0.213454
 30
0.0
 11
25.656427
 21
-0.209107
 31
0.0
  0
LINE
  5
1A79
330
1F
100
AcDbEntity
  8
1
  6
CONTINUOUS
370
50
 62
4
100
AcDbLine
 10
14.811824
 20
0.03035
 30
0.0
 11
14.748635
 21
0.040846
 31
0.0
  0
LINE
  5
1A7A
330
1F
100
AcDbEntity
  8
1
  6
CONTINUOUS
370
50
 62
4
100
AcDbLine
 10
13.1825
 20
0.292436
 30
0.0
 11
13.156429
 21
0.296756
 31
0.0
  0
LINE
  5
1A7B
330
1F
100
AcDbEntity
  8
1
  6
CONTINUOUS
370
50
 62
4
100
AcDbLine
 10
13.156429
 20
0.296756
 30
0.0
 11
13.130358
 21
0.301075
 31
0.0
  0
LINE
  5
1A7C
330
1F
100
AcDbEntity
  8
1
  6
CONTINUOUS
370
50
 62
4
100
AcDbLine
 10
14.276071
 20
0.110745
 30
0.0
 11
14.25
 21
0.115063
 31
0.0
  0
LINE
  5
1A7D
330
1F
100
AcDbEntity
  8
1
  6
CONTINUOUS
370
50
 62
4
100
AcDbLine
 10
14.302142
 20
0.106428
 30
0.0
 11
14.276071
 21
0.110745
 31
0.0
  0
LINE
  5
1A7E
330
1F
100
AcDbEntity
  8
1
  6
CONTINUOUS
370
50
 62
4
100
AcDbLine
 10
13.130358
 20
0.301075
 30
0.0
 11
13.104287
 21
0.305392
 31
0.0
  0
LINE
  5
1A7F
330
1F
100
AcDbEntity
  8
1
  6
CONTINUOUS
370
50
 62
4
100
AcDbLine
 10
14.328213
 20
0.102112
 30
0.0
 11
14.302142
 21
0.106428
 31
0.0
  0
LINE
  5
1A80
330
1F
100
AcDbEntity
  8
1
  6
CONTINUOUS
370
50
 62
4
100
AcDbLine
 10
13.104287
 20
0.305392
 30
0.0
 11
13.078216
 21
0.309708
 31
0.0
  0
LINE
  5
1A81
330
1F
100
AcDbEntity
  8
1
  6
CONTINUOUS
370
50
 62
4
100
AcDbLine
 10
14.354284
 20
0.097797
 30
0.0
 11
14.328213
 21
0.102112
 31
0.0
  0
LINE
  5
1A82
330
1F
100
AcDbEntity
  8
1
  6
CONTINUOUS
370
50
 62
4
100
AcDbLine
 10
13.078216
 20
0.309708
 30
0.0
 11
13.052144
 21
0.314023
 31
0.0
  0
LINE
  5
1A83
330
1F
100
AcDbEntity
  8
1
  6
CONTINUOUS
370
50
 62
4
100
AcDbLine
 10
14.380357
 20
0.093483
 30
0.0
 11
14.354284
 21
0.097797
 31
0.0
  0
LINE
  5
1A84
330
1F
100
AcDbEntity
  8
1
  6
CONTINUOUS
370
50
 62
4
100
AcDbLine
 10
14.406428
 20
0.08917
 30
0.0
 11
14.380357
 21
0.093483
 31
0.0
  0
LINE
  5
1A85
330
1F
100
AcDbEntity
  8
1
  6
CONTINUOUS
370
50
 62
4
100
AcDbLine
 10
14.4325
 20
0.084858
 30
0.0
 11
14.406428
 21
0.08917
 31
0.0
  0
LINE
  5
1A86
330
1F
100
AcDbEntity
  8
1
  6
CONTINUOUS
370
50
 62
4
100
AcDbLine
 10
13.052144
 20
0.314023
 30
0.0
 11
13.0
 21
0.322647
 31
0.0
  0
LINE
  5
1A87
330
1F
100
AcDbEntity
  8
1
  6
CONTINUOUS
370
50
 62
4
100
AcDbLine
 10
30.885757
 20
3.354727
 30
0.0
 11
30.835297
 21
3.363072
 31
0.0
  0
LINE
  5
1A88
330
1F
100
AcDbEntity
  8
1
  6
CONTINUOUS
370
50
 62
4
100
AcDbLine
 10
23.182501
 20
0.204757
 30
0.0
 11
23.156429
 21
0.209067
 31
0.0
  0
LINE
  5
1A89
330
1F
100
AcDbEntity
  8
1
  6
CONTINUOUS
370
50
 62
4
100
AcDbLine
 10
23.156429
 20
0.209067
 30
0.0
 11
23.130358
 21
0.213375
 31
0.0
  0
LINE
  5
1A8A
330
1F
100
AcDbEntity
  8
1
  6
CONTINUOUS
370
50
 62
4
100
AcDbLine
 10
23.130358
 20
0.213375
 30
0.0
 11
23.104286
 21
0.217683
 31
0.0
  0
LINE
  5
1A8B
330
1F
100
AcDbEntity
  8
1
  6
CONTINUOUS
370
50
 62
4
100
AcDbLine
 10
23.104286
 20
0.217683
 30
0.0
 11
23.078215
 21
0.221989
 31
0.0
  0
LINE
  5
1A8C
330
1F
100
AcDbEntity
  8
1
  6
CONTINUOUS
370
50
 62
4
100
AcDbLine
 10
23.052143
 20
0.226293
 30
0.0
 11
23.026072
 21
0.230597
 31
0.0
  0
LINE
  5
1A8D
330
1F
100
AcDbEntity
  8
1
  6
CONTINUOUS
370
50
 62
4
100
AcDbLine
 10
23.078215
 20
0.221989
 30
0.0
 11
23.052143
 21
0.226293
 31
0.0
  0
LINE
  5
1A8E
330
1F
100
AcDbEntity
  8
1
  6
CONTINUOUS
370
50
 62
4
100
AcDbLine
 10
23.026072
 20
0.230597
 30
0.0
 11
23.0
 21
0.234899
 31
0.0
  0
LINE
  5
1A8F
330
1F
100
AcDbEntity
  8
1
  6
CONTINUOUS
370
50
 62
4
100
AcDbLine
 10
15.552142
 20
-0.099424
 30
0.0
 11
15.5
 21
-0.09088
 31
0.0
  0
LINE
  5
1A90
330
1F
100
AcDbEntity
  8
1
  6
CONTINUOUS
370
50
 62
4
100
AcDbLine
 10
15.604285
 20
-0.107964
 30
0.0
 11
15.578214
 21
-0.103694
 31
0.0
  0
LINE
  5
1A91
330
1F
100
AcDbEntity
  8
1
  6
CONTINUOUS
370
50
 62
4
100
AcDbLine
 10
15.578214
 20
-0.103694
 30
0.0
 11
15.552142
 21
-0.099424
 31
0.0
  0
LINE
  5
1A92
330
1F
100
AcDbEntity
  8
1
  6
CONTINUOUS
370
50
 62
4
100
AcDbLine
 10
26.776072
 20
-0.394126
 30
0.0
 11
26.75
 21
-0.389857
 31
0.0
  0
LINE
  5
1A93
330
1F
100
AcDbEntity
  8
1
  6
CONTINUOUS
370
50
 62
4
100
AcDbLine
 10
15.656428
 20
-0.1165
 30
0.0
 11
15.630357
 21
-0.112232
 31
0.0
  0
LINE
  5
1A94
330
1F
100
AcDbEntity
  8
1
  6
CONTINUOUS
370
50
 62
4
100
AcDbLine
 10
15.630357
 20
-0.112232
 30
0.0
 11
15.604285
 21
-0.107964
 31
0.0
  0
LINE
  5
1A95
330
1F
100
AcDbEntity
  8
1
  6
CONTINUOUS
370
50
 62
4
100
AcDbLine
 10
26.802141
 20
-0.398393
 30
0.0
 11
26.776072
 21
-0.394126
 31
0.0
  0
LINE
  5
1A96
330
1F
100
AcDbEntity
  8
1
  6
CONTINUOUS
370
50
 62
4
100
AcDbLine
 10
31.151072
 20
-2.330168
 30
0.0
 11
31.125
 21
-2.325901
 31
0.0
  0
LINE
  5
1A97
330
1F
100
AcDbEntity
  8
1
  6
CONTINUOUS
370
50
 62
4
100
AcDbLine
 10
15.6825
 20
-0.120767
 30
0.0
 11
15.656428
 21
-0.1165
 31
0.0
  0
LINE
  5
1A98
330
1F
100
AcDbEntity
  8
1
  6
CONTINUOUS
370
50
 62
4
100
AcDbLine
 10
33.807499
 20
2.233962
 30
0.0
 11
33.781429
 21
2.238228
 31
0.0
  0
LINE
  5
1A99
330
1F
100
AcDbEntity
  8
1
  6
CONTINUOUS
370
50
 62
4
100
AcDbLine
 10
31.177141
 20
-2.334433
 30
0.0
 11
31.151072
 21
-2.330168
 31
0.0
  0
LINE
  5
1A9A
330
1F
100
AcDbEntity
  8
1
  6
CONTINUOUS
370
50
 62
4
100
AcDbLine
 10
26.828213
 20
-0.402658
 30
0.0
 11
26.802141
 21
-0.398393
 31
0.0
  0
LINE
  5
1A9B
330
1F
100
AcDbEntity
  8
1
  6
CONTINUOUS
370
50
 62
4
100
AcDbLine
 10
26.854284
 20
-0.406922
 30
0.0
 11
26.828213
 21
-0.402658
 31
0.0
  0
LINE
  5
1A9C
330
1F
100
AcDbEntity
  8
1
  6
CONTINUOUS
370
50
 62
4
100
AcDbLine
 10
33.781429
 20
2.238228
 30
0.0
 11
33.755356
 21
2.242491
 31
0.0
  0
LINE
  5
1A9D
330
1F
100
AcDbEntity
  8
1
  6
CONTINUOUS
370
50
 62
4
100
AcDbLine
 10
33.755356
 20
2.242491
 30
0.0
 11
33.729286
 21
2.246753
 31
0.0
  0
LINE
  5
1A9E
330
1F
100
AcDbEntity
  8
1
  6
CONTINUOUS
370
50
 62
4
100
AcDbLine
 10
31.203213
 20
-2.338694
 30
0.0
 11
31.177141
 21
-2.334433
 31
0.0
  0
LINE
  5
1A9F
330
1F
100
AcDbEntity
  8
1
  6
CONTINUOUS
370
50
 62
4
100
AcDbLine
 10
26.880356
 20
-0.411183
 30
0.0
 11
26.854284
 21
-0.406922
 31
0.0
  0
LINE
  5
1AA0
330
1F
100
AcDbEntity
  8
1
  6
CONTINUOUS
370
50
 62
4
100
AcDbLine
 10
26.906427
 20
-0.415443
 30
0.0
 11
26.880356
 21
-0.411183
 31
0.0
  0
LINE
  5
1AA1
330
1F
100
AcDbEntity
  8
1
  6
CONTINUOUS
370
50
 62
4
100
AcDbLine
 10
33.729286
 20
2.246753
 30
0.0
 11
33.703213
 21
2.251012
 31
0.0
  0
LINE
  5
1AA2
330
1F
100
AcDbEntity
  8
1
  6
CONTINUOUS
370
50
 62
4
100
AcDbLine
 10
33.703213
 20
2.251012
 30
0.0
 11
33.677143
 21
2.25527
 31
0.0
  0
LINE
  5
1AA3
330
1F
100
AcDbEntity
  8
1
  6
CONTINUOUS
370
50
 62
4
100
AcDbLine
 10
31.229284
 20
-2.342952
 30
0.0
 11
31.203213
 21
-2.338694
 31
0.0
  0
LINE
  5
1AA4
330
1F
100
AcDbEntity
  8
1
  6
CONTINUOUS
370
50
 62
4
100
AcDbLine
 10
26.932501
 20
-0.419701
 30
0.0
 11
26.906427
 21
-0.415443
 31
0.0
  0
LINE
  5
1AA5
330
1F
100
AcDbEntity
  8
1
  6
CONTINUOUS
370
50
 62
4
100
AcDbLine
 10
31.255356
 20
-2.347207
 30
0.0
 11
31.229284
 21
-2.342952
 31
0.0
  0
LINE
  5
1AA6
330
1F
100
AcDbEntity
  8
1
  6
CONTINUOUS
370
50
 62
4
100
AcDbLine
 10
33.677143
 20
2.25527
 30
0.0
 11
33.65107
 21
2.259525
 31
0.0
  0
LINE
  5
1AA7
330
1F
100
AcDbEntity
  8
1
  6
CONTINUOUS
370
50
 62
4
100
AcDbLine
 10
33.65107
 20
2.259525
 30
0.0
 11
33.625
 21
2.263778
 31
0.0
  0
LINE
  5
1AA8
330
1F
100
AcDbEntity
  8
1
  6
CONTINUOUS
370
50
 62
4
100
AcDbLine
 10
31.281427
 20
-2.351459
 30
0.0
 11
31.255356
 21
-2.347207
 31
0.0
  0
LINE
  5
1AA9
330
1F
100
AcDbEntity
  8
1
  6
CONTINUOUS
370
50
 62
4
100
AcDbLine
 10
31.307501
 20
-2.355707
 30
0.0
 11
31.281427
 21
-2.351459
 31
0.0
  0
LINE
  5
1AAA
330
1F
100
AcDbEntity
  8
1
  6
CONTINUOUS
370
50
 62
4
100
AcDbLine
 10
21.932501
 20
0.409903
 30
0.0
 11
21.906429
 21
0.41415
 31
0.0
  0
LINE
  5
1AAB
330
1F
100
AcDbEntity
  8
1
  6
CONTINUOUS
370
50
 62
4
100
AcDbLine
 10
21.906429
 20
0.41415
 30
0.0
 11
21.880358
 21
0.418395
 31
0.0
  0
LINE
  5
1AAC
330
1F
100
AcDbEntity
  8
1
  6
CONTINUOUS
370
50
 62
4
100
AcDbLine
 10
11.9325
 20
0.497795
 30
0.0
 11
11.906572
 21
0.502016
 31
0.0
  0
LINE
  5
1AAD
330
1F
100
AcDbEntity
  8
1
  6
CONTINUOUS
370
50
 62
4
100
AcDbLine
 10
21.880358
 20
0.418395
 30
0.0
 11
21.854286
 21
0.422639
 31
0.0
  0
LINE
  5
1AAE
330
1F
100
AcDbEntity
  8
1
  6
CONTINUOUS
370
50
 62
4
100
AcDbLine
 10
21.854286
 20
0.422639
 30
0.0
 11
21.828215
 21
0.426882
 31
0.0
  0
LINE
  5
1AAF
330
1F
100
AcDbEntity
  8
1
  6
CONTINUOUS
370
50
 62
4
100
AcDbLine
 10
11.906572
 20
0.502016
 30
0.0
 11
11.880644
 21
0.506235
 31
0.0
  0
LINE
  5
1AB0
330
1F
100
AcDbEntity
  8
1
  6
CONTINUOUS
370
50
 62
4
100
AcDbLine
 10
21.828215
 20
0.426882
 30
0.0
 11
21.802143
 21
0.431124
 31
0.0
  0
LINE
  5
1AB1
330
1F
100
AcDbEntity
  8
1
  6
CONTINUOUS
370
50
 62
4
100
AcDbLine
 10
11.751
 20
0.527293
 30
0.0
 11
11.750834
 21
0.52732
 31
0.0
  0
LINE
  5
1AB2
330
1F
100
AcDbEntity
  8
1
  6
CONTINUOUS
370
50
 62
4
100
AcDbLine
 10
11.7505
 20
0.5273749999999999
 30
0.0
 11
11.750334
 21
0.5274019999999999
 31
0.0
  0
LINE
  5
1AB3
330
1F
100
AcDbEntity
  8
1
  6
CONTINUOUS
370
50
 62
4
100
AcDbLine
 10
11.880644
 20
0.506235
 30
0.0
 11
11.854715
 21
0.510452
 31
0.0
  0
LINE
  5
1AB4
330
1F
100
AcDbEntity
  8
1
  6
CONTINUOUS
370
50
 62
4
100
AcDbLine
 10
21.802143
 20
0.431124
 30
0.0
 11
21.776072
 21
0.435364
 31
0.0
  0
LINE
  5
1AB5
330
1F
100
AcDbEntity
  8
1
  6
CONTINUOUS
370
50
 62
4
100
AcDbLine
 10
21.776072
 20
0.435364
 30
0.0
 11
21.75
 21
0.439604
 31
0.0
  0
LINE
  5
1AB6
330
1F
100
AcDbEntity
  8
1
  6
CONTINUOUS
370
50
 62
4
100
AcDbLine
 10
11.854715
 20
0.510452
 30
0.0
 11
11.828787
 21
0.514668
 31
0.0
  0
LINE
  5
1AB7
330
1F
100
AcDbEntity
  8
1
  6
CONTINUOUS
370
50
 62
4
100
AcDbLine
 10
11.828787
 20
0.514668
 30
0.0
 11
11.802858
 21
0.518883
 31
0.0
  0
LINE
  5
1AB8
330
1F
100
AcDbEntity
  8
1
  6
CONTINUOUS
370
50
 62
4
100
AcDbLine
 10
11.802858
 20
0.518883
 30
0.0
 11
11.776929
 21
0.523096
 31
0.0
  0
LINE
  5
1AB9
330
1F
100
AcDbEntity
  8
1
  6
CONTINUOUS
370
50
 62
4
100
AcDbLine
 10
28.651072
 20
-2.534407
 30
0.0
 11
28.625
 21
-2.530171
 31
0.0
  0
LINE
  5
1ABA
330
1F
100
AcDbEntity
  8
1
  6
CONTINUOUS
370
50
 62
4
100
AcDbLine
 10
11.776929
 20
0.523096
 30
0.0
 11
11.751
 21
0.527307
 31
0.0
  0
LINE
  5
1ABB
330
1F
100
AcDbEntity
  8
1
  6
CONTINUOUS
370
50
 62
4
100
AcDbLine
 10
28.677141
 20
-2.538639
 30
0.0
 11
28.651072
 21
-2.534407
 31
0.0
  0
LINE
  5
1ABC
330
1F
100
AcDbEntity
  8
1
  6
CONTINUOUS
370
50
 62
4
100
AcDbLine
 10
16.802143
 20
-0.303163
 30
0.0
 11
16.776072
 21
-0.298934
 31
0.0
  0
LINE
  5
1ABD
330
1F
100
AcDbEntity
  8
1
  6
CONTINUOUS
370
50
 62
4
100
AcDbLine
 10
16.828215
 20
-0.307392
 30
0.0
 11
16.802143
 21
-0.303163
 31
0.0
  0
LINE
  5
1ABE
330
1F
100
AcDbEntity
  8
1
  6
CONTINUOUS
370
50
 62
4
100
AcDbLine
 10
16.776072
 20
-0.298934
 30
0.0
 11
16.75
 21
-0.294705
 31
0.0
  0
LINE
  5
1ABF
330
1F
100
AcDbEntity
  8
1
  6
CONTINUOUS
370
50
 62
4
100
AcDbLine
 10
28.703213
 20
-2.542867
 30
0.0
 11
28.677141
 21
-2.538639
 31
0.0
  0
LINE
  5
1AC0
330
1F
100
AcDbEntity
  8
1
  6
CONTINUOUS
370
50
 62
4
100
AcDbLine
 10
16.854286
 20
-0.311619
 30
0.0
 11
16.828215
 21
-0.307392
 31
0.0
  0
LINE
  5
1AC1
330
1F
100
AcDbEntity
  8
1
  6
CONTINUOUS
370
50
 62
4
100
AcDbLine
 10
16.906429
 20
-0.320071
 30
0.0
 11
16.880358
 21
-0.315845
 31
0.0
  0
LINE
  5
1AC2
330
1F
100
AcDbEntity
  8
1
  6
CONTINUOUS
370
50
 62
4
100
AcDbLine
 10
16.880358
 20
-0.315845
 30
0.0
 11
16.854286
 21
-0.311619
 31
0.0
  0
LINE
  5
1AC3
330
1F
100
AcDbEntity
  8
1
  6
CONTINUOUS
370
50
 62
4
100
AcDbLine
 10
16.932501
 20
-0.324296
 30
0.0
 11
16.906429
 21
-0.320071
 31
0.0
  0
LINE
  5
1AC4
330
1F
100
AcDbEntity
  8
1
  6
CONTINUOUS
370
50
 62
4
100
AcDbLine
 10
28.729284
 20
-2.547091
 30
0.0
 11
28.703213
 21
-2.542867
 31
0.0
  0
LINE
  5
1AC5
330
1F
100
AcDbEntity
  8
1
  6
CONTINUOUS
370
50
 62
4
100
AcDbLine
 10
28.755356
 20
-2.551311
 30
0.0
 11
28.729284
 21
-2.547091
 31
0.0
  0
LINE
  5
1AC6
330
1F
100
AcDbEntity
  8
1
  6
CONTINUOUS
370
50
 62
4
100
AcDbLine
 10
28.781427
 20
-2.555527
 30
0.0
 11
28.755356
 21
-2.551311
 31
0.0
  0
LINE
  5
1AC7
330
1F
100
AcDbEntity
  8
1
  6
CONTINUOUS
370
50
 62
4
100
AcDbLine
 10
11.750667
 20
0.5273479999999999
 30
0.0
 11
11.7505
 21
0.5273749999999999
 31
0.0
  0
LINE
  5
1AC8
330
1F
100
AcDbEntity
  8
1
  6
CONTINUOUS
370
50
 62
4
100
AcDbLine
 10
11.750334
 20
0.5274019999999999
 30
0.0
 11
11.75
 21
0.5274559999999999
 31
0.0
  0
LINE
  5
1AC9
330
1F
100
AcDbEntity
  8
1
  6
CONTINUOUS
370
50
 62
4
100
AcDbLine
 10
28.807501
 20
-2.55974
 30
0.0
 11
28.781427
 21
-2.555527
 31
0.0
  0
LINE
  5
1ACA
330
1F
100
AcDbEntity
  8
1
  6
CONTINUOUS
370
50
 62
4
100
AcDbLine
 10
27.739449
 20
3.684295
 30
0.0
 11
27.689623
 21
3.692328
 31
0.0
  0
LINE
  5
1ACB
330
1F
100
AcDbEntity
  8
1
  6
CONTINUOUS
370
50
 62
4
100
AcDbLine
 10
18.026072
 20
-0.500777
 30
0.0
 11
18.0
 21
-0.496585
 31
0.0
  0
LINE
  5
1ACC
330
1F
100
AcDbEntity
  8
1
  6
CONTINUOUS
370
50
 62
4
100
AcDbLine
 10
18.052143
 20
-0.5049669999999999
 30
0.0
 11
18.026072
 21
-0.500777
 31
0.0
  0
LINE
  5
1ACD
330
1F
100
AcDbEntity
  8
1
  6
CONTINUOUS
370
50
 62
4
100
AcDbLine
 10
18.078215
 20
-0.509157
 30
0.0
 11
18.052143
 21
-0.5049669999999999
 31
0.0
  0
LINE
  5
1ACE
330
1F
100
AcDbEntity
  8
1
  6
CONTINUOUS
370
50
 62
4
100
AcDbLine
 10
18.104286
 20
-0.513346
 30
0.0
 11
18.078215
 21
-0.509157
 31
0.0
  0
LINE
  5
1ACF
330
1F
100
AcDbEntity
  8
1
  6
CONTINUOUS
370
50
 62
4
100
AcDbLine
 10
18.130358
 20
-0.517535
 30
0.0
 11
18.104286
 21
-0.513346
 31
0.0
  0
LINE
  5
1AD0
330
1F
100
AcDbEntity
  8
1
  6
CONTINUOUS
370
50
 62
4
100
AcDbLine
 10
20.682501
 20
0.612111
 30
0.0
 11
20.656429
 21
0.6162989999999999
 31
0.0
  0
LINE
  5
1AD1
330
1F
100
AcDbEntity
  8
1
  6
CONTINUOUS
370
50
 62
4
100
AcDbLine
 10
18.156429
 20
-0.521722
 30
0.0
 11
18.130358
 21
-0.517535
 31
0.0
  0
LINE
  5
1AD2
330
1F
100
AcDbEntity
  8
1
  6
CONTINUOUS
370
50
 62
4
100
AcDbLine
 10
18.182501
 20
-0.525909
 30
0.0
 11
18.156429
 21
-0.521722
 31
0.0
  0
LINE
  5
1AD3
330
1F
100
AcDbEntity
  8
1
  6
CONTINUOUS
370
50
 62
4
100
AcDbLine
 10
20.656429
 20
0.6162989999999999
 30
0.0
 11
20.630358
 21
0.620485
 31
0.0
  0
LINE
  5
1AD4
330
1F
100
AcDbEntity
  8
1
  6
CONTINUOUS
370
50
 62
4
100
AcDbLine
 10
20.630358
 20
0.620485
 30
0.0
 11
20.604286
 21
0.624671
 31
0.0
  0
LINE
  5
1AD5
330
1F
100
AcDbEntity
  8
1
  6
CONTINUOUS
370
50
 62
4
100
AcDbLine
 10
20.604286
 20
0.624671
 30
0.0
 11
20.578215
 21
0.6288549999999999
 31
0.0
  0
LINE
  5
1AD6
330
1F
100
AcDbEntity
  8
1
  6
CONTINUOUS
370
50
 62
4
100
AcDbLine
 10
32.992661
 20
3.143025
 30
0.0
 11
32.985332
 21
3.144201
 31
0.0
  0
LINE
  5
1AD7
330
1F
100
AcDbEntity
  8
1
  6
CONTINUOUS
370
50
 62
4
100
AcDbLine
 10
20.578215
 20
0.6288549999999999
 30
0.0
 11
20.552143
 21
0.633038
 31
0.0
  0
LINE
  5
1AD8
330
1F
100
AcDbEntity
  8
1
  6
CONTINUOUS
370
50
 62
4
100
AcDbLine
 10
20.552143
 20
0.633038
 30
0.0
 11
20.526072
 21
0.63722
 31
0.0
  0
LINE
  5
1AD9
330
1F
100
AcDbEntity
  8
1
  6
CONTINUOUS
370
50
 62
4
100
AcDbLine
 10
20.526072
 20
0.63722
 30
0.0
 11
20.5
 21
0.641401
 31
0.0
  0
LINE
  5
1ADA
330
1F
100
AcDbEntity
  8
1
  6
CONTINUOUS
370
50
 62
4
100
AcDbLine
 10
28.026072
 20
-0.596576
 30
0.0
 11
28.0
 21
-0.592399
 31
0.0
  0
LINE
  5
1ADB
330
1F
100
AcDbEntity
  8
1
  6
CONTINUOUS
370
50
 62
4
100
AcDbLine
 10
28.052141
 20
-0.600752
 30
0.0
 11
28.026072
 21
-0.596576
 31
0.0
  0
LINE
  5
1ADC
330
1F
100
AcDbEntity
  8
1
  6
CONTINUOUS
370
50
 62
4
100
AcDbLine
 10
4.653353
 20
-4.961679999999999
 30
0.0
 11
4.610198
 21
-4.954768
 31
0.0
  0
LINE
  5
1ADD
330
1F
100
AcDbEntity
  8
1
  6
CONTINUOUS
370
50
 62
4
100
AcDbLine
 10
28.078213
 20
-0.6049249999999999
 30
0.0
 11
28.052141
 21
-0.600752
 31
0.0
  0
LINE
  5
1ADE
330
1F
100
AcDbEntity
  8
1
  6
CONTINUOUS
370
50
 62
4
100
AcDbLine
 10
28.104284
 20
-0.609097
 30
0.0
 11
28.078213
 21
-0.6049249999999999
 31
0.0
  0
LINE
  5
1ADF
330
1F
100
AcDbEntity
  8
1
  6
CONTINUOUS
370
50
 62
4
100
AcDbLine
 10
32.557499
 20
2.436216
 30
0.0
 11
32.531429
 21
2.440386
 31
0.0
  0
LINE
  5
1AE0
330
1F
100
AcDbEntity
  8
1
  6
CONTINUOUS
370
50
 62
4
100
AcDbLine
 10
28.130356
 20
-0.613267
 30
0.0
 11
28.104284
 21
-0.609097
 31
0.0
  0
LINE
  5
1AE1
330
1F
100
AcDbEntity
  8
1
  6
CONTINUOUS
370
50
 62
4
100
AcDbLine
 10
28.156427
 20
-0.617435
 30
0.0
 11
28.130356
 21
-0.613267
 31
0.0
  0
LINE
  5
1AE2
330
1F
100
AcDbEntity
  8
1
  6
CONTINUOUS
370
50
 62
4
100
AcDbLine
 10
32.531429
 20
2.440386
 30
0.0
 11
32.505356
 21
2.444553
 31
0.0
  0
LINE
  5
1AE3
330
1F
100
AcDbEntity
  8
1
  6
CONTINUOUS
370
50
 62
4
100
AcDbLine
 10
28.182501
 20
-0.621601
 30
0.0
 11
28.156427
 21
-0.617435
 31
0.0
  0
LINE
  5
1AE4
330
1F
100
AcDbEntity
  8
1
  6
CONTINUOUS
370
50
 62
4
100
AcDbLine
 10
32.505356
 20
2.444553
 30
0.0
 11
32.479286
 21
2.448718
 31
0.0
  0
LINE
  5
1AE5
330
1F
100
AcDbEntity
  8
1
  6
CONTINUOUS
370
50
 62
4
100
AcDbLine
 10
32.479286
 20
2.448718
 30
0.0
 11
32.453213
 21
2.452881
 31
0.0
  0
LINE
  5
1AE6
330
1F
100
AcDbEntity
  8
1
  6
CONTINUOUS
370
50
 62
4
100
AcDbLine
 10
32.453213
 20
2.452881
 30
0.0
 11
32.427143
 21
2.457042
 31
0.0
  0
LINE
  5
1AE7
330
1F
100
AcDbEntity
  8
1
  6
CONTINUOUS
370
50
 62
4
100
AcDbLine
 10
32.427143
 20
2.457042
 30
0.0
 11
32.40107
 21
2.461201
 31
0.0
  0
LINE
  5
1AE8
330
1F
100
AcDbEntity
  8
1
  6
CONTINUOUS
370
50
 62
4
100
AcDbLine
 10
15.370275
 20
-0.072007
 30
0.0
 11
15.305433
 21
-0.061665
 31
0.0
  0
LINE
  5
1AE9
330
1F
100
AcDbEntity
  8
1
  6
CONTINUOUS
370
50
 62
4
100
AcDbLine
 10
32.40107
 20
2.461201
 30
0.0
 11
32.375
 21
2.465358
 31
0.0
  0
LINE
  5
1AEA
330
1F
100
AcDbEntity
  8
1
  6
CONTINUOUS
370
50
 62
4
100
AcDbLine
 10
19.276072
 20
-0.700881
 30
0.0
 11
19.25
 21
-0.696724
 31
0.0
  0
LINE
  5
1AEB
330
1F
100
AcDbEntity
  8
1
  6
CONTINUOUS
370
50
 62
4
100
AcDbLine
 10
19.354286
 20
-0.713349
 30
0.0
 11
19.328215
 21
-0.709193
 31
0.0
  0
LINE
  5
1AEC
330
1F
100
AcDbEntity
  8
1
  6
CONTINUOUS
370
50
 62
4
100
AcDbLine
 10
19.302143
 20
-0.7050369999999999
 30
0.0
 11
19.276072
 21
-0.700881
 31
0.0
  0
LINE
  5
1AED
330
1F
100
AcDbEntity
  8
1
  6
CONTINUOUS
370
50
 62
4
100
AcDbLine
 10
19.328215
 20
-0.709193
 30
0.0
 11
19.302143
 21
-0.7050369999999999
 31
0.0
  0
LINE
  5
1AEE
330
1F
100
AcDbEntity
  8
1
  6
CONTINUOUS
370
50
 62
4
100
AcDbLine
 10
19.406429
 20
-0.721657
 30
0.0
 11
19.380358
 21
-0.717503
 31
0.0
  0
LINE
  5
1AEF
330
1F
100
AcDbEntity
  8
1
  6
CONTINUOUS
370
50
 62
4
100
AcDbLine
 10
19.380358
 20
-0.717503
 30
0.0
 11
19.354286
 21
-0.713349
 31
0.0
  0
LINE
  5
1AF0
330
1F
100
AcDbEntity
  8
1
  6
CONTINUOUS
370
50
 62
4
100
AcDbLine
 10
36.307499
 20
2.451185
 30
0.0
 11
36.279953
 21
2.455573
 31
0.0
  0
LINE
  5
1AF1
330
1F
100
AcDbEntity
  8
1
  6
CONTINUOUS
370
50
 62
4
100
AcDbLine
 10
19.432501
 20
-0.72581
 30
0.0
 11
19.406429
 21
-0.721657
 31
0.0
  0
LINE
  5
1AF2
330
1F
100
AcDbEntity
  8
1
  6
CONTINUOUS
370
50
 62
4
100
AcDbLine
 10
36.279953
 20
2.455573
 30
0.0
 11
36.252861
 21
2.45988
 31
0.0
  0
LINE
  5
1AF3
330
1F
100
AcDbEntity
  8
1
  6
CONTINUOUS
370
50
 62
4
100
AcDbLine
 10
36.252861
 20
2.45988
 30
0.0
 11
36.226246
 21
2.464103
 31
0.0
  0
LINE
  5
1AF4
330
1F
100
AcDbEntity
  8
1
  6
CONTINUOUS
370
50
 62
4
100
AcDbLine
 10
19.432501
 20
0.8116019999999999
 30
0.0
 11
19.406429
 21
0.815736
 31
0.0
  0
LINE
  5
1AF5
330
1F
100
AcDbEntity
  8
1
  6
CONTINUOUS
370
50
 62
4
100
AcDbLine
 10
19.406429
 20
0.815736
 30
0.0
 11
19.380358
 21
0.8198679999999999
 31
0.0
  0
LINE
  5
1AF6
330
1F
100
AcDbEntity
  8
1
  6
CONTINUOUS
370
50
 62
4
100
AcDbLine
 10
19.354286
 20
0.8239989999999999
 30
0.0
 11
19.328215
 21
0.8281299999999999
 31
0.0
  0
LINE
  5
1AF7
330
1F
100
AcDbEntity
  8
1
  6
CONTINUOUS
370
50
 62
4
100
AcDbLine
 10
19.380358
 20
0.8198679999999999
 30
0.0
 11
19.354286
 21
0.8239989999999999
 31
0.0
  0
LINE
  5
1AF8
330
1F
100
AcDbEntity
  8
1
  6
CONTINUOUS
370
50
 62
4
100
AcDbLine
 10
36.226246
 20
2.464103
 30
0.0
 11
36.20013
 21
2.468239
 31
0.0
  0
LINE
  5
1AF9
330
1F
100
AcDbEntity
  8
1
  6
CONTINUOUS
370
50
 62
4
100
AcDbLine
 10
19.328215
 20
0.8281299999999999
 30
0.0
 11
19.302143
 21
0.832259
 31
0.0
  0
LINE
  5
1AFA
330
1F
100
AcDbEntity
  8
1
  6
CONTINUOUS
370
50
 62
4
100
AcDbLine
 10
19.302143
 20
0.832259
 30
0.0
 11
19.276072
 21
0.836387
 31
0.0
  0
LINE
  5
1AFB
330
1F
100
AcDbEntity
  8
1
  6
CONTINUOUS
370
50
 62
4
100
AcDbLine
 10
20.526072
 20
-0.8994489999999999
 30
0.0
 11
20.5
 21
-0.895322
 31
0.0
  0
LINE
  5
1AFC
330
1F
100
AcDbEntity
  8
1
  6
CONTINUOUS
370
50
 62
4
100
AcDbLine
 10
19.276072
 20
0.836387
 30
0.0
 11
19.25
 21
0.840514
 31
0.0
  0
LINE
  5
1AFD
330
1F
100
AcDbEntity
  8
1
  6
CONTINUOUS
370
50
 62
4
100
AcDbLine
 10
20.604286
 20
-0.9118269999999999
 30
0.0
 11
20.578215
 21
-0.907701
 31
0.0
  0
LINE
  5
1AFE
330
1F
100
AcDbEntity
  8
1
  6
CONTINUOUS
370
50
 62
4
100
AcDbLine
 10
20.552143
 20
-0.9035749999999999
 30
0.0
 11
20.526072
 21
-0.8994489999999999
 31
0.0
  0
LINE
  5
1AFF
330
1F
100
AcDbEntity
  8
1
  6
CONTINUOUS
370
50
 62
4
100
AcDbLine
 10
20.578215
 20
-0.907701
 30
0.0
 11
20.552143
 21
-0.9035749999999999
 31
0.0
  0
LINE
  5
1B00
330
1F
100
AcDbEntity
  8
1
  6
CONTINUOUS
370
50
 62
4
100
AcDbLine
 10
36.20013
 20
2.468239
 30
0.0
 11
36.174534
 21
2.472288
 31
0.0
  0
LINE
  5
1B01
330
1F
100
AcDbEntity
  8
1
  6
CONTINUOUS
370
50
 62
4
100
AcDbLine
 10
20.656429
 20
-0.920075
 30
0.0
 11
20.630358
 21
-0.915951
 31
0.0
  0
LINE
  5
1B02
330
1F
100
AcDbEntity
  8
1
  6
CONTINUOUS
370
50
 62
4
100
AcDbLine
 10
20.682501
 20
-0.924199
 30
0.0
 11
20.656429
 21
-0.920075
 31
0.0
  0
LINE
  5
1B03
330
1F
100
AcDbEntity
  8
1
  6
CONTINUOUS
370
50
 62
4
100
AcDbLine
 10
20.630358
 20
-0.915951
 30
0.0
 11
20.604286
 21
-0.9118269999999999
 31
0.0
  0
LINE
  5
1B04
330
1F
100
AcDbEntity
  8
1
  6
CONTINUOUS
370
50
 62
4
100
AcDbLine
 10
36.174534
 20
2.472288
 30
0.0
 11
36.149483
 21
2.476246
 31
0.0
  0
LINE
  5
1B05
330
1F
100
AcDbEntity
  8
1
  6
CONTINUOUS
370
50
 62
4
100
AcDbLine
 10
36.149483
 20
2.476246
 30
0.0
 11
36.125
 21
2.480112
 31
0.0
  0
LINE
  5
1B06
330
1F
100
AcDbEntity
  8
1
  6
CONTINUOUS
370
50
 62
4
100
AcDbLine
 10
32.40107
 20
-2.531008
 30
0.0
 11
32.375
 21
-2.526895
 31
0.0
  0
LINE
  5
1B07
330
1F
100
AcDbEntity
  8
1
  6
CONTINUOUS
370
50
 62
4
100
AcDbLine
 10
32.427143
 20
-2.535119
 30
0.0
 11
32.40107
 21
-2.531008
 31
0.0
  0
LINE
  5
1B08
330
1F
100
AcDbEntity
  8
1
  6
CONTINUOUS
370
50
 62
4
100
AcDbLine
 10
32.453213
 20
-2.539227
 30
0.0
 11
32.427143
 21
-2.535119
 31
0.0
  0
LINE
  5
1B09
330
1F
100
AcDbEntity
  8
1
  6
CONTINUOUS
370
50
 62
4
100
AcDbLine
 10
32.479286
 20
-2.543331
 30
0.0
 11
32.453213
 21
-2.539227
 31
0.0
  0
LINE
  5
1B0A
330
1F
100
AcDbEntity
  8
1
  6
CONTINUOUS
370
50
 62
4
100
AcDbLine
 10
32.505356
 20
-2.547432
 30
0.0
 11
32.479286
 21
-2.543331
 31
0.0
  0
LINE
  5
1B0B
330
1F
100
AcDbEntity
  8
1
  6
CONTINUOUS
370
50
 62
4
100
AcDbLine
 10
21.802143
 20
-1.100753
 30
0.0
 11
21.776072
 21
-1.096653
 31
0.0
  0
LINE
  5
1B0C
330
1F
100
AcDbEntity
  8
1
  6
CONTINUOUS
370
50
 62
4
100
AcDbLine
 10
21.776072
 20
-1.096653
 30
0.0
 11
21.75
 21
-1.092553
 31
0.0
  0
LINE
  5
1B0D
330
1F
100
AcDbEntity
  8
1
  6
CONTINUOUS
370
50
 62
4
100
AcDbLine
 10
21.828215
 20
-1.104852
 30
0.0
 11
21.802143
 21
-1.100753
 31
0.0
  0
LINE
  5
1B0E
330
1F
100
AcDbEntity
  8
1
  6
CONTINUOUS
370
50
 62
4
100
AcDbLine
 10
21.854286
 20
-1.10895
 30
0.0
 11
21.828215
 21
-1.104852
 31
0.0
  0
LINE
  5
1B0F
330
1F
100
AcDbEntity
  8
1
  6
CONTINUOUS
370
50
 62
4
100
AcDbLine
 10
21.880358
 20
-1.113048
 30
0.0
 11
21.854286
 21
-1.10895
 31
0.0
  0
LINE
  5
1B10
330
1F
100
AcDbEntity
  8
1
  6
CONTINUOUS
370
50
 62
4
100
AcDbLine
 10
32.531429
 20
-2.55153
 30
0.0
 11
32.505356
 21
-2.547432
 31
0.0
  0
LINE
  5
1B11
330
1F
100
AcDbEntity
  8
1
  6
CONTINUOUS
370
50
 62
4
100
AcDbLine
 10
14.748635
 20
0.040846
 30
0.0
 11
14.685433
 21
0.050779
 31
0.0
  0
LINE
  5
1B12
330
1F
100
AcDbEntity
  8
1
  6
CONTINUOUS
370
50
 62
4
100
AcDbLine
 10
21.906429
 20
-1.117145
 30
0.0
 11
21.880358
 21
-1.113048
 31
0.0
  0
LINE
  5
1B13
330
1F
100
AcDbEntity
  8
1
  6
CONTINUOUS
370
50
 62
4
100
AcDbLine
 10
21.932501
 20
-1.121242
 30
0.0
 11
21.906429
 21
-1.117145
 31
0.0
  0
LINE
  5
1B14
330
1F
100
AcDbEntity
  8
1
  6
CONTINUOUS
370
50
 62
4
100
AcDbLine
 10
32.557499
 20
-2.555625
 30
0.0
 11
32.531429
 21
-2.55153
 31
0.0
  0
LINE
  5
1B15
330
1F
100
AcDbEntity
  8
1
  6
CONTINUOUS
370
50
 62
4
100
AcDbLine
 10
29.276072
 20
-0.794597
 30
0.0
 11
29.25
 21
-0.790512
 31
0.0
  0
LINE
  5
1B16
330
1F
100
AcDbEntity
  8
1
  6
CONTINUOUS
370
50
 62
4
100
AcDbLine
 10
18.156429
 20
1.012696
 30
0.0
 11
18.130358
 21
1.01678
 31
0.0
  0
LINE
  5
1B17
330
1F
100
AcDbEntity
  8
1
  6
CONTINUOUS
370
50
 62
4
100
AcDbLine
 10
18.182501
 20
1.008612
 30
0.0
 11
18.156429
 21
1.012696
 31
0.0
  0
LINE
  5
1B18
330
1F
100
AcDbEntity
  8
1
  6
CONTINUOUS
370
50
 62
4
100
AcDbLine
 10
29.302141
 20
-0.79868
 30
0.0
 11
29.276072
 21
-0.794597
 31
0.0
  0
LINE
  5
1B19
330
1F
100
AcDbEntity
  8
1
  6
CONTINUOUS
370
50
 62
4
100
AcDbLine
 10
18.130358
 20
1.01678
 30
0.0
 11
18.104286
 21
1.020862
 31
0.0
  0
LINE
  5
1B1A
330
1F
100
AcDbEntity
  8
1
  6
CONTINUOUS
370
50
 62
4
100
AcDbLine
 10
18.104286
 20
1.020862
 30
0.0
 11
18.078215
 21
1.024943
 31
0.0
  0
LINE
  5
1B1B
330
1F
100
AcDbEntity
  8
1
  6
CONTINUOUS
370
50
 62
4
100
AcDbLine
 10
18.078215
 20
1.024943
 30
0.0
 11
18.052143
 21
1.029024
 31
0.0
  0
LINE
  5
1B1C
330
1F
100
AcDbEntity
  8
1
  6
CONTINUOUS
370
50
 62
4
100
AcDbLine
 10
29.328213
 20
-0.8027599999999999
 30
0.0
 11
29.302141
 21
-0.79868
 31
0.0
  0
LINE
  5
1B1D
330
1F
100
AcDbEntity
  8
1
  6
CONTINUOUS
370
50
 62
4
100
AcDbLine
 10
29.354284
 20
-0.806839
 30
0.0
 11
29.328213
 21
-0.8027599999999999
 31
0.0
  0
LINE
  5
1B1E
330
1F
100
AcDbEntity
  8
1
  6
CONTINUOUS
370
50
 62
4
100
AcDbLine
 10
18.052143
 20
1.029024
 30
0.0
 11
18.026072
 21
1.033103
 31
0.0
  0
LINE
  5
1B1F
330
1F
100
AcDbEntity
  8
1
  6
CONTINUOUS
370
50
 62
4
100
AcDbLine
 10
18.026072
 20
1.033103
 30
0.0
 11
18.0
 21
1.037182
 31
0.0
  0
LINE
  5
1B20
330
1F
100
AcDbEntity
  8
1
  6
CONTINUOUS
370
50
 62
4
100
AcDbLine
 10
29.380356
 20
-0.810916
 30
0.0
 11
29.354284
 21
-0.806839
 31
0.0
  0
LINE
  5
1B21
330
1F
100
AcDbEntity
  8
1
  6
CONTINUOUS
370
50
 62
4
100
AcDbLine
 10
23.052143
 20
-1.296687
 30
0.0
 11
23.026072
 21
-1.292612
 31
0.0
  0
LINE
  5
1B22
330
1F
100
AcDbEntity
  8
1
  6
CONTINUOUS
370
50
 62
4
100
AcDbLine
 10
29.406427
 20
-0.8149909999999999
 30
0.0
 11
29.380356
 21
-0.810916
 31
0.0
  0
LINE
  5
1B23
330
1F
100
AcDbEntity
  8
1
  6
CONTINUOUS
370
50
 62
4
100
AcDbLine
 10
23.026072
 20
-1.292612
 30
0.0
 11
23.0
 21
-1.288537
 31
0.0
  0
LINE
  5
1B24
330
1F
100
AcDbEntity
  8
1
  6
CONTINUOUS
370
50
 62
4
100
AcDbLine
 10
23.104286
 20
-1.304834
 30
0.0
 11
23.078215
 21
-1.30076
 31
0.0
  0
LINE
  5
1B25
330
1F
100
AcDbEntity
  8
1
  6
CONTINUOUS
370
50
 62
4
100
AcDbLine
 10
23.156429
 20
-1.312979
 30
0.0
 11
23.130358
 21
-1.308906
 31
0.0
  0
LINE
  5
1B26
330
1F
100
AcDbEntity
  8
1
  6
CONTINUOUS
370
50
 62
4
100
AcDbLine
 10
23.078215
 20
-1.30076
 30
0.0
 11
23.052143
 21
-1.296687
 31
0.0
  0
LINE
  5
1B27
330
1F
100
AcDbEntity
  8
1
  6
CONTINUOUS
370
50
 62
4
100
AcDbLine
 10
29.432501
 20
-0.819064
 30
0.0
 11
29.406427
 21
-0.8149909999999999
 31
0.0
  0
LINE
  5
1B28
330
1F
100
AcDbEntity
  8
1
  6
CONTINUOUS
370
50
 62
4
100
AcDbLine
 10
23.130358
 20
-1.308906
 30
0.0
 11
23.104286
 21
-1.304834
 31
0.0
  0
LINE
  5
1B29
330
1F
100
AcDbEntity
  8
1
  6
CONTINUOUS
370
50
 62
4
100
AcDbLine
 10
31.307501
 20
2.633819
 30
0.0
 11
31.281427
 21
2.637891
 31
0.0
  0
LINE
  5
1B2A
330
1F
100
AcDbEntity
  8
1
  6
CONTINUOUS
370
50
 62
4
100
AcDbLine
 10
23.182501
 20
-1.31705
 30
0.0
 11
23.156429
 21
-1.312979
 31
0.0
  0
LINE
  5
1B2B
330
1F
100
AcDbEntity
  8
1
  6
CONTINUOUS
370
50
 62
4
100
AcDbLine
 10
31.281427
 20
2.637891
 30
0.0
 11
31.255356
 21
2.64196
 31
0.0
  0
LINE
  5
1B2C
330
1F
100
AcDbEntity
  8
1
  6
CONTINUOUS
370
50
 62
4
100
AcDbLine
 10
31.255356
 20
2.64196
 30
0.0
 11
31.229284
 21
2.646027
 31
0.0
  0
LINE
  5
1B2D
330
1F
100
AcDbEntity
  8
1
  6
CONTINUOUS
370
50
 62
4
100
AcDbLine
 10
31.229284
 20
2.646027
 30
0.0
 11
31.203213
 21
2.650091
 31
0.0
  0
LINE
  5
1B2E
330
1F
100
AcDbEntity
  8
1
  6
CONTINUOUS
370
50
 62
4
100
AcDbLine
 10
31.203213
 20
2.650091
 30
0.0
 11
31.177141
 21
2.654154
 31
0.0
  0
LINE
  5
1B2F
330
1F
100
AcDbEntity
  8
1
  6
CONTINUOUS
370
50
 62
4
100
AcDbLine
 10
31.177141
 20
2.654154
 30
0.0
 11
31.151072
 21
2.658215
 31
0.0
  0
LINE
  5
1B30
330
1F
100
AcDbEntity
  8
1
  6
CONTINUOUS
370
50
 62
4
100
AcDbLine
 10
31.151072
 20
2.658215
 30
0.0
 11
31.125
 21
2.662273
 31
0.0
  0
LINE
  5
1B31
330
1F
100
AcDbEntity
  8
1
  6
CONTINUOUS
370
50
 62
4
100
AcDbLine
 10
24.276072
 20
-1.487364
 30
0.0
 11
24.25
 21
-1.483314
 31
0.0
  0
LINE
  5
1B32
330
1F
100
AcDbEntity
  8
1
  6
CONTINUOUS
370
50
 62
4
100
AcDbLine
 10
29.685114
 20
3.480048
 30
0.0
 11
29.645451
 21
3.486208
 31
0.0
  0
LINE
  5
1B33
330
1F
100
AcDbEntity
  8
1
  6
CONTINUOUS
370
50
 62
4
100
AcDbLine
 10
24.302143
 20
-1.491413
 30
0.0
 11
24.276072
 21
-1.487364
 31
0.0
  0
LINE
  5
1B34
330
1F
100
AcDbEntity
  8
1
  6
CONTINUOUS
370
50
 62
4
100
AcDbLine
 10
24.354286
 20
-1.499509
 30
0.0
 11
24.328215
 21
-1.495461
 31
0.0
  0
LINE
  5
1B35
330
1F
100
AcDbEntity
  8
1
  6
CONTINUOUS
370
50
 62
4
100
AcDbLine
 10
24.328215
 20
-1.495461
 30
0.0
 11
24.302143
 21
-1.491413
 31
0.0
  0
LINE
  5
1B36
330
1F
100
AcDbEntity
  8
1
  6
CONTINUOUS
370
50
 62
4
100
AcDbLine
 10
29.901072
 20
-2.732888
 30
0.0
 11
29.875
 21
-2.728841
 31
0.0
  0
LINE
  5
1B37
330
1F
100
AcDbEntity
  8
1
  6
CONTINUOUS
370
50
 62
4
100
AcDbLine
 10
24.380358
 20
-1.503556
 30
0.0
 11
24.354286
 21
-1.499509
 31
0.0
  0
LINE
  5
1B38
330
1F
100
AcDbEntity
  8
1
  6
CONTINUOUS
370
50
 62
4
100
AcDbLine
 10
24.406429
 20
-1.507602
 30
0.0
 11
24.380358
 21
-1.503556
 31
0.0
  0
LINE
  5
1B39
330
1F
100
AcDbEntity
  8
1
  6
CONTINUOUS
370
50
 62
4
100
AcDbLine
 10
24.432501
 20
-1.511648
 30
0.0
 11
24.406429
 21
-1.507602
 31
0.0
  0
LINE
  5
1B3A
330
1F
100
AcDbEntity
  8
1
  6
CONTINUOUS
370
50
 62
4
100
AcDbLine
 10
29.927141
 20
-2.736933
 30
0.0
 11
29.901072
 21
-2.732888
 31
0.0
  0
LINE
  5
1B3B
330
1F
100
AcDbEntity
  8
1
  6
CONTINUOUS
370
50
 62
4
100
AcDbLine
 10
29.953213
 20
-2.740973
 30
0.0
 11
29.927141
 21
-2.736933
 31
0.0
  0
LINE
  5
1B3C
330
1F
100
AcDbEntity
  8
1
  6
CONTINUOUS
370
50
 62
4
100
AcDbLine
 10
16.906429
 20
1.207404
 30
0.0
 11
16.880358
 21
1.211443
 31
0.0
  0
LINE
  5
1B3D
330
1F
100
AcDbEntity
  8
1
  6
CONTINUOUS
370
50
 62
4
100
AcDbLine
 10
16.932501
 20
1.203365
 30
0.0
 11
16.906429
 21
1.207404
 31
0.0
  0
LINE
  5
1B3E
330
1F
100
AcDbEntity
  8
1
  6
CONTINUOUS
370
50
 62
4
100
AcDbLine
 10
16.854286
 20
1.21548
 30
0.0
 11
16.828215
 21
1.219517
 31
0.0
  0
LINE
  5
1B3F
330
1F
100
AcDbEntity
  8
1
  6
CONTINUOUS
370
50
 62
4
100
AcDbLine
 10
16.880358
 20
1.211443
 30
0.0
 11
16.854286
 21
1.21548
 31
0.0
  0
LINE
  5
1B40
330
1F
100
AcDbEntity
  8
1
  6
CONTINUOUS
370
50
 62
4
100
AcDbLine
 10
29.979284
 20
-2.745009
 30
0.0
 11
29.953213
 21
-2.740973
 31
0.0
  0
LINE
  5
1B41
330
1F
100
AcDbEntity
  8
1
  6
CONTINUOUS
370
50
 62
4
100
AcDbLine
 10
16.828215
 20
1.219517
 30
0.0
 11
16.802143
 21
1.223553
 31
0.0
  0
LINE
  5
1B42
330
1F
100
AcDbEntity
  8
1
  6
CONTINUOUS
370
50
 62
4
100
AcDbLine
 10
16.802143
 20
1.223553
 30
0.0
 11
16.776072
 21
1.227588
 31
0.0
  0
LINE
  5
1B43
330
1F
100
AcDbEntity
  8
1
  6
CONTINUOUS
370
50
 62
4
100
AcDbLine
 10
16.776072
 20
1.227588
 30
0.0
 11
16.75
 21
1.231622
 31
0.0
  0
LINE
  5
1B44
330
1F
100
AcDbEntity
  8
1
  6
CONTINUOUS
370
50
 62
4
100
AcDbLine
 10
31.675114
 20
3.275904
 30
0.0
 11
31.656603
 21
3.278768
 31
0.0
  0
LINE
  5
1B45
330
1F
100
AcDbEntity
  8
1
  6
CONTINUOUS
370
50
 62
4
100
AcDbLine
 10
30.005356
 20
-2.749042
 30
0.0
 11
29.979284
 21
-2.745009
 31
0.0
  0
LINE
  5
1B46
330
1F
100
AcDbEntity
  8
1
  6
CONTINUOUS
370
50
 62
4
100
AcDbLine
 10
30.031427
 20
-2.753071
 30
0.0
 11
30.005356
 21
-2.749042
 31
0.0
  0
LINE
  5
1B47
330
1F
100
AcDbEntity
  8
1
  6
CONTINUOUS
370
50
 62
4
100
AcDbLine
 10
30.057501
 20
-2.757095
 30
0.0
 11
30.031427
 21
-2.753071
 31
0.0
  0
LINE
  5
1B48
330
1F
100
AcDbEntity
  8
1
  6
CONTINUOUS
370
50
 62
4
100
AcDbLine
 10
35.057499
 20
2.646363
 30
0.0
 11
35.031429
 21
2.650367
 31
0.0
  0
LINE
  5
1B49
330
1F
100
AcDbEntity
  8
1
  6
CONTINUOUS
370
50
 62
4
100
AcDbLine
 10
35.031429
 20
2.650367
 30
0.0
 11
35.005356
 21
2.654369
 31
0.0
  0
LINE
  5
1B4A
330
1F
100
AcDbEntity
  8
1
  6
CONTINUOUS
370
50
 62
4
100
AcDbLine
 10
35.005356
 20
2.654369
 30
0.0
 11
34.979286
 21
2.658368
 31
0.0
  0
LINE
  5
1B4B
330
1F
100
AcDbEntity
  8
1
  6
CONTINUOUS
370
50
 62
4
100
AcDbLine
 10
15.6825
 20
1.396043
 30
0.0
 11
15.656428
 21
1.400041
 31
0.0
  0
LINE
  5
1B4C
330
1F
100
AcDbEntity
  8
1
  6
CONTINUOUS
370
50
 62
4
100
AcDbLine
 10
15.656428
 20
1.400041
 30
0.0
 11
15.630357
 21
1.404038
 31
0.0
  0
LINE
  5
1B4D
330
1F
100
AcDbEntity
  8
1
  6
CONTINUOUS
370
50
 62
4
100
AcDbLine
 10
15.630357
 20
1.404038
 30
0.0
 11
15.604285
 21
1.408034
 31
0.0
  0
LINE
  5
1B4E
330
1F
100
AcDbEntity
  8
1
  6
CONTINUOUS
370
50
 62
4
100
AcDbLine
 10
34.979286
 20
2.658368
 30
0.0
 11
34.953213
 21
2.662364
 31
0.0
  0
LINE
  5
1B4F
330
1F
100
AcDbEntity
  8
1
  6
CONTINUOUS
370
50
 62
4
100
AcDbLine
 10
15.604285
 20
1.408034
 30
0.0
 11
15.578214
 21
1.412029
 31
0.0
  0
LINE
  5
1B50
330
1F
100
AcDbEntity
  8
1
  6
CONTINUOUS
370
50
 62
4
100
AcDbLine
 10
34.953213
 20
2.662364
 30
0.0
 11
34.927143
 21
2.666358
 31
0.0
  0
LINE
  5
1B51
330
1F
100
AcDbEntity
  8
1
  6
CONTINUOUS
370
50
 62
4
100
AcDbLine
 10
15.578214
 20
1.412029
 30
0.0
 11
15.552142
 21
1.416023
 31
0.0
  0
LINE
  5
1B52
330
1F
100
AcDbEntity
  8
1
  6
CONTINUOUS
370
50
 62
4
100
AcDbLine
 10
15.552142
 20
1.416023
 30
0.0
 11
15.5
 21
1.424009
 31
0.0
  0
LINE
  5
1B53
330
1F
100
AcDbEntity
  8
1
  6
CONTINUOUS
370
50
 62
4
100
AcDbLine
 10
30.526072
 20
-0.988173
 30
0.0
 11
30.5
 21
-0.984181
 31
0.0
  0
LINE
  5
1B54
330
1F
100
AcDbEntity
  8
1
  6
CONTINUOUS
370
50
 62
4
100
AcDbLine
 10
30.552141
 20
-0.9921639999999999
 30
0.0
 11
30.526072
 21
-0.988173
 31
0.0
  0
LINE
  5
1B55
330
1F
100
AcDbEntity
  8
1
  6
CONTINUOUS
370
50
 62
4
100
AcDbLine
 10
34.927143
 20
2.666358
 30
0.0
 11
34.90107
 21
2.670349
 31
0.0
  0
LINE
  5
1B56
330
1F
100
AcDbEntity
  8
1
  6
CONTINUOUS
370
50
 62
4
100
AcDbLine
 10
34.90107
 20
2.670349
 30
0.0
 11
34.875
 21
2.674337
 31
0.0
  0
LINE
  5
1B57
330
1F
100
AcDbEntity
  8
1
  6
CONTINUOUS
370
50
 62
4
100
AcDbLine
 10
30.578213
 20
-0.9961519999999999
 30
0.0
 11
30.552141
 21
-0.9921639999999999
 31
0.0
  0
LINE
  5
1B58
330
1F
100
AcDbEntity
  8
1
  6
CONTINUOUS
370
50
 62
4
100
AcDbLine
 10
30.604284
 20
-1.000139
 30
0.0
 11
30.578213
 21
-0.9961519999999999
 31
0.0
  0
LINE
  5
1B59
330
1F
100
AcDbEntity
  8
1
  6
CONTINUOUS
370
50
 62
4
100
AcDbLine
 10
30.630356
 20
-1.004123
 30
0.0
 11
30.604284
 21
-1.000139
 31
0.0
  0
LINE
  5
1B5A
330
1F
100
AcDbEntity
  8
1
  6
CONTINUOUS
370
50
 62
4
100
AcDbLine
 10
30.656427
 20
-1.008106
 30
0.0
 11
30.630356
 21
-1.004123
 31
0.0
  0
LINE
  5
1B5B
330
1F
100
AcDbEntity
  8
1
  6
CONTINUOUS
370
50
 62
4
100
AcDbLine
 10
30.682501
 20
-1.012087
 30
0.0
 11
30.656427
 21
-1.008106
 31
0.0
  0
LINE
  5
1B5C
330
1F
100
AcDbEntity
  8
1
  6
CONTINUOUS
370
50
 62
4
100
AcDbLine
 10
30.057501
 20
2.826636
 30
0.0
 11
30.031427
 21
2.830605
 31
0.0
  0
LINE
  5
1B5D
330
1F
100
AcDbEntity
  8
1
  6
CONTINUOUS
370
50
 62
4
100
AcDbLine
 10
30.031427
 20
2.830605
 30
0.0
 11
30.005356
 21
2.834572
 31
0.0
  0
LINE
  5
1B5E
330
1F
100
AcDbEntity
  8
1
  6
CONTINUOUS
370
50
 62
4
100
AcDbLine
 10
30.005356
 20
2.834572
 30
0.0
 11
29.979284
 21
2.838537
 31
0.0
  0
LINE
  5
1B5F
330
1F
100
AcDbEntity
  8
1
  6
CONTINUOUS
370
50
 62
4
100
AcDbLine
 10
33.65107
 20
-2.724537
 30
0.0
 11
33.625
 21
-2.720574
 31
0.0
  0
LINE
  5
1B60
330
1F
100
AcDbEntity
  8
1
  6
CONTINUOUS
370
50
 62
4
100
AcDbLine
 10
29.979284
 20
2.838537
 30
0.0
 11
29.953213
 21
2.8425
 31
0.0
  0
LINE
  5
1B61
330
1F
100
AcDbEntity
  8
1
  6
CONTINUOUS
370
50
 62
4
100
AcDbLine
 10
29.953213
 20
2.8425
 30
0.0
 11
29.927141
 21
2.84646
 31
0.0
  0
LINE
  5
1B62
330
1F
100
AcDbEntity
  8
1
  6
CONTINUOUS
370
50
 62
4
100
AcDbLine
 10
29.927141
 20
2.84646
 30
0.0
 11
29.901072
 21
2.850419
 31
0.0
  0
LINE
  5
1B63
330
1F
100
AcDbEntity
  8
1
  6
CONTINUOUS
370
50
 62
4
100
AcDbLine
 10
33.677143
 20
-2.728496
 30
0.0
 11
33.65107
 21
-2.724537
 31
0.0
  0
LINE
  5
1B64
330
1F
100
AcDbEntity
  8
1
  6
CONTINUOUS
370
50
 62
4
100
AcDbLine
 10
14.4325
 20
1.586763
 30
0.0
 11
14.406428
 21
1.590721
 31
0.0
  0
LINE
  5
1B65
330
1F
100
AcDbEntity
  8
1
  6
CONTINUOUS
370
50
 62
4
100
AcDbLine
 10
33.703213
 20
-2.732453
 30
0.0
 11
33.677143
 21
-2.728496
 31
0.0
  0
LINE
  5
1B66
330
1F
100
AcDbEntity
  8
1
  6
CONTINUOUS
370
50
 62
4
100
AcDbLine
 10
14.406428
 20
1.590721
 30
0.0
 11
14.354284
 21
1.598633
 31
0.0
  0
LINE
  5
1B67
330
1F
100
AcDbEntity
  8
1
  6
CONTINUOUS
370
50
 62
4
100
AcDbLine
 10
14.354284
 20
1.598633
 30
0.0
 11
14.328213
 21
1.602588
 31
0.0
  0
LINE
  5
1B68
330
1F
100
AcDbEntity
  8
1
  6
CONTINUOUS
370
50
 62
4
100
AcDbLine
 10
29.901072
 20
2.850419
 30
0.0
 11
29.875
 21
2.854374
 31
0.0
  0
LINE
  5
1B69
330
1F
100
AcDbEntity
  8
1
  6
CONTINUOUS
370
50
 62
4
100
AcDbLine
 10
14.328213
 20
1.602588
 30
0.0
 11
14.302142
 21
1.606542
 31
0.0
  0
LINE
  5
1B6A
330
1F
100
AcDbEntity
  8
1
  6
CONTINUOUS
370
50
 62
4
100
AcDbLine
 10
25.526072
 20
-1.679975
 30
0.0
 11
25.5
 21
-1.676021
 31
0.0
  0
LINE
  5
1B6B
330
1F
100
AcDbEntity
  8
1
  6
CONTINUOUS
370
50
 62
4
100
AcDbLine
 10
14.302142
 20
1.606542
 30
0.0
 11
14.276071
 21
1.610495
 31
0.0
  0
LINE
  5
1B6C
330
1F
100
AcDbEntity
  8
1
  6
CONTINUOUS
370
50
 62
4
100
AcDbLine
 10
33.729286
 20
-2.736406
 30
0.0
 11
33.703213
 21
-2.732453
 31
0.0
  0
LINE
  5
1B6D
330
1F
100
AcDbEntity
  8
1
  6
CONTINUOUS
370
50
 62
4
100
AcDbLine
 10
14.276071
 20
1.610495
 30
0.0
 11
14.25
 21
1.614447
 31
0.0
  0
LINE
  5
1B6E
330
1F
100
AcDbEntity
  8
1
  6
CONTINUOUS
370
50
 62
4
100
AcDbLine
 10
25.552141
 20
-1.683925
 30
0.0
 11
25.526072
 21
-1.679975
 31
0.0
  0
LINE
  5
1B6F
330
1F
100
AcDbEntity
  8
1
  6
CONTINUOUS
370
50
 62
4
100
AcDbLine
 10
33.755356
 20
-2.740356
 30
0.0
 11
33.729286
 21
-2.736406
 31
0.0
  0
LINE
  5
1B70
330
1F
100
AcDbEntity
  8
1
  6
CONTINUOUS
370
50
 62
4
100
AcDbLine
 10
25.578213
 20
-1.687872
 30
0.0
 11
25.552141
 21
-1.683925
 31
0.0
  0
LINE
  5
1B71
330
1F
100
AcDbEntity
  8
1
  6
CONTINUOUS
370
50
 62
4
100
AcDbLine
 10
33.781429
 20
-2.744303
 30
0.0
 11
33.755356
 21
-2.740356
 31
0.0
  0
LINE
  5
1B72
330
1F
100
AcDbEntity
  8
1
  6
CONTINUOUS
370
50
 62
4
100
AcDbLine
 10
33.807499
 20
-2.748247
 30
0.0
 11
33.781429
 21
-2.744303
 31
0.0
  0
LINE
  5
1B73
330
1F
100
AcDbEntity
  8
1
  6
CONTINUOUS
370
50
 62
4
100
AcDbLine
 10
25.604284
 20
-1.691815
 30
0.0
 11
25.578213
 21
-1.687872
 31
0.0
  0
LINE
  5
1B74
330
1F
100
AcDbEntity
  8
1
  6
CONTINUOUS
370
50
 62
4
100
AcDbLine
 10
25.630356
 20
-1.695755
 30
0.0
 11
25.604284
 21
-1.691815
 31
0.0
  0
LINE
  5
1B75
330
1F
100
AcDbEntity
  8
1
  6
CONTINUOUS
370
50
 62
4
100
AcDbLine
 10
25.656427
 20
-1.699692
 30
0.0
 11
25.630356
 21
-1.695755
 31
0.0
  0
LINE
  5
1B76
330
1F
100
AcDbEntity
  8
1
  6
CONTINUOUS
370
50
 62
4
100
AcDbLine
 10
25.682501
 20
-1.703625
 30
0.0
 11
25.656427
 21
-1.699692
 31
0.0
  0
LINE
  5
1B77
330
1F
100
AcDbEntity
  8
1
  6
CONTINUOUS
370
50
 62
4
100
AcDbLine
 10
36.932499
 20
1.427202
 30
0.0
 11
36.906433
 21
1.431116
 31
0.0
  0
LINE
  5
1B78
330
1F
100
AcDbEntity
  8
1
  6
CONTINUOUS
370
50
 62
4
100
AcDbLine
 10
15.435132
 20
-0.081745
 30
0.0
 11
15.370275
 21
-0.072007
 31
0.0
  0
LINE
  5
1B79
330
1F
100
AcDbEntity
  8
1
  6
CONTINUOUS
370
50
 62
4
100
AcDbLine
 10
36.906433
 20
1.431116
 30
0.0
 11
36.88036
 21
1.435023
 31
0.0
  0
LINE
  5
1B7A
330
1F
100
AcDbEntity
  8
1
  6
CONTINUOUS
370
50
 62
4
100
AcDbLine
 10
36.88036
 20
1.435023
 30
0.0
 11
36.85429
 21
1.438924
 31
0.0
  0
LINE
  5
1B7B
330
1F
100
AcDbEntity
  8
1
  6
CONTINUOUS
370
50
 62
4
100
AcDbLine
 10
31.776072
 20
-1.177352
 30
0.0
 11
31.75
 21
-1.173451
 31
0.0
  0
LINE
  5
1B7C
330
1F
100
AcDbEntity
  8
1
  6
CONTINUOUS
370
50
 62
4
100
AcDbLine
 10
31.802143
 20
-1.181252
 30
0.0
 11
31.776072
 21
-1.177352
 31
0.0
  0
LINE
  5
1B7D
330
1F
100
AcDbEntity
  8
1
  6
CONTINUOUS
370
50
 62
4
100
AcDbLine
 10
31.828213
 20
-1.185149
 30
0.0
 11
31.802143
 21
-1.181252
 31
0.0
  0
LINE
  5
1B7E
330
1F
100
AcDbEntity
  8
1
  6
CONTINUOUS
370
50
 62
4
100
AcDbLine
 10
31.854284
 20
-1.189045
 30
0.0
 11
31.828213
 21
-1.185149
 31
0.0
  0
LINE
  5
1B7F
330
1F
100
AcDbEntity
  8
1
  6
CONTINUOUS
370
50
 62
4
100
AcDbLine
 10
36.85429
 20
1.438924
 30
0.0
 11
36.82822
 21
1.442818
 31
0.0
  0
LINE
  5
1B80
330
1F
100
AcDbEntity
  8
1
  6
CONTINUOUS
370
50
 62
4
100
AcDbLine
 10
31.880356
 20
-1.192939
 30
0.0
 11
31.854284
 21
-1.189045
 31
0.0
  0
LINE
  5
1B81
330
1F
100
AcDbEntity
  8
1
  6
CONTINUOUS
370
50
 62
4
100
AcDbLine
 10
31.906427
 20
-1.196831
 30
0.0
 11
31.880356
 21
-1.192939
 31
0.0
  0
LINE
  5
1B82
330
1F
100
AcDbEntity
  8
1
  6
CONTINUOUS
370
50
 62
4
100
AcDbLine
 10
31.932501
 20
-1.200721
 30
0.0
 11
31.906427
 21
-1.196831
 31
0.0
  0
LINE
  5
1B83
330
1F
100
AcDbEntity
  8
1
  6
CONTINUOUS
370
50
 62
4
100
AcDbLine
 10
36.82822
 20
1.442818
 30
0.0
 11
36.802147
 21
1.446705
 31
0.0
  0
LINE
  5
1B84
330
1F
100
AcDbEntity
  8
1
  6
CONTINUOUS
370
50
 62
4
100
AcDbLine
 10
36.802147
 20
1.446705
 30
0.0
 11
36.776073
 21
1.450586
 31
0.0
  0
LINE
  5
1B85
330
1F
100
AcDbEntity
  8
1
  6
CONTINUOUS
370
50
 62
4
100
AcDbLine
 10
13.1825
 20
1.775292
 30
0.0
 11
13.156429
 21
1.779172
 31
0.0
  0
LINE
  5
1B86
330
1F
100
AcDbEntity
  8
1
  6
CONTINUOUS
370
50
 62
4
100
AcDbLine
 10
33.807499
 20
2.835354
 30
0.0
 11
33.781429
 21
2.839231
 31
0.0
  0
LINE
  5
1B87
330
1F
100
AcDbEntity
  8
1
  6
CONTINUOUS
370
50
 62
4
100
AcDbLine
 10
13.156429
 20
1.779172
 30
0.0
 11
13.130358
 21
1.783049
 31
0.0
  0
LINE
  5
1B88
330
1F
100
AcDbEntity
  8
1
  6
CONTINUOUS
370
50
 62
4
100
AcDbLine
 10
13.130358
 20
1.783049
 30
0.0
 11
13.104287
 21
1.786923
 31
0.0
  0
LINE
  5
1B89
330
1F
100
AcDbEntity
  8
1
  6
CONTINUOUS
370
50
 62
4
100
AcDbLine
 10
36.776073
 20
1.450586
 30
0.0
 11
36.75
 21
1.45446
 31
0.0
  0
LINE
  5
1B8A
330
1F
100
AcDbEntity
  8
1
  6
CONTINUOUS
370
50
 62
4
100
AcDbLine
 10
33.781429
 20
2.839231
 30
0.0
 11
33.755356
 21
2.843105
 31
0.0
  0
LINE
  5
1B8B
330
1F
100
AcDbEntity
  8
1
  6
CONTINUOUS
370
50
 62
4
100
AcDbLine
 10
33.755356
 20
2.843105
 30
0.0
 11
33.729286
 21
2.846976
 31
0.0
  0
LINE
  5
1B8C
330
1F
100
AcDbEntity
  8
1
  6
CONTINUOUS
370
50
 62
4
100
AcDbLine
 10
13.104287
 20
1.786923
 30
0.0
 11
13.078216
 21
1.790794
 31
0.0
  0
LINE
  5
1B8D
330
1F
100
AcDbEntity
  8
1
  6
CONTINUOUS
370
50
 62
4
100
AcDbLine
 10
33.729286
 20
2.846976
 30
0.0
 11
33.703213
 21
2.850845
 31
0.0
  0
LINE
  5
1B8E
330
1F
100
AcDbEntity
  8
1
  6
CONTINUOUS
370
50
 62
4
100
AcDbLine
 10
13.078216
 20
1.790794
 30
0.0
 11
13.052144
 21
1.794661
 31
0.0
  0
LINE
  5
1B8F
330
1F
100
AcDbEntity
  8
1
  6
CONTINUOUS
370
50
 62
4
100
AcDbLine
 10
33.703213
 20
2.850845
 30
0.0
 11
33.677143
 21
2.854711
 31
0.0
  0
LINE
  5
1B90
330
1F
100
AcDbEntity
  8
1
  6
CONTINUOUS
370
50
 62
4
100
AcDbLine
 10
13.052144
 20
1.794661
 30
0.0
 11
13.026072
 21
1.798525
 31
0.0
  0
LINE
  5
1B91
330
1F
100
AcDbEntity
  8
1
  6
CONTINUOUS
370
50
 62
4
100
AcDbLine
 10
14.685433
 20
0.050779
 30
0.0
 11
14.622219
 21
0.060147
 31
0.0
  0
LINE
  5
1B92
330
1F
100
AcDbEntity
  8
1
  6
CONTINUOUS
370
50
 62
4
100
AcDbLine
 10
31.151072
 20
-2.922444
 30
0.0
 11
31.125
 21
-2.918581
 31
0.0
  0
LINE
  5
1B93
330
1F
100
AcDbEntity
  8
1
  6
CONTINUOUS
370
50
 62
4
100
AcDbLine
 10
33.677143
 20
2.854711
 30
0.0
 11
33.65107
 21
2.858574
 31
0.0
  0
LINE
  5
1B94
330
1F
100
AcDbEntity
  8
1
  6
CONTINUOUS
370
50
 62
4
100
AcDbLine
 10
13.026072
 20
1.798525
 30
0.0
 11
13.0
 21
1.802387
 31
0.0
  0
LINE
  5
1B95
330
1F
100
AcDbEntity
  8
1
  6
CONTINUOUS
370
50
 62
4
100
AcDbLine
 10
28.807501
 20
3.014439
 30
0.0
 11
28.781427
 21
3.018301
 31
0.0
  0
LINE
  5
1B96
330
1F
100
AcDbEntity
  8
1
  6
CONTINUOUS
370
50
 62
4
100
AcDbLine
 10
31.177141
 20
-2.926304
 30
0.0
 11
31.151072
 21
-2.922444
 31
0.0
  0
LINE
  5
1B97
330
1F
100
AcDbEntity
  8
1
  6
CONTINUOUS
370
50
 62
4
100
AcDbLine
 10
33.65107
 20
2.858574
 30
0.0
 11
33.625
 21
2.862434
 31
0.0
  0
LINE
  5
1B98
330
1F
100
AcDbEntity
  8
1
  6
CONTINUOUS
370
50
 62
4
100
AcDbLine
 10
28.781427
 20
3.018301
 30
0.0
 11
28.755356
 21
3.02216
 31
0.0
  0
LINE
  5
1B99
330
1F
100
AcDbEntity
  8
1
  6
CONTINUOUS
370
50
 62
4
100
AcDbLine
 10
28.755356
 20
3.02216
 30
0.0
 11
28.729284
 21
3.026017
 31
0.0
  0
LINE
  5
1B9A
330
1F
100
AcDbEntity
  8
1
  6
CONTINUOUS
370
50
 62
4
100
AcDbLine
 10
31.203213
 20
-2.93016
 30
0.0
 11
31.177141
 21
-2.926304
 31
0.0
  0
LINE
  5
1B9B
330
1F
100
AcDbEntity
  8
1
  6
CONTINUOUS
370
50
 62
4
100
AcDbLine
 10
28.729284
 20
3.026017
 30
0.0
 11
28.703213
 21
3.029871
 31
0.0
  0
LINE
  5
1B9C
330
1F
100
AcDbEntity
  8
1
  6
CONTINUOUS
370
50
 62
4
100
AcDbLine
 10
28.703213
 20
3.029871
 30
0.0
 11
28.677141
 21
3.033724
 31
0.0
  0
LINE
  5
1B9D
330
1F
100
AcDbEntity
  8
1
  6
CONTINUOUS
370
50
 62
4
100
AcDbLine
 10
31.229284
 20
-2.934012
 30
0.0
 11
31.203213
 21
-2.93016
 31
0.0
  0
LINE
  5
1B9E
330
1F
100
AcDbEntity
  8
1
  6
CONTINUOUS
370
50
 62
4
100
AcDbLine
 10
28.677141
 20
3.033724
 30
0.0
 11
28.651072
 21
3.037573
 31
0.0
  0
LINE
  5
1B9F
330
1F
100
AcDbEntity
  8
1
  6
CONTINUOUS
370
50
 62
4
100
AcDbLine
 10
31.255356
 20
-2.93786
 30
0.0
 11
31.229284
 21
-2.934012
 31
0.0
  0
LINE
  5
1BA0
330
1F
100
AcDbEntity
  8
1
  6
CONTINUOUS
370
50
 62
4
100
AcDbLine
 10
28.651072
 20
3.037573
 30
0.0
 11
28.625
 21
3.041421
 31
0.0
  0
LINE
  5
1BA1
330
1F
100
AcDbEntity
  8
1
  6
CONTINUOUS
370
50
 62
4
100
AcDbLine
 10
31.281427
 20
-2.941705
 30
0.0
 11
31.255356
 21
-2.93786
 31
0.0
  0
LINE
  5
1BA2
330
1F
100
AcDbEntity
  8
1
  6
CONTINUOUS
370
50
 62
4
100
AcDbLine
 10
26.089905
 20
3.863672
 30
0.0
 11
26.081049
 21
3.864978
 31
0.0
  0
LINE
  5
1BA3
330
1F
100
AcDbEntity
  8
1
  6
CONTINUOUS
370
50
 62
4
100
AcDbLine
 10
31.307501
 20
-2.945546
 30
0.0
 11
31.281427
 21
-2.941705
 31
0.0
  0
LINE
  5
1BA4
330
1F
100
AcDbEntity
  8
1
  6
CONTINUOUS
370
50
 62
4
100
AcDbLine
 10
32.985332
 20
3.144201
 30
0.0
 11
32.978016
 21
3.145277
 31
0.0
  0
LINE
  5
1BA5
330
1F
100
AcDbEntity
  8
1
  6
CONTINUOUS
370
50
 62
4
100
AcDbLine
 10
29.044704
 20
3.54738
 30
0.0
 11
29.004963
 21
3.553207
 31
0.0
  0
LINE
  5
1BA6
330
1F
100
AcDbEntity
  8
1
  6
CONTINUOUS
370
50
 62
4
100
AcDbLine
 10
34.90107
 20
-2.910876
 30
0.0
 11
34.875
 21
-2.907062
 31
0.0
  0
LINE
  5
1BA7
330
1F
100
AcDbEntity
  8
1
  6
CONTINUOUS
370
50
 62
4
100
AcDbLine
 10
33.02607
 20
-1.362217
 30
0.0
 11
33.0
 21
-1.358405
 31
0.0
  0
LINE
  5
1BA8
330
1F
100
AcDbEntity
  8
1
  6
CONTINUOUS
370
50
 62
4
100
AcDbLine
 10
34.927143
 20
-2.914687
 30
0.0
 11
34.90107
 21
-2.910876
 31
0.0
  0
LINE
  5
1BA9
330
1F
100
AcDbEntity
  8
1
  6
CONTINUOUS
370
50
 62
4
100
AcDbLine
 10
33.052143
 20
-1.366027
 30
0.0
 11
33.02607
 21
-1.362217
 31
0.0
  0
LINE
  5
1BAA
330
1F
100
AcDbEntity
  8
1
  6
CONTINUOUS
370
50
 62
4
100
AcDbLine
 10
33.078213
 20
-1.369836
 30
0.0
 11
33.052143
 21
-1.366027
 31
0.0
  0
LINE
  5
1BAB
330
1F
100
AcDbEntity
  8
1
  6
CONTINUOUS
370
50
 62
4
100
AcDbLine
 10
34.953213
 20
-2.918494
 30
0.0
 11
34.927143
 21
-2.914687
 31
0.0
  0
LINE
  5
1BAC
330
1F
100
AcDbEntity
  8
1
  6
CONTINUOUS
370
50
 62
4
100
AcDbLine
 10
33.104286
 20
-1.373643
 30
0.0
 11
33.078213
 21
-1.369836
 31
0.0
  0
LINE
  5
1BAD
330
1F
100
AcDbEntity
  8
1
  6
CONTINUOUS
370
50
 62
4
100
AcDbLine
 10
33.130356
 20
-1.377448
 30
0.0
 11
33.104286
 21
-1.373643
 31
0.0
  0
LINE
  5
1BAE
330
1F
100
AcDbEntity
  8
1
  6
CONTINUOUS
370
50
 62
4
100
AcDbLine
 10
34.979286
 20
-2.922299
 30
0.0
 11
34.953213
 21
-2.918494
 31
0.0
  0
LINE
  5
1BAF
330
1F
100
AcDbEntity
  8
1
  6
CONTINUOUS
370
50
 62
4
100
AcDbLine
 10
33.156429
 20
-1.381251
 30
0.0
 11
33.130356
 21
-1.377448
 31
0.0
  0
LINE
  5
1BB0
330
1F
100
AcDbEntity
  8
1
  6
CONTINUOUS
370
50
 62
4
100
AcDbLine
 10
33.182499
 20
-1.385053
 30
0.0
 11
33.156429
 21
-1.381251
 31
0.0
  0
LINE
  5
1BB1
330
1F
100
AcDbEntity
  8
1
  6
CONTINUOUS
370
50
 62
4
100
AcDbLine
 10
35.005356
 20
-2.9261
 30
0.0
 11
34.979286
 21
-2.922299
 31
0.0
  0
LINE
  5
1BB2
330
1F
100
AcDbEntity
  8
1
  6
CONTINUOUS
370
50
 62
4
100
AcDbLine
 10
35.031429
 20
-2.929899
 30
0.0
 11
35.005356
 21
-2.9261
 31
0.0
  0
LINE
  5
1BB3
330
1F
100
AcDbEntity
  8
1
  6
CONTINUOUS
370
50
 62
4
100
AcDbLine
 10
35.057499
 20
-2.933694
 30
0.0
 11
35.031429
 21
-2.929899
 31
0.0
  0
LINE
  5
1BB4
330
1F
100
AcDbEntity
  8
1
  6
CONTINUOUS
370
50
 62
4
100
AcDbLine
 10
26.776072
 20
-1.865554
 30
0.0
 11
26.75
 21
-1.861763
 31
0.0
  0
LINE
  5
1BB5
330
1F
100
AcDbEntity
  8
1
  6
CONTINUOUS
370
50
 62
4
100
AcDbLine
 10
26.802141
 20
-1.869341
 30
0.0
 11
26.776072
 21
-1.865554
 31
0.0
  0
LINE
  5
1BB6
330
1F
100
AcDbEntity
  8
1
  6
CONTINUOUS
370
50
 62
4
100
AcDbLine
 10
26.828213
 20
-1.873126
 30
0.0
 11
26.802141
 21
-1.869341
 31
0.0
  0
LINE
  5
1BB7
330
1F
100
AcDbEntity
  8
1
  6
CONTINUOUS
370
50
 62
4
100
AcDbLine
 10
26.854284
 20
-1.876907
 30
0.0
 11
26.828213
 21
-1.873126
 31
0.0
  0
LINE
  5
1BB8
330
1F
100
AcDbEntity
  8
1
  6
CONTINUOUS
370
50
 62
4
100
AcDbLine
 10
26.880356
 20
-1.880684
 30
0.0
 11
26.854284
 21
-1.876907
 31
0.0
  0
LINE
  5
1BB9
330
1F
100
AcDbEntity
  8
1
  6
CONTINUOUS
370
50
 62
4
100
AcDbLine
 10
26.906427
 20
-1.884459
 30
0.0
 11
26.880356
 21
-1.880684
 31
0.0
  0
LINE
  5
1BBA
330
1F
100
AcDbEntity
  8
1
  6
CONTINUOUS
370
50
 62
4
100
AcDbLine
 10
28.48411
 20
3.606916
 30
0.0
 11
28.454981
 21
3.611131
 31
0.0
  0
LINE
  5
1BBB
330
1F
100
AcDbEntity
  8
1
  6
CONTINUOUS
370
50
 62
4
100
AcDbLine
 10
26.932501
 20
-1.888229
 30
0.0
 11
26.906427
 21
-1.884459
 31
0.0
  0
LINE
  5
1BBC
330
1F
100
AcDbEntity
  8
1
  6
CONTINUOUS
370
50
 62
4
100
AcDbLine
 10
11.751
 20
1.98363
 30
0.0
 11
11.750834
 21
1.983654
 31
0.0
  0
LINE
  5
1BBD
330
1F
100
AcDbEntity
  8
1
  6
CONTINUOUS
370
50
 62
4
100
AcDbLine
 10
11.7505
 20
1.983701
 30
0.0
 11
11.750334
 21
1.983725
 31
0.0
  0
LINE
  5
1BBE
330
1F
100
AcDbEntity
  8
1
  6
CONTINUOUS
370
50
 62
4
100
AcDbLine
 10
32.557499
 20
3.018212
 30
0.0
 11
32.531429
 21
3.02196
 31
0.0
  0
LINE
  5
1BBF
330
1F
100
AcDbEntity
  8
1
  6
CONTINUOUS
370
50
 62
4
100
AcDbLine
 10
11.750667
 20
1.983677
 30
0.0
 11
11.7505
 21
1.983701
 31
0.0
  0
LINE
  5
1BC0
330
1F
100
AcDbEntity
  8
1
  6
CONTINUOUS
370
50
 62
4
100
AcDbLine
 10
11.750167
 20
1.983748
 30
0.0
 11
11.75
 21
1.983772
 31
0.0
  0
LINE
  5
1BC1
330
1F
100
AcDbEntity
  8
1
  6
CONTINUOUS
370
50
 62
4
100
AcDbLine
 10
32.531429
 20
3.02196
 30
0.0
 11
32.505356
 21
3.025706
 31
0.0
  0
LINE
  5
1BC2
330
1F
100
AcDbEntity
  8
1
  6
CONTINUOUS
370
50
 62
4
100
AcDbLine
 10
27.557501
 20
3.196897
 30
0.0
 11
27.531427
 21
3.200642
 31
0.0
  0
LINE
  5
1BC3
330
1F
100
AcDbEntity
  8
1
  6
CONTINUOUS
370
50
 62
4
100
AcDbLine
 10
27.531427
 20
3.200642
 30
0.0
 11
27.505356
 21
3.204385
 31
0.0
  0
LINE
  5
1BC4
330
1F
100
AcDbEntity
  8
1
  6
CONTINUOUS
370
50
 62
4
100
AcDbLine
 10
32.505356
 20
3.025706
 30
0.0
 11
32.479286
 21
3.029448
 31
0.0
  0
LINE
  5
1BC5
330
1F
100
AcDbEntity
  8
1
  6
CONTINUOUS
370
50
 62
4
100
AcDbLine
 10
27.505356
 20
3.204385
 30
0.0
 11
27.479284
 21
3.208126
 31
0.0
  0
LINE
  5
1BC6
330
1F
100
AcDbEntity
  8
1
  6
CONTINUOUS
370
50
 62
4
100
AcDbLine
 10
32.479286
 20
3.029448
 30
0.0
 11
32.453213
 21
3.033189
 31
0.0
  0
LINE
  5
1BC7
330
1F
100
AcDbEntity
  8
1
  6
CONTINUOUS
370
50
 62
4
100
AcDbLine
 10
27.479284
 20
3.208126
 30
0.0
 11
27.453213
 21
3.211864
 31
0.0
  0
LINE
  5
1BC8
330
1F
100
AcDbEntity
  8
1
  6
CONTINUOUS
370
50
 62
4
100
AcDbLine
 10
32.453213
 20
3.033189
 30
0.0
 11
32.427143
 21
3.036926
 31
0.0
  0
LINE
  5
1BC9
330
1F
100
AcDbEntity
  8
1
  6
CONTINUOUS
370
50
 62
4
100
AcDbLine
 10
27.453213
 20
3.211864
 30
0.0
 11
27.427141
 21
3.215599
 31
0.0
  0
LINE
  5
1BCA
330
1F
100
AcDbEntity
  8
1
  6
CONTINUOUS
370
50
 62
4
100
AcDbLine
 10
32.427143
 20
3.036926
 30
0.0
 11
32.40107
 21
3.040661
 31
0.0
  0
LINE
  5
1BCB
330
1F
100
AcDbEntity
  8
1
  6
CONTINUOUS
370
50
 62
4
100
AcDbLine
 10
37.557499
 20
-3.289567
 30
0.0
 11
37.531433
 21
-3.285834
 31
0.0
  0
LINE
  5
1BCC
330
1F
100
AcDbEntity
  8
1
  6
CONTINUOUS
370
50
 62
4
100
AcDbLine
 10
27.427141
 20
3.215599
 30
0.0
 11
27.40107
 21
3.219332
 31
0.0
  0
LINE
  5
1BCD
330
1F
100
AcDbEntity
  8
1
  6
CONTINUOUS
370
50
 62
4
100
AcDbLine
 10
37.531433
 20
-3.285834
 30
0.0
 11
37.505363
 21
-3.282102
 31
0.0
  0
LINE
  5
1BCE
330
1F
100
AcDbEntity
  8
1
  6
CONTINUOUS
370
50
 62
4
100
AcDbLine
 10
32.40107
 20
3.040661
 30
0.0
 11
32.375
 21
3.044393
 31
0.0
  0
LINE
  5
1BCF
330
1F
100
AcDbEntity
  8
1
  6
CONTINUOUS
370
50
 62
4
100
AcDbLine
 10
27.40107
 20
3.219332
 30
0.0
 11
27.375
 21
3.223063
 31
0.0
  0
LINE
  5
1BD0
330
1F
100
AcDbEntity
  8
1
  6
CONTINUOUS
370
50
 62
4
100
AcDbLine
 10
37.505363
 20
-3.282102
 30
0.0
 11
37.479294
 21
-3.278372
 31
0.0
  0
LINE
  5
1BD1
330
1F
100
AcDbEntity
  8
1
  6
CONTINUOUS
370
50
 62
4
100
AcDbLine
 10
37.479294
 20
-3.278372
 30
0.0
 11
37.453224
 21
-3.274642
 31
0.0
  0
LINE
  5
1BD2
330
1F
100
AcDbEntity
  8
1
  6
CONTINUOUS
370
50
 62
4
100
AcDbLine
 10
37.453224
 20
-3.274642
 30
0.0
 11
37.42715099999999
 21
-3.270913
 31
0.0
  0
LINE
  5
1BD3
330
1F
100
AcDbEntity
  8
1
  6
CONTINUOUS
370
50
 62
4
100
AcDbLine
 10
37.42715099999999
 20
-3.270913
 30
0.0
 11
37.401077
 21
-3.267186
 31
0.0
  0
LINE
  5
1BD4
330
1F
100
AcDbEntity
  8
1
  6
CONTINUOUS
370
50
 62
4
100
AcDbLine
 10
11.9325
 20
1.957703
 30
0.0
 11
11.906572
 21
1.961408
 31
0.0
  0
LINE
  5
1BD5
330
1F
100
AcDbEntity
  8
1
  6
CONTINUOUS
370
50
 62
4
100
AcDbLine
 10
37.401077
 20
-3.267186
 30
0.0
 11
37.375
 21
-3.26346
 31
0.0
  0
LINE
  5
1BD6
330
1F
100
AcDbEntity
  8
1
  6
CONTINUOUS
370
50
 62
4
100
AcDbLine
 10
34.27607
 20
-1.542867
 30
0.0
 11
34.25
 21
-1.539142
 31
0.0
  0
LINE
  5
1BD7
330
1F
100
AcDbEntity
  8
1
  6
CONTINUOUS
370
50
 62
4
100
AcDbLine
 10
34.302143
 20
-1.546591
 30
0.0
 11
34.27607
 21
-1.542867
 31
0.0
  0
LINE
  5
1BD8
330
1F
100
AcDbEntity
  8
1
  6
CONTINUOUS
370
50
 62
4
100
AcDbLine
 10
11.906572
 20
1.961408
 30
0.0
 11
11.880644
 21
1.965111
 31
0.0
  0
LINE
  5
1BD9
330
1F
100
AcDbEntity
  8
1
  6
CONTINUOUS
370
50
 62
4
100
AcDbLine
 10
34.328213
 20
-1.550313
 30
0.0
 11
34.302143
 21
-1.546591
 31
0.0
  0
LINE
  5
1BDA
330
1F
100
AcDbEntity
  8
1
  6
CONTINUOUS
370
50
 62
4
100
AcDbLine
 10
34.354286
 20
-1.554033
 30
0.0
 11
34.328213
 21
-1.550313
 31
0.0
  0
LINE
  5
1BDB
330
1F
100
AcDbEntity
  8
1
  6
CONTINUOUS
370
50
 62
4
100
AcDbLine
 10
11.880644
 20
1.965111
 30
0.0
 11
11.854715
 21
1.96881
 31
0.0
  0
LINE
  5
1BDC
330
1F
100
AcDbEntity
  8
1
  6
CONTINUOUS
370
50
 62
4
100
AcDbLine
 10
34.380356
 20
-1.557751
 30
0.0
 11
34.354286
 21
-1.554033
 31
0.0
  0
LINE
  5
1BDD
330
1F
100
AcDbEntity
  8
1
  6
CONTINUOUS
370
50
 62
4
100
AcDbLine
 10
11.854715
 20
1.96881
 30
0.0
 11
11.828787
 21
1.972506
 31
0.0
  0
LINE
  5
1BDE
330
1F
100
AcDbEntity
  8
1
  6
CONTINUOUS
370
50
 62
4
100
AcDbLine
 10
34.406429
 20
-1.561467
 30
0.0
 11
34.380356
 21
-1.557751
 31
0.0
  0
LINE
  5
1BDF
330
1F
100
AcDbEntity
  8
1
  6
CONTINUOUS
370
50
 62
4
100
AcDbLine
 10
34.432499
 20
-1.565182
 30
0.0
 11
34.406429
 21
-1.561467
 31
0.0
  0
LINE
  5
1BE0
330
1F
100
AcDbEntity
  8
1
  6
CONTINUOUS
370
50
 62
4
100
AcDbLine
 10
11.828787
 20
1.972506
 30
0.0
 11
11.802858
 21
1.976199
 31
0.0
  0
LINE
  5
1BE1
330
1F
100
AcDbEntity
  8
1
  6
CONTINUOUS
370
50
 62
4
100
AcDbLine
 10
11.802858
 20
1.976199
 30
0.0
 11
11.776929
 21
1.979889
 31
0.0
  0
LINE
  5
1BE2
330
1F
100
AcDbEntity
  8
1
  6
CONTINUOUS
370
50
 62
4
100
AcDbLine
 10
11.776929
 20
1.979889
 30
0.0
 11
11.751
 21
1.983575
 31
0.0
  0
LINE
  5
1BE3
330
1F
100
AcDbEntity
  8
1
  6
CONTINUOUS
370
50
 62
4
100
AcDbLine
 10
13.990663
 20
0.131081
 30
0.0
 11
13.430497
 21
0.210691
 31
0.0
  0
LINE
  5
1BE4
330
1F
100
AcDbEntity
  8
1
  6
CONTINUOUS
370
50
 62
4
100
AcDbLine
 10
35.682499
 20
1.608332
 30
0.0
 11
35.656429
 21
1.612028
 31
0.0
  0
LINE
  5
1BE5
330
1F
100
AcDbEntity
  8
1
  6
CONTINUOUS
370
50
 62
4
100
AcDbLine
 10
35.630356
 20
1.615721
 30
0.0
 11
35.604286
 21
1.619414
 31
0.0
  0
LINE
  5
1BE6
330
1F
100
AcDbEntity
  8
1
  6
CONTINUOUS
370
50
 62
4
100
AcDbLine
 10
35.656429
 20
1.612028
 30
0.0
 11
35.630356
 21
1.615721
 31
0.0
  0
LINE
  5
1BE7
330
1F
100
AcDbEntity
  8
1
  6
CONTINUOUS
370
50
 62
4
100
AcDbLine
 10
35.604286
 20
1.619414
 30
0.0
 11
35.578213
 21
1.623104
 31
0.0
  0
LINE
  5
1BE8
330
1F
100
AcDbEntity
  8
1
  6
CONTINUOUS
370
50
 62
4
100
AcDbLine
 10
13.430497
 20
0.210691
 30
0.0
 11
12.870331
 21
0.289967
 31
0.0
  0
LINE
  5
1BE9
330
1F
100
AcDbEntity
  8
1
  6
CONTINUOUS
370
50
 62
4
100
AcDbLine
 10
35.578213
 20
1.623104
 30
0.0
 11
35.552143
 21
1.626793
 31
0.0
  0
LINE
  5
1BEA
330
1F
100
AcDbEntity
  8
1
  6
CONTINUOUS
370
50
 62
4
100
AcDbLine
 10
14.550829
 20
0.05185
 30
0.0
 11
13.990663
 21
0.131081
 31
0.0
  0
LINE
  5
1BEB
330
1F
100
AcDbEntity
  8
1
  6
CONTINUOUS
370
50
 62
4
100
AcDbLine
 10
35.552143
 20
1.626793
 30
0.0
 11
35.52607
 21
1.63048
 31
0.0
  0
LINE
  5
1BEC
330
1F
100
AcDbEntity
  8
1
  6
CONTINUOUS
370
50
 62
4
100
AcDbLine
 10
35.52607
 20
1.63048
 30
0.0
 11
35.5
 21
1.634166
 31
0.0
  0
LINE
  5
1BED
330
1F
100
AcDbEntity
  8
1
  6
CONTINUOUS
370
50
 62
4
100
AcDbLine
 10
32.40107
 20
-3.10324
 30
0.0
 11
32.375
 21
-3.099558
 31
0.0
  0
LINE
  5
1BEE
330
1F
100
AcDbEntity
  8
1
  6
CONTINUOUS
370
50
 62
4
100
AcDbLine
 10
36.932499
 20
-1.915109
 30
0.0
 11
36.906433
 21
-1.91143
 31
0.0
  0
LINE
  5
1BEF
330
1F
100
AcDbEntity
  8
1
  6
CONTINUOUS
370
50
 62
4
100
AcDbLine
 10
32.427143
 20
-3.106919
 30
0.0
 11
32.40107
 21
-3.10324
 31
0.0
  0
LINE
  5
1BF0
330
1F
100
AcDbEntity
  8
1
  6
CONTINUOUS
370
50
 62
4
100
AcDbLine
 10
32.453213
 20
-3.110594
 30
0.0
 11
32.427143
 21
-3.106919
 31
0.0
  0
LINE
  5
1BF1
330
1F
100
AcDbEntity
  8
1
  6
CONTINUOUS
370
50
 62
4
100
AcDbLine
 10
36.906433
 20
-1.91143
 30
0.0
 11
36.880363
 21
-1.907755
 31
0.0
  0
LINE
  5
1BF2
330
1F
100
AcDbEntity
  8
1
  6
CONTINUOUS
370
50
 62
4
100
AcDbLine
 10
36.880363
 20
-1.907755
 30
0.0
 11
36.85429
 21
-1.904082
 31
0.0
  0
LINE
  5
1BF3
330
1F
100
AcDbEntity
  8
1
  6
CONTINUOUS
370
50
 62
4
100
AcDbLine
 10
32.479286
 20
-3.114266
 30
0.0
 11
32.453213
 21
-3.110594
 31
0.0
  0
LINE
  5
1BF4
330
1F
100
AcDbEntity
  8
1
  6
CONTINUOUS
370
50
 62
4
100
AcDbLine
 10
15.5
 20
-0.09088
 30
0.0
 11
15.435132
 21
-0.081745
 31
0.0
  0
LINE
  5
1BF5
330
1F
100
AcDbEntity
  8
1
  6
CONTINUOUS
370
50
 62
4
100
AcDbLine
 10
36.85429
 20
-1.904082
 30
0.0
 11
36.82822
 21
-1.900412
 31
0.0
  0
LINE
  5
1BF6
330
1F
100
AcDbEntity
  8
1
  6
CONTINUOUS
370
50
 62
4
100
AcDbLine
 10
15.110995
 20
-0.026985
 30
0.0
 11
14.550829
 21
0.05185
 31
0.0
  0
LINE
  5
1BF7
330
1F
100
AcDbEntity
  8
1
  6
CONTINUOUS
370
50
 62
4
100
AcDbLine
 10
32.505356
 20
-3.117933
 30
0.0
 11
32.479286
 21
-3.114266
 31
0.0
  0
LINE
  5
1BF8
330
1F
100
AcDbEntity
  8
1
  6
CONTINUOUS
370
50
 62
4
100
AcDbLine
 10
36.82822
 20
-1.900412
 30
0.0
 11
36.802147
 21
-1.896745
 31
0.0
  0
LINE
  5
1BF9
330
1F
100
AcDbEntity
  8
1
  6
CONTINUOUS
370
50
 62
4
100
AcDbLine
 10
36.307499
 20
-3.112091
 30
0.0
 11
36.279953
 21
-3.108217
 31
0.0
  0
LINE
  5
1BFA
330
1F
100
AcDbEntity
  8
1
  6
CONTINUOUS
370
50
 62
4
100
AcDbLine
 10
36.149483
 20
-3.089887
 30
0.0
 11
36.125
 21
-3.086444
 31
0.0
  0
LINE
  5
1BFB
330
1F
100
AcDbEntity
  8
1
  6
CONTINUOUS
370
50
 62
4
100
AcDbLine
 10
36.174534
 20
-3.093408
 30
0.0
 11
36.149483
 21
-3.089887
 31
0.0
  0
LINE
  5
1BFC
330
1F
100
AcDbEntity
  8
1
  6
CONTINUOUS
370
50
 62
4
100
AcDbLine
 10
32.531429
 20
-3.121597
 30
0.0
 11
32.505356
 21
-3.117933
 31
0.0
  0
LINE
  5
1BFD
330
1F
100
AcDbEntity
  8
1
  6
CONTINUOUS
370
50
 62
4
100
AcDbLine
 10
36.802147
 20
-1.896745
 30
0.0
 11
36.776073
 21
-1.893081
 31
0.0
  0
LINE
  5
1BFE
330
1F
100
AcDbEntity
  8
1
  6
CONTINUOUS
370
50
 62
4
100
AcDbLine
 10
36.279953
 20
-3.108217
 30
0.0
 11
36.252861
 21
-3.10441
 31
0.0
  0
LINE
  5
1BFF
330
1F
100
AcDbEntity
  8
1
  6
CONTINUOUS
370
50
 62
4
100
AcDbLine
 10
36.252861
 20
-3.10441
 30
0.0
 11
36.226246
 21
-3.100671
 31
0.0
  0
LINE
  5
1C00
330
1F
100
AcDbEntity
  8
1
  6
CONTINUOUS
370
50
 62
4
100
AcDbLine
 10
36.20013
 20
-3.097003
 30
0.0
 11
36.174534
 21
-3.093408
 31
0.0
  0
LINE
  5
1C01
330
1F
100
AcDbEntity
  8
1
  6
CONTINUOUS
370
50
 62
4
100
AcDbLine
 10
36.226246
 20
-3.100671
 30
0.0
 11
36.20013
 21
-3.097003
 31
0.0
  0
LINE
  5
1C02
330
1F
100
AcDbEntity
  8
1
  6
CONTINUOUS
370
50
 62
4
100
AcDbLine
 10
36.776073
 20
-1.893081
 30
0.0
 11
36.75
 21
-1.88942
 31
0.0
  0
LINE
  5
1C03
330
1F
100
AcDbEntity
  8
1
  6
CONTINUOUS
370
50
 62
4
100
AcDbLine
 10
32.557499
 20
-3.125257
 30
0.0
 11
32.531429
 21
-3.121597
 31
0.0
  0
LINE
  5
1C04
330
1F
100
AcDbEntity
  8
1
  6
CONTINUOUS
370
50
 62
4
100
AcDbLine
 10
12.870331
 20
0.289967
 30
0.0
 11
12.310165
 21
0.368601
 31
0.0
  0
LINE
  5
1C05
330
1F
100
AcDbEntity
  8
1
  6
CONTINUOUS
370
50
 62
4
100
AcDbLine
 10
37.998947
 20
1.073514
 30
0.0
 11
37.998425
 21
1.073587
 31
0.0
  0
LINE
  5
1C06
330
1F
100
AcDbEntity
  8
1
  6
CONTINUOUS
370
50
 62
4
100
AcDbLine
 10
35.52607
 20
-1.719397
 30
0.0
 11
35.5
 21
-1.715756
 31
0.0
  0
LINE
  5
1C07
330
1F
100
AcDbEntity
  8
1
  6
CONTINUOUS
370
50
 62
4
100
AcDbLine
 10
35.552143
 20
-1.723035
 30
0.0
 11
35.52607
 21
-1.719397
 31
0.0
  0
LINE
  5
1C08
330
1F
100
AcDbEntity
  8
1
  6
CONTINUOUS
370
50
 62
4
100
AcDbLine
 10
35.578213
 20
-1.726672
 30
0.0
 11
35.552143
 21
-1.723035
 31
0.0
  0
LINE
  5
1C09
330
1F
100
AcDbEntity
  8
1
  6
CONTINUOUS
370
50
 62
4
100
AcDbLine
 10
35.604286
 20
-1.730307
 30
0.0
 11
35.578213
 21
-1.726672
 31
0.0
  0
LINE
  5
1C0A
330
1F
100
AcDbEntity
  8
1
  6
CONTINUOUS
370
50
 62
4
100
AcDbLine
 10
35.630356
 20
-1.733941
 30
0.0
 11
35.604286
 21
-1.730307
 31
0.0
  0
LINE
  5
1C0B
330
1F
100
AcDbEntity
  8
1
  6
CONTINUOUS
370
50
 62
4
100
AcDbLine
 10
35.656429
 20
-1.737572
 30
0.0
 11
35.630356
 21
-1.733941
 31
0.0
  0
LINE
  5
1C0C
330
1F
100
AcDbEntity
  8
1
  6
CONTINUOUS
370
50
 62
4
100
AcDbLine
 10
35.682499
 20
-1.741202
 30
0.0
 11
35.656429
 21
-1.737572
 31
0.0
  0
LINE
  5
1C0D
330
1F
100
AcDbEntity
  8
1
  6
CONTINUOUS
370
50
 62
4
100
AcDbLine
 10
12.310165
 20
0.368601
 30
0.0
 11
11.75
 21
0.446599
 31
0.0
  0
LINE
  5
1C0E
330
1F
100
AcDbEntity
  8
1
  6
CONTINUOUS
370
50
 62
4
100
AcDbLine
 10
14.622219
 20
0.060147
 30
0.0
 11
14.558991
 21
0.06895
 31
0.0
  0
LINE
  5
1C0F
330
1F
100
AcDbEntity
  8
1
  6
CONTINUOUS
370
50
 62
4
100
AcDbLine
 10
28.026072
 20
-2.043355
 30
0.0
 11
28.0
 21
-2.039726
 31
0.0
  0
LINE
  5
1C10
330
1F
100
AcDbEntity
  8
1
  6
CONTINUOUS
370
50
 62
4
100
AcDbLine
 10
28.052141
 20
-2.046981
 30
0.0
 11
28.026072
 21
-2.043355
 31
0.0
  0
LINE
  5
1C11
330
1F
100
AcDbEntity
  8
1
  6
CONTINUOUS
370
50
 62
4
100
AcDbLine
 10
28.078213
 20
-2.050604
 30
0.0
 11
28.052141
 21
-2.046981
 31
0.0
  0
LINE
  5
1C12
330
1F
100
AcDbEntity
  8
1
  6
CONTINUOUS
370
50
 62
4
100
AcDbLine
 10
26.307501
 20
3.373555
 30
0.0
 11
26.281427
 21
3.377175
 31
0.0
  0
LINE
  5
1C13
330
1F
100
AcDbEntity
  8
1
  6
CONTINUOUS
370
50
 62
4
100
AcDbLine
 10
28.104284
 20
-2.054223
 30
0.0
 11
28.078213
 21
-2.050604
 31
0.0
  0
LINE
  5
1C14
330
1F
100
AcDbEntity
  8
1
  6
CONTINUOUS
370
50
 62
4
100
AcDbLine
 10
38.0
 20
1.073369
 30
0.0
 11
37.999474
 21
1.073442
 31
0.0
  0
LINE
  5
1C15
330
1F
100
AcDbEntity
  8
1
  6
CONTINUOUS
370
50
 62
4
100
AcDbLine
 10
31.307501
 20
3.194869
 30
0.0
 11
31.281427
 21
3.198486
 31
0.0
  0
LINE
  5
1C16
330
1F
100
AcDbEntity
  8
1
  6
CONTINUOUS
370
50
 62
4
100
AcDbLine
 10
34.432499
 20
1.78364
 30
0.0
 11
34.406429
 21
1.787256
 31
0.0
  0
LINE
  5
1C17
330
1F
100
AcDbEntity
  8
1
  6
CONTINUOUS
370
50
 62
4
100
AcDbLine
 10
26.281427
 20
3.377175
 30
0.0
 11
26.255356
 21
3.380791
 31
0.0
  0
LINE
  5
1C18
330
1F
100
AcDbEntity
  8
1
  6
CONTINUOUS
370
50
 62
4
100
AcDbLine
 10
28.130356
 20
-2.057839
 30
0.0
 11
28.104284
 21
-2.054223
 31
0.0
  0
LINE
  5
1C19
330
1F
100
AcDbEntity
  8
1
  6
CONTINUOUS
370
50
 62
4
100
AcDbLine
 10
31.281427
 20
3.198486
 30
0.0
 11
31.255356
 21
3.202101
 31
0.0
  0
LINE
  5
1C1A
330
1F
100
AcDbEntity
  8
1
  6
CONTINUOUS
370
50
 62
4
100
AcDbLine
 10
34.406429
 20
1.787256
 30
0.0
 11
34.380356
 21
1.79087
 31
0.0
  0
LINE
  5
1C1B
330
1F
100
AcDbEntity
  8
1
  6
CONTINUOUS
370
50
 62
4
100
AcDbLine
 10
28.156427
 20
-2.061452
 30
0.0
 11
28.130356
 21
-2.057839
 31
0.0
  0
LINE
  5
1C1C
330
1F
100
AcDbEntity
  8
1
  6
CONTINUOUS
370
50
 62
4
100
AcDbLine
 10
26.255356
 20
3.380791
 30
0.0
 11
26.229284
 21
3.384404
 31
0.0
  0
LINE
  5
1C1D
330
1F
100
AcDbEntity
  8
1
  6
CONTINUOUS
370
50
 62
4
100
AcDbLine
 10
34.380356
 20
1.79087
 30
0.0
 11
34.354286
 21
1.794482
 31
0.0
  0
LINE
  5
1C1E
330
1F
100
AcDbEntity
  8
1
  6
CONTINUOUS
370
50
 62
4
100
AcDbLine
 10
31.255356
 20
3.202101
 30
0.0
 11
31.229284
 21
3.205713
 31
0.0
  0
LINE
  5
1C1F
330
1F
100
AcDbEntity
  8
1
  6
CONTINUOUS
370
50
 62
4
100
AcDbLine
 10
37.998425
 20
1.073587
 30
0.0
 11
37.997898
 21
1.07366
 31
0.0
  0
LINE
  5
1C20
330
1F
100
AcDbEntity
  8
1
  6
CONTINUOUS
370
50
 62
4
100
AcDbLine
 10
37.997372
 20
1.073732
 30
0.0
 11
37.996845
 21
1.073805
 31
0.0
  0
LINE
  5
1C21
330
1F
100
AcDbEntity
  8
1
  6
CONTINUOUS
370
50
 62
4
100
AcDbLine
 10
26.229284
 20
3.384404
 30
0.0
 11
26.203213
 21
3.388015
 31
0.0
  0
LINE
  5
1C22
330
1F
100
AcDbEntity
  8
1
  6
CONTINUOUS
370
50
 62
4
100
AcDbLine
 10
34.354286
 20
1.794482
 30
0.0
 11
34.328213
 21
1.798093
 31
0.0
  0
LINE
  5
1C23
330
1F
100
AcDbEntity
  8
1
  6
CONTINUOUS
370
50
 62
4
100
AcDbLine
 10
31.229284
 20
3.205713
 30
0.0
 11
31.203213
 21
3.209323
 31
0.0
  0
LINE
  5
1C24
330
1F
100
AcDbEntity
  8
1
  6
CONTINUOUS
370
50
 62
4
100
AcDbLine
 10
34.328213
 20
1.798093
 30
0.0
 11
34.302143
 21
1.801702
 31
0.0
  0
LINE
  5
1C25
330
1F
100
AcDbEntity
  8
1
  6
CONTINUOUS
370
50
 62
4
100
AcDbLine
 10
28.182501
 20
-2.065061
 30
0.0
 11
28.156427
 21
-2.061452
 31
0.0
  0
LINE
  5
1C26
330
1F
100
AcDbEntity
  8
1
  6
CONTINUOUS
370
50
 62
4
100
AcDbLine
 10
26.203213
 20
3.388015
 30
0.0
 11
26.177141
 21
3.391623
 31
0.0
  0
LINE
  5
1C27
330
1F
100
AcDbEntity
  8
1
  6
CONTINUOUS
370
50
 62
4
100
AcDbLine
 10
34.302143
 20
1.801702
 30
0.0
 11
34.27607
 21
1.80531
 31
0.0
  0
LINE
  5
1C28
330
1F
100
AcDbEntity
  8
1
  6
CONTINUOUS
370
50
 62
4
100
AcDbLine
 10
34.27607
 20
1.80531
 30
0.0
 11
34.25
 21
1.808916
 31
0.0
  0
LINE
  5
1C29
330
1F
100
AcDbEntity
  8
1
  6
CONTINUOUS
370
50
 62
4
100
AcDbLine
 10
31.203213
 20
3.209323
 30
0.0
 11
31.177141
 21
3.212929
 31
0.0
  0
LINE
  5
1C2A
330
1F
100
AcDbEntity
  8
1
  6
CONTINUOUS
370
50
 62
4
100
AcDbLine
 10
26.177141
 20
3.391623
 30
0.0
 11
26.15107
 21
3.395228
 31
0.0
  0
LINE
  5
1C2B
330
1F
100
AcDbEntity
  8
1
  6
CONTINUOUS
370
50
 62
4
100
AcDbLine
 10
31.177141
 20
3.212929
 30
0.0
 11
31.151072
 21
3.216533
 31
0.0
  0
LINE
  5
1C2C
330
1F
100
AcDbEntity
  8
1
  6
CONTINUOUS
370
50
 62
4
100
AcDbLine
 10
26.15107
 20
3.395228
 30
0.0
 11
26.125
 21
3.39883
 31
0.0
  0
LINE
  5
1C2D
330
1F
100
AcDbEntity
  8
1
  6
CONTINUOUS
370
50
 62
4
100
AcDbLine
 10
31.151072
 20
3.216533
 30
0.0
 11
31.125
 21
3.220134
 31
0.0
  0
LINE
  5
1C2E
330
1F
100
AcDbEntity
  8
1
  6
CONTINUOUS
370
50
 62
4
100
AcDbLine
 10
11.750834
 20
1.983654
 30
0.0
 11
11.750667
 21
1.983677
 31
0.0
  0
LINE
  5
1C2F
330
1F
100
AcDbEntity
  8
1
  6
CONTINUOUS
370
50
 62
4
100
AcDbLine
 10
11.750334
 20
1.983725
 30
0.0
 11
11.750167
 21
1.983748
 31
0.0
  0
LINE
  5
1C30
330
1F
100
AcDbEntity
  8
1
  6
CONTINUOUS
370
50
 62
4
100
AcDbLine
 10
37.997898
 20
1.07366
 30
0.0
 11
37.997372
 21
1.073732
 31
0.0
  0
LINE
  5
1C31
330
1F
100
AcDbEntity
  8
1
  6
CONTINUOUS
370
50
 62
4
100
AcDbLine
 10
37.999474
 20
1.073442
 30
0.0
 11
37.998947
 21
1.073514
 31
0.0
  0
LINE
  5
1C32
330
1F
100
AcDbEntity
  8
1
  6
CONTINUOUS
370
50
 62
4
100
AcDbLine
 10
33.182499
 20
1.955132
 30
0.0
 11
33.156429
 21
1.958668
 31
0.0
  0
LINE
  5
1C33
330
1F
100
AcDbEntity
  8
1
  6
CONTINUOUS
370
50
 62
4
100
AcDbLine
 10
33.156429
 20
1.958668
 30
0.0
 11
33.130356
 21
1.962203
 31
0.0
  0
LINE
  5
1C34
330
1F
100
AcDbEntity
  8
1
  6
CONTINUOUS
370
50
 62
4
100
AcDbLine
 10
33.130356
 20
1.962203
 30
0.0
 11
33.104286
 21
1.965735
 31
0.0
  0
LINE
  5
1C35
330
1F
100
AcDbEntity
  8
1
  6
CONTINUOUS
370
50
 62
4
100
AcDbLine
 10
33.104286
 20
1.965735
 30
0.0
 11
33.078213
 21
1.969267
 31
0.0
  0
LINE
  5
1C36
330
1F
100
AcDbEntity
  8
1
  6
CONTINUOUS
370
50
 62
4
100
AcDbLine
 10
33.078213
 20
1.969267
 30
0.0
 11
33.052143
 21
1.972796
 31
0.0
  0
LINE
  5
1C37
330
1F
100
AcDbEntity
  8
1
  6
CONTINUOUS
370
50
 62
4
100
AcDbLine
 10
33.052143
 20
1.972796
 30
0.0
 11
33.02607
 21
1.976324
 31
0.0
  0
LINE
  5
1C38
330
1F
100
AcDbEntity
  8
1
  6
CONTINUOUS
370
50
 62
4
100
AcDbLine
 10
33.02607
 20
1.976324
 30
0.0
 11
33.0
 21
1.97985
 31
0.0
  0
LINE
  5
1C39
330
1F
100
AcDbEntity
  8
1
  6
CONTINUOUS
370
50
 62
4
100
AcDbLine
 10
33.65107
 20
-3.275438
 30
0.0
 11
33.625
 21
-3.271933
 31
0.0
  0
LINE
  5
1C3A
330
1F
100
AcDbEntity
  8
1
  6
CONTINUOUS
370
50
 62
4
100
AcDbLine
 10
33.677143
 20
-3.278939
 30
0.0
 11
33.65107
 21
-3.275438
 31
0.0
  0
LINE
  5
1C3B
330
1F
100
AcDbEntity
  8
1
  6
CONTINUOUS
370
50
 62
4
100
AcDbLine
 10
33.703213
 20
-3.282436
 30
0.0
 11
33.677143
 21
-3.278939
 31
0.0
  0
LINE
  5
1C3C
330
1F
100
AcDbEntity
  8
1
  6
CONTINUOUS
370
50
 62
4
100
AcDbLine
 10
33.729286
 20
-3.28593
 30
0.0
 11
33.703213
 21
-3.282436
 31
0.0
  0
LINE
  5
1C3D
330
1F
100
AcDbEntity
  8
1
  6
CONTINUOUS
370
50
 62
4
100
AcDbLine
 10
32.978016
 20
3.145277
 30
0.0
 11
32.970711
 21
3.146255
 31
0.0
  0
LINE
  5
1C3E
330
1F
100
AcDbEntity
  8
1
  6
CONTINUOUS
370
50
 62
4
100
AcDbLine
 10
33.755356
 20
-3.28942
 30
0.0
 11
33.729286
 21
-3.28593
 31
0.0
  0
LINE
  5
1C3F
330
1F
100
AcDbEntity
  8
1
  6
CONTINUOUS
370
50
 62
4
100
AcDbLine
 10
33.781429
 20
-3.292906
 30
0.0
 11
33.755356
 21
-3.28942
 31
0.0
  0
LINE
  5
1C40
330
1F
100
AcDbEntity
  8
1
  6
CONTINUOUS
370
50
 62
4
100
AcDbLine
 10
33.807499
 20
-3.296389
 30
0.0
 11
33.781429
 21
-3.292906
 31
0.0
  0
LINE
  5
1C41
330
1F
100
AcDbEntity
  8
1
  6
CONTINUOUS
370
50
 62
4
100
AcDbLine
 10
30.057501
 20
3.365177
 30
0.0
 11
30.031427
 21
3.36866
 31
0.0
  0
LINE
  5
1C42
330
1F
100
AcDbEntity
  8
1
  6
CONTINUOUS
370
50
 62
4
100
AcDbLine
 10
30.031427
 20
3.36866
 30
0.0
 11
30.005356
 21
3.37214
 31
0.0
  0
LINE
  5
1C43
330
1F
100
AcDbEntity
  8
1
  6
CONTINUOUS
370
50
 62
4
100
AcDbLine
 10
25.057501
 20
3.543837
 30
0.0
 11
25.031324
 21
3.54733
 31
0.0
  0
LINE
  5
1C44
330
1F
100
AcDbEntity
  8
1
  6
CONTINUOUS
370
50
 62
4
100
AcDbLine
 10
27.282755
 20
3.735266
 30
0.0
 11
27.263887
 21
3.737783
 31
0.0
  0
LINE
  5
1C45
330
1F
100
AcDbEntity
  8
1
  6
CONTINUOUS
370
50
 62
4
100
AcDbLine
 10
30.005356
 20
3.37214
 30
0.0
 11
29.979284
 21
3.375617
 31
0.0
  0
LINE
  5
1C46
330
1F
100
AcDbEntity
  8
1
  6
CONTINUOUS
370
50
 62
4
100
AcDbLine
 10
25.031324
 20
3.54733
 30
0.0
 11
25.005184
 21
3.550815
 31
0.0
  0
LINE
  5
1C47
330
1F
100
AcDbEntity
  8
1
  6
CONTINUOUS
370
50
 62
4
100
AcDbLine
 10
29.979284
 20
3.375617
 30
0.0
 11
29.953213
 21
3.379092
 31
0.0
  0
LINE
  5
1C48
330
1F
100
AcDbEntity
  8
1
  6
CONTINUOUS
370
50
 62
4
100
AcDbLine
 10
25.005184
 20
3.550815
 30
0.0
 11
24.979078
 21
3.554292
 31
0.0
  0
LINE
  5
1C49
330
1F
100
AcDbEntity
  8
1
  6
CONTINUOUS
370
50
 62
4
100
AcDbLine
 10
29.953213
 20
3.379092
 30
0.0
 11
29.927141
 21
3.382563
 31
0.0
  0
LINE
  5
1C4A
330
1F
100
AcDbEntity
  8
1
  6
CONTINUOUS
370
50
 62
4
100
AcDbLine
 10
29.927141
 20
3.382563
 30
0.0
 11
29.901072
 21
3.386032
 31
0.0
  0
LINE
  5
1C4B
330
1F
100
AcDbEntity
  8
1
  6
CONTINUOUS
370
50
 62
4
100
AcDbLine
 10
24.979078
 20
3.554292
 30
0.0
 11
24.953007
 21
3.557761
 31
0.0
  0
LINE
  5
1C4C
330
1F
100
AcDbEntity
  8
1
  6
CONTINUOUS
370
50
 62
4
100
AcDbLine
 10
29.276072
 20
-2.213446
 30
0.0
 11
29.25
 21
-2.209977
 31
0.0
  0
LINE
  5
1C4D
330
1F
100
AcDbEntity
  8
1
  6
CONTINUOUS
370
50
 62
4
100
AcDbLine
 10
29.302141
 20
-2.216913
 30
0.0
 11
29.276072
 21
-2.213446
 31
0.0
  0
LINE
  5
1C4E
330
1F
100
AcDbEntity
  8
1
  6
CONTINUOUS
370
50
 62
4
100
AcDbLine
 10
24.953007
 20
3.557761
 30
0.0
 11
24.92697
 21
3.561223
 31
0.0
  0
LINE
  5
1C4F
330
1F
100
AcDbEntity
  8
1
  6
CONTINUOUS
370
50
 62
4
100
AcDbLine
 10
29.901072
 20
3.386032
 30
0.0
 11
29.875
 21
3.389497
 31
0.0
  0
LINE
  5
1C50
330
1F
100
AcDbEntity
  8
1
  6
CONTINUOUS
370
50
 62
4
100
AcDbLine
 10
24.92697
 20
3.561223
 30
0.0
 11
24.900967
 21
3.564677
 31
0.0
  0
LINE
  5
1C51
330
1F
100
AcDbEntity
  8
1
  6
CONTINUOUS
370
50
 62
4
100
AcDbLine
 10
29.328213
 20
-2.220376
 30
0.0
 11
29.302141
 21
-2.216913
 31
0.0
  0
LINE
  5
1C52
330
1F
100
AcDbEntity
  8
1
  6
CONTINUOUS
370
50
 62
4
100
AcDbLine
 10
24.900967
 20
3.564677
 30
0.0
 11
24.875
 21
3.568124
 31
0.0
  0
LINE
  5
1C53
330
1F
100
AcDbEntity
  8
1
  6
CONTINUOUS
370
50
 62
4
100
AcDbLine
 10
30.350384
 20
3.412189
 30
0.0
 11
30.321136
 21
3.41607
 31
0.0
  0
LINE
  5
1C54
330
1F
100
AcDbEntity
  8
1
  6
CONTINUOUS
370
50
 62
4
100
AcDbLine
 10
29.354284
 20
-2.223835
 30
0.0
 11
29.328213
 21
-2.220376
 31
0.0
  0
LINE
  5
1C55
330
1F
100
AcDbEntity
  8
1
  6
CONTINUOUS
370
50
 62
4
100
AcDbLine
 10
29.380356
 20
-2.227292
 30
0.0
 11
29.354284
 21
-2.223835
 31
0.0
  0
LINE
  5
1C56
330
1F
100
AcDbEntity
  8
1
  6
CONTINUOUS
370
50
 62
4
100
AcDbLine
 10
31.932501
 20
2.122789
 30
0.0
 11
31.906427
 21
2.126245
 31
0.0
  0
LINE
  5
1C57
330
1F
100
AcDbEntity
  8
1
  6
CONTINUOUS
370
50
 62
4
100
AcDbLine
 10
31.906427
 20
2.126245
 30
0.0
 11
31.880356
 21
2.129699
 31
0.0
  0
LINE
  5
1C58
330
1F
100
AcDbEntity
  8
1
  6
CONTINUOUS
370
50
 62
4
100
AcDbLine
 10
29.406427
 20
-2.230745
 30
0.0
 11
29.380356
 21
-2.227292
 31
0.0
  0
LINE
  5
1C59
330
1F
100
AcDbEntity
  8
1
  6
CONTINUOUS
370
50
 62
4
100
AcDbLine
 10
31.880356
 20
2.129699
 30
0.0
 11
31.854284
 21
2.133151
 31
0.0
  0
LINE
  5
1C5A
330
1F
100
AcDbEntity
  8
1
  6
CONTINUOUS
370
50
 62
4
100
AcDbLine
 10
31.854284
 20
2.133151
 30
0.0
 11
31.828213
 21
2.136602
 31
0.0
  0
LINE
  5
1C5B
330
1F
100
AcDbEntity
  8
1
  6
CONTINUOUS
370
50
 62
4
100
AcDbLine
 10
29.432501
 20
-2.234195
 30
0.0
 11
29.406427
 21
-2.230745
 31
0.0
  0
LINE
  5
1C5C
330
1F
100
AcDbEntity
  8
1
  6
CONTINUOUS
370
50
 62
4
100
AcDbLine
 10
31.828213
 20
2.136602
 30
0.0
 11
31.802143
 21
2.140051
 31
0.0
  0
LINE
  5
1C5D
330
1F
100
AcDbEntity
  8
1
  6
CONTINUOUS
370
50
 62
4
100
AcDbLine
 10
31.802143
 20
2.140051
 30
0.0
 11
31.776072
 21
2.143498
 31
0.0
  0
LINE
  5
1C5E
330
1F
100
AcDbEntity
  8
1
  6
CONTINUOUS
370
50
 62
4
100
AcDbLine
 10
31.776072
 20
2.143498
 30
0.0
 11
31.75
 21
2.146943
 31
0.0
  0
LINE
  5
1C5F
330
1F
100
AcDbEntity
  8
1
  6
CONTINUOUS
370
50
 62
4
100
AcDbLine
 10
37.996845
 20
1.073805
 30
0.0
 11
36.452915
 21
1.276143
 31
0.0
  0
LINE
  5
1C60
330
1F
100
AcDbEntity
  8
1
  6
CONTINUOUS
370
50
 62
4
100
AcDbLine
 10
14.558991
 20
0.06895
 30
0.0
 11
14.495751
 21
0.077187
 31
0.0
  0
LINE
  5
1C61
330
1F
100
AcDbEntity
  8
1
  6
CONTINUOUS
370
50
 62
4
100
AcDbLine
 10
30.682501
 20
2.286539
 30
0.0
 11
30.656427
 21
2.289912
 31
0.0
  0
LINE
  5
1C62
330
1F
100
AcDbEntity
  8
1
  6
CONTINUOUS
370
50
 62
4
100
AcDbLine
 10
30.656427
 20
2.289912
 30
0.0
 11
30.630356
 21
2.293283
 31
0.0
  0
LINE
  5
1C63
330
1F
100
AcDbEntity
  8
1
  6
CONTINUOUS
370
50
 62
4
100
AcDbLine
 10
30.630356
 20
2.293283
 30
0.0
 11
30.604284
 21
2.296652
 31
0.0
  0
LINE
  5
1C64
330
1F
100
AcDbEntity
  8
1
  6
CONTINUOUS
370
50
 62
4
100
AcDbLine
 10
30.604284
 20
2.296652
 30
0.0
 11
30.578213
 21
2.30002
 31
0.0
  0
LINE
  5
1C65
330
1F
100
AcDbEntity
  8
1
  6
CONTINUOUS
370
50
 62
4
100
AcDbLine
 10
30.578213
 20
2.30002
 30
0.0
 11
30.552143
 21
2.303385
 31
0.0
  0
LINE
  5
1C66
330
1F
100
AcDbEntity
  8
1
  6
CONTINUOUS
370
50
 62
4
100
AcDbLine
 10
30.552143
 20
2.303385
 30
0.0
 11
30.526072
 21
2.30675
 31
0.0
  0
LINE
  5
1C67
330
1F
100
AcDbEntity
  8
1
  6
CONTINUOUS
370
50
 62
4
100
AcDbLine
 10
30.526072
 20
2.30675
 30
0.0
 11
30.5
 21
2.310112
 31
0.0
  0
LINE
  5
1C68
330
1F
100
AcDbEntity
  8
1
  6
CONTINUOUS
370
50
 62
4
100
AcDbLine
 10
28.807501
 20
3.528892
 30
0.0
 11
28.781427
 21
3.532234
 31
0.0
  0
LINE
  5
1C69
330
1F
100
AcDbEntity
  8
1
  6
CONTINUOUS
370
50
 62
4
100
AcDbLine
 10
28.781427
 20
3.532234
 30
0.0
 11
28.755356
 21
3.535573
 31
0.0
  0
LINE
  5
1C6A
330
1F
100
AcDbEntity
  8
1
  6
CONTINUOUS
370
50
 62
4
100
AcDbLine
 10
28.755356
 20
3.535573
 30
0.0
 11
28.729284
 21
3.538909
 31
0.0
  0
LINE
  5
1C6B
330
1F
100
AcDbEntity
  8
1
  6
CONTINUOUS
370
50
 62
4
100
AcDbLine
 10
28.729284
 20
3.538909
 30
0.0
 11
28.703213
 21
3.542242
 31
0.0
  0
LINE
  5
1C6C
330
1F
100
AcDbEntity
  8
1
  6
CONTINUOUS
370
50
 62
4
100
AcDbLine
 10
28.703213
 20
3.542242
 30
0.0
 11
28.677141
 21
3.545572
 31
0.0
  0
LINE
  5
1C6D
330
1F
100
AcDbEntity
  8
1
  6
CONTINUOUS
370
50
 62
4
100
AcDbLine
 10
34.90107
 20
-3.439168
 30
0.0
 11
34.875
 21
-3.435839
 31
0.0
  0
LINE
  5
1C6E
330
1F
100
AcDbEntity
  8
1
  6
CONTINUOUS
370
50
 62
4
100
AcDbLine
 10
28.677141
 20
3.545572
 30
0.0
 11
28.651072
 21
3.548899
 31
0.0
  0
LINE
  5
1C6F
330
1F
100
AcDbEntity
  8
1
  6
CONTINUOUS
370
50
 62
4
100
AcDbLine
 10
34.927143
 20
-3.442494
 30
0.0
 11
34.90107
 21
-3.439168
 31
0.0
  0
LINE
  5
1C70
330
1F
100
AcDbEntity
  8
1
  6
CONTINUOUS
370
50
 62
4
100
AcDbLine
 10
28.651072
 20
3.548899
 30
0.0
 11
28.625
 21
3.552223
 31
0.0
  0
LINE
  5
1C71
330
1F
100
AcDbEntity
  8
1
  6
CONTINUOUS
370
50
 62
4
100
AcDbLine
 10
34.953213
 20
-3.445816
 30
0.0
 11
34.927143
 21
-3.442494
 31
0.0
  0
LINE
  5
1C72
330
1F
100
AcDbEntity
  8
1
  6
CONTINUOUS
370
50
 62
4
100
AcDbLine
 10
34.979286
 20
-3.449134
 30
0.0
 11
34.953213
 21
-3.445816
 31
0.0
  0
LINE
  5
1C73
330
1F
100
AcDbEntity
  8
1
  6
CONTINUOUS
370
50
 62
4
100
AcDbLine
 10
35.005356
 20
-3.452449
 30
0.0
 11
34.979286
 21
-3.449134
 31
0.0
  0
LINE
  5
1C74
330
1F
100
AcDbEntity
  8
1
  6
CONTINUOUS
370
50
 62
4
100
AcDbLine
 10
30.526072
 20
-2.375945
 30
0.0
 11
30.5
 21
-2.372633
 31
0.0
  0
LINE
  5
1C75
330
1F
100
AcDbEntity
  8
1
  6
CONTINUOUS
370
50
 62
4
100
AcDbLine
 10
35.031429
 20
-3.45576
 30
0.0
 11
35.005356
 21
-3.452449
 31
0.0
  0
LINE
  5
1C76
330
1F
100
AcDbEntity
  8
1
  6
CONTINUOUS
370
50
 62
4
100
AcDbLine
 10
30.552143
 20
-2.379255
 30
0.0
 11
30.526072
 21
-2.375945
 31
0.0
  0
LINE
  5
1C77
330
1F
100
AcDbEntity
  8
1
  6
CONTINUOUS
370
50
 62
4
100
AcDbLine
 10
35.057499
 20
-3.459067
 30
0.0
 11
35.031429
 21
-3.45576
 31
0.0
  0
LINE
  5
1C78
330
1F
100
AcDbEntity
  8
1
  6
CONTINUOUS
370
50
 62
4
100
AcDbLine
 10
30.578213
 20
-2.382561
 30
0.0
 11
30.552143
 21
-2.379255
 31
0.0
  0
LINE
  5
1C79
330
1F
100
AcDbEntity
  8
1
  6
CONTINUOUS
370
50
 62
4
100
AcDbLine
 10
30.604284
 20
-2.385864
 30
0.0
 11
30.578213
 21
-2.382561
 31
0.0
  0
LINE
  5
1C7A
330
1F
100
AcDbEntity
  8
1
  6
CONTINUOUS
370
50
 62
4
100
AcDbLine
 10
30.630356
 20
-2.389163
 30
0.0
 11
30.604284
 21
-2.385864
 31
0.0
  0
LINE
  5
1C7B
330
1F
100
AcDbEntity
  8
1
  6
CONTINUOUS
370
50
 62
4
100
AcDbLine
 10
30.656427
 20
-2.39246
 30
0.0
 11
30.630356
 21
-2.389163
 31
0.0
  0
LINE
  5
1C7C
330
1F
100
AcDbEntity
  8
1
  6
CONTINUOUS
370
50
 62
4
100
AcDbLine
 10
30.682501
 20
-2.395753
 30
0.0
 11
30.656427
 21
-2.39246
 31
0.0
  0
LINE
  5
1C7D
330
1F
100
AcDbEntity
  8
1
  6
CONTINUOUS
370
50
 62
4
100
AcDbLine
 10
29.432501
 20
2.446235
 30
0.0
 11
29.406427
 21
2.449521
 31
0.0
  0
LINE
  5
1C7E
330
1F
100
AcDbEntity
  8
1
  6
CONTINUOUS
370
50
 62
4
100
AcDbLine
 10
29.406427
 20
2.449521
 30
0.0
 11
29.380356
 21
2.452806
 31
0.0
  0
LINE
  5
1C7F
330
1F
100
AcDbEntity
  8
1
  6
CONTINUOUS
370
50
 62
4
100
AcDbLine
 10
29.380356
 20
2.452806
 30
0.0
 11
29.354284
 21
2.456088
 31
0.0
  0
LINE
  5
1C80
330
1F
100
AcDbEntity
  8
1
  6
CONTINUOUS
370
50
 62
4
100
AcDbLine
 10
29.354284
 20
2.456088
 30
0.0
 11
29.328213
 21
2.459369
 31
0.0
  0
LINE
  5
1C81
330
1F
100
AcDbEntity
  8
1
  6
CONTINUOUS
370
50
 62
4
100
AcDbLine
 10
11.750834
 20
-2.672382
 30
0.0
 11
11.750667
 21
-2.672361
 31
0.0
  0
LINE
  5
1C82
330
1F
100
AcDbEntity
  8
1
  6
CONTINUOUS
370
50
 62
4
100
AcDbLine
 10
11.750167
 20
-2.672301
 30
0.0
 11
11.75
 21
-2.67228
 31
0.0
  0
LINE
  5
1C83
330
1F
100
AcDbEntity
  8
1
  6
CONTINUOUS
370
50
 62
4
100
AcDbLine
 10
29.328213
 20
2.459369
 30
0.0
 11
29.302141
 21
2.462647
 31
0.0
  0
LINE
  5
1C84
330
1F
100
AcDbEntity
  8
1
  6
CONTINUOUS
370
50
 62
4
100
AcDbLine
 10
29.302141
 20
2.462647
 30
0.0
 11
29.276072
 21
2.465924
 31
0.0
  0
LINE
  5
1C85
330
1F
100
AcDbEntity
  8
1
  6
CONTINUOUS
370
50
 62
4
100
AcDbLine
 10
29.276072
 20
2.465924
 30
0.0
 11
29.25
 21
2.469199
 31
0.0
  0
LINE
  5
1C86
330
1F
100
AcDbEntity
  8
1
  6
CONTINUOUS
370
50
 62
4
100
AcDbLine
 10
23.807501
 20
3.705201
 30
0.0
 11
23.781429
 21
3.708436
 31
0.0
  0
LINE
  5
1C87
330
1F
100
AcDbEntity
  8
1
  6
CONTINUOUS
370
50
 62
4
100
AcDbLine
 10
23.781429
 20
3.708436
 30
0.0
 11
23.755358
 21
3.711667
 31
0.0
  0
LINE
  5
1C88
330
1F
100
AcDbEntity
  8
1
  6
CONTINUOUS
370
50
 62
4
100
AcDbLine
 10
23.755358
 20
3.711667
 30
0.0
 11
23.729288
 21
3.714892
 31
0.0
  0
LINE
  5
1C89
330
1F
100
AcDbEntity
  8
1
  6
CONTINUOUS
370
50
 62
4
100
AcDbLine
 10
23.729288
 20
3.714892
 30
0.0
 11
23.703217
 21
3.718112
 31
0.0
  0
LINE
  5
1C8A
330
1F
100
AcDbEntity
  8
1
  6
CONTINUOUS
370
50
 62
4
100
AcDbLine
 10
4.700949
 20
-4.967555
 30
0.0
 11
4.653353
 21
-4.961679999999999
 31
0.0
  0
LINE
  5
1C8B
330
1F
100
AcDbEntity
  8
1
  6
CONTINUOUS
370
50
 62
4
100
AcDbLine
 10
23.703217
 20
3.718112
 30
0.0
 11
23.677145
 21
3.721326
 31
0.0
  0
LINE
  5
1C8C
330
1F
100
AcDbEntity
  8
1
  6
CONTINUOUS
370
50
 62
4
100
AcDbLine
 10
23.677145
 20
3.721326
 30
0.0
 11
23.651072
 21
3.724535
 31
0.0
  0
LINE
  5
1C8D
330
1F
100
AcDbEntity
  8
1
  6
CONTINUOUS
370
50
 62
4
100
AcDbLine
 10
23.651072
 20
3.724535
 30
0.0
 11
23.625
 21
3.727739
 31
0.0
  0
LINE
  5
1C8E
330
1F
100
AcDbEntity
  8
1
  6
CONTINUOUS
370
50
 62
4
100
AcDbLine
 10
28.182501
 20
2.601648
 30
0.0
 11
28.156427
 21
2.604841
 31
0.0
  0
LINE
  5
1C8F
330
1F
100
AcDbEntity
  8
1
  6
CONTINUOUS
370
50
 62
4
100
AcDbLine
 10
27.557501
 20
3.685661
 30
0.0
 11
27.531427
 21
3.688854
 31
0.0
  0
LINE
  5
1C90
330
1F
100
AcDbEntity
  8
1
  6
CONTINUOUS
370
50
 62
4
100
AcDbLine
 10
28.156427
 20
2.604841
 30
0.0
 11
28.130356
 21
2.608033
 31
0.0
  0
LINE
  5
1C91
330
1F
100
AcDbEntity
  8
1
  6
CONTINUOUS
370
50
 62
4
100
AcDbLine
 10
27.531427
 20
3.688854
 30
0.0
 11
27.505356
 21
3.692044
 31
0.0
  0
LINE
  5
1C92
330
1F
100
AcDbEntity
  8
1
  6
CONTINUOUS
370
50
 62
4
100
AcDbLine
 10
28.130356
 20
2.608033
 30
0.0
 11
28.104284
 21
2.611223
 31
0.0
  0
LINE
  5
1C93
330
1F
100
AcDbEntity
  8
1
  6
CONTINUOUS
370
50
 62
4
100
AcDbLine
 10
28.104284
 20
2.611223
 30
0.0
 11
28.078213
 21
2.614411
 31
0.0
  0
LINE
  5
1C94
330
1F
100
AcDbEntity
  8
1
  6
CONTINUOUS
370
50
 62
4
100
AcDbLine
 10
27.505356
 20
3.692044
 30
0.0
 11
27.479284
 21
3.69523
 31
0.0
  0
LINE
  5
1C95
330
1F
100
AcDbEntity
  8
1
  6
CONTINUOUS
370
50
 62
4
100
AcDbLine
 10
28.078213
 20
2.614411
 30
0.0
 11
28.052141
 21
2.617596
 31
0.0
  0
LINE
  5
1C96
330
1F
100
AcDbEntity
  8
1
  6
CONTINUOUS
370
50
 62
4
100
AcDbLine
 10
28.052141
 20
2.617596
 30
0.0
 11
28.026072
 21
2.62078
 31
0.0
  0
LINE
  5
1C97
330
1F
100
AcDbEntity
  8
1
  6
CONTINUOUS
370
50
 62
4
100
AcDbLine
 10
27.479284
 20
3.69523
 30
0.0
 11
27.453213
 21
3.698413
 31
0.0
  0
LINE
  5
1C98
330
1F
100
AcDbEntity
  8
1
  6
CONTINUOUS
370
50
 62
4
100
AcDbLine
 10
28.026072
 20
2.62078
 30
0.0
 11
28.0
 21
2.623961
 31
0.0
  0
LINE
  5
1C99
330
1F
100
AcDbEntity
  8
1
  6
CONTINUOUS
370
50
 62
4
100
AcDbLine
 10
27.453213
 20
3.698413
 30
0.0
 11
27.427141
 21
3.701592
 31
0.0
  0
LINE
  5
1C9A
330
1F
100
AcDbEntity
  8
1
  6
CONTINUOUS
370
50
 62
4
100
AcDbLine
 10
27.427141
 20
3.701592
 30
0.0
 11
27.40107
 21
3.704769
 31
0.0
  0
LINE
  5
1C9B
330
1F
100
AcDbEntity
  8
1
  6
CONTINUOUS
370
50
 62
4
100
AcDbLine
 10
27.40107
 20
3.704769
 30
0.0
 11
27.375
 21
3.707942
 31
0.0
  0
LINE
  5
1C9C
330
1F
100
AcDbEntity
  8
1
  6
CONTINUOUS
370
50
 62
4
100
AcDbLine
 10
11.776929
 20
-2.675708
 30
0.0
 11
11.751
 21
-2.672558
 31
0.0
  0
LINE
  5
1C9D
330
1F
100
AcDbEntity
  8
1
  6
CONTINUOUS
370
50
 62
4
100
AcDbLine
 10
11.802858
 20
-2.678856
 30
0.0
 11
11.776929
 21
-2.675708
 31
0.0
  0
LINE
  5
1C9E
330
1F
100
AcDbEntity
  8
1
  6
CONTINUOUS
370
50
 62
4
100
AcDbLine
 10
11.828787
 20
-2.682001
 30
0.0
 11
11.802858
 21
-2.678856
 31
0.0
  0
LINE
  5
1C9F
330
1F
100
AcDbEntity
  8
1
  6
CONTINUOUS
370
50
 62
4
100
AcDbLine
 10
14.495751
 20
0.077187
 30
0.0
 11
14.4325
 21
0.084858
 31
0.0
  0
LINE
  5
1CA0
330
1F
100
AcDbEntity
  8
1
  6
CONTINUOUS
370
50
 62
4
100
AcDbLine
 10
26.081049
 20
3.864978
 30
0.0
 11
26.072159
 21
3.866056
 31
0.0
  0
LINE
  5
1CA1
330
1F
100
AcDbEntity
  8
1
  6
CONTINUOUS
370
50
 62
4
100
AcDbLine
 10
36.452915
 20
1.276143
 30
0.0
 11
34.908981
 21
1.463308
 31
0.0
  0
LINE
  5
1CA2
330
1F
100
AcDbEntity
  8
1
  6
CONTINUOUS
370
50
 62
4
100
AcDbLine
 10
11.854715
 20
-2.685144
 30
0.0
 11
11.828787
 21
-2.682001
 31
0.0
  0
LINE
  5
1CA3
330
1F
100
AcDbEntity
  8
1
  6
CONTINUOUS
370
50
 62
4
100
AcDbLine
 10
11.880644
 20
-2.688285
 30
0.0
 11
11.854715
 21
-2.685144
 31
0.0
  0
LINE
  5
1CA4
330
1F
100
AcDbEntity
  8
1
  6
CONTINUOUS
370
50
 62
4
100
AcDbLine
 10
31.776072
 20
-2.530996
 30
0.0
 11
31.75
 21
-2.527838
 31
0.0
  0
LINE
  5
1CA5
330
1F
100
AcDbEntity
  8
1
  6
CONTINUOUS
370
50
 62
4
100
AcDbLine
 10
11.906572
 20
-2.691424
 30
0.0
 11
11.880644
 21
-2.688285
 31
0.0
  0
LINE
  5
1CA6
330
1F
100
AcDbEntity
  8
1
  6
CONTINUOUS
370
50
 62
4
100
AcDbLine
 10
31.802143
 20
-2.534152
 30
0.0
 11
31.776072
 21
-2.530996
 31
0.0
  0
LINE
  5
1CA7
330
1F
100
AcDbEntity
  8
1
  6
CONTINUOUS
370
50
 62
4
100
AcDbLine
 10
36.149506
 20
-3.59433
 30
0.0
 11
36.125
 21
-3.591364
 31
0.0
  0
LINE
  5
1CA8
330
1F
100
AcDbEntity
  8
1
  6
CONTINUOUS
370
50
 62
4
100
AcDbLine
 10
37.42715099999999
 20
-3.748791
 30
0.0
 11
37.401077
 21
-3.745637
 31
0.0
  0
LINE
  5
1CA9
330
1F
100
AcDbEntity
  8
1
  6
CONTINUOUS
370
50
 62
4
100
AcDbLine
 10
11.9325
 20
-2.69456
 30
0.0
 11
11.906572
 21
-2.691424
 31
0.0
  0
LINE
  5
1CAA
330
1F
100
AcDbEntity
  8
1
  6
CONTINUOUS
370
50
 62
4
100
AcDbLine
 10
37.505363
 20
-3.758249
 30
0.0
 11
37.479294
 21
-3.755096
 31
0.0
  0
LINE
  5
1CAB
330
1F
100
AcDbEntity
  8
1
  6
CONTINUOUS
370
50
 62
4
100
AcDbLine
 10
37.45322
 20
-3.751944
 30
0.0
 11
37.42715099999999
 21
-3.748791
 31
0.0
  0
LINE
  5
1CAC
330
1F
100
AcDbEntity
  8
1
  6
CONTINUOUS
370
50
 62
4
100
AcDbLine
 10
31.828213
 20
-2.537305
 30
0.0
 11
31.802143
 21
-2.534152
 31
0.0
  0
LINE
  5
1CAD
330
1F
100
AcDbEntity
  8
1
  6
CONTINUOUS
370
50
 62
4
100
AcDbLine
 10
37.557499
 20
-3.764553
 30
0.0
 11
37.531433
 21
-3.761401
 31
0.0
  0
LINE
  5
1CAE
330
1F
100
AcDbEntity
  8
1
  6
CONTINUOUS
370
50
 62
4
100
AcDbLine
 10
37.401077
 20
-3.745637
 30
0.0
 11
37.375
 21
-3.742484
 31
0.0
  0
LINE
  5
1CAF
330
1F
100
AcDbEntity
  8
1
  6
CONTINUOUS
370
50
 62
4
100
AcDbLine
 10
37.531433
 20
-3.761401
 30
0.0
 11
37.505363
 21
-3.758249
 31
0.0
  0
LINE
  5
1CB0
330
1F
100
AcDbEntity
  8
1
  6
CONTINUOUS
370
50
 62
4
100
AcDbLine
 10
36.174568
 20
-3.59736
 30
0.0
 11
36.149506
 21
-3.59433
 31
0.0
  0
LINE
  5
1CB1
330
1F
100
AcDbEntity
  8
1
  6
CONTINUOUS
370
50
 62
4
100
AcDbLine
 10
37.479294
 20
-3.755096
 30
0.0
 11
37.45322
 21
-3.751944
 31
0.0
  0
LINE
  5
1CB2
330
1F
100
AcDbEntity
  8
1
  6
CONTINUOUS
370
50
 62
4
100
AcDbLine
 10
36.200165
 20
-3.600452
 30
0.0
 11
36.174568
 21
-3.59736
 31
0.0
  0
LINE
  5
1CB3
330
1F
100
AcDbEntity
  8
1
  6
CONTINUOUS
370
50
 62
4
100
AcDbLine
 10
36.307499
 20
-3.613414
 30
0.0
 11
36.279964
 21
-3.610088
 31
0.0
  0
LINE
  5
1CB4
330
1F
100
AcDbEntity
  8
1
  6
CONTINUOUS
370
50
 62
4
100
AcDbLine
 10
36.226276
 20
-3.603606
 30
0.0
 11
36.200165
 21
-3.600452
 31
0.0
  0
LINE
  5
1CB5
330
1F
100
AcDbEntity
  8
1
  6
CONTINUOUS
370
50
 62
4
100
AcDbLine
 10
31.854284
 20
-2.540454
 30
0.0
 11
31.828213
 21
-2.537305
 31
0.0
  0
LINE
  5
1CB6
330
1F
100
AcDbEntity
  8
1
  6
CONTINUOUS
370
50
 62
4
100
AcDbLine
 10
36.279964
 20
-3.610088
 30
0.0
 11
36.252884
 21
-3.606818
 31
0.0
  0
LINE
  5
1CB7
330
1F
100
AcDbEntity
  8
1
  6
CONTINUOUS
370
50
 62
4
100
AcDbLine
 10
36.252884
 20
-3.606818
 30
0.0
 11
36.226276
 21
-3.603606
 31
0.0
  0
LINE
  5
1CB8
330
1F
100
AcDbEntity
  8
1
  6
CONTINUOUS
370
50
 62
4
100
AcDbLine
 10
31.880356
 20
-2.5436
 30
0.0
 11
31.854284
 21
-2.540454
 31
0.0
  0
LINE
  5
1CB9
330
1F
100
AcDbEntity
  8
1
  6
CONTINUOUS
370
50
 62
4
100
AcDbLine
 10
31.906427
 20
-2.546743
 30
0.0
 11
31.880356
 21
-2.5436
 31
0.0
  0
LINE
  5
1CBA
330
1F
100
AcDbEntity
  8
1
  6
CONTINUOUS
370
50
 62
4
100
AcDbLine
 10
11.751
 20
-2.672402
 30
0.0
 11
11.750834
 21
-2.672382
 31
0.0
  0
LINE
  5
1CBB
330
1F
100
AcDbEntity
  8
1
  6
CONTINUOUS
370
50
 62
4
100
AcDbLine
 10
11.7505
 20
-2.672341
 30
0.0
 11
11.750334
 21
-2.672321
 31
0.0
  0
LINE
  5
1CBC
330
1F
100
AcDbEntity
  8
1
  6
CONTINUOUS
370
50
 62
4
100
AcDbLine
 10
31.932501
 20
-2.549883
 30
0.0
 11
31.906427
 21
-2.546743
 31
0.0
  0
LINE
  5
1CBD
330
1F
100
AcDbEntity
  8
1
  6
CONTINUOUS
370
50
 62
4
100
AcDbLine
 10
32.970711
 20
3.146255
 30
0.0
 11
32.963417
 21
3.147132
 31
0.0
  0
LINE
  5
1CBE
330
1F
100
AcDbEntity
  8
1
  6
CONTINUOUS
370
50
 62
4
100
AcDbLine
 10
11.750667
 20
-2.672361
 30
0.0
 11
11.7505
 21
-2.672341
 31
0.0
  0
LINE
  5
1CBF
330
1F
100
AcDbEntity
  8
1
  6
CONTINUOUS
370
50
 62
4
100
AcDbLine
 10
11.750334
 20
-2.672321
 30
0.0
 11
11.750167
 21
-2.672301
 31
0.0
  0
LINE
  5
1CC0
330
1F
100
AcDbEntity
  8
1
  6
CONTINUOUS
370
50
 62
4
100
AcDbLine
 10
31.656603
 20
3.278768
 30
0.0
 11
31.638178
 21
3.280971
 31
0.0
  0
LINE
  5
1CC1
330
1F
100
AcDbEntity
  8
1
  6
CONTINUOUS
370
50
 62
4
100
AcDbLine
 10
26.932501
 20
2.75245
 30
0.0
 11
26.906427
 21
2.755543
 31
0.0
  0
LINE
  5
1CC2
330
1F
100
AcDbEntity
  8
1
  6
CONTINUOUS
370
50
 62
4
100
AcDbLine
 10
26.906427
 20
2.755543
 30
0.0
 11
26.880356
 21
2.758635
 31
0.0
  0
LINE
  5
1CC3
330
1F
100
AcDbEntity
  8
1
  6
CONTINUOUS
370
50
 62
4
100
AcDbLine
 10
26.880356
 20
2.758635
 30
0.0
 11
26.854284
 21
2.761724
 31
0.0
  0
LINE
  5
1CC4
330
1F
100
AcDbEntity
  8
1
  6
CONTINUOUS
370
50
 62
4
100
AcDbLine
 10
26.854284
 20
2.761724
 30
0.0
 11
26.828213
 21
2.76481
 31
0.0
  0
LINE
  5
1CC5
330
1F
100
AcDbEntity
  8
1
  6
CONTINUOUS
370
50
 62
4
100
AcDbLine
 10
26.828213
 20
2.76481
 30
0.0
 11
26.802141
 21
2.767895
 31
0.0
  0
LINE
  5
1CC6
330
1F
100
AcDbEntity
  8
1
  6
CONTINUOUS
370
50
 62
4
100
AcDbLine
 10
26.802141
 20
2.767895
 30
0.0
 11
26.776072
 21
2.770977
 31
0.0
  0
LINE
  5
1CC7
330
1F
100
AcDbEntity
  8
1
  6
CONTINUOUS
370
50
 62
4
100
AcDbLine
 10
26.776072
 20
2.770977
 30
0.0
 11
26.75
 21
2.774057
 31
0.0
  0
LINE
  5
1CC8
330
1F
100
AcDbEntity
  8
1
  6
CONTINUOUS
370
50
 62
4
100
AcDbLine
 10
34.908981
 20
1.463308
 30
0.0
 11
33.365044
 21
1.645294
 31
0.0
  0
LINE
  5
1CC9
330
1F
100
AcDbEntity
  8
1
  6
CONTINUOUS
370
50
 62
4
100
AcDbLine
 10
11.75
 20
0.5232359999999999
 30
0.0
 11
11.597257
 21
0.541169
 31
0.0
  0
LINE
  5
1CCA
330
1F
100
AcDbEntity
  8
1
  6
CONTINUOUS
370
50
 62
4
100
AcDbLine
 10
13.026072
 20
-2.824708
 30
0.0
 11
13.0
 21
-2.821655
 31
0.0
  0
LINE
  5
1CCB
330
1F
100
AcDbEntity
  8
1
  6
CONTINUOUS
370
50
 62
4
100
AcDbLine
 10
36.932499
 20
2.730256
 30
0.0
 11
36.906433
 21
2.733308
 31
0.0
  0
LINE
  5
1CCC
330
1F
100
AcDbEntity
  8
1
  6
CONTINUOUS
370
50
 62
4
100
AcDbLine
 10
13.052144
 20
-2.827759
 30
0.0
 11
13.026072
 21
-2.824708
 31
0.0
  0
LINE
  5
1CCD
330
1F
100
AcDbEntity
  8
1
  6
CONTINUOUS
370
50
 62
4
100
AcDbLine
 10
13.078216
 20
-2.830808
 30
0.0
 11
13.052144
 21
-2.827759
 31
0.0
  0
LINE
  5
1CCE
330
1F
100
AcDbEntity
  8
1
  6
CONTINUOUS
370
50
 62
4
100
AcDbLine
 10
13.104287
 20
-2.833854
 30
0.0
 11
13.078216
 21
-2.830808
 31
0.0
  0
LINE
  5
1CCF
330
1F
100
AcDbEntity
  8
1
  6
CONTINUOUS
370
50
 62
4
100
AcDbLine
 10
36.906433
 20
2.733308
 30
0.0
 11
36.880363
 21
2.736353
 31
0.0
  0
LINE
  5
1CD0
330
1F
100
AcDbEntity
  8
1
  6
CONTINUOUS
370
50
 62
4
100
AcDbLine
 10
13.130358
 20
-2.836898
 30
0.0
 11
13.104287
 21
-2.833854
 31
0.0
  0
LINE
  5
1CD1
330
1F
100
AcDbEntity
  8
1
  6
CONTINUOUS
370
50
 62
4
100
AcDbLine
 10
13.156429
 20
-2.839939
 30
0.0
 11
13.130358
 21
-2.836898
 31
0.0
  0
LINE
  5
1CD2
330
1F
100
AcDbEntity
  8
1
  6
CONTINUOUS
370
50
 62
4
100
AcDbLine
 10
13.1825
 20
-2.842978
 30
0.0
 11
13.156429
 21
-2.839939
 31
0.0
  0
LINE
  5
1CD3
330
1F
100
AcDbEntity
  8
1
  6
CONTINUOUS
370
50
 62
4
100
AcDbLine
 10
36.880363
 20
2.736353
 30
0.0
 11
36.85429
 21
2.739391
 31
0.0
  0
LINE
  5
1CD4
330
1F
100
AcDbEntity
  8
1
  6
CONTINUOUS
370
50
 62
4
100
AcDbLine
 10
26.307501
 20
3.835012
 30
0.0
 11
26.281427
 21
3.838045
 31
0.0
  0
LINE
  5
1CD5
330
1F
100
AcDbEntity
  8
1
  6
CONTINUOUS
370
50
 62
4
100
AcDbLine
 10
36.85429
 20
2.739391
 30
0.0
 11
36.82822
 21
2.742422
 31
0.0
  0
LINE
  5
1CD6
330
1F
100
AcDbEntity
  8
1
  6
CONTINUOUS
370
50
 62
4
100
AcDbLine
 10
26.281427
 20
3.838045
 30
0.0
 11
26.255356
 21
3.841073
 31
0.0
  0
LINE
  5
1CD7
330
1F
100
AcDbEntity
  8
1
  6
CONTINUOUS
370
50
 62
4
100
AcDbLine
 10
26.255356
 20
3.841073
 30
0.0
 11
26.229284
 21
3.844098
 31
0.0
  0
LINE
  5
1CD8
330
1F
100
AcDbEntity
  8
1
  6
CONTINUOUS
370
50
 62
4
100
AcDbLine
 10
36.82822
 20
2.742422
 30
0.0
 11
36.802147
 21
2.745446
 31
0.0
  0
LINE
  5
1CD9
330
1F
100
AcDbEntity
  8
1
  6
CONTINUOUS
370
50
 62
4
100
AcDbLine
 10
26.229284
 20
3.844098
 30
0.0
 11
26.203213
 21
3.84712
 31
0.0
  0
LINE
  5
1CDA
330
1F
100
AcDbEntity
  8
1
  6
CONTINUOUS
370
50
 62
4
100
AcDbLine
 10
26.203213
 20
3.84712
 30
0.0
 11
26.177141
 21
3.850138
 31
0.0
  0
LINE
  5
1CDB
330
1F
100
AcDbEntity
  8
1
  6
CONTINUOUS
370
50
 62
4
100
AcDbLine
 10
36.802147
 20
2.745446
 30
0.0
 11
36.776073
 21
2.748463
 31
0.0
  0
LINE
  5
1CDC
330
1F
100
AcDbEntity
  8
1
  6
CONTINUOUS
370
50
 62
4
100
AcDbLine
 10
26.177141
 20
3.850138
 30
0.0
 11
26.15107
 21
3.853152
 31
0.0
  0
LINE
  5
1CDD
330
1F
100
AcDbEntity
  8
1
  6
CONTINUOUS
370
50
 62
4
100
AcDbLine
 10
26.15107
 20
3.853152
 30
0.0
 11
26.125
 21
3.856163
 31
0.0
  0
LINE
  5
1CDE
330
1F
100
AcDbEntity
  8
1
  6
CONTINUOUS
370
50
 62
4
100
AcDbLine
 10
36.776073
 20
2.748463
 30
0.0
 11
36.75
 21
2.751473
 31
0.0
  0
LINE
  5
1CDF
330
1F
100
AcDbEntity
  8
1
  6
CONTINUOUS
370
50
 62
4
100
AcDbLine
 10
33.02607
 20
-2.67875
 30
0.0
 11
33.0
 21
-2.675741
 31
0.0
  0
LINE
  5
1CE0
330
1F
100
AcDbEntity
  8
1
  6
CONTINUOUS
370
50
 62
4
100
AcDbLine
 10
33.052143
 20
-2.681754
 30
0.0
 11
33.02607
 21
-2.67875
 31
0.0
  0
LINE
  5
1CE1
330
1F
100
AcDbEntity
  8
1
  6
CONTINUOUS
370
50
 62
4
100
AcDbLine
 10
33.078213
 20
-2.684756
 30
0.0
 11
33.052143
 21
-2.681754
 31
0.0
  0
LINE
  5
1CE2
330
1F
100
AcDbEntity
  8
1
  6
CONTINUOUS
370
50
 62
4
100
AcDbLine
 10
33.104286
 20
-2.687755
 30
0.0
 11
33.078213
 21
-2.684756
 31
0.0
  0
LINE
  5
1CE3
330
1F
100
AcDbEntity
  8
1
  6
CONTINUOUS
370
50
 62
4
100
AcDbLine
 10
33.130356
 20
-2.690751
 30
0.0
 11
33.104286
 21
-2.687755
 31
0.0
  0
LINE
  5
1CE4
330
1F
100
AcDbEntity
  8
1
  6
CONTINUOUS
370
50
 62
4
100
AcDbLine
 10
33.156429
 20
-2.693743
 30
0.0
 11
33.130356
 21
-2.690751
 31
0.0
  0
LINE
  5
1CE5
330
1F
100
AcDbEntity
  8
1
  6
CONTINUOUS
370
50
 62
4
100
AcDbLine
 10
33.182499
 20
-2.696733
 30
0.0
 11
33.156429
 21
-2.693743
 31
0.0
  0
LINE
  5
1CE6
330
1F
100
AcDbEntity
  8
1
  6
CONTINUOUS
370
50
 62
4
100
AcDbLine
 10
33.365044
 20
1.645294
 30
0.0
 11
31.821108
 21
1.82227
 31
0.0
  0
LINE
  5
1CE7
330
1F
100
AcDbEntity
  8
1
  6
CONTINUOUS
370
50
 62
4
100
AcDbLine
 10
22.557501
 20
3.854444
 30
0.0
 11
22.531429
 21
3.85743
 31
0.0
  0
LINE
  5
1CE8
330
1F
100
AcDbEntity
  8
1
  6
CONTINUOUS
370
50
 62
4
100
AcDbLine
 10
25.682501
 20
2.898209
 30
0.0
 11
25.656427
 21
2.901192
 31
0.0
  0
LINE
  5
1CE9
330
1F
100
AcDbEntity
  8
1
  6
CONTINUOUS
370
50
 62
4
100
AcDbLine
 10
22.531429
 20
3.85743
 30
0.0
 11
22.505358
 21
3.860411
 31
0.0
  0
LINE
  5
1CEA
330
1F
100
AcDbEntity
  8
1
  6
CONTINUOUS
370
50
 62
4
100
AcDbLine
 10
25.656427
 20
2.901192
 30
0.0
 11
25.630356
 21
2.904172
 31
0.0
  0
LINE
  5
1CEB
330
1F
100
AcDbEntity
  8
1
  6
CONTINUOUS
370
50
 62
4
100
AcDbLine
 10
25.630356
 20
2.904172
 30
0.0
 11
25.604284
 21
2.90715
 31
0.0
  0
LINE
  5
1CEC
330
1F
100
AcDbEntity
  8
1
  6
CONTINUOUS
370
50
 62
4
100
AcDbLine
 10
22.505358
 20
3.860411
 30
0.0
 11
22.479286
 21
3.863387
 31
0.0
  0
LINE
  5
1CED
330
1F
100
AcDbEntity
  8
1
  6
CONTINUOUS
370
50
 62
4
100
AcDbLine
 10
25.604284
 20
2.90715
 30
0.0
 11
25.578213
 21
2.910125
 31
0.0
  0
LINE
  5
1CEE
330
1F
100
AcDbEntity
  8
1
  6
CONTINUOUS
370
50
 62
4
100
AcDbLine
 10
25.578213
 20
2.910125
 30
0.0
 11
25.552141
 21
2.913098
 31
0.0
  0
LINE
  5
1CEF
330
1F
100
AcDbEntity
  8
1
  6
CONTINUOUS
370
50
 62
4
100
AcDbLine
 10
11.597257
 20
0.541169
 30
0.0
 11
11.44451
 21
0.558584
 31
0.0
  0
LINE
  5
1CF0
330
1F
100
AcDbEntity
  8
1
  6
CONTINUOUS
370
50
 62
4
100
AcDbLine
 10
25.552141
 20
2.913098
 30
0.0
 11
25.526072
 21
2.916069
 31
0.0
  0
LINE
  5
1CF1
330
1F
100
AcDbEntity
  8
1
  6
CONTINUOUS
370
50
 62
4
100
AcDbLine
 10
22.479286
 20
3.863387
 30
0.0
 11
22.453215
 21
3.866358
 31
0.0
  0
LINE
  5
1CF2
330
1F
100
AcDbEntity
  8
1
  6
CONTINUOUS
370
50
 62
4
100
AcDbLine
 10
25.526072
 20
2.916069
 30
0.0
 11
25.5
 21
2.919037
 31
0.0
  0
LINE
  5
1CF3
330
1F
100
AcDbEntity
  8
1
  6
CONTINUOUS
370
50
 62
4
100
AcDbLine
 10
22.453215
 20
3.866358
 30
0.0
 11
22.427143
 21
3.869324
 31
0.0
  0
LINE
  5
1CF4
330
1F
100
AcDbEntity
  8
1
  6
CONTINUOUS
370
50
 62
4
100
AcDbLine
 10
22.427143
 20
3.869324
 30
0.0
 11
22.401072
 21
3.872285
 31
0.0
  0
LINE
  5
1CF5
330
1F
100
AcDbEntity
  8
1
  6
CONTINUOUS
370
50
 62
4
100
AcDbLine
 10
22.401072
 20
3.872285
 30
0.0
 11
22.375
 21
3.875241
 31
0.0
  0
LINE
  5
1CF6
330
1F
100
AcDbEntity
  8
1
  6
CONTINUOUS
370
50
 62
4
100
AcDbLine
 10
37.993999
 20
-0.315166
 30
0.0
 11
37.992802
 21
-0.315031
 31
0.0
  0
LINE
  5
1CF7
330
1F
100
AcDbEntity
  8
1
  6
CONTINUOUS
370
50
 62
4
100
AcDbLine
 10
38.0
 20
-0.315841
 30
0.0
 11
37.998802
 21
-0.315706
 31
0.0
  0
LINE
  5
1CF8
330
1F
100
AcDbEntity
  8
1
  6
CONTINUOUS
370
50
 62
4
100
AcDbLine
 10
37.996399
 20
-0.315436
 30
0.0
 11
37.995201
 21
-0.315301
 31
0.0
  0
LINE
  5
1CF9
330
1F
100
AcDbEntity
  8
1
  6
CONTINUOUS
370
50
 62
4
100
AcDbLine
 10
37.998802
 20
-0.315706
 30
0.0
 11
37.997601
 21
-0.315571
 31
0.0
  0
LINE
  5
1CFA
330
1F
100
AcDbEntity
  8
1
  6
CONTINUOUS
370
50
 62
4
100
AcDbLine
 10
37.997601
 20
-0.315571
 30
0.0
 11
37.996399
 21
-0.315436
 31
0.0
  0
LINE
  5
1CFB
330
1F
100
AcDbEntity
  8
1
  6
CONTINUOUS
370
50
 62
4
100
AcDbLine
 10
37.995201
 20
-0.315301
 30
0.0
 11
37.993999
 21
-0.315166
 31
0.0
  0
LINE
  5
1CFC
330
1F
100
AcDbEntity
  8
1
  6
CONTINUOUS
370
50
 62
4
100
AcDbLine
 10
38.0
 20
-0.314065
 30
0.0
 11
37.998787
 21
-0.313929
 31
0.0
  0
LINE
  5
1CFD
330
1F
100
AcDbEntity
  8
1
  6
CONTINUOUS
370
50
 62
4
100
AcDbLine
 10
37.99757
 20
-0.313793
 30
0.0
 11
37.996357
 21
-0.313657
 31
0.0
  0
LINE
  5
1CFE
330
1F
100
AcDbEntity
  8
1
  6
CONTINUOUS
370
50
 62
4
100
AcDbLine
 10
37.995144
 20
-0.313522
 30
0.0
 11
37.992718
 21
-0.31325
 31
0.0
  0
LINE
  5
1CFF
330
1F
100
AcDbEntity
  8
1
  6
CONTINUOUS
370
50
 62
4
100
AcDbLine
 10
37.998787
 20
-0.313929
 30
0.0
 11
37.99757
 21
-0.313793
 31
0.0
  0
LINE
  5
1D00
330
1F
100
AcDbEntity
  8
1
  6
CONTINUOUS
370
50
 62
4
100
AcDbLine
 10
31.821108
 20
1.82227
 30
0.0
 11
30.277172
 21
1.994185
 31
0.0
  0
LINE
  5
1D01
330
1F
100
AcDbEntity
  8
1
  6
CONTINUOUS
370
50
 62
4
100
AcDbLine
 10
37.996357
 20
-0.313657
 30
0.0
 11
37.995144
 21
-0.313522
 31
0.0
  0
LINE
  5
1D02
330
1F
100
AcDbEntity
  8
1
  6
CONTINUOUS
370
50
 62
4
100
AcDbLine
 10
37.992802
 20
-0.315031
 30
0.0
 11
37.524693
 21
-0.262962
 31
0.0
  0
LINE
  5
1D03
330
1F
100
AcDbEntity
  8
1
  6
CONTINUOUS
370
50
 62
4
100
AcDbLine
 10
14.276071
 20
-2.967507
 30
0.0
 11
14.25
 21
-2.964622
 31
0.0
  0
LINE
  5
1D04
330
1F
100
AcDbEntity
  8
1
  6
CONTINUOUS
370
50
 62
4
100
AcDbLine
 10
37.992718
 20
-0.31325
 30
0.0
 11
37.50631
 21
-0.259466
 31
0.0
  0
LINE
  5
1D05
330
1F
100
AcDbEntity
  8
1
  6
CONTINUOUS
370
50
 62
4
100
AcDbLine
 10
11.44451
 20
0.558584
 30
0.0
 11
11.291764
 21
0.575472
 31
0.0
  0
LINE
  5
1D06
330
1F
100
AcDbEntity
  8
1
  6
CONTINUOUS
370
50
 62
4
100
AcDbLine
 10
14.302142
 20
-2.970388
 30
0.0
 11
14.276071
 21
-2.967507
 31
0.0
  0
LINE
  5
1D07
330
1F
100
AcDbEntity
  8
1
  6
CONTINUOUS
370
50
 62
4
100
AcDbLine
 10
14.328213
 20
-2.973265
 30
0.0
 11
14.302142
 21
-2.970388
 31
0.0
  0
LINE
  5
1D08
330
1F
100
AcDbEntity
  8
1
  6
CONTINUOUS
370
50
 62
4
100
AcDbLine
 10
14.354284
 20
-2.976137
 30
0.0
 11
14.328213
 21
-2.973265
 31
0.0
  0
LINE
  5
1D09
330
1F
100
AcDbEntity
  8
1
  6
CONTINUOUS
370
50
 62
4
100
AcDbLine
 10
14.380356
 20
-2.979006
 30
0.0
 11
14.354284
 21
-2.976137
 31
0.0
  0
LINE
  5
1D0A
330
1F
100
AcDbEntity
  8
1
  6
CONTINUOUS
370
50
 62
4
100
AcDbLine
 10
14.406428
 20
-2.98187
 30
0.0
 11
14.380356
 21
-2.979006
 31
0.0
  0
LINE
  5
1D0B
330
1F
100
AcDbEntity
  8
1
  6
CONTINUOUS
370
50
 62
4
100
AcDbLine
 10
34.27607
 20
-2.819339
 30
0.0
 11
34.25
 21
-2.816479
 31
0.0
  0
LINE
  5
1D0C
330
1F
100
AcDbEntity
  8
1
  6
CONTINUOUS
370
50
 62
4
100
AcDbLine
 10
14.4325
 20
-2.98473
 30
0.0
 11
14.406428
 21
-2.98187
 31
0.0
  0
LINE
  5
1D0D
330
1F
100
AcDbEntity
  8
1
  6
CONTINUOUS
370
50
 62
4
100
AcDbLine
 10
25.057501
 20
3.976349
 30
0.0
 11
25.029995
 21
3.979364
 31
0.0
  0
LINE
  5
1D0E
330
1F
100
AcDbEntity
  8
1
  6
CONTINUOUS
370
50
 62
4
100
AcDbLine
 10
34.302143
 20
-2.822196
 30
0.0
 11
34.27607
 21
-2.819339
 31
0.0
  0
LINE
  5
1D0F
330
1F
100
AcDbEntity
  8
1
  6
CONTINUOUS
370
50
 62
4
100
AcDbLine
 10
34.328213
 20
-2.82505
 30
0.0
 11
34.302143
 21
-2.822196
 31
0.0
  0
LINE
  5
1D10
330
1F
100
AcDbEntity
  8
1
  6
CONTINUOUS
370
50
 62
4
100
AcDbLine
 10
25.029995
 20
3.979364
 30
0.0
 11
25.002958
 21
3.982323
 31
0.0
  0
LINE
  5
1D11
330
1F
100
AcDbEntity
  8
1
  6
CONTINUOUS
370
50
 62
4
100
AcDbLine
 10
34.354286
 20
-2.8279
 30
0.0
 11
34.328213
 21
-2.82505
 31
0.0
  0
LINE
  5
1D12
330
1F
100
AcDbEntity
  8
1
  6
CONTINUOUS
370
50
 62
4
100
AcDbLine
 10
25.002958
 20
3.982323
 30
0.0
 11
24.976397
 21
3.985226
 31
0.0
  0
LINE
  5
1D13
330
1F
100
AcDbEntity
  8
1
  6
CONTINUOUS
370
50
 62
4
100
AcDbLine
 10
34.380356
 20
-2.830748
 30
0.0
 11
34.354286
 21
-2.8279
 31
0.0
  0
LINE
  5
1D14
330
1F
100
AcDbEntity
  8
1
  6
CONTINUOUS
370
50
 62
4
100
AcDbLine
 10
24.976397
 20
3.985226
 30
0.0
 11
24.950314
 21
3.988073
 31
0.0
  0
LINE
  5
1D15
330
1F
100
AcDbEntity
  8
1
  6
CONTINUOUS
370
50
 62
4
100
AcDbLine
 10
34.406429
 20
-2.833593
 30
0.0
 11
34.380356
 21
-2.830748
 31
0.0
  0
LINE
  5
1D16
330
1F
100
AcDbEntity
  8
1
  6
CONTINUOUS
370
50
 62
4
100
AcDbLine
 10
24.950314
 20
3.988073
 30
0.0
 11
24.924715
 21
3.990863
 31
0.0
  0
LINE
  5
1D17
330
1F
100
AcDbEntity
  8
1
  6
CONTINUOUS
370
50
 62
4
100
AcDbLine
 10
34.432499
 20
-2.836434
 30
0.0
 11
34.406429
 21
-2.833593
 31
0.0
  0
LINE
  5
1D18
330
1F
100
AcDbEntity
  8
1
  6
CONTINUOUS
370
50
 62
4
100
AcDbLine
 10
24.924715
 20
3.990863
 30
0.0
 11
24.899609
 21
3.993597
 31
0.0
  0
LINE
  5
1D19
330
1F
100
AcDbEntity
  8
1
  6
CONTINUOUS
370
50
 62
4
100
AcDbLine
 10
37.524693
 20
-0.262962
 30
0.0
 11
37.056591
 21
-0.212062
 31
0.0
  0
LINE
  5
1D1A
330
1F
100
AcDbEntity
  8
1
  6
CONTINUOUS
370
50
 62
4
100
AcDbLine
 10
24.899609
 20
3.993597
 30
0.0
 11
24.875
 21
3.996272
 31
0.0
  0
LINE
  5
1D1B
330
1F
100
AcDbEntity
  8
1
  6
CONTINUOUS
370
50
 62
4
100
AcDbLine
 10
24.432501
 20
3.038099
 30
0.0
 11
24.406429
 21
3.040926
 31
0.0
  0
LINE
  5
1D1C
330
1F
100
AcDbEntity
  8
1
  6
CONTINUOUS
370
50
 62
4
100
AcDbLine
 10
26.122652
 20
3.860591
 30
0.0
 11
26.072159
 21
3.866055
 31
0.0
  0
LINE
  5
1D1D
330
1F
100
AcDbEntity
  8
1
  6
CONTINUOUS
370
50
 62
4
100
AcDbLine
 10
24.406429
 20
3.040926
 30
0.0
 11
24.380358
 21
3.043747
 31
0.0
  0
LINE
  5
1D1E
330
1F
100
AcDbEntity
  8
1
  6
CONTINUOUS
370
50
 62
4
100
AcDbLine
 10
26.173143
 20
3.855129
 30
0.0
 11
26.122652
 21
3.860591
 31
0.0
  0
LINE
  5
1D1F
330
1F
100
AcDbEntity
  8
1
  6
CONTINUOUS
370
50
 62
4
100
AcDbLine
 10
26.223637
 20
3.849669
 30
0.0
 11
26.173143
 21
3.855129
 31
0.0
  0
LINE
  5
1D20
330
1F
100
AcDbEntity
  8
1
  6
CONTINUOUS
370
50
 62
4
100
AcDbLine
 10
26.27413
 20
3.844213
 30
0.0
 11
26.223637
 21
3.849669
 31
0.0
  0
LINE
  5
1D21
330
1F
100
AcDbEntity
  8
1
  6
CONTINUOUS
370
50
 62
4
100
AcDbLine
 10
24.380358
 20
3.043747
 30
0.0
 11
24.354286
 21
3.046564
 31
0.0
  0
LINE
  5
1D22
330
1F
100
AcDbEntity
  8
1
  6
CONTINUOUS
370
50
 62
4
100
AcDbLine
 10
26.324621
 20
3.838759
 30
0.0
 11
26.27413
 21
3.844213
 31
0.0
  0
LINE
  5
1D23
330
1F
100
AcDbEntity
  8
1
  6
CONTINUOUS
370
50
 62
4
100
AcDbLine
 10
26.375114
 20
3.833307
 30
0.0
 11
26.324621
 21
3.838759
 31
0.0
  0
LINE
  5
1D24
330
1F
100
AcDbEntity
  8
1
  6
CONTINUOUS
370
50
 62
4
100
AcDbLine
 10
30.277172
 20
1.994185
 30
0.0
 11
28.733236
 21
2.160835
 31
0.0
  0
LINE
  5
1D25
330
1F
100
AcDbEntity
  8
1
  6
CONTINUOUS
370
50
 62
4
100
AcDbLine
 10
37.50631
 20
-0.259466
 30
0.0
 11
37.019905
 21
-0.206972
 31
0.0
  0
LINE
  5
1D26
330
1F
100
AcDbEntity
  8
1
  6
CONTINUOUS
370
50
 62
4
100
AcDbLine
 10
24.354286
 20
3.046564
 30
0.0
 11
24.328215
 21
3.049376
 31
0.0
  0
LINE
  5
1D27
330
1F
100
AcDbEntity
  8
1
  6
CONTINUOUS
370
50
 62
4
100
AcDbLine
 10
24.328215
 20
3.049376
 30
0.0
 11
24.302143
 21
3.052184
 31
0.0
  0
LINE
  5
1D28
330
1F
100
AcDbEntity
  8
1
  6
CONTINUOUS
370
50
 62
4
100
AcDbLine
 10
24.302143
 20
3.052184
 30
0.0
 11
24.276072
 21
3.054988
 31
0.0
  0
LINE
  5
1D29
330
1F
100
AcDbEntity
  8
1
  6
CONTINUOUS
370
50
 62
4
100
AcDbLine
 10
24.276072
 20
3.054988
 30
0.0
 11
24.25
 21
3.057787
 31
0.0
  0
LINE
  5
1D2A
330
1F
100
AcDbEntity
  8
1
  6
CONTINUOUS
370
50
 62
4
100
AcDbLine
 10
35.682499
 20
2.86946
 30
0.0
 11
35.656429
 21
2.872257
 31
0.0
  0
LINE
  5
1D2B
330
1F
100
AcDbEntity
  8
1
  6
CONTINUOUS
370
50
 62
4
100
AcDbLine
 10
35.656429
 20
2.872257
 30
0.0
 11
35.630356
 21
2.875051
 31
0.0
  0
LINE
  5
1D2C
330
1F
100
AcDbEntity
  8
1
  6
CONTINUOUS
370
50
 62
4
100
AcDbLine
 10
35.630356
 20
2.875051
 30
0.0
 11
35.604286
 21
2.877843
 31
0.0
  0
LINE
  5
1D2D
330
1F
100
AcDbEntity
  8
1
  6
CONTINUOUS
370
50
 62
4
100
AcDbLine
 10
11.291764
 20
0.575472
 30
0.0
 11
11.139023
 21
0.591827
 31
0.0
  0
LINE
  5
1D2E
330
1F
100
AcDbEntity
  8
1
  6
CONTINUOUS
370
50
 62
4
100
AcDbLine
 10
32.963417
 20
3.147132
 30
0.0
 11
32.956139
 21
3.147911
 31
0.0
  0
LINE
  5
1D2F
330
1F
100
AcDbEntity
  8
1
  6
CONTINUOUS
370
50
 62
4
100
AcDbLine
 10
27.317104
 20
3.732089
 30
0.0
 11
27.263887
 21
3.737782
 31
0.0
  0
LINE
  5
1D30
330
1F
100
AcDbEntity
  8
1
  6
CONTINUOUS
370
50
 62
4
100
AcDbLine
 10
35.604286
 20
2.877843
 30
0.0
 11
35.578213
 21
2.880631
 31
0.0
  0
LINE
  5
1D31
330
1F
100
AcDbEntity
  8
1
  6
CONTINUOUS
370
50
 62
4
100
AcDbLine
 10
27.370321
 20
3.7264
 30
0.0
 11
27.317104
 21
3.732089
 31
0.0
  0
LINE
  5
1D32
330
1F
100
AcDbEntity
  8
1
  6
CONTINUOUS
370
50
 62
4
100
AcDbLine
 10
27.423538
 20
3.720713
 30
0.0
 11
27.370321
 21
3.7264
 31
0.0
  0
LINE
  5
1D33
330
1F
100
AcDbEntity
  8
1
  6
CONTINUOUS
370
50
 62
4
100
AcDbLine
 10
35.578213
 20
2.880631
 30
0.0
 11
35.552143
 21
2.883416
 31
0.0
  0
LINE
  5
1D34
330
1F
100
AcDbEntity
  8
1
  6
CONTINUOUS
370
50
 62
4
100
AcDbLine
 10
27.476755
 20
3.71503
 30
0.0
 11
27.423538
 21
3.720713
 31
0.0
  0
LINE
  5
1D35
330
1F
100
AcDbEntity
  8
1
  6
CONTINUOUS
370
50
 62
4
100
AcDbLine
 10
27.529972
 20
3.709349
 30
0.0
 11
27.476755
 21
3.71503
 31
0.0
  0
LINE
  5
1D36
330
1F
100
AcDbEntity
  8
1
  6
CONTINUOUS
370
50
 62
4
100
AcDbLine
 10
35.552143
 20
2.883416
 30
0.0
 11
35.52607
 21
2.886199
 31
0.0
  0
LINE
  5
1D37
330
1F
100
AcDbEntity
  8
1
  6
CONTINUOUS
370
50
 62
4
100
AcDbLine
 10
27.583189
 20
3.703672
 30
0.0
 11
27.529972
 21
3.709349
 31
0.0
  0
LINE
  5
1D38
330
1F
100
AcDbEntity
  8
1
  6
CONTINUOUS
370
50
 62
4
100
AcDbLine
 10
27.636406
 20
3.697999
 30
0.0
 11
27.583189
 21
3.703672
 31
0.0
  0
LINE
  5
1D39
330
1F
100
AcDbEntity
  8
1
  6
CONTINUOUS
370
50
 62
4
100
AcDbLine
 10
35.52607
 20
2.886199
 30
0.0
 11
35.5
 21
2.888978
 31
0.0
  0
LINE
  5
1D3A
330
1F
100
AcDbEntity
  8
1
  6
CONTINUOUS
370
50
 62
4
100
AcDbLine
 10
27.689623
 20
3.692328
 30
0.0
 11
27.636406
 21
3.697999
 31
0.0
  0
LINE
  5
1D3B
330
1F
100
AcDbEntity
  8
1
  6
CONTINUOUS
370
50
 62
4
100
AcDbLine
 10
12.401073
 20
-3.996257
 30
0.0
 11
12.375
 21
-3.993484
 31
0.0
  0
LINE
  5
1D3C
330
1F
100
AcDbEntity
  8
1
  6
CONTINUOUS
370
50
 62
4
100
AcDbLine
 10
37.056591
 20
-0.212062
 30
0.0
 11
36.588493
 21
-0.162307
 31
0.0
  0
LINE
  5
1D3D
330
1F
100
AcDbEntity
  8
1
  6
CONTINUOUS
370
50
 62
4
100
AcDbLine
 10
12.427144
 20
-3.999025
 30
0.0
 11
12.401073
 21
-3.996257
 31
0.0
  0
LINE
  5
1D3E
330
1F
100
AcDbEntity
  8
1
  6
CONTINUOUS
370
50
 62
4
100
AcDbLine
 10
12.453216
 20
-4.00179
 30
0.0
 11
12.427144
 21
-3.999025
 31
0.0
  0
LINE
  5
1D3F
330
1F
100
AcDbEntity
  8
1
  6
CONTINUOUS
370
50
 62
4
100
AcDbLine
 10
12.479287
 20
-4.00455
 30
0.0
 11
12.453216
 21
-4.00179
 31
0.0
  0
LINE
  5
1D40
330
1F
100
AcDbEntity
  8
1
  6
CONTINUOUS
370
50
 62
4
100
AcDbLine
 10
12.505359
 20
-4.007307
 30
0.0
 11
12.479287
 21
-4.00455
 31
0.0
  0
LINE
  5
1D41
330
1F
100
AcDbEntity
  8
1
  6
CONTINUOUS
370
50
 62
4
100
AcDbLine
 10
28.513235
 20
3.604979
 30
0.0
 11
28.454981
 21
3.611131
 31
0.0
  0
LINE
  5
1D42
330
1F
100
AcDbEntity
  8
1
  6
CONTINUOUS
370
50
 62
4
100
AcDbLine
 10
12.531429
 20
-4.01006
 30
0.0
 11
12.505359
 21
-4.007307
 31
0.0
  0
LINE
  5
1D43
330
1F
100
AcDbEntity
  8
1
  6
CONTINUOUS
370
50
 62
4
100
AcDbLine
 10
28.571487
 20
3.59883
 30
0.0
 11
28.513235
 21
3.604979
 31
0.0
  0
LINE
  5
1D44
330
1F
100
AcDbEntity
  8
1
  6
CONTINUOUS
370
50
 62
4
100
AcDbLine
 10
28.625671
 20
3.593115
 30
0.0
 11
28.571487
 21
3.59883
 31
0.0
  0
LINE
  5
1D45
330
1F
100
AcDbEntity
  8
1
  6
CONTINUOUS
370
50
 62
4
100
AcDbLine
 10
12.5575
 20
-4.012808
 30
0.0
 11
12.531429
 21
-4.01006
 31
0.0
  0
LINE
  5
1D46
330
1F
100
AcDbEntity
  8
1
  6
CONTINUOUS
370
50
 62
4
100
AcDbLine
 10
28.679857
 20
3.587404
 30
0.0
 11
28.625671
 21
3.593115
 31
0.0
  0
LINE
  5
1D47
330
1F
100
AcDbEntity
  8
1
  6
CONTINUOUS
370
50
 62
4
100
AcDbLine
 10
28.734041
 20
3.581696
 30
0.0
 11
28.679857
 21
3.587404
 31
0.0
  0
LINE
  5
1D48
330
1F
100
AcDbEntity
  8
1
  6
CONTINUOUS
370
50
 62
4
100
AcDbLine
 10
28.788225
 20
3.575991
 30
0.0
 11
28.734041
 21
3.581696
 31
0.0
  0
LINE
  5
1D49
330
1F
100
AcDbEntity
  8
1
  6
CONTINUOUS
370
50
 62
4
100
AcDbLine
 10
21.307501
 20
3.991938
 30
0.0
 11
21.281429
 21
3.994683
 31
0.0
  0
LINE
  5
1D4A
330
1F
100
AcDbEntity
  8
1
  6
CONTINUOUS
370
50
 62
4
100
AcDbLine
 10
37.019905
 20
-0.206972
 30
0.0
 11
36.540508
 21
-0.15651
 31
0.0
  0
LINE
  5
1D4B
330
1F
100
AcDbEntity
  8
1
  6
CONTINUOUS
370
50
 62
4
100
AcDbLine
 10
28.842409
 20
3.57029
 30
0.0
 11
28.788225
 21
3.575991
 31
0.0
  0
LINE
  5
1D4C
330
1F
100
AcDbEntity
  8
1
  6
CONTINUOUS
370
50
 62
4
100
AcDbLine
 10
28.896593
 20
3.564592
 30
0.0
 11
28.842409
 21
3.57029
 31
0.0
  0
LINE
  5
1D4D
330
1F
100
AcDbEntity
  8
1
  6
CONTINUOUS
370
50
 62
4
100
AcDbLine
 10
21.281429
 20
3.994683
 30
0.0
 11
21.255358
 21
3.997423
 31
0.0
  0
LINE
  5
1D4E
330
1F
100
AcDbEntity
  8
1
  6
CONTINUOUS
370
50
 62
4
100
AcDbLine
 10
28.950779
 20
3.558898
 30
0.0
 11
28.896593
 21
3.564592
 31
0.0
  0
LINE
  5
1D4F
330
1F
100
AcDbEntity
  8
1
  6
CONTINUOUS
370
50
 62
4
100
AcDbLine
 10
29.004963
 20
3.553207
 30
0.0
 11
28.950779
 21
3.558898
 31
0.0
  0
LINE
  5
1D50
330
1F
100
AcDbEntity
  8
1
  6
CONTINUOUS
370
50
 62
4
100
AcDbLine
 10
21.255358
 20
3.997423
 30
0.0
 11
21.229286
 21
4.000159
 31
0.0
  0
LINE
  5
1D51
330
1F
100
AcDbEntity
  8
1
  6
CONTINUOUS
370
50
 62
4
100
AcDbLine
 10
21.229286
 20
4.000159
 30
0.0
 11
21.203215
 21
4.00289
 31
0.0
  0
LINE
  5
1D52
330
1F
100
AcDbEntity
  8
1
  6
CONTINUOUS
370
50
 62
4
100
AcDbLine
 10
16.370676
 20
-0.267038
 30
0.0
 11
16.307501
 21
-0.260433
 31
0.0
  0
LINE
  5
1D53
330
1F
100
AcDbEntity
  8
1
  6
CONTINUOUS
370
50
 62
4
100
AcDbLine
 10
21.203215
 20
4.00289
 30
0.0
 11
21.177143
 21
4.005615
 31
0.0
  0
LINE
  5
1D54
330
1F
100
AcDbEntity
  8
1
  6
CONTINUOUS
370
50
 62
4
100
AcDbLine
 10
21.177143
 20
4.005615
 30
0.0
 11
21.151072
 21
4.008336
 31
0.0
  0
LINE
  5
1D55
330
1F
100
AcDbEntity
  8
1
  6
CONTINUOUS
370
50
 62
4
100
AcDbLine
 10
21.151072
 20
4.008336
 30
0.0
 11
21.125
 21
4.011051999999999
 31
0.0
  0
LINE
  5
1D56
330
1F
100
AcDbEntity
  8
1
  6
CONTINUOUS
370
50
 62
4
100
AcDbLine
 10
29.729912
 20
3.47741
 30
0.0
 11
29.645451
 21
3.486208
 31
0.0
  0
LINE
  5
1D57
330
1F
100
AcDbEntity
  8
1
  6
CONTINUOUS
370
50
 62
4
100
AcDbLine
 10
28.733236
 20
2.160835
 30
0.0
 11
27.189304
 21
2.321629
 31
0.0
  0
LINE
  5
1D58
330
1F
100
AcDbEntity
  8
1
  6
CONTINUOUS
370
50
 62
4
100
AcDbLine
 10
35.52607
 20
-2.952868
 30
0.0
 11
35.5
 21
-2.950154
 31
0.0
  0
LINE
  5
1D59
330
1F
100
AcDbEntity
  8
1
  6
CONTINUOUS
370
50
 62
4
100
AcDbLine
 10
29.814373
 20
3.468621
 30
0.0
 11
29.729912
 21
3.47741
 31
0.0
  0
LINE
  5
1D5A
330
1F
100
AcDbEntity
  8
1
  6
CONTINUOUS
370
50
 62
4
100
AcDbLine
 10
29.898834
 20
3.45984
 30
0.0
 11
29.814373
 21
3.468621
 31
0.0
  0
LINE
  5
1D5B
330
1F
100
AcDbEntity
  8
1
  6
CONTINUOUS
370
50
 62
4
100
AcDbLine
 10
35.552143
 20
-2.955578
 30
0.0
 11
35.52607
 21
-2.952868
 31
0.0
  0
LINE
  5
1D5C
330
1F
100
AcDbEntity
  8
1
  6
CONTINUOUS
370
50
 62
4
100
AcDbLine
 10
36.588493
 20
-0.162307
 30
0.0
 11
36.120411
 21
-0.113659
 31
0.0
  0
LINE
  5
1D5D
330
1F
100
AcDbEntity
  8
1
  6
CONTINUOUS
370
50
 62
4
100
AcDbLine
 10
29.983294
 20
3.451068
 30
0.0
 11
29.898834
 21
3.45984
 31
0.0
  0
LINE
  5
1D5E
330
1F
100
AcDbEntity
  8
1
  6
CONTINUOUS
370
50
 62
4
100
AcDbLine
 10
35.578213
 20
-2.958285
 30
0.0
 11
35.552143
 21
-2.955578
 31
0.0
  0
LINE
  5
1D5F
330
1F
100
AcDbEntity
  8
1
  6
CONTINUOUS
370
50
 62
4
100
AcDbLine
 10
29.713602
 20
0.5486489999999999
 30
0.0
 11
26.978243
 21
0.832561
 31
0.0
  0
LINE
  5
1D60
330
1F
100
AcDbEntity
  8
1
  6
CONTINUOUS
370
50
 62
4
100
AcDbLine
 10
30.067755
 20
3.442305
 30
0.0
 11
29.983294
 21
3.451068
 31
0.0
  0
LINE
  5
1D61
330
1F
100
AcDbEntity
  8
1
  6
CONTINUOUS
370
50
 62
4
100
AcDbLine
 10
35.604286
 20
-2.960989
 30
0.0
 11
35.578213
 21
-2.958285
 31
0.0
  0
LINE
  5
1D62
330
1F
100
AcDbEntity
  8
1
  6
CONTINUOUS
370
50
 62
4
100
AcDbLine
 10
30.152216
 20
3.433551
 30
0.0
 11
30.067755
 21
3.442305
 31
0.0
  0
LINE
  5
1D63
330
1F
100
AcDbEntity
  8
1
  6
CONTINUOUS
370
50
 62
4
100
AcDbLine
 10
35.630356
 20
-2.963691
 30
0.0
 11
35.604286
 21
-2.960989
 31
0.0
  0
LINE
  5
1D64
330
1F
100
AcDbEntity
  8
1
  6
CONTINUOUS
370
50
 62
4
100
AcDbLine
 10
32.448929
 20
0.265303
 30
0.0
 11
29.713602
 21
0.5486489999999999
 31
0.0
  0
LINE
  5
1D65
330
1F
100
AcDbEntity
  8
1
  6
CONTINUOUS
370
50
 62
4
100
AcDbLine
 10
11.139023
 20
0.591827
 30
0.0
 11
10.98629
 21
0.6076429999999999
 31
0.0
  0
LINE
  5
1D66
330
1F
100
AcDbEntity
  8
1
  6
CONTINUOUS
370
50
 62
4
100
AcDbLine
 10
30.236677
 20
3.424805
 30
0.0
 11
30.152216
 21
3.433551
 31
0.0
  0
LINE
  5
1D67
330
1F
100
AcDbEntity
  8
1
  6
CONTINUOUS
370
50
 62
4
100
AcDbLine
 10
35.656429
 20
-2.966389
 30
0.0
 11
35.630356
 21
-2.963691
 31
0.0
  0
LINE
  5
1D68
330
1F
100
AcDbEntity
  8
1
  6
CONTINUOUS
370
50
 62
4
100
AcDbLine
 10
30.321136
 20
3.416069
 30
0.0
 11
30.236677
 21
3.424805
 31
0.0
  0
LINE
  5
1D69
330
1F
100
AcDbEntity
  8
1
  6
CONTINUOUS
370
50
 62
4
100
AcDbLine
 10
35.682499
 20
-2.969084
 30
0.0
 11
35.656429
 21
-2.966389
 31
0.0
  0
LINE
  5
1D6A
330
1F
100
AcDbEntity
  8
1
  6
CONTINUOUS
370
50
 62
4
100
AcDbLine
 10
36.540508
 20
-0.15651
 30
0.0
 11
36.07375
 21
-0.108283
 31
0.0
  0
LINE
  5
1D6B
330
1F
100
AcDbEntity
  8
1
  6
CONTINUOUS
370
50
 62
4
100
AcDbLine
 10
35.184242
 20
-0.017141
 30
0.0
 11
32.448929
 21
0.265303
 31
0.0
  0
LINE
  5
1D6C
330
1F
100
AcDbEntity
  8
1
  6
CONTINUOUS
370
50
 62
4
100
AcDbLine
 10
26.978243
 20
0.832561
 30
0.0
 11
24.242819
 21
1.114983
 31
0.0
  0
LINE
  5
1D6D
330
1F
100
AcDbEntity
  8
1
  6
CONTINUOUS
370
50
 62
4
100
AcDbLine
 10
35.652325
 20
-0.065408
 30
0.0
 11
35.184242
 21
-0.017141
 31
0.0
  0
LINE
  5
1D6E
330
1F
100
AcDbEntity
  8
1
  6
CONTINUOUS
370
50
 62
4
100
AcDbLine
 10
14.140883
 20
-1.052407
 30
0.0
 11
11.750001
 21
-0.80589
 31
0.0
  0
LINE
  5
1D6F
330
1F
100
AcDbEntity
  8
1
  6
CONTINUOUS
370
50
 62
4
100
AcDbLine
 10
36.120411
 20
-0.113659
 30
0.0
 11
35.652325
 21
-0.065408
 31
0.0
  0
LINE
  5
1D70
330
1F
100
AcDbEntity
  8
1
  6
CONTINUOUS
370
50
 62
4
100
AcDbLine
 10
38.000008
 20
2.649536
 30
0.0
 11
37.758068
 21
2.674457
 31
0.0
  0
LINE
  5
1D71
330
1F
100
AcDbEntity
  8
1
  6
CONTINUOUS
370
50
 62
4
100
AcDbLine
 10
15.526071
 20
-3.100905
 30
0.0
 11
15.5
 21
-3.098221
 31
0.0
  0
LINE
  5
1D72
330
1F
100
AcDbEntity
  8
1
  6
CONTINUOUS
370
50
 62
4
100
AcDbLine
 10
15.552142
 20
-3.103586
 30
0.0
 11
15.526071
 21
-3.100905
 31
0.0
  0
LINE
  5
1D73
330
1F
100
AcDbEntity
  8
1
  6
CONTINUOUS
370
50
 62
4
100
AcDbLine
 10
14.107005
 20
-1.04425
 30
0.0
 11
11.75
 21
-0.802179
 31
0.0
  0
LINE
  5
1D74
330
1F
100
AcDbEntity
  8
1
  6
CONTINUOUS
370
50
 62
4
100
AcDbLine
 10
30.935658
 20
3.352765
 30
0.0
 11
30.835297
 21
3.363072
 31
0.0
  0
LINE
  5
1D75
330
1F
100
AcDbEntity
  8
1
  6
CONTINUOUS
370
50
 62
4
100
AcDbLine
 10
15.578214
 20
-3.106263
 30
0.0
 11
15.552142
 21
-3.103586
 31
0.0
  0
LINE
  5
1D76
330
1F
100
AcDbEntity
  8
1
  6
CONTINUOUS
370
50
 62
4
100
AcDbLine
 10
31.036016
 20
3.342471
 30
0.0
 11
30.935658
 21
3.352765
 31
0.0
  0
LINE
  5
1D77
330
1F
100
AcDbEntity
  8
1
  6
CONTINUOUS
370
50
 62
4
100
AcDbLine
 10
35.621994
 20
-0.062012
 30
0.0
 11
35.184345
 21
-0.01715
 31
0.0
  0
LINE
  5
1D78
330
1F
100
AcDbEntity
  8
1
  6
CONTINUOUS
370
50
 62
4
100
AcDbLine
 10
15.604285
 20
-3.108935
 30
0.0
 11
15.578214
 21
-3.106263
 31
0.0
  0
LINE
  5
1D79
330
1F
100
AcDbEntity
  8
1
  6
CONTINUOUS
370
50
 62
4
100
AcDbLine
 10
31.136377
 20
3.33219
 30
0.0
 11
31.036016
 21
3.342471
 31
0.0
  0
LINE
  5
1D7A
330
1F
100
AcDbEntity
  8
1
  6
CONTINUOUS
370
50
 62
4
100
AcDbLine
 10
36.07375
 20
-0.108283
 30
0.0
 11
35.621994
 21
-0.062012
 31
0.0
  0
LINE
  5
1D7B
330
1F
100
AcDbEntity
  8
1
  6
CONTINUOUS
370
50
 62
4
100
AcDbLine
 10
15.630357
 20
-3.111604
 30
0.0
 11
15.604285
 21
-3.108935
 31
0.0
  0
LINE
  5
1D7C
330
1F
100
AcDbEntity
  8
1
  6
CONTINUOUS
370
50
 62
4
100
AcDbLine
 10
31.236738
 20
3.32192
 30
0.0
 11
31.136377
 21
3.33219
 31
0.0
  0
LINE
  5
1D7D
330
1F
100
AcDbEntity
  8
1
  6
CONTINUOUS
370
50
 62
4
100
AcDbLine
 10
31.337097
 20
3.311663
 30
0.0
 11
31.236738
 21
3.32192
 31
0.0
  0
LINE
  5
1D7E
330
1F
100
AcDbEntity
  8
1
  6
CONTINUOUS
370
50
 62
4
100
AcDbLine
 10
15.656428
 20
-3.114268
 30
0.0
 11
15.630357
 21
-3.111604
 31
0.0
  0
LINE
  5
1D7F
330
1F
100
AcDbEntity
  8
1
  6
CONTINUOUS
370
50
 62
4
100
AcDbLine
 10
31.437458
 20
3.301419
 30
0.0
 11
31.337097
 21
3.311663
 31
0.0
  0
LINE
  5
1D80
330
1F
100
AcDbEntity
  8
1
  6
CONTINUOUS
370
50
 62
4
100
AcDbLine
 10
15.6825
 20
-3.116929
 30
0.0
 11
15.656428
 21
-3.114268
 31
0.0
  0
LINE
  5
1D81
330
1F
100
AcDbEntity
  8
1
  6
CONTINUOUS
370
50
 62
4
100
AcDbLine
 10
37.758068
 20
2.674457
 30
0.0
 11
37.516129
 21
2.699138
 31
0.0
  0
LINE
  5
1D82
330
1F
100
AcDbEntity
  8
1
  6
CONTINUOUS
370
50
 62
4
100
AcDbLine
 10
31.537817
 20
3.291187
 30
0.0
 11
31.437458
 21
3.301419
 31
0.0
  0
LINE
  5
1D83
330
1F
100
AcDbEntity
  8
1
  6
CONTINUOUS
370
50
 62
4
100
AcDbLine
 10
34.432499
 20
3.00024
 30
0.0
 11
34.406429
 21
3.002895
 31
0.0
  0
LINE
  5
1D84
330
1F
100
AcDbEntity
  8
1
  6
CONTINUOUS
370
50
 62
4
100
AcDbLine
 10
31.638178
 20
3.280967
 30
0.0
 11
31.537817
 21
3.291187
 31
0.0
  0
LINE
  5
1D85
330
1F
100
AcDbEntity
  8
1
  6
CONTINUOUS
370
50
 62
4
100
AcDbLine
 10
34.406429
 20
3.002895
 30
0.0
 11
34.380356
 21
3.005548
 31
0.0
  0
LINE
  5
1D86
330
1F
100
AcDbEntity
  8
1
  6
CONTINUOUS
370
50
 62
4
100
AcDbLine
 10
34.380356
 20
3.005548
 30
0.0
 11
34.354286
 21
3.008197
 31
0.0
  0
LINE
  5
1D87
330
1F
100
AcDbEntity
  8
1
  6
CONTINUOUS
370
50
 62
4
100
AcDbLine
 10
34.354286
 20
3.008197
 30
0.0
 11
34.328213
 21
3.010843
 31
0.0
  0
LINE
  5
1D88
330
1F
100
AcDbEntity
  8
1
  6
CONTINUOUS
370
50
 62
4
100
AcDbLine
 10
34.328213
 20
3.010843
 30
0.0
 11
34.302143
 21
3.013487
 31
0.0
  0
LINE
  5
1D89
330
1F
100
AcDbEntity
  8
1
  6
CONTINUOUS
370
50
 62
4
100
AcDbLine
 10
36.82822
 20
-3.08551
 30
0.0
 11
36.802147
 21
-3.082869
 31
0.0
  0
LINE
  5
1D8A
330
1F
100
AcDbEntity
  8
1
  6
CONTINUOUS
370
50
 62
4
100
AcDbLine
 10
36.932499
 20
-3.09607
 30
0.0
 11
36.906433
 21
-3.09343
 31
0.0
  0
LINE
  5
1D8B
330
1F
100
AcDbEntity
  8
1
  6
CONTINUOUS
370
50
 62
4
100
AcDbLine
 10
36.88036
 20
-3.09079
 30
0.0
 11
36.82822
 21
-3.08551
 31
0.0
  0
LINE
  5
1D8C
330
1F
100
AcDbEntity
  8
1
  6
CONTINUOUS
370
50
 62
4
100
AcDbLine
 10
36.906433
 20
-3.09343
 30
0.0
 11
36.88036
 21
-3.09079
 31
0.0
  0
LINE
  5
1D8D
330
1F
100
AcDbEntity
  8
1
  6
CONTINUOUS
370
50
 62
4
100
AcDbLine
 10
34.302143
 20
3.013487
 30
0.0
 11
34.27607
 21
3.016127
 31
0.0
  0
LINE
  5
1D8E
330
1F
100
AcDbEntity
  8
1
  6
CONTINUOUS
370
50
 62
4
100
AcDbLine
 10
36.802147
 20
-3.082869
 30
0.0
 11
36.776073
 21
-3.080229
 31
0.0
  0
LINE
  5
1D8F
330
1F
100
AcDbEntity
  8
1
  6
CONTINUOUS
370
50
 62
4
100
AcDbLine
 10
32.089798
 20
3.235133
 30
0.0
 11
32.02449
 21
3.241745
 31
0.0
  0
LINE
  5
1D90
330
1F
100
AcDbEntity
  8
1
  6
CONTINUOUS
370
50
 62
4
100
AcDbLine
 10
36.776073
 20
-3.080229
 30
0.0
 11
36.75
 21
-3.07759
 31
0.0
  0
LINE
  5
1D91
330
1F
100
AcDbEntity
  8
1
  6
CONTINUOUS
370
50
 62
4
100
AcDbLine
 10
34.27607
 20
3.016127
 30
0.0
 11
34.25
 21
3.018765
 31
0.0
  0
LINE
  5
1D92
330
1F
100
AcDbEntity
  8
1
  6
CONTINUOUS
370
50
 62
4
100
AcDbLine
 10
32.155106
 20
3.228525
 30
0.0
 11
32.089798
 21
3.235133
 31
0.0
  0
LINE
  5
1D93
330
1F
100
AcDbEntity
  8
1
  6
CONTINUOUS
370
50
 62
4
100
AcDbLine
 10
32.220417
 20
3.221923
 30
0.0
 11
32.155106
 21
3.228525
 31
0.0
  0
LINE
  5
1D94
330
1F
100
AcDbEntity
  8
1
  6
CONTINUOUS
370
50
 62
4
100
AcDbLine
 10
37.516129
 20
2.699138
 30
0.0
 11
37.274178
 21
2.723582
 31
0.0
  0
LINE
  5
1D95
330
1F
100
AcDbEntity
  8
1
  6
CONTINUOUS
370
50
 62
4
100
AcDbLine
 10
32.285725
 20
3.215326
 30
0.0
 11
32.220417
 21
3.221923
 31
0.0
  0
LINE
  5
1D96
330
1F
100
AcDbEntity
  8
1
  6
CONTINUOUS
370
50
 62
4
100
AcDbLine
 10
32.369526
 20
3.206869
 30
0.0
 11
32.285725
 21
3.215326
 31
0.0
  0
LINE
  5
1D97
330
1F
100
AcDbEntity
  8
1
  6
CONTINUOUS
370
50
 62
4
100
AcDbLine
 10
32.453327
 20
3.19842
 30
0.0
 11
32.369526
 21
3.206869
 31
0.0
  0
LINE
  5
1D98
330
1F
100
AcDbEntity
  8
1
  6
CONTINUOUS
370
50
 62
4
100
AcDbLine
 10
32.537128
 20
3.18998
 30
0.0
 11
32.453327
 21
3.19842
 31
0.0
  0
LINE
  5
1D99
330
1F
100
AcDbEntity
  8
1
  6
CONTINUOUS
370
50
 62
4
100
AcDbLine
 10
32.620934
 20
3.181549
 30
0.0
 11
32.537128
 21
3.18998
 31
0.0
  0
LINE
  5
1D9A
330
1F
100
AcDbEntity
  8
1
  6
CONTINUOUS
370
50
 62
4
100
AcDbLine
 10
32.704735
 20
3.173126
 30
0.0
 11
32.620934
 21
3.181549
 31
0.0
  0
LINE
  5
1D9B
330
1F
100
AcDbEntity
  8
1
  6
CONTINUOUS
370
50
 62
4
100
AcDbLine
 10
32.788536
 20
3.164711
 30
0.0
 11
32.704735
 21
3.173126
 31
0.0
  0
LINE
  5
1D9C
330
1F
100
AcDbEntity
  8
1
  6
CONTINUOUS
370
50
 62
4
100
AcDbLine
 10
32.872337
 20
3.156306
 30
0.0
 11
32.788536
 21
3.164711
 31
0.0
  0
LINE
  5
1D9D
330
1F
100
AcDbEntity
  8
1
  6
CONTINUOUS
370
50
 62
4
100
AcDbLine
 10
23.182501
 20
3.16855
 30
0.0
 11
23.156429
 21
3.171163
 31
0.0
  0
LINE
  5
1D9E
330
1F
100
AcDbEntity
  8
1
  6
CONTINUOUS
370
50
 62
4
100
AcDbLine
 10
32.956139
 20
3.147908
 30
0.0
 11
32.872337
 21
3.156306
 31
0.0
  0
LINE
  5
1D9F
330
1F
100
AcDbEntity
  8
1
  6
CONTINUOUS
370
50
 62
4
100
AcDbLine
 10
37.274178
 20
2.723582
 30
0.0
 11
37.032234
 21
2.747791
 31
0.0
  0
LINE
  5
1DA0
330
1F
100
AcDbEntity
  8
1
  6
CONTINUOUS
370
50
 62
4
100
AcDbLine
 10
23.156429
 20
3.171163
 30
0.0
 11
23.130358
 21
3.173771
 31
0.0
  0
LINE
  5
1DA1
330
1F
100
AcDbEntity
  8
1
  6
CONTINUOUS
370
50
 62
4
100
AcDbLine
 10
10.98629
 20
0.6076429999999999
 30
0.0
 11
10.833568
 21
0.622914
 31
0.0
  0
LINE
  5
1DA2
330
1F
100
AcDbEntity
  8
1
  6
CONTINUOUS
370
50
 62
4
100
AcDbLine
 10
27.189304
 20
2.321629
 30
0.0
 11
25.645372
 21
2.475919
 31
0.0
  0
LINE
  5
1DA3
330
1F
100
AcDbEntity
  8
1
  6
CONTINUOUS
370
50
 62
4
100
AcDbLine
 10
23.130358
 20
3.173771
 30
0.0
 11
23.104286
 21
3.176374
 31
0.0
  0
LINE
  5
1DA4
330
1F
100
AcDbEntity
  8
1
  6
CONTINUOUS
370
50
 62
4
100
AcDbLine
 10
23.104286
 20
3.176374
 30
0.0
 11
23.078215
 21
3.178974
 31
0.0
  0
LINE
  5
1DA5
330
1F
100
AcDbEntity
  8
1
  6
CONTINUOUS
370
50
 62
4
100
AcDbLine
 10
33.472252
 20
3.096379
 30
0.0
 11
33.212994
 21
3.122224
 31
0.0
  0
LINE
  5
1DA6
330
1F
100
AcDbEntity
  8
1
  6
CONTINUOUS
370
50
 62
4
100
AcDbLine
 10
23.807501
 20
4.107461
 30
0.0
 11
23.781429
 21
4.110058
 31
0.0
  0
LINE
  5
1DA7
330
1F
100
AcDbEntity
  8
1
  6
CONTINUOUS
370
50
 62
4
100
AcDbLine
 10
23.078215
 20
3.178974
 30
0.0
 11
23.052143
 21
3.181569
 31
0.0
  0
LINE
  5
1DA8
330
1F
100
AcDbEntity
  8
1
  6
CONTINUOUS
370
50
 62
4
100
AcDbLine
 10
23.052143
 20
3.181569
 30
0.0
 11
23.026072
 21
3.18416
 31
0.0
  0
LINE
  5
1DA9
330
1F
100
AcDbEntity
  8
1
  6
CONTINUOUS
370
50
 62
4
100
AcDbLine
 10
23.781429
 20
4.110058
 30
0.0
 11
23.755358
 21
4.112649
 31
0.0
  0
LINE
  5
1DAA
330
1F
100
AcDbEntity
  8
1
  6
CONTINUOUS
370
50
 62
4
100
AcDbLine
 10
33.731514
 20
3.070616
 30
0.0
 11
33.472252
 21
3.096379
 31
0.0
  0
LINE
  5
1DAB
330
1F
100
AcDbEntity
  8
1
  6
CONTINUOUS
370
50
 62
4
100
AcDbLine
 10
23.755358
 20
4.112649
 30
0.0
 11
23.729288
 21
4.115235
 31
0.0
  0
LINE
  5
1DAC
330
1F
100
AcDbEntity
  8
1
  6
CONTINUOUS
370
50
 62
4
100
AcDbLine
 10
23.026072
 20
3.18416
 30
0.0
 11
23.0
 21
3.186746
 31
0.0
  0
LINE
  5
1DAD
330
1F
100
AcDbEntity
  8
1
  6
CONTINUOUS
370
50
 62
4
100
AcDbLine
 10
37.032234
 20
2.747791
 30
0.0
 11
36.790279
 21
2.771769
 31
0.0
  0
LINE
  5
1DAE
330
1F
100
AcDbEntity
  8
1
  6
CONTINUOUS
370
50
 62
4
100
AcDbLine
 10
33.990776
 20
3.044934
 30
0.0
 11
33.731514
 21
3.070616
 31
0.0
  0
LINE
  5
1DAF
330
1F
100
AcDbEntity
  8
1
  6
CONTINUOUS
370
50
 62
4
100
AcDbLine
 10
23.729288
 20
4.115235
 30
0.0
 11
23.703217
 21
4.117815
 31
0.0
  0
LINE
  5
1DB0
330
1F
100
AcDbEntity
  8
1
  6
CONTINUOUS
370
50
 62
4
100
AcDbLine
 10
34.250034
 20
3.019332
 30
0.0
 11
33.990776
 21
3.044934
 31
0.0
  0
LINE
  5
1DB1
330
1F
100
AcDbEntity
  8
1
  6
CONTINUOUS
370
50
 62
4
100
AcDbLine
 10
13.651071
 20
-4.124467
 30
0.0
 11
13.625
 21
-4.121893
 31
0.0
  0
LINE
  5
1DB2
330
1F
100
AcDbEntity
  8
1
  6
CONTINUOUS
370
50
 62
4
100
AcDbLine
 10
23.703217
 20
4.117815
 30
0.0
 11
23.677145
 21
4.120388999999999
 31
0.0
  0
LINE
  5
1DB3
330
1F
100
AcDbEntity
  8
1
  6
CONTINUOUS
370
50
 62
4
100
AcDbLine
 10
13.677141
 20
-4.127035999999999
 30
0.0
 11
13.651071
 21
-4.124467
 31
0.0
  0
LINE
  5
1DB4
330
1F
100
AcDbEntity
  8
1
  6
CONTINUOUS
370
50
 62
4
100
AcDbLine
 10
23.677145
 20
4.120388999999999
 30
0.0
 11
23.651072
 21
4.122958
 31
0.0
  0
LINE
  5
1DB5
330
1F
100
AcDbEntity
  8
1
  6
CONTINUOUS
370
50
 62
4
100
AcDbLine
 10
34.476833
 20
2.997001
 30
0.0
 11
34.250034
 21
3.019332
 31
0.0
  0
LINE
  5
1DB6
330
1F
100
AcDbEntity
  8
1
  6
CONTINUOUS
370
50
 62
4
100
AcDbLine
 10
23.651072
 20
4.122958
 30
0.0
 11
23.625
 21
4.125522
 31
0.0
  0
LINE
  5
1DB7
330
1F
100
AcDbEntity
  8
1
  6
CONTINUOUS
370
50
 62
4
100
AcDbLine
 10
13.703213
 20
-4.129598
 30
0.0
 11
13.677141
 21
-4.127035999999999
 31
0.0
  0
LINE
  5
1DB8
330
1F
100
AcDbEntity
  8
1
  6
CONTINUOUS
370
50
 62
4
100
AcDbLine
 10
34.703632
 20
2.974731
 30
0.0
 11
34.476833
 21
2.997001
 31
0.0
  0
LINE
  5
1DB9
330
1F
100
AcDbEntity
  8
1
  6
CONTINUOUS
370
50
 62
4
100
AcDbLine
 10
36.790279
 20
2.771769
 30
0.0
 11
36.548328
 21
2.795517
 31
0.0
  0
LINE
  5
1DBA
330
1F
100
AcDbEntity
  8
1
  6
CONTINUOUS
370
50
 62
4
100
AcDbLine
 10
13.729284
 20
-4.132155
 30
0.0
 11
13.703213
 21
-4.129598
 31
0.0
  0
LINE
  5
1DBB
330
1F
100
AcDbEntity
  8
1
  6
CONTINUOUS
370
50
 62
4
100
AcDbLine
 10
16.531765
 20
-1.286789
 30
0.0
 11
14.140883
 21
-1.052407
 31
0.0
  0
LINE
  5
1DBC
330
1F
100
AcDbEntity
  8
1
  6
CONTINUOUS
370
50
 62
4
100
AcDbLine
 10
34.930428
 20
2.952523
 30
0.0
 11
34.703632
 21
2.974731
 31
0.0
  0
LINE
  5
1DBD
330
1F
100
AcDbEntity
  8
1
  6
CONTINUOUS
370
50
 62
4
100
AcDbLine
 10
13.755356
 20
-4.134707
 30
0.0
 11
13.729284
 21
-4.132155
 31
0.0
  0
LINE
  5
1DBE
330
1F
100
AcDbEntity
  8
1
  6
CONTINUOUS
370
50
 62
4
100
AcDbLine
 10
16.500925
 20
-1.278468
 30
0.0
 11
14.107005
 21
-1.04425
 31
0.0
  0
LINE
  5
1DBF
330
1F
100
AcDbEntity
  8
1
  6
CONTINUOUS
370
50
 62
4
100
AcDbLine
 10
13.781427
 20
-4.137252999999999
 30
0.0
 11
13.755356
 21
-4.134707
 31
0.0
  0
LINE
  5
1DC0
330
1F
100
AcDbEntity
  8
1
  6
CONTINUOUS
370
50
 62
4
100
AcDbLine
 10
35.157227
 20
2.930375
 30
0.0
 11
34.930428
 21
2.952523
 31
0.0
  0
LINE
  5
1DC1
330
1F
100
AcDbEntity
  8
1
  6
CONTINUOUS
370
50
 62
4
100
AcDbLine
 10
13.8075
 20
-4.139793
 30
0.0
 11
13.781427
 21
-4.137252999999999
 31
0.0
  0
LINE
  5
1DC2
330
1F
100
AcDbEntity
  8
1
  6
CONTINUOUS
370
50
 62
4
100
AcDbLine
 10
35.384026
 20
2.908287
 30
0.0
 11
35.157227
 21
2.930375
 31
0.0
  0
LINE
  5
1DC3
330
1F
100
AcDbEntity
  8
1
  6
CONTINUOUS
370
50
 62
4
100
AcDbLine
 10
36.548328
 20
2.795517
 30
0.0
 11
36.30637
 21
2.819042
 31
0.0
  0
LINE
  5
1DC4
330
1F
100
AcDbEntity
  8
1
  6
CONTINUOUS
370
50
 62
4
100
AcDbLine
 10
35.610821
 20
2.886259
 30
0.0
 11
35.384026
 21
2.908287
 31
0.0
  0
LINE
  5
1DC5
330
1F
100
AcDbEntity
  8
1
  6
CONTINUOUS
370
50
 62
4
100
AcDbLine
 10
24.242819
 20
1.114983
 30
0.0
 11
21.507374
 21
1.380269
 31
0.0
  0
LINE
  5
1DC6
330
1F
100
AcDbEntity
  8
1
  6
CONTINUOUS
370
50
 62
4
100
AcDbLine
 10
35.83762
 20
2.864291
 30
0.0
 11
35.610821
 21
2.886259
 31
0.0
  0
LINE
  5
1DC7
330
1F
100
AcDbEntity
  8
1
  6
CONTINUOUS
370
50
 62
4
100
AcDbLine
 10
36.064415
 20
2.842384
 30
0.0
 11
35.83762
 21
2.864291
 31
0.0
  0
LINE
  5
1DC8
330
1F
100
AcDbEntity
  8
1
  6
CONTINUOUS
370
50
 62
4
100
AcDbLine
 10
36.30637
 20
2.819042
 30
0.0
 11
36.064415
 21
2.842384
 31
0.0
  0
LINE
  5
1DC9
330
1F
100
AcDbEntity
  8
1
  6
CONTINUOUS
370
50
 62
4
100
AcDbLine
 10
33.182499
 20
3.124219
 30
0.0
 11
33.156429
 21
3.126732
 31
0.0
  0
LINE
  5
1DCA
330
1F
100
AcDbEntity
  8
1
  6
CONTINUOUS
370
50
 62
4
100
AcDbLine
 10
20.057501
 20
4.118047
 30
0.0
 11
20.031429
 21
4.120558
 31
0.0
  0
LINE
  5
1DCB
330
1F
100
AcDbEntity
  8
1
  6
CONTINUOUS
370
50
 62
4
100
AcDbLine
 10
33.156429
 20
3.126732
 30
0.0
 11
33.130356
 21
3.129242
 31
0.0
  0
LINE
  5
1DCC
330
1F
100
AcDbEntity
  8
1
  6
CONTINUOUS
370
50
 62
4
100
AcDbLine
 10
33.130356
 20
3.129242
 30
0.0
 11
33.104286
 21
3.13175
 31
0.0
  0
LINE
  5
1DCD
330
1F
100
AcDbEntity
  8
1
  6
CONTINUOUS
370
50
 62
4
100
AcDbLine
 10
20.031429
 20
4.120558
 30
0.0
 11
20.005358
 21
4.123063999999999
 31
0.0
  0
LINE
  5
1DCE
330
1F
100
AcDbEntity
  8
1
  6
CONTINUOUS
370
50
 62
4
100
AcDbLine
 10
33.104286
 20
3.13175
 30
0.0
 11
33.078213
 21
3.134254
 31
0.0
  0
LINE
  5
1DCF
330
1F
100
AcDbEntity
  8
1
  6
CONTINUOUS
370
50
 62
4
100
AcDbLine
 10
20.005358
 20
4.123063999999999
 30
0.0
 11
19.979286
 21
4.125566
 31
0.0
  0
LINE
  5
1DD0
330
1F
100
AcDbEntity
  8
1
  6
CONTINUOUS
370
50
 62
4
100
AcDbLine
 10
33.078213
 20
3.134254
 30
0.0
 11
33.052143
 21
3.136755
 31
0.0
  0
LINE
  5
1DD1
330
1F
100
AcDbEntity
  8
1
  6
CONTINUOUS
370
50
 62
4
100
AcDbLine
 10
33.052143
 20
3.136755
 30
0.0
 11
33.02607
 21
3.139254
 31
0.0
  0
LINE
  5
1DD2
330
1F
100
AcDbEntity
  8
1
  6
CONTINUOUS
370
50
 62
4
100
AcDbLine
 10
19.979286
 20
4.125566
 30
0.0
 11
19.953215
 21
4.128063
 31
0.0
  0
LINE
  5
1DD3
330
1F
100
AcDbEntity
  8
1
  6
CONTINUOUS
370
50
 62
4
100
AcDbLine
 10
33.02607
 20
3.139254
 30
0.0
 11
33.0
 21
3.141749
 31
0.0
  0
LINE
  5
1DD4
330
1F
100
AcDbEntity
  8
1
  6
CONTINUOUS
370
50
 62
4
100
AcDbLine
 10
16.776072
 20
-3.224875
 30
0.0
 11
16.75
 21
-3.222383
 31
0.0
  0
LINE
  5
1DD5
330
1F
100
AcDbEntity
  8
1
  6
CONTINUOUS
370
50
 62
4
100
AcDbLine
 10
19.953215
 20
4.128063
 30
0.0
 11
19.927143
 21
4.130555
 31
0.0
  0
LINE
  5
1DD6
330
1F
100
AcDbEntity
  8
1
  6
CONTINUOUS
370
50
 62
4
100
AcDbLine
 10
16.433863
 20
-0.273073
 30
0.0
 11
16.370676
 21
-0.267038
 31
0.0
  0
LINE
  5
1DD7
330
1F
100
AcDbEntity
  8
1
  6
CONTINUOUS
370
50
 62
4
100
AcDbLine
 10
16.802143
 20
-3.227363
 30
0.0
 11
16.776072
 21
-3.224875
 31
0.0
  0
LINE
  5
1DD8
330
1F
100
AcDbEntity
  8
1
  6
CONTINUOUS
370
50
 62
4
100
AcDbLine
 10
19.927143
 20
4.130555
 30
0.0
 11
19.901072
 21
4.133042
 31
0.0
  0
LINE
  5
1DD9
330
1F
100
AcDbEntity
  8
1
  6
CONTINUOUS
370
50
 62
4
100
AcDbLine
 10
16.828215
 20
-3.229846
 30
0.0
 11
16.802143
 21
-3.227363
 31
0.0
  0
LINE
  5
1DDA
330
1F
100
AcDbEntity
  8
1
  6
CONTINUOUS
370
50
 62
4
100
AcDbLine
 10
19.901072
 20
4.133042
 30
0.0
 11
19.875
 21
4.135524
 31
0.0
  0
LINE
  5
1DDB
330
1F
100
AcDbEntity
  8
1
  6
CONTINUOUS
370
50
 62
4
100
AcDbLine
 10
16.854286
 20
-3.232326
 30
0.0
 11
16.828215
 21
-3.229846
 31
0.0
  0
LINE
  5
1DDC
330
1F
100
AcDbEntity
  8
1
  6
CONTINUOUS
370
50
 62
4
100
AcDbLine
 10
16.880358
 20
-3.234802
 30
0.0
 11
16.854286
 21
-3.232326
 31
0.0
  0
LINE
  5
1DDD
330
1F
100
AcDbEntity
  8
1
  6
CONTINUOUS
370
50
 62
4
100
AcDbLine
 10
16.906429
 20
-3.237274
 30
0.0
 11
16.880358
 21
-3.234802
 31
0.0
  0
LINE
  5
1DDE
330
1F
100
AcDbEntity
  8
1
  6
CONTINUOUS
370
50
 62
4
100
AcDbLine
 10
25.645372
 20
2.475919
 30
0.0
 11
24.101444
 21
2.622301
 31
0.0
  0
LINE
  5
1DDF
330
1F
100
AcDbEntity
  8
1
  6
CONTINUOUS
370
50
 62
4
100
AcDbLine
 10
16.932501
 20
-3.239742
 30
0.0
 11
16.906429
 21
-3.237274
 31
0.0
  0
LINE
  5
1DE0
330
1F
100
AcDbEntity
  8
1
  6
CONTINUOUS
370
50
 62
4
100
AcDbLine
 10
26.375114
 20
3.833309
 30
0.0
 11
26.363716
 21
3.834385
 31
0.0
  0
LINE
  5
1DE1
330
1F
100
AcDbEntity
  8
1
  6
CONTINUOUS
370
50
 62
4
100
AcDbLine
 10
33.212994
 20
3.122224
 30
0.0
 11
33.207924
 21
3.1227
 31
0.0
  0
LINE
  5
1DE2
330
1F
100
AcDbEntity
  8
1
  6
CONTINUOUS
370
50
 62
4
100
AcDbLine
 10
21.932501
 20
3.288945
 30
0.0
 11
21.906429
 21
3.291352
 31
0.0
  0
LINE
  5
1DE3
330
1F
100
AcDbEntity
  8
1
  6
CONTINUOUS
370
50
 62
4
100
AcDbLine
 10
21.906429
 20
3.291352
 30
0.0
 11
21.880358
 21
3.293755
 31
0.0
  0
LINE
  5
1DE4
330
1F
100
AcDbEntity
  8
1
  6
CONTINUOUS
370
50
 62
4
100
AcDbLine
 10
21.880358
 20
3.293755
 30
0.0
 11
21.854286
 21
3.296153
 31
0.0
  0
LINE
  5
1DE5
330
1F
100
AcDbEntity
  8
1
  6
CONTINUOUS
370
50
 62
4
100
AcDbLine
 10
21.854286
 20
3.296153
 30
0.0
 11
21.828215
 21
3.298547
 31
0.0
  0
LINE
  5
1DE6
330
1F
100
AcDbEntity
  8
1
  6
CONTINUOUS
370
50
 62
4
100
AcDbLine
 10
18.922665
 20
-1.506212
 30
0.0
 11
16.531765
 21
-1.286789
 31
0.0
  0
LINE
  5
1DE7
330
1F
100
AcDbEntity
  8
1
  6
CONTINUOUS
370
50
 62
4
100
AcDbLine
 10
21.828215
 20
3.298547
 30
0.0
 11
21.802143
 21
3.300936
 31
0.0
  0
LINE
  5
1DE8
330
1F
100
AcDbEntity
  8
1
  6
CONTINUOUS
370
50
 62
4
100
AcDbLine
 10
21.802143
 20
3.300936
 30
0.0
 11
21.776072
 21
3.303322
 31
0.0
  0
LINE
  5
1DE9
330
1F
100
AcDbEntity
  8
1
  6
CONTINUOUS
370
50
 62
4
100
AcDbLine
 10
21.776072
 20
3.303322
 30
0.0
 11
21.75
 21
3.305704
 31
0.0
  0
LINE
  5
1DEA
330
1F
100
AcDbEntity
  8
1
  6
CONTINUOUS
370
50
 62
4
100
AcDbLine
 10
18.928652
 20
-1.500256
 30
0.0
 11
16.500925
 21
-1.278468
 31
0.0
  0
LINE
  5
1DEB
330
1F
100
AcDbEntity
  8
1
  6
CONTINUOUS
370
50
 62
4
100
AcDbLine
 10
31.932501
 20
3.241354
 30
0.0
 11
31.906427
 21
3.243724
 31
0.0
  0
LINE
  5
1DEC
330
1F
100
AcDbEntity
  8
1
  6
CONTINUOUS
370
50
 62
4
100
AcDbLine
 10
31.906427
 20
3.243724
 30
0.0
 11
31.880356
 21
3.246091
 31
0.0
  0
LINE
  5
1DED
330
1F
100
AcDbEntity
  8
1
  6
CONTINUOUS
370
50
 62
4
100
AcDbLine
 10
31.880356
 20
3.246091
 30
0.0
 11
31.854284
 21
3.248454
 31
0.0
  0
LINE
  5
1DEE
330
1F
100
AcDbEntity
  8
1
  6
CONTINUOUS
370
50
 62
4
100
AcDbLine
 10
31.854284
 20
3.248454
 30
0.0
 11
31.828213
 21
3.250815
 31
0.0
  0
LINE
  5
1DEF
330
1F
100
AcDbEntity
  8
1
  6
CONTINUOUS
370
50
 62
4
100
AcDbLine
 10
31.828213
 20
3.250815
 30
0.0
 11
31.802143
 21
3.253172
 31
0.0
  0
LINE
  5
1DF0
330
1F
100
AcDbEntity
  8
1
  6
CONTINUOUS
370
50
 62
4
100
AcDbLine
 10
31.802143
 20
3.253172
 30
0.0
 11
31.776072
 21
3.255527
 31
0.0
  0
LINE
  5
1DF1
330
1F
100
AcDbEntity
  8
1
  6
CONTINUOUS
370
50
 62
4
100
AcDbLine
 10
31.776072
 20
3.255527
 30
0.0
 11
31.75
 21
3.257878
 31
0.0
  0
LINE
  5
1DF2
330
1F
100
AcDbEntity
  8
1
  6
CONTINUOUS
370
50
 62
4
100
AcDbLine
 10
11.926953
 20
2.195794
 30
0.0
 11
11.749997
 21
2.211702
 31
0.0
  0
LINE
  5
1DF3
330
1F
100
AcDbEntity
  8
1
  6
CONTINUOUS
370
50
 62
4
100
AcDbLine
 10
12.103909
 20
2.179933
 30
0.0
 11
11.926953
 21
2.195794
 31
0.0
  0
LINE
  5
1DF4
330
1F
100
AcDbEntity
  8
1
  6
CONTINUOUS
370
50
 62
4
100
AcDbLine
 10
22.557501
 20
4.225744
 30
0.0
 11
22.531429
 21
4.228077
 31
0.0
  0
LINE
  5
1DF5
330
1F
100
AcDbEntity
  8
1
  6
CONTINUOUS
370
50
 62
4
100
AcDbLine
 10
12.280864
 20
2.164121
 30
0.0
 11
12.103909
 21
2.179933
 31
0.0
  0
LINE
  5
1DF6
330
1F
100
AcDbEntity
  8
1
  6
CONTINUOUS
370
50
 62
4
100
AcDbLine
 10
22.531429
 20
4.228077
 30
0.0
 11
22.505358
 21
4.230405
 31
0.0
  0
LINE
  5
1DF7
330
1F
100
AcDbEntity
  8
1
  6
CONTINUOUS
370
50
 62
4
100
AcDbLine
 10
12.457819
 20
2.148357
 30
0.0
 11
12.280864
 21
2.164121
 31
0.0
  0
LINE
  5
1DF8
330
1F
100
AcDbEntity
  8
1
  6
CONTINUOUS
370
50
 62
4
100
AcDbLine
 10
22.505358
 20
4.230405
 30
0.0
 11
22.479286
 21
4.232727
 31
0.0
  0
LINE
  5
1DF9
330
1F
100
AcDbEntity
  8
1
  6
CONTINUOUS
370
50
 62
4
100
AcDbLine
 10
21.507374
 20
1.380269
 30
0.0
 11
18.77195
 21
1.623675
 31
0.0
  0
LINE
  5
1DFA
330
1F
100
AcDbEntity
  8
1
  6
CONTINUOUS
370
50
 62
4
100
AcDbLine
 10
22.479286
 20
4.232727
 30
0.0
 11
22.453215
 21
4.235043999999999
 31
0.0
  0
LINE
  5
1DFB
330
1F
100
AcDbEntity
  8
1
  6
CONTINUOUS
370
50
 62
4
100
AcDbLine
 10
12.647954
 20
2.131474
 30
0.0
 11
12.457819
 21
2.148357
 31
0.0
  0
LINE
  5
1DFC
330
1F
100
AcDbEntity
  8
1
  6
CONTINUOUS
370
50
 62
4
100
AcDbLine
 10
22.453215
 20
4.235043999999999
 30
0.0
 11
22.427143
 21
4.237356
 31
0.0
  0
LINE
  5
1DFD
330
1F
100
AcDbEntity
  8
1
  6
CONTINUOUS
370
50
 62
4
100
AcDbLine
 10
14.901071
 20
-4.241328999999999
 30
0.0
 11
14.875
 21
-4.239021
 31
0.0
  0
LINE
  5
1DFE
330
1F
100
AcDbEntity
  8
1
  6
CONTINUOUS
370
50
 62
4
100
AcDbLine
 10
12.83809
 20
2.114647
 30
0.0
 11
12.647954
 21
2.131474
 31
0.0
  0
LINE
  5
1DFF
330
1F
100
AcDbEntity
  8
1
  6
CONTINUOUS
370
50
 62
4
100
AcDbLine
 10
22.427143
 20
4.237356
 30
0.0
 11
22.401072
 21
4.239662
 31
0.0
  0
LINE
  5
1E00
330
1F
100
AcDbEntity
  8
1
  6
CONTINUOUS
370
50
 62
4
100
AcDbLine
 10
18.026072
 20
-3.339727
 30
0.0
 11
18.0
 21
-3.337423
 31
0.0
  0
LINE
  5
1E01
330
1F
100
AcDbEntity
  8
1
  6
CONTINUOUS
370
50
 62
4
100
AcDbLine
 10
14.927142
 20
-4.243632
 30
0.0
 11
14.901071
 21
-4.241328999999999
 31
0.0
  0
LINE
  5
1E02
330
1F
100
AcDbEntity
  8
1
  6
CONTINUOUS
370
50
 62
4
100
AcDbLine
 10
18.052143
 20
-3.342028
 30
0.0
 11
18.026072
 21
-3.339727
 31
0.0
  0
LINE
  5
1E03
330
1F
100
AcDbEntity
  8
1
  6
CONTINUOUS
370
50
 62
4
100
AcDbLine
 10
22.401072
 20
4.239662
 30
0.0
 11
22.375
 21
4.241963
 31
0.0
  0
LINE
  5
1E04
330
1F
100
AcDbEntity
  8
1
  6
CONTINUOUS
370
50
 62
4
100
AcDbLine
 10
13.028225
 20
2.097879
 30
0.0
 11
12.83809
 21
2.114647
 31
0.0
  0
LINE
  5
1E05
330
1F
100
AcDbEntity
  8
1
  6
CONTINUOUS
370
50
 62
4
100
AcDbLine
 10
14.953213
 20
-4.245928999999999
 30
0.0
 11
14.927142
 21
-4.243632
 31
0.0
  0
LINE
  5
1E06
330
1F
100
AcDbEntity
  8
1
  6
CONTINUOUS
370
50
 62
4
100
AcDbLine
 10
18.078215
 20
-3.344324
 30
0.0
 11
18.052143
 21
-3.342028
 31
0.0
  0
LINE
  5
1E07
330
1F
100
AcDbEntity
  8
1
  6
CONTINUOUS
370
50
 62
4
100
AcDbLine
 10
18.104286
 20
-3.346617
 30
0.0
 11
18.078215
 21
-3.344324
 31
0.0
  0
LINE
  5
1E08
330
1F
100
AcDbEntity
  8
1
  6
CONTINUOUS
370
50
 62
4
100
AcDbLine
 10
14.979284
 20
-4.248221
 30
0.0
 11
14.953213
 21
-4.245928999999999
 31
0.0
  0
LINE
  5
1E09
330
1F
100
AcDbEntity
  8
1
  6
CONTINUOUS
370
50
 62
4
100
AcDbLine
 10
13.218359
 20
2.081169
 30
0.0
 11
13.028225
 21
2.097879
 31
0.0
  0
LINE
  5
1E0A
330
1F
100
AcDbEntity
  8
1
  6
CONTINUOUS
370
50
 62
4
100
AcDbLine
 10
18.130358
 20
-3.348905
 30
0.0
 11
18.104286
 21
-3.346617
 31
0.0
  0
LINE
  5
1E0B
330
1F
100
AcDbEntity
  8
1
  6
CONTINUOUS
370
50
 62
4
100
AcDbLine
 10
15.005356
 20
-4.250507
 30
0.0
 11
14.979284
 21
-4.248221
 31
0.0
  0
LINE
  5
1E0C
330
1F
100
AcDbEntity
  8
1
  6
CONTINUOUS
370
50
 62
4
100
AcDbLine
 10
18.156429
 20
-3.35119
 30
0.0
 11
18.130358
 21
-3.348905
 31
0.0
  0
LINE
  5
1E0D
330
1F
100
AcDbEntity
  8
1
  6
CONTINUOUS
370
50
 62
4
100
AcDbLine
 10
13.408494
 20
2.064517
 30
0.0
 11
13.218359
 21
2.081169
 31
0.0
  0
LINE
  5
1E0E
330
1F
100
AcDbEntity
  8
1
  6
CONTINUOUS
370
50
 62
4
100
AcDbLine
 10
15.031428
 20
-4.252788
 30
0.0
 11
15.005356
 21
-4.250507
 31
0.0
  0
LINE
  5
1E0F
330
1F
100
AcDbEntity
  8
1
  6
CONTINUOUS
370
50
 62
4
100
AcDbLine
 10
18.182501
 20
-3.353471
 30
0.0
 11
18.156429
 21
-3.35119
 31
0.0
  0
LINE
  5
1E10
330
1F
100
AcDbEntity
  8
1
  6
CONTINUOUS
370
50
 62
4
100
AcDbLine
 10
18.807501
 20
4.233046
 30
0.0
 11
18.781429
 21
4.235327
 31
0.0
  0
LINE
  5
1E11
330
1F
100
AcDbEntity
  8
1
  6
CONTINUOUS
370
50
 62
4
100
AcDbLine
 10
18.781429
 20
4.235327
 30
0.0
 11
18.755358
 21
4.237604
 31
0.0
  0
LINE
  5
1E12
330
1F
100
AcDbEntity
  8
1
  6
CONTINUOUS
370
50
 62
4
100
AcDbLine
 10
15.0575
 20
-4.255064
 30
0.0
 11
15.031428
 21
-4.252788
 31
0.0
  0
LINE
  5
1E13
330
1F
100
AcDbEntity
  8
1
  6
CONTINUOUS
370
50
 62
4
100
AcDbLine
 10
13.598629
 20
2.047927
 30
0.0
 11
13.408494
 21
2.064517
 31
0.0
  0
LINE
  5
1E14
330
1F
100
AcDbEntity
  8
1
  6
CONTINUOUS
370
50
 62
4
100
AcDbLine
 10
13.625
 20
0.2661
 30
0.0
 11
13.56204
 21
0.271588
 31
0.0
  0
LINE
  5
1E15
330
1F
100
AcDbEntity
  8
1
  6
CONTINUOUS
370
50
 62
4
100
AcDbLine
 10
18.755358
 20
4.237604
 30
0.0
 11
18.729286
 21
4.239876
 31
0.0
  0
LINE
  5
1E16
330
1F
100
AcDbEntity
  8
1
  6
CONTINUOUS
370
50
 62
4
100
AcDbLine
 10
18.729286
 20
4.239876
 30
0.0
 11
18.703215
 21
4.242144
 31
0.0
  0
LINE
  5
1E17
330
1F
100
AcDbEntity
  8
1
  6
CONTINUOUS
370
50
 62
4
100
AcDbLine
 10
18.703215
 20
4.242144
 30
0.0
 11
18.677143
 21
4.244407
 31
0.0
  0
LINE
  5
1E18
330
1F
100
AcDbEntity
  8
1
  6
CONTINUOUS
370
50
 62
4
100
AcDbLine
 10
13.788763
 20
2.03145
 30
0.0
 11
13.598629
 21
2.047927
 31
0.0
  0
LINE
  5
1E19
330
1F
100
AcDbEntity
  8
1
  6
CONTINUOUS
370
50
 62
4
100
AcDbLine
 10
24.101444
 20
2.622301
 30
0.0
 11
22.557516
 21
2.756048
 31
0.0
  0
LINE
  5
1E1A
330
1F
100
AcDbEntity
  8
1
  6
CONTINUOUS
370
50
 62
4
100
AcDbLine
 10
18.677143
 20
4.244407
 30
0.0
 11
18.651072
 21
4.246665
 31
0.0
  0
LINE
  5
1E1B
330
1F
100
AcDbEntity
  8
1
  6
CONTINUOUS
370
50
 62
4
100
AcDbLine
 10
16.497065
 20
-0.278539
 30
0.0
 11
16.433863
 21
-0.273073
 31
0.0
  0
LINE
  5
1E1C
330
1F
100
AcDbEntity
  8
1
  6
CONTINUOUS
370
50
 62
4
100
AcDbLine
 10
18.651072
 20
4.246665
 30
0.0
 11
18.625
 21
4.248918
 31
0.0
  0
LINE
  5
1E1D
330
1F
100
AcDbEntity
  8
1
  6
CONTINUOUS
370
50
 62
4
100
AcDbLine
 10
13.978897
 20
2.015109
 30
0.0
 11
13.788763
 21
2.03145
 31
0.0
  0
LINE
  5
1E1E
330
1F
100
AcDbEntity
  8
1
  6
CONTINUOUS
370
50
 62
4
100
AcDbLine
 10
21.313591
 20
-1.71161
 30
0.0
 11
18.922665
 21
-1.506212
 31
0.0
  0
LINE
  5
1E1F
330
1F
100
AcDbEntity
  8
1
  6
CONTINUOUS
370
50
 62
4
100
AcDbLine
 10
21.351048
 20
-1.707078
 30
0.0
 11
18.928652
 21
-1.500256
 31
0.0
  0
LINE
  5
1E20
330
1F
100
AcDbEntity
  8
1
  6
CONTINUOUS
370
50
 62
4
100
AcDbLine
 10
14.169034
 20
1.998905
 30
0.0
 11
13.978897
 21
2.015109
 31
0.0
  0
LINE
  5
1E21
330
1F
100
AcDbEntity
  8
1
  6
CONTINUOUS
370
50
 62
4
100
AcDbLine
 10
30.682501
 20
3.351531
 30
0.0
 11
30.656427
 21
3.353753
 31
0.0
  0
LINE
  5
1E22
330
1F
100
AcDbEntity
  8
1
  6
CONTINUOUS
370
50
 62
4
100
AcDbLine
 10
30.656427
 20
3.353753
 30
0.0
 11
30.630356
 21
3.355973
 31
0.0
  0
LINE
  5
1E23
330
1F
100
AcDbEntity
  8
1
  6
CONTINUOUS
370
50
 62
4
100
AcDbLine
 10
30.630356
 20
3.355973
 30
0.0
 11
30.604284
 21
3.358189
 31
0.0
  0
LINE
  5
1E24
330
1F
100
AcDbEntity
  8
1
  6
CONTINUOUS
370
50
 62
4
100
AcDbLine
 10
30.604284
 20
3.358189
 30
0.0
 11
30.578213
 21
3.360402
 31
0.0
  0
LINE
  5
1E25
330
1F
100
AcDbEntity
  8
1
  6
CONTINUOUS
370
50
 62
4
100
AcDbLine
 10
30.578213
 20
3.360402
 30
0.0
 11
30.552141
 21
3.362612
 31
0.0
  0
LINE
  5
1E26
330
1F
100
AcDbEntity
  8
1
  6
CONTINUOUS
370
50
 62
4
100
AcDbLine
 10
20.682501
 20
3.399633
 30
0.0
 11
20.656429
 21
3.401841
 31
0.0
  0
LINE
  5
1E27
330
1F
100
AcDbEntity
  8
1
  6
CONTINUOUS
370
50
 62
4
100
AcDbLine
 10
30.552141
 20
3.362612
 30
0.0
 11
30.526072
 21
3.364819
 31
0.0
  0
LINE
  5
1E28
330
1F
100
AcDbEntity
  8
1
  6
CONTINUOUS
370
50
 62
4
100
AcDbLine
 10
30.526072
 20
3.364819
 30
0.0
 11
30.5
 21
3.367023
 31
0.0
  0
LINE
  5
1E29
330
1F
100
AcDbEntity
  8
1
  6
CONTINUOUS
370
50
 62
4
100
AcDbLine
 10
14.35917
 20
1.982837
 30
0.0
 11
14.169034
 21
1.998905
 31
0.0
  0
LINE
  5
1E2A
330
1F
100
AcDbEntity
  8
1
  6
CONTINUOUS
370
50
 62
4
100
AcDbLine
 10
20.656429
 20
3.401841
 30
0.0
 11
20.630358
 21
3.404044
 31
0.0
  0
LINE
  5
1E2B
330
1F
100
AcDbEntity
  8
1
  6
CONTINUOUS
370
50
 62
4
100
AcDbLine
 10
20.630358
 20
3.404044
 30
0.0
 11
20.604286
 21
3.406243
 31
0.0
  0
LINE
  5
1E2C
330
1F
100
AcDbEntity
  8
1
  6
CONTINUOUS
370
50
 62
4
100
AcDbLine
 10
20.604286
 20
3.406243
 30
0.0
 11
20.578215
 21
3.408438
 31
0.0
  0
LINE
  5
1E2D
330
1F
100
AcDbEntity
  8
1
  6
CONTINUOUS
370
50
 62
4
100
AcDbLine
 10
20.578215
 20
3.408438
 30
0.0
 11
20.552143
 21
3.410629
 31
0.0
  0
LINE
  5
1E2E
330
1F
100
AcDbEntity
  8
1
  6
CONTINUOUS
370
50
 62
4
100
AcDbLine
 10
20.552143
 20
3.410629
 30
0.0
 11
20.526072
 21
3.412816
 31
0.0
  0
LINE
  5
1E2F
330
1F
100
AcDbEntity
  8
1
  6
CONTINUOUS
370
50
 62
4
100
AcDbLine
 10
14.549306
 20
1.966904
 30
0.0
 11
14.35917
 21
1.982837
 31
0.0
  0
LINE
  5
1E30
330
1F
100
AcDbEntity
  8
1
  6
CONTINUOUS
370
50
 62
4
100
AcDbLine
 10
20.526072
 20
3.412816
 30
0.0
 11
20.5
 21
3.414999
 31
0.0
  0
LINE
  5
1E31
330
1F
100
AcDbEntity
  8
1
  6
CONTINUOUS
370
50
 62
4
100
AcDbLine
 10
32.02449
 20
3.241745
 30
0.0
 11
32.009304
 21
3.243013
 31
0.0
  0
LINE
  5
1E32
330
1F
100
AcDbEntity
  8
1
  6
CONTINUOUS
370
50
 62
4
100
AcDbLine
 10
14.739443
 20
1.951105
 30
0.0
 11
14.549306
 21
1.966904
 31
0.0
  0
LINE
  5
1E33
330
1F
100
AcDbEntity
  8
1
  6
CONTINUOUS
370
50
 62
4
100
AcDbLine
 10
33.207924
 20
3.1227
 30
0.0
 11
33.20285399999999
 21
3.123119
 31
0.0
  0
LINE
  5
1E34
330
1F
100
AcDbEntity
  8
1
  6
CONTINUOUS
370
50
 62
4
100
AcDbLine
 10
14.929579
 20
1.935439
 30
0.0
 11
14.739443
 21
1.951105
 31
0.0
  0
LINE
  5
1E35
330
1F
100
AcDbEntity
  8
1
  6
CONTINUOUS
370
50
 62
4
100
AcDbLine
 10
15.119716
 20
1.919906
 30
0.0
 11
14.929579
 21
1.935439
 31
0.0
  0
LINE
  5
1E36
330
1F
100
AcDbEntity
  8
1
  6
CONTINUOUS
370
50
 62
4
100
AcDbLine
 10
18.77195
 20
1.623675
 30
0.0
 11
16.03656
 21
1.846941
 31
0.0
  0
LINE
  5
1E37
330
1F
100
AcDbEntity
  8
1
  6
CONTINUOUS
370
50
 62
4
100
AcDbLine
 10
19.276072
 20
-3.445693
 30
0.0
 11
19.25
 21
-3.443572
 31
0.0
  0
LINE
  5
1E38
330
1F
100
AcDbEntity
  8
1
  6
CONTINUOUS
370
50
 62
4
100
AcDbLine
 10
19.302143
 20
-3.447809
 30
0.0
 11
19.276072
 21
-3.445693
 31
0.0
  0
LINE
  5
1E39
330
1F
100
AcDbEntity
  8
1
  6
CONTINUOUS
370
50
 62
4
100
AcDbLine
 10
27.689623
 20
3.692328
 30
0.0
 11
27.667126
 21
3.694153
 31
0.0
  0
LINE
  5
1E3A
330
1F
100
AcDbEntity
  8
1
  6
CONTINUOUS
370
50
 62
4
100
AcDbLine
 10
19.328215
 20
-3.449922
 30
0.0
 11
19.302143
 21
-3.447809
 31
0.0
  0
LINE
  5
1E3B
330
1F
100
AcDbEntity
  8
1
  6
CONTINUOUS
370
50
 62
4
100
AcDbLine
 10
15.309852
 20
1.904505
 30
0.0
 11
15.119716
 21
1.919906
 31
0.0
  0
LINE
  5
1E3C
330
1F
100
AcDbEntity
  8
1
  6
CONTINUOUS
370
50
 62
4
100
AcDbLine
 10
19.354286
 20
-3.452031
 30
0.0
 11
19.328215
 21
-3.449922
 31
0.0
  0
LINE
  5
1E3D
330
1F
100
AcDbEntity
  8
1
  6
CONTINUOUS
370
50
 62
4
100
AcDbLine
 10
19.380358
 20
-3.454136
 30
0.0
 11
19.354286
 21
-3.452031
 31
0.0
  0
LINE
  5
1E3E
330
1F
100
AcDbEntity
  8
1
  6
CONTINUOUS
370
50
 62
4
100
AcDbLine
 10
19.406429
 20
-3.456238
 30
0.0
 11
19.380358
 21
-3.454136
 31
0.0
  0
LINE
  5
1E3F
330
1F
100
AcDbEntity
  8
1
  6
CONTINUOUS
370
50
 62
4
100
AcDbLine
 10
19.432501
 20
-3.458335
 30
0.0
 11
19.406429
 21
-3.456238
 31
0.0
  0
LINE
  5
1E40
330
1F
100
AcDbEntity
  8
1
  6
CONTINUOUS
370
50
 62
4
100
AcDbLine
 10
12.401073
 20
-4.334908
 30
0.0
 11
12.375
 21
-4.332811
 31
0.0
  0
LINE
  5
1E41
330
1F
100
AcDbEntity
  8
1
  6
CONTINUOUS
370
50
 62
4
100
AcDbLine
 10
15.499989
 20
1.889235
 30
0.0
 11
15.309852
 21
1.904505
 31
0.0
  0
LINE
  5
1E42
330
1F
100
AcDbEntity
  8
1
  6
CONTINUOUS
370
50
 62
4
100
AcDbLine
 10
12.427144
 20
-4.337
 30
0.0
 11
12.401073
 21
-4.334908
 31
0.0
  0
LINE
  5
1E43
330
1F
100
AcDbEntity
  8
1
  6
CONTINUOUS
370
50
 62
4
100
AcDbLine
 10
12.453216
 20
-4.339087999999999
 30
0.0
 11
12.427144
 21
-4.337
 31
0.0
  0
LINE
  5
1E44
330
1F
100
AcDbEntity
  8
1
  6
CONTINUOUS
370
50
 62
4
100
AcDbLine
 10
23.704536
 20
-1.902816
 30
0.0
 11
21.313591
 21
-1.71161
 31
0.0
  0
LINE
  5
1E45
330
1F
100
AcDbEntity
  8
1
  6
CONTINUOUS
370
50
 62
4
100
AcDbLine
 10
12.479287
 20
-4.341171999999999
 30
0.0
 11
12.453216
 21
-4.339087999999999
 31
0.0
  0
LINE
  5
1E46
330
1F
100
AcDbEntity
  8
1
  6
CONTINUOUS
370
50
 62
4
100
AcDbLine
 10
12.505359
 20
-4.343251
 30
0.0
 11
12.479287
 21
-4.341171999999999
 31
0.0
  0
LINE
  5
1E47
330
1F
100
AcDbEntity
  8
1
  6
CONTINUOUS
370
50
 62
4
100
AcDbLine
 10
21.307501
 20
4.331596999999999
 30
0.0
 11
21.281429
 21
4.333674999999999
 31
0.0
  0
LINE
  5
1E48
330
1F
100
AcDbEntity
  8
1
  6
CONTINUOUS
370
50
 62
4
100
AcDbLine
 10
23.762375
 20
-1.899172
 30
0.0
 11
21.351048
 21
-1.707078
 31
0.0
  0
LINE
  5
1E49
330
1F
100
AcDbEntity
  8
1
  6
CONTINUOUS
370
50
 62
4
100
AcDbLine
 10
12.531429
 20
-4.345325
 30
0.0
 11
12.505359
 21
-4.343251
 31
0.0
  0
LINE
  5
1E4A
330
1F
100
AcDbEntity
  8
1
  6
CONTINUOUS
370
50
 62
4
100
AcDbLine
 10
21.281429
 20
4.333674999999999
 30
0.0
 11
21.255358
 21
4.335748
 31
0.0
  0
LINE
  5
1E4B
330
1F
100
AcDbEntity
  8
1
  6
CONTINUOUS
370
50
 62
4
100
AcDbLine
 10
15.768274
 20
1.867909
 30
0.0
 11
15.499989
 21
1.889235
 31
0.0
  0
LINE
  5
1E4C
330
1F
100
AcDbEntity
  8
1
  6
CONTINUOUS
370
50
 62
4
100
AcDbLine
 10
29.432501
 20
3.454545
 30
0.0
 11
29.406427
 21
3.456616
 31
0.0
  0
LINE
  5
1E4D
330
1F
100
AcDbEntity
  8
1
  6
CONTINUOUS
370
50
 62
4
100
AcDbLine
 10
12.5575
 20
-4.347395
 30
0.0
 11
12.531429
 21
-4.345325
 31
0.0
  0
LINE
  5
1E4E
330
1F
100
AcDbEntity
  8
1
  6
CONTINUOUS
370
50
 62
4
100
AcDbLine
 10
21.255358
 20
4.335748
 30
0.0
 11
21.229286
 21
4.337816
 31
0.0
  0
LINE
  5
1E4F
330
1F
100
AcDbEntity
  8
1
  6
CONTINUOUS
370
50
 62
4
100
AcDbLine
 10
29.406427
 20
3.456616
 30
0.0
 11
29.380356
 21
3.458683
 31
0.0
  0
LINE
  5
1E50
330
1F
100
AcDbEntity
  8
1
  6
CONTINUOUS
370
50
 62
4
100
AcDbLine
 10
29.380356
 20
3.458683
 30
0.0
 11
29.354284
 21
3.460747
 31
0.0
  0
LINE
  5
1E51
330
1F
100
AcDbEntity
  8
1
  6
CONTINUOUS
370
50
 62
4
100
AcDbLine
 10
21.229286
 20
4.337816
 30
0.0
 11
21.203215
 21
4.339879
 31
0.0
  0
LINE
  5
1E52
330
1F
100
AcDbEntity
  8
1
  6
CONTINUOUS
370
50
 62
4
100
AcDbLine
 10
29.354284
 20
3.460747
 30
0.0
 11
29.328213
 21
3.462807
 31
0.0
  0
LINE
  5
1E53
330
1F
100
AcDbEntity
  8
1
  6
CONTINUOUS
370
50
 62
4
100
AcDbLine
 10
29.328213
 20
3.462807
 30
0.0
 11
29.302141
 21
3.464865
 31
0.0
  0
LINE
  5
1E54
330
1F
100
AcDbEntity
  8
1
  6
CONTINUOUS
370
50
 62
4
100
AcDbLine
 10
21.203215
 20
4.339879
 30
0.0
 11
21.177143
 21
4.341936
 31
0.0
  0
LINE
  5
1E55
330
1F
100
AcDbEntity
  8
1
  6
CONTINUOUS
370
50
 62
4
100
AcDbLine
 10
29.302141
 20
3.464865
 30
0.0
 11
29.276072
 21
3.466919
 31
0.0
  0
LINE
  5
1E56
330
1F
100
AcDbEntity
  8
1
  6
CONTINUOUS
370
50
 62
4
100
AcDbLine
 10
17.557501
 20
4.337098999999999
 30
0.0
 11
17.531429
 21
4.339153
 31
0.0
  0
LINE
  5
1E57
330
1F
100
AcDbEntity
  8
1
  6
CONTINUOUS
370
50
 62
4
100
AcDbLine
 10
21.177143
 20
4.341936
 30
0.0
 11
21.151072
 21
4.343988
 31
0.0
  0
LINE
  5
1E58
330
1F
100
AcDbEntity
  8
1
  6
CONTINUOUS
370
50
 62
4
100
AcDbLine
 10
16.151072
 20
-4.345668
 30
0.0
 11
16.125
 21
-4.343617
 31
0.0
  0
LINE
  5
1E59
330
1F
100
AcDbEntity
  8
1
  6
CONTINUOUS
370
50
 62
4
100
AcDbLine
 10
29.276072
 20
3.466919
 30
0.0
 11
29.25
 21
3.46897
 31
0.0
  0
LINE
  5
1E5A
330
1F
100
AcDbEntity
  8
1
  6
CONTINUOUS
370
50
 62
4
100
AcDbLine
 10
17.531429
 20
4.339153
 30
0.0
 11
17.505358
 21
4.341203
 31
0.0
  0
LINE
  5
1E5B
330
1F
100
AcDbEntity
  8
1
  6
CONTINUOUS
370
50
 62
4
100
AcDbLine
 10
16.03656
 20
1.846841
 30
0.0
 11
15.768274
 21
1.867909
 31
0.0
  0
LINE
  5
1E5C
330
1F
100
AcDbEntity
  8
1
  6
CONTINUOUS
370
50
 62
4
100
AcDbLine
 10
21.151072
 20
4.343988
 30
0.0
 11
21.125
 21
4.346035
 31
0.0
  0
LINE
  5
1E5D
330
1F
100
AcDbEntity
  8
1
  6
CONTINUOUS
370
50
 62
4
100
AcDbLine
 10
16.177141
 20
-4.347714
 30
0.0
 11
16.151072
 21
-4.345668
 31
0.0
  0
LINE
  5
1E5E
330
1F
100
AcDbEntity
  8
1
  6
CONTINUOUS
370
50
 62
4
100
AcDbLine
 10
17.505358
 20
4.341203
 30
0.0
 11
17.479286
 21
4.343248
 31
0.0
  0
LINE
  5
1E5F
330
1F
100
AcDbEntity
  8
1
  6
CONTINUOUS
370
50
 62
4
100
AcDbLine
 10
22.557516
 20
2.756048
 30
0.0
 11
21.013588
 21
2.876887
 31
0.0
  0
LINE
  5
1E60
330
1F
100
AcDbEntity
  8
1
  6
CONTINUOUS
370
50
 62
4
100
AcDbLine
 10
17.479286
 20
4.343248
 30
0.0
 11
17.453215
 21
4.345288
 31
0.0
  0
LINE
  5
1E61
330
1F
100
AcDbEntity
  8
1
  6
CONTINUOUS
370
50
 62
4
100
AcDbLine
 10
16.203213
 20
-4.349754
 30
0.0
 11
16.177141
 21
-4.347714
 31
0.0
  0
LINE
  5
1E62
330
1F
100
AcDbEntity
  8
1
  6
CONTINUOUS
370
50
 62
4
100
AcDbLine
 10
13.56204
 20
0.271588
 30
0.0
 11
13.498983
 21
0.276511
 31
0.0
  0
LINE
  5
1E63
330
1F
100
AcDbEntity
  8
1
  6
CONTINUOUS
370
50
 62
4
100
AcDbLine
 10
16.229284
 20
-4.351789
 30
0.0
 11
16.203213
 21
-4.349754
 31
0.0
  0
LINE
  5
1E64
330
1F
100
AcDbEntity
  8
1
  6
CONTINUOUS
370
50
 62
4
100
AcDbLine
 10
17.453215
 20
4.345288
 30
0.0
 11
17.427143
 21
4.347322999999999
 31
0.0
  0
LINE
  5
1E65
330
1F
100
AcDbEntity
  8
1
  6
CONTINUOUS
370
50
 62
4
100
AcDbLine
 10
17.427143
 20
4.347322999999999
 30
0.0
 11
17.401072
 21
4.349353
 31
0.0
  0
LINE
  5
1E66
330
1F
100
AcDbEntity
  8
1
  6
CONTINUOUS
370
50
 62
4
100
AcDbLine
 10
16.255356
 20
-4.353819
 30
0.0
 11
16.229284
 21
-4.351789
 31
0.0
  0
LINE
  5
1E67
330
1F
100
AcDbEntity
  8
1
  6
CONTINUOUS
370
50
 62
4
100
AcDbLine
 10
17.401072
 20
4.349353
 30
0.0
 11
17.375
 21
4.351379
 31
0.0
  0
LINE
  5
1E68
330
1F
100
AcDbEntity
  8
1
  6
CONTINUOUS
370
50
 62
4
100
AcDbLine
 10
16.281427
 20
-4.355843999999999
 30
0.0
 11
16.255356
 21
-4.353819
 31
0.0
  0
LINE
  5
1E69
330
1F
100
AcDbEntity
  8
1
  6
CONTINUOUS
370
50
 62
4
100
AcDbLine
 10
16.307501
 20
-4.357864
 30
0.0
 11
16.281427
 21
-4.355843999999999
 31
0.0
  0
LINE
  5
1E6A
330
1F
100
AcDbEntity
  8
1
  6
CONTINUOUS
370
50
 62
4
100
AcDbLine
 10
16.56028
 20
-0.283435
 30
0.0
 11
16.497065
 21
-0.278539
 31
0.0
  0
LINE
  5
1E6B
330
1F
100
AcDbEntity
  8
1
  6
CONTINUOUS
370
50
 62
4
100
AcDbLine
 10
19.432501
 20
3.500894
 30
0.0
 11
19.406429
 21
3.502907
 31
0.0
  0
LINE
  5
1E6C
330
1F
100
AcDbEntity
  8
1
  6
CONTINUOUS
370
50
 62
4
100
AcDbLine
 10
19.406429
 20
3.502907
 30
0.0
 11
19.380358
 21
3.504916
 31
0.0
  0
LINE
  5
1E6D
330
1F
100
AcDbEntity
  8
1
  6
CONTINUOUS
370
50
 62
4
100
AcDbLine
 10
19.380358
 20
3.504916
 30
0.0
 11
19.354286
 21
3.506922
 31
0.0
  0
LINE
  5
1E6E
330
1F
100
AcDbEntity
  8
1
  6
CONTINUOUS
370
50
 62
4
100
AcDbLine
 10
19.354286
 20
3.506922
 30
0.0
 11
19.328215
 21
3.508923
 31
0.0
  0
LINE
  5
1E6F
330
1F
100
AcDbEntity
  8
1
  6
CONTINUOUS
370
50
 62
4
100
AcDbLine
 10
19.328215
 20
3.508923
 30
0.0
 11
19.302143
 21
3.51092
 31
0.0
  0
LINE
  5
1E70
330
1F
100
AcDbEntity
  8
1
  6
CONTINUOUS
370
50
 62
4
100
AcDbLine
 10
19.302143
 20
3.51092
 30
0.0
 11
19.276072
 21
3.512913
 31
0.0
  0
LINE
  5
1E71
330
1F
100
AcDbEntity
  8
1
  6
CONTINUOUS
370
50
 62
4
100
AcDbLine
 10
19.276072
 20
3.512913
 30
0.0
 11
19.25
 21
3.514902
 31
0.0
  0
LINE
  5
1E72
330
1F
100
AcDbEntity
  8
1
  6
CONTINUOUS
370
50
 62
4
100
AcDbLine
 10
20.526072
 20
-3.542901
 30
0.0
 11
20.5
 21
-3.540962
 31
0.0
  0
LINE
  5
1E73
330
1F
100
AcDbEntity
  8
1
  6
CONTINUOUS
370
50
 62
4
100
AcDbLine
 10
20.552143
 20
-3.544836
 30
0.0
 11
20.526072
 21
-3.542901
 31
0.0
  0
LINE
  5
1E74
330
1F
100
AcDbEntity
  8
1
  6
CONTINUOUS
370
50
 62
4
100
AcDbLine
 10
20.578215
 20
-3.546766
 30
0.0
 11
20.552143
 21
-3.544836
 31
0.0
  0
LINE
  5
1E75
330
1F
100
AcDbEntity
  8
1
  6
CONTINUOUS
370
50
 62
4
100
AcDbLine
 10
20.604286
 20
-3.548693
 30
0.0
 11
20.578215
 21
-3.546766
 31
0.0
  0
LINE
  5
1E76
330
1F
100
AcDbEntity
  8
1
  6
CONTINUOUS
370
50
 62
4
100
AcDbLine
 10
20.630358
 20
-3.550617
 30
0.0
 11
20.604286
 21
-3.548693
 31
0.0
  0
LINE
  5
1E77
330
1F
100
AcDbEntity
  8
1
  6
CONTINUOUS
370
50
 62
4
100
AcDbLine
 10
20.656429
 20
-3.552536
 30
0.0
 11
20.630358
 21
-3.550617
 31
0.0
  0
LINE
  5
1E78
330
1F
100
AcDbEntity
  8
1
  6
CONTINUOUS
370
50
 62
4
100
AcDbLine
 10
20.682501
 20
-3.554451
 30
0.0
 11
20.656429
 21
-3.552536
 31
0.0
  0
LINE
  5
1E79
330
1F
100
AcDbEntity
  8
1
  6
CONTINUOUS
370
50
 62
4
100
AcDbLine
 10
28.182501
 20
3.550104
 30
0.0
 11
28.156427
 21
3.552016
 31
0.0
  0
LINE
  5
1E7A
330
1F
100
AcDbEntity
  8
1
  6
CONTINUOUS
370
50
 62
4
100
AcDbLine
 10
26.086477
 20
-2.069544
 30
0.0
 11
23.762375
 21
-1.899172
 31
0.0
  0
LINE
  5
1E7B
330
1F
100
AcDbEntity
  8
1
  6
CONTINUOUS
370
50
 62
4
100
AcDbLine
 10
26.095476
 20
-2.077925
 30
0.0
 11
23.704536
 21
-1.902816
 31
0.0
  0
LINE
  5
1E7C
330
1F
100
AcDbEntity
  8
1
  6
CONTINUOUS
370
50
 62
4
100
AcDbLine
 10
28.156427
 20
3.552016
 30
0.0
 11
28.130356
 21
3.553923
 31
0.0
  0
LINE
  5
1E7D
330
1F
100
AcDbEntity
  8
1
  6
CONTINUOUS
370
50
 62
4
100
AcDbLine
 10
28.130356
 20
3.553923
 30
0.0
 11
28.104284
 21
3.555828
 31
0.0
  0
LINE
  5
1E7E
330
1F
100
AcDbEntity
  8
1
  6
CONTINUOUS
370
50
 62
4
100
AcDbLine
 10
28.104284
 20
3.555828
 30
0.0
 11
28.078213
 21
3.557728
 31
0.0
  0
LINE
  5
1E7F
330
1F
100
AcDbEntity
  8
1
  6
CONTINUOUS
370
50
 62
4
100
AcDbLine
 10
28.078213
 20
3.557728
 30
0.0
 11
28.052141
 21
3.559626
 31
0.0
  0
LINE
  5
1E80
330
1F
100
AcDbEntity
  8
1
  6
CONTINUOUS
370
50
 62
4
100
AcDbLine
 10
28.052141
 20
3.559626
 30
0.0
 11
28.026072
 21
3.56152
 31
0.0
  0
LINE
  5
1E81
330
1F
100
AcDbEntity
  8
1
  6
CONTINUOUS
370
50
 62
4
100
AcDbLine
 10
28.026072
 20
3.56152
 30
0.0
 11
28.0
 21
3.56341
 31
0.0
  0
LINE
  5
1E82
330
1F
100
AcDbEntity
  8
1
  6
CONTINUOUS
370
50
 62
4
100
AcDbLine
 10
30.835297
 20
3.363072
 30
0.0
 11
30.810305
 21
3.364883
 31
0.0
  0
LINE
  5
1E83
330
1F
100
AcDbEntity
  8
1
  6
CONTINUOUS
370
50
 62
4
100
AcDbLine
 10
11.7505
 20
-3.592187
 30
0.0
 11
11.750334
 21
-3.592175
 31
0.0
  0
LINE
  5
1E84
330
1F
100
AcDbEntity
  8
1
  6
CONTINUOUS
370
50
 62
4
100
AcDbLine
 10
11.750834
 20
-3.592211
 30
0.0
 11
11.7505
 21
-3.592187
 31
0.0
  0
LINE
  5
1E85
330
1F
100
AcDbEntity
  8
1
  6
CONTINUOUS
370
50
 62
4
100
AcDbLine
 10
11.750167
 20
-3.592164
 30
0.0
 11
11.75
 21
-3.592152
 31
0.0
  0
LINE
  5
1E86
330
1F
100
AcDbEntity
  8
1
  6
CONTINUOUS
370
50
 62
4
100
AcDbLine
 10
13.651071
 20
-4.430066
 30
0.0
 11
13.625
 21
-4.428194
 31
0.0
  0
LINE
  5
1E87
330
1F
100
AcDbEntity
  8
1
  6
CONTINUOUS
370
50
 62
4
100
AcDbLine
 10
13.677141
 20
-4.431933
 30
0.0
 11
13.651071
 21
-4.430066
 31
0.0
  0
LINE
  5
1E88
330
1F
100
AcDbEntity
  8
1
  6
CONTINUOUS
370
50
 62
4
100
AcDbLine
 10
13.703213
 20
-4.433794
 30
0.0
 11
13.677141
 21
-4.431933
 31
0.0
  0
LINE
  5
1E89
330
1F
100
AcDbEntity
  8
1
  6
CONTINUOUS
370
50
 62
4
100
AcDbLine
 10
33.20285399999999
 20
3.123119
 30
0.0
 11
33.197773
 21
3.123481
 31
0.0
  0
LINE
  5
1E8A
330
1F
100
AcDbEntity
  8
1
  6
CONTINUOUS
370
50
 62
4
100
AcDbLine
 10
13.729284
 20
-4.435649
 30
0.0
 11
13.703213
 21
-4.433794
 31
0.0
  0
LINE
  5
1E8B
330
1F
100
AcDbEntity
  8
1
  6
CONTINUOUS
370
50
 62
4
100
AcDbLine
 10
13.755356
 20
-4.437498
 30
0.0
 11
13.729284
 21
-4.435649
 31
0.0
  0
LINE
  5
1E8C
330
1F
100
AcDbEntity
  8
1
  6
CONTINUOUS
370
50
 62
4
100
AcDbLine
 10
11.776929
 20
-3.594146
 30
0.0
 11
11.751
 21
-3.592312
 31
0.0
  0
LINE
  5
1E8D
330
1F
100
AcDbEntity
  8
1
  6
CONTINUOUS
370
50
 62
4
100
AcDbLine
 10
13.781427
 20
-4.439342
 30
0.0
 11
13.755356
 21
-4.437498
 31
0.0
  0
LINE
  5
1E8E
330
1F
100
AcDbEntity
  8
1
  6
CONTINUOUS
370
50
 62
4
100
AcDbLine
 10
11.802858
 20
-3.595977
 30
0.0
 11
11.776929
 21
-3.594146
 31
0.0
  0
LINE
  5
1E8F
330
1F
100
AcDbEntity
  8
1
  6
CONTINUOUS
370
50
 62
4
100
AcDbLine
 10
11.828787
 20
-3.597804
 30
0.0
 11
11.802858
 21
-3.595977
 31
0.0
  0
LINE
  5
1E90
330
1F
100
AcDbEntity
  8
1
  6
CONTINUOUS
370
50
 62
4
100
AcDbLine
 10
13.8075
 20
-4.441179
 30
0.0
 11
13.781427
 21
-4.439342
 31
0.0
  0
LINE
  5
1E91
330
1F
100
AcDbEntity
  8
1
  6
CONTINUOUS
370
50
 62
4
100
AcDbLine
 10
11.854715
 20
-3.599627
 30
0.0
 11
11.828787
 21
-3.597804
 31
0.0
  0
LINE
  5
1E92
330
1F
100
AcDbEntity
  8
1
  6
CONTINUOUS
370
50
 62
4
100
AcDbLine
 10
21.013588
 20
2.876887
 30
0.0
 11
19.46966
 21
2.985343
 31
0.0
  0
LINE
  5
1E93
330
1F
100
AcDbEntity
  8
1
  6
CONTINUOUS
370
50
 62
4
100
AcDbLine
 10
20.057501
 20
4.425388
 30
0.0
 11
20.031429
 21
4.427218
 31
0.0
  0
LINE
  5
1E94
330
1F
100
AcDbEntity
  8
1
  6
CONTINUOUS
370
50
 62
4
100
AcDbLine
 10
11.880644
 20
-3.601446
 30
0.0
 11
11.854715
 21
-3.599627
 31
0.0
  0
LINE
  5
1E95
330
1F
100
AcDbEntity
  8
1
  6
CONTINUOUS
370
50
 62
4
100
AcDbLine
 10
11.906572
 20
-3.603262
 30
0.0
 11
11.880644
 21
-3.601446
 31
0.0
  0
LINE
  5
1E96
330
1F
100
AcDbEntity
  8
1
  6
CONTINUOUS
370
50
 62
4
100
AcDbLine
 10
16.307501
 20
4.430245
 30
0.0
 11
16.281427
 21
4.432071
 31
0.0
  0
LINE
  5
1E97
330
1F
100
AcDbEntity
  8
1
  6
CONTINUOUS
370
50
 62
4
100
AcDbLine
 10
20.031429
 20
4.427218
 30
0.0
 11
20.005358
 21
4.429043
 31
0.0
  0
LINE
  5
1E98
330
1F
100
AcDbEntity
  8
1
  6
CONTINUOUS
370
50
 62
4
100
AcDbLine
 10
11.9325
 20
-3.605074
 30
0.0
 11
11.906572
 21
-3.603262
 31
0.0
  0
LINE
  5
1E99
330
1F
100
AcDbEntity
  8
1
  6
CONTINUOUS
370
50
 62
4
100
AcDbLine
 10
16.281427
 20
4.432071
 30
0.0
 11
16.255356
 21
4.433892999999999
 31
0.0
  0
LINE
  5
1E9A
330
1F
100
AcDbEntity
  8
1
  6
CONTINUOUS
370
50
 62
4
100
AcDbLine
 10
18.182501
 20
3.592922
 30
0.0
 11
18.156429
 21
3.594744
 31
0.0
  0
LINE
  5
1E9B
330
1F
100
AcDbEntity
  8
1
  6
CONTINUOUS
370
50
 62
4
100
AcDbLine
 10
20.005358
 20
4.429043
 30
0.0
 11
19.979286
 21
4.430863
 31
0.0
  0
LINE
  5
1E9C
330
1F
100
AcDbEntity
  8
1
  6
CONTINUOUS
370
50
 62
4
100
AcDbLine
 10
18.156429
 20
3.594744
 30
0.0
 11
18.130358
 21
3.596562
 31
0.0
  0
LINE
  5
1E9D
330
1F
100
AcDbEntity
  8
1
  6
CONTINUOUS
370
50
 62
4
100
AcDbLine
 10
16.255356
 20
4.433892999999999
 30
0.0
 11
16.229284
 21
4.435709
 31
0.0
  0
LINE
  5
1E9E
330
1F
100
AcDbEntity
  8
1
  6
CONTINUOUS
370
50
 62
4
100
AcDbLine
 10
19.979286
 20
4.430863
 30
0.0
 11
19.953215
 21
4.432677
 31
0.0
  0
LINE
  5
1E9F
330
1F
100
AcDbEntity
  8
1
  6
CONTINUOUS
370
50
 62
4
100
AcDbLine
 10
18.130358
 20
3.596562
 30
0.0
 11
18.104286
 21
3.598376
 31
0.0
  0
LINE
  5
1EA0
330
1F
100
AcDbEntity
  8
1
  6
CONTINUOUS
370
50
 62
4
100
AcDbLine
 10
16.229284
 20
4.435709
 30
0.0
 11
16.203213
 21
4.437520999999999
 31
0.0
  0
LINE
  5
1EA1
330
1F
100
AcDbEntity
  8
1
  6
CONTINUOUS
370
50
 62
4
100
AcDbLine
 10
18.104286
 20
3.598376
 30
0.0
 11
18.078215
 21
3.600186
 31
0.0
  0
LINE
  5
1EA2
330
1F
100
AcDbEntity
  8
1
  6
CONTINUOUS
370
50
 62
4
100
AcDbLine
 10
19.953215
 20
4.432677
 30
0.0
 11
19.927143
 21
4.434487
 31
0.0
  0
LINE
  5
1EA3
330
1F
100
AcDbEntity
  8
1
  6
CONTINUOUS
370
50
 62
4
100
AcDbLine
 10
16.203213
 20
4.437520999999999
 30
0.0
 11
16.177141
 21
4.439328
 31
0.0
  0
LINE
  5
1EA4
330
1F
100
AcDbEntity
  8
1
  6
CONTINUOUS
370
50
 62
4
100
AcDbLine
 10
18.078215
 20
3.600186
 30
0.0
 11
18.052143
 21
3.601992
 31
0.0
  0
LINE
  5
1EA5
330
1F
100
AcDbEntity
  8
1
  6
CONTINUOUS
370
50
 62
4
100
AcDbLine
 10
19.927143
 20
4.434487
 30
0.0
 11
19.901072
 21
4.436291
 31
0.0
  0
LINE
  5
1EA6
330
1F
100
AcDbEntity
  8
1
  6
CONTINUOUS
370
50
 62
4
100
AcDbLine
 10
16.177141
 20
4.439328
 30
0.0
 11
16.151072
 21
4.441129999999999
 31
0.0
  0
LINE
  5
1EA7
330
1F
100
AcDbEntity
  8
1
  6
CONTINUOUS
370
50
 62
4
100
AcDbLine
 10
18.052143
 20
3.601992
 30
0.0
 11
18.026072
 21
3.603794
 31
0.0
  0
LINE
  5
1EA8
330
1F
100
AcDbEntity
  8
1
  6
CONTINUOUS
370
50
 62
4
100
AcDbLine
 10
17.401072
 20
-4.437870999999999
 30
0.0
 11
17.375
 21
-4.436069
 31
0.0
  0
LINE
  5
1EA9
330
1F
100
AcDbEntity
  8
1
  6
CONTINUOUS
370
50
 62
4
100
AcDbLine
 10
19.901072
 20
4.436291
 30
0.0
 11
19.875
 21
4.43809
 31
0.0
  0
LINE
  5
1EAA
330
1F
100
AcDbEntity
  8
1
  6
CONTINUOUS
370
50
 62
4
100
AcDbLine
 10
18.026072
 20
3.603794
 30
0.0
 11
18.0
 21
3.605592
 31
0.0
  0
LINE
  5
1EAB
330
1F
100
AcDbEntity
  8
1
  6
CONTINUOUS
370
50
 62
4
100
AcDbLine
 10
16.151072
 20
4.441129999999999
 30
0.0
 11
16.125
 21
4.442928
 31
0.0
  0
LINE
  5
1EAC
330
1F
100
AcDbEntity
  8
1
  6
CONTINUOUS
370
50
 62
4
100
AcDbLine
 10
17.427143
 20
-4.439667
 30
0.0
 11
17.401072
 21
-4.437870999999999
 31
0.0
  0
LINE
  5
1EAD
330
1F
100
AcDbEntity
  8
1
  6
CONTINUOUS
370
50
 62
4
100
AcDbLine
 10
13.498983
 20
0.276511
 30
0.0
 11
13.435834
 21
0.280861
 31
0.0
  0
LINE
  5
1EAE
330
1F
100
AcDbEntity
  8
1
  6
CONTINUOUS
370
50
 62
4
100
AcDbLine
 10
17.453215
 20
-4.441458
 30
0.0
 11
17.427143
 21
-4.439667
 31
0.0
  0
LINE
  5
1EAF
330
1F
100
AcDbEntity
  8
1
  6
CONTINUOUS
370
50
 62
4
100
AcDbLine
 10
17.479286
 20
-4.443244
 30
0.0
 11
17.453215
 21
-4.441458
 31
0.0
  0
LINE
  5
1EB0
330
1F
100
AcDbEntity
  8
1
  6
CONTINUOUS
370
50
 62
4
100
AcDbLine
 10
16.623508
 20
-0.287761
 30
0.0
 11
16.56028
 21
-0.283435
 31
0.0
  0
LINE
  5
1EB1
330
1F
100
AcDbEntity
  8
1
  6
CONTINUOUS
370
50
 62
4
100
AcDbLine
 10
29.004963
 20
3.553207
 30
0.0
 11
28.971027
 21
3.555528
 31
0.0
  0
LINE
  5
1EB2
330
1F
100
AcDbEntity
  8
1
  6
CONTINUOUS
370
50
 62
4
100
AcDbLine
 10
17.505358
 20
-4.445024
 30
0.0
 11
17.479286
 21
-4.443244
 31
0.0
  0
LINE
  5
1EB3
330
1F
100
AcDbEntity
  8
1
  6
CONTINUOUS
370
50
 62
4
100
AcDbLine
 10
17.531429
 20
-4.446799
 30
0.0
 11
17.505358
 21
-4.445024
 31
0.0
  0
LINE
  5
1EB4
330
1F
100
AcDbEntity
  8
1
  6
CONTINUOUS
370
50
 62
4
100
AcDbLine
 10
17.557501
 20
-4.44857
 30
0.0
 11
17.531429
 21
-4.446799
 31
0.0
  0
LINE
  5
1EB5
330
1F
100
AcDbEntity
  8
1
  6
CONTINUOUS
370
50
 62
4
100
AcDbLine
 10
21.776072
 20
-3.631369
 30
0.0
 11
21.75
 21
-3.629613
 31
0.0
  0
LINE
  5
1EB6
330
1F
100
AcDbEntity
  8
1
  6
CONTINUOUS
370
50
 62
4
100
AcDbLine
 10
21.802143
 20
-3.63312
 30
0.0
 11
21.776072
 21
-3.631369
 31
0.0
  0
LINE
  5
1EB7
330
1F
100
AcDbEntity
  8
1
  6
CONTINUOUS
370
50
 62
4
100
AcDbLine
 10
21.828215
 20
-3.634868
 30
0.0
 11
21.802143
 21
-3.63312
 31
0.0
  0
LINE
  5
1EB8
330
1F
100
AcDbEntity
  8
1
  6
CONTINUOUS
370
50
 62
4
100
AcDbLine
 10
26.363716
 20
3.834385
 30
0.0
 11
26.352369
 21
3.835145
 31
0.0
  0
LINE
  5
1EB9
330
1F
100
AcDbEntity
  8
1
  6
CONTINUOUS
370
50
 62
4
100
AcDbLine
 10
26.513645
 20
-2.106173
 30
0.0
 11
26.375725
 21
-2.096941
 31
0.0
  0
LINE
  5
1EBA
330
1F
100
AcDbEntity
  8
1
  6
CONTINUOUS
370
50
 62
4
100
AcDbLine
 10
26.521858
 20
-2.098968
 30
0.0
 11
26.387316
 21
-2.089966
 31
0.0
  0
LINE
  5
1EBB
330
1F
100
AcDbEntity
  8
1
  6
CONTINUOUS
370
50
 62
4
100
AcDbLine
 10
21.854286
 20
-3.636612
 30
0.0
 11
21.828215
 21
-3.634868
 31
0.0
  0
LINE
  5
1EBC
330
1F
100
AcDbEntity
  8
1
  6
CONTINUOUS
370
50
 62
4
100
AcDbLine
 10
26.932501
 20
3.637817
 30
0.0
 11
26.906427
 21
3.63956
 31
0.0
  0
LINE
  5
1EBD
330
1F
100
AcDbEntity
  8
1
  6
CONTINUOUS
370
50
 62
4
100
AcDbLine
 10
21.880358
 20
-3.638352
 30
0.0
 11
21.854286
 21
-3.636612
 31
0.0
  0
LINE
  5
1EBE
330
1F
100
AcDbEntity
  8
1
  6
CONTINUOUS
370
50
 62
4
100
AcDbLine
 10
26.906427
 20
3.63956
 30
0.0
 11
26.880356
 21
3.641299
 31
0.0
  0
LINE
  5
1EBF
330
1F
100
AcDbEntity
  8
1
  6
CONTINUOUS
370
50
 62
4
100
AcDbLine
 10
21.906429
 20
-3.640088
 30
0.0
 11
21.880358
 21
-3.638352
 31
0.0
  0
LINE
  5
1EC0
330
1F
100
AcDbEntity
  8
1
  6
CONTINUOUS
370
50
 62
4
100
AcDbLine
 10
26.880356
 20
3.641299
 30
0.0
 11
26.854284
 21
3.643034
 31
0.0
  0
LINE
  5
1EC1
330
1F
100
AcDbEntity
  8
1
  6
CONTINUOUS
370
50
 62
4
100
AcDbLine
 10
26.854284
 20
3.643034
 30
0.0
 11
26.828213
 21
3.644766
 31
0.0
  0
LINE
  5
1EC2
330
1F
100
AcDbEntity
  8
1
  6
CONTINUOUS
370
50
 62
4
100
AcDbLine
 10
21.932501
 20
-3.64182
 30
0.0
 11
21.906429
 21
-3.640088
 31
0.0
  0
LINE
  5
1EC3
330
1F
100
AcDbEntity
  8
1
  6
CONTINUOUS
370
50
 62
4
100
AcDbLine
 10
26.651564
 20
-2.115323
 30
0.0
 11
26.513645
 21
-2.106173
 31
0.0
  0
LINE
  5
1EC4
330
1F
100
AcDbEntity
  8
1
  6
CONTINUOUS
370
50
 62
4
100
AcDbLine
 10
26.656418
 20
-2.107888
 30
0.0
 11
26.521858
 21
-2.098968
 31
0.0
  0
LINE
  5
1EC5
330
1F
100
AcDbEntity
  8
1
  6
CONTINUOUS
370
50
 62
4
100
AcDbLine
 10
26.828213
 20
3.644766
 30
0.0
 11
26.802141
 21
3.646494
 31
0.0
  0
LINE
  5
1EC6
330
1F
100
AcDbEntity
  8
1
  6
CONTINUOUS
370
50
 62
4
100
AcDbLine
 10
11.751
 20
-3.592222
 30
0.0
 11
11.750834
 21
-3.592211
 31
0.0
  0
LINE
  5
1EC7
330
1F
100
AcDbEntity
  8
1
  6
CONTINUOUS
370
50
 62
4
100
AcDbLine
 10
26.802141
 20
3.646494
 30
0.0
 11
26.776072
 21
3.648218
 31
0.0
  0
LINE
  5
1EC8
330
1F
100
AcDbEntity
  8
1
  6
CONTINUOUS
370
50
 62
4
100
AcDbLine
 10
26.776072
 20
3.648218
 30
0.0
 11
26.75
 21
3.649939
 31
0.0
  0
LINE
  5
1EC9
330
1F
100
AcDbEntity
  8
1
  6
CONTINUOUS
370
50
 62
4
100
AcDbLine
 10
11.750334
 20
-3.592175
 30
0.0
 11
11.750167
 21
-3.592164
 31
0.0
  0
LINE
  5
1ECA
330
1F
100
AcDbEntity
  8
1
  6
CONTINUOUS
370
50
 62
4
100
AcDbLine
 10
26.789482
 20
-2.124391
 30
0.0
 11
26.651564
 21
-2.115323
 31
0.0
  0
LINE
  5
1ECB
330
1F
100
AcDbEntity
  8
1
  6
CONTINUOUS
370
50
 62
4
100
AcDbLine
 10
26.790993
 20
-2.116729
 30
0.0
 11
26.656418
 21
-2.107888
 31
0.0
  0
LINE
  5
1ECC
330
1F
100
AcDbEntity
  8
1
  6
CONTINUOUS
370
50
 62
4
100
AcDbLine
 10
26.927401
 20
-2.133376
 30
0.0
 11
26.789482
 21
-2.124391
 31
0.0
  0
LINE
  5
1ECD
330
1F
100
AcDbEntity
  8
1
  6
CONTINUOUS
370
50
 62
4
100
AcDbLine
 10
26.925581
 20
-2.12549
 30
0.0
 11
26.790993
 21
-2.116729
 31
0.0
  0
LINE
  5
1ECE
330
1F
100
AcDbEntity
  8
1
  6
CONTINUOUS
370
50
 62
4
100
AcDbLine
 10
27.065319
 20
-2.14228
 30
0.0
 11
26.927401
 21
-2.133376
 31
0.0
  0
LINE
  5
1ECF
330
1F
100
AcDbEntity
  8
1
  6
CONTINUOUS
370
50
 62
4
100
AcDbLine
 10
27.060183
 20
-2.134171
 30
0.0
 11
26.925581
 21
-2.12549
 31
0.0
  0
LINE
  5
1ED0
330
1F
100
AcDbEntity
  8
1
  6
CONTINUOUS
370
50
 62
4
100
AcDbLine
 10
27.203238
 20
-2.151102
 30
0.0
 11
27.065319
 21
-2.14228
 31
0.0
  0
LINE
  5
1ED1
330
1F
100
AcDbEntity
  8
1
  6
CONTINUOUS
370
50
 62
4
100
AcDbLine
 10
27.194798
 20
-2.142772
 30
0.0
 11
27.060183
 21
-2.134171
 31
0.0
  0
LINE
  5
1ED2
330
1F
100
AcDbEntity
  8
1
  6
CONTINUOUS
370
50
 62
4
100
AcDbLine
 10
13.026072
 20
-3.678111
 30
0.0
 11
13.0
 21
-3.676447
 31
0.0
  0
LINE
  5
1ED3
330
1F
100
AcDbEntity
  8
1
  6
CONTINUOUS
370
50
 62
4
100
AcDbLine
 10
13.052144
 20
-3.67977
 30
0.0
 11
13.026072
 21
-3.678111
 31
0.0
  0
LINE
  5
1ED4
330
1F
100
AcDbEntity
  8
1
  6
CONTINUOUS
370
50
 62
4
100
AcDbLine
 10
13.078216
 20
-3.681425
 30
0.0
 11
13.052144
 21
-3.67977
 31
0.0
  0
LINE
  5
1ED5
330
1F
100
AcDbEntity
  8
1
  6
CONTINUOUS
370
50
 62
4
100
AcDbLine
 10
13.104287
 20
-3.683077
 30
0.0
 11
13.078216
 21
-3.681425
 31
0.0
  0
LINE
  5
1ED6
330
1F
100
AcDbEntity
  8
1
  6
CONTINUOUS
370
50
 62
4
100
AcDbLine
 10
13.130358
 20
-3.684724
 30
0.0
 11
13.104287
 21
-3.683077
 31
0.0
  0
LINE
  5
1ED7
330
1F
100
AcDbEntity
  8
1
  6
CONTINUOUS
370
50
 62
4
100
AcDbLine
 10
13.156429
 20
-3.686368
 30
0.0
 11
13.130358
 21
-3.684724
 31
0.0
  0
LINE
  5
1ED8
330
1F
100
AcDbEntity
  8
1
  6
CONTINUOUS
370
50
 62
4
100
AcDbLine
 10
13.1825
 20
-3.688008
 30
0.0
 11
13.156429
 21
-3.686368
 31
0.0
  0
LINE
  5
1ED9
330
1F
100
AcDbEntity
  8
1
  6
CONTINUOUS
370
50
 62
4
100
AcDbLine
 10
16.932501
 20
3.67581
 30
0.0
 11
16.906429
 21
3.677442
 31
0.0
  0
LINE
  5
1EDA
330
1F
100
AcDbEntity
  8
1
  6
CONTINUOUS
370
50
 62
4
100
AcDbLine
 10
19.46966
 20
2.985343
 30
0.0
 11
17.92573
 21
3.081871
 31
0.0
  0
LINE
  5
1EDB
330
1F
100
AcDbEntity
  8
1
  6
CONTINUOUS
370
50
 62
4
100
AcDbLine
 10
16.906429
 20
3.677442
 30
0.0
 11
16.880358
 21
3.679069
 31
0.0
  0
LINE
  5
1EDC
330
1F
100
AcDbEntity
  8
1
  6
CONTINUOUS
370
50
 62
4
100
AcDbLine
 10
16.880358
 20
3.679069
 30
0.0
 11
16.854286
 21
3.680693
 31
0.0
  0
LINE
  5
1EDD
330
1F
100
AcDbEntity
  8
1
  6
CONTINUOUS
370
50
 62
4
100
AcDbLine
 10
16.854286
 20
3.680693
 30
0.0
 11
16.828215
 21
3.682312
 31
0.0
  0
LINE
  5
1EDE
330
1F
100
AcDbEntity
  8
1
  6
CONTINUOUS
370
50
 62
4
100
AcDbLine
 10
16.828215
 20
3.682312
 30
0.0
 11
16.802143
 21
3.683928
 31
0.0
  0
LINE
  5
1EDF
330
1F
100
AcDbEntity
  8
1
  6
CONTINUOUS
370
50
 62
4
100
AcDbLine
 10
16.802143
 20
3.683928
 30
0.0
 11
16.776072
 21
3.68554
 31
0.0
  0
LINE
  5
1EE0
330
1F
100
AcDbEntity
  8
1
  6
CONTINUOUS
370
50
 62
4
100
AcDbLine
 10
16.776072
 20
3.68554
 30
0.0
 11
16.75
 21
3.687147
 31
0.0
  0
LINE
  5
1EE1
330
1F
100
AcDbEntity
  8
1
  6
CONTINUOUS
370
50
 62
4
100
AcDbLine
 10
14.901071
 20
-4.51312
 30
0.0
 11
14.875
 21
-4.51152
 31
0.0
  0
LINE
  5
1EE2
330
1F
100
AcDbEntity
  8
1
  6
CONTINUOUS
370
50
 62
4
100
AcDbLine
 10
15.0575
 20
4.512383
 30
0.0
 11
15.031428
 21
4.513978
 31
0.0
  0
LINE
  5
1EE3
330
1F
100
AcDbEntity
  8
1
  6
CONTINUOUS
370
50
 62
4
100
AcDbLine
 10
14.927142
 20
-4.514713
 30
0.0
 11
14.901071
 21
-4.51312
 31
0.0
  0
LINE
  5
1EE4
330
1F
100
AcDbEntity
  8
1
  6
CONTINUOUS
370
50
 62
4
100
AcDbLine
 10
15.031428
 20
4.513978
 30
0.0
 11
15.005356
 21
4.515568
 31
0.0
  0
LINE
  5
1EE5
330
1F
100
AcDbEntity
  8
1
  6
CONTINUOUS
370
50
 62
4
100
AcDbLine
 10
27.884724
 20
-2.193502
 30
0.0
 11
27.795151
 21
-2.188041
 31
0.0
  0
LINE
  5
1EE6
330
1F
100
AcDbEntity
  8
1
  6
CONTINUOUS
370
50
 62
4
100
AcDbLine
 10
14.953213
 20
-4.516302
 30
0.0
 11
14.927142
 21
-4.514713
 31
0.0
  0
LINE
  5
1EE7
330
1F
100
AcDbEntity
  8
1
  6
CONTINUOUS
370
50
 62
4
100
AcDbLine
 10
29.645451
 20
3.486208
 30
0.0
 11
29.610935
 21
3.488309
 31
0.0
  0
LINE
  5
1EE8
330
1F
100
AcDbEntity
  8
1
  6
CONTINUOUS
370
50
 62
4
100
AcDbLine
 10
18.807501
 20
4.507382
 30
0.0
 11
18.781429
 21
4.508967
 31
0.0
  0
LINE
  5
1EE9
330
1F
100
AcDbEntity
  8
1
  6
CONTINUOUS
370
50
 62
4
100
AcDbLine
 10
15.005356
 20
4.515568
 30
0.0
 11
14.979284
 21
4.517151999999999
 31
0.0
  0
LINE
  5
1EEA
330
1F
100
AcDbEntity
  8
1
  6
CONTINUOUS
370
50
 62
4
100
AcDbLine
 10
27.891855
 20
-2.18603
 30
0.0
 11
27.805342
 21
-2.180777
 31
0.0
  0
LINE
  5
1EEB
330
1F
100
AcDbEntity
  8
1
  6
CONTINUOUS
370
50
 62
4
100
AcDbLine
 10
14.979284
 20
-4.517884
 30
0.0
 11
14.953213
 21
-4.516302
 31
0.0
  0
LINE
  5
1EEC
330
1F
100
AcDbEntity
  8
1
  6
CONTINUOUS
370
50
 62
4
100
AcDbLine
 10
18.781429
 20
4.508967
 30
0.0
 11
18.755358
 21
4.510548
 31
0.0
  0
LINE
  5
1EED
330
1F
100
AcDbEntity
  8
1
  6
CONTINUOUS
370
50
 62
4
100
AcDbLine
 10
14.979284
 20
4.517151999999999
 30
0.0
 11
14.953213
 21
4.518733
 31
0.0
  0
LINE
  5
1EEE
330
1F
100
AcDbEntity
  8
1
  6
CONTINUOUS
370
50
 62
4
100
AcDbLine
 10
27.974297
 20
-2.198929
 30
0.0
 11
27.884724
 21
-2.193502
 31
0.0
  0
LINE
  5
1EEF
330
1F
100
AcDbEntity
  8
1
  6
CONTINUOUS
370
50
 62
4
100
AcDbLine
 10
15.005356
 20
-4.519461
 30
0.0
 11
14.979284
 21
-4.517884
 31
0.0
  0
LINE
  5
1EF0
330
1F
100
AcDbEntity
  8
1
  6
CONTINUOUS
370
50
 62
4
100
AcDbLine
 10
18.755358
 20
4.510548
 30
0.0
 11
18.729286
 21
4.512124
 31
0.0
  0
LINE
  5
1EF1
330
1F
100
AcDbEntity
  8
1
  6
CONTINUOUS
370
50
 62
4
100
AcDbLine
 10
14.953213
 20
4.518733
 30
0.0
 11
14.927142
 21
4.520307
 31
0.0
  0
LINE
  5
1EF2
330
1F
100
AcDbEntity
  8
1
  6
CONTINUOUS
370
50
 62
4
100
AcDbLine
 10
27.978369
 20
-2.19125
 30
0.0
 11
27.891855
 21
-2.18603
 31
0.0
  0
LINE
  5
1EF3
330
1F
100
AcDbEntity
  8
1
  6
CONTINUOUS
370
50
 62
4
100
AcDbLine
 10
15.031428
 20
-4.521033
 30
0.0
 11
15.005356
 21
-4.519461
 31
0.0
  0
LINE
  5
1EF4
330
1F
100
AcDbEntity
  8
1
  6
CONTINUOUS
370
50
 62
4
100
AcDbLine
 10
18.729286
 20
4.512124
 30
0.0
 11
18.703215
 21
4.513695
 31
0.0
  0
LINE
  5
1EF5
330
1F
100
AcDbEntity
  8
1
  6
CONTINUOUS
370
50
 62
4
100
AcDbLine
 10
14.927142
 20
4.520307
 30
0.0
 11
14.901071
 21
4.521877
 31
0.0
  0
LINE
  5
1EF6
330
1F
100
AcDbEntity
  8
1
  6
CONTINUOUS
370
50
 62
4
100
AcDbLine
 10
28.063869
 20
-2.204322
 30
0.0
 11
27.974297
 21
-2.198929
 31
0.0
  0
LINE
  5
1EF7
330
1F
100
AcDbEntity
  8
1
  6
CONTINUOUS
370
50
 62
4
100
AcDbLine
 10
23.026072
 20
-3.710987
 30
0.0
 11
23.0
 21
-3.709418
 31
0.0
  0
LINE
  5
1EF8
330
1F
100
AcDbEntity
  8
1
  6
CONTINUOUS
370
50
 62
4
100
AcDbLine
 10
15.0575
 20
-4.522599
 30
0.0
 11
15.031428
 21
-4.521033
 31
0.0
  0
LINE
  5
1EF9
330
1F
100
AcDbEntity
  8
1
  6
CONTINUOUS
370
50
 62
4
100
AcDbLine
 10
23.052143
 20
-3.712552
 30
0.0
 11
23.026072
 21
-3.710987
 31
0.0
  0
LINE
  5
1EFA
330
1F
100
AcDbEntity
  8
1
  6
CONTINUOUS
370
50
 62
4
100
AcDbLine
 10
14.901071
 20
4.521877
 30
0.0
 11
14.875
 21
4.523442
 31
0.0
  0
LINE
  5
1EFB
330
1F
100
AcDbEntity
  8
1
  6
CONTINUOUS
370
50
 62
4
100
AcDbLine
 10
18.703215
 20
4.513695
 30
0.0
 11
18.677143
 21
4.51526
 31
0.0
  0
LINE
  5
1EFC
330
1F
100
AcDbEntity
  8
1
  6
CONTINUOUS
370
50
 62
4
100
AcDbLine
 10
28.064884
 20
-2.196437
 30
0.0
 11
27.978369
 21
-2.19125
 31
0.0
  0
LINE
  5
1EFD
330
1F
100
AcDbEntity
  8
1
  6
CONTINUOUS
370
50
 62
4
100
AcDbLine
 10
25.682501
 20
3.717194
 30
0.0
 11
25.656427
 21
3.718757
 31
0.0
  0
LINE
  5
1EFE
330
1F
100
AcDbEntity
  8
1
  6
CONTINUOUS
370
50
 62
4
100
AcDbLine
 10
23.078215
 20
-3.714113
 30
0.0
 11
23.052143
 21
-3.712552
 31
0.0
  0
LINE
  5
1EFF
330
1F
100
AcDbEntity
  8
1
  6
CONTINUOUS
370
50
 62
4
100
AcDbLine
 10
18.677143
 20
4.51526
 30
0.0
 11
18.651072
 21
4.51682
 31
0.0
  0
LINE
  5
1F00
330
1F
100
AcDbEntity
  8
1
  6
CONTINUOUS
370
50
 62
4
100
AcDbLine
 10
28.153442
 20
-2.209681
 30
0.0
 11
28.063869
 21
-2.204322
 31
0.0
  0
LINE
  5
1F01
330
1F
100
AcDbEntity
  8
1
  6
CONTINUOUS
370
50
 62
4
100
AcDbLine
 10
25.656427
 20
3.718757
 30
0.0
 11
25.630356
 21
3.720316
 31
0.0
  0
LINE
  5
1F02
330
1F
100
AcDbEntity
  8
1
  6
CONTINUOUS
370
50
 62
4
100
AcDbLine
 10
23.104286
 20
-3.715669
 30
0.0
 11
23.078215
 21
-3.714113
 31
0.0
  0
LINE
  5
1F03
330
1F
100
AcDbEntity
  8
1
  6
CONTINUOUS
370
50
 62
4
100
AcDbLine
 10
18.651072
 20
-4.518215
 30
0.0
 11
18.625
 21
-4.516659
 31
0.0
  0
LINE
  5
1F04
330
1F
100
AcDbEntity
  8
1
  6
CONTINUOUS
370
50
 62
4
100
AcDbLine
 10
18.651072
 20
4.51682
 30
0.0
 11
18.625
 21
4.518376
 31
0.0
  0
LINE
  5
1F05
330
1F
100
AcDbEntity
  8
1
  6
CONTINUOUS
370
50
 62
4
100
AcDbLine
 10
13.435834
 20
0.280861
 30
0.0
 11
13.372597
 21
0.284634
 31
0.0
  0
LINE
  5
1F06
330
1F
100
AcDbEntity
  8
1
  6
CONTINUOUS
370
50
 62
4
100
AcDbLine
 10
25.630356
 20
3.720316
 30
0.0
 11
25.604284
 21
3.721871
 31
0.0
  0
LINE
  5
1F07
330
1F
100
AcDbEntity
  8
1
  6
CONTINUOUS
370
50
 62
4
100
AcDbLine
 10
33.197773
 20
3.123481
 30
0.0
 11
33.192688
 21
3.123784
 31
0.0
  0
LINE
  5
1F08
330
1F
100
AcDbEntity
  8
1
  6
CONTINUOUS
370
50
 62
4
100
AcDbLine
 10
28.151402
 20
-2.201592
 30
0.0
 11
28.064884
 21
-2.196437
 31
0.0
  0
LINE
  5
1F09
330
1F
100
AcDbEntity
  8
1
  6
CONTINUOUS
370
50
 62
4
100
AcDbLine
 10
23.130358
 20
-3.717222
 30
0.0
 11
23.104286
 21
-3.715669
 31
0.0
  0
LINE
  5
1F0A
330
1F
100
AcDbEntity
  8
1
  6
CONTINUOUS
370
50
 62
4
100
AcDbLine
 10
18.677143
 20
-4.519766
 30
0.0
 11
18.651072
 21
-4.518215
 31
0.0
  0
LINE
  5
1F0B
330
1F
100
AcDbEntity
  8
1
  6
CONTINUOUS
370
50
 62
4
100
AcDbLine
 10
25.604284
 20
3.721871
 30
0.0
 11
25.578213
 21
3.723422
 31
0.0
  0
LINE
  5
1F0C
330
1F
100
AcDbEntity
  8
1
  6
CONTINUOUS
370
50
 62
4
100
AcDbLine
 10
28.243015
 20
-2.215006
 30
0.0
 11
28.153442
 21
-2.209681
 31
0.0
  0
LINE
  5
1F0D
330
1F
100
AcDbEntity
  8
1
  6
CONTINUOUS
370
50
 62
4
100
AcDbLine
 10
23.156429
 20
-3.718771
 30
0.0
 11
23.130358
 21
-3.717222
 31
0.0
  0
LINE
  5
1F0E
330
1F
100
AcDbEntity
  8
1
  6
CONTINUOUS
370
50
 62
4
100
AcDbLine
 10
16.686749
 20
-0.291518
 30
0.0
 11
16.623508
 21
-0.287761
 31
0.0
  0
LINE
  5
1F0F
330
1F
100
AcDbEntity
  8
1
  6
CONTINUOUS
370
50
 62
4
100
AcDbLine
 10
25.578213
 20
3.723422
 30
0.0
 11
25.552141
 21
3.72497
 31
0.0
  0
LINE
  5
1F10
330
1F
100
AcDbEntity
  8
1
  6
CONTINUOUS
370
50
 62
4
100
AcDbLine
 10
4.863983
 20
-4.977225
 30
0.0
 11
4.700949
 21
-4.967555
 31
0.0
  0
LINE
  5
1F11
330
1F
100
AcDbEntity
  8
1
  6
CONTINUOUS
370
50
 62
4
100
AcDbLine
 10
18.703215
 20
-4.521312
 30
0.0
 11
18.677143
 21
-4.519766
 31
0.0
  0
LINE
  5
1F12
330
1F
100
AcDbEntity
  8
1
  6
CONTINUOUS
370
50
 62
4
100
AcDbLine
 10
23.182501
 20
-3.720316
 30
0.0
 11
23.156429
 21
-3.718771
 31
0.0
  0
LINE
  5
1F13
330
1F
100
AcDbEntity
  8
1
  6
CONTINUOUS
370
50
 62
4
100
AcDbLine
 10
28.237921
 20
-2.206715
 30
0.0
 11
28.151402
 21
-2.201592
 31
0.0
  0
LINE
  5
1F14
330
1F
100
AcDbEntity
  8
1
  6
CONTINUOUS
370
50
 62
4
100
AcDbLine
 10
25.552141
 20
3.72497
 30
0.0
 11
25.526072
 21
3.726513
 31
0.0
  0
LINE
  5
1F15
330
1F
100
AcDbEntity
  8
1
  6
CONTINUOUS
370
50
 62
4
100
AcDbLine
 10
28.332588
 20
-2.220298
 30
0.0
 11
28.243015
 21
-2.215006
 31
0.0
  0
LINE
  5
1F16
330
1F
100
AcDbEntity
  8
1
  6
CONTINUOUS
370
50
 62
4
100
AcDbLine
 10
18.729286
 20
-4.522851999999999
 30
0.0
 11
18.703215
 21
-4.521312
 31
0.0
  0
LINE
  5
1F17
330
1F
100
AcDbEntity
  8
1
  6
CONTINUOUS
370
50
 62
4
100
AcDbLine
 10
25.526072
 20
3.726513
 30
0.0
 11
25.5
 21
3.728052
 31
0.0
  0
LINE
  5
1F18
330
1F
100
AcDbEntity
  8
1
  6
CONTINUOUS
370
50
 62
4
100
AcDbLine
 10
18.755358
 20
-4.524388
 30
0.0
 11
18.729286
 21
-4.522851999999999
 31
0.0
  0
LINE
  5
1F19
330
1F
100
AcDbEntity
  8
1
  6
CONTINUOUS
370
50
 62
4
100
AcDbLine
 10
28.324442
 20
-2.211805
 30
0.0
 11
28.237921
 21
-2.206715
 31
0.0
  0
LINE
  5
1F1A
330
1F
100
AcDbEntity
  8
1
  6
CONTINUOUS
370
50
 62
4
100
AcDbLine
 10
18.781429
 20
-4.525918
 30
0.0
 11
18.755358
 21
-4.524388
 31
0.0
  0
LINE
  5
1F1B
330
1F
100
AcDbEntity
  8
1
  6
CONTINUOUS
370
50
 62
4
100
AcDbLine
 10
18.807501
 20
-4.527444
 30
0.0
 11
18.781429
 21
-4.525918
 31
0.0
  0
LINE
  5
1F1C
330
1F
100
AcDbEntity
  8
1
  6
CONTINUOUS
370
50
 62
4
100
AcDbLine
 10
30.321136
 20
3.41607
 30
0.0
 11
30.275517
 21
3.41864
 31
0.0
  0
LINE
  5
1F1D
330
1F
100
AcDbEntity
  8
1
  6
CONTINUOUS
370
50
 62
4
100
AcDbLine
 10
14.276071
 20
-3.752911
 30
0.0
 11
14.25
 21
-3.751461
 31
0.0
  0
LINE
  5
1F1E
330
1F
100
AcDbEntity
  8
1
  6
CONTINUOUS
370
50
 62
4
100
AcDbLine
 10
14.302142
 20
-3.754357
 30
0.0
 11
14.276071
 21
-3.752911
 31
0.0
  0
LINE
  5
1F1F
330
1F
100
AcDbEntity
  8
1
  6
CONTINUOUS
370
50
 62
4
100
AcDbLine
 10
14.328213
 20
-3.755799
 30
0.0
 11
14.302142
 21
-3.754357
 31
0.0
  0
LINE
  5
1F20
330
1F
100
AcDbEntity
  8
1
  6
CONTINUOUS
370
50
 62
4
100
AcDbLine
 10
29.228088
 20
-2.27137
 30
0.0
 11
29.177919
 21
-2.268596
 31
0.0
  0
LINE
  5
1F21
330
1F
100
AcDbEntity
  8
1
  6
CONTINUOUS
370
50
 62
4
100
AcDbLine
 10
15.6825
 20
3.749537
 30
0.0
 11
15.656428
 21
3.750977
 31
0.0
  0
LINE
  5
1F22
330
1F
100
AcDbEntity
  8
1
  6
CONTINUOUS
370
50
 62
4
100
AcDbLine
 10
29.278259
 20
-2.274134
 30
0.0
 11
29.228088
 21
-2.27137
 31
0.0
  0
LINE
  5
1F23
330
1F
100
AcDbEntity
  8
1
  6
CONTINUOUS
370
50
 62
4
100
AcDbLine
 10
14.354284
 20
-3.757235
 30
0.0
 11
14.328213
 21
-3.755799
 31
0.0
  0
LINE
  5
1F24
330
1F
100
AcDbEntity
  8
1
  6
CONTINUOUS
370
50
 62
4
100
AcDbLine
 10
15.656428
 20
3.750977
 30
0.0
 11
15.630357
 21
3.752412
 31
0.0
  0
LINE
  5
1F25
330
1F
100
AcDbEntity
  8
1
  6
CONTINUOUS
370
50
 62
4
100
AcDbLine
 10
15.630357
 20
3.752412
 30
0.0
 11
15.604285
 21
3.753844
 31
0.0
  0
LINE
  5
1F26
330
1F
100
AcDbEntity
  8
1
  6
CONTINUOUS
370
50
 62
4
100
AcDbLine
 10
14.380357
 20
-3.758667
 30
0.0
 11
14.354284
 21
-3.757235
 31
0.0
  0
LINE
  5
1F27
330
1F
100
AcDbEntity
  8
1
  6
CONTINUOUS
370
50
 62
4
100
AcDbLine
 10
29.328428
 20
-2.276887
 30
0.0
 11
29.278259
 21
-2.274134
 31
0.0
  0
LINE
  5
1F28
330
1F
100
AcDbEntity
  8
1
  6
CONTINUOUS
370
50
 62
4
100
AcDbLine
 10
29.234745
 20
-2.263404
 30
0.0
 11
29.187523
 21
-2.260814
 31
0.0
  0
LINE
  5
1F29
330
1F
100
AcDbEntity
  8
1
  6
CONTINUOUS
370
50
 62
4
100
AcDbLine
 10
17.92573
 20
3.081871
 30
0.0
 11
16.381798
 21
3.166465
 31
0.0
  0
LINE
  5
1F2A
330
1F
100
AcDbEntity
  8
1
  6
CONTINUOUS
370
50
 62
4
100
AcDbLine
 10
15.604285
 20
3.753844
 30
0.0
 11
15.578214
 21
3.755271
 31
0.0
  0
LINE
  5
1F2B
330
1F
100
AcDbEntity
  8
1
  6
CONTINUOUS
370
50
 62
4
100
AcDbLine
 10
14.406428
 20
-3.760093
 30
0.0
 11
14.380357
 21
-3.758667
 31
0.0
  0
LINE
  5
1F2C
330
1F
100
AcDbEntity
  8
1
  6
CONTINUOUS
370
50
 62
4
100
AcDbLine
 10
29.378597
 20
-2.279629
 30
0.0
 11
29.328428
 21
-2.276887
 31
0.0
  0
LINE
  5
1F2D
330
1F
100
AcDbEntity
  8
1
  6
CONTINUOUS
370
50
 62
4
100
AcDbLine
 10
29.281967
 20
-2.265984
 30
0.0
 11
29.234745
 21
-2.263404
 31
0.0
  0
LINE
  5
1F2E
330
1F
100
AcDbEntity
  8
1
  6
CONTINUOUS
370
50
 62
4
100
AcDbLine
 10
14.4325
 20
-3.761516
 30
0.0
 11
14.406428
 21
-3.760093
 31
0.0
  0
LINE
  5
1F2F
330
1F
100
AcDbEntity
  8
1
  6
CONTINUOUS
370
50
 62
4
100
AcDbLine
 10
15.578214
 20
3.755271
 30
0.0
 11
15.552142
 21
3.756694
 31
0.0
  0
LINE
  5
1F30
330
1F
100
AcDbEntity
  8
1
  6
CONTINUOUS
370
50
 62
4
100
AcDbLine
 10
29.428766
 20
-2.282362
 30
0.0
 11
29.378597
 21
-2.279629
 31
0.0
  0
LINE
  5
1F31
330
1F
100
AcDbEntity
  8
1
  6
CONTINUOUS
370
50
 62
4
100
AcDbLine
 10
15.552142
 20
3.756694
 30
0.0
 11
15.526071
 21
3.758113
 31
0.0
  0
LINE
  5
1F32
330
1F
100
AcDbEntity
  8
1
  6
CONTINUOUS
370
50
 62
4
100
AcDbLine
 10
29.329187
 20
-2.268554
 30
0.0
 11
29.281967
 21
-2.265984
 31
0.0
  0
LINE
  5
1F33
330
1F
100
AcDbEntity
  8
1
  6
CONTINUOUS
370
50
 62
4
100
AcDbLine
 10
15.526071
 20
3.758113
 30
0.0
 11
15.5
 21
3.759528
 31
0.0
  0
LINE
  5
1F34
330
1F
100
AcDbEntity
  8
1
  6
CONTINUOUS
370
50
 62
4
100
AcDbLine
 10
29.478935
 20
-2.285084
 30
0.0
 11
29.428766
 21
-2.282362
 31
0.0
  0
LINE
  5
1F35
330
1F
100
AcDbEntity
  8
1
  6
CONTINUOUS
370
50
 62
4
100
AcDbLine
 10
29.376408
 20
-2.271115
 30
0.0
 11
29.329187
 21
-2.268554
 31
0.0
  0
LINE
  5
1F36
330
1F
100
AcDbEntity
  8
1
  6
CONTINUOUS
370
50
 62
4
100
AcDbLine
 10
29.423628
 20
-2.273666
 30
0.0
 11
29.376408
 21
-2.271115
 31
0.0
  0
LINE
  5
1F37
330
1F
100
AcDbEntity
  8
1
  6
CONTINUOUS
370
50
 62
4
100
AcDbLine
 10
29.470846
 20
-2.276207
 30
0.0
 11
29.423628
 21
-2.273666
 31
0.0
  0
LINE
  5
1F38
330
1F
100
AcDbEntity
  8
1
  6
CONTINUOUS
370
50
 62
4
100
AcDbLine
 10
24.276072
 20
-3.781511
 30
0.0
 11
24.25
 21
-3.780135
 31
0.0
  0
LINE
  5
1F39
330
1F
100
AcDbEntity
  8
1
  6
CONTINUOUS
370
50
 62
4
100
AcDbLine
 10
24.302143
 20
-3.782882
 30
0.0
 11
24.276072
 21
-3.781511
 31
0.0
  0
LINE
  5
1F3A
330
1F
100
AcDbEntity
  8
1
  6
CONTINUOUS
370
50
 62
4
100
AcDbLine
 10
24.328217
 20
-3.78425
 30
0.0
 11
24.302143
 21
-3.782882
 31
0.0
  0
LINE
  5
1F3B
330
1F
100
AcDbEntity
  8
1
  6
CONTINUOUS
370
50
 62
4
100
AcDbLine
 10
24.354286
 20
-3.785613
 30
0.0
 11
24.328217
 21
-3.78425
 31
0.0
  0
LINE
  5
1F3C
330
1F
100
AcDbEntity
  8
1
  6
CONTINUOUS
370
50
 62
4
100
AcDbLine
 10
24.380358
 20
-3.786973
 30
0.0
 11
24.354286
 21
-3.785613
 31
0.0
  0
LINE
  5
1F3D
330
1F
100
AcDbEntity
  8
1
  6
CONTINUOUS
370
50
 62
4
100
AcDbLine
 10
13.8075
 20
4.583267999999999
 30
0.0
 11
13.781427
 21
4.584624
 31
0.0
  0
LINE
  5
1F3E
330
1F
100
AcDbEntity
  8
1
  6
CONTINUOUS
370
50
 62
4
100
AcDbLine
 10
24.406429
 20
-3.788327
 30
0.0
 11
24.380358
 21
-3.786973
 31
0.0
  0
LINE
  5
1F3F
330
1F
100
AcDbEntity
  8
1
  6
CONTINUOUS
370
50
 62
4
100
AcDbLine
 10
24.432501
 20
3.787514
 30
0.0
 11
24.406429
 21
3.788868
 31
0.0
  0
LINE
  5
1F40
330
1F
100
AcDbEntity
  8
1
  6
CONTINUOUS
370
50
 62
4
100
AcDbLine
 10
24.432501
 20
-3.789679
 30
0.0
 11
24.406429
 21
-3.788327
 31
0.0
  0
LINE
  5
1F41
330
1F
100
AcDbEntity
  8
1
  6
CONTINUOUS
370
50
 62
4
100
AcDbLine
 10
13.781427
 20
4.584624
 30
0.0
 11
13.755356
 21
4.585974999999999
 31
0.0
  0
LINE
  5
1F42
330
1F
100
AcDbEntity
  8
1
  6
CONTINUOUS
370
50
 62
4
100
AcDbLine
 10
24.406429
 20
3.788868
 30
0.0
 11
24.380358
 21
3.790217
 31
0.0
  0
LINE
  5
1F43
330
1F
100
AcDbEntity
  8
1
  6
CONTINUOUS
370
50
 62
4
100
AcDbLine
 10
13.755356
 20
4.585974999999999
 30
0.0
 11
13.729284
 21
4.587321
 31
0.0
  0
LINE
  5
1F44
330
1F
100
AcDbEntity
  8
1
  6
CONTINUOUS
370
50
 62
4
100
AcDbLine
 10
24.380358
 20
3.790217
 30
0.0
 11
24.354286
 21
3.79156
 31
0.0
  0
LINE
  5
1F45
330
1F
100
AcDbEntity
  8
1
  6
CONTINUOUS
370
50
 62
4
100
AcDbLine
 10
17.557501
 20
4.57772
 30
0.0
 11
17.531429
 21
4.579063
 31
0.0
  0
LINE
  5
1F46
330
1F
100
AcDbEntity
  8
1
  6
CONTINUOUS
370
50
 62
4
100
AcDbLine
 10
13.729284
 20
4.587321
 30
0.0
 11
13.703213
 21
4.588661999999999
 31
0.0
  0
LINE
  5
1F47
330
1F
100
AcDbEntity
  8
1
  6
CONTINUOUS
370
50
 62
4
100
AcDbLine
 10
24.354286
 20
3.79156
 30
0.0
 11
24.328217
 21
3.792899
 31
0.0
  0
LINE
  5
1F48
330
1F
100
AcDbEntity
  8
1
  6
CONTINUOUS
370
50
 62
4
100
AcDbLine
 10
17.531429
 20
4.579063
 30
0.0
 11
17.505358
 21
4.580401
 31
0.0
  0
LINE
  5
1F49
330
1F
100
AcDbEntity
  8
1
  6
CONTINUOUS
370
50
 62
4
100
AcDbLine
 10
13.703213
 20
4.588661999999999
 30
0.0
 11
13.677141
 21
4.589998
 31
0.0
  0
LINE
  5
1F4A
330
1F
100
AcDbEntity
  8
1
  6
CONTINUOUS
370
50
 62
4
100
AcDbLine
 10
16.151072
 20
-4.583304
 30
0.0
 11
16.125
 21
-4.58197
 31
0.0
  0
LINE
  5
1F4B
330
1F
100
AcDbEntity
  8
1
  6
CONTINUOUS
370
50
 62
4
100
AcDbLine
 10
24.328217
 20
3.792899
 30
0.0
 11
24.302143
 21
3.794233
 31
0.0
  0
LINE
  5
1F4C
330
1F
100
AcDbEntity
  8
1
  6
CONTINUOUS
370
50
 62
4
100
AcDbLine
 10
17.505358
 20
4.580401
 30
0.0
 11
17.479286
 21
4.581734
 31
0.0
  0
LINE
  5
1F4D
330
1F
100
AcDbEntity
  8
1
  6
CONTINUOUS
370
50
 62
4
100
AcDbLine
 10
13.677141
 20
4.589998
 30
0.0
 11
13.651071
 21
4.591329
 31
0.0
  0
LINE
  5
1F4E
330
1F
100
AcDbEntity
  8
1
  6
CONTINUOUS
370
50
 62
4
100
AcDbLine
 10
16.177141
 20
-4.584633999999999
 30
0.0
 11
16.151072
 21
-4.583304
 31
0.0
  0
LINE
  5
1F4F
330
1F
100
AcDbEntity
  8
1
  6
CONTINUOUS
370
50
 62
4
100
AcDbLine
 10
24.302143
 20
3.794233
 30
0.0
 11
24.276072
 21
3.795562
 31
0.0
  0
LINE
  5
1F50
330
1F
100
AcDbEntity
  8
1
  6
CONTINUOUS
370
50
 62
4
100
AcDbLine
 10
17.479286
 20
4.581734
 30
0.0
 11
17.453215
 21
4.583062
 31
0.0
  0
LINE
  5
1F51
330
1F
100
AcDbEntity
  8
1
  6
CONTINUOUS
370
50
 62
4
100
AcDbLine
 10
13.651071
 20
4.591329
 30
0.0
 11
13.625
 21
4.592654
 31
0.0
  0
LINE
  5
1F52
330
1F
100
AcDbEntity
  8
1
  6
CONTINUOUS
370
50
 62
4
100
AcDbLine
 10
16.203213
 20
-4.585958
 30
0.0
 11
16.177141
 21
-4.584633999999999
 31
0.0
  0
LINE
  5
1F53
330
1F
100
AcDbEntity
  8
1
  6
CONTINUOUS
370
50
 62
4
100
AcDbLine
 10
24.276072
 20
3.795562
 30
0.0
 11
24.25
 21
3.796885
 31
0.0
  0
LINE
  5
1F54
330
1F
100
AcDbEntity
  8
1
  6
CONTINUOUS
370
50
 62
4
100
AcDbLine
 10
17.453215
 20
4.583062
 30
0.0
 11
17.427143
 21
4.584385
 31
0.0
  0
LINE
  5
1F55
330
1F
100
AcDbEntity
  8
1
  6
CONTINUOUS
370
50
 62
4
100
AcDbLine
 10
16.229284
 20
-4.587276999999999
 30
0.0
 11
16.203213
 21
-4.585958
 31
0.0
  0
LINE
  5
1F56
330
1F
100
AcDbEntity
  8
1
  6
CONTINUOUS
370
50
 62
4
100
AcDbLine
 10
17.427143
 20
4.584385
 30
0.0
 11
17.401072
 21
4.585703
 31
0.0
  0
LINE
  5
1F57
330
1F
100
AcDbEntity
  8
1
  6
CONTINUOUS
370
50
 62
4
100
AcDbLine
 10
16.255356
 20
-4.588591
 30
0.0
 11
16.229284
 21
-4.587276999999999
 31
0.0
  0
LINE
  5
1F58
330
1F
100
AcDbEntity
  8
1
  6
CONTINUOUS
370
50
 62
4
100
AcDbLine
 10
16.75
 20
-0.294705
 30
0.0
 11
16.686749
 21
-0.291518
 31
0.0
  0
LINE
  5
1F59
330
1F
100
AcDbEntity
  8
1
  6
CONTINUOUS
370
50
 62
4
100
AcDbLine
 10
13.372597
 20
0.284634
 30
0.0
 11
13.309278
 21
0.287823
 31
0.0
  0
LINE
  5
1F5A
330
1F
100
AcDbEntity
  8
1
  6
CONTINUOUS
370
50
 62
4
100
AcDbLine
 10
17.401072
 20
4.585703
 30
0.0
 11
17.375
 21
4.587016
 31
0.0
  0
LINE
  5
1F5B
330
1F
100
AcDbEntity
  8
1
  6
CONTINUOUS
370
50
 62
4
100
AcDbLine
 10
19.901072
 20
-4.586855
 30
0.0
 11
19.875
 21
-4.585542999999999
 31
0.0
  0
LINE
  5
1F5C
330
1F
100
AcDbEntity
  8
1
  6
CONTINUOUS
370
50
 62
4
100
AcDbLine
 10
5.024639
 20
-4.985298999999999
 30
0.0
 11
4.863983
 21
-4.977225
 31
0.0
  0
LINE
  5
1F5D
330
1F
100
AcDbEntity
  8
1
  6
CONTINUOUS
370
50
 62
4
100
AcDbLine
 10
16.281427
 20
-4.589899
 30
0.0
 11
16.255356
 21
-4.588591
 31
0.0
  0
LINE
  5
1F5E
330
1F
100
AcDbEntity
  8
1
  6
CONTINUOUS
370
50
 62
4
100
AcDbLine
 10
19.927143
 20
-4.588162
 30
0.0
 11
19.901072
 21
-4.586855
 31
0.0
  0
LINE
  5
1F5F
330
1F
100
AcDbEntity
  8
1
  6
CONTINUOUS
370
50
 62
4
100
AcDbLine
 10
19.953215
 20
-4.589465
 30
0.0
 11
19.927143
 21
-4.588162
 31
0.0
  0
LINE
  5
1F60
330
1F
100
AcDbEntity
  8
1
  6
CONTINUOUS
370
50
 62
4
100
AcDbLine
 10
16.307501
 20
-4.591201
 30
0.0
 11
16.281427
 21
-4.589899
 31
0.0
  0
LINE
  5
1F61
330
1F
100
AcDbEntity
  8
1
  6
CONTINUOUS
370
50
 62
4
100
AcDbLine
 10
19.979286
 20
-4.590762
 30
0.0
 11
19.953215
 21
-4.589465
 31
0.0
  0
LINE
  5
1F62
330
1F
100
AcDbEntity
  8
1
  6
CONTINUOUS
370
50
 62
4
100
AcDbLine
 10
20.005358
 20
-4.592054
 30
0.0
 11
19.979286
 21
-4.590762
 31
0.0
  0
LINE
  5
1F63
330
1F
100
AcDbEntity
  8
1
  6
CONTINUOUS
370
50
 62
4
100
AcDbLine
 10
20.031429
 20
-4.593341
 30
0.0
 11
20.005358
 21
-4.592054
 31
0.0
  0
LINE
  5
1F64
330
1F
100
AcDbEntity
  8
1
  6
CONTINUOUS
370
50
 62
4
100
AcDbLine
 10
20.057501
 20
-4.594622999999999
 30
0.0
 11
20.031429
 21
-4.593341
 31
0.0
  0
LINE
  5
1F65
330
1F
100
AcDbEntity
  8
1
  6
CONTINUOUS
370
50
 62
4
100
AcDbLine
 10
28.454981
 20
3.611131
 30
0.0
 11
28.411228
 21
3.613255
 31
0.0
  0
LINE
  5
1F66
330
1F
100
AcDbEntity
  8
1
  6
CONTINUOUS
370
50
 62
4
100
AcDbLine
 10
33.192688
 20
3.123784
 30
0.0
 11
33.187595
 21
3.12403
 31
0.0
  0
LINE
  5
1F67
330
1F
100
AcDbEntity
  8
1
  6
CONTINUOUS
370
50
 62
4
100
AcDbLine
 10
32.009304
 20
3.243013
 30
0.0
 11
31.994061
 21
3.243747
 31
0.0
  0
LINE
  5
1F68
330
1F
100
AcDbEntity
  8
1
  6
CONTINUOUS
370
50
 62
4
100
AcDbLine
 10
14.4325
 20
3.813961
 30
0.0
 11
14.406428
 21
3.815204
 31
0.0
  0
LINE
  5
1F69
330
1F
100
AcDbEntity
  8
1
  6
CONTINUOUS
370
50
 62
4
100
AcDbLine
 10
14.406428
 20
3.815204
 30
0.0
 11
14.380357
 21
3.816442
 31
0.0
  0
LINE
  5
1F6A
330
1F
100
AcDbEntity
  8
1
  6
CONTINUOUS
370
50
 62
4
100
AcDbLine
 10
14.380357
 20
3.816442
 30
0.0
 11
14.354284
 21
3.817677
 31
0.0
  0
LINE
  5
1F6B
330
1F
100
AcDbEntity
  8
1
  6
CONTINUOUS
370
50
 62
4
100
AcDbLine
 10
14.354284
 20
3.817677
 30
0.0
 11
14.328213
 21
3.818907
 31
0.0
  0
LINE
  5
1F6C
330
1F
100
AcDbEntity
  8
1
  6
CONTINUOUS
370
50
 62
4
100
AcDbLine
 10
14.328213
 20
3.818907
 30
0.0
 11
14.302142
 21
3.820134
 31
0.0
  0
LINE
  5
1F6D
330
1F
100
AcDbEntity
  8
1
  6
CONTINUOUS
370
50
 62
4
100
AcDbLine
 10
15.526071
 20
-3.816921
 30
0.0
 11
15.5
 21
-3.815695
 31
0.0
  0
LINE
  5
1F6E
330
1F
100
AcDbEntity
  8
1
  6
CONTINUOUS
370
50
 62
4
100
AcDbLine
 10
16.381798
 20
3.166465
 30
0.0
 11
14.837865
 21
3.23893
 31
0.0
  0
LINE
  5
1F6F
330
1F
100
AcDbEntity
  8
1
  6
CONTINUOUS
370
50
 62
4
100
AcDbLine
 10
14.302142
 20
3.820134
 30
0.0
 11
14.276071
 21
3.821356
 31
0.0
  0
LINE
  5
1F70
330
1F
100
AcDbEntity
  8
1
  6
CONTINUOUS
370
50
 62
4
100
AcDbLine
 10
15.552142
 20
-3.818141
 30
0.0
 11
15.526071
 21
-3.816921
 31
0.0
  0
LINE
  5
1F71
330
1F
100
AcDbEntity
  8
1
  6
CONTINUOUS
370
50
 62
4
100
AcDbLine
 10
14.276071
 20
3.821356
 30
0.0
 11
14.25
 21
3.822574
 31
0.0
  0
LINE
  5
1F72
330
1F
100
AcDbEntity
  8
1
  6
CONTINUOUS
370
50
 62
4
100
AcDbLine
 10
15.578214
 20
-3.819357
 30
0.0
 11
15.552142
 21
-3.818141
 31
0.0
  0
LINE
  5
1F73
330
1F
100
AcDbEntity
  8
1
  6
CONTINUOUS
370
50
 62
4
100
AcDbLine
 10
15.604285
 20
-3.820569
 30
0.0
 11
15.578214
 21
-3.819357
 31
0.0
  0
LINE
  5
1F74
330
1F
100
AcDbEntity
  8
1
  6
CONTINUOUS
370
50
 62
4
100
AcDbLine
 10
15.630357
 20
-3.821776
 30
0.0
 11
15.604285
 21
-3.820569
 31
0.0
  0
LINE
  5
1F75
330
1F
100
AcDbEntity
  8
1
  6
CONTINUOUS
370
50
 62
4
100
AcDbLine
 10
15.656428
 20
-3.822978
 30
0.0
 11
15.630357
 21
-3.821776
 31
0.0
  0
LINE
  5
1F76
330
1F
100
AcDbEntity
  8
1
  6
CONTINUOUS
370
50
 62
4
100
AcDbLine
 10
15.6825
 20
-3.824176
 30
0.0
 11
15.656428
 21
-3.822978
 31
0.0
  0
LINE
  5
1F77
330
1F
100
AcDbEntity
  8
1
  6
CONTINUOUS
370
50
 62
4
100
AcDbLine
 10
31.638178
 20
3.280971
 30
0.0
 11
31.580603
 21
3.28355
 31
0.0
  0
LINE
  5
1F78
330
1F
100
AcDbEntity
  8
1
  6
CONTINUOUS
370
50
 62
4
100
AcDbLine
 10
25.526072
 20
-3.842299
 30
0.0
 11
25.5
 21
-3.841145
 31
0.0
  0
LINE
  5
1F79
330
1F
100
AcDbEntity
  8
1
  6
CONTINUOUS
370
50
 62
4
100
AcDbLine
 10
25.552141
 20
-3.843447
 30
0.0
 11
25.526072
 21
-3.842299
 31
0.0
  0
LINE
  5
1F7A
330
1F
100
AcDbEntity
  8
1
  6
CONTINUOUS
370
50
 62
4
100
AcDbLine
 10
25.578213
 20
-3.844591
 30
0.0
 11
25.552141
 21
-3.843447
 31
0.0
  0
LINE
  5
1F7B
330
1F
100
AcDbEntity
  8
1
  6
CONTINUOUS
370
50
 62
4
100
AcDbLine
 10
25.604284
 20
-3.84573
 30
0.0
 11
25.578213
 21
-3.844591
 31
0.0
  0
LINE
  5
1F7C
330
1F
100
AcDbEntity
  8
1
  6
CONTINUOUS
370
50
 62
4
100
AcDbLine
 10
25.630356
 20
-3.846864
 30
0.0
 11
25.604284
 21
-3.84573
 31
0.0
  0
LINE
  5
1F7D
330
1F
100
AcDbEntity
  8
1
  6
CONTINUOUS
370
50
 62
4
100
AcDbLine
 10
25.656427
 20
-3.847992
 30
0.0
 11
25.630356
 21
-3.846864
 31
0.0
  0
LINE
  5
1F7E
330
1F
100
AcDbEntity
  8
1
  6
CONTINUOUS
370
50
 62
4
100
AcDbLine
 10
25.682501
 20
-3.849116
 30
0.0
 11
25.656427
 21
-3.847992
 31
0.0
  0
LINE
  5
1F7F
330
1F
100
AcDbEntity
  8
1
  6
CONTINUOUS
370
50
 62
4
100
AcDbLine
 10
23.182501
 20
3.846863
 30
0.0
 11
23.156429
 21
3.847982
 31
0.0
  0
LINE
  5
1F80
330
1F
100
AcDbEntity
  8
1
  6
CONTINUOUS
370
50
 62
4
100
AcDbLine
 10
23.156429
 20
3.847982
 30
0.0
 11
23.130358
 21
3.849096
 31
0.0
  0
LINE
  5
1F81
330
1F
100
AcDbEntity
  8
1
  6
CONTINUOUS
370
50
 62
4
100
AcDbLine
 10
23.130358
 20
3.849096
 30
0.0
 11
23.104286
 21
3.850205
 31
0.0
  0
LINE
  5
1F82
330
1F
100
AcDbEntity
  8
1
  6
CONTINUOUS
370
50
 62
4
100
AcDbLine
 10
23.104286
 20
3.850205
 30
0.0
 11
23.078215
 21
3.851309
 31
0.0
  0
LINE
  5
1F83
330
1F
100
AcDbEntity
  8
1
  6
CONTINUOUS
370
50
 62
4
100
AcDbLine
 10
16.307501
 20
4.63641
 30
0.0
 11
16.281427
 21
4.63751
 31
0.0
  0
LINE
  5
1F84
330
1F
100
AcDbEntity
  8
1
  6
CONTINUOUS
370
50
 62
4
100
AcDbLine
 10
23.078215
 20
3.851309
 30
0.0
 11
23.052143
 21
3.852408
 31
0.0
  0
LINE
  5
1F85
330
1F
100
AcDbEntity
  8
1
  6
CONTINUOUS
370
50
 62
4
100
AcDbLine
 10
23.052143
 20
3.852408
 30
0.0
 11
23.026072
 21
3.853503
 31
0.0
  0
LINE
  5
1F86
330
1F
100
AcDbEntity
  8
1
  6
CONTINUOUS
370
50
 62
4
100
AcDbLine
 10
16.281427
 20
4.63751
 30
0.0
 11
16.255356
 21
4.638604
 31
0.0
  0
LINE
  5
1F87
330
1F
100
AcDbEntity
  8
1
  6
CONTINUOUS
370
50
 62
4
100
AcDbLine
 10
23.026072
 20
3.853503
 30
0.0
 11
23.0
 21
3.854593
 31
0.0
  0
LINE
  5
1F88
330
1F
100
AcDbEntity
  8
1
  6
CONTINUOUS
370
50
 62
4
100
AcDbLine
 10
16.255356
 20
4.638604
 30
0.0
 11
16.229284
 21
4.639692999999999
 31
0.0
  0
LINE
  5
1F89
330
1F
100
AcDbEntity
  8
1
  6
CONTINUOUS
370
50
 62
4
100
AcDbLine
 10
12.5575
 20
4.642024
 30
0.0
 11
12.531429
 21
4.643109
 31
0.0
  0
LINE
  5
1F8A
330
1F
100
AcDbEntity
  8
1
  6
CONTINUOUS
370
50
 62
4
100
AcDbLine
 10
16.229284
 20
4.639692999999999
 30
0.0
 11
16.203213
 21
4.640777
 31
0.0
  0
LINE
  5
1F8B
330
1F
100
AcDbEntity
  8
1
  6
CONTINUOUS
370
50
 62
4
100
AcDbLine
 10
12.531429
 20
4.643109
 30
0.0
 11
12.505359
 21
4.644188
 31
0.0
  0
LINE
  5
1F8C
330
1F
100
AcDbEntity
  8
1
  6
CONTINUOUS
370
50
 62
4
100
AcDbLine
 10
16.203213
 20
4.640777
 30
0.0
 11
16.177141
 21
4.641856
 31
0.0
  0
LINE
  5
1F8D
330
1F
100
AcDbEntity
  8
1
  6
CONTINUOUS
370
50
 62
4
100
AcDbLine
 10
17.401072
 20
-4.64099
 30
0.0
 11
17.375
 21
-4.639912
 31
0.0
  0
LINE
  5
1F8E
330
1F
100
AcDbEntity
  8
1
  6
CONTINUOUS
370
50
 62
4
100
AcDbLine
 10
16.177141
 20
4.641856
 30
0.0
 11
16.151072
 21
4.64293
 31
0.0
  0
LINE
  5
1F8F
330
1F
100
AcDbEntity
  8
1
  6
CONTINUOUS
370
50
 62
4
100
AcDbLine
 10
12.505359
 20
4.644188
 30
0.0
 11
12.479287
 21
4.645262
 31
0.0
  0
LINE
  5
1F90
330
1F
100
AcDbEntity
  8
1
  6
CONTINUOUS
370
50
 62
4
100
AcDbLine
 10
17.427143
 20
-4.642062
 30
0.0
 11
17.401072
 21
-4.64099
 31
0.0
  0
LINE
  5
1F91
330
1F
100
AcDbEntity
  8
1
  6
CONTINUOUS
370
50
 62
4
100
AcDbLine
 10
13.309278
 20
0.287823
 30
0.0
 11
13.245895
 21
0.290423
 31
0.0
  0
LINE
  5
1F92
330
1F
100
AcDbEntity
  8
1
  6
CONTINUOUS
370
50
 62
4
100
AcDbLine
 10
16.151072
 20
4.64293
 30
0.0
 11
16.125
 21
4.643999
 31
0.0
  0
LINE
  5
1F93
330
1F
100
AcDbEntity
  8
1
  6
CONTINUOUS
370
50
 62
4
100
AcDbLine
 10
12.479287
 20
4.645262
 30
0.0
 11
12.453216
 21
4.64633
 31
0.0
  0
LINE
  5
1F94
330
1F
100
AcDbEntity
  8
1
  6
CONTINUOUS
370
50
 62
4
100
AcDbLine
 10
21.151072
 20
-4.643806
 30
0.0
 11
21.125
 21
-4.642738
 31
0.0
  0
LINE
  5
1F95
330
1F
100
AcDbEntity
  8
1
  6
CONTINUOUS
370
50
 62
4
100
AcDbLine
 10
17.453215
 20
-4.643128
 30
0.0
 11
17.427143
 21
-4.642062
 31
0.0
  0
LINE
  5
1F96
330
1F
100
AcDbEntity
  8
1
  6
CONTINUOUS
370
50
 62
4
100
AcDbLine
 10
21.177143
 20
-4.644868
 30
0.0
 11
21.151072
 21
-4.643806
 31
0.0
  0
LINE
  5
1F97
330
1F
100
AcDbEntity
  8
1
  6
CONTINUOUS
370
50
 62
4
100
AcDbLine
 10
17.479286
 20
-4.64419
 30
0.0
 11
17.453215
 21
-4.643128
 31
0.0
  0
LINE
  5
1F98
330
1F
100
AcDbEntity
  8
1
  6
CONTINUOUS
370
50
 62
4
100
AcDbLine
 10
12.453216
 20
4.64633
 30
0.0
 11
12.427144
 21
4.647392
 31
0.0
  0
LINE
  5
1F99
330
1F
100
AcDbEntity
  8
1
  6
CONTINUOUS
370
50
 62
4
100
AcDbLine
 10
21.203215
 20
-4.645926
 30
0.0
 11
21.177143
 21
-4.644868
 31
0.0
  0
LINE
  5
1F9A
330
1F
100
AcDbEntity
  8
1
  6
CONTINUOUS
370
50
 62
4
100
AcDbLine
 10
12.427144
 20
4.647392
 30
0.0
 11
12.401073
 21
4.648448999999999
 31
0.0
  0
LINE
  5
1F9B
330
1F
100
AcDbEntity
  8
1
  6
CONTINUOUS
370
50
 62
4
100
AcDbLine
 10
17.505358
 20
-4.645246
 30
0.0
 11
17.479286
 21
-4.64419
 31
0.0
  0
LINE
  5
1F9C
330
1F
100
AcDbEntity
  8
1
  6
CONTINUOUS
370
50
 62
4
100
AcDbLine
 10
21.229286
 20
-4.646978
 30
0.0
 11
21.203215
 21
-4.645926
 31
0.0
  0
LINE
  5
1F9D
330
1F
100
AcDbEntity
  8
1
  6
CONTINUOUS
370
50
 62
4
100
AcDbLine
 10
5.183193
 20
-4.991693
 30
0.0
 11
5.024639
 21
-4.985298999999999
 31
0.0
  0
LINE
  5
1F9E
330
1F
100
AcDbEntity
  8
1
  6
CONTINUOUS
370
50
 62
4
100
AcDbLine
 10
17.531429
 20
-4.646297
 30
0.0
 11
17.505358
 21
-4.645246
 31
0.0
  0
LINE
  5
1F9F
330
1F
100
AcDbEntity
  8
1
  6
CONTINUOUS
370
50
 62
4
100
AcDbLine
 10
12.401073
 20
4.648448999999999
 30
0.0
 11
12.375
 21
4.6495
 31
0.0
  0
LINE
  5
1FA0
330
1F
100
AcDbEntity
  8
1
  6
CONTINUOUS
370
50
 62
4
100
AcDbLine
 10
21.255358
 20
-4.648026
 30
0.0
 11
21.229286
 21
-4.646978
 31
0.0
  0
LINE
  5
1FA1
330
1F
100
AcDbEntity
  8
1
  6
CONTINUOUS
370
50
 62
4
100
AcDbLine
 10
17.557501
 20
-4.647342
 30
0.0
 11
17.531429
 21
-4.646297
 31
0.0
  0
LINE
  5
1FA2
330
1F
100
AcDbEntity
  8
1
  6
CONTINUOUS
370
50
 62
4
100
AcDbLine
 10
21.281429
 20
-4.649068
 30
0.0
 11
21.255358
 21
-4.648026
 31
0.0
  0
LINE
  5
1FA3
330
1F
100
AcDbEntity
  8
1
  6
CONTINUOUS
370
50
 62
4
100
AcDbLine
 10
21.307501
 20
-4.650105
 30
0.0
 11
21.281429
 21
-4.649068
 31
0.0
  0
LINE
  5
1FA4
330
1F
100
AcDbEntity
  8
1
  6
CONTINUOUS
370
50
 62
4
100
AcDbLine
 10
13.1825
 20
3.868743
 30
0.0
 11
13.156429
 21
3.869773
 31
0.0
  0
LINE
  5
1FA5
330
1F
100
AcDbEntity
  8
1
  6
CONTINUOUS
370
50
 62
4
100
AcDbLine
 10
13.156429
 20
3.869773
 30
0.0
 11
13.130358
 21
3.870799
 31
0.0
  0
LINE
  5
1FA6
330
1F
100
AcDbEntity
  8
1
  6
CONTINUOUS
370
50
 62
4
100
AcDbLine
 10
26.352369
 20
3.835145
 30
0.0
 11
26.341074
 21
3.835589
 31
0.0
  0
LINE
  5
1FA7
330
1F
100
AcDbEntity
  8
1
  6
CONTINUOUS
370
50
 62
4
100
AcDbLine
 10
13.130358
 20
3.870799
 30
0.0
 11
13.104287
 21
3.87182
 31
0.0
  0
LINE
  5
1FA8
330
1F
100
AcDbEntity
  8
1
  6
CONTINUOUS
370
50
 62
4
100
AcDbLine
 10
14.837865
 20
3.23893
 30
0.0
 11
13.293932
 21
3.299044
 31
0.0
  0
LINE
  5
1FA9
330
1F
100
AcDbEntity
  8
1
  6
CONTINUOUS
370
50
 62
4
100
AcDbLine
 10
13.104287
 20
3.87182
 30
0.0
 11
13.078216
 21
3.872835
 31
0.0
  0
LINE
  5
1FAA
330
1F
100
AcDbEntity
  8
1
  6
CONTINUOUS
370
50
 62
4
100
AcDbLine
 10
13.078216
 20
3.872835
 30
0.0
 11
13.052144
 21
3.873847
 31
0.0
  0
LINE
  5
1FAB
330
1F
100
AcDbEntity
  8
1
  6
CONTINUOUS
370
50
 62
4
100
AcDbLine
 10
16.776072
 20
-3.870291
 30
0.0
 11
16.75
 21
-3.869285
 31
0.0
  0
LINE
  5
1FAC
330
1F
100
AcDbEntity
  8
1
  6
CONTINUOUS
370
50
 62
4
100
AcDbLine
 10
13.052144
 20
3.873847
 30
0.0
 11
13.026072
 21
3.874853
 31
0.0
  0
LINE
  5
1FAD
330
1F
100
AcDbEntity
  8
1
  6
CONTINUOUS
370
50
 62
4
100
AcDbLine
 10
16.802143
 20
-3.871293
 30
0.0
 11
16.776072
 21
-3.870291
 31
0.0
  0
LINE
  5
1FAE
330
1F
100
AcDbEntity
  8
1
  6
CONTINUOUS
370
50
 62
4
100
AcDbLine
 10
13.026072
 20
3.874853
 30
0.0
 11
13.0
 21
3.875854
 31
0.0
  0
LINE
  5
1FAF
330
1F
100
AcDbEntity
  8
1
  6
CONTINUOUS
370
50
 62
4
100
AcDbLine
 10
16.828215
 20
-3.872291
 30
0.0
 11
16.802143
 21
-3.871293
 31
0.0
  0
LINE
  5
1FB0
330
1F
100
AcDbEntity
  8
1
  6
CONTINUOUS
370
50
 62
4
100
AcDbLine
 10
16.854286
 20
-3.873284
 30
0.0
 11
16.828215
 21
-3.872291
 31
0.0
  0
LINE
  5
1FB1
330
1F
100
AcDbEntity
  8
1
  6
CONTINUOUS
370
50
 62
4
100
AcDbLine
 10
16.880358
 20
-3.874272
 30
0.0
 11
16.854286
 21
-3.873284
 31
0.0
  0
LINE
  5
1FB2
330
1F
100
AcDbEntity
  8
1
  6
CONTINUOUS
370
50
 62
4
100
AcDbLine
 10
16.906429
 20
-3.875256
 30
0.0
 11
16.880358
 21
-3.874272
 31
0.0
  0
LINE
  5
1FB3
330
1F
100
AcDbEntity
  8
1
  6
CONTINUOUS
370
50
 62
4
100
AcDbLine
 10
16.932501
 20
-3.876236
 30
0.0
 11
16.906429
 21
-3.875256
 31
0.0
  0
LINE
  5
1FB4
330
1F
100
AcDbEntity
  8
1
  6
CONTINUOUS
370
50
 62
4
100
AcDbLine
 10
33.187595
 20
3.12403
 30
0.0
 11
33.182499
 21
3.124219
 31
0.0
  0
LINE
  5
1FB5
330
1F
100
AcDbEntity
  8
1
  6
CONTINUOUS
370
50
 62
4
100
AcDbLine
 10
27.263887
 20
3.737783
 30
0.0
 11
27.211193
 21
3.739644
 31
0.0
  0
LINE
  5
1FB6
330
1F
100
AcDbEntity
  8
1
  6
CONTINUOUS
370
50
 62
4
100
AcDbLine
 10
26.776072
 20
-3.891801
 30
0.0
 11
26.75
 21
-3.890883
 31
0.0
  0
LINE
  5
1FB7
330
1F
100
AcDbEntity
  8
1
  6
CONTINUOUS
370
50
 62
4
100
AcDbLine
 10
26.802141
 20
-3.892714
 30
0.0
 11
26.776072
 21
-3.891801
 31
0.0
  0
LINE
  5
1FB8
330
1F
100
AcDbEntity
  8
1
  6
CONTINUOUS
370
50
 62
4
100
AcDbLine
 10
26.828213
 20
-3.893622
 30
0.0
 11
26.802141
 21
-3.892714
 31
0.0
  0
LINE
  5
1FB9
330
1F
100
AcDbEntity
  8
1
  6
CONTINUOUS
370
50
 62
4
100
AcDbLine
 10
26.854284
 20
-3.894526
 30
0.0
 11
26.828213
 21
-3.893622
 31
0.0
  0
LINE
  5
1FBA
330
1F
100
AcDbEntity
  8
1
  6
CONTINUOUS
370
50
 62
4
100
AcDbLine
 10
26.880356
 20
-3.895424
 30
0.0
 11
26.854284
 21
-3.894526
 31
0.0
  0
LINE
  5
1FBB
330
1F
100
AcDbEntity
  8
1
  6
CONTINUOUS
370
50
 62
4
100
AcDbLine
 10
26.906427
 20
-3.896318
 30
0.0
 11
26.880356
 21
-3.895424
 31
0.0
  0
LINE
  5
1FBC
330
1F
100
AcDbEntity
  8
1
  6
CONTINUOUS
370
50
 62
4
100
AcDbLine
 10
21.932501
 20
3.895154
 30
0.0
 11
21.906429
 21
3.896047
 31
0.0
  0
LINE
  5
1FBD
330
1F
100
AcDbEntity
  8
1
  6
CONTINUOUS
370
50
 62
4
100
AcDbLine
 10
26.932501
 20
-3.897207
 30
0.0
 11
26.906427
 21
-3.896318
 31
0.0
  0
LINE
  5
1FBE
330
1F
100
AcDbEntity
  8
1
  6
CONTINUOUS
370
50
 62
4
100
AcDbLine
 10
21.906429
 20
3.896047
 30
0.0
 11
21.880358
 21
3.896935
 31
0.0
  0
LINE
  5
1FBF
330
1F
100
AcDbEntity
  8
1
  6
CONTINUOUS
370
50
 62
4
100
AcDbLine
 10
21.880358
 20
3.896935
 30
0.0
 11
21.854286
 21
3.897817
 31
0.0
  0
LINE
  5
1FC0
330
1F
100
AcDbEntity
  8
1
  6
CONTINUOUS
370
50
 62
4
100
AcDbLine
 10
32.956139
 20
3.147911
 30
0.0
 11
32.886318
 21
3.150266
 31
0.0
  0
LINE
  5
1FC1
330
1F
100
AcDbEntity
  8
1
  6
CONTINUOUS
370
50
 62
4
100
AcDbLine
 10
21.854286
 20
3.897817
 30
0.0
 11
21.828215
 21
3.898696
 31
0.0
  0
LINE
  5
1FC2
330
1F
100
AcDbEntity
  8
1
  6
CONTINUOUS
370
50
 62
4
100
AcDbLine
 10
21.828215
 20
3.898696
 30
0.0
 11
21.802143
 21
3.89957
 31
0.0
  0
LINE
  5
1FC3
330
1F
100
AcDbEntity
  8
1
  6
CONTINUOUS
370
50
 62
4
100
AcDbLine
 10
21.802143
 20
3.89957
 30
0.0
 11
21.776072
 21
3.900439
 31
0.0
  0
LINE
  5
1FC4
330
1F
100
AcDbEntity
  8
1
  6
CONTINUOUS
370
50
 62
4
100
AcDbLine
 10
21.776072
 20
3.900439
 30
0.0
 11
21.75
 21
3.901303
 31
0.0
  0
LINE
  5
1FC5
330
1F
100
AcDbEntity
  8
1
  6
CONTINUOUS
370
50
 62
4
100
AcDbLine
 10
15.0575
 20
4.683319
 30
0.0
 11
15.031428
 21
4.68417
 31
0.0
  0
LINE
  5
1FC6
330
1F
100
AcDbEntity
  8
1
  6
CONTINUOUS
370
50
 62
4
100
AcDbLine
 10
15.031428
 20
4.68417
 30
0.0
 11
15.005356
 21
4.685016
 31
0.0
  0
LINE
  5
1FC7
330
1F
100
AcDbEntity
  8
1
  6
CONTINUOUS
370
50
 62
4
100
AcDbLine
 10
15.005356
 20
4.685016
 30
0.0
 11
14.979284
 21
4.685856999999999
 31
0.0
  0
LINE
  5
1FC8
330
1F
100
AcDbEntity
  8
1
  6
CONTINUOUS
370
50
 62
4
100
AcDbLine
 10
14.979284
 20
4.685856999999999
 30
0.0
 11
14.953213
 21
4.686692
 31
0.0
  0
LINE
  5
1FC9
330
1F
100
AcDbEntity
  8
1
  6
CONTINUOUS
370
50
 62
4
100
AcDbLine
 10
14.953213
 20
4.686692
 30
0.0
 11
14.927142
 21
4.687522
 31
0.0
  0
LINE
  5
1FCA
330
1F
100
AcDbEntity
  8
1
  6
CONTINUOUS
370
50
 62
4
100
AcDbLine
 10
13.245895
 20
0.290423
 30
0.0
 11
13.1825
 21
0.292436
 31
0.0
  0
LINE
  5
1FCB
330
1F
100
AcDbEntity
  8
1
  6
CONTINUOUS
370
50
 62
4
100
AcDbLine
 10
14.927142
 20
4.687522
 30
0.0
 11
14.901071
 21
4.688346999999999
 31
0.0
  0
LINE
  5
1FCC
330
1F
100
AcDbEntity
  8
1
  6
CONTINUOUS
370
50
 62
4
100
AcDbLine
 10
18.651072
 20
-4.686425
 30
0.0
 11
18.625
 21
-4.685601
 31
0.0
  0
LINE
  5
1FCD
330
1F
100
AcDbEntity
  8
1
  6
CONTINUOUS
370
50
 62
4
100
AcDbLine
 10
14.901071
 20
4.688346999999999
 30
0.0
 11
14.875
 21
4.689166999999999
 31
0.0
  0
LINE
  5
1FCE
330
1F
100
AcDbEntity
  8
1
  6
CONTINUOUS
370
50
 62
4
100
AcDbLine
 10
22.401072
 20
-4.68894
 30
0.0
 11
22.375
 21
-4.688121
 31
0.0
  0
LINE
  5
1FCF
330
1F
100
AcDbEntity
  8
1
  6
CONTINUOUS
370
50
 62
4
100
AcDbLine
 10
18.677143
 20
-4.687243
 30
0.0
 11
18.651072
 21
-4.686425
 31
0.0
  0
LINE
  5
1FD0
330
1F
100
AcDbEntity
  8
1
  6
CONTINUOUS
370
50
 62
4
100
AcDbLine
 10
22.427143
 20
-4.689754
 30
0.0
 11
22.401072
 21
-4.68894
 31
0.0
  0
LINE
  5
1FD1
330
1F
100
AcDbEntity
  8
1
  6
CONTINUOUS
370
50
 62
4
100
AcDbLine
 10
18.703215
 20
-4.688056
 30
0.0
 11
18.677143
 21
-4.687243
 31
0.0
  0
LINE
  5
1FD2
330
1F
100
AcDbEntity
  8
1
  6
CONTINUOUS
370
50
 62
4
100
AcDbLine
 10
18.729286
 20
-4.688864
 30
0.0
 11
18.703215
 21
-4.688056
 31
0.0
  0
LINE
  5
1FD3
330
1F
100
AcDbEntity
  8
1
  6
CONTINUOUS
370
50
 62
4
100
AcDbLine
 10
22.453215
 20
-4.690562
 30
0.0
 11
22.427143
 21
-4.689754
 31
0.0
  0
LINE
  5
1FD4
330
1F
100
AcDbEntity
  8
1
  6
CONTINUOUS
370
50
 62
4
100
AcDbLine
 10
22.479286
 20
-4.691365999999999
 30
0.0
 11
22.453215
 21
-4.690562
 31
0.0
  0
LINE
  5
1FD5
330
1F
100
AcDbEntity
  8
1
  6
CONTINUOUS
370
50
 62
4
100
AcDbLine
 10
18.755358
 20
-4.689666
 30
0.0
 11
18.729286
 21
-4.688864
 31
0.0
  0
LINE
  5
1FD6
330
1F
100
AcDbEntity
  8
1
  6
CONTINUOUS
370
50
 62
4
100
AcDbLine
 10
11.9325
 20
3.912728
 30
0.0
 11
11.906572
 21
3.913525
 31
0.0
  0
LINE
  5
1FD7
330
1F
100
AcDbEntity
  8
1
  6
CONTINUOUS
370
50
 62
4
100
AcDbLine
 10
18.781429
 20
-4.690464
 30
0.0
 11
18.755358
 21
-4.689666
 31
0.0
  0
LINE
  5
1FD8
330
1F
100
AcDbEntity
  8
1
  6
CONTINUOUS
370
50
 62
4
100
AcDbLine
 10
22.505358
 20
-4.692164
 30
0.0
 11
22.479286
 21
-4.691365999999999
 31
0.0
  0
LINE
  5
1FD9
330
1F
100
AcDbEntity
  8
1
  6
CONTINUOUS
370
50
 62
4
100
AcDbLine
 10
11.906572
 20
3.913525
 30
0.0
 11
11.880644
 21
3.914316
 31
0.0
  0
LINE
  5
1FDA
330
1F
100
AcDbEntity
  8
1
  6
CONTINUOUS
370
50
 62
4
100
AcDbLine
 10
11.880644
 20
3.914316
 30
0.0
 11
11.854715
 21
3.915104
 31
0.0
  0
LINE
  5
1FDB
330
1F
100
AcDbEntity
  8
1
  6
CONTINUOUS
370
50
 62
4
100
AcDbLine
 10
22.531429
 20
-4.692956
 30
0.0
 11
22.505358
 21
-4.692164
 31
0.0
  0
LINE
  5
1FDC
330
1F
100
AcDbEntity
  8
1
  6
CONTINUOUS
370
50
 62
4
100
AcDbLine
 10
18.807501
 20
-4.691256
 30
0.0
 11
18.781429
 21
-4.690464
 31
0.0
  0
LINE
  5
1FDD
330
1F
100
AcDbEntity
  8
1
  6
CONTINUOUS
370
50
 62
4
100
AcDbLine
 10
18.026072
 20
-3.913291
 30
0.0
 11
18.0
 21
-3.912499
 31
0.0
  0
LINE
  5
1FDE
330
1F
100
AcDbEntity
  8
1
  6
CONTINUOUS
370
50
 62
4
100
AcDbLine
 10
18.052143
 20
-3.914079
 30
0.0
 11
18.026072
 21
-3.913291
 31
0.0
  0
LINE
  5
1FDF
330
1F
100
AcDbEntity
  8
1
  6
CONTINUOUS
370
50
 62
4
100
AcDbLine
 10
22.557501
 20
-4.693744
 30
0.0
 11
22.531429
 21
-4.692956
 31
0.0
  0
LINE
  5
1FE0
330
1F
100
AcDbEntity
  8
1
  6
CONTINUOUS
370
50
 62
4
100
AcDbLine
 10
11.854715
 20
3.915104
 30
0.0
 11
11.828787
 21
3.915886
 31
0.0
  0
LINE
  5
1FE1
330
1F
100
AcDbEntity
  8
1
  6
CONTINUOUS
370
50
 62
4
100
AcDbLine
 10
11.751
 20
3.918108
 30
0.0
 11
11.750834
 21
3.918113
 31
0.0
  0
LINE
  5
1FE2
330
1F
100
AcDbEntity
  8
1
  6
CONTINUOUS
370
50
 62
4
100
AcDbLine
 10
11.7505
 20
3.918123
 30
0.0
 11
11.750334
 21
3.918128
 31
0.0
  0
LINE
  5
1FE3
330
1F
100
AcDbEntity
  8
1
  6
CONTINUOUS
370
50
 62
4
100
AcDbLine
 10
13.293932
 20
3.299044
 30
0.0
 11
11.75
 21
3.345432
 31
0.0
  0
LINE
  5
1FE4
330
1F
100
AcDbEntity
  8
1
  6
CONTINUOUS
370
50
 62
4
100
AcDbLine
 10
18.078215
 20
-3.914862
 30
0.0
 11
18.052143
 21
-3.914079
 31
0.0
  0
LINE
  5
1FE5
330
1F
100
AcDbEntity
  8
1
  6
CONTINUOUS
370
50
 62
4
100
AcDbLine
 10
11.828787
 20
3.915886
 30
0.0
 11
11.802858
 21
3.916664
 31
0.0
  0
LINE
  5
1FE6
330
1F
100
AcDbEntity
  8
1
  6
CONTINUOUS
370
50
 62
4
100
AcDbLine
 10
11.750834
 20
3.918113
 30
0.0
 11
11.7505
 21
3.918123
 31
0.0
  0
LINE
  5
1FE7
330
1F
100
AcDbEntity
  8
1
  6
CONTINUOUS
370
50
 62
4
100
AcDbLine
 10
11.750167
 20
3.918132
 30
0.0
 11
11.75
 21
3.918137
 31
0.0
  0
LINE
  5
1FE8
330
1F
100
AcDbEntity
  8
1
  6
CONTINUOUS
370
50
 62
4
100
AcDbLine
 10
18.104286
 20
-3.915641
 30
0.0
 11
18.078215
 21
-3.914862
 31
0.0
  0
LINE
  5
1FE9
330
1F
100
AcDbEntity
  8
1
  6
CONTINUOUS
370
50
 62
4
100
AcDbLine
 10
11.802858
 20
3.916664
 30
0.0
 11
11.776929
 21
3.917438
 31
0.0
  0
LINE
  5
1FEA
330
1F
100
AcDbEntity
  8
1
  6
CONTINUOUS
370
50
 62
4
100
AcDbLine
 10
18.130358
 20
-3.916416
 30
0.0
 11
18.104286
 21
-3.915641
 31
0.0
  0
LINE
  5
1FEB
330
1F
100
AcDbEntity
  8
1
  6
CONTINUOUS
370
50
 62
4
100
AcDbLine
 10
11.776929
 20
3.917438
 30
0.0
 11
11.751
 21
3.918206
 31
0.0
  0
LINE
  5
1FEC
330
1F
100
AcDbEntity
  8
1
  6
CONTINUOUS
370
50
 62
4
100
AcDbLine
 10
5.339919
 20
-4.996329999999999
 30
0.0
 11
5.183193
 21
-4.991693
 31
0.0
  0
LINE
  5
1FED
330
1F
100
AcDbEntity
  8
1
  6
CONTINUOUS
370
50
 62
4
100
AcDbLine
 10
18.156429
 20
-3.917186
 30
0.0
 11
18.130358
 21
-3.916416
 31
0.0
  0
LINE
  5
1FEE
330
1F
100
AcDbEntity
  8
1
  6
CONTINUOUS
370
50
 62
4
100
AcDbLine
 10
27.667126
 20
3.694153
 30
0.0
 11
27.644817
 21
3.694809
 31
0.0
  0
LINE
  5
1FEF
330
1F
100
AcDbEntity
  8
1
  6
CONTINUOUS
370
50
 62
4
100
AcDbLine
 10
18.182501
 20
-3.917952
 30
0.0
 11
18.156429
 21
-3.917186
 31
0.0
  0
LINE
  5
1FF0
330
1F
100
AcDbEntity
  8
1
  6
CONTINUOUS
370
50
 62
4
100
AcDbLine
 10
28.026072
 20
-3.930224
 30
0.0
 11
28.0
 21
-3.929533
 31
0.0
  0
LINE
  5
1FF1
330
1F
100
AcDbEntity
  8
1
  6
CONTINUOUS
370
50
 62
4
100
AcDbLine
 10
28.052141
 20
-3.930911
 30
0.0
 11
28.026072
 21
-3.930224
 31
0.0
  0
LINE
  5
1FF2
330
1F
100
AcDbEntity
  8
1
  6
CONTINUOUS
370
50
 62
4
100
AcDbLine
 10
28.078213
 20
-3.931593
 30
0.0
 11
28.052141
 21
-3.930911
 31
0.0
  0
LINE
  5
1FF3
330
1F
100
AcDbEntity
  8
1
  6
CONTINUOUS
370
50
 62
4
100
AcDbLine
 10
28.104284
 20
-3.93227
 30
0.0
 11
28.078213
 21
-3.931593
 31
0.0
  0
LINE
  5
1FF4
330
1F
100
AcDbEntity
  8
1
  6
CONTINUOUS
370
50
 62
4
100
AcDbLine
 10
28.130356
 20
-3.932943
 30
0.0
 11
28.104284
 21
-3.93227
 31
0.0
  0
LINE
  5
1FF5
330
1F
100
AcDbEntity
  8
1
  6
CONTINUOUS
370
50
 62
4
100
AcDbLine
 10
20.682501
 20
3.932757
 30
0.0
 11
20.656429
 21
3.933429
 31
0.0
  0
LINE
  5
1FF6
330
1F
100
AcDbEntity
  8
1
  6
CONTINUOUS
370
50
 62
4
100
AcDbLine
 10
20.656429
 20
3.933429
 30
0.0
 11
20.630358
 21
3.934098
 31
0.0
  0
LINE
  5
1FF7
330
1F
100
AcDbEntity
  8
1
  6
CONTINUOUS
370
50
 62
4
100
AcDbLine
 10
28.156427
 20
-3.933611
 30
0.0
 11
28.130356
 21
-3.932943
 31
0.0
  0
LINE
  5
1FF8
330
1F
100
AcDbEntity
  8
1
  6
CONTINUOUS
370
50
 62
4
100
AcDbLine
 10
28.182501
 20
-3.934275
 30
0.0
 11
28.156427
 21
-3.933611
 31
0.0
  0
LINE
  5
1FF9
330
1F
100
AcDbEntity
  8
1
  6
CONTINUOUS
370
50
 62
4
100
AcDbLine
 10
20.630358
 20
3.934098
 30
0.0
 11
20.604286
 21
3.934761
 31
0.0
  0
LINE
  5
1FFA
330
1F
100
AcDbEntity
  8
1
  6
CONTINUOUS
370
50
 62
4
100
AcDbLine
 10
20.604286
 20
3.934761
 30
0.0
 11
20.578215
 21
3.93542
 31
0.0
  0
LINE
  5
1FFB
330
1F
100
AcDbEntity
  8
1
  6
CONTINUOUS
370
50
 62
4
100
AcDbLine
 10
20.578215
 20
3.93542
 30
0.0
 11
20.552143
 21
3.936074
 31
0.0
  0
LINE
  5
1FFC
330
1F
100
AcDbEntity
  8
1
  6
CONTINUOUS
370
50
 62
4
100
AcDbLine
 10
20.552143
 20
3.936074
 30
0.0
 11
20.526072
 21
3.936724
 31
0.0
  0
LINE
  5
1FFD
330
1F
100
AcDbEntity
  8
1
  6
CONTINUOUS
370
50
 62
4
100
AcDbLine
 10
20.526072
 20
3.936724
 30
0.0
 11
20.5
 21
3.93737
 31
0.0
  0
LINE
  5
1FFE
330
1F
100
AcDbEntity
  8
1
  6
CONTINUOUS
370
50
 62
4
100
AcDbLine
 10
11.750334
 20
3.918128
 30
0.0
 11
11.750167
 21
3.918132
 31
0.0
  0
LINE
  5
1FFF
330
1F
100
AcDbEntity
  8
1
  6
CONTINUOUS
370
50
 62
4
100
AcDbLine
 10
13.8075
 20
4.718162
 30
0.0
 11
13.781427
 21
4.718757
 31
0.0
  0
LINE
  5
2000
330
1F
100
AcDbEntity
  8
1
  6
CONTINUOUS
370
50
 62
4
100
AcDbLine
 10
13.781427
 20
4.718757
 30
0.0
 11
13.755356
 21
4.719347
 31
0.0
  0
LINE
  5
2001
330
1F
100
AcDbEntity
  8
1
  6
CONTINUOUS
370
50
 62
4
100
AcDbLine
 10
13.755356
 20
4.719347
 30
0.0
 11
13.729284
 21
4.719932
 31
0.0
  0
LINE
  5
2002
330
1F
100
AcDbEntity
  8
1
  6
CONTINUOUS
370
50
 62
4
100
AcDbLine
 10
19.276072
 20
-3.946081
 30
0.0
 11
19.25
 21
-3.945501
 31
0.0
  0
LINE
  5
2003
330
1F
100
AcDbEntity
  8
1
  6
CONTINUOUS
370
50
 62
4
100
AcDbLine
 10
13.729284
 20
4.719932
 30
0.0
 11
13.703213
 21
4.720511
 31
0.0
  0
LINE
  5
2004
330
1F
100
AcDbEntity
  8
1
  6
CONTINUOUS
370
50
 62
4
100
AcDbLine
 10
19.302143
 20
-3.946657
 30
0.0
 11
19.276072
 21
-3.946081
 31
0.0
  0
LINE
  5
2005
330
1F
100
AcDbEntity
  8
1
  6
CONTINUOUS
370
50
 62
4
100
AcDbLine
 10
13.703213
 20
4.720511
 30
0.0
 11
13.677141
 21
4.721085
 31
0.0
  0
LINE
  5
2006
330
1F
100
AcDbEntity
  8
1
  6
CONTINUOUS
370
50
 62
4
100
AcDbLine
 10
19.328215
 20
-3.947228
 30
0.0
 11
19.302143
 21
-3.946657
 31
0.0
  0
LINE
  5
2007
330
1F
100
AcDbEntity
  8
1
  6
CONTINUOUS
370
50
 62
4
100
AcDbLine
 10
19.901072
 20
-4.719729
 30
0.0
 11
19.875
 21
-4.719158999999999
 31
0.0
  0
LINE
  5
2008
330
1F
100
AcDbEntity
  8
1
  6
CONTINUOUS
370
50
 62
4
100
AcDbLine
 10
13.677141
 20
4.721085
 30
0.0
 11
13.651071
 21
4.721653
 31
0.0
  0
LINE
  5
2009
330
1F
100
AcDbEntity
  8
1
  6
CONTINUOUS
370
50
 62
4
100
AcDbLine
 10
19.354286
 20
-3.947795
 30
0.0
 11
19.328215
 21
-3.947228
 31
0.0
  0
LINE
  5
200A
330
1F
100
AcDbEntity
  8
1
  6
CONTINUOUS
370
50
 62
4
100
AcDbLine
 10
19.927143
 20
-4.720295
 30
0.0
 11
19.901072
 21
-4.719729
 31
0.0
  0
LINE
  5
200B
330
1F
100
AcDbEntity
  8
1
  6
CONTINUOUS
370
50
 62
4
100
AcDbLine
 10
23.651072
 20
-4.721983
 30
0.0
 11
23.625
 21
-4.72142
 31
0.0
  0
LINE
  5
200C
330
1F
100
AcDbEntity
  8
1
  6
CONTINUOUS
370
50
 62
4
100
AcDbLine
 10
19.380358
 20
-3.948358
 30
0.0
 11
19.354286
 21
-3.947795
 31
0.0
  0
LINE
  5
200D
330
1F
100
AcDbEntity
  8
1
  6
CONTINUOUS
370
50
 62
4
100
AcDbLine
 10
13.651071
 20
4.721653
 30
0.0
 11
13.625
 21
4.722216
 31
0.0
  0
LINE
  5
200E
330
1F
100
AcDbEntity
  8
1
  6
CONTINUOUS
370
50
 62
4
100
AcDbLine
 10
19.953215
 20
-4.720855999999999
 30
0.0
 11
19.927143
 21
-4.720295
 31
0.0
  0
LINE
  5
200F
330
1F
100
AcDbEntity
  8
1
  6
CONTINUOUS
370
50
 62
4
100
AcDbLine
 10
19.406429
 20
-3.948916
 30
0.0
 11
19.380358
 21
-3.948358
 31
0.0
  0
LINE
  5
2010
330
1F
100
AcDbEntity
  8
1
  6
CONTINUOUS
370
50
 62
4
100
AcDbLine
 10
23.677145
 20
-4.722541
 30
0.0
 11
23.651072
 21
-4.721983
 31
0.0
  0
LINE
  5
2011
330
1F
100
AcDbEntity
  8
1
  6
CONTINUOUS
370
50
 62
4
100
AcDbLine
 10
19.979286
 20
-4.721411
 30
0.0
 11
19.953215
 21
-4.720855999999999
 31
0.0
  0
LINE
  5
2012
330
1F
100
AcDbEntity
  8
1
  6
CONTINUOUS
370
50
 62
4
100
AcDbLine
 10
23.703217
 20
-4.723094
 30
0.0
 11
23.677145
 21
-4.722541
 31
0.0
  0
LINE
  5
2013
330
1F
100
AcDbEntity
  8
1
  6
CONTINUOUS
370
50
 62
4
100
AcDbLine
 10
19.432501
 20
-3.949469
 30
0.0
 11
19.406429
 21
-3.948916
 31
0.0
  0
LINE
  5
2014
330
1F
100
AcDbEntity
  8
1
  6
CONTINUOUS
370
50
 62
4
100
AcDbLine
 10
20.005358
 20
-4.72196
 30
0.0
 11
19.979286
 21
-4.721411
 31
0.0
  0
LINE
  5
2015
330
1F
100
AcDbEntity
  8
1
  6
CONTINUOUS
370
50
 62
4
100
AcDbLine
 10
26.072159
 20
3.866056
 30
0.0
 11
26.010832
 21
3.867346
 31
0.0
  0
LINE
  5
2016
330
1F
100
AcDbEntity
  8
1
  6
CONTINUOUS
370
50
 62
4
100
AcDbLine
 10
23.729288
 20
-4.72364
 30
0.0
 11
23.703217
 21
-4.723094
 31
0.0
  0
LINE
  5
2017
330
1F
100
AcDbEntity
  8
1
  6
CONTINUOUS
370
50
 62
4
100
AcDbLine
 10
20.031429
 20
-4.722505
 30
0.0
 11
20.005358
 21
-4.72196
 31
0.0
  0
LINE
  5
2018
330
1F
100
AcDbEntity
  8
1
  6
CONTINUOUS
370
50
 62
4
100
AcDbLine
 10
23.755358
 20
-4.724182
 30
0.0
 11
23.729288
 21
-4.72364
 31
0.0
  0
LINE
  5
2019
330
1F
100
AcDbEntity
  8
1
  6
CONTINUOUS
370
50
 62
4
100
AcDbLine
 10
20.057501
 20
-4.723044
 30
0.0
 11
20.031429
 21
-4.722505
 31
0.0
  0
LINE
  5
201A
330
1F
100
AcDbEntity
  8
1
  6
CONTINUOUS
370
50
 62
4
100
AcDbLine
 10
23.781429
 20
-4.724718
 30
0.0
 11
23.755358
 21
-4.724182
 31
0.0
  0
LINE
  5
201B
330
1F
100
AcDbEntity
  8
1
  6
CONTINUOUS
370
50
 62
4
100
AcDbLine
 10
23.807501
 20
-4.725248
 30
0.0
 11
23.781429
 21
-4.724718
 31
0.0
  0
LINE
  5
201C
330
1F
100
AcDbEntity
  8
1
  6
CONTINUOUS
370
50
 62
4
100
AcDbLine
 10
29.276072
 20
-3.958007
 30
0.0
 11
29.25
 21
-3.957533
 31
0.0
  0
LINE
  5
201D
330
1F
100
AcDbEntity
  8
1
  6
CONTINUOUS
370
50
 62
4
100
AcDbLine
 10
5.495093
 20
-4.999128
 30
0.0
 11
5.339919
 21
-4.996329999999999
 31
0.0
  0
LINE
  5
201E
330
1F
100
AcDbEntity
  8
1
  6
CONTINUOUS
370
50
 62
4
100
AcDbLine
 10
29.302141
 20
-3.958476
 30
0.0
 11
29.276072
 21
-3.958007
 31
0.0
  0
LINE
  5
201F
330
1F
100
AcDbEntity
  8
1
  6
CONTINUOUS
370
50
 62
4
100
AcDbLine
 10
29.328213
 20
-3.958941
 30
0.0
 11
29.302141
 21
-3.958476
 31
0.0
  0
LINE
  5
2020
330
1F
100
AcDbEntity
  8
1
  6
CONTINUOUS
370
50
 62
4
100
AcDbLine
 10
29.354284
 20
-3.959401
 30
0.0
 11
29.328213
 21
-3.958941
 31
0.0
  0
LINE
  5
2021
330
1F
100
AcDbEntity
  8
1
  6
CONTINUOUS
370
50
 62
4
100
AcDbLine
 10
19.432501
 20
3.959933
 30
0.0
 11
19.406429
 21
3.96039
 31
0.0
  0
LINE
  5
2022
330
1F
100
AcDbEntity
  8
1
  6
CONTINUOUS
370
50
 62
4
100
AcDbLine
 10
29.380356
 20
-3.959857
 30
0.0
 11
29.354284
 21
-3.959401
 31
0.0
  0
LINE
  5
2023
330
1F
100
AcDbEntity
  8
1
  6
CONTINUOUS
370
50
 62
4
100
AcDbLine
 10
19.406429
 20
3.96039
 30
0.0
 11
19.380358
 21
3.960843
 31
0.0
  0
LINE
  5
2024
330
1F
100
AcDbEntity
  8
1
  6
CONTINUOUS
370
50
 62
4
100
AcDbLine
 10
29.406427
 20
-3.960308
 30
0.0
 11
29.380356
 21
-3.959857
 31
0.0
  0
LINE
  5
2025
330
1F
100
AcDbEntity
  8
1
  6
CONTINUOUS
370
50
 62
4
100
AcDbLine
 10
19.380358
 20
3.960843
 30
0.0
 11
19.354286
 21
3.961291
 31
0.0
  0
LINE
  5
2026
330
1F
100
AcDbEntity
  8
1
  6
CONTINUOUS
370
50
 62
4
100
AcDbLine
 10
29.432501
 20
-3.960755
 30
0.0
 11
29.406427
 21
-3.960308
 31
0.0
  0
LINE
  5
2027
330
1F
100
AcDbEntity
  8
1
  6
CONTINUOUS
370
50
 62
4
100
AcDbLine
 10
19.354286
 20
3.961291
 30
0.0
 11
19.328215
 21
3.961734
 31
0.0
  0
LINE
  5
2028
330
1F
100
AcDbEntity
  8
1
  6
CONTINUOUS
370
50
 62
4
100
AcDbLine
 10
19.328215
 20
3.961734
 30
0.0
 11
19.302143
 21
3.962174
 31
0.0
  0
LINE
  5
2029
330
1F
100
AcDbEntity
  8
1
  6
CONTINUOUS
370
50
 62
4
100
AcDbLine
 10
19.302143
 20
3.962174
 30
0.0
 11
19.276072
 21
3.962608
 31
0.0
  0
LINE
  5
202A
330
1F
100
AcDbEntity
  8
1
  6
CONTINUOUS
370
50
 62
4
100
AcDbLine
 10
19.276072
 20
3.962608
 30
0.0
 11
19.25
 21
3.963039
 31
0.0
  0
LINE
  5
202B
330
1F
100
AcDbEntity
  8
1
  6
CONTINUOUS
370
50
 62
4
100
AcDbLine
 10
17.620676
 20
-0.5029089999999999
 30
0.0
 11
17.557501
 21
-0.501984
 31
0.0
  0
LINE
  5
202C
330
1F
100
AcDbEntity
  8
1
  6
CONTINUOUS
370
50
 62
4
100
AcDbLine
 10
20.526072
 20
-3.968706
 30
0.0
 11
20.5
 21
-3.968338
 31
0.0
  0
LINE
  5
202D
330
1F
100
AcDbEntity
  8
1
  6
CONTINUOUS
370
50
 62
4
100
AcDbLine
 10
20.552143
 20
-3.96907
 30
0.0
 11
20.526072
 21
-3.968706
 31
0.0
  0
LINE
  5
202E
330
1F
100
AcDbEntity
  8
1
  6
CONTINUOUS
370
50
 62
4
100
AcDbLine
 10
20.578215
 20
-3.969429
 30
0.0
 11
20.552143
 21
-3.96907
 31
0.0
  0
LINE
  5
202F
330
1F
100
AcDbEntity
  8
1
  6
CONTINUOUS
370
50
 62
4
100
AcDbLine
 10
20.604286
 20
-3.969783
 30
0.0
 11
20.578215
 21
-3.969429
 31
0.0
  0
LINE
  5
2030
330
1F
100
AcDbEntity
  8
1
  6
CONTINUOUS
370
50
 62
4
100
AcDbLine
 10
20.630358
 20
-3.970133
 30
0.0
 11
20.604286
 21
-3.969783
 31
0.0
  0
LINE
  5
2031
330
1F
100
AcDbEntity
  8
1
  6
CONTINUOUS
370
50
 62
4
100
AcDbLine
 10
20.656429
 20
-3.970479
 30
0.0
 11
20.630358
 21
-3.970133
 31
0.0
  0
LINE
  5
2032
330
1F
100
AcDbEntity
  8
1
  6
CONTINUOUS
370
50
 62
4
100
AcDbLine
 10
31.994061
 20
3.243747
 30
0.0
 11
31.978756
 21
3.243947
 31
0.0
  0
LINE
  5
2033
330
1F
100
AcDbEntity
  8
1
  6
CONTINUOUS
370
50
 62
4
100
AcDbLine
 10
20.682501
 20
-3.970819
 30
0.0
 11
20.656429
 21
-3.970479
 31
0.0
  0
LINE
  5
2034
330
1F
100
AcDbEntity
  8
1
  6
CONTINUOUS
370
50
 62
4
100
AcDbLine
 10
30.810305
 20
3.364883
 30
0.0
 11
30.785109
 21
3.3652
 31
0.0
  0
LINE
  5
2035
330
1F
100
AcDbEntity
  8
1
  6
CONTINUOUS
370
50
 62
4
100
AcDbLine
 10
12.5575
 20
4.740361
 30
0.0
 11
12.531429
 21
4.740685
 31
0.0
  0
LINE
  5
2036
330
1F
100
AcDbEntity
  8
1
  6
CONTINUOUS
370
50
 62
4
100
AcDbLine
 10
12.531429
 20
4.740685
 30
0.0
 11
12.505359
 21
4.741004
 31
0.0
  0
LINE
  5
2037
330
1F
100
AcDbEntity
  8
1
  6
CONTINUOUS
370
50
 62
4
100
AcDbLine
 10
21.151072
 20
-4.740885
 30
0.0
 11
21.125
 21
-4.740569
 31
0.0
  0
LINE
  5
2038
330
1F
100
AcDbEntity
  8
1
  6
CONTINUOUS
370
50
 62
4
100
AcDbLine
 10
12.505359
 20
4.741004
 30
0.0
 11
12.479287
 21
4.741315999999999
 31
0.0
  0
LINE
  5
2039
330
1F
100
AcDbEntity
  8
1
  6
CONTINUOUS
370
50
 62
4
100
AcDbLine
 10
21.177143
 20
-4.741196
 30
0.0
 11
21.151072
 21
-4.740885
 31
0.0
  0
LINE
  5
203A
330
1F
100
AcDbEntity
  8
1
  6
CONTINUOUS
370
50
 62
4
100
AcDbLine
 10
12.479287
 20
4.741315999999999
 30
0.0
 11
12.453216
 21
4.741624
 31
0.0
  0
LINE
  5
203B
330
1F
100
AcDbEntity
  8
1
  6
CONTINUOUS
370
50
 62
4
100
AcDbLine
 10
21.203215
 20
-4.741502
 30
0.0
 11
21.177143
 21
-4.741196
 31
0.0
  0
LINE
  5
203C
330
1F
100
AcDbEntity
  8
1
  6
CONTINUOUS
370
50
 62
4
100
AcDbLine
 10
12.453216
 20
4.741624
 30
0.0
 11
12.427144
 21
4.741925
 31
0.0
  0
LINE
  5
203D
330
1F
100
AcDbEntity
  8
1
  6
CONTINUOUS
370
50
 62
4
100
AcDbLine
 10
21.229286
 20
-4.741802
 30
0.0
 11
21.203215
 21
-4.741502
 31
0.0
  0
LINE
  5
203E
330
1F
100
AcDbEntity
  8
1
  6
CONTINUOUS
370
50
 62
4
100
AcDbLine
 10
24.899609
 20
-4.7425
 30
0.0
 11
24.875
 21
-4.742219
 31
0.0
  0
LINE
  5
203F
330
1F
100
AcDbEntity
  8
1
  6
CONTINUOUS
370
50
 62
4
100
AcDbLine
 10
12.427144
 20
4.741925
 30
0.0
 11
12.401073
 21
4.742221
 31
0.0
  0
LINE
  5
2040
330
1F
100
AcDbEntity
  8
1
  6
CONTINUOUS
370
50
 62
4
100
AcDbLine
 10
21.255358
 20
-4.742097
 30
0.0
 11
21.229286
 21
-4.741802
 31
0.0
  0
LINE
  5
2041
330
1F
100
AcDbEntity
  8
1
  6
CONTINUOUS
370
50
 62
4
100
AcDbLine
 10
26.341074
 20
3.835589
 30
0.0
 11
26.32983
 21
3.835716
 31
0.0
  0
LINE
  5
2042
330
1F
100
AcDbEntity
  8
1
  6
CONTINUOUS
370
50
 62
4
100
AcDbLine
 10
24.924715
 20
-4.742781
 30
0.0
 11
24.899609
 21
-4.7425
 31
0.0
  0
LINE
  5
2043
330
1F
100
AcDbEntity
  8
1
  6
CONTINUOUS
370
50
 62
4
100
AcDbLine
 10
12.401073
 20
4.742221
 30
0.0
 11
12.375
 21
4.742512
 31
0.0
  0
LINE
  5
2044
330
1F
100
AcDbEntity
  8
1
  6
CONTINUOUS
370
50
 62
4
100
AcDbLine
 10
21.281429
 20
-4.742387
 30
0.0
 11
21.255358
 21
-4.742097
 31
0.0
  0
LINE
  5
2045
330
1F
100
AcDbEntity
  8
1
  6
CONTINUOUS
370
50
 62
4
100
AcDbLine
 10
24.950314
 20
-4.743061
 30
0.0
 11
24.924715
 21
-4.742781
 31
0.0
  0
LINE
  5
2046
330
1F
100
AcDbEntity
  8
1
  6
CONTINUOUS
370
50
 62
4
100
AcDbLine
 10
21.307501
 20
-4.742671
 30
0.0
 11
21.281429
 21
-4.742387
 31
0.0
  0
LINE
  5
2047
330
1F
100
AcDbEntity
  8
1
  6
CONTINUOUS
370
50
 62
4
100
AcDbLine
 10
24.976397
 20
-4.743341
 30
0.0
 11
24.950314
 21
-4.743061
 31
0.0
  0
LINE
  5
2048
330
1F
100
AcDbEntity
  8
1
  6
CONTINUOUS
370
50
 62
4
100
AcDbLine
 10
25.002958
 20
-4.74362
 30
0.0
 11
24.976397
 21
-4.743341
 31
0.0
  0
LINE
  5
2049
330
1F
100
AcDbEntity
  8
1
  6
CONTINUOUS
370
50
 62
4
100
AcDbLine
 10
25.029995
 20
-4.743898
 30
0.0
 11
25.002958
 21
-4.74362
 31
0.0
  0
LINE
  5
204A
330
1F
100
AcDbEntity
  8
1
  6
CONTINUOUS
370
50
 62
4
100
AcDbLine
 10
30.526072
 20
-3.975544
 30
0.0
 11
30.5
 21
-3.975281
 31
0.0
  0
LINE
  5
204B
330
1F
100
AcDbEntity
  8
1
  6
CONTINUOUS
370
50
 62
4
100
AcDbLine
 10
25.057501
 20
-4.744174
 30
0.0
 11
25.029995
 21
-4.743898
 31
0.0
  0
LINE
  5
204C
330
1F
100
AcDbEntity
  8
1
  6
CONTINUOUS
370
50
 62
4
100
AcDbLine
 10
30.552141
 20
-3.975803
 30
0.0
 11
30.526072
 21
-3.975544
 31
0.0
  0
LINE
  5
204D
330
1F
100
AcDbEntity
  8
1
  6
CONTINUOUS
370
50
 62
4
100
AcDbLine
 10
30.578213
 20
-3.976058
 30
0.0
 11
30.552141
 21
-3.975803
 31
0.0
  0
LINE
  5
204E
330
1F
100
AcDbEntity
  8
1
  6
CONTINUOUS
370
50
 62
4
100
AcDbLine
 10
30.604284
 20
-3.976309
 30
0.0
 11
30.578213
 21
-3.976058
 31
0.0
  0
LINE
  5
204F
330
1F
100
AcDbEntity
  8
1
  6
CONTINUOUS
370
50
 62
4
100
AcDbLine
 10
30.630356
 20
-3.976555
 30
0.0
 11
30.604284
 21
-3.976309
 31
0.0
  0
LINE
  5
2050
330
1F
100
AcDbEntity
  8
1
  6
CONTINUOUS
370
50
 62
4
100
AcDbLine
 10
18.182501
 20
3.976827
 30
0.0
 11
18.156429
 21
3.977071
 31
0.0
  0
LINE
  5
2051
330
1F
100
AcDbEntity
  8
1
  6
CONTINUOUS
370
50
 62
4
100
AcDbLine
 10
30.656427
 20
-3.976797
 30
0.0
 11
30.630356
 21
-3.976555
 31
0.0
  0
LINE
  5
2052
330
1F
100
AcDbEntity
  8
1
  6
CONTINUOUS
370
50
 62
4
100
AcDbLine
 10
18.156429
 20
3.977071
 30
0.0
 11
18.130358
 21
3.97731
 31
0.0
  0
LINE
  5
2053
330
1F
100
AcDbEntity
  8
1
  6
CONTINUOUS
370
50
 62
4
100
AcDbLine
 10
30.682501
 20
-3.977035
 30
0.0
 11
30.656427
 21
-3.976797
 31
0.0
  0
LINE
  5
2054
330
1F
100
AcDbEntity
  8
1
  6
CONTINUOUS
370
50
 62
4
100
AcDbLine
 10
18.130358
 20
3.97731
 30
0.0
 11
18.104286
 21
3.977544
 31
0.0
  0
LINE
  5
2055
330
1F
100
AcDbEntity
  8
1
  6
CONTINUOUS
370
50
 62
4
100
AcDbLine
 10
18.104286
 20
3.977544
 30
0.0
 11
18.078215
 21
3.977774
 31
0.0
  0
LINE
  5
2056
330
1F
100
AcDbEntity
  8
1
  6
CONTINUOUS
370
50
 62
4
100
AcDbLine
 10
18.078215
 20
3.977774
 30
0.0
 11
18.052143
 21
3.977999
 31
0.0
  0
LINE
  5
2057
330
1F
100
AcDbEntity
  8
1
  6
CONTINUOUS
370
50
 62
4
100
AcDbLine
 10
18.052143
 20
3.977999
 30
0.0
 11
18.026072
 21
3.97822
 31
0.0
  0
LINE
  5
2058
330
1F
100
AcDbEntity
  8
1
  6
CONTINUOUS
370
50
 62
4
100
AcDbLine
 10
18.026072
 20
3.97822
 30
0.0
 11
18.0
 21
3.978437
 31
0.0
  0
LINE
  5
2059
330
1F
100
AcDbEntity
  8
1
  6
CONTINUOUS
370
50
 62
4
100
AcDbLine
 10
24.87501
 20
3.996271
 30
0.0
 11
24.81604
 21
3.996674
 31
0.0
  0
LINE
  5
205A
330
1F
100
AcDbEntity
  8
1
  6
CONTINUOUS
370
50
 62
4
100
AcDbLine
 10
21.776072
 20
-3.981091
 30
0.0
 11
21.75
 21
-3.980938
 31
0.0
  0
LINE
  5
205B
330
1F
100
AcDbEntity
  8
1
  6
CONTINUOUS
370
50
 62
4
100
AcDbLine
 10
5.648991
 20
-5.000007
 30
0.0
 11
5.495093
 21
-4.999128
 31
0.0
  0
LINE
  5
205C
330
1F
100
AcDbEntity
  8
1
  6
CONTINUOUS
370
50
 62
4
100
AcDbLine
 10
17.683865
 20
-0.503269
 30
0.0
 11
17.620676
 21
-0.5029089999999999
 31
0.0
  0
LINE
  5
205D
330
1F
100
AcDbEntity
  8
1
  6
CONTINUOUS
370
50
 62
4
100
AcDbLine
 10
21.802143
 20
-3.981239
 30
0.0
 11
21.776072
 21
-3.981091
 31
0.0
  0
LINE
  5
205E
330
1F
100
AcDbEntity
  8
1
  6
CONTINUOUS
370
50
 62
4
100
AcDbLine
 10
21.828215
 20
-3.981383
 30
0.0
 11
21.802143
 21
-3.981239
 31
0.0
  0
LINE
  5
205F
330
1F
100
AcDbEntity
  8
1
  6
CONTINUOUS
370
50
 62
4
100
AcDbLine
 10
21.854286
 20
-3.981522
 30
0.0
 11
21.828215
 21
-3.981383
 31
0.0
  0
LINE
  5
2060
330
1F
100
AcDbEntity
  8
1
  6
CONTINUOUS
370
50
 62
4
100
AcDbLine
 10
21.880358
 20
-3.981656
 30
0.0
 11
21.854286
 21
-3.981522
 31
0.0
  0
LINE
  5
2061
330
1F
100
AcDbEntity
  8
1
  6
CONTINUOUS
370
50
 62
4
100
AcDbLine
 10
21.906429
 20
-3.981786
 30
0.0
 11
21.880358
 21
-3.981656
 31
0.0
  0
LINE
  5
2062
330
1F
100
AcDbEntity
  8
1
  6
CONTINUOUS
370
50
 62
4
100
AcDbLine
 10
21.932501
 20
-3.981911
 30
0.0
 11
21.906429
 21
-3.981786
 31
0.0
  0
LINE
  5
2063
330
1F
100
AcDbEntity
  8
1
  6
CONTINUOUS
370
50
 62
4
100
AcDbLine
 10
10.833568
 20
4.899836
 30
0.0
 11
10.819666
 21
4.899883
 31
0.0
  0
LINE
  5
2064
330
1F
100
AcDbEntity
  8
1
  6
CONTINUOUS
370
50
 62
4
100
AcDbLine
 10
10.819666
 20
4.899883
 30
0.0
 11
10.805669
 21
4.899922999999999
 31
0.0
  0
LINE
  5
2065
330
1F
100
AcDbEntity
  8
1
  6
CONTINUOUS
370
50
 62
4
100
AcDbLine
 10
31.776072
 20
-3.98317
 30
0.0
 11
31.75
 21
-3.98311
 31
0.0
  0
LINE
  5
2066
330
1F
100
AcDbEntity
  8
1
  6
CONTINUOUS
370
50
 62
4
100
AcDbLine
 10
10.805669
 20
4.899922999999999
 30
0.0
 11
10.791595
 21
4.899954
 31
0.0
  0
LINE
  5
2067
330
1F
100
AcDbEntity
  8
1
  6
CONTINUOUS
370
50
 62
4
100
AcDbLine
 10
22.401072
 20
-4.749732
 30
0.0
 11
22.375
 21
-4.749675
 31
0.0
  0
LINE
  5
2068
330
1F
100
AcDbEntity
  8
1
  6
CONTINUOUS
370
50
 62
4
100
AcDbLine
 10
31.802143
 20
-3.983226
 30
0.0
 11
31.776072
 21
-3.98317
 31
0.0
  0
LINE
  5
2069
330
1F
100
AcDbEntity
  8
1
  6
CONTINUOUS
370
50
 62
4
100
AcDbLine
 10
22.427143
 20
-4.749784
 30
0.0
 11
22.401072
 21
-4.749732
 31
0.0
  0
LINE
  5
206A
330
1F
100
AcDbEntity
  8
1
  6
CONTINUOUS
370
50
 62
4
100
AcDbLine
 10
31.828213
 20
-3.983277
 30
0.0
 11
31.802143
 21
-3.983226
 31
0.0
  0
LINE
  5
206B
330
1F
100
AcDbEntity
  8
1
  6
CONTINUOUS
370
50
 62
4
100
AcDbLine
 10
31.854284
 20
-3.983324
 30
0.0
 11
31.828213
 21
-3.983277
 31
0.0
  0
LINE
  5
206C
330
1F
100
AcDbEntity
  8
1
  6
CONTINUOUS
370
50
 62
4
100
AcDbLine
 10
22.453215
 20
-4.749829
 30
0.0
 11
22.427143
 21
-4.749784
 31
0.0
  0
LINE
  5
206D
330
1F
100
AcDbEntity
  8
1
  6
CONTINUOUS
370
50
 62
4
100
AcDbLine
 10
10.791595
 20
4.899954
 30
0.0
 11
10.777463
 21
4.899978
 31
0.0
  0
LINE
  5
206E
330
1F
100
AcDbEntity
  8
1
  6
CONTINUOUS
370
50
 62
4
100
AcDbLine
 10
31.880356
 20
-3.983367
 30
0.0
 11
31.854284
 21
-3.983324
 31
0.0
  0
LINE
  5
206F
330
1F
100
AcDbEntity
  8
1
  6
CONTINUOUS
370
50
 62
4
100
AcDbLine
 10
22.479286
 20
-4.74987
 30
0.0
 11
22.453215
 21
-4.749829
 31
0.0
  0
LINE
  5
2070
330
1F
100
AcDbEntity
  8
1
  6
CONTINUOUS
370
50
 62
4
100
AcDbLine
 10
31.906427
 20
-3.983406
 30
0.0
 11
31.880356
 21
-3.983367
 31
0.0
  0
LINE
  5
2071
330
1F
100
AcDbEntity
  8
1
  6
CONTINUOUS
370
50
 62
4
100
AcDbLine
 10
22.505358
 20
-4.749905
 30
0.0
 11
22.479286
 21
-4.74987
 31
0.0
  0
LINE
  5
2072
330
1F
100
AcDbEntity
  8
1
  6
CONTINUOUS
370
50
 62
4
100
AcDbLine
 10
31.932501
 20
-3.983441
 30
0.0
 11
31.906427
 21
-3.983406
 31
0.0
  0
LINE
  5
2073
330
1F
100
AcDbEntity
  8
1
  6
CONTINUOUS
370
50
 62
4
100
AcDbLine
 10
22.531429
 20
-4.749935
 30
0.0
 11
22.505358
 21
-4.749905
 31
0.0
  0
LINE
  5
2074
330
1F
100
AcDbEntity
  8
1
  6
CONTINUOUS
370
50
 62
4
100
AcDbLine
 10
16.932501
 20
3.983462
 30
0.0
 11
16.902763
 21
3.983494
 31
0.0
  0
LINE
  5
2075
330
1F
100
AcDbEntity
  8
1
  6
CONTINUOUS
370
50
 62
4
100
AcDbLine
 10
10.777463
 20
4.899978
 30
0.0
 11
10.763293
 21
4.899992
 31
0.0
  0
LINE
  5
2076
330
1F
100
AcDbEntity
  8
1
  6
CONTINUOUS
370
50
 62
4
100
AcDbLine
 10
22.557501
 20
-4.749959
 30
0.0
 11
22.531429
 21
-4.749935
 31
0.0
  0
LINE
  5
2077
330
1F
100
AcDbEntity
  8
1
  6
CONTINUOUS
370
50
 62
4
100
AcDbLine
 10
16.902763
 20
3.983494
 30
0.0
 11
16.873028
 21
3.983521
 31
0.0
  0
LINE
  5
2078
330
1F
100
AcDbEntity
  8
1
  6
CONTINUOUS
370
50
 62
4
100
AcDbLine
 10
26.144209
 20
-4.749962
 30
0.0
 11
26.125
 21
-4.749946
 31
0.0
  0
LINE
  5
2079
330
1F
100
AcDbEntity
  8
1
  6
CONTINUOUS
370
50
 62
4
100
AcDbLine
 10
26.16342
 20
-4.749976
 30
0.0
 11
26.144209
 21
-4.749962
 31
0.0
  0
LINE
  5
207A
330
1F
100
AcDbEntity
  8
1
  6
CONTINUOUS
370
50
 62
4
100
AcDbLine
 10
16.873028
 20
3.983521
 30
0.0
 11
16.84329
 21
3.983541
 31
0.0
  0
LINE
  5
207B
330
1F
100
AcDbEntity
  8
1
  6
CONTINUOUS
370
50
 62
4
100
AcDbLine
 10
26.182629
 20
-4.749986
 30
0.0
 11
26.16342
 21
-4.749976
 31
0.0
  0
LINE
  5
207C
330
1F
100
AcDbEntity
  8
1
  6
CONTINUOUS
370
50
 62
4
100
AcDbLine
 10
16.84329
 20
3.983541
 30
0.0
 11
16.813555
 21
3.983556
 31
0.0
  0
LINE
  5
207D
330
1F
100
AcDbEntity
  8
1
  6
CONTINUOUS
370
50
 62
4
100
AcDbLine
 10
10.763293
 20
4.899992
 30
0.0
 11
10.749107
 21
4.899998
 31
0.0
  0
LINE
  5
207E
330
1F
100
AcDbEntity
  8
1
  6
CONTINUOUS
370
50
 62
4
100
AcDbLine
 10
26.201839
 20
-4.749994
 30
0.0
 11
26.182629
 21
-4.749986
 31
0.0
  0
LINE
  5
207F
330
1F
100
AcDbEntity
  8
1
  6
CONTINUOUS
370
50
 62
4
100
AcDbLine
 10
16.813555
 20
3.983556
 30
0.0
 11
16.783819
 21
3.983565
 31
0.0
  0
LINE
  5
2080
330
1F
100
AcDbEntity
  8
1
  6
CONTINUOUS
370
50
 62
4
100
AcDbLine
 10
26.22105
 20
-4.749999
 30
0.0
 11
26.201839
 21
-4.749994
 31
0.0
  0
LINE
  5
2081
330
1F
100
AcDbEntity
  8
1
  6
CONTINUOUS
370
50
 62
4
100
AcDbLine
 10
16.783819
 20
3.983565
 30
0.0
 11
16.754084
 21
3.983567
 31
0.0
  0
LINE
  5
2082
330
1F
100
AcDbEntity
  8
1
  6
CONTINUOUS
370
50
 62
4
100
AcDbLine
 10
26.240261
 20
-4.75
 30
0.0
 11
26.22105
 21
-4.749999
 31
0.0
  0
LINE
  5
2083
330
1F
100
AcDbEntity
  8
1
  6
CONTINUOUS
370
50
 62
4
100
AcDbLine
 10
0.0
 20
-5.0
 30
0.0
 11
5.640239999999999
 21
-5.0
 31
0.0
  0
LINE
  5
2084
330
1F
100
AcDbEntity
  8
1
  6
CONTINUOUS
370
50
 62
4
100
AcDbLine
 10
26.125
 20
-4.75
 30
0.0
 11
26.251467
 21
-4.75
 31
0.0
  0
LINE
  5
2085
330
1F
100
AcDbEntity
  8
1
  6
CONTINUOUS
370
50
 62
4
100
AcDbLine
 10
23.625
 20
-4.75
 30
0.0
 11
23.807501
 21
-4.75
 31
0.0
  0
LINE
  5
2086
330
1F
100
AcDbEntity
  8
1
  6
CONTINUOUS
370
50
 62
4
100
AcDbLine
 10
24.875
 20
-4.75
 30
0.0
 11
25.057501
 21
-4.75
 31
0.0
  0
LINE
  5
2087
330
1F
100
AcDbEntity
  8
1
  6
CONTINUOUS
370
50
 62
4
100
AcDbLine
 10
23.0
 20
-3.983567
 30
0.0
 11
23.182501
 21
-3.983567
 31
0.0
  0
LINE
  5
2088
330
1F
100
AcDbEntity
  8
1
  6
CONTINUOUS
370
50
 62
4
100
AcDbLine
 10
24.25
 20
-3.983567
 30
0.0
 11
24.432501
 21
-3.983567
 31
0.0
  0
LINE
  5
2089
330
1F
100
AcDbEntity
  8
1
  6
CONTINUOUS
370
50
 62
4
100
AcDbLine
 10
25.5
 20
-3.983567
 30
0.0
 11
25.682501
 21
-3.983567
 31
0.0
  0
LINE
  5
208A
330
1F
100
AcDbEntity
  8
1
  6
CONTINUOUS
370
50
 62
4
100
AcDbLine
 10
26.75
 20
-3.983567
 30
0.0
 11
26.932501
 21
-3.983567
 31
0.0
  0
LINE
  5
208B
330
1F
100
AcDbEntity
  8
1
  6
CONTINUOUS
370
50
 62
4
100
AcDbLine
 10
28.0
 20
-3.983567
 30
0.0
 11
28.182501
 21
-3.983567
 31
0.0
  0
LINE
  5
208C
330
1F
100
AcDbEntity
  8
1
  6
CONTINUOUS
370
50
 62
4
100
AcDbLine
 10
29.25
 20
-3.983567
 30
0.0
 11
29.432501
 21
-3.983567
 31
0.0
  0
LINE
  5
208D
330
1F
100
AcDbEntity
  8
1
  6
CONTINUOUS
370
50
 62
4
100
AcDbLine
 10
30.5
 20
-3.983567
 30
0.0
 11
30.682501
 21
-3.983567
 31
0.0
  0
LINE
  5
208E
330
1F
100
AcDbEntity
  8
1
  6
CONTINUOUS
370
50
 62
4
100
AcDbLine
 10
31.75
 20
-3.983567
 30
0.0
 11
31.932501
 21
-3.983567
 31
0.0
  0
LINE
  5
208F
330
1F
100
AcDbEntity
  8
1
  6
CONTINUOUS
370
50
 62
4
100
AcDbLine
 10
37.997372
 20
3.401361
 30
0.0
 11
37.998425
 21
3.401361
 31
0.0
  0
LINE
  5
2090
330
1F
100
AcDbEntity
  8
1
  6
CONTINUOUS
370
50
 62
4
100
AcDbLine
 10
37.998947
 20
3.401362
 30
0.0
 11
37.999474
 21
3.401362
 31
0.0
  0
LINE
  5
2091
330
1F
100
AcDbEntity
  8
1
  6
CONTINUOUS
370
50
 62
4
100
AcDbLine
 10
11.75
 20
3.983468
 30
0.0
 11
11.751
 21
3.983468
 31
0.0
  0
LINE
  5
2092
330
1F
100
AcDbEntity
  8
1
  6
CONTINUOUS
370
50
 62
4
100
AcDbLine
 10
13.0
 20
3.983567
 30
0.0
 11
13.1825
 21
3.983567
 31
0.0
  0
LINE
  5
2093
330
1F
100
AcDbEntity
  8
1
  6
CONTINUOUS
370
50
 62
4
100
AcDbLine
 10
14.25
 20
3.983567
 30
0.0
 11
14.4325
 21
3.983567
 31
0.0
  0
LINE
  5
2094
330
1F
100
AcDbEntity
  8
1
  6
CONTINUOUS
370
50
 62
4
100
AcDbLine
 10
15.5
 20
3.983567
 30
0.0
 11
15.6825
 21
3.983567
 31
0.0
  0
LINE
  5
2095
330
1F
100
AcDbEntity
  8
1
  6
CONTINUOUS
370
50
 62
4
100
AcDbLine
 10
16.75
 20
3.983567
 30
0.0
 11
16.754084
 21
3.983567
 31
0.0
  0
LINE
  5
2096
330
1F
100
AcDbEntity
  8
1
  6
CONTINUOUS
370
50
 62
4
100
AcDbLine
 10
11.751
 20
3.983567
 30
0.0
 11
11.9325
 21
3.983567
 31
0.0
  0
LINE
  5
2097
330
1F
100
AcDbEntity
  8
1
  6
CONTINUOUS
370
50
 62
4
100
AcDbLine
 10
10.0
 20
4.899999999999999
 30
0.0
 11
10.748546
 21
4.899999999999999
 31
0.0
  0
LINE
  5
2098
330
1F
100
AcDbEntity
  8
1
  6
CONTINUOUS
370
50
 62
4
100
AcDbLine
 10
0.0
 20
5.0
 30
0.0
 11
9.6
 21
5.0
 31
0.0
  0
LINE
  5
2099
330
1F
100
AcDbEntity
  8
1
  6
CONTINUOUS
370
50
 62
4
100
AcDbLine
 10
26.251467
 20
-4.75
 30
0.0
 11
26.262672
 21
-4.749998
 31
0.0
  0
LINE
  5
209A
330
1F
100
AcDbEntity
  8
1
  6
CONTINUOUS
370
50
 62
4
100
AcDbLine
 10
26.262672
 20
-4.749998
 30
0.0
 11
26.285086
 21
-4.749992
 31
0.0
  0
LINE
  5
209B
330
1F
100
AcDbEntity
  8
1
  6
CONTINUOUS
370
50
 62
4
100
AcDbLine
 10
26.285086
 20
-4.749992
 30
0.0
 11
26.296293
 21
-4.749987
 31
0.0
  0
LINE
  5
209C
330
1F
100
AcDbEntity
  8
1
  6
CONTINUOUS
370
50
 62
4
100
AcDbLine
 10
26.296293
 20
-4.749987
 30
0.0
 11
26.307501
 21
-4.749981
 31
0.0
  0
LINE
  5
209D
330
1F
100
AcDbEntity
  8
1
  6
CONTINUOUS
370
50
 62
4
100
AcDbLine
 10
37.996845
 20
3.40136
 30
0.0
 11
37.997372
 21
3.401361
 31
0.0
  0
LINE
  5
209E
330
1F
100
AcDbEntity
  8
1
  6
CONTINUOUS
370
50
 62
4
100
AcDbLine
 10
37.999474
 20
3.401362
 30
0.0
 11
38.0
 21
3.401363
 31
0.0
  0
LINE
  5
209F
330
1F
100
AcDbEntity
  8
1
  6
CONTINUOUS
370
50
 62
4
100
AcDbLine
 10
37.998425
 20
3.401361
 30
0.0
 11
37.998947
 21
3.401362
 31
0.0
  0
LINE
  5
20A0
330
1F
100
AcDbEntity
  8
1
  6
CONTINUOUS
370
50
 62
4
100
AcDbLine
 10
17.683865
 20
-0.503269
 30
0.0
 11
17.747066
 21
-0.5030629999999999
 31
0.0
  0
LINE
  5
20A1
330
1F
100
AcDbEntity
  8
1
  6
CONTINUOUS
370
50
 62
4
100
AcDbLine
 10
36.926773
 20
3.397086
 30
0.0
 11
37.996845
 21
3.40136
 31
0.0
  0
LINE
  5
20A2
330
1F
100
AcDbEntity
  8
1
  6
CONTINUOUS
370
50
 62
4
100
AcDbLine
 10
33.0
 20
-3.981289
 30
0.0
 11
33.02607
 21
-3.98115
 31
0.0
  0
LINE
  5
20A3
330
1F
100
AcDbEntity
  8
1
  6
CONTINUOUS
370
50
 62
4
100
AcDbLine
 10
33.02607
 20
-3.98115
 30
0.0
 11
33.052143
 21
-3.981007
 31
0.0
  0
LINE
  5
20A4
330
1F
100
AcDbEntity
  8
1
  6
CONTINUOUS
370
50
 62
4
100
AcDbLine
 10
37.531433
 20
4.748056
 30
0.0
 11
37.557499
 21
4.748201
 31
0.0
  0
LINE
  5
20A5
330
1F
100
AcDbEntity
  8
1
  6
CONTINUOUS
370
50
 62
4
100
AcDbLine
 10
12.311824
 20
0.512058
 30
0.0
 11
12.375
 21
0.512413
 31
0.0
  0
LINE
  5
20A6
330
1F
100
AcDbEntity
  8
1
  6
CONTINUOUS
370
50
 62
4
100
AcDbLine
 10
33.052143
 20
-3.981007
 30
0.0
 11
33.078213
 21
-3.980859
 31
0.0
  0
LINE
  5
20A7
330
1F
100
AcDbEntity
  8
1
  6
CONTINUOUS
370
50
 62
4
100
AcDbLine
 10
10.714461
 20
4.814178
 30
0.0
 11
10.833568
 21
4.814858
 31
0.0
  0
LINE
  5
20A8
330
1F
100
AcDbEntity
  8
1
  6
CONTINUOUS
370
50
 62
4
100
AcDbLine
 10
37.505363
 20
4.747906
 30
0.0
 11
37.531433
 21
4.748056
 31
0.0
  0
LINE
  5
20A9
330
1F
100
AcDbEntity
  8
1
  6
CONTINUOUS
370
50
 62
4
100
AcDbLine
 10
33.078213
 20
-3.980859
 30
0.0
 11
33.104286
 21
-3.980707
 31
0.0
  0
LINE
  5
20AA
330
1F
100
AcDbEntity
  8
1
  6
CONTINUOUS
370
50
 62
4
100
AcDbLine
 10
33.104286
 20
-3.980707
 30
0.0
 11
33.130356
 21
-3.980552
 31
0.0
  0
LINE
  5
20AB
330
1F
100
AcDbEntity
  8
1
  6
CONTINUOUS
370
50
 62
4
100
AcDbLine
 10
37.479294
 20
4.747751
 30
0.0
 11
37.505363
 21
4.747906
 31
0.0
  0
LINE
  5
20AC
330
1F
100
AcDbEntity
  8
1
  6
CONTINUOUS
370
50
 62
4
100
AcDbLine
 10
10.595365
 20
4.813454
 30
0.0
 11
10.714461
 21
4.814178
 31
0.0
  0
LINE
  5
20AD
330
1F
100
AcDbEntity
  8
1
  6
CONTINUOUS
370
50
 62
4
100
AcDbLine
 10
33.130356
 20
-3.980552
 30
0.0
 11
33.156429
 21
-3.980392
 31
0.0
  0
LINE
  5
20AE
330
1F
100
AcDbEntity
  8
1
  6
CONTINUOUS
370
50
 62
4
100
AcDbLine
 10
37.45322
 20
4.74759
 30
0.0
 11
37.479294
 21
4.747751
 31
0.0
  0
LINE
  5
20AF
330
1F
100
AcDbEntity
  8
1
  6
CONTINUOUS
370
50
 62
4
100
AcDbLine
 10
33.156429
 20
-3.980392
 30
0.0
 11
33.182499
 21
-3.980228
 31
0.0
  0
LINE
  5
20B0
330
1F
100
AcDbEntity
  8
1
  6
CONTINUOUS
370
50
 62
4
100
AcDbLine
 10
28.937496
 20
3.555317
 30
0.0
 11
28.971027
 21
3.555528
 31
0.0
  0
LINE
  5
20B1
330
1F
100
AcDbEntity
  8
1
  6
CONTINUOUS
370
50
 62
4
100
AcDbLine
 10
37.42715099999999
 20
4.747423
 30
0.0
 11
37.45322
 21
4.74759
 31
0.0
  0
LINE
  5
20B2
330
1F
100
AcDbEntity
  8
1
  6
CONTINUOUS
370
50
 62
4
100
AcDbLine
 10
10.476276
 20
4.812685999999999
 30
0.0
 11
10.595365
 21
4.813454
 31
0.0
  0
LINE
  5
20B3
330
1F
100
AcDbEntity
  8
1
  6
CONTINUOUS
370
50
 62
4
100
AcDbLine
 10
37.401077
 20
4.747250999999999
 30
0.0
 11
37.42715099999999
 21
4.747423
 31
0.0
  0
LINE
  5
20B4
330
1F
100
AcDbEntity
  8
1
  6
CONTINUOUS
370
50
 62
4
100
AcDbLine
 10
37.375
 20
4.747074
 30
0.0
 11
37.401077
 21
4.747250999999999
 31
0.0
  0
LINE
  5
20B5
330
1F
100
AcDbEntity
  8
1
  6
CONTINUOUS
370
50
 62
4
100
AcDbLine
 10
10.357197
 20
4.811875
 30
0.0
 11
10.476276
 21
4.812685999999999
 31
0.0
  0
LINE
  5
20B6
330
1F
100
AcDbEntity
  8
1
  6
CONTINUOUS
370
50
 62
4
100
AcDbLine
 10
10.238125
 20
4.811019
 30
0.0
 11
10.357197
 21
4.811875
 31
0.0
  0
LINE
  5
20B7
330
1F
100
AcDbEntity
  8
1
  6
CONTINUOUS
370
50
 62
4
100
AcDbLine
 10
10.11906
 20
4.810118999999999
 30
0.0
 11
10.238125
 21
4.811019
 31
0.0
  0
LINE
  5
20B8
330
1F
100
AcDbEntity
  8
1
  6
CONTINUOUS
370
50
 62
4
100
AcDbLine
 10
10.0
 20
4.809174
 30
0.0
 11
10.11906
 21
4.810118999999999
 31
0.0
  0
LINE
  5
20B9
330
1F
100
AcDbEntity
  8
1
  6
CONTINUOUS
370
50
 62
4
100
AcDbLine
 10
36.906433
 20
3.977908
 30
0.0
 11
36.932499
 21
3.97813
 31
0.0
  0
LINE
  5
20BA
330
1F
100
AcDbEntity
  8
1
  6
CONTINUOUS
370
50
 62
4
100
AcDbLine
 10
36.88036
 20
3.977683
 30
0.0
 11
36.906433
 21
3.977908
 31
0.0
  0
LINE
  5
20BB
330
1F
100
AcDbEntity
  8
1
  6
CONTINUOUS
370
50
 62
4
100
AcDbLine
 10
36.85429
 20
3.977453
 30
0.0
 11
36.88036
 21
3.977683
 31
0.0
  0
LINE
  5
20BC
330
1F
100
AcDbEntity
  8
1
  6
CONTINUOUS
370
50
 62
4
100
AcDbLine
 10
36.82822
 20
3.97722
 30
0.0
 11
36.85429
 21
3.977453
 31
0.0
  0
LINE
  5
20BD
330
1F
100
AcDbEntity
  8
1
  6
CONTINUOUS
370
50
 62
4
100
AcDbLine
 10
36.802147
 20
3.976982
 30
0.0
 11
36.82822
 21
3.97722
 31
0.0
  0
LINE
  5
20BE
330
1F
100
AcDbEntity
  8
1
  6
CONTINUOUS
370
50
 62
4
100
AcDbLine
 10
34.183243
 20
3.018155
 30
0.0
 11
34.250004
 21
3.018766
 31
0.0
  0
LINE
  5
20BF
330
1F
100
AcDbEntity
  8
1
  6
CONTINUOUS
370
50
 62
4
100
AcDbLine
 10
27.375
 20
-4.744794
 30
0.0
 11
27.40107
 21
-4.744554
 31
0.0
  0
LINE
  5
20C0
330
1F
100
AcDbEntity
  8
1
  6
CONTINUOUS
370
50
 62
4
100
AcDbLine
 10
36.776073
 20
3.976741
 30
0.0
 11
36.802147
 21
3.976982
 31
0.0
  0
LINE
  5
20C1
330
1F
100
AcDbEntity
  8
1
  6
CONTINUOUS
370
50
 62
4
100
AcDbLine
 10
27.40107
 20
-4.744554
 30
0.0
 11
27.427141
 21
-4.744308
 31
0.0
  0
LINE
  5
20C2
330
1F
100
AcDbEntity
  8
1
  6
CONTINUOUS
370
50
 62
4
100
AcDbLine
 10
36.75
 20
3.976495
 30
0.0
 11
36.776073
 21
3.976741
 31
0.0
  0
LINE
  5
20C3
330
1F
100
AcDbEntity
  8
1
  6
CONTINUOUS
370
50
 62
4
100
AcDbLine
 10
35.856693
 20
3.38688
 30
0.0
 11
36.926773
 21
3.397086
 31
0.0
  0
LINE
  5
20C4
330
1F
100
AcDbEntity
  8
1
  6
CONTINUOUS
370
50
 62
4
100
AcDbLine
 10
27.427141
 20
-4.744308
 30
0.0
 11
27.453213
 21
-4.744058
 31
0.0
  0
LINE
  5
20C5
330
1F
100
AcDbEntity
  8
1
  6
CONTINUOUS
370
50
 62
4
100
AcDbLine
 10
27.453213
 20
-4.744058
 30
0.0
 11
27.479284
 21
-4.743802
 31
0.0
  0
LINE
  5
20C6
330
1F
100
AcDbEntity
  8
1
  6
CONTINUOUS
370
50
 62
4
100
AcDbLine
 10
27.479284
 20
-4.743802
 30
0.0
 11
27.505356
 21
-4.743539999999999
 31
0.0
  0
LINE
  5
20C7
330
1F
100
AcDbEntity
  8
1
  6
CONTINUOUS
370
50
 62
4
100
AcDbLine
 10
27.505356
 20
-4.743539999999999
 30
0.0
 11
27.531427
 21
-4.743272999999999
 31
0.0
  0
LINE
  5
20C8
330
1F
100
AcDbEntity
  8
1
  6
CONTINUOUS
370
50
 62
4
100
AcDbLine
 10
9.164629999999999
 20
4.899361
 30
0.0
 11
9.6
 21
4.903832
 31
0.0
  0
LINE
  5
20C9
330
1F
100
AcDbEntity
  8
1
  6
CONTINUOUS
370
50
 62
4
100
AcDbLine
 10
27.531427
 20
-4.743272999999999
 30
0.0
 11
27.557501
 21
-4.743001
 31
0.0
  0
LINE
  5
20CA
330
1F
100
AcDbEntity
  8
1
  6
CONTINUOUS
370
50
 62
4
100
AcDbLine
 10
9.933326
 20
0.592233
 30
0.0
 11
10.0
 21
0.5930099999999999
 31
0.0
  0
LINE
  5
20CB
330
1F
100
AcDbEntity
  8
1
  6
CONTINUOUS
370
50
 62
4
100
AcDbLine
 10
8.729517
 20
4.894228
 30
0.0
 11
9.164629999999999
 21
4.899361
 31
0.0
  0
LINE
  5
20CC
330
1F
100
AcDbEntity
  8
1
  6
CONTINUOUS
370
50
 62
4
100
AcDbLine
 10
17.747066
 20
-0.5030629999999999
 30
0.0
 11
17.810282
 21
-0.502292
 31
0.0
  0
LINE
  5
20CD
330
1F
100
AcDbEntity
  8
1
  6
CONTINUOUS
370
50
 62
4
100
AcDbLine
 10
9.866655
 20
0.591379
 30
0.0
 11
9.933326
 21
0.592233
 31
0.0
  0
LINE
  5
20CE
330
1F
100
AcDbEntity
  8
1
  6
CONTINUOUS
370
50
 62
4
100
AcDbLine
 10
34.25
 20
-3.970007
 30
0.0
 11
34.27607
 21
-3.969671
 31
0.0
  0
LINE
  5
20CF
330
1F
100
AcDbEntity
  8
1
  6
CONTINUOUS
370
50
 62
4
100
AcDbLine
 10
34.27607
 20
-3.969671
 30
0.0
 11
34.302143
 21
-3.969332
 31
0.0
  0
LINE
  5
20D0
330
1F
100
AcDbEntity
  8
1
  6
CONTINUOUS
370
50
 62
4
100
AcDbLine
 10
10.714461
 20
-4.431439999999999
 30
0.0
 11
10.833568
 21
-4.429876
 31
0.0
  0
LINE
  5
20D1
330
1F
100
AcDbEntity
  8
1
  6
CONTINUOUS
370
50
 62
4
100
AcDbLine
 10
34.302143
 20
-3.969332
 30
0.0
 11
34.328213
 21
-3.968989
 31
0.0
  0
LINE
  5
20D2
330
1F
100
AcDbEntity
  8
1
  6
CONTINUOUS
370
50
 62
4
100
AcDbLine
 10
34.328213
 20
-3.968989
 30
0.0
 11
34.354286
 21
-3.968642
 31
0.0
  0
LINE
  5
20D3
330
1F
100
AcDbEntity
  8
1
  6
CONTINUOUS
370
50
 62
4
100
AcDbLine
 10
8.294644
 20
4.888392
 30
0.0
 11
8.729517
 21
4.894228
 31
0.0
  0
LINE
  5
20D4
330
1F
100
AcDbEntity
  8
1
  6
CONTINUOUS
370
50
 62
4
100
AcDbLine
 10
34.354286
 20
-3.968642
 30
0.0
 11
34.380356
 21
-3.968291
 31
0.0
  0
LINE
  5
20D5
330
1F
100
AcDbEntity
  8
1
  6
CONTINUOUS
370
50
 62
4
100
AcDbLine
 10
34.380356
 20
-3.968291
 30
0.0
 11
34.406429
 21
-3.967935
 31
0.0
  0
LINE
  5
20D6
330
1F
100
AcDbEntity
  8
1
  6
CONTINUOUS
370
50
 62
4
100
AcDbLine
 10
34.406429
 20
-3.967935
 30
0.0
 11
34.432499
 21
-3.967576
 31
0.0
  0
LINE
  5
20D7
330
1F
100
AcDbEntity
  8
1
  6
CONTINUOUS
370
50
 62
4
100
AcDbLine
 10
10.595365
 20
-4.433093
 30
0.0
 11
10.714461
 21
-4.431439999999999
 31
0.0
  0
LINE
  5
20D8
330
1F
100
AcDbEntity
  8
1
  6
CONTINUOUS
370
50
 62
4
100
AcDbLine
 10
9.799987999999999
 20
0.590449
 30
0.0
 11
9.866655
 21
0.591379
 31
0.0
  0
LINE
  5
20D9
330
1F
100
AcDbEntity
  8
1
  6
CONTINUOUS
370
50
 62
4
100
AcDbLine
 10
36.279964
 20
4.735134
 30
0.0
 11
36.307499
 21
4.735536
 31
0.0
  0
LINE
  5
20DA
330
1F
100
AcDbEntity
  8
1
  6
CONTINUOUS
370
50
 62
4
100
AcDbLine
 10
10.476276
 20
-4.434833999999999
 30
0.0
 11
10.595365
 21
-4.433093
 31
0.0
  0
LINE
  5
20DB
330
1F
100
AcDbEntity
  8
1
  6
CONTINUOUS
370
50
 62
4
100
AcDbLine
 10
36.252884
 20
4.734734
 30
0.0
 11
36.279964
 21
4.735134
 31
0.0
  0
LINE
  5
20DC
330
1F
100
AcDbEntity
  8
1
  6
CONTINUOUS
370
50
 62
4
100
AcDbLine
 10
12.248635
 20
0.511124
 30
0.0
 11
12.311824
 21
0.512058
 31
0.0
  0
LINE
  5
20DD
330
1F
100
AcDbEntity
  8
1
  6
CONTINUOUS
370
50
 62
4
100
AcDbLine
 10
34.786613
 20
3.370938
 30
0.0
 11
35.856693
 21
3.38688
 31
0.0
  0
LINE
  5
20DE
330
1F
100
AcDbEntity
  8
1
  6
CONTINUOUS
370
50
 62
4
100
AcDbLine
 10
36.226276
 20
4.734336
 30
0.0
 11
36.252884
 21
4.734734
 31
0.0
  0
LINE
  5
20DF
330
1F
100
AcDbEntity
  8
1
  6
CONTINUOUS
370
50
 62
4
100
AcDbLine
 10
9.733322
 20
0.5894429999999999
 30
0.0
 11
9.799987999999999
 21
0.590449
 31
0.0
  0
LINE
  5
20E0
330
1F
100
AcDbEntity
  8
1
  6
CONTINUOUS
370
50
 62
4
100
AcDbLine
 10
36.200165
 20
4.733941
 30
0.0
 11
36.226276
 21
4.734336
 31
0.0
  0
LINE
  5
20E1
330
1F
100
AcDbEntity
  8
1
  6
CONTINUOUS
370
50
 62
4
100
AcDbLine
 10
7.859996
 20
4.881815
 30
0.0
 11
8.294644
 21
4.888392
 31
0.0
  0
LINE
  5
20E2
330
1F
100
AcDbEntity
  8
1
  6
CONTINUOUS
370
50
 62
4
100
AcDbLine
 10
36.174568
 20
4.73355
 30
0.0
 11
36.200165
 21
4.733941
 31
0.0
  0
LINE
  5
20E3
330
1F
100
AcDbEntity
  8
1
  6
CONTINUOUS
370
50
 62
4
100
AcDbLine
 10
10.357197
 20
-4.436665
 30
0.0
 11
10.476276
 21
-4.434833999999999
 31
0.0
  0
LINE
  5
20E4
330
1F
100
AcDbEntity
  8
1
  6
CONTINUOUS
370
50
 62
4
100
AcDbLine
 10
36.149506
 20
4.733162
 30
0.0
 11
36.174568
 21
4.73355
 31
0.0
  0
LINE
  5
20E5
330
1F
100
AcDbEntity
  8
1
  6
CONTINUOUS
370
50
 62
4
100
AcDbLine
 10
36.125
 20
4.732778
 30
0.0
 11
36.149506
 21
4.733162
 31
0.0
  0
LINE
  5
20E6
330
1F
100
AcDbEntity
  8
1
  6
CONTINUOUS
370
50
 62
4
100
AcDbLine
 10
35.656429
 20
3.962677
 30
0.0
 11
35.682499
 21
3.963088
 31
0.0
  0
LINE
  5
20E7
330
1F
100
AcDbEntity
  8
1
  6
CONTINUOUS
370
50
 62
4
100
AcDbLine
 10
35.630356
 20
3.962261
 30
0.0
 11
35.656429
 21
3.962677
 31
0.0
  0
LINE
  5
20E8
330
1F
100
AcDbEntity
  8
1
  6
CONTINUOUS
370
50
 62
4
100
AcDbLine
 10
35.604286
 20
3.961842
 30
0.0
 11
35.630356
 21
3.962261
 31
0.0
  0
LINE
  5
20E9
330
1F
100
AcDbEntity
  8
1
  6
CONTINUOUS
370
50
 62
4
100
AcDbLine
 10
10.238125
 20
-4.438581
 30
0.0
 11
10.357197
 21
-4.436665
 31
0.0
  0
LINE
  5
20EA
330
1F
100
AcDbEntity
  8
1
  6
CONTINUOUS
370
50
 62
4
100
AcDbLine
 10
35.578213
 20
3.961419
 30
0.0
 11
35.604286
 21
3.961842
 31
0.0
  0
LINE
  5
20EB
330
1F
100
AcDbEntity
  8
1
  6
CONTINUOUS
370
50
 62
4
100
AcDbLine
 10
9.66666
 20
0.588361
 30
0.0
 11
9.733322
 21
0.5894429999999999
 31
0.0
  0
LINE
  5
20EC
330
1F
100
AcDbEntity
  8
1
  6
CONTINUOUS
370
50
 62
4
100
AcDbLine
 10
35.552143
 20
3.960991
 30
0.0
 11
35.578213
 21
3.961419
 31
0.0
  0
LINE
  5
20ED
330
1F
100
AcDbEntity
  8
1
  6
CONTINUOUS
370
50
 62
4
100
AcDbLine
 10
35.52607
 20
3.96056
 30
0.0
 11
35.552143
 21
3.960991
 31
0.0
  0
LINE
  5
20EE
330
1F
100
AcDbEntity
  8
1
  6
CONTINUOUS
370
50
 62
4
100
AcDbLine
 10
35.5
 20
3.960124
 30
0.0
 11
35.52607
 21
3.96056
 31
0.0
  0
LINE
  5
20EF
330
1F
100
AcDbEntity
  8
1
  6
CONTINUOUS
370
50
 62
4
100
AcDbLine
 10
10.11906
 20
-4.440585
 30
0.0
 11
10.238125
 21
-4.438581
 31
0.0
  0
LINE
  5
20F0
330
1F
100
AcDbEntity
  8
1
  6
CONTINUOUS
370
50
 62
4
100
AcDbLine
 10
7.425555999999999
 20
4.874457
 30
0.0
 11
7.859996
 21
4.881815
 31
0.0
  0
LINE
  5
20F1
330
1F
100
AcDbEntity
  8
1
  6
CONTINUOUS
370
50
 62
4
100
AcDbLine
 10
26.31864
 20
3.835525
 30
0.0
 11
26.32983
 21
3.835716
 31
0.0
  0
LINE
  5
20F2
330
1F
100
AcDbEntity
  8
1
  6
CONTINUOUS
370
50
 62
4
100
AcDbLine
 10
9.6
 20
0.587202
 30
0.0
 11
9.66666
 21
0.588361
 31
0.0
  0
LINE
  5
20F3
330
1F
100
AcDbEntity
  8
1
  6
CONTINUOUS
370
50
 62
4
100
AcDbLine
 10
10.0
 20
-4.442673
 30
0.0
 11
10.11906
 21
-4.440585
 31
0.0
  0
LINE
  5
20F4
330
1F
100
AcDbEntity
  8
1
  6
CONTINUOUS
370
50
 62
4
100
AcDbLine
 10
28.625
 20
-4.727357
 30
0.0
 11
28.651072
 21
-4.726865999999999
 31
0.0
  0
LINE
  5
20F5
330
1F
100
AcDbEntity
  8
1
  6
CONTINUOUS
370
50
 62
4
100
AcDbLine
 10
6.991308999999999
 20
4.866277
 30
0.0
 11
7.425555999999999
 21
4.874457
 31
0.0
  0
LINE
  5
20F6
330
1F
100
AcDbEntity
  8
1
  6
CONTINUOUS
370
50
 62
4
100
AcDbLine
 10
28.651072
 20
-4.726865999999999
 30
0.0
 11
28.677141
 21
-4.726370999999999
 31
0.0
  0
LINE
  5
20F7
330
1F
100
AcDbEntity
  8
1
  6
CONTINUOUS
370
50
 62
4
100
AcDbLine
 10
28.677141
 20
-4.726370999999999
 30
0.0
 11
28.703213
 21
-4.72587
 31
0.0
  0
LINE
  5
20F8
330
1F
100
AcDbEntity
  8
1
  6
CONTINUOUS
370
50
 62
4
100
AcDbLine
 10
28.703213
 20
-4.72587
 30
0.0
 11
28.729284
 21
-4.725364
 31
0.0
  0
LINE
  5
20F9
330
1F
100
AcDbEntity
  8
1
  6
CONTINUOUS
370
50
 62
4
100
AcDbLine
 10
28.729284
 20
-4.725364
 30
0.0
 11
28.755356
 21
-4.724853
 31
0.0
  0
LINE
  5
20FA
330
1F
100
AcDbEntity
  8
1
  6
CONTINUOUS
370
50
 62
4
100
AcDbLine
 10
28.755356
 20
-4.724853
 30
0.0
 11
28.781427
 21
-4.724336999999999
 31
0.0
  0
LINE
  5
20FB
330
1F
100
AcDbEntity
  8
1
  6
CONTINUOUS
370
50
 62
4
100
AcDbLine
 10
28.781427
 20
-4.724336999999999
 30
0.0
 11
28.807501
 21
-4.723815
 31
0.0
  0
LINE
  5
20FC
330
1F
100
AcDbEntity
  8
1
  6
CONTINUOUS
370
50
 62
4
100
AcDbLine
 10
35.5
 20
-3.949374
 30
0.0
 11
35.52607
 21
-3.948844
 31
0.0
  0
LINE
  5
20FD
330
1F
100
AcDbEntity
  8
1
  6
CONTINUOUS
370
50
 62
4
100
AcDbLine
 10
33.716534
 20
3.349082
 30
0.0
 11
34.786613
 21
3.370938
 31
0.0
  0
LINE
  5
20FE
330
1F
100
AcDbEntity
  8
1
  6
CONTINUOUS
370
50
 62
4
100
AcDbLine
 10
35.52607
 20
-3.948844
 30
0.0
 11
35.552143
 21
-3.948311
 31
0.0
  0
LINE
  5
20FF
330
1F
100
AcDbEntity
  8
1
  6
CONTINUOUS
370
50
 62
4
100
AcDbLine
 10
35.552143
 20
-3.948311
 30
0.0
 11
35.578213
 21
-3.947773
 31
0.0
  0
LINE
  5
2100
330
1F
100
AcDbEntity
  8
1
  6
CONTINUOUS
370
50
 62
4
100
AcDbLine
 10
35.578213
 20
-3.947773
 30
0.0
 11
35.604286
 21
-3.947231
 31
0.0
  0
LINE
  5
2101
330
1F
100
AcDbEntity
  8
1
  6
CONTINUOUS
370
50
 62
4
100
AcDbLine
 10
6.557239
 20
4.857235
 30
0.0
 11
6.991308999999999
 21
4.866277
 31
0.0
  0
LINE
  5
2102
330
1F
100
AcDbEntity
  8
1
  6
CONTINUOUS
370
50
 62
4
100
AcDbLine
 10
35.604286
 20
-3.947231
 30
0.0
 11
35.630356
 21
-3.946686
 31
0.0
  0
LINE
  5
2103
330
1F
100
AcDbEntity
  8
1
  6
CONTINUOUS
370
50
 62
4
100
AcDbLine
 10
35.630356
 20
-3.946686
 30
0.0
 11
35.656429
 21
-3.946136
 31
0.0
  0
LINE
  5
2104
330
1F
100
AcDbEntity
  8
1
  6
CONTINUOUS
370
50
 62
4
100
AcDbLine
 10
17.810282
 20
-0.502292
 30
0.0
 11
17.873508
 21
-0.5009549999999999
 31
0.0
  0
LINE
  5
2105
330
1F
100
AcDbEntity
  8
1
  6
CONTINUOUS
370
50
 62
4
100
AcDbLine
 10
35.656429
 20
-3.946136
 30
0.0
 11
35.682499
 21
-3.945582
 31
0.0
  0
LINE
  5
2106
330
1F
100
AcDbEntity
  8
1
  6
CONTINUOUS
370
50
 62
4
100
AcDbLine
 10
31.963394
 20
3.243614
 30
0.0
 11
31.978756
 21
3.243947
 31
0.0
  0
LINE
  5
2107
330
1F
100
AcDbEntity
  8
1
  6
CONTINUOUS
370
50
 62
4
100
AcDbLine
 10
9.164629999999999
 20
-4.550367
 30
0.0
 11
9.6
 21
-4.540918
 31
0.0
  0
LINE
  5
2108
330
1F
100
AcDbEntity
  8
1
  6
CONTINUOUS
370
50
 62
4
100
AcDbLine
 10
34.406429
 20
3.938177
 30
0.0
 11
34.432499
 21
3.938784
 31
0.0
  0
LINE
  5
2109
330
1F
100
AcDbEntity
  8
1
  6
CONTINUOUS
370
50
 62
4
100
AcDbLine
 10
27.6227
 20
3.694293
 30
0.0
 11
27.644817
 21
3.694809
 31
0.0
  0
LINE
  5
210A
330
1F
100
AcDbEntity
  8
1
  6
CONTINUOUS
370
50
 62
4
100
AcDbLine
 10
34.380356
 20
3.937567
 30
0.0
 11
34.406429
 21
3.938177
 31
0.0
  0
LINE
  5
210B
330
1F
100
AcDbEntity
  8
1
  6
CONTINUOUS
370
50
 62
4
100
AcDbLine
 10
35.031429
 20
4.711283
 30
0.0
 11
35.057499
 21
4.711895
 31
0.0
  0
LINE
  5
210C
330
1F
100
AcDbEntity
  8
1
  6
CONTINUOUS
370
50
 62
4
100
AcDbLine
 10
5.648991
 20
-5.000007
 30
0.0
 11
6.156924999999999
 21
-4.988015
 31
0.0
  0
LINE
  5
210D
330
1F
100
AcDbEntity
  8
1
  6
CONTINUOUS
370
50
 62
4
100
AcDbLine
 10
34.354286
 20
3.936951
 30
0.0
 11
34.380356
 21
3.937567
 31
0.0
  0
LINE
  5
210E
330
1F
100
AcDbEntity
  8
1
  6
CONTINUOUS
370
50
 62
4
100
AcDbLine
 10
35.005356
 20
4.710666
 30
0.0
 11
35.031429
 21
4.711283
 31
0.0
  0
LINE
  5
210F
330
1F
100
AcDbEntity
  8
1
  6
CONTINUOUS
370
50
 62
4
100
AcDbLine
 10
34.328213
 20
3.936332
 30
0.0
 11
34.354286
 21
3.936951
 31
0.0
  0
LINE
  5
2110
330
1F
100
AcDbEntity
  8
1
  6
CONTINUOUS
370
50
 62
4
100
AcDbLine
 10
6.456103
 20
4.854824
 30
0.0
 11
6.557239
 21
4.857235
 31
0.0
  0
LINE
  5
2111
330
1F
100
AcDbEntity
  8
1
  6
CONTINUOUS
370
50
 62
4
100
AcDbLine
 10
34.979286
 20
4.710044
 30
0.0
 11
35.005356
 21
4.710666
 31
0.0
  0
LINE
  5
2112
330
1F
100
AcDbEntity
  8
1
  6
CONTINUOUS
370
50
 62
4
100
AcDbLine
 10
34.302143
 20
3.935709
 30
0.0
 11
34.328213
 21
3.936332
 31
0.0
  0
LINE
  5
2113
330
1F
100
AcDbEntity
  8
1
  6
CONTINUOUS
370
50
 62
4
100
AcDbLine
 10
12.185433
 20
0.509613
 30
0.0
 11
12.248635
 21
0.511124
 31
0.0
  0
LINE
  5
2114
330
1F
100
AcDbEntity
  8
1
  6
CONTINUOUS
370
50
 62
4
100
AcDbLine
 10
34.953213
 20
4.709417999999999
 30
0.0
 11
34.979286
 21
4.710044
 31
0.0
  0
LINE
  5
2115
330
1F
100
AcDbEntity
  8
1
  6
CONTINUOUS
370
50
 62
4
100
AcDbLine
 10
34.27607
 20
3.935082
 30
0.0
 11
34.302143
 21
3.935709
 31
0.0
  0
LINE
  5
2116
330
1F
100
AcDbEntity
  8
1
  6
CONTINUOUS
370
50
 62
4
100
AcDbLine
 10
8.729517
 20
-4.56086
 30
0.0
 11
9.164629999999999
 21
-4.550367
 31
0.0
  0
LINE
  5
2117
330
1F
100
AcDbEntity
  8
1
  6
CONTINUOUS
370
50
 62
4
100
AcDbLine
 10
34.25
 20
3.93445
 30
0.0
 11
34.27607
 21
3.935082
 31
0.0
  0
LINE
  5
2118
330
1F
100
AcDbEntity
  8
1
  6
CONTINUOUS
370
50
 62
4
100
AcDbLine
 10
34.927143
 20
4.708786
 30
0.0
 11
34.953213
 21
4.709417999999999
 31
0.0
  0
LINE
  5
2119
330
1F
100
AcDbEntity
  8
1
  6
CONTINUOUS
370
50
 62
4
100
AcDbLine
 10
29.576012
 20
3.487458
 30
0.0
 11
29.610935
 21
3.488309
 31
0.0
  0
LINE
  5
211A
330
1F
100
AcDbEntity
  8
1
  6
CONTINUOUS
370
50
 62
4
100
AcDbLine
 10
34.90107
 20
4.708149
 30
0.0
 11
34.927143
 21
4.708786
 31
0.0
  0
LINE
  5
211B
330
1F
100
AcDbEntity
  8
1
  6
CONTINUOUS
370
50
 62
4
100
AcDbLine
 10
34.875
 20
4.707508
 30
0.0
 11
34.90107
 21
4.708149
 31
0.0
  0
LINE
  5
211C
330
1F
100
AcDbEntity
  8
1
  6
CONTINUOUS
370
50
 62
4
100
AcDbLine
 10
32.646454
 20
3.321235
 30
0.0
 11
33.716534
 21
3.349082
 31
0.0
  0
LINE
  5
211D
330
1F
100
AcDbEntity
  8
1
  6
CONTINUOUS
370
50
 62
4
100
AcDbLine
 10
8.294644
 20
-4.572337
 30
0.0
 11
8.729517
 21
-4.56086
 31
0.0
  0
LINE
  5
211E
330
1F
100
AcDbEntity
  8
1
  6
CONTINUOUS
370
50
 62
4
100
AcDbLine
 10
6.356661
 20
4.852042
 30
0.0
 11
6.456103
 21
4.854824
 31
0.0
  0
LINE
  5
211F
330
1F
100
AcDbEntity
  8
1
  6
CONTINUOUS
370
50
 62
4
100
AcDbLine
 10
29.875
 20
-4.698153
 30
0.0
 11
29.901072
 21
-4.697423
 31
0.0
  0
LINE
  5
2120
330
1F
100
AcDbEntity
  8
1
  6
CONTINUOUS
370
50
 62
4
100
AcDbLine
 10
29.901072
 20
-4.697423
 30
0.0
 11
29.927141
 21
-4.696686
 31
0.0
  0
LINE
  5
2121
330
1F
100
AcDbEntity
  8
1
  6
CONTINUOUS
370
50
 62
4
100
AcDbLine
 10
29.927141
 20
-4.696686
 30
0.0
 11
29.953213
 21
-4.695945
 31
0.0
  0
LINE
  5
2122
330
1F
100
AcDbEntity
  8
1
  6
CONTINUOUS
370
50
 62
4
100
AcDbLine
 10
7.859996
 20
-4.584735999999999
 30
0.0
 11
8.294644
 21
-4.572337
 31
0.0
  0
LINE
  5
2123
330
1F
100
AcDbEntity
  8
1
  6
CONTINUOUS
370
50
 62
4
100
AcDbLine
 10
29.953213
 20
-4.695945
 30
0.0
 11
29.979284
 21
-4.695199
 31
0.0
  0
LINE
  5
2124
330
1F
100
AcDbEntity
  8
1
  6
CONTINUOUS
370
50
 62
4
100
AcDbLine
 10
36.75
 20
-3.919198
 30
0.0
 11
36.776073
 21
-3.918451
 31
0.0
  0
LINE
  5
2125
330
1F
100
AcDbEntity
  8
1
  6
CONTINUOUS
370
50
 62
4
100
AcDbLine
 10
29.979284
 20
-4.695199
 30
0.0
 11
30.005356
 21
-4.694449
 31
0.0
  0
LINE
  5
2126
330
1F
100
AcDbEntity
  8
1
  6
CONTINUOUS
370
50
 62
4
100
AcDbLine
 10
36.776073
 20
-3.918451
 30
0.0
 11
36.802147
 21
-3.917699
 31
0.0
  0
LINE
  5
2127
330
1F
100
AcDbEntity
  8
1
  6
CONTINUOUS
370
50
 62
4
100
AcDbLine
 10
30.005356
 20
-4.694449
 30
0.0
 11
30.031427
 21
-4.693693
 31
0.0
  0
LINE
  5
2128
330
1F
100
AcDbEntity
  8
1
  6
CONTINUOUS
370
50
 62
4
100
AcDbLine
 10
36.802147
 20
-3.917699
 30
0.0
 11
36.82822
 21
-3.916942
 31
0.0
  0
LINE
  5
2129
330
1F
100
AcDbEntity
  8
1
  6
CONTINUOUS
370
50
 62
4
100
AcDbLine
 10
30.031427
 20
-4.693693
 30
0.0
 11
30.057501
 21
-4.692933
 31
0.0
  0
LINE
  5
212A
330
1F
100
AcDbEntity
  8
1
  6
CONTINUOUS
370
50
 62
4
100
AcDbLine
 10
36.82822
 20
-3.916942
 30
0.0
 11
36.85429
 21
-3.916179
 31
0.0
  0
LINE
  5
212B
330
1F
100
AcDbEntity
  8
1
  6
CONTINUOUS
370
50
 62
4
100
AcDbLine
 10
36.85429
 20
-3.916179
 30
0.0
 11
36.880363
 21
-3.915411
 31
0.0
  0
LINE
  5
212C
330
1F
100
AcDbEntity
  8
1
  6
CONTINUOUS
370
50
 62
4
100
AcDbLine
 10
36.880363
 20
-3.915411
 30
0.0
 11
36.906433
 21
-3.914637
 31
0.0
  0
LINE
  5
212D
330
1F
100
AcDbEntity
  8
1
  6
CONTINUOUS
370
50
 62
4
100
AcDbLine
 10
36.906433
 20
-3.914637
 30
0.0
 11
36.932499
 21
-3.913858
 31
0.0
  0
LINE
  5
212E
330
1F
100
AcDbEntity
  8
1
  6
CONTINUOUS
370
50
 62
4
100
AcDbLine
 10
17.873508
 20
-0.5009549999999999
 30
0.0
 11
17.936749
 21
-0.499053
 31
0.0
  0
LINE
  5
212F
330
1F
100
AcDbEntity
  8
1
  6
CONTINUOUS
370
50
 62
4
100
AcDbLine
 10
10.714461
 20
0.6192829999999999
 30
0.0
 11
10.833568
 21
0.622914
 31
0.0
  0
LINE
  5
2130
330
1F
100
AcDbEntity
  8
1
  6
CONTINUOUS
370
50
 62
4
100
AcDbLine
 10
7.425555999999999
 20
-4.597998
 30
0.0
 11
7.859996
 21
-4.584735999999999
 31
0.0
  0
LINE
  5
2131
330
1F
100
AcDbEntity
  8
1
  6
CONTINUOUS
370
50
 62
4
100
AcDbLine
 10
33.156429
 20
3.904267
 30
0.0
 11
33.182499
 21
3.905071
 31
0.0
  0
LINE
  5
2132
330
1F
100
AcDbEntity
  8
1
  6
CONTINUOUS
370
50
 62
4
100
AcDbLine
 10
33.130356
 20
3.903459
 30
0.0
 11
33.156429
 21
3.904267
 31
0.0
  0
LINE
  5
2133
330
1F
100
AcDbEntity
  8
1
  6
CONTINUOUS
370
50
 62
4
100
AcDbLine
 10
33.104286
 20
3.902647
 30
0.0
 11
33.130356
 21
3.903459
 31
0.0
  0
LINE
  5
2134
330
1F
100
AcDbEntity
  8
1
  6
CONTINUOUS
370
50
 62
4
100
AcDbLine
 10
33.078213
 20
3.90183
 30
0.0
 11
33.104286
 21
3.902647
 31
0.0
  0
LINE
  5
2135
330
1F
100
AcDbEntity
  8
1
  6
CONTINUOUS
370
50
 62
4
100
AcDbLine
 10
33.052143
 20
3.90101
 30
0.0
 11
33.078213
 21
3.90183
 31
0.0
  0
LINE
  5
2136
330
1F
100
AcDbEntity
  8
1
  6
CONTINUOUS
370
50
 62
4
100
AcDbLine
 10
33.02607
 20
3.900185
 30
0.0
 11
33.052143
 21
3.90101
 31
0.0
  0
LINE
  5
2137
330
1F
100
AcDbEntity
  8
1
  6
CONTINUOUS
370
50
 62
4
100
AcDbLine
 10
31.576374
 20
3.287316
 30
0.0
 11
32.646454
 21
3.321235
 31
0.0
  0
LINE
  5
2138
330
1F
100
AcDbEntity
  8
1
  6
CONTINUOUS
370
50
 62
4
100
AcDbLine
 10
33.0
 20
3.899356
 30
0.0
 11
33.02607
 21
3.900185
 31
0.0
  0
LINE
  5
2139
330
1F
100
AcDbEntity
  8
1
  6
CONTINUOUS
370
50
 62
4
100
AcDbLine
 10
10.595365
 20
0.615437
 30
0.0
 11
10.714461
 21
0.6192829999999999
 31
0.0
  0
LINE
  5
213A
330
1F
100
AcDbEntity
  8
1
  6
CONTINUOUS
370
50
 62
4
100
AcDbLine
 10
6.258975
 20
4.848884
 30
0.0
 11
6.356661
 21
4.852042
 31
0.0
  0
LINE
  5
213B
330
1F
100
AcDbEntity
  8
1
  6
CONTINUOUS
370
50
 62
4
100
AcDbLine
 10
6.991308999999999
 20
-4.612061
 30
0.0
 11
7.425555999999999
 21
-4.597998
 31
0.0
  0
LINE
  5
213C
330
1F
100
AcDbEntity
  8
1
  6
CONTINUOUS
370
50
 62
4
100
AcDbLine
 10
33.781429
 20
4.676207
 30
0.0
 11
33.807499
 21
4.677053
 31
0.0
  0
LINE
  5
213D
330
1F
100
AcDbEntity
  8
1
  6
CONTINUOUS
370
50
 62
4
100
AcDbLine
 10
33.755356
 20
4.675355
 30
0.0
 11
33.781429
 21
4.676207
 31
0.0
  0
LINE
  5
213E
330
1F
100
AcDbEntity
  8
1
  6
CONTINUOUS
370
50
 62
4
100
AcDbLine
 10
33.729286
 20
4.674499
 30
0.0
 11
33.755356
 21
4.675355
 31
0.0
  0
LINE
  5
213F
330
1F
100
AcDbEntity
  8
1
  6
CONTINUOUS
370
50
 62
4
100
AcDbLine
 10
33.703213
 20
4.673638
 30
0.0
 11
33.729286
 21
4.674499
 31
0.0
  0
LINE
  5
2140
330
1F
100
AcDbEntity
  8
1
  6
CONTINUOUS
370
50
 62
4
100
AcDbLine
 10
12.122219
 20
0.507523
 30
0.0
 11
12.185433
 21
0.509613
 31
0.0
  0
LINE
  5
2141
330
1F
100
AcDbEntity
  8
1
  6
CONTINUOUS
370
50
 62
4
100
AcDbLine
 10
33.677143
 20
4.672772
 30
0.0
 11
33.703213
 21
4.673638
 31
0.0
  0
LINE
  5
2142
330
1F
100
AcDbEntity
  8
1
  6
CONTINUOUS
370
50
 62
4
100
AcDbLine
 10
33.65107
 20
4.671901
 30
0.0
 11
33.677143
 21
4.672772
 31
0.0
  0
LINE
  5
2143
330
1F
100
AcDbEntity
  8
1
  6
CONTINUOUS
370
50
 62
4
100
AcDbLine
 10
33.625
 20
4.671025
 30
0.0
 11
33.65107
 21
4.671901
 31
0.0
  0
LINE
  5
2144
330
1F
100
AcDbEntity
  8
1
  6
CONTINUOUS
370
50
 62
4
100
AcDbLine
 10
10.476276
 20
0.611377
 30
0.0
 11
10.595365
 21
0.615437
 31
0.0
  0
LINE
  5
2145
330
1F
100
AcDbEntity
  8
1
  6
CONTINUOUS
370
50
 62
4
100
AcDbLine
 10
6.557239
 20
-4.626865
 30
0.0
 11
6.991308999999999
 21
-4.612061
 31
0.0
  0
LINE
  5
2146
330
1F
100
AcDbEntity
  8
1
  6
CONTINUOUS
370
50
 62
4
100
AcDbLine
 10
10.357197
 20
0.607104
 30
0.0
 11
10.476276
 21
0.611377
 31
0.0
  0
LINE
  5
2147
330
1F
100
AcDbEntity
  8
1
  6
CONTINUOUS
370
50
 62
4
100
AcDbLine
 10
31.125
 20
-4.657619
 30
0.0
 11
31.151072
 21
-4.656656
 31
0.0
  0
LINE
  5
2148
330
1F
100
AcDbEntity
  8
1
  6
CONTINUOUS
370
50
 62
4
100
AcDbLine
 10
6.163106
 20
4.845343
 30
0.0
 11
6.258975
 21
4.848884
 31
0.0
  0
LINE
  5
2149
330
1F
100
AcDbEntity
  8
1
  6
CONTINUOUS
370
50
 62
4
100
AcDbLine
 10
31.151072
 20
-4.656656
 30
0.0
 11
31.177141
 21
-4.655688
 31
0.0
  0
LINE
  5
214A
330
1F
100
AcDbEntity
  8
1
  6
CONTINUOUS
370
50
 62
4
100
AcDbLine
 10
31.177141
 20
-4.655688
 30
0.0
 11
31.203213
 21
-4.654714999999999
 31
0.0
  0
LINE
  5
214B
330
1F
100
AcDbEntity
  8
1
  6
CONTINUOUS
370
50
 62
4
100
AcDbLine
 10
31.203213
 20
-4.654714999999999
 30
0.0
 11
31.229284
 21
-4.653738
 31
0.0
  0
LINE
  5
214C
330
1F
100
AcDbEntity
  8
1
  6
CONTINUOUS
370
50
 62
4
100
AcDbLine
 10
10.238125
 20
0.602618
 30
0.0
 11
10.357197
 21
0.607104
 31
0.0
  0
LINE
  5
214D
330
1F
100
AcDbEntity
  8
1
  6
CONTINUOUS
370
50
 62
4
100
AcDbLine
 10
31.229284
 20
-4.653738
 30
0.0
 11
31.255356
 21
-4.652755
 31
0.0
  0
LINE
  5
214E
330
1F
100
AcDbEntity
  8
1
  6
CONTINUOUS
370
50
 62
4
100
AcDbLine
 10
31.255356
 20
-4.652755
 30
0.0
 11
31.281427
 21
-4.651768
 31
0.0
  0
LINE
  5
214F
330
1F
100
AcDbEntity
  8
1
  6
CONTINUOUS
370
50
 62
4
100
AcDbLine
 10
6.453004
 20
-4.630828
 30
0.0
 11
6.557239
 21
-4.626865
 31
0.0
  0
LINE
  5
2150
330
1F
100
AcDbEntity
  8
1
  6
CONTINUOUS
370
50
 62
4
100
AcDbLine
 10
31.281427
 20
-4.651768
 30
0.0
 11
31.307501
 21
-4.650774999999999
 31
0.0
  0
LINE
  5
2151
330
1F
100
AcDbEntity
  8
1
  6
CONTINUOUS
370
50
 62
4
100
AcDbLine
 10
31.906427
 20
3.860835
 30
0.0
 11
31.932501
 21
3.861839
 31
0.0
  0
LINE
  5
2152
330
1F
100
AcDbEntity
  8
1
  6
CONTINUOUS
370
50
 62
4
100
AcDbLine
 10
31.880356
 20
3.859827
 30
0.0
 11
31.906427
 21
3.860835
 31
0.0
  0
LINE
  5
2153
330
1F
100
AcDbEntity
  8
1
  6
CONTINUOUS
370
50
 62
4
100
AcDbLine
 10
31.854284
 20
3.858814
 30
0.0
 11
31.880356
 21
3.859827
 31
0.0
  0
LINE
  5
2154
330
1F
100
AcDbEntity
  8
1
  6
CONTINUOUS
370
50
 62
4
100
AcDbLine
 10
31.828213
 20
3.857797
 30
0.0
 11
31.854284
 21
3.858814
 31
0.0
  0
LINE
  5
2155
330
1F
100
AcDbEntity
  8
1
  6
CONTINUOUS
370
50
 62
4
100
AcDbLine
 10
17.936749
 20
-0.499053
 30
0.0
 11
18.0
 21
-0.496585
 31
0.0
  0
LINE
  5
2156
330
1F
100
AcDbEntity
  8
1
  6
CONTINUOUS
370
50
 62
4
100
AcDbLine
 10
31.802143
 20
3.856776
 30
0.0
 11
31.828213
 21
3.857797
 31
0.0
  0
LINE
  5
2157
330
1F
100
AcDbEntity
  8
1
  6
CONTINUOUS
370
50
 62
4
100
AcDbLine
 10
31.776072
 20
3.855751
 30
0.0
 11
31.802143
 21
3.856776
 31
0.0
  0
LINE
  5
2158
330
1F
100
AcDbEntity
  8
1
  6
CONTINUOUS
370
50
 62
4
100
AcDbLine
 10
10.11906
 20
0.59792
 30
0.0
 11
10.238125
 21
0.602618
 31
0.0
  0
LINE
  5
2159
330
1F
100
AcDbEntity
  8
1
  6
CONTINUOUS
370
50
 62
4
100
AcDbLine
 10
31.75
 20
3.854721
 30
0.0
 11
31.776072
 21
3.855751
 31
0.0
  0
LINE
  5
215A
330
1F
100
AcDbEntity
  8
1
  6
CONTINUOUS
370
50
 62
4
100
AcDbLine
 10
30.230501
 20
3.416826
 30
0.0
 11
30.275517
 21
3.41864
 31
0.0
  0
LINE
  5
215B
330
1F
100
AcDbEntity
  8
1
  6
CONTINUOUS
370
50
 62
4
100
AcDbLine
 10
10.0
 20
0.5930099999999999
 30
0.0
 11
10.11906
 21
0.59792
 31
0.0
  0
LINE
  5
215C
330
1F
100
AcDbEntity
  8
1
  6
CONTINUOUS
370
50
 62
4
100
AcDbLine
 10
32.531429
 20
4.629837999999999
 30
0.0
 11
32.557499
 21
4.630922
 31
0.0
  0
LINE
  5
215D
330
1F
100
AcDbEntity
  8
1
  6
CONTINUOUS
370
50
 62
4
100
AcDbLine
 10
32.505356
 20
4.62875
 30
0.0
 11
32.531429
 21
4.629837999999999
 31
0.0
  0
LINE
  5
215E
330
1F
100
AcDbEntity
  8
1
  6
CONTINUOUS
370
50
 62
4
100
AcDbLine
 10
6.069118
 20
4.841413
 30
0.0
 11
6.163106
 21
4.845343
 31
0.0
  0
LINE
  5
215F
330
1F
100
AcDbEntity
  8
1
  6
CONTINUOUS
370
50
 62
4
100
AcDbLine
 10
32.479286
 20
4.627657
 30
0.0
 11
32.505356
 21
4.62875
 31
0.0
  0
LINE
  5
2160
330
1F
100
AcDbEntity
  8
1
  6
CONTINUOUS
370
50
 62
4
100
AcDbLine
 10
32.453213
 20
4.626558
 30
0.0
 11
32.479286
 21
4.627657
 31
0.0
  0
LINE
  5
2161
330
1F
100
AcDbEntity
  8
1
  6
CONTINUOUS
370
50
 62
4
100
AcDbLine
 10
12.058992
 20
0.504857
 30
0.0
 11
12.122219
 21
0.507523
 31
0.0
  0
LINE
  5
2162
330
1F
100
AcDbEntity
  8
1
  6
CONTINUOUS
370
50
 62
4
100
AcDbLine
 10
32.427143
 20
4.625455
 30
0.0
 11
32.453213
 21
4.626558
 31
0.0
  0
LINE
  5
2163
330
1F
100
AcDbEntity
  8
1
  6
CONTINUOUS
370
50
 62
4
100
AcDbLine
 10
32.40107
 20
4.624347
 30
0.0
 11
32.427143
 21
4.625455
 31
0.0
  0
LINE
  5
2164
330
1F
100
AcDbEntity
  8
1
  6
CONTINUOUS
370
50
 62
4
100
AcDbLine
 10
32.375
 20
4.623233
 30
0.0
 11
32.40107
 21
4.624347
 31
0.0
  0
LINE
  5
2165
330
1F
100
AcDbEntity
  8
1
  6
CONTINUOUS
370
50
 62
4
100
AcDbLine
 10
6.350571
 20
-4.635359999999999
 30
0.0
 11
6.453004
 21
-4.630828
 31
0.0
  0
LINE
  5
2166
330
1F
100
AcDbEntity
  8
1
  6
CONTINUOUS
370
50
 62
4
100
AcDbLine
 10
32.375
 20
-4.6061
 30
0.0
 11
32.40107
 21
-4.604909999999999
 31
0.0
  0
LINE
  5
2167
330
1F
100
AcDbEntity
  8
1
  6
CONTINUOUS
370
50
 62
4
100
AcDbLine
 10
26.307501
 20
3.835015
 30
0.0
 11
26.31864
 21
3.835525
 31
0.0
  0
LINE
  5
2168
330
1F
100
AcDbEntity
  8
1
  6
CONTINUOUS
370
50
 62
4
100
AcDbLine
 10
32.40107
 20
-4.604909999999999
 30
0.0
 11
32.427143
 21
-4.603715999999999
 31
0.0
  0
LINE
  5
2169
330
1F
100
AcDbEntity
  8
1
  6
CONTINUOUS
370
50
 62
4
100
AcDbLine
 10
32.427143
 20
-4.603715999999999
 30
0.0
 11
32.453213
 21
-4.602517
 31
0.0
  0
LINE
  5
216A
330
1F
100
AcDbEntity
  8
1
  6
CONTINUOUS
370
50
 62
4
100
AcDbLine
 10
32.453213
 20
-4.602517
 30
0.0
 11
32.479286
 21
-4.601313
 31
0.0
  0
LINE
  5
216B
330
1F
100
AcDbEntity
  8
1
  6
CONTINUOUS
370
50
 62
4
100
AcDbLine
 10
32.479286
 20
-4.601313
 30
0.0
 11
32.505356
 21
-4.600105
 31
0.0
  0
LINE
  5
216C
330
1F
100
AcDbEntity
  8
1
  6
CONTINUOUS
370
50
 62
4
100
AcDbLine
 10
30.656427
 20
3.807703
 30
0.0
 11
30.682501
 21
3.808912
 31
0.0
  0
LINE
  5
216D
330
1F
100
AcDbEntity
  8
1
  6
CONTINUOUS
370
50
 62
4
100
AcDbLine
 10
30.759708
 20
3.36402
 30
0.0
 11
30.785109
 21
3.3652
 31
0.0
  0
LINE
  5
216E
330
1F
100
AcDbEntity
  8
1
  6
CONTINUOUS
370
50
 62
4
100
AcDbLine
 10
32.505356
 20
-4.600105
 30
0.0
 11
32.531429
 21
-4.598892
 31
0.0
  0
LINE
  5
216F
330
1F
100
AcDbEntity
  8
1
  6
CONTINUOUS
370
50
 62
4
100
AcDbLine
 10
30.630356
 20
3.80649
 30
0.0
 11
30.656427
 21
3.807703
 31
0.0
  0
LINE
  5
2170
330
1F
100
AcDbEntity
  8
1
  6
CONTINUOUS
370
50
 62
4
100
AcDbLine
 10
30.604284
 20
3.805273
 30
0.0
 11
30.630356
 21
3.80649
 31
0.0
  0
LINE
  5
2171
330
1F
100
AcDbEntity
  8
1
  6
CONTINUOUS
370
50
 62
4
100
AcDbLine
 10
32.531429
 20
-4.598892
 30
0.0
 11
32.557499
 21
-4.597675
 31
0.0
  0
LINE
  5
2172
330
1F
100
AcDbEntity
  8
1
  6
CONTINUOUS
370
50
 62
4
100
AcDbLine
 10
30.578213
 20
3.804051
 30
0.0
 11
30.604284
 21
3.805273
 31
0.0
  0
LINE
  5
2173
330
1F
100
AcDbEntity
  8
1
  6
CONTINUOUS
370
50
 62
4
100
AcDbLine
 10
5.977072
 20
4.837089
 30
0.0
 11
6.069118
 21
4.841413
 31
0.0
  0
LINE
  5
2174
330
1F
100
AcDbEntity
  8
1
  6
CONTINUOUS
370
50
 62
4
100
AcDbLine
 10
30.552143
 20
3.802825
 30
0.0
 11
30.578213
 21
3.804051
 31
0.0
  0
LINE
  5
2175
330
1F
100
AcDbEntity
  8
1
  6
CONTINUOUS
370
50
 62
4
100
AcDbLine
 10
30.526072
 20
3.801595
 30
0.0
 11
30.552143
 21
3.802825
 31
0.0
  0
LINE
  5
2176
330
1F
100
AcDbEntity
  8
1
  6
CONTINUOUS
370
50
 62
4
100
AcDbLine
 10
30.5
 20
3.80036
 30
0.0
 11
30.526072
 21
3.801595
 31
0.0
  0
LINE
  5
2177
330
1F
100
AcDbEntity
  8
1
  6
CONTINUOUS
370
50
 62
4
100
AcDbLine
 10
6.250007
 20
-4.640436
 30
0.0
 11
6.350571
 21
-4.635359999999999
 31
0.0
  0
LINE
  5
2178
330
1F
100
AcDbEntity
  8
1
  6
CONTINUOUS
370
50
 62
4
100
AcDbLine
 10
31.281427
 20
4.572011
 30
0.0
 11
31.307501
 21
4.573335999999999
 31
0.0
  0
LINE
  5
2179
330
1F
100
AcDbEntity
  8
1
  6
CONTINUOUS
370
50
 62
4
100
AcDbLine
 10
31.255356
 20
4.570681
 30
0.0
 11
31.281427
 21
4.572011
 31
0.0
  0
LINE
  5
217A
330
1F
100
AcDbEntity
  8
1
  6
CONTINUOUS
370
50
 62
4
100
AcDbLine
 10
31.229284
 20
4.569345999999999
 30
0.0
 11
31.255356
 21
4.570681
 31
0.0
  0
LINE
  5
217B
330
1F
100
AcDbEntity
  8
1
  6
CONTINUOUS
370
50
 62
4
100
AcDbLine
 10
11.995752
 20
0.501614
 30
0.0
 11
12.058992
 21
0.504857
 31
0.0
  0
LINE
  5
217C
330
1F
100
AcDbEntity
  8
1
  6
CONTINUOUS
370
50
 62
4
100
AcDbLine
 10
31.203213
 20
4.568007
 30
0.0
 11
31.229284
 21
4.569345999999999
 31
0.0
  0
LINE
  5
217D
330
1F
100
AcDbEntity
  8
1
  6
CONTINUOUS
370
50
 62
4
100
AcDbLine
 10
31.177141
 20
4.566661
 30
0.0
 11
31.203213
 21
4.568007
 31
0.0
  0
LINE
  5
217E
330
1F
100
AcDbEntity
  8
1
  6
CONTINUOUS
370
50
 62
4
100
AcDbLine
 10
9.164629999999999
 20
0.564685
 30
0.0
 11
9.6
 21
0.587208
 31
0.0
  0
LINE
  5
217F
330
1F
100
AcDbEntity
  8
1
  6
CONTINUOUS
370
50
 62
4
100
AcDbLine
 10
31.151072
 20
4.565310999999999
 30
0.0
 11
31.177141
 21
4.566661
 31
0.0
  0
LINE
  5
2180
330
1F
100
AcDbEntity
  8
1
  6
CONTINUOUS
370
50
 62
4
100
AcDbLine
 10
31.125
 20
4.563956
 30
0.0
 11
31.151072
 21
4.565310999999999
 31
0.0
  0
LINE
  5
2181
330
1F
100
AcDbEntity
  8
1
  6
CONTINUOUS
370
50
 62
4
100
AcDbLine
 10
5.887029999999999
 20
4.832364
 30
0.0
 11
5.977072
 21
4.837089
 31
0.0
  0
LINE
  5
2182
330
1F
100
AcDbEntity
  8
1
  6
CONTINUOUS
370
50
 62
4
100
AcDbLine
 10
33.625
 20
-4.543842
 30
0.0
 11
33.65107
 21
-4.54243
 31
0.0
  0
LINE
  5
2183
330
1F
100
AcDbEntity
  8
1
  6
CONTINUOUS
370
50
 62
4
100
AcDbLine
 10
33.65107
 20
-4.54243
 30
0.0
 11
33.677143
 21
-4.541014
 31
0.0
  0
LINE
  5
2184
330
1F
100
AcDbEntity
  8
1
  6
CONTINUOUS
370
50
 62
4
100
AcDbLine
 10
29.406427
 20
3.744632
 30
0.0
 11
29.432501
 21
3.746051
 31
0.0
  0
LINE
  5
2185
330
1F
100
AcDbEntity
  8
1
  6
CONTINUOUS
370
50
 62
4
100
AcDbLine
 10
33.677143
 20
-4.541014
 30
0.0
 11
33.703213
 21
-4.539593
 31
0.0
  0
LINE
  5
2186
330
1F
100
AcDbEntity
  8
1
  6
CONTINUOUS
370
50
 62
4
100
AcDbLine
 10
29.380356
 20
3.743209
 30
0.0
 11
29.406427
 21
3.744632
 31
0.0
  0
LINE
  5
2187
330
1F
100
AcDbEntity
  8
1
  6
CONTINUOUS
370
50
 62
4
100
AcDbLine
 10
33.703213
 20
-4.539593
 30
0.0
 11
33.729286
 21
-4.538168
 31
0.0
  0
LINE
  5
2188
330
1F
100
AcDbEntity
  8
1
  6
CONTINUOUS
370
50
 62
4
100
AcDbLine
 10
29.354284
 20
3.741781
 30
0.0
 11
29.380356
 21
3.743209
 31
0.0
  0
LINE
  5
2189
330
1F
100
AcDbEntity
  8
1
  6
CONTINUOUS
370
50
 62
4
100
AcDbLine
 10
33.729286
 20
-4.538168
 30
0.0
 11
33.755356
 21
-4.536738
 31
0.0
  0
LINE
  5
218A
330
1F
100
AcDbEntity
  8
1
  6
CONTINUOUS
370
50
 62
4
100
AcDbLine
 10
29.328213
 20
3.740349
 30
0.0
 11
29.354284
 21
3.741781
 31
0.0
  0
LINE
  5
218B
330
1F
100
AcDbEntity
  8
1
  6
CONTINUOUS
370
50
 62
4
100
AcDbLine
 10
33.755356
 20
-4.536738
 30
0.0
 11
33.781429
 21
-4.535304
 31
0.0
  0
LINE
  5
218C
330
1F
100
AcDbEntity
  8
1
  6
CONTINUOUS
370
50
 62
4
100
AcDbLine
 10
29.302141
 20
3.738912
 30
0.0
 11
29.328213
 21
3.740349
 31
0.0
  0
LINE
  5
218D
330
1F
100
AcDbEntity
  8
1
  6
CONTINUOUS
370
50
 62
4
100
AcDbLine
 10
33.781429
 20
-4.535304
 30
0.0
 11
33.807499
 21
-4.533863999999999
 31
0.0
  0
LINE
  5
218E
330
1F
100
AcDbEntity
  8
1
  6
CONTINUOUS
370
50
 62
4
100
AcDbLine
 10
29.276072
 20
3.737471
 30
0.0
 11
29.302141
 21
3.738912
 31
0.0
  0
LINE
  5
218F
330
1F
100
AcDbEntity
  8
1
  6
CONTINUOUS
370
50
 62
4
100
AcDbLine
 10
29.25
 20
3.736026
 30
0.0
 11
29.276072
 21
3.737471
 31
0.0
  0
LINE
  5
2190
330
1F
100
AcDbEntity
  8
1
  6
CONTINUOUS
370
50
 62
4
100
AcDbLine
 10
31.947975
 20
3.24275
 30
0.0
 11
31.963394
 21
3.243614
 31
0.0
  0
LINE
  5
2191
330
1F
100
AcDbEntity
  8
1
  6
CONTINUOUS
370
50
 62
4
100
AcDbLine
 10
6.151381
 20
-4.646029
 30
0.0
 11
6.250007
 21
-4.640436
 31
0.0
  0
LINE
  5
2192
330
1F
100
AcDbEntity
  8
1
  6
CONTINUOUS
370
50
 62
4
100
AcDbLine
 10
8.729517
 20
0.539401
 30
0.0
 11
9.164629999999999
 21
0.564685
 31
0.0
  0
LINE
  5
2193
330
1F
100
AcDbEntity
  8
1
  6
CONTINUOUS
370
50
 62
4
100
AcDbLine
 10
5.799055
 20
4.827232
 30
0.0
 11
5.887029999999999
 21
4.832364
 31
0.0
  0
LINE
  5
2194
330
1F
100
AcDbEntity
  8
1
  6
CONTINUOUS
370
50
 62
4
100
AcDbLine
 10
30.031427
 20
4.502481
 30
0.0
 11
30.057501
 21
4.504053
 31
0.0
  0
LINE
  5
2195
330
1F
100
AcDbEntity
  8
1
  6
CONTINUOUS
370
50
 62
4
100
AcDbLine
 10
11.9325
 20
0.497795
 30
0.0
 11
11.995752
 21
0.501614
 31
0.0
  0
LINE
  5
2196
330
1F
100
AcDbEntity
  8
1
  6
CONTINUOUS
370
50
 62
4
100
AcDbLine
 10
30.005356
 20
4.500904
 30
0.0
 11
30.031427
 21
4.502481
 31
0.0
  0
LINE
  5
2197
330
1F
100
AcDbEntity
  8
1
  6
CONTINUOUS
370
50
 62
4
100
AcDbLine
 10
29.979284
 20
4.499321
 30
0.0
 11
30.005356
 21
4.500904
 31
0.0
  0
LINE
  5
2198
330
1F
100
AcDbEntity
  8
1
  6
CONTINUOUS
370
50
 62
4
100
AcDbLine
 10
29.953213
 20
4.497735
 30
0.0
 11
29.979284
 21
4.499321
 31
0.0
  0
LINE
  5
2199
330
1F
100
AcDbEntity
  8
1
  6
CONTINUOUS
370
50
 62
4
100
AcDbLine
 10
29.927141
 20
4.496142
 30
0.0
 11
29.953213
 21
4.497735
 31
0.0
  0
LINE
  5
219A
330
1F
100
AcDbEntity
  8
1
  6
CONTINUOUS
370
50
 62
4
100
AcDbLine
 10
29.901072
 20
4.494543999999999
 30
0.0
 11
29.927141
 21
4.496142
 31
0.0
  0
LINE
  5
219B
330
1F
100
AcDbEntity
  8
1
  6
CONTINUOUS
370
50
 62
4
100
AcDbLine
 10
29.875
 20
4.492941
 30
0.0
 11
29.901072
 21
4.494543999999999
 31
0.0
  0
LINE
  5
219C
330
1F
100
AcDbEntity
  8
1
  6
CONTINUOUS
370
50
 62
4
100
AcDbLine
 10
34.875
 20
-4.471
 30
0.0
 11
34.90107
 21
-4.469368999999999
 31
0.0
  0
LINE
  5
219D
330
1F
100
AcDbEntity
  8
1
  6
CONTINUOUS
370
50
 62
4
100
AcDbLine
 10
28.156427
 20
3.671332
 30
0.0
 11
28.182501
 21
3.672968
 31
0.0
  0
LINE
  5
219E
330
1F
100
AcDbEntity
  8
1
  6
CONTINUOUS
370
50
 62
4
100
AcDbLine
 10
34.90107
 20
-4.469368999999999
 30
0.0
 11
34.927143
 21
-4.467733
 31
0.0
  0
LINE
  5
219F
330
1F
100
AcDbEntity
  8
1
  6
CONTINUOUS
370
50
 62
4
100
AcDbLine
 10
28.130356
 20
3.669692
 30
0.0
 11
28.156427
 21
3.671332
 31
0.0
  0
LINE
  5
21A0
330
1F
100
AcDbEntity
  8
1
  6
CONTINUOUS
370
50
 62
4
100
AcDbLine
 10
34.927143
 20
-4.467733
 30
0.0
 11
34.953213
 21
-4.466093
 31
0.0
  0
LINE
  5
21A1
330
1F
100
AcDbEntity
  8
1
  6
CONTINUOUS
370
50
 62
4
100
AcDbLine
 10
6.054761999999999
 20
-4.652114
 30
0.0
 11
6.151381
 21
-4.646029
 31
0.0
  0
LINE
  5
21A2
330
1F
100
AcDbEntity
  8
1
  6
CONTINUOUS
370
50
 62
4
100
AcDbLine
 10
28.366791
 20
3.610454
 30
0.0
 11
28.411228
 21
3.613255
 31
0.0
  0
LINE
  5
21A3
330
1F
100
AcDbEntity
  8
1
  6
CONTINUOUS
370
50
 62
4
100
AcDbLine
 10
28.104284
 20
3.668048
 30
0.0
 11
28.130356
 21
3.669692
 31
0.0
  0
LINE
  5
21A4
330
1F
100
AcDbEntity
  8
1
  6
CONTINUOUS
370
50
 62
4
100
AcDbLine
 10
34.953213
 20
-4.466093
 30
0.0
 11
34.979286
 21
-4.464447
 31
0.0
  0
LINE
  5
21A5
330
1F
100
AcDbEntity
  8
1
  6
CONTINUOUS
370
50
 62
4
100
AcDbLine
 10
28.078213
 20
3.666399
 30
0.0
 11
28.104284
 21
3.668048
 31
0.0
  0
LINE
  5
21A6
330
1F
100
AcDbEntity
  8
1
  6
CONTINUOUS
370
50
 62
4
100
AcDbLine
 10
34.979286
 20
-4.464447
 30
0.0
 11
35.005356
 21
-4.462797999999999
 31
0.0
  0
LINE
  5
21A7
330
1F
100
AcDbEntity
  8
1
  6
CONTINUOUS
370
50
 62
4
100
AcDbLine
 10
35.005356
 20
-4.462797999999999
 30
0.0
 11
35.031429
 21
-4.461144
 31
0.0
  0
LINE
  5
21A8
330
1F
100
AcDbEntity
  8
1
  6
CONTINUOUS
370
50
 62
4
100
AcDbLine
 10
28.052141
 20
3.664745
 30
0.0
 11
28.078213
 21
3.666399
 31
0.0
  0
LINE
  5
21A9
330
1F
100
AcDbEntity
  8
1
  6
CONTINUOUS
370
50
 62
4
100
AcDbLine
 10
35.031429
 20
-4.461144
 30
0.0
 11
35.057499
 21
-4.459485
 31
0.0
  0
LINE
  5
21AA
330
1F
100
AcDbEntity
  8
1
  6
CONTINUOUS
370
50
 62
4
100
AcDbLine
 10
28.026072
 20
3.663086
 30
0.0
 11
28.052141
 21
3.664745
 31
0.0
  0
LINE
  5
21AB
330
1F
100
AcDbEntity
  8
1
  6
CONTINUOUS
370
50
 62
4
100
AcDbLine
 10
28.0
 20
3.661423
 30
0.0
 11
28.026072
 21
3.663086
 31
0.0
  0
LINE
  5
21AC
330
1F
100
AcDbEntity
  8
1
  6
CONTINUOUS
370
50
 62
4
100
AcDbLine
 10
8.294644
 20
0.511389
 30
0.0
 11
8.729517
 21
0.539401
 31
0.0
  0
LINE
  5
21AD
330
1F
100
AcDbEntity
  8
1
  6
CONTINUOUS
370
50
 62
4
100
AcDbLine
 10
5.713208
 20
4.821687
 30
0.0
 11
5.799055
 21
4.827232
 31
0.0
  0
LINE
  5
21AE
330
1F
100
AcDbEntity
  8
1
  6
CONTINUOUS
370
50
 62
4
100
AcDbLine
 10
11.75
 20
-3.635332
 30
0.0
 11
11.750334
 21
-3.63531
 31
0.0
  0
LINE
  5
21AF
330
1F
100
AcDbEntity
  8
1
  6
CONTINUOUS
370
50
 62
4
100
AcDbLine
 10
11.7505
 20
-3.635299
 30
0.0
 11
11.750667
 21
-3.635288
 31
0.0
  0
LINE
  5
21B0
330
1F
100
AcDbEntity
  8
1
  6
CONTINUOUS
370
50
 62
4
100
AcDbLine
 10
11.750334
 20
-3.63531
 30
0.0
 11
11.7505
 21
-3.635299
 31
0.0
  0
LINE
  5
21B1
330
1F
100
AcDbEntity
  8
1
  6
CONTINUOUS
370
50
 62
4
100
AcDbLine
 10
11.750834
 20
-3.635276
 30
0.0
 11
11.751
 21
-3.635265
 31
0.0
  0
LINE
  5
21B2
330
1F
100
AcDbEntity
  8
1
  6
CONTINUOUS
370
50
 62
4
100
AcDbLine
 10
11.751
 20
-3.635307
 30
0.0
 11
11.776929
 21
-3.633567
 31
0.0
  0
LINE
  5
21B3
330
1F
100
AcDbEntity
  8
1
  6
CONTINUOUS
370
50
 62
4
100
AcDbLine
 10
11.776929
 20
-3.633567
 30
0.0
 11
11.802858
 21
-3.631823
 31
0.0
  0
LINE
  5
21B4
330
1F
100
AcDbEntity
  8
1
  6
CONTINUOUS
370
50
 62
4
100
AcDbLine
 10
11.802858
 20
-3.631823
 30
0.0
 11
11.828787
 21
-3.630074
 31
0.0
  0
LINE
  5
21B5
330
1F
100
AcDbEntity
  8
1
  6
CONTINUOUS
370
50
 62
4
100
AcDbLine
 10
11.828787
 20
-3.630074
 30
0.0
 11
11.854715
 21
-3.62832
 31
0.0
  0
LINE
  5
21B6
330
1F
100
AcDbEntity
  8
1
  6
CONTINUOUS
370
50
 62
4
100
AcDbLine
 10
11.854715
 20
-3.62832
 30
0.0
 11
11.880644
 21
-3.626562
 31
0.0
  0
LINE
  5
21B7
330
1F
100
AcDbEntity
  8
1
  6
CONTINUOUS
370
50
 62
4
100
AcDbLine
 10
11.880644
 20
-3.626562
 30
0.0
 11
11.906572
 21
-3.624799
 31
0.0
  0
LINE
  5
21B8
330
1F
100
AcDbEntity
  8
1
  6
CONTINUOUS
370
50
 62
4
100
AcDbLine
 10
11.906572
 20
-3.624799
 30
0.0
 11
11.9325
 21
-3.623032
 31
0.0
  0
LINE
  5
21B9
330
1F
100
AcDbEntity
  8
1
  6
CONTINUOUS
370
50
 62
4
100
AcDbLine
 10
5.960217999999999
 20
-4.658666
 30
0.0
 11
6.054761999999999
 21
-4.652114
 31
0.0
  0
LINE
  5
21BA
330
1F
100
AcDbEntity
  8
1
  6
CONTINUOUS
370
50
 62
4
100
AcDbLine
 10
28.781427
 20
4.42094
 30
0.0
 11
28.807501
 21
4.422766
 31
0.0
  0
LINE
  5
21BB
330
1F
100
AcDbEntity
  8
1
  6
CONTINUOUS
370
50
 62
4
100
AcDbLine
 10
28.755356
 20
4.419109
 30
0.0
 11
28.781427
 21
4.42094
 31
0.0
  0
LINE
  5
21BC
330
1F
100
AcDbEntity
  8
1
  6
CONTINUOUS
370
50
 62
4
100
AcDbLine
 10
28.729284
 20
4.417272
 30
0.0
 11
28.755356
 21
4.419109
 31
0.0
  0
LINE
  5
21BD
330
1F
100
AcDbEntity
  8
1
  6
CONTINUOUS
370
50
 62
4
100
AcDbLine
 10
28.703213
 20
4.415431
 30
0.0
 11
28.729284
 21
4.417272
 31
0.0
  0
LINE
  5
21BE
330
1F
100
AcDbEntity
  8
1
  6
CONTINUOUS
370
50
 62
4
100
AcDbLine
 10
7.859996
 20
0.480684
 30
0.0
 11
8.294644
 21
0.511389
 31
0.0
  0
LINE
  5
21BF
330
1F
100
AcDbEntity
  8
1
  6
CONTINUOUS
370
50
 62
4
100
AcDbLine
 10
28.677141
 20
4.413583
 30
0.0
 11
28.703213
 21
4.415431
 31
0.0
  0
LINE
  5
21C0
330
1F
100
AcDbEntity
  8
1
  6
CONTINUOUS
370
50
 62
4
100
AcDbLine
 10
36.125
 20
-4.387639
 30
0.0
 11
36.149483
 21
-4.385901
 31
0.0
  0
LINE
  5
21C1
330
1F
100
AcDbEntity
  8
1
  6
CONTINUOUS
370
50
 62
4
100
AcDbLine
 10
28.651072
 20
4.411731
 30
0.0
 11
28.677141
 21
4.413583
 31
0.0
  0
LINE
  5
21C2
330
1F
100
AcDbEntity
  8
1
  6
CONTINUOUS
370
50
 62
4
100
AcDbLine
 10
36.149483
 20
-4.385901
 30
0.0
 11
36.174534
 21
-4.384119
 31
0.0
  0
LINE
  5
21C3
330
1F
100
AcDbEntity
  8
1
  6
CONTINUOUS
370
50
 62
4
100
AcDbLine
 10
28.625
 20
4.409873
 30
0.0
 11
28.651072
 21
4.411731
 31
0.0
  0
LINE
  5
21C4
330
1F
100
AcDbEntity
  8
1
  6
CONTINUOUS
370
50
 62
4
100
AcDbLine
 10
5.629553
 20
4.815723
 30
0.0
 11
5.713208
 21
4.821687
 31
0.0
  0
LINE
  5
21C5
330
1F
100
AcDbEntity
  8
1
  6
CONTINUOUS
370
50
 62
4
100
AcDbLine
 10
36.174534
 20
-4.384119
 30
0.0
 11
36.20013
 21
-4.382292
 31
0.0
  0
LINE
  5
21C6
330
1F
100
AcDbEntity
  8
1
  6
CONTINUOUS
370
50
 62
4
100
AcDbLine
 10
36.20013
 20
-4.382292
 30
0.0
 11
36.226246
 21
-4.380423
 31
0.0
  0
LINE
  5
21C7
330
1F
100
AcDbEntity
  8
1
  6
CONTINUOUS
370
50
 62
4
100
AcDbLine
 10
36.226246
 20
-4.380423
 30
0.0
 11
36.252861
 21
-4.378511
 31
0.0
  0
LINE
  5
21C8
330
1F
100
AcDbEntity
  8
1
  6
CONTINUOUS
370
50
 62
4
100
AcDbLine
 10
11.750667
 20
-3.635288
 30
0.0
 11
11.750834
 21
-3.635276
 31
0.0
  0
LINE
  5
21C9
330
1F
100
AcDbEntity
  8
1
  6
CONTINUOUS
370
50
 62
4
100
AcDbLine
 10
36.252861
 20
-4.378511
 30
0.0
 11
36.279953
 21
-4.376557
 31
0.0
  0
LINE
  5
21CA
330
1F
100
AcDbEntity
  8
1
  6
CONTINUOUS
370
50
 62
4
100
AcDbLine
 10
36.279953
 20
-4.376557
 30
0.0
 11
36.307499
 21
-4.374563
 31
0.0
  0
LINE
  5
21CB
330
1F
100
AcDbEntity
  8
1
  6
CONTINUOUS
370
50
 62
4
100
AcDbLine
 10
31.523918
 20
3.27943
 30
0.0
 11
31.580603
 21
3.28355
 31
0.0
  0
LINE
  5
21CC
330
1F
100
AcDbEntity
  8
1
  6
CONTINUOUS
370
50
 62
4
100
AcDbLine
 10
6.156924999999999
 20
-4.988015
 30
0.0
 11
6.663936
 21
-4.950765
 31
0.0
  0
LINE
  5
21CD
330
1F
100
AcDbEntity
  8
1
  6
CONTINUOUS
370
50
 62
4
100
AcDbLine
 10
18.807501
 20
-0.7413989999999999
 30
0.0
 11
18.870676
 21
-0.736702
 31
0.0
  0
LINE
  5
21CE
330
1F
100
AcDbEntity
  8
1
  6
CONTINUOUS
370
50
 62
4
100
AcDbLine
 10
5.867815999999999
 20
-4.665659
 30
0.0
 11
5.960217999999999
 21
-4.658666
 31
0.0
  0
LINE
  5
21CF
330
1F
100
AcDbEntity
  8
1
  6
CONTINUOUS
370
50
 62
4
100
AcDbLine
 10
7.425555999999999
 20
0.44732
 30
0.0
 11
7.859996
 21
0.480684
 31
0.0
  0
LINE
  5
21D0
330
1F
100
AcDbEntity
  8
1
  6
CONTINUOUS
370
50
 62
4
100
AcDbLine
 10
27.600775
 20
3.6926
 30
0.0
 11
27.6227
 21
3.694293
 31
0.0
  0
LINE
  5
21D1
330
1F
100
AcDbEntity
  8
1
  6
CONTINUOUS
370
50
 62
4
100
AcDbLine
 10
5.548151
 20
4.809334
 30
0.0
 11
5.629553
 21
4.815723
 31
0.0
  0
LINE
  5
21D2
330
1F
100
AcDbEntity
  8
1
  6
CONTINUOUS
370
50
 62
4
100
AcDbLine
 10
27.531427
 20
4.32703
 30
0.0
 11
27.557501
 21
4.329117
 31
0.0
  0
LINE
  5
21D3
330
1F
100
AcDbEntity
  8
1
  6
CONTINUOUS
370
50
 62
4
100
AcDbLine
 10
27.505356
 20
4.324936
 30
0.0
 11
27.531427
 21
4.32703
 31
0.0
  0
LINE
  5
21D4
330
1F
100
AcDbEntity
  8
1
  6
CONTINUOUS
370
50
 62
4
100
AcDbLine
 10
27.479284
 20
4.322837
 30
0.0
 11
27.505356
 21
4.324936
 31
0.0
  0
LINE
  5
21D5
330
1F
100
AcDbEntity
  8
1
  6
CONTINUOUS
370
50
 62
4
100
AcDbLine
 10
27.453213
 20
4.320733
 30
0.0
 11
27.479284
 21
4.322837
 31
0.0
  0
LINE
  5
21D6
330
1F
100
AcDbEntity
  8
1
  6
CONTINUOUS
370
50
 62
4
100
AcDbLine
 10
27.427141
 20
4.318624
 30
0.0
 11
27.453213
 21
4.320733
 31
0.0
  0
LINE
  5
21D7
330
1F
100
AcDbEntity
  8
1
  6
CONTINUOUS
370
50
 62
4
100
AcDbLine
 10
27.40107
 20
4.316508
 30
0.0
 11
27.427141
 21
4.318624
 31
0.0
  0
LINE
  5
21D8
330
1F
100
AcDbEntity
  8
1
  6
CONTINUOUS
370
50
 62
4
100
AcDbLine
 10
27.375
 20
4.314387
 30
0.0
 11
27.40107
 21
4.316508
 31
0.0
  0
LINE
  5
21D9
330
1F
100
AcDbEntity
  8
1
  6
CONTINUOUS
370
50
 62
4
100
AcDbLine
 10
5.777625
 20
-4.673067
 30
0.0
 11
5.867815999999999
 21
-4.665659
 31
0.0
  0
LINE
  5
21DA
330
1F
100
AcDbEntity
  8
1
  6
CONTINUOUS
370
50
 62
4
100
AcDbLine
 10
6.991308999999999
 20
0.411329
 30
0.0
 11
7.425555999999999
 21
0.44732
 31
0.0
  0
LINE
  5
21DB
330
1F
100
AcDbEntity
  8
1
  6
CONTINUOUS
370
50
 62
4
100
AcDbLine
 10
18.870676
 20
-0.736702
 30
0.0
 11
18.933865
 21
-0.731443
 31
0.0
  0
LINE
  5
21DC
330
1F
100
AcDbEntity
  8
1
  6
CONTINUOUS
370
50
 62
4
100
AcDbLine
 10
28.904373
 20
3.552559
 30
0.0
 11
28.937496
 21
3.555317
 31
0.0
  0
LINE
  5
21DD
330
1F
100
AcDbEntity
  8
1
  6
CONTINUOUS
370
50
 62
4
100
AcDbLine
 10
37.375
 20
-4.290964
 30
0.0
 11
37.401077
 21
-4.288761
 31
0.0
  0
LINE
  5
21DE
330
1F
100
AcDbEntity
  8
1
  6
CONTINUOUS
370
50
 62
4
100
AcDbLine
 10
37.401077
 20
-4.288761
 30
0.0
 11
37.42715099999999
 21
-4.28655
 31
0.0
  0
LINE
  5
21DF
330
1F
100
AcDbEntity
  8
1
  6
CONTINUOUS
370
50
 62
4
100
AcDbLine
 10
37.42715099999999
 20
-4.28655
 30
0.0
 11
37.453224
 21
-4.284331
 31
0.0
  0
LINE
  5
21E0
330
1F
100
AcDbEntity
  8
1
  6
CONTINUOUS
370
50
 62
4
100
AcDbLine
 10
37.453224
 20
-4.284331
 30
0.0
 11
37.479294
 21
-4.282103999999999
 31
0.0
  0
LINE
  5
21E1
330
1F
100
AcDbEntity
  8
1
  6
CONTINUOUS
370
50
 62
4
100
AcDbLine
 10
37.479294
 20
-4.282103999999999
 30
0.0
 11
37.505363
 21
-4.27987
 31
0.0
  0
LINE
  5
21E2
330
1F
100
AcDbEntity
  8
1
  6
CONTINUOUS
370
50
 62
4
100
AcDbLine
 10
37.505363
 20
-4.27987
 30
0.0
 11
37.531433
 21
-4.277627
 31
0.0
  0
LINE
  5
21E3
330
1F
100
AcDbEntity
  8
1
  6
CONTINUOUS
370
50
 62
4
100
AcDbLine
 10
5.469078
 20
4.802515
 30
0.0
 11
5.548151
 21
4.809334
 31
0.0
  0
LINE
  5
21E4
330
1F
100
AcDbEntity
  8
1
  6
CONTINUOUS
370
50
 62
4
100
AcDbLine
 10
37.531433
 20
-4.277627
 30
0.0
 11
37.557499
 21
-4.275374999999999
 31
0.0
  0
LINE
  5
21E5
330
1F
100
AcDbEntity
  8
1
  6
CONTINUOUS
370
50
 62
4
100
AcDbLine
 10
5.689712
 20
-4.680864
 30
0.0
 11
5.777625
 21
-4.673067
 31
0.0
  0
LINE
  5
21E6
330
1F
100
AcDbEntity
  8
1
  6
CONTINUOUS
370
50
 62
4
100
AcDbLine
 10
6.557239
 20
0.372747
 30
0.0
 11
6.991308999999999
 21
0.411329
 31
0.0
  0
LINE
  5
21E7
330
1F
100
AcDbEntity
  8
1
  6
CONTINUOUS
370
50
 62
4
100
AcDbLine
 10
31.932499
 20
3.241354
 30
0.0
 11
31.947975
 21
3.24275
 31
0.0
  0
LINE
  5
21E8
330
1F
100
AcDbEntity
  8
1
  6
CONTINUOUS
370
50
 62
4
100
AcDbLine
 10
26.281427
 20
4.220359999999999
 30
0.0
 11
26.307501
 21
4.222718
 31
0.0
  0
LINE
  5
21E9
330
1F
100
AcDbEntity
  8
1
  6
CONTINUOUS
370
50
 62
4
100
AcDbLine
 10
26.255356
 20
4.217995999999999
 30
0.0
 11
26.281427
 21
4.220359999999999
 31
0.0
  0
LINE
  5
21EA
330
1F
100
AcDbEntity
  8
1
  6
CONTINUOUS
370
50
 62
4
100
AcDbLine
 10
26.229284
 20
4.215627
 30
0.0
 11
26.255356
 21
4.217995999999999
 31
0.0
  0
LINE
  5
21EB
330
1F
100
AcDbEntity
  8
1
  6
CONTINUOUS
370
50
 62
4
100
AcDbLine
 10
26.203213
 20
4.213252
 30
0.0
 11
26.229284
 21
4.215627
 31
0.0
  0
LINE
  5
21EC
330
1F
100
AcDbEntity
  8
1
  6
CONTINUOUS
370
50
 62
4
100
AcDbLine
 10
26.177141
 20
4.210871
 30
0.0
 11
26.203213
 21
4.213252
 31
0.0
  0
LINE
  5
21ED
330
1F
100
AcDbEntity
  8
1
  6
CONTINUOUS
370
50
 62
4
100
AcDbLine
 10
26.15107
 20
4.208485
 30
0.0
 11
26.177141
 21
4.210871
 31
0.0
  0
LINE
  5
21EE
330
1F
100
AcDbEntity
  8
1
  6
CONTINUOUS
370
50
 62
4
100
AcDbLine
 10
26.125
 20
4.206093
 30
0.0
 11
26.15107
 21
4.208485
 31
0.0
  0
LINE
  5
21EF
330
1F
100
AcDbEntity
  8
1
  6
CONTINUOUS
370
50
 62
4
100
AcDbLine
 10
18.933865
 20
-0.731443
 30
0.0
 11
18.997066
 21
-0.725623
 31
0.0
  0
LINE
  5
21F0
330
1F
100
AcDbEntity
  8
1
  6
CONTINUOUS
370
50
 62
4
100
AcDbLine
 10
5.392588
 20
4.795267
 30
0.0
 11
5.469078
 21
4.802515
 31
0.0
  0
LINE
  5
21F1
330
1F
100
AcDbEntity
  8
1
  6
CONTINUOUS
370
50
 62
4
100
AcDbLine
 10
5.604146
 20
-4.689025
 30
0.0
 11
5.689712
 21
-4.680864
 31
0.0
  0
LINE
  5
21F2
330
1F
100
AcDbEntity
  8
1
  6
CONTINUOUS
370
50
 62
4
100
AcDbLine
 10
18.997066
 20
-0.725623
 30
0.0
 11
19.060282
 21
-0.71924
 31
0.0
  0
LINE
  5
21F3
330
1F
100
AcDbEntity
  8
1
  6
CONTINUOUS
370
50
 62
4
100
AcDbLine
 10
25.031324
 20
4.100523
 30
0.0
 11
25.057501
 21
4.10317
 31
0.0
  0
LINE
  5
21F4
330
1F
100
AcDbEntity
  8
1
  6
CONTINUOUS
370
50
 62
4
100
AcDbLine
 10
25.005184
 20
4.097874
 30
0.0
 11
25.031324
 21
4.100523
 31
0.0
  0
LINE
  5
21F5
330
1F
100
AcDbEntity
  8
1
  6
CONTINUOUS
370
50
 62
4
100
AcDbLine
 10
24.979078
 20
4.095222
 30
0.0
 11
25.005184
 21
4.097874
 31
0.0
  0
LINE
  5
21F6
330
1F
100
AcDbEntity
  8
1
  6
CONTINUOUS
370
50
 62
4
100
AcDbLine
 10
24.953007
 20
4.092569
 30
0.0
 11
24.979078
 21
4.095222
 31
0.0
  0
LINE
  5
21F7
330
1F
100
AcDbEntity
  8
1
  6
CONTINUOUS
370
50
 62
4
100
AcDbLine
 10
24.92697
 20
4.089912
 30
0.0
 11
24.953007
 21
4.092569
 31
0.0
  0
LINE
  5
21F8
330
1F
100
AcDbEntity
  8
1
  6
CONTINUOUS
370
50
 62
4
100
AcDbLine
 10
24.900967
 20
4.087254
 30
0.0
 11
24.92697
 21
4.089912
 31
0.0
  0
LINE
  5
21F9
330
1F
100
AcDbEntity
  8
1
  6
CONTINUOUS
370
50
 62
4
100
AcDbLine
 10
5.520996999999999
 20
-4.697525
 30
0.0
 11
5.604146
 21
-4.689025
 31
0.0
  0
LINE
  5
21FA
330
1F
100
AcDbEntity
  8
1
  6
CONTINUOUS
370
50
 62
4
100
AcDbLine
 10
24.875
 20
4.084593
 30
0.0
 11
24.900967
 21
4.087254
 31
0.0
  0
LINE
  5
21FB
330
1F
100
AcDbEntity
  8
1
  6
CONTINUOUS
370
50
 62
4
100
AcDbLine
 10
27.157459
 20
3.734071
 30
0.0
 11
27.211193
 21
3.739644
 31
0.0
  0
LINE
  5
21FC
330
1F
100
AcDbEntity
  8
1
  6
CONTINUOUS
370
50
 62
4
100
AcDbLine
 10
32.817734
 20
3.143148
 30
0.0
 11
32.886318
 21
3.150266
 31
0.0
  0
LINE
  5
21FD
330
1F
100
AcDbEntity
  8
1
  6
CONTINUOUS
370
50
 62
4
100
AcDbLine
 10
5.318808
 20
4.78759
 30
0.0
 11
5.392588
 21
4.795267
 31
0.0
  0
LINE
  5
21FE
330
1F
100
AcDbEntity
  8
1
  6
CONTINUOUS
370
50
 62
4
100
AcDbLine
 10
30.734135
 20
3.361345
 30
0.0
 11
30.759708
 21
3.36402
 31
0.0
  0
LINE
  5
21FF
330
1F
100
AcDbEntity
  8
1
  6
CONTINUOUS
370
50
 62
4
100
AcDbLine
 10
6.395275
 20
0.355754
 30
0.0
 11
6.557239
 21
0.372747
 31
0.0
  0
LINE
  5
2200
330
1F
100
AcDbEntity
  8
1
  6
CONTINUOUS
370
50
 62
4
100
AcDbLine
 10
29.540686
 20
3.48365
 30
0.0
 11
29.576012
 21
3.487458
 31
0.0
  0
LINE
  5
2201
330
1F
100
AcDbEntity
  8
1
  6
CONTINUOUS
370
50
 62
4
100
AcDbLine
 10
5.440392
 20
-4.706329999999999
 30
0.0
 11
5.520996999999999
 21
-4.697525
 31
0.0
  0
LINE
  5
2202
330
1F
100
AcDbEntity
  8
1
  6
CONTINUOUS
370
50
 62
4
100
AcDbLine
 10
19.060282
 20
-0.71924
 30
0.0
 11
19.12351
 21
-0.7122959999999999
 31
0.0
  0
LINE
  5
2203
330
1F
100
AcDbEntity
  8
1
  6
CONTINUOUS
370
50
 62
4
100
AcDbLine
 10
5.247801
 20
4.779476
 30
0.0
 11
5.318808
 21
4.78759
 31
0.0
  0
LINE
  5
2204
330
1F
100
AcDbEntity
  8
1
  6
CONTINUOUS
370
50
 62
4
100
AcDbLine
 10
9.6
 20
-3.754219
 30
0.0
 11
9.666584
 21
-3.746599
 31
0.0
  0
LINE
  5
2205
330
1F
100
AcDbEntity
  8
1
  6
CONTINUOUS
370
50
 62
4
100
AcDbLine
 10
5.362609
 20
-4.715387
 30
0.0
 11
5.440392
 21
-4.706329999999999
 31
0.0
  0
LINE
  5
2206
330
1F
100
AcDbEntity
  8
1
  6
CONTINUOUS
370
50
 62
4
100
AcDbLine
 10
9.666584
 20
-3.746599
 30
0.0
 11
9.733212
 21
-3.738743
 31
0.0
  0
LINE
  5
2207
330
1F
100
AcDbEntity
  8
1
  6
CONTINUOUS
370
50
 62
4
100
AcDbLine
 10
19.12351
 20
-0.7122959999999999
 30
0.0
 11
19.186749
 21
-0.704791
 31
0.0
  0
LINE
  5
2208
330
1F
100
AcDbEntity
  8
1
  6
CONTINUOUS
370
50
 62
4
100
AcDbLine
 10
9.733212
 20
-3.738743
 30
0.0
 11
9.799875
 21
-3.730655
 31
0.0
  0
LINE
  5
2209
330
1F
100
AcDbEntity
  8
1
  6
CONTINUOUS
370
50
 62
4
100
AcDbLine
 10
5.287735
 20
-4.724666
 30
0.0
 11
5.362609
 21
-4.715387
 31
0.0
  0
LINE
  5
220A
330
1F
100
AcDbEntity
  8
1
  6
CONTINUOUS
370
50
 62
4
100
AcDbLine
 10
9.799875
 20
-3.730655
 30
0.0
 11
9.866567
 21
-3.722344
 31
0.0
  0
LINE
  5
220B
330
1F
100
AcDbEntity
  8
1
  6
CONTINUOUS
370
50
 62
4
100
AcDbLine
 10
5.179627
 20
4.770919
 30
0.0
 11
5.247801
 21
4.779476
 31
0.0
  0
LINE
  5
220C
330
1F
100
AcDbEntity
  8
1
  6
CONTINUOUS
370
50
 62
4
100
AcDbLine
 10
6.663936
 20
-4.950765
 30
0.0
 11
7.173605999999999
 21
-4.886312999999999
 31
0.0
  0
LINE
  5
220D
330
1F
100
AcDbEntity
  8
1
  6
CONTINUOUS
370
50
 62
4
100
AcDbLine
 10
19.186749
 20
-0.704791
 30
0.0
 11
19.25
 21
-0.696724
 31
0.0
  0
LINE
  5
220E
330
1F
100
AcDbEntity
  8
1
  6
CONTINUOUS
370
50
 62
4
100
AcDbLine
 10
9.866567
 20
-3.722344
 30
0.0
 11
9.933277
 21
-3.713815
 31
0.0
  0
LINE
  5
220F
330
1F
100
AcDbEntity
  8
1
  6
CONTINUOUS
370
50
 62
4
100
AcDbLine
 10
9.933277
 20
-3.713815
 30
0.0
 11
10.0
 21
-3.705074
 31
0.0
  0
LINE
  5
2210
330
1F
100
AcDbEntity
  8
1
  6
CONTINUOUS
370
50
 62
4
100
AcDbLine
 10
5.215834
 20
-4.734139
 30
0.0
 11
5.287735
 21
-4.724666
 31
0.0
  0
LINE
  5
2211
330
1F
100
AcDbEntity
  8
1
  6
CONTINUOUS
370
50
 62
4
100
AcDbLine
 10
6.237797
 20
0.335006
 30
0.0
 11
6.395275
 21
0.355754
 31
0.0
  0
LINE
  5
2212
330
1F
100
AcDbEntity
  8
1
  6
CONTINUOUS
370
50
 62
4
100
AcDbLine
 10
27.579041
 20
3.689725
 30
0.0
 11
27.600775
 21
3.6926
 31
0.0
  0
LINE
  5
2213
330
1F
100
AcDbEntity
  8
1
  6
CONTINUOUS
370
50
 62
4
100
AcDbLine
 10
35.433239
 20
2.879827
 30
0.0
 11
35.500004
 21
2.888979
 31
0.0
  0
LINE
  5
2214
330
1F
100
AcDbEntity
  8
1
  6
CONTINUOUS
370
50
 62
4
100
AcDbLine
 10
34.117558
 20
3.009121
 30
0.0
 11
34.183243
 21
3.018155
 31
0.0
  0
LINE
  5
2215
330
1F
100
AcDbEntity
  8
1
  6
CONTINUOUS
370
50
 62
4
100
AcDbLine
 10
5.114348
 20
4.761914
 30
0.0
 11
5.179627
 21
4.770919
 31
0.0
  0
LINE
  5
2216
330
1F
100
AcDbEntity
  8
1
  6
CONTINUOUS
370
50
 62
4
100
AcDbLine
 10
5.146974999999999
 20
-4.743776
 30
0.0
 11
5.215834
 21
-4.734139
 31
0.0
  0
LINE
  5
2217
330
1F
100
AcDbEntity
  8
1
  6
CONTINUOUS
370
50
 62
4
100
AcDbLine
 10
30.186172
 20
3.410595
 30
0.0
 11
30.230501
 21
3.416826
 31
0.0
  0
LINE
  5
2218
330
1F
100
AcDbEntity
  8
1
  6
CONTINUOUS
370
50
 62
4
100
AcDbLine
 10
25.948027
 20
3.858128
 30
0.0
 11
26.010832
 21
3.867346
 31
0.0
  0
LINE
  5
2219
330
1F
100
AcDbEntity
  8
1
  6
CONTINUOUS
370
50
 62
4
100
AcDbLine
 10
5.081225
 20
-4.75355
 30
0.0
 11
5.146974999999999
 21
-4.743776
 31
0.0
  0
LINE
  5
221A
330
1F
100
AcDbEntity
  8
1
  6
CONTINUOUS
370
50
 62
4
100
AcDbLine
 10
5.052026
 20
4.752454
 30
0.0
 11
5.114348
 21
4.761914
 31
0.0
  0
LINE
  5
221B
330
1F
100
AcDbEntity
  8
1
  6
CONTINUOUS
370
50
 62
4
100
AcDbLine
 10
5.018651
 20
-4.763432
 30
0.0
 11
5.081225
 21
-4.75355
 31
0.0
  0
LINE
  5
221C
330
1F
100
AcDbEntity
  8
1
  6
CONTINUOUS
370
50
 62
4
100
AcDbLine
 10
6.085064
 20
0.310619
 30
0.0
 11
6.237797
 21
0.335006
 31
0.0
  0
LINE
  5
221D
330
1F
100
AcDbEntity
  8
1
  6
CONTINUOUS
370
50
 62
4
100
AcDbLine
 10
30.708397
 20
3.357181
 30
0.0
 11
30.734135
 21
3.361345
 31
0.0
  0
LINE
  5
221E
330
1F
100
AcDbEntity
  8
1
  6
CONTINUOUS
370
50
 62
4
100
AcDbLine
 10
24.755627
 20
3.986894
 30
0.0
 11
24.81604
 21
3.996674
 31
0.0
  0
LINE
  5
221F
330
1F
100
AcDbEntity
  8
1
  6
CONTINUOUS
370
50
 62
4
100
AcDbLine
 10
28.871664
 20
3.547245
 30
0.0
 11
28.904373
 21
3.552559
 31
0.0
  0
LINE
  5
2220
330
1F
100
AcDbEntity
  8
1
  6
CONTINUOUS
370
50
 62
4
100
AcDbLine
 10
20.057501
 20
-0.9789059999999999
 30
0.0
 11
20.120676
 21
-0.96864
 31
0.0
  0
LINE
  5
2221
330
1F
100
AcDbEntity
  8
1
  6
CONTINUOUS
370
50
 62
4
100
AcDbLine
 10
4.992721
 20
4.742535
 30
0.0
 11
5.052026
 21
4.752454
 31
0.0
  0
LINE
  5
2222
330
1F
100
AcDbEntity
  8
1
  6
CONTINUOUS
370
50
 62
4
100
AcDbLine
 10
23.566038
 20
4.115634
 30
0.0
 11
23.62501
 21
4.125522
 31
0.0
  0
LINE
  5
2223
330
1F
100
AcDbEntity
  8
1
  6
CONTINUOUS
370
50
 62
4
100
AcDbLine
 10
4.959321
 20
-4.773391999999999
 30
0.0
 11
5.018651
 21
-4.763432
 31
0.0
  0
LINE
  5
2224
330
1F
100
AcDbEntity
  8
1
  6
CONTINUOUS
370
50
 62
4
100
AcDbLine
 10
28.321674
 20
3.602727
 30
0.0
 11
28.366791
 21
3.610454
 31
0.0
  0
LINE
  5
2225
330
1F
100
AcDbEntity
  8
1
  6
CONTINUOUS
370
50
 62
4
100
AcDbLine
 10
20.120676
 20
-0.96864
 30
0.0
 11
20.183867
 21
-0.957816
 31
0.0
  0
LINE
  5
2226
330
1F
100
AcDbEntity
  8
1
  6
CONTINUOUS
370
50
 62
4
100
AcDbLine
 10
7.173605999999999
 20
-4.886312999999999
 30
0.0
 11
7.670639
 21
-4.798217999999999
 31
0.0
  0
LINE
  5
2227
330
1F
100
AcDbEntity
  8
1
  6
CONTINUOUS
370
50
 62
4
100
AcDbLine
 10
4.903301
 20
-4.783403
 30
0.0
 11
4.959321
 21
-4.773391999999999
 31
0.0
  0
LINE
  5
2228
330
1F
100
AcDbEntity
  8
1
  6
CONTINUOUS
370
50
 62
4
100
AcDbLine
 10
20.183867
 20
-0.957816
 30
0.0
 11
20.247068
 21
-0.946433
 31
0.0
  0
LINE
  5
2229
330
1F
100
AcDbEntity
  8
1
  6
CONTINUOUS
370
50
 62
4
100
AcDbLine
 10
4.936495
 20
4.732148
 30
0.0
 11
4.992721
 21
4.742535
 31
0.0
  0
LINE
  5
222A
330
1F
100
AcDbEntity
  8
1
  6
CONTINUOUS
370
50
 62
4
100
AcDbLine
 10
27.557501
 20
3.685663
 30
0.0
 11
27.579041
 21
3.689725
 31
0.0
  0
LINE
  5
222B
330
1F
100
AcDbEntity
  8
1
  6
CONTINUOUS
370
50
 62
4
100
AcDbLine
 10
20.247068
 20
-0.946433
 30
0.0
 11
20.310282
 21
-0.9344929999999999
 31
0.0
  0
LINE
  5
222C
330
1F
100
AcDbEntity
  8
1
  6
CONTINUOUS
370
50
 62
4
100
AcDbLine
 10
5.937336
 20
0.282709
 30
0.0
 11
6.085064
 21
0.310619
 31
0.0
  0
LINE
  5
222D
330
1F
100
AcDbEntity
  8
1
  6
CONTINUOUS
370
50
 62
4
100
AcDbLine
 10
29.504959
 20
3.476885
 30
0.0
 11
29.540686
 21
3.48365
 31
0.0
  0
LINE
  5
222E
330
1F
100
AcDbEntity
  8
1
  6
CONTINUOUS
370
50
 62
4
100
AcDbLine
 10
4.850516
 20
-4.793464999999999
 30
0.0
 11
4.903301
 21
-4.783403
 31
0.0
  0
LINE
  5
222F
330
1F
100
AcDbEntity
  8
1
  6
CONTINUOUS
370
50
 62
4
100
AcDbLine
 10
31.468174
 20
3.268534
 30
0.0
 11
31.523918
 21
3.27943
 31
0.0
  0
LINE
  5
2230
330
1F
100
AcDbEntity
  8
1
  6
CONTINUOUS
370
50
 62
4
100
AcDbLine
 10
20.310282
 20
-0.9344929999999999
 30
0.0
 11
20.37351
 21
-0.921994
 31
0.0
  0
LINE
  5
2231
330
1F
100
AcDbEntity
  8
1
  6
CONTINUOUS
370
50
 62
4
100
AcDbLine
 10
4.799211
 20
-4.803949999999999
 30
0.0
 11
4.850516
 21
-4.793464999999999
 31
0.0
  0
LINE
  5
2232
330
1F
100
AcDbEntity
  8
1
  6
CONTINUOUS
370
50
 62
4
100
AcDbLine
 10
4.88341
 20
4.72129
 30
0.0
 11
4.936495
 21
4.732148
 31
0.0
  0
LINE
  5
2233
330
1F
100
AcDbEntity
  8
1
  6
CONTINUOUS
370
50
 62
4
100
AcDbLine
 10
20.37351
 20
-0.921994
 30
0.0
 11
20.436749
 21
-0.908937
 31
0.0
  0
LINE
  5
2234
330
1F
100
AcDbEntity
  8
1
  6
CONTINUOUS
370
50
 62
4
100
AcDbLine
 10
20.436749
 20
-0.908937
 30
0.0
 11
20.5
 21
-0.895322
 31
0.0
  0
LINE
  5
2235
330
1F
100
AcDbEntity
  8
1
  6
CONTINUOUS
370
50
 62
4
100
AcDbLine
 10
30.682499
 20
3.351531
 30
0.0
 11
30.708397
 21
3.357181
 31
0.0
  0
LINE
  5
2236
330
1F
100
AcDbEntity
  8
1
  6
CONTINUOUS
370
50
 62
4
100
AcDbLine
 10
5.794872
 20
0.251394
 30
0.0
 11
5.937336
 21
0.282709
 31
0.0
  0
LINE
  5
2237
330
1F
100
AcDbEntity
  8
1
  6
CONTINUOUS
370
50
 62
4
100
AcDbLine
 10
4.749506
 20
-4.814922
 30
0.0
 11
4.799211
 21
-4.803949999999999
 31
0.0
  0
LINE
  5
2238
330
1F
100
AcDbEntity
  8
1
  6
CONTINUOUS
370
50
 62
4
100
AcDbLine
 10
7.670639
 20
-4.798217999999999
 30
0.0
 11
8.162904
 21
-4.689535999999999
 31
0.0
  0
LINE
  5
2239
330
1F
100
AcDbEntity
  8
1
  6
CONTINUOUS
370
50
 62
4
100
AcDbLine
 10
4.832929
 20
4.709809
 30
0.0
 11
4.88341
 21
4.72129
 31
0.0
  0
LINE
  5
223A
330
1F
100
AcDbEntity
  8
1
  6
CONTINUOUS
370
50
 62
4
100
AcDbLine
 10
27.102695
 20
3.721075
 30
0.0
 11
27.157459
 21
3.734071
 31
0.0
  0
LINE
  5
223B
330
1F
100
AcDbEntity
  8
1
  6
CONTINUOUS
370
50
 62
4
100
AcDbLine
 10
4.702249
 20
-4.826309999999999
 30
0.0
 11
4.749506
 21
-4.814922
 31
0.0
  0
LINE
  5
223C
330
1F
100
AcDbEntity
  8
1
  6
CONTINUOUS
370
50
 62
4
100
AcDbLine
 10
28.839371
 20
3.53936
 30
0.0
 11
28.871664
 21
3.547245
 31
0.0
  0
LINE
  5
223D
330
1F
100
AcDbEntity
  8
1
  6
CONTINUOUS
370
50
 62
4
100
AcDbLine
 10
9.933326
 20
-4.458965
 30
0.0
 11
10.0
 21
-4.442673
 31
0.0
  0
LINE
  5
223E
330
1F
100
AcDbEntity
  8
1
  6
CONTINUOUS
370
50
 62
4
100
AcDbLine
 10
30.142555
 20
3.399925
 30
0.0
 11
30.186172
 21
3.410595
 31
0.0
  0
LINE
  5
223F
330
1F
100
AcDbEntity
  8
1
  6
CONTINUOUS
370
50
 62
4
100
AcDbLine
 10
9.866655
 20
-4.475286
 30
0.0
 11
9.933326
 21
-4.458965
 31
0.0
  0
LINE
  5
2240
330
1F
100
AcDbEntity
  8
1
  6
CONTINUOUS
370
50
 62
4
100
AcDbLine
 10
9.799987999999999
 20
-4.491638
 30
0.0
 11
9.866655
 21
-4.475286
 31
0.0
  0
LINE
  5
2241
330
1F
100
AcDbEntity
  8
1
  6
CONTINUOUS
370
50
 62
4
100
AcDbLine
 10
9.733322
 20
-4.50802
 30
0.0
 11
9.799987999999999
 21
-4.491638
 31
0.0
  0
LINE
  5
2242
330
1F
100
AcDbEntity
  8
1
  6
CONTINUOUS
370
50
 62
4
100
AcDbLine
 10
9.66666
 20
-4.524431
 30
0.0
 11
9.733322
 21
-4.50802
 31
0.0
  0
LINE
  5
2243
330
1F
100
AcDbEntity
  8
1
  6
CONTINUOUS
370
50
 62
4
100
AcDbLine
 10
9.6
 20
-4.540872999999999
 30
0.0
 11
9.66666
 21
-4.524431
 31
0.0
  0
LINE
  5
2244
330
1F
100
AcDbEntity
  8
1
  6
CONTINUOUS
370
50
 62
4
100
AcDbLine
 10
32.75042
 20
3.126435
 30
0.0
 11
32.817734
 21
3.143148
 31
0.0
  0
LINE
  5
2245
330
1F
100
AcDbEntity
  8
1
  6
CONTINUOUS
370
50
 62
4
100
AcDbLine
 10
21.307501
 20
-1.214712
 30
0.0
 11
21.370676
 21
-1.198926
 31
0.0
  0
LINE
  5
2246
330
1F
100
AcDbEntity
  8
1
  6
CONTINUOUS
370
50
 62
4
100
AcDbLine
 10
5.657932
 20
0.216791
 30
0.0
 11
5.794872
 21
0.251394
 31
0.0
  0
LINE
  5
2247
330
1F
100
AcDbEntity
  8
1
  6
CONTINUOUS
370
50
 62
4
100
AcDbLine
 10
8.162904
 20
-4.689535999999999
 30
0.0
 11
8.660809
 21
-4.563066
 31
0.0
  0
LINE
  5
2248
330
1F
100
AcDbEntity
  8
1
  6
CONTINUOUS
370
50
 62
4
100
AcDbLine
 10
4.783575
 20
4.697233
 30
0.0
 11
4.832929
 21
4.709809
 31
0.0
  0
LINE
  5
2249
330
1F
100
AcDbEntity
  8
1
  6
CONTINUOUS
370
50
 62
4
100
AcDbLine
 10
11.623009
 20
1.968481
 30
0.0
 11
11.75
 21
2.000963
 31
0.0
  0
LINE
  5
224A
330
1F
100
AcDbEntity
  8
1
  6
CONTINUOUS
370
50
 62
4
100
AcDbLine
 10
21.370676
 20
-1.198926
 30
0.0
 11
21.433865
 21
-1.182585
 31
0.0
  0
LINE
  5
224B
330
1F
100
AcDbEntity
  8
1
  6
CONTINUOUS
370
50
 62
4
100
AcDbLine
 10
36.683212
 20
2.73397
 30
0.0
 11
36.750004
 21
2.751474
 31
0.0
  0
LINE
  5
224C
330
1F
100
AcDbEntity
  8
1
  6
CONTINUOUS
370
50
 62
4
100
AcDbLine
 10
4.658283
 20
-4.838038
 30
0.0
 11
4.702249
 21
-4.826309999999999
 31
0.0
  0
LINE
  5
224D
330
1F
100
AcDbEntity
  8
1
  6
CONTINUOUS
370
50
 62
4
100
AcDbLine
 10
21.433865
 20
-1.182585
 30
0.0
 11
21.497066
 21
-1.165689
 31
0.0
  0
LINE
  5
224E
330
1F
100
AcDbEntity
  8
1
  6
CONTINUOUS
370
50
 62
4
100
AcDbLine
 10
35.367554
 20
2.862247
 30
0.0
 11
35.433239
 21
2.879827
 31
0.0
  0
LINE
  5
224F
330
1F
100
AcDbEntity
  8
1
  6
CONTINUOUS
370
50
 62
4
100
AcDbLine
 10
29.468889
 20
3.467177
 30
0.0
 11
29.504959
 21
3.476885
 31
0.0
  0
LINE
  5
2250
330
1F
100
AcDbEntity
  8
1
  6
CONTINUOUS
370
50
 62
4
100
AcDbLine
 10
34.052986
 20
2.991574
 30
0.0
 11
34.117558
 21
3.009121
 31
0.0
  0
LINE
  5
2251
330
1F
100
AcDbEntity
  8
1
  6
CONTINUOUS
370
50
 62
4
100
AcDbLine
 10
21.497066
 20
-1.165689
 30
0.0
 11
21.560282
 21
-1.148237
 31
0.0
  0
LINE
  5
2252
330
1F
100
AcDbEntity
  8
1
  6
CONTINUOUS
370
50
 62
4
100
AcDbLine
 10
28.275885
 20
3.590075
 30
0.0
 11
28.321674
 21
3.602727
 31
0.0
  0
LINE
  5
2253
330
1F
100
AcDbEntity
  8
1
  6
CONTINUOUS
370
50
 62
4
100
AcDbLine
 10
21.560282
 20
-1.148237
 30
0.0
 11
21.62351
 21
-1.130231
 31
0.0
  0
LINE
  5
2254
330
1F
100
AcDbEntity
  8
1
  6
CONTINUOUS
370
50
 62
4
100
AcDbLine
 10
5.526774
 20
0.179015
 30
0.0
 11
5.657932
 21
0.216791
 31
0.0
  0
LINE
  5
2255
330
1F
100
AcDbEntity
  8
1
  6
CONTINUOUS
370
50
 62
4
100
AcDbLine
 10
4.735974
 20
4.683475
 30
0.0
 11
4.783575
 21
4.697233
 31
0.0
  0
LINE
  5
2256
330
1F
100
AcDbEntity
  8
1
  6
CONTINUOUS
370
50
 62
4
100
AcDbLine
 10
21.62351
 20
-1.130231
 30
0.0
 11
21.686749
 21
-1.111669
 31
0.0
  0
LINE
  5
2257
330
1F
100
AcDbEntity
  8
1
  6
CONTINUOUS
370
50
 62
4
100
AcDbLine
 10
4.618431
 20
-4.850045
 30
0.0
 11
4.658283
 21
-4.838038
 31
0.0
  0
LINE
  5
2258
330
1F
100
AcDbEntity
  8
1
  6
CONTINUOUS
370
50
 62
4
100
AcDbLine
 10
21.686749
 20
-1.111669
 30
0.0
 11
21.75
 21
-1.092553
 31
0.0
  0
LINE
  5
2259
330
1F
100
AcDbEntity
  8
1
  6
CONTINUOUS
370
50
 62
4
100
AcDbLine
 10
25.883759
 20
3.838444
 30
0.0
 11
25.948027
 21
3.858128
 31
0.0
  0
LINE
  5
225A
330
1F
100
AcDbEntity
  8
1
  6
CONTINUOUS
370
50
 62
4
100
AcDbLine
 10
24.693781
 20
3.96699
 30
0.0
 11
24.755627
 21
3.986894
 31
0.0
  0
LINE
  5
225B
330
1F
100
AcDbEntity
  8
1
  6
CONTINUOUS
370
50
 62
4
100
AcDbLine
 10
11.497445
 20
1.927948
 30
0.0
 11
11.623009
 21
1.968481
 31
0.0
  0
LINE
  5
225C
330
1F
100
AcDbEntity
  8
1
  6
CONTINUOUS
370
50
 62
4
100
AcDbLine
 10
31.413504
 20
3.250828
 30
0.0
 11
31.468174
 21
3.268534
 31
0.0
  0
LINE
  5
225D
330
1F
100
AcDbEntity
  8
1
  6
CONTINUOUS
370
50
 62
4
100
AcDbLine
 10
5.401848999999999
 20
0.138237
 30
0.0
 11
5.526774
 21
0.179015
 31
0.0
  0
LINE
  5
225E
330
1F
100
AcDbEntity
  8
1
  6
CONTINUOUS
370
50
 62
4
100
AcDbLine
 10
28.807501
 20
3.528894
 30
0.0
 11
28.839371
 21
3.53936
 31
0.0
  0
LINE
  5
225F
330
1F
100
AcDbEntity
  8
1
  6
CONTINUOUS
370
50
 62
4
100
AcDbLine
 10
23.505619
 20
4.095624
 30
0.0
 11
23.566038
 21
4.115634
 31
0.0
  0
LINE
  5
2260
330
1F
100
AcDbEntity
  8
1
  6
CONTINUOUS
370
50
 62
4
100
AcDbLine
 10
4.690899
 20
4.668483
 30
0.0
 11
4.735974
 21
4.683475
 31
0.0
  0
LINE
  5
2261
330
1F
100
AcDbEntity
  8
1
  6
CONTINUOUS
370
50
 62
4
100
AcDbLine
 10
22.557501
 20
-1.448973
 30
0.0
 11
22.620676
 21
-1.427711
 31
0.0
  0
LINE
  5
2262
330
1F
100
AcDbEntity
  8
1
  6
CONTINUOUS
370
50
 62
4
100
AcDbLine
 10
22.316036
 20
4.221958
 30
0.0
 11
22.37501
 21
4.241963
 31
0.0
  0
LINE
  5
2263
330
1F
100
AcDbEntity
  8
1
  6
CONTINUOUS
370
50
 62
4
100
AcDbLine
 10
22.620676
 20
-1.427711
 30
0.0
 11
22.683865
 21
-1.405896
 31
0.0
  0
LINE
  5
2264
330
1F
100
AcDbEntity
  8
1
  6
CONTINUOUS
370
50
 62
4
100
AcDbLine
 10
29.432499
 20
3.454545
 30
0.0
 11
29.468889
 21
3.467177
 31
0.0
  0
LINE
  5
2265
330
1F
100
AcDbEntity
  8
1
  6
CONTINUOUS
370
50
 62
4
100
AcDbLine
 10
4.583267999999999
 20
-4.862363999999999
 30
0.0
 11
4.618431
 21
-4.850045
 31
0.0
  0
LINE
  5
2266
330
1F
100
AcDbEntity
  8
1
  6
CONTINUOUS
370
50
 62
4
100
AcDbLine
 10
30.099661
 20
3.384793
 30
0.0
 11
30.142555
 21
3.399925
 31
0.0
  0
LINE
  5
2267
330
1F
100
AcDbEntity
  8
1
  6
CONTINUOUS
370
50
 62
4
100
AcDbLine
 10
22.683865
 20
-1.405896
 30
0.0
 11
22.747066
 21
-1.383529
 31
0.0
  0
LINE
  5
2268
330
1F
100
AcDbEntity
  8
1
  6
CONTINUOUS
370
50
 62
4
100
AcDbLine
 10
22.747066
 20
-1.383529
 30
0.0
 11
22.810282
 21
-1.360609
 31
0.0
  0
LINE
  5
2269
330
1F
100
AcDbEntity
  8
1
  6
CONTINUOUS
370
50
 62
4
100
AcDbLine
 10
27.046907
 20
3.700669
 30
0.0
 11
27.102695
 21
3.721075
 31
0.0
  0
LINE
  5
226A
330
1F
100
AcDbEntity
  8
1
  6
CONTINUOUS
370
50
 62
4
100
AcDbLine
 10
5.283901999999999
 20
0.094718
 30
0.0
 11
5.401848999999999
 21
0.138237
 31
0.0
  0
LINE
  5
226B
330
1F
100
AcDbEntity
  8
1
  6
CONTINUOUS
370
50
 62
4
100
AcDbLine
 10
22.810282
 20
-1.360609
 30
0.0
 11
22.873508
 21
-1.337137
 31
0.0
  0
LINE
  5
226C
330
1F
100
AcDbEntity
  8
1
  6
CONTINUOUS
370
50
 62
4
100
AcDbLine
 10
28.229462
 20
3.572514
 30
0.0
 11
28.275885
 21
3.590075
 31
0.0
  0
LINE
  5
226D
330
1F
100
AcDbEntity
  8
1
  6
CONTINUOUS
370
50
 62
4
100
AcDbLine
 10
22.873508
 20
-1.337137
 30
0.0
 11
22.936749
 21
-1.313113
 31
0.0
  0
LINE
  5
226E
330
1F
100
AcDbEntity
  8
1
  6
CONTINUOUS
370
50
 62
4
100
AcDbLine
 10
37.933212
 20
2.572882
 30
0.0
 11
38.000004
 21
2.598755
 31
0.0
  0
LINE
  5
226F
330
1F
100
AcDbEntity
  8
1
  6
CONTINUOUS
370
50
 62
4
100
AcDbLine
 10
22.936749
 20
-1.313113
 30
0.0
 11
23.0
 21
-1.288537
 31
0.0
  0
LINE
  5
2270
330
1F
100
AcDbEntity
  8
1
  6
CONTINUOUS
370
50
 62
4
100
AcDbLine
 10
4.649121
 20
4.652201
 30
0.0
 11
4.690899
 21
4.668483
 31
0.0
  0
LINE
  5
2271
330
1F
100
AcDbEntity
  8
1
  6
CONTINUOUS
370
50
 62
4
100
AcDbLine
 10
11.373543
 20
1.87911
 30
0.0
 11
11.497445
 21
1.927948
 31
0.0
  0
LINE
  5
2272
330
1F
100
AcDbEntity
  8
1
  6
CONTINUOUS
370
50
 62
4
100
AcDbLine
 10
36.617512
 20
2.708044
 30
0.0
 11
36.683212
 21
2.73397
 31
0.0
  0
LINE
  5
2273
330
1F
100
AcDbEntity
  8
1
  6
CONTINUOUS
370
50
 62
4
100
AcDbLine
 10
32.684536
 20
3.100054
 30
0.0
 11
32.75042
 21
3.126435
 31
0.0
  0
LINE
  5
2274
330
1F
100
AcDbEntity
  8
1
  6
CONTINUOUS
370
50
 62
4
100
AcDbLine
 10
35.302982
 20
2.836165
 30
0.0
 11
35.367554
 21
2.862247
 31
0.0
  0
LINE
  5
2275
330
1F
100
AcDbEntity
  8
1
  6
CONTINUOUS
370
50
 62
4
100
AcDbLine
 10
33.989571
 20
2.965429
 30
0.0
 11
34.052986
 21
2.991574
 31
0.0
  0
LINE
  5
2276
330
1F
100
AcDbEntity
  8
1
  6
CONTINUOUS
370
50
 62
4
100
AcDbLine
 10
5.173215
 20
0.0486
 30
0.0
 11
5.283901999999999
 21
0.094718
 31
0.0
  0
LINE
  5
2277
330
1F
100
AcDbEntity
  8
1
  6
CONTINUOUS
370
50
 62
4
100
AcDbLine
 10
37.311829
 20
1.598888
 30
0.0
 11
37.375
 21
1.625462
 31
0.0
  0
LINE
  5
2278
330
1F
100
AcDbEntity
  8
1
  6
CONTINUOUS
370
50
 62
4
100
AcDbLine
 10
23.807501
 20
-1.681762
 30
0.0
 11
23.870676
 21
-1.655061
 31
0.0
  0
LINE
  5
2279
330
1F
100
AcDbEntity
  8
1
  6
CONTINUOUS
370
50
 62
4
100
AcDbLine
 10
4.553916
 20
-4.874909
 30
0.0
 11
4.583267999999999
 21
-4.862363999999999
 31
0.0
  0
LINE
  5
227A
330
1F
100
AcDbEntity
  8
1
  6
CONTINUOUS
370
50
 62
4
100
AcDbLine
 10
37.248646
 20
1.571726
 30
0.0
 11
37.311829
 21
1.598888
 31
0.0
  0
LINE
  5
227B
330
1F
100
AcDbEntity
  8
1
  6
CONTINUOUS
370
50
 62
4
100
AcDbLine
 10
23.870676
 20
-1.655061
 30
0.0
 11
23.933865
 21
-1.627811
 31
0.0
  0
LINE
  5
227C
330
1F
100
AcDbEntity
  8
1
  6
CONTINUOUS
370
50
 62
4
100
AcDbLine
 10
37.185444
 20
1.543979
 30
0.0
 11
37.248646
 21
1.571726
 31
0.0
  0
LINE
  5
227D
330
1F
100
AcDbEntity
  8
1
  6
CONTINUOUS
370
50
 62
4
100
AcDbLine
 10
23.933865
 20
-1.627811
 30
0.0
 11
23.997065
 21
-1.600011
 31
0.0
  0
LINE
  5
227E
330
1F
100
AcDbEntity
  8
1
  6
CONTINUOUS
370
50
 62
4
100
AcDbLine
 10
37.122227
 20
1.51565
 30
0.0
 11
37.185444
 21
1.543979
 31
0.0
  0
LINE
  5
227F
330
1F
100
AcDbEntity
  8
1
  6
CONTINUOUS
370
50
 62
4
100
AcDbLine
 10
23.997065
 20
-1.600011
 30
0.0
 11
24.06028
 21
-1.571662
 31
0.0
  0
LINE
  5
2280
330
1F
100
AcDbEntity
  8
1
  6
CONTINUOUS
370
50
 62
4
100
AcDbLine
 10
24.06028
 20
-1.571662
 30
0.0
 11
24.123508
 21
-1.542762
 31
0.0
  0
LINE
  5
2281
330
1F
100
AcDbEntity
  8
1
  6
CONTINUOUS
370
50
 62
4
100
AcDbLine
 10
37.058998
 20
1.486742
 30
0.0
 11
37.122227
 21
1.51565
 31
0.0
  0
LINE
  5
2282
330
1F
100
AcDbEntity
  8
1
  6
CONTINUOUS
370
50
 62
4
100
AcDbLine
 10
25.818037
 20
3.808338
 30
0.0
 11
25.883759
 21
3.838444
 31
0.0
  0
LINE
  5
2283
330
1F
100
AcDbEntity
  8
1
  6
CONTINUOUS
370
50
 62
4
100
AcDbLine
 10
31.35994
 20
3.226283
 30
0.0
 11
31.413504
 21
3.250828
 31
0.0
  0
LINE
  5
2284
330
1F
100
AcDbEntity
  8
1
  6
CONTINUOUS
370
50
 62
4
100
AcDbLine
 10
30.057501
 20
3.365179
 30
0.0
 11
30.099661
 21
3.384793
 31
0.0
  0
LINE
  5
2285
330
1F
100
AcDbEntity
  8
1
  6
CONTINUOUS
370
50
 62
4
100
AcDbLine
 10
24.123508
 20
-1.542762
 30
0.0
 11
24.186749
 21
-1.513313
 31
0.0
  0
LINE
  5
2286
330
1F
100
AcDbEntity
  8
1
  6
CONTINUOUS
370
50
 62
4
100
AcDbLine
 10
36.995754
 20
1.457258
 30
0.0
 11
37.058998
 21
1.486742
 31
0.0
  0
LINE
  5
2287
330
1F
100
AcDbEntity
  8
1
  6
CONTINUOUS
370
50
 62
4
100
AcDbLine
 10
4.611348
 20
4.634541
 30
0.0
 11
4.649121
 21
4.652201
 31
0.0
  0
LINE
  5
2288
330
1F
100
AcDbEntity
  8
1
  6
CONTINUOUS
370
50
 62
4
100
AcDbLine
 10
11.251532
 20
1.82171
 30
0.0
 11
11.373543
 21
1.87911
 31
0.0
  0
LINE
  5
2289
330
1F
100
AcDbEntity
  8
1
  6
CONTINUOUS
370
50
 62
4
100
AcDbLine
 10
5.070043999999999
 20
0.000019
 30
0.0
 11
5.173215
 21
0.0486
 31
0.0
  0
LINE
  5
228A
330
1F
100
AcDbEntity
  8
1
  6
CONTINUOUS
370
50
 62
4
100
AcDbLine
 10
24.630512
 20
3.937021
 30
0.0
 11
24.693781
 21
3.96699
 31
0.0
  0
LINE
  5
228B
330
1F
100
AcDbEntity
  8
1
  6
CONTINUOUS
370
50
 62
4
100
AcDbLine
 10
24.186749
 20
-1.513313
 30
0.0
 11
24.25
 21
-1.483314
 31
0.0
  0
LINE
  5
228C
330
1F
100
AcDbEntity
  8
1
  6
CONTINUOUS
370
50
 62
4
100
AcDbLine
 10
36.932499
 20
1.427202
 30
0.0
 11
36.995754
 21
1.457258
 31
0.0
  0
LINE
  5
228D
330
1F
100
AcDbEntity
  8
1
  6
CONTINUOUS
370
50
 62
4
100
AcDbLine
 10
28.182499
 20
3.550104
 30
0.0
 11
28.229462
 21
3.572514
 31
0.0
  0
LINE
  5
228E
330
1F
100
AcDbEntity
  8
1
  6
CONTINUOUS
370
50
 62
4
100
AcDbLine
 10
23.443769
 20
4.065574
 30
0.0
 11
23.505619
 21
4.095624
 31
0.0
  0
LINE
  5
228F
330
1F
100
AcDbEntity
  8
1
  6
CONTINUOUS
370
50
 62
4
100
AcDbLine
 10
26.990126
 20
3.672875
 30
0.0
 11
27.046907
 21
3.700669
 31
0.0
  0
LINE
  5
2290
330
1F
100
AcDbEntity
  8
1
  6
CONTINUOUS
370
50
 62
4
100
AcDbLine
 10
22.255619
 20
4.19192
 30
0.0
 11
22.316036
 21
4.221958
 31
0.0
  0
LINE
  5
2291
330
1F
100
AcDbEntity
  8
1
  6
CONTINUOUS
370
50
 62
4
100
AcDbLine
 10
21.066036
 20
4.316082
 30
0.0
 11
21.12501
 21
4.346035
 31
0.0
  0
LINE
  5
2292
330
1F
100
AcDbEntity
  8
1
  6
CONTINUOUS
370
50
 62
4
100
AcDbLine
 10
25.057501
 20
-1.912958
 30
0.0
 11
25.120672
 21
-1.880794
 31
0.0
  0
LINE
  5
2293
330
1F
100
AcDbEntity
  8
1
  6
CONTINUOUS
370
50
 62
4
100
AcDbLine
 10
5.033056999999999
 20
-0.018957
 30
0.0
 11
5.070043999999999
 21
0.000019
 31
0.0
  0
LINE
  5
2294
330
1F
100
AcDbEntity
  8
1
  6
CONTINUOUS
370
50
 62
4
100
AcDbLine
 10
36.062263
 20
1.814554
 30
0.0
 11
36.125
 21
1.846858
 31
0.0
  0
LINE
  5
2295
330
1F
100
AcDbEntity
  8
1
  6
CONTINUOUS
370
50
 62
4
100
AcDbLine
 10
25.120672
 20
-1.880794
 30
0.0
 11
25.183857
 21
-1.848066
 31
0.0
  0
LINE
  5
2296
330
1F
100
AcDbEntity
  8
1
  6
CONTINUOUS
370
50
 62
4
100
AcDbLine
 10
37.867512
 20
2.538677
 30
0.0
 11
37.933212
 21
2.572882
 31
0.0
  0
LINE
  5
2297
330
1F
100
AcDbEntity
  8
1
  6
CONTINUOUS
370
50
 62
4
100
AcDbLine
 10
35.99928999999999
 20
1.781622
 30
0.0
 11
36.062263
 21
1.814554
 31
0.0
  0
LINE
  5
2298
330
1F
100
AcDbEntity
  8
1
  6
CONTINUOUS
370
50
 62
4
100
AcDbLine
 10
25.183857
 20
-1.848066
 30
0.0
 11
25.247059
 21
-1.814776
 31
0.0
  0
LINE
  5
2299
330
1F
100
AcDbEntity
  8
1
  6
CONTINUOUS
370
50
 62
4
100
AcDbLine
 10
11.60961
 20
-3.720668
 30
0.0
 11
11.632894
 21
-3.708371
 31
0.0
  0
LINE
  5
229A
330
1F
100
AcDbEntity
  8
1
  6
CONTINUOUS
370
50
 62
4
100
AcDbLine
 10
35.936127
 20
1.748084
 30
0.0
 11
35.99928999999999
 21
1.781622
 31
0.0
  0
LINE
  5
229B
330
1F
100
AcDbEntity
  8
1
  6
CONTINUOUS
370
50
 62
4
100
AcDbLine
 10
36.552929
 20
2.673637
 30
0.0
 11
36.617512
 21
2.708044
 31
0.0
  0
LINE
  5
229C
330
1F
100
AcDbEntity
  8
1
  6
CONTINUOUS
370
50
 62
4
100
AcDbLine
 10
25.247059
 20
-1.814776
 30
0.0
 11
25.310272
 21
-1.780926
 31
0.0
  0
LINE
  5
229D
330
1F
100
AcDbEntity
  8
1
  6
CONTINUOUS
370
50
 62
4
100
AcDbLine
 10
11.632894
 20
-3.708371
 30
0.0
 11
11.656224
 21
-3.695843
 31
0.0
  0
LINE
  5
229E
330
1F
100
AcDbEntity
  8
1
  6
CONTINUOUS
370
50
 62
4
100
AcDbLine
 10
4.997195
 20
-0.038259
 30
0.0
 11
5.033056999999999
 21
-0.018957
 31
0.0
  0
LINE
  5
229F
330
1F
100
AcDbEntity
  8
1
  6
CONTINUOUS
370
50
 62
4
100
AcDbLine
 10
35.872822
 20
1.713963
 30
0.0
 11
35.936127
 21
1.748084
 31
0.0
  0
LINE
  5
22A0
330
1F
100
AcDbEntity
  8
1
  6
CONTINUOUS
370
50
 62
4
100
AcDbLine
 10
25.310272
 20
-1.780926
 30
0.0
 11
25.373503
 21
-1.746515
 31
0.0
  0
LINE
  5
22A1
330
1F
100
AcDbEntity
  8
1
  6
CONTINUOUS
370
50
 62
4
100
AcDbLine
 10
11.656224
 20
-3.695843
 30
0.0
 11
11.679603
 21
-3.683085
 31
0.0
  0
LINE
  5
22A2
330
1F
100
AcDbEntity
  8
1
  6
CONTINUOUS
370
50
 62
4
100
AcDbLine
 10
35.239563
 20
2.801512
 30
0.0
 11
35.302982
 21
2.836165
 31
0.0
  0
LINE
  5
22A3
330
1F
100
AcDbEntity
  8
1
  6
CONTINUOUS
370
50
 62
4
100
AcDbLine
 10
37.557503
 20
-4.275378
 30
0.0
 11
37.616737
 21
-4.242996
 31
0.0
  0
LINE
  5
22A4
330
1F
100
AcDbEntity
  8
1
  6
CONTINUOUS
370
50
 62
4
100
AcDbLine
 10
35.809418
 20
1.679281
 30
0.0
 11
35.872822
 21
1.713963
 31
0.0
  0
LINE
  5
22A5
330
1F
100
AcDbEntity
  8
1
  6
CONTINUOUS
370
50
 62
4
100
AcDbLine
 10
11.131645
 20
1.755493
 30
0.0
 11
11.251532
 21
1.82171
 31
0.0
  0
LINE
  5
22A6
330
1F
100
AcDbEntity
  8
1
  6
CONTINUOUS
370
50
 62
4
100
AcDbLine
 10
25.373503
 20
-1.746515
 30
0.0
 11
25.436745
 21
-1.711546
 31
0.0
  0
LINE
  5
22A7
330
1F
100
AcDbEntity
  8
1
  6
CONTINUOUS
370
50
 62
4
100
AcDbLine
 10
11.679603
 20
-3.683085
 30
0.0
 11
11.703025
 21
-3.670102
 31
0.0
  0
LINE
  5
22A8
330
1F
100
AcDbEntity
  8
1
  6
CONTINUOUS
370
50
 62
4
100
AcDbLine
 10
35.745964
 20
1.644064
 30
0.0
 11
35.809418
 21
1.679281
 31
0.0
  0
LINE
  5
22A9
330
1F
100
AcDbEntity
  8
1
  6
CONTINUOUS
370
50
 62
4
100
AcDbLine
 10
33.927467
 20
2.930673
 30
0.0
 11
33.989571
 21
2.965429
 31
0.0
  0
LINE
  5
22AA
330
1F
100
AcDbEntity
  8
1
  6
CONTINUOUS
370
50
 62
4
100
AcDbLine
 10
32.62022
 20
3.06399
 30
0.0
 11
32.684536
 21
3.100054
 31
0.0
  0
LINE
  5
22AB
330
1F
100
AcDbEntity
  8
1
  6
CONTINUOUS
370
50
 62
4
100
AcDbLine
 10
25.436745
 20
-1.711546
 30
0.0
 11
25.5
 21
-1.676021
 31
0.0
  0
LINE
  5
22AC
330
1F
100
AcDbEntity
  8
1
  6
CONTINUOUS
370
50
 62
4
100
AcDbLine
 10
11.703025
 20
-3.670102
 30
0.0
 11
11.726492
 21
-3.656897
 31
0.0
  0
LINE
  5
22AD
330
1F
100
AcDbEntity
  8
1
  6
CONTINUOUS
370
50
 62
4
100
AcDbLine
 10
35.682499
 20
1.608332
 30
0.0
 11
35.745964
 21
1.644064
 31
0.0
  0
LINE
  5
22AE
330
1F
100
AcDbEntity
  8
1
  6
CONTINUOUS
370
50
 62
4
100
AcDbLine
 10
4.962471
 20
-0.057878
 30
0.0
 11
4.997195
 21
-0.038259
 31
0.0
  0
LINE
  5
22AF
330
1F
100
AcDbEntity
  8
1
  6
CONTINUOUS
370
50
 62
4
100
AcDbLine
 10
11.726492
 20
-3.656897
 30
0.0
 11
11.75
 21
-3.643472
 31
0.0
  0
LINE
  5
22B0
330
1F
100
AcDbEntity
  8
1
  6
CONTINUOUS
370
50
 62
4
100
AcDbLine
 10
4.530046
 20
-4.888688
 30
0.0
 11
4.553916
 21
-4.874909
 31
0.0
  0
LINE
  5
22B1
330
1F
100
AcDbEntity
  8
1
  6
CONTINUOUS
370
50
 62
4
100
AcDbLine
 10
4.578135
 20
4.615246
 30
0.0
 11
4.611348
 21
4.634541
 31
0.0
  0
LINE
  5
22B2
330
1F
100
AcDbEntity
  8
1
  6
CONTINUOUS
370
50
 62
4
100
AcDbLine
 10
4.928898999999999
 20
-0.077808
 30
0.0
 11
4.962471
 21
-0.057878
 31
0.0
  0
LINE
  5
22B3
330
1F
100
AcDbEntity
  8
1
  6
CONTINUOUS
370
50
 62
4
100
AcDbLine
 10
34.811821
 20
2.019977
 30
0.0
 11
34.875
 21
2.057603
 31
0.0
  0
LINE
  5
22B4
330
1F
100
AcDbEntity
  8
1
  6
CONTINUOUS
370
50
 62
4
100
AcDbLine
 10
26.307501
 20
-2.137746
 30
0.0
 11
26.370674
 21
-2.099945
 31
0.0
  0
LINE
  5
22B5
330
1F
100
AcDbEntity
  8
1
  6
CONTINUOUS
370
50
 62
4
100
AcDbLine
 10
31.307501
 20
3.19487
 30
0.0
 11
31.35994
 21
3.226283
 31
0.0
  0
LINE
  5
22B6
330
1F
100
AcDbEntity
  8
1
  6
CONTINUOUS
370
50
 62
4
100
AcDbLine
 10
25.750885
 20
3.767853
 30
0.0
 11
25.818037
 21
3.808338
 31
0.0
  0
LINE
  5
22B7
330
1F
100
AcDbEntity
  8
1
  6
CONTINUOUS
370
50
 62
4
100
AcDbLine
 10
34.748631
 20
1.981846
 30
0.0
 11
34.811821
 21
2.019977
 31
0.0
  0
LINE
  5
22B8
330
1F
100
AcDbEntity
  8
1
  6
CONTINUOUS
370
50
 62
4
100
AcDbLine
 10
26.370674
 20
-2.099945
 30
0.0
 11
26.433861
 21
-2.0616
 31
0.0
  0
LINE
  5
22B9
330
1F
100
AcDbEntity
  8
1
  6
CONTINUOUS
370
50
 62
4
100
AcDbLine
 10
26.932499
 20
3.637817
 30
0.0
 11
26.990126
 21
3.672875
 31
0.0
  0
LINE
  5
22BA
330
1F
100
AcDbEntity
  8
1
  6
CONTINUOUS
370
50
 62
4
100
AcDbLine
 10
34.685429
 20
1.94321
 30
0.0
 11
34.748631
 21
1.981846
 31
0.0
  0
LINE
  5
22BB
330
1F
100
AcDbEntity
  8
1
  6
CONTINUOUS
370
50
 62
4
100
AcDbLine
 10
26.433861
 20
-2.0616
 30
0.0
 11
26.497061
 21
-2.022713
 31
0.0
  0
LINE
  5
22BC
330
1F
100
AcDbEntity
  8
1
  6
CONTINUOUS
370
50
 62
4
100
AcDbLine
 10
24.565836
 20
3.897045
 30
0.0
 11
24.630512
 21
3.937021
 31
0.0
  0
LINE
  5
22BD
330
1F
100
AcDbEntity
  8
1
  6
CONTINUOUS
370
50
 62
4
100
AcDbLine
 10
34.622211
 20
1.904071
 30
0.0
 11
34.685429
 21
1.94321
 31
0.0
  0
LINE
  5
22BE
330
1F
100
AcDbEntity
  8
1
  6
CONTINUOUS
370
50
 62
4
100
AcDbLine
 10
26.497061
 20
-2.022713
 30
0.0
 11
26.560276
 21
-1.983284
 31
0.0
  0
LINE
  5
22BF
330
1F
100
AcDbEntity
  8
1
  6
CONTINUOUS
370
50
 62
4
100
AcDbLine
 10
4.896491999999999
 20
-0.098041
 30
0.0
 11
4.928898999999999
 21
-0.077808
 31
0.0
  0
LINE
  5
22C0
330
1F
100
AcDbEntity
  8
1
  6
CONTINUOUS
370
50
 62
4
100
AcDbLine
 10
34.558987
 20
1.864429
 30
0.0
 11
34.622211
 21
1.904071
 31
0.0
  0
LINE
  5
22C1
330
1F
100
AcDbEntity
  8
1
  6
CONTINUOUS
370
50
 62
4
100
AcDbLine
 10
26.560276
 20
-1.983284
 30
0.0
 11
26.623505
 21
-1.943315
 31
0.0
  0
LINE
  5
22C2
330
1F
100
AcDbEntity
  8
1
  6
CONTINUOUS
370
50
 62
4
100
AcDbLine
 10
23.380499
 20
4.025567
 30
0.0
 11
23.443769
 21
4.065574
 31
0.0
  0
LINE
  5
22C3
330
1F
100
AcDbEntity
  8
1
  6
CONTINUOUS
370
50
 62
4
100
AcDbLine
 10
34.495747
 20
1.824285
 30
0.0
 11
34.558987
 21
1.864429
 31
0.0
  0
LINE
  5
22C4
330
1F
100
AcDbEntity
  8
1
  6
CONTINUOUS
370
50
 62
4
100
AcDbLine
 10
26.623505
 20
-1.943315
 30
0.0
 11
26.686747
 21
-1.902807
 31
0.0
  0
LINE
  5
22C5
330
1F
100
AcDbEntity
  8
1
  6
CONTINUOUS
370
50
 62
4
100
AcDbLine
 10
11.014114
 20
1.680203
 30
0.0
 11
11.131645
 21
1.755493
 31
0.0
  0
LINE
  5
22C6
330
1F
100
AcDbEntity
  8
1
  6
CONTINUOUS
370
50
 62
4
100
AcDbLine
 10
34.432499
 20
1.78364
 30
0.0
 11
34.495747
 21
1.824285
 31
0.0
  0
LINE
  5
22C7
330
1F
100
AcDbEntity
  8
1
  6
CONTINUOUS
370
50
 62
4
100
AcDbLine
 10
22.193768
 20
4.151955
 30
0.0
 11
22.255619
 21
4.19192
 31
0.0
  0
LINE
  5
22C8
330
1F
100
AcDbEntity
  8
1
  6
CONTINUOUS
370
50
 62
4
100
AcDbLine
 10
26.686747
 20
-1.902807
 30
0.0
 11
26.75
 21
-1.861763
 31
0.0
  0
LINE
  5
22C9
330
1F
100
AcDbEntity
  8
1
  6
CONTINUOUS
370
50
 62
4
100
AcDbLine
 10
4.865263
 20
-0.118572
 30
0.0
 11
4.896491999999999
 21
-0.098041
 31
0.0
  0
LINE
  5
22CA
330
1F
100
AcDbEntity
  8
1
  6
CONTINUOUS
370
50
 62
4
100
AcDbLine
 10
37.802933
 20
2.496094
 30
0.0
 11
37.867512
 21
2.538677
 31
0.0
  0
LINE
  5
22CB
330
1F
100
AcDbEntity
  8
1
  6
CONTINUOUS
370
50
 62
4
100
AcDbLine
 10
21.005615
 20
4.27621
 30
0.0
 11
21.066036
 21
4.316082
 31
0.0
  0
LINE
  5
22CC
330
1F
100
AcDbEntity
  8
1
  6
CONTINUOUS
370
50
 62
4
100
AcDbLine
 10
19.816034
 20
4.398347999999999
 30
0.0
 11
19.87501
 21
4.43809
 31
0.0
  0
LINE
  5
22CD
330
1F
100
AcDbEntity
  8
1
  6
CONTINUOUS
370
50
 62
4
100
AcDbLine
 10
37.616737
 20
-4.242996
 30
0.0
 11
37.677418
 21
-4.202083
 31
0.0
  0
LINE
  5
22CE
330
1F
100
AcDbEntity
  8
1
  6
CONTINUOUS
370
50
 62
4
100
AcDbLine
 10
33.561821
 20
2.221167
 30
0.0
 11
33.625
 21
2.263778
 31
0.0
  0
LINE
  5
22CF
330
1F
100
AcDbEntity
  8
1
  6
CONTINUOUS
370
50
 62
4
100
AcDbLine
 10
36.489506
 20
2.630692
 30
0.0
 11
36.552929
 21
2.673637
 31
0.0
  0
LINE
  5
22D0
330
1F
100
AcDbEntity
  8
1
  6
CONTINUOUS
370
50
 62
4
100
AcDbLine
 10
33.498631
 20
2.178061
 30
0.0
 11
33.561821
 21
2.221167
 31
0.0
  0
LINE
  5
22D1
330
1F
100
AcDbEntity
  8
1
  6
CONTINUOUS
370
50
 62
4
100
AcDbLine
 10
27.557501
 20
-2.353327
 30
0.0
 11
27.620674
 21
-2.310092
 31
0.0
  0
LINE
  5
22D2
330
1F
100
AcDbEntity
  8
1
  6
CONTINUOUS
370
50
 62
4
100
AcDbLine
 10
33.435429
 20
2.13446
 30
0.0
 11
33.498631
 21
2.178061
 31
0.0
  0
LINE
  5
22D3
330
1F
100
AcDbEntity
  8
1
  6
CONTINUOUS
370
50
 62
4
100
AcDbLine
 10
36.307503
 20
-4.374565
 30
0.0
 11
36.366737
 21
-4.333698
 31
0.0
  0
LINE
  5
22D4
330
1F
100
AcDbEntity
  8
1
  6
CONTINUOUS
370
50
 62
4
100
AcDbLine
 10
27.620674
 20
-2.310092
 30
0.0
 11
27.683863
 21
-2.266334
 31
0.0
  0
LINE
  5
22D5
330
1F
100
AcDbEntity
  8
1
  6
CONTINUOUS
370
50
 62
4
100
AcDbLine
 10
4.834692
 20
-0.139776
 30
0.0
 11
4.865263
 21
-0.118572
 31
0.0
  0
LINE
  5
22D6
330
1F
100
AcDbEntity
  8
1
  6
CONTINUOUS
370
50
 62
4
100
AcDbLine
 10
35.17746
 20
2.758309
 30
0.0
 11
35.239563
 21
2.801512
 31
0.0
  0
LINE
  5
22D7
330
1F
100
AcDbEntity
  8
1
  6
CONTINUOUS
370
50
 62
4
100
AcDbLine
 10
33.372211
 20
2.090366
 30
0.0
 11
33.435429
 21
2.13446
 31
0.0
  0
LINE
  5
22D8
330
1F
100
AcDbEntity
  8
1
  6
CONTINUOUS
370
50
 62
4
100
AcDbLine
 10
27.683863
 20
-2.266334
 30
0.0
 11
27.747063
 21
-2.222053
 31
0.0
  0
LINE
  5
22D9
330
1F
100
AcDbEntity
  8
1
  6
CONTINUOUS
370
50
 62
4
100
AcDbLine
 10
33.308987
 20
2.04578
 30
0.0
 11
33.372211
 21
2.090366
 31
0.0
  0
LINE
  5
22DA
330
1F
100
AcDbEntity
  8
1
  6
CONTINUOUS
370
50
 62
4
100
AcDbLine
 10
27.747063
 20
-2.222053
 30
0.0
 11
27.810278
 21
-2.17725
 31
0.0
  0
LINE
  5
22DB
330
1F
100
AcDbEntity
  8
1
  6
CONTINUOUS
370
50
 62
4
100
AcDbLine
 10
33.245747
 20
2.000701
 30
0.0
 11
33.308987
 21
2.04578
 31
0.0
  0
LINE
  5
22DC
330
1F
100
AcDbEntity
  8
1
  6
CONTINUOUS
370
50
 62
4
100
AcDbLine
 10
33.866768
 20
2.887319
 30
0.0
 11
33.927467
 21
2.930673
 31
0.0
  0
LINE
  5
22DD
330
1F
100
AcDbEntity
  8
1
  6
CONTINUOUS
370
50
 62
4
100
AcDbLine
 10
27.810278
 20
-2.17725
 30
0.0
 11
27.873507
 21
-2.131927
 31
0.0
  0
LINE
  5
22DE
330
1F
100
AcDbEntity
  8
1
  6
CONTINUOUS
370
50
 62
4
100
AcDbLine
 10
33.182499
 20
1.955132
 30
0.0
 11
33.245747
 21
2.000701
 31
0.0
  0
LINE
  5
22DF
330
1F
100
AcDbEntity
  8
1
  6
CONTINUOUS
370
50
 62
4
100
AcDbLine
 10
27.873507
 20
-2.131927
 30
0.0
 11
27.936749
 21
-2.086084
 31
0.0
  0
LINE
  5
22E0
330
1F
100
AcDbEntity
  8
1
  6
CONTINUOUS
370
50
 62
4
100
AcDbLine
 10
32.557503
 20
3.018214
 30
0.0
 11
32.62022
 21
3.06399
 31
0.0
  0
LINE
  5
22E1
330
1F
100
AcDbEntity
  8
1
  6
CONTINUOUS
370
50
 62
4
100
AcDbLine
 10
27.936749
 20
-2.086084
 30
0.0
 11
28.0
 21
-2.039726
 31
0.0
  0
LINE
  5
22E2
330
1F
100
AcDbEntity
  8
1
  6
CONTINUOUS
370
50
 62
4
100
AcDbLine
 10
4.804473
 20
-0.161958
 30
0.0
 11
4.834692
 21
-0.139776
 31
0.0
  0
LINE
  5
22E3
330
1F
100
AcDbEntity
  8
1
  6
CONTINUOUS
370
50
 62
4
100
AcDbLine
 10
10.899172
 20
1.595586
 30
0.0
 11
11.014114
 21
1.680203
 31
0.0
  0
LINE
  5
22E4
330
1F
100
AcDbEntity
  8
1
  6
CONTINUOUS
370
50
 62
4
100
AcDbLine
 10
25.682499
 20
3.717194
 30
0.0
 11
25.750885
 21
3.767853
 31
0.0
  0
LINE
  5
22E5
330
1F
100
AcDbEntity
  8
1
  6
CONTINUOUS
370
50
 62
4
100
AcDbLine
 10
32.311821
 20
2.41787
 30
0.0
 11
32.375
 21
2.465358
 31
0.0
  0
LINE
  5
22E6
330
1F
100
AcDbEntity
  8
1
  6
CONTINUOUS
370
50
 62
4
100
AcDbLine
 10
24.499765
 20
3.847126
 30
0.0
 11
24.565836
 21
3.897045
 31
0.0
  0
LINE
  5
22E7
330
1F
100
AcDbEntity
  8
1
  6
CONTINUOUS
370
50
 62
4
100
AcDbLine
 10
32.248631
 20
2.369898
 30
0.0
 11
32.311821
 21
2.41787
 31
0.0
  0
LINE
  5
22E8
330
1F
100
AcDbEntity
  8
1
  6
CONTINUOUS
370
50
 62
4
100
AcDbLine
 10
4.550583
 20
4.594237
 30
0.0
 11
4.578135
 21
4.615246
 31
0.0
  0
LINE
  5
22E9
330
1F
100
AcDbEntity
  8
1
  6
CONTINUOUS
370
50
 62
4
100
AcDbLine
 10
32.185429
 20
2.321441
 30
0.0
 11
32.248631
 21
2.369898
 31
0.0
  0
LINE
  5
22EA
330
1F
100
AcDbEntity
  8
1
  6
CONTINUOUS
370
50
 62
4
100
AcDbLine
 10
28.807501
 20
-2.55974
 30
0.0
 11
28.870676
 21
-2.511279
 31
0.0
  0
LINE
  5
22EB
330
1F
100
AcDbEntity
  8
1
  6
CONTINUOUS
370
50
 62
4
100
AcDbLine
 10
23.315823
 20
3.975685
 30
0.0
 11
23.380499
 21
4.025567
 31
0.0
  0
LINE
  5
22EC
330
1F
100
AcDbEntity
  8
1
  6
CONTINUOUS
370
50
 62
4
100
AcDbLine
 10
32.122211
 20
2.272501
 30
0.0
 11
32.185429
 21
2.321441
 31
0.0
  0
LINE
  5
22ED
330
1F
100
AcDbEntity
  8
1
  6
CONTINUOUS
370
50
 62
4
100
AcDbLine
 10
28.870676
 20
-2.511279
 30
0.0
 11
28.933865
 21
-2.462315
 31
0.0
  0
LINE
  5
22EE
330
1F
100
AcDbEntity
  8
1
  6
CONTINUOUS
370
50
 62
4
100
AcDbLine
 10
4.774781
 20
-0.185113
 30
0.0
 11
4.804473
 21
-0.161958
 31
0.0
  0
LINE
  5
22EF
330
1F
100
AcDbEntity
  8
1
  6
CONTINUOUS
370
50
 62
4
100
AcDbLine
 10
32.058987
 20
2.223078
 30
0.0
 11
32.122211
 21
2.272501
 31
0.0
  0
LINE
  5
22F0
330
1F
100
AcDbEntity
  8
1
  6
CONTINUOUS
370
50
 62
4
100
AcDbLine
 10
28.933865
 20
-2.462315
 30
0.0
 11
28.997066
 21
-2.412848
 31
0.0
  0
LINE
  5
22F1
330
1F
100
AcDbEntity
  8
1
  6
CONTINUOUS
370
50
 62
4
100
AcDbLine
 10
22.130497
 20
4.102164
 30
0.0
 11
22.193768
 21
4.151955
 31
0.0
  0
LINE
  5
22F2
330
1F
100
AcDbEntity
  8
1
  6
CONTINUOUS
370
50
 62
4
100
AcDbLine
 10
31.995749
 20
2.173174
 30
0.0
 11
32.058987
 21
2.223078
 31
0.0
  0
LINE
  5
22F3
330
1F
100
AcDbEntity
  8
1
  6
CONTINUOUS
370
50
 62
4
100
AcDbLine
 10
28.997066
 20
-2.412848
 30
0.0
 11
29.06028
 21
-2.362879
 31
0.0
  0
LINE
  5
22F4
330
1F
100
AcDbEntity
  8
1
  6
CONTINUOUS
370
50
 62
4
100
AcDbLine
 10
37.677418
 20
-4.202083
 30
0.0
 11
37.739517
 21
-4.152801
 31
0.0
  0
LINE
  5
22F5
330
1F
100
AcDbEntity
  8
1
  6
CONTINUOUS
370
50
 62
4
100
AcDbLine
 10
31.932501
 20
2.122789
 30
0.0
 11
31.995749
 21
2.173174
 31
0.0
  0
LINE
  5
22F6
330
1F
100
AcDbEntity
  8
1
  6
CONTINUOUS
370
50
 62
4
100
AcDbLine
 10
29.06028
 20
-2.362879
 30
0.0
 11
29.123508
 21
-2.312409
 31
0.0
  0
LINE
  5
22F7
330
1F
100
AcDbEntity
  8
1
  6
CONTINUOUS
370
50
 62
4
100
AcDbLine
 10
20.943764
 20
4.226547
 30
0.0
 11
21.005615
 21
4.27621
 31
0.0
  0
LINE
  5
22F8
330
1F
100
AcDbEntity
  8
1
  6
CONTINUOUS
370
50
 62
4
100
AcDbLine
 10
37.739517
 20
2.445088
 30
0.0
 11
37.802933
 21
2.496094
 31
0.0
  0
LINE
  5
22F9
330
1F
100
AcDbEntity
  8
1
  6
CONTINUOUS
370
50
 62
4
100
AcDbLine
 10
29.123508
 20
-2.312409
 30
0.0
 11
29.186749
 21
-2.261441
 31
0.0
  0
LINE
  5
22FA
330
1F
100
AcDbEntity
  8
1
  6
CONTINUOUS
370
50
 62
4
100
AcDbLine
 10
36.366737
 20
-4.333698
 30
0.0
 11
36.427414
 21
-4.284384
 31
0.0
  0
LINE
  5
22FB
330
1F
100
AcDbEntity
  8
1
  6
CONTINUOUS
370
50
 62
4
100
AcDbLine
 10
29.186749
 20
-2.261441
 30
0.0
 11
29.25
 21
-2.209977
 31
0.0
  0
LINE
  5
22FC
330
1F
100
AcDbEntity
  8
1
  6
CONTINUOUS
370
50
 62
4
100
AcDbLine
 10
19.755613
 20
4.348827
 30
0.0
 11
19.816034
 21
4.398347999999999
 31
0.0
  0
LINE
  5
22FD
330
1F
100
AcDbEntity
  8
1
  6
CONTINUOUS
370
50
 62
4
100
AcDbLine
 10
31.061821
 20
2.610016
 30
0.0
 11
31.125
 21
2.662273
 31
0.0
  0
LINE
  5
22FE
330
1F
100
AcDbEntity
  8
1
  6
CONTINUOUS
370
50
 62
4
100
AcDbLine
 10
36.427414
 20
2.579268
 30
0.0
 11
36.489506
 21
2.630692
 31
0.0
  0
LINE
  5
22FF
330
1F
100
AcDbEntity
  8
1
  6
CONTINUOUS
370
50
 62
4
100
AcDbLine
 10
35.057503
 20
-4.459487
 30
0.0
 11
35.116764
 21
-4.410254
 31
0.0
  0
LINE
  5
2300
330
1F
100
AcDbEntity
  8
1
  6
CONTINUOUS
370
50
 62
4
100
AcDbLine
 10
4.74579
 20
-0.209236
 30
0.0
 11
4.774781
 21
-0.185113
 31
0.0
  0
LINE
  5
2301
330
1F
100
AcDbEntity
  8
1
  6
CONTINUOUS
370
50
 62
4
100
AcDbLine
 10
30.998631
 20
2.557285
 30
0.0
 11
31.061821
 21
2.610016
 31
0.0
  0
LINE
  5
2302
330
1F
100
AcDbEntity
  8
1
  6
CONTINUOUS
370
50
 62
4
100
AcDbLine
 10
18.566032
 20
4.468993999999999
 30
0.0
 11
18.62501
 21
4.518376
 31
0.0
  0
LINE
  5
2303
330
1F
100
AcDbEntity
  8
1
  6
CONTINUOUS
370
50
 62
4
100
AcDbLine
 10
30.935429
 20
2.50408
 30
0.0
 11
30.998631
 21
2.557285
 31
0.0
  0
LINE
  5
2304
330
1F
100
AcDbEntity
  8
1
  6
CONTINUOUS
370
50
 62
4
100
AcDbLine
 10
30.057501
 20
-2.757095
 30
0.0
 11
30.120676
 21
-2.703618
 31
0.0
  0
LINE
  5
2305
330
1F
100
AcDbEntity
  8
1
  6
CONTINUOUS
370
50
 62
4
100
AcDbLine
 10
30.872213
 20
2.450402
 30
0.0
 11
30.935429
 21
2.50408
 31
0.0
  0
LINE
  5
2306
330
1F
100
AcDbEntity
  8
1
  6
CONTINUOUS
370
50
 62
4
100
AcDbLine
 10
35.116764
 20
2.706591
 30
0.0
 11
35.17746
 21
2.758309
 31
0.0
  0
LINE
  5
2307
330
1F
100
AcDbEntity
  8
1
  6
CONTINUOUS
370
50
 62
4
100
AcDbLine
 10
30.120676
 20
-2.703618
 30
0.0
 11
30.183867
 21
-2.649657
 31
0.0
  0
LINE
  5
2308
330
1F
100
AcDbEntity
  8
1
  6
CONTINUOUS
370
50
 62
4
100
AcDbLine
 10
30.808987
 20
2.396252
 30
0.0
 11
30.872213
 21
2.450402
 31
0.0
  0
LINE
  5
2309
330
1F
100
AcDbEntity
  8
1
  6
CONTINUOUS
370
50
 62
4
100
AcDbLine
 10
30.183867
 20
-2.649657
 30
0.0
 11
30.247068
 21
-2.595212
 31
0.0
  0
LINE
  5
230A
330
1F
100
AcDbEntity
  8
1
  6
CONTINUOUS
370
50
 62
4
100
AcDbLine
 10
30.745749
 20
2.34163
 30
0.0
 11
30.808987
 21
2.396252
 31
0.0
  0
LINE
  5
230B
330
1F
100
AcDbEntity
  8
1
  6
CONTINUOUS
370
50
 62
4
100
AcDbLine
 10
30.247068
 20
-2.595212
 30
0.0
 11
30.310282
 21
-2.540286
 31
0.0
  0
LINE
  5
230C
330
1F
100
AcDbEntity
  8
1
  6
CONTINUOUS
370
50
 62
4
100
AcDbLine
 10
30.682501
 20
2.286539
 30
0.0
 11
30.745749
 21
2.34163
 31
0.0
  0
LINE
  5
230D
330
1F
100
AcDbEntity
  8
1
  6
CONTINUOUS
370
50
 62
4
100
AcDbLine
 10
30.310282
 20
-2.540286
 30
0.0
 11
30.37351
 21
-2.484879
 31
0.0
  0
LINE
  5
230E
330
1F
100
AcDbEntity
  8
1
  6
CONTINUOUS
370
50
 62
4
100
AcDbLine
 10
33.807503
 20
2.835356
 30
0.0
 11
33.866768
 21
2.887319
 31
0.0
  0
LINE
  5
230F
330
1F
100
AcDbEntity
  8
1
  6
CONTINUOUS
370
50
 62
4
100
AcDbLine
 10
30.37351
 20
-2.484879
 30
0.0
 11
30.43675
 21
-2.428994
 31
0.0
  0
LINE
  5
2310
330
1F
100
AcDbEntity
  8
1
  6
CONTINUOUS
370
50
 62
4
100
AcDbLine
 10
24.432499
 20
3.787514
 30
0.0
 11
24.499765
 21
3.847126
 31
0.0
  0
LINE
  5
2311
330
1F
100
AcDbEntity
  8
1
  6
CONTINUOUS
370
50
 62
4
100
AcDbLine
 10
30.43675
 20
-2.428994
 30
0.0
 11
30.5
 21
-2.372633
 31
0.0
  0
LINE
  5
2312
330
1F
100
AcDbEntity
  8
1
  6
CONTINUOUS
370
50
 62
4
100
AcDbLine
 10
4.717673
 20
-0.234322
 30
0.0
 11
4.74579
 21
-0.209236
 31
0.0
  0
LINE
  5
2313
330
1F
100
AcDbEntity
  8
1
  6
CONTINUOUS
370
50
 62
4
100
AcDbLine
 10
29.811823
 20
2.797457
 30
0.0
 11
29.875
 21
2.854374
 31
0.0
  0
LINE
  5
2314
330
1F
100
AcDbEntity
  8
1
  6
CONTINUOUS
370
50
 62
4
100
AcDbLine
 10
23.249758
 20
3.916018
 30
0.0
 11
23.315823
 21
3.975685
 31
0.0
  0
LINE
  5
2315
330
1F
100
AcDbEntity
  8
1
  6
CONTINUOUS
370
50
 62
4
100
AcDbLine
 10
37.739517
 20
-4.152801
 30
0.0
 11
37.802933
 21
-4.095378
 31
0.0
  0
LINE
  5
2316
330
1F
100
AcDbEntity
  8
1
  6
CONTINUOUS
370
50
 62
4
100
AcDbLine
 10
29.748632
 20
2.740075
 30
0.0
 11
29.811823
 21
2.797457
 31
0.0
  0
LINE
  5
2317
330
1F
100
AcDbEntity
  8
1
  6
CONTINUOUS
370
50
 62
4
100
AcDbLine
 10
11.597257
 20
-3.732821
 30
0.0
 11
11.75
 21
-3.594086
 31
0.0
  0
LINE
  5
2318
330
1F
100
AcDbEntity
  8
1
  6
CONTINUOUS
370
50
 62
4
100
AcDbLine
 10
11.44451
 20
-3.871783
 30
0.0
 11
11.597257
 21
-3.732821
 31
0.0
  0
LINE
  5
2319
330
1F
100
AcDbEntity
  8
1
  6
CONTINUOUS
370
50
 62
4
100
AcDbLine
 10
11.291764
 20
-4.010971
 30
0.0
 11
11.44451
 21
-3.871783
 31
0.0
  0
LINE
  5
231A
330
1F
100
AcDbEntity
  8
1
  6
CONTINUOUS
370
50
 62
4
100
AcDbLine
 10
11.139023
 20
-4.150384
 30
0.0
 11
11.291764
 21
-4.010971
 31
0.0
  0
LINE
  5
231B
330
1F
100
AcDbEntity
  8
1
  6
CONTINUOUS
370
50
 62
4
100
AcDbLine
 10
10.98629
 20
-4.29002
 30
0.0
 11
11.139023
 21
-4.150384
 31
0.0
  0
LINE
  5
231C
330
1F
100
AcDbEntity
  8
1
  6
CONTINUOUS
370
50
 62
4
100
AcDbLine
 10
29.685429
 20
2.68223
 30
0.0
 11
29.748632
 21
2.740075
 31
0.0
  0
LINE
  5
231D
330
1F
100
AcDbEntity
  8
1
  6
CONTINUOUS
370
50
 62
4
100
AcDbLine
 10
10.833568
 20
-4.429876
 30
0.0
 11
10.98629
 21
-4.29002
 31
0.0
  0
LINE
  5
231E
330
1F
100
AcDbEntity
  8
1
  6
CONTINUOUS
370
50
 62
4
100
AcDbLine
 10
22.065821
 20
4.042655
 30
0.0
 11
22.130497
 21
4.102164
 31
0.0
  0
LINE
  5
231F
330
1F
100
AcDbEntity
  8
1
  6
CONTINUOUS
370
50
 62
4
100
AcDbLine
 10
29.622215
 20
2.623923
 30
0.0
 11
29.685429
 21
2.68223
 31
0.0
  0
LINE
  5
2320
330
1F
100
AcDbEntity
  8
1
  6
CONTINUOUS
370
50
 62
4
100
AcDbLine
 10
31.307501
 20
-2.945546
 30
0.0
 11
31.370678
 21
-2.887259
 31
0.0
  0
LINE
  5
2321
330
1F
100
AcDbEntity
  8
1
  6
CONTINUOUS
370
50
 62
4
100
AcDbLine
 10
36.427414
 20
-4.284384
 30
0.0
 11
36.489506
 21
-4.2268
 31
0.0
  0
LINE
  5
2322
330
1F
100
AcDbEntity
  8
1
  6
CONTINUOUS
370
50
 62
4
100
AcDbLine
 10
29.558989
 20
2.565153
 30
0.0
 11
29.622215
 21
2.623923
 31
0.0
  0
LINE
  5
2323
330
1F
100
AcDbEntity
  8
1
  6
CONTINUOUS
370
50
 62
4
100
AcDbLine
 10
31.370678
 20
-2.887259
 30
0.0
 11
31.433867
 21
-2.828509
 31
0.0
  0
LINE
  5
2324
330
1F
100
AcDbEntity
  8
1
  6
CONTINUOUS
370
50
 62
4
100
AcDbLine
 10
29.495749
 20
2.505924
 30
0.0
 11
29.558989
 21
2.565153
 31
0.0
  0
LINE
  5
2325
330
1F
100
AcDbEntity
  8
1
  6
CONTINUOUS
370
50
 62
4
100
AcDbLine
 10
31.433867
 20
-2.828509
 30
0.0
 11
31.49707
 21
-2.769295
 31
0.0
  0
LINE
  5
2326
330
1F
100
AcDbEntity
  8
1
  6
CONTINUOUS
370
50
 62
4
100
AcDbLine
 10
20.880493
 20
4.167216
 30
0.0
 11
20.943764
 21
4.226547
 31
0.0
  0
LINE
  5
2327
330
1F
100
AcDbEntity
  8
1
  6
CONTINUOUS
370
50
 62
4
100
AcDbLine
 10
29.432501
 20
2.446235
 30
0.0
 11
29.495749
 21
2.505924
 31
0.0
  0
LINE
  5
2328
330
1F
100
AcDbEntity
  8
1
  6
CONTINUOUS
370
50
 62
4
100
AcDbLine
 10
31.49707
 20
-2.769295
 30
0.0
 11
31.560284
 21
-2.70962
 31
0.0
  0
LINE
  5
2329
330
1F
100
AcDbEntity
  8
1
  6
CONTINUOUS
370
50
 62
4
100
AcDbLine
 10
35.116764
 20
-4.410254
 30
0.0
 11
35.17746
 21
-4.352726
 31
0.0
  0
LINE
  5
232A
330
1F
100
AcDbEntity
  8
1
  6
CONTINUOUS
370
50
 62
4
100
AcDbLine
 10
31.560284
 20
-2.70962
 30
0.0
 11
31.623512
 21
-2.649484
 31
0.0
  0
LINE
  5
232B
330
1F
100
AcDbEntity
  8
1
  6
CONTINUOUS
370
50
 62
4
100
AcDbLine
 10
37.677418
 20
2.385739
 30
0.0
 11
37.739517
 21
2.445088
 31
0.0
  0
LINE
  5
232C
330
1F
100
AcDbEntity
  8
1
  6
CONTINUOUS
370
50
 62
4
100
AcDbLine
 10
19.69376
 20
4.289673
 30
0.0
 11
19.755613
 21
4.348827
 31
0.0
  0
LINE
  5
232D
330
1F
100
AcDbEntity
  8
1
  6
CONTINUOUS
370
50
 62
4
100
AcDbLine
 10
31.623512
 20
-2.649484
 30
0.0
 11
31.68675
 21
-2.588888
 31
0.0
  0
LINE
  5
232E
330
1F
100
AcDbEntity
  8
1
  6
CONTINUOUS
370
50
 62
4
100
AcDbLine
 10
4.690606
 20
-0.260368
 30
0.0
 11
4.717673
 21
-0.234322
 31
0.0
  0
LINE
  5
232F
330
1F
100
AcDbEntity
  8
1
  6
CONTINUOUS
370
50
 62
4
100
AcDbLine
 10
31.68675
 20
-2.588888
 30
0.0
 11
31.75
 21
-2.527838
 31
0.0
  0
LINE
  5
2330
330
1F
100
AcDbEntity
  8
1
  6
CONTINUOUS
370
50
 62
4
100
AcDbLine
 10
33.807503
 20
-4.533866
 30
0.0
 11
33.866768
 21
-4.47637
 31
0.0
  0
LINE
  5
2331
330
1F
100
AcDbEntity
  8
1
  6
CONTINUOUS
370
50
 62
4
100
AcDbLine
 10
28.561823
 20
2.979951
 30
0.0
 11
28.625
 21
3.041421
 31
0.0
  0
LINE
  5
2332
330
1F
100
AcDbEntity
  8
1
  6
CONTINUOUS
370
50
 62
4
100
AcDbLine
 10
18.50561
 20
4.409994
 30
0.0
 11
18.566032
 21
4.468993999999999
 31
0.0
  0
LINE
  5
2333
330
1F
100
AcDbEntity
  8
1
  6
CONTINUOUS
370
50
 62
4
100
AcDbLine
 10
28.498632
 20
2.918028
 30
0.0
 11
28.561823
 21
2.979951
 31
0.0
  0
LINE
  5
2334
330
1F
100
AcDbEntity
  8
1
  6
CONTINUOUS
370
50
 62
4
100
AcDbLine
 10
36.366737
 20
2.519425
 30
0.0
 11
36.427414
 21
2.579268
 31
0.0
  0
LINE
  5
2335
330
1F
100
AcDbEntity
  8
1
  6
CONTINUOUS
370
50
 62
4
100
AcDbLine
 10
28.435431
 20
2.855653
 30
0.0
 11
28.498632
 21
2.918028
 31
0.0
  0
LINE
  5
2336
330
1F
100
AcDbEntity
  8
1
  6
CONTINUOUS
370
50
 62
4
100
AcDbLine
 10
4.5165
 20
-4.902106
 30
0.0
 11
4.530046
 21
-4.888688
 31
0.0
  0
LINE
  5
2337
330
1F
100
AcDbEntity
  8
1
  6
CONTINUOUS
370
50
 62
4
100
AcDbLine
 10
12.933243
 20
1.736085
 30
0.0
 11
13.000003
 21
1.802387
 31
0.0
  0
LINE
  5
2338
330
1F
100
AcDbEntity
  8
1
  6
CONTINUOUS
370
50
 62
4
100
AcDbLine
 10
28.372215
 20
2.792826
 30
0.0
 11
28.435431
 21
2.855653
 31
0.0
  0
LINE
  5
2339
330
1F
100
AcDbEntity
  8
1
  6
CONTINUOUS
370
50
 62
4
100
AcDbLine
 10
32.557499
 20
-3.125257
 30
0.0
 11
32.620678
 21
-3.062369
 31
0.0
  0
LINE
  5
233A
330
1F
100
AcDbEntity
  8
1
  6
CONTINUOUS
370
50
 62
4
100
AcDbLine
 10
17.316031
 20
4.528128
 30
0.0
 11
17.37501
 21
4.587016
 31
0.0
  0
LINE
  5
233B
330
1F
100
AcDbEntity
  8
1
  6
CONTINUOUS
370
50
 62
4
100
AcDbLine
 10
28.308989
 20
2.729549
 30
0.0
 11
28.372215
 21
2.792826
 31
0.0
  0
LINE
  5
233C
330
1F
100
AcDbEntity
  8
1
  6
CONTINUOUS
370
50
 62
4
100
AcDbLine
 10
32.620678
 20
-3.062369
 30
0.0
 11
32.683868
 21
-2.999035
 31
0.0
  0
LINE
  5
233D
330
1F
100
AcDbEntity
  8
1
  6
CONTINUOUS
370
50
 62
4
100
AcDbLine
 10
28.24575
 20
2.665822
 30
0.0
 11
28.308989
 21
2.729549
 31
0.0
  0
LINE
  5
233E
330
1F
100
AcDbEntity
  8
1
  6
CONTINUOUS
370
50
 62
4
100
AcDbLine
 10
32.683868
 20
-2.999035
 30
0.0
 11
32.74707
 21
-2.935258
 31
0.0
  0
LINE
  5
233F
330
1F
100
AcDbEntity
  8
1
  6
CONTINUOUS
370
50
 62
4
100
AcDbLine
 10
37.802933
 20
-4.095378
 30
0.0
 11
37.867512
 21
-4.030133
 31
0.0
  0
LINE
  5
2340
330
1F
100
AcDbEntity
  8
1
  6
CONTINUOUS
370
50
 62
4
100
AcDbLine
 10
28.182501
 20
2.601648
 30
0.0
 11
28.24575
 21
2.665822
 31
0.0
  0
LINE
  5
2341
330
1F
100
AcDbEntity
  8
1
  6
CONTINUOUS
370
50
 62
4
100
AcDbLine
 10
32.74707
 20
-2.935258
 30
0.0
 11
32.810284
 21
-2.871038
 31
0.0
  0
LINE
  5
2342
330
1F
100
AcDbEntity
  8
1
  6
CONTINUOUS
370
50
 62
4
100
AcDbLine
 10
35.057503
 20
2.646364
 30
0.0
 11
35.116764
 21
2.706591
 31
0.0
  0
LINE
  5
2343
330
1F
100
AcDbEntity
  8
1
  6
CONTINUOUS
370
50
 62
4
100
AcDbLine
 10
32.810284
 20
-2.871038
 30
0.0
 11
32.873512
 21
-2.806378
 31
0.0
  0
LINE
  5
2344
330
1F
100
AcDbEntity
  8
1
  6
CONTINUOUS
370
50
 62
4
100
AcDbLine
 10
23.182499
 20
3.846863
 30
0.0
 11
23.249758
 21
3.916018
 31
0.0
  0
LINE
  5
2345
330
1F
100
AcDbEntity
  8
1
  6
CONTINUOUS
370
50
 62
4
100
AcDbLine
 10
32.873512
 20
-2.806378
 30
0.0
 11
32.936752
 21
-2.741278
 31
0.0
  0
LINE
  5
2346
330
1F
100
AcDbEntity
  8
1
  6
CONTINUOUS
370
50
 62
4
100
AcDbLine
 10
36.489506
 20
-4.2268
 30
0.0
 11
36.552929
 21
-4.161186
 31
0.0
  0
LINE
  5
2347
330
1F
100
AcDbEntity
  8
1
  6
CONTINUOUS
370
50
 62
4
100
AcDbLine
 10
32.936752
 20
-2.741278
 30
0.0
 11
33.0
 21
-2.675741
 31
0.0
  0
LINE
  5
2348
330
1F
100
AcDbEntity
  8
1
  6
CONTINUOUS
370
50
 62
4
100
AcDbLine
 10
27.311823
 20
3.157152
 30
0.0
 11
27.375
 21
3.223063
 31
0.0
  0
LINE
  5
2349
330
1F
100
AcDbEntity
  8
1
  6
CONTINUOUS
370
50
 62
4
100
AcDbLine
 10
4.664759999999999
 20
-0.287367
 30
0.0
 11
4.690606
 21
-0.260368
 31
0.0
  0
LINE
  5
234A
330
1F
100
AcDbEntity
  8
1
  6
CONTINUOUS
370
50
 62
4
100
AcDbLine
 10
21.999756
 20
3.973537
 30
0.0
 11
22.065821
 21
4.042655
 31
0.0
  0
LINE
  5
234B
330
1F
100
AcDbEntity
  8
1
  6
CONTINUOUS
370
50
 62
4
100
AcDbLine
 10
27.248634
 20
3.0908
 30
0.0
 11
27.311823
 21
3.157152
 31
0.0
  0
LINE
  5
234C
330
1F
100
AcDbEntity
  8
1
  6
CONTINUOUS
370
50
 62
4
100
AcDbLine
 10
27.185432
 20
3.024008
 30
0.0
 11
27.248634
 21
3.0908
 31
0.0
  0
LINE
  5
234D
330
1F
100
AcDbEntity
  8
1
  6
CONTINUOUS
370
50
 62
4
100
AcDbLine
 10
35.17746
 20
-4.352726
 30
0.0
 11
35.239563
 21
-4.287095
 31
0.0
  0
LINE
  5
234E
330
1F
100
AcDbEntity
  8
1
  6
CONTINUOUS
370
50
 62
4
100
AcDbLine
 10
27.122217
 20
2.956775
 30
0.0
 11
27.185432
 21
3.024008
 31
0.0
  0
LINE
  5
234F
330
1F
100
AcDbEntity
  8
1
  6
CONTINUOUS
370
50
 62
4
100
AcDbLine
 10
20.815817
 20
4.098342
 30
0.0
 11
20.880493
 21
4.167216
 31
0.0
  0
LINE
  5
2350
330
1F
100
AcDbEntity
  8
1
  6
CONTINUOUS
370
50
 62
4
100
AcDbLine
 10
33.807499
 20
-3.296389
 30
0.0
 11
33.870678
 21
-3.2291
 31
0.0
  0
LINE
  5
2351
330
1F
100
AcDbEntity
  8
1
  6
CONTINUOUS
370
50
 62
4
100
AcDbLine
 10
27.05899
 20
2.889104
 30
0.0
 11
27.122217
 21
2.956775
 31
0.0
  0
LINE
  5
2352
330
1F
100
AcDbEntity
  8
1
  6
CONTINUOUS
370
50
 62
4
100
AcDbLine
 10
33.870678
 20
-3.2291
 30
0.0
 11
33.933868
 21
-3.161386
 31
0.0
  0
LINE
  5
2353
330
1F
100
AcDbEntity
  8
1
  6
CONTINUOUS
370
50
 62
4
100
AcDbLine
 10
26.99575
 20
2.820994
 30
0.0
 11
27.05899
 21
2.889104
 31
0.0
  0
LINE
  5
2354
330
1F
100
AcDbEntity
  8
1
  6
CONTINUOUS
370
50
 62
4
100
AcDbLine
 10
33.933868
 20
-3.161386
 30
0.0
 11
33.99707
 21
-3.093247
 31
0.0
  0
LINE
  5
2355
330
1F
100
AcDbEntity
  8
1
  6
CONTINUOUS
370
50
 62
4
100
AcDbLine
 10
33.866768
 20
-4.47637
 30
0.0
 11
33.927467
 21
-4.410746
 31
0.0
  0
LINE
  5
2356
330
1F
100
AcDbEntity
  8
1
  6
CONTINUOUS
370
50
 62
4
100
AcDbLine
 10
26.932501
 20
2.75245
 30
0.0
 11
26.99575
 21
2.820994
 31
0.0
  0
LINE
  5
2357
330
1F
100
AcDbEntity
  8
1
  6
CONTINUOUS
370
50
 62
4
100
AcDbLine
 10
33.99707
 20
-3.093247
 30
0.0
 11
34.060287
 21
-3.024686
 31
0.0
  0
LINE
  5
2358
330
1F
100
AcDbEntity
  8
1
  6
CONTINUOUS
370
50
 62
4
100
AcDbLine
 10
19.630489
 20
4.221029
 30
0.0
 11
19.69376
 21
4.289673
 31
0.0
  0
LINE
  5
2359
330
1F
100
AcDbEntity
  8
1
  6
CONTINUOUS
370
50
 62
4
100
AcDbLine
 10
34.060287
 20
-3.024686
 30
0.0
 11
34.123512
 21
-2.955703
 31
0.0
  0
LINE
  5
235A
330
1F
100
AcDbEntity
  8
1
  6
CONTINUOUS
370
50
 62
4
100
AcDbLine
 10
34.123512
 20
-2.955703
 30
0.0
 11
34.186752
 21
-2.886299
 31
0.0
  0
LINE
  5
235B
330
1F
100
AcDbEntity
  8
1
  6
CONTINUOUS
370
50
 62
4
100
AcDbLine
 10
4.529904999999999
 20
4.571514
 30
0.0
 11
4.550583
 21
4.594237
 31
0.0
  0
LINE
  5
235C
330
1F
100
AcDbEntity
  8
1
  6
CONTINUOUS
370
50
 62
4
100
AcDbLine
 10
34.186752
 20
-2.886299
 30
0.0
 11
34.25
 21
-2.816479
 31
0.0
  0
LINE
  5
235D
330
1F
100
AcDbEntity
  8
1
  6
CONTINUOUS
370
50
 62
4
100
AcDbLine
 10
18.443756
 20
4.34154
 30
0.0
 11
18.50561
 21
4.409994
 31
0.0
  0
LINE
  5
235E
330
1F
100
AcDbEntity
  8
1
  6
CONTINUOUS
370
50
 62
4
100
AcDbLine
 10
32.557503
 20
-4.597677
 30
0.0
 11
32.616768
 21
-4.532032
 31
0.0
  0
LINE
  5
235F
330
1F
100
AcDbEntity
  8
1
  6
CONTINUOUS
370
50
 62
4
100
AcDbLine
 10
37.867512
 20
-4.030133
 30
0.0
 11
37.933212
 21
-3.957285
 31
0.0
  0
LINE
  5
2360
330
1F
100
AcDbEntity
  8
1
  6
CONTINUOUS
370
50
 62
4
100
AcDbLine
 10
26.061825
 20
3.328595
 30
0.0
 11
26.125
 21
3.39883
 31
0.0
  0
LINE
  5
2361
330
1F
100
AcDbEntity
  8
1
  6
CONTINUOUS
370
50
 62
4
100
AcDbLine
 10
37.616737
 20
2.318135
 30
0.0
 11
37.677418
 21
2.385739
 31
0.0
  0
LINE
  5
2362
330
1F
100
AcDbEntity
  8
1
  6
CONTINUOUS
370
50
 62
4
100
AcDbLine
 10
14.183253
 20
1.539865
 30
0.0
 11
14.250003
 21
1.614447
 31
0.0
  0
LINE
  5
2363
330
1F
100
AcDbEntity
  8
1
  6
CONTINUOUS
370
50
 62
4
100
AcDbLine
 10
25.998636
 20
3.257931
 30
0.0
 11
26.061825
 21
3.328595
 31
0.0
  0
LINE
  5
2364
330
1F
100
AcDbEntity
  8
1
  6
CONTINUOUS
370
50
 62
4
100
AcDbLine
 10
10.833568
 20
1.475935
 30
0.0
 11
10.842147
 21
1.485535
 31
0.0
  0
LINE
  5
2365
330
1F
100
AcDbEntity
  8
1
  6
CONTINUOUS
370
50
 62
4
100
AcDbLine
 10
25.935434
 20
3.186839
 30
0.0
 11
25.998636
 21
3.257931
 31
0.0
  0
LINE
  5
2366
330
1F
100
AcDbEntity
  8
1
  6
CONTINUOUS
370
50
 62
4
100
AcDbLine
 10
12.867558
 20
1.661976
 30
0.0
 11
12.933243
 21
1.736085
 31
0.0
  0
LINE
  5
2367
330
1F
100
AcDbEntity
  8
1
  6
CONTINUOUS
370
50
 62
4
100
AcDbLine
 10
17.255608
 20
4.459805
 30
0.0
 11
17.316031
 21
4.528128
 31
0.0
  0
LINE
  5
2368
330
1F
100
AcDbEntity
  8
1
  6
CONTINUOUS
370
50
 62
4
100
AcDbLine
 10
25.872219
 20
3.115319
 30
0.0
 11
25.935434
 21
3.186839
 31
0.0
  0
LINE
  5
2369
330
1F
100
AcDbEntity
  8
1
  6
CONTINUOUS
370
50
 62
4
100
AcDbLine
 10
35.057499
 20
-3.459067
 30
0.0
 11
35.120678
 21
-3.387578
 31
0.0
  0
LINE
  5
236A
330
1F
100
AcDbEntity
  8
1
  6
CONTINUOUS
370
50
 62
4
100
AcDbLine
 10
36.552929
 20
-4.161186
 30
0.0
 11
36.617512
 21
-4.087893
 31
0.0
  0
LINE
  5
236B
330
1F
100
AcDbEntity
  8
1
  6
CONTINUOUS
370
50
 62
4
100
AcDbLine
 10
35.120678
 20
-3.387578
 30
0.0
 11
35.183868
 21
-3.315682
 31
0.0
  0
LINE
  5
236C
330
1F
100
AcDbEntity
  8
1
  6
CONTINUOUS
370
50
 62
4
100
AcDbLine
 10
25.808992
 20
3.043373
 30
0.0
 11
25.872219
 21
3.115319
 31
0.0
  0
LINE
  5
236D
330
1F
100
AcDbEntity
  8
1
  6
CONTINUOUS
370
50
 62
4
100
AcDbLine
 10
4.640311
 20
-0.315316
 30
0.0
 11
4.664759999999999
 21
-0.287367
 31
0.0
  0
LINE
  5
236E
330
1F
100
AcDbEntity
  8
1
  6
CONTINUOUS
370
50
 62
4
100
AcDbLine
 10
35.183868
 20
-3.315682
 30
0.0
 11
35.247074
 21
-3.243381
 31
0.0
  0
LINE
  5
236F
330
1F
100
AcDbEntity
  8
1
  6
CONTINUOUS
370
50
 62
4
100
AcDbLine
 10
25.745752
 20
2.971002
 30
0.0
 11
25.808992
 21
3.043373
 31
0.0
  0
LINE
  5
2370
330
1F
100
AcDbEntity
  8
1
  6
CONTINUOUS
370
50
 62
4
100
AcDbLine
 10
35.247074
 20
-3.243381
 30
0.0
 11
35.310287
 21
-3.170676
 31
0.0
  0
LINE
  5
2371
330
1F
100
AcDbEntity
  8
1
  6
CONTINUOUS
370
50
 62
4
100
AcDbLine
 10
25.682501
 20
2.898209
 30
0.0
 11
25.745752
 21
2.971002
 31
0.0
  0
LINE
  5
2372
330
1F
100
AcDbEntity
  8
1
  6
CONTINUOUS
370
50
 62
4
100
AcDbLine
 10
36.307503
 20
2.451187
 30
0.0
 11
36.366737
 21
2.519425
 31
0.0
  0
LINE
  5
2373
330
1F
100
AcDbEntity
  8
1
  6
CONTINUOUS
370
50
 62
4
100
AcDbLine
 10
16.067564
 20
4.577598
 30
0.0
 11
16.12501
 21
4.643998
 31
0.0
  0
LINE
  5
2374
330
1F
100
AcDbEntity
  8
1
  6
CONTINUOUS
370
50
 62
4
100
AcDbLine
 10
35.310287
 20
-3.170676
 30
0.0
 11
35.373512
 21
-3.097569
 31
0.0
  0
LINE
  5
2375
330
1F
100
AcDbEntity
  8
1
  6
CONTINUOUS
370
50
 62
4
100
AcDbLine
 10
35.239563
 20
-4.287095
 30
0.0
 11
35.302982
 21
-4.213623999999999
 31
0.0
  0
LINE
  5
2376
330
1F
100
AcDbEntity
  8
1
  6
CONTINUOUS
370
50
 62
4
100
AcDbLine
 10
35.373512
 20
-3.097569
 30
0.0
 11
35.436752
 21
-3.02406
 31
0.0
  0
LINE
  5
2377
330
1F
100
AcDbEntity
  8
1
  6
CONTINUOUS
370
50
 62
4
100
AcDbLine
 10
21.932499
 20
3.895154
 30
0.0
 11
21.999756
 21
3.973537
 31
0.0
  0
LINE
  5
2378
330
1F
100
AcDbEntity
  8
1
  6
CONTINUOUS
370
50
 62
4
100
AcDbLine
 10
35.436752
 20
-3.02406
 30
0.0
 11
35.5
 21
-2.950154
 31
0.0
  0
LINE
  5
2379
330
1F
100
AcDbEntity
  8
1
  6
CONTINUOUS
370
50
 62
4
100
AcDbLine
 10
24.811939
 20
3.493807
 30
0.0
 11
24.875
 21
3.56812
 31
0.0
  0
LINE
  5
237A
330
1F
100
AcDbEntity
  8
1
  6
CONTINUOUS
370
50
 62
4
100
AcDbLine
 10
33.927467
 20
-4.410746
 30
0.0
 11
33.989571
 21
-4.337197
 31
0.0
  0
LINE
  5
237B
330
1F
100
AcDbEntity
  8
1
  6
CONTINUOUS
370
50
 62
4
100
AcDbLine
 10
24.748873
 20
3.419083
 30
0.0
 11
24.811939
 21
3.493807
 31
0.0
  0
LINE
  5
237C
330
1F
100
AcDbEntity
  8
1
  6
CONTINUOUS
370
50
 62
4
100
AcDbLine
 10
20.749754
 20
4.02006
 30
0.0
 11
20.815817
 21
4.098342
 31
0.0
  0
LINE
  5
237D
330
1F
100
AcDbEntity
  8
1
  6
CONTINUOUS
370
50
 62
4
100
AcDbLine
 10
24.68577
 20
3.343906
 30
0.0
 11
24.748873
 21
3.419083
 31
0.0
  0
LINE
  5
237E
330
1F
100
AcDbEntity
  8
1
  6
CONTINUOUS
370
50
 62
4
100
AcDbLine
 10
36.307499
 20
-3.613414
 30
0.0
 11
36.370682
 21
-3.537967
 31
0.0
  0
LINE
  5
237F
330
1F
100
AcDbEntity
  8
1
  6
CONTINUOUS
370
50
 62
4
100
AcDbLine
 10
24.622591
 20
3.268232
 30
0.0
 11
24.68577
 21
3.343906
 31
0.0
  0
LINE
  5
2380
330
1F
100
AcDbEntity
  8
1
  6
CONTINUOUS
370
50
 62
4
100
AcDbLine
 10
36.370682
 20
-3.537967
 30
0.0
 11
36.43387999999999
 21
-3.462153
 31
0.0
  0
LINE
  5
2381
330
1F
100
AcDbEntity
  8
1
  6
CONTINUOUS
370
50
 62
4
100
AcDbLine
 10
37.933212
 20
-3.957285
 30
0.0
 11
38.000004
 21
-3.877052
 31
0.0
  0
LINE
  5
2382
330
1F
100
AcDbEntity
  8
1
  6
CONTINUOUS
370
50
 62
4
100
AcDbLine
 10
24.559305
 20
3.19202
 30
0.0
 11
24.622591
 21
3.268232
 31
0.0
  0
LINE
  5
2383
330
1F
100
AcDbEntity
  8
1
  6
CONTINUOUS
370
50
 62
4
100
AcDbLine
 10
36.43387999999999
 20
-3.462153
 30
0.0
 11
36.497082
 21
-3.385972
 31
0.0
  0
LINE
  5
2384
330
1F
100
AcDbEntity
  8
1
  6
CONTINUOUS
370
50
 62
4
100
AcDbLine
 10
19.565813
 20
4.143043
 30
0.0
 11
19.630489
 21
4.221029
 31
0.0
  0
LINE
  5
2385
330
1F
100
AcDbEntity
  8
1
  6
CONTINUOUS
370
50
 62
4
100
AcDbLine
 10
24.495911
 20
3.115273
 30
0.0
 11
24.559305
 21
3.19202
 31
0.0
  0
LINE
  5
2386
330
1F
100
AcDbEntity
  8
1
  6
CONTINUOUS
370
50
 62
4
100
AcDbLine
 10
36.497082
 20
-3.385972
 30
0.0
 11
36.560299
 21
-3.309426
 31
0.0
  0
LINE
  5
2387
330
1F
100
AcDbEntity
  8
1
  6
CONTINUOUS
370
50
 62
4
100
AcDbLine
 10
32.616768
 20
-4.532032
 30
0.0
 11
32.677471
 21
-4.458447
 31
0.0
  0
LINE
  5
2388
330
1F
100
AcDbEntity
  8
1
  6
CONTINUOUS
370
50
 62
4
100
AcDbLine
 10
36.560299
 20
-3.309426
 30
0.0
 11
36.623524
 21
-3.232514
 31
0.0
  0
LINE
  5
2389
330
1F
100
AcDbEntity
  8
1
  6
CONTINUOUS
370
50
 62
4
100
AcDbLine
 10
24.432501
 20
3.038099
 30
0.0
 11
24.495911
 21
3.115273
 31
0.0
  0
LINE
  5
238A
330
1F
100
AcDbEntity
  8
1
  6
CONTINUOUS
370
50
 62
4
100
AcDbLine
 10
36.623524
 20
-3.232514
 30
0.0
 11
36.686756
 21
-3.155235
 31
0.0
  0
LINE
  5
238B
330
1F
100
AcDbEntity
  8
1
  6
CONTINUOUS
370
50
 62
4
100
AcDbLine
 10
36.686756
 20
-3.155235
 30
0.0
 11
36.75
 21
-3.077589
 31
0.0
  0
LINE
  5
238C
330
1F
100
AcDbEntity
  8
1
  6
CONTINUOUS
370
50
 62
4
100
AcDbLine
 10
18.380486
 20
4.263798
 30
0.0
 11
18.443756
 21
4.34154
 31
0.0
  0
LINE
  5
238D
330
1F
100
AcDbEntity
  8
1
  6
CONTINUOUS
370
50
 62
4
100
AcDbLine
 10
36.617512
 20
-4.087893
 30
0.0
 11
36.683212
 21
-4.007155
 31
0.0
  0
LINE
  5
238E
330
1F
100
AcDbEntity
  8
1
  6
CONTINUOUS
370
50
 62
4
100
AcDbLine
 10
10.842147
 20
1.485535
 30
0.0
 11
10.850351
 21
1.495658
 31
0.0
  0
LINE
  5
238F
330
1F
100
AcDbEntity
  8
1
  6
CONTINUOUS
370
50
 62
4
100
AcDbLine
 10
15.433251
 20
1.341288
 30
0.0
 11
15.500003
 21
1.424009
 31
0.0
  0
LINE
  5
2390
330
1F
100
AcDbEntity
  8
1
  6
CONTINUOUS
370
50
 62
4
100
AcDbLine
 10
23.561827
 20
3.649046
 30
0.0
 11
23.625
 21
3.727739
 31
0.0
  0
LINE
  5
2391
330
1F
100
AcDbEntity
  8
1
  6
CONTINUOUS
370
50
 62
4
100
AcDbLine
 10
31.307501
 20
-4.650778
 30
0.0
 11
31.372553
 21
-4.569602
 31
0.0
  0
LINE
  5
2392
330
1F
100
AcDbEntity
  8
1
  6
CONTINUOUS
370
50
 62
4
100
AcDbLine
 10
37.557499
 20
-3.764553
 30
0.0
 11
37.620682
 21
-3.685609
 31
0.0
  0
LINE
  5
2393
330
1F
100
AcDbEntity
  8
1
  6
CONTINUOUS
370
50
 62
4
100
AcDbLine
 10
14.117577
 20
1.457661
 30
0.0
 11
14.183253
 21
1.539865
 31
0.0
  0
LINE
  5
2394
330
1F
100
AcDbEntity
  8
1
  6
CONTINUOUS
370
50
 62
4
100
AcDbLine
 10
23.49864
 20
3.569952
 30
0.0
 11
23.561827
 21
3.649046
 31
0.0
  0
LINE
  5
2395
330
1F
100
AcDbEntity
  8
1
  6
CONTINUOUS
370
50
 62
4
100
AcDbLine
 10
35.302982
 20
-4.213623999999999
 30
0.0
 11
35.367554
 21
-4.132686
 31
0.0
  0
LINE
  5
2396
330
1F
100
AcDbEntity
  8
1
  6
CONTINUOUS
370
50
 62
4
100
AcDbLine
 10
17.193754
 20
4.382231
 30
0.0
 11
17.255608
 21
4.459805
 31
0.0
  0
LINE
  5
2397
330
1F
100
AcDbEntity
  8
1
  6
CONTINUOUS
370
50
 62
4
100
AcDbLine
 10
37.620682
 20
-3.685609
 30
0.0
 11
37.683872
 21
-3.606296
 31
0.0
  0
LINE
  5
2398
330
1F
100
AcDbEntity
  8
1
  6
CONTINUOUS
370
50
 62
4
100
AcDbLine
 10
23.435438
 20
3.49046
 30
0.0
 11
23.49864
 21
3.569952
 31
0.0
  0
LINE
  5
2399
330
1F
100
AcDbEntity
  8
1
  6
CONTINUOUS
370
50
 62
4
100
AcDbLine
 10
37.683872
 20
-3.606296
 30
0.0
 11
37.74707799999999
 21
-3.526614
 31
0.0
  0
LINE
  5
239A
330
1F
100
AcDbEntity
  8
1
  6
CONTINUOUS
370
50
 62
4
100
AcDbLine
 10
4.617402
 20
-0.344251
 30
0.0
 11
4.640311
 21
-0.315316
 31
0.0
  0
LINE
  5
239B
330
1F
100
AcDbEntity
  8
1
  6
CONTINUOUS
370
50
 62
4
100
AcDbLine
 10
23.372223
 20
3.410572
 30
0.0
 11
23.435438
 21
3.49046
 31
0.0
  0
LINE
  5
239C
330
1F
100
AcDbEntity
  8
1
  6
CONTINUOUS
370
50
 62
4
100
AcDbLine
 10
37.74707799999999
 20
-3.526614
 30
0.0
 11
37.810291
 21
-3.446563
 31
0.0
  0
LINE
  5
239D
330
1F
100
AcDbEntity
  8
1
  6
CONTINUOUS
370
50
 62
4
100
AcDbLine
 10
12.802985
 20
1.580087
 30
0.0
 11
12.867558
 21
1.661976
 31
0.0
  0
LINE
  5
239E
330
1F
100
AcDbEntity
  8
1
  6
CONTINUOUS
370
50
 62
4
100
AcDbLine
 10
23.308994
 20
3.330288
 30
0.0
 11
23.372223
 21
3.410572
 31
0.0
  0
LINE
  5
239F
330
1F
100
AcDbEntity
  8
1
  6
CONTINUOUS
370
50
 62
4
100
AcDbLine
 10
37.810291
 20
-3.446563
 30
0.0
 11
37.873516
 21
-3.366144
 31
0.0
  0
LINE
  5
23A0
330
1F
100
AcDbEntity
  8
1
  6
CONTINUOUS
370
50
 62
4
100
AcDbLine
 10
23.245754
 20
3.249613
 30
0.0
 11
23.308994
 21
3.330288
 31
0.0
  0
LINE
  5
23A1
330
1F
100
AcDbEntity
  8
1
  6
CONTINUOUS
370
50
 62
4
100
AcDbLine
 10
37.873516
 20
-3.366144
 30
0.0
 11
37.936752
 21
-3.285356
 31
0.0
  0
LINE
  5
23A2
330
1F
100
AcDbEntity
  8
1
  6
CONTINUOUS
370
50
 62
4
100
AcDbLine
 10
16.008747
 20
4.502429999999999
 30
0.0
 11
16.067564
 21
4.577598
 31
0.0
  0
LINE
  5
23A3
330
1F
100
AcDbEntity
  8
1
  6
CONTINUOUS
370
50
 62
4
100
AcDbLine
 10
37.557503
 20
2.242313
 30
0.0
 11
37.616737
 21
2.318135
 31
0.0
  0
LINE
  5
23A4
330
1F
100
AcDbEntity
  8
1
  6
CONTINUOUS
370
50
 62
4
100
AcDbLine
 10
33.989571
 20
-4.337197
 30
0.0
 11
34.052986
 21
-4.256011
 31
0.0
  0
LINE
  5
23A5
330
1F
100
AcDbEntity
  8
1
  6
CONTINUOUS
370
50
 62
4
100
AcDbLine
 10
23.182501
 20
3.16855
 30
0.0
 11
23.245754
 21
3.249613
 31
0.0
  0
LINE
  5
23A6
330
1F
100
AcDbEntity
  8
1
  6
CONTINUOUS
370
50
 62
4
100
AcDbLine
 10
37.936752
 20
-3.285356
 30
0.0
 11
38.0
 21
-3.204198
 31
0.0
  0
LINE
  5
23A7
330
1F
100
AcDbEntity
  8
1
  6
CONTINUOUS
370
50
 62
4
100
AcDbLine
 10
20.682499
 20
3.932757
 30
0.0
 11
20.749754
 21
4.02006
 31
0.0
  0
LINE
  5
23A8
330
1F
100
AcDbEntity
  8
1
  6
CONTINUOUS
370
50
 62
4
100
AcDbLine
 10
14.831234
 20
4.632295
 30
0.0
 11
14.87501
 21
4.689166
 31
0.0
  0
LINE
  5
23A9
330
1F
100
AcDbEntity
  8
1
  6
CONTINUOUS
370
50
 62
4
100
AcDbLine
 10
11.623009
 20
-2.823689
 30
0.0
 11
11.75
 21
-2.657634
 31
0.0
  0
LINE
  5
23AA
330
1F
100
AcDbEntity
  8
1
  6
CONTINUOUS
370
50
 62
4
100
AcDbLine
 10
22.311825
 20
3.792592
 30
0.0
 11
22.375
 21
3.875241
 31
0.0
  0
LINE
  5
23AB
330
1F
100
AcDbEntity
  8
1
  6
CONTINUOUS
370
50
 62
4
100
AcDbLine
 10
32.677471
 20
-4.458447
 30
0.0
 11
32.739578
 21
-4.377136999999999
 31
0.0
  0
LINE
  5
23AC
330
1F
100
AcDbEntity
  8
1
  6
CONTINUOUS
370
50
 62
4
100
AcDbLine
 10
22.248638
 20
3.70957
 30
0.0
 11
22.311825
 21
3.792592
 31
0.0
  0
LINE
  5
23AD
330
1F
100
AcDbEntity
  8
1
  6
CONTINUOUS
370
50
 62
4
100
AcDbLine
 10
36.683212
 20
-4.007155
 30
0.0
 11
36.750004
 21
-3.9192
 31
0.0
  0
LINE
  5
23AE
330
1F
100
AcDbEntity
  8
1
  6
CONTINUOUS
370
50
 62
4
100
AcDbLine
 10
22.185436
 20
3.626178
 30
0.0
 11
22.248638
 21
3.70957
 31
0.0
  0
LINE
  5
23AF
330
1F
100
AcDbEntity
  8
1
  6
CONTINUOUS
370
50
 62
4
100
AcDbLine
 10
19.499752
 20
4.055866
 30
0.0
 11
19.565813
 21
4.143043
 31
0.0
  0
LINE
  5
23B0
330
1F
100
AcDbEntity
  8
1
  6
CONTINUOUS
370
50
 62
4
100
AcDbLine
 10
22.122221
 20
3.542417
 30
0.0
 11
22.185436
 21
3.626178
 31
0.0
  0
LINE
  5
23B1
330
1F
100
AcDbEntity
  8
1
  6
CONTINUOUS
370
50
 62
4
100
AcDbLine
 10
22.058994
 20
3.458289
 30
0.0
 11
22.122221
 21
3.542417
 31
0.0
  0
LINE
  5
23B2
330
1F
100
AcDbEntity
  8
1
  6
CONTINUOUS
370
50
 62
4
100
AcDbLine
 10
21.995752
 20
3.373797
 30
0.0
 11
22.058994
 21
3.458289
 31
0.0
  0
LINE
  5
23B3
330
1F
100
AcDbEntity
  8
1
  6
CONTINUOUS
370
50
 62
4
100
AcDbLine
 10
11.497445
 20
-2.991669
 30
0.0
 11
11.623009
 21
-2.823689
 31
0.0
  0
LINE
  5
23B4
330
1F
100
AcDbEntity
  8
1
  6
CONTINUOUS
370
50
 62
4
100
AcDbLine
 10
21.932501
 20
3.288945
 30
0.0
 11
21.995752
 21
3.373797
 31
0.0
  0
LINE
  5
23B5
330
1F
100
AcDbEntity
  8
1
  6
CONTINUOUS
370
50
 62
4
100
AcDbLine
 10
35.367554
 20
-4.132686
 30
0.0
 11
35.433239
 21
-4.044524
 31
0.0
  0
LINE
  5
23B6
330
1F
100
AcDbEntity
  8
1
  6
CONTINUOUS
370
50
 62
4
100
AcDbLine
 10
18.315811
 20
4.176932
 30
0.0
 11
18.380486
 21
4.263798
 31
0.0
  0
LINE
  5
23B7
330
1F
100
AcDbEntity
  8
1
  6
CONTINUOUS
370
50
 62
4
100
AcDbLine
 10
31.372553
 20
-4.569602
 30
0.0
 11
31.43932
 21
-4.479161
 31
0.0
  0
LINE
  5
23B8
330
1F
100
AcDbEntity
  8
1
  6
CONTINUOUS
370
50
 62
4
100
AcDbLine
 10
16.683249
 20
1.141079
 30
0.0
 11
16.750004
 21
1.231622
 31
0.0
  0
LINE
  5
23B9
330
1F
100
AcDbEntity
  8
1
  6
CONTINUOUS
370
50
 62
4
100
AcDbLine
 10
10.850351
 20
1.495658
 30
0.0
 11
10.858155
 21
1.506312
 31
0.0
  0
LINE
  5
23BA
330
1F
100
AcDbEntity
  8
1
  6
CONTINUOUS
370
50
 62
4
100
AcDbLine
 10
21.061825
 20
3.924732
 30
0.0
 11
21.125
 21
4.011051999999999
 31
0.0
  0
LINE
  5
23BB
330
1F
100
AcDbEntity
  8
1
  6
CONTINUOUS
370
50
 62
4
100
AcDbLine
 10
11.373543
 20
-3.161192
 30
0.0
 11
11.497445
 21
-2.991669
 31
0.0
  0
LINE
  5
23BC
330
1F
100
AcDbEntity
  8
1
  6
CONTINUOUS
370
50
 62
4
100
AcDbLine
 10
30.057501
 20
-4.692934999999999
 30
0.0
 11
30.106853
 21
-4.625399
 31
0.0
  0
LINE
  5
23BD
330
1F
100
AcDbEntity
  8
1
  6
CONTINUOUS
370
50
 62
4
100
AcDbLine
 10
17.130482
 20
4.295589
 30
0.0
 11
17.193754
 21
4.382231
 31
0.0
  0
LINE
  5
23BE
330
1F
100
AcDbEntity
  8
1
  6
CONTINUOUS
370
50
 62
4
100
AcDbLine
 10
34.052986
 20
-4.256011
 30
0.0
 11
34.117558
 21
-4.167583
 31
0.0
  0
LINE
  5
23BF
330
1F
100
AcDbEntity
  8
1
  6
CONTINUOUS
370
50
 62
4
100
AcDbLine
 10
20.998636
 20
3.838068
 30
0.0
 11
21.061825
 21
3.924732
 31
0.0
  0
LINE
  5
23C0
330
1F
100
AcDbEntity
  8
1
  6
CONTINUOUS
370
50
 62
4
100
AcDbLine
 10
15.367574
 20
1.251127
 30
0.0
 11
15.433251
 21
1.341288
 31
0.0
  0
LINE
  5
23C1
330
1F
100
AcDbEntity
  8
1
  6
CONTINUOUS
370
50
 62
4
100
AcDbLine
 10
20.935434
 20
3.75106
 30
0.0
 11
20.998636
 21
3.838068
 31
0.0
  0
LINE
  5
23C2
330
1F
100
AcDbEntity
  8
1
  6
CONTINUOUS
370
50
 62
4
100
AcDbLine
 10
20.872219
 20
3.66371
 30
0.0
 11
20.935434
 21
3.75106
 31
0.0
  0
LINE
  5
23C3
330
1F
100
AcDbEntity
  8
1
  6
CONTINUOUS
370
50
 62
4
100
AcDbLine
 10
20.808992
 20
3.57602
 30
0.0
 11
20.872219
 21
3.66371
 31
0.0
  0
LINE
  5
23C4
330
1F
100
AcDbEntity
  8
1
  6
CONTINUOUS
370
50
 62
4
100
AcDbLine
 10
14.786656
 20
4.570403
 30
0.0
 11
14.831234
 21
4.632295
 31
0.0
  0
LINE
  5
23C5
330
1F
100
AcDbEntity
  8
1
  6
CONTINUOUS
370
50
 62
4
100
AcDbLine
 10
14.05301
 20
1.367879
 30
0.0
 11
14.117577
 21
1.457661
 31
0.0
  0
LINE
  5
23C6
330
1F
100
AcDbEntity
  8
1
  6
CONTINUOUS
370
50
 62
4
100
AcDbLine
 10
15.948572
 20
4.418684
 30
0.0
 11
16.008747
 21
4.502429999999999
 31
0.0
  0
LINE
  5
23C7
330
1F
100
AcDbEntity
  8
1
  6
CONTINUOUS
370
50
 62
4
100
AcDbLine
 10
20.745752
 20
3.487993
 30
0.0
 11
20.808992
 21
3.57602
 31
0.0
  0
LINE
  5
23C8
330
1F
100
AcDbEntity
  8
1
  6
CONTINUOUS
370
50
 62
4
100
AcDbLine
 10
20.682501
 20
3.399633
 30
0.0
 11
20.745752
 21
3.487993
 31
0.0
  0
LINE
  5
23C9
330
1F
100
AcDbEntity
  8
1
  6
CONTINUOUS
370
50
 62
4
100
AcDbLine
 10
11.251532
 20
-3.331877
 30
0.0
 11
11.373543
 21
-3.161192
 31
0.0
  0
LINE
  5
23CA
330
1F
100
AcDbEntity
  8
1
  6
CONTINUOUS
370
50
 62
4
100
AcDbLine
 10
32.739578
 20
-4.377136999999999
 30
0.0
 11
32.802994
 21
-4.28841
 31
0.0
  0
LINE
  5
23CB
330
1F
100
AcDbEntity
  8
1
  6
CONTINUOUS
370
50
 62
4
100
AcDbLine
 10
4.5961
 20
-0.374357
 30
0.0
 11
4.617402
 21
-0.344251
 31
0.0
  0
LINE
  5
23CC
330
1F
100
AcDbEntity
  8
1
  6
CONTINUOUS
370
50
 62
4
100
AcDbLine
 10
12.739566
 20
1.490452
 30
0.0
 11
12.802985
 21
1.580087
 31
0.0
  0
LINE
  5
23CD
330
1F
100
AcDbEntity
  8
1
  6
CONTINUOUS
370
50
 62
4
100
AcDbLine
 10
19.811825
 20
4.045809999999999
 30
0.0
 11
19.875
 21
4.135524
 31
0.0
  0
LINE
  5
23CE
330
1F
100
AcDbEntity
  8
1
  6
CONTINUOUS
370
50
 62
4
100
AcDbLine
 10
19.748636
 20
3.955777
 30
0.0
 11
19.811825
 21
4.045809999999999
 31
0.0
  0
LINE
  5
23CF
330
1F
100
AcDbEntity
  8
1
  6
CONTINUOUS
370
50
 62
4
100
AcDbLine
 10
35.433239
 20
-4.044524
 30
0.0
 11
35.500004
 21
-3.949375
 31
0.0
  0
LINE
  5
23D0
330
1F
100
AcDbEntity
  8
1
  6
CONTINUOUS
370
50
 62
4
100
AcDbLine
 10
19.432499
 20
3.959933
 30
0.0
 11
19.499752
 21
4.055866
 31
0.0
  0
LINE
  5
23D1
330
1F
100
AcDbEntity
  8
1
  6
CONTINUOUS
370
50
 62
4
100
AcDbLine
 10
19.685434
 20
3.865427
 30
0.0
 11
19.748636
 21
3.955777
 31
0.0
  0
LINE
  5
23D2
330
1F
100
AcDbEntity
  8
1
  6
CONTINUOUS
370
50
 62
4
100
AcDbLine
 10
11.131645
 20
-3.50334
 30
0.0
 11
11.251532
 21
-3.331877
 31
0.0
  0
LINE
  5
23D3
330
1F
100
AcDbEntity
  8
1
  6
CONTINUOUS
370
50
 62
4
100
AcDbLine
 10
19.622219
 20
3.774761
 30
0.0
 11
19.685434
 21
3.865427
 31
0.0
  0
LINE
  5
23D4
330
1F
100
AcDbEntity
  8
1
  6
CONTINUOUS
370
50
 62
4
100
AcDbLine
 10
19.55899
 20
3.683782
 30
0.0
 11
19.622219
 21
3.774761
 31
0.0
  0
LINE
  5
23D5
330
1F
100
AcDbEntity
  8
1
  6
CONTINUOUS
370
50
 62
4
100
AcDbLine
 10
13.595307
 20
4.679387
 30
0.0
 11
13.62501
 21
4.722217
 31
0.0
  0
LINE
  5
23D6
330
1F
100
AcDbEntity
  8
1
  6
CONTINUOUS
370
50
 62
4
100
AcDbLine
 10
19.49575
 20
3.592492
 30
0.0
 11
19.55899
 21
3.683782
 31
0.0
  0
LINE
  5
23D7
330
1F
100
AcDbEntity
  8
1
  6
CONTINUOUS
370
50
 62
4
100
AcDbLine
 10
30.106853
 20
-4.625399
 30
0.0
 11
30.157206
 21
-4.552611
 31
0.0
  0
LINE
  5
23D8
330
1F
100
AcDbEntity
  8
1
  6
CONTINUOUS
370
50
 62
4
100
AcDbLine
 10
19.432501
 20
3.500894
 30
0.0
 11
19.49575
 21
3.592492
 31
0.0
  0
LINE
  5
23D9
330
1F
100
AcDbEntity
  8
1
  6
CONTINUOUS
370
50
 62
4
100
AcDbLine
 10
18.24975
 20
4.081117
 30
0.0
 11
18.315811
 21
4.176932
 31
0.0
  0
LINE
  5
23DA
330
1F
100
AcDbEntity
  8
1
  6
CONTINUOUS
370
50
 62
4
100
AcDbLine
 10
31.43932
 20
-4.479161
 30
0.0
 11
31.507767
 21
-4.379756
 31
0.0
  0
LINE
  5
23DB
330
1F
100
AcDbEntity
  8
1
  6
CONTINUOUS
370
50
 62
4
100
AcDbLine
 10
34.117558
 20
-4.167583
 30
0.0
 11
34.183243
 21
-4.072166
 31
0.0
  0
LINE
  5
23DC
330
1F
100
AcDbEntity
  8
1
  6
CONTINUOUS
370
50
 62
4
100
AcDbLine
 10
11.014114
 20
-3.675202
 30
0.0
 11
11.131645
 21
-3.50334
 31
0.0
  0
LINE
  5
23DD
330
1F
100
AcDbEntity
  8
1
  6
CONTINUOUS
370
50
 62
4
100
AcDbLine
 10
17.933247
 20
0.939128
 30
0.0
 11
18.000004
 21
1.037182
 31
0.0
  0
LINE
  5
23DE
330
1F
100
AcDbEntity
  8
1
  6
CONTINUOUS
370
50
 62
4
100
AcDbLine
 10
18.561823
 20
4.156075
 30
0.0
 11
18.625
 21
4.248918
 31
0.0
  0
LINE
  5
23DF
330
1F
100
AcDbEntity
  8
1
  6
CONTINUOUS
370
50
 62
4
100
AcDbLine
 10
14.741283
 20
4.503579999999999
 30
0.0
 11
14.786656
 21
4.570403
 31
0.0
  0
LINE
  5
23E0
330
1F
100
AcDbEntity
  8
1
  6
CONTINUOUS
370
50
 62
4
100
AcDbLine
 10
18.498634
 20
4.062939
 30
0.0
 11
18.561823
 21
4.156075
 31
0.0
  0
LINE
  5
23E1
330
1F
100
AcDbEntity
  8
1
  6
CONTINUOUS
370
50
 62
4
100
AcDbLine
 10
17.065807
 20
4.200064
 30
0.0
 11
17.130482
 21
4.295589
 31
0.0
  0
LINE
  5
23E2
330
1F
100
AcDbEntity
  8
1
  6
CONTINUOUS
370
50
 62
4
100
AcDbLine
 10
18.435432
 20
3.969511
 30
0.0
 11
18.498634
 21
4.062939
 31
0.0
  0
LINE
  5
23E3
330
1F
100
AcDbEntity
  8
1
  6
CONTINUOUS
370
50
 62
4
100
AcDbLine
 10
18.372217
 20
3.875793
 30
0.0
 11
18.435432
 21
3.969511
 31
0.0
  0
LINE
  5
23E4
330
1F
100
AcDbEntity
  8
1
  6
CONTINUOUS
370
50
 62
4
100
AcDbLine
 10
32.802994
 20
-4.28841
 30
0.0
 11
32.867561
 21
-4.192686
 31
0.0
  0
LINE
  5
23E5
330
1F
100
AcDbEntity
  8
1
  6
CONTINUOUS
370
50
 62
4
100
AcDbLine
 10
18.30899
 20
3.781787
 30
0.0
 11
18.372217
 21
3.875793
 31
0.0
  0
LINE
  5
23E6
330
1F
100
AcDbEntity
  8
1
  6
CONTINUOUS
370
50
 62
4
100
AcDbLine
 10
28.807501
 20
-4.723818
 30
0.0
 11
28.840981
 21
-4.673988
 31
0.0
  0
LINE
  5
23E7
330
1F
100
AcDbEntity
  8
1
  6
CONTINUOUS
370
50
 62
4
100
AcDbLine
 10
16.617571
 20
1.043297
 30
0.0
 11
16.683249
 21
1.141079
 31
0.0
  0
LINE
  5
23E8
330
1F
100
AcDbEntity
  8
1
  6
CONTINUOUS
370
50
 62
4
100
AcDbLine
 10
18.24575
 20
3.687495
 30
0.0
 11
18.30899
 21
3.781787
 31
0.0
  0
LINE
  5
23E9
330
1F
100
AcDbEntity
  8
1
  6
CONTINUOUS
370
50
 62
4
100
AcDbLine
 10
18.182501
 20
3.592922
 30
0.0
 11
18.24575
 21
3.687495
 31
0.0
  0
LINE
  5
23EA
330
1F
100
AcDbEntity
  8
1
  6
CONTINUOUS
370
50
 62
4
100
AcDbLine
 10
10.899172
 20
-3.847079
 30
0.0
 11
11.014114
 21
-3.675202
 31
0.0
  0
LINE
  5
23EB
330
1F
100
AcDbEntity
  8
1
  6
CONTINUOUS
370
50
 62
4
100
AcDbLine
 10
15.887052
 20
4.326546
 30
0.0
 11
15.948572
 21
4.418684
 31
0.0
  0
LINE
  5
23EC
330
1F
100
AcDbEntity
  8
1
  6
CONTINUOUS
370
50
 62
4
100
AcDbLine
 10
13.565232
 20
4.634278
 30
0.0
 11
13.595307
 21
4.679387
 31
0.0
  0
LINE
  5
23ED
330
1F
100
AcDbEntity
  8
1
  6
CONTINUOUS
370
50
 62
4
100
AcDbLine
 10
12.5575
 20
-4.347395
 30
0.0
 11
12.620676
 21
-4.25237
 31
0.0
  0
LINE
  5
23EE
330
1F
100
AcDbEntity
  8
1
  6
CONTINUOUS
370
50
 62
4
100
AcDbLine
 10
12.620676
 20
-4.25237
 30
0.0
 11
12.683865
 21
-4.157068
 31
0.0
  0
LINE
  5
23EF
330
1F
100
AcDbEntity
  8
1
  6
CONTINUOUS
370
50
 62
4
100
AcDbLine
 10
15.303006
 20
1.153587
 30
0.0
 11
15.367574
 21
1.251127
 31
0.0
  0
LINE
  5
23F0
330
1F
100
AcDbEntity
  8
1
  6
CONTINUOUS
370
50
 62
4
100
AcDbLine
 10
12.683865
 20
-4.157068
 30
0.0
 11
12.747066
 21
-4.061489
 31
0.0
  0
LINE
  5
23F1
330
1F
100
AcDbEntity
  8
1
  6
CONTINUOUS
370
50
 62
4
100
AcDbLine
 10
17.311823
 20
4.255665
 30
0.0
 11
17.375
 21
4.351379
 31
0.0
  0
LINE
  5
23F2
330
1F
100
AcDbEntity
  8
1
  6
CONTINUOUS
370
50
 62
4
100
AcDbLine
 10
12.747066
 20
-4.061489
 30
0.0
 11
12.810281
 21
-3.965635
 31
0.0
  0
LINE
  5
23F3
330
1F
100
AcDbEntity
  8
1
  6
CONTINUOUS
370
50
 62
4
100
AcDbLine
 10
10.858155
 20
1.506312
 30
0.0
 11
10.865533
 21
1.517506
 31
0.0
  0
LINE
  5
23F4
330
1F
100
AcDbEntity
  8
1
  6
CONTINUOUS
370
50
 62
4
100
AcDbLine
 10
30.157206
 20
-4.552611
 30
0.0
 11
30.20854
 21
-4.474714
 31
0.0
  0
LINE
  5
23F5
330
1F
100
AcDbEntity
  8
1
  6
CONTINUOUS
370
50
 62
4
100
AcDbLine
 10
17.248634
 20
4.159683
 30
0.0
 11
17.311823
 21
4.255665
 31
0.0
  0
LINE
  5
23F6
330
1F
100
AcDbEntity
  8
1
  6
CONTINUOUS
370
50
 62
4
100
AcDbLine
 10
12.810281
 20
-3.965635
 30
0.0
 11
12.873508
 21
-3.869509
 31
0.0
  0
LINE
  5
23F7
330
1F
100
AcDbEntity
  8
1
  6
CONTINUOUS
370
50
 62
4
100
AcDbLine
 10
17.185432
 20
4.063434
 30
0.0
 11
17.248634
 21
4.159683
 31
0.0
  0
LINE
  5
23F8
330
1F
100
AcDbEntity
  8
1
  6
CONTINUOUS
370
50
 62
4
100
AcDbLine
 10
12.873508
 20
-3.869509
 30
0.0
 11
12.936749
 21
-3.773111
 31
0.0
  0
LINE
  5
23F9
330
1F
100
AcDbEntity
  8
1
  6
CONTINUOUS
370
50
 62
4
100
AcDbLine
 10
17.122217
 20
3.96692
 30
0.0
 11
17.185432
 21
4.063434
 31
0.0
  0
LINE
  5
23FA
330
1F
100
AcDbEntity
  8
1
  6
CONTINUOUS
370
50
 62
4
100
AcDbLine
 10
12.936749
 20
-3.773111
 30
0.0
 11
13.0
 21
-3.676447
 31
0.0
  0
LINE
  5
23FB
330
1F
100
AcDbEntity
  8
1
  6
CONTINUOUS
370
50
 62
4
100
AcDbLine
 10
34.183243
 20
-4.072166
 30
0.0
 11
34.250004
 21
-3.970008
 31
0.0
  0
LINE
  5
23FC
330
1F
100
AcDbEntity
  8
1
  6
CONTINUOUS
370
50
 62
4
100
AcDbLine
 10
17.05899
 20
3.870142
 30
0.0
 11
17.122217
 21
3.96692
 31
0.0
  0
LINE
  5
23FD
330
1F
100
AcDbEntity
  8
1
  6
CONTINUOUS
370
50
 62
4
100
AcDbLine
 10
16.99575
 20
3.773104
 30
0.0
 11
17.05899
 21
3.870142
 31
0.0
  0
LINE
  5
23FE
330
1F
100
AcDbEntity
  8
1
  6
CONTINUOUS
370
50
 62
4
100
AcDbLine
 10
13.989594
 20
1.27057
 30
0.0
 11
14.05301
 21
1.367879
 31
0.0
  0
LINE
  5
23FF
330
1F
100
AcDbEntity
  8
1
  6
CONTINUOUS
370
50
 62
4
100
AcDbLine
 10
28.840981
 20
-4.673988
 30
0.0
 11
28.874926
 21
-4.621786
 31
0.0
  0
LINE
  5
2400
330
1F
100
AcDbEntity
  8
1
  6
CONTINUOUS
370
50
 62
4
100
AcDbLine
 10
16.932501
 20
3.67581
 30
0.0
 11
16.99575
 21
3.773104
 31
0.0
  0
LINE
  5
2401
330
1F
100
AcDbEntity
  8
1
  6
CONTINUOUS
370
50
 62
4
100
AcDbLine
 10
31.507767
 20
-4.379756
 30
0.0
 11
31.577717
 21
-4.271903
 31
0.0
  0
LINE
  5
2402
330
1F
100
AcDbEntity
  8
1
  6
CONTINUOUS
370
50
 62
4
100
AcDbLine
 10
13.8075
 20
-4.441179
 30
0.0
 11
13.870673
 21
-4.343418
 31
0.0
  0
LINE
  5
2403
330
1F
100
AcDbEntity
  8
1
  6
CONTINUOUS
370
50
 62
4
100
AcDbLine
 10
18.182499
 20
3.976828
 30
0.0
 11
18.24975
 21
4.081117
 31
0.0
  0
LINE
  5
2404
330
1F
100
AcDbEntity
  8
1
  6
CONTINUOUS
370
50
 62
4
100
AcDbLine
 10
13.870673
 20
-4.343418
 30
0.0
 11
13.93386
 21
-4.245397
 31
0.0
  0
LINE
  5
2405
330
1F
100
AcDbEntity
  8
1
  6
CONTINUOUS
370
50
 62
4
100
AcDbLine
 10
14.695119
 20
4.431916
 30
0.0
 11
14.741283
 21
4.503579999999999
 31
0.0
  0
LINE
  5
2406
330
1F
100
AcDbEntity
  8
1
  6
CONTINUOUS
370
50
 62
4
100
AcDbLine
 10
13.93386
 20
-4.245397
 30
0.0
 11
13.997061
 21
-4.147116
 31
0.0
  0
LINE
  5
2407
330
1F
100
AcDbEntity
  8
1
  6
CONTINUOUS
370
50
 62
4
100
AcDbLine
 10
13.534784
 20
4.586921999999999
 30
0.0
 11
13.565232
 21
4.634278
 31
0.0
  0
LINE
  5
2408
330
1F
100
AcDbEntity
  8
1
  6
CONTINUOUS
370
50
 62
4
100
AcDbLine
 10
16.061825
 20
4.344594
 30
0.0
 11
16.125
 21
4.442928
 31
0.0
  0
LINE
  5
2409
330
1F
100
AcDbEntity
  8
1
  6
CONTINUOUS
370
50
 62
4
100
AcDbLine
 10
13.997061
 20
-4.147116
 30
0.0
 11
14.060276
 21
-4.048579999999999
 31
0.0
  0
LINE
  5
240A
330
1F
100
AcDbEntity
  8
1
  6
CONTINUOUS
370
50
 62
4
100
AcDbLine
 10
32.867561
 20
-4.192686
 30
0.0
 11
32.933247
 21
-4.090227
 31
0.0
  0
LINE
  5
240B
330
1F
100
AcDbEntity
  8
1
  6
CONTINUOUS
370
50
 62
4
100
AcDbLine
 10
15.998635
 20
4.246016
 30
0.0
 11
16.061825
 21
4.344594
 31
0.0
  0
LINE
  5
240C
330
1F
100
AcDbEntity
  8
1
  6
CONTINUOUS
370
50
 62
4
100
AcDbLine
 10
14.060276
 20
-4.048579999999999
 30
0.0
 11
14.123505
 21
-3.949789
 31
0.0
  0
LINE
  5
240D
330
1F
100
AcDbEntity
  8
1
  6
CONTINUOUS
370
50
 62
4
100
AcDbLine
 10
15.935433
 20
4.147196
 30
0.0
 11
15.998635
 21
4.246016
 31
0.0
  0
LINE
  5
240E
330
1F
100
AcDbEntity
  8
1
  6
CONTINUOUS
370
50
 62
4
100
AcDbLine
 10
12.677462
 20
1.393312
 30
0.0
 11
12.739566
 21
1.490452
 31
0.0
  0
LINE
  5
240F
330
1F
100
AcDbEntity
  8
1
  6
CONTINUOUS
370
50
 62
4
100
AcDbLine
 10
14.123505
 20
-3.949789
 30
0.0
 11
14.186747
 21
-3.850748
 31
0.0
  0
LINE
  5
2410
330
1F
100
AcDbEntity
  8
1
  6
CONTINUOUS
370
50
 62
4
100
AcDbLine
 10
15.872218
 20
4.048134999999999
 30
0.0
 11
15.935433
 21
4.147196
 31
0.0
  0
LINE
  5
2411
330
1F
100
AcDbEntity
  8
1
  6
CONTINUOUS
370
50
 62
4
100
AcDbLine
 10
14.186747
 20
-3.850748
 30
0.0
 11
14.25
 21
-3.751461
 31
0.0
  0
LINE
  5
2412
330
1F
100
AcDbEntity
  8
1
  6
CONTINUOUS
370
50
 62
4
100
AcDbLine
 10
15.80899
 20
3.948837
 30
0.0
 11
15.872218
 21
4.048134999999999
 31
0.0
  0
LINE
  5
2413
330
1F
100
AcDbEntity
  8
1
  6
CONTINUOUS
370
50
 62
4
100
AcDbLine
 10
15.74575
 20
3.849303
 30
0.0
 11
15.80899
 21
3.948837
 31
0.0
  0
LINE
  5
2414
330
1F
100
AcDbEntity
  8
1
  6
CONTINUOUS
370
50
 62
4
100
AcDbLine
 10
19.185362
 20
0.738725
 30
0.0
 11
19.250004
 21
0.840515
 31
0.0
  0
LINE
  5
2415
330
1F
100
AcDbEntity
  8
1
  6
CONTINUOUS
370
50
 62
4
100
AcDbLine
 10
15.6825
 20
3.749537
 30
0.0
 11
15.74575
 21
3.849303
 31
0.0
  0
LINE
  5
2416
330
1F
100
AcDbEntity
  8
1
  6
CONTINUOUS
370
50
 62
4
100
AcDbLine
 10
16.999748
 20
4.09585
 30
0.0
 11
17.065807
 21
4.200064
 31
0.0
  0
LINE
  5
2417
330
1F
100
AcDbEntity
  8
1
  6
CONTINUOUS
370
50
 62
4
100
AcDbLine
 10
12.359509
 20
4.717982
 30
0.0
 11
12.375005
 21
4.742510999999999
 31
0.0
  0
LINE
  5
2418
330
1F
100
AcDbEntity
  8
1
  6
CONTINUOUS
370
50
 62
4
100
AcDbLine
 10
24.819693
 20
3.99694
 30
0.0
 11
24.828909
 21
4.011533
 31
0.0
  0
LINE
  5
2419
330
1F
100
AcDbEntity
  8
1
  6
CONTINUOUS
370
50
 62
4
100
AcDbLine
 10
24.828909
 20
4.011533
 30
0.0
 11
24.838127
 21
4.026133
 31
0.0
  0
LINE
  5
241A
330
1F
100
AcDbEntity
  8
1
  6
CONTINUOUS
370
50
 62
4
100
AcDbLine
 10
30.20854
 20
-4.474714
 30
0.0
 11
30.260838
 21
-4.391849
 31
0.0
  0
LINE
  5
241B
330
1F
100
AcDbEntity
  8
1
  6
CONTINUOUS
370
50
 62
4
100
AcDbLine
 10
24.838127
 20
4.026133
 30
0.0
 11
24.847345
 21
4.040738999999999
 31
0.0
  0
LINE
  5
241C
330
1F
100
AcDbEntity
  8
1
  6
CONTINUOUS
370
50
 62
4
100
AcDbLine
 10
28.874926
 20
-4.621786
 30
0.0
 11
28.90933
 21
-4.567254999999999
 31
0.0
  0
LINE
  5
241D
330
1F
100
AcDbEntity
  8
1
  6
CONTINUOUS
370
50
 62
4
100
AcDbLine
 10
24.847345
 20
4.040738999999999
 30
0.0
 11
24.856562
 21
4.055351
 31
0.0
  0
LINE
  5
241E
330
1F
100
AcDbEntity
  8
1
  6
CONTINUOUS
370
50
 62
4
100
AcDbLine
 10
24.856562
 20
4.055351
 30
0.0
 11
24.86578
 21
4.06997
 31
0.0
  0
LINE
  5
241F
330
1F
100
AcDbEntity
  8
1
  6
CONTINUOUS
370
50
 62
4
100
AcDbLine
 10
24.86578
 20
4.06997
 30
0.0
 11
24.875
 21
4.084595
 31
0.0
  0
LINE
  5
2420
330
1F
100
AcDbEntity
  8
1
  6
CONTINUOUS
370
50
 62
4
100
AcDbLine
 10
15.0575
 20
-4.522599
 30
0.0
 11
15.120674
 21
-4.422289
 31
0.0
  0
LINE
  5
2421
330
1F
100
AcDbEntity
  8
1
  6
CONTINUOUS
370
50
 62
4
100
AcDbLine
 10
15.120674
 20
-4.422289
 30
0.0
 11
15.183862
 21
-4.321751
 31
0.0
  0
LINE
  5
2422
330
1F
100
AcDbEntity
  8
1
  6
CONTINUOUS
370
50
 62
4
100
AcDbLine
 10
14.811824
 20
4.422734999999999
 30
0.0
 11
14.875
 21
4.523442
 31
0.0
  0
LINE
  5
2423
330
1F
100
AcDbEntity
  8
1
  6
CONTINUOUS
370
50
 62
4
100
AcDbLine
 10
15.183862
 20
-4.321751
 30
0.0
 11
15.247064
 21
-4.220984
 31
0.0
  0
LINE
  5
2424
330
1F
100
AcDbEntity
  8
1
  6
CONTINUOUS
370
50
 62
4
100
AcDbLine
 10
15.824198
 20
4.226202
 30
0.0
 11
15.887052
 21
4.326546
 31
0.0
  0
LINE
  5
2425
330
1F
100
AcDbEntity
  8
1
  6
CONTINUOUS
370
50
 62
4
100
AcDbLine
 10
14.748635
 20
4.321808
 30
0.0
 11
14.811824
 21
4.422734999999999
 31
0.0
  0
LINE
  5
2426
330
1F
100
AcDbEntity
  8
1
  6
CONTINUOUS
370
50
 62
4
100
AcDbLine
 10
15.247064
 20
-4.220984
 30
0.0
 11
15.310278
 21
-4.119993
 31
0.0
  0
LINE
  5
2427
330
1F
100
AcDbEntity
  8
1
  6
CONTINUOUS
370
50
 62
4
100
AcDbLine
 10
17.867567
 20
0.8340559999999999
 30
0.0
 11
17.933247
 21
0.939128
 31
0.0
  0
LINE
  5
2428
330
1F
100
AcDbEntity
  8
1
  6
CONTINUOUS
370
50
 62
4
100
AcDbLine
 10
14.685433
 20
4.220664999999999
 30
0.0
 11
14.748635
 21
4.321808
 31
0.0
  0
LINE
  5
2429
330
1F
100
AcDbEntity
  8
1
  6
CONTINUOUS
370
50
 62
4
100
AcDbLine
 10
15.310278
 20
-4.119993
 30
0.0
 11
15.373507
 21
-4.018778999999999
 31
0.0
  0
LINE
  5
242A
330
1F
100
AcDbEntity
  8
1
  6
CONTINUOUS
370
50
 62
4
100
AcDbLine
 10
14.622219
 20
4.119306
 30
0.0
 11
14.685433
 21
4.220664999999999
 31
0.0
  0
LINE
  5
242B
330
1F
100
AcDbEntity
  8
1
  6
CONTINUOUS
370
50
 62
4
100
AcDbLine
 10
15.373507
 20
-4.018778999999999
 30
0.0
 11
15.436748
 21
-3.917345
 31
0.0
  0
LINE
  5
242C
330
1F
100
AcDbEntity
  8
1
  6
CONTINUOUS
370
50
 62
4
100
AcDbLine
 10
14.558991
 20
4.017733
 30
0.0
 11
14.622219
 21
4.119306
 31
0.0
  0
LINE
  5
242D
330
1F
100
AcDbEntity
  8
1
  6
CONTINUOUS
370
50
 62
4
100
AcDbLine
 10
15.436748
 20
-3.917345
 30
0.0
 11
15.5
 21
-3.815695
 31
0.0
  0
LINE
  5
242E
330
1F
100
AcDbEntity
  8
1
  6
CONTINUOUS
370
50
 62
4
100
AcDbLine
 10
27.557501
 20
-4.743003
 30
0.0
 11
27.574917
 21
-4.715008
 31
0.0
  0
LINE
  5
242F
330
1F
100
AcDbEntity
  8
1
  6
CONTINUOUS
370
50
 62
4
100
AcDbLine
 10
4.57665
 20
-0.405631
 30
0.0
 11
4.5961
 21
-0.374357
 31
0.0
  0
LINE
  5
2430
330
1F
100
AcDbEntity
  8
1
  6
CONTINUOUS
370
50
 62
4
100
AcDbLine
 10
25.901121
 20
3.844733
 30
0.0
 11
25.938446
 21
3.904768
 31
0.0
  0
LINE
  5
2431
330
1F
100
AcDbEntity
  8
1
  6
CONTINUOUS
370
50
 62
4
100
AcDbLine
 10
13.503967
 20
4.537348
 30
0.0
 11
13.534784
 21
4.586921999999999
 31
0.0
  0
LINE
  5
2432
330
1F
100
AcDbEntity
  8
1
  6
CONTINUOUS
370
50
 62
4
100
AcDbLine
 10
14.495751
 20
3.91595
 30
0.0
 11
14.558991
 21
4.017733
 31
0.0
  0
LINE
  5
2433
330
1F
100
AcDbEntity
  8
1
  6
CONTINUOUS
370
50
 62
4
100
AcDbLine
 10
25.938446
 20
3.904768
 30
0.0
 11
25.975765
 21
3.96488
 31
0.0
  0
LINE
  5
2434
330
1F
100
AcDbEntity
  8
1
  6
CONTINUOUS
370
50
 62
4
100
AcDbLine
 10
12.343908
 20
4.692841
 30
0.0
 11
12.359509
 21
4.717982
 31
0.0
  0
LINE
  5
2435
330
1F
100
AcDbEntity
  8
1
  6
CONTINUOUS
370
50
 62
4
100
AcDbLine
 10
14.4325
 20
3.813961
 30
0.0
 11
14.495751
 21
3.91595
 31
0.0
  0
LINE
  5
2436
330
1F
100
AcDbEntity
  8
1
  6
CONTINUOUS
370
50
 62
4
100
AcDbLine
 10
25.975765
 20
3.96488
 30
0.0
 11
26.013081
 21
4.025069
 31
0.0
  0
LINE
  5
2437
330
1F
100
AcDbEntity
  8
1
  6
CONTINUOUS
370
50
 62
4
100
AcDbLine
 10
26.013081
 20
4.025069
 30
0.0
 11
26.050392
 21
4.085334
 31
0.0
  0
LINE
  5
2438
330
1F
100
AcDbEntity
  8
1
  6
CONTINUOUS
370
50
 62
4
100
AcDbLine
 10
26.050392
 20
4.085334
 30
0.0
 11
26.087698
 21
4.145676
 31
0.0
  0
LINE
  5
2439
330
1F
100
AcDbEntity
  8
1
  6
CONTINUOUS
370
50
 62
4
100
AcDbLine
 10
26.087698
 20
4.145676
 30
0.0
 11
26.125
 21
4.206093
 31
0.0
  0
LINE
  5
243A
330
1F
100
AcDbEntity
  8
1
  6
CONTINUOUS
370
50
 62
4
100
AcDbLine
 10
16.307501
 20
-4.591201
 30
0.0
 11
16.370676
 21
-4.488657
 31
0.0
  0
LINE
  5
243B
330
1F
100
AcDbEntity
  8
1
  6
CONTINUOUS
370
50
 62
4
100
AcDbLine
 10
31.577717
 20
-4.271903
 30
0.0
 11
31.649031
 21
-4.156086
 31
0.0
  0
LINE
  5
243C
330
1F
100
AcDbEntity
  8
1
  6
CONTINUOUS
370
50
 62
4
100
AcDbLine
 10
16.553001
 20
0.9383539999999999
 30
0.0
 11
16.617571
 21
1.043297
 31
0.0
  0
LINE
  5
243D
330
1F
100
AcDbEntity
  8
1
  6
CONTINUOUS
370
50
 62
4
100
AcDbLine
 10
16.370676
 20
-4.488657
 30
0.0
 11
16.433863
 21
-4.385914
 31
0.0
  0
LINE
  5
243E
330
1F
100
AcDbEntity
  8
1
  6
CONTINUOUS
370
50
 62
4
100
AcDbLine
 10
14.648169
 20
4.355505
 30
0.0
 11
14.695119
 21
4.431916
 31
0.0
  0
LINE
  5
243F
330
1F
100
AcDbEntity
  8
1
  6
CONTINUOUS
370
50
 62
4
100
AcDbLine
 10
13.56204
 20
4.490167
 30
0.0
 11
13.625
 21
4.592652999999999
 31
0.0
  0
LINE
  5
2440
330
1F
100
AcDbEntity
  8
1
  6
CONTINUOUS
370
50
 62
4
100
AcDbLine
 10
16.433863
 20
-4.385914
 30
0.0
 11
16.497065
 21
-4.282973
 31
0.0
  0
LINE
  5
2441
330
1F
100
AcDbEntity
  8
1
  6
CONTINUOUS
370
50
 62
4
100
AcDbLine
 10
28.90933
 20
-4.567254999999999
 30
0.0
 11
28.944191
 21
-4.510444
 31
0.0
  0
LINE
  5
2442
330
1F
100
AcDbEntity
  8
1
  6
CONTINUOUS
370
50
 62
4
100
AcDbLine
 10
13.498983
 20
4.387348999999999
 30
0.0
 11
13.56204
 21
4.490167
 31
0.0
  0
LINE
  5
2443
330
1F
100
AcDbEntity
  8
1
  6
CONTINUOUS
370
50
 62
4
100
AcDbLine
 10
26.980387
 20
3.667289
 30
0.0
 11
27.04619
 21
3.77461
 31
0.0
  0
LINE
  5
2444
330
1F
100
AcDbEntity
  8
1
  6
CONTINUOUS
370
50
 62
4
100
AcDbLine
 10
16.497065
 20
-4.282973
 30
0.0
 11
16.56028
 21
-4.179837
 31
0.0
  0
LINE
  5
2445
330
1F
100
AcDbEntity
  8
1
  6
CONTINUOUS
370
50
 62
4
100
AcDbLine
 10
27.574917
 20
-4.715008
 30
0.0
 11
27.592461
 21
-4.686383
 31
0.0
  0
LINE
  5
2446
330
1F
100
AcDbEntity
  8
1
  6
CONTINUOUS
370
50
 62
4
100
AcDbLine
 10
32.933247
 20
-4.090227
 30
0.0
 11
33.000004
 21
-3.981291
 31
0.0
  0
LINE
  5
2447
330
1F
100
AcDbEntity
  8
1
  6
CONTINUOUS
370
50
 62
4
100
AcDbLine
 10
13.435834
 20
4.284209
 30
0.0
 11
13.498983
 21
4.387348999999999
 31
0.0
  0
LINE
  5
2448
330
1F
100
AcDbEntity
  8
1
  6
CONTINUOUS
370
50
 62
4
100
AcDbLine
 10
16.56028
 20
-4.179837
 30
0.0
 11
16.623508
 21
-4.076508
 31
0.0
  0
LINE
  5
2449
330
1F
100
AcDbEntity
  8
1
  6
CONTINUOUS
370
50
 62
4
100
AcDbLine
 10
27.04619
 20
3.77461
 30
0.0
 11
27.11198
 21
3.882146
 31
0.0
  0
LINE
  5
244A
330
1F
100
AcDbEntity
  8
1
  6
CONTINUOUS
370
50
 62
4
100
AcDbLine
 10
13.372597
 20
4.180753999999999
 30
0.0
 11
13.435834
 21
4.284209
 31
0.0
  0
LINE
  5
244B
330
1F
100
AcDbEntity
  8
1
  6
CONTINUOUS
370
50
 62
4
100
AcDbLine
 10
16.623508
 20
-4.076508
 30
0.0
 11
16.686749
 21
-3.972989
 31
0.0
  0
LINE
  5
244C
330
1F
100
AcDbEntity
  8
1
  6
CONTINUOUS
370
50
 62
4
100
AcDbLine
 10
27.11198
 20
3.882146
 30
0.0
 11
27.177755
 21
3.989895
 31
0.0
  0
LINE
  5
244D
330
1F
100
AcDbEntity
  8
1
  6
CONTINUOUS
370
50
 62
4
100
AcDbLine
 10
13.309278
 20
4.076994
 30
0.0
 11
13.372597
 21
4.180753999999999
 31
0.0
  0
LINE
  5
244E
330
1F
100
AcDbEntity
  8
1
  6
CONTINUOUS
370
50
 62
4
100
AcDbLine
 10
12.328203
 20
4.667091999999999
 30
0.0
 11
12.343908
 21
4.692841
 31
0.0
  0
LINE
  5
244F
330
1F
100
AcDbEntity
  8
1
  6
CONTINUOUS
370
50
 62
4
100
AcDbLine
 10
16.686749
 20
-3.972989
 30
0.0
 11
16.75
 21
-3.869285
 31
0.0
  0
LINE
  5
2450
330
1F
100
AcDbEntity
  8
1
  6
CONTINUOUS
370
50
 62
4
100
AcDbLine
 10
13.245895
 20
3.972963
 30
0.0
 11
13.309278
 21
4.076994
 31
0.0
  0
LINE
  5
2451
330
1F
100
AcDbEntity
  8
1
  6
CONTINUOUS
370
50
 62
4
100
AcDbLine
 10
27.177755
 20
3.989895
 30
0.0
 11
27.243517
 21
4.097853
 31
0.0
  0
LINE
  5
2452
330
1F
100
AcDbEntity
  8
1
  6
CONTINUOUS
370
50
 62
4
100
AcDbLine
 10
13.1825
 20
3.868743
 30
0.0
 11
13.245895
 21
3.972963
 31
0.0
  0
LINE
  5
2453
330
1F
100
AcDbEntity
  8
1
  6
CONTINUOUS
370
50
 62
4
100
AcDbLine
 10
27.243517
 20
4.097853
 30
0.0
 11
27.309265
 21
4.206017999999999
 31
0.0
  0
LINE
  5
2454
330
1F
100
AcDbEntity
  8
1
  6
CONTINUOUS
370
50
 62
4
100
AcDbLine
 10
30.260838
 20
-4.391849
 30
0.0
 11
30.313993
 21
-4.304301
 31
0.0
  0
LINE
  5
2455
330
1F
100
AcDbEntity
  8
1
  6
CONTINUOUS
370
50
 62
4
100
AcDbLine
 10
27.309265
 20
4.206017999999999
 30
0.0
 11
27.375
 21
4.314387
 31
0.0
  0
LINE
  5
2456
330
1F
100
AcDbEntity
  8
1
  6
CONTINUOUS
370
50
 62
4
100
AcDbLine
 10
15.239591
 20
1.048735
 30
0.0
 11
15.303006
 21
1.153587
 31
0.0
  0
LINE
  5
2457
330
1F
100
AcDbEntity
  8
1
  6
CONTINUOUS
370
50
 62
4
100
AcDbLine
 10
17.557501
 20
-4.647342
 30
0.0
 11
17.620676
 21
-4.542864
 31
0.0
  0
LINE
  5
2458
330
1F
100
AcDbEntity
  8
1
  6
CONTINUOUS
370
50
 62
4
100
AcDbLine
 10
27.592461
 20
-4.686383
 30
0.0
 11
27.61013
 21
-4.657135999999999
 31
0.0
  0
LINE
  5
2459
330
1F
100
AcDbEntity
  8
1
  6
CONTINUOUS
370
50
 62
4
100
AcDbLine
 10
17.620676
 20
-4.542864
 30
0.0
 11
17.683865
 21
-4.438216
 31
0.0
  0
LINE
  5
245A
330
1F
100
AcDbEntity
  8
1
  6
CONTINUOUS
370
50
 62
4
100
AcDbLine
 10
28.182501
 20
3.672968
 30
0.0
 11
28.24575
 21
3.777732
 31
0.0
  0
LINE
  5
245B
330
1F
100
AcDbEntity
  8
1
  6
CONTINUOUS
370
50
 62
4
100
AcDbLine
 10
12.311824
 20
4.544734
 30
0.0
 11
12.375
 21
4.6495
 31
0.0
  0
LINE
  5
245C
330
1F
100
AcDbEntity
  8
1
  6
CONTINUOUS
370
50
 62
4
100
AcDbLine
 10
17.683865
 20
-4.438216
 30
0.0
 11
17.747066
 21
-4.333399
 31
0.0
  0
LINE
  5
245D
330
1F
100
AcDbEntity
  8
1
  6
CONTINUOUS
370
50
 62
4
100
AcDbLine
 10
28.24575
 20
3.777732
 30
0.0
 11
28.308989
 21
3.882672
 31
0.0
  0
LINE
  5
245E
330
1F
100
AcDbEntity
  8
1
  6
CONTINUOUS
370
50
 62
4
100
AcDbLine
 10
13.472782
 20
4.485588
 30
0.0
 11
13.503967
 21
4.537348
 31
0.0
  0
LINE
  5
245F
330
1F
100
AcDbEntity
  8
1
  6
CONTINUOUS
370
50
 62
4
100
AcDbLine
 10
12.248635
 20
4.439801
 30
0.0
 11
12.311824
 21
4.544734
 31
0.0
  0
LINE
  5
2460
330
1F
100
AcDbEntity
  8
1
  6
CONTINUOUS
370
50
 62
4
100
AcDbLine
 10
17.747066
 20
-4.333399
 30
0.0
 11
17.810282
 21
-4.228416999999999
 31
0.0
  0
LINE
  5
2461
330
1F
100
AcDbEntity
  8
1
  6
CONTINUOUS
370
50
 62
4
100
AcDbLine
 10
28.308989
 20
3.882672
 30
0.0
 11
28.372215
 21
3.987782
 31
0.0
  0
LINE
  5
2462
330
1F
100
AcDbEntity
  8
1
  6
CONTINUOUS
370
50
 62
4
100
AcDbLine
 10
12.185433
 20
4.334705
 30
0.0
 11
12.248635
 21
4.439801
 31
0.0
  0
LINE
  5
2463
330
1F
100
AcDbEntity
  8
1
  6
CONTINUOUS
370
50
 62
4
100
AcDbLine
 10
17.810282
 20
-4.228416999999999
 30
0.0
 11
17.873508
 21
-4.123271
 31
0.0
  0
LINE
  5
2464
330
1F
100
AcDbEntity
  8
1
  6
CONTINUOUS
370
50
 62
4
100
AcDbLine
 10
20.451061
 20
0.5599959999999999
 30
0.0
 11
20.500004
 21
0.641401
 31
0.0
  0
LINE
  5
2465
330
1F
100
AcDbEntity
  8
1
  6
CONTINUOUS
370
50
 62
4
100
AcDbLine
 10
12.122219
 20
4.229448
 30
0.0
 11
12.185433
 21
4.334705
 31
0.0
  0
LINE
  5
2466
330
1F
100
AcDbEntity
  8
1
  6
CONTINUOUS
370
50
 62
4
100
AcDbLine
 10
17.873508
 20
-4.123271
 30
0.0
 11
17.936749
 21
-4.017963
 31
0.0
  0
LINE
  5
2467
330
1F
100
AcDbEntity
  8
1
  6
CONTINUOUS
370
50
 62
4
100
AcDbLine
 10
28.372215
 20
3.987782
 30
0.0
 11
28.435431
 21
4.093059999999999
 31
0.0
  0
LINE
  5
2468
330
1F
100
AcDbEntity
  8
1
  6
CONTINUOUS
370
50
 62
4
100
AcDbLine
 10
12.312393
 20
4.64074
 30
0.0
 11
12.328203
 21
4.667091999999999
 31
0.0
  0
LINE
  5
2469
330
1F
100
AcDbEntity
  8
1
  6
CONTINUOUS
370
50
 62
4
100
AcDbLine
 10
12.058992
 20
4.124031
 30
0.0
 11
12.122219
 21
4.229448
 31
0.0
  0
LINE
  5
246A
330
1F
100
AcDbEntity
  8
1
  6
CONTINUOUS
370
50
 62
4
100
AcDbLine
 10
17.936749
 20
-4.017963
 30
0.0
 11
18.0
 21
-3.912499
 31
0.0
  0
LINE
  5
246B
330
1F
100
AcDbEntity
  8
1
  6
CONTINUOUS
370
50
 62
4
100
AcDbLine
 10
28.435431
 20
4.093059999999999
 30
0.0
 11
28.498632
 21
4.198502
 31
0.0
  0
LINE
  5
246C
330
1F
100
AcDbEntity
  8
1
  6
CONTINUOUS
370
50
 62
4
100
AcDbLine
 10
11.995752
 20
4.018457
 30
0.0
 11
12.058992
 21
4.124031
 31
0.0
  0
LINE
  5
246D
330
1F
100
AcDbEntity
  8
1
  6
CONTINUOUS
370
50
 62
4
100
AcDbLine
 10
28.498632
 20
4.198502
 30
0.0
 11
28.561823
 21
4.304107
 31
0.0
  0
LINE
  5
246E
330
1F
100
AcDbEntity
  8
1
  6
CONTINUOUS
370
50
 62
4
100
AcDbLine
 10
16.932499
 20
3.983462
 30
0.0
 11
16.999748
 21
4.09585
 31
0.0
  0
LINE
  5
246F
330
1F
100
AcDbEntity
  8
1
  6
CONTINUOUS
370
50
 62
4
100
AcDbLine
 10
11.9325
 20
3.912728
 30
0.0
 11
11.995752
 21
4.018457
 31
0.0
  0
LINE
  5
2470
330
1F
100
AcDbEntity
  8
1
  6
CONTINUOUS
370
50
 62
4
100
AcDbLine
 10
28.944191
 20
-4.510444
 30
0.0
 11
28.9795
 21
-4.451397
 31
0.0
  0
LINE
  5
2471
330
1F
100
AcDbEntity
  8
1
  6
CONTINUOUS
370
50
 62
4
100
AcDbLine
 10
28.561823
 20
4.304107
 30
0.0
 11
28.625
 21
4.409873
 31
0.0
  0
LINE
  5
2472
330
1F
100
AcDbEntity
  8
1
  6
CONTINUOUS
370
50
 62
4
100
AcDbLine
 10
27.61013
 20
-4.657135999999999
 30
0.0
 11
27.627926
 21
-4.627273
 31
0.0
  0
LINE
  5
2473
330
1F
100
AcDbEntity
  8
1
  6
CONTINUOUS
370
50
 62
4
100
AcDbLine
 10
18.807501
 20
-4.691256
 30
0.0
 11
18.870676
 21
-4.585134
 31
0.0
  0
LINE
  5
2474
330
1F
100
AcDbEntity
  8
1
  6
CONTINUOUS
370
50
 62
4
100
AcDbLine
 10
29.432501
 20
3.746051
 30
0.0
 11
29.495749
 21
3.852325
 31
0.0
  0
LINE
  5
2475
330
1F
100
AcDbEntity
  8
1
  6
CONTINUOUS
370
50
 62
4
100
AcDbLine
 10
10.833568
 20
-3.987657
 30
0.0
 11
10.842147
 21
-3.973233
 31
0.0
  0
LINE
  5
2476
330
1F
100
AcDbEntity
  8
1
  6
CONTINUOUS
370
50
 62
4
100
AcDbLine
 10
18.870676
 20
-4.585134
 30
0.0
 11
18.933865
 21
-4.47887
 31
0.0
  0
LINE
  5
2477
330
1F
100
AcDbEntity
  8
1
  6
CONTINUOUS
370
50
 62
4
100
AcDbLine
 10
29.495749
 20
3.852325
 30
0.0
 11
29.558989
 21
3.958746
 31
0.0
  0
LINE
  5
2478
330
1F
100
AcDbEntity
  8
1
  6
CONTINUOUS
370
50
 62
4
100
AcDbLine
 10
18.933865
 20
-4.47887
 30
0.0
 11
18.997066
 21
-4.372466
 31
0.0
  0
LINE
  5
2479
330
1F
100
AcDbEntity
  8
1
  6
CONTINUOUS
370
50
 62
4
100
AcDbLine
 10
13.927485
 20
1.16599
 30
0.0
 11
13.989594
 21
1.27057
 31
0.0
  0
LINE
  5
247A
330
1F
100
AcDbEntity
  8
1
  6
CONTINUOUS
370
50
 62
4
100
AcDbLine
 10
18.997066
 20
-4.372466
 30
0.0
 11
19.060282
 21
-4.265925
 31
0.0
  0
LINE
  5
247B
330
1F
100
AcDbEntity
  8
1
  6
CONTINUOUS
370
50
 62
4
100
AcDbLine
 10
29.558989
 20
3.958746
 30
0.0
 11
29.622215
 21
4.06531
 31
0.0
  0
LINE
  5
247C
330
1F
100
AcDbEntity
  8
1
  6
CONTINUOUS
370
50
 62
4
100
AcDbLine
 10
19.060282
 20
-4.265925
 30
0.0
 11
19.12351
 21
-4.159248
 31
0.0
  0
LINE
  5
247D
330
1F
100
AcDbEntity
  8
1
  6
CONTINUOUS
370
50
 62
4
100
AcDbLine
 10
29.622215
 20
4.06531
 30
0.0
 11
29.685429
 21
4.172013
 31
0.0
  0
LINE
  5
247E
330
1F
100
AcDbEntity
  8
1
  6
CONTINUOUS
370
50
 62
4
100
AcDbLine
 10
15.760023
 20
4.117842
 30
0.0
 11
15.824198
 21
4.226202
 31
0.0
  0
LINE
  5
247F
330
1F
100
AcDbEntity
  8
1
  6
CONTINUOUS
370
50
 62
4
100
AcDbLine
 10
19.12351
 20
-4.159248
 30
0.0
 11
19.186749
 21
-4.052439
 31
0.0
  0
LINE
  5
2480
330
1F
100
AcDbEntity
  8
1
  6
CONTINUOUS
370
50
 62
4
100
AcDbLine
 10
29.685429
 20
4.172013
 30
0.0
 11
29.748632
 21
4.278854
 31
0.0
  0
LINE
  5
2481
330
1F
100
AcDbEntity
  8
1
  6
CONTINUOUS
370
50
 62
4
100
AcDbLine
 10
19.186749
 20
-4.052439
 30
0.0
 11
19.25
 21
-3.945501
 31
0.0
  0
LINE
  5
2482
330
1F
100
AcDbEntity
  8
1
  6
CONTINUOUS
370
50
 62
4
100
AcDbLine
 10
29.748632
 20
4.278854
 30
0.0
 11
29.811823
 21
4.385831
 31
0.0
  0
LINE
  5
2483
330
1F
100
AcDbEntity
  8
1
  6
CONTINUOUS
370
50
 62
4
100
AcDbLine
 10
12.29648
 20
4.61379
 30
0.0
 11
12.312393
 21
4.64074
 31
0.0
  0
LINE
  5
2484
330
1F
100
AcDbEntity
  8
1
  6
CONTINUOUS
370
50
 62
4
100
AcDbLine
 10
10.865533
 20
1.517506
 30
0.0
 11
10.872459
 21
1.529248
 31
0.0
  0
LINE
  5
2485
330
1F
100
AcDbEntity
  8
1
  6
CONTINUOUS
370
50
 62
4
100
AcDbLine
 10
29.811823
 20
4.385831
 30
0.0
 11
29.875
 21
4.492941
 31
0.0
  0
LINE
  5
2486
330
1F
100
AcDbEntity
  8
1
  6
CONTINUOUS
370
50
 62
4
100
AcDbLine
 10
14.60044
 20
4.274436
 30
0.0
 11
14.648169
 21
4.355505
 31
0.0
  0
LINE
  5
2487
330
1F
100
AcDbEntity
  8
1
  6
CONTINUOUS
370
50
 62
4
100
AcDbLine
 10
31.649031
 20
-4.156086
 30
0.0
 11
31.721661
 21
-4.032658
 31
0.0
  0
LINE
  5
2488
330
1F
100
AcDbEntity
  8
1
  6
CONTINUOUS
370
50
 62
4
100
AcDbLine
 10
19.121729
 20
0.6305799999999999
 30
0.0
 11
19.185362
 21
0.738725
 31
0.0
  0
LINE
  5
2489
330
1F
100
AcDbEntity
  8
1
  6
CONTINUOUS
370
50
 62
4
100
AcDbLine
 10
30.682501
 20
3.808912
 30
0.0
 11
30.745749
 21
3.916432
 31
0.0
  0
LINE
  5
248A
330
1F
100
AcDbEntity
  8
1
  6
CONTINUOUS
370
50
 62
4
100
AcDbLine
 10
27.627926
 20
-4.627273
 30
0.0
 11
27.645847
 21
-4.596801
 31
0.0
  0
LINE
  5
248B
330
1F
100
AcDbEntity
  8
1
  6
CONTINUOUS
370
50
 62
4
100
AcDbLine
 10
20.057501
 20
-4.723044
 30
0.0
 11
20.120676
 21
-4.615559999999999
 31
0.0
  0
LINE
  5
248C
330
1F
100
AcDbEntity
  8
1
  6
CONTINUOUS
370
50
 62
4
100
AcDbLine
 10
30.745749
 20
3.916432
 30
0.0
 11
30.808987
 21
4.024071999999999
 31
0.0
  0
LINE
  5
248D
330
1F
100
AcDbEntity
  8
1
  6
CONTINUOUS
370
50
 62
4
100
AcDbLine
 10
20.120676
 20
-4.615559999999999
 30
0.0
 11
20.183867
 21
-4.507961
 31
0.0
  0
LINE
  5
248E
330
1F
100
AcDbEntity
  8
1
  6
CONTINUOUS
370
50
 62
4
100
AcDbLine
 10
20.183867
 20
-4.507961
 30
0.0
 11
20.247068
 21
-4.40025
 31
0.0
  0
LINE
  5
248F
330
1F
100
AcDbEntity
  8
1
  6
CONTINUOUS
370
50
 62
4
100
AcDbLine
 10
30.808987
 20
4.024071999999999
 30
0.0
 11
30.872213
 21
4.131826999999999
 31
0.0
  0
LINE
  5
2490
330
1F
100
AcDbEntity
  8
1
  6
CONTINUOUS
370
50
 62
4
100
AcDbLine
 10
30.313993
 20
-4.304301
 30
0.0
 11
30.367947
 21
-4.2123
 31
0.0
  0
LINE
  5
2491
330
1F
100
AcDbEntity
  8
1
  6
CONTINUOUS
370
50
 62
4
100
AcDbLine
 10
20.247068
 20
-4.40025
 30
0.0
 11
20.310282
 21
-4.29243
 31
0.0
  0
LINE
  5
2492
330
1F
100
AcDbEntity
  8
1
  6
CONTINUOUS
370
50
 62
4
100
AcDbLine
 10
30.872213
 20
4.131826999999999
 30
0.0
 11
30.935429
 21
4.239695999999999
 31
0.0
  0
LINE
  5
2493
330
1F
100
AcDbEntity
  8
1
  6
CONTINUOUS
370
50
 62
4
100
AcDbLine
 10
20.310282
 20
-4.29243
 30
0.0
 11
20.37351
 21
-4.184502999999999
 31
0.0
  0
LINE
  5
2494
330
1F
100
AcDbEntity
  8
1
  6
CONTINUOUS
370
50
 62
4
100
AcDbLine
 10
20.37351
 20
-4.184502999999999
 30
0.0
 11
20.436749
 21
-4.076471
 31
0.0
  0
LINE
  5
2495
330
1F
100
AcDbEntity
  8
1
  6
CONTINUOUS
370
50
 62
4
100
AcDbLine
 10
30.935429
 20
4.239695999999999
 30
0.0
 11
30.998631
 21
4.347674
 31
0.0
  0
LINE
  5
2496
330
1F
100
AcDbEntity
  8
1
  6
CONTINUOUS
370
50
 62
4
100
AcDbLine
 10
13.441231
 20
4.431672
 30
0.0
 11
13.472782
 21
4.485588
 31
0.0
  0
LINE
  5
2497
330
1F
100
AcDbEntity
  8
1
  6
CONTINUOUS
370
50
 62
4
100
AcDbLine
 10
20.436749
 20
-4.076471
 30
0.0
 11
20.5
 21
-3.968338
 31
0.0
  0
LINE
  5
2498
330
1F
100
AcDbEntity
  8
1
  6
CONTINUOUS
370
50
 62
4
100
AcDbLine
 10
30.998631
 20
4.347674
 30
0.0
 11
31.061821
 21
4.455762
 31
0.0
  0
LINE
  5
2499
330
1F
100
AcDbEntity
  8
1
  6
CONTINUOUS
370
50
 62
4
100
AcDbLine
 10
31.061821
 20
4.455762
 30
0.0
 11
31.125
 21
4.563956
 31
0.0
  0
LINE
  5
249A
330
1F
100
AcDbEntity
  8
1
  6
CONTINUOUS
370
50
 62
4
100
AcDbLine
 10
28.9795
 20
-4.451397
 30
0.0
 11
29.015247
 21
-4.390171
 31
0.0
  0
LINE
  5
249B
330
1F
100
AcDbEntity
  8
1
  6
CONTINUOUS
370
50
 62
4
100
AcDbLine
 10
31.932501
 20
3.861839
 30
0.0
 11
31.995749
 21
3.970346
 31
0.0
  0
LINE
  5
249C
330
1F
100
AcDbEntity
  8
1
  6
CONTINUOUS
370
50
 62
4
100
AcDbLine
 10
31.995749
 20
3.970346
 30
0.0
 11
32.058987
 21
4.078946
 31
0.0
  0
LINE
  5
249D
330
1F
100
AcDbEntity
  8
1
  6
CONTINUOUS
370
50
 62
4
100
AcDbLine
 10
21.307501
 20
-4.742671
 30
0.0
 11
21.370676
 21
-4.634099
 31
0.0
  0
LINE
  5
249E
330
1F
100
AcDbEntity
  8
1
  6
CONTINUOUS
370
50
 62
4
100
AcDbLine
 10
32.058987
 20
4.078946
 30
0.0
 11
32.122211
 21
4.187635
 31
0.0
  0
LINE
  5
249F
330
1F
100
AcDbEntity
  8
1
  6
CONTINUOUS
370
50
 62
4
100
AcDbLine
 10
21.370676
 20
-4.634099
 30
0.0
 11
21.433865
 21
-4.525441
 31
0.0
  0
LINE
  5
24A0
330
1F
100
AcDbEntity
  8
1
  6
CONTINUOUS
370
50
 62
4
100
AcDbLine
 10
12.280463
 20
4.586246
 30
0.0
 11
12.29648
 21
4.61379
 31
0.0
  0
LINE
  5
24A1
330
1F
100
AcDbEntity
  8
1
  6
CONTINUOUS
370
50
 62
4
100
AcDbLine
 10
21.433865
 20
-4.525441
 30
0.0
 11
21.497066
 21
-4.416698999999999
 31
0.0
  0
LINE
  5
24A2
330
1F
100
AcDbEntity
  8
1
  6
CONTINUOUS
370
50
 62
4
100
AcDbLine
 10
32.122211
 20
4.187635
 30
0.0
 11
32.185429
 21
4.296411
 31
0.0
  0
LINE
  5
24A3
330
1F
100
AcDbEntity
  8
1
  6
CONTINUOUS
370
50
 62
4
100
AcDbLine
 10
12.616764
 20
1.288858
 30
0.0
 11
12.677462
 21
1.393312
 31
0.0
  0
LINE
  5
24A4
330
1F
100
AcDbEntity
  8
1
  6
CONTINUOUS
370
50
 62
4
100
AcDbLine
 10
21.497066
 20
-4.416698999999999
 30
0.0
 11
21.560282
 21
-4.307875
 31
0.0
  0
LINE
  5
24A5
330
1F
100
AcDbEntity
  8
1
  6
CONTINUOUS
370
50
 62
4
100
AcDbLine
 10
27.645847
 20
-4.596801
 30
0.0
 11
27.663891
 21
-4.565727
 31
0.0
  0
LINE
  5
24A6
330
1F
100
AcDbEntity
  8
1
  6
CONTINUOUS
370
50
 62
4
100
AcDbLine
 10
32.185429
 20
4.296411
 30
0.0
 11
32.248631
 21
4.40527
 31
0.0
  0
LINE
  5
24A7
330
1F
100
AcDbEntity
  8
1
  6
CONTINUOUS
370
50
 62
4
100
AcDbLine
 10
21.560282
 20
-4.307875
 30
0.0
 11
21.62351
 21
-4.198971
 31
0.0
  0
LINE
  5
24A8
330
1F
100
AcDbEntity
  8
1
  6
CONTINUOUS
370
50
 62
4
100
AcDbLine
 10
21.62351
 20
-4.198971
 30
0.0
 11
21.686749
 21
-4.089990999999999
 31
0.0
  0
LINE
  5
24A9
330
1F
100
AcDbEntity
  8
1
  6
CONTINUOUS
370
50
 62
4
100
AcDbLine
 10
32.248631
 20
4.40527
 30
0.0
 11
32.311821
 21
4.514212
 31
0.0
  0
LINE
  5
24AA
330
1F
100
AcDbEntity
  8
1
  6
CONTINUOUS
370
50
 62
4
100
AcDbLine
 10
21.686749
 20
-4.089990999999999
 30
0.0
 11
21.75
 21
-3.980938
 31
0.0
  0
LINE
  5
24AB
330
1F
100
AcDbEntity
  8
1
  6
CONTINUOUS
370
50
 62
4
100
AcDbLine
 10
32.311821
 20
4.514212
 30
0.0
 11
32.375
 21
4.623233
 31
0.0
  0
LINE
  5
24AC
330
1F
100
AcDbEntity
  8
1
  6
CONTINUOUS
370
50
 62
4
100
AcDbLine
 10
26.307501
 20
-4.749984
 30
0.0
 11
26.30838
 21
-4.748467
 31
0.0
  0
LINE
  5
24AD
330
1F
100
AcDbEntity
  8
1
  6
CONTINUOUS
370
50
 62
4
100
AcDbLine
 10
26.309259
 20
-4.746948
 30
0.0
 11
26.310139
 21
-4.745429
 31
0.0
  0
LINE
  5
24AE
330
1F
100
AcDbEntity
  8
1
  6
CONTINUOUS
370
50
 62
4
100
AcDbLine
 10
33.182499
 20
3.905071
 30
0.0
 11
33.245747
 21
4.014308
 31
0.0
  0
LINE
  5
24AF
330
1F
100
AcDbEntity
  8
1
  6
CONTINUOUS
370
50
 62
4
100
AcDbLine
 10
26.310139
 20
-4.745429
 30
0.0
 11
26.31102
 21
-4.743907
 31
0.0
  0
LINE
  5
24B0
330
1F
100
AcDbEntity
  8
1
  6
CONTINUOUS
370
50
 62
4
100
AcDbLine
 10
26.30838
 20
-4.748467
 30
0.0
 11
26.309259
 21
-4.746948
 31
0.0
  0
LINE
  5
24B1
330
1F
100
AcDbEntity
  8
1
  6
CONTINUOUS
370
50
 62
4
100
AcDbLine
 10
33.245747
 20
4.014308
 30
0.0
 11
33.308987
 21
4.123612
 31
0.0
  0
LINE
  5
24B2
330
1F
100
AcDbEntity
  8
1
  6
CONTINUOUS
370
50
 62
4
100
AcDbLine
 10
33.308987
 20
4.123612
 30
0.0
 11
33.372211
 21
4.232978999999999
 31
0.0
  0
LINE
  5
24B3
330
1F
100
AcDbEntity
  8
1
  6
CONTINUOUS
370
50
 62
4
100
AcDbLine
 10
26.311899
 20
-4.742383999999999
 30
0.0
 11
26.31278
 21
-4.74086
 31
0.0
  0
LINE
  5
24B4
330
1F
100
AcDbEntity
  8
1
  6
CONTINUOUS
370
50
 62
4
100
AcDbLine
 10
33.372211
 20
4.232978999999999
 30
0.0
 11
33.435429
 21
4.342404999999999
 31
0.0
  0
LINE
  5
24B5
330
1F
100
AcDbEntity
  8
1
  6
CONTINUOUS
370
50
 62
4
100
AcDbLine
 10
22.557501
 20
-4.749959
 30
0.0
 11
22.573349
 21
-4.722521
 31
0.0
  0
LINE
  5
24B6
330
1F
100
AcDbEntity
  8
1
  6
CONTINUOUS
370
50
 62
4
100
AcDbLine
 10
22.573349
 20
-4.722521
 30
0.0
 11
22.589197
 21
-4.69508
 31
0.0
  0
LINE
  5
24B7
330
1F
100
AcDbEntity
  8
1
  6
CONTINUOUS
370
50
 62
4
100
AcDbLine
 10
22.589197
 20
-4.69508
 30
0.0
 11
22.605047
 21
-4.667635
 31
0.0
  0
LINE
  5
24B8
330
1F
100
AcDbEntity
  8
1
  6
CONTINUOUS
370
50
 62
4
100
AcDbLine
 10
22.605047
 20
-4.667635
 30
0.0
 11
22.620897
 21
-4.640187
 31
0.0
  0
LINE
  5
24B9
330
1F
100
AcDbEntity
  8
1
  6
CONTINUOUS
370
50
 62
4
100
AcDbLine
 10
22.620897
 20
-4.640187
 30
0.0
 11
22.636749
 21
-4.612735
 31
0.0
  0
LINE
  5
24BA
330
1F
100
AcDbEntity
  8
1
  6
CONTINUOUS
370
50
 62
4
100
AcDbLine
 10
22.636749
 20
-4.612735
 30
0.0
 11
22.652601
 21
-4.585279
 31
0.0
  0
LINE
  5
24BB
330
1F
100
AcDbEntity
  8
1
  6
CONTINUOUS
370
50
 62
4
100
AcDbLine
 10
26.312674
 20
-4.741038
 30
0.0
 11
26.75
 21
-3.983567
 31
0.0
  0
LINE
  5
24BC
330
1F
100
AcDbEntity
  8
1
  6
CONTINUOUS
370
50
 62
4
100
AcDbLine
 10
29.015059
 20
-4.390497
 30
0.0
 11
29.25
 21
-3.983567
 31
0.0
  0
LINE
  5
24BD
330
1F
100
AcDbEntity
  8
1
  6
CONTINUOUS
370
50
 62
4
100
AcDbLine
 10
11.9325
 20
3.983567
 30
0.0
 11
12.280871
 21
4.586964
 31
0.0
  0
LINE
  5
24BE
330
1F
100
AcDbEntity
  8
1
  6
CONTINUOUS
370
50
 62
4
100
AcDbLine
 10
23.807501
 20
-4.75
 30
0.0
 11
24.25
 21
-3.983567
 31
0.0
  0
LINE
  5
24BF
330
1F
100
AcDbEntity
  8
1
  6
CONTINUOUS
370
50
 62
4
100
AcDbLine
 10
25.057501
 20
-4.75
 30
0.0
 11
25.5
 21
-3.983567
 31
0.0
  0
LINE
  5
24C0
330
1F
100
AcDbEntity
  8
1
  6
CONTINUOUS
370
50
 62
4
100
AcDbLine
 10
13.1825
 20
3.983567
 30
0.0
 11
13.441792
 21
4.432675
 31
0.0
  0
LINE
  5
24C1
330
1F
100
AcDbEntity
  8
1
  6
CONTINUOUS
370
50
 62
4
100
AcDbLine
 10
22.652655
 20
-4.585188
 30
0.0
 11
23.0
 21
-3.983567
 31
0.0
  0
LINE
  5
24C2
330
1F
100
AcDbEntity
  8
1
  6
CONTINUOUS
370
50
 62
4
100
AcDbLine
 10
14.4325
 20
3.983567
 30
0.0
 11
14.600938
 21
4.275310999999999
 31
0.0
  0
LINE
  5
24C3
330
1F
100
AcDbEntity
  8
1
  6
CONTINUOUS
370
50
 62
4
100
AcDbLine
 10
27.663425
 20
-4.566534
 30
0.0
 11
28.0
 21
-3.983567
 31
0.0
  0
LINE
  5
24C4
330
1F
100
AcDbEntity
  8
1
  6
CONTINUOUS
370
50
 62
4
100
AcDbLine
 10
15.6825
 20
3.983567
 30
0.0
 11
15.760171
 21
4.118098
 31
0.0
  0
LINE
  5
24C5
330
1F
100
AcDbEntity
  8
1
  6
CONTINUOUS
370
50
 62
4
100
AcDbLine
 10
30.366684
 20
-4.214479
 30
0.0
 11
30.5
 21
-3.983567
 31
0.0
  0
LINE
  5
24C6
330
1F
100
AcDbEntity
  8
1
  6
CONTINUOUS
370
50
 62
4
100
AcDbLine
 10
31.718409
 20
-4.038287
 30
0.0
 11
31.75
 21
-3.983567
 31
0.0
  0
LINE
  5
24C7
330
1F
100
AcDbEntity
  8
1
  6
CONTINUOUS
370
50
 62
4
100
AcDbLine
 10
33.435429
 20
4.342404999999999
 30
0.0
 11
33.498631
 21
4.45189
 31
0.0
  0
LINE
  5
24C8
330
1F
100
AcDbEntity
  8
1
  6
CONTINUOUS
370
50
 62
4
100
AcDbLine
 10
26.31102
 20
-4.743907
 30
0.0
 11
26.311899
 21
-4.742383999999999
 31
0.0
  0
LINE
  5
24C9
330
1F
100
AcDbEntity
  8
1
  6
CONTINUOUS
370
50
 62
4
100
AcDbLine
 10
33.498631
 20
4.45189
 30
0.0
 11
33.561821
 21
4.56143
 31
0.0
  0
LINE
  5
24CA
330
1F
100
AcDbEntity
  8
1
  6
CONTINUOUS
370
50
 62
4
100
AcDbLine
 10
17.802998
 20
0.722059
 30
0.0
 11
17.867567
 21
0.8340559999999999
 31
0.0
  0
LINE
  5
24CB
330
1F
100
AcDbEntity
  8
1
  6
CONTINUOUS
370
50
 62
4
100
AcDbLine
 10
34.432499
 20
3.938784
 30
0.0
 11
34.495747
 21
4.048496
 31
0.0
  0
LINE
  5
24CC
330
1F
100
AcDbEntity
  8
1
  6
CONTINUOUS
370
50
 62
4
100
AcDbLine
 10
33.561821
 20
4.56143
 30
0.0
 11
33.625
 21
4.671025
 31
0.0
  0
LINE
  5
24CD
330
1F
100
AcDbEntity
  8
1
  6
CONTINUOUS
370
50
 62
4
100
AcDbLine
 10
34.495747
 20
4.048496
 30
0.0
 11
34.558987
 21
4.158248
 31
0.0
  0
LINE
  5
24CE
330
1F
100
AcDbEntity
  8
1
  6
CONTINUOUS
370
50
 62
4
100
AcDbLine
 10
34.558987
 20
4.158248
 30
0.0
 11
34.622211
 21
4.268037
 31
0.0
  0
LINE
  5
24CF
330
1F
100
AcDbEntity
  8
1
  6
CONTINUOUS
370
50
 62
4
100
AcDbLine
 10
31.721661
 20
-4.032658
 30
0.0
 11
31.726372
 21
-4.024475
 31
0.0
  0
LINE
  5
24D0
330
1F
100
AcDbEntity
  8
1
  6
CONTINUOUS
370
50
 62
4
100
AcDbLine
 10
34.622211
 20
4.268037
 30
0.0
 11
34.685429
 21
4.377859
 31
0.0
  0
LINE
  5
24D1
330
1F
100
AcDbEntity
  8
1
  6
CONTINUOUS
370
50
 62
4
100
AcDbLine
 10
37.311829
 20
4.637307
 30
0.0
 11
37.375
 21
4.747074
 31
0.0
  0
LINE
  5
24D2
330
1F
100
AcDbEntity
  8
1
  6
CONTINUOUS
370
50
 62
4
100
AcDbLine
 10
36.932499
 20
3.97813
 30
0.0
 11
36.995754
 21
4.088045
 31
0.0
  0
LINE
  5
24D3
330
1F
100
AcDbEntity
  8
1
  6
CONTINUOUS
370
50
 62
4
100
AcDbLine
 10
36.995754
 20
4.088045
 30
0.0
 11
37.058998
 21
4.197944
 31
0.0
  0
LINE
  5
24D4
330
1F
100
AcDbEntity
  8
1
  6
CONTINUOUS
370
50
 62
4
100
AcDbLine
 10
37.122227
 20
4.307823
 30
0.0
 11
37.185444
 21
4.417678
 31
0.0
  0
LINE
  5
24D5
330
1F
100
AcDbEntity
  8
1
  6
CONTINUOUS
370
50
 62
4
100
AcDbLine
 10
37.185444
 20
4.417678
 30
0.0
 11
37.248646
 21
4.527507
 31
0.0
  0
LINE
  5
24D6
330
1F
100
AcDbEntity
  8
1
  6
CONTINUOUS
370
50
 62
4
100
AcDbLine
 10
37.058998
 20
4.197944
 30
0.0
 11
37.122227
 21
4.307823
 31
0.0
  0
LINE
  5
24D7
330
1F
100
AcDbEntity
  8
1
  6
CONTINUOUS
370
50
 62
4
100
AcDbLine
 10
37.248646
 20
4.527507
 30
0.0
 11
37.311829
 21
4.637307
 31
0.0
  0
LINE
  5
24D8
330
1F
100
AcDbEntity
  8
1
  6
CONTINUOUS
370
50
 62
4
100
AcDbLine
 10
35.682499
 20
3.963088
 30
0.0
 11
35.745964
 21
4.073392
 31
0.0
  0
LINE
  5
24D9
330
1F
100
AcDbEntity
  8
1
  6
CONTINUOUS
370
50
 62
4
100
AcDbLine
 10
34.685429
 20
4.377859
 30
0.0
 11
34.748631
 21
4.487712999999999
 31
0.0
  0
LINE
  5
24DA
330
1F
100
AcDbEntity
  8
1
  6
CONTINUOUS
370
50
 62
4
100
AcDbLine
 10
35.745964
 20
4.073392
 30
0.0
 11
35.809418
 21
4.183708
 31
0.0
  0
LINE
  5
24DB
330
1F
100
AcDbEntity
  8
1
  6
CONTINUOUS
370
50
 62
4
100
AcDbLine
 10
34.748631
 20
4.487712999999999
 30
0.0
 11
34.811821
 21
4.597596999999999
 31
0.0
  0
LINE
  5
24DC
330
1F
100
AcDbEntity
  8
1
  6
CONTINUOUS
370
50
 62
4
100
AcDbLine
 10
35.809418
 20
4.183708
 30
0.0
 11
35.872822
 21
4.29397
 31
0.0
  0
LINE
  5
24DD
330
1F
100
AcDbEntity
  8
1
  6
CONTINUOUS
370
50
 62
4
100
AcDbLine
 10
35.872822
 20
4.29397
 30
0.0
 11
35.936127
 21
4.404089
 31
0.0
  0
LINE
  5
24DE
330
1F
100
AcDbEntity
  8
1
  6
CONTINUOUS
370
50
 62
4
100
AcDbLine
 10
34.811821
 20
4.597596999999999
 30
0.0
 11
34.875
 21
4.707508
 31
0.0
  0
LINE
  5
24DF
330
1F
100
AcDbEntity
  8
1
  6
CONTINUOUS
370
50
 62
4
100
AcDbLine
 10
35.936127
 20
4.404089
 30
0.0
 11
35.99928999999999
 21
4.513984
 31
0.0
  0
LINE
  5
24E0
330
1F
100
AcDbEntity
  8
1
  6
CONTINUOUS
370
50
 62
4
100
AcDbLine
 10
35.99928999999999
 20
4.513984
 30
0.0
 11
36.062263
 21
4.623574
 31
0.0
  0
LINE
  5
24E1
330
1F
100
AcDbEntity
  8
1
  6
CONTINUOUS
370
50
 62
4
100
AcDbLine
 10
36.062263
 20
4.623574
 30
0.0
 11
36.125
 21
4.732778
 31
0.0
  0
LINE
  5
24E2
330
1F
100
AcDbEntity
  8
1
  6
CONTINUOUS
370
50
 62
4
100
AcDbLine
 10
31.726372
 20
-4.024475
 30
0.0
 11
31.731087
 21
-4.016262
 31
0.0
  0
LINE
  5
24E3
330
1F
100
AcDbEntity
  8
1
  6
CONTINUOUS
370
50
 62
4
100
AcDbLine
 10
30.367947
 20
-4.2123
 30
0.0
 11
30.389656
 21
-4.174443
 31
0.0
  0
LINE
  5
24E4
330
1F
100
AcDbEntity
  8
1
  6
CONTINUOUS
370
50
 62
4
100
AcDbLine
 10
31.731087
 20
-4.016262
 30
0.0
 11
31.735807
 21
-4.008018
 31
0.0
  0
LINE
  5
24E5
330
1F
100
AcDbEntity
  8
1
  6
CONTINUOUS
370
50
 62
4
100
AcDbLine
 10
21.716702
 20
0.38139
 30
0.0
 11
21.750004
 21
0.439603
 31
0.0
  0
LINE
  5
24E6
330
1F
100
AcDbEntity
  8
1
  6
CONTINUOUS
370
50
 62
4
100
AcDbLine
 10
31.735807
 20
-4.008018
 30
0.0
 11
31.740534
 21
-3.999746
 31
0.0
  0
LINE
  5
24E7
330
1F
100
AcDbEntity
  8
1
  6
CONTINUOUS
370
50
 62
4
100
AcDbLine
 10
29.015247
 20
-4.390171
 30
0.0
 11
29.053371
 21
-4.32337
 31
0.0
  0
LINE
  5
24E8
330
1F
100
AcDbEntity
  8
1
  6
CONTINUOUS
370
50
 62
4
100
AcDbLine
 10
31.740534
 20
-3.999746
 30
0.0
 11
31.745266
 21
-3.991444
 31
0.0
  0
LINE
  5
24E9
330
1F
100
AcDbEntity
  8
1
  6
CONTINUOUS
370
50
 62
4
100
AcDbLine
 10
20.402691
 20
0.475087
 30
0.0
 11
20.451061
 21
0.5599959999999999
 31
0.0
  0
LINE
  5
24EA
330
1F
100
AcDbEntity
  8
1
  6
CONTINUOUS
370
50
 62
4
100
AcDbLine
 10
10.842147
 20
-3.973233
 30
0.0
 11
10.850351
 21
-3.958829
 31
0.0
  0
LINE
  5
24EB
330
1F
100
AcDbEntity
  8
1
  6
CONTINUOUS
370
50
 62
4
100
AcDbLine
 10
31.745266
 20
-3.991444
 30
0.0
 11
31.750004
 21
-3.983112
 31
0.0
  0
LINE
  5
24EC
330
1F
100
AcDbEntity
  8
1
  6
CONTINUOUS
370
50
 62
4
100
AcDbLine
 10
27.663891
 20
-4.565727
 30
0.0
 11
27.7176
 21
-4.471052999999999
 31
0.0
  0
LINE
  5
24ED
330
1F
100
AcDbEntity
  8
1
  6
CONTINUOUS
370
50
 62
4
100
AcDbLine
 10
30.389656
 20
-4.174443
 30
0.0
 11
30.411489
 21
-4.135914
 31
0.0
  0
LINE
  5
24EE
330
1F
100
AcDbEntity
  8
1
  6
CONTINUOUS
370
50
 62
4
100
AcDbLine
 10
16.489586
 20
0.826332
 30
0.0
 11
16.553001
 21
0.9383539999999999
 31
0.0
  0
LINE
  5
24EF
330
1F
100
AcDbEntity
  8
1
  6
CONTINUOUS
370
50
 62
4
100
AcDbLine
 10
26.31278
 20
-4.74086
 30
0.0
 11
26.381325
 21
-4.61928
 31
0.0
  0
LINE
  5
24F0
330
1F
100
AcDbEntity
  8
1
  6
CONTINUOUS
370
50
 62
4
100
AcDbLine
 10
30.411489
 20
-4.135914
 30
0.0
 11
30.433441
 21
-4.096723
 31
0.0
  0
LINE
  5
24F1
330
1F
100
AcDbEntity
  8
1
  6
CONTINUOUS
370
50
 62
4
100
AcDbLine
 10
29.053371
 20
-4.32337
 30
0.0
 11
29.091908
 21
-4.254367
 31
0.0
  0
LINE
  5
24F2
330
1F
100
AcDbEntity
  8
1
  6
CONTINUOUS
370
50
 62
4
100
AcDbLine
 10
15.177482
 20
0.9368599999999999
 30
0.0
 11
15.239591
 21
1.048735
 31
0.0
  0
LINE
  5
24F3
330
1F
100
AcDbEntity
  8
1
  6
CONTINUOUS
370
50
 62
4
100
AcDbLine
 10
30.433441
 20
-4.096723
 30
0.0
 11
30.455511
 21
-4.056881
 31
0.0
  0
LINE
  5
24F4
330
1F
100
AcDbEntity
  8
1
  6
CONTINUOUS
370
50
 62
4
100
AcDbLine
 10
21.683661
 20
0.32162
 30
0.0
 11
21.716702
 21
0.38139
 31
0.0
  0
LINE
  5
24F5
330
1F
100
AcDbEntity
  8
1
  6
CONTINUOUS
370
50
 62
4
100
AcDbLine
 10
27.7176
 20
-4.471052999999999
 30
0.0
 11
27.772345
 21
-4.371439
 31
0.0
  0
LINE
  5
24F6
330
1F
100
AcDbEntity
  8
1
  6
CONTINUOUS
370
50
 62
4
100
AcDbLine
 10
30.455511
 20
-4.056881
 30
0.0
 11
30.477699
 21
-4.016397
 31
0.0
  0
LINE
  5
24F7
330
1F
100
AcDbEntity
  8
1
  6
CONTINUOUS
370
50
 62
4
100
AcDbLine
 10
29.091908
 20
-4.254367
 30
0.0
 11
29.130846
 21
-4.183222
 31
0.0
  0
LINE
  5
24F8
330
1F
100
AcDbEntity
  8
1
  6
CONTINUOUS
370
50
 62
4
100
AcDbLine
 10
19.059135
 20
0.5161789999999999
 30
0.0
 11
19.121729
 21
0.6305799999999999
 31
0.0
  0
LINE
  5
24F9
330
1F
100
AcDbEntity
  8
1
  6
CONTINUOUS
370
50
 62
4
100
AcDbLine
 10
22.982336
 20
0.202585
 30
0.0
 11
23.000004
 21
0.234899
 31
0.0
  0
LINE
  5
24FA
330
1F
100
AcDbEntity
  8
1
  6
CONTINUOUS
370
50
 62
4
100
AcDbLine
 10
13.866776
 20
1.054364
 30
0.0
 11
13.927485
 21
1.16599
 31
0.0
  0
LINE
  5
24FB
330
1F
100
AcDbEntity
  8
1
  6
CONTINUOUS
370
50
 62
4
100
AcDbLine
 10
10.850351
 20
-3.958829
 30
0.0
 11
10.858155
 21
-3.94446
 31
0.0
  0
LINE
  5
24FC
330
1F
100
AcDbEntity
  8
1
  6
CONTINUOUS
370
50
 62
4
100
AcDbLine
 10
30.477699
 20
-4.016397
 30
0.0
 11
30.500004
 21
-3.975282
 31
0.0
  0
LINE
  5
24FD
330
1F
100
AcDbEntity
  8
1
  6
CONTINUOUS
370
50
 62
4
100
AcDbLine
 10
20.354906
 20
0.386719
 30
0.0
 11
20.402691
 21
0.475087
 31
0.0
  0
LINE
  5
24FE
330
1F
100
AcDbEntity
  8
1
  6
CONTINUOUS
370
50
 62
4
100
AcDbLine
 10
26.381325
 20
-4.61928
 30
0.0
 11
26.451757
 21
-4.488917
 31
0.0
  0
LINE
  5
24FF
330
1F
100
AcDbEntity
  8
1
  6
CONTINUOUS
370
50
 62
4
100
AcDbLine
 10
22.964743
 20
0.169853
 30
0.0
 11
22.982336
 21
0.202585
 31
0.0
  0
LINE
  5
2500
330
1F
100
AcDbEntity
  8
1
  6
CONTINUOUS
370
50
 62
4
100
AcDbLine
 10
29.130846
 20
-4.183222
 30
0.0
 11
29.170179
 21
-4.109995
 31
0.0
  0
LINE
  5
2501
330
1F
100
AcDbEntity
  8
1
  6
CONTINUOUS
370
50
 62
4
100
AcDbLine
 10
4.559318
 20
-0.438043
 30
0.0
 11
4.57665
 21
-0.405631
 31
0.0
  0
LINE
  5
2502
330
1F
100
AcDbEntity
  8
1
  6
CONTINUOUS
370
50
 62
4
100
AcDbLine
 10
21.650887
 20
0.260309
 30
0.0
 11
21.683661
 21
0.32162
 31
0.0
  0
LINE
  5
2503
330
1F
100
AcDbEntity
  8
1
  6
CONTINUOUS
370
50
 62
4
100
AcDbLine
 10
27.772345
 20
-4.371439
 30
0.0
 11
27.827997
 21
-4.267262
 31
0.0
  0
LINE
  5
2504
330
1F
100
AcDbEntity
  8
1
  6
CONTINUOUS
370
50
 62
4
100
AcDbLine
 10
17.739582
 20
0.603236
 30
0.0
 11
17.802998
 21
0.722059
 31
0.0
  0
LINE
  5
2505
330
1F
100
AcDbEntity
  8
1
  6
CONTINUOUS
370
50
 62
4
100
AcDbLine
 10
12.557502
 20
1.177206
 30
0.0
 11
12.616764
 21
1.288858
 31
0.0
  0
LINE
  5
2506
330
1F
100
AcDbEntity
  8
1
  6
CONTINUOUS
370
50
 62
4
100
AcDbLine
 10
25.057501
 20
-4.744177
 30
0.0
 11
25.116781
 21
-4.632447
 31
0.0
  0
LINE
  5
2507
330
1F
100
AcDbEntity
  8
1
  6
CONTINUOUS
370
50
 62
4
100
AcDbLine
 10
22.947222
 20
0.136704
 30
0.0
 11
22.964743
 21
0.169853
 31
0.0
  0
LINE
  5
2508
330
1F
100
AcDbEntity
  8
1
  6
CONTINUOUS
370
50
 62
4
100
AcDbLine
 10
29.170179
 20
-4.109995
 30
0.0
 11
29.209902
 21
-4.034746
 31
0.0
  0
LINE
  5
2509
330
1F
100
AcDbEntity
  8
1
  6
CONTINUOUS
370
50
 62
4
100
AcDbLine
 10
24.24798
 20
0.023246
 30
0.0
 11
24.250004
 21
0.027103
 31
0.0
  0
LINE
  5
250A
330
1F
100
AcDbEntity
  8
1
  6
CONTINUOUS
370
50
 62
4
100
AcDbLine
 10
10.872459
 20
1.529248
 30
0.0
 11
10.878897
 21
1.54152
 31
0.0
  0
LINE
  5
250B
330
1F
100
AcDbEntity
  8
1
  6
CONTINUOUS
370
50
 62
4
100
AcDbLine
 10
24.245958
 20
0.019385
 30
0.0
 11
24.24798
 21
0.023246
 31
0.0
  0
LINE
  5
250C
330
1F
100
AcDbEntity
  8
1
  6
CONTINUOUS
370
50
 62
4
100
AcDbLine
 10
16.427479
 20
0.707554
 30
0.0
 11
16.489586
 21
0.826332
 31
0.0
  0
LINE
  5
250D
330
1F
100
AcDbEntity
  8
1
  6
CONTINUOUS
370
50
 62
4
100
AcDbLine
 10
24.243937
 20
0.015518
 30
0.0
 11
24.245958
 21
0.019385
 31
0.0
  0
LINE
  5
250E
330
1F
100
AcDbEntity
  8
1
  6
CONTINUOUS
370
50
 62
4
100
AcDbLine
 10
24.241917
 20
0.011647
 30
0.0
 11
24.243937
 21
0.015518
 31
0.0
  0
LINE
  5
250F
330
1F
100
AcDbEntity
  8
1
  6
CONTINUOUS
370
50
 62
4
100
AcDbLine
 10
26.451757
 20
-4.488917
 30
0.0
 11
26.524017
 21
-4.350216
 31
0.0
  0
LINE
  5
2510
330
1F
100
AcDbEntity
  8
1
  6
CONTINUOUS
370
50
 62
4
100
AcDbLine
 10
27.827997
 20
-4.267262
 30
0.0
 11
27.884506
 21
-4.158759
 31
0.0
  0
LINE
  5
2511
330
1F
100
AcDbEntity
  8
1
  6
CONTINUOUS
370
50
 62
4
100
AcDbLine
 10
4.517399999999999
 20
4.547497
 30
0.0
 11
4.529904999999999
 21
4.571514
 31
0.0
  0
LINE
  5
2512
330
1F
100
AcDbEntity
  8
1
  6
CONTINUOUS
370
50
 62
4
100
AcDbLine
 10
24.239899
 20
0.00777
 30
0.0
 11
24.241917
 21
0.011647
 31
0.0
  0
LINE
  5
2513
330
1F
100
AcDbEntity
  8
1
  6
CONTINUOUS
370
50
 62
4
100
AcDbLine
 10
24.237879
 20
0.003887
 30
0.0
 11
24.239899
 21
0.00777
 31
0.0
  0
LINE
  5
2514
330
1F
100
AcDbEntity
  8
1
  6
CONTINUOUS
370
50
 62
4
100
AcDbLine
 10
22.929773
 20
0.103142
 30
0.0
 11
22.947222
 21
0.136704
 31
0.0
  0
LINE
  5
2515
330
1F
100
AcDbEntity
  8
1
  6
CONTINUOUS
370
50
 62
4
100
AcDbLine
 10
29.209902
 20
-4.034746
 30
0.0
 11
29.250004
 21
-3.957535
 31
0.0
  0
LINE
  5
2516
330
1F
100
AcDbEntity
  8
1
  6
CONTINUOUS
370
50
 62
4
100
AcDbLine
 10
24.235863
 20
0.0
 30
0.0
 11
24.237879
 21
0.003887
 31
0.0
  0
LINE
  5
2517
330
1F
100
AcDbEntity
  8
1
  6
CONTINUOUS
370
50
 62
4
100
AcDbLine
 10
21.618383
 20
0.197475
 30
0.0
 11
21.650887
 21
0.260309
 31
0.0
  0
LINE
  5
2518
330
1F
100
AcDbEntity
  8
1
  6
CONTINUOUS
370
50
 62
4
100
AcDbLine
 10
10.858155
 20
-3.94446
 30
0.0
 11
10.865533
 21
-3.930144
 31
0.0
  0
LINE
  5
2519
330
1F
100
AcDbEntity
  8
1
  6
CONTINUOUS
370
50
 62
4
100
AcDbLine
 10
20.30772
 20
0.294942
 30
0.0
 11
20.354906
 21
0.386719
 31
0.0
  0
LINE
  5
251A
330
1F
100
AcDbEntity
  8
1
  6
CONTINUOUS
370
50
 62
4
100
AcDbLine
 10
25.116781
 20
-4.632447
 30
0.0
 11
25.177492
 21
-4.514343999999999
 31
0.0
  0
LINE
  5
251B
330
1F
100
AcDbEntity
  8
1
  6
CONTINUOUS
370
50
 62
4
100
AcDbLine
 10
15.116776
 20
0.8182109999999999
 30
0.0
 11
15.177482
 21
0.9368599999999999
 31
0.0
  0
LINE
  5
251C
330
1F
100
AcDbEntity
  8
1
  6
CONTINUOUS
370
50
 62
4
100
AcDbLine
 10
22.912401
 20
0.069169
 30
0.0
 11
22.929773
 21
0.103142
 31
0.0
  0
LINE
  5
251D
330
1F
100
AcDbEntity
  8
1
  6
CONTINUOUS
370
50
 62
4
100
AcDbLine
 10
18.997616
 20
0.395619
 30
0.0
 11
19.059135
 21
0.5161789999999999
 31
0.0
  0
LINE
  5
251E
330
1F
100
AcDbEntity
  8
1
  6
CONTINUOUS
370
50
 62
4
100
AcDbLine
 10
27.884506
 20
-4.158759
 30
0.0
 11
27.941851
 21
-4.046120999999999
 31
0.0
  0
LINE
  5
251F
330
1F
100
AcDbEntity
  8
1
  6
CONTINUOUS
370
50
 62
4
100
AcDbLine
 10
26.524017
 20
-4.350216
 30
0.0
 11
26.597879
 21
-4.203957
 31
0.0
  0
LINE
  5
2520
330
1F
100
AcDbEntity
  8
1
  6
CONTINUOUS
370
50
 62
4
100
AcDbLine
 10
24.171312
 20
-0.128145
 30
0.0
 11
24.235863
 21
0.0
 31
0.0
  0
LINE
  5
2521
330
1F
100
AcDbEntity
  8
1
  6
CONTINUOUS
370
50
 62
4
100
AcDbLine
 10
22.895103
 20
0.034787
 30
0.0
 11
22.912401
 21
0.069169
 31
0.0
  0
LINE
  5
2522
330
1F
100
AcDbEntity
  8
1
  6
CONTINUOUS
370
50
 62
4
100
AcDbLine
 10
21.586153
 20
0.133135
 30
0.0
 11
21.618383
 21
0.197475
 31
0.0
  0
LINE
  5
2523
330
1F
100
AcDbEntity
  8
1
  6
CONTINUOUS
370
50
 62
4
100
AcDbLine
 10
25.177492
 20
-4.514343999999999
 30
0.0
 11
25.239603
 21
-4.390152
 31
0.0
  0
LINE
  5
2524
330
1F
100
AcDbEntity
  8
1
  6
CONTINUOUS
370
50
 62
4
100
AcDbLine
 10
13.807502
 20
0.9358219999999999
 30
0.0
 11
13.866776
 21
1.054364
 31
0.0
  0
LINE
  5
2525
330
1F
100
AcDbEntity
  8
1
  6
CONTINUOUS
370
50
 62
4
100
AcDbLine
 10
23.807501
 20
-4.72525
 30
0.0
 11
23.866766
 21
-4.606511999999999
 31
0.0
  0
LINE
  5
2526
330
1F
100
AcDbEntity
  8
1
  6
CONTINUOUS
370
50
 62
4
100
AcDbLine
 10
27.941851
 20
-4.046120999999999
 30
0.0
 11
28.000004
 21
-3.929534
 31
0.0
  0
LINE
  5
2527
330
1F
100
AcDbEntity
  8
1
  6
CONTINUOUS
370
50
 62
4
100
AcDbLine
 10
17.677475
 20
0.477938
 30
0.0
 11
17.739582
 21
0.603236
 31
0.0
  0
LINE
  5
2528
330
1F
100
AcDbEntity
  8
1
  6
CONTINUOUS
370
50
 62
4
100
AcDbLine
 10
22.877882
 20
0.0
 30
0.0
 11
22.895103
 21
0.034787
 31
0.0
  0
LINE
  5
2529
330
1F
100
AcDbEntity
  8
1
  6
CONTINUOUS
370
50
 62
4
100
AcDbLine
 10
26.597879
 20
-4.203957
 30
0.0
 11
26.673225
 21
-4.050698
 31
0.0
  0
LINE
  5
252A
330
1F
100
AcDbEntity
  8
1
  6
CONTINUOUS
370
50
 62
4
100
AcDbLine
 10
20.261148
 20
0.199802
 30
0.0
 11
20.30772
 21
0.294942
 31
0.0
  0
LINE
  5
252B
330
1F
100
AcDbEntity
  8
1
  6
CONTINUOUS
370
50
 62
4
100
AcDbLine
 10
25.239603
 20
-4.390152
 30
0.0
 11
25.303019
 21
-4.260289999999999
 31
0.0
  0
LINE
  5
252C
330
1F
100
AcDbEntity
  8
1
  6
CONTINUOUS
370
50
 62
4
100
AcDbLine
 10
25.433258
 20
-0.319775
 30
0.0
 11
25.500004
 21
-0.182988
 31
0.0
  0
LINE
  5
252D
330
1F
100
AcDbEntity
  8
1
  6
CONTINUOUS
370
50
 62
4
100
AcDbLine
 10
23.866766
 20
-4.606511999999999
 30
0.0
 11
23.927465
 21
-4.481716
 31
0.0
  0
LINE
  5
252E
330
1F
100
AcDbEntity
  8
1
  6
CONTINUOUS
370
50
 62
4
100
AcDbLine
 10
10.865533
 20
-3.930144
 30
0.0
 11
10.872459
 21
-3.915897
 31
0.0
  0
LINE
  5
252F
330
1F
100
AcDbEntity
  8
1
  6
CONTINUOUS
370
50
 62
4
100
AcDbLine
 10
21.554203
 20
0.067304
 30
0.0
 11
21.586153
 21
0.133135
 31
0.0
  0
LINE
  5
2530
330
1F
100
AcDbEntity
  8
1
  6
CONTINUOUS
370
50
 62
4
100
AcDbLine
 10
16.366774
 20
0.582289
 30
0.0
 11
16.427479
 21
0.707554
 31
0.0
  0
LINE
  5
2531
330
1F
100
AcDbEntity
  8
1
  6
CONTINUOUS
370
50
 62
4
100
AcDbLine
 10
26.673225
 20
-4.050698
 30
0.0
 11
26.750004
 21
-3.890885
 31
0.0
  0
LINE
  5
2532
330
1F
100
AcDbEntity
  8
1
  6
CONTINUOUS
370
50
 62
4
100
AcDbLine
 10
22.830059
 20
-0.099565
 30
0.0
 11
22.877882
 21
0.0
 31
0.0
  0
LINE
  5
2533
330
1F
100
AcDbEntity
  8
1
  6
CONTINUOUS
370
50
 62
4
100
AcDbLine
 10
25.303019
 20
-4.260289999999999
 30
0.0
 11
25.367584
 21
-4.125300999999999
 31
0.0
  0
LINE
  5
2534
330
1F
100
AcDbEntity
  8
1
  6
CONTINUOUS
370
50
 62
4
100
AcDbLine
 10
18.937302
 20
0.269212
 30
0.0
 11
18.997616
 21
0.395619
 31
0.0
  0
LINE
  5
2535
330
1F
100
AcDbEntity
  8
1
  6
CONTINUOUS
370
50
 62
4
100
AcDbLine
 10
24.107779
 20
-0.261554
 30
0.0
 11
24.171312
 21
-0.128145
 31
0.0
  0
LINE
  5
2536
330
1F
100
AcDbEntity
  8
1
  6
CONTINUOUS
370
50
 62
4
100
AcDbLine
 10
23.927465
 20
-4.481716
 30
0.0
 11
23.989569
 21
-4.351152
 31
0.0
  0
LINE
  5
2537
330
1F
100
AcDbEntity
  8
1
  6
CONTINUOUS
370
50
 62
4
100
AcDbLine
 10
15.057502
 20
0.692933
 30
0.0
 11
15.116776
 21
0.8182109999999999
 31
0.0
  0
LINE
  5
2538
330
1F
100
AcDbEntity
  8
1
  6
CONTINUOUS
370
50
 62
4
100
AcDbLine
 10
22.557501
 20
-4.693746
 30
0.0
 11
22.616766
 21
-4.568366999999999
 31
0.0
  0
LINE
  5
2539
330
1F
100
AcDbEntity
  8
1
  6
CONTINUOUS
370
50
 62
4
100
AcDbLine
 10
21.522537
 20
0.0
 30
0.0
 11
21.554203
 21
0.067304
 31
0.0
  0
LINE
  5
253A
330
1F
100
AcDbEntity
  8
1
  6
CONTINUOUS
370
50
 62
4
100
AcDbLine
 10
25.367584
 20
-4.125300999999999
 30
0.0
 11
25.433258
 21
-3.985487
 31
0.0
  0
LINE
  5
253B
330
1F
100
AcDbEntity
  8
1
  6
CONTINUOUS
370
50
 62
4
100
AcDbLine
 10
26.683256
 20
-0.532207
 30
0.0
 11
26.750004
 21
-0.389857
 31
0.0
  0
LINE
  5
253C
330
1F
100
AcDbEntity
  8
1
  6
CONTINUOUS
370
50
 62
4
100
AcDbLine
 10
20.215235
 20
0.101417
 30
0.0
 11
20.261148
 21
0.199802
 31
0.0
  0
LINE
  5
253D
330
1F
100
AcDbEntity
  8
1
  6
CONTINUOUS
370
50
 62
4
100
AcDbLine
 10
23.989569
 20
-4.351152
 30
0.0
 11
24.052988
 21
-4.215244
 31
0.0
  0
LINE
  5
253E
330
1F
100
AcDbEntity
  8
1
  6
CONTINUOUS
370
50
 62
4
100
AcDbLine
 10
22.616766
 20
-4.568366999999999
 30
0.0
 11
22.677464
 21
-4.437258
 31
0.0
  0
LINE
  5
253F
330
1F
100
AcDbEntity
  8
1
  6
CONTINUOUS
370
50
 62
4
100
AcDbLine
 10
10.878897
 20
1.54152
 30
0.0
 11
10.884805
 21
1.55429
 31
0.0
  0
LINE
  5
2540
330
1F
100
AcDbEntity
  8
1
  6
CONTINUOUS
370
50
 62
4
100
AcDbLine
 10
25.433258
 20
-3.985487
 30
0.0
 11
25.500004
 21
-3.841146
 31
0.0
  0
LINE
  5
2541
330
1F
100
AcDbEntity
  8
1
  6
CONTINUOUS
370
50
 62
4
100
AcDbLine
 10
25.367584
 20
-0.461836
 30
0.0
 11
25.433258
 21
-0.319775
 31
0.0
  0
LINE
  5
2542
330
1F
100
AcDbEntity
  8
1
  6
CONTINUOUS
370
50
 62
4
100
AcDbLine
 10
17.616772
 20
0.346457
 30
0.0
 11
17.677475
 21
0.477938
 31
0.0
  0
LINE
  5
2543
330
1F
100
AcDbEntity
  8
1
  6
CONTINUOUS
370
50
 62
4
100
AcDbLine
 10
22.78285
 20
-0.202229
 30
0.0
 11
22.830059
 21
-0.099565
 31
0.0
  0
LINE
  5
2544
330
1F
100
AcDbEntity
  8
1
  6
CONTINUOUS
370
50
 62
4
100
AcDbLine
 10
24.052988
 20
-4.215244
 30
0.0
 11
24.117559
 21
-4.074566
 31
0.0
  0
LINE
  5
2545
330
1F
100
AcDbEntity
  8
1
  6
CONTINUOUS
370
50
 62
4
100
AcDbLine
 10
21.490765
 20
-0.069639
 30
0.0
 11
21.522537
 21
0.0
 31
0.0
  0
LINE
  5
2546
330
1F
100
AcDbEntity
  8
1
  6
CONTINUOUS
370
50
 62
4
100
AcDbLine
 10
10.872459
 20
-3.915897
 30
0.0
 11
10.878897
 21
-3.901764
 31
0.0
  0
LINE
  5
2547
330
1F
100
AcDbEntity
  8
1
  6
CONTINUOUS
370
50
 62
4
100
AcDbLine
 10
22.677464
 20
-4.437258
 30
0.0
 11
22.739567
 21
-4.30072
 31
0.0
  0
LINE
  5
2548
330
1F
100
AcDbEntity
  8
1
  6
CONTINUOUS
370
50
 62
4
100
AcDbLine
 10
27.933254
 20
-0.739849
 30
0.0
 11
28.000004
 21
-0.592399
 31
0.0
  0
LINE
  5
2549
330
1F
100
AcDbEntity
  8
1
  6
CONTINUOUS
370
50
 62
4
100
AcDbLine
 10
24.117559
 20
-4.074566
 30
0.0
 11
24.183245
 21
-3.92943
 31
0.0
  0
LINE
  5
254A
330
1F
100
AcDbEntity
  8
1
  6
CONTINUOUS
370
50
 62
4
100
AcDbLine
 10
24.045298
 20
-0.40008
 30
0.0
 11
24.107779
 21
-0.261554
 31
0.0
  0
LINE
  5
254B
330
1F
100
AcDbEntity
  8
1
  6
CONTINUOUS
370
50
 62
4
100
AcDbLine
 10
16.307501
 20
0.450698
 30
0.0
 11
16.366774
 21
0.582289
 31
0.0
  0
LINE
  5
254C
330
1F
100
AcDbEntity
  8
1
  6
CONTINUOUS
370
50
 62
4
100
AcDbLine
 10
21.307501
 20
-4.650107
 30
0.0
 11
21.366768
 21
-4.518478
 31
0.0
  0
LINE
  5
254D
330
1F
100
AcDbEntity
  8
1
  6
CONTINUOUS
370
50
 62
4
100
AcDbLine
 10
22.739567
 20
-4.30072
 30
0.0
 11
22.802986
 21
-4.159186
 31
0.0
  0
LINE
  5
254E
330
1F
100
AcDbEntity
  8
1
  6
CONTINUOUS
370
50
 62
4
100
AcDbLine
 10
18.878298
 20
0.137282
 30
0.0
 11
18.937302
 21
0.269212
 31
0.0
  0
LINE
  5
254F
330
1F
100
AcDbEntity
  8
1
  6
CONTINUOUS
370
50
 62
4
100
AcDbLine
 10
24.183245
 20
-3.92943
 30
0.0
 11
24.250004
 21
-3.780137
 31
0.0
  0
LINE
  5
2550
330
1F
100
AcDbEntity
  8
1
  6
CONTINUOUS
370
50
 62
4
100
AcDbLine
 10
4.544366999999999
 20
-0.471567
 30
0.0
 11
4.559318
 21
-0.438043
 31
0.0
  0
LINE
  5
2551
330
1F
100
AcDbEntity
  8
1
  6
CONTINUOUS
370
50
 62
4
100
AcDbLine
 10
26.617582
 20
-0.6794899999999999
 30
0.0
 11
26.683256
 21
-0.532207
 31
0.0
  0
LINE
  5
2552
330
1F
100
AcDbEntity
  8
1
  6
CONTINUOUS
370
50
 62
4
100
AcDbLine
 10
20.170061
 20
0.0
 30
0.0
 11
20.215235
 21
0.101417
 31
0.0
  0
LINE
  5
2553
330
1F
100
AcDbEntity
  8
1
  6
CONTINUOUS
370
50
 62
4
100
AcDbLine
 10
21.366768
 20
-4.518478
 30
0.0
 11
21.427467
 21
-4.381463999999999
 31
0.0
  0
LINE
  5
2554
330
1F
100
AcDbEntity
  8
1
  6
CONTINUOUS
370
50
 62
4
100
AcDbLine
 10
21.459328
 20
-0.14067
 30
0.0
 11
21.490765
 21
-0.069639
 31
0.0
  0
LINE
  5
2555
330
1F
100
AcDbEntity
  8
1
  6
CONTINUOUS
370
50
 62
4
100
AcDbLine
 10
22.802986
 20
-4.159186
 30
0.0
 11
22.867559
 21
-4.013249
 31
0.0
  0
LINE
  5
2556
330
1F
100
AcDbEntity
  8
1
  6
CONTINUOUS
370
50
 62
4
100
AcDbLine
 10
22.736279
 20
-0.307918
 30
0.0
 11
22.78285
 21
-0.202229
 31
0.0
  0
LINE
  5
2557
330
1F
100
AcDbEntity
  8
1
  6
CONTINUOUS
370
50
 62
4
100
AcDbLine
 10
29.183252
 20
-0.942607
 30
0.0
 11
29.250004
 21
-0.7905129999999999
 31
0.0
  0
LINE
  5
2558
330
1F
100
AcDbEntity
  8
1
  6
CONTINUOUS
370
50
 62
4
100
AcDbLine
 10
25.303019
 20
-0.608995
 30
0.0
 11
25.367584
 21
-0.461836
 31
0.0
  0
LINE
  5
2559
330
1F
100
AcDbEntity
  8
1
  6
CONTINUOUS
370
50
 62
4
100
AcDbLine
 10
22.867559
 20
-4.013249
 30
0.0
 11
22.933245
 21
-3.863225
 31
0.0
  0
LINE
  5
255A
330
1F
100
AcDbEntity
  8
1
  6
CONTINUOUS
370
50
 62
4
100
AcDbLine
 10
21.427467
 20
-4.381463999999999
 30
0.0
 11
21.489574
 21
-4.239371999999999
 31
0.0
  0
LINE
  5
255B
330
1F
100
AcDbEntity
  8
1
  6
CONTINUOUS
370
50
 62
4
100
AcDbLine
 10
22.933245
 20
-3.863225
 30
0.0
 11
23.000004
 21
-3.709419
 31
0.0
  0
LINE
  5
255C
330
1F
100
AcDbEntity
  8
1
  6
CONTINUOUS
370
50
 62
4
100
AcDbLine
 10
21.489574
 20
-4.239371999999999
 30
0.0
 11
21.55299
 21
-4.092658999999999
 31
0.0
  0
LINE
  5
255D
330
1F
100
AcDbEntity
  8
1
  6
CONTINUOUS
370
50
 62
4
100
AcDbLine
 10
27.867579
 20
-0.891882
 30
0.0
 11
27.933254
 21
-0.739849
 31
0.0
  0
LINE
  5
255E
330
1F
100
AcDbEntity
  8
1
  6
CONTINUOUS
370
50
 62
4
100
AcDbLine
 10
20.153671
 20
-0.03796
 30
0.0
 11
20.170061
 21
0.0
 31
0.0
  0
LINE
  5
255F
330
1F
100
AcDbEntity
  8
1
  6
CONTINUOUS
370
50
 62
4
100
AcDbLine
 10
17.557501
 20
0.20897
 30
0.0
 11
17.616772
 21
0.346457
 31
0.0
  0
LINE
  5
2560
330
1F
100
AcDbEntity
  8
1
  6
CONTINUOUS
370
50
 62
4
100
AcDbLine
 10
20.057501
 20
-4.594625
 30
0.0
 11
20.116768
 21
-4.457139
 31
0.0
  0
LINE
  5
2561
330
1F
100
AcDbEntity
  8
1
  6
CONTINUOUS
370
50
 62
4
100
AcDbLine
 10
21.428244
 20
-0.21304
 30
0.0
 11
21.459328
 21
-0.14067
 31
0.0
  0
LINE
  5
2562
330
1F
100
AcDbEntity
  8
1
  6
CONTINUOUS
370
50
 62
4
100
AcDbLine
 10
21.55299
 20
-4.092658999999999
 30
0.0
 11
21.617559
 21
-3.941919
 31
0.0
  0
LINE
  5
2563
330
1F
100
AcDbEntity
  8
1
  6
CONTINUOUS
370
50
 62
4
100
AcDbLine
 10
23.983908
 20
-0.5435519999999999
 30
0.0
 11
24.045298
 21
-0.40008
 31
0.0
  0
LINE
  5
2564
330
1F
100
AcDbEntity
  8
1
  6
CONTINUOUS
370
50
 62
4
100
AcDbLine
 10
30.43325
 20
-1.140474
 30
0.0
 11
30.500004
 21
-0.984182
 31
0.0
  0
LINE
  5
2565
330
1F
100
AcDbEntity
  8
1
  6
CONTINUOUS
370
50
 62
4
100
AcDbLine
 10
20.116768
 20
-4.457139
 30
0.0
 11
20.177469
 21
-4.314629
 31
0.0
  0
LINE
  5
2566
330
1F
100
AcDbEntity
  8
1
  6
CONTINUOUS
370
50
 62
4
100
AcDbLine
 10
21.617559
 20
-3.941919
 30
0.0
 11
21.683243
 21
-3.787468
 31
0.0
  0
LINE
  5
2567
330
1F
100
AcDbEntity
  8
1
  6
CONTINUOUS
370
50
 62
4
100
AcDbLine
 10
26.553017
 20
-0.8315159999999999
 30
0.0
 11
26.617582
 21
-0.6794899999999999
 31
0.0
  0
LINE
  5
2568
330
1F
100
AcDbEntity
  8
1
  6
CONTINUOUS
370
50
 62
4
100
AcDbLine
 10
20.137384
 20
-0.076312
 30
0.0
 11
20.153671
 21
-0.03796
 31
0.0
  0
LINE
  5
2569
330
1F
100
AcDbEntity
  8
1
  6
CONTINUOUS
370
50
 62
4
100
AcDbLine
 10
10.878897
 20
-3.901764
 30
0.0
 11
10.884805
 21
-3.887801
 31
0.0
  0
LINE
  5
256A
330
1F
100
AcDbEntity
  8
1
  6
CONTINUOUS
370
50
 62
4
100
AcDbLine
 10
21.683243
 20
-3.787468
 30
0.0
 11
21.750004
 21
-3.629615
 31
0.0
  0
LINE
  5
256B
330
1F
100
AcDbEntity
  8
1
  6
CONTINUOUS
370
50
 62
4
100
AcDbLine
 10
22.690434
 20
-0.416383
 30
0.0
 11
22.736279
 21
-0.307918
 31
0.0
  0
LINE
  5
256C
330
1F
100
AcDbEntity
  8
1
  6
CONTINUOUS
370
50
 62
4
100
AcDbLine
 10
20.177469
 20
-4.314629
 30
0.0
 11
20.239576
 21
-4.167403999999999
 31
0.0
  0
LINE
  5
256D
330
1F
100
AcDbEntity
  8
1
  6
CONTINUOUS
370
50
 62
4
100
AcDbLine
 10
29.117575
 20
-1.098926
 30
0.0
 11
29.183252
 21
-0.942607
 31
0.0
  0
LINE
  5
256E
330
1F
100
AcDbEntity
  8
1
  6
CONTINUOUS
370
50
 62
4
100
AcDbLine
 10
18.820631
 20
0.000001
 30
0.0
 11
18.878298
 21
0.137282
 31
0.0
  0
LINE
  5
256F
330
1F
100
AcDbEntity
  8
1
  6
CONTINUOUS
370
50
 62
4
100
AcDbLine
 10
20.239576
 20
-4.167403999999999
 30
0.0
 11
20.302992
 21
-4.015935
 31
0.0
  0
LINE
  5
2570
330
1F
100
AcDbEntity
  8
1
  6
CONTINUOUS
370
50
 62
4
100
AcDbLine
 10
20.121201
 20
-0.115054
 30
0.0
 11
20.137384
 21
-0.076312
 31
0.0
  0
LINE
  5
2571
330
1F
100
AcDbEntity
  8
1
  6
CONTINUOUS
370
50
 62
4
100
AcDbLine
 10
31.683249
 20
-1.333503
 30
0.0
 11
31.750004
 21
-1.173451
 31
0.0
  0
LINE
  5
2572
330
1F
100
AcDbEntity
  8
1
  6
CONTINUOUS
370
50
 62
4
100
AcDbLine
 10
21.397516
 20
-0.286722
 30
0.0
 11
21.428244
 21
-0.21304
 31
0.0
  0
LINE
  5
2573
330
1F
100
AcDbEntity
  8
1
  6
CONTINUOUS
370
50
 62
4
100
AcDbLine
 10
25.239603
 20
-0.761068
 30
0.0
 11
25.303019
 21
-0.608995
 31
0.0
  0
LINE
  5
2574
330
1F
100
AcDbEntity
  8
1
  6
CONTINUOUS
370
50
 62
4
100
AcDbLine
 10
20.302992
 20
-4.015935
 30
0.0
 11
20.367561
 21
-3.860828
 31
0.0
  0
LINE
  5
2575
330
1F
100
AcDbEntity
  8
1
  6
CONTINUOUS
370
50
 62
4
100
AcDbLine
 10
18.807501
 20
-4.527445999999999
 30
0.0
 11
18.86677
 21
-4.384488999999999
 31
0.0
  0
LINE
  5
2576
330
1F
100
AcDbEntity
  8
1
  6
CONTINUOUS
370
50
 62
4
100
AcDbLine
 10
20.367561
 20
-3.860828
 30
0.0
 11
20.433243
 21
-3.702401
 31
0.0
  0
LINE
  5
2577
330
1F
100
AcDbEntity
  8
1
  6
CONTINUOUS
370
50
 62
4
100
AcDbLine
 10
20.433243
 20
-3.702401
 30
0.0
 11
20.500004
 21
-3.540964
 31
0.0
  0
LINE
  5
2578
330
1F
100
AcDbEntity
  8
1
  6
CONTINUOUS
370
50
 62
4
100
AcDbLine
 10
27.803013
 20
-1.048293
 30
0.0
 11
27.867579
 21
-0.891882
 31
0.0
  0
LINE
  5
2579
330
1F
100
AcDbEntity
  8
1
  6
CONTINUOUS
370
50
 62
4
100
AcDbLine
 10
18.86677
 20
-4.384488999999999
 30
0.0
 11
18.927471
 21
-4.23688
 31
0.0
  0
LINE
  5
257A
330
1F
100
AcDbEntity
  8
1
  6
CONTINUOUS
370
50
 62
4
100
AcDbLine
 10
20.10512
 20
-0.15418
 30
0.0
 11
20.121201
 21
-0.115054
 31
0.0
  0
LINE
  5
257B
330
1F
100
AcDbEntity
  8
1
  6
CONTINUOUS
370
50
 62
4
100
AcDbLine
 10
30.367571
 20
-1.300625
 30
0.0
 11
30.43325
 21
-1.140474
 31
0.0
  0
LINE
  5
257C
330
1F
100
AcDbEntity
  8
1
  6
CONTINUOUS
370
50
 62
4
100
AcDbLine
 10
18.927471
 20
-4.23688
 30
0.0
 11
18.989578
 21
-4.084938
 31
0.0
  0
LINE
  5
257D
330
1F
100
AcDbEntity
  8
1
  6
CONTINUOUS
370
50
 62
4
100
AcDbLine
 10
32.933247
 20
-1.521786
 30
0.0
 11
33.000004
 21
-1.358405
 31
0.0
  0
LINE
  5
257E
330
1F
100
AcDbEntity
  8
1
  6
CONTINUOUS
370
50
 62
4
100
AcDbLine
 10
18.989578
 20
-4.084938
 30
0.0
 11
19.052994
 21
-3.929137
 31
0.0
  0
LINE
  5
257F
330
1F
100
AcDbEntity
  8
1
  6
CONTINUOUS
370
50
 62
4
100
AcDbLine
 10
18.818752
 20
-0.00462
 30
0.0
 11
18.820631
 21
0.000001
 31
0.0
  0
LINE
  5
2580
330
1F
100
AcDbEntity
  8
1
  6
CONTINUOUS
370
50
 62
4
100
AcDbLine
 10
23.923773
 20
-0.691491
 30
0.0
 11
23.983908
 21
-0.5435519999999999
 31
0.0
  0
LINE
  5
2581
330
1F
100
AcDbEntity
  8
1
  6
CONTINUOUS
370
50
 62
4
100
AcDbLine
 10
19.052994
 20
-3.929137
 30
0.0
 11
19.117563
 21
-3.770099
 31
0.0
  0
LINE
  5
2582
330
1F
100
AcDbEntity
  8
1
  6
CONTINUOUS
370
50
 62
4
100
AcDbLine
 10
18.816874
 20
-0.009246
 30
0.0
 11
18.818752
 21
-0.00462
 31
0.0
  0
LINE
  5
2583
330
1F
100
AcDbEntity
  8
1
  6
CONTINUOUS
370
50
 62
4
100
AcDbLine
 10
22.645348
 20
-0.527486
 30
0.0
 11
22.690434
 21
-0.416383
 31
0.0
  0
LINE
  5
2584
330
1F
100
AcDbEntity
  8
1
  6
CONTINUOUS
370
50
 62
4
100
AcDbLine
 10
19.183245
 20
-3.60814
 30
0.0
 11
19.250004
 21
-3.443573
 31
0.0
  0
LINE
  5
2585
330
1F
100
AcDbEntity
  8
1
  6
CONTINUOUS
370
50
 62
4
100
AcDbLine
 10
18.814995
 20
-0.013878
 30
0.0
 11
18.816874
 21
-0.009246
 31
0.0
  0
LINE
  5
2586
330
1F
100
AcDbEntity
  8
1
  6
CONTINUOUS
370
50
 62
4
100
AcDbLine
 10
19.117563
 20
-3.770099
 30
0.0
 11
19.183245
 21
-3.60814
 31
0.0
  0
LINE
  5
2587
330
1F
100
AcDbEntity
  8
1
  6
CONTINUOUS
370
50
 62
4
100
AcDbLine
 10
21.367146
 20
-0.361687
 30
0.0
 11
21.397516
 21
-0.286722
 31
0.0
  0
LINE
  5
2588
330
1F
100
AcDbEntity
  8
1
  6
CONTINUOUS
370
50
 62
4
100
AcDbLine
 10
26.489601
 20
-0.9880859999999999
 30
0.0
 11
26.553017
 21
-0.8315159999999999
 31
0.0
  0
LINE
  5
2589
330
1F
100
AcDbEntity
  8
1
  6
CONTINUOUS
370
50
 62
4
100
AcDbLine
 10
20.089142
 20
-0.193686
 30
0.0
 11
20.10512
 21
-0.15418
 31
0.0
  0
LINE
  5
258A
330
1F
100
AcDbEntity
  8
1
  6
CONTINUOUS
370
50
 62
4
100
AcDbLine
 10
18.81312
 20
-0.018515
 30
0.0
 11
18.814995
 21
-0.013878
 31
0.0
  0
LINE
  5
258B
330
1F
100
AcDbEntity
  8
1
  6
CONTINUOUS
370
50
 62
4
100
AcDbLine
 10
10.884805
 20
1.55429
 30
0.0
 11
10.890165
 21
1.567557
 31
0.0
  0
LINE
  5
258C
330
1F
100
AcDbEntity
  8
1
  6
CONTINUOUS
370
50
 62
4
100
AcDbLine
 10
18.811245
 20
-0.023158
 30
0.0
 11
18.81312
 21
-0.018515
 31
0.0
  0
LINE
  5
258D
330
1F
100
AcDbEntity
  8
1
  6
CONTINUOUS
370
50
 62
4
100
AcDbLine
 10
18.809372
 20
-0.027806
 30
0.0
 11
18.811245
 21
-0.023158
 31
0.0
  0
LINE
  5
258E
330
1F
100
AcDbEntity
  8
1
  6
CONTINUOUS
370
50
 62
4
100
AcDbLine
 10
29.053009
 20
-1.259253
 30
0.0
 11
29.117575
 21
-1.098926
 31
0.0
  0
LINE
  5
258F
330
1F
100
AcDbEntity
  8
1
  6
CONTINUOUS
370
50
 62
4
100
AcDbLine
 10
18.807501
 20
-0.032461
 30
0.0
 11
18.809372
 21
-0.027806
 31
0.0
  0
LINE
  5
2590
330
1F
100
AcDbEntity
  8
1
  6
CONTINUOUS
370
50
 62
4
100
AcDbLine
 10
31.617567
 20
-1.497042
 30
0.0
 11
31.683249
 21
-1.333503
 31
0.0
  0
LINE
  5
2591
330
1F
100
AcDbEntity
  8
1
  6
CONTINUOUS
370
50
 62
4
100
AcDbLine
 10
34.183243
 20
-1.705426
 30
0.0
 11
34.250004
 21
-1.539142
 31
0.0
  0
LINE
  5
2592
330
1F
100
AcDbEntity
  8
1
  6
CONTINUOUS
370
50
 62
4
100
AcDbLine
 10
17.557501
 20
-4.448572
 30
0.0
 11
17.616772
 21
-4.300526
 31
0.0
  0
LINE
  5
2593
330
1F
100
AcDbEntity
  8
1
  6
CONTINUOUS
370
50
 62
4
100
AcDbLine
 10
17.933247
 20
-3.504672
 30
0.0
 11
18.000004
 21
-3.337425
 31
0.0
  0
LINE
  5
2594
330
1F
100
AcDbEntity
  8
1
  6
CONTINUOUS
370
50
 62
4
100
AcDbLine
 10
17.616772
 20
-4.300526
 30
0.0
 11
17.677475
 21
-4.148217
 31
0.0
  0
LINE
  5
2595
330
1F
100
AcDbEntity
  8
1
  6
CONTINUOUS
370
50
 62
4
100
AcDbLine
 10
20.073269
 20
-0.23357
 30
0.0
 11
20.089142
 21
-0.193686
 31
0.0
  0
LINE
  5
2596
330
1F
100
AcDbEntity
  8
1
  6
CONTINUOUS
370
50
 62
4
100
AcDbLine
 10
17.867567
 20
-3.66972
 30
0.0
 11
17.933247
 21
-3.504672
 31
0.0
  0
LINE
  5
2597
330
1F
100
AcDbEntity
  8
1
  6
CONTINUOUS
370
50
 62
4
100
AcDbLine
 10
17.677475
 20
-4.148217
 30
0.0
 11
17.739582
 21
-3.991966
 31
0.0
  0
LINE
  5
2598
330
1F
100
AcDbEntity
  8
1
  6
CONTINUOUS
370
50
 62
4
100
AcDbLine
 10
17.802998
 20
-3.832257
 30
0.0
 11
17.867567
 21
-3.66972
 31
0.0
  0
LINE
  5
2599
330
1F
100
AcDbEntity
  8
1
  6
CONTINUOUS
370
50
 62
4
100
AcDbLine
 10
17.739582
 20
-3.991966
 30
0.0
 11
17.802998
 21
-3.832257
 31
0.0
  0
LINE
  5
259A
330
1F
100
AcDbEntity
  8
1
  6
CONTINUOUS
370
50
 62
4
100
AcDbLine
 10
25.177492
 20
-0.917565
 30
0.0
 11
25.239603
 21
-0.761068
 31
0.0
  0
LINE
  5
259B
330
1F
100
AcDbEntity
  8
1
  6
CONTINUOUS
370
50
 62
4
100
AcDbLine
 10
35.433239
 20
-1.884519
 30
0.0
 11
35.500004
 21
-1.715757
 31
0.0
  0
LINE
  5
259C
330
1F
100
AcDbEntity
  8
1
  6
CONTINUOUS
370
50
 62
4
100
AcDbLine
 10
27.739597
 20
-1.208872
 30
0.0
 11
27.803013
 21
-1.048293
 31
0.0
  0
LINE
  5
259D
330
1F
100
AcDbEntity
  8
1
  6
CONTINUOUS
370
50
 62
4
100
AcDbLine
 10
32.867561
 20
-1.688275
 30
0.0
 11
32.933247
 21
-1.521786
 31
0.0
  0
LINE
  5
259E
330
1F
100
AcDbEntity
  8
1
  6
CONTINUOUS
370
50
 62
4
100
AcDbLine
 10
30.303003
 20
-1.464408
 30
0.0
 11
30.367571
 21
-1.300625
 31
0.0
  0
LINE
  5
259F
330
1F
100
AcDbEntity
  8
1
  6
CONTINUOUS
370
50
 62
4
100
AcDbLine
 10
16.683249
 20
-3.391862
 30
0.0
 11
16.750004
 21
-3.222385
 31
0.0
  0
LINE
  5
25A0
330
1F
100
AcDbEntity
  8
1
  6
CONTINUOUS
370
50
 62
4
100
AcDbLine
 10
21.337141
 20
-0.437907
 30
0.0
 11
21.367146
 21
-0.361687
 31
0.0
  0
LINE
  5
25A1
330
1F
100
AcDbEntity
  8
1
  6
CONTINUOUS
370
50
 62
4
100
AcDbLine
 10
20.057501
 20
-0.273826
 30
0.0
 11
20.073269
 21
-0.23357
 31
0.0
  0
LINE
  5
25A2
330
1F
100
AcDbEntity
  8
1
  6
CONTINUOUS
370
50
 62
4
100
AcDbLine
 10
16.617571
 20
-3.559557
 30
0.0
 11
16.683249
 21
-3.391862
 31
0.0
  0
LINE
  5
25A3
330
1F
100
AcDbEntity
  8
1
  6
CONTINUOUS
370
50
 62
4
100
AcDbLine
 10
36.683212
 20
-2.060057
 30
0.0
 11
36.750004
 21
-1.889421
 31
0.0
  0
LINE
  5
25A4
330
1F
100
AcDbEntity
  8
1
  6
CONTINUOUS
370
50
 62
4
100
AcDbLine
 10
22.601032
 20
-0.6411359999999999
 30
0.0
 11
22.645348
 21
-0.527486
 31
0.0
  0
LINE
  5
25A5
330
1F
100
AcDbEntity
  8
1
  6
CONTINUOUS
370
50
 62
4
100
AcDbLine
 10
16.553001
 20
-3.725161
 30
0.0
 11
16.617571
 21
-3.559557
 31
0.0
  0
LINE
  5
25A6
330
1F
100
AcDbEntity
  8
1
  6
CONTINUOUS
370
50
 62
4
100
AcDbLine
 10
15.433251
 20
-3.269475
 30
0.0
 11
15.500003
 21
-3.098222
 31
0.0
  0
LINE
  5
25A7
330
1F
100
AcDbEntity
  8
1
  6
CONTINUOUS
370
50
 62
4
100
AcDbLine
 10
37.933212
 20
-2.240011
 30
0.0
 11
38.000004
 21
-2.068327
 31
0.0
  0
LINE
  5
25A8
330
1F
100
AcDbEntity
  8
1
  6
CONTINUOUS
370
50
 62
4
100
AcDbLine
 10
10.884805
 20
-3.887801
 30
0.0
 11
10.890165
 21
-3.874023
 31
0.0
  0
LINE
  5
25A9
330
1F
100
AcDbEntity
  8
1
  6
CONTINUOUS
370
50
 62
4
100
AcDbLine
 10
34.117558
 20
-1.874432
 30
0.0
 11
34.183243
 21
-1.705426
 31
0.0
  0
LINE
  5
25AA
330
1F
100
AcDbEntity
  8
1
  6
CONTINUOUS
370
50
 62
4
100
AcDbLine
 10
16.489586
 20
-3.888354
 30
0.0
 11
16.553001
 21
-3.725161
 31
0.0
  0
LINE
  5
25AB
330
1F
100
AcDbEntity
  8
1
  6
CONTINUOUS
370
50
 62
4
100
AcDbLine
 10
16.307501
 20
-4.357864999999999
 30
0.0
 11
16.366774
 21
-4.205115
 31
0.0
  0
LINE
  5
25AC
330
1F
100
AcDbEntity
  8
1
  6
CONTINUOUS
370
50
 62
4
100
AcDbLine
 10
16.427479
 20
-4.048503
 30
0.0
 11
16.489586
 21
-3.888354
 31
0.0
  0
LINE
  5
25AD
330
1F
100
AcDbEntity
  8
1
  6
CONTINUOUS
370
50
 62
4
100
AcDbLine
 10
16.366774
 20
-4.205115
 30
0.0
 11
16.427479
 21
-4.048503
 31
0.0
  0
LINE
  5
25AE
330
1F
100
AcDbEntity
  8
1
  6
CONTINUOUS
370
50
 62
4
100
AcDbLine
 10
31.552999
 20
-1.663829
 30
0.0
 11
31.617567
 21
-1.497042
 31
0.0
  0
LINE
  5
25AF
330
1F
100
AcDbEntity
  8
1
  6
CONTINUOUS
370
50
 62
4
100
AcDbLine
 10
14.183253
 20
-3.137188
 30
0.0
 11
14.250003
 21
-2.964623
 31
0.0
  0
LINE
  5
25B0
330
1F
100
AcDbEntity
  8
1
  6
CONTINUOUS
370
50
 62
4
100
AcDbLine
 10
26.42749
 20
-1.148684
 30
0.0
 11
26.489601
 21
-0.9880859999999999
 31
0.0
  0
LINE
  5
25B1
330
1F
100
AcDbEntity
  8
1
  6
CONTINUOUS
370
50
 62
4
100
AcDbLine
 10
23.864962
 20
-0.84358
 30
0.0
 11
23.923773
 21
-0.691491
 31
0.0
  0
LINE
  5
25B2
330
1F
100
AcDbEntity
  8
1
  6
CONTINUOUS
370
50
 62
4
100
AcDbLine
 10
15.367574
 20
-3.439371
 30
0.0
 11
15.433251
 21
-3.269475
 31
0.0
  0
LINE
  5
25B3
330
1F
100
AcDbEntity
  8
1
  6
CONTINUOUS
370
50
 62
4
100
AcDbLine
 10
28.989594
 20
-1.423363
 30
0.0
 11
29.053009
 21
-1.259253
 31
0.0
  0
LINE
  5
25B4
330
1F
100
AcDbEntity
  8
1
  6
CONTINUOUS
370
50
 62
4
100
AcDbLine
 10
12.933243
 20
-2.995194
 30
0.0
 11
13.000003
 21
-2.821656
 31
0.0
  0
LINE
  5
25B5
330
1F
100
AcDbEntity
  8
1
  6
CONTINUOUS
370
50
 62
4
100
AcDbLine
 10
35.367554
 20
-2.055614
 30
0.0
 11
35.433239
 21
-1.884519
 31
0.0
  0
LINE
  5
25B6
330
1F
100
AcDbEntity
  8
1
  6
CONTINUOUS
370
50
 62
4
100
AcDbLine
 10
15.303006
 20
-3.607603
 30
0.0
 11
15.367574
 21
-3.439371
 31
0.0
  0
LINE
  5
25B7
330
1F
100
AcDbEntity
  8
1
  6
CONTINUOUS
370
50
 62
4
100
AcDbLine
 10
21.307501
 20
-0.5153559999999999
 30
0.0
 11
21.337141
 21
-0.437907
 31
0.0
  0
LINE
  5
25B8
330
1F
100
AcDbEntity
  8
1
  6
CONTINUOUS
370
50
 62
4
100
AcDbLine
 10
14.117577
 20
-3.308831
 30
0.0
 11
14.183253
 21
-3.137188
 31
0.0
  0
LINE
  5
25B9
330
1F
100
AcDbEntity
  8
1
  6
CONTINUOUS
370
50
 62
4
100
AcDbLine
 10
15.239591
 20
-3.773854
 30
0.0
 11
15.303006
 21
-3.607603
 31
0.0
  0
LINE
  5
25BA
330
1F
100
AcDbEntity
  8
1
  6
CONTINUOUS
370
50
 62
4
100
AcDbLine
 10
32.802994
 20
-1.857622
 30
0.0
 11
32.867561
 21
-1.688275
 31
0.0
  0
LINE
  5
25BB
330
1F
100
AcDbEntity
  8
1
  6
CONTINUOUS
370
50
 62
4
100
AcDbLine
 10
36.617512
 20
-2.232642
 30
0.0
 11
36.683212
 21
-2.060057
 31
0.0
  0
LINE
  5
25BC
330
1F
100
AcDbEntity
  8
1
  6
CONTINUOUS
370
50
 62
4
100
AcDbLine
 10
15.177482
 20
-3.937485
 30
0.0
 11
15.239591
 21
-3.773854
 31
0.0
  0
LINE
  5
25BD
330
1F
100
AcDbEntity
  8
1
  6
CONTINUOUS
370
50
 62
4
100
AcDbLine
 10
12.867558
 20
-3.16825
 30
0.0
 11
12.933243
 21
-2.995194
 31
0.0
  0
LINE
  5
25BE
330
1F
100
AcDbEntity
  8
1
  6
CONTINUOUS
370
50
 62
4
100
AcDbLine
 10
30.239588
 20
-1.631584
 30
0.0
 11
30.303003
 21
-1.464408
 31
0.0
  0
LINE
  5
25BF
330
1F
100
AcDbEntity
  8
1
  6
CONTINUOUS
370
50
 62
4
100
AcDbLine
 10
37.867512
 20
-2.413227
 30
0.0
 11
37.933212
 21
-2.240011
 31
0.0
  0
LINE
  5
25C0
330
1F
100
AcDbEntity
  8
1
  6
CONTINUOUS
370
50
 62
4
100
AcDbLine
 10
14.05301
 20
-3.479244
 30
0.0
 11
14.117577
 21
-3.308831
 31
0.0
  0
LINE
  5
25C1
330
1F
100
AcDbEntity
  8
1
  6
CONTINUOUS
370
50
 62
4
100
AcDbLine
 10
27.677488
 20
-1.373079
 30
0.0
 11
27.739597
 21
-1.208872
 31
0.0
  0
LINE
  5
25C2
330
1F
100
AcDbEntity
  8
1
  6
CONTINUOUS
370
50
 62
4
100
AcDbLine
 10
25.116781
 20
-1.078082
 30
0.0
 11
25.177492
 21
-0.917565
 31
0.0
  0
LINE
  5
25C3
330
1F
100
AcDbEntity
  8
1
  6
CONTINUOUS
370
50
 62
4
100
AcDbLine
 10
15.116776
 20
-4.097998
 30
0.0
 11
15.177482
 21
-3.937485
 31
0.0
  0
LINE
  5
25C4
330
1F
100
AcDbEntity
  8
1
  6
CONTINUOUS
370
50
 62
4
100
AcDbLine
 10
15.057502
 20
-4.255065
 30
0.0
 11
15.116776
 21
-4.097998
 31
0.0
  0
LINE
  5
25C5
330
1F
100
AcDbEntity
  8
1
  6
CONTINUOUS
370
50
 62
4
100
AcDbLine
 10
34.052986
 20
-2.045902
 30
0.0
 11
34.117558
 21
-1.874432
 31
0.0
  0
LINE
  5
25C6
330
1F
100
AcDbEntity
  8
1
  6
CONTINUOUS
370
50
 62
4
100
AcDbLine
 10
13.989594
 20
-3.648116
 30
0.0
 11
14.05301
 21
-3.479244
 31
0.0
  0
LINE
  5
25C7
330
1F
100
AcDbEntity
  8
1
  6
CONTINUOUS
370
50
 62
4
100
AcDbLine
 10
22.557501
 20
-0.7572399999999999
 30
0.0
 11
22.601032
 21
-0.6411359999999999
 31
0.0
  0
LINE
  5
25C8
330
1F
100
AcDbEntity
  8
1
  6
CONTINUOUS
370
50
 62
4
100
AcDbLine
 10
12.802985
 20
-3.340519
 30
0.0
 11
12.867558
 21
-3.16825
 31
0.0
  0
LINE
  5
25C9
330
1F
100
AcDbEntity
  8
1
  6
CONTINUOUS
370
50
 62
4
100
AcDbLine
 10
31.489582
 20
-1.833615
 30
0.0
 11
31.552999
 21
-1.663829
 31
0.0
  0
LINE
  5
25CA
330
1F
100
AcDbEntity
  8
1
  6
CONTINUOUS
370
50
 62
4
100
AcDbLine
 10
35.302982
 20
-2.228775
 30
0.0
 11
35.367554
 21
-2.055614
 31
0.0
  0
LINE
  5
25CB
330
1F
100
AcDbEntity
  8
1
  6
CONTINUOUS
370
50
 62
4
100
AcDbLine
 10
13.927485
 20
-3.814805
 30
0.0
 11
13.989594
 21
-3.648116
 31
0.0
  0
LINE
  5
25CC
330
1F
100
AcDbEntity
  8
1
  6
CONTINUOUS
370
50
 62
4
100
AcDbLine
 10
28.927485
 20
-1.590698
 30
0.0
 11
28.989594
 21
-1.423363
 31
0.0
  0
LINE
  5
25CD
330
1F
100
AcDbEntity
  8
1
  6
CONTINUOUS
370
50
 62
4
100
AcDbLine
 10
36.552929
 20
-2.406905
 30
0.0
 11
36.617512
 21
-2.232642
 31
0.0
  0
LINE
  5
25CE
330
1F
100
AcDbEntity
  8
1
  6
CONTINUOUS
370
50
 62
4
100
AcDbLine
 10
12.739566
 20
-3.511689
 30
0.0
 11
12.802985
 21
-3.340519
 31
0.0
  0
LINE
  5
25CF
330
1F
100
AcDbEntity
  8
1
  6
CONTINUOUS
370
50
 62
4
100
AcDbLine
 10
13.866776
 20
-3.978808
 30
0.0
 11
13.927485
 21
-3.814805
 31
0.0
  0
LINE
  5
25D0
330
1F
100
AcDbEntity
  8
1
  6
CONTINUOUS
370
50
 62
4
100
AcDbLine
 10
37.802933
 20
-2.587698
 30
0.0
 11
37.867512
 21
-2.413227
 31
0.0
  0
LINE
  5
25D1
330
1F
100
AcDbEntity
  8
1
  6
CONTINUOUS
370
50
 62
4
100
AcDbLine
 10
26.366779
 20
-1.312894
 30
0.0
 11
26.42749
 21
-1.148684
 31
0.0
  0
LINE
  5
25D2
330
1F
100
AcDbEntity
  8
1
  6
CONTINUOUS
370
50
 62
4
100
AcDbLine
 10
32.739578
 20
-2.029569
 30
0.0
 11
32.802994
 21
-1.857622
 31
0.0
  0
LINE
  5
25D3
330
1F
100
AcDbEntity
  8
1
  6
CONTINUOUS
370
50
 62
4
100
AcDbLine
 10
23.807501
 20
-0.9995999999999999
 30
0.0
 11
23.864962
 21
-0.84358
 31
0.0
  0
LINE
  5
25D4
330
1F
100
AcDbEntity
  8
1
  6
CONTINUOUS
370
50
 62
4
100
AcDbLine
 10
13.807502
 20
-4.139794
 30
0.0
 11
13.866776
 21
-3.978808
 31
0.0
  0
LINE
  5
25D5
330
1F
100
AcDbEntity
  8
1
  6
CONTINUOUS
370
50
 62
4
100
AcDbLine
 10
12.677462
 20
-3.681095
 30
0.0
 11
12.739566
 21
-3.511689
 31
0.0
  0
LINE
  5
25D6
330
1F
100
AcDbEntity
  8
1
  6
CONTINUOUS
370
50
 62
4
100
AcDbLine
 10
30.177481
 20
-1.801577
 30
0.0
 11
30.239588
 21
-1.631584
 31
0.0
  0
LINE
  5
25D7
330
1F
100
AcDbEntity
  8
1
  6
CONTINUOUS
370
50
 62
4
100
AcDbLine
 10
33.989571
 20
-2.219568
 30
0.0
 11
34.052986
 21
-2.045902
 31
0.0
  0
LINE
  5
25D8
330
1F
100
AcDbEntity
  8
1
  6
CONTINUOUS
370
50
 62
4
100
AcDbLine
 10
12.616764
 20
-3.848246
 30
0.0
 11
12.677462
 21
-3.681095
 31
0.0
  0
LINE
  5
25D9
330
1F
100
AcDbEntity
  8
1
  6
CONTINUOUS
370
50
 62
4
100
AcDbLine
 10
27.616779
 20
-1.540484
 30
0.0
 11
27.677488
 21
-1.373079
 31
0.0
  0
LINE
  5
25DA
330
1F
100
AcDbEntity
  8
1
  6
CONTINUOUS
370
50
 62
4
100
AcDbLine
 10
35.239563
 20
-2.403723
 30
0.0
 11
35.302982
 21
-2.228775
 31
0.0
  0
LINE
  5
25DB
330
1F
100
AcDbEntity
  8
1
  6
CONTINUOUS
370
50
 62
4
100
AcDbLine
 10
37.739517
 20
-2.763137
 30
0.0
 11
37.802933
 21
-2.587698
 31
0.0
  0
LINE
  5
25DC
330
1F
100
AcDbEntity
  8
1
  6
CONTINUOUS
370
50
 62
4
100
AcDbLine
 10
36.489506
 20
-2.582557
 30
0.0
 11
36.552929
 21
-2.406905
 31
0.0
  0
LINE
  5
25DD
330
1F
100
AcDbEntity
  8
1
  6
CONTINUOUS
370
50
 62
4
100
AcDbLine
 10
25.057501
 20
-1.242368
 30
0.0
 11
25.116781
 21
-1.078082
 31
0.0
  0
LINE
  5
25DE
330
1F
100
AcDbEntity
  8
1
  6
CONTINUOUS
370
50
 62
4
100
AcDbLine
 10
31.427477
 20
-2.005806
 30
0.0
 11
31.489582
 21
-1.833615
 31
0.0
  0
LINE
  5
25DF
330
1F
100
AcDbEntity
  8
1
  6
CONTINUOUS
370
50
 62
4
100
AcDbLine
 10
12.557502
 20
-4.01281
 30
0.0
 11
12.616764
 21
-3.848246
 31
0.0
  0
LINE
  5
25E0
330
1F
100
AcDbEntity
  8
1
  6
CONTINUOUS
370
50
 62
4
100
AcDbLine
 10
32.677471
 20
-2.203507
 30
0.0
 11
32.739578
 21
-2.029569
 31
0.0
  0
LINE
  5
25E1
330
1F
100
AcDbEntity
  8
1
  6
CONTINUOUS
370
50
 62
4
100
AcDbLine
 10
28.866777
 20
-1.760814
 30
0.0
 11
28.927485
 21
-1.590698
 31
0.0
  0
LINE
  5
25E2
330
1F
100
AcDbEntity
  8
1
  6
CONTINUOUS
370
50
 62
4
100
AcDbLine
 10
4.532081
 20
-0.5061209999999999
 30
0.0
 11
4.544366999999999
 21
-0.471567
 31
0.0
  0
LINE
  5
25E3
330
1F
100
AcDbEntity
  8
1
  6
CONTINUOUS
370
50
 62
4
100
AcDbLine
 10
33.927467
 20
-2.394808
 30
0.0
 11
33.989571
 21
-2.219568
 31
0.0
  0
LINE
  5
25E4
330
1F
100
AcDbEntity
  8
1
  6
CONTINUOUS
370
50
 62
4
100
AcDbLine
 10
26.307501
 20
-1.480451
 30
0.0
 11
26.366779
 21
-1.312894
 31
0.0
  0
LINE
  5
25E5
330
1F
100
AcDbEntity
  8
1
  6
CONTINUOUS
370
50
 62
4
100
AcDbLine
 10
37.677418
 20
-2.938906
 30
0.0
 11
37.739517
 21
-2.763137
 31
0.0
  0
LINE
  5
25E6
330
1F
100
AcDbEntity
  8
1
  6
CONTINUOUS
370
50
 62
4
100
AcDbLine
 10
10.890165
 20
-3.874023
 30
0.0
 11
10.89496
 21
-3.860444
 31
0.0
  0
LINE
  5
25E7
330
1F
100
AcDbEntity
  8
1
  6
CONTINUOUS
370
50
 62
4
100
AcDbLine
 10
35.17746
 20
-2.579821
 30
0.0
 11
35.239563
 21
-2.403723
 31
0.0
  0
LINE
  5
25E8
330
1F
100
AcDbEntity
  8
1
  6
CONTINUOUS
370
50
 62
4
100
AcDbLine
 10
30.116776
 20
-1.973931
 30
0.0
 11
30.177481
 21
-1.801577
 31
0.0
  0
LINE
  5
25E9
330
1F
100
AcDbEntity
  8
1
  6
CONTINUOUS
370
50
 62
4
100
AcDbLine
 10
36.427414
 20
-2.758935
 30
0.0
 11
36.489506
 21
-2.582557
 31
0.0
  0
LINE
  5
25EA
330
1F
100
AcDbEntity
  8
1
  6
CONTINUOUS
370
50
 62
4
100
AcDbLine
 10
31.366772
 20
-2.179937
 30
0.0
 11
31.427477
 21
-2.005806
 31
0.0
  0
LINE
  5
25EB
330
1F
100
AcDbEntity
  8
1
  6
CONTINUOUS
370
50
 62
4
100
AcDbLine
 10
10.890165
 20
1.567557
 30
0.0
 11
10.89496
 21
1.581322
 31
0.0
  0
LINE
  5
25EC
330
1F
100
AcDbEntity
  8
1
  6
CONTINUOUS
370
50
 62
4
100
AcDbLine
 10
27.557501
 20
-1.710812
 30
0.0
 11
27.616779
 21
-1.540484
 31
0.0
  0
LINE
  5
25ED
330
1F
100
AcDbEntity
  8
1
  6
CONTINUOUS
370
50
 62
4
100
AcDbLine
 10
32.616768
 20
-2.378962
 30
0.0
 11
32.677471
 21
-2.203507
 31
0.0
  0
LINE
  5
25EE
330
1F
100
AcDbEntity
  8
1
  6
CONTINUOUS
370
50
 62
4
100
AcDbLine
 10
37.616737
 20
-3.114491
 30
0.0
 11
37.677418
 21
-2.938906
 31
0.0
  0
LINE
  5
25EF
330
1F
100
AcDbEntity
  8
1
  6
CONTINUOUS
370
50
 62
4
100
AcDbLine
 10
33.866768
 20
-2.571139
 30
0.0
 11
33.927467
 21
-2.394808
 31
0.0
  0
LINE
  5
25F0
330
1F
100
AcDbEntity
  8
1
  6
CONTINUOUS
370
50
 62
4
100
AcDbLine
 10
36.366737
 20
-2.935554
 30
0.0
 11
36.427414
 21
-2.758935
 31
0.0
  0
LINE
  5
25F1
330
1F
100
AcDbEntity
  8
1
  6
CONTINUOUS
370
50
 62
4
100
AcDbLine
 10
28.807501
 20
-1.933427
 30
0.0
 11
28.866777
 21
-1.760814
 31
0.0
  0
LINE
  5
25F2
330
1F
100
AcDbEntity
  8
1
  6
CONTINUOUS
370
50
 62
4
100
AcDbLine
 10
35.116764
 20
-2.756585
 30
0.0
 11
35.17746
 21
-2.579821
 31
0.0
  0
LINE
  5
25F3
330
1F
100
AcDbEntity
  8
1
  6
CONTINUOUS
370
50
 62
4
100
AcDbLine
 10
30.057501
 20
-2.148355
 30
0.0
 11
30.116776
 21
-1.973931
 31
0.0
  0
LINE
  5
25F4
330
1F
100
AcDbEntity
  8
1
  6
CONTINUOUS
370
50
 62
4
100
AcDbLine
 10
37.557503
 20
-3.289568
 30
0.0
 11
37.616737
 21
-3.114491
 31
0.0
  0
LINE
  5
25F5
330
1F
100
AcDbEntity
  8
1
  6
CONTINUOUS
370
50
 62
4
100
AcDbLine
 10
31.307501
 20
-2.355707
 30
0.0
 11
31.366772
 21
-2.179937
 31
0.0
  0
LINE
  5
25F6
330
1F
100
AcDbEntity
  8
1
  6
CONTINUOUS
370
50
 62
4
100
AcDbLine
 10
36.307503
 20
-3.112092
 30
0.0
 11
36.366737
 21
-2.935554
 31
0.0
  0
LINE
  5
25F7
330
1F
100
AcDbEntity
  8
1
  6
CONTINUOUS
370
50
 62
4
100
AcDbLine
 10
32.557503
 20
-2.555625
 30
0.0
 11
32.616768
 21
-2.378962
 31
0.0
  0
LINE
  5
25F8
330
1F
100
AcDbEntity
  8
1
  6
CONTINUOUS
370
50
 62
4
100
AcDbLine
 10
33.807503
 20
-2.748248
 30
0.0
 11
33.866768
 21
-2.571139
 31
0.0
  0
LINE
  5
25F9
330
1F
100
AcDbEntity
  8
1
  6
CONTINUOUS
370
50
 62
4
100
AcDbLine
 10
35.057503
 20
-2.933694
 30
0.0
 11
35.116764
 21
-2.756585
 31
0.0
  0
LINE
  5
25FA
330
1F
100
AcDbEntity
  8
1
  6
CONTINUOUS
370
50
 62
4
100
AcDbLine
 10
10.89496
 20
-3.860444
 30
0.0
 11
10.899172
 21
-3.847079
 31
0.0
  0
LINE
  5
25FB
330
1F
100
AcDbEntity
  8
1
  6
CONTINUOUS
370
50
 62
4
100
AcDbLine
 10
10.89496
 20
1.581322
 30
0.0
 11
10.899172
 21
1.595586
 31
0.0
  0
LINE
  5
25FC
330
1F
100
AcDbEntity
  8
1
  6
CONTINUOUS
370
50
 62
4
100
AcDbLine
 10
4.522804
 20
-0.541268
 30
0.0
 11
4.532081
 21
-0.5061209999999999
 31
0.0
  0
LINE
  5
25FD
330
1F
100
AcDbEntity
  8
1
  6
CONTINUOUS
370
50
 62
4
100
AcDbLine
 10
4.514246
 20
-4.914963999999999
 30
0.0
 11
4.5165
 21
-4.902106
 31
0.0
  0
LINE
  5
25FE
330
1F
100
AcDbEntity
  8
1
  6
CONTINUOUS
370
50
 62
4
100
AcDbLine
 10
4.516694999999999
 20
-0.5768829999999999
 30
0.0
 11
4.522804
 21
-0.541268
 31
0.0
  0
LINE
  5
25FF
330
1F
100
AcDbEntity
  8
1
  6
CONTINUOUS
370
50
 62
4
100
AcDbLine
 10
4.513737
 20
4.522315
 30
0.0
 11
4.517399999999999
 21
4.547497
 31
0.0
  0
LINE
  5
2600
330
1F
100
AcDbEntity
  8
1
  6
CONTINUOUS
370
50
 62
4
100
AcDbLine
 10
4.513877
 20
-0.6129319999999999
 30
0.0
 11
4.516694999999999
 21
-0.5768829999999999
 31
0.0
  0
LINE
  5
2601
330
1F
100
AcDbEntity
  8
1
  6
CONTINUOUS
370
50
 62
4
100
AcDbLine
 10
0.0
 20
-5.0
 30
0.0
 11
0.0
 21
5.0
 31
0.0
  0
LINE
  5
2602
330
1F
100
AcDbEntity
  8
1
  6
CONTINUOUS
370
50
 62
4
100
AcDbLine
 10
9.6
 20
0.5872069999999999
 30
0.0
 11
9.6
 21
1.980579
 31
0.0
  0
LINE
  5
2603
330
1F
100
AcDbEntity
  8
1
  6
CONTINUOUS
370
50
 62
4
100
AcDbLine
 10
9.6
 20
4.903832
 30
0.0
 11
9.6
 21
5.0
 31
0.0
  0
LINE
  5
2604
330
1F
100
AcDbEntity
  8
1
  6
CONTINUOUS
370
50
 62
4
100
AcDbLine
 10
9.6
 20
-3.754235
 30
0.0
 11
9.6
 21
-3.754219
 31
0.0
  0
LINE
  5
2605
330
1F
100
AcDbEntity
  8
1
  6
CONTINUOUS
370
50
 62
4
100
AcDbLine
 10
9.6
 20
-3.754251
 30
0.0
 11
9.6
 21
-3.754235
 31
0.0
  0
LINE
  5
2606
330
1F
100
AcDbEntity
  8
1
  6
CONTINUOUS
370
50
 62
4
100
AcDbLine
 10
9.6
 20
-3.754267
 30
0.0
 11
9.6
 21
-3.754251
 31
0.0
  0
LINE
  5
2607
330
1F
100
AcDbEntity
  8
1
  6
CONTINUOUS
370
50
 62
4
100
AcDbLine
 10
9.6
 20
-3.754283
 30
0.0
 11
9.6
 21
-3.754267
 31
0.0
  0
LINE
  5
2608
330
1F
100
AcDbEntity
  8
1
  6
CONTINUOUS
370
50
 62
4
100
AcDbLine
 10
9.6
 20
-3.754299
 30
0.0
 11
9.6
 21
-3.754283
 31
0.0
  0
LINE
  5
2609
330
1F
100
AcDbEntity
  8
1
  6
CONTINUOUS
370
50
 62
4
100
AcDbLine
 10
9.6
 20
-3.754315
 30
0.0
 11
9.6
 21
-3.754299
 31
0.0
  0
LINE
  5
260A
330
1F
100
AcDbEntity
  8
1
  6
CONTINUOUS
370
50
 62
4
100
AcDbLine
 10
9.6
 20
-4.540918
 30
0.0
 11
9.6
 21
-3.754315
 31
0.0
  0
LINE
  5
260B
330
1F
100
AcDbEntity
  8
1
  6
CONTINUOUS
370
50
 62
4
100
AcDbLine
 10
10.0
 20
4.809174
 30
0.0
 11
10.0
 21
4.899999999999999
 31
0.0
  0
LINE
  5
260C
330
1F
100
AcDbEntity
  8
1
  6
CONTINUOUS
370
50
 62
4
100
AcDbLine
 10
10.0
 20
0.5930099999999999
 30
0.0
 11
10.0
 21
1.904748
 31
0.0
  0
LINE
  5
260D
330
1F
100
AcDbEntity
  8
1
  6
CONTINUOUS
370
50
 62
4
100
AcDbLine
 10
10.0
 20
-4.442673
 30
0.0
 11
10.0
 21
-3.705074
 31
0.0
  0
LINE
  5
260E
330
1F
100
AcDbEntity
  8
1
  6
CONTINUOUS
370
50
 62
4
100
AcDbLine
 10
10.833568
 20
4.814858
 30
0.0
 11
10.833568
 21
4.899836
 31
0.0
  0
LINE
  5
260F
330
1F
100
AcDbEntity
  8
1
  6
CONTINUOUS
370
50
 62
4
100
AcDbLine
 10
10.833568
 20
0.622914
 30
0.0
 11
10.833568
 21
1.475935
 31
0.0
  0
LINE
  5
2610
330
1F
100
AcDbEntity
  8
1
  6
CONTINUOUS
370
50
 62
4
100
AcDbLine
 10
10.833568
 20
-4.429876
 30
0.0
 11
10.833568
 21
-3.987657
 31
0.0
  0
LINE
  5
2611
330
1F
100
AcDbEntity
  8
1
  6
CONTINUOUS
370
50
 62
4
100
AcDbLine
 10
11.75
 20
2.211702
 30
0.0
 11
11.75
 21
3.983567
 31
0.0
  0
LINE
  5
2612
330
1F
100
AcDbEntity
  8
1
  6
CONTINUOUS
370
50
 62
4
100
AcDbLine
 10
11.75
 20
2.161224
 30
0.0
 11
11.75
 21
2.176644
 31
0.0
  0
LINE
  5
2613
330
1F
100
AcDbEntity
  8
1
  6
CONTINUOUS
370
50
 62
4
100
AcDbLine
 10
11.75
 20
2.176644
 30
0.0
 11
11.75
 21
2.189262
 31
0.0
  0
LINE
  5
2614
330
1F
100
AcDbEntity
  8
1
  6
CONTINUOUS
370
50
 62
4
100
AcDbLine
 10
11.75
 20
2.189262
 30
0.0
 11
11.75
 21
2.199076
 31
0.0
  0
LINE
  5
2615
330
1F
100
AcDbEntity
  8
1
  6
CONTINUOUS
370
50
 62
4
100
AcDbLine
 10
11.75
 20
2.199076
 30
0.0
 11
11.75
 21
2.206088
 31
0.0
  0
LINE
  5
2616
330
1F
100
AcDbEntity
  8
1
  6
CONTINUOUS
370
50
 62
4
100
AcDbLine
 10
11.75
 20
2.206088
 30
0.0
 11
11.75
 21
2.210296
 31
0.0
  0
LINE
  5
2617
330
1F
100
AcDbEntity
  8
1
  6
CONTINUOUS
370
50
 62
4
100
AcDbLine
 10
11.75
 20
2.210296
 30
0.0
 11
11.75
 21
2.211701
 31
0.0
  0
LINE
  5
2618
330
1F
100
AcDbEntity
  8
1
  6
CONTINUOUS
370
50
 62
4
100
AcDbLine
 10
11.75
 20
0.446655
 30
0.0
 11
11.75
 21
0.447114
 31
0.0
  0
LINE
  5
2619
330
1F
100
AcDbEntity
  8
1
  6
CONTINUOUS
370
50
 62
4
100
AcDbLine
 10
11.75
 20
0.447114
 30
0.0
 11
11.75
 21
0.447573
 31
0.0
  0
LINE
  5
261A
330
1F
100
AcDbEntity
  8
1
  6
CONTINUOUS
370
50
 62
4
100
AcDbLine
 10
11.75
 20
0.447573
 30
0.0
 11
11.75
 21
0.448033
 31
0.0
  0
LINE
  5
261B
330
1F
100
AcDbEntity
  8
1
  6
CONTINUOUS
370
50
 62
4
100
AcDbLine
 10
11.75
 20
0.448033
 30
0.0
 11
11.75
 21
0.448492
 31
0.0
  0
LINE
  5
261C
330
1F
100
AcDbEntity
  8
1
  6
CONTINUOUS
370
50
 62
4
100
AcDbLine
 10
11.75
 20
0.448492
 30
0.0
 11
11.75
 21
0.448951
 31
0.0
  0
LINE
  5
261D
330
1F
100
AcDbEntity
  8
1
  6
CONTINUOUS
370
50
 62
4
100
AcDbLine
 10
11.75
 20
0.448951
 30
0.0
 11
11.75
 21
0.44941
 31
0.0
  0
LINE
  5
261E
330
1F
100
AcDbEntity
  8
1
  6
CONTINUOUS
370
50
 62
4
100
AcDbLine
 10
11.75
 20
0.44941
 30
0.0
 11
11.75
 21
0.449869
 31
0.0
  0
LINE
  5
261F
330
1F
100
AcDbEntity
  8
1
  6
CONTINUOUS
370
50
 62
4
100
AcDbLine
 10
11.75
 20
-1.987038
 30
0.0
 11
11.75
 21
-1.811075
 31
0.0
  0
LINE
  5
2620
330
1F
100
AcDbEntity
  8
1
  6
CONTINUOUS
370
50
 62
4
100
AcDbLine
 10
11.75
 20
-1.811075
 30
0.0
 11
11.75
 21
-1.636653
 31
0.0
  0
LINE
  5
2621
330
1F
100
AcDbEntity
  8
1
  6
CONTINUOUS
370
50
 62
4
100
AcDbLine
 10
11.75
 20
-1.636653
 30
0.0
 11
11.75
 21
-1.464511
 31
0.0
  0
LINE
  5
2622
330
1F
100
AcDbEntity
  8
1
  6
CONTINUOUS
370
50
 62
4
100
AcDbLine
 10
11.75
 20
-1.464511
 30
0.0
 11
11.75
 21
-1.295053
 31
0.0
  0
LINE
  5
2623
330
1F
100
AcDbEntity
  8
1
  6
CONTINUOUS
370
50
 62
4
100
AcDbLine
 10
11.75
 20
-1.295053
 30
0.0
 11
11.75
 21
-1.128584
 31
0.0
  0
LINE
  5
2624
330
1F
100
AcDbEntity
  8
1
  6
CONTINUOUS
370
50
 62
4
100
AcDbLine
 10
11.75
 20
-1.128584
 30
0.0
 11
11.75
 21
-0.9654069999999999
 31
0.0
  0
LINE
  5
2625
330
1F
100
AcDbEntity
  8
1
  6
CONTINUOUS
370
50
 62
4
100
AcDbLine
 10
11.75
 20
-0.9654069999999999
 30
0.0
 11
11.75
 21
-0.805825
 31
0.0
  0
LINE
  5
2626
330
1F
100
AcDbEntity
  8
1
  6
CONTINUOUS
370
50
 62
4
100
AcDbLine
 10
11.75
 20
-0.805825
 30
0.0
 11
11.75
 21
-0.8053039999999999
 31
0.0
  0
LINE
  5
2627
330
1F
100
AcDbEntity
  8
1
  6
CONTINUOUS
370
50
 62
4
100
AcDbLine
 10
11.75
 20
-0.8053039999999999
 30
0.0
 11
11.75
 21
-0.8047839999999999
 31
0.0
  0
LINE
  5
2628
330
1F
100
AcDbEntity
  8
1
  6
CONTINUOUS
370
50
 62
4
100
AcDbLine
 10
11.75
 20
-0.8047839999999999
 30
0.0
 11
11.75
 21
-0.804263
 31
0.0
  0
LINE
  5
2629
330
1F
100
AcDbEntity
  8
1
  6
CONTINUOUS
370
50
 62
4
100
AcDbLine
 10
11.75
 20
-0.804263
 30
0.0
 11
11.75
 21
-0.803742
 31
0.0
  0
LINE
  5
262A
330
1F
100
AcDbEntity
  8
1
  6
CONTINUOUS
370
50
 62
4
100
AcDbLine
 10
11.75
 20
-0.803742
 30
0.0
 11
11.75
 21
-0.803221
 31
0.0
  0
LINE
  5
262B
330
1F
100
AcDbEntity
  8
1
  6
CONTINUOUS
370
50
 62
4
100
AcDbLine
 10
11.75
 20
-0.803221
 30
0.0
 11
11.75
 21
-0.8027
 31
0.0
  0
LINE
  5
262C
330
1F
100
AcDbEntity
  8
1
  6
CONTINUOUS
370
50
 62
4
100
AcDbLine
 10
11.75
 20
-0.8027
 30
0.0
 11
11.75
 21
-0.802179
 31
0.0
  0
LINE
  5
262D
330
1F
100
AcDbEntity
  8
1
  6
CONTINUOUS
370
50
 62
4
100
AcDbLine
 10
11.75
 20
-0.802179
 30
0.0
 11
11.75
 21
-0.7544719999999999
 31
0.0
  0
LINE
  5
262E
330
1F
100
AcDbEntity
  8
1
  6
CONTINUOUS
370
50
 62
4
100
AcDbLine
 10
11.75
 20
-0.7544719999999999
 30
0.0
 11
11.75
 21
-0.7064269999999999
 31
0.0
  0
LINE
  5
262F
330
1F
100
AcDbEntity
  8
1
  6
CONTINUOUS
370
50
 62
4
100
AcDbLine
 10
11.75
 20
-0.7064269999999999
 30
0.0
 11
11.75
 21
-0.6581279999999999
 31
0.0
  0
LINE
  5
2630
330
1F
100
AcDbEntity
  8
1
  6
CONTINUOUS
370
50
 62
4
100
AcDbLine
 10
11.75
 20
-0.6581279999999999
 30
0.0
 11
11.75
 21
-0.609656
 31
0.0
  0
LINE
  5
2631
330
1F
100
AcDbEntity
  8
1
  6
CONTINUOUS
370
50
 62
4
100
AcDbLine
 10
11.75
 20
-0.609656
 30
0.0
 11
11.75
 21
-0.561094
 31
0.0
  0
LINE
  5
2632
330
1F
100
AcDbEntity
  8
1
  6
CONTINUOUS
370
50
 62
4
100
AcDbLine
 10
11.75
 20
-0.561094
 30
0.0
 11
11.75
 21
-0.512523
 31
0.0
  0
LINE
  5
2633
330
1F
100
AcDbEntity
  8
1
  6
CONTINUOUS
370
50
 62
4
100
AcDbLine
 10
11.75
 20
-0.512523
 30
0.0
 11
11.75
 21
-0.464026
 31
0.0
  0
LINE
  5
2634
330
1F
100
AcDbEntity
  8
1
  6
CONTINUOUS
370
50
 62
4
100
AcDbLine
 10
11.75
 20
-0.464026
 30
0.0
 11
11.75
 21
-0.415686
 31
0.0
  0
LINE
  5
2635
330
1F
100
AcDbEntity
  8
1
  6
CONTINUOUS
370
50
 62
4
100
AcDbLine
 10
11.75
 20
-0.415686
 30
0.0
 11
11.75
 21
-0.367674
 31
0.0
  0
LINE
  5
2636
330
1F
100
AcDbEntity
  8
1
  6
CONTINUOUS
370
50
 62
4
100
AcDbLine
 10
11.75
 20
-0.367674
 30
0.0
 11
11.75
 21
-0.320201
 31
0.0
  0
LINE
  5
2637
330
1F
100
AcDbEntity
  8
1
  6
CONTINUOUS
370
50
 62
4
100
AcDbLine
 10
11.75
 20
-0.320201
 30
0.0
 11
11.75
 21
-0.273346
 31
0.0
  0
LINE
  5
2638
330
1F
100
AcDbEntity
  8
1
  6
CONTINUOUS
370
50
 62
4
100
AcDbLine
 10
11.75
 20
-0.273346
 30
0.0
 11
11.75
 21
-0.227185
 31
0.0
  0
LINE
  5
2639
330
1F
100
AcDbEntity
  8
1
  6
CONTINUOUS
370
50
 62
4
100
AcDbLine
 10
11.75
 20
-0.227185
 30
0.0
 11
11.75
 21
-0.181796
 31
0.0
  0
LINE
  5
263A
330
1F
100
AcDbEntity
  8
1
  6
CONTINUOUS
370
50
 62
4
100
AcDbLine
 10
11.75
 20
-0.181796
 30
0.0
 11
11.75
 21
-0.137257
 31
0.0
  0
LINE
  5
263B
330
1F
100
AcDbEntity
  8
1
  6
CONTINUOUS
370
50
 62
4
100
AcDbLine
 10
11.75
 20
-0.137257
 30
0.0
 11
11.75
 21
-0.093644
 31
0.0
  0
LINE
  5
263C
330
1F
100
AcDbEntity
  8
1
  6
CONTINUOUS
370
50
 62
4
100
AcDbLine
 10
11.75
 20
-0.093644
 30
0.0
 11
11.75
 21
-0.051034
 31
0.0
  0
LINE
  5
263D
330
1F
100
AcDbEntity
  8
1
  6
CONTINUOUS
370
50
 62
4
100
AcDbLine
 10
11.75
 20
-0.051034
 30
0.0
 11
11.75
 21
-0.009551
 31
0.0
  0
LINE
  5
263E
330
1F
100
AcDbEntity
  8
1
  6
CONTINUOUS
370
50
 62
4
100
AcDbLine
 10
11.75
 20
-0.009551
 30
0.0
 11
11.75
 21
0.030601
 31
0.0
  0
LINE
  5
263F
330
1F
100
AcDbEntity
  8
1
  6
CONTINUOUS
370
50
 62
4
100
AcDbLine
 10
11.75
 20
0.030601
 30
0.0
 11
11.75
 21
0.069351
 31
0.0
  0
LINE
  5
2640
330
1F
100
AcDbEntity
  8
1
  6
CONTINUOUS
370
50
 62
4
100
AcDbLine
 10
11.75
 20
0.069351
 30
0.0
 11
11.75
 21
0.106639
 31
0.0
  0
LINE
  5
2641
330
1F
100
AcDbEntity
  8
1
  6
CONTINUOUS
370
50
 62
4
100
AcDbLine
 10
11.75
 20
0.106639
 30
0.0
 11
11.75
 21
0.142403
 31
0.0
  0
LINE
  5
2642
330
1F
100
AcDbEntity
  8
1
  6
CONTINUOUS
370
50
 62
4
100
AcDbLine
 10
11.75
 20
0.142403
 30
0.0
 11
11.75
 21
0.176583
 31
0.0
  0
LINE
  5
2643
330
1F
100
AcDbEntity
  8
1
  6
CONTINUOUS
370
50
 62
4
100
AcDbLine
 10
11.75
 20
0.176583
 30
0.0
 11
11.75
 21
0.209118
 31
0.0
  0
LINE
  5
2644
330
1F
100
AcDbEntity
  8
1
  6
CONTINUOUS
370
50
 62
4
100
AcDbLine
 10
11.75
 20
0.209118
 30
0.0
 11
11.75
 21
0.239948
 31
0.0
  0
LINE
  5
2645
330
1F
100
AcDbEntity
  8
1
  6
CONTINUOUS
370
50
 62
4
100
AcDbLine
 10
11.75
 20
0.239948
 30
0.0
 11
11.75
 21
0.269
 31
0.0
  0
LINE
  5
2646
330
1F
100
AcDbEntity
  8
1
  6
CONTINUOUS
370
50
 62
4
100
AcDbLine
 10
11.75
 20
0.269
 30
0.0
 11
11.75
 21
0.296139
 31
0.0
  0
LINE
  5
2647
330
1F
100
AcDbEntity
  8
1
  6
CONTINUOUS
370
50
 62
4
100
AcDbLine
 10
11.75
 20
0.296139
 30
0.0
 11
11.75
 21
0.32131
 31
0.0
  0
LINE
  5
2648
330
1F
100
AcDbEntity
  8
1
  6
CONTINUOUS
370
50
 62
4
100
AcDbLine
 10
11.75
 20
0.32131
 30
0.0
 11
11.75
 21
0.344471
 31
0.0
  0
LINE
  5
2649
330
1F
100
AcDbEntity
  8
1
  6
CONTINUOUS
370
50
 62
4
100
AcDbLine
 10
11.75
 20
0.344471
 30
0.0
 11
11.75
 21
0.365584
 31
0.0
  0
LINE
  5
264A
330
1F
100
AcDbEntity
  8
1
  6
CONTINUOUS
370
50
 62
4
100
AcDbLine
 10
11.75
 20
0.365584
 30
0.0
 11
11.75
 21
0.384604
 31
0.0
  0
LINE
  5
264B
330
1F
100
AcDbEntity
  8
1
  6
CONTINUOUS
370
50
 62
4
100
AcDbLine
 10
11.75
 20
0.384604
 30
0.0
 11
11.75
 21
0.401462
 31
0.0
  0
LINE
  5
264C
330
1F
100
AcDbEntity
  8
1
  6
CONTINUOUS
370
50
 62
4
100
AcDbLine
 10
11.75
 20
0.401462
 30
0.0
 11
11.75
 21
0.416117
 31
0.0
  0
LINE
  5
264D
330
1F
100
AcDbEntity
  8
1
  6
CONTINUOUS
370
50
 62
4
100
AcDbLine
 10
11.75
 20
0.416117
 30
0.0
 11
11.75
 21
0.428549
 31
0.0
  0
LINE
  5
264E
330
1F
100
AcDbEntity
  8
1
  6
CONTINUOUS
370
50
 62
4
100
AcDbLine
 10
11.75
 20
0.428549
 30
0.0
 11
11.75
 21
0.438735
 31
0.0
  0
LINE
  5
264F
330
1F
100
AcDbEntity
  8
1
  6
CONTINUOUS
370
50
 62
4
100
AcDbLine
 10
11.75
 20
0.438735
 30
0.0
 11
11.75
 21
0.446655
 31
0.0
  0
LINE
  5
2650
330
1F
100
AcDbEntity
  8
1
  6
CONTINUOUS
370
50
 62
4
100
AcDbLine
 10
11.75
 20
-3.643472
 30
0.0
 11
11.75
 21
-3.59409
 31
0.0
  0
LINE
  5
2651
330
1F
100
AcDbEntity
  8
1
  6
CONTINUOUS
370
50
 62
4
100
AcDbLine
 10
11.75
 20
-2.657634
 30
0.0
 11
11.75
 21
-1.987038
 31
0.0
  0
LINE
  5
2652
330
1F
100
AcDbEntity
  8
1
  6
CONTINUOUS
370
50
 62
4
100
AcDbLine
 10
11.75
 20
-3.594086
 30
0.0
 11
11.75
 21
-2.657634
 31
0.0
  0
LINE
  5
2653
330
1F
100
AcDbEntity
  8
1
  6
CONTINUOUS
370
50
 62
4
100
AcDbLine
 10
11.75
 20
2.000963
 30
0.0
 11
11.75
 21
2.161224
 31
0.0
  0
LINE
  5
2654
330
1F
100
AcDbEntity
  8
1
  6
CONTINUOUS
370
50
 62
4
100
AcDbLine
 10
11.75
 20
0.5232359999999999
 30
0.0
 11
11.75
 21
2.000963
 31
0.0
  0
LINE
  5
2655
330
1F
100
AcDbEntity
  8
1
  6
CONTINUOUS
370
50
 62
4
100
AcDbLine
 10
11.75
 20
0.449869
 30
0.0
 11
11.75
 21
0.5232359999999999
 31
0.0
  0
LINE
  5
2656
330
1F
100
AcDbEntity
  8
1
  6
CONTINUOUS
370
50
 62
4
100
AcDbLine
 10
11.751
 20
-3.635307
 30
0.0
 11
11.751
 21
-3.635265
 31
0.0
  0
LINE
  5
2657
330
1F
100
AcDbEntity
  8
1
  6
CONTINUOUS
370
50
 62
4
100
AcDbLine
 10
11.751
 20
-3.592312
 30
0.0
 11
11.751
 21
-2.672558
 31
0.0
  0
LINE
  5
2658
330
1F
100
AcDbEntity
  8
1
  6
CONTINUOUS
370
50
 62
4
100
AcDbLine
 10
11.751
 20
-2.672558
 30
0.0
 11
11.751
 21
-2.672532
 31
0.0
  0
LINE
  5
2659
330
1F
100
AcDbEntity
  8
1
  6
CONTINUOUS
370
50
 62
4
100
AcDbLine
 10
11.751
 20
-2.672532
 30
0.0
 11
11.751
 21
-2.672506
 31
0.0
  0
LINE
  5
265A
330
1F
100
AcDbEntity
  8
1
  6
CONTINUOUS
370
50
 62
4
100
AcDbLine
 10
11.751
 20
-2.672506
 30
0.0
 11
11.751
 21
-2.67248
 31
0.0
  0
LINE
  5
265B
330
1F
100
AcDbEntity
  8
1
  6
CONTINUOUS
370
50
 62
4
100
AcDbLine
 10
11.751
 20
-2.67248
 30
0.0
 11
11.751
 21
-2.672454
 31
0.0
  0
LINE
  5
265C
330
1F
100
AcDbEntity
  8
1
  6
CONTINUOUS
370
50
 62
4
100
AcDbLine
 10
11.751
 20
-2.672454
 30
0.0
 11
11.751
 21
-2.672428
 31
0.0
  0
LINE
  5
265D
330
1F
100
AcDbEntity
  8
1
  6
CONTINUOUS
370
50
 62
4
100
AcDbLine
 10
11.751
 20
-2.672428
 30
0.0
 11
11.751
 21
-2.672402
 31
0.0
  0
LINE
  5
265E
330
1F
100
AcDbEntity
  8
1
  6
CONTINUOUS
370
50
 62
4
100
AcDbLine
 10
11.751
 20
0.527307
 30
0.0
 11
11.751
 21
1.983575
 31
0.0
  0
LINE
  5
265F
330
1F
100
AcDbEntity
  8
1
  6
CONTINUOUS
370
50
 62
4
100
AcDbLine
 10
11.751
 20
3.918108
 30
0.0
 11
11.751
 21
3.918124
 31
0.0
  0
LINE
  5
2660
330
1F
100
AcDbEntity
  8
1
  6
CONTINUOUS
370
50
 62
4
100
AcDbLine
 10
11.751
 20
3.918124
 30
0.0
 11
11.751
 21
3.918141
 31
0.0
  0
LINE
  5
2661
330
1F
100
AcDbEntity
  8
1
  6
CONTINUOUS
370
50
 62
4
100
AcDbLine
 10
11.751
 20
3.918141
 30
0.0
 11
11.751
 21
3.918157
 31
0.0
  0
LINE
  5
2662
330
1F
100
AcDbEntity
  8
1
  6
CONTINUOUS
370
50
 62
4
100
AcDbLine
 10
11.751
 20
3.918157
 30
0.0
 11
11.751
 21
3.918173
 31
0.0
  0
LINE
  5
2663
330
1F
100
AcDbEntity
  8
1
  6
CONTINUOUS
370
50
 62
4
100
AcDbLine
 10
11.751
 20
3.918173
 30
0.0
 11
11.751
 21
3.91819
 31
0.0
  0
LINE
  5
2664
330
1F
100
AcDbEntity
  8
1
  6
CONTINUOUS
370
50
 62
4
100
AcDbLine
 10
11.751
 20
3.91819
 30
0.0
 11
11.751
 21
3.918206
 31
0.0
  0
LINE
  5
2665
330
1F
100
AcDbEntity
  8
1
  6
CONTINUOUS
370
50
 62
4
100
AcDbLine
 10
11.751
 20
3.918206
 30
0.0
 11
11.751
 21
3.983567
 31
0.0
  0
LINE
  5
2666
330
1F
100
AcDbEntity
  8
1
  6
CONTINUOUS
370
50
 62
4
100
AcDbLine
 10
11.9325
 20
-3.605074
 30
0.0
 11
11.9325
 21
-2.69456
 31
0.0
  0
LINE
  5
2667
330
1F
100
AcDbEntity
  8
1
  6
CONTINUOUS
370
50
 62
4
100
AcDbLine
 10
11.9325
 20
0.497795
 30
0.0
 11
11.9325
 21
1.957703
 31
0.0
  0
LINE
  5
2668
330
1F
100
AcDbEntity
  8
1
  6
CONTINUOUS
370
50
 62
4
100
AcDbLine
 10
11.9325
 20
3.912728
 30
0.0
 11
11.9325
 21
3.983567
 31
0.0
  0
LINE
  5
2669
330
1F
100
AcDbEntity
  8
1
  6
CONTINUOUS
370
50
 62
4
100
AcDbLine
 10
12.375
 20
-4.332811
 30
0.0
 11
12.375
 21
-3.993484
 31
0.0
  0
LINE
  5
266A
330
1F
100
AcDbEntity
  8
1
  6
CONTINUOUS
370
50
 62
4
100
AcDbLine
 10
12.375
 20
0.512413
 30
0.0
 11
12.375
 21
1.211952
 31
0.0
  0
LINE
  5
266B
330
1F
100
AcDbEntity
  8
1
  6
CONTINUOUS
370
50
 62
4
100
AcDbLine
 10
12.375
 20
4.6495
 30
0.0
 11
12.375
 21
4.742512
 31
0.0
  0
LINE
  5
266C
330
1F
100
AcDbEntity
  8
1
  6
CONTINUOUS
370
50
 62
4
100
AcDbLine
 10
12.5575
 20
-4.347395
 30
0.0
 11
12.5575
 21
-4.012808
 31
0.0
  0
LINE
  5
266D
330
1F
100
AcDbEntity
  8
1
  6
CONTINUOUS
370
50
 62
4
100
AcDbLine
 10
12.5575
 20
0.47672
 30
0.0
 11
12.5575
 21
1.177205
 31
0.0
  0
LINE
  5
266E
330
1F
100
AcDbEntity
  8
1
  6
CONTINUOUS
370
50
 62
4
100
AcDbLine
 10
12.5575
 20
4.642024
 30
0.0
 11
12.5575
 21
4.740361
 31
0.0
  0
LINE
  5
266F
330
1F
100
AcDbEntity
  8
1
  6
CONTINUOUS
370
50
 62
4
100
AcDbLine
 10
13.0
 20
-3.676447
 30
0.0
 11
13.0
 21
-2.821655
 31
0.0
  0
LINE
  5
2670
330
1F
100
AcDbEntity
  8
1
  6
CONTINUOUS
370
50
 62
4
100
AcDbLine
 10
13.0
 20
0.322647
 30
0.0
 11
13.0
 21
1.802387
 31
0.0
  0
LINE
  5
2671
330
1F
100
AcDbEntity
  8
1
  6
CONTINUOUS
370
50
 62
4
100
AcDbLine
 10
13.0
 20
3.875854
 30
0.0
 11
13.0
 21
3.983567
 31
0.0
  0
LINE
  5
2672
330
1F
100
AcDbEntity
  8
1
  6
CONTINUOUS
370
50
 62
4
100
AcDbLine
 10
13.1825
 20
-3.688008
 30
0.0
 11
13.1825
 21
-2.842978
 31
0.0
  0
LINE
  5
2673
330
1F
100
AcDbEntity
  8
1
  6
CONTINUOUS
370
50
 62
4
100
AcDbLine
 10
13.1825
 20
0.292436
 30
0.0
 11
13.1825
 21
1.775292
 31
0.0
  0
LINE
  5
2674
330
1F
100
AcDbEntity
  8
1
  6
CONTINUOUS
370
50
 62
4
100
AcDbLine
 10
13.1825
 20
3.868743
 30
0.0
 11
13.1825
 21
3.983567
 31
0.0
  0
LINE
  5
2675
330
1F
100
AcDbEntity
  8
1
  6
CONTINUOUS
370
50
 62
4
100
AcDbLine
 10
13.625
 20
-4.428194
 30
0.0
 11
13.625
 21
-4.121893
 31
0.0
  0
LINE
  5
2676
330
1F
100
AcDbEntity
  8
1
  6
CONTINUOUS
370
50
 62
4
100
AcDbLine
 10
13.625
 20
0.266102
 30
0.0
 11
13.625
 21
0.9713419999999999
 31
0.0
  0
LINE
  5
2677
330
1F
100
AcDbEntity
  8
1
  6
CONTINUOUS
370
50
 62
4
100
AcDbLine
 10
13.625
 20
4.592654
 30
0.0
 11
13.625
 21
4.722216
 31
0.0
  0
LINE
  5
2678
330
1F
100
AcDbEntity
  8
1
  6
CONTINUOUS
370
50
 62
4
100
AcDbLine
 10
13.8075
 20
-4.441179
 30
0.0
 11
13.8075
 21
-4.139793
 31
0.0
  0
LINE
  5
2679
330
1F
100
AcDbEntity
  8
1
  6
CONTINUOUS
370
50
 62
4
100
AcDbLine
 10
13.8075
 20
0.229905
 30
0.0
 11
13.8075
 21
0.9358209999999999
 31
0.0
  0
LINE
  5
267A
330
1F
100
AcDbEntity
  8
1
  6
CONTINUOUS
370
50
 62
4
100
AcDbLine
 10
13.8075
 20
4.583267999999999
 30
0.0
 11
13.8075
 21
4.718162
 31
0.0
  0
LINE
  5
267B
330
1F
100
AcDbEntity
  8
1
  6
CONTINUOUS
370
50
 62
4
100
AcDbLine
 10
14.25
 20
-3.751461
 30
0.0
 11
14.25
 21
-2.964622
 31
0.0
  0
LINE
  5
267C
330
1F
100
AcDbEntity
  8
1
  6
CONTINUOUS
370
50
 62
4
100
AcDbLine
 10
14.25
 20
0.115063
 30
0.0
 11
14.25
 21
1.614447
 31
0.0
  0
LINE
  5
267D
330
1F
100
AcDbEntity
  8
1
  6
CONTINUOUS
370
50
 62
4
100
AcDbLine
 10
14.25
 20
3.822574
 30
0.0
 11
14.25
 21
3.983567
 31
0.0
  0
LINE
  5
267E
330
1F
100
AcDbEntity
  8
1
  6
CONTINUOUS
370
50
 62
4
100
AcDbLine
 10
14.4325
 20
-3.761516
 30
0.0
 11
14.4325
 21
-2.98473
 31
0.0
  0
LINE
  5
267F
330
1F
100
AcDbEntity
  8
1
  6
CONTINUOUS
370
50
 62
4
100
AcDbLine
 10
14.4325
 20
0.084858
 30
0.0
 11
14.4325
 21
1.586763
 31
0.0
  0
LINE
  5
2680
330
1F
100
AcDbEntity
  8
1
  6
CONTINUOUS
370
50
 62
4
100
AcDbLine
 10
14.4325
 20
3.813961
 30
0.0
 11
14.4325
 21
3.983567
 31
0.0
  0
LINE
  5
2681
330
1F
100
AcDbEntity
  8
1
  6
CONTINUOUS
370
50
 62
4
100
AcDbLine
 10
14.875
 20
0.01929
 30
0.0
 11
14.875
 21
0.7283499999999999
 31
0.0
  0
LINE
  5
2682
330
1F
100
AcDbEntity
  8
1
  6
CONTINUOUS
370
50
 62
4
100
AcDbLine
 10
14.875
 20
-4.51152
 30
0.0
 11
14.875
 21
-4.239021
 31
0.0
  0
LINE
  5
2683
330
1F
100
AcDbEntity
  8
1
  6
CONTINUOUS
370
50
 62
4
100
AcDbLine
 10
14.875
 20
4.523442
 30
0.0
 11
14.875
 21
4.689166999999999
 31
0.0
  0
LINE
  5
2684
330
1F
100
AcDbEntity
  8
1
  6
CONTINUOUS
370
50
 62
4
100
AcDbLine
 10
15.0575
 20
-0.016528
 30
0.0
 11
15.0575
 21
0.692932
 31
0.0
  0
LINE
  5
2685
330
1F
100
AcDbEntity
  8
1
  6
CONTINUOUS
370
50
 62
4
100
AcDbLine
 10
15.0575
 20
-4.522599
 30
0.0
 11
15.0575
 21
-4.255064
 31
0.0
  0
LINE
  5
2686
330
1F
100
AcDbEntity
  8
1
  6
CONTINUOUS
370
50
 62
4
100
AcDbLine
 10
15.0575
 20
4.512383
 30
0.0
 11
15.0575
 21
4.683319
 31
0.0
  0
LINE
  5
2687
330
1F
100
AcDbEntity
  8
1
  6
CONTINUOUS
370
50
 62
4
100
AcDbLine
 10
15.5
 20
-0.09088
 30
0.0
 11
15.5
 21
1.424009
 31
0.0
  0
LINE
  5
2688
330
1F
100
AcDbEntity
  8
1
  6
CONTINUOUS
370
50
 62
4
100
AcDbLine
 10
15.5
 20
-3.815695
 30
0.0
 11
15.5
 21
-3.098221
 31
0.0
  0
LINE
  5
2689
330
1F
100
AcDbEntity
  8
1
  6
CONTINUOUS
370
50
 62
4
100
AcDbLine
 10
15.5
 20
3.759528
 30
0.0
 11
15.5
 21
3.983567
 31
0.0
  0
LINE
  5
268A
330
1F
100
AcDbEntity
  8
1
  6
CONTINUOUS
370
50
 62
4
100
AcDbLine
 10
15.6825
 20
-0.120767
 30
0.0
 11
15.6825
 21
1.396043
 31
0.0
  0
LINE
  5
268B
330
1F
100
AcDbEntity
  8
1
  6
CONTINUOUS
370
50
 62
4
100
AcDbLine
 10
15.6825
 20
-3.824176
 30
0.0
 11
15.6825
 21
-3.116929
 31
0.0
  0
LINE
  5
268C
330
1F
100
AcDbEntity
  8
1
  6
CONTINUOUS
370
50
 62
4
100
AcDbLine
 10
15.6825
 20
3.749537
 30
0.0
 11
15.6825
 21
3.983567
 31
0.0
  0
LINE
  5
268D
330
1F
100
AcDbEntity
  8
1
  6
CONTINUOUS
370
50
 62
4
100
AcDbLine
 10
16.125
 20
-0.224974
 30
0.0
 11
16.125
 21
0.486028
 31
0.0
  0
LINE
  5
268E
330
1F
100
AcDbEntity
  8
1
  6
CONTINUOUS
370
50
 62
4
100
AcDbLine
 10
16.125
 20
-4.58197
 30
0.0
 11
16.125
 21
-4.343617
 31
0.0
  0
LINE
  5
268F
330
1F
100
AcDbEntity
  8
1
  6
CONTINUOUS
370
50
 62
4
100
AcDbLine
 10
16.125
 20
4.442928
 30
0.0
 11
16.125
 21
4.643999
 31
0.0
  0
LINE
  5
2690
330
1F
100
AcDbEntity
  8
1
  6
CONTINUOUS
370
50
 62
4
100
AcDbLine
 10
16.307501
 20
-0.260433
 30
0.0
 11
16.307501
 21
0.450697
 31
0.0
  0
LINE
  5
2691
330
1F
100
AcDbEntity
  8
1
  6
CONTINUOUS
370
50
 62
4
100
AcDbLine
 10
16.307501
 20
-4.591201
 30
0.0
 11
16.307501
 21
-4.357864
 31
0.0
  0
LINE
  5
2692
330
1F
100
AcDbEntity
  8
1
  6
CONTINUOUS
370
50
 62
4
100
AcDbLine
 10
16.307501
 20
4.430245
 30
0.0
 11
16.307501
 21
4.63641
 31
0.0
  0
LINE
  5
2693
330
1F
100
AcDbEntity
  8
1
  6
CONTINUOUS
370
50
 62
4
100
AcDbLine
 10
16.75
 20
-0.294705
 30
0.0
 11
16.75
 21
1.231622
 31
0.0
  0
LINE
  5
2694
330
1F
100
AcDbEntity
  8
1
  6
CONTINUOUS
370
50
 62
4
100
AcDbLine
 10
16.75
 20
-3.869285
 30
0.0
 11
16.75
 21
-3.222383
 31
0.0
  0
LINE
  5
2695
330
1F
100
AcDbEntity
  8
1
  6
CONTINUOUS
370
50
 62
4
100
AcDbLine
 10
16.75
 20
3.687147
 30
0.0
 11
16.75
 21
3.983567
 31
0.0
  0
LINE
  5
2696
330
1F
100
AcDbEntity
  8
1
  6
CONTINUOUS
370
50
 62
4
100
AcDbLine
 10
16.932501
 20
-0.324296
 30
0.0
 11
16.932501
 21
1.203365
 31
0.0
  0
LINE
  5
2697
330
1F
100
AcDbEntity
  8
1
  6
CONTINUOUS
370
50
 62
4
100
AcDbLine
 10
16.932501
 20
-3.876236
 30
0.0
 11
16.932501
 21
-3.239742
 31
0.0
  0
LINE
  5
2698
330
1F
100
AcDbEntity
  8
1
  6
CONTINUOUS
370
50
 62
4
100
AcDbLine
 10
16.932501
 20
3.67581
 30
0.0
 11
16.932501
 21
3.983462
 31
0.0
  0
LINE
  5
2699
330
1F
100
AcDbEntity
  8
1
  6
CONTINUOUS
370
50
 62
4
100
AcDbLine
 10
17.375
 20
-0.466856
 30
0.0
 11
17.375
 21
0.244237
 31
0.0
  0
LINE
  5
269A
330
1F
100
AcDbEntity
  8
1
  6
CONTINUOUS
370
50
 62
4
100
AcDbLine
 10
17.375
 20
-4.639912
 30
0.0
 11
17.375
 21
-4.436069
 31
0.0
  0
LINE
  5
269B
330
1F
100
AcDbEntity
  8
1
  6
CONTINUOUS
370
50
 62
4
100
AcDbLine
 10
17.375
 20
4.351379
 30
0.0
 11
17.375
 21
4.587016
 31
0.0
  0
LINE
  5
269C
330
1F
100
AcDbEntity
  8
1
  6
CONTINUOUS
370
50
 62
4
100
AcDbLine
 10
17.557501
 20
-0.501984
 30
0.0
 11
17.557501
 21
0.208969
 31
0.0
  0
LINE
  5
269D
330
1F
100
AcDbEntity
  8
1
  6
CONTINUOUS
370
50
 62
4
100
AcDbLine
 10
17.557501
 20
-4.647342
 30
0.0
 11
17.557501
 21
-4.44857
 31
0.0
  0
LINE
  5
269E
330
1F
100
AcDbEntity
  8
1
  6
CONTINUOUS
370
50
 62
4
100
AcDbLine
 10
17.557501
 20
4.337098999999999
 30
0.0
 11
17.557501
 21
4.57772
 31
0.0
  0
LINE
  5
269F
330
1F
100
AcDbEntity
  8
1
  6
CONTINUOUS
370
50
 62
4
100
AcDbLine
 10
18.0
 20
-0.496585
 30
0.0
 11
18.0
 21
1.037182
 31
0.0
  0
LINE
  5
26A0
330
1F
100
AcDbEntity
  8
1
  6
CONTINUOUS
370
50
 62
4
100
AcDbLine
 10
18.0
 20
-3.912499
 30
0.0
 11
18.0
 21
-3.337423
 31
0.0
  0
LINE
  5
26A1
330
1F
100
AcDbEntity
  8
1
  6
CONTINUOUS
370
50
 62
4
100
AcDbLine
 10
18.0
 20
3.605592
 30
0.0
 11
18.0
 21
3.978437
 31
0.0
  0
LINE
  5
26A2
330
1F
100
AcDbEntity
  8
1
  6
CONTINUOUS
370
50
 62
4
100
AcDbLine
 10
18.182501
 20
-0.525909
 30
0.0
 11
18.182501
 21
1.008612
 31
0.0
  0
LINE
  5
26A3
330
1F
100
AcDbEntity
  8
1
  6
CONTINUOUS
370
50
 62
4
100
AcDbLine
 10
18.182501
 20
-3.917952
 30
0.0
 11
18.182501
 21
-3.353471
 31
0.0
  0
LINE
  5
26A4
330
1F
100
AcDbEntity
  8
1
  6
CONTINUOUS
370
50
 62
4
100
AcDbLine
 10
18.182501
 20
3.592922
 30
0.0
 11
18.182501
 21
3.976827
 31
0.0
  0
LINE
  5
26A5
330
1F
100
AcDbEntity
  8
1
  6
CONTINUOUS
370
50
 62
4
100
AcDbLine
 10
18.625
 20
-0.706569
 30
0.0
 11
18.625
 21
0.002778
 31
0.0
  0
LINE
  5
26A6
330
1F
100
AcDbEntity
  8
1
  6
CONTINUOUS
370
50
 62
4
100
AcDbLine
 10
18.625
 20
-4.685601
 30
0.0
 11
18.625
 21
-4.516659
 31
0.0
  0
LINE
  5
26A7
330
1F
100
AcDbEntity
  8
1
  6
CONTINUOUS
370
50
 62
4
100
AcDbLine
 10
18.625
 20
4.248918
 30
0.0
 11
18.625
 21
4.518376
 31
0.0
  0
LINE
  5
26A8
330
1F
100
AcDbEntity
  8
1
  6
CONTINUOUS
370
50
 62
4
100
AcDbLine
 10
18.807501
 20
-0.7413989999999999
 30
0.0
 11
18.807501
 21
-0.032461
 31
0.0
  0
LINE
  5
26A9
330
1F
100
AcDbEntity
  8
1
  6
CONTINUOUS
370
50
 62
4
100
AcDbLine
 10
18.807501
 20
-4.691256
 30
0.0
 11
18.807501
 21
-4.527444
 31
0.0
  0
LINE
  5
26AA
330
1F
100
AcDbEntity
  8
1
  6
CONTINUOUS
370
50
 62
4
100
AcDbLine
 10
18.807501
 20
4.233046
 30
0.0
 11
18.807501
 21
4.507382
 31
0.0
  0
LINE
  5
26AB
330
1F
100
AcDbEntity
  8
1
  6
CONTINUOUS
370
50
 62
4
100
AcDbLine
 10
19.25
 20
-0.696724
 30
0.0
 11
19.25
 21
0.840514
 31
0.0
  0
LINE
  5
26AC
330
1F
100
AcDbEntity
  8
1
  6
CONTINUOUS
370
50
 62
4
100
AcDbLine
 10
19.25
 20
-3.945501
 30
0.0
 11
19.25
 21
-3.443572
 31
0.0
  0
LINE
  5
26AD
330
1F
100
AcDbEntity
  8
1
  6
CONTINUOUS
370
50
 62
4
100
AcDbLine
 10
19.25
 20
3.514902
 30
0.0
 11
19.25
 21
3.963039
 31
0.0
  0
LINE
  5
26AE
330
1F
100
AcDbEntity
  8
1
  6
CONTINUOUS
370
50
 62
4
100
AcDbLine
 10
19.432501
 20
-0.72581
 30
0.0
 11
19.432501
 21
0.8116019999999999
 31
0.0
  0
LINE
  5
26AF
330
1F
100
AcDbEntity
  8
1
  6
CONTINUOUS
370
50
 62
4
100
AcDbLine
 10
19.432501
 20
-3.949469
 30
0.0
 11
19.432501
 21
-3.458335
 31
0.0
  0
LINE
  5
26B0
330
1F
100
AcDbEntity
  8
1
  6
CONTINUOUS
370
50
 62
4
100
AcDbLine
 10
19.432501
 20
3.500894
 30
0.0
 11
19.432501
 21
3.959933
 31
0.0
  0
LINE
  5
26B1
330
1F
100
AcDbEntity
  8
1
  6
CONTINUOUS
370
50
 62
4
100
AcDbLine
 10
19.875
 20
-0.944341
 30
0.0
 11
19.875
 21
-0.238583
 31
0.0
  0
LINE
  5
26B2
330
1F
100
AcDbEntity
  8
1
  6
CONTINUOUS
370
50
 62
4
100
AcDbLine
 10
19.875
 20
-4.719158999999999
 30
0.0
 11
19.875
 21
-4.585542999999999
 31
0.0
  0
LINE
  5
26B3
330
1F
100
AcDbEntity
  8
1
  6
CONTINUOUS
370
50
 62
4
100
AcDbLine
 10
19.875
 20
4.135524
 30
0.0
 11
19.875
 21
4.43809
 31
0.0
  0
LINE
  5
26B4
330
1F
100
AcDbEntity
  8
1
  6
CONTINUOUS
370
50
 62
4
100
AcDbLine
 10
20.057501
 20
-0.9789059999999999
 30
0.0
 11
20.057501
 21
-0.273827
 31
0.0
  0
LINE
  5
26B5
330
1F
100
AcDbEntity
  8
1
  6
CONTINUOUS
370
50
 62
4
100
AcDbLine
 10
20.057501
 20
-4.723044
 30
0.0
 11
20.057501
 21
-4.594622999999999
 31
0.0
  0
LINE
  5
26B6
330
1F
100
AcDbEntity
  8
1
  6
CONTINUOUS
370
50
 62
4
100
AcDbLine
 10
20.057501
 20
4.118047
 30
0.0
 11
20.057501
 21
4.425388
 31
0.0
  0
LINE
  5
26B7
330
1F
100
AcDbEntity
  8
1
  6
CONTINUOUS
370
50
 62
4
100
AcDbLine
 10
20.5
 20
-0.895322
 30
0.0
 11
20.5
 21
0.641401
 31
0.0
  0
LINE
  5
26B8
330
1F
100
AcDbEntity
  8
1
  6
CONTINUOUS
370
50
 62
4
100
AcDbLine
 10
20.5
 20
-3.968338
 30
0.0
 11
20.5
 21
-3.540962
 31
0.0
  0
LINE
  5
26B9
330
1F
100
AcDbEntity
  8
1
  6
CONTINUOUS
370
50
 62
4
100
AcDbLine
 10
20.5
 20
3.414999
 30
0.0
 11
20.5
 21
3.93737
 31
0.0
  0
LINE
  5
26BA
330
1F
100
AcDbEntity
  8
1
  6
CONTINUOUS
370
50
 62
4
100
AcDbLine
 10
20.682501
 20
-0.924199
 30
0.0
 11
20.682501
 21
0.612111
 31
0.0
  0
LINE
  5
26BB
330
1F
100
AcDbEntity
  8
1
  6
CONTINUOUS
370
50
 62
4
100
AcDbLine
 10
20.682501
 20
-3.970819
 30
0.0
 11
20.682501
 21
-3.554451
 31
0.0
  0
LINE
  5
26BC
330
1F
100
AcDbEntity
  8
1
  6
CONTINUOUS
370
50
 62
4
100
AcDbLine
 10
20.682501
 20
3.399633
 30
0.0
 11
20.682501
 21
3.932757
 31
0.0
  0
LINE
  5
26BD
330
1F
100
AcDbEntity
  8
1
  6
CONTINUOUS
370
50
 62
4
100
AcDbLine
 10
21.125
 20
-1.180384
 30
0.0
 11
21.125
 21
-0.480075
 31
0.0
  0
LINE
  5
26BE
330
1F
100
AcDbEntity
  8
1
  6
CONTINUOUS
370
50
 62
4
100
AcDbLine
 10
21.125
 20
-4.740569
 30
0.0
 11
21.125
 21
-4.642738
 31
0.0
  0
LINE
  5
26BF
330
1F
100
AcDbEntity
  8
1
  6
CONTINUOUS
370
50
 62
4
100
AcDbLine
 10
21.125
 20
4.011051999999999
 30
0.0
 11
21.125
 21
4.346035
 31
0.0
  0
LINE
  5
26C0
330
1F
100
AcDbEntity
  8
1
  6
CONTINUOUS
370
50
 62
4
100
AcDbLine
 10
21.307501
 20
-1.214712
 30
0.0
 11
21.307501
 21
-0.515357
 31
0.0
  0
LINE
  5
26C1
330
1F
100
AcDbEntity
  8
1
  6
CONTINUOUS
370
50
 62
4
100
AcDbLine
 10
21.307501
 20
-4.742671
 30
0.0
 11
21.307501
 21
-4.650105
 31
0.0
  0
LINE
  5
26C2
330
1F
100
AcDbEntity
  8
1
  6
CONTINUOUS
370
50
 62
4
100
AcDbLine
 10
21.307501
 20
3.991938
 30
0.0
 11
21.307501
 21
4.331596999999999
 31
0.0
  0
LINE
  5
26C3
330
1F
100
AcDbEntity
  8
1
  6
CONTINUOUS
370
50
 62
4
100
AcDbLine
 10
21.75
 20
-1.092553
 30
0.0
 11
21.75
 21
0.439604
 31
0.0
  0
LINE
  5
26C4
330
1F
100
AcDbEntity
  8
1
  6
CONTINUOUS
370
50
 62
4
100
AcDbLine
 10
21.75
 20
-3.980938
 30
0.0
 11
21.75
 21
-3.629613
 31
0.0
  0
LINE
  5
26C5
330
1F
100
AcDbEntity
  8
1
  6
CONTINUOUS
370
50
 62
4
100
AcDbLine
 10
21.75
 20
3.305704
 30
0.0
 11
21.75
 21
3.901303
 31
0.0
  0
LINE
  5
26C6
330
1F
100
AcDbEntity
  8
1
  6
CONTINUOUS
370
50
 62
4
100
AcDbLine
 10
21.932501
 20
-1.121242
 30
0.0
 11
21.932501
 21
0.409903
 31
0.0
  0
LINE
  5
26C7
330
1F
100
AcDbEntity
  8
1
  6
CONTINUOUS
370
50
 62
4
100
AcDbLine
 10
21.932501
 20
-3.981911
 30
0.0
 11
21.932501
 21
-3.64182
 31
0.0
  0
LINE
  5
26C8
330
1F
100
AcDbEntity
  8
1
  6
CONTINUOUS
370
50
 62
4
100
AcDbLine
 10
21.932501
 20
3.288945
 30
0.0
 11
21.932501
 21
3.895154
 31
0.0
  0
LINE
  5
26C9
330
1F
100
AcDbEntity
  8
1
  6
CONTINUOUS
370
50
 62
4
100
AcDbLine
 10
22.375
 20
-1.414864
 30
0.0
 11
22.375
 21
-0.7218979999999999
 31
0.0
  0
LINE
  5
26CA
330
1F
100
AcDbEntity
  8
1
  6
CONTINUOUS
370
50
 62
4
100
AcDbLine
 10
22.375
 20
-4.749675
 30
0.0
 11
22.375
 21
-4.688121
 31
0.0
  0
LINE
  5
26CB
330
1F
100
AcDbEntity
  8
1
  6
CONTINUOUS
370
50
 62
4
100
AcDbLine
 10
22.375
 20
3.875241
 30
0.0
 11
22.375
 21
4.241963
 31
0.0
  0
LINE
  5
26CC
330
1F
100
AcDbEntity
  8
1
  6
CONTINUOUS
370
50
 62
4
100
AcDbLine
 10
22.557501
 20
-1.448973
 30
0.0
 11
22.557501
 21
-0.7572409999999999
 31
0.0
  0
LINE
  5
26CD
330
1F
100
AcDbEntity
  8
1
  6
CONTINUOUS
370
50
 62
4
100
AcDbLine
 10
22.557501
 20
-4.749959
 30
0.0
 11
22.557501
 21
-4.693744
 31
0.0
  0
LINE
  5
26CE
330
1F
100
AcDbEntity
  8
1
  6
CONTINUOUS
370
50
 62
4
100
AcDbLine
 10
22.557501
 20
3.854444
 30
0.0
 11
22.557501
 21
4.225744
 31
0.0
  0
LINE
  5
26CF
330
1F
100
AcDbEntity
  8
1
  6
CONTINUOUS
370
50
 62
4
100
AcDbLine
 10
23.0
 20
-1.288537
 30
0.0
 11
23.0
 21
0.234899
 31
0.0
  0
LINE
  5
26D0
330
1F
100
AcDbEntity
  8
1
  6
CONTINUOUS
370
50
 62
4
100
AcDbLine
 10
23.0
 20
-3.983567
 30
0.0
 11
23.0
 21
-3.709418
 31
0.0
  0
LINE
  5
26D1
330
1F
100
AcDbEntity
  8
1
  6
CONTINUOUS
370
50
 62
4
100
AcDbLine
 10
23.0
 20
3.186746
 30
0.0
 11
23.0
 21
3.854593
 31
0.0
  0
LINE
  5
26D2
330
1F
100
AcDbEntity
  8
1
  6
CONTINUOUS
370
50
 62
4
100
AcDbLine
 10
23.182501
 20
-1.31705
 30
0.0
 11
23.182501
 21
0.204757
 31
0.0
  0
LINE
  5
26D3
330
1F
100
AcDbEntity
  8
1
  6
CONTINUOUS
370
50
 62
4
100
AcDbLine
 10
23.182501
 20
-3.983567
 30
0.0
 11
23.182501
 21
-3.720316
 31
0.0
  0
LINE
  5
26D4
330
1F
100
AcDbEntity
  8
1
  6
CONTINUOUS
370
50
 62
4
100
AcDbLine
 10
23.182501
 20
3.16855
 30
0.0
 11
23.182501
 21
3.846863
 31
0.0
  0
LINE
  5
26D5
330
1F
100
AcDbEntity
  8
1
  6
CONTINUOUS
370
50
 62
4
100
AcDbLine
 10
23.625
 20
-1.647867
 30
0.0
 11
23.625
 21
-0.9641839999999999
 31
0.0
  0
LINE
  5
26D6
330
1F
100
AcDbEntity
  8
1
  6
CONTINUOUS
370
50
 62
4
100
AcDbLine
 10
23.625
 20
-4.75
 30
0.0
 11
23.625
 21
-4.72142
 31
0.0
  0
LINE
  5
26D7
330
1F
100
AcDbEntity
  8
1
  6
CONTINUOUS
370
50
 62
4
100
AcDbLine
 10
23.625
 20
3.727739
 30
0.0
 11
23.625
 21
4.125522
 31
0.0
  0
LINE
  5
26D8
330
1F
100
AcDbEntity
  8
1
  6
CONTINUOUS
370
50
 62
4
100
AcDbLine
 10
23.807501
 20
-1.681762
 30
0.0
 11
23.807501
 21
-0.9995999999999999
 31
0.0
  0
LINE
  5
26D9
330
1F
100
AcDbEntity
  8
1
  6
CONTINUOUS
370
50
 62
4
100
AcDbLine
 10
23.807501
 20
-4.75
 30
0.0
 11
23.807501
 21
-4.725248
 31
0.0
  0
LINE
  5
26DA
330
1F
100
AcDbEntity
  8
1
  6
CONTINUOUS
370
50
 62
4
100
AcDbLine
 10
23.807501
 20
3.705201
 30
0.0
 11
23.807501
 21
4.107461
 31
0.0
  0
LINE
  5
26DB
330
1F
100
AcDbEntity
  8
1
  6
CONTINUOUS
370
50
 62
4
100
AcDbLine
 10
24.25
 20
-1.483314
 30
0.0
 11
24.25
 21
0.027103
 31
0.0
  0
LINE
  5
26DC
330
1F
100
AcDbEntity
  8
1
  6
CONTINUOUS
370
50
 62
4
100
AcDbLine
 10
24.25
 20
-3.983567
 30
0.0
 11
24.25
 21
-3.780135
 31
0.0
  0
LINE
  5
26DD
330
1F
100
AcDbEntity
  8
1
  6
CONTINUOUS
370
50
 62
4
100
AcDbLine
 10
24.25
 20
3.057787
 30
0.0
 11
24.25
 21
3.796885
 31
0.0
  0
LINE
  5
26DE
330
1F
100
AcDbEntity
  8
1
  6
CONTINUOUS
370
50
 62
4
100
AcDbLine
 10
24.432501
 20
-3.983567
 30
0.0
 11
24.432501
 21
-3.789679
 31
0.0
  0
LINE
  5
26DF
330
1F
100
AcDbEntity
  8
1
  6
CONTINUOUS
370
50
 62
4
100
AcDbLine
 10
24.432501
 20
-1.511648
 30
0.0
 11
24.432501
 21
-0.003502
 31
0.0
  0
LINE
  5
26E0
330
1F
100
AcDbEntity
  8
1
  6
CONTINUOUS
370
50
 62
4
100
AcDbLine
 10
24.432501
 20
3.038099
 30
0.0
 11
24.432501
 21
3.787514
 31
0.0
  0
LINE
  5
26E1
330
1F
100
AcDbEntity
  8
1
  6
CONTINUOUS
370
50
 62
4
100
AcDbLine
 10
24.875
 20
-4.75
 30
0.0
 11
24.875
 21
-4.742219
 31
0.0
  0
LINE
  5
26E2
330
1F
100
AcDbEntity
  8
1
  6
CONTINUOUS
370
50
 62
4
100
AcDbLine
 10
24.875
 20
-1.879371
 30
0.0
 11
24.875
 21
-1.206969
 31
0.0
  0
LINE
  5
26E3
330
1F
100
AcDbEntity
  8
1
  6
CONTINUOUS
370
50
 62
4
100
AcDbLine
 10
24.875
 20
3.568124
 30
0.0
 11
24.875
 21
3.996272
 31
0.0
  0
LINE
  5
26E4
330
1F
100
AcDbEntity
  8
1
  6
CONTINUOUS
370
50
 62
4
100
AcDbLine
 10
25.057501
 20
-4.75
 30
0.0
 11
25.057501
 21
-4.744174
 31
0.0
  0
LINE
  5
26E5
330
1F
100
AcDbEntity
  8
1
  6
CONTINUOUS
370
50
 62
4
100
AcDbLine
 10
25.057501
 20
-1.912958
 30
0.0
 11
25.057501
 21
-1.242368
 31
0.0
  0
LINE
  5
26E6
330
1F
100
AcDbEntity
  8
1
  6
CONTINUOUS
370
50
 62
4
100
AcDbLine
 10
25.057501
 20
3.543837
 30
0.0
 11
25.057501
 21
3.976349
 31
0.0
  0
LINE
  5
26E7
330
1F
100
AcDbEntity
  8
1
  6
CONTINUOUS
370
50
 62
4
100
AcDbLine
 10
25.5
 20
-3.983567
 30
0.0
 11
25.5
 21
-3.841145
 31
0.0
  0
LINE
  5
26E8
330
1F
100
AcDbEntity
  8
1
  6
CONTINUOUS
370
50
 62
4
100
AcDbLine
 10
25.5
 20
-1.676021
 30
0.0
 11
25.5
 21
-0.182988
 31
0.0
  0
LINE
  5
26E9
330
1F
100
AcDbEntity
  8
1
  6
CONTINUOUS
370
50
 62
4
100
AcDbLine
 10
25.5
 20
2.919037
 30
0.0
 11
25.5
 21
3.728052
 31
0.0
  0
LINE
  5
26EA
330
1F
100
AcDbEntity
  8
1
  6
CONTINUOUS
370
50
 62
4
100
AcDbLine
 10
25.682501
 20
-3.983567
 30
0.0
 11
25.682501
 21
-3.849116
 31
0.0
  0
LINE
  5
26EB
330
1F
100
AcDbEntity
  8
1
  6
CONTINUOUS
370
50
 62
4
100
AcDbLine
 10
25.682501
 20
-1.703625
 30
0.0
 11
25.682501
 21
-0.213454
 31
0.0
  0
LINE
  5
26EC
330
1F
100
AcDbEntity
  8
1
  6
CONTINUOUS
370
50
 62
4
100
AcDbLine
 10
25.682501
 20
2.898209
 30
0.0
 11
25.682501
 21
3.717194
 31
0.0
  0
LINE
  5
26ED
330
1F
100
AcDbEntity
  8
1
  6
CONTINUOUS
370
50
 62
4
100
AcDbLine
 10
26.125
 20
-4.75
 30
0.0
 11
26.125
 21
-4.749946
 31
0.0
  0
LINE
  5
26EE
330
1F
100
AcDbEntity
  8
1
  6
CONTINUOUS
370
50
 62
4
100
AcDbLine
 10
26.125
 20
-2.1055
 30
0.0
 11
26.125
 21
-1.44617
 31
0.0
  0
LINE
  5
26EF
330
1F
100
AcDbEntity
  8
1
  6
CONTINUOUS
370
50
 62
4
100
AcDbLine
 10
26.125
 20
3.39883
 30
0.0
 11
26.125
 21
3.856163
 31
0.0
  0
LINE
  5
26F0
330
1F
100
AcDbEntity
  8
1
  6
CONTINUOUS
370
50
 62
4
100
AcDbLine
 10
26.307501
 20
-2.137746
 30
0.0
 11
26.307501
 21
-1.480451
 31
0.0
  0
LINE
  5
26F1
330
1F
100
AcDbEntity
  8
1
  6
CONTINUOUS
370
50
 62
4
100
AcDbLine
 10
26.307501
 20
3.373555
 30
0.0
 11
26.307501
 21
3.835012
 31
0.0
  0
LINE
  5
26F2
330
1F
100
AcDbEntity
  8
1
  6
CONTINUOUS
370
50
 62
4
100
AcDbLine
 10
26.75
 20
-3.983567
 30
0.0
 11
26.75
 21
-3.890883
 31
0.0
  0
LINE
  5
26F3
330
1F
100
AcDbEntity
  8
1
  6
CONTINUOUS
370
50
 62
4
100
AcDbLine
 10
26.75
 20
-1.861763
 30
0.0
 11
26.75
 21
-0.389857
 31
0.0
  0
LINE
  5
26F4
330
1F
100
AcDbEntity
  8
1
  6
CONTINUOUS
370
50
 62
4
100
AcDbLine
 10
26.75
 20
2.774057
 30
0.0
 11
26.75
 21
3.649939
 31
0.0
  0
LINE
  5
26F5
330
1F
100
AcDbEntity
  8
1
  6
CONTINUOUS
370
50
 62
4
100
AcDbLine
 10
26.932501
 20
-3.983567
 30
0.0
 11
26.932501
 21
-3.897207
 31
0.0
  0
LINE
  5
26F6
330
1F
100
AcDbEntity
  8
1
  6
CONTINUOUS
370
50
 62
4
100
AcDbLine
 10
26.932501
 20
-1.888229
 30
0.0
 11
26.932501
 21
-0.419701
 31
0.0
  0
LINE
  5
26F7
330
1F
100
AcDbEntity
  8
1
  6
CONTINUOUS
370
50
 62
4
100
AcDbLine
 10
26.932501
 20
2.75245
 30
0.0
 11
26.932501
 21
3.637817
 31
0.0
  0
LINE
  5
26F8
330
1F
100
AcDbEntity
  8
1
  6
CONTINUOUS
370
50
 62
4
100
AcDbLine
 10
27.375
 20
-2.322425
 30
0.0
 11
27.375
 21
-1.677663
 31
0.0
  0
LINE
  5
26F9
330
1F
100
AcDbEntity
  8
1
  6
CONTINUOUS
370
50
 62
4
100
AcDbLine
 10
27.375
 20
3.223063
 30
0.0
 11
27.375
 21
3.707942
 31
0.0
  0
LINE
  5
26FA
330
1F
100
AcDbEntity
  8
1
  6
CONTINUOUS
370
50
 62
4
100
AcDbLine
 10
27.557501
 20
-2.353327
 30
0.0
 11
27.557501
 21
-1.710812
 31
0.0
  0
LINE
  5
26FB
330
1F
100
AcDbEntity
  8
1
  6
CONTINUOUS
370
50
 62
4
100
AcDbLine
 10
27.557501
 20
3.196897
 30
0.0
 11
27.557501
 21
3.685661
 31
0.0
  0
LINE
  5
26FC
330
1F
100
AcDbEntity
  8
1
  6
CONTINUOUS
370
50
 62
4
100
AcDbLine
 10
28.0
 20
-3.983567
 30
0.0
 11
28.0
 21
-3.929533
 31
0.0
  0
LINE
  5
26FD
330
1F
100
AcDbEntity
  8
1
  6
CONTINUOUS
370
50
 62
4
100
AcDbLine
 10
28.0
 20
-2.039726
 30
0.0
 11
28.0
 21
-0.592399
 31
0.0
  0
LINE
  5
26FE
330
1F
100
AcDbEntity
  8
1
  6
CONTINUOUS
370
50
 62
4
100
AcDbLine
 10
28.0
 20
2.623961
 30
0.0
 11
28.0
 21
3.56341
 31
0.0
  0
LINE
  5
26FF
330
1F
100
AcDbEntity
  8
1
  6
CONTINUOUS
370
50
 62
4
100
AcDbLine
 10
28.182501
 20
-3.983567
 30
0.0
 11
28.182501
 21
-3.934275
 31
0.0
  0
LINE
  5
2700
330
1F
100
AcDbEntity
  8
1
  6
CONTINUOUS
370
50
 62
4
100
AcDbLine
 10
28.182501
 20
-2.065061
 30
0.0
 11
28.182501
 21
-0.621601
 31
0.0
  0
LINE
  5
2701
330
1F
100
AcDbEntity
  8
1
  6
CONTINUOUS
370
50
 62
4
100
AcDbLine
 10
28.182501
 20
2.601648
 30
0.0
 11
28.182501
 21
3.550104
 31
0.0
  0
LINE
  5
2702
330
1F
100
AcDbEntity
  8
1
  6
CONTINUOUS
370
50
 62
4
100
AcDbLine
 10
28.625
 20
-2.530171
 30
0.0
 11
28.625
 21
-1.901406
 31
0.0
  0
LINE
  5
2703
330
1F
100
AcDbEntity
  8
1
  6
CONTINUOUS
370
50
 62
4
100
AcDbLine
 10
28.625
 20
3.041421
 30
0.0
 11
28.625
 21
3.552223
 31
0.0
  0
LINE
  5
2704
330
1F
100
AcDbEntity
  8
1
  6
CONTINUOUS
370
50
 62
4
100
AcDbLine
 10
28.807501
 20
-2.55974
 30
0.0
 11
28.807501
 21
-1.933427
 31
0.0
  0
LINE
  5
2705
330
1F
100
AcDbEntity
  8
1
  6
CONTINUOUS
370
50
 62
4
100
AcDbLine
 10
28.807501
 20
3.014439
 30
0.0
 11
28.807501
 21
3.528892
 31
0.0
  0
LINE
  5
2706
330
1F
100
AcDbEntity
  8
1
  6
CONTINUOUS
370
50
 62
4
100
AcDbLine
 10
29.25
 20
-3.983567
 30
0.0
 11
29.25
 21
-3.957533
 31
0.0
  0
LINE
  5
2707
330
1F
100
AcDbEntity
  8
1
  6
CONTINUOUS
370
50
 62
4
100
AcDbLine
 10
29.25
 20
-2.209977
 30
0.0
 11
29.25
 21
-0.790512
 31
0.0
  0
LINE
  5
2708
330
1F
100
AcDbEntity
  8
1
  6
CONTINUOUS
370
50
 62
4
100
AcDbLine
 10
29.25
 20
2.469199
 30
0.0
 11
29.25
 21
3.46897
 31
0.0
  0
LINE
  5
2709
330
1F
100
AcDbEntity
  8
1
  6
CONTINUOUS
370
50
 62
4
100
AcDbLine
 10
29.432501
 20
-3.983567
 30
0.0
 11
29.432501
 21
-3.960755
 31
0.0
  0
LINE
  5
270A
330
1F
100
AcDbEntity
  8
1
  6
CONTINUOUS
370
50
 62
4
100
AcDbLine
 10
29.432501
 20
-2.234195
 30
0.0
 11
29.432501
 21
-0.819064
 31
0.0
  0
LINE
  5
270B
330
1F
100
AcDbEntity
  8
1
  6
CONTINUOUS
370
50
 62
4
100
AcDbLine
 10
29.432501
 20
2.446235
 30
0.0
 11
29.432501
 21
3.454545
 31
0.0
  0
LINE
  5
270C
330
1F
100
AcDbEntity
  8
1
  6
CONTINUOUS
370
50
 62
4
100
AcDbLine
 10
29.875
 20
-2.728841
 30
0.0
 11
29.875
 21
-2.11745
 31
0.0
  0
LINE
  5
270D
330
1F
100
AcDbEntity
  8
1
  6
CONTINUOUS
370
50
 62
4
100
AcDbLine
 10
29.875
 20
2.854374
 30
0.0
 11
29.875
 21
3.389497
 31
0.0
  0
LINE
  5
270E
330
1F
100
AcDbEntity
  8
1
  6
CONTINUOUS
370
50
 62
4
100
AcDbLine
 10
30.057501
 20
-2.757095
 30
0.0
 11
30.057501
 21
-2.148354
 31
0.0
  0
LINE
  5
270F
330
1F
100
AcDbEntity
  8
1
  6
CONTINUOUS
370
50
 62
4
100
AcDbLine
 10
30.057501
 20
2.826636
 30
0.0
 11
30.057501
 21
3.365177
 31
0.0
  0
LINE
  5
2710
330
1F
100
AcDbEntity
  8
1
  6
CONTINUOUS
370
50
 62
4
100
AcDbLine
 10
30.5
 20
-3.983567
 30
0.0
 11
30.5
 21
-3.975281
 31
0.0
  0
LINE
  5
2711
330
1F
100
AcDbEntity
  8
1
  6
CONTINUOUS
370
50
 62
4
100
AcDbLine
 10
30.5
 20
-2.372633
 30
0.0
 11
30.5
 21
-0.984181
 31
0.0
  0
LINE
  5
2712
330
1F
100
AcDbEntity
  8
1
  6
CONTINUOUS
370
50
 62
4
100
AcDbLine
 10
30.5
 20
2.310112
 30
0.0
 11
30.5
 21
3.367023
 31
0.0
  0
LINE
  5
2713
330
1F
100
AcDbEntity
  8
1
  6
CONTINUOUS
370
50
 62
4
100
AcDbLine
 10
30.682501
 20
-3.983567
 30
0.0
 11
30.682501
 21
-3.977035
 31
0.0
  0
LINE
  5
2714
330
1F
100
AcDbEntity
  8
1
  6
CONTINUOUS
370
50
 62
4
100
AcDbLine
 10
30.682501
 20
-2.395753
 30
0.0
 11
30.682501
 21
-1.012087
 31
0.0
  0
LINE
  5
2715
330
1F
100
AcDbEntity
  8
1
  6
CONTINUOUS
370
50
 62
4
100
AcDbLine
 10
30.682501
 20
2.286539
 30
0.0
 11
30.682501
 21
3.351531
 31
0.0
  0
LINE
  5
2716
330
1F
100
AcDbEntity
  8
1
  6
CONTINUOUS
370
50
 62
4
100
AcDbLine
 10
31.125
 20
-2.918581
 30
0.0
 11
31.125
 21
-2.325901
 31
0.0
  0
LINE
  5
2717
330
1F
100
AcDbEntity
  8
1
  6
CONTINUOUS
370
50
 62
4
100
AcDbLine
 10
31.125
 20
2.662273
 30
0.0
 11
31.125
 21
3.220134
 31
0.0
  0
LINE
  5
2718
330
1F
100
AcDbEntity
  8
1
  6
CONTINUOUS
370
50
 62
4
100
AcDbLine
 10
31.307501
 20
-2.945546
 30
0.0
 11
31.307501
 21
-2.355707
 31
0.0
  0
LINE
  5
2719
330
1F
100
AcDbEntity
  8
1
  6
CONTINUOUS
370
50
 62
4
100
AcDbLine
 10
31.307501
 20
2.633819
 30
0.0
 11
31.307501
 21
3.194869
 31
0.0
  0
LINE
  5
271A
330
1F
100
AcDbEntity
  8
1
  6
CONTINUOUS
370
50
 62
4
100
AcDbLine
 10
31.75
 20
-3.983567
 30
0.0
 11
31.75
 21
-3.98311
 31
0.0
  0
LINE
  5
271B
330
1F
100
AcDbEntity
  8
1
  6
CONTINUOUS
370
50
 62
4
100
AcDbLine
 10
31.75
 20
-2.527838
 30
0.0
 11
31.75
 21
-1.173451
 31
0.0
  0
LINE
  5
271C
330
1F
100
AcDbEntity
  8
1
  6
CONTINUOUS
370
50
 62
4
100
AcDbLine
 10
31.75
 20
2.146943
 30
0.0
 11
31.75
 21
3.257878
 31
0.0
  0
LINE
  5
271D
330
1F
100
AcDbEntity
  8
1
  6
CONTINUOUS
370
50
 62
4
100
AcDbLine
 10
31.932501
 20
-3.983567
 30
0.0
 11
31.932501
 21
-3.983441
 31
0.0
  0
LINE
  5
271E
330
1F
100
AcDbEntity
  8
1
  6
CONTINUOUS
370
50
 62
4
100
AcDbLine
 10
31.932501
 20
-2.549883
 30
0.0
 11
31.932501
 21
-1.200721
 31
0.0
  0
LINE
  5
271F
330
1F
100
AcDbEntity
  8
1
  6
CONTINUOUS
370
50
 62
4
100
AcDbLine
 10
31.932501
 20
2.122789
 30
0.0
 11
31.932501
 21
3.241354
 31
0.0
  0
LINE
  5
2720
330
1F
100
AcDbEntity
  8
1
  6
CONTINUOUS
370
50
 62
4
100
AcDbLine
 10
32.375
 20
-3.099558
 30
0.0
 11
32.375
 21
-2.526895
 31
0.0
  0
LINE
  5
2721
330
1F
100
AcDbEntity
  8
1
  6
CONTINUOUS
370
50
 62
4
100
AcDbLine
 10
32.375
 20
2.465358
 30
0.0
 11
32.375
 21
3.044393
 31
0.0
  0
LINE
  5
2722
330
1F
100
AcDbEntity
  8
1
  6
CONTINUOUS
370
50
 62
4
100
AcDbLine
 10
32.557499
 20
-3.125257
 30
0.0
 11
32.557499
 21
-2.555625
 31
0.0
  0
LINE
  5
2723
330
1F
100
AcDbEntity
  8
1
  6
CONTINUOUS
370
50
 62
4
100
AcDbLine
 10
32.557499
 20
2.436216
 30
0.0
 11
32.557499
 21
3.018212
 31
0.0
  0
LINE
  5
2724
330
1F
100
AcDbEntity
  8
1
  6
CONTINUOUS
370
50
 62
4
100
AcDbLine
 10
33.0
 20
-2.675741
 30
0.0
 11
33.0
 21
-1.358405
 31
0.0
  0
LINE
  5
2725
330
1F
100
AcDbEntity
  8
1
  6
CONTINUOUS
370
50
 62
4
100
AcDbLine
 10
33.0
 20
1.97985
 30
0.0
 11
33.0
 21
3.141749
 31
0.0
  0
LINE
  5
2726
330
1F
100
AcDbEntity
  8
1
  6
CONTINUOUS
370
50
 62
4
100
AcDbLine
 10
33.182499
 20
-2.696733
 30
0.0
 11
33.182499
 21
-1.385053
 31
0.0
  0
LINE
  5
2727
330
1F
100
AcDbEntity
  8
1
  6
CONTINUOUS
370
50
 62
4
100
AcDbLine
 10
33.182499
 20
1.955132
 30
0.0
 11
33.182499
 21
3.124219
 31
0.0
  0
LINE
  5
2728
330
1F
100
AcDbEntity
  8
1
  6
CONTINUOUS
370
50
 62
4
100
AcDbLine
 10
33.625
 20
-3.271933
 30
0.0
 11
33.625
 21
-2.720574
 31
0.0
  0
LINE
  5
2729
330
1F
100
AcDbEntity
  8
1
  6
CONTINUOUS
370
50
 62
4
100
AcDbLine
 10
33.625
 20
2.263778
 30
0.0
 11
33.625
 21
2.862434
 31
0.0
  0
LINE
  5
272A
330
1F
100
AcDbEntity
  8
1
  6
CONTINUOUS
370
50
 62
4
100
AcDbLine
 10
33.807499
 20
-3.296389
 30
0.0
 11
33.807499
 21
-2.748247
 31
0.0
  0
LINE
  5
272B
330
1F
100
AcDbEntity
  8
1
  6
CONTINUOUS
370
50
 62
4
100
AcDbLine
 10
33.807499
 20
2.233962
 30
0.0
 11
33.807499
 21
2.835354
 31
0.0
  0
LINE
  5
272C
330
1F
100
AcDbEntity
  8
1
  6
CONTINUOUS
370
50
 62
4
100
AcDbLine
 10
34.25
 20
-2.816479
 30
0.0
 11
34.25
 21
-1.539142
 31
0.0
  0
LINE
  5
272D
330
1F
100
AcDbEntity
  8
1
  6
CONTINUOUS
370
50
 62
4
100
AcDbLine
 10
34.25
 20
1.808916
 30
0.0
 11
34.25
 21
3.018765
 31
0.0
  0
LINE
  5
272E
330
1F
100
AcDbEntity
  8
1
  6
CONTINUOUS
370
50
 62
4
100
AcDbLine
 10
34.432499
 20
-2.836434
 30
0.0
 11
34.432499
 21
-1.565182
 31
0.0
  0
LINE
  5
272F
330
1F
100
AcDbEntity
  8
1
  6
CONTINUOUS
370
50
 62
4
100
AcDbLine
 10
34.432499
 20
1.78364
 30
0.0
 11
34.432499
 21
3.00024
 31
0.0
  0
LINE
  5
2730
330
1F
100
AcDbEntity
  8
1
  6
CONTINUOUS
370
50
 62
4
100
AcDbLine
 10
34.875
 20
-3.435839
 30
0.0
 11
34.875
 21
-2.907062
 31
0.0
  0
LINE
  5
2731
330
1F
100
AcDbEntity
  8
1
  6
CONTINUOUS
370
50
 62
4
100
AcDbLine
 10
34.875
 20
2.057603
 30
0.0
 11
34.875
 21
2.674337
 31
0.0
  0
LINE
  5
2732
330
1F
100
AcDbEntity
  8
1
  6
CONTINUOUS
370
50
 62
4
100
AcDbLine
 10
35.057499
 20
-3.459067
 30
0.0
 11
35.057499
 21
-2.933694
 31
0.0
  0
LINE
  5
2733
330
1F
100
AcDbEntity
  8
1
  6
CONTINUOUS
370
50
 62
4
100
AcDbLine
 10
35.057499
 20
2.027119
 30
0.0
 11
35.057499
 21
2.646363
 31
0.0
  0
LINE
  5
2734
330
1F
100
AcDbEntity
  8
1
  6
CONTINUOUS
370
50
 62
4
100
AcDbLine
 10
35.5
 20
-2.950154
 30
0.0
 11
35.5
 21
-1.715756
 31
0.0
  0
LINE
  5
2735
330
1F
100
AcDbEntity
  8
1
  6
CONTINUOUS
370
50
 62
4
100
AcDbLine
 10
35.5
 20
1.634166
 30
0.0
 11
35.5
 21
2.888978
 31
0.0
  0
LINE
  5
2736
330
1F
100
AcDbEntity
  8
1
  6
CONTINUOUS
370
50
 62
4
100
AcDbLine
 10
35.682499
 20
-2.969084
 30
0.0
 11
35.682499
 21
-1.741202
 31
0.0
  0
LINE
  5
2737
330
1F
100
AcDbEntity
  8
1
  6
CONTINUOUS
370
50
 62
4
100
AcDbLine
 10
35.682499
 20
1.608332
 30
0.0
 11
35.682499
 21
2.86946
 31
0.0
  0
LINE
  5
2738
330
1F
100
AcDbEntity
  8
1
  6
CONTINUOUS
370
50
 62
4
100
AcDbLine
 10
36.125
 20
-3.591364
 30
0.0
 11
36.125
 21
-3.086444
 31
0.0
  0
LINE
  5
2739
330
1F
100
AcDbEntity
  8
1
  6
CONTINUOUS
370
50
 62
4
100
AcDbLine
 10
36.125
 20
1.846846
 30
0.0
 11
36.125
 21
2.480112
 31
0.0
  0
LINE
  5
273A
330
1F
100
AcDbEntity
  8
1
  6
CONTINUOUS
370
50
 62
4
100
AcDbLine
 10
36.307499
 20
-3.613414
 30
0.0
 11
36.307499
 21
-3.112091
 31
0.0
  0
LINE
  5
273B
330
1F
100
AcDbEntity
  8
1
  6
CONTINUOUS
370
50
 62
4
100
AcDbLine
 10
36.307499
 20
1.815633
 30
0.0
 11
36.307499
 21
2.451185
 31
0.0
  0
LINE
  5
273C
330
1F
100
AcDbEntity
  8
1
  6
CONTINUOUS
370
50
 62
4
100
AcDbLine
 10
36.75
 20
-3.07759
 30
0.0
 11
36.75
 21
-1.88942
 31
0.0
  0
LINE
  5
273D
330
1F
100
AcDbEntity
  8
1
  6
CONTINUOUS
370
50
 62
4
100
AcDbLine
 10
36.75
 20
1.45446
 30
0.0
 11
36.75
 21
2.751473
 31
0.0
  0
LINE
  5
273E
330
1F
100
AcDbEntity
  8
1
  6
CONTINUOUS
370
50
 62
4
100
AcDbLine
 10
36.932499
 20
-3.09607
 30
0.0
 11
36.932499
 21
-1.915109
 31
0.0
  0
LINE
  5
273F
330
1F
100
AcDbEntity
  8
1
  6
CONTINUOUS
370
50
 62
4
100
AcDbLine
 10
36.932499
 20
1.427202
 30
0.0
 11
36.932499
 21
2.730256
 31
0.0
  0
LINE
  5
2740
330
1F
100
AcDbEntity
  8
1
  6
CONTINUOUS
370
50
 62
4
100
AcDbLine
 10
37.375
 20
-3.742484
 30
0.0
 11
37.375
 21
-3.26346
 31
0.0
  0
LINE
  5
2741
330
1F
100
AcDbEntity
  8
1
  6
CONTINUOUS
370
50
 62
4
100
AcDbLine
 10
37.375
 20
1.625462
 30
0.0
 11
37.375
 21
2.274035
 31
0.0
  0
LINE
  5
2742
330
1F
100
AcDbEntity
  8
1
  6
CONTINUOUS
370
50
 62
4
100
AcDbLine
 10
37.557499
 20
-3.764553
 30
0.0
 11
37.557499
 21
-3.289567
 31
0.0
  0
LINE
  5
2743
330
1F
100
AcDbEntity
  8
1
  6
CONTINUOUS
370
50
 62
4
100
AcDbLine
 10
37.557499
 20
1.591577
 30
0.0
 11
37.557499
 21
2.242311
 31
0.0
  0
LINE
  5
2744
330
1F
100
AcDbEntity
  8
1
  6
CONTINUOUS
370
50
 62
4
100
AcDbLine
 10
38.0
 20
-3.204198
 30
0.0
 11
38.0
 21
3.983443
 31
0.0
  0
LINE
  5
2745
330
1F
100
AcDbEntity
  8
1
  6
CONTINUOUS
370
50
 62
4
100
AcDbLine
 10
38.0
 20
-3.336708
 30
0.0
 11
38.0
 21
-3.204206
 31
0.0
  0
LINE
  5
2746
330
1F
100
AcDbEntity
  8
1
  6
CONTINUOUS
370
50
 62
4
100
AcDbLine
 10
38.0
 20
-3.461676
 30
0.0
 11
38.0
 21
-3.336708
 31
0.0
  0
LINE
  5
2747
330
1F
100
AcDbEntity
  8
1
  6
CONTINUOUS
370
50
 62
4
100
AcDbLine
 10
38.0
 20
-3.57857
 30
0.0
 11
38.0
 21
-3.461676
 31
0.0
  0
LINE
  5
2748
330
1F
100
AcDbEntity
  8
1
  6
CONTINUOUS
370
50
 62
4
100
AcDbLine
 10
38.0
 20
-3.686899
 30
0.0
 11
38.0
 21
-3.57857
 31
0.0
  0
LINE
  5
2749
330
1F
100
AcDbEntity
  8
1
  6
CONTINUOUS
370
50
 62
4
100
AcDbLine
 10
38.0
 20
-3.78646
 30
0.0
 11
38.0
 21
-3.686899
 31
0.0
  0
LINE
  5
274A
330
1F
100
AcDbEntity
  8
1
  6
CONTINUOUS
370
50
 62
4
100
AcDbLine
 10
38.0
 20
-3.87705
 30
0.0
 11
38.0
 21
-3.78646
 31
0.0
  0
ELLIPSE
  5
274B
330
1F
100
AcDbEntity
  8
1
  6
CONTINUOUS
370
50
 62
4
100
AcDbEllipse
 10
16.914972
 20
-13.003118
 30
0.0
 11
-27.73167597411374
 21
2.505888286473043
 31
0.0
210
0.0
220
0.0
230
0.9999999999999998
 40
0.3177119564655095
 41
4.959665946132533
 42
4.976333215293089
  0
ELLIPSE
  5
274C
330
1F
100
AcDbEntity
  8
1
  6
CONTINUOUS
370
50
 62
4
100
AcDbEllipse
 10
16.914972
 20
23.112191
 30
0.0
 11
-27.56169604068563
 21
3.959575716796704
 31
0.0
210
0.0
220
0.0
230
1.0
 40
0.7999420269314292
 41
1.449972814840753
 42
1.466640084012183
  0
ELLIPSE
  5
274D
330
1F
100
AcDbEntity
  8
1
  6
CONTINUOUS
370
50
 62
4
100
AcDbEllipse
 10
17.153207
 20
-31.177442
 30
0.0
 11
3.495996855489707
 21
28.83724901751927
 31
0.0
210
0.0
220
0.0
230
1.0
 40
0.9962988503249979
 41
0.5472078351972379
 42
0.5658481195731583
  0
ELLIPSE
  5
274E
330
1F
100
AcDbEntity
  8
1
  6
CONTINUOUS
370
50
 62
4
100
AcDbEllipse
 10
17.153207
 20
-10.366667
 30
0.0
 11
-28.930517009146
 21
2.614217898784784
 31
0.0
210
0.0
220
0.0
230
0.9999999999999998
 40
0.3177119500839433
 41
4.928879991573754
 42
5.185851217990147
  0
ELLIPSE
  5
274F
330
1F
100
AcDbEntity
  8
1
  6
CONTINUOUS
370
50
 62
4
100
AcDbEllipse
 10
17.279206
 20
-8.97228
 30
0.0
 11
-28.55647998335672
 21
2.580419184184645
 31
0.0
210
0.0
220
0.0
230
0.9999999999999998
 40
0.3177119520275906
 41
4.935863109266739
 42
5.125822075656076
  0
ELLIPSE
  5
2750
330
1F
100
AcDbEntity
  8
1
  6
CONTINUOUS
370
50
 62
4
100
AcDbEllipse
 10
17.279206
 20
25.647543
 30
0.0
 11
-28.3814450408049
 21
4.077342715966453
 31
0.0
210
0.0
220
0.0
230
1.0
 40
0.7999420392219309
 41
1.300483945446283
 42
1.490442916651727
  0
LINE
  5
2751
330
1F
100
AcDbEntity
  8
CUT
  6
CONTINUOUS
370
25
 62
1
100
AcDbLine
 10
11.75
 20
2.1375
 30
0.0
 11
37.98999999999999
 21
2.1375
 31
0.0
  0
LINE
  5
2752
330
1F
100
AcDbEntity
  8
CUT
  6
CONTINUOUS
370
25
 62
1
100
AcDbLine
 10
37.98999999999999
 20
2.1375
 30
0.0
 11
38.0
 21
3.98356752
 31
0.0
  0
LINE
  5
2753
330
1F
100
AcDbEntity
  8
CUT
  6
CONTINUOUS
370
25
 62
1
100
AcDbLine
 10
38.0
 20
3.98356752
 30
0.0
 11
37.55750000135633
 21
4.75
 31
0.0
  0
LINE
  5
2754
330
1F
100
AcDbEntity
  8
CUT
  6
CONTINUOUS
370
25
 62
1
100
AcDbLine
 10
37.55750000135633
 20
4.75
 30
0.0
 11
11.75
 21
4.75
 31
0.0
  0
LINE
  5
2755
330
1F
100
AcDbEntity
  8
CUT
  6
CONTINUOUS
370
25
 62
1
100
AcDbLine
 10
11.75
 20
4.75
 30
0.0
 11
11.75
 21
2.1375
 31
0.0
  0
LINE
  5
2756
330
1F
100
AcDbEntity
  8
NOCUT
  6
CONTINUOUS
370
25
 62
7
100
AcDbLine
 10
9.6
 20
0.0
 30
0.0
 11
38.0
 21
0.0
 31
0.0
  0
LINE
  5
2757
330
1F
100
AcDbEntity
  8
NOCUT
  6
CONTINUOUS
370
25
 62
7
100
AcDbLine
 10
38.0
 20
0.0
 30
0.0
 11
38.0
 21
3.98356752
 31
0.0
  0
LINE
  5
2758
330
1F
100
AcDbEntity
  8
NOCUT
  6
CONTINUOUS
370
25
 62
7
100
AcDbLine
 10
38.0
 20
3.98356752
 30
0.0
 11
37.99
 21
2.1375
 31
0.0
  0
LINE
  5
2759
330
1F
100
AcDbEntity
  8
NOCUT
  6
CONTINUOUS
370
25
 62
7
100
AcDbLine
 10
37.99
 20
2.1375
 30
0.0
 11
11.75
 21
2.1375
 31
0.0
  0
LINE
  5
275A
330
1F
100
AcDbEntity
  8
NOCUT
  6
CONTINUOUS
370
25
 62
7
100
AcDbLine
 10
11.75
 20
2.1375
 30
0.0
 11
11.75
 21
3.98356752
 31
0.0
  0
LINE
  5
275B
330
1F
100
AcDbEntity
  8
NOCUT
  6
CONTINUOUS
370
25
 62
7
100
AcDbLine
 10
11.75
 20
3.98356752
 30
0.0
 11
10.83356752
 21
4.9
 31
0.0
  0
LINE
  5
275C
330
1F
100
AcDbEntity
  8
NOCUT
  6
CONTINUOUS
370
25
 62
7
100
AcDbLine
 10
10.83356752
 20
4.9
 30
0.0
 11
10.0
 21
4.9
 31
0.0
  0
LINE
  5
275D
330
1F
100
AcDbEntity
  8
NOCUT
  6
CONTINUOUS
370
25
 62
7
100
AcDbLine
 10
10.0
 20
4.9
 30
0.0
 11
9.6
 21
4.99995
 31
0.0
  0
LINE
  5
275E
330
1F
100
AcDbEntity
  8
NOCUT
  6
CONTINUOUS
370
25
 62
7
100
AcDbLine
 10
9.6
 20
4.99995
 30
0.0
 11
9.6
 21
0.0
 31
0.0
  0
LINE
  5
275F
330
1F
100
AcDbEntity
  8
SK1
  6
CONTINUOUS
370
50
 62
4
100
AcDbLine
 10
0.0
 20
5.0
 30
0.0
 11
-4.98
 21
5.0
 31
0.0
  0
LINE
  5
2760
330
1F
100
AcDbEntity
  8
SK1
  6
CONTINUOUS
370
50
 62
4
100
AcDbLine
 10
-5.019999999999999
 20
5.0
 30
0.0
 11
-46.5
 21
5.0
 31
0.0
  0
LINE
  5
2761
330
1F
100
AcDbEntity
  8
SK1
  6
CONTINUOUS
370
50
 62
4
100
AcDbLine
 10
-46.5
 20
5.0
 30
0.0
 11
-47.0
 21
4.5
 31
0.0
  0
LINE
  5
2762
330
1F
100
AcDbEntity
  8
SK1
  6
CONTINUOUS
370
50
 62
4
100
AcDbLine
 10
-47.0
 20
4.5
 30
0.0
 11
-47.0
 21
-4.5
 31
0.0
  0
LINE
  5
2763
330
1F
100
AcDbEntity
  8
SK1
  6
CONTINUOUS
370
50
 62
4
100
AcDbLine
 10
-47.0
 20
-4.5
 30
0.0
 11
-46.5
 21
-5.0
 31
0.0
  0
LINE
  5
2764
330
1F
100
AcDbEntity
  8
SK1
  6
CONTINUOUS
370
50
 62
4
100
AcDbLine
 10
-4.98
 20
-5.0
 30
0.0
 11
0.0
 21
-5.0
 31
0.0
  0
LINE
  5
2765
330
1F
100
AcDbEntity
  8
SK1
  6
CONTINUOUS
370
50
 62
4
100
AcDbLine
 10
-46.5
 20
-5.0
 30
0.0
 11
-5.02
 21
-5.0
 31
0.0
  0
LINE
  5
2766
330
1F
100
AcDbEntity
  8
SK1
  6
CONTINUOUS
370
50
 62
4
100
AcDbLine
 10
-46.5
 20
5.0
 30
0.0
 11
-46.5
 21
-5.0
 31
0.0
  0
LINE
  5
2767
330
1F
100
AcDbEntity
  8
NOCUT
  6
CONTINUOUS
370
25
 62
7
100
AcDbLine
 10
0.0
 20
0.0
 30
0.0
 11
0.0
 21
5.0
 31
0.0
  0
LINE
  5
2768
330
1F
100
AcDbEntity
  8
NOCUT
  6
CONTINUOUS
370
25
 62
7
100
AcDbLine
 10
0.0
 20
5.0
 30
0.0
 11
9.600000000000001
 21
5.0
 31
0.0
  0
LINE
  5
2769
330
1F
100
AcDbEntity
  8
NOCUT
  6
CONTINUOUS
370
25
 62
7
100
AcDbLine
 10
9.600000000000001
 20
0.0
 30
0.0
 11
0.0
 21
0.0
 31
0.0
  0
LINE
  5
276A
330
1F
100
AcDbEntity
  8
SK2
  6
CONTINUOUS
370
25
 62
7
100
AcDbLine
 10
-59.0000002
 20
-5.000001
 30
0.0
 11
-60.00000000000008
 21
-5.000001
 31
0.0
  0
LINE
  5
276B
330
1F
100
AcDbEntity
  8
SK2
  6
CONTINUOUS
370
25
 62
7
100
AcDbLine
 10
-47.0
 20
-5.000001
 30
0.0
 11
-58.9999998
 21
-5.000001
 31
0.0
  0
LINE
  5
276C
330
1F
100
AcDbEntity
  8
SK2
  6
CONTINUOUS
370
25
 62
7
100
AcDbLine
 10
-60.0
 20
5.0
 30
0.0
 11
-47.0
 21
5.0
 31
0.0
  0
LINE
  5
276D
330
1F
100
AcDbEntity
  8
SK2
  6
CONTINUOUS
370
25
 62
7
100
AcDbLine
 10
-59.0
 20
-12.0
 30
0.0
 11
-59.0
 21
21.45
 31
0.0
  0
LINE
  5
276E
330
1F
100
AcDbEntity
  8
SK2
  6
CONTINUOUS
370
25
 62
7
100
AcDbLine
 10
-59.0
 20
-5.0
 30
0.0
 11
-58.0
 21
-10.0
 31
0.0
  0
LINE
  5
276F
330
1F
100
AcDbEntity
  8
SK2
  6
CONTINUOUS
370
25
 62
7
100
AcDbLine
 10
-58.0
 20
-10.0
 30
0.0
 11
-60.0
 21
-10.0
 31
0.0
  0
LINE
  5
2770
330
1F
100
AcDbEntity
  8
SK2
  6
CONTINUOUS
370
25
 62
7
100
AcDbLine
 10
-60.0
 20
-10.0
 30
0.0
 11
-59.0
 21
-5.0
 31
0.0
  0
LINE
  5
2771
330
1F
100
AcDbEntity
  8
SK2
  6
CONTINUOUS
370
25
 62
7
100
AcDbLine
 10
-58.36610383315978
 20
-10.0
 30
0.0
 11
-58.06101730552663
 21
-9.69491347236685
 31
0.0
  0
LINE
  5
2772
330
1F
100
AcDbEntity
  8
SK2
  6
CONTINUOUS
370
25
 62
7
100
AcDbLine
 10
-58.79036790187172
 20
-10.0
 30
0.0
 11
-58.13172798364528
 21
-9.341360081773566
 31
0.0
  0
LINE
  5
2773
330
1F
100
AcDbEntity
  8
SK2
  6
CONTINUOUS
370
25
 62
7
100
AcDbLine
 10
-59.21463197058365
 20
-10.0
 30
0.0
 11
-58.20243866176394
 21
-8.987806691180296
 31
0.0
  0
LINE
  5
2774
330
1F
100
AcDbEntity
  8
SK2
  6
CONTINUOUS
370
25
 62
7
100
AcDbLine
 10
-59.63889603929557
 20
-10.0
 30
0.0
 11
-58.27314933988259
 21
-8.63425330058702
 31
0.0
  0
LINE
  5
2775
330
1F
100
AcDbEntity
  8
SK2
  6
CONTINUOUS
370
25
 62
7
100
AcDbLine
 10
-59.98420997299812
 20
-9.921049864990614
 30
0.0
 11
-58.34386001800126
 21
-8.28069990999375
 31
0.0
  0
LINE
  5
2776
330
1F
100
AcDbEntity
  8
SK2
  6
CONTINUOUS
370
25
 62
7
100
AcDbLine
 10
-59.87814395582014
 20
-9.390719779100692
 30
0.0
 11
-58.41457069611991
 21
-7.927146519400466
 31
0.0
  0
LINE
  5
2777
330
1F
100
AcDbEntity
  8
SK2
  6
CONTINUOUS
370
25
 62
7
100
AcDbLine
 10
-59.77207793864216
 20
-8.860389693210784
 30
0.0
 11
-58.48528137423856
 21
-7.57359312880719
 31
0.0
  0
LINE
  5
2778
330
1F
100
AcDbEntity
  8
SK2
  6
CONTINUOUS
370
25
 62
7
100
AcDbLine
 10
-59.66601192146418
 20
-8.330059607320877
 30
0.0
 11
-58.55599205235722
 21
-7.22003973821392
 31
0.0
  0
LINE
  5
2779
330
1F
100
AcDbEntity
  8
SK2
  6
CONTINUOUS
370
25
 62
7
100
AcDbLine
 10
-59.55994590428619
 20
-7.799729521430955
 30
0.0
 11
-58.62670273047588
 21
-6.866486347620643
 31
0.0
  0
LINE
  5
277A
330
1F
100
AcDbEntity
  8
SK2
  6
CONTINUOUS
370
25
 62
7
100
AcDbLine
 10
-59.45387988710821
 20
-7.26939943554104
 30
0.0
 11
-58.69741340859454
 21
-6.512932957027367
 31
0.0
  0
LINE
  5
277B
330
1F
100
AcDbEntity
  8
SK2
  6
CONTINUOUS
370
25
 62
7
100
AcDbLine
 10
-59.34781386993023
 20
-6.739069349651132
 30
0.0
 11
-58.76812408671319
 21
-6.15937956643409
 31
0.0
  0
LINE
  5
277C
330
1F
100
AcDbEntity
  8
SK2
  6
CONTINUOUS
370
25
 62
7
100
AcDbLine
 10
-59.24174785275224
 20
-6.20873926376121
 30
0.0
 11
-58.83883476483184
 21
-5.805826175840807
 31
0.0
  0
LINE
  5
277D
330
1F
100
AcDbEntity
  8
SK2
  6
CONTINUOUS
370
25
 62
7
100
AcDbLine
 10
-59.13568183557426
 20
-5.678409177871309
 30
0.0
 11
-58.9095454429505
 21
-5.452272785247544
 31
0.0
  0
LINE
  5
277E
330
1F
100
AcDbEntity
  8
SK2
  6
CONTINUOUS
370
25
 62
7
100
AcDbLine
 10
-59.02961581839628
 20
-5.148079091981401
 30
0.0
 11
-58.98025612106915
 21
-5.098719394654267
 31
0.0
  0
LINE
  5
277F
330
1F
100
AcDbEntity
  8
SK2
  6
CONTINUOUS
370
25
 62
7
100
AcDbLine
 10
-59.94612114139547
 20
-9.7306057069773
 30
0.0
 11
-59.67672684837277
 21
-10.0
 31
0.0
  0
LINE
  5
2780
330
1F
100
AcDbEntity
  8
SK2
  6
CONTINUOUS
370
25
 62
7
100
AcDbLine
 10
-59.87541046327681
 20
-9.377052316384031
 30
0.0
 11
-59.25246277966083
 21
-10.0
 31
0.0
  0
LINE
  5
2781
330
1F
100
AcDbEntity
  8
SK2
  6
CONTINUOUS
370
25
 62
7
100
AcDbLine
 10
-59.80469978515815
 20
-9.023498925790754
 30
0.0
 11
-58.8281987109489
 21
-10.0
 31
0.0
  0
LINE
  5
2782
330
1F
100
AcDbEntity
  8
SK2
  6
CONTINUOUS
370
25
 62
7
100
AcDbLine
 10
-59.7339891070395
 20
-8.669945535197478
 30
0.0
 11
-58.40393464223697
 21
-10.0
 31
0.0
  0
LINE
  5
2783
330
1F
100
AcDbEntity
  8
SK2
  6
CONTINUOUS
370
25
 62
7
100
AcDbLine
 10
-59.66327842892083
 20
-8.316392144604222
 30
0.0
 11
-58.00508235661874
 21
-9.974588216906305
 31
0.0
  0
LINE
  5
2784
330
1F
100
AcDbEntity
  8
SK2
  6
CONTINUOUS
370
25
 62
7
100
AcDbLine
 10
-59.59256775080218
 20
-7.962838754010946
 30
0.0
 11
-58.11114837379672
 21
-9.444258131016397
 31
0.0
  0
LINE
  5
2785
330
1F
100
AcDbEntity
  8
SK2
  6
CONTINUOUS
370
25
 62
7
100
AcDbLine
 10
-59.52185707268352
 20
-7.609285363417669
 30
0.0
 11
-58.21721439097471
 21
-8.913928045126475
 31
0.0
  0
LINE
  5
2786
330
1F
100
AcDbEntity
  8
SK2
  6
CONTINUOUS
370
25
 62
7
100
AcDbLine
 10
-59.45114639456487
 20
-7.255731972824385
 30
0.0
 11
-58.32328040815269
 21
-8.38359795923656
 31
0.0
  0
LINE
  5
2787
330
1F
100
AcDbEntity
  8
SK2
  6
CONTINUOUS
370
25
 62
7
100
AcDbLine
 10
-59.38043571644622
 20
-6.902178582231116
 30
0.0
 11
-58.42934642533067
 21
-7.85326787334666
 31
0.0
  0
LINE
  5
2788
330
1F
100
AcDbEntity
  8
SK2
  6
CONTINUOUS
370
25
 62
7
100
AcDbLine
 10
-59.30972503832756
 20
-6.548625191637839
 30
0.0
 11
-58.53541244250865
 21
-7.322937787456745
 31
0.0
  0
LINE
  5
2789
330
1F
100
AcDbEntity
  8
SK2
  6
CONTINUOUS
370
25
 62
7
100
AcDbLine
 10
-59.23901436020891
 20
-6.19507180104457
 30
0.0
 11
-58.64147845968663
 21
-6.792607701566844
 31
0.0
  0
LINE
  5
278A
330
1F
100
AcDbEntity
  8
SK2
  6
CONTINUOUS
370
25
 62
7
100
AcDbLine
 10
-59.16830368209026
 20
-5.841518410451286
 30
0.0
 11
-58.74754447686461
 21
-6.262277615676929
 31
0.0
  0
LINE
  5
278B
330
1F
100
AcDbEntity
  8
SK2
  6
CONTINUOUS
370
25
 62
7
100
AcDbLine
 10
-59.0975930039716
 20
-5.487965019858009
 30
0.0
 11
-58.85361049404259
 21
-5.731947529787021
 31
0.0
  0
LINE
  5
278C
330
1F
100
AcDbEntity
  8
SK2
  6
CONTINUOUS
370
25
 62
7
100
AcDbLine
 10
-59.02688232585295
 20
-5.134411629264726
 30
0.0
 11
-58.95967651122058
 21
-5.201617443897099
 31
0.0
  0
LINE
  5
278D
330
1F
100
AcDbEntity
  8
SK2
  6
CONTINUOUS
370
25
 62
7
100
AcDbLine
 10
-59.0
 20
5.0
 30
0.0
 11
-60.0
 21
10.0
 31
0.0
  0
LINE
  5
278E
330
1F
100
AcDbEntity
  8
SK2
  6
CONTINUOUS
370
25
 62
7
100
AcDbLine
 10
-60.0
 20
10.0
 30
0.0
 11
-58.0
 21
10.0
 31
0.0
  0
LINE
  5
278F
330
1F
100
AcDbEntity
  8
SK2
  6
CONTINUOUS
370
25
 62
7
100
AcDbLine
 10
-58.0
 20
10.0
 30
0.0
 11
-59.0
 21
5.0
 31
0.0
  0
LINE
  5
2790
330
1F
100
AcDbEntity
  8
SK2
  6
CONTINUOUS
370
25
 62
7
100
AcDbLine
 10
-59.01064572925019
 20
5.053228646250986
 30
0.0
 11
-58.98403140612471
 21
5.079842969376465
 31
0.0
  0
LINE
  5
2791
330
1F
100
AcDbEntity
  8
SK2
  6
CONTINUOUS
370
25
 62
7
100
AcDbLine
 10
-59.08135640736884
 20
5.40678203684427
 30
0.0
 11
-58.87796538894673
 21
5.610173055266387
 31
0.0
  0
LINE
  5
2792
330
1F
100
AcDbEntity
  8
SK2
  6
CONTINUOUS
370
25
 62
7
100
AcDbLine
 10
-59.15206708548751
 20
5.760335427437539
 30
0.0
 11
-58.77189937176874
 21
6.140503141156309
 31
0.0
  0
LINE
  5
2793
330
1F
100
AcDbEntity
  8
SK2
  6
CONTINUOUS
370
25
 62
7
100
AcDbLine
 10
-59.22277776360617
 20
6.113888818030816
 30
0.0
 11
-58.66583335459075
 21
6.670833227046238
 31
0.0
  0
LINE
  5
2794
330
1F
100
AcDbEntity
  8
SK2
  6
CONTINUOUS
370
25
 62
7
100
AcDbLine
 10
-59.29348844172483
 20
6.467442208624078
 30
0.0
 11
-58.55976733741277
 21
7.201163312936139
 31
0.0
  0
LINE
  5
2795
330
1F
100
AcDbEntity
  8
SK2
  6
CONTINUOUS
370
25
 62
7
100
AcDbLine
 10
-59.36419911984348
 20
6.820995599217362
 30
0.0
 11
-58.45370132023479
 21
7.731493398826053
 31
0.0
  0
LINE
  5
2796
330
1F
100
AcDbEntity
  8
SK2
  6
CONTINUOUS
370
25
 62
7
100
AcDbLine
 10
-59.43490979796213
 20
7.174548989810646
 30
0.0
 11
-58.3476353030568
 21
8.261823484715961
 31
0.0
  0
LINE
  5
2797
330
1F
100
AcDbEntity
  8
SK2
  6
CONTINUOUS
370
25
 62
7
100
AcDbLine
 10
-59.50562047608079
 20
7.528102380403922
 30
0.0
 11
-58.24156928587882
 21
8.792153570605876
 31
0.0
  0
LINE
  5
2798
330
1F
100
AcDbEntity
  8
SK2
  6
CONTINUOUS
370
25
 62
7
100
AcDbLine
 10
-59.57633115419944
 20
7.881655770997192
 30
0.0
 11
-58.13550326870084
 21
9.322483656495777
 31
0.0
  0
LINE
  5
2799
330
1F
100
AcDbEntity
  8
SK2
  6
CONTINUOUS
370
25
 62
7
100
AcDbLine
 10
-59.64704183231809
 20
8.235209161590468
 30
0.0
 11
-58.02943725152286
 21
9.852813742385692
 31
0.0
  0
LINE
  5
279A
330
1F
100
AcDbEntity
  8
SK2
  6
CONTINUOUS
370
25
 62
7
100
AcDbLine
 10
-59.71775251043675
 20
8.588762552183745
 30
0.0
 11
-58.3065150626205
 21
10.0
 31
0.0
  0
LINE
  5
279B
330
1F
100
AcDbEntity
  8
SK2
  6
CONTINUOUS
370
25
 62
7
100
AcDbLine
 10
-59.7884631885554
 20
8.942315942777022
 30
0.0
 11
-58.73077913133242
 21
10.0
 31
0.0
  0
LINE
  5
279C
330
1F
100
AcDbEntity
  8
SK2
  6
CONTINUOUS
370
25
 62
7
100
AcDbLine
 10
-59.85917386667406
 20
9.295869333370277
 30
0.0
 11
-59.15504320004435
 21
10.0
 31
0.0
  0
LINE
  5
279D
330
1F
100
AcDbEntity
  8
SK2
  6
CONTINUOUS
370
25
 62
7
100
AcDbLine
 10
-59.92988454479271
 20
9.64942272396356
 30
0.0
 11
-59.57930726875627
 21
10.0
 31
0.0
  0
LINE
  5
279E
330
1F
100
AcDbEntity
  8
SK2
  6
CONTINUOUS
370
25
 62
7
100
AcDbLine
 10
-59.0806397210334
 20
5.403198605167027
 30
0.0
 11
-58.94624018597773
 21
5.268799070111356
 31
0.0
  0
LINE
  5
279F
330
1F
100
AcDbEntity
  8
SK2
  6
CONTINUOUS
370
25
 62
7
100
AcDbLine
 10
-59.18670573821138
 20
5.933528691056942
 30
0.0
 11
-58.87552950785908
 21
5.622352460704647
 31
0.0
  0
LINE
  5
27A0
330
1F
100
AcDbEntity
  8
SK2
  6
CONTINUOUS
370
25
 62
7
100
AcDbLine
 10
-59.29277175538936
 20
6.463858776946843
 30
0.0
 11
-58.80481882974043
 21
5.97590585129791
 31
0.0
  0
LINE
  5
27A1
330
1F
100
AcDbEntity
  8
SK2
  6
CONTINUOUS
370
25
 62
7
100
AcDbLine
 10
-59.39883777256735
 20
6.994188862836772
 30
0.0
 11
-58.73410815162177
 21
6.329459241891193
 31
0.0
  0
LINE
  5
27A2
330
1F
100
AcDbEntity
  8
SK2
  6
CONTINUOUS
370
25
 62
7
100
AcDbLine
 10
-59.50490378974533
 20
7.524518948726673
 30
0.0
 11
-58.66339747350312
 21
6.683012632484463
 31
0.0
  0
LINE
  5
27A3
330
1F
100
AcDbEntity
  8
SK2
  6
CONTINUOUS
370
25
 62
7
100
AcDbLine
 10
-59.61096980692332
 20
8.054849034616595
 30
0.0
 11
-58.59268679538445
 21
7.036566023077732
 31
0.0
  0
LINE
  5
27A4
330
1F
100
AcDbEntity
  8
SK2
  6
CONTINUOUS
370
25
 62
7
100
AcDbLine
 10
-59.71703582410129
 20
8.585179120506488
 30
0.0
 11
-58.5219761172658
 21
7.390119413671002
 31
0.0
  0
LINE
  5
27A5
330
1F
100
AcDbEntity
  8
SK2
  6
CONTINUOUS
370
25
 62
7
100
AcDbLine
 10
-59.82310184127927
 20
9.115509206396403
 30
0.0
 11
-58.45126543914714
 21
7.743672804264286
 31
0.0
  0
LINE
  5
27A6
330
1F
100
AcDbEntity
  8
SK2
  6
CONTINUOUS
370
25
 62
7
100
AcDbLine
 10
-59.92916785845726
 20
9.645839292286311
 30
0.0
 11
-58.38055476102849
 21
8.097226194857562
 31
0.0
  0
LINE
  5
27A7
330
1F
100
AcDbEntity
  8
SK2
  6
CONTINUOUS
370
25
 62
7
100
AcDbLine
 10
-59.85906449745902
 20
10.0
 30
0.0
 11
-58.30984408290984
 21
8.450779585450839
 31
0.0
  0
LINE
  5
27A8
330
1F
100
AcDbEntity
  8
SK2
  6
CONTINUOUS
370
25
 62
7
100
AcDbLine
 10
-59.43480042874709
 20
10.0
 30
0.0
 11
-58.23913340479118
 21
8.804332976044101
 31
0.0
  0
LINE
  5
27A9
330
1F
100
AcDbEntity
  8
SK2
  6
CONTINUOUS
370
25
 62
7
100
AcDbLine
 10
-59.01053636003515
 20
10.0
 30
0.0
 11
-58.16842272667252
 21
9.157886366637385
 31
0.0
  0
LINE
  5
27AA
330
1F
100
AcDbEntity
  8
SK2
  6
CONTINUOUS
370
25
 62
7
100
AcDbLine
 10
-58.58627229132322
 20
10.0
 30
0.0
 11
-58.09771204855387
 21
9.511439757230647
 31
0.0
  0
LINE
  5
27AB
330
1F
100
AcDbEntity
  8
SK2
  6
CONTINUOUS
370
25
 62
7
100
AcDbLine
 10
-58.16200822261128
 20
10.0
 30
0.0
 11
-58.02700137043522
 21
9.864993147823931
 31
0.0
  0
TEXT
  5
27AC
330
1F
100
AcDbEntity
  8
SK2
  6
CONTINUOUS
370
25
 62
7
100
AcDbText
 10
-60.5
 20
15.95833333333333
 30
0.0
 40
3.5
  1
10
 50
90.00000000000001
 72
     1
 11
-60.5
 21
18.0
 31
0.0
100
AcDbText
  0
CIRCLE
  5
27AD
330
1F
100
AcDbEntity
  8
SK2
  6
CONTINUOUS
370
25
 62
7
100
AcDbCircle
 10
-62.25
 20
13.1
 30
0.0
 40
1.4
  0
LINE
  5
27AE
330
1F
100
AcDbEntity
  8
SK2
  6
CONTINUOUS
370
25
 62
7
100
AcDbLine
 10
-60.85
 20
11.7
 30
0.0
 11
-63.65
 21
14.5
 31
0.0
  0
LINE
  5
27AF
330
1F
100
AcDbEntity
  8
SK2
  6
CONTINUOUS
370
25
 62
7
100
AcDbLine
 10
-47.0
 20
5.0
 30
0.0
 11
-47.0
 21
18.0
 31
0.0
  0
LINE
  5
27B0
330
1F
100
AcDbEntity
  8
SK2
  6
CONTINUOUS
370
25
 62
7
100
AcDbLine
 10
0.0000000000000001
 20
18.0
 30
0.0
 11
-0.0000000000000007
 21
5.0
 31
0.0
  0
LINE
  5
27B1
330
1F
100
AcDbEntity
  8
SK2
  6
CONTINUOUS
370
25
 62
7
100
AcDbLine
 10
-47.0
 20
17.0
 30
0.0
 11
0.0
 21
17.0
 31
0.0
  0
LINE
  5
27B2
330
1F
100
AcDbEntity
  8
SK2
  6
CONTINUOUS
370
25
 62
7
100
AcDbLine
 10
-47.0
 20
17.0
 30
0.0
 11
-42.0
 21
18.0
 31
0.0
  0
LINE
  5
27B3
330
1F
100
AcDbEntity
  8
SK2
  6
CONTINUOUS
370
25
 62
7
100
AcDbLine
 10
-42.0
 20
18.0
 30
0.0
 11
-42.0
 21
16.0
 31
0.0
  0
LINE
  5
27B4
330
1F
100
AcDbEntity
  8
SK2
  6
CONTINUOUS
370
25
 62
7
100
AcDbLine
 10
-42.0
 20
16.0
 30
0.0
 11
-47.0
 21
17.0
 31
0.0
  0
LINE
  5
27B5
330
1F
100
AcDbEntity
  8
SK2
  6
CONTINUOUS
370
25
 62
7
100
AcDbLine
 10
-42.10348117794515
 20
16.02069623558903
 30
0.0
 11
-42.0
 21
16.12417741353418
 31
0.0
  0
LINE
  5
27B6
330
1F
100
AcDbEntity
  8
SK2
  6
CONTINUOUS
370
25
 62
7
100
AcDbLine
 10
-42.45703456853843
 20
16.09140691370768
 30
0.0
 11
-42.0
 21
16.5484414822461
 31
0.0
  0
LINE
  5
27B7
330
1F
100
AcDbEntity
  8
SK2
  6
CONTINUOUS
370
25
 62
7
100
AcDbLine
 10
-42.8105879591317
 20
16.16211759182634
 30
0.0
 11
-42.0
 21
16.97270555095804
 31
0.0
  0
LINE
  5
27B8
330
1F
100
AcDbEntity
  8
SK2
  6
CONTINUOUS
370
25
 62
7
100
AcDbLine
 10
-43.16414134972497
 20
16.23282826994499
 30
0.0
 11
-42.0
 21
17.39696961966996
 31
0.0
  0
LINE
  5
27B9
330
1F
100
AcDbEntity
  8
SK2
  6
CONTINUOUS
370
25
 62
7
100
AcDbLine
 10
-43.51769474031825
 20
16.30353894806365
 30
0.0
 11
-42.0
 21
17.82123368838189
 31
0.0
  0
LINE
  5
27BA
330
1F
100
AcDbEntity
  8
SK2
  6
CONTINUOUS
370
25
 62
7
100
AcDbLine
 10
-43.87124813091152
 20
16.3742496261823
 30
0.0
 11
-42.30687219636728
 21
17.93862556072654
 31
0.0
  0
LINE
  5
27BB
330
1F
100
AcDbEntity
  8
SK2
  6
CONTINUOUS
370
25
 62
7
100
AcDbLine
 10
-44.2248015215048
 20
16.44496030430096
 30
0.0
 11
-42.8372022822572
 21
17.83255954354856
 31
0.0
  0
LINE
  5
27BC
330
1F
100
AcDbEntity
  8
SK2
  6
CONTINUOUS
370
25
 62
7
100
AcDbLine
 10
-44.57835491209807
 20
16.51567098241961
 30
0.0
 11
-43.36753236814711
 21
17.72649352637058
 31
0.0
  0
LINE
  5
27BD
330
1F
100
AcDbEntity
  8
SK2
  6
CONTINUOUS
370
25
 62
7
100
AcDbLine
 10
-44.93190830269135
 20
16.58638166053827
 30
0.0
 11
-43.89786245403702
 21
17.6204275091926
 31
0.0
  0
LINE
  5
27BE
330
1F
100
AcDbEntity
  8
SK2
  6
CONTINUOUS
370
25
 62
7
100
AcDbLine
 10
-45.28546169328462
 20
16.65709233865692
 30
0.0
 11
-44.42819253992694
 21
17.51436149201461
 31
0.0
  0
LINE
  5
27BF
330
1F
100
AcDbEntity
  8
SK2
  6
CONTINUOUS
370
25
 62
7
100
AcDbLine
 10
-45.63901508387791
 20
16.72780301677557
 30
0.0
 11
-44.95852262581685
 21
17.40829547483663
 31
0.0
  0
LINE
  5
27C0
330
1F
100
AcDbEntity
  8
SK2
  6
CONTINUOUS
370
25
 62
7
100
AcDbLine
 10
-45.99256847447118
 20
16.79851369489423
 30
0.0
 11
-45.48885271170676
 21
17.30222945765865
 31
0.0
  0
LINE
  5
27C1
330
1F
100
AcDbEntity
  8
SK2
  6
CONTINUOUS
370
25
 62
7
100
AcDbLine
 10
-46.34612186506445
 20
16.86922437301289
 30
0.0
 11
-46.01918279759668
 21
17.19616344048066
 31
0.0
  0
LINE
  5
27C2
330
1F
100
AcDbEntity
  8
SK2
  6
CONTINUOUS
370
25
 62
7
100
AcDbLine
 10
-46.69967525565773
 20
16.93993505113154
 30
0.0
 11
-46.54951288348659
 21
17.09009742330268
 31
0.0
  0
LINE
  5
27C3
330
1F
100
AcDbEntity
  8
SK2
  6
CONTINUOUS
370
25
 62
7
100
AcDbLine
 10
-46.88374419370519
 20
17.02325116125896
 30
0.0
 11
-46.82561629055779
 21
16.96512325811156
 31
0.0
  0
LINE
  5
27C4
330
1F
100
AcDbEntity
  8
SK2
  6
CONTINUOUS
370
25
 62
7
100
AcDbLine
 10
-46.53019080311192
 20
17.09396183937761
 30
0.0
 11
-46.29528620466789
 21
16.85905724093358
 31
0.0
  0
LINE
  5
27C5
330
1F
100
AcDbEntity
  8
SK2
  6
CONTINUOUS
370
25
 62
7
100
AcDbLine
 10
-46.17663741251864
 20
17.16467251749627
 30
0.0
 11
-45.76495611877797
 21
16.7529912237556
 31
0.0
  0
LINE
  5
27C6
330
1F
100
AcDbEntity
  8
SK2
  6
CONTINUOUS
370
25
 62
7
100
AcDbLine
 10
-45.82308402192537
 20
17.23538319561492
 30
0.0
 11
-45.23462603288806
 21
16.64692520657761
 31
0.0
  0
LINE
  5
27C7
330
1F
100
AcDbEntity
  8
SK2
  6
CONTINUOUS
370
25
 62
7
100
AcDbLine
 10
-45.46953063133209
 20
17.30609387373358
 30
0.0
 11
-44.70429594699814
 21
16.54085918939963
 31
0.0
  0
LINE
  5
27C8
330
1F
100
AcDbEntity
  8
SK2
  6
CONTINUOUS
370
25
 62
7
100
AcDbLine
 10
-45.11597724073881
 20
17.37680455185223
 30
0.0
 11
-44.17396586110824
 21
16.43479317222165
 31
0.0
  0
LINE
  5
27C9
330
1F
100
AcDbEntity
  8
SK2
  6
CONTINUOUS
370
25
 62
7
100
AcDbLine
 10
-44.76242385014554
 20
17.44751522997089
 30
0.0
 11
-43.64363577521831
 21
16.32872715504366
 31
0.0
  0
LINE
  5
27CA
330
1F
100
AcDbEntity
  8
SK2
  6
CONTINUOUS
370
25
 62
7
100
AcDbLine
 10
-44.40887045955226
 20
17.51822590808954
 30
0.0
 11
-43.11330568932841
 21
16.22266113786569
 31
0.0
  0
LINE
  5
27CB
330
1F
100
AcDbEntity
  8
SK2
  6
CONTINUOUS
370
25
 62
7
100
AcDbLine
 10
-44.05531706895899
 20
17.5889365862082
 30
0.0
 11
-42.58297560343848
 21
16.11659512068769
 31
0.0
  0
LINE
  5
27CC
330
1F
100
AcDbEntity
  8
SK2
  6
CONTINUOUS
370
25
 62
7
100
AcDbLine
 10
-43.70176367836571
 20
17.65964726432685
 30
0.0
 11
-42.05264551754858
 21
16.01052910350972
 31
0.0
  0
LINE
  5
27CD
330
1F
100
AcDbEntity
  8
SK2
  6
CONTINUOUS
370
25
 62
7
100
AcDbLine
 10
-43.34821028777243
 20
17.7303579424455
 30
0.0
 11
-42.0
 21
16.38214765467307
 31
0.0
  0
LINE
  5
27CE
330
1F
100
AcDbEntity
  8
SK2
  6
CONTINUOUS
370
25
 62
7
100
AcDbLine
 10
-42.99465689717915
 20
17.80106862056416
 30
0.0
 11
-42.0
 21
16.806411723385
 31
0.0
  0
LINE
  5
27CF
330
1F
100
AcDbEntity
  8
SK2
  6
CONTINUOUS
370
25
 62
7
100
AcDbLine
 10
-42.64110350658589
 20
17.87177929868282
 30
0.0
 11
-42.0
 21
17.23067579209694
 31
0.0
  0
LINE
  5
27D0
330
1F
100
AcDbEntity
  8
SK2
  6
CONTINUOUS
370
25
 62
7
100
AcDbLine
 10
-42.28755011599261
 20
17.94248997680148
 30
0.0
 11
-42.0
 21
17.65493986080887
 31
0.0
  0
LINE
  5
27D1
330
1F
100
AcDbEntity
  8
SK2
  6
CONTINUOUS
370
25
 62
7
100
AcDbLine
 10
0.0
 20
17.0
 30
0.0
 11
-5.0
 21
16.0
 31
0.0
  0
LINE
  5
27D2
330
1F
100
AcDbEntity
  8
SK2
  6
CONTINUOUS
370
25
 62
7
100
AcDbLine
 10
-5.0
 20
16.0
 30
0.0
 11
-5.0
 21
18.0
 31
0.0
  0
LINE
  5
27D3
330
1F
100
AcDbEntity
  8
SK2
  6
CONTINUOUS
370
25
 62
7
100
AcDbLine
 10
-5.0
 20
18.0
 30
0.0
 11
0.0
 21
17.0
 31
0.0
  0
LINE
  5
27D4
330
1F
100
AcDbEntity
  8
SK2
  6
CONTINUOUS
370
25
 62
7
100
AcDbLine
 10
-0.4935335214863332
 20
16.90129329570273
 30
0.0
 11
-0.3290223476575555
 21
17.06580446953151
 31
0.0
  0
LINE
  5
27D5
330
1F
100
AcDbEntity
  8
SK2
  6
CONTINUOUS
370
25
 62
7
100
AcDbLine
 10
-1.023863607376242
 20
16.79522727852475
 30
0.0
 11
-0.6825757382508285
 21
17.13651514765017
 31
0.0
  0
LINE
  5
27D6
330
1F
100
AcDbEntity
  8
SK2
  6
CONTINUOUS
370
25
 62
7
100
AcDbLine
 10
-1.554193693266152
 20
16.68916126134677
 30
0.0
 11
-1.036129128844101
 21
17.20722582576882
 31
0.0
  0
LINE
  5
27D7
330
1F
100
AcDbEntity
  8
SK2
  6
CONTINUOUS
370
25
 62
7
100
AcDbLine
 10
-2.084523779156061
 20
16.58309524416879
 30
0.0
 11
-1.389682519437374
 21
17.27793650388747
 31
0.0
  0
LINE
  5
27D8
330
1F
100
AcDbEntity
  8
SK2
  6
CONTINUOUS
370
25
 62
7
100
AcDbLine
 10
-2.61485386504597
 20
16.4770292269908
 30
0.0
 11
-1.743235910030647
 21
17.34864718200613
 31
0.0
  0
LINE
  5
27D9
330
1F
100
AcDbEntity
  8
SK2
  6
CONTINUOUS
370
25
 62
7
100
AcDbLine
 10
-3.145183950935883
 20
16.37096320981282
 30
0.0
 11
-2.096789300623923
 21
17.41935786012478
 31
0.0
  0
LINE
  5
27DA
330
1F
100
AcDbEntity
  8
SK2
  6
CONTINUOUS
370
25
 62
7
100
AcDbLine
 10
-3.675514036825792
 20
16.26489719263484
 30
0.0
 11
-2.450342691217196
 21
17.49006853824344
 31
0.0
  0
LINE
  5
27DB
330
1F
100
AcDbEntity
  8
SK2
  6
CONTINUOUS
370
25
 62
7
100
AcDbLine
 10
-4.205844122715702
 20
16.15883117545686
 30
0.0
 11
-2.803896081810469
 21
17.56077921636209
 31
0.0
  0
LINE
  5
27DC
330
1F
100
AcDbEntity
  8
SK2
  6
CONTINUOUS
370
25
 62
7
100
AcDbLine
 10
-4.73617420860561
 20
16.05276515827888
 30
0.0
 11
-3.157449472403742
 21
17.63148989448075
 31
0.0
  0
LINE
  5
27DD
330
1F
100
AcDbEntity
  8
SK2
  6
CONTINUOUS
370
25
 62
7
100
AcDbLine
 10
-5.0
 20
16.21320343559642
 30
0.0
 11
-3.511002862997014
 21
17.7022005725994
 31
0.0
  0
LINE
  5
27DE
330
1F
100
AcDbEntity
  8
SK2
  6
CONTINUOUS
370
25
 62
7
100
AcDbLine
 10
-5.0
 20
16.63746750430834
 30
0.0
 11
-3.864556253590287
 21
17.77291125071806
 31
0.0
  0
LINE
  5
27DF
330
1F
100
AcDbEntity
  8
SK2
  6
CONTINUOUS
370
25
 62
7
100
AcDbLine
 10
-5.0
 20
17.06173157302027
 30
0.0
 11
-4.21810964418356
 21
17.84362192883671
 31
0.0
  0
LINE
  5
27E0
330
1F
100
AcDbEntity
  8
SK2
  6
CONTINUOUS
370
25
 62
7
100
AcDbLine
 10
-5.0
 20
17.4859956417322
 30
0.0
 11
-4.571663034776833
 21
17.91433260695537
 31
0.0
  0
LINE
  5
27E1
330
1F
100
AcDbEntity
  8
SK2
  6
CONTINUOUS
370
25
 62
7
100
AcDbLine
 10
-5.0
 20
17.91025971044413
 30
0.0
 11
-4.925216425370105
 21
17.98504328507402
 31
0.0
  0
LINE
  5
27E2
330
1F
100
AcDbEntity
  8
SK2
  6
CONTINUOUS
370
25
 62
7
100
AcDbLine
 10
-5.0
 20
16.03086578651011
 30
0.0
 11
-4.974278511241572
 21
16.00514429775168
 31
0.0
  0
LINE
  5
27E3
330
1F
100
AcDbEntity
  8
SK2
  6
CONTINUOUS
370
25
 62
7
100
AcDbLine
 10
-5.0
 20
16.45512985522204
 30
0.0
 11
-4.6207251206483
 21
16.07585497587034
 31
0.0
  0
LINE
  5
27E4
330
1F
100
AcDbEntity
  8
SK2
  6
CONTINUOUS
370
25
 62
7
100
AcDbLine
 10
-5.0
 20
16.87939392393397
 30
0.0
 11
-4.267171730055026
 21
16.14656565398899
 31
0.0
  0
LINE
  5
27E5
330
1F
100
AcDbEntity
  8
SK2
  6
CONTINUOUS
370
25
 62
7
100
AcDbLine
 10
-5.0
 20
17.3036579926459
 30
0.0
 11
-3.913618339461752
 21
16.21727633210765
 31
0.0
  0
LINE
  5
27E6
330
1F
100
AcDbEntity
  8
SK2
  6
CONTINUOUS
370
25
 62
7
100
AcDbLine
 10
-5.0
 20
17.72792206135782
 30
0.0
 11
-3.560064948868479
 21
16.2879870102263
 31
0.0
  0
LINE
  5
27E7
330
1F
100
AcDbEntity
  8
SK2
  6
CONTINUOUS
370
25
 62
7
100
AcDbLine
 10
-4.80976733741281
 20
17.96195346748256
 30
0.0
 11
-3.206511558275206
 21
16.35869768834496
 31
0.0
  0
LINE
  5
27E8
330
1F
100
AcDbEntity
  8
SK2
  6
CONTINUOUS
370
25
 62
7
100
AcDbLine
 10
-4.2794372515229
 20
17.85588745030458
 30
0.0
 11
-2.852958167681932
 21
16.42940836646361
 31
0.0
  0
LINE
  5
27E9
330
1F
100
AcDbEntity
  8
SK2
  6
CONTINUOUS
370
25
 62
7
100
AcDbLine
 10
-3.74910716563299
 20
17.7498214331266
 30
0.0
 11
-2.499404777088658
 21
16.50011904458227
 31
0.0
  0
LINE
  5
27EA
330
1F
100
AcDbEntity
  8
SK2
  6
CONTINUOUS
370
25
 62
7
100
AcDbLine
 10
-3.218777079743079
 20
17.64375541594861
 30
0.0
 11
-2.145851386495385
 21
16.57082972270092
 31
0.0
  0
LINE
  5
27EB
330
1F
100
AcDbEntity
  8
SK2
  6
CONTINUOUS
370
25
 62
7
100
AcDbLine
 10
-2.688446993853169
 20
17.53768939877063
 30
0.0
 11
-1.792297995902112
 21
16.64154040081958
 31
0.0
  0
LINE
  5
27EC
330
1F
100
AcDbEntity
  8
SK2
  6
CONTINUOUS
370
25
 62
7
100
AcDbLine
 10
-2.158116907963259
 20
17.43162338159265
 30
0.0
 11
-1.438744605308838
 21
16.71225107893823
 31
0.0
  0
LINE
  5
27ED
330
1F
100
AcDbEntity
  8
SK2
  6
CONTINUOUS
370
25
 62
7
100
AcDbLine
 10
-1.627786822073348
 20
17.32555736441467
 30
0.0
 11
-1.085191214715565
 21
16.78296175705689
 31
0.0
  0
LINE
  5
27EE
330
1F
100
AcDbEntity
  8
SK2
  6
CONTINUOUS
370
25
 62
7
100
AcDbLine
 10
-1.097456736183438
 20
17.21949134723669
 30
0.0
 11
-0.7316378241222913
 21
16.85367243517554
 31
0.0
  0
LINE
  5
27EF
330
1F
100
AcDbEntity
  8
SK2
  6
CONTINUOUS
370
25
 62
7
100
AcDbLine
 10
-0.5671266502935269
 20
17.11342533005871
 30
0.0
 11
-0.3780844335290177
 21
16.9243831132942
 31
0.0
  0
LINE
  5
27F0
330
1F
100
AcDbEntity
  8
SK2
  6
CONTINUOUS
370
25
 62
7
100
AcDbLine
 10
-0.0367965644036162
 20
17.00735931288072
 30
0.0
 11
-0.0245310429357441
 21
16.99509379141285
 31
0.0
  0
TEXT
  5
27F1
330
1F
100
AcDbEntity
  8
SK2
  6
CONTINUOUS
370
25
 62
7
100
AcDbText
 10
-26.41666666666667
 20
18.5
 30
0.0
 40
3.5
  1
47
 72
     1
 11
-23.5
 21
18.5
 31
0.0
100
AcDbText
  0
LINE
  5
27F2
330
1F
100
AcDbEntity
  8
2
  6
CONTINUOUS
370
25
 62
7
100
AcDbLine
 10
0.0
 20
-5.0
 30
0.0
 11
-0.0000000000000008
 21
-18.0
 31
0.0
  0
LINE
  5
27F3
330
1F
100
AcDbEntity
  8
2
  6
CONTINUOUS
370
25
 62
7
100
AcDbLine
 10
9.6
 20
-18.0
 30
0.0
 11
9.6
 21
-5.0
 31
0.0
  0
LINE
  5
27F4
330
1F
100
AcDbEntity
  8
2
  6
CONTINUOUS
370
25
 62
7
100
AcDbLine
 10
-15.925
 20
-17.0
 30
0.0
 11
16.6
 21
-17.0
 31
0.0
  0
LINE
  5
27F5
330
1F
100
AcDbEntity
  8
2
  6
CONTINUOUS
370
25
 62
7
100
AcDbLine
 10
0.0
 20
-17.0
 30
0.0
 11
-5.0
 21
-18.0
 31
0.0
  0
LINE
  5
27F6
330
1F
100
AcDbEntity
  8
2
  6
CONTINUOUS
370
25
 62
7
100
AcDbLine
 10
-5.0
 20
-18.0
 30
0.0
 11
-5.0
 21
-16.0
 31
0.0
  0
LINE
  5
27F7
330
1F
100
AcDbEntity
  8
2
  6
CONTINUOUS
370
25
 62
7
100
AcDbLine
 10
-5.0
 20
-16.0
 30
0.0
 11
0.0
 21
-17.0
 31
0.0
  0
LINE
  5
27F8
330
1F
100
AcDbEntity
  8
2
  6
CONTINUOUS
370
25
 62
7
100
AcDbLine
 10
-0.5144811327448371
 20
-17.10289622654897
 30
0.0
 11
-0.3429874218298915
 21
-16.93140251563402
 31
0.0
  0
LINE
  5
27F9
330
1F
100
AcDbEntity
  8
2
  6
CONTINUOUS
370
25
 62
7
100
AcDbLine
 10
-1.044811218634746
 20
-17.20896224372695
 30
0.0
 11
-0.6965408124231645
 21
-16.86069183751537
 31
0.0
  0
LINE
  5
27FA
330
1F
100
AcDbEntity
  8
2
  6
CONTINUOUS
370
25
 62
7
100
AcDbLine
 10
-1.575141304524656
 20
-17.31502826090493
 30
0.0
 11
-1.050094203016437
 21
-16.78998115939671
 31
0.0
  0
LINE
  5
27FB
330
1F
100
AcDbEntity
  8
2
  6
CONTINUOUS
370
25
 62
7
100
AcDbLine
 10
-2.105471390414565
 20
-17.42109427808291
 30
0.0
 11
-1.40364759360971
 21
-16.71927048127806
 31
0.0
  0
LINE
  5
27FC
330
1F
100
AcDbEntity
  8
2
  6
CONTINUOUS
370
25
 62
7
100
AcDbLine
 10
-2.635801476304474
 20
-17.5271602952609
 30
0.0
 11
-1.757200984202983
 21
-16.6485598031594
 31
0.0
  0
LINE
  5
27FD
330
1F
100
AcDbEntity
  8
2
  6
CONTINUOUS
370
25
 62
7
100
AcDbLine
 10
-3.166131562194386
 20
-17.63322631243888
 30
0.0
 11
-2.110754374796258
 21
-16.57784912504075
 31
0.0
  0
LINE
  5
27FE
330
1F
100
AcDbEntity
  8
2
  6
CONTINUOUS
370
25
 62
7
100
AcDbLine
 10
-3.696461648084295
 20
-17.73929232961686
 30
0.0
 11
-2.464307765389531
 21
-16.5071384469221
 31
0.0
  0
LINE
  5
27FF
330
1F
100
AcDbEntity
  8
2
  6
CONTINUOUS
370
25
 62
7
100
AcDbLine
 10
-4.226791733974205
 20
-17.84535834679484
 30
0.0
 11
-2.817861155982805
 21
-16.43642776880344
 31
0.0
  0
LINE
  5
2800
330
1F
100
AcDbEntity
  8
2
  6
CONTINUOUS
370
25
 62
7
100
AcDbLine
 10
-4.757121819864114
 20
-17.95142436397282
 30
0.0
 11
-3.171414546576077
 21
-16.36571709068479
 31
0.0
  0
LINE
  5
2801
330
1F
100
AcDbEntity
  8
2
  6
CONTINUOUS
370
25
 62
7
100
AcDbLine
 10
-5.0
 20
-17.77003847539678
 30
0.0
 11
-3.52496793716935
 21
-16.29500641256613
 31
0.0
  0
LINE
  5
2802
330
1F
100
AcDbEntity
  8
2
  6
CONTINUOUS
370
25
 62
7
100
AcDbLine
 10
-5.0
 20
-17.34577440668485
 30
0.0
 11
-3.878521327762623
 21
-16.22429573444748
 31
0.0
  0
LINE
  5
2803
330
1F
100
AcDbEntity
  8
2
  6
CONTINUOUS
370
25
 62
7
100
AcDbLine
 10
-5.0
 20
-16.92151033797293
 30
0.0
 11
-4.232074718355896
 21
-16.15358505632882
 31
0.0
  0
LINE
  5
2804
330
1F
100
AcDbEntity
  8
2
  6
CONTINUOUS
370
25
 62
7
100
AcDbLine
 10
-5.0
 20
-16.497246269261
 30
0.0
 11
-4.585628108949169
 21
-16.08287437821016
 31
0.0
  0
LINE
  5
2805
330
1F
100
AcDbEntity
  8
2
  6
CONTINUOUS
370
25
 62
7
100
AcDbLine
 10
-5.0
 20
-16.07298220054907
 30
0.0
 11
-4.939181499542442
 21
-16.01216370009151
 31
0.0
  0
LINE
  5
2806
330
1F
100
AcDbEntity
  8
2
  6
CONTINUOUS
370
25
 62
7
100
AcDbLine
 10
-5.0
 20
-17.77003847539678
 30
0.0
 11
-4.808365396163984
 21
-17.9616730792328
 31
0.0
  0
LINE
  5
2807
330
1F
100
AcDbEntity
  8
2
  6
CONTINUOUS
370
25
 62
7
100
AcDbLine
 10
-5.0
 20
-17.34577440668486
 30
0.0
 11
-4.454812005570713
 21
-17.89096240111414
 31
0.0
  0
LINE
  5
2808
330
1F
100
AcDbEntity
  8
2
  6
CONTINUOUS
370
25
 62
7
100
AcDbLine
 10
-5.0
 20
-16.92151033797293
 30
0.0
 11
-4.10125861497744
 21
-17.82025172299549
 31
0.0
  0
LINE
  5
2809
330
1F
100
AcDbEntity
  8
2
  6
CONTINUOUS
370
25
 62
7
100
AcDbLine
 10
-5.0
 20
-16.497246269261
 30
0.0
 11
-3.747705224384166
 21
-17.74954104487683
 31
0.0
  0
LINE
  5
280A
330
1F
100
AcDbEntity
  8
2
  6
CONTINUOUS
370
25
 62
7
100
AcDbLine
 10
-5.0
 20
-16.07298220054907
 30
0.0
 11
-3.394151833790893
 21
-17.67883036675818
 31
0.0
  0
LINE
  5
280B
330
1F
100
AcDbEntity
  8
2
  6
CONTINUOUS
370
25
 62
7
100
AcDbLine
 10
-4.560897664796431
 20
-16.08782046704071
 30
0.0
 11
-3.04059844319762
 21
-17.60811968863952
 31
0.0
  0
LINE
  5
280C
330
1F
100
AcDbEntity
  8
2
  6
CONTINUOUS
370
25
 62
7
100
AcDbLine
 10
-4.030567578906521
 20
-16.19388648421869
 30
0.0
 11
-2.687045052604346
 21
-17.53740901052087
 31
0.0
  0
LINE
  5
280D
330
1F
100
AcDbEntity
  8
2
  6
CONTINUOUS
370
25
 62
7
100
AcDbLine
 10
-3.500237493016611
 20
-16.29995250139668
 30
0.0
 11
-2.333491662011073
 21
-17.46669833240221
 31
0.0
  0
LINE
  5
280E
330
1F
100
AcDbEntity
  8
2
  6
CONTINUOUS
370
25
 62
7
100
AcDbLine
 10
-2.969907407126701
 20
-16.40601851857466
 30
0.0
 11
-1.979938271417799
 21
-17.39598765428356
 31
0.0
  0
LINE
  5
280F
330
1F
100
AcDbEntity
  8
2
  6
CONTINUOUS
370
25
 62
7
100
AcDbLine
 10
-2.43957732123679
 20
-16.51208453575264
 30
0.0
 11
-1.626384880824526
 21
-17.3252769761649
 31
0.0
  0
LINE
  5
2810
330
1F
100
AcDbEntity
  8
2
  6
CONTINUOUS
370
25
 62
7
100
AcDbLine
 10
-1.909247235346879
 20
-16.61815055293063
 30
0.0
 11
-1.272831490231252
 21
-17.25456629804625
 31
0.0
  0
LINE
  5
2811
330
1F
100
AcDbEntity
  8
2
  6
CONTINUOUS
370
25
 62
7
100
AcDbLine
 10
-1.378917149456969
 20
-16.72421657010861
 30
0.0
 11
-0.9192780996379788
 21
-17.18385561992759
 31
0.0
  0
LINE
  5
2812
330
1F
100
AcDbEntity
  8
2
  6
CONTINUOUS
370
25
 62
7
100
AcDbLine
 10
-0.8485870635670586
 20
-16.83028258728659
 30
0.0
 11
-0.5657247090447053
 21
-17.11314494180894
 31
0.0
  0
LINE
  5
2813
330
1F
100
AcDbEntity
  8
2
  6
CONTINUOUS
370
25
 62
7
100
AcDbLine
 10
-0.3182569776771478
 20
-16.93634860446457
 30
0.0
 11
-0.2121713184514317
 21
-17.04243426369029
 31
0.0
  0
LINE
  5
2814
330
1F
100
AcDbEntity
  8
2
  6
CONTINUOUS
370
25
 62
7
100
AcDbLine
 10
9.6
 20
-17.0
 30
0.0
 11
14.6
 21
-16.0
 31
0.0
  0
LINE
  5
2815
330
1F
100
AcDbEntity
  8
2
  6
CONTINUOUS
370
25
 62
7
100
AcDbLine
 10
14.6
 20
-16.0
 30
0.0
 11
14.6
 21
-18.0
 31
0.0
  0
LINE
  5
2816
330
1F
100
AcDbEntity
  8
2
  6
CONTINUOUS
370
25
 62
7
100
AcDbLine
 10
14.6
 20
-18.0
 30
0.0
 11
9.6
 21
-17.0
 31
0.0
  0
LINE
  5
2817
330
1F
100
AcDbEntity
  8
2
  6
CONTINUOUS
370
25
 62
7
100
AcDbLine
 10
14.27663741251867
 20
-17.93532748250374
 30
0.0
 11
14.6
 21
-17.61196489502241
 31
0.0
  0
LINE
  5
2818
330
1F
100
AcDbEntity
  8
2
  6
CONTINUOUS
370
25
 62
7
100
AcDbLine
 10
13.9230840219254
 20
-17.86461680438508
 30
0.0
 11
14.6
 21
-17.18770082631048
 31
0.0
  0
LINE
  5
2819
330
1F
100
AcDbEntity
  8
2
  6
CONTINUOUS
370
25
 62
7
100
AcDbLine
 10
13.56953063133213
 20
-17.79390612626643
 30
0.0
 11
14.6
 21
-16.76343675759856
 31
0.0
  0
LINE
  5
281A
330
1F
100
AcDbEntity
  8
2
  6
CONTINUOUS
370
25
 62
7
100
AcDbLine
 10
13.21597724073885
 20
-17.72319544814777
 30
0.0
 11
14.6
 21
-16.33917268888663
 31
0.0
  0
LINE
  5
281B
330
1F
100
AcDbEntity
  8
2
  6
CONTINUOUS
370
25
 62
7
100
AcDbLine
 10
12.86242385014558
 20
-17.65248477002912
 30
0.0
 11
14.49363577521837
 21
-16.02127284495633
 31
0.0
  0
LINE
  5
281C
330
1F
100
AcDbEntity
  8
2
  6
CONTINUOUS
370
25
 62
7
100
AcDbLine
 10
12.50887045955231
 20
-17.58177409191046
 30
0.0
 11
13.96330568932846
 21
-16.12733886213431
 31
0.0
  0
LINE
  5
281D
330
1F
100
AcDbEntity
  8
2
  6
CONTINUOUS
370
25
 62
7
100
AcDbLine
 10
12.15531706895903
 20
-17.51106341379181
 30
0.0
 11
13.43297560343855
 21
-16.23340487931229
 31
0.0
  0
LINE
  5
281E
330
1F
100
AcDbEntity
  8
2
  6
CONTINUOUS
370
25
 62
7
100
AcDbLine
 10
11.80176367836576
 20
-17.44035273567315
 30
0.0
 11
12.90264551754864
 21
-16.33947089649027
 31
0.0
  0
LINE
  5
281F
330
1F
100
AcDbEntity
  8
2
  6
CONTINUOUS
370
25
 62
7
100
AcDbLine
 10
11.44821028777249
 20
-17.3696420575545
 30
0.0
 11
12.37231543165873
 21
-16.44553691366826
 31
0.0
  0
LINE
  5
2820
330
1F
100
AcDbEntity
  8
2
  6
CONTINUOUS
370
25
 62
7
100
AcDbLine
 10
11.09465689717921
 20
-17.29893137943584
 30
0.0
 11
11.84198534576882
 21
-16.55160293084624
 31
0.0
  0
LINE
  5
2821
330
1F
100
AcDbEntity
  8
2
  6
CONTINUOUS
370
25
 62
7
100
AcDbLine
 10
10.74110350658594
 20
-17.22822070131719
 30
0.0
 11
11.31165525987891
 21
-16.65766894802422
 31
0.0
  0
LINE
  5
2822
330
1F
100
AcDbEntity
  8
2
  6
CONTINUOUS
370
25
 62
7
100
AcDbLine
 10
10.38755011599267
 20
-17.15751002319853
 30
0.0
 11
10.781325173989
 21
-16.7637349652022
 31
0.0
  0
LINE
  5
2823
330
1F
100
AcDbEntity
  8
2
  6
CONTINUOUS
370
25
 62
7
100
AcDbLine
 10
10.0339967253994
 20
-17.08679934507988
 30
0.0
 11
10.25099508809909
 21
-16.86980098238018
 31
0.0
  0
LINE
  5
2824
330
1F
100
AcDbEntity
  8
2
  6
CONTINUOUS
370
25
 62
7
100
AcDbLine
 10
9.680443334806123
 20
-17.01608866696122
 30
0.0
 11
9.720665002209184
 21
-16.97586699955816
 31
0.0
  0
LINE
  5
2825
330
1F
100
AcDbEntity
  8
2
  6
CONTINUOUS
370
25
 62
7
100
AcDbLine
 10
9.811259438184576
 20
-16.95774811236308
 30
0.0
 11
9.916889157276863
 21
-17.06337783145537
 31
0.0
  0
LINE
  5
2826
330
1F
100
AcDbEntity
  8
2
  6
CONTINUOUS
370
25
 62
7
100
AcDbLine
 10
10.16481282877785
 20
-16.88703743424443
 30
0.0
 11
10.44721924316677
 21
-17.16944384863335
 31
0.0
  0
LINE
  5
2827
330
1F
100
AcDbEntity
  8
2
  6
CONTINUOUS
370
25
 62
7
100
AcDbLine
 10
10.51836621937112
 20
-16.81632675612578
 30
0.0
 11
10.97754932905668
 21
-17.27550986581134
 31
0.0
  0
LINE
  5
2828
330
1F
100
AcDbEntity
  8
2
  6
CONTINUOUS
370
25
 62
7
100
AcDbLine
 10
10.8719196099644
 20
-16.74561607800712
 30
0.0
 11
11.50787941494659
 21
-17.38157588298932
 31
0.0
  0
LINE
  5
2829
330
1F
100
AcDbEntity
  8
2
  6
CONTINUOUS
370
25
 62
7
100
AcDbLine
 10
11.22547300055767
 20
-16.67490539988847
 30
0.0
 11
12.0382095008365
 21
-17.4876419001673
 31
0.0
  0
LINE
  5
282A
330
1F
100
AcDbEntity
  8
2
  6
CONTINUOUS
370
25
 62
7
100
AcDbLine
 10
11.57902639115094
 20
-16.60419472176982
 30
0.0
 11
12.56853958672641
 21
-17.59370791734528
 31
0.0
  0
LINE
  5
282B
330
1F
100
AcDbEntity
  8
2
  6
CONTINUOUS
370
25
 62
7
100
AcDbLine
 10
11.93257978174422
 20
-16.53348404365116
 30
0.0
 11
13.09886967261632
 21
-17.69977393452326
 31
0.0
  0
LINE
  5
282C
330
1F
100
AcDbEntity
  8
2
  6
CONTINUOUS
370
25
 62
7
100
AcDbLine
 10
12.28613317233749
 20
-16.46277336553251
 30
0.0
 11
13.62919975850623
 21
-17.80583995170124
 31
0.0
  0
LINE
  5
282D
330
1F
100
AcDbEntity
  8
2
  6
CONTINUOUS
370
25
 62
7
100
AcDbLine
 10
12.63968656293076
 20
-16.39206268741385
 30
0.0
 11
14.15952984439614
 21
-17.91190596887923
 31
0.0
  0
LINE
  5
282E
330
1F
100
AcDbEntity
  8
2
  6
CONTINUOUS
370
25
 62
7
100
AcDbLine
 10
12.99323995352404
 20
-16.3213520092952
 30
0.0
 11
14.6
 21
-17.92811205577116
 31
0.0
  0
LINE
  5
282F
330
1F
100
AcDbEntity
  8
2
  6
CONTINUOUS
370
25
 62
7
100
AcDbLine
 10
13.34679334411731
 20
-16.25064133117654
 30
0.0
 11
14.6
 21
-17.50384798705923
 31
0.0
  0
LINE
  5
2830
330
1F
100
AcDbEntity
  8
2
  6
CONTINUOUS
370
25
 62
7
100
AcDbLine
 10
13.70034673471058
 20
-16.17993065305789
 30
0.0
 11
14.6
 21
-17.0795839183473
 31
0.0
  0
LINE
  5
2831
330
1F
100
AcDbEntity
  8
2
  6
CONTINUOUS
370
25
 62
7
100
AcDbLine
 10
14.05390012530385
 20
-16.10921997493923
 30
0.0
 11
14.6
 21
-16.65531984963538
 31
0.0
  0
LINE
  5
2832
330
1F
100
AcDbEntity
  8
2
  6
CONTINUOUS
370
25
 62
7
100
AcDbLine
 10
14.40745351589713
 20
-16.03850929682058
 30
0.0
 11
14.6
 21
-16.23105578092345
 31
0.0
  0
TEXT
  5
2833
330
1F
100
AcDbEntity
  8
2
  6
CONTINUOUS
370
25
 62
7
100
AcDbText
 10
-13.9625
 20
-15.5
 30
0.0
 40
3.5
  1
9.6
 72
     1
 11
-10.4625
 21
-15.5
 31
0.0
100
AcDbText
  0
LINE
  5
2834
330
1F
100
AcDbEntity
  8
2
  6
CONTINUOUS
370
25
 62
7
100
AcDbLine
 10
38.0
 20
-4.75
 30
0.0
 11
51.0
 21
-4.750000000000002
 31
0.0
  0
LINE
  5
2835
330
1F
100
AcDbEntity
  8
2
  6
CONTINUOUS
370
25
 62
7
100
AcDbLine
 10
51.0
 20
4.749999999999998
 30
0.0
 11
38.0
 21
4.75
 31
0.0
  0
LINE
  5
2836
330
1F
100
AcDbEntity
  8
2
  6
CONTINUOUS
370
25
 62
7
100
AcDbLine
 10
50.0
 20
-11.75
 30
0.0
 11
50.0
 21
24.175
 31
0.0
  0
LINE
  5
2837
330
1F
100
AcDbEntity
  8
2
  6
CONTINUOUS
370
25
 62
7
100
AcDbLine
 10
50.0
 20
-4.750000000000002
 30
0.0
 11
51.0
 21
-9.750000000000002
 31
0.0
  0
LINE
  5
2838
330
1F
100
AcDbEntity
  8
2
  6
CONTINUOUS
370
25
 62
7
100
AcDbLine
 10
51.0
 20
-9.750000000000002
 30
0.0
 11
49.0
 21
-9.750000000000002
 31
0.0
  0
LINE
  5
2839
330
1F
100
AcDbEntity
  8
2
  6
CONTINUOUS
370
25
 62
7
100
AcDbLine
 10
49.0
 20
-9.750000000000002
 30
0.0
 11
50.0
 21
-4.750000000000002
 31
0.0
  0
LINE
  5
283A
330
1F
100
AcDbEntity
  8
2
  6
CONTINUOUS
370
25
 62
7
100
AcDbLine
 10
50.76053636003517
 20
-9.75
 30
0.0
 11
50.9600893933392
 21
-9.550446966695972
 31
0.0
  0
LINE
  5
283B
330
1F
100
AcDbEntity
  8
2
  6
CONTINUOUS
370
25
 62
7
100
AcDbLine
 10
50.33627229132323
 20
-9.75
 30
0.0
 11
50.88937871522054
 21
-9.196893576102696
 31
0.0
  0
LINE
  5
283C
330
1F
100
AcDbEntity
  8
2
  6
CONTINUOUS
370
25
 62
7
100
AcDbLine
 10
49.91200822261131
 20
-9.75
 30
0.0
 11
50.81866803710188
 21
-8.843340185509426
 31
0.0
  0
LINE
  5
283D
330
1F
100
AcDbEntity
  8
2
  6
CONTINUOUS
370
25
 62
7
100
AcDbLine
 10
49.48774415389937
 20
-9.75
 30
0.0
 11
50.74795735898323
 21
-8.489786794916142
 31
0.0
  0
LINE
  5
283E
330
1F
100
AcDbEntity
  8
2
  6
CONTINUOUS
370
25
 62
7
100
AcDbLine
 10
49.06348008518744
 20
-9.75
 30
0.0
 11
50.67724668086458
 21
-8.136233404322859
 31
0.0
  0
LINE
  5
283F
330
1F
100
AcDbEntity
  8
2
  6
CONTINUOUS
370
25
 62
7
100
AcDbLine
 10
49.09019599588112
 20
-9.299020020594384
 30
0.0
 11
50.60653600274592
 21
-7.782680013729582
 31
0.0
  0
LINE
  5
2840
330
1F
100
AcDbEntity
  8
2
  6
CONTINUOUS
370
25
 62
7
100
AcDbLine
 10
49.1962620130591
 20
-8.768689934704469
 30
0.0
 11
50.53582532462727
 21
-7.429126623136305
 31
0.0
  0
LINE
  5
2841
330
1F
100
AcDbEntity
  8
2
  6
CONTINUOUS
370
25
 62
7
100
AcDbLine
 10
49.30232803023709
 20
-8.238359848814554
 30
0.0
 11
50.46511464650862
 21
-7.075573232543029
 31
0.0
  0
LINE
  5
2842
330
1F
100
AcDbEntity
  8
2
  6
CONTINUOUS
370
25
 62
7
100
AcDbLine
 10
49.40839404741507
 20
-7.708029762924646
 30
0.0
 11
50.39440396838995
 21
-6.722019841949766
 31
0.0
  0
LINE
  5
2843
330
1F
100
AcDbEntity
  8
2
  6
CONTINUOUS
370
25
 62
7
100
AcDbLine
 10
49.51446006459306
 20
-7.177699677034724
 30
0.0
 11
50.3236932902713
 21
-6.368466451356483
 31
0.0
  0
LINE
  5
2844
330
1F
100
AcDbEntity
  8
2
  6
CONTINUOUS
370
25
 62
7
100
AcDbLine
 10
49.62052608177104
 20
-6.647369591144816
 30
0.0
 11
50.25298261215264
 21
-6.014913060763213
 31
0.0
  0
LINE
  5
2845
330
1F
100
AcDbEntity
  8
2
  6
CONTINUOUS
370
25
 62
7
100
AcDbLine
 10
49.72659209894902
 20
-6.117039505254901
 30
0.0
 11
50.18227193403399
 21
-5.661359670169929
 31
0.0
  0
LINE
  5
2846
330
1F
100
AcDbEntity
  8
2
  6
CONTINUOUS
370
25
 62
7
100
AcDbLine
 10
49.83265811612701
 20
-5.586709419364979
 30
0.0
 11
50.11156125591533
 21
-5.307806279576653
 31
0.0
  0
LINE
  5
2847
330
1F
100
AcDbEntity
  8
2
  6
CONTINUOUS
370
25
 62
7
100
AcDbLine
 10
49.93872413330499
 20
-5.056379333475057
 30
0.0
 11
50.04085057779668
 21
-4.954252888983376
 31
0.0
  0
LINE
  5
2848
330
1F
100
AcDbEntity
  8
2
  6
CONTINUOUS
370
25
 62
7
100
AcDbLine
 10
49.03442639836823
 20
-9.577868008158859
 30
0.0
 11
49.20655839020937
 21
-9.75
 31
0.0
  0
LINE
  5
2849
330
1F
100
AcDbEntity
  8
2
  6
CONTINUOUS
370
25
 62
7
100
AcDbLine
 10
49.10513707648688
 20
-9.224314617565582
 30
0.0
 11
49.63082245892129
 21
-9.75
 31
0.0
  0
LINE
  5
284A
330
1F
100
AcDbEntity
  8
2
  6
CONTINUOUS
370
25
 62
7
100
AcDbLine
 10
49.17584775460553
 20
-8.870761226972313
 30
0.0
 11
50.05508652763322
 21
-9.75
 31
0.0
  0
LINE
  5
284B
330
1F
100
AcDbEntity
  8
2
  6
CONTINUOUS
370
25
 62
7
100
AcDbLine
 10
49.24655843272419
 20
-8.517207836379036
 30
0.0
 11
50.47935059634516
 21
-9.75
 31
0.0
  0
LINE
  5
284C
330
1F
100
AcDbEntity
  8
2
  6
CONTINUOUS
370
25
 62
7
100
AcDbLine
 10
49.31726911084285
 20
-8.16365444578576
 30
0.0
 11
50.90361466505709
 21
-9.75
 31
0.0
  0
LINE
  5
284D
330
1F
100
AcDbEntity
  8
2
  6
CONTINUOUS
370
25
 62
7
100
AcDbLine
 10
49.3879797889615
 20
-7.810101055192483
 30
0.0
 11
50.91803031655775
 21
-9.340151582788728
 31
0.0
  0
LINE
  5
284E
330
1F
100
AcDbEntity
  8
2
  6
CONTINUOUS
370
25
 62
7
100
AcDbLine
 10
49.45869046708017
 20
-7.456547664599221
 30
0.0
 11
50.81196429937976
 21
-8.809821496898813
 31
0.0
  0
LINE
  5
284F
330
1F
100
AcDbEntity
  8
2
  6
CONTINUOUS
370
25
 62
7
100
AcDbLine
 10
49.52940114519882
 20
-7.102994274005944
 30
0.0
 11
50.70589828220178
 21
-8.279491411008905
 31
0.0
  0
LINE
  5
2850
330
1F
100
AcDbEntity
  8
2
  6
CONTINUOUS
370
25
 62
7
100
AcDbLine
 10
49.60011182331747
 20
-6.74944088341266
 30
0.0
 11
50.59983226502379
 21
-7.749161325118983
 31
0.0
  0
LINE
  5
2851
330
1F
100
AcDbEntity
  8
2
  6
CONTINUOUS
370
25
 62
7
100
AcDbLine
 10
49.67082250143613
 20
-6.395887492819384
 30
0.0
 11
50.49376624784582
 21
-7.218831239229075
 31
0.0
  0
LINE
  5
2852
330
1F
100
AcDbEntity
  8
2
  6
CONTINUOUS
370
25
 62
7
100
AcDbLine
 10
49.74153317955478
 20
-6.0423341022261
 30
0.0
 11
50.38770023066783
 21
-6.688501153339153
 31
0.0
  0
LINE
  5
2853
330
1F
100
AcDbEntity
  8
2
  6
CONTINUOUS
370
25
 62
7
100
AcDbLine
 10
49.81224385767344
 20
-5.68878071163283
 30
0.0
 11
50.28163421348984
 21
-6.158171067449231
 31
0.0
  0
LINE
  5
2854
330
1F
100
AcDbEntity
  8
2
  6
CONTINUOUS
370
25
 62
7
100
AcDbLine
 10
49.88295453579209
 20
-5.335227321039554
 30
0.0
 11
50.17556819631186
 21
-5.627840981559324
 31
0.0
  0
LINE
  5
2855
330
1F
100
AcDbEntity
  8
2
  6
CONTINUOUS
370
25
 62
7
100
AcDbLine
 10
49.95366521391075
 20
-4.98167393044627
 30
0.0
 11
50.06950217913388
 21
-5.097510895669409
 31
0.0
  0
LINE
  5
2856
330
1F
100
AcDbEntity
  8
2
  6
CONTINUOUS
370
25
 62
7
100
AcDbLine
 10
50.0
 20
4.749999999999998
 30
0.0
 11
49.0
 21
9.749999999999998
 31
0.0
  0
LINE
  5
2857
330
1F
100
AcDbEntity
  8
2
  6
CONTINUOUS
370
25
 62
7
100
AcDbLine
 10
49.0
 20
9.749999999999998
 30
0.0
 11
51.0
 21
9.749999999999998
 31
0.0
  0
LINE
  5
2858
330
1F
100
AcDbEntity
  8
2
  6
CONTINUOUS
370
25
 62
7
100
AcDbLine
 10
51.0
 20
9.749999999999998
 30
0.0
 11
50.0
 21
4.749999999999998
 31
0.0
  0
LINE
  5
2859
330
1F
100
AcDbEntity
  8
2
  6
CONTINUOUS
370
25
 62
7
100
AcDbLine
 10
49.97283109313614
 20
4.885844534319283
 30
0.0
 11
50.04075336029579
 21
4.953766801478935
 31
0.0
  0
LINE
  5
285A
330
1F
100
AcDbEntity
  8
2
  6
CONTINUOUS
370
25
 62
7
100
AcDbLine
 10
49.90212041501749
 20
5.239397924912566
 30
0.0
 11
50.14681937747378
 21
5.484096887368857
 31
0.0
  0
LINE
  5
285B
330
1F
100
AcDbEntity
  8
2
  6
CONTINUOUS
370
25
 62
7
100
AcDbLine
 10
49.83140973689883
 20
5.592951315505836
 30
0.0
 11
50.25288539465176
 21
6.014426973258765
 31
0.0
  0
LINE
  5
285C
330
1F
100
AcDbEntity
  8
2
  6
CONTINUOUS
370
25
 62
7
100
AcDbLine
 10
49.76069905878018
 20
5.94650470609912
 30
0.0
 11
50.35895141182974
 21
6.544757059148679
 31
0.0
  0
LINE
  5
285D
330
1F
100
AcDbEntity
  8
2
  6
CONTINUOUS
370
25
 62
7
100
AcDbLine
 10
49.68998838066153
 20
6.300058096692396
 30
0.0
 11
50.46501742900772
 21
7.075087145038594
 31
0.0
  0
LINE
  5
285E
330
1F
100
AcDbEntity
  8
2
  6
CONTINUOUS
370
25
 62
7
100
AcDbLine
 10
49.61927770254287
 20
6.653611487285673
 30
0.0
 11
50.5710834461857
 21
7.605417230928502
 31
0.0
  0
LINE
  5
285F
330
1F
100
AcDbEntity
  8
2
  6
CONTINUOUS
370
25
 62
7
100
AcDbLine
 10
49.54856702442422
 20
7.007164877878949
 30
0.0
 11
50.67714946336368
 21
8.13574731681841
 31
0.0
  0
LINE
  5
2860
330
1F
100
AcDbEntity
  8
2
  6
CONTINUOUS
370
25
 62
7
100
AcDbLine
 10
49.47785634630556
 20
7.360718268472226
 30
0.0
 11
50.78321548054166
 21
8.666077402708325
 31
0.0
  0
LINE
  5
2861
330
1F
100
AcDbEntity
  8
2
  6
CONTINUOUS
370
25
 62
7
100
AcDbLine
 10
49.4071456681869
 20
7.714271659065503
 30
0.0
 11
50.88928149771964
 21
9.19640748859824
 31
0.0
  0
LINE
  5
2862
330
1F
100
AcDbEntity
  8
2
  6
CONTINUOUS
370
25
 62
7
100
AcDbLine
 10
49.33643499006824
 20
8.067825049658772
 30
0.0
 11
50.99534751489763
 21
9.726737574488155
 31
0.0
  0
LINE
  5
2863
330
1F
100
AcDbEntity
  8
2
  6
CONTINUOUS
370
25
 62
7
100
AcDbLine
 10
49.26572431194959
 20
8.421378440252056
 30
0.0
 11
50.59434587169754
 21
9.75
 31
0.0
  0
LINE
  5
2864
330
1F
100
AcDbEntity
  8
2
  6
CONTINUOUS
370
25
 62
7
100
AcDbLine
 10
49.19501363383094
 20
8.774931830845333
 30
0.0
 11
50.17008180298561
 21
9.75
 31
0.0
  0
LINE
  5
2865
330
1F
100
AcDbEntity
  8
2
  6
CONTINUOUS
370
25
 62
7
100
AcDbLine
 10
49.12430295571228
 20
9.12848522143861
 30
0.0
 11
49.74581773427367
 21
9.75
 31
0.0
  0
LINE
  5
2866
330
1F
100
AcDbEntity
  8
2
  6
CONTINUOUS
370
25
 62
7
100
AcDbLine
 10
49.05359227759363
 20
9.482038612031886
 30
0.0
 11
49.32155366556174
 21
9.75
 31
0.0
  0
LINE
  5
2867
330
1F
100
AcDbEntity
  8
2
  6
CONTINUOUS
370
25
 62
7
100
AcDbLine
 10
49.89891776686232
 20
5.255411165688379
 30
0.0
 11
50.06738815542511
 21
5.086940777125584
 31
0.0
  0
LINE
  5
2868
330
1F
100
AcDbEntity
  8
2
  6
CONTINUOUS
370
25
 62
7
100
AcDbLine
 10
49.79285174968434
 20
5.785741251578287
 30
0.0
 11
50.13809883354376
 21
5.44049416771886
 31
0.0
  0
LINE
  5
2869
330
1F
100
AcDbEntity
  8
2
  6
CONTINUOUS
370
25
 62
7
100
AcDbLine
 10
49.68678573250636
 20
6.316071337468209
 30
0.0
 11
50.20880951166243
 21
5.794047558312137
 31
0.0
  0
LINE
  5
286A
330
1F
100
AcDbEntity
  8
2
  6
CONTINUOUS
370
25
 62
7
100
AcDbLine
 10
49.58071971532837
 20
6.846401423358124
 30
0.0
 11
50.27952018978108
 21
6.147600948905414
 31
0.0
  0
LINE
  5
286B
330
1F
100
AcDbEntity
  8
2
  6
CONTINUOUS
370
25
 62
7
100
AcDbLine
 10
49.47465369815039
 20
7.376731509248039
 30
0.0
 11
50.35023086789974
 21
6.50115433949869
 31
0.0
  0
LINE
  5
286C
330
1F
100
AcDbEntity
  8
2
  6
CONTINUOUS
370
25
 62
7
100
AcDbLine
 10
49.36858768097241
 20
7.907061595137947
 30
0.0
 11
50.42094154601839
 21
6.854707730091967
 31
0.0
  0
LINE
  5
286D
330
1F
100
AcDbEntity
  8
2
  6
CONTINUOUS
370
25
 62
7
100
AcDbLine
 10
49.26252166379443
 20
8.437391681027862
 30
0.0
 11
50.49165222413704
 21
7.20826112068525
 31
0.0
  0
LINE
  5
286E
330
1F
100
AcDbEntity
  8
2
  6
CONTINUOUS
370
25
 62
7
100
AcDbLine
 10
49.15645564661644
 20
8.967721766917776
 30
0.0
 11
50.5623629022557
 21
7.56181451127852
 31
0.0
  0
LINE
  5
286F
330
1F
100
AcDbEntity
  8
2
  6
CONTINUOUS
370
25
 62
7
100
AcDbLine
 10
49.05038962943846
 20
9.498051852807691
 30
0.0
 11
50.63307358037436
 21
7.915367901871797
 31
0.0
  0
LINE
  5
2870
330
1F
100
AcDbEntity
  8
2
  6
CONTINUOUS
370
25
 62
7
100
AcDbLine
 10
49.22270555095808
 20
9.75
 30
0.0
 11
50.70378425849302
 21
8.268921292465066
 31
0.0
  0
LINE
  5
2871
330
1F
100
AcDbEntity
  8
2
  6
CONTINUOUS
370
25
 62
7
100
AcDbLine
 10
49.64696961967001
 20
9.75
 30
0.0
 11
50.77449493661167
 21
8.622474683058343
 31
0.0
  0
LINE
  5
2872
330
1F
100
AcDbEntity
  8
2
  6
CONTINUOUS
370
25
 62
7
100
AcDbLine
 10
50.07123368838194
 20
9.75
 30
0.0
 11
50.84520561473033
 21
8.97602807365162
 31
0.0
  0
LINE
  5
2873
330
1F
100
AcDbEntity
  8
2
  6
CONTINUOUS
370
25
 62
7
100
AcDbLine
 10
50.49549775709388
 20
9.75
 30
0.0
 11
50.91591629284898
 21
9.329581464244896
 31
0.0
  0
LINE
  5
2874
330
1F
100
AcDbEntity
  8
2
  6
CONTINUOUS
370
25
 62
7
100
AcDbLine
 10
50.91976182580581
 20
9.75
 30
0.0
 11
50.98662697096763
 21
9.683134854838173
 31
0.0
  0
TEXT
  5
2875
330
1F
100
AcDbEntity
  8
2
  6
CONTINUOUS
370
25
 62
7
100
AcDbText
 10
48.5
 20
15.7375
 30
0.0
 40
3.5
  1
9.5
 50
90.00000000000001
 72
     1
 11
48.5
 21
19.2375
 31
0.0
100
AcDbText
  0
CIRCLE
  5
2876
330
1F
100
AcDbEntity
  8
2
  6
CONTINUOUS
370
25
 62
7
100
AcDbCircle
 10
46.75
 20
12.7625
 30
0.0
 40
1.4
  0
LINE
  5
2877
330
1F
100
AcDbEntity
  8
2
  6
CONTINUOUS
370
25
 62
7
100
AcDbLine
 10
48.15
 20
11.3625
 30
0.0
 11
45.35
 21
14.1625
 31
0.0
  0
LINE
  5
2878
330
1F
100
AcDbEntity
  8
SK2
  6
CONTINUOUS
370
25
 62
7
100
AcDbLine
 10
-5.000000200000001
 20
-4.900000999999999
 30
0.0
 11
-6.000000000000062
 21
-4.900000999999999
 31
0.0
  0
LINE
  5
2879
330
1F
100
AcDbEntity
  8
SK2
  6
CONTINUOUS
370
25
 62
7
100
AcDbLine
 10
10.0
 20
-4.900001
 30
0.0
 11
-4.999999799999999
 21
-4.900000999999999
 31
0.0
  0
LINE
  5
287A
330
1F
100
AcDbEntity
  8
SK2
  6
CONTINUOUS
370
25
 62
7
100
AcDbLine
 10
-5.999999999999999
 20
4.900000000000002
 30
0.0
 11
10.0
 21
4.9
 31
0.0
  0
LINE
  5
287B
330
1F
100
AcDbEntity
  8
SK2
  6
CONTINUOUS
370
25
 62
7
100
AcDbLine
 10
-5.0
 20
-24.325
 30
0.0
 11
-5.0
 21
11.90000000000001
 31
0.0
  0
LINE
  5
287C
330
1F
100
AcDbEntity
  8
SK2
  6
CONTINUOUS
370
25
 62
7
100
AcDbLine
 10
-5.0
 20
-4.899999999999999
 30
0.0
 11
-4.0
 21
-9.899999999999999
 31
0.0
  0
LINE
  5
287D
330
1F
100
AcDbEntity
  8
SK2
  6
CONTINUOUS
370
25
 62
7
100
AcDbLine
 10
-4.0
 20
-9.899999999999999
 30
0.0
 11
-6.0
 21
-9.899999999999999
 31
0.0
  0
LINE
  5
287E
330
1F
100
AcDbEntity
  8
SK2
  6
CONTINUOUS
370
25
 62
7
100
AcDbLine
 10
-6.0
 20
-9.899999999999999
 30
0.0
 11
-5.0
 21
-4.899999999999999
 31
0.0
  0
LINE
  5
287F
330
1F
100
AcDbEntity
  8
SK2
  6
CONTINUOUS
370
25
 62
7
100
AcDbLine
 10
-4.359398776126106
 20
-9.899999999999999
 30
0.0
 11
-4.059899796021018
 21
-9.60050101989491
 31
0.0
  0
LINE
  5
2880
330
1F
100
AcDbEntity
  8
SK2
  6
CONTINUOUS
370
25
 62
7
100
AcDbLine
 10
-4.783662844838034
 20
-9.899999999999999
 30
0.0
 11
-4.130610474139672
 21
-9.246947629301637
 31
0.0
  0
LINE
  5
2881
330
1F
100
AcDbEntity
  8
SK2
  6
CONTINUOUS
370
25
 62
7
100
AcDbLine
 10
-5.207926913549962
 20
-9.899999999999999
 30
0.0
 11
-4.201321152258327
 21
-8.893394238708364
 31
0.0
  0
LINE
  5
2882
330
1F
100
AcDbEntity
  8
SK2
  6
CONTINUOUS
370
25
 62
7
100
AcDbLine
 10
-5.632190982261889
 20
-9.899999999999999
 30
0.0
 11
-4.272031830376982
 21
-8.539840848115091
 31
0.0
  0
LINE
  5
2883
330
1F
100
AcDbEntity
  8
SK2
  6
CONTINUOUS
370
25
 62
7
100
AcDbLine
 10
-5.985886237256546
 20
-9.829431186282726
 30
0.0
 11
-4.342742508495636
 21
-8.186287457521818
 31
0.0
  0
LINE
  5
2884
330
1F
100
AcDbEntity
  8
SK2
  6
CONTINUOUS
370
25
 62
7
100
AcDbLine
 10
-5.879820220078564
 20
-9.299101100392818
 30
0.0
 11
-4.413453186614292
 21
-7.832734066928544
 31
0.0
  0
LINE
  5
2885
330
1F
100
AcDbEntity
  8
SK2
  6
CONTINUOUS
370
25
 62
7
100
AcDbLine
 10
-5.773754202900582
 20
-8.768771014502907
 30
0.0
 11
-4.484163864732946
 21
-7.479180676335271
 31
0.0
  0
LINE
  5
2886
330
1F
100
AcDbEntity
  8
SK2
  6
CONTINUOUS
370
25
 62
7
100
AcDbLine
 10
-5.667688185722599
 20
-8.238440928612995
 30
0.0
 11
-4.554874542851601
 21
-7.125627285741995
 31
0.0
  0
LINE
  5
2887
330
1F
100
AcDbEntity
  8
SK2
  6
CONTINUOUS
370
25
 62
7
100
AcDbLine
 10
-5.561622168544617
 20
-7.708110842723085
 30
0.0
 11
-4.625585220970255
 21
-6.772073895148722
 31
0.0
  0
LINE
  5
2888
330
1F
100
AcDbEntity
  8
SK2
  6
CONTINUOUS
370
25
 62
7
100
AcDbLine
 10
-5.455556151366635
 20
-7.177780756833175
 30
0.0
 11
-4.69629589908891
 21
-6.41852050455545
 31
0.0
  0
LINE
  5
2889
330
1F
100
AcDbEntity
  8
SK2
  6
CONTINUOUS
370
25
 62
7
100
AcDbLine
 10
-5.349490134188653
 20
-6.647450670943265
 30
0.0
 11
-4.767006577207565
 21
-6.064967113962177
 31
0.0
  0
LINE
  5
288A
330
1F
100
AcDbEntity
  8
SK2
  6
CONTINUOUS
370
25
 62
7
100
AcDbLine
 10
-5.243424117010671
 20
-6.117120585053356
 30
0.0
 11
-4.837717255326219
 21
-5.711413723368904
 31
0.0
  0
LINE
  5
288B
330
1F
100
AcDbEntity
  8
SK2
  6
CONTINUOUS
370
25
 62
7
100
AcDbLine
 10
-5.13735809983269
 20
-5.586790499163445
 30
0.0
 11
-4.908427933444874
 21
-5.35786033277563
 31
0.0
  0
LINE
  5
288C
330
1F
100
AcDbEntity
  8
SK2
  6
CONTINUOUS
370
25
 62
7
100
AcDbLine
 10
-5.031292082654706
 20
-5.056460413273531
 30
0.0
 11
-4.979138611563529
 21
-5.004306942182355
 31
0.0
  0
LINE
  5
288D
330
1F
100
AcDbEntity
  8
SK2
  6
CONTINUOUS
370
25
 62
7
100
AcDbLine
 10
-5.980421273916589
 20
-9.802106369582948
 30
0.0
 11
-5.882527643499539
 21
-9.899999999999999
 31
0.0
  0
LINE
  5
288E
330
1F
100
AcDbEntity
  8
SK2
  6
CONTINUOUS
370
25
 62
7
100
AcDbLine
 10
-5.909710595797936
 20
-9.448552978989675
 30
0.0
 11
-5.45826357478761
 21
-9.899999999999999
 31
0.0
  0
LINE
  5
288F
330
1F
100
AcDbEntity
  8
SK2
  6
CONTINUOUS
370
25
 62
7
100
AcDbLine
 10
-5.83899991767928
 20
-9.094999588396401
 30
0.0
 11
-5.033999506075682
 21
-9.899999999999999
 31
0.0
  0
LINE
  5
2890
330
1F
100
AcDbEntity
  8
SK2
  6
CONTINUOUS
370
25
 62
7
100
AcDbLine
 10
-5.768289239560627
 20
-8.741446197803125
 30
0.0
 11
-4.609735437363753
 21
-9.899999999999999
 31
0.0
  0
LINE
  5
2891
330
1F
100
AcDbEntity
  8
SK2
  6
CONTINUOUS
370
25
 62
7
100
AcDbLine
 10
-5.69757856144197
 20
-8.387892807209855
 30
0.0
 11
-4.185471368651825
 21
-9.899999999999999
 31
0.0
  0
LINE
  5
2892
330
1F
100
AcDbEntity
  8
SK2
  6
CONTINUOUS
370
25
 62
7
100
AcDbLine
 10
-5.626867883323317
 20
-8.034339416616582
 30
0.0
 11
-4.059698175015025
 21
-9.601509124924874
 31
0.0
  0
LINE
  5
2893
330
1F
100
AcDbEntity
  8
SK2
  6
CONTINUOUS
370
25
 62
7
100
AcDbLine
 10
-5.556157205204661
 20
-7.680786026023308
 30
0.0
 11
-4.165764192193008
 21
-9.071179039034961
 31
0.0
  0
LINE
  5
2894
330
1F
100
AcDbEntity
  8
SK2
  6
CONTINUOUS
370
25
 62
7
100
AcDbLine
 10
-5.485446527086008
 20
-7.327232635430033
 30
0.0
 11
-4.271830209370989
 21
-8.540848953145051
 31
0.0
  0
LINE
  5
2895
330
1F
100
AcDbEntity
  8
SK2
  6
CONTINUOUS
370
25
 62
7
100
AcDbLine
 10
-5.414735848967352
 20
-6.973679244836762
 30
0.0
 11
-4.377896226548971
 21
-8.010518867255142
 31
0.0
  0
LINE
  5
2896
330
1F
100
AcDbEntity
  8
SK2
  6
CONTINUOUS
370
25
 62
7
100
AcDbLine
 10
-5.344025170848699
 20
-6.620125854243487
 30
0.0
 11
-4.483962243726953
 21
-7.480188781365232
 31
0.0
  0
LINE
  5
2897
330
1F
100
AcDbEntity
  8
SK2
  6
CONTINUOUS
370
25
 62
7
100
AcDbLine
 10
-5.273314492730043
 20
-6.266572463650215
 30
0.0
 11
-4.590028260904935
 21
-6.949858695475323
 31
0.0
  0
LINE
  5
2898
330
1F
100
AcDbEntity
  8
SK2
  6
CONTINUOUS
370
25
 62
7
100
AcDbLine
 10
-5.202603814611389
 20
-5.91301907305694
 30
0.0
 11
-4.696094278082917
 21
-6.419528609585412
 31
0.0
  0
LINE
  5
2899
330
1F
100
AcDbEntity
  8
SK2
  6
CONTINUOUS
370
25
 62
7
100
AcDbLine
 10
-5.131893136492734
 20
-5.559465682463667
 30
0.0
 11
-4.802160295260899
 21
-5.889198523695502
 31
0.0
  0
LINE
  5
289A
330
1F
100
AcDbEntity
  8
SK2
  6
CONTINUOUS
370
25
 62
7
100
AcDbLine
 10
-5.061182458374079
 20
-5.205912291870394
 30
0.0
 11
-4.908226312438882
 21
-5.358868437805591
 31
0.0
  0
LINE
  5
289B
330
1F
100
AcDbEntity
  8
SK2
  6
CONTINUOUS
370
25
 62
7
100
AcDbLine
 10
-4.999999999999999
 20
4.900000000000002
 30
0.0
 11
-5.999999999999999
 21
9.900000000000002
 31
0.0
  0
LINE
  5
289C
330
1F
100
AcDbEntity
  8
SK2
  6
CONTINUOUS
370
25
 62
7
100
AcDbLine
 10
-5.999999999999999
 20
9.900000000000002
 30
0.0
 11
-3.999999999999999
 21
9.900000000000002
 31
0.0
  0
LINE
  5
289D
330
1F
100
AcDbEntity
  8
SK2
  6
CONTINUOUS
370
25
 62
7
100
AcDbLine
 10
-3.999999999999999
 20
9.900000000000002
 30
0.0
 11
-4.999999999999999
 21
4.900000000000002
 31
0.0
  0
LINE
  5
289E
330
1F
100
AcDbEntity
  8
SK2
  6
CONTINUOUS
370
25
 62
7
100
AcDbLine
 10
-5.047056274847713
 20
5.13528137423857
 30
0.0
 11
-4.929415587728429
 21
5.252922061357854
 31
0.0
  0
LINE
  5
289F
330
1F
100
AcDbEntity
  8
SK2
  6
CONTINUOUS
370
25
 62
7
100
AcDbLine
 10
-5.117766952966368
 20
5.488834764831843
 30
0.0
 11
-4.823349570550447
 21
5.783252147247763
 31
0.0
  0
LINE
  5
28A0
330
1F
100
AcDbEntity
  8
SK2
  6
CONTINUOUS
370
25
 62
7
100
AcDbLine
 10
-5.188477631085022
 20
5.842388155425116
 30
0.0
 11
-4.717283553372465
 21
6.313582233137673
 31
0.0
  0
LINE
  5
28A1
330
1F
100
AcDbEntity
  8
SK2
  6
CONTINUOUS
370
25
 62
7
100
AcDbLine
 10
-5.259188309203677
 20
6.19594154601839
 30
0.0
 11
-4.611217536194483
 21
6.843912319027583
 31
0.0
  0
LINE
  5
28A2
330
1F
100
AcDbEntity
  8
SK2
  6
CONTINUOUS
370
25
 62
7
100
AcDbLine
 10
-5.329898987322331
 20
6.549494936611664
 30
0.0
 11
-4.505151519016501
 21
7.374242404917495
 31
0.0
  0
LINE
  5
28A3
330
1F
100
AcDbEntity
  8
SK2
  6
CONTINUOUS
370
25
 62
7
100
AcDbLine
 10
-5.400609665440986
 20
6.903048327204937
 30
0.0
 11
-4.399085501838519
 21
7.904572490807404
 31
0.0
  0
LINE
  5
28A4
330
1F
100
AcDbEntity
  8
SK2
  6
CONTINUOUS
370
25
 62
7
100
AcDbLine
 10
-5.47132034355964
 20
7.25660171779821
 30
0.0
 11
-4.293019484660538
 21
8.434902576697311
 31
0.0
  0
LINE
  5
28A5
330
1F
100
AcDbEntity
  8
SK2
  6
CONTINUOUS
370
25
 62
7
100
AcDbLine
 10
-5.542031021678295
 20
7.610155108391484
 30
0.0
 11
-4.186953467482555
 21
8.965232662587225
 31
0.0
  0
LINE
  5
28A6
330
1F
100
AcDbEntity
  8
SK2
  6
CONTINUOUS
370
25
 62
7
100
AcDbLine
 10
-5.61274169979695
 20
7.963708498984758
 30
0.0
 11
-4.080887450304573
 21
9.495562748477134
 31
0.0
  0
LINE
  5
28A7
330
1F
100
AcDbEntity
  8
SK2
  6
CONTINUOUS
370
25
 62
7
100
AcDbLine
 10
-5.683452377915605
 20
8.317261889578031
 30
0.0
 11
-4.100714267493633
 21
9.900000000000002
 31
0.0
  0
LINE
  5
28A8
330
1F
100
AcDbEntity
  8
SK2
  6
CONTINUOUS
370
25
 62
7
100
AcDbLine
 10
-5.754163056034259
 20
8.670815280171304
 30
0.0
 11
-4.524978336205561
 21
9.900000000000002
 31
0.0
  0
LINE
  5
28A9
330
1F
100
AcDbEntity
  8
SK2
  6
CONTINUOUS
370
25
 62
7
100
AcDbLine
 10
-5.824873734152914
 20
9.024368670764577
 30
0.0
 11
-4.949242404917489
 21
9.900000000000002
 31
0.0
  0
LINE
  5
28AA
330
1F
100
AcDbEntity
  8
SK2
  6
CONTINUOUS
370
25
 62
7
100
AcDbLine
 10
-5.89558441227157
 20
9.37792206135785
 30
0.0
 11
-5.373506473629419
 21
9.900000000000002
 31
0.0
  0
LINE
  5
28AB
330
1F
100
AcDbEntity
  8
SK2
  6
CONTINUOUS
370
25
 62
7
100
AcDbLine
 10
-5.966295090390223
 20
9.731475451951127
 30
0.0
 11
-5.797770542341347
 21
9.900000000000002
 31
0.0
  0
LINE
  5
28AC
330
1F
100
AcDbEntity
  8
SK2
  6
CONTINUOUS
370
25
 62
7
100
AcDbLine
 10
-5.085255539429689
 20
5.32627769714845
 30
0.0
 11
-4.943162973713539
 21
5.184185131432301
 31
0.0
  0
LINE
  5
28AD
330
1F
100
AcDbEntity
  8
SK2
  6
CONTINUOUS
370
25
 62
7
100
AcDbLine
 10
-5.19132155660767
 20
5.856607783038357
 30
0.0
 11
-4.872452295594885
 21
5.537738522025573
 31
0.0
  0
LINE
  5
28AE
330
1F
100
AcDbEntity
  8
SK2
  6
CONTINUOUS
370
25
 62
7
100
AcDbLine
 10
-5.297387573785652
 20
6.386937868928269
 30
0.0
 11
-4.80174161747623
 21
5.891291912618847
 31
0.0
  0
LINE
  5
28AF
330
1F
100
AcDbEntity
  8
SK2
  6
CONTINUOUS
370
25
 62
7
100
AcDbLine
 10
-5.403453590963634
 20
6.917267954818178
 30
0.0
 11
-4.731030939357575
 21
6.24484530321212
 31
0.0
  0
LINE
  5
28B0
330
1F
100
AcDbEntity
  8
SK2
  6
CONTINUOUS
370
25
 62
7
100
AcDbLine
 10
-5.509519608141615
 20
7.447598040708084
 30
0.0
 11
-4.660320261238922
 21
6.598398693805392
 31
0.0
  0
LINE
  5
28B1
330
1F
100
AcDbEntity
  8
SK2
  6
CONTINUOUS
370
25
 62
7
100
AcDbLine
 10
-5.615585625319598
 20
7.977928126597996
 30
0.0
 11
-4.589609583120266
 21
6.951952084398665
 31
0.0
  0
LINE
  5
28B2
330
1F
100
AcDbEntity
  8
SK2
  6
CONTINUOUS
370
25
 62
7
100
AcDbLine
 10
-5.72165164249758
 20
8.508258212487904
 30
0.0
 11
-4.518898905001612
 21
7.305505474991938
 31
0.0
  0
LINE
  5
28B3
330
1F
100
AcDbEntity
  8
SK2
  6
CONTINUOUS
370
25
 62
7
100
AcDbLine
 10
-5.827717659675562
 20
9.038588298377814
 30
0.0
 11
-4.448188226882957
 21
7.659058865585212
 31
0.0
  0
LINE
  5
28B4
330
1F
100
AcDbEntity
  8
SK2
  6
CONTINUOUS
370
25
 62
7
100
AcDbLine
 10
-5.933783676853544
 20
9.568918384267723
 30
0.0
 11
-4.377477548764302
 21
8.012612256178485
 31
0.0
  0
LINE
  5
28B5
330
1F
100
AcDbEntity
  8
SK2
  6
CONTINUOUS
370
25
 62
7
100
AcDbLine
 10
-5.840601223873894
 20
9.900000000000002
 30
0.0
 11
-4.306766870645648
 21
8.366165646771758
 31
0.0
  0
LINE
  5
28B6
330
1F
100
AcDbEntity
  8
SK2
  6
CONTINUOUS
370
25
 62
7
100
AcDbLine
 10
-5.416337155161967
 20
9.900000000000002
 30
0.0
 11
-4.236056192526993
 21
8.719719037365032
 31
0.0
  0
LINE
  5
28B7
330
1F
100
AcDbEntity
  8
SK2
  6
CONTINUOUS
370
25
 62
7
100
AcDbLine
 10
-4.992073086450038
 20
9.900000000000002
 30
0.0
 11
-4.165345514408338
 21
9.073272427958305
 31
0.0
  0
LINE
  5
28B8
330
1F
100
AcDbEntity
  8
SK2
  6
CONTINUOUS
370
25
 62
7
100
AcDbLine
 10
-4.56780901773811
 20
9.900000000000002
 30
0.0
 11
-4.094634836289684
 21
9.426825818551578
 31
0.0
  0
LINE
  5
28B9
330
1F
100
AcDbEntity
  8
SK2
  6
CONTINUOUS
370
25
 62
7
100
AcDbLine
 10
-4.143544949026181
 20
9.900000000000002
 30
0.0
 11
-4.023924158171029
 21
9.78037920914485
 31
0.0
  0
TEXT
  5
28BA
330
1F
100
AcDbEntity
  8
SK2
  6
CONTINUOUS
370
25
 62
7
100
AcDbText
 10
-6.499999999999999
 20
-18.3375
 30
0.0
 40
3.499999999999999
  1
9.8
 50
90.00000000000001
 72
     1
 11
-6.500000000000001
 21
-14.8375
 31
0.0
100
AcDbText
  0
CIRCLE
  5
28BB
330
1F
100
AcDbEntity
  8
SK2
  6
CONTINUOUS
370
25
 62
7
100
AcDbCircle
 10
-8.25
 20
-21.3125
 30
0.0
 40
1.400000000000002
  0
LINE
  5
28BC
330
1F
100
AcDbEntity
  8
SK2
  6
CONTINUOUS
370
25
 62
7
100
AcDbLine
 10
-6.850000000000001
 20
-22.7125
 30
0.0
 11
-9.650000000000002
 21
-19.9125
 31
0.0
  0
LINE
  5
28BD
330
1F
100
AcDbEntity
  8
2
  6
CONTINUOUS
370
25
 62
7
100
AcDbLine
 10
11.75
 20
-4.75
 30
0.0
 11
11.75
 21
-27.75
 31
0.0
  0
LINE
  5
28BE
330
1F
100
AcDbEntity
  8
2
  6
CONTINUOUS
370
25
 62
7
100
AcDbLine
 10
38.0
 20
-27.75
 30
0.0
 11
38.0
 21
-4.75
 31
0.0
  0
LINE
  5
28BF
330
1F
100
AcDbEntity
  8
2
  6
CONTINUOUS
370
25
 62
7
100
AcDbLine
 10
11.75
 20
-26.75
 30
0.0
 11
38.0
 21
-26.75
 31
0.0
  0
LINE
  5
28C0
330
1F
100
AcDbEntity
  8
2
  6
CONTINUOUS
370
25
 62
7
100
AcDbLine
 10
11.75
 20
-26.75
 30
0.0
 11
16.75
 21
-25.75
 31
0.0
  0
LINE
  5
28C1
330
1F
100
AcDbEntity
  8
2
  6
CONTINUOUS
370
25
 62
7
100
AcDbLine
 10
16.75
 20
-25.75
 30
0.0
 11
16.75
 21
-27.75
 31
0.0
  0
LINE
  5
28C2
330
1F
100
AcDbEntity
  8
2
  6
CONTINUOUS
370
25
 62
7
100
AcDbLine
 10
16.75
 20
-27.75
 30
0.0
 11
11.75
 21
-26.75
 31
0.0
  0
LINE
  5
28C3
330
1F
100
AcDbEntity
  8
2
  6
CONTINUOUS
370
25
 62
7
100
AcDbLine
 10
16.44380914257368
 20
-27.68876182851474
 30
0.0
 11
16.75
 21
-27.38257097108841
 31
0.0
  0
LINE
  5
28C4
330
1F
100
AcDbEntity
  8
2
  6
CONTINUOUS
370
25
 62
7
100
AcDbLine
 10
16.0902557519804
 20
-27.61805115039608
 30
0.0
 11
16.75
 21
-26.95830690237648
 31
0.0
  0
LINE
  5
28C5
330
1F
100
AcDbEntity
  8
2
  6
CONTINUOUS
370
25
 62
7
100
AcDbLine
 10
15.73670236138713
 20
-27.54734047227743
 30
0.0
 11
16.75
 21
-26.53404283366456
 31
0.0
  0
LINE
  5
28C6
330
1F
100
AcDbEntity
  8
2
  6
CONTINUOUS
370
25
 62
7
100
AcDbLine
 10
15.38314897079385
 20
-27.47662979415877
 30
0.0
 11
16.75
 21
-26.10977876495263
 31
0.0
  0
LINE
  5
28C7
330
1F
100
AcDbEntity
  8
2
  6
CONTINUOUS
370
25
 62
7
100
AcDbLine
 10
15.02959558020058
 20
-27.40591911604012
 30
0.0
 11
16.66939337030087
 21
-25.76612132593982
 31
0.0
  0
LINE
  5
28C8
330
1F
100
AcDbEntity
  8
2
  6
CONTINUOUS
370
25
 62
7
100
AcDbLine
 10
14.6760421896073
 20
-27.33520843792146
 30
0.0
 11
16.13906328441096
 21
-25.87218734311781
 31
0.0
  0
LINE
  5
28C9
330
1F
100
AcDbEntity
  8
2
  6
CONTINUOUS
370
25
 62
7
100
AcDbLine
 10
14.32248879901403
 20
-27.26449775980281
 30
0.0
 11
15.60873319852105
 21
-25.97825336029579
 31
0.0
  0
LINE
  5
28CA
330
1F
100
AcDbEntity
  8
2
  6
CONTINUOUS
370
25
 62
7
100
AcDbLine
 10
13.96893540842076
 20
-27.19378708168415
 30
0.0
 11
15.07840311263114
 21
-26.08431937747377
 31
0.0
  0
LINE
  5
28CB
330
1F
100
AcDbEntity
  8
2
  6
CONTINUOUS
370
25
 62
7
100
AcDbLine
 10
13.61538201782748
 20
-27.1230764035655
 30
0.0
 11
14.54807302674123
 21
-26.19038539465175
 31
0.0
  0
LINE
  5
28CC
330
1F
100
AcDbEntity
  8
2
  6
CONTINUOUS
370
25
 62
7
100
AcDbLine
 10
13.26182862723421
 20
-27.05236572544684
 30
0.0
 11
14.01774294085132
 21
-26.29645141182974
 31
0.0
  0
LINE
  5
28CD
330
1F
100
AcDbEntity
  8
2
  6
CONTINUOUS
370
25
 62
7
100
AcDbLine
 10
12.90827523664094
 20
-26.98165504732819
 30
0.0
 11
13.48741285496141
 21
-26.40251742900772
 31
0.0
  0
LINE
  5
28CE
330
1F
100
AcDbEntity
  8
2
  6
CONTINUOUS
370
25
 62
7
100
AcDbLine
 10
12.55472184604766
 20
-26.91094436920953
 30
0.0
 11
12.9570827690715
 21
-26.5085834461857
 31
0.0
  0
LINE
  5
28CF
330
1F
100
AcDbEntity
  8
2
  6
CONTINUOUS
370
25
 62
7
100
AcDbLine
 10
12.20116845545439
 20
-26.84023369109088
 30
0.0
 11
12.42675268318159
 21
-26.61464946336368
 31
0.0
  0
LINE
  5
28D0
330
1F
100
AcDbEntity
  8
2
  6
CONTINUOUS
370
25
 62
7
100
AcDbLine
 10
11.84761506486112
 20
-26.76952301297222
 30
0.0
 11
11.89642259729168
 21
-26.72071548054166
 31
0.0
  0
LINE
  5
28D1
330
1F
100
AcDbEntity
  8
2
  6
CONTINUOUS
370
25
 62
7
100
AcDbLine
 10
11.99188713553016
 20
-26.70162257289397
 30
0.0
 11
12.11283070329524
 21
-26.82256614065905
 31
0.0
  0
LINE
  5
28D2
330
1F
100
AcDbEntity
  8
2
  6
CONTINUOUS
370
25
 62
7
100
AcDbLine
 10
12.34544052612343
 20
-26.63091189477531
 30
0.0
 11
12.64316078918515
 21
-26.92863215783703
 31
0.0
  0
LINE
  5
28D3
330
1F
100
AcDbEntity
  8
2
  6
CONTINUOUS
370
25
 62
7
100
AcDbLine
 10
12.69899391671671
 20
-26.56020121665666
 30
0.0
 11
13.17349087507507
 21
-27.03469817501502
 31
0.0
  0
LINE
  5
28D4
330
1F
100
AcDbEntity
  8
2
  6
CONTINUOUS
370
25
 62
7
100
AcDbLine
 10
13.05254730730998
 20
-26.489490538538
 30
0.0
 11
13.70382096096498
 21
-27.140764192193
 31
0.0
  0
LINE
  5
28D5
330
1F
100
AcDbEntity
  8
2
  6
CONTINUOUS
370
25
 62
7
100
AcDbLine
 10
13.40610069790325
 20
-26.41877986041935
 30
0.0
 11
14.23415104685489
 21
-27.24683020937098
 31
0.0
  0
LINE
  5
28D6
330
1F
100
AcDbEntity
  8
2
  6
CONTINUOUS
370
25
 62
7
100
AcDbLine
 10
13.75965408849653
 20
-26.34806918230069
 30
0.0
 11
14.7644811327448
 21
-27.35289622654896
 31
0.0
  0
LINE
  5
28D7
330
1F
100
AcDbEntity
  8
2
  6
CONTINUOUS
370
25
 62
7
100
AcDbLine
 10
14.1132074790898
 20
-26.27735850418204
 30
0.0
 11
15.29481121863471
 21
-27.45896224372694
 31
0.0
  0
LINE
  5
28D8
330
1F
100
AcDbEntity
  8
2
  6
CONTINUOUS
370
25
 62
7
100
AcDbLine
 10
14.46676086968307
 20
-26.20664782606339
 30
0.0
 11
15.82514130452462
 21
-27.56502826090492
 31
0.0
  0
LINE
  5
28D9
330
1F
100
AcDbEntity
  8
2
  6
CONTINUOUS
370
25
 62
7
100
AcDbLine
 10
14.82031426027635
 20
-26.13593714794473
 30
0.0
 11
16.35547139041454
 21
-27.67109427808291
 31
0.0
  0
LINE
  5
28DA
330
1F
100
AcDbEntity
  8
2
  6
CONTINUOUS
370
25
 62
7
100
AcDbLine
 10
15.17386765086962
 20
-26.06522646982608
 30
0.0
 11
16.75
 21
-27.64135881895645
 31
0.0
  0
LINE
  5
28DB
330
1F
100
AcDbEntity
  8
2
  6
CONTINUOUS
370
25
 62
7
100
AcDbLine
 10
15.5274210414629
 20
-25.99451579170742
 30
0.0
 11
16.75
 21
-27.21709475024452
 31
0.0
  0
LINE
  5
28DC
330
1F
100
AcDbEntity
  8
2
  6
CONTINUOUS
370
25
 62
7
100
AcDbLine
 10
15.88097443205617
 20
-25.92380511358876
 30
0.0
 11
16.75
 21
-26.79283068153259
 31
0.0
  0
LINE
  5
28DD
330
1F
100
AcDbEntity
  8
2
  6
CONTINUOUS
370
25
 62
7
100
AcDbLine
 10
16.23452782264944
 20
-25.85309443547011
 30
0.0
 11
16.75
 21
-26.36856661282066
 31
0.0
  0
LINE
  5
28DE
330
1F
100
AcDbEntity
  8
2
  6
CONTINUOUS
370
25
 62
7
100
AcDbLine
 10
16.58808121324271
 20
-25.78238375735145
 30
0.0
 11
16.75
 21
-25.94430254410874
 31
0.0
  0
LINE
  5
28DF
330
1F
100
AcDbEntity
  8
2
  6
CONTINUOUS
370
25
 62
7
100
AcDbLine
 10
38.0
 20
-26.75
 30
0.0
 11
33.0
 21
-27.75
 31
0.0
  0
LINE
  5
28E0
330
1F
100
AcDbEntity
  8
2
  6
CONTINUOUS
370
25
 62
7
100
AcDbLine
 10
33.0
 20
-27.75
 30
0.0
 11
33.0
 21
-25.75
 31
0.0
  0
LINE
  5
28E1
330
1F
100
AcDbEntity
  8
2
  6
CONTINUOUS
370
25
 62
7
100
AcDbLine
 10
33.0
 20
-25.75
 30
0.0
 11
38.0
 21
-26.75
 31
0.0
  0
LINE
  5
28E2
330
1F
100
AcDbEntity
  8
2
  6
CONTINUOUS
370
25
 62
7
100
AcDbLine
 10
37.77604924758514
 20
-26.79479015048297
 30
0.0
 11
37.85069949839009
 21
-26.72013989967802
 31
0.0
  0
LINE
  5
28E3
330
1F
100
AcDbEntity
  8
2
  6
CONTINUOUS
370
25
 62
7
100
AcDbLine
 10
37.24571916169521
 20
-26.90085616766095
 30
0.0
 11
37.49714610779681
 21
-26.64942922155936
 31
0.0
  0
LINE
  5
28E4
330
1F
100
AcDbEntity
  8
2
  6
CONTINUOUS
370
25
 62
7
100
AcDbLine
 10
36.71538907580529
 20
-27.00692218483894
 30
0.0
 11
37.14359271720352
 21
-26.57871854344071
 31
0.0
  0
LINE
  5
28E5
330
1F
100
AcDbEntity
  8
2
  6
CONTINUOUS
370
25
 62
7
100
AcDbLine
 10
36.18505898991539
 20
-27.11298820201692
 30
0.0
 11
36.79003932661026
 21
-26.50800786532206
 31
0.0
  0
LINE
  5
28E6
330
1F
100
AcDbEntity
  8
2
  6
CONTINUOUS
370
25
 62
7
100
AcDbLine
 10
35.65472890402547
 20
-27.21905421919491
 30
0.0
 11
36.43648593601699
 21
-26.43729718720339
 31
0.0
  0
LINE
  5
28E7
330
1F
100
AcDbEntity
  8
2
  6
CONTINUOUS
370
25
 62
7
100
AcDbLine
 10
35.12439881813555
 20
-27.32512023637289
 30
0.0
 11
36.08293254542371
 21
-26.36658650908474
 31
0.0
  0
LINE
  5
28E8
330
1F
100
AcDbEntity
  8
2
  6
CONTINUOUS
370
25
 62
7
100
AcDbLine
 10
34.59406873224565
 20
-27.43118625355087
 30
0.0
 11
35.72937915483043
 21
-26.29587583096609
 31
0.0
  0
LINE
  5
28E9
330
1F
100
AcDbEntity
  8
2
  6
CONTINUOUS
370
25
 62
7
100
AcDbLine
 10
34.06373864635573
 20
-27.53725227072886
 30
0.0
 11
35.37582576423716
 21
-26.22516515284743
 31
0.0
  0
LINE
  5
28EA
330
1F
100
AcDbEntity
  8
2
  6
CONTINUOUS
370
25
 62
7
100
AcDbLine
 10
33.53340856046582
 20
-27.64331828790684
 30
0.0
 11
35.02227237364389
 21
-26.15445447472877
 31
0.0
  0
LINE
  5
28EB
330
1F
100
AcDbEntity
  8
2
  6
CONTINUOUS
370
25
 62
7
100
AcDbLine
 10
33.00307847457591
 20
-27.74938430508482
 30
0.0
 11
34.66871898305061
 21
-26.08374379661012
 31
0.0
  0
LINE
  5
28EC
330
1F
100
AcDbEntity
  8
2
  6
CONTINUOUS
370
25
 62
7
100
AcDbLine
 10
33.0
 20
-27.3281987109488
 30
0.0
 11
34.31516559245734
 21
-26.01303311849146
 31
0.0
  0
LINE
  5
28ED
330
1F
100
AcDbEntity
  8
2
  6
CONTINUOUS
370
25
 62
7
100
AcDbLine
 10
33.0
 20
-26.90393464223687
 30
0.0
 11
33.96161220186406
 21
-25.94232244037281
 31
0.0
  0
LINE
  5
28EE
330
1F
100
AcDbEntity
  8
2
  6
CONTINUOUS
370
25
 62
7
100
AcDbLine
 10
33.0
 20
-26.47967057352495
 30
0.0
 11
33.60805881127079
 21
-25.87161176225415
 31
0.0
  0
LINE
  5
28EF
330
1F
100
AcDbEntity
  8
2
  6
CONTINUOUS
370
25
 62
7
100
AcDbLine
 10
33.0
 20
-26.05540650481301
 30
0.0
 11
33.25450542067751
 21
-25.8009010841355
 31
0.0
  0
LINE
  5
28F0
330
1F
100
AcDbEntity
  8
2
  6
CONTINUOUS
370
25
 62
7
100
AcDbLine
 10
33.0
 20
-27.48456710674492
 30
0.0
 11
33.22119407771257
 21
-27.70576118445749
 31
0.0
  0
LINE
  5
28F1
330
1F
100
AcDbEntity
  8
2
  6
CONTINUOUS
370
25
 62
7
100
AcDbLine
 10
33.0
 20
-27.06030303803299
 30
0.0
 11
33.57474746830584
 21
-27.63505050633883
 31
0.0
  0
LINE
  5
28F2
330
1F
100
AcDbEntity
  8
2
  6
CONTINUOUS
370
25
 62
7
100
AcDbLine
 10
33.0
 20
-26.63603896932106
 30
0.0
 11
33.92830085889912
 21
-27.56433982822017
 31
0.0
  0
LINE
  5
28F3
330
1F
100
AcDbEntity
  8
2
  6
CONTINUOUS
370
25
 62
7
100
AcDbLine
 10
33.0
 20
-26.21177490060914
 30
0.0
 11
34.2818542494924
 21
-27.49362915010152
 31
0.0
  0
LINE
  5
28F4
330
1F
100
AcDbEntity
  8
2
  6
CONTINUOUS
370
25
 62
7
100
AcDbLine
 10
33.0
 20
-25.7875108318972
 30
0.0
 11
34.63540764008568
 21
-27.42291847198287
 31
0.0
  0
LINE
  5
28F5
330
1F
100
AcDbEntity
  8
2
  6
CONTINUOUS
370
25
 62
7
100
AcDbLine
 10
33.48344154601841
 20
-25.84668830920369
 30
0.0
 11
34.98896103067895
 21
-27.35220779386421
 31
0.0
  0
LINE
  5
28F6
330
1F
100
AcDbEntity
  8
2
  6
CONTINUOUS
370
25
 62
7
100
AcDbLine
 10
34.01377163190832
 20
-25.95275432638166
 30
0.0
 11
35.34251442127223
 21
-27.28149711574556
 31
0.0
  0
LINE
  5
28F7
330
1F
100
AcDbEntity
  8
2
  6
CONTINUOUS
370
25
 62
7
100
AcDbLine
 10
34.54410171779823
 20
-26.05882034355965
 30
0.0
 11
35.6960678118655
 21
-27.21078643762691
 31
0.0
  0
LINE
  5
28F8
330
1F
100
AcDbEntity
  8
2
  6
CONTINUOUS
370
25
 62
7
100
AcDbLine
 10
35.07443180368815
 20
-26.16488636073763
 30
0.0
 11
36.04962120245878
 21
-27.14007575950825
 31
0.0
  0
LINE
  5
28F9
330
1F
100
AcDbEntity
  8
2
  6
CONTINUOUS
370
25
 62
7
100
AcDbLine
 10
35.60476188957806
 20
-26.27095237791561
 30
0.0
 11
36.40317459305205
 21
-27.06936508138959
 31
0.0
  0
LINE
  5
28FA
330
1F
100
AcDbEntity
  8
2
  6
CONTINUOUS
370
25
 62
7
100
AcDbLine
 10
36.13509197546799
 20
-26.3770183950936
 30
0.0
 11
36.75672798364533
 21
-26.99865440327093
 31
0.0
  0
LINE
  5
28FB
330
1F
100
AcDbEntity
  8
2
  6
CONTINUOUS
370
25
 62
7
100
AcDbLine
 10
36.66542206135789
 20
-26.48308441227157
 30
0.0
 11
37.1102813742386
 21
-26.92794372515228
 31
0.0
  0
LINE
  5
28FC
330
1F
100
AcDbEntity
  8
2
  6
CONTINUOUS
370
25
 62
7
100
AcDbLine
 10
37.19575214724781
 20
-26.58915042944955
 30
0.0
 11
37.46383476483188
 21
-26.85723304703362
 31
0.0
  0
LINE
  5
28FD
330
1F
100
AcDbEntity
  8
2
  6
CONTINUOUS
370
25
 62
7
100
AcDbLine
 10
37.72608223313773
 20
-26.69521644662755
 30
0.0
 11
37.81738815542516
 21
-26.78652236891497
 31
0.0
  0
TEXT
  5
28FE
330
1F
100
AcDbEntity
  8
2
  6
CONTINUOUS
370
25
 62
7
100
AcDbText
 10
17.875
 20
-25.25
 30
0.0
 40
3.5
  1
26.25
 72
     1
 11
24.875
 21
-25.25
 31
0.0
100
AcDbText
  0
LINE
  5
28FF
330
1F
100
AcDbEntity
  8
2
  6
CONTINUOUS
370
25
 62
7
100
AcDbLine
 10
-0.0000000000000003
 20
0.0
 30
0.0
 11
0.000000000000002
 21
37.99995
 31
0.0
  0
LINE
  5
2900
330
1F
100
AcDbEntity
  8
2
  6
CONTINUOUS
370
25
 62
7
100
AcDbLine
 10
38.0
 20
37.99995
 30
0.0
 11
38.0
 21
4.75
 31
0.0
  0
LINE
  5
2901
330
1F
100
AcDbEntity
  8
2
  6
CONTINUOUS
370
25
 62
7
100
AcDbLine
 10
0.0
 20
36.99995
 30
0.0
 11
38.0
 21
36.99995
 31
0.0
  0
LINE
  5
2902
330
1F
100
AcDbEntity
  8
2
  6
CONTINUOUS
370
25
 62
7
100
AcDbLine
 10
0.0
 20
36.99995
 30
0.0
 11
5.0
 21
37.99995
 31
0.0
  0
LINE
  5
2903
330
1F
100
AcDbEntity
  8
2
  6
CONTINUOUS
370
25
 62
7
100
AcDbLine
 10
5.0
 20
37.99995
 30
0.0
 11
5.0
 21
35.99995
 31
0.0
  0
LINE
  5
2904
330
1F
100
AcDbEntity
  8
2
  6
CONTINUOUS
370
25
 62
7
100
AcDbLine
 10
5.0
 20
35.99995
 30
0.0
 11
0.0
 21
36.99995
 31
0.0
  0
LINE
  5
2905
330
1F
100
AcDbEntity
  8
2
  6
CONTINUOUS
370
25
 62
7
100
AcDbLine
 10
4.670340762764442
 20
36.06588184744711
 30
0.0
 11
5.0
 21
36.39554108468267
 31
0.0
  0
LINE
  5
2906
330
1F
100
AcDbEntity
  8
2
  6
CONTINUOUS
370
25
 62
7
100
AcDbLine
 10
4.316787372171166
 20
36.13659252556577
 30
0.0
 11
5.0
 21
36.8198051533946
 31
0.0
  0
LINE
  5
2907
330
1F
100
AcDbEntity
  8
2
  6
CONTINUOUS
370
25
 62
7
100
AcDbLine
 10
3.963233981577895
 20
36.20730320368442
 30
0.0
 11
5.0
 21
37.24406922210652
 31
0.0
  0
LINE
  5
2908
330
1F
100
AcDbEntity
  8
2
  6
CONTINUOUS
370
25
 62
7
100
AcDbLine
 10
3.609680590984615
 20
36.27801388180308
 30
0.0
 11
5.0
 21
37.66833329081847
 31
0.0
  0
LINE
  5
2909
330
1F
100
AcDbEntity
  8
2
  6
CONTINUOUS
370
25
 62
7
100
AcDbLine
 10
3.256127200391342
 20
36.34872455992173
 30
0.0
 11
4.884190800587008
 21
37.9767881601174
 31
0.0
  0
LINE
  5
290A
330
1F
100
AcDbEntity
  8
2
  6
CONTINUOUS
370
25
 62
7
100
AcDbLine
 10
2.902573809798069
 20
36.41943523804039
 30
0.0
 11
4.353860714697098
 21
37.87072214293941
 31
0.0
  0
LINE
  5
290B
330
1F
100
AcDbEntity
  8
2
  6
CONTINUOUS
370
25
 62
7
100
AcDbLine
 10
2.549020419204796
 20
36.49014591615904
 30
0.0
 11
3.823530628807188
 21
37.76465612576143
 31
0.0
  0
LINE
  5
290C
330
1F
100
AcDbEntity
  8
2
  6
CONTINUOUS
370
25
 62
7
100
AcDbLine
 10
2.195467028611518
 20
36.56085659427769
 30
0.0
 11
3.293200542917272
 21
37.65859010858345
 31
0.0
  0
LINE
  5
290D
330
1F
100
AcDbEntity
  8
2
  6
CONTINUOUS
370
25
 62
7
100
AcDbLine
 10
1.84191363801824
 20
36.63156727239635
 30
0.0
 11
2.762870457027355
 21
37.55252409140547
 31
0.0
  0
LINE
  5
290E
330
1F
100
AcDbEntity
  8
2
  6
CONTINUOUS
370
25
 62
7
100
AcDbLine
 10
1.488360247424968
 20
36.702277950515
 30
0.0
 11
2.232540371137448
 21
37.44645807422749
 31
0.0
  0
LINE
  5
290F
330
1F
100
AcDbEntity
  8
2
  6
CONTINUOUS
370
25
 62
7
100
AcDbLine
 10
1.13480685683169
 20
36.77298862863366
 30
0.0
 11
1.702210285247532
 21
37.34039205704951
 31
0.0
  0
LINE
  5
2910
330
1F
100
AcDbEntity
  8
2
  6
CONTINUOUS
370
25
 62
7
100
AcDbLine
 10
0.7812534662384174
 20
36.84369930675231
 30
0.0
 11
1.171880199357625
 21
37.23432603987153
 31
0.0
  0
LINE
  5
2911
330
1F
100
AcDbEntity
  8
2
  6
CONTINUOUS
370
25
 62
7
100
AcDbLine
 10
0.4277000756451392
 20
36.91440998487097
 30
0.0
 11
0.6415501134677081
 21
37.12826002269354
 31
0.0
  0
LINE
  5
2912
330
1F
100
AcDbEntity
  8
2
  6
CONTINUOUS
370
25
 62
7
100
AcDbLine
 10
0.0741466850518611
 20
36.98512066298963
 30
0.0
 11
0.1112200275777916
 21
37.02219400551556
 31
0.0
  0
LINE
  5
2913
330
1F
100
AcDbEntity
  8
2
  6
CONTINUOUS
370
25
 62
7
100
AcDbLine
 10
0.2794067055413996
 20
37.05583134110828
 30
0.0
 11
0.4191100583120991
 21
36.91612798833758
 31
0.0
  0
LINE
  5
2914
330
1F
100
AcDbEntity
  8
2
  6
CONTINUOUS
370
25
 62
7
100
AcDbLine
 10
0.6329600961346719
 20
37.12654201922693
 30
0.0
 11
0.9494401442020068
 21
36.8100619711596
 31
0.0
  0
LINE
  5
2915
330
1F
100
AcDbEntity
  8
2
  6
CONTINUOUS
370
25
 62
7
100
AcDbLine
 10
0.98651348672795
 20
37.19725269734559
 30
0.0
 11
1.479770230091923
 21
36.70399595398161
 31
0.0
  0
LINE
  5
2916
330
1F
100
AcDbEntity
  8
2
  6
CONTINUOUS
370
25
 62
7
100
AcDbLine
 10
1.340066877321222
 20
37.26796337546424
 30
0.0
 11
2.01010031598183
 21
36.59792993680363
 31
0.0
  0
LINE
  5
2917
330
1F
100
AcDbEntity
  8
2
  6
CONTINUOUS
370
25
 62
7
100
AcDbLine
 10
1.693620267914499
 20
37.3386740535829
 30
0.0
 11
2.540430401871745
 21
36.49186391962565
 31
0.0
  0
LINE
  5
2918
330
1F
100
AcDbEntity
  8
2
  6
CONTINUOUS
370
25
 62
7
100
AcDbLine
 10
2.047173658507771
 20
37.40938473170155
 30
0.0
 11
3.070760487761652
 21
36.38579790244767
 31
0.0
  0
LINE
  5
2919
330
1F
100
AcDbEntity
  8
2
  6
CONTINUOUS
370
25
 62
7
100
AcDbLine
 10
2.400727049101049
 20
37.48009540982021
 30
0.0
 11
3.601090573651568
 21
36.27973188526968
 31
0.0
  0
LINE
  5
291A
330
1F
100
AcDbEntity
  8
2
  6
CONTINUOUS
370
25
 62
7
100
AcDbLine
 10
2.754280439694327
 20
37.55080608793887
 30
0.0
 11
4.131420659541484
 21
36.1736658680917
 31
0.0
  0
LINE
  5
291B
330
1F
100
AcDbEntity
  8
2
  6
CONTINUOUS
370
25
 62
7
100
AcDbLine
 10
3.107833830287599
 20
37.62151676605752
 30
0.0
 11
4.661750745431391
 21
36.06759985091372
 31
0.0
  0
LINE
  5
291C
330
1F
100
AcDbEntity
  8
2
  6
CONTINUOUS
370
25
 62
7
100
AcDbLine
 10
3.461387220880877
 20
37.69222744417618
 30
0.0
 11
5.0
 21
36.15361466505705
 31
0.0
  0
LINE
  5
291D
330
1F
100
AcDbEntity
  8
2
  6
CONTINUOUS
370
25
 62
7
100
AcDbLine
 10
3.814940611474149
 20
37.76293812229483
 30
0.0
 11
5.0
 21
36.57787873376897
 31
0.0
  0
LINE
  5
291E
330
1F
100
AcDbEntity
  8
2
  6
CONTINUOUS
370
25
 62
7
100
AcDbLine
 10
4.168494002067427
 20
37.83364880041348
 30
0.0
 11
5.0
 21
37.0021428024809
 31
0.0
  0
LINE
  5
291F
330
1F
100
AcDbEntity
  8
2
  6
CONTINUOUS
370
25
 62
7
100
AcDbLine
 10
4.522047392660705
 20
37.90435947853214
 30
0.0
 11
5.0
 21
37.42640687119284
 31
0.0
  0
LINE
  5
2920
330
1F
100
AcDbEntity
  8
2
  6
CONTINUOUS
370
25
 62
7
100
AcDbLine
 10
4.875600783253977
 20
37.97507015665079
 30
0.0
 11
5.0
 21
37.85067093990477
 31
0.0
  0
LINE
  5
2921
330
1F
100
AcDbEntity
  8
2
  6
CONTINUOUS
370
25
 62
7
100
AcDbLine
 10
38.0
 20
36.99995
 30
0.0
 11
33.0
 21
35.99995
 31
0.0
  0
LINE
  5
2922
330
1F
100
AcDbEntity
  8
2
  6
CONTINUOUS
370
25
 62
7
100
AcDbLine
 10
33.0
 20
35.99995
 30
0.0
 11
33.0
 21
37.99995
 31
0.0
  0
LINE
  5
2923
330
1F
100
AcDbEntity
  8
2
  6
CONTINUOUS
370
25
 62
7
100
AcDbLine
 10
33.0
 20
37.99995
 30
0.0
 11
38.0
 21
36.99995
 31
0.0
  0
LINE
  5
2924
330
1F
100
AcDbEntity
  8
2
  6
CONTINUOUS
370
25
 62
7
100
AcDbLine
 10
37.6381246310717
 20
36.92757492621434
 30
0.0
 11
37.75874975404781
 21
37.04820004919044
 31
0.0
  0
LINE
  5
2925
330
1F
100
AcDbEntity
  8
2
  6
CONTINUOUS
370
25
 62
7
100
AcDbLine
 10
37.10779454518179
 20
36.82150890903635
 30
0.0
 11
37.40519636345453
 21
37.11891072730909
 31
0.0
  0
LINE
  5
2926
330
1F
100
AcDbEntity
  8
2
  6
CONTINUOUS
370
25
 62
7
100
AcDbLine
 10
36.57746445929187
 20
36.71544289185837
 30
0.0
 11
37.05164297286125
 21
37.18962140542775
 31
0.0
  0
LINE
  5
2927
330
1F
100
AcDbEntity
  8
2
  6
CONTINUOUS
370
25
 62
7
100
AcDbLine
 10
36.04713437340196
 20
36.60937687468039
 30
0.0
 11
36.69808958226798
 21
37.2603320835464
 31
0.0
  0
LINE
  5
2928
330
1F
100
AcDbEntity
  8
2
  6
CONTINUOUS
370
25
 62
7
100
AcDbLine
 10
35.51680428751204
 20
36.50331085750241
 30
0.0
 11
36.3445361916747
 21
37.33104276166506
 31
0.0
  0
LINE
  5
2929
330
1F
100
AcDbEntity
  8
2
  6
CONTINUOUS
370
25
 62
7
100
AcDbLine
 10
34.98647420162213
 20
36.39724484032442
 30
0.0
 11
35.99098280108142
 21
37.40175343978372
 31
0.0
  0
LINE
  5
292A
330
1F
100
AcDbEntity
  8
2
  6
CONTINUOUS
370
25
 62
7
100
AcDbLine
 10
34.45614411573222
 20
36.29117882314644
 30
0.0
 11
35.63742941048815
 21
37.47246411790238
 31
0.0
  0
LINE
  5
292B
330
1F
100
AcDbEntity
  8
2
  6
CONTINUOUS
370
25
 62
7
100
AcDbLine
 10
33.92581402984231
 20
36.18511280596846
 30
0.0
 11
35.28387601989487
 21
37.54317479602103
 31
0.0
  0
LINE
  5
292C
330
1F
100
AcDbEntity
  8
2
  6
CONTINUOUS
370
25
 62
7
100
AcDbLine
 10
33.39548394395239
 20
36.07904678879047
 30
0.0
 11
34.93032262930159
 21
37.61388547413969
 31
0.0
  0
LINE
  5
292D
330
1F
100
AcDbEntity
  8
2
  6
CONTINUOUS
370
25
 62
7
100
AcDbLine
 10
33.0
 20
36.10782691355001
 30
0.0
 11
34.57676923870832
 21
37.68459615225834
 31
0.0
  0
LINE
  5
292E
330
1F
100
AcDbEntity
  8
2
  6
CONTINUOUS
370
25
 62
7
100
AcDbLine
 10
33.0
 20
36.53209098226195
 30
0.0
 11
34.22321584811504
 21
37.75530683037699
 31
0.0
  0
LINE
  5
292F
330
1F
100
AcDbEntity
  8
2
  6
CONTINUOUS
370
25
 62
7
100
AcDbLine
 10
33.0
 20
36.95635505097388
 30
0.0
 11
33.86966245752176
 21
37.82601750849565
 31
0.0
  0
LINE
  5
2930
330
1F
100
AcDbEntity
  8
2
  6
CONTINUOUS
370
25
 62
7
100
AcDbLine
 10
33.0
 20
37.38061911968582
 30
0.0
 11
33.51610906692848
 21
37.8967281866143
 31
0.0
  0
LINE
  5
2931
330
1F
100
AcDbEntity
  8
2
  6
CONTINUOUS
370
25
 62
7
100
AcDbLine
 10
33.0
 20
37.80488318839775
 30
0.0
 11
33.1625556763352
 21
37.96743886473296
 31
0.0
  0
LINE
  5
2932
330
1F
100
AcDbEntity
  8
2
  6
CONTINUOUS
370
25
 62
7
100
AcDbLine
 10
33.0
 20
36.15504320004435
 30
0.0
 11
33.1292443333703
 21
36.02579886667405
 31
0.0
  0
LINE
  5
2933
330
1F
100
AcDbEntity
  8
2
  6
CONTINUOUS
370
25
 62
7
100
AcDbLine
 10
33.0
 20
36.57930726875627
 30
0.0
 11
33.48279772396356
 21
36.09650954479271
 31
0.0
  0
LINE
  5
2934
330
1F
100
AcDbEntity
  8
2
  6
CONTINUOUS
370
25
 62
7
100
AcDbLine
 10
33.0
 20
37.00357133746821
 30
0.0
 11
33.83635111455685
 21
36.16722022291136
 31
0.0
  0
LINE
  5
2935
330
1F
100
AcDbEntity
  8
2
  6
CONTINUOUS
370
25
 62
7
100
AcDbLine
 10
33.0
 20
37.42783540618014
 30
0.0
 11
34.18990450515012
 21
36.23793090103002
 31
0.0
  0
LINE
  5
2936
330
1F
100
AcDbEntity
  8
2
  6
CONTINUOUS
370
25
 62
7
100
AcDbLine
 10
33.0
 20
37.85209947489206
 30
0.0
 11
34.54345789574339
 21
36.30864157914868
 31
0.0
  0
LINE
  5
2937
330
1F
100
AcDbEntity
  8
2
  6
CONTINUOUS
370
25
 62
7
100
AcDbLine
 10
33.345516929505
 20
37.930846614099
 30
0.0
 11
34.89701128633667
 21
36.37935225726734
 31
0.0
  0
LINE
  5
2938
330
1F
100
AcDbEntity
  8
2
  6
CONTINUOUS
370
25
 62
7
100
AcDbLine
 10
33.87584701539492
 20
37.82478059692102
 30
0.0
 11
35.25056467692995
 21
36.45006293538599
 31
0.0
  0
LINE
  5
2939
330
1F
100
AcDbEntity
  8
2
  6
CONTINUOUS
370
25
 62
7
100
AcDbLine
 10
34.40617710128484
 20
37.71871457974304
 30
0.0
 11
35.60411806752323
 21
36.52077361350464
 31
0.0
  0
LINE
  5
293A
330
1F
100
AcDbEntity
  8
2
  6
CONTINUOUS
370
25
 62
7
100
AcDbLine
 10
34.93650718717476
 20
37.61264856256504
 30
0.0
 11
35.95767145811651
 21
36.5914842916233
 31
0.0
  0
LINE
  5
293B
330
1F
100
AcDbEntity
  8
2
  6
CONTINUOUS
370
25
 62
7
100
AcDbLine
 10
35.46683727306466
 20
37.50658254538707
 30
0.0
 11
36.31122484870978
 21
36.66219496974195
 31
0.0
  0
LINE
  5
293C
330
1F
100
AcDbEntity
  8
2
  6
CONTINUOUS
370
25
 62
7
100
AcDbLine
 10
35.99716735895458
 20
37.40051652820908
 30
0.0
 11
36.66477823930305
 21
36.73290564786061
 31
0.0
  0
LINE
  5
293D
330
1F
100
AcDbEntity
  8
2
  6
CONTINUOUS
370
25
 62
7
100
AcDbLine
 10
36.5274974448445
 20
37.2944505110311
 30
0.0
 11
37.01833162989634
 21
36.80361632597926
 31
0.0
  0
LINE
  5
293E
330
1F
100
AcDbEntity
  8
2
  6
CONTINUOUS
370
25
 62
7
100
AcDbLine
 10
37.05782753073442
 20
37.18838449385311
 30
0.0
 11
37.37188502048961
 21
36.87432700409792
 31
0.0
  0
LINE
  5
293F
330
1F
100
AcDbEntity
  8
2
  6
CONTINUOUS
370
25
 62
7
100
AcDbLine
 10
37.58815761662434
 20
37.08231847667513
 30
0.0
 11
37.7254384110829
 21
36.94503768221658
 31
0.0
  0
TEXT
  5
2940
330
1F
100
AcDbEntity
  8
2
  6
CONTINUOUS
370
25
 62
7
100
AcDbText
 10
16.08333333333334
 20
38.49995
 30
0.0
 40
3.5
  1
38
 72
     1
 11
19.0
 21
38.49995
 31
0.0
100
AcDbText
  0
LINE
  5
2941
330
1F
100
AcDbEntity
  8
SK2
  6
CONTINUOUS
370
25
 62
7
100
AcDbLine
 10
-47.0
 20
2.99995
 30
0.0
 11
-47.0
 21
47.99995
 31
0.0
  0
LINE
  5
2942
330
1F
100
AcDbEntity
  8
SK2
  6
CONTINUOUS
370
25
 62
7
100
AcDbLine
 10
38.0
 20
47.99995
 30
0.0
 11
38.0
 21
4.75
 31
0.0
  0
LINE
  5
2943
330
1F
100
AcDbEntity
  8
SK2
  6
CONTINUOUS
370
25
 62
7
100
AcDbLine
 10
-47.0
 20
46.99995
 30
0.0
 11
38.0
 21
46.99995
 31
0.0
  0
LINE
  5
2944
330
1F
100
AcDbEntity
  8
SK2
  6
CONTINUOUS
370
25
 62
7
100
AcDbLine
 10
-47.0
 20
46.99995
 30
0.0
 11
-42.0
 21
47.99995
 31
0.0
  0
LINE
  5
2945
330
1F
100
AcDbEntity
  8
SK2
  6
CONTINUOUS
370
25
 62
7
100
AcDbLine
 10
-42.0
 20
47.99995
 30
0.0
 11
-42.0
 21
45.99995
 31
0.0
  0
LINE
  5
2946
330
1F
100
AcDbEntity
  8
SK2
  6
CONTINUOUS
370
25
 62
7
100
AcDbLine
 10
-42.0
 20
45.99995
 30
0.0
 11
-47.0
 21
46.99995
 31
0.0
  0
LINE
  5
2947
330
1F
100
AcDbEntity
  8
SK2
  6
CONTINUOUS
370
25
 62
7
100
AcDbLine
 10
-42.2058135767343
 20
46.04111271534686
 30
0.0
 11
-42.0
 21
46.24692629208116
 31
0.0
  0
LINE
  5
2948
330
1F
100
AcDbEntity
  8
SK2
  6
CONTINUOUS
370
25
 62
7
100
AcDbLine
 10
-42.55936696732758
 20
46.11182339346552
 30
0.0
 11
-42.0
 21
46.6711903607931
 31
0.0
  0
LINE
  5
2949
330
1F
100
AcDbEntity
  8
SK2
  6
CONTINUOUS
370
25
 62
7
100
AcDbLine
 10
-42.91292035792085
 20
46.18253407158418
 30
0.0
 11
-42.0
 21
47.09545442950503
 31
0.0
  0
LINE
  5
294A
330
1F
100
AcDbEntity
  8
SK2
  6
CONTINUOUS
370
25
 62
7
100
AcDbLine
 10
-43.26647374851414
 20
46.25324474970283
 30
0.0
 11
-42.0
 21
47.51971849821697
 31
0.0
  0
LINE
  5
294B
330
1F
100
AcDbEntity
  8
SK2
  6
CONTINUOUS
370
25
 62
7
100
AcDbLine
 10
-43.62002713910741
 20
46.32395542782149
 30
0.0
 11
-42.0
 21
47.9439825669289
 31
0.0
  0
LINE
  5
294C
330
1F
100
AcDbEntity
  8
SK2
  6
CONTINUOUS
370
25
 62
7
100
AcDbLine
 10
-43.97358052970069
 20
46.39466610594015
 30
0.0
 11
-42.46037079455105
 21
47.90787584108978
 31
0.0
  0
LINE
  5
294D
330
1F
100
AcDbEntity
  8
SK2
  6
CONTINUOUS
370
25
 62
7
100
AcDbLine
 10
-44.32713392029397
 20
46.4653767840588
 30
0.0
 11
-42.99070088044097
 21
47.8018098239118
 31
0.0
  0
LINE
  5
294E
330
1F
100
AcDbEntity
  8
SK2
  6
CONTINUOUS
370
25
 62
7
100
AcDbLine
 10
-44.68068731088725
 20
46.53608746217746
 30
0.0
 11
-43.52103096633089
 21
47.69574380673382
 31
0.0
  0
LINE
  5
294F
330
1F
100
AcDbEntity
  8
SK2
  6
CONTINUOUS
370
25
 62
7
100
AcDbLine
 10
-45.03424070148053
 20
46.60679814029611
 30
0.0
 11
-44.05136105222081
 21
47.58967778955584
 31
0.0
  0
LINE
  5
2950
330
1F
100
AcDbEntity
  8
SK2
  6
CONTINUOUS
370
25
 62
7
100
AcDbLine
 10
-45.38779409207381
 20
46.67750881841476
 30
0.0
 11
-44.58169113811073
 21
47.48361177237785
 31
0.0
  0
LINE
  5
2951
330
1F
100
AcDbEntity
  8
SK2
  6
CONTINUOUS
370
25
 62
7
100
AcDbLine
 10
-45.74134748266709
 20
46.74821949653342
 30
0.0
 11
-45.11202122400064
 21
47.37754575519987
 31
0.0
  0
LINE
  5
2952
330
1F
100
AcDbEntity
  8
SK2
  6
CONTINUOUS
370
25
 62
7
100
AcDbLine
 10
-46.09490087326037
 20
46.81893017465207
 30
0.0
 11
-45.64235130989056
 21
47.27147973802188
 31
0.0
  0
LINE
  5
2953
330
1F
100
AcDbEntity
  8
SK2
  6
CONTINUOUS
370
25
 62
7
100
AcDbLine
 10
-46.44845426385365
 20
46.88964085277073
 30
0.0
 11
-46.17268139578049
 21
47.16541372084389
 31
0.0
  0
LINE
  5
2954
330
1F
100
AcDbEntity
  8
SK2
  6
CONTINUOUS
370
25
 62
7
100
AcDbLine
 10
-46.80200765444692
 20
46.96035153088939
 30
0.0
 11
-46.7030114816704
 21
47.05934770366591
 31
0.0
  0
LINE
  5
2955
330
1F
100
AcDbEntity
  8
SK2
  6
CONTINUOUS
370
25
 62
7
100
AcDbLine
 10
-46.98607659249429
 20
47.00273468150115
 30
0.0
 11
-46.97911488874144
 21
46.99577297774829
 31
0.0
  0
LINE
  5
2956
330
1F
100
AcDbEntity
  8
SK2
  6
CONTINUOUS
370
25
 62
7
100
AcDbLine
 10
-46.63252320190101
 20
47.0734453596198
 30
0.0
 11
-46.44878480285151
 21
46.8897069605703
 31
0.0
  0
LINE
  5
2957
330
1F
100
AcDbEntity
  8
SK2
  6
CONTINUOUS
370
25
 62
7
100
AcDbLine
 10
-46.27896981130773
 20
47.14415603773845
 30
0.0
 11
-45.91845471696159
 21
46.78364094339231
 31
0.0
  0
LINE
  5
2958
330
1F
100
AcDbEntity
  8
SK2
  6
CONTINUOUS
370
25
 62
7
100
AcDbLine
 10
-45.92541642071445
 20
47.21486671585711
 30
0.0
 11
-45.38812463107168
 21
46.67757492621433
 31
0.0
  0
LINE
  5
2959
330
1F
100
AcDbEntity
  8
SK2
  6
CONTINUOUS
370
25
 62
7
100
AcDbLine
 10
-45.57186303012117
 20
47.28557739397576
 30
0.0
 11
-44.85779454518175
 21
46.57150890903635
 31
0.0
  0
LINE
  5
295A
330
1F
100
AcDbEntity
  8
SK2
  6
CONTINUOUS
370
25
 62
7
100
AcDbLine
 10
-45.2183096395279
 20
47.35628807209442
 30
0.0
 11
-44.32746445929184
 21
46.46544289185837
 31
0.0
  0
LINE
  5
295B
330
1F
100
AcDbEntity
  8
SK2
  6
CONTINUOUS
370
25
 62
7
100
AcDbLine
 10
-44.86475624893461
 20
47.42699875021307
 30
0.0
 11
-43.79713437340192
 21
46.35937687468038
 31
0.0
  0
LINE
  5
295C
330
1F
100
AcDbEntity
  8
SK2
  6
CONTINUOUS
370
25
 62
7
100
AcDbLine
 10
-44.51120285834133
 20
47.49770942833173
 30
0.0
 11
-43.266804287512
 21
46.2533108575024
 31
0.0
  0
LINE
  5
295D
330
1F
100
AcDbEntity
  8
SK2
  6
CONTINUOUS
370
25
 62
7
100
AcDbLine
 10
-44.15764946774805
 20
47.56842010645038
 30
0.0
 11
-42.73647420162208
 21
46.14724484032442
 31
0.0
  0
LINE
  5
295E
330
1F
100
AcDbEntity
  8
SK2
  6
CONTINUOUS
370
25
 62
7
100
AcDbLine
 10
-43.80409607715477
 20
47.63913078456904
 30
0.0
 11
-42.20614411573216
 21
46.04117882314643
 31
0.0
  0
LINE
  5
295F
330
1F
100
AcDbEntity
  8
SK2
  6
CONTINUOUS
370
25
 62
7
100
AcDbLine
 10
-43.4505426865615
 20
47.7098414626877
 30
0.0
 11
-42.0
 21
46.25929877612621
 31
0.0
  0
LINE
  5
2960
330
1F
100
AcDbEntity
  8
SK2
  6
CONTINUOUS
370
25
 62
7
100
AcDbLine
 10
-43.09698929596821
 20
47.78055214080636
 30
0.0
 11
-42.0
 21
46.68356284483814
 31
0.0
  0
LINE
  5
2961
330
1F
100
AcDbEntity
  8
SK2
  6
CONTINUOUS
370
25
 62
7
100
AcDbLine
 10
-42.74343590537494
 20
47.85126281892502
 30
0.0
 11
-42.0
 21
47.10782691355007
 31
0.0
  0
LINE
  5
2962
330
1F
100
AcDbEntity
  8
SK2
  6
CONTINUOUS
370
25
 62
7
100
AcDbLine
 10
-42.38988251478166
 20
47.92197349704367
 30
0.0
 11
-42.0
 21
47.53209098226201
 31
0.0
  0
LINE
  5
2963
330
1F
100
AcDbEntity
  8
SK2
  6
CONTINUOUS
370
25
 62
7
100
AcDbLine
 10
-42.03632912418838
 20
47.99268417516232
 30
0.0
 11
-42.0
 21
47.95635505097394
 31
0.0
  0
LINE
  5
2964
330
1F
100
AcDbEntity
  8
SK2
  6
CONTINUOUS
370
25
 62
7
100
AcDbLine
 10
38.0
 20
46.99995
 30
0.0
 11
33.0
 21
45.99995
 31
0.0
  0
LINE
  5
2965
330
1F
100
AcDbEntity
  8
SK2
  6
CONTINUOUS
370
25
 62
7
100
AcDbLine
 10
33.0
 20
45.99995
 30
0.0
 11
33.0
 21
47.99995
 31
0.0
  0
LINE
  5
2966
330
1F
100
AcDbEntity
  8
SK2
  6
CONTINUOUS
370
25
 62
7
100
AcDbLine
 10
33.0
 20
47.99995
 30
0.0
 11
38.0
 21
46.99995
 31
0.0
  0
LINE
  5
2967
330
1F
100
AcDbEntity
  8
SK2
  6
CONTINUOUS
370
25
 62
7
100
AcDbLine
 10
37.58267561042192
 20
46.91648512208438
 30
0.0
 11
37.72178374028128
 21
47.05559325194375
 31
0.0
  0
LINE
  5
2968
330
1F
100
AcDbEntity
  8
SK2
  6
CONTINUOUS
370
25
 62
7
100
AcDbLine
 10
37.052345524532
 20
46.81041910490639
 30
0.0
 11
37.36823034968801
 21
47.12630393006241
 31
0.0
  0
LINE
  5
2969
330
1F
100
AcDbEntity
  8
SK2
  6
CONTINUOUS
370
25
 62
7
100
AcDbLine
 10
36.52201543864208
 20
46.70435308772841
 30
0.0
 11
37.01467695909473
 21
47.19701460818106
 31
0.0
  0
LINE
  5
296A
330
1F
100
AcDbEntity
  8
SK2
  6
CONTINUOUS
370
25
 62
7
100
AcDbLine
 10
35.99168535275216
 20
46.59828707055043
 30
0.0
 11
36.66112356850145
 21
47.26772528629972
 31
0.0
  0
LINE
  5
296B
330
1F
100
AcDbEntity
  8
SK2
  6
CONTINUOUS
370
25
 62
7
100
AcDbLine
 10
35.46135526686225
 20
46.49222105337245
 30
0.0
 11
36.30757017790817
 21
47.33843596441837
 31
0.0
  0
LINE
  5
296C
330
1F
100
AcDbEntity
  8
SK2
  6
CONTINUOUS
370
25
 62
7
100
AcDbLine
 10
34.93102518097233
 20
46.38615503619447
 30
0.0
 11
35.95401678731489
 21
47.40914664253702
 31
0.0
  0
LINE
  5
296D
330
1F
100
AcDbEntity
  8
SK2
  6
CONTINUOUS
370
25
 62
7
100
AcDbLine
 10
34.40069509508242
 20
46.28008901901648
 30
0.0
 11
35.60046339672162
 21
47.47985732065568
 31
0.0
  0
LINE
  5
296E
330
1F
100
AcDbEntity
  8
SK2
  6
CONTINUOUS
370
25
 62
7
100
AcDbLine
 10
33.8703650091925
 20
46.17402300183849
 30
0.0
 11
35.24691000612834
 21
47.55056799877433
 31
0.0
  0
LINE
  5
296F
330
1F
100
AcDbEntity
  8
SK2
  6
CONTINUOUS
370
25
 62
7
100
AcDbLine
 10
33.34003492330259
 20
46.06795698466051
 30
0.0
 11
34.89335661553505
 21
47.62127867689298
 31
0.0
  0
LINE
  5
2970
330
1F
100
AcDbEntity
  8
SK2
  6
CONTINUOUS
370
25
 62
7
100
AcDbLine
 10
33.0
 20
46.15218613006986
 30
0.0
 11
34.53980322494179
 21
47.69198935501164
 31
0.0
  0
LINE
  5
2971
330
1F
100
AcDbEntity
  8
SK2
  6
CONTINUOUS
370
25
 62
7
100
AcDbLine
 10
33.0
 20
46.57645019878179
 30
0.0
 11
34.18624983434851
 21
47.7627000331303
 31
0.0
  0
LINE
  5
2972
330
1F
100
AcDbEntity
  8
SK2
  6
CONTINUOUS
370
25
 62
7
100
AcDbLine
 10
33.0
 20
47.00071426749372
 30
0.0
 11
33.83269644375522
 21
47.83341071124894
 31
0.0
  0
LINE
  5
2973
330
1F
100
AcDbEntity
  8
SK2
  6
CONTINUOUS
370
25
 62
7
100
AcDbLine
 10
33.0
 20
47.42497833620565
 30
0.0
 11
33.47914305316195
 21
47.9041213893676
 31
0.0
  0
LINE
  5
2974
330
1F
100
AcDbEntity
  8
SK2
  6
CONTINUOUS
370
25
 62
7
100
AcDbLine
 10
33.0
 20
47.84924240491759
 30
0.0
 11
33.12558966256868
 21
47.97483206748627
 31
0.0
  0
LINE
  5
2975
330
1F
100
AcDbEntity
  8
SK2
  6
CONTINUOUS
370
25
 62
7
100
AcDbLine
 10
33.0
 20
46.33738084913064
 30
0.0
 11
33.28119237427554
 21
46.05618847485511
 31
0.0
  0
LINE
  5
2976
330
1F
100
AcDbEntity
  8
SK2
  6
CONTINUOUS
370
25
 62
7
100
AcDbLine
 10
33.0
 20
46.76164491784257
 30
0.0
 11
33.63474576486881
 21
46.12689915297376
 31
0.0
  0
LINE
  5
2977
330
1F
100
AcDbEntity
  8
SK2
  6
CONTINUOUS
370
25
 62
7
100
AcDbLine
 10
33.0
 20
47.18590898655451
 30
0.0
 11
33.98829915546209
 21
46.19760983109242
 31
0.0
  0
LINE
  5
2978
330
1F
100
AcDbEntity
  8
SK2
  6
CONTINUOUS
370
25
 62
7
100
AcDbLine
 10
33.0
 20
47.61017305526644
 30
0.0
 11
34.34185254605538
 21
46.26832050921107
 31
0.0
  0
LINE
  5
2979
330
1F
100
AcDbEntity
  8
SK2
  6
CONTINUOUS
370
25
 62
7
100
AcDbLine
 10
33.04310890497297
 20
47.99132821900541
 30
0.0
 11
34.69540593664865
 21
46.33903118732973
 31
0.0
  0
LINE
  5
297A
330
1F
100
AcDbEntity
  8
SK2
  6
CONTINUOUS
370
25
 62
7
100
AcDbLine
 10
33.57343899086289
 20
47.88526220182742
 30
0.0
 11
35.04895932724193
 21
46.40974186544839
 31
0.0
  0
LINE
  5
297B
330
1F
100
AcDbEntity
  8
SK2
  6
CONTINUOUS
370
25
 62
7
100
AcDbLine
 10
34.1037690767528
 20
47.77919618464944
 30
0.0
 11
35.4025127178352
 21
46.48045254356704
 31
0.0
  0
LINE
  5
297C
330
1F
100
AcDbEntity
  8
SK2
  6
CONTINUOUS
370
25
 62
7
100
AcDbLine
 10
34.63409916264271
 20
47.67313016747146
 30
0.0
 11
35.75606610842848
 21
46.55116322168569
 31
0.0
  0
LINE
  5
297D
330
1F
100
AcDbEntity
  8
SK2
  6
CONTINUOUS
370
25
 62
7
100
AcDbLine
 10
35.16442924853263
 20
47.56706415029347
 30
0.0
 11
36.10961949902176
 21
46.62187389980435
 31
0.0
  0
LINE
  5
297E
330
1F
100
AcDbEntity
  8
SK2
  6
CONTINUOUS
370
25
 62
7
100
AcDbLine
 10
35.69475933442256
 20
47.46099813311549
 30
0.0
 11
36.46317288961504
 21
46.69258457792301
 31
0.0
  0
LINE
  5
297F
330
1F
100
AcDbEntity
  8
SK2
  6
CONTINUOUS
370
25
 62
7
100
AcDbLine
 10
36.22508942031247
 20
47.35493211593751
 30
0.0
 11
36.81672628020832
 21
46.76329525604167
 31
0.0
  0
LINE
  5
2980
330
1F
100
AcDbEntity
  8
SK2
  6
CONTINUOUS
370
25
 62
7
100
AcDbLine
 10
36.75541950620238
 20
47.24886609875953
 30
0.0
 11
37.1702796708016
 21
46.83400593416031
 31
0.0
  0
LINE
  5
2981
330
1F
100
AcDbEntity
  8
SK2
  6
CONTINUOUS
370
25
 62
7
100
AcDbLine
 10
37.28574959209231
 20
47.14280008158153
 30
0.0
 11
37.52383306139487
 21
46.90471661227897
 31
0.0
  0
LINE
  5
2982
330
1F
100
AcDbEntity
  8
SK2
  6
CONTINUOUS
370
25
 62
7
100
AcDbLine
 10
37.81607967798223
 20
47.03673406440355
 30
0.0
 11
37.87738645198815
 21
46.97542729039763
 31
0.0
  0
TEXT
  5
2983
330
1F
100
AcDbEntity
  8
SK2
  6
CONTINUOUS
370
25
 62
7
100
AcDbText
 10
-7.416666666666667
 20
48.49995
 30
0.0
 40
3.5
  1
85
 72
     1
 11
-4.5
 21
48.49995
 31
0.0
100
AcDbText
  0
LINE
  5
2984
330
1F
100
AcDbEntity
  8
2
  6
CONTINUOUS
370
25
 62
7
100
AcDbLine
 10
10.0
 20
-4.9
 30
0.0
 11
9.999999999999998
 21
-37.75
 31
0.0
  0
LINE
  5
2985
330
1F
100
AcDbEntity
  8
2
  6
CONTINUOUS
370
25
 62
7
100
AcDbLine
 10
38.0
 20
-37.75
 30
0.0
 11
38.0
 21
-4.75
 31
0.0
  0
LINE
  5
2986
330
1F
100
AcDbEntity
  8
2
  6
CONTINUOUS
370
25
 62
7
100
AcDbLine
 10
9.999999999999998
 20
-36.75
 30
0.0
 11
38.0
 21
-36.75
 31
0.0
  0
LINE
  5
2987
330
1F
100
AcDbEntity
  8
2
  6
CONTINUOUS
370
25
 62
7
100
AcDbLine
 10
9.999999999999998
 20
-36.75
 30
0.0
 11
15.0
 21
-35.75
 31
0.0
  0
LINE
  5
2988
330
1F
100
AcDbEntity
  8
2
  6
CONTINUOUS
370
25
 62
7
100
AcDbLine
 10
15.0
 20
-35.75
 30
0.0
 11
15.0
 21
-37.75
 31
0.0
  0
LINE
  5
2989
330
1F
100
AcDbEntity
  8
2
  6
CONTINUOUS
370
25
 62
7
100
AcDbLine
 10
15.0
 20
-37.75
 30
0.0
 11
9.999999999999998
 21
-36.75
 31
0.0
  0
LINE
  5
298A
330
1F
100
AcDbEntity
  8
2
  6
CONTINUOUS
370
25
 62
7
100
AcDbLine
 10
14.85129472130147
 20
-37.72025894426029
 30
0.0
 11
15.0
 21
-37.57155366556177
 31
0.0
  0
LINE
  5
298B
330
1F
100
AcDbEntity
  8
2
  6
CONTINUOUS
370
25
 62
7
100
AcDbLine
 10
14.49774133070819
 20
-37.64954826614164
 30
0.0
 11
15.0
 21
-37.14728959684983
 31
0.0
  0
LINE
  5
298C
330
1F
100
AcDbEntity
  8
2
  6
CONTINUOUS
370
25
 62
7
100
AcDbLine
 10
14.14418794011492
 20
-37.57883758802299
 30
0.0
 11
15.0
 21
-36.7230255281379
 31
0.0
  0
LINE
  5
298D
330
1F
100
AcDbEntity
  8
2
  6
CONTINUOUS
370
25
 62
7
100
AcDbLine
 10
13.79063454952165
 20
-37.50812690990433
 30
0.0
 11
15.0
 21
-36.29876145942598
 31
0.0
  0
LINE
  5
298E
330
1F
100
AcDbEntity
  8
2
  6
CONTINUOUS
370
25
 62
7
100
AcDbLine
 10
13.43708115892837
 20
-37.43741623178568
 30
0.0
 11
15.0
 21
-35.87449739071404
 31
0.0
  0
LINE
  5
298F
330
1F
100
AcDbEntity
  8
2
  6
CONTINUOUS
370
25
 62
7
100
AcDbLine
 10
13.08352776833509
 20
-37.36670555366702
 30
0.0
 11
14.62529165250263
 21
-35.82494166949947
 31
0.0
  0
LINE
  5
2990
330
1F
100
AcDbEntity
  8
2
  6
CONTINUOUS
370
25
 62
7
100
AcDbLine
 10
12.72997437774182
 20
-37.29599487554836
 30
0.0
 11
14.09496156661272
 21
-35.93100768667745
 31
0.0
  0
LINE
  5
2991
330
1F
100
AcDbEntity
  8
2
  6
CONTINUOUS
370
25
 62
7
100
AcDbLine
 10
12.37642098714854
 20
-37.22528419742971
 30
0.0
 11
13.56463148072281
 21
-36.03707370385544
 31
0.0
  0
LINE
  5
2992
330
1F
100
AcDbEntity
  8
2
  6
CONTINUOUS
370
25
 62
7
100
AcDbLine
 10
12.02286759655526
 20
-37.15457351931105
 30
0.0
 11
13.03430139483289
 21
-36.14313972103342
 31
0.0
  0
LINE
  5
2993
330
1F
100
AcDbEntity
  8
2
  6
CONTINUOUS
370
25
 62
7
100
AcDbLine
 10
11.66931420596199
 20
-37.0838628411924
 30
0.0
 11
12.50397130894298
 21
-36.2492057382114
 31
0.0
  0
LINE
  5
2994
330
1F
100
AcDbEntity
  8
2
  6
CONTINUOUS
370
25
 62
7
100
AcDbLine
 10
11.31576081536871
 20
-37.01315216307374
 30
0.0
 11
11.97364122305307
 21
-36.35527175538938
 31
0.0
  0
LINE
  5
2995
330
1F
100
AcDbEntity
  8
2
  6
CONTINUOUS
370
25
 62
7
100
AcDbLine
 10
10.96220742477544
 20
-36.94244148495508
 30
0.0
 11
11.44331113716316
 21
-36.46133777256737
 31
0.0
  0
LINE
  5
2996
330
1F
100
AcDbEntity
  8
2
  6
CONTINUOUS
370
25
 62
7
100
AcDbLine
 10
10.60865403418216
 20
-36.87173080683643
 30
0.0
 11
10.91298105127324
 21
-36.56740378974536
 31
0.0
  0
LINE
  5
2997
330
1F
100
AcDbEntity
  8
2
  6
CONTINUOUS
370
25
 62
7
100
AcDbLine
 10
10.25510064358889
 20
-36.80102012871778
 30
0.0
 11
10.38265096538334
 21
-36.67346980692334
 31
0.0
  0
LINE
  5
2998
330
1F
100
AcDbEntity
  8
2
  6
CONTINUOUS
370
25
 62
7
100
AcDbLine
 10
10.34971540547516
 20
-36.68005691890497
 30
0.0
 11
10.52457310821275
 21
-36.85491462164255
 31
0.0
  0
LINE
  5
2999
330
1F
100
AcDbEntity
  8
2
  6
CONTINUOUS
370
25
 62
7
100
AcDbLine
 10
10.70326879606844
 20
-36.60934624078631
 30
0.0
 11
11.05490319410266
 21
-36.96098063882053
 31
0.0
  0
LINE
  5
299A
330
1F
100
AcDbEntity
  8
2
  6
CONTINUOUS
370
25
 62
7
100
AcDbLine
 10
11.05682218666172
 20
-36.53863556266766
 30
0.0
 11
11.58523327999258
 21
-37.06704665599852
 31
0.0
  0
LINE
  5
299B
330
1F
100
AcDbEntity
  8
2
  6
CONTINUOUS
370
25
 62
7
100
AcDbLine
 10
11.41037557725499
 20
-36.46792488454901
 30
0.0
 11
12.11556336588249
 21
-37.1731126731765
 31
0.0
  0
LINE
  5
299C
330
1F
100
AcDbEntity
  8
2
  6
CONTINUOUS
370
25
 62
7
100
AcDbLine
 10
11.76392896784827
 20
-36.39721420643035
 30
0.0
 11
12.6458934517724
 21
-37.27917869035448
 31
0.0
  0
LINE
  5
299D
330
1F
100
AcDbEntity
  8
2
  6
CONTINUOUS
370
25
 62
7
100
AcDbLine
 10
12.11748235844154
 20
-36.32650352831169
 30
0.0
 11
13.17622353766231
 21
-37.38524470753246
 31
0.0
  0
LINE
  5
299E
330
1F
100
AcDbEntity
  8
2
  6
CONTINUOUS
370
25
 62
7
100
AcDbLine
 10
12.47103574903482
 20
-36.25579285019303
 30
0.0
 11
13.70655362355223
 21
-37.49131072471044
 31
0.0
  0
LINE
  5
299F
330
1F
100
AcDbEntity
  8
2
  6
CONTINUOUS
370
25
 62
7
100
AcDbLine
 10
12.82458913962809
 20
-36.18508217207438
 30
0.0
 11
14.23688370944214
 21
-37.59737674188843
 31
0.0
  0
LINE
  5
29A0
330
1F
100
AcDbEntity
  8
2
  6
CONTINUOUS
370
25
 62
7
100
AcDbLine
 10
13.17814253022137
 20
-36.11437149395573
 30
0.0
 11
14.76721379533206
 21
-37.70344275906641
 31
0.0
  0
LINE
  5
29A1
330
1F
100
AcDbEntity
  8
2
  6
CONTINUOUS
370
25
 62
7
100
AcDbLine
 10
13.53169592081464
 20
-36.04366081583707
 30
0.0
 11
15.0
 21
-37.51196489502242
 31
0.0
  0
LINE
  5
29A2
330
1F
100
AcDbEntity
  8
2
  6
CONTINUOUS
370
25
 62
7
100
AcDbLine
 10
13.88524931140792
 20
-35.97295013771841
 30
0.0
 11
15.0
 21
-37.0877008263105
 31
0.0
  0
LINE
  5
29A3
330
1F
100
AcDbEntity
  8
2
  6
CONTINUOUS
370
25
 62
7
100
AcDbLine
 10
14.23880270200119
 20
-35.90223945959976
 30
0.0
 11
15.0
 21
-36.66343675759856
 31
0.0
  0
LINE
  5
29A4
330
1F
100
AcDbEntity
  8
2
  6
CONTINUOUS
370
25
 62
7
100
AcDbLine
 10
14.59235609259447
 20
-35.8315287814811
 30
0.0
 11
15.0
 21
-36.23917268888664
 31
0.0
  0
LINE
  5
29A5
330
1F
100
AcDbEntity
  8
2
  6
CONTINUOUS
370
25
 62
7
100
AcDbLine
 10
14.94590948318775
 20
-35.76081810336245
 30
0.0
 11
15.0
 21
-35.81490862017471
 31
0.0
  0
LINE
  5
29A6
330
1F
100
AcDbEntity
  8
2
  6
CONTINUOUS
370
25
 62
7
100
AcDbLine
 10
38.0
 20
-36.75
 30
0.0
 11
33.0
 21
-37.75
 31
0.0
  0
LINE
  5
29A7
330
1F
100
AcDbEntity
  8
2
  6
CONTINUOUS
370
25
 62
7
100
AcDbLine
 10
33.0
 20
-37.75
 30
0.0
 11
33.0
 21
-35.75
 31
0.0
  0
LINE
  5
29A8
330
1F
100
AcDbEntity
  8
2
  6
CONTINUOUS
370
25
 62
7
100
AcDbLine
 10
33.0
 20
-35.75
 30
0.0
 11
38.0
 21
-36.75
 31
0.0
  0
LINE
  5
29A9
330
1F
100
AcDbEntity
  8
2
  6
CONTINUOUS
370
25
 62
7
100
AcDbLine
 10
37.54812718622724
 20
-36.84037456275455
 30
0.0
 11
37.69875145748482
 21
-36.68975029149697
 31
0.0
  0
LINE
  5
29AA
330
1F
100
AcDbEntity
  8
2
  6
CONTINUOUS
370
25
 62
7
100
AcDbLine
 10
37.01779710033732
 20
-36.94644057993254
 30
0.0
 11
37.34519806689156
 21
-36.61903961337831
 31
0.0
  0
LINE
  5
29AB
330
1F
100
AcDbEntity
  8
2
  6
CONTINUOUS
370
25
 62
7
100
AcDbLine
 10
36.4874670144474
 20
-37.05250659711052
 30
0.0
 11
36.99164467629827
 21
-36.54832893525965
 31
0.0
  0
LINE
  5
29AC
330
1F
100
AcDbEntity
  8
2
  6
CONTINUOUS
370
25
 62
7
100
AcDbLine
 10
35.95713692855749
 20
-37.15857261428851
 30
0.0
 11
36.63809128570499
 21
-36.477618257141
 31
0.0
  0
LINE
  5
29AD
330
1F
100
AcDbEntity
  8
2
  6
CONTINUOUS
370
25
 62
7
100
AcDbLine
 10
35.42680684266757
 20
-37.26463863146648
 30
0.0
 11
36.28453789511172
 21
-36.40690757902234
 31
0.0
  0
LINE
  5
29AE
330
1F
100
AcDbEntity
  8
2
  6
CONTINUOUS
370
25
 62
7
100
AcDbLine
 10
34.89647675677765
 20
-37.37070464864447
 30
0.0
 11
35.93098450451843
 21
-36.33619690090369
 31
0.0
  0
LINE
  5
29AF
330
1F
100
AcDbEntity
  8
2
  6
CONTINUOUS
370
25
 62
7
100
AcDbLine
 10
34.36614667088775
 20
-37.47677066582245
 30
0.0
 11
35.57743111392517
 21
-36.26548622278503
 31
0.0
  0
LINE
  5
29B0
330
1F
100
AcDbEntity
  8
2
  6
CONTINUOUS
370
25
 62
7
100
AcDbLine
 10
33.83581658499784
 20
-37.58283668300044
 30
0.0
 11
35.2238777233319
 21
-36.19477554466637
 31
0.0
  0
LINE
  5
29B1
330
1F
100
AcDbEntity
  8
2
  6
CONTINUOUS
370
25
 62
7
100
AcDbLine
 10
33.30548649910791
 20
-37.68890270017842
 30
0.0
 11
34.87032433273861
 21
-36.12406486654772
 31
0.0
  0
LINE
  5
29B2
330
1F
100
AcDbEntity
  8
2
  6
CONTINUOUS
370
25
 62
7
100
AcDbLine
 10
33.0
 20
-37.5701251305744
 30
0.0
 11
34.51677094214534
 21
-36.05335418842906
 31
0.0
  0
LINE
  5
29B3
330
1F
100
AcDbEntity
  8
2
  6
CONTINUOUS
370
25
 62
7
100
AcDbLine
 10
33.0
 20
-37.14586106186247
 30
0.0
 11
34.16321755155206
 21
-35.98264351031041
 31
0.0
  0
LINE
  5
29B4
330
1F
100
AcDbEntity
  8
2
  6
CONTINUOUS
370
25
 62
7
100
AcDbLine
 10
33.0
 20
-36.72159699315055
 30
0.0
 11
33.80966416095879
 21
-35.91193283219176
 31
0.0
  0
LINE
  5
29B5
330
1F
100
AcDbEntity
  8
2
  6
CONTINUOUS
370
25
 62
7
100
AcDbLine
 10
33.0
 20
-36.29733292443861
 30
0.0
 11
33.45611077036551
 21
-35.8412221540731
 31
0.0
  0
LINE
  5
29B6
330
1F
100
AcDbEntity
  8
2
  6
CONTINUOUS
370
25
 62
7
100
AcDbLine
 10
33.0
 20
-35.87306885572668
 30
0.0
 11
33.10255737977224
 21
-35.77051147595444
 31
0.0
  0
LINE
  5
29B7
330
1F
100
AcDbEntity
  8
2
  6
CONTINUOUS
370
25
 62
7
100
AcDbLine
 10
33.0
 20
-37.51339343000967
 30
0.0
 11
33.19717214165861
 21
-37.71056557166828
 31
0.0
  0
LINE
  5
29B8
330
1F
100
AcDbEntity
  8
2
  6
CONTINUOUS
370
25
 62
7
100
AcDbLine
 10
33.0
 20
-37.08912936129774
 30
0.0
 11
33.55072553225189
 21
-37.63985489354963
 31
0.0
  0
LINE
  5
29B9
330
1F
100
AcDbEntity
  8
2
  6
CONTINUOUS
370
25
 62
7
100
AcDbLine
 10
33.0
 20
-36.6648652925858
 30
0.0
 11
33.90427892284517
 21
-37.56914421543096
 31
0.0
  0
LINE
  5
29BA
330
1F
100
AcDbEntity
  8
2
  6
CONTINUOUS
370
25
 62
7
100
AcDbLine
 10
33.0
 20
-36.24060122387387
 30
0.0
 11
34.25783231343845
 21
-37.49843353731232
 31
0.0
  0
LINE
  5
29BB
330
1F
100
AcDbEntity
  8
2
  6
CONTINUOUS
370
25
 62
7
100
AcDbLine
 10
33.0
 20
-35.81633715516194
 30
0.0
 11
34.61138570403173
 21
-37.42772285919366
 31
0.0
  0
LINE
  5
29BC
330
1F
100
AcDbEntity
  8
2
  6
CONTINUOUS
370
25
 62
7
100
AcDbLine
 10
33.44740864193749
 20
-35.8394817283875
 30
0.0
 11
34.964939094625
 21
-37.357012181075
 31
0.0
  0
LINE
  5
29BD
330
1F
100
AcDbEntity
  8
2
  6
CONTINUOUS
370
25
 62
7
100
AcDbLine
 10
33.97773872782741
 20
-35.94554774556548
 30
0.0
 11
35.31849248521828
 21
-37.28630150295635
 31
0.0
  0
LINE
  5
29BE
330
1F
100
AcDbEntity
  8
2
  6
CONTINUOUS
370
25
 62
7
100
AcDbLine
 10
34.50806881371732
 20
-36.05161376274346
 30
0.0
 11
35.67204587581156
 21
-37.21559082483769
 31
0.0
  0
LINE
  5
29BF
330
1F
100
AcDbEntity
  8
2
  6
CONTINUOUS
370
25
 62
7
100
AcDbLine
 10
35.03839889960724
 20
-36.15767977992145
 30
0.0
 11
36.02559926640484
 21
-37.14488014671903
 31
0.0
  0
LINE
  5
29C0
330
1F
100
AcDbEntity
  8
2
  6
CONTINUOUS
370
25
 62
7
100
AcDbLine
 10
35.56872898549716
 20
-36.26374579709943
 30
0.0
 11
36.37915265699812
 21
-37.07416946860038
 31
0.0
  0
LINE
  5
29C1
330
1F
100
AcDbEntity
  8
2
  6
CONTINUOUS
370
25
 62
7
100
AcDbLine
 10
36.09905907138708
 20
-36.36981181427742
 30
0.0
 11
36.73270604759139
 21
-37.00345879048172
 31
0.0
  0
LINE
  5
29C2
330
1F
100
AcDbEntity
  8
2
  6
CONTINUOUS
370
25
 62
7
100
AcDbLine
 10
36.62938915727699
 20
-36.47587783145539
 30
0.0
 11
37.08625943818468
 21
-36.93274811236307
 31
0.0
  0
LINE
  5
29C3
330
1F
100
AcDbEntity
  8
2
  6
CONTINUOUS
370
25
 62
7
100
AcDbLine
 10
37.15971924316692
 20
-36.58194384863339
 30
0.0
 11
37.43981282877795
 21
-36.86203743424441
 31
0.0
  0
LINE
  5
29C4
330
1F
100
AcDbEntity
  8
2
  6
CONTINUOUS
370
25
 62
7
100
AcDbLine
 10
37.69004932905683
 20
-36.68800986581137
 30
0.0
 11
37.79336621937122
 21
-36.79132675612576
 31
0.0
  0
TEXT
  5
29C5
330
1F
100
AcDbEntity
  8
2
  6
CONTINUOUS
370
25
 62
7
100
AcDbText
 10
21.08333333333333
 20
-35.25
 30
0.0
 40
3.5
  1
28
 72
     1
 11
24.0
 21
-35.25
 31
0.0
100
AcDbText
  0
LINE
  5
29C6
330
1F
100
AcDbEntity
  8
2
  6
CONTINUOUS
370
25
 62
7
100
AcDbLine
 10
36.3075
 20
-4.75
 30
0.0
 11
36.3075
 21
-17.75
 31
0.0
  0
LINE
  5
29C7
330
1F
100
AcDbEntity
  8
2
  6
CONTINUOUS
370
25
 62
7
100
AcDbLine
 10
37.5575
 20
-17.75
 30
0.0
 11
37.5575
 21
-4.75
 31
0.0
  0
LINE
  5
29C8
330
1F
100
AcDbEntity
  8
2
  6
CONTINUOUS
370
25
 62
7
100
AcDbLine
 10
29.3075
 20
-16.75
 30
0.0
 11
56.4575
 21
-16.75
 31
0.0
  0
LINE
  5
29C9
330
1F
100
AcDbEntity
  8
2
  6
CONTINUOUS
370
25
 62
7
100
AcDbLine
 10
36.3075
 20
-16.75
 30
0.0
 11
31.3075
 21
-17.75
 31
0.0
  0
LINE
  5
29CA
330
1F
100
AcDbEntity
  8
2
  6
CONTINUOUS
370
25
 62
7
100
AcDbLine
 10
31.3075
 20
-17.75
 30
0.0
 11
31.3075
 21
-15.75
 31
0.0
  0
LINE
  5
29CB
330
1F
100
AcDbEntity
  8
2
  6
CONTINUOUS
370
25
 62
7
100
AcDbLine
 10
31.3075
 20
-15.75
 30
0.0
 11
36.3075
 21
-16.75
 31
0.0
  0
LINE
  5
29CC
330
1F
100
AcDbEntity
  8
2
  6
CONTINUOUS
370
25
 62
7
100
AcDbLine
 10
35.78683656661271
 20
-16.85413268667746
 30
0.0
 11
35.96039104440847
 21
-16.6805782088817
 31
0.0
  0
LINE
  5
29CD
330
1F
100
AcDbEntity
  8
2
  6
CONTINUOUS
370
25
 62
7
100
AcDbLine
 10
35.25650648072281
 20
-16.96019870385544
 30
0.0
 11
35.60683765381521
 21
-16.60986753076304
 31
0.0
  0
LINE
  5
29CE
330
1F
100
AcDbEntity
  8
2
  6
CONTINUOUS
370
25
 62
7
100
AcDbLine
 10
34.7261763948329
 20
-17.06626472103342
 30
0.0
 11
35.25328426322193
 21
-16.53915685264439
 31
0.0
  0
LINE
  5
29CF
330
1F
100
AcDbEntity
  8
2
  6
CONTINUOUS
370
25
 62
7
100
AcDbLine
 10
34.19584630894298
 20
-17.17233073821141
 30
0.0
 11
34.89973087262865
 21
-16.46844617452573
 31
0.0
  0
LINE
  5
29D0
330
1F
100
AcDbEntity
  8
2
  6
CONTINUOUS
370
25
 62
7
100
AcDbLine
 10
33.66551622305307
 20
-17.27839675538939
 30
0.0
 11
34.54617748203538
 21
-16.39773549640708
 31
0.0
  0
LINE
  5
29D1
330
1F
100
AcDbEntity
  8
2
  6
CONTINUOUS
370
25
 62
7
100
AcDbLine
 10
33.13518613716316
 20
-17.38446277256737
 30
0.0
 11
34.19262409144211
 21
-16.32702481828842
 31
0.0
  0
LINE
  5
29D2
330
1F
100
AcDbEntity
  8
2
  6
CONTINUOUS
370
25
 62
7
100
AcDbLine
 10
32.60485605127325
 20
-17.49052878974535
 30
0.0
 11
33.83907070084883
 21
-16.25631414016977
 31
0.0
  0
LINE
  5
29D3
330
1F
100
AcDbEntity
  8
2
  6
CONTINUOUS
370
25
 62
7
100
AcDbLine
 10
32.07452596538334
 20
-17.59659480692333
 30
0.0
 11
33.48551731025555
 21
-16.18560346205111
 31
0.0
  0
LINE
  5
29D4
330
1F
100
AcDbEntity
  8
2
  6
CONTINUOUS
370
25
 62
7
100
AcDbLine
 10
31.54419587949343
 20
-17.70266082410132
 30
0.0
 11
33.13196391966228
 21
-16.11489278393245
 31
0.0
  0
LINE
  5
29D5
330
1F
100
AcDbEntity
  8
2
  6
CONTINUOUS
370
25
 62
7
100
AcDbLine
 10
31.3075
 20
-17.51509263488282
 30
0.0
 11
32.77841052906901
 21
-16.0441821058138
 31
0.0
  0
LINE
  5
29D6
330
1F
100
AcDbEntity
  8
2
  6
CONTINUOUS
370
25
 62
7
100
AcDbLine
 10
31.3075
 20
-17.09082856617089
 30
0.0
 11
32.42485713847573
 21
-15.97347142769515
 31
0.0
  0
LINE
  5
29D7
330
1F
100
AcDbEntity
  8
2
  6
CONTINUOUS
370
25
 62
7
100
AcDbLine
 10
31.3075
 20
-16.66656449745896
 30
0.0
 11
32.07130374788246
 21
-15.90276074957649
 31
0.0
  0
LINE
  5
29D8
330
1F
100
AcDbEntity
  8
2
  6
CONTINUOUS
370
25
 62
7
100
AcDbLine
 10
31.3075
 20
-16.24230042874703
 30
0.0
 11
31.71775035728919
 21
-15.83205007145784
 31
0.0
  0
LINE
  5
29D9
330
1F
100
AcDbEntity
  8
2
  6
CONTINUOUS
370
25
 62
7
100
AcDbLine
 10
31.3075
 20
-15.8180363600351
 30
0.0
 11
31.36419696669591
 21
-15.76133939333918
 31
0.0
  0
LINE
  5
29DA
330
1F
100
AcDbEntity
  8
2
  6
CONTINUOUS
370
25
 62
7
100
AcDbLine
 10
31.3075
 20
-17.73104980121828
 30
0.0
 11
31.32329183231809
 21
-17.74684163353638
 31
0.0
  0
LINE
  5
29DB
330
1F
100
AcDbEntity
  8
2
  6
CONTINUOUS
370
25
 62
7
100
AcDbLine
 10
31.3075
 20
-17.30678573250635
 30
0.0
 11
31.67684522291137
 21
-17.67613095541772
 31
0.0
  0
LINE
  5
29DC
330
1F
100
AcDbEntity
  8
2
  6
CONTINUOUS
370
25
 62
7
100
AcDbLine
 10
31.3075
 20
-16.88252166379442
 30
0.0
 11
32.03039861350464
 21
-17.60542027729906
 31
0.0
  0
LINE
  5
29DD
330
1F
100
AcDbEntity
  8
2
  6
CONTINUOUS
370
25
 62
7
100
AcDbLine
 10
31.3075
 20
-16.45825759508249
 30
0.0
 11
32.38395200409792
 21
-17.53470959918041
 31
0.0
  0
LINE
  5
29DE
330
1F
100
AcDbEntity
  8
2
  6
CONTINUOUS
370
25
 62
7
100
AcDbLine
 10
31.3075
 20
-16.03399352637057
 30
0.0
 11
32.7375053946912
 21
-17.46399892106177
 31
0.0
  0
LINE
  5
29DF
330
1F
100
AcDbEntity
  8
2
  6
CONTINUOUS
370
25
 62
7
100
AcDbLine
 10
31.4828381779267
 20
-15.78506763558534
 30
0.0
 11
33.09105878528447
 21
-17.3932882429431
 31
0.0
  0
LINE
  5
29E0
330
1F
100
AcDbEntity
  8
2
  6
CONTINUOUS
370
25
 62
7
100
AcDbLine
 10
32.01316826381662
 20
-15.89113365276332
 30
0.0
 11
33.44461217587774
 21
-17.32257756482445
 31
0.0
  0
LINE
  5
29E1
330
1F
100
AcDbEntity
  8
2
  6
CONTINUOUS
370
25
 62
7
100
AcDbLine
 10
32.54349834970653
 20
-15.99719966994131
 30
0.0
 11
33.79816556647102
 21
-17.25186688670579
 31
0.0
  0
LINE
  5
29E2
330
1F
100
AcDbEntity
  8
2
  6
CONTINUOUS
370
25
 62
7
100
AcDbLine
 10
33.07382843559644
 20
-16.10326568711929
 30
0.0
 11
34.1517189570643
 21
-17.18115620858714
 31
0.0
  0
LINE
  5
29E3
330
1F
100
AcDbEntity
  8
2
  6
CONTINUOUS
370
25
 62
7
100
AcDbLine
 10
33.60415852148635
 20
-16.20933170429727
 30
0.0
 11
34.50527234765757
 21
-17.11044553046849
 31
0.0
  0
LINE
  5
29E4
330
1F
100
AcDbEntity
  8
2
  6
CONTINUOUS
370
25
 62
7
100
AcDbLine
 10
34.13448860737628
 20
-16.31539772147526
 30
0.0
 11
34.85882573825084
 21
-17.03973485234982
 31
0.0
  0
LINE
  5
29E5
330
1F
100
AcDbEntity
  8
2
  6
CONTINUOUS
370
25
 62
7
100
AcDbLine
 10
34.66481869326619
 20
-16.42146373865324
 30
0.0
 11
35.21237912884412
 21
-16.96902417423117
 31
0.0
  0
LINE
  5
29E6
330
1F
100
AcDbEntity
  8
2
  6
CONTINUOUS
370
25
 62
7
100
AcDbLine
 10
35.19514877915609
 20
-16.52752975583122
 30
0.0
 11
35.5659325194374
 21
-16.89831349611251
 31
0.0
  0
LINE
  5
29E7
330
1F
100
AcDbEntity
  8
2
  6
CONTINUOUS
370
25
 62
7
100
AcDbLine
 10
35.72547886504601
 20
-16.6335957730092
 30
0.0
 11
35.91948591003067
 21
-16.82760281799386
 31
0.0
  0
LINE
  5
29E8
330
1F
100
AcDbEntity
  8
2
  6
CONTINUOUS
370
25
 62
7
100
AcDbLine
 10
36.25580895093593
 20
-16.73966179018719
 30
0.0
 11
36.27303930062394
 21
-16.75689213987521
 31
0.0
  0
LINE
  5
29E9
330
1F
100
AcDbEntity
  8
2
  6
CONTINUOUS
370
25
 62
7
100
AcDbLine
 10
37.5575
 20
-16.75
 30
0.0
 11
42.5575
 21
-15.75
 31
0.0
  0
LINE
  5
29EA
330
1F
100
AcDbEntity
  8
2
  6
CONTINUOUS
370
25
 62
7
100
AcDbLine
 10
42.5575
 20
-15.75
 30
0.0
 11
42.5575
 21
-17.75
 31
0.0
  0
LINE
  5
29EB
330
1F
100
AcDbEntity
  8
2
  6
CONTINUOUS
370
25
 62
7
100
AcDbLine
 10
42.5575
 20
-17.75
 30
0.0
 11
37.5575
 21
-16.75
 31
0.0
  0
LINE
  5
29EC
330
1F
100
AcDbEntity
  8
2
  6
CONTINUOUS
370
25
 62
7
100
AcDbLine
 10
42.34275035728919
 20
-17.70705007145784
 30
0.0
 11
42.5575
 21
-17.49230042874703
 31
0.0
  0
LINE
  5
29ED
330
1F
100
AcDbEntity
  8
2
  6
CONTINUOUS
370
25
 62
7
100
AcDbLine
 10
41.98919696669591
 20
-17.63633939333918
 30
0.0
 11
42.5575
 21
-17.06803636003509
 31
0.0
  0
LINE
  5
29EE
330
1F
100
AcDbEntity
  8
2
  6
CONTINUOUS
370
25
 62
7
100
AcDbLine
 10
41.63564357610264
 20
-17.56562871522053
 30
0.0
 11
42.5575
 21
-16.64377229132317
 31
0.0
  0
LINE
  5
29EF
330
1F
100
AcDbEntity
  8
2
  6
CONTINUOUS
370
25
 62
7
100
AcDbLine
 10
41.28209018550937
 20
-17.49491803710187
 30
0.0
 11
42.5575
 21
-16.21950822261124
 31
0.0
  0
LINE
  5
29F0
330
1F
100
AcDbEntity
  8
2
  6
CONTINUOUS
370
25
 62
7
100
AcDbLine
 10
40.92853679491608
 20
-17.42420735898322
 30
0.0
 11
42.5575
 21
-15.7952441538993
 31
0.0
  0
LINE
  5
29F1
330
1F
100
AcDbEntity
  8
2
  6
CONTINUOUS
370
25
 62
7
100
AcDbLine
 10
40.57498340432281
 20
-17.35349668086456
 30
0.0
 11
42.08372510648421
 21
-15.84475497870316
 31
0.0
  0
LINE
  5
29F2
330
1F
100
AcDbEntity
  8
2
  6
CONTINUOUS
370
25
 62
7
100
AcDbLine
 10
40.22143001372953
 20
-17.28278600274591
 30
0.0
 11
41.5533950205943
 21
-15.95082099588114
 31
0.0
  0
LINE
  5
29F3
330
1F
100
AcDbEntity
  8
2
  6
CONTINUOUS
370
25
 62
7
100
AcDbLine
 10
39.86787662313626
 20
-17.21207532462725
 30
0.0
 11
41.02306493470439
 21
-16.05688701305912
 31
0.0
  0
LINE
  5
29F4
330
1F
100
AcDbEntity
  8
2
  6
CONTINUOUS
370
25
 62
7
100
AcDbLine
 10
39.51432323254298
 20
-17.14136464650859
 30
0.0
 11
40.49273484881447
 21
-16.16295303023711
 31
0.0
  0
LINE
  5
29F5
330
1F
100
AcDbEntity
  8
2
  6
CONTINUOUS
370
25
 62
7
100
AcDbLine
 10
39.1607698419497
 20
-17.07065396838994
 30
0.0
 11
39.96240476292456
 21
-16.26901904741509
 31
0.0
  0
LINE
  5
29F6
330
1F
100
AcDbEntity
  8
2
  6
CONTINUOUS
370
25
 62
7
100
AcDbLine
 10
38.80721645135643
 20
-16.99994329027128
 30
0.0
 11
39.43207467703464
 21
-16.37508506459307
 31
0.0
  0
LINE
  5
29F7
330
1F
100
AcDbEntity
  8
2
  6
CONTINUOUS
370
25
 62
7
100
AcDbLine
 10
38.45366306076316
 20
-16.92923261215263
 30
0.0
 11
38.90174459114473
 21
-16.48115108177105
 31
0.0
  0
LINE
  5
29F8
330
1F
100
AcDbEntity
  8
2
  6
CONTINUOUS
370
25
 62
7
100
AcDbLine
 10
38.10010967016988
 20
-16.85852193403397
 30
0.0
 11
38.37141450525482
 21
-16.58721709894903
 31
0.0
  0
LINE
  5
29F9
330
1F
100
AcDbEntity
  8
2
  6
CONTINUOUS
370
25
 62
7
100
AcDbLine
 10
37.7465562795766
 20
-16.78781125591532
 30
0.0
 11
37.8410844193649
 21
-16.69328311612702
 31
0.0
  0
LINE
  5
29FA
330
1F
100
AcDbEntity
  8
2
  6
CONTINUOUS
370
25
 62
7
100
AcDbLine
 10
37.89558619633036
 20
-16.68238276073393
 30
0.0
 11
38.06462929449555
 21
-16.85142585889911
 31
0.0
  0
LINE
  5
29FB
330
1F
100
AcDbEntity
  8
2
  6
CONTINUOUS
370
25
 62
7
100
AcDbLine
 10
38.24913958692364
 20
-16.61167208261527
 30
0.0
 11
38.59495938038547
 21
-16.9574918760771
 31
0.0
  0
LINE
  5
29FC
330
1F
100
AcDbEntity
  8
2
  6
CONTINUOUS
370
25
 62
7
100
AcDbLine
 10
38.60269297751691
 20
-16.54096140449661
 30
0.0
 11
39.12528946627538
 21
-17.06355789325508
 31
0.0
  0
LINE
  5
29FD
330
1F
100
AcDbEntity
  8
2
  6
CONTINUOUS
370
25
 62
7
100
AcDbLine
 10
38.95624636811019
 20
-16.47025072637796
 30
0.0
 11
39.6556195521653
 21
-17.16962391043307
 31
0.0
  0
LINE
  5
29FE
330
1F
100
AcDbEntity
  8
2
  6
CONTINUOUS
370
25
 62
7
100
AcDbLine
 10
39.30979975870347
 20
-16.39954004825931
 30
0.0
 11
40.18594963805521
 21
-17.27568992761104
 31
0.0
  0
LINE
  5
29FF
330
1F
100
AcDbEntity
  8
2
  6
CONTINUOUS
370
25
 62
7
100
AcDbLine
 10
39.66335314929674
 20
-16.32882937014065
 30
0.0
 11
40.71627972394513
 21
-17.38175594478903
 31
0.0
  0
LINE
  5
2A00
330
1F
100
AcDbEntity
  8
2
  6
CONTINUOUS
370
25
 62
7
100
AcDbLine
 10
40.01690653989002
 20
-16.25811869202199
 30
0.0
 11
41.24660980983504
 21
-17.487821961967
 31
0.0
  0
LINE
  5
2A01
330
1F
100
AcDbEntity
  8
2
  6
CONTINUOUS
370
25
 62
7
100
AcDbLine
 10
40.37045993048329
 20
-16.18740801390334
 30
0.0
 11
41.77693989572496
 21
-17.59388797914499
 31
0.0
  0
LINE
  5
2A02
330
1F
100
AcDbEntity
  8
2
  6
CONTINUOUS
370
25
 62
7
100
AcDbLine
 10
40.72401332107658
 20
-16.11669733578469
 30
0.0
 11
42.30726998161487
 21
-17.69995399632297
 31
0.0
  0
LINE
  5
2A03
330
1F
100
AcDbEntity
  8
2
  6
CONTINUOUS
370
25
 62
7
100
AcDbLine
 10
41.07756671166985
 20
-16.04598665766603
 30
0.0
 11
42.5575
 21
-17.52591994599617
 31
0.0
  0
LINE
  5
2A04
330
1F
100
AcDbEntity
  8
2
  6
CONTINUOUS
370
25
 62
7
100
AcDbLine
 10
41.43112010226312
 20
-15.97527597954737
 30
0.0
 11
42.5575
 21
-17.10165587728424
 31
0.0
  0
LINE
  5
2A05
330
1F
100
AcDbEntity
  8
2
  6
CONTINUOUS
370
25
 62
7
100
AcDbLine
 10
41.7846734928564
 20
-15.90456530142871
 30
0.0
 11
42.5575
 21
-16.67739180857231
 31
0.0
  0
LINE
  5
2A06
330
1F
100
AcDbEntity
  8
2
  6
CONTINUOUS
370
25
 62
7
100
AcDbLine
 10
42.13822688344968
 20
-15.83385462331006
 30
0.0
 11
42.5575
 21
-16.25312773986038
 31
0.0
  0
LINE
  5
2A07
330
1F
100
AcDbEntity
  8
2
  6
CONTINUOUS
370
25
 62
7
100
AcDbLine
 10
42.49178027404295
 20
-15.7631439451914
 30
0.0
 11
42.5575
 21
-15.82886367114845
 31
0.0
  0
TEXT
  5
2A08
330
1F
100
AcDbEntity
  8
2
  6
CONTINUOUS
370
25
 62
7
100
AcDbText
 10
44.84083333333333
 20
-15.25
 30
0.0
 40
3.5
  1
1.25
 72
     1
 11
49.50749999999999
 21
-15.25
 31
0.0
100
AcDbText
  0
LINE
  5
2A09
330
1F
100
AcDbEntity
  8
SK1
  6
CONTINUOUS
370
50
 62
4
100
AcDbLine
 10
0.0
 20
0.0
 30
0.0
 11
2.5
 21
0.0
 31
0.0
  0
LINE
  5
2A0A
330
1F
100
AcDbEntity
  8
SK1
  6
CONTINUOUS
370
50
 62
4
100
AcDbLine
 10
0.0
 20
0.0
 30
0.0
 11
0.0
 21
2.5
 31
0.0
  0
ARC
  5
2A0B
330
1F
100
AcDbEntity
  8
SK1
  6
CONTINUOUS
370
50
 62
4
100
AcDbCircle
 10
0.0
 20
0.0
 30
0.0
 40
2.5
100
AcDbArc
 50
0.0
 51
90.0
  0
LINE
  5
2A0C
330
1F
100
AcDbEntity
  8
SK1
  6
CONTINUOUS
370
50
 62
4
100
AcDbLine
 10
0.0
 20
0.0
 30
0.0
 11
-2.5
 21
0.0
 31
0.0
  0
ARC
  5
2A0D
330
1F
100
AcDbEntity
  8
SK1
  6
CONTINUOUS
370
50
 62
4
100
AcDbCircle
 10
0.0
 20
0.0
 30
0.0
 40
2.5
100
AcDbArc
 50
180.0
 51
270.0
  0
LINE
  5
2A0E
330
1F
100
AcDbEntity
  8
SK1
  6
CONTINUOUS
370
50
 62
4
100
AcDbLine
 10
0.0
 20
-2.5
 30
0.0
 11
0.0
 21
0.0
 31
0.0
  0
ARC
  5
2A0F
330
1F
100
AcDbEntity
  8
SK1
  6
CONTINUOUS
370
50
 62
4
100
AcDbCircle
 10
0.0
 20
0.0
 30
0.0
 40
2.5
100
AcDbArc
 50
270.0
 51
0.0
  0
ARC
  5
2A10
330
1F
100
AcDbEntity
  8
SK1
  6
CONTINUOUS
370
50
 62
4
100
AcDbCircle
 10
0.0
 20
0.0
 30
0.0
 40
2.5
100
AcDbArc
 50
90.0
 51
180.0
  0
LINE
  5
2A11
330
1F
100
AcDbEntity
  8
SK1
  6
CONTINUOUS
370
50
 62
4
100
AcDbLine
 10
-0.31832627443191
 20
-2.479495909600069
 30
0.0
 11
0.0
 21
-2.161169635168159
 31
0.0
  0
LINE
  5
2A12
330
1F
100
AcDbEntity
  8
SK1
  6
CONTINUOUS
370
50
 62
4
100
AcDbLine
 10
2.16116963516816
 20
0.0
 30
0.0
 11
2.479495909600069
 21
0.3183262744319091
 31
0.0
  0
LINE
  5
2A13
330
1F
100
AcDbEntity
  8
SK1
  6
CONTINUOUS
370
50
 62
4
100
AcDbLine
 10
-0.615281817185723
 20
-2.422898061760609
 30
0.0
 11
0.0
 21
-1.807616244574886
 31
0.0
  0
LINE
  5
2A14
330
1F
100
AcDbEntity
  8
SK1
  6
CONTINUOUS
370
50
 62
4
100
AcDbLine
 10
1.807616244574887
 20
0.0
 30
0.0
 11
2.422898061760609
 21
0.6152818171857222
 31
0.0
  0
LINE
  5
2A15
330
1F
100
AcDbEntity
  8
SK1
  6
CONTINUOUS
370
50
 62
4
100
AcDbLine
 10
-0.8835965231639721
 20
-2.337659377145585
 30
0.0
 11
0.0
 21
-1.454062853981614
 31
0.0
  0
LINE
  5
2A16
330
1F
100
AcDbEntity
  8
SK1
  6
CONTINUOUS
370
50
 62
4
100
AcDbLine
 10
1.454062853981615
 20
0.0
 30
0.0
 11
2.337659377145586
 21
0.8835965231639715
 31
0.0
  0
LINE
  5
2A17
330
1F
100
AcDbEntity
  8
SK1
  6
CONTINUOUS
370
50
 62
4
100
AcDbLine
 10
-1.128779664263143
 20
-2.229289127651483
 30
0.0
 11
0.0
 21
-1.100509463388341
 31
0.0
  0
LINE
  5
2A18
330
1F
100
AcDbEntity
  8
SK1
  6
CONTINUOUS
370
50
 62
4
100
AcDbLine
 10
1.100509463388341
 20
0.0
 30
0.0
 11
2.229289127651484
 21
1.128779664263142
 31
0.0
  0
LINE
  5
2A19
330
1F
100
AcDbEntity
  8
SK1
  6
CONTINUOUS
370
50
 62
4
100
AcDbLine
 10
-1.354032791010379
 20
-2.100988863805446
 30
0.0
 11
0.0
 21
-0.7469560727950677
 31
0.0
  0
LINE
  5
2A1A
330
1F
100
AcDbEntity
  8
SK1
  6
CONTINUOUS
370
50
 62
4
100
AcDbLine
 10
0.746956072795068
 20
0.0
 30
0.0
 11
2.100988863805446
 21
1.354032791010378
 31
0.0
  0
LINE
  5
2A1B
330
1F
100
AcDbEntity
  8
SK1
  6
CONTINUOUS
370
50
 62
4
100
AcDbLine
 10
-1.559387394659872
 20
-1.952790076861666
 30
0.0
 11
0.0
 21
-0.3934026822017946
 31
0.0
  0
LINE
  5
2A1C
330
1F
100
AcDbEntity
  8
SK1
  6
CONTINUOUS
370
50
 62
4
100
AcDbLine
 10
0.3934026822017948
 20
0.0
 30
0.0
 11
1.952790076861667
 21
1.559387394659871
 31
0.0
  0
LINE
  5
2A1D
330
1F
100
AcDbEntity
  8
SK1
  6
CONTINUOUS
370
50
 62
4
100
AcDbLine
 10
-1.746970020883365
 20
-1.786819312491886
 30
0.0
 11
0.0
 21
-0.0398492916085216
 31
0.0
  0
LINE
  5
2A1E
330
1F
100
AcDbEntity
  8
SK1
  6
CONTINUOUS
370
50
 62
4
100
AcDbLine
 10
0.0398492916085216
 20
0.0
 30
0.0
 11
1.786819312491887
 21
1.746970020883364
 31
0.0
  0
LINE
  5
2A1F
330
1F
100
AcDbEntity
  8
SK1
  6
CONTINUOUS
370
50
 62
4
100
AcDbLine
 10
-1.917371878232655
 20
-1.603667779247902
 30
0.0
 11
-0.3137040989847517
 21
0.0
 31
0.0
  0
LINE
  5
2A20
330
1F
100
AcDbEntity
  8
SK1
  6
CONTINUOUS
370
50
 62
4
100
AcDbLine
 10
0.0
 20
0.3137040989847515
 30
0.0
 11
1.603667779247903
 21
1.917371878232654
 31
0.0
  0
LINE
  5
2A21
330
1F
100
AcDbEntity
  8
SK1
  6
CONTINUOUS
370
50
 62
4
100
AcDbLine
 10
-2.068741231122433
 20
-1.401483741544407
 30
0.0
 11
-0.6672574895780249
 21
0.0
 31
0.0
  0
LINE
  5
2A22
330
1F
100
AcDbEntity
  8
SK1
  6
CONTINUOUS
370
50
 62
4
100
AcDbLine
 10
0.0
 20
0.6672574895780246
 30
0.0
 11
1.401483741544409
 21
2.068741231122432
 31
0.0
  0
LINE
  5
2A23
330
1F
100
AcDbEntity
  8
SK1
  6
CONTINUOUS
370
50
 62
4
100
AcDbLine
 10
-2.2023876557675
 20
-1.181576775596201
 30
0.0
 11
-1.020810880171298
 21
0.0
 31
0.0
  0
LINE
  5
2A24
330
1F
100
AcDbEntity
  8
SK1
  6
CONTINUOUS
370
50
 62
4
100
AcDbLine
 10
0.0
 20
1.020810880171298
 30
0.0
 11
1.181576775596202
 21
2.202387655767499
 31
0.0
  0
LINE
  5
2A25
330
1F
100
AcDbEntity
  8
SK1
  6
CONTINUOUS
370
50
 62
4
100
AcDbLine
 10
-2.315450943493525
 20
-0.9410866727289533
 30
0.0
 11
-1.374364270764571
 21
0.0
 31
0.0
  0
LINE
  5
2A26
330
1F
100
AcDbEntity
  8
SK1
  6
CONTINUOUS
370
50
 62
4
100
AcDbLine
 10
0.0
 20
1.374364270764571
 30
0.0
 11
0.9410866727289543
 21
2.315450943493524
 31
0.0
  0
LINE
  5
2A27
330
1F
100
AcDbEntity
  8
SK1
  6
CONTINUOUS
370
50
 62
4
100
AcDbLine
 10
-2.405290600131854
 20
-0.6773729387740097
 30
0.0
 11
-1.727917661357844
 21
0.0
 31
0.0
  0
LINE
  5
2A28
330
1F
100
AcDbEntity
  8
SK1
  6
CONTINUOUS
370
50
 62
4
100
AcDbLine
 10
0.0
 20
1.727917661357844
 30
0.0
 11
0.6773729387740106
 21
2.405290600131854
 31
0.0
  0
LINE
  5
2A29
330
1F
100
AcDbEntity
  8
SK1
  6
CONTINUOUS
370
50
 62
4
100
AcDbLine
 10
-2.468598823056026
 20
-0.3871277711049084
 30
0.0
 11
-2.081471051951118
 21
0.0
 31
0.0
  0
LINE
  5
2A2A
330
1F
100
AcDbEntity
  8
SK1
  6
CONTINUOUS
370
50
 62
4
100
AcDbLine
 10
0.0
 20
2.081471051951117
 30
0.0
 11
0.3871277711049085
 21
2.468598823056025
 31
0.0
  0
LINE
  5
2A2B
330
1F
100
AcDbEntity
  8
SK1
  6
CONTINUOUS
370
50
 62
4
100
AcDbLine
 10
-2.498020276172772
 20
-0.0629958336283822
 30
0.0
 11
-2.43502444254439
 21
0.0
 31
0.0
  0
LINE
  5
2A2C
330
1F
100
AcDbEntity
  8
SK1
  6
CONTINUOUS
370
50
 62
4
100
AcDbLine
 10
0.0
 20
2.435024442544389
 30
0.0
 11
0.0629958336283828
 21
2.498020276172772
 31
0.0
  0
LINE
  5
2A2D
330
1F
100
AcDbEntity
  8
SK1
  6
CONTINUOUS
370
50
 62
4
100
AcDbLine
 10
-2.337336523620827
 20
-0.8844932833271533
 30
0.0
 11
-0.8844932833271509
 21
-2.337336523620827
 31
0.0
  0
LINE
  5
2A2E
330
1F
100
AcDbEntity
  8
SK1
  6
CONTINUOUS
370
50
 62
4
100
AcDbLine
 10
-2.466237059966593
 20
-0.4020393563881135
 30
0.0
 11
-0.4020393563881111
 21
-2.466237059966594
 31
0.0
  0
LINE
  5
2A2F
330
1F
100
AcDbEntity
  8
SK1
  6
CONTINUOUS
370
50
 62
4
100
AcDbLine
 10
-2.499522297881596
 20
-0.0152007278798383
 30
0.0
 11
-0.0152007278798351
 21
-2.499522297881596
 31
0.0
  0
LINE
  5
2A30
330
1F
100
AcDbEntity
  8
SK1
  6
CONTINUOUS
370
50
 62
4
100
AcDbLine
 10
-2.16116963516816
 20
0.0
 30
0.0
 11
0.0
 21
-2.161169635168158
 31
0.0
  0
LINE
  5
2A31
330
1F
100
AcDbEntity
  8
SK1
  6
CONTINUOUS
370
50
 62
4
100
AcDbLine
 10
-1.807616244574888
 20
0.0
 30
0.0
 11
0.0
 21
-1.807616244574886
 31
0.0
  0
LINE
  5
2A32
330
1F
100
AcDbEntity
  8
SK1
  6
CONTINUOUS
370
50
 62
4
100
AcDbLine
 10
-1.454062853981615
 20
0.0
 30
0.0
 11
0.0
 21
-1.454062853981613
 31
0.0
  0
LINE
  5
2A33
330
1F
100
AcDbEntity
  8
SK1
  6
CONTINUOUS
370
50
 62
4
100
AcDbLine
 10
-1.100509463388341
 20
0.0
 30
0.0
 11
0.0
 21
-1.10050946338834
 31
0.0
  0
LINE
  5
2A34
330
1F
100
AcDbEntity
  8
SK1
  6
CONTINUOUS
370
50
 62
4
100
AcDbLine
 10
-0.7469560727950676
 20
0.0
 30
0.0
 11
0.0
 21
-0.7469560727950668
 31
0.0
  0
LINE
  5
2A35
330
1F
100
AcDbEntity
  8
SK1
  6
CONTINUOUS
370
50
 62
4
100
AcDbLine
 10
-0.3934026822017942
 20
0.0
 30
0.0
 11
0.0
 21
-0.3934026822017938
 31
0.0
  0
LINE
  5
2A36
330
1F
100
AcDbEntity
  8
SK1
  6
CONTINUOUS
370
50
 62
4
100
AcDbLine
 10
-0.0398492916085216
 20
0.0
 30
0.0
 11
0.0
 21
-0.0398492916085216
 31
0.0
  0
LINE
  5
2A37
330
1F
100
AcDbEntity
  8
SK1
  6
CONTINUOUS
370
50
 62
4
100
AcDbLine
 10
0.0
 20
0.3137040989847515
 30
0.0
 11
0.3137040989847518
 21
0.0
 31
0.0
  0
LINE
  5
2A38
330
1F
100
AcDbEntity
  8
SK1
  6
CONTINUOUS
370
50
 62
4
100
AcDbLine
 10
0.0
 20
0.6672574895780246
 30
0.0
 11
0.6672574895780253
 21
0.0
 31
0.0
  0
LINE
  5
2A39
330
1F
100
AcDbEntity
  8
SK1
  6
CONTINUOUS
370
50
 62
4
100
AcDbLine
 10
0.0
 20
1.020810880171298
 30
0.0
 11
1.020810880171299
 21
0.0
 31
0.0
  0
LINE
  5
2A3A
330
1F
100
AcDbEntity
  8
SK1
  6
CONTINUOUS
370
50
 62
4
100
AcDbLine
 10
0.0
 20
1.37436427076457
 30
0.0
 11
1.374364270764571
 21
0.0
 31
0.0
  0
LINE
  5
2A3B
330
1F
100
AcDbEntity
  8
SK1
  6
CONTINUOUS
370
50
 62
4
100
AcDbLine
 10
0.0
 20
1.727917661357843
 30
0.0
 11
1.727917661357845
 21
0.0
 31
0.0
  0
LINE
  5
2A3C
330
1F
100
AcDbEntity
  8
SK1
  6
CONTINUOUS
370
50
 62
4
100
AcDbLine
 10
0.0
 20
2.081471051951116
 30
0.0
 11
2.081471051951118
 21
0.0
 31
0.0
  0
LINE
  5
2A3D
330
1F
100
AcDbEntity
  8
SK1
  6
CONTINUOUS
370
50
 62
4
100
AcDbLine
 10
0.0
 20
2.435024442544389
 30
0.0
 11
2.435024442544392
 21
0.0
 31
0.0
  0
LINE
  5
2A3E
330
1F
100
AcDbEntity
  8
SK1
  6
CONTINUOUS
370
50
 62
4
100
AcDbLine
 10
0.3077647139123103
 20
2.480813119225352
 30
0.0
 11
2.480813119225352
 21
0.307764713912313
 31
0.0
  0
LINE
  5
2A3F
330
1F
100
AcDbEntity
  8
SK1
  6
CONTINUOUS
370
50
 62
4
100
AcDbLine
 10
0.7611924397506667
 20
2.380938783980268
 30
0.0
 11
2.380938783980268
 21
0.7611924397506691
 31
0.0
  0
LINE
  5
2A40
330
1F
100
AcDbEntity
  8
SK1
  6
CONTINUOUS
370
50
 62
4
100
AcDbLine
 10
1.48586376213526
 20
2.009820852188948
 30
0.0
 11
2.009820852188946
 21
1.485863762135263
 31
0.0
  0
LINE
  5
2A41
330
1F
100
AcDbEntity
  8
4
  6
LONGDASH_DASH
370
25
 62
2
100
AcDbLine
 10
0.0
 20
0.0
 30
0.0
 11
38.0
 21
0.0
 31
0.0
  0
LINE
  5
2A42
330
1F
100
AcDbEntity
  8
SK4
  6
LONGDASH_DASH
370
25
 62
2
100
AcDbLine
 10
-53.0
 20
0.0
 30
0.0
 11
44.0
 21
0.0
 31
0.0
  0
ENDSEC
  0
SECTION
  2
OBJECTS
  0
DICTIONARY
  5
C
330
0
100
AcDbDictionary
281
     1
  3
ACAD_GROUP
350
D
  3
ACAD_LAYOUT
350
1A
  3
ACAD_MATERIAL
350
3B
  3
ACAD_MLEADERSTYLE
350
2A45
  3
ACAD_MLINESTYLE
350
17
  3
ACAD_PLOTSETTINGS
350
19
  3
ACAD_PLOTSTYLENAME
350
E
  3
ACAD_SCALELIST
350
129E
  3
ACAD_VISUALSTYLE
350
2A
  3
AcDbVariableDictionary
350
2A43
  0
DICTIONARY
  5
D
102
{ACAD_REACTORS
330
C
102
}
330
C
100
AcDbDictionary
281
     1
  0
DICTIONARY
  5
1A
102
{ACAD_REACTORS
330
C
102
}
330
C
100
AcDbDictionary
281
     1
  3
Layout1
350
1E
  3
Layout2
350
26
  3
Model
350
22
  0
DICTIONARY
  5
3B
102
{ACAD_REACTORS
330
C
102
}
330
C
100
AcDbDictionary
281
     1
  3
ByBlock
350
3D
  3
ByLayer
350
3C
  3
Global
350
3E
  0
DICTIONARY
  5
2A45
102
{ACAD_REACTORS
330
C
102
}
330
C
100
AcDbDictionary
281
     1
  0
DICTIONARY
  5
17
102
{ACAD_REACTORS
330
C
102
}
330
C
100
AcDbDictionary
281
     1
  3
Standard
350
18
  0
DICTIONARY
  5
19
102
{ACAD_REACTORS
330
C
102
}
330
C
100
AcDbDictionary
281
     1
  0
ACDBDICTIONARYWDFLT
  5
E
102
{ACAD_REACTORS
330
C
102
}
330
C
100
AcDbDictionary
281
     1
  3
Normal
350
F
100
AcDbDictionaryWithDefault
340
F
  0
DICTIONARY
  5
129E
102
{ACAD_REACTORS
330
C
102
}
330
C
100
AcDbDictionary
281
     1
  3
A0
350
129F
  3
A1
350
12A0
  3
A2
350
12A1
  3
A3
350
12A2
  3
A4
350
12A3
  3
A5
350
12A4
  3
A6
350
12A5
  3
A7
350
12A6
  3
A8
350
12A7
  3
A9
350
12A8
  3
B0
350
12A9
  3
B1
350
12AA
  3
B2
350
12AB
  3
B3
350
12AC
  3
B4
350
12AD
  3
B5
350
12AE
  3
B6
350
12AF
  3
B7
350
12B0
  3
B8
350
12B1
  3
B9
350
12B2
  3
C0
350
12B3
  3
C1
350
12B4
  3
C2
350
12B5
  3
C3
350
12B6
  3
C4
350
12B7
  3
C5
350
12B8
  3
C6
350
12B9
  3
C7
350
12BA
  3
C8
350
12BB
  3
C9
350
12BC
  3
D0
350
12BD
  3
D1
350
12BE
  3
D2
350
12BF
  0
DICTIONARY
  5
2A
102
{ACAD_REACTORS
330
C
102
}
330
C
100
AcDbDictionary
281
     1
  3
2dWireframe
350
2F
  3
3D Hidden
350
31
  3
3dWireframe
350
30
  3
Basic
350
32
  3
Brighten
350
36
  3
ColorChange
350
3A
  3
Conceptual
350
34
  3
Dim
350
35
  3
Facepattern
350
39
  3
Flat
350
2B
  3
FlatWithEdges
350
2C
  3
Gouraud
350
2D
  3
GouraudWithEdges
350
2E
  3
Linepattern
350
38
  3
Realistic
350
33
  3
Thicken
350
37
  0
DICTIONARY
  5
2A43
102
{ACAD_REACTORS
330
C
102
}
330
C
100
AcDbDictionary
281
     1
  3
CANNOSCALE
350
2A48
  3
DIMASSOC
350
2A49
  3
HIDETEXT
350
2A4A
  3
PSOLHEIGHT
350
2A47
  3
PSOLWIDTH
350
2A46
  0
LAYOUT
  5
1E
102
{ACAD_REACTORS
330
1A
102
}
330
1A
100
AcDbPlotSettings
  1

  2
none_device
  4

  6

 40
0.0
 41
0.0
 42
0.0
 43
0.0
 44
0.0
 45
0.0
 46
0.0
 47
0.0
 48
0.0
 49
0.0
140
0.0
141
0.0
142
1.0
143
1.0
 70
   688
 72
     0
 73
     0
 74
     5
  7

 75
    16
147
1.0
148
0.0
149
0.0
100
AcDbLayout
  1
Layout1
 70
     1
 71
     1
 10
0.0
 20
0.0
 11
420.0
 21
297.0
 12
0.0
 22
0.0
 32
0.0
 14
1.000000000000000E+20
 24
1.000000000000000E+20
 34
1.000000000000000E+20
 15
-1.000000000000000E+20
 25
-1.000000000000000E+20
 35
-1.000000000000000E+20
146
0.0
 13
0.0
 23
0.0
 33
0.0
 16
1.0
 26
0.0
 36
0.0
 17
0.0
 27
1.0
 37
0.0
 76
     0
330
1B
  0
LAYOUT
  5
26
102
{ACAD_REACTORS
330
1A
102
}
330
1A
100
AcDbPlotSettings
  1

  2
none_device
  4

  6

 40
0.0
 41
0.0
 42
0.0
 43
0.0
 44
0.0
 45
0.0
 46
0.0
 47
0.0
 48
0.0
 49
0.0
140
0.0
141
0.0
142
1.0
143
1.0
 70
   688
 72
     0
 73
     0
 74
     5
  7

 75
    16
147
1.0
148
0.0
149
0.0
100
AcDbLayout
  1
Layout2
 70
     1
 71
     2
 10
0.0
 20
0.0
 11
0.0
 21
0.0
 12
0.0
 22
0.0
 32
0.0
 14
0.0
 24
0.0
 34
0.0
 15
0.0
 25
0.0
 35
0.0
146
0.0
 13
0.0
 23
0.0
 33
0.0
 16
1.0
 26
0.0
 36
0.0
 17
0.0
 27
1.0
 37
0.0
 76
     0
330
23
  0
LAYOUT
  5
22
102
{ACAD_REACTORS
330
1A
102
}
330
1A
100
AcDbPlotSettings
  1

  2
none_device
  4

  6

 40
0.0
 41
0.0
 42
0.0
 43
0.0
 44
0.0
 45
0.0
 46
0.0
 47
0.0
 48
0.0
 49
0.0
140
0.0
141
0.0
142
1.0
143
1.0
 70
  1712
 72
     0
 73
     0
 74
     0
  7

 75
     0
147
1.0
148
0.0
149
0.0
100
AcDbLayout
  1
Model
 70
     1
 71
     0
 10
0.0
 20
0.0
 11
420.0
 21
297.0
 12
0.0
 22
0.0
 32
0.0
 14
0.0
 24
0.0
 34
0.0
 15
25.0
 25
35.0
 35
0.0
146
0.0
 13
0.0
 23
0.0
 33
0.0
 16
1.0
 26
0.0
 36
0.0
 17
0.0
 27
1.0
 37
0.0
 76
     0
330
1F
331
29
  0
MATERIAL
  5
3D
102
{ACAD_REACTORS
330
3B
102
}
102
{ACAD_XDICTIONARY
360
2A6D
102
}
330
3B
100
AcDbMaterial
  1
ByBlock
  0
MATERIAL
  5
3C
102
{ACAD_REACTORS
330
3B
102
}
102
{ACAD_XDICTIONARY
360
2A6B
102
}
330
3B
100
AcDbMaterial
  1
ByLayer
  0
MATERIAL
  5
3E
102
{ACAD_REACTORS
330
3B
102
}
102
{ACAD_XDICTIONARY
360
2A6F
102
}
330
3B
100
AcDbMaterial
  1
Global
  0
MLINESTYLE
  5
18
102
{ACAD_REACTORS
330
17
102
}
330
17
100
AcDbMlineStyle
  2
Standard
 70
     0
  3

 62
   256
 51
90.0
 52
90.0
 71
     2
 49
0.5
 62
   256
  6
BYLAYER
 49
-0.5
 62
   256
  6
BYLAYER
  0
ACDBPLACEHOLDER
  5
F
102
{ACAD_REACTORS
330
E
102
}
330
E
  0
SCALE
  5
129F
102
{ACAD_REACTORS
330
129E
102
}
330
129E
100
AcDbScale
 70
     0
300
1:1
140
1.0
141
1.0
290
     1
  0
SCALE
  5
12A0
102
{ACAD_REACTORS
330
129E
102
}
330
129E
100
AcDbScale
 70
     0
300
1:2
140
1.0
141
2.0
290
     0
  0
SCALE
  5
12A1
102
{ACAD_REACTORS
330
129E
102
}
330
129E
100
AcDbScale
 70
     0
300
1:4
140
1.0
141
4.0
290
     0
  0
SCALE
  5
12A2
102
{ACAD_REACTORS
330
129E
102
}
330
129E
100
AcDbScale
 70
     0
300
1:5
140
1.0
141
5.0
290
     0
  0
SCALE
  5
12A3
102
{ACAD_REACTORS
330
129E
102
}
330
129E
100
AcDbScale
 70
     0
300
1:8
140
1.0
141
8.0
290
     0
  0
SCALE
  5
12A4
102
{ACAD_REACTORS
330
129E
102
}
330
129E
100
AcDbScale
 70
     0
300
1:10
140
1.0
141
10.0
290
     0
  0
SCALE
  5
12A5
102
{ACAD_REACTORS
330
129E
102
}
330
129E
100
AcDbScale
 70
     0
300
1:16
140
1.0
141
16.0
290
     0
  0
SCALE
  5
12A6
102
{ACAD_REACTORS
330
129E
102
}
330
129E
100
AcDbScale
 70
     0
300
1:20
140
1.0
141
20.0
290
     0
  0
SCALE
  5
12A7
102
{ACAD_REACTORS
330
129E
102
}
330
129E
100
AcDbScale
 70
     0
300
1:30
140
1.0
141
30.0
290
     0
  0
SCALE
  5
12A8
102
{ACAD_REACTORS
330
129E
102
}
330
129E
100
AcDbScale
 70
     0
300
1:40
140
1.0
141
40.0
290
     0
  0
SCALE
  5
12A9
102
{ACAD_REACTORS
330
129E
102
}
330
129E
100
AcDbScale
 70
     0
300
1:50
140
1.0
141
50.0
290
     0
  0
SCALE
  5
12AA
102
{ACAD_REACTORS
330
129E
102
}
330
129E
100
AcDbScale
 70
     0
300
1:100
140
1.0
141
100.0
290
     0
  0
SCALE
  5
12AB
102
{ACAD_REACTORS
330
129E
102
}
330
129E
100
AcDbScale
 70
     0
300
2:1
140
2.0
141
1.0
290
     0
  0
SCALE
  5
12AC
102
{ACAD_REACTORS
330
129E
102
}
330
129E
100
AcDbScale
 70
     0
300
4:1
140
4.0
141
1.0
290
     0
  0
SCALE
  5
12AD
102
{ACAD_REACTORS
330
129E
102
}
330
129E
100
AcDbScale
 70
     0
300
8:1
140
8.0
141
1.0
290
     0
  0
SCALE
  5
12AE
102
{ACAD_REACTORS
330
129E
102
}
330
129E
100
AcDbScale
 70
     0
300
10:1
140
10.0
141
1.0
290
     0
  0
SCALE
  5
12AF
102
{ACAD_REACTORS
330
129E
102
}
330
129E
100
AcDbScale
 70
     0
300
100:1
140
100.0
141
1.0
290
     0
  0
SCALE
  5
12B0
102
{ACAD_REACTORS
330
129E
102
}
330
129E
100
AcDbScale
 70
     0
300
1/128" = 1'-0"
140
0.0078125
141
12.0
290
     0
  0
SCALE
  5
12B1
102
{ACAD_REACTORS
330
129E
102
}
330
129E
100
AcDbScale
 70
     0
300
1/64" = 1'-0"
140
0.015625
141
12.0
290
     0
  0
SCALE
  5
12B2
102
{ACAD_REACTORS
330
129E
102
}
330
129E
100
AcDbScale
 70
     0
300
1/32" = 1'-0"
140
0.03125
141
12.0
290
     0
  0
SCALE
  5
12B3
102
{ACAD_REACTORS
330
129E
102
}
330
129E
100
AcDbScale
 70
     0
300
1/16" = 1'-0"
140
0.0625
141
12.0
290
     0
  0
SCALE
  5
12B4
102
{ACAD_REACTORS
330
129E
102
}
330
129E
100
AcDbScale
 70
     0
300
3/32" = 1'-0"
140
0.09375
141
12.0
290
     0
  0
SCALE
  5
12B5
102
{ACAD_REACTORS
330
129E
102
}
330
129E
100
AcDbScale
 70
     0
300
1/8" = 1'-0"
140
0.125
141
12.0
290
     0
  0
SCALE
  5
12B6
102
{ACAD_REACTORS
330
129E
102
}
330
129E
100
AcDbScale
 70
     0
300
3/16" = 1'-0"
140
0.1875
141
12.0
290
     0
  0
SCALE
  5
12B7
102
{ACAD_REACTORS
330
129E
102
}
330
129E
100
AcDbScale
 70
     0
300
1/4" = 1'-0"
140
0.25
141
12.0
290
     0
  0
SCALE
  5
12B8
102
{ACAD_REACTORS
330
129E
102
}
330
129E
100
AcDbScale
 70
     0
300
3/8" = 1'-0"
140
0.375
141
12.0
290
     0
  0
SCALE
  5
12B9
102
{ACAD_REACTORS
330
129E
102
}
330
129E
100
AcDbScale
 70
     0
300
1/2" = 1'-0"
140
0.5
141
12.0
290
     0
  0
SCALE
  5
12BA
102
{ACAD_REACTORS
330
129E
102
}
330
129E
100
AcDbScale
 70
     0
300
3/4" = 1'-0"
140
0.75
141
12.0
290
     0
  0
SCALE
  5
12BB
102
{ACAD_REACTORS
330
129E
102
}
330
129E
100
AcDbScale
 70
     0
300
1" = 1'-0"
140
1.0
141
12.0
290
     0
  0
SCALE
  5
12BC
102
{ACAD_REACTORS
330
129E
102
}
330
129E
100
AcDbScale
 70
     0
300
1-1/2" = 1'-0"
140
1.5
141
12.0
290
     0
  0
SCALE
  5
12BD
102
{ACAD_REACTORS
330
129E
102
}
330
129E
100
AcDbScale
 70
     0
300
3" = 1'-0"
140
3.0
141
12.0
290
     0
  0
SCALE
  5
12BE
102
{ACAD_REACTORS
330
129E
102
}
330
129E
100
AcDbScale
 70
     0
300
6" = 1'-0"
140
6.0
141
12.0
290
     0
  0
SCALE
  5
12BF
102
{ACAD_REACTORS
330
129E
102
}
330
129E
100
AcDbScale
 70
     0
300
1'-0" = 1'-0"
140
12.0
141
12.0
290
     0
  0
VISUALSTYLE
  5
2F
102
{ACAD_REACTORS
330
2A
102
}
102
{ACAD_XDICTIONARY
360
2A53
102
}
330
2A
100
AcDbVisualStyle
  2
2dWireframe
 70
     4
 71
     0
 72
     2
 73
     0
 90
        0
 40
-0.6
 41
-30.0
 62
     5
 63
     7
 74
     1
 91
        4
 64
     7
 65
   257
 75
     1
175
     1
 42
1.0
 92
        0
 66
   257
 43
1.0
 76
     1
 77
     6
 78
     2
 67
     7
 79
     5
170
     0
171
     0
290
     0
174
     0
 93
        1
 44
0.0
173
     0
291
     0
 45
0.0
1001
ACAD
1000
AcDbSavedByObjectVersion
1070
     0
  0
VISUALSTYLE
  5
31
102
{ACAD_REACTORS
330
2A
102
}
102
{ACAD_XDICTIONARY
360
2A57
102
}
330
2A
100
AcDbVisualStyle
  2
3D Hidden
 70
     6
 71
     1
 72
     2
 73
     2
 90
        0
 40
-0.6
 41
-30.0
 62
     5
 63
     7
 74
     2
 91
        2
 64
     7
 65
   257
 75
     2
175
     1
 42
40.0
 92
        0
 66
   257
 43
1.0
 76
     1
 77
     6
 78
     2
 67
     7
 79
     3
170
     0
171
     0
290
     0
174
     0
 93
        1
 44
0.0
173
     0
291
     0
 45
0.0
1001
ACAD
1000
AcDbSavedByObjectVersion
1070
     0
  0
VISUALSTYLE
  5
30
102
{ACAD_REACTORS
330
2A
102
}
102
{ACAD_XDICTIONARY
360
2A55
102
}
330
2A
100
AcDbVisualStyle
  2
3dWireframe
 70
     5
 71
     0
 72
     2
 73
     0
 90
        0
 40
-0.6
 41
-30.0
 62
     5
 63
     7
 74
     1
 91
        4
 64
     7
 65
   257
 75
     1
175
     1
 42
1.0
 92
        0
 66
   257
 43
1.0
 76
     1
 77
     6
 78
     2
 67
     7
 79
     5
170
     0
171
     0
290
     0
174
     0
 93
        1
 44
0.0
173
     0
291
     0
 45
0.0
1001
ACAD
1000
AcDbSavedByObjectVersion
1070
     0
  0
VISUALSTYLE
  5
32
102
{ACAD_REACTORS
330
2A
102
}
102
{ACAD_XDICTIONARY
360
2A59
102
}
330
2A
100
AcDbVisualStyle
  2
Basic
 70
     7
 71
     1
 72
     0
 73
     1
 90
        0
 40
-0.6
 41
-30.0
 62
     5
 63
     7
 74
     0
 91
        4
 64
     7
 65
   257
 75
     1
175
     1
 42
1.0
 92
        8
 66
     7
 43
1.0
 76
     1
 77
     6
 78
     2
 67
     7
 79
     5
170
     0
171
     0
290
     0
174
     0
 93
        1
 44
0.0
173
     0
291
     1
 45
0.0
1001
ACAD
1000
AcDbSavedByObjectVersion
1070
     0
  0
VISUALSTYLE
  5
36
102
{ACAD_REACTORS
330
2A
102
}
102
{ACAD_XDICTIONARY
360
2A61
102
}
330
2A
100
AcDbVisualStyle
  2
Brighten
 70
    12
 71
     2
 72
     2
 73
     0
 90
        0
 40
-0.6
 41
-30.0
 62
     5
 63
     7
 74
     1
 91
        4
 64
     7
 65
   257
 75
     1
175
     1
 42
1.0
 92
        8
 66
     7
 43
1.0
 76
     1
 77
     6
 78
     2
 67
     7
 79
     5
170
     0
171
     0
290
     0
174
     0
 93
        1
 44
50.0
173
     0
291
     1
 45
0.0
1001
ACAD
1000
AcDbSavedByObjectVersion
1070
     0
  0
VISUALSTYLE
  5
3A
102
{ACAD_REACTORS
330
2A
102
}
102
{ACAD_XDICTIONARY
360
2A69
102
}
330
2A
100
AcDbVisualStyle
  2
ColorChange
 70
    16
 71
     2
 72
     2
 73
     3
 90
        0
 40
-0.6
 41
-30.0
 62
     5
 63
     8
 74
     1
 91
        4
 64
     7
 65
   257
 75
     1
175
     1
 42
1.0
 92
        8
 66
     8
 43
1.0
 76
     1
 77
     6
 78
     2
 67
     7
 79
     5
170
     0
171
     0
290
     0
174
     0
 93
        1
 44
0.0
173
     0
291
     1
 45
0.0
1001
ACAD
1000
AcDbSavedByObjectVersion
1070
     0
  0
VISUALSTYLE
  5
34
102
{ACAD_REACTORS
330
2A
102
}
102
{ACAD_XDICTIONARY
360
2A5D
102
}
330
2A
100
AcDbVisualStyle
  2
Conceptual
 70
     9
 71
     3
 72
     2
 73
     0
 90
        0
 40
-0.6
 41
-30.0
 62
     5
 63
     7
 74
     2
 91
        2
 64
     7
 65
   257
 75
     1
175
     1
 42
40.0
 92
        8
 66
     7
 43
1.0
 76
     1
 77
     6
 78
     2
 67
     7
 79
     3
170
     0
171
     0
290
     0
174
     0
 93
        1
 44
0.0
173
     0
291
     0
 45
0.0
1001
ACAD
1000
AcDbSavedByObjectVersion
1070
     0
  0
VISUALSTYLE
  5
35
102
{ACAD_REACTORS
330
2A
102
}
102
{ACAD_XDICTIONARY
360
2A5F
102
}
330
2A
100
AcDbVisualStyle
  2
Dim
 70
    11
 71
     2
 72
     2
 73
     0
 90
        0
 40
-0.6
 41
-30.0
 62
     5
 63
     7
 74
     1
 91
        4
 64
     7
 65
   257
 75
     1
175
     1
 42
1.0
 92
        8
 66
     7
 43
1.0
 76
     1
 77
     6
 78
     2
 67
     7
 79
     5
170
     0
171
     0
290
     0
174
     0
 93
        1
 44
-50.0
173
     0
291
     1
 45
0.0
1001
ACAD
1000
AcDbSavedByObjectVersion
1070
     0
  0
VISUALSTYLE
  5
39
102
{ACAD_REACTORS
330
2A
102
}
102
{ACAD_XDICTIONARY
360
2A67
102
}
330
2A
100
AcDbVisualStyle
  2
Facepattern
 70
    15
 71
     2
 72
     2
 73
     0
 90
        0
 40
-0.6
 41
-30.0
 62
     5
 63
     7
 74
     1
 91
        4
 64
     7
 65
   257
 75
     1
175
     1
 42
1.0
 92
        8
 66
     7
 43
1.0
 76
     1
 77
     6
 78
     2
 67
     7
 79
     5
170
     0
171
     0
290
     0
174
     0
 93
        1
 44
0.0
173
     0
291
     1
 45
0.0
1001
ACAD
1000
AcDbSavedByObjectVersion
1070
     0
  0
VISUALSTYLE
  5
2B
102
{ACAD_REACTORS
330
2A
102
}
102
{ACAD_XDICTIONARY
360
2A4B
102
}
330
2A
100
AcDbVisualStyle
  2
Flat
 70
     0
 71
     2
 72
     1
 73
     1
 90
        2
 40
-0.6
 41
30.0
 62
     5
 63
     7
 74
     0
 91
        4
 64
     7
 65
   257
 75
     1
175
     1
 42
1.0
 92
        8
 66
     7
 43
1.0
 76
     1
 77
     6
 78
     2
 67
     7
 79
     5
170
     0
171
     0
290
     0
174
     0
 93
       13
 44
0.0
173
     0
291
     1
 45
0.0
1001
ACAD
1000
AcDbSavedByObjectVersion
1070
     0
  0
VISUALSTYLE
  5
2C
102
{ACAD_REACTORS
330
2A
102
}
102
{ACAD_XDICTIONARY
360
2A4D
102
}
330
2A
100
AcDbVisualStyle
  2
FlatWithEdges
 70
     1
 71
     2
 72
     1
 73
     1
 90
        2
 40
-0.6
 41
30.0
 62
     5
 63
     7
 74
     1
 91
        4
 64
     7
 65
   257
 75
     1
175
     1
 42
1.0
 92
        0
 66
   257
 43
1.0
 76
     1
 77
     6
 78
     2
 67
     7
 79
     5
170
     0
171
     0
290
     0
174
     0
 93
       13
 44
0.0
173
     0
291
     1
 45
0.0
1001
ACAD
1000
AcDbSavedByObjectVersion
1070
     0
  0
VISUALSTYLE
  5
2D
102
{ACAD_REACTORS
330
2A
102
}
102
{ACAD_XDICTIONARY
360
2A4F
102
}
330
2A
100
AcDbVisualStyle
  2
Gouraud
 70
     2
 71
     2
 72
     2
 73
     1
 90
        2
 40
-0.6
 41
30.0
 62
     5
 63
     7
 74
     0
 91
        4
 64
     7
 65
   257
 75
     1
175
     1
 42
1.0
 92
        0
 66
     7
 43
1.0
 76
     1
 77
     6
 78
     2
 67
     7
 79
     5
170
     0
171
     0
290
     0
174
     0
 93
       13
 44
0.0
173
     0
291
     1
 45
0.0
1001
ACAD
1000
AcDbSavedByObjectVersion
1070
     0
  0
VISUALSTYLE
  5
2E
102
{ACAD_REACTORS
330
2A
102
}
102
{ACAD_XDICTIONARY
360
2A51
102
}
330
2A
100
AcDbVisualStyle
  2
GouraudWithEdges
 70
     3
 71
     2
 72
     2
 73
     1
 90
        2
 40
-0.6
 41
30.0
 62
     5
 63
     7
 74
     1
 91
        4
 64
     7
 65
   257
 75
     1
175
     1
 42
1.0
 92
        0
 66
   257
 43
1.0
 76
     1
 77
     6
 78
     2
 67
     7
 79
     5
170
     0
171
     0
290
     0
174
     0
 93
       13
 44
0.0
173
     0
291
     1
 45
0.0
1001
ACAD
1000
AcDbSavedByObjectVersion
1070
     0
  0
VISUALSTYLE
  5
38
102
{ACAD_REACTORS
330
2A
102
}
102
{ACAD_XDICTIONARY
360
2A65
102
}
330
2A
100
AcDbVisualStyle
  2
Linepattern
 70
    14
 71
     2
 72
     2
 73
     0
 90
        0
 40
-0.6
 41
-30.0
 62
     5
 63
     7
 74
     1
 91
        4
 64
     7
 65
   257
 75
     7
175
     7
 42
1.0
 92
        8
 66
     7
 43
1.0
 76
     1
 77
     6
 78
     2
 67
     7
 79
     5
170
     0
171
     0
290
     0
174
     0
 93
        1
 44
0.0
173
     0
291
     1
 45
0.0
1001
ACAD
1000
AcDbSavedByObjectVersion
1070
     0
  0
VISUALSTYLE
  5
33
102
{ACAD_REACTORS
330
2A
102
}
102
{ACAD_XDICTIONARY
360
2A5B
102
}
330
2A
100
AcDbVisualStyle
  2
Realistic
 70
     8
 71
     2
 72
     2
 73
     0
 90
        0
 40
-0.6
 41
-30.0
 62
     5
 63
     7
 74
     1
 91
        0
 64
     7
 65
   257
 75
     1
175
     1
 42
1.0
 92
        8
 66
     8
 43
1.0
 76
     1
 77
     6
 78
     2
 67
     7
 79
     5
170
     0
171
     0
290
     0
174
     0
 93
       13
 44
0.0
173
     0
291
     0
 45
0.0
1001
ACAD
1000
AcDbSavedByObjectVersion
1070
     0
  0
VISUALSTYLE
  5
37
102
{ACAD_REACTORS
330
2A
102
}
102
{ACAD_XDICTIONARY
360
2A63
102
}
330
2A
100
AcDbVisualStyle
  2
Thicken
 70
    13
 71
     2
 72
     2
 73
     0
 90
        0
 40
-0.6
 41
-30.0
 62
     5
 63
     7
 74
     1
 91
        4
 64
     7
 65
   257
 75
     1
175
     1
 42
1.0
 92
       12
 66
     7
 43
1.0
 76
     1
 77
     6
 78
     2
 67
     7
 79
     5
170
     0
171
     0
290
     0
174
     0
 93
        1
 44
0.0
173
     0
291
     1
 45
0.0
1001
ACAD
1000
AcDbSavedByObjectVersion
1070
     0
  0
DICTIONARYVAR
  5
2A48
102
{ACAD_REACTORS
330
2A43
102
}
330
2A43
100
DictionaryVariables
280
     0
  1
1:1
  0
DICTIONARYVAR
  5
2A49
102
{ACAD_REACTORS
330
2A43
102
}
330
2A43
100
DictionaryVariables
280
     0
  1
2
  0
DICTIONARYVAR
  5
2A4A
102
{ACAD_REACTORS
330
2A43
102
}
330
2A43
100
DictionaryVariables
280
     0
  1
1
  0
DICTIONARYVAR
  5
2A47
102
{ACAD_REACTORS
330
2A43
102
}
330
2A43
100
DictionaryVariables
280
     0
  1
80.000000
  0
DICTIONARYVAR
  5
2A46
102
{ACAD_REACTORS
330
2A43
102
}
330
2A43
100
DictionaryVariables
280
     0
  1
5.000000
  0
DICTIONARY
  5
2A6D
330
3D
100
AcDbDictionary
280
     1
281
     1
  3
ACAD_XREC_ROUNDTRIP
360
2A6E
  0
DICTIONARY
  5
2A6B
330
3C
100
AcDbDictionary
280
     1
281
     1
  3
ACAD_XREC_ROUNDTRIP
360
2A6C
  0
DICTIONARY
  5
2A6F
330
3E
100
AcDbDictionary
280
     1
281
     1
  3
ACAD_XREC_ROUNDTRIP
360
2A70
  0
DICTIONARY
  5
2A53
330
2F
100
AcDbDictionary
280
     1
281
     1
  3
ACAD_XREC_ROUNDTRIP
360
2A54
  0
DICTIONARY
  5
2A57
330
31
100
AcDbDictionary
280
     1
281
     1
  3
ACAD_XREC_ROUNDTRIP
360
2A58
  0
DICTIONARY
  5
2A55
330
30
100
AcDbDictionary
280
     1
281
     1
  3
ACAD_XREC_ROUNDTRIP
360
2A56
  0
DICTIONARY
  5
2A59
330
32
100
AcDbDictionary
280
     1
281
     1
  3
ACAD_XREC_ROUNDTRIP
360
2A5A
  0
DICTIONARY
  5
2A61
330
36
100
AcDbDictionary
280
     1
281
     1
  3
ACAD_XREC_ROUNDTRIP
360
2A62
  0
DICTIONARY
  5
2A69
330
3A
100
AcDbDictionary
280
     1
281
     1
  3
ACAD_XREC_ROUNDTRIP
360
2A6A
  0
DICTIONARY
  5
2A5D
330
34
100
AcDbDictionary
280
     1
281
     1
  3
ACAD_XREC_ROUNDTRIP
360
2A5E
  0
DICTIONARY
  5
2A5F
330
35
100
AcDbDictionary
280
     1
281
     1
  3
ACAD_XREC_ROUNDTRIP
360
2A60
  0
DICTIONARY
  5
2A67
330
39
100
AcDbDictionary
280
     1
281
     1
  3
ACAD_XREC_ROUNDTRIP
360
2A68
  0
DICTIONARY
  5
2A4B
330
2B
100
AcDbDictionary
280
     1
281
     1
  3
ACAD_XREC_ROUNDTRIP
360
2A4C
  0
DICTIONARY
  5
2A4D
330
2C
100
AcDbDictionary
280
     1
281
     1
  3
ACAD_XREC_ROUNDTRIP
360
2A4E
  0
DICTIONARY
  5
2A4F
330
2D
100
AcDbDictionary
280
     1
281
     1
  3
ACAD_XREC_ROUNDTRIP
360
2A50
  0
DICTIONARY
  5
2A51
330
2E
100
AcDbDictionary
280
     1
281
     1
  3
ACAD_XREC_ROUNDTRIP
360
2A52
  0
DICTIONARY
  5
2A65
330
38
100
AcDbDictionary
280
     1
281
     1
  3
ACAD_XREC_ROUNDTRIP
360
2A66
  0
DICTIONARY
  5
2A5B
330
33
100
AcDbDictionary
280
     1
281
     1
  3
ACAD_XREC_ROUNDTRIP
360
2A5C
  0
DICTIONARY
  5
2A63
330
37
100
AcDbDictionary
280
     1
281
     1
  3
ACAD_XREC_ROUNDTRIP
360
2A64
  0
XRECORD
  5
2A6E
102
{ACAD_REACTORS
330
2A6D
102
}
330
2A6D
100
AcDbXrecord
280
     1
102
MATERIAL
148
0.0
149
0.0
149
0.0
 93
        0
 94
      127
282
     0
 72
     1
 77
     1
171
     1
175
     1
179
     1
273
     0
  0
XRECORD
  5
2A6C
102
{ACAD_REACTORS
330
2A6B
102
}
330
2A6B
100
AcDbXrecord
280
     1
102
MATERIAL
148
0.0
149
0.0
149
0.0
 93
        0
 94
      127
282
     0
 72
     1
 77
     1
171
     1
175
     1
179
     1
273
     0
  0
XRECORD
  5
2A70
102
{ACAD_REACTORS
330
2A6F
102
}
330
2A6F
100
AcDbXrecord
280
     1
102
MATERIAL
148
0.0
149
0.0
149
0.0
 93
        0
 94
      127
282
     0
 72
     1
 77
     1
171
     1
175
     1
179
     1
273
     0
  0
XRECORD
  5
2A54
102
{ACAD_REACTORS
330
2A53
102
}
330
2A53
100
AcDbXrecord
280
     1
102
RTVSPropertyOp0
 70
     1
102
RTVSPropertyOp1
 70
     1
102
RTVSPropertyOp2
 70
     1
102
RTVSPropertyOp3
 70
     1
102
RTVSPropertyOp4
 70
     1
102
RTVSPropertyOp5
 70
     1
102
RTVSPropertyOp6
 70
     1
102
RTVSPropertyOp7
 70
     1
102
RTVSPropertyOp8
 70
     1
102
RTVSPropertyOp9
 70
     1
102
RTVSPropertyOp10
 70
     1
102
RTVSPropertyOp11
 70
     1
102
RTVSPropertyOp12
 70
     1
102
RTVSPropertyOp13
 70
     1
102
RTVSPropertyOp14
 70
     1
102
RTVSPropertyOp15
 70
     1
102
RTVSPropertyOp16
 70
     1
102
RTVSPropertyOp17
 70
     1
102
RTVSPropertyOp18
 70
     1
102
RTVSPropertyOp19
 70
     1
102
RTVSPropertyOp20
 70
     1
102
RTVSPropertyOp21
 70
     1
102
RTVSPropertyOp22
 70
     1
102
RTVSPropertyOp23
 70
     1
102
RTVSPropertyOp24
 70
     1
102
RTVSPropertyOp25
 70
     1
102
RTVSPropertyOp26
 70
     1
102
RTVSPropertyOp27
 70
     1
  0
XRECORD
  5
2A58
102
{ACAD_REACTORS
330
2A57
102
}
330
2A57
100
AcDbXrecord
280
     1
102
RTVSPropertyOp0
 70
     1
102
RTVSPropertyOp1
 70
     1
102
RTVSPropertyOp2
 70
     1
102
RTVSPropertyOp3
 70
     1
102
RTVSPropertyOp4
 70
     1
102
RTVSPropertyOp5
 70
     1
102
RTVSPropertyOp6
 70
     1
102
RTVSPropertyOp7
 70
     1
102
RTVSPropertyOp8
 70
     1
102
RTVSPropertyOp9
 70
     1
102
RTVSPropertyOp10
 70
     1
102
RTVSPropertyOp11
 70
     1
102
RTVSPropertyOp12
 70
     1
102
RTVSPropertyOp13
 70
     1
102
RTVSPropertyOp14
 70
     1
102
RTVSPropertyOp15
 70
     1
102
RTVSPropertyOp16
 70
     1
102
RTVSPropertyOp17
 70
     1
102
RTVSPropertyOp18
 70
     1
102
RTVSPropertyOp19
 70
     1
102
RTVSPropertyOp20
 70
     1
102
RTVSPropertyOp21
 70
     1
102
RTVSPropertyOp22
 70
     1
102
RTVSPropertyOp23
 70
     1
102
RTVSPropertyOp24
 70
     1
102
RTVSPropertyOp25
 70
     1
102
RTVSPropertyOp26
 70
     1
102
RTVSPropertyOp27
 70
     1
  0
XRECORD
  5
2A56
102
{ACAD_REACTORS
330
2A55
102
}
330
2A55
100
AcDbXrecord
280
     1
102
RTVSPropertyOp0
 70
     1
102
RTVSPropertyOp1
 70
     1
102
RTVSPropertyOp2
 70
     1
102
RTVSPropertyOp3
 70
     1
102
RTVSPropertyOp4
 70
     1
102
RTVSPropertyOp5
 70
     1
102
RTVSPropertyOp6
 70
     1
102
RTVSPropertyOp7
 70
     1
102
RTVSPropertyOp8
 70
     1
102
RTVSPropertyOp9
 70
     1
102
RTVSPropertyOp10
 70
     1
102
RTVSPropertyOp11
 70
     1
102
RTVSPropertyOp12
 70
     1
102
RTVSPropertyOp13
 70
     1
102
RTVSPropertyOp14
 70
     1
102
RTVSPropertyOp15
 70
     1
102
RTVSPropertyOp16
 70
     1
102
RTVSPropertyOp17
 70
     1
102
RTVSPropertyOp18
 70
     1
102
RTVSPropertyOp19
 70
     1
102
RTVSPropertyOp20
 70
     1
102
RTVSPropertyOp21
 70
     1
102
RTVSPropertyOp22
 70
     1
102
RTVSPropertyOp23
 70
     1
102
RTVSPropertyOp24
 70
     1
102
RTVSPropertyOp25
 70
     1
102
RTVSPropertyOp26
 70
     1
102
RTVSPropertyOp27
 70
     1
  0
XRECORD
  5
2A5A
102
{ACAD_REACTORS
330
2A59
102
}
330
2A59
100
AcDbXrecord
280
     1
102
RTVSPropertyOp0
 70
     1
102
RTVSPropertyOp1
 70
     1
102
RTVSPropertyOp2
 70
     1
102
RTVSPropertyOp3
 70
     1
102
RTVSPropertyOp4
 70
     1
102
RTVSPropertyOp5
 70
     1
102
RTVSPropertyOp6
 70
     1
102
RTVSPropertyOp7
 70
     1
102
RTVSPropertyOp8
 70
     1
102
RTVSPropertyOp9
 70
     1
102
RTVSPropertyOp10
 70
     1
102
RTVSPropertyOp11
 70
     1
102
RTVSPropertyOp12
 70
     1
102
RTVSPropertyOp13
 70
     1
102
RTVSPropertyOp14
 70
     1
102
RTVSPropertyOp15
 70
     1
102
RTVSPropertyOp16
 70
     1
102
RTVSPropertyOp17
 70
     1
102
RTVSPropertyOp18
 70
     1
102
RTVSPropertyOp19
 70
     1
102
RTVSPropertyOp20
 70
     1
102
RTVSPropertyOp21
 70
     1
102
RTVSPropertyOp22
 70
     1
102
RTVSPropertyOp23
 70
     1
102
RTVSPropertyOp24
 70
     1
102
RTVSPropertyOp25
 70
     1
102
RTVSPropertyOp26
 70
     1
102
RTVSPropertyOp27
 70
     1
  0
XRECORD
  5
2A62
102
{ACAD_REACTORS
330
2A61
102
}
330
2A61
100
AcDbXrecord
280
     1
102
RTVSPropertyOp0
 70
     1
102
RTVSPropertyOp1
 70
     1
102
RTVSPropertyOp2
 70
     1
102
RTVSPropertyOp3
 70
     1
102
RTVSPropertyOp4
 70
     1
102
RTVSPropertyOp5
 70
     1
102
RTVSPropertyOp6
 70
     1
102
RTVSPropertyOp7
 70
     1
102
RTVSPropertyOp8
 70
     1
102
RTVSPropertyOp9
 70
     1
102
RTVSPropertyOp10
 70
     1
102
RTVSPropertyOp11
 70
     1
102
RTVSPropertyOp12
 70
     1
102
RTVSPropertyOp13
 70
     1
102
RTVSPropertyOp14
 70
     1
102
RTVSPropertyOp15
 70
     1
102
RTVSPropertyOp16
 70
     1
102
RTVSPropertyOp17
 70
     1
102
RTVSPropertyOp18
 70
     1
102
RTVSPropertyOp19
 70
     1
102
RTVSPropertyOp20
 70
     1
102
RTVSPropertyOp21
 70
     1
102
RTVSPropertyOp22
 70
     1
102
RTVSPropertyOp23
 70
     1
102
RTVSPropertyOp24
 70
     1
102
RTVSPropertyOp25
 70
     1
102
RTVSPropertyOp26
 70
     1
102
RTVSPropertyOp27
 70
     1
  0
XRECORD
  5
2A6A
102
{ACAD_REACTORS
330
2A69
102
}
330
2A69
100
AcDbXrecord
280
     1
102
RTVSPropertyOp0
 70
     1
102
RTVSPropertyOp1
 70
     1
102
RTVSPropertyOp2
 70
     1
102
RTVSPropertyOp3
 70
     1
102
RTVSPropertyOp4
 70
     1
102
RTVSPropertyOp5
 70
     1
102
RTVSPropertyOp6
 70
     1
102
RTVSPropertyOp7
 70
     1
102
RTVSPropertyOp8
 70
     1
102
RTVSPropertyOp9
 70
     1
102
RTVSPropertyOp10
 70
     1
102
RTVSPropertyOp11
 70
     1
102
RTVSPropertyOp12
 70
     1
102
RTVSPropertyOp13
 70
     1
102
RTVSPropertyOp14
 70
     1
102
RTVSPropertyOp15
 70
     1
102
RTVSPropertyOp16
 70
     1
102
RTVSPropertyOp17
 70
     1
102
RTVSPropertyOp18
 70
     1
102
RTVSPropertyOp19
 70
     1
102
RTVSPropertyOp20
 70
     1
102
RTVSPropertyOp21
 70
     1
102
RTVSPropertyOp22
 70
     1
102
RTVSPropertyOp23
 70
     1
102
RTVSPropertyOp24
 70
     1
102
RTVSPropertyOp25
 70
     1
102
RTVSPropertyOp26
 70
     1
102
RTVSPropertyOp27
 70
     1
  0
XRECORD
  5
2A5E
102
{ACAD_REACTORS
330
2A5D
102
}
330
2A5D
100
AcDbXrecord
280
     1
102
RTVSPropertyOp0
 70
     1
102
RTVSPropertyOp1
 70
     1
102
RTVSPropertyOp2
 70
     1
102
RTVSPropertyOp3
 70
     1
102
RTVSPropertyOp4
 70
     1
102
RTVSPropertyOp5
 70
     1
102
RTVSPropertyOp6
 70
     1
102
RTVSPropertyOp7
 70
     1
102
RTVSPropertyOp8
 70
     1
102
RTVSPropertyOp9
 70
     1
102
RTVSPropertyOp10
 70
     1
102
RTVSPropertyOp11
 70
     1
102
RTVSPropertyOp12
 70
     1
102
RTVSPropertyOp13
 70
     1
102
RTVSPropertyOp14
 70
     1
102
RTVSPropertyOp15
 70
     1
102
RTVSPropertyOp16
 70
     1
102
RTVSPropertyOp17
 70
     1
102
RTVSPropertyOp18
 70
     1
102
RTVSPropertyOp19
 70
     1
102
RTVSPropertyOp20
 70
     1
102
RTVSPropertyOp21
 70
     1
102
RTVSPropertyOp22
 70
     1
102
RTVSPropertyOp23
 70
     1
102
RTVSPropertyOp24
 70
     1
102
RTVSPropertyOp25
 70
     1
102
RTVSPropertyOp26
 70
     1
102
RTVSPropertyOp27
 70
     1
  0
XRECORD
  5
2A60
102
{ACAD_REACTORS
330
2A5F
102
}
330
2A5F
100
AcDbXrecord
280
     1
102
RTVSPropertyOp0
 70
     1
102
RTVSPropertyOp1
 70
     1
102
RTVSPropertyOp2
 70
     1
102
RTVSPropertyOp3
 70
     1
102
RTVSPropertyOp4
 70
     1
102
RTVSPropertyOp5
 70
     1
102
RTVSPropertyOp6
 70
     1
102
RTVSPropertyOp7
 70
     1
102
RTVSPropertyOp8
 70
     1
102
RTVSPropertyOp9
 70
     1
102
RTVSPropertyOp10
 70
     1
102
RTVSPropertyOp11
 70
     1
102
RTVSPropertyOp12
 70
     1
102
RTVSPropertyOp13
 70
     1
102
RTVSPropertyOp14
 70
     1
102
RTVSPropertyOp15
 70
     1
102
RTVSPropertyOp16
 70
     1
102
RTVSPropertyOp17
 70
     1
102
RTVSPropertyOp18
 70
     1
102
RTVSPropertyOp19
 70
     1
102
RTVSPropertyOp20
 70
     1
102
RTVSPropertyOp21
 70
     1
102
RTVSPropertyOp22
 70
     1
102
RTVSPropertyOp23
 70
     1
102
RTVSPropertyOp24
 70
     1
102
RTVSPropertyOp25
 70
     1
102
RTVSPropertyOp26
 70
     1
102
RTVSPropertyOp27
 70
     1
  0
XRECORD
  5
2A68
102
{ACAD_REACTORS
330
2A67
102
}
330
2A67
100
AcDbXrecord
280
     1
102
RTVSPropertyOp0
 70
     1
102
RTVSPropertyOp1
 70
     1
102
RTVSPropertyOp2
 70
     1
102
RTVSPropertyOp3
 70
     1
102
RTVSPropertyOp4
 70
     1
102
RTVSPropertyOp5
 70
     1
102
RTVSPropertyOp6
 70
     1
102
RTVSPropertyOp7
 70
     1
102
RTVSPropertyOp8
 70
     1
102
RTVSPropertyOp9
 70
     1
102
RTVSPropertyOp10
 70
     1
102
RTVSPropertyOp11
 70
     1
102
RTVSPropertyOp12
 70
     1
102
RTVSPropertyOp13
 70
     1
102
RTVSPropertyOp14
 70
     1
102
RTVSPropertyOp15
 70
     1
102
RTVSPropertyOp16
 70
     1
102
RTVSPropertyOp17
 70
     1
102
RTVSPropertyOp18
 70
     1
102
RTVSPropertyOp19
 70
     1
102
RTVSPropertyOp20
 70
     1
102
RTVSPropertyOp21
 70
     1
102
RTVSPropertyOp22
 70
     1
102
RTVSPropertyOp23
 70
     1
102
RTVSPropertyOp24
 70
     1
102
RTVSPropertyOp25
 70
     1
102
RTVSPropertyOp26
 70
     1
102
RTVSPropertyOp27
 70
     1
  0
XRECORD
  5
2A4C
102
{ACAD_REACTORS
330
2A4B
102
}
330
2A4B
100
AcDbXrecord
280
     1
102
RTVSPropertyOp0
 70
     1
102
RTVSPropertyOp1
 70
     1
102
RTVSPropertyOp2
 70
     1
102
RTVSPropertyOp3
 70
     1
102
RTVSPropertyOp4
 70
     1
102
RTVSPropertyOp5
 70
     1
102
RTVSPropertyOp6
 70
     1
102
RTVSPropertyOp7
 70
     1
102
RTVSPropertyOp8
 70
     1
102
RTVSPropertyOp9
 70
     1
102
RTVSPropertyOp10
 70
     1
102
RTVSPropertyOp11
 70
     1
102
RTVSPropertyOp12
 70
     1
102
RTVSPropertyOp13
 70
     1
102
RTVSPropertyOp14
 70
     1
102
RTVSPropertyOp15
 70
     1
102
RTVSPropertyOp16
 70
     1
102
RTVSPropertyOp17
 70
     1
102
RTVSPropertyOp18
 70
     1
102
RTVSPropertyOp19
 70
     1
102
RTVSPropertyOp20
 70
     1
102
RTVSPropertyOp21
 70
     1
102
RTVSPropertyOp22
 70
     1
102
RTVSPropertyOp23
 70
     1
102
RTVSPropertyOp24
 70
     1
102
RTVSPropertyOp25
 70
     1
102
RTVSPropertyOp26
 70
     1
102
RTVSPropertyOp27
 70
     1
  0
XRECORD
  5
2A4E
102
{ACAD_REACTORS
330
2A4D
102
}
330
2A4D
100
AcDbXrecord
280
     1
102
RTVSPropertyOp0
 70
     1
102
RTVSPropertyOp1
 70
     1
102
RTVSPropertyOp2
 70
     1
102
RTVSPropertyOp3
 70
     1
102
RTVSPropertyOp4
 70
     1
102
RTVSPropertyOp5
 70
     1
102
RTVSPropertyOp6
 70
     1
102
RTVSPropertyOp7
 70
     1
102
RTVSPropertyOp8
 70
     1
102
RTVSPropertyOp9
 70
     1
102
RTVSPropertyOp10
 70
     1
102
RTVSPropertyOp11
 70
     1
102
RTVSPropertyOp12
 70
     1
102
RTVSPropertyOp13
 70
     1
102
RTVSPropertyOp14
 70
     1
102
RTVSPropertyOp15
 70
     1
102
RTVSPropertyOp16
 70
     1
102
RTVSPropertyOp17
 70
     1
102
RTVSPropertyOp18
 70
     1
102
RTVSPropertyOp19
 70
     1
102
RTVSPropertyOp20
 70
     1
102
RTVSPropertyOp21
 70
     1
102
RTVSPropertyOp22
 70
     1
102
RTVSPropertyOp23
 70
     1
102
RTVSPropertyOp24
 70
     1
102
RTVSPropertyOp25
 70
     1
102
RTVSPropertyOp26
 70
     1
102
RTVSPropertyOp27
 70
     1
  0
XRECORD
  5
2A50
102
{ACAD_REACTORS
330
2A4F
102
}
330
2A4F
100
AcDbXrecord
280
     1
102
RTVSPropertyOp0
 70
     1
102
RTVSPropertyOp1
 70
     1
102
RTVSPropertyOp2
 70
     1
102
RTVSPropertyOp3
 70
     1
102
RTVSPropertyOp4
 70
     1
102
RTVSPropertyOp5
 70
     1
102
RTVSPropertyOp6
 70
     1
102
RTVSPropertyOp7
 70
     1
102
RTVSPropertyOp8
 70
     1
102
RTVSPropertyOp9
 70
     1
102
RTVSPropertyOp10
 70
     1
102
RTVSPropertyOp11
 70
     1
102
RTVSPropertyOp12
 70
     1
102
RTVSPropertyOp13
 70
     1
102
RTVSPropertyOp14
 70
     1
102
RTVSPropertyOp15
 70
     1
102
RTVSPropertyOp16
 70
     1
102
RTVSPropertyOp17
 70
     1
102
RTVSPropertyOp18
 70
     1
102
RTVSPropertyOp19
 70
     1
102
RTVSPropertyOp20
 70
     1
102
RTVSPropertyOp21
 70
     1
102
RTVSPropertyOp22
 70
     1
102
RTVSPropertyOp23
 70
     1
102
RTVSPropertyOp24
 70
     1
102
RTVSPropertyOp25
 70
     1
102
RTVSPropertyOp26
 70
     1
102
RTVSPropertyOp27
 70
     1
  0
XRECORD
  5
2A52
102
{ACAD_REACTORS
330
2A51
102
}
330
2A51
100
AcDbXrecord
280
     1
102
RTVSPropertyOp0
 70
     1
102
RTVSPropertyOp1
 70
     1
102
RTVSPropertyOp2
 70
     1
102
RTVSPropertyOp3
 70
     1
102
RTVSPropertyOp4
 70
     1
102
RTVSPropertyOp5
 70
     1
102
RTVSPropertyOp6
 70
     1
102
RTVSPropertyOp7
 70
     1
102
RTVSPropertyOp8
 70
     1
102
RTVSPropertyOp9
 70
     1
102
RTVSPropertyOp10
 70
     1
102
RTVSPropertyOp11
 70
     1
102
RTVSPropertyOp12
 70
     1
102
RTVSPropertyOp13
 70
     1
102
RTVSPropertyOp14
 70
     1
102
RTVSPropertyOp15
 70
     1
102
RTVSPropertyOp16
 70
     1
102
RTVSPropertyOp17
 70
     1
102
RTVSPropertyOp18
 70
     1
102
RTVSPropertyOp19
 70
     1
102
RTVSPropertyOp20
 70
     1
102
RTVSPropertyOp21
 70
     1
102
RTVSPropertyOp22
 70
     1
102
RTVSPropertyOp23
 70
     1
102
RTVSPropertyOp24
 70
     1
102
RTVSPropertyOp25
 70
     1
102
RTVSPropertyOp26
 70
     1
102
RTVSPropertyOp27
 70
     1
  0
XRECORD
  5
2A66
102
{ACAD_REACTORS
330
2A65
102
}
330
2A65
100
AcDbXrecord
280
     1
102
RTVSPropertyOp0
 70
     1
102
RTVSPropertyOp1
 70
     1
102
RTVSPropertyOp2
 70
     1
102
RTVSPropertyOp3
 70
     1
102
RTVSPropertyOp4
 70
     1
102
RTVSPropertyOp5
 70
     1
102
RTVSPropertyOp6
 70
     1
102
RTVSPropertyOp7
 70
     1
102
RTVSPropertyOp8
 70
     1
102
RTVSPropertyOp9
 70
     1
102
RTVSPropertyOp10
 70
     1
102
RTVSPropertyOp11
 70
     1
102
RTVSPropertyOp12
 70
     1
102
RTVSPropertyOp13
 70
     1
102
RTVSPropertyOp14
 70
     1
102
RTVSPropertyOp15
 70
     1
102
RTVSPropertyOp16
 70
     1
102
RTVSPropertyOp17
 70
     1
102
RTVSPropertyOp18
 70
     1
102
RTVSPropertyOp19
 70
     1
102
RTVSPropertyOp20
 70
     1
102
RTVSPropertyOp21
 70
     1
102
RTVSPropertyOp22
 70
     1
102
RTVSPropertyOp23
 70
     1
102
RTVSPropertyOp24
 70
     1
102
RTVSPropertyOp25
 70
     1
102
RTVSPropertyOp26
 70
     1
102
RTVSPropertyOp27
 70
     1
  0
XRECORD
  5
2A5C
102
{ACAD_REACTORS
330
2A5B
102
}
330
2A5B
100
AcDbXrecord
280
     1
102
RTVSPropertyOp0
 70
     1
102
RTVSPropertyOp1
 70
     1
102
RTVSPropertyOp2
 70
     1
102
RTVSPropertyOp3
 70
     1
102
RTVSPropertyOp4
 70
     1
102
RTVSPropertyOp5
 70
     1
102
RTVSPropertyOp6
 70
     1
102
RTVSPropertyOp7
 70
     1
102
RTVSPropertyOp8
 70
     1
102
RTVSPropertyOp9
 70
     1
102
RTVSPropertyOp10
 70
     1
102
RTVSPropertyOp11
 70
     1
102
RTVSPropertyOp12
 70
     1
102
RTVSPropertyOp13
 70
     1
102
RTVSPropertyOp14
 70
     1
102
RTVSPropertyOp15
 70
     1
102
RTVSPropertyOp16
 70
     1
102
RTVSPropertyOp17
 70
     1
102
RTVSPropertyOp18
 70
     1
102
RTVSPropertyOp19
 70
     1
102
RTVSPropertyOp20
 70
     1
102
RTVSPropertyOp21
 70
     1
102
RTVSPropertyOp22
 70
     1
102
RTVSPropertyOp23
 70
     1
102
RTVSPropertyOp24
 70
     1
102
RTVSPropertyOp25
 70
     1
102
RTVSPropertyOp26
 70
     1
102
RTVSPropertyOp27
 70
     1
  0
XRECORD
  5
2A64
102
{ACAD_REACTORS
330
2A63
102
}
330
2A63
100
AcDbXrecord
280
     1
102
RTVSPropertyOp0
 70
     1
102
RTVSPropertyOp1
 70
     1
102
RTVSPropertyOp2
 70
     1
102
RTVSPropertyOp3
 70
     1
102
RTVSPropertyOp4
 70
     1
102
RTVSPropertyOp5
 70
     1
102
RTVSPropertyOp6
 70
     1
102
RTVSPropertyOp7
 70
     1
102
RTVSPropertyOp8
 70
     1
102
RTVSPropertyOp9
 70
     1
102
RTVSPropertyOp10
 70
     1
102
RTVSPropertyOp11
 70
     1
102
RTVSPropertyOp12
 70
     1
102
RTVSPropertyOp13
 70
     1
102
RTVSPropertyOp14
 70
     1
102
RTVSPropertyOp15
 70
     1
102
RTVSPropertyOp16
 70
     1
102
RTVSPropertyOp17
 70
     1
102
RTVSPropertyOp18
 70
     1
102
RTVSPropertyOp19
 70
     1
102
RTVSPropertyOp20
 70
     1
102
RTVSPropertyOp21
 70
     1
102
RTVSPropertyOp22
 70
     1
102
RTVSPropertyOp23
 70
     1
102
RTVSPropertyOp24
 70
     1
102
RTVSPropertyOp25
 70
     1
102
RTVSPropertyOp26
 70
     1
102
RTVSPropertyOp27
 70
     1
  0
ENDSEC
  0
EOF
