  0
SECTION
  2
HEADER
  9
$ACADVER
  1
AC1015
  9
$ACADMAINTVER
 70
     6
  9
$DWGCODEPAGE
  3
ANSI_1252
  9
$INSBASE
 10
0.0
 20
0.0
 30
0.0
  9
$EXTMIN
 10
0.0
 20
0.0
 30
0.0
  9
$EXTMAX
 10
25.0
 20
35.0
 30
0.0
  9
$LIMMIN
 10
0.0
 20
0.0
  9
$LIMMAX
 10
420.0
 20
297.0
  9
$ORTHOMODE
 70
     0
  9
$REGENMODE
 70
     1
  9
$FILLMODE
 70
     1
  9
$QTEXTMODE
 70
     0
  9
$MIRRTEXT
 70
     1
  9
$LTSCALE
 40
5.65
  9
$ATTMODE
 70
     1
  9
$TEXTSIZE
 40
2.5
  9
$TRACEWID
 40
1.0
  9
$TEXTSTYLE
  7
Standard
  9
$CLAYER
  8
0
  9
$CELTYPE
  6
ByLayer
  9
$CECOLOR
 62
   256
  9
$CELTSCALE
 40
1.0
  9
$DISPSILH
 70
     0
  9
$DIMSCALE
 40
1.0
  9
$DIMASZ
 40
2.5
  9
$DIMEXO
 40
0.625
  9
$DIMDLI
 40
3.75
  9
$DIMRND
 40
0.0
  9
$DIMDLE
 40
0.0
  9
$DIMEXE
 40
1.25
  9
$DIMTP
 40
0.0
  9
$DIMTM
 40
0.0
  9
$DIMTXT
 40
2.5
  9
$DIMCEN
 40
2.5
  9
$DIMTSZ
 40
0.0
  9
$DIMTOL
 70
     0
  9
$DIMLIM
 70
     0
  9
$DIMTIH
 70
     0
  9
$DIMTOH
 70
     0
  9
$DIMSE1
 70
     0
  9
$DIMSE2
 70
     0
  9
$DIMTAD
 70
     1
  9
$DIMZIN
 70
     8
  9
$DIMBLK
  1

  9
$DIMASO
 70
     1
  9
$DIMSHO
 70
     1
  9
$DIMPOST
  1

  9
$DIMAPOST
  1

  9
$DIMALT
 70
     0
  9
$DIMALTD
 70
     3
  9
$DIMALTF
 40
0.03937007874016
  9
$DIMLFAC
 40
1.0
  9
$DIMTOFL
 70
     1
  9
$DIMTVP
 40
0.0
  9
$DIMTIX
 70
     0
  9
$DIMSOXD
 70
     0
  9
$DIMSAH
 70
     0
  9
$DIMBLK1
  1

  9
$DIMBLK2
  1

  9
$DIMSTYLE
  2
ISO-25
  9
$DIMCLRD
 70
     0
  9
$DIMCLRE
 70
     0
  9
$DIMCLRT
 70
     0
  9
$DIMTFAC
 40
1.0
  9
$DIMGAP
 40
0.625
  9
$DIMJUST
 70
     0
  9
$DIMSD1
 70
     0
  9
$DIMSD2
 70
     0
  9
$DIMTOLJ
 70
     0
  9
$DIMTZIN
 70
     8
  9
$DIMALTZ
 70
     0
  9
$DIMALTTZ
 70
     0
  9
$DIMUPT
 70
     0
  9
$DIMDEC
 70
     2
  9
$DIMTDEC
 70
     2
  9
$DIMALTU
 70
     2
  9
$DIMALTTD
 70
     3
  9
$DIMTXSTY
  7
Standard
  9
$DIMAUNIT
 70
     0
  9
$DIMADEC
 70
     0
  9
$DIMALTRND
 40
0.0
  9
$DIMAZIN
 70
     0
  9
$DIMDSEP
 70
    44
  9
$DIMATFIT
 70
     3
  9
$DIMFRAC
 70
     0
  9
$DIMLDRBLK
  1

  9
$DIMLUNIT
 70
     2
  9
$DIMLWD
 70
    -2
  9
$DIMLWE
 70
    -2
  9
$DIMTMOVE
 70
     0
  9
$LUNITS
 70
     2
  9
$LUPREC
 70
     4
  9
$SKETCHINC
 40
1.0
  9
$FILLETRAD
 40
10.0
  9
$AUNITS
 70
     0
  9
$AUPREC
 70
     0
  9
$MENU
  1
.
  9
$ELEVATION
 40
0.0
  9
$PELEVATION
 40
0.0
  9
$THICKNESS
 40
0.0
  9
$LIMCHECK
 70
     0
  9
$CHAMFERA
 40
10.0
  9
$CHAMFERB
 40
10.0
  9
$CHAMFERC
 40
20.0
  9
$CHAMFERD
 40
0.0
  9
$SKPOLY
 70
     0
  9
$TDCREATE
 40
2460185.833333333
  9
$TDUCREATE
 40
2460185.75
  9
$TDUPDATE
 40
2460185.836805556
  9
$TDUUPDATE
 40
2460185.753472222
  9
$TDINDWG
 40
0.0000000116
  9
$TDUSRTIMER
 40
0.0000000116
  9
$USRTIMER
 70
     1
  9
$ANGBASE
 50
0.0
  9
$ANGDIR
 70
     0
  9
$PDMODE
 70
     0
  9
$PDSIZE
 40
0.0
  9
$PLINEWID
 40
0.0
  9
$SPLFRAME
 70
     0
  9
$SPLINETYPE
 70
     6
  9
$SPLINESEGS
 70
     8
  9
$HANDSEED
  5
8BA
  9
$SURFTAB1
 70
     6
  9
$SURFTAB2
 70
     6
  9
$SURFTYPE
 70
     6
  9
$SURFU
 70
     6
  9
$SURFV
 70
     6
  9
$UCSBASE
  2

  9
$UCSNAME
  2

  9
$UCSORG
 10
0.0
 20
0.0
 30
0.0
  9
$UCSXDIR
 10
1.0
 20
0.0
 30
0.0
  9
$UCSYDIR
 10
0.0
 20
1.0
 30
0.0
  9
$UCSORTHOREF
  2

  9
$UCSORTHOVIEW
 70
     0
  9
$UCSORGTOP
 10
0.0
 20
0.0
 30
0.0
  9
$UCSORGBOTTOM
 10
0.0
 20
0.0
 30
0.0
  9
$UCSORGLEFT
 10
0.0
 20
0.0
 30
0.0
  9
$UCSORGRIGHT
 10
0.0
 20
0.0
 30
0.0
  9
$UCSORGFRONT
 10
0.0
 20
0.0
 30
0.0
  9
$UCSORGBACK
 10
0.0
 20
0.0
 30
0.0
  9
$PUCSBASE
  2

  9
$PUCSNAME
  2

  9
$PUCSORG
 10
0.0
 20
0.0
 30
0.0
  9
$PUCSXDIR
 10
1.0
 20
0.0
 30
0.0
  9
$PUCSYDIR
 10
0.0
 20
1.0
 30
0.0
  9
$PUCSORTHOREF
  2

  9
$PUCSORTHOVIEW
 70
     0
  9
$PUCSORGTOP
 10
0.0
 20
0.0
 30
0.0
  9
$PUCSORGBOTTOM
 10
0.0
 20
0.0
 30
0.0
  9
$PUCSORGLEFT
 10
0.0
 20
0.0
 30
0.0
  9
$PUCSORGRIGHT
 10
0.0
 20
0.0
 30
0.0
  9
$PUCSORGFRONT
 10
0.0
 20
0.0
 30
0.0
  9
$PUCSORGBACK
 10
0.0
 20
0.0
 30
0.0
  9
$USERI1
 70
     0
  9
$USERI2
 70
     0
  9
$USERI3
 70
     0
  9
$USERI4
 70
     0
  9
$USERI5
 70
     0
  9
$USERR1
 40
0.0
  9
$USERR2
 40
0.0
  9
$USERR3
 40
0.0
  9
$USERR4
 40
0.0
  9
$USERR5
 40
0.0
  9
$WORLDVIEW
 70
     1
  9
$SHADEDGE
 70
     3
  9
$SHADEDIF
 70
    70
  9
$TILEMODE
 70
     1
  9
$MAXACTVP
 70
    64
  9
$PINSBASE
 10
0.0
 20
0.0
 30
0.0
  9
$PLIMCHECK
 70
     0
  9
$PEXTMIN
 10
1.000000000000000E+20
 20
1.000000000000000E+20
 30
1.000000000000000E+20
  9
$PEXTMAX
 10
-1.000000000000000E+20
 20
-1.000000000000000E+20
 30
-1.000000000000000E+20
  9
$PLIMMIN
 10
0.0
 20
0.0
  9
$PLIMMAX
 10
420.0
 20
297.0
  9
$UNITMODE
 70
     0
  9
$VISRETAIN
 70
     1
  9
$PLINEGEN
 70
     0
  9
$PSLTSCALE
 70
     1
  9
$TREEDEPTH
 70
  3020
  9
$CMLSTYLE
  2
Standard
  9
$CMLJUST
 70
     0
  9
$CMLSCALE
 40
20.0
  9
$PROXYGRAPHICS
 70
     1
  9
$MEASUREMENT
 70
     1
  9
$CELWEIGHT
370
    -1
  9
$ENDCAPS
280
     0
  9
$JOINSTYLE
280
     0
  9
$LWDISPLAY
290
     0
  9
$INSUNITS
 70
     4
  9
$HYPERLINKBASE
  1

  9
$STYLESHEET
  1

  9
$XEDIT
290
     1
  9
$CEPSNTYPE
380
     0
  9
$PSTYLEMODE
290
     1
  9
$FINGERPRINTGUID
  2
{3196FCB7-A291-40EC-B686-F8B7C3436B11}
  9
$VERSIONGUID
  2
{FAEB1C32-E019-11D5-929B-00C0DF256EC4}
  9
$EXTNAMES
290
     1
  9
$PSVPSCALE
 40
0.0
  9
$OLESTARTUP
290
     0
  0
ENDSEC
  0
SECTION
  2
CLASSES
  0
CLASS
  1
ACDBDICTIONARYWDFLT
  2
AcDbDictionaryWithDefault
  3
ObjectDBX Classes
 90
        0
280
     0
281
     0
  0
CLASS
  1
VISUALSTYLE
  2
AcDbVisualStyle
  3
ObjectDBX Classes
 90
     4095
280
     0
281
     0
  0
CLASS
  1
MATERIAL
  2
AcDbMaterial
  3
ObjectDBX Classes
 90
     1153
280
     0
281
     0
  0
CLASS
  1
SCALE
  2
AcDbScale
  3
ObjectDBX Classes
 90
     1153
280
     0
281
     0
  0
CLASS
  1
DICTIONARYVAR
  2
AcDbDictionaryVar
  3
ObjectDBX Classes
 90
        0
280
     0
281
     0
  0
CLASS
  1
ACDBPLACEHOLDER
  2
AcDbPlaceHolder
  3
ObjectDBX Classes
 90
        0
280
     0
281
     0
  0
CLASS
  1
LAYOUT
  2
AcDbLayout
  3
ObjectDBX Classes
 90
        0
280
     0
281
     0
  0
ENDSEC
  0
SECTION
  2
TABLES
  0
TABLE
  2
VPORT
  5
8
330
0
100
AcDbSymbolTable
 70
     1
  0
VPORT
  5
29
330
8
100
AcDbSymbolTableRecord
100
AcDbViewportTableRecord
  2
*Active
 70
     0
 10
0.0
 20
0.0
 11
1.0
 21
1.0
 12
11.26
 22
4.5
 13
0.0
 23
0.0
 14
10.0
 24
10.0
 15
10.0
 25
10.0
 16
0.0
 26
0.0
 36
1.0
 17
0.0
 27
0.0
 37
0.0
 40
9.0
 41
2.503333333333333
 42
50.0
 43
0.0
 44
0.0
 50
0.0
 51
0.0
 71
     0
 72
   100
 73
     1
 74
     3
 75
     0
 76
     0
 77
     0
 78
     0
281
     0
 65
     1
110
0.0
120
0.0
130
0.0
111
1.0
121
0.0
131
0.0
112
0.0
122
1.0
132
0.0
 79
     0
146
0.0
  0
ENDTAB
  0
TABLE
  2
LTYPE
  5
5
330
0
100
AcDbSymbolTable
 70
    10
  0
LTYPE
  5
14
330
5
100
AcDbSymbolTableRecord
100
AcDbLinetypeTableRecord
  2
ByBlock
 70
     0
  3

 72
    65
 73
     0
 40
0.0
  0
LTYPE
  5
15
330
5
100
AcDbSymbolTableRecord
100
AcDbLinetypeTableRecord
  2
ByLayer
 70
     0
  3

 72
    65
 73
     0
 40
0.0
  0
LTYPE
  5
16
330
5
100
AcDbSymbolTableRecord
100
AcDbLinetypeTableRecord
  2
Continuous
 70
     0
  3
Solid line
 72
    65
 73
     0
 40
0.0
  0
LTYPE
  5
45
330
5
100
AcDbSymbolTableRecord
100
AcDbLinetypeTableRecord
  2
phl_thick
 70
     0
  3
THICK
 72
    65
 73
     0
 40
0.0
  0
LTYPE
  5
1E7
330
5
100
AcDbSymbolTableRecord
100
AcDbLinetypeTableRecord
  2
ls_CUT
 70
     0
  3
THICK
 72
    65
 73
     0
 40
0.0
  0
LTYPE
  5
1ED
330
5
100
AcDbSymbolTableRecord
100
AcDbLinetypeTableRecord
  2
ls1
 70
     0
  3
THICK
 72
    65
 73
     0
 40
0.0
  0
LTYPE
  5
1F4
330
5
100
AcDbSymbolTableRecord
100
AcDbLinetypeTableRecord
  2
SK1
 70
     0
  3
THICK
 72
    65
 73
     0
 40
0.0
  0
LTYPE
  5
1FC
330
5
100
AcDbSymbolTableRecord
100
AcDbLinetypeTableRecord
  2
ls_SK2
 70
     0
  3
THIN
 72
    65
 73
     0
 40
0.0
  0
LTYPE
  5
2A7
330
5
100
AcDbSymbolTableRecord
100
AcDbLinetypeTableRecord
  2
ls_2
 70
     0
  3
THIN
 72
    65
 73
     0
 40
0.0
  0
LTYPE
  5
3F8
330
5
100
AcDbSymbolTableRecord
100
AcDbLinetypeTableRecord
  2
LONGDASH_DASH
 70
     0
  3
THIN_DASHDOT
 72
    65
 73
     4
 40
0.85
 49
0.4
 74
     0
 49
-0.2
 74
     0
 49
0.05
 74
     0
 49
-0.2
 74
     0
  0
LTYPE
  5
439
330
5
100
AcDbSymbolTableRecord
100
AcDbLinetypeTableRecord
  2
ls_SK1
 70
     0
  3
THICK
 72
    65
 73
     0
 40
0.0
  0
LTYPE
  5
47E
330
5
100
AcDbSymbolTableRecord
100
AcDbLinetypeTableRecord
  2
INFTOTAL
 70
     0
  3
THIN
 72
    65
 73
     0
 40
0.0
  0
ENDTAB
  0
TABLE
  2
LAYER
  5
2
330
0
100
AcDbSymbolTable
 70
    11
  0
LAYER
  5
10
330
2
100
AcDbSymbolTableRecord
100
AcDbLayerTableRecord
  2
0
 70
     0
 62
     7
  6
Continuous
370
    -3
390
F
  0
LAYER
  5
44
330
2
100
AcDbSymbolTableRecord
100
AcDbLayerTableRecord
  2
1
 70
     0
 62
4
  6
CONTINUOUS
370
50
370
    -3
390
F
  0
LAYER
  5
1E6
330
2
100
AcDbSymbolTableRecord
100
AcDbLayerTableRecord
  2
CUT
 70
     0
 62
1
  6
CONTINUOUS
370
25
370
    -3
390
F
  0
LAYER
  5
1EC
330
2
100
AcDbSymbolTableRecord
100
AcDbLayerTableRecord
  2
NOCUT
 70
     0
 62
7
  6
CONTINUOUS
370
25
370
    -3
390
F
  0
LAYER
  5
1F3
330
2
100
AcDbSymbolTableRecord
100
AcDbLayerTableRecord
  2
SK1
 70
     0
 62
4
  6
CONTINUOUS
370
50
370
    -3
390
F
  0
LAYER
  5
1FB
330
2
100
AcDbSymbolTableRecord
100
AcDbLayerTableRecord
  2
SK2
 70
     0
 62
7
  6
CONTINUOUS
370
25
370
    -3
390
F
  0
LAYER
  5
2A6
330
2
100
AcDbSymbolTableRecord
100
AcDbLayerTableRecord
  2
2
 70
     0
 62
7
  6
CONTINUOUS
370
25
370
    -3
390
F
  0
LAYER
  5
3F7
330
2
100
AcDbSymbolTableRecord
100
AcDbLayerTableRecord
  2
4
 70
     0
 62
2
  6
LONGDASH_DASH
370
25
370
    -3
390
F
  0
LAYER
  5
3FA
330
2
100
AcDbSymbolTableRecord
100
AcDbLayerTableRecord
  2
SK4
 70
     0
 62
2
  6
LONGDASH_DASH
370
25
370
    -3
390
F
  0
LAYER
  5
472
330
2
100
AcDbSymbolTableRecord
100
AcDbLayerTableRecord
  2
SK6
 70
     0
 62
5
  6
CONTINUOUS
370
25
370
    -3
390
F
  0
LAYER
  5
47D
330
2
100
AcDbSymbolTableRecord
100
AcDbLayerTableRecord
  2
INFTOTAL
 70
     0
 62
9
  6
CONTINUOUS
370
18
370
    -3
390
F
  0
ENDTAB
  0
TABLE
  2
STYLE
  5
3
330
0
100
AcDbSymbolTable
 70
     1
  0
STYLE
  5
11
330
3
100
AcDbSymbolTableRecord
100
AcDbTextStyleTableRecord
  2
Standard
 70
     0
 40
0.0
 41
1.0
 50
0.0
 71
     0
 42
2.5
  3
Monospac821 BT
  4

  0
ENDTAB
  0
TABLE
  2
VIEW
  5
6
330
0
100
AcDbSymbolTable
 70
     0
  0
ENDTAB
  0
TABLE
  2
UCS
  5
7
330
0
100
AcDbSymbolTable
 70
     0
  0
ENDTAB
  0
TABLE
  2
APPID
  5
9
330
0
100
AcDbSymbolTable
 70
     2
  0
APPID
  5
12
330
9
100
AcDbSymbolTableRecord
100
AcDbRegAppTableRecord
  2
ACAD
 70
     0
  0
APPID
  5
3F
330
9
100
AcDbSymbolTableRecord
100
AcDbRegAppTableRecord
  2
ccLab
 70
     0
  0
ENDTAB
  0
TABLE
  2
DIMSTYLE
  5
A
330
0
100
AcDbSymbolTable
 70
     1
100
AcDbDimStyleTable
  0
DIMSTYLE
105
27
330
A
100
AcDbSymbolTableRecord
100
AcDbDimStyleTableRecord
  2
ISO-25
 70
     0
 41
2.5
 42
0.625
 43
3.75
 44
1.25
 73
     0
 74
     0
 77
     1
 78
     8
140
2.5
141
2.5
143
0.03937007874016
147
0.625
171
     3
172
     1
271
     2
272
     2
274
     3
278
    44
283
     0
284
     8
340
11
  0
ENDTAB
  0
TABLE
  2
BLOCK_RECORD
  5
1
330
0
100
AcDbSymbolTable
 70
     2
  0
BLOCK_RECORD
  5
1F
330
1
100
AcDbSymbolTableRecord
100
AcDbBlockTableRecord
  2
*Model_Space
340
22
  0
BLOCK_RECORD
  5
1B
330
1
100
AcDbSymbolTableRecord
100
AcDbBlockTableRecord
  2
*Paper_Space
340
1E
  0
BLOCK_RECORD
  5
23
330
1
100
AcDbSymbolTableRecord
100
AcDbBlockTableRecord
  2
*Paper_Space0
340
26
  0
ENDTAB
  0
ENDSEC
  0
SECTION
  2
BLOCKS
  0
BLOCK
  5
20
330
1F
100
AcDbEntity
  8
0
100
AcDbBlockBegin
  2
*Model_Space
 70
     0
 10
0.0
 20
0.0
 30
0.0
  3
*Model_Space
  1

  0
ENDBLK
  5
21
330
1F
100
AcDbEntity
  8
0
100
AcDbBlockEnd
  0
BLOCK
  5
1C
330
1B
100
AcDbEntity
 67
     1
  8
0
100
AcDbBlockBegin
  2
*Paper_Space
 70
     0
 10
0.0
 20
0.0
 30
0.0
  3
*Paper_Space
  1

  0
ENDBLK
  5
1D
330
1B
100
AcDbEntity
 67
     1
  8
0
100
AcDbBlockEnd
  0
BLOCK
  5
24
330
23
100
AcDbEntity
  8
0
100
AcDbBlockBegin
  2
*Paper_Space0
 70
     0
 10
0.0
 20
0.0
 30
0.0
  3
*Paper_Space0
  1

  0
ENDBLK
  5
25
330
23
100
AcDbEntity
  8
0
100
AcDbBlockEnd
  0
ENDSEC
  0
SECTION
  2
ENTITIES
  0
LINE
  5
482
330
1F
100
AcDbEntity
  8
1
  6
CONTINUOUS
370
50
 62
4
100
AcDbLine
 10
11.508115
 20
-0.271329
 30
0.0
 11
11.508073
 21
-0.243525
 31
0.0
  0
LINE
  5
483
330
1F
100
AcDbEntity
  8
1
  6
CONTINUOUS
370
50
 62
4
100
AcDbLine
 10
11.5082
 20
-0.298403
 30
0.0
 11
11.508115
 21
-0.271329
 31
0.0
  0
LINE
  5
484
330
1F
100
AcDbEntity
  8
1
  6
CONTINUOUS
370
50
 62
4
100
AcDbLine
 10
11.508328
 20
-0.324498
 30
0.0
 11
11.5082
 21
-0.298403
 31
0.0
  0
LINE
  5
485
330
1F
100
AcDbEntity
  8
1
  6
CONTINUOUS
370
50
 62
4
100
AcDbLine
 10
11.508501
 20
-0.349364
 30
0.0
 11
11.508328
 21
-0.324498
 31
0.0
  0
LINE
  5
486
330
1F
100
AcDbEntity
  8
1
  6
CONTINUOUS
370
50
 62
4
100
AcDbLine
 10
11.508717
 20
-0.372753
 30
0.0
 11
11.508501
 21
-0.349364
 31
0.0
  0
LINE
  5
487
330
1F
100
AcDbEntity
  8
1
  6
CONTINUOUS
370
50
 62
4
100
AcDbLine
 10
11.508977
 20
-0.394418
 30
0.0
 11
11.508717
 21
-0.372753
 31
0.0
  0
LINE
  5
488
330
1F
100
AcDbEntity
  8
1
  6
CONTINUOUS
370
50
 62
4
100
AcDbLine
 10
11.509278
 20
-0.414203
 30
0.0
 11
11.508977
 21
-0.394418
 31
0.0
  0
LINE
  5
489
330
1F
100
AcDbEntity
  8
1
  6
CONTINUOUS
370
50
 62
4
100
AcDbLine
 10
11.509618
 20
-0.432035
 30
0.0
 11
11.509278
 21
-0.414203
 31
0.0
  0
LINE
  5
48A
330
1F
100
AcDbEntity
  8
1
  6
CONTINUOUS
370
50
 62
4
100
AcDbLine
 10
11.509992
 20
-0.447843
 30
0.0
 11
11.509618
 21
-0.432035
 31
0.0
  0
LINE
  5
48B
330
1F
100
AcDbEntity
  8
1
  6
CONTINUOUS
370
50
 62
4
100
AcDbLine
 10
11.510395
 20
-0.461554
 30
0.0
 11
11.509992
 21
-0.447843
 31
0.0
  0
LINE
  5
48C
330
1F
100
AcDbEntity
  8
1
  6
CONTINUOUS
370
50
 62
4
100
AcDbLine
 10
11.510824
 20
-0.4731
 30
0.0
 11
11.510395
 21
-0.461554
 31
0.0
  0
LINE
  5
48D
330
1F
100
AcDbEntity
  8
1
  6
CONTINUOUS
370
50
 62
4
100
AcDbLine
 10
11.518015
 20
0.443183
 30
0.0
 11
11.517556
 21
0.453422
 31
0.0
  0
LINE
  5
48E
330
1F
100
AcDbEntity
  8
1
  6
CONTINUOUS
370
50
 62
4
100
AcDbLine
 10
11.511278
 20
-0.482478
 30
0.0
 11
11.510824
 21
-0.4731
 31
0.0
  0
LINE
  5
48F
330
1F
100
AcDbEntity
  8
1
  6
CONTINUOUS
370
50
 62
4
100
AcDbLine
 10
11.517556
 20
0.453422
 30
0.0
 11
11.517092
 21
0.462784
 31
0.0
  0
LINE
  5
490
330
1F
100
AcDbEntity
  8
1
  6
CONTINUOUS
370
50
 62
4
100
AcDbLine
 10
11.517092
 20
0.462784
 30
0.0
 11
11.516624
 21
0.471218
 31
0.0
  0
LINE
  5
491
330
1F
100
AcDbEntity
  8
1
  6
CONTINUOUS
370
50
 62
4
100
AcDbLine
 10
11.523581
 20
0.344278
 30
0.0
 11
11.523054
 21
0.352872
 31
0.0
  0
LINE
  5
492
330
1F
100
AcDbEntity
  8
1
  6
CONTINUOUS
370
50
 62
4
100
AcDbLine
 10
11.516624
 20
0.471218
 30
0.0
 11
11.516155
 21
0.47867
 31
0.0
  0
LINE
  5
493
330
1F
100
AcDbEntity
  8
1
  6
CONTINUOUS
370
50
 62
4
100
AcDbLine
 10
11.511768
 20
-0.489922
 30
0.0
 11
11.511278
 21
-0.482478
 31
0.0
  0
LINE
  5
494
330
1F
100
AcDbEntity
  8
1
  6
CONTINUOUS
370
50
 62
4
100
AcDbLine
 10
11.516155
 20
0.47867
 30
0.0
 11
11.515687
 21
0.485089
 31
0.0
  0
LINE
  5
495
330
1F
100
AcDbEntity
  8
1
  6
CONTINUOUS
370
50
 62
4
100
AcDbLine
 10
11.515687
 20
0.485089
 30
0.0
 11
11.515222
 21
0.490422
 31
0.0
  0
LINE
  5
496
330
1F
100
AcDbEntity
  8
1
  6
CONTINUOUS
370
50
 62
4
100
AcDbLine
 10
11.512293
 20
-0.495375
 30
0.0
 11
11.511768
 21
-0.489922
 31
0.0
  0
LINE
  5
497
330
1F
100
AcDbEntity
  8
1
  6
CONTINUOUS
370
50
 62
4
100
AcDbLine
 10
11.515222
 20
0.490422
 30
0.0
 11
11.514762
 21
0.494615
 31
0.0
  0
LINE
  5
498
330
1F
100
AcDbEntity
  8
1
  6
CONTINUOUS
370
50
 62
4
100
AcDbLine
 10
11.674235
 20
-0.020718
 30
0.0
 11
11.67379
 21
-0.016696
 31
0.0
  0
LINE
  5
499
330
1F
100
AcDbEntity
  8
1
  6
CONTINUOUS
370
50
 62
4
100
AcDbLine
 10
11.523054
 20
0.352872
 30
0.0
 11
11.521933
 21
0.361451
 31
0.0
  0
LINE
  5
49A
330
1F
100
AcDbEntity
  8
1
  6
CONTINUOUS
370
50
 62
4
100
AcDbLine
 10
11.67379
 20
-0.016696
 30
0.0
 11
11.67322
 21
-0.012549
 31
0.0
  0
LINE
  5
49B
330
1F
100
AcDbEntity
  8
1
  6
CONTINUOUS
370
50
 62
4
100
AcDbLine
 10
11.514762
 20
0.494615
 30
0.0
 11
11.514308
 21
0.497618
 31
0.0
  0
LINE
  5
49C
330
1F
100
AcDbEntity
  8
1
  6
CONTINUOUS
370
50
 62
4
100
AcDbLine
 10
11.67322
 20
-0.012549
 30
0.0
 11
11.672519
 21
-0.008244
 31
0.0
  0
LINE
  5
49D
330
1F
100
AcDbEntity
  8
1
  6
CONTINUOUS
370
50
 62
4
100
AcDbLine
 10
11.512848
 20
-0.498744
 30
0.0
 11
11.512293
 21
-0.495375
 31
0.0
  0
LINE
  5
49E
330
1F
100
AcDbEntity
  8
1
  6
CONTINUOUS
370
50
 62
4
100
AcDbLine
 10
11.672519
 20
-0.008244
 30
0.0
 11
11.671676
 21
-0.003743
 31
0.0
  0
LINE
  5
49F
330
1F
100
AcDbEntity
  8
1
  6
CONTINUOUS
370
50
 62
4
100
AcDbLine
 10
11.521933
 20
0.361451
 30
0.0
 11
11.520273
 21
0.369983
 31
0.0
  0
LINE
  5
4A0
330
1F
100
AcDbEntity
  8
1
  6
CONTINUOUS
370
50
 62
4
100
AcDbLine
 10
11.671676
 20
-0.003743
 30
0.0
 11
11.670676
 21
0.000996
 31
0.0
  0
LINE
  5
4A1
330
1F
100
AcDbEntity
  8
1
  6
CONTINUOUS
370
50
 62
4
100
AcDbLine
 10
11.670676
 20
0.000996
 30
0.0
 11
11.669505
 21
0.006023
 31
0.0
  0
LINE
  5
4A2
330
1F
100
AcDbEntity
  8
1
  6
CONTINUOUS
370
50
 62
4
100
AcDbLine
 10
11.514308
 20
0.497618
 30
0.0
 11
11.513864
 21
0.499386
 31
0.0
  0
LINE
  5
4A3
330
1F
100
AcDbEntity
  8
1
  6
CONTINUOUS
370
50
 62
4
100
AcDbLine
 10
11.520273
 20
0.369983
 30
0.0
 11
11.518136
 21
0.378435
 31
0.0
  0
LINE
  5
4A4
330
1F
100
AcDbEntity
  8
1
  6
CONTINUOUS
370
50
 62
4
100
AcDbLine
 10
11.669505
 20
0.006023
 30
0.0
 11
11.668141
 21
0.011395
 31
0.0
  0
LINE
  5
4A5
330
1F
100
AcDbEntity
  8
1
  6
CONTINUOUS
370
50
 62
4
100
AcDbLine
 10
11.669473
 20
0.011392
 30
0.0
 11
11.665564
 21
0.025157
 31
0.0
  0
LINE
  5
4A6
330
1F
100
AcDbEntity
  8
1
  6
CONTINUOUS
370
50
 62
4
100
AcDbLine
 10
11.518136
 20
0.378435
 30
0.0
 11
11.515561
 21
0.386837
 31
0.0
  0
LINE
  5
4A7
330
1F
100
AcDbEntity
  8
1
  6
CONTINUOUS
370
50
 62
4
100
AcDbLine
 10
4.672016999999999
 20
-0.474993
 30
0.0
 11
4.669279
 21
-0.466257
 31
0.0
  0
LINE
  5
4A8
330
1F
100
AcDbEntity
  8
1
  6
CONTINUOUS
370
50
 62
4
100
AcDbLine
 10
11.665564
 20
0.025157
 30
0.0
 11
11.660099
 21
0.042165
 31
0.0
  0
LINE
  5
4A9
330
1F
100
AcDbEntity
  8
1
  6
CONTINUOUS
370
50
 62
4
100
AcDbLine
 10
11.660099
 20
0.042165
 30
0.0
 11
11.652323
 21
0.064284
 31
0.0
  0
LINE
  5
4AA
330
1F
100
AcDbEntity
  8
1
  6
CONTINUOUS
370
50
 62
4
100
AcDbLine
 10
11.515561
 20
0.386837
 30
0.0
 11
11.512572
 21
0.395218
 31
0.0
  0
LINE
  5
4AB
330
1F
100
AcDbEntity
  8
1
  6
CONTINUOUS
370
50
 62
4
100
AcDbLine
 10
11.7
 20
0.0
 30
0.0
 11
11.513857
 21
0.499421
 31
0.0
  0
LINE
  5
4AC
330
1F
100
AcDbEntity
  8
1
  6
CONTINUOUS
370
50
 62
4
100
AcDbLine
 10
11.652323
 20
0.064284
 30
0.0
 11
11.64081
 21
0.094945
 31
0.0
  0
LINE
  5
4AD
330
1F
100
AcDbEntity
  8
1
  6
CONTINUOUS
370
50
 62
4
100
AcDbLine
 10
11.55025
 20
-0.120419
 30
0.0
 11
11.540844
 21
-0.095744
 31
0.0
  0
LINE
  5
4AE
330
1F
100
AcDbEntity
  8
1
  6
CONTINUOUS
370
50
 62
4
100
AcDbLine
 10
11.64081
 20
0.094945
 30
0.0
 11
11.622574
 21
0.141294
 31
0.0
  0
LINE
  5
4AF
330
1F
100
AcDbEntity
  8
1
  6
CONTINUOUS
370
50
 62
4
100
AcDbLine
 10
11.622574
 20
0.141294
 30
0.0
 11
11.590129
 21
0.221149
 31
0.0
  0
LINE
  5
4B0
330
1F
100
AcDbEntity
  8
1
  6
CONTINUOUS
370
50
 62
4
100
AcDbLine
 10
11.7
 20
0.0
 30
0.0
 11
11.518015
 21
0.443183
 31
0.0
  0
LINE
  5
4B1
330
1F
100
AcDbEntity
  8
1
  6
CONTINUOUS
370
50
 62
4
100
AcDbLine
 10
11.590129
 20
0.221149
 30
0.0
 11
11.518015
 21
0.395035
 31
0.0
  0
LINE
  5
4B2
330
1F
100
AcDbEntity
  8
1
  6
CONTINUOUS
370
50
 62
4
100
AcDbLine
 10
11.513864
 20
0.499386
 30
0.0
 11
11.51379
 21
0.499561
 31
0.0
  0
LINE
  5
4B3
330
1F
100
AcDbEntity
  8
1
  6
CONTINUOUS
370
50
 62
4
100
AcDbLine
 10
11.513429
 20
-0.5
 30
0.0
 11
11.512848
 21
-0.498744
 31
0.0
  0
LINE
  5
4B4
330
1F
100
AcDbEntity
  8
1
  6
CONTINUOUS
370
50
 62
4
100
AcDbLine
 10
11.51379
 20
0.499561
 30
0.0
 11
11.513718
 21
0.499703
 31
0.0
  0
LINE
  5
4B5
330
1F
100
AcDbEntity
  8
1
  6
CONTINUOUS
370
50
 62
4
100
AcDbLine
 10
11.540844
 20
-0.095744
 30
0.0
 11
11.523077
 21
-0.065223
 31
0.0
  0
LINE
  5
4B6
330
1F
100
AcDbEntity
  8
1
  6
CONTINUOUS
370
50
 62
4
100
AcDbLine
 10
11.513718
 20
0.499703
 30
0.0
 11
11.513645
 21
0.49981
 31
0.0
  0
LINE
  5
4B7
330
1F
100
AcDbEntity
  8
1
  6
CONTINUOUS
370
50
 62
4
100
AcDbLine
 10
11.523077
 20
-0.065223
 30
0.0
 11
11.496399
 21
-0.026415
 31
0.0
  0
LINE
  5
4B8
330
1F
100
AcDbEntity
  8
1
  6
CONTINUOUS
370
50
 62
4
100
AcDbLine
 10
11.496399
 20
-0.026415
 30
0.0
 11
11.460469
 21
0.02138
 31
0.0
  0
LINE
  5
4B9
330
1F
100
AcDbEntity
  8
1
  6
CONTINUOUS
370
50
 62
4
100
AcDbLine
 10
11.460469
 20
0.02138
 30
0.0
 11
11.415885
 21
0.077639
 31
0.0
  0
LINE
  5
4BA
330
1F
100
AcDbEntity
  8
1
  6
CONTINUOUS
370
50
 62
4
100
AcDbLine
 10
11.415885
 20
0.077639
 30
0.0
 11
11.364003
 21
0.140866
 31
0.0
  0
LINE
  5
4BB
330
1F
100
AcDbEntity
  8
1
  6
CONTINUOUS
370
50
 62
4
100
AcDbLine
 10
11.364003
 20
0.140866
 30
0.0
 11
11.306206
 21
0.209529
 31
0.0
  0
LINE
  5
4BC
330
1F
100
AcDbEntity
  8
1
  6
CONTINUOUS
370
50
 62
4
100
AcDbLine
 10
11.513645
 20
0.49981
 30
0.0
 11
11.513573
 21
0.499885
 31
0.0
  0
LINE
  5
4BD
330
1F
100
AcDbEntity
  8
1
  6
CONTINUOUS
370
50
 62
4
100
AcDbLine
 10
4.679453
 20
-0.482284
 30
0.0
 11
4.672016999999999
 21
-0.474993
 31
0.0
  0
LINE
  5
4BE
330
1F
100
AcDbEntity
  8
1
  6
CONTINUOUS
370
50
 62
4
100
AcDbLine
 10
5.228562999999999
 20
0.317701
 30
0.0
 11
5.207502
 21
0.331739
 31
0.0
  0
LINE
  5
4BF
330
1F
100
AcDbEntity
  8
1
  6
CONTINUOUS
370
50
 62
4
100
AcDbLine
 10
5.207502
 20
0.331739
 30
0.0
 11
5.186398
 21
0.345728
 31
0.0
  0
LINE
  5
4C0
330
1F
100
AcDbEntity
  8
1
  6
CONTINUOUS
370
50
 62
4
100
AcDbLine
 10
5.186398
 20
0.345728
 30
0.0
 11
5.165158
 21
0.359594
 31
0.0
  0
LINE
  5
4C1
330
1F
100
AcDbEntity
  8
1
  6
CONTINUOUS
370
50
 62
4
100
AcDbLine
 10
5.165158
 20
0.359594
 30
0.0
 11
5.143689999999999
 21
0.373266
 31
0.0
  0
LINE
  5
4C2
330
1F
100
AcDbEntity
  8
1
  6
CONTINUOUS
370
50
 62
4
100
AcDbLine
 10
11.674235
 20
-0.020718
 30
0.0
 11
11.306206
 21
0.209529
 31
0.0
  0
LINE
  5
4C3
330
1F
100
AcDbEntity
  8
1
  6
CONTINUOUS
370
50
 62
4
100
AcDbLine
 10
5.143689999999999
 20
0.373266
 30
0.0
 11
5.121902
 21
0.386671
 31
0.0
  0
LINE
  5
4C4
330
1F
100
AcDbEntity
  8
1
  6
CONTINUOUS
370
50
 62
4
100
AcDbLine
 10
5.121902
 20
0.386671
 30
0.0
 11
5.099704
 21
0.399737
 31
0.0
  0
LINE
  5
4C5
330
1F
100
AcDbEntity
  8
1
  6
CONTINUOUS
370
50
 62
4
100
AcDbLine
 10
5.782531
 20
-0.004557
 30
0.0
 11
5.774717
 21
0.0
 31
0.0
  0
LINE
  5
4C6
330
1F
100
AcDbEntity
  8
1
  6
CONTINUOUS
370
50
 62
4
100
AcDbLine
 10
6.861288
 20
-0.018696
 30
0.0
 11
6.777704
 21
0.029647
 31
0.0
  0
LINE
  5
4C7
330
1F
100
AcDbEntity
  8
1
  6
CONTINUOUS
370
50
 62
4
100
AcDbLine
 10
5.821664
 20
-0.027046
 30
0.0
 11
5.813855999999999
 21
-0.022544
 31
0.0
  0
LINE
  5
4C8
330
1F
100
AcDbEntity
  8
1
  6
CONTINUOUS
370
50
 62
4
100
AcDbLine
 10
6.777704
 20
0.029647
 30
0.0
 11
6.764806999999999
 21
0.037078
 31
0.0
  0
LINE
  5
4C9
330
1F
100
AcDbEntity
  8
1
  6
CONTINUOUS
370
50
 62
4
100
AcDbLine
 10
9.684732
 20
-0.066979
 30
0.0
 11
9.60093
 21
-0.0187
 31
0.0
  0
LINE
  5
4CA
330
1F
100
AcDbEntity
  8
1
  6
CONTINUOUS
370
50
 62
4
100
AcDbLine
 10
5.813855999999999
 20
-0.022544
 30
0.0
 11
5.806039
 21
-0.018044
 31
0.0
  0
LINE
  5
4CB
330
1F
100
AcDbEntity
  8
1
  6
CONTINUOUS
370
50
 62
4
100
AcDbLine
 10
6.945103
 20
-0.066911
 30
0.0
 11
6.861288
 21
-0.018696
 31
0.0
  0
LINE
  5
4CC
330
1F
100
AcDbEntity
  8
1
  6
CONTINUOUS
370
50
 62
4
100
AcDbLine
 10
9.60093
 20
-0.0187
 30
0.0
 11
9.517208
 21
0.029457
 31
0.0
  0
LINE
  5
4CD
330
1F
100
AcDbEntity
  8
1
  6
CONTINUOUS
370
50
 62
4
100
AcDbLine
 10
5.908607
 20
-0.07705
 30
0.0
 11
5.821664
 21
-0.027046
 31
0.0
  0
LINE
  5
4CE
330
1F
100
AcDbEntity
  8
1
  6
CONTINUOUS
370
50
 62
4
100
AcDbLine
 10
6.764806999999999
 20
0.037078
 30
0.0
 11
6.751894
 21
0.044503
 31
0.0
  0
LINE
  5
4CF
330
1F
100
AcDbEntity
  8
1
  6
CONTINUOUS
370
50
 62
4
100
AcDbLine
 10
5.806039
 20
-0.018044
 30
0.0
 11
5.798211999999999
 21
-0.013546
 31
0.0
  0
LINE
  5
4D0
330
1F
100
AcDbEntity
  8
1
  6
CONTINUOUS
370
50
 62
4
100
AcDbLine
 10
5.798211999999999
 20
-0.013546
 30
0.0
 11
5.790375999999999
 21
-0.009051
 31
0.0
  0
LINE
  5
4D1
330
1F
100
AcDbEntity
  8
1
  6
CONTINUOUS
370
50
 62
4
100
AcDbLine
 10
6.751894
 20
0.044503
 30
0.0
 11
6.738958999999999
 21
0.051921
 31
0.0
  0
LINE
  5
4D2
330
1F
100
AcDbEntity
  8
1
  6
CONTINUOUS
370
50
 62
4
100
AcDbLine
 10
8.645287999999999
 20
-0.075888
 30
0.0
 11
8.564250999999999
 21
-0.029419
 31
0.0
  0
LINE
  5
4D3
330
1F
100
AcDbEntity
  8
1
  6
CONTINUOUS
370
50
 62
4
100
AcDbLine
 10
5.790375999999999
 20
-0.009051
 30
0.0
 11
5.782531
 21
-0.004557
 31
0.0
  0
LINE
  5
4D4
330
1F
100
AcDbEntity
  8
1
  6
CONTINUOUS
370
50
 62
4
100
AcDbLine
 10
6.738958999999999
 20
0.051921
 30
0.0
 11
6.726
 21
0.059331
 31
0.0
  0
LINE
  5
4D5
330
1F
100
AcDbEntity
  8
1
  6
CONTINUOUS
370
50
 62
4
100
AcDbLine
 10
6.726
 20
0.059331
 30
0.0
 11
6.713015
 21
0.066731
 31
0.0
  0
LINE
  5
4D6
330
1F
100
AcDbEntity
  8
1
  6
CONTINUOUS
370
50
 62
4
100
AcDbLine
 10
11.217969
 20
0.018534
 30
0.0
 11
11.133688
 21
0.066555
 31
0.0
  0
LINE
  5
4D7
330
1F
100
AcDbEntity
  8
1
  6
CONTINUOUS
370
50
 62
4
100
AcDbLine
 10
8.564250999999999
 20
-0.029419
 30
0.0
 11
8.479735999999999
 21
0.018676
 31
0.0
  0
LINE
  5
4D8
330
1F
100
AcDbEntity
  8
1
  6
CONTINUOUS
370
50
 62
4
100
AcDbLine
 10
11.133688
 20
0.066555
 30
0.0
 11
11.050601
 21
0.113798
 31
0.0
  0
LINE
  5
4D9
330
1F
100
AcDbEntity
  8
1
  6
CONTINUOUS
370
50
 62
4
100
AcDbLine
 10
6.713015
 20
0.066731
 30
0.0
 11
6.699999999999999
 21
0.074121
 31
0.0
  0
LINE
  5
4DA
330
1F
100
AcDbEntity
  8
1
  6
CONTINUOUS
370
50
 62
4
100
AcDbLine
 10
9.768597999999999
 20
-0.114592
 30
0.0
 11
9.684732
 21
-0.066979
 31
0.0
  0
LINE
  5
4DB
330
1F
100
AcDbEntity
  8
1
  6
CONTINUOUS
370
50
 62
4
100
AcDbLine
 10
8.726223
 20
-0.121823
 30
0.0
 11
8.645287999999999
 21
-0.075888
 31
0.0
  0
LINE
  5
4DC
330
1F
100
AcDbEntity
  8
1
  6
CONTINUOUS
370
50
 62
4
100
AcDbLine
 10
11.399177
 20
-0.083957
 30
0.0
 11
11.375198
 21
-0.070362
 31
0.0
  0
LINE
  5
4DD
330
1F
100
AcDbEntity
  8
1
  6
CONTINUOUS
370
50
 62
4
100
AcDbLine
 10
11.423095
 20
-0.097505
 30
0.0
 11
11.399177
 21
-0.083957
 31
0.0
  0
LINE
  5
4DE
330
1F
100
AcDbEntity
  8
1
  6
CONTINUOUS
370
50
 62
4
100
AcDbLine
 10
9.517208
 20
0.029457
 30
0.0
 11
9.435482
 21
0.075728
 31
0.0
  0
LINE
  5
4DF
330
1F
100
AcDbEntity
  8
1
  6
CONTINUOUS
370
50
 62
4
100
AcDbLine
 10
11.375198
 20
-0.070362
 30
0.0
 11
11.351137
 21
-0.056741
 31
0.0
  0
LINE
  5
4E0
330
1F
100
AcDbEntity
  8
1
  6
CONTINUOUS
370
50
 62
4
100
AcDbLine
 10
5.774717
 20
0.0
 30
0.0
 11
5.695596999999999
 21
0.044789
 31
0.0
  0
LINE
  5
4E1
330
1F
100
AcDbEntity
  8
1
  6
CONTINUOUS
370
50
 62
4
100
AcDbLine
 10
11.302824
 20
-0.029444
 30
0.0
 11
11.217969
 21
0.018534
 31
0.0
  0
LINE
  5
4E2
330
1F
100
AcDbEntity
  8
1
  6
CONTINUOUS
370
50
 62
4
100
AcDbLine
 10
11.351137
 20
-0.056741
 30
0.0
 11
11.327005
 21
-0.043101
 31
0.0
  0
LINE
  5
4E3
330
1F
100
AcDbEntity
  8
1
  6
CONTINUOUS
370
50
 62
4
100
AcDbLine
 10
11.446977
 20
-0.111
 30
0.0
 11
11.423095
 21
-0.097505
 31
0.0
  0
LINE
  5
4E4
330
1F
100
AcDbEntity
  8
1
  6
CONTINUOUS
370
50
 62
4
100
AcDbLine
 10
11.327005
 20
-0.043101
 30
0.0
 11
11.302824
 21
-0.029444
 31
0.0
  0
LINE
  5
4E5
330
1F
100
AcDbEntity
  8
1
  6
CONTINUOUS
370
50
 62
4
100
AcDbLine
 10
5.995560999999999
 20
-0.126142
 30
0.0
 11
5.908607
 21
-0.07705
 31
0.0
  0
LINE
  5
4E6
330
1F
100
AcDbEntity
  8
1
  6
CONTINUOUS
370
50
 62
4
100
AcDbLine
 10
8.394843999999999
 20
0.066524
 30
0.0
 11
8.310635999999999
 21
0.114026
 31
0.0
  0
LINE
  5
4E7
330
1F
100
AcDbEntity
  8
1
  6
CONTINUOUS
370
50
 62
4
100
AcDbLine
 10
8.479735999999999
 20
0.018676
 30
0.0
 11
8.394843999999999
 21
0.066524
 31
0.0
  0
LINE
  5
4E8
330
1F
100
AcDbEntity
  8
1
  6
CONTINUOUS
370
50
 62
4
100
AcDbLine
 10
7.029813
 20
-0.114537
 30
0.0
 11
6.945103
 21
-0.066911
 31
0.0
  0
LINE
  5
4E9
330
1F
100
AcDbEntity
  8
1
  6
CONTINUOUS
370
50
 62
4
100
AcDbLine
 10
11.513573
 20
0.499885
 30
0.0
 11
11.5135
 21
0.499926
 31
0.0
  0
LINE
  5
4EA
330
1F
100
AcDbEntity
  8
1
  6
CONTINUOUS
370
50
 62
4
100
AcDbLine
 10
5.695596999999999
 20
0.044789
 30
0.0
 11
5.616360999999999
 21
0.089135
 31
0.0
  0
LINE
  5
4EB
330
1F
100
AcDbEntity
  8
1
  6
CONTINUOUS
370
50
 62
4
100
AcDbLine
 10
5.099704
 20
0.399737
 30
0.0
 11
5.077001999999999
 21
0.41239
 31
0.0
  0
LINE
  5
4EC
330
1F
100
AcDbEntity
  8
1
  6
CONTINUOUS
370
50
 62
4
100
AcDbLine
 10
6.699999999999999
 20
0.073477
 30
0.0
 11
6.61696
 21
0.119753
 31
0.0
  0
LINE
  5
4ED
330
1F
100
AcDbEntity
  8
1
  6
CONTINUOUS
370
50
 62
4
100
AcDbLine
 10
11.050601
 20
0.113798
 30
0.0
 11
10.968018
 21
0.159775
 31
0.0
  0
LINE
  5
4EE
330
1F
100
AcDbEntity
  8
1
  6
CONTINUOUS
370
50
 62
4
100
AcDbLine
 10
8.310635999999999
 20
0.114026
 30
0.0
 11
8.226987
 21
0.160532
 31
0.0
  0
LINE
  5
4EF
330
1F
100
AcDbEntity
  8
1
  6
CONTINUOUS
370
50
 62
4
100
AcDbLine
 10
9.435482
 20
0.075728
 30
0.0
 11
9.352863
 21
0.121603
 31
0.0
  0
LINE
  5
4F0
330
1F
100
AcDbEntity
  8
1
  6
CONTINUOUS
370
50
 62
4
100
AcDbLine
 10
5.616360999999999
 20
0.089135
 30
0.0
 11
5.537547
 21
0.13275
 31
0.0
  0
LINE
  5
4F1
330
1F
100
AcDbEntity
  8
1
  6
CONTINUOUS
370
50
 62
4
100
AcDbLine
 10
8.80692
 20
-0.166409
 30
0.0
 11
8.726223
 21
-0.121823
 31
0.0
  0
LINE
  5
4F2
330
1F
100
AcDbEntity
  8
1
  6
CONTINUOUS
370
50
 62
4
100
AcDbLine
 10
9.352863
 20
0.121603
 30
0.0
 11
9.270512
 21
0.166855
 31
0.0
  0
LINE
  5
4F3
330
1F
100
AcDbEntity
  8
1
  6
CONTINUOUS
370
50
 62
4
100
AcDbLine
 10
9.852875
 20
-0.160848
 30
0.0
 11
9.768597999999999
 21
-0.114592
 31
0.0
  0
LINE
  5
4F4
330
1F
100
AcDbEntity
  8
1
  6
CONTINUOUS
370
50
 62
4
100
AcDbLine
 10
5.537547
 20
0.13275
 30
0.0
 11
5.459722
 21
0.175317
 31
0.0
  0
LINE
  5
4F5
330
1F
100
AcDbEntity
  8
1
  6
CONTINUOUS
370
50
 62
4
100
AcDbLine
 10
7.115025999999999
 20
-0.160997
 30
0.0
 11
7.029813
 21
-0.114537
 31
0.0
  0
LINE
  5
4F6
330
1F
100
AcDbEntity
  8
1
  6
CONTINUOUS
370
50
 62
4
100
AcDbLine
 10
6.083393
 20
-0.173938
 30
0.0
 11
5.995560999999999
 21
-0.126142
 31
0.0
  0
LINE
  5
4F7
330
1F
100
AcDbEntity
  8
1
  6
CONTINUOUS
370
50
 62
4
100
AcDbLine
 10
6.61696
 20
0.119753
 30
0.0
 11
6.53383
 21
0.16489
 31
0.0
  0
LINE
  5
4F8
330
1F
100
AcDbEntity
  8
1
  6
CONTINUOUS
370
50
 62
4
100
AcDbLine
 10
8.226987
 20
0.160532
 30
0.0
 11
8.143034
 21
0.205719
 31
0.0
  0
LINE
  5
4F9
330
1F
100
AcDbEntity
  8
1
  6
CONTINUOUS
370
50
 62
4
100
AcDbLine
 10
9.270512
 20
0.166855
 30
0.0
 11
9.188457999999999
 21
0.21077
 31
0.0
  0
LINE
  5
4FA
330
1F
100
AcDbEntity
  8
1
  6
CONTINUOUS
370
50
 62
4
100
AcDbLine
 10
10.968018
 20
0.159775
 30
0.0
 11
10.885047
 21
0.204172
 31
0.0
  0
LINE
  5
4FB
330
1F
100
AcDbEntity
  8
1
  6
CONTINUOUS
370
50
 62
4
100
AcDbLine
 10
4.690353
 20
-0.48811
 30
0.0
 11
4.679453
 21
-0.482284
 31
0.0
  0
LINE
  5
4FC
330
1F
100
AcDbEntity
  8
1
  6
CONTINUOUS
370
50
 62
4
100
AcDbLine
 10
5.459722
 20
0.175317
 30
0.0
 11
5.382734999999999
 21
0.216432
 31
0.0
  0
LINE
  5
4FD
330
1F
100
AcDbEntity
  8
1
  6
CONTINUOUS
370
50
 62
4
100
AcDbLine
 10
6.53383
 20
0.16489
 30
0.0
 11
6.45137
 21
0.20872
 31
0.0
  0
LINE
  5
4FE
330
1F
100
AcDbEntity
  8
1
  6
CONTINUOUS
370
50
 62
4
100
AcDbLine
 10
7.200002
 20
-0.206058
 30
0.0
 11
7.115025999999999
 21
-0.160997
 31
0.0
  0
LINE
  5
4FF
330
1F
100
AcDbEntity
  8
1
  6
CONTINUOUS
370
50
 62
4
100
AcDbLine
 10
8.888079
 20
-0.20939
 30
0.0
 11
8.80692
 21
-0.166409
 31
0.0
  0
LINE
  5
500
330
1F
100
AcDbEntity
  8
1
  6
CONTINUOUS
370
50
 62
4
100
AcDbLine
 10
9.937082
 20
-0.205207
 30
0.0
 11
9.852875
 21
-0.160848
 31
0.0
  0
LINE
  5
501
330
1F
100
AcDbEntity
  8
1
  6
CONTINUOUS
370
50
 62
4
100
AcDbLine
 10
5.077001999999999
 20
0.41239
 30
0.0
 11
5.053971
 21
0.424424
 31
0.0
  0
LINE
  5
502
330
1F
100
AcDbEntity
  8
1
  6
CONTINUOUS
370
50
 62
4
100
AcDbLine
 10
6.171825999999999
 20
-0.220018
 30
0.0
 11
6.083393
 21
-0.173938
 31
0.0
  0
LINE
  5
503
330
1F
100
AcDbEntity
  8
1
  6
CONTINUOUS
370
50
 62
4
100
AcDbLine
 10
7.284043
 20
-0.249216
 30
0.0
 11
7.200002
 21
-0.206058
 31
0.0
  0
LINE
  5
504
330
1F
100
AcDbEntity
  8
1
  6
CONTINUOUS
370
50
 62
4
100
AcDbLine
 10
5.382734999999999
 20
0.216432
 30
0.0
 11
5.30591
 21
0.255855
 31
0.0
  0
LINE
  5
505
330
1F
100
AcDbEntity
  8
1
  6
CONTINUOUS
370
50
 62
4
100
AcDbLine
 10
6.45137
 20
0.20872
 30
0.0
 11
6.369307
 21
0.250787
 31
0.0
  0
LINE
  5
506
330
1F
100
AcDbEntity
  8
1
  6
CONTINUOUS
370
50
 62
4
100
AcDbLine
 10
9.188457999999999
 20
0.21077
 30
0.0
 11
9.106736
 21
0.252597
 31
0.0
  0
LINE
  5
507
330
1F
100
AcDbEntity
  8
1
  6
CONTINUOUS
370
50
 62
4
100
AcDbLine
 10
10.020309
 20
-0.247638
 30
0.0
 11
9.937082
 21
-0.205207
 31
0.0
  0
LINE
  5
508
330
1F
100
AcDbEntity
  8
1
  6
CONTINUOUS
370
50
 62
4
100
AcDbLine
 10
8.143034
 20
0.205719
 30
0.0
 11
8.058294
 21
0.248856
 31
0.0
  0
LINE
  5
509
330
1F
100
AcDbEntity
  8
1
  6
CONTINUOUS
370
50
 62
4
100
AcDbLine
 10
10.885047
 20
0.204172
 30
0.0
 11
10.800957
 21
0.246641
 31
0.0
  0
LINE
  5
50A
330
1F
100
AcDbEntity
  8
1
  6
CONTINUOUS
370
50
 62
4
100
AcDbLine
 10
8.970495
 20
-0.250806
 30
0.0
 11
8.888079
 21
-0.20939
 31
0.0
  0
LINE
  5
50B
330
1F
100
AcDbEntity
  8
1
  6
CONTINUOUS
370
50
 62
4
100
AcDbLine
 10
6.260072999999999
 20
-0.264053
 30
0.0
 11
6.171825999999999
 21
-0.220018
 31
0.0
  0
LINE
  5
50C
330
1F
100
AcDbEntity
  8
1
  6
CONTINUOUS
370
50
 62
4
100
AcDbLine
 10
11.454513
 20
-0.114729
 30
0.0
 11
11.446977
 21
-0.111
 31
0.0
  0
LINE
  5
50D
330
1F
100
AcDbEntity
  8
1
  6
CONTINUOUS
370
50
 62
4
100
AcDbLine
 10
7.367442
 20
-0.289837
 30
0.0
 11
7.284043
 21
-0.249216
 31
0.0
  0
LINE
  5
50E
330
1F
100
AcDbEntity
  8
1
  6
CONTINUOUS
370
50
 62
4
100
AcDbLine
 10
10.103175
 20
-0.287984
 30
0.0
 11
10.020309
 21
-0.247638
 31
0.0
  0
LINE
  5
50F
330
1F
100
AcDbEntity
  8
1
  6
CONTINUOUS
370
50
 62
4
100
AcDbLine
 10
5.053971
 20
0.424424
 30
0.0
 11
5.030931
 21
0.435611
 31
0.0
  0
LINE
  5
510
330
1F
100
AcDbEntity
  8
1
  6
CONTINUOUS
370
50
 62
4
100
AcDbLine
 10
5.30591
 20
0.255855
 30
0.0
 11
5.228562999999999
 21
0.29335
 31
0.0
  0
LINE
  5
511
330
1F
100
AcDbEntity
  8
1
  6
CONTINUOUS
370
50
 62
4
100
AcDbLine
 10
6.369307
 20
0.250787
 30
0.0
 11
6.286886
 21
0.290722
 31
0.0
  0
LINE
  5
512
330
1F
100
AcDbEntity
  8
1
  6
CONTINUOUS
370
50
 62
4
100
AcDbLine
 10
10.800957
 20
0.246641
 30
0.0
 11
10.717221
 21
0.286926
 31
0.0
  0
LINE
  5
513
330
1F
100
AcDbEntity
  8
1
  6
CONTINUOUS
370
50
 62
4
100
AcDbLine
 10
9.106736
 20
0.252597
 30
0.0
 11
9.024673
 21
0.292077
 31
0.0
  0
LINE
  5
514
330
1F
100
AcDbEntity
  8
1
  6
CONTINUOUS
370
50
 62
4
100
AcDbLine
 10
11.462054
 20
-0.118351
 30
0.0
 11
11.454513
 21
-0.114729
 31
0.0
  0
LINE
  5
515
330
1F
100
AcDbEntity
  8
1
  6
CONTINUOUS
370
50
 62
4
100
AcDbLine
 10
9.053514999999999
 20
-0.290565
 30
0.0
 11
8.970495
 21
-0.250806
 31
0.0
  0
LINE
  5
516
330
1F
100
AcDbEntity
  8
1
  6
CONTINUOUS
370
50
 62
4
100
AcDbLine
 10
8.058294
 20
0.248856
 30
0.0
 11
7.97344
 21
0.289404
 31
0.0
  0
LINE
  5
517
330
1F
100
AcDbEntity
  8
1
  6
CONTINUOUS
370
50
 62
4
100
AcDbLine
 10
6.347478
 20
-0.305505
 30
0.0
 11
6.260072999999999
 21
-0.264053
 31
0.0
  0
LINE
  5
518
330
1F
100
AcDbEntity
  8
1
  6
CONTINUOUS
370
50
 62
4
100
AcDbLine
 10
11.469561
 20
-0.121833
 30
0.0
 11
11.462054
 21
-0.118351
 31
0.0
  0
LINE
  5
519
330
1F
100
AcDbEntity
  8
1
  6
CONTINUOUS
370
50
 62
4
100
AcDbLine
 10
10.186257
 20
-0.325897
 30
0.0
 11
10.103175
 21
-0.287984
 31
0.0
  0
LINE
  5
51A
330
1F
100
AcDbEntity
  8
1
  6
CONTINUOUS
370
50
 62
4
100
AcDbLine
 10
10.717221
 20
0.286926
 30
0.0
 11
10.634822
 21
0.324462
 31
0.0
  0
LINE
  5
51B
330
1F
100
AcDbEntity
  8
1
  6
CONTINUOUS
370
50
 62
4
100
AcDbLine
 10
9.135924
 20
-0.327943
 30
0.0
 11
9.053514999999999
 21
-0.290565
 31
0.0
  0
LINE
  5
51C
330
1F
100
AcDbEntity
  8
1
  6
CONTINUOUS
370
50
 62
4
100
AcDbLine
 10
7.451039
 20
-0.327656
 30
0.0
 11
7.367442
 21
-0.289837
 31
0.0
  0
LINE
  5
51D
330
1F
100
AcDbEntity
  8
1
  6
CONTINUOUS
370
50
 62
4
100
AcDbLine
 10
6.286886
 20
0.290722
 30
0.0
 11
6.203999
 21
0.327914
 31
0.0
  0
LINE
  5
51E
330
1F
100
AcDbEntity
  8
1
  6
CONTINUOUS
370
50
 62
4
100
AcDbLine
 10
7.97344
 20
0.289404
 30
0.0
 11
7.889354
 21
0.327102
 31
0.0
  0
LINE
  5
51F
330
1F
100
AcDbEntity
  8
1
  6
CONTINUOUS
370
50
 62
4
100
AcDbLine
 10
5.030931
 20
0.435611
 30
0.0
 11
5.007846
 21
0.44594
 31
0.0
  0
LINE
  5
520
330
1F
100
AcDbEntity
  8
1
  6
CONTINUOUS
370
50
 62
4
100
AcDbLine
 10
11.47699
 20
-0.125142
 30
0.0
 11
11.469561
 21
-0.121833
 31
0.0
  0
LINE
  5
521
330
1F
100
AcDbEntity
  8
1
  6
CONTINUOUS
370
50
 62
4
100
AcDbLine
 10
9.024673
 20
0.292077
 30
0.0
 11
8.94181
 21
0.328886
 31
0.0
  0
LINE
  5
522
330
1F
100
AcDbEntity
  8
1
  6
CONTINUOUS
370
50
 62
4
100
AcDbLine
 10
6.434458999999999
 20
-0.343639
 30
0.0
 11
6.347478
 21
-0.305505
 31
0.0
  0
LINE
  5
523
330
1F
100
AcDbEntity
  8
1
  6
CONTINUOUS
370
50
 62
4
100
AcDbLine
 10
11.4843
 20
-0.128245
 30
0.0
 11
11.47699
 21
-0.125142
 31
0.0
  0
LINE
  5
524
330
1F
100
AcDbEntity
  8
1
  6
CONTINUOUS
370
50
 62
4
100
AcDbLine
 10
10.634822
 20
0.324462
 30
0.0
 11
10.552926
 21
0.35903
 31
0.0
  0
LINE
  5
525
330
1F
100
AcDbEntity
  8
1
  6
CONTINUOUS
370
50
 62
4
100
AcDbLine
 10
9.218219999999999
 20
-0.362383
 30
0.0
 11
9.135924
 21
-0.327943
 31
0.0
  0
LINE
  5
526
330
1F
100
AcDbEntity
  8
1
  6
CONTINUOUS
370
50
 62
4
100
AcDbLine
 10
10.269443
 20
-0.360687
 30
0.0
 11
10.186257
 21
-0.325897
 31
0.0
  0
LINE
  5
527
330
1F
100
AcDbEntity
  8
1
  6
CONTINUOUS
370
50
 62
4
100
AcDbLine
 10
7.889354
 20
0.327102
 30
0.0
 11
7.806254
 21
0.361768
 31
0.0
  0
LINE
  5
528
330
1F
100
AcDbEntity
  8
1
  6
CONTINUOUS
370
50
 62
4
100
AcDbLine
 10
6.203999
 20
0.327914
 30
0.0
 11
6.120913
 21
0.362081
 31
0.0
  0
LINE
  5
529
330
1F
100
AcDbEntity
  8
1
  6
CONTINUOUS
370
50
 62
4
100
AcDbLine
 10
7.535495999999999
 20
-0.36234
 30
0.0
 11
7.451039
 21
-0.327656
 31
0.0
  0
LINE
  5
52A
330
1F
100
AcDbEntity
  8
1
  6
CONTINUOUS
370
50
 62
4
100
AcDbLine
 10
8.94181
 20
0.328886
 30
0.0
 11
8.858995
 21
0.362845
 31
0.0
  0
LINE
  5
52B
330
1F
100
AcDbEntity
  8
1
  6
CONTINUOUS
370
50
 62
4
100
AcDbLine
 10
5.007846
 20
0.44594
 30
0.0
 11
4.984678
 21
0.455398
 31
0.0
  0
LINE
  5
52C
330
1F
100
AcDbEntity
  8
1
  6
CONTINUOUS
370
50
 62
4
100
AcDbLine
 10
11.491447
 20
-0.131109
 30
0.0
 11
11.4843
 21
-0.128245
 31
0.0
  0
LINE
  5
52D
330
1F
100
AcDbEntity
  8
1
  6
CONTINUOUS
370
50
 62
4
100
AcDbLine
 10
6.521945
 20
-0.378213
 30
0.0
 11
6.434458999999999
 21
-0.343639
 31
0.0
  0
LINE
  5
52E
330
1F
100
AcDbEntity
  8
1
  6
CONTINUOUS
370
50
 62
4
100
AcDbLine
 10
10.552926
 20
0.35903
 30
0.0
 11
10.470701
 21
0.390409
 31
0.0
  0
LINE
  5
52F
330
1F
100
AcDbEntity
  8
1
  6
CONTINUOUS
370
50
 62
4
100
AcDbLine
 10
7.806254
 20
0.361768
 30
0.0
 11
7.723377999999999
 21
0.393183
 31
0.0
  0
LINE
  5
530
330
1F
100
AcDbEntity
  8
1
  6
CONTINUOUS
370
50
 62
4
100
AcDbLine
 10
8.858995
 20
0.362845
 30
0.0
 11
8.77667
 21
0.393791
 31
0.0
  0
LINE
  5
531
330
1F
100
AcDbEntity
  8
1
  6
CONTINUOUS
370
50
 62
4
100
AcDbLine
 10
9.301126
 20
-0.393519
 30
0.0
 11
9.218219999999999
 21
-0.362383
 31
0.0
  0
LINE
  5
532
330
1F
100
AcDbEntity
  8
1
  6
CONTINUOUS
370
50
 62
4
100
AcDbLine
 10
10.35331
 20
-0.392071
 30
0.0
 11
10.269443
 21
-0.360687
 31
0.0
  0
LINE
  5
533
330
1F
100
AcDbEntity
  8
1
  6
CONTINUOUS
370
50
 62
4
100
AcDbLine
 10
11.498392
 20
-0.133703
 30
0.0
 11
11.491447
 21
-0.131109
 31
0.0
  0
LINE
  5
534
330
1F
100
AcDbEntity
  8
1
  6
CONTINUOUS
370
50
 62
4
100
AcDbLine
 10
11.7
 20
0.0
 30
0.0
 11
11.669473
 21
0.011392
 31
0.0
  0
LINE
  5
535
330
1F
100
AcDbEntity
  8
1
  6
CONTINUOUS
370
50
 62
4
100
AcDbLine
 10
6.120913
 20
0.362081
 30
0.0
 11
6.037885
 21
0.393011
 31
0.0
  0
LINE
  5
536
330
1F
100
AcDbEntity
  8
1
  6
CONTINUOUS
370
50
 62
4
100
AcDbLine
 10
7.619318
 20
-0.393464
 30
0.0
 11
7.535495999999999
 21
-0.36234
 31
0.0
  0
LINE
  5
537
330
1F
100
AcDbEntity
  8
1
  6
CONTINUOUS
370
50
 62
4
100
AcDbLine
 10
4.984678
 20
0.455398
 30
0.0
 11
4.961456
 21
0.463965
 31
0.0
  0
LINE
  5
538
330
1F
100
AcDbEntity
  8
1
  6
CONTINUOUS
370
50
 62
4
100
AcDbLine
 10
11.7
 20
0.0
 30
0.0
 11
11.668141
 21
0.011395
 31
0.0
  0
LINE
  5
539
330
1F
100
AcDbEntity
  8
1
  6
CONTINUOUS
370
50
 62
4
100
AcDbLine
 10
6.610752
 20
-0.409085
 30
0.0
 11
6.521945
 21
-0.378213
 31
0.0
  0
LINE
  5
53A
330
1F
100
AcDbEntity
  8
1
  6
CONTINUOUS
370
50
 62
4
100
AcDbLine
 10
11.505148
 20
-0.13601
 30
0.0
 11
11.498392
 21
-0.133703
 31
0.0
  0
LINE
  5
53B
330
1F
100
AcDbEntity
  8
1
  6
CONTINUOUS
370
50
 62
4
100
AcDbLine
 10
10.470701
 20
0.390409
 30
0.0
 11
10.38732
 21
0.418378
 31
0.0
  0
LINE
  5
53C
330
1F
100
AcDbEntity
  8
1
  6
CONTINUOUS
370
50
 62
4
100
AcDbLine
 10
4.703555
 20
-0.492532
 30
0.0
 11
4.690353
 21
-0.48811
 31
0.0
  0
LINE
  5
53D
330
1F
100
AcDbEntity
  8
1
  6
CONTINUOUS
370
50
 62
4
100
AcDbLine
 10
8.77667
 20
0.393791
 30
0.0
 11
8.69445
 21
0.421283
 31
0.0
  0
LINE
  5
53E
330
1F
100
AcDbEntity
  8
1
  6
CONTINUOUS
370
50
 62
4
100
AcDbLine
 10
7.723377999999999
 20
0.393183
 30
0.0
 11
7.639901
 21
0.421072
 31
0.0
  0
LINE
  5
53F
330
1F
100
AcDbEntity
  8
1
  6
CONTINUOUS
370
50
 62
4
100
AcDbLine
 10
7.701845
 20
-0.420932
 30
0.0
 11
7.619318
 21
-0.393464
 31
0.0
  0
LINE
  5
540
330
1F
100
AcDbEntity
  8
1
  6
CONTINUOUS
370
50
 62
4
100
AcDbLine
 10
6.037885
 20
0.393011
 30
0.0
 11
5.955169
 21
0.420495
 31
0.0
  0
LINE
  5
541
330
1F
100
AcDbEntity
  8
1
  6
CONTINUOUS
370
50
 62
4
100
AcDbLine
 10
11.512572
 20
0.395218
 30
0.0
 11
11.430472
 21
0.422414
 31
0.0
  0
LINE
  5
542
330
1F
100
AcDbEntity
  8
1
  6
CONTINUOUS
370
50
 62
4
100
AcDbLine
 10
10.437487
 20
-0.419887
 30
0.0
 11
10.35331
 21
-0.392071
 31
0.0
  0
LINE
  5
543
330
1F
100
AcDbEntity
  8
1
  6
CONTINUOUS
370
50
 62
4
100
AcDbLine
 10
4.961456
 20
0.463965
 30
0.0
 11
4.938218
 21
0.471629
 31
0.0
  0
LINE
  5
544
330
1F
100
AcDbEntity
  8
1
  6
CONTINUOUS
370
50
 62
4
100
AcDbLine
 10
9.384532
 20
-0.420993
 30
0.0
 11
9.301126
 21
-0.393519
 31
0.0
  0
LINE
  5
545
330
1F
100
AcDbEntity
  8
1
  6
CONTINUOUS
370
50
 62
4
100
AcDbLine
 10
11.511862
 20
-0.138045
 30
0.0
 11
11.505148
 21
-0.13601
 31
0.0
  0
LINE
  5
546
330
1F
100
AcDbEntity
  8
1
  6
CONTINUOUS
370
50
 62
4
100
AcDbLine
 10
6.699999999999999
 20
-0.436067
 30
0.0
 11
6.610752
 21
-0.409085
 31
0.0
  0
LINE
  5
547
330
1F
100
AcDbEntity
  8
1
  6
CONTINUOUS
370
50
 62
4
100
AcDbLine
 10
4.938218
 20
0.471629
 30
0.0
 11
4.914981
 21
0.478385
 31
0.0
  0
LINE
  5
548
330
1F
100
AcDbEntity
  8
1
  6
CONTINUOUS
370
50
 62
4
100
AcDbLine
 10
7.78381
 20
-0.444583
 30
0.0
 11
7.701845
 21
-0.420932
 31
0.0
  0
LINE
  5
549
330
1F
100
AcDbEntity
  8
1
  6
CONTINUOUS
370
50
 62
4
100
AcDbLine
 10
5.955169
 20
0.420495
 30
0.0
 11
5.873017
 21
0.444178
 31
0.0
  0
LINE
  5
54A
330
1F
100
AcDbEntity
  8
1
  6
CONTINUOUS
370
50
 62
4
100
AcDbLine
 10
10.521182
 20
-0.443961
 30
0.0
 11
10.437487
 21
-0.419887
 31
0.0
  0
LINE
  5
54B
330
1F
100
AcDbEntity
  8
1
  6
CONTINUOUS
370
50
 62
4
100
AcDbLine
 10
8.69445
 20
0.421283
 30
0.0
 11
8.612456
 21
0.444847
 31
0.0
  0
LINE
  5
54C
330
1F
100
AcDbEntity
  8
1
  6
CONTINUOUS
370
50
 62
4
100
AcDbLine
 10
10.38732
 20
0.418378
 30
0.0
 11
10.302836
 21
0.442591
 31
0.0
  0
LINE
  5
54D
330
1F
100
AcDbEntity
  8
1
  6
CONTINUOUS
370
50
 62
4
100
AcDbLine
 10
7.639901
 20
0.421072
 30
0.0
 11
7.555721999999999
 21
0.444948
 31
0.0
  0
LINE
  5
54E
330
1F
100
AcDbEntity
  8
1
  6
CONTINUOUS
370
50
 62
4
100
AcDbLine
 10
9.467997
 20
-0.444659
 30
0.0
 11
9.384532
 21
-0.420993
 31
0.0
  0
LINE
  5
54F
330
1F
100
AcDbEntity
  8
1
  6
CONTINUOUS
370
50
 62
4
100
AcDbLine
 10
11.430472
 20
0.422414
 30
0.0
 11
11.34806
 21
0.445695
 31
0.0
  0
LINE
  5
550
330
1F
100
AcDbEntity
  8
1
  6
CONTINUOUS
370
50
 62
4
100
AcDbLine
 10
3.7
 20
0.4995
 30
0.0
 11
0.0
 21
1.5
 31
0.0
  0
LINE
  5
551
330
1F
100
AcDbEntity
  8
1
  6
CONTINUOUS
370
50
 62
4
100
AcDbLine
 10
6.763369
 20
-0.45333
 30
0.0
 11
6.699999999999999
 21
-0.436701
 31
0.0
  0
LINE
  5
552
330
1F
100
AcDbEntity
  8
1
  6
CONTINUOUS
370
50
 62
4
100
AcDbLine
 10
11.518432
 20
-0.13972
 30
0.0
 11
11.511862
 21
-0.138045
 31
0.0
  0
LINE
  5
553
330
1F
100
AcDbEntity
  8
1
  6
CONTINUOUS
370
50
 62
4
100
AcDbLine
 10
5.194318
 20
-0.464166
 30
0.0
 11
5.158017
 21
-0.454949
 31
0.0
  0
LINE
  5
554
330
1F
100
AcDbEntity
  8
1
  6
CONTINUOUS
370
50
 62
4
100
AcDbLine
 10
5.158017
 20
-0.454949
 30
0.0
 11
5.121563
 21
-0.445709
 31
0.0
  0
LINE
  5
555
330
1F
100
AcDbEntity
  8
1
  6
CONTINUOUS
370
50
 62
4
100
AcDbLine
 10
4.914981
 20
0.478385
 30
0.0
 11
4.891766
 21
0.484235
 31
0.0
  0
LINE
  5
556
330
1F
100
AcDbEntity
  8
1
  6
CONTINUOUS
370
50
 62
4
100
AcDbLine
 10
5.230563
 20
-0.473048
 30
0.0
 11
5.194318
 21
-0.464166
 31
0.0
  0
LINE
  5
557
330
1F
100
AcDbEntity
  8
1
  6
CONTINUOUS
370
50
 62
4
100
AcDbLine
 10
5.121563
 20
-0.445709
 30
0.0
 11
5.084861999999999
 21
-0.436757
 31
0.0
  0
LINE
  5
558
330
1F
100
AcDbEntity
  8
1
  6
CONTINUOUS
370
50
 62
4
100
AcDbLine
 10
10.604012
 20
-0.463924
 30
0.0
 11
10.521182
 21
-0.443961
 31
0.0
  0
LINE
  5
559
330
1F
100
AcDbEntity
  8
1
  6
CONTINUOUS
370
50
 62
4
100
AcDbLine
 10
10.302836
 20
0.442591
 30
0.0
 11
10.218355
 21
0.462934
 31
0.0
  0
LINE
  5
55A
330
1F
100
AcDbEntity
  8
1
  6
CONTINUOUS
370
50
 62
4
100
AcDbLine
 10
7.865974
 20
-0.464266
 30
0.0
 11
7.78381
 21
-0.444583
 31
0.0
  0
LINE
  5
55B
330
1F
100
AcDbEntity
  8
1
  6
CONTINUOUS
370
50
 62
4
100
AcDbLine
 10
5.873017
 20
0.444178
 30
0.0
 11
5.791093999999999
 21
0.463738
 31
0.0
  0
LINE
  5
55C
330
1F
100
AcDbEntity
  8
1
  6
CONTINUOUS
370
50
 62
4
100
AcDbLine
 10
9.551077
 20
-0.464371
 30
0.0
 11
9.467997
 21
-0.444659
 31
0.0
  0
LINE
  5
55D
330
1F
100
AcDbEntity
  8
1
  6
CONTINUOUS
370
50
 62
4
100
AcDbLine
 10
8.612456
 20
0.444847
 30
0.0
 11
8.530025
 21
0.464376
 31
0.0
  0
LINE
  5
55E
330
1F
100
AcDbEntity
  8
1
  6
CONTINUOUS
370
50
 62
4
100
AcDbLine
 10
7.555721999999999
 20
0.444948
 30
0.0
 11
7.471597999999999
 21
0.464662
 31
0.0
  0
LINE
  5
55F
330
1F
100
AcDbEntity
  8
1
  6
CONTINUOUS
370
50
 62
4
100
AcDbLine
 10
11.34806
 20
0.445695
 30
0.0
 11
11.265187
 21
0.464946
 31
0.0
  0
LINE
  5
560
330
1F
100
AcDbEntity
  8
1
  6
CONTINUOUS
370
50
 62
4
100
AcDbLine
 10
5.084861999999999
 20
-0.436757
 30
0.0
 11
5.047819
 21
-0.428405
 31
0.0
  0
LINE
  5
561
330
1F
100
AcDbEntity
  8
1
  6
CONTINUOUS
370
50
 62
4
100
AcDbLine
 10
6.826225
 20
-0.467473
 30
0.0
 11
6.763369
 21
-0.45333
 31
0.0
  0
LINE
  5
562
330
1F
100
AcDbEntity
  8
1
  6
CONTINUOUS
370
50
 62
4
100
AcDbLine
 10
4.719048
 20
-0.495854
 30
0.0
 11
4.703555
 21
-0.492532
 31
0.0
  0
LINE
  5
563
330
1F
100
AcDbEntity
  8
1
  6
CONTINUOUS
370
50
 62
4
100
AcDbLine
 10
4.891766
 20
0.484235
 30
0.0
 11
4.868663
 21
0.489164
 31
0.0
  0
LINE
  5
564
330
1F
100
AcDbEntity
  8
1
  6
CONTINUOUS
370
50
 62
4
100
AcDbLine
 10
5.047819
 20
-0.428405
 30
0.0
 11
5.010340999999999
 21
-0.420965
 31
0.0
  0
LINE
  5
565
330
1F
100
AcDbEntity
  8
1
  6
CONTINUOUS
370
50
 62
4
100
AcDbLine
 10
11.524731
 20
-0.140941
 30
0.0
 11
11.518432
 21
-0.13972
 31
0.0
  0
LINE
  5
566
330
1F
100
AcDbEntity
  8
1
  6
CONTINUOUS
370
50
 62
4
100
AcDbLine
 10
10.218355
 20
0.462934
 30
0.0
 11
10.134623
 21
0.479013
 31
0.0
  0
LINE
  5
567
330
1F
100
AcDbEntity
  8
1
  6
CONTINUOUS
370
50
 62
4
100
AcDbLine
 10
10.686662
 20
-0.479601
 30
0.0
 11
10.604012
 21
-0.463924
 31
0.0
  0
LINE
  5
568
330
1F
100
AcDbEntity
  8
1
  6
CONTINUOUS
370
50
 62
4
100
AcDbLine
 10
9.633417
 20
-0.479904
 30
0.0
 11
9.551077
 21
-0.464371
 31
0.0
  0
LINE
  5
569
330
1F
100
AcDbEntity
  8
1
  6
CONTINUOUS
370
50
 62
4
100
AcDbLine
 10
7.94909
 20
-0.479824
 30
0.0
 11
7.865974
 21
-0.464266
 31
0.0
  0
LINE
  5
56A
330
1F
100
AcDbEntity
  8
1
  6
CONTINUOUS
370
50
 62
4
100
AcDbLine
 10
5.791093999999999
 20
0.463738
 30
0.0
 11
5.708686999999999
 21
0.479119
 31
0.0
  0
LINE
  5
56B
330
1F
100
AcDbEntity
  8
1
  6
CONTINUOUS
370
50
 62
4
100
AcDbLine
 10
7.471597999999999
 20
0.464662
 30
0.0
 11
7.388389
 21
0.480116
 31
0.0
  0
LINE
  5
56C
330
1F
100
AcDbEntity
  8
1
  6
CONTINUOUS
370
50
 62
4
100
AcDbLine
 10
6.888928
 20
-0.479104
 30
0.0
 11
6.826225
 21
-0.467473
 31
0.0
  0
LINE
  5
56D
330
1F
100
AcDbEntity
  8
1
  6
CONTINUOUS
370
50
 62
4
100
AcDbLine
 10
8.530025
 20
0.464376
 30
0.0
 11
8.446831
 21
0.479752
 31
0.0
  0
LINE
  5
56E
330
1F
100
AcDbEntity
  8
1
  6
CONTINUOUS
370
50
 62
4
100
AcDbLine
 10
11.265187
 20
0.464946
 30
0.0
 11
11.182836
 21
0.480156
 31
0.0
  0
LINE
  5
56F
330
1F
100
AcDbEntity
  8
1
  6
CONTINUOUS
370
50
 62
4
100
AcDbLine
 10
4.868663
 20
0.489164
 30
0.0
 11
4.845699
 21
0.493166
 31
0.0
  0
LINE
  5
570
330
1F
100
AcDbEntity
  8
1
  6
CONTINUOUS
370
50
 62
4
100
AcDbLine
 10
5.010340999999999
 20
-0.420965
 30
0.0
 11
4.973355
 21
-0.414899
 31
0.0
  0
LINE
  5
571
330
1F
100
AcDbEntity
  8
1
  6
CONTINUOUS
370
50
 62
4
100
AcDbLine
 10
6.951841
 20
-0.4882
 30
0.0
 11
6.888928
 21
-0.479104
 31
0.0
  0
LINE
  5
572
330
1F
100
AcDbEntity
  8
1
  6
CONTINUOUS
370
50
 62
4
100
AcDbLine
 10
10.134623
 20
0.479013
 30
0.0
 11
10.050926
 21
0.490638
 31
0.0
  0
LINE
  5
573
330
1F
100
AcDbEntity
  8
1
  6
CONTINUOUS
370
50
 62
4
100
AcDbLine
 10
5.26859
 20
-0.487486
 30
0.0
 11
5.230563
 21
-0.482245
 31
0.0
  0
LINE
  5
574
330
1F
100
AcDbEntity
  8
1
  6
CONTINUOUS
370
50
 62
4
100
AcDbLine
 10
9.715453
 20
-0.491045
 30
0.0
 11
9.633417
 21
-0.479904
 31
0.0
  0
LINE
  5
575
330
1F
100
AcDbEntity
  8
1
  6
CONTINUOUS
370
50
 62
4
100
AcDbLine
 10
10.769952
 20
-0.490902
 30
0.0
 11
10.686662
 21
-0.479601
 31
0.0
  0
LINE
  5
576
330
1F
100
AcDbEntity
  8
1
  6
CONTINUOUS
370
50
 62
4
100
AcDbLine
 10
7.388389
 20
0.480116
 30
0.0
 11
7.306492
 21
0.491165
 31
0.0
  0
LINE
  5
577
330
1F
100
AcDbEntity
  8
1
  6
CONTINUOUS
370
50
 62
4
100
AcDbLine
 10
11.182836
 20
0.480156
 30
0.0
 11
11.101372
 21
0.49113
 31
0.0
  0
LINE
  5
578
330
1F
100
AcDbEntity
  8
1
  6
CONTINUOUS
370
50
 62
4
100
AcDbLine
 10
8.446831
 20
0.479752
 30
0.0
 11
8.363859999999999
 21
0.490927
 31
0.0
  0
LINE
  5
579
330
1F
100
AcDbEntity
  8
1
  6
CONTINUOUS
370
50
 62
4
100
AcDbLine
 10
4.845699
 20
0.493166
 30
0.0
 11
4.822883
 21
0.496231
 31
0.0
  0
LINE
  5
57A
330
1F
100
AcDbEntity
  8
1
  6
CONTINUOUS
370
50
 62
4
100
AcDbLine
 10
5.708686999999999
 20
0.479119
 30
0.0
 11
5.625071999999999
 21
0.490295
 31
0.0
  0
LINE
  5
57B
330
1F
100
AcDbEntity
  8
1
  6
CONTINUOUS
370
50
 62
4
100
AcDbLine
 10
8.032961
 20
-0.490999
 30
0.0
 11
7.94909
 21
-0.479824
 31
0.0
  0
LINE
  5
57C
330
1F
100
AcDbEntity
  8
1
  6
CONTINUOUS
370
50
 62
4
100
AcDbLine
 10
4.736883
 20
-0.498141
 30
0.0
 11
4.719048
 21
-0.495854
 31
0.0
  0
LINE
  5
57D
330
1F
100
AcDbEntity
  8
1
  6
CONTINUOUS
370
50
 62
4
100
AcDbLine
 10
4.973355
 20
-0.414899
 30
0.0
 11
4.937727
 21
-0.41042
 31
0.0
  0
LINE
  5
57E
330
1F
100
AcDbEntity
  8
1
  6
CONTINUOUS
370
50
 62
4
100
AcDbLine
 10
5.306452999999999
 20
-0.491791
 30
0.0
 11
5.26859
 21
-0.487486
 31
0.0
  0
LINE
  5
57F
330
1F
100
AcDbEntity
  8
1
  6
CONTINUOUS
370
50
 62
4
100
AcDbLine
 10
11.5135
 20
0.499926
 30
0.0
 11
11.513429
 21
0.499934
 31
0.0
  0
LINE
  5
580
330
1F
100
AcDbEntity
  8
1
  6
CONTINUOUS
370
50
 62
4
100
AcDbLine
 10
7.015321999999999
 20
-0.494734
 30
0.0
 11
6.951841
 21
-0.4882
 31
0.0
  0
LINE
  5
581
330
1F
100
AcDbEntity
  8
1
  6
CONTINUOUS
370
50
 62
4
100
AcDbLine
 10
4.822883
 20
0.496231
 30
0.0
 11
4.800446
 21
0.498315
 31
0.0
  0
LINE
  5
582
330
1F
100
AcDbEntity
  8
1
  6
CONTINUOUS
370
50
 62
4
100
AcDbLine
 10
5.344223
 20
-0.495153
 30
0.0
 11
5.306452999999999
 21
-0.491791
 31
0.0
  0
LINE
  5
583
330
1F
100
AcDbEntity
  8
1
  6
CONTINUOUS
370
50
 62
4
100
AcDbLine
 10
4.937727
 20
-0.41042
 30
0.0
 11
4.903561
 21
-0.407529
 31
0.0
  0
LINE
  5
584
330
1F
100
AcDbEntity
  8
1
  6
CONTINUOUS
370
50
 62
4
100
AcDbLine
 10
10.050926
 20
0.490638
 30
0.0
 11
9.966486999999999
 21
0.497665
 31
0.0
  0
LINE
  5
585
330
1F
100
AcDbEntity
  8
1
  6
CONTINUOUS
370
50
 62
4
100
AcDbLine
 10
8.363859999999999
 20
0.490927
 30
0.0
 11
8.281181
 21
0.49773
 31
0.0
  0
LINE
  5
586
330
1F
100
AcDbEntity
  8
1
  6
CONTINUOUS
370
50
 62
4
100
AcDbLine
 10
5.625071999999999
 20
0.490295
 30
0.0
 11
5.541159
 21
0.49717
 31
0.0
  0
LINE
  5
587
330
1F
100
AcDbEntity
  8
1
  6
CONTINUOUS
370
50
 62
4
100
AcDbLine
 10
11.101372
 20
0.49113
 30
0.0
 11
11.02005
 21
0.49777
 31
0.0
  0
LINE
  5
588
330
1F
100
AcDbEntity
  8
1
  6
CONTINUOUS
370
50
 62
4
100
AcDbLine
 10
7.306492
 20
0.491165
 30
0.0
 11
7.225141
 21
0.497793
 31
0.0
  0
LINE
  5
589
330
1F
100
AcDbEntity
  8
1
  6
CONTINUOUS
370
50
 62
4
100
AcDbLine
 10
9.798001
 20
-0.497757
 30
0.0
 11
9.715453
 21
-0.491045
 31
0.0
  0
LINE
  5
58A
330
1F
100
AcDbEntity
  8
1
  6
CONTINUOUS
370
50
 62
4
100
AcDbLine
 10
10.854016
 20
-0.497719
 30
0.0
 11
10.769952
 21
-0.490902
 31
0.0
  0
LINE
  5
58B
330
1F
100
AcDbEntity
  8
1
  6
CONTINUOUS
370
50
 62
4
100
AcDbLine
 10
8.116242
 20
-0.497742
 30
0.0
 11
8.032961
 21
-0.490999
 31
0.0
  0
LINE
  5
58C
330
1F
100
AcDbEntity
  8
1
  6
CONTINUOUS
370
50
 62
4
100
AcDbLine
 10
5.381972999999999
 20
-0.497563
 30
0.0
 11
5.344223
 21
-0.495153
 31
0.0
  0
LINE
  5
58D
330
1F
100
AcDbEntity
  8
1
  6
CONTINUOUS
370
50
 62
4
100
AcDbLine
 10
7.079568
 20
-0.498677
 30
0.0
 11
7.015321999999999
 21
-0.494734
 31
0.0
  0
LINE
  5
58E
330
1F
100
AcDbEntity
  8
1
  6
CONTINUOUS
370
50
 62
4
100
AcDbLine
 10
4.756826
 20
-0.499332
 30
0.0
 11
4.736883
 21
-0.498141
 31
0.0
  0
LINE
  5
58F
330
1F
100
AcDbEntity
  8
1
  6
CONTINUOUS
370
50
 62
4
100
AcDbLine
 10
4.800446
 20
0.498315
 30
0.0
 11
4.778645
 21
0.49937
 31
0.0
  0
LINE
  5
590
330
1F
100
AcDbEntity
  8
1
  6
CONTINUOUS
370
50
 62
4
100
AcDbLine
 10
4.903561
 20
-0.407529
 30
0.0
 11
4.870960999999999
 21
-0.406226
 31
0.0
  0
LINE
  5
591
330
1F
100
AcDbEntity
  8
1
  6
CONTINUOUS
370
50
 62
4
100
AcDbLine
 10
5.419775
 20
-0.499015
 30
0.0
 11
5.381972999999999
 21
-0.497563
 31
0.0
  0
LINE
  5
592
330
1F
100
AcDbEntity
  8
1
  6
CONTINUOUS
370
50
 62
4
100
AcDbLine
 10
5.541159
 20
0.49717
 30
0.0
 11
5.457699
 21
0.4995
 31
0.0
  0
LINE
  5
593
330
1F
100
AcDbEntity
  8
1
  6
CONTINUOUS
370
50
 62
4
100
AcDbLine
 10
8.281181
 20
0.49773
 30
0.0
 11
8.198818
 21
0.5
 31
0.0
  0
LINE
  5
594
330
1F
100
AcDbEntity
  8
1
  6
CONTINUOUS
370
50
 62
4
100
AcDbLine
 10
9.966486999999999
 20
0.497665
 30
0.0
 11
9.881615
 21
0.5
 31
0.0
  0
LINE
  5
595
330
1F
100
AcDbEntity
  8
1
  6
CONTINUOUS
370
50
 62
4
100
AcDbLine
 10
8.198818
 20
-0.5
 30
0.0
 11
8.116242
 21
-0.497742
 31
0.0
  0
LINE
  5
596
330
1F
100
AcDbEntity
  8
1
  6
CONTINUOUS
370
50
 62
4
100
AcDbLine
 10
11.02005
 20
0.49777
 30
0.0
 11
10.938062
 21
0.5
 31
0.0
  0
LINE
  5
597
330
1F
100
AcDbEntity
  8
1
  6
CONTINUOUS
370
50
 62
4
100
AcDbLine
 10
10.938062
 20
-0.5
 30
0.0
 11
10.854016
 21
-0.497719
 31
0.0
  0
LINE
  5
598
330
1F
100
AcDbEntity
  8
1
  6
CONTINUOUS
370
50
 62
4
100
AcDbLine
 10
7.225141
 20
0.497793
 30
0.0
 11
7.143469
 21
0.5
 31
0.0
  0
LINE
  5
599
330
1F
100
AcDbEntity
  8
1
  6
CONTINUOUS
370
50
 62
4
100
AcDbLine
 10
9.881615
 20
-0.5
 30
0.0
 11
9.798001
 21
-0.497757
 31
0.0
  0
LINE
  5
59A
330
1F
100
AcDbEntity
  8
1
  6
CONTINUOUS
370
50
 62
4
100
AcDbLine
 10
7.143469
 20
-0.5
 30
0.0
 11
7.079568
 21
-0.498677
 31
0.0
  0
LINE
  5
59B
330
1F
100
AcDbEntity
  8
1
  6
CONTINUOUS
370
50
 62
4
100
AcDbLine
 10
5.457699
 20
-0.4995
 30
0.0
 11
5.419775
 21
-0.499015
 31
0.0
  0
LINE
  5
59C
330
1F
100
AcDbEntity
  8
1
  6
CONTINUOUS
370
50
 62
4
100
AcDbLine
 10
11.669473
 20
0.011392
 30
0.0
 11
11.668141
 21
0.011395
 31
0.0
  0
LINE
  5
59D
330
1F
100
AcDbEntity
  8
1
  6
CONTINUOUS
370
50
 62
4
100
AcDbLine
 10
4.778645
 20
-0.49937
 30
0.0
 11
4.756826
 21
-0.499332
 31
0.0
  0
LINE
  5
59E
330
1F
100
AcDbEntity
  8
1
  6
CONTINUOUS
370
50
 62
4
100
AcDbLine
 10
6.699999999999999
 20
-0.5
 30
0.0
 11
7.143469
 21
-0.5
 31
0.0
  0
LINE
  5
59F
330
1F
100
AcDbEntity
  8
1
  6
CONTINUOUS
370
50
 62
4
100
AcDbLine
 10
10.938062
 20
-0.5
 30
0.0
 11
11.513429
 21
-0.5
 31
0.0
  0
LINE
  5
5A0
330
1F
100
AcDbEntity
  8
1
  6
CONTINUOUS
370
50
 62
4
100
AcDbLine
 10
8.198818
 20
-0.5
 30
0.0
 11
9.881615
 21
-0.5
 31
0.0
  0
LINE
  5
5A1
330
1F
100
AcDbEntity
  8
1
  6
CONTINUOUS
370
50
 62
4
100
AcDbLine
 10
5.457716
 20
-0.4995
 30
0.0
 11
6.699999999999999
 21
-0.4995
 31
0.0
  0
LINE
  5
5A2
330
1F
100
AcDbEntity
  8
1
  6
CONTINUOUS
370
50
 62
4
100
AcDbLine
 10
3.7
 20
-0.4995
 30
0.0
 11
4.768873
 21
-0.4995
 31
0.0
  0
LINE
  5
5A3
330
1F
100
AcDbEntity
  8
1
  6
CONTINUOUS
370
50
 62
4
100
AcDbLine
 10
5.457716
 20
0.4995
 30
0.0
 11
6.699999999999999
 21
0.4995
 31
0.0
  0
LINE
  5
5A4
330
1F
100
AcDbEntity
  8
1
  6
CONTINUOUS
370
50
 62
4
100
AcDbLine
 10
3.7
 20
0.4995
 30
0.0
 11
4.768873
 21
0.4995
 31
0.0
  0
LINE
  5
5A5
330
1F
100
AcDbEntity
  8
1
  6
CONTINUOUS
370
50
 62
4
100
AcDbLine
 10
8.198818
 20
0.5
 30
0.0
 11
9.881615
 21
0.5
 31
0.0
  0
LINE
  5
5A6
330
1F
100
AcDbEntity
  8
1
  6
CONTINUOUS
370
50
 62
4
100
AcDbLine
 10
6.699999999999999
 20
0.5
 30
0.0
 11
7.143469
 21
0.5
 31
0.0
  0
LINE
  5
5A7
330
1F
100
AcDbEntity
  8
1
  6
CONTINUOUS
370
50
 62
4
100
AcDbLine
 10
10.938062
 20
0.5
 30
0.0
 11
11.513429
 21
0.5
 31
0.0
  0
LINE
  5
5A8
330
1F
100
AcDbEntity
  8
1
  6
CONTINUOUS
370
50
 62
4
100
AcDbLine
 10
4.840074
 20
-0.4065
 30
0.0
 11
4.870960999999999
 21
-0.406226
 31
0.0
  0
LINE
  5
5A9
330
1F
100
AcDbEntity
  8
1
  6
CONTINUOUS
370
50
 62
4
100
AcDbLine
 10
5.419775
 20
0.499015
 30
0.0
 11
5.457699
 21
0.4995
 31
0.0
  0
LINE
  5
5AA
330
1F
100
AcDbEntity
  8
1
  6
CONTINUOUS
370
50
 62
4
100
AcDbLine
 10
7.143469
 20
-0.5
 30
0.0
 11
7.230197
 21
-0.49751
 31
0.0
  0
LINE
  5
5AB
330
1F
100
AcDbEntity
  8
1
  6
CONTINUOUS
370
50
 62
4
100
AcDbLine
 10
9.881615
 20
-0.5
 30
0.0
 11
9.970298
 21
-0.49745
 31
0.0
  0
LINE
  5
5AC
330
1F
100
AcDbEntity
  8
1
  6
CONTINUOUS
370
50
 62
4
100
AcDbLine
 10
10.848706
 20
0.497419
 30
0.0
 11
10.938062
 21
0.5
 31
0.0
  0
LINE
  5
5AD
330
1F
100
AcDbEntity
  8
1
  6
CONTINUOUS
370
50
 62
4
100
AcDbLine
 10
8.111066
 20
0.497451
 30
0.0
 11
8.198818
 21
0.5
 31
0.0
  0
LINE
  5
5AE
330
1F
100
AcDbEntity
  8
1
  6
CONTINUOUS
370
50
 62
4
100
AcDbLine
 10
5.381972999999999
 20
0.497563
 30
0.0
 11
5.419775
 21
0.499015
 31
0.0
  0
LINE
  5
5AF
330
1F
100
AcDbEntity
  8
1
  6
CONTINUOUS
370
50
 62
4
100
AcDbLine
 10
4.778645
 20
-0.49937
 30
0.0
 11
4.801811
 21
-0.498216
 31
0.0
  0
LINE
  5
5B0
330
1F
100
AcDbEntity
  8
1
  6
CONTINUOUS
370
50
 62
4
100
AcDbLine
 10
4.811216
 20
-0.408228
 30
0.0
 11
4.840074
 21
-0.4065
 31
0.0
  0
LINE
  5
5B1
330
1F
100
AcDbEntity
  8
1
  6
CONTINUOUS
370
50
 62
4
100
AcDbLine
 10
5.344223
 20
0.495153
 30
0.0
 11
5.381972999999999
 21
0.497563
 31
0.0
  0
LINE
  5
5B2
330
1F
100
AcDbEntity
  8
1
  6
CONTINUOUS
370
50
 62
4
100
AcDbLine
 10
8.022488
 20
0.489846
 30
0.0
 11
8.111066
 21
0.497451
 31
0.0
  0
LINE
  5
5B3
330
1F
100
AcDbEntity
  8
1
  6
CONTINUOUS
370
50
 62
4
100
AcDbLine
 10
10.759543
 20
0.489739
 30
0.0
 11
10.848706
 21
0.497419
 31
0.0
  0
LINE
  5
5B4
330
1F
100
AcDbEntity
  8
1
  6
CONTINUOUS
370
50
 62
4
100
AcDbLine
 10
7.230197
 20
-0.49751
 30
0.0
 11
7.316625999999999
 21
-0.490032
 31
0.0
  0
LINE
  5
5B5
330
1F
100
AcDbEntity
  8
1
  6
CONTINUOUS
370
50
 62
4
100
AcDbLine
 10
9.970298
 20
-0.49745
 30
0.0
 11
10.058468
 21
-0.489779
 31
0.0
  0
LINE
  5
5B6
330
1F
100
AcDbEntity
  8
1
  6
CONTINUOUS
370
50
 62
4
100
AcDbLine
 10
5.306452999999999
 20
0.491791
 30
0.0
 11
5.344223
 21
0.495153
 31
0.0
  0
LINE
  5
5B7
330
1F
100
AcDbEntity
  8
1
  6
CONTINUOUS
370
50
 62
4
100
AcDbLine
 10
4.801811
 20
-0.498216
 30
0.0
 11
4.825674999999999
 21
-0.495906
 31
0.0
  0
LINE
  5
5B8
330
1F
100
AcDbEntity
  8
1
  6
CONTINUOUS
370
50
 62
4
100
AcDbLine
 10
5.26859
 20
0.487486
 30
0.0
 11
5.306452999999999
 21
0.491791
 31
0.0
  0
LINE
  5
5B9
330
1F
100
AcDbEntity
  8
1
  6
CONTINUOUS
370
50
 62
4
100
AcDbLine
 10
4.784568999999999
 20
-0.41126
 30
0.0
 11
4.811216
 21
-0.408228
 31
0.0
  0
LINE
  5
5BA
330
1F
100
AcDbEntity
  8
1
  6
CONTINUOUS
370
50
 62
4
100
AcDbLine
 10
5.230563
 20
0.482245
 30
0.0
 11
5.26859
 21
0.487486
 31
0.0
  0
LINE
  5
5BB
330
1F
100
AcDbEntity
  8
1
  6
CONTINUOUS
370
50
 62
4
100
AcDbLine
 10
4.825674999999999
 20
-0.495906
 30
0.0
 11
4.849933
 21
-0.492496
 31
0.0
  0
LINE
  5
5BC
330
1F
100
AcDbEntity
  8
1
  6
CONTINUOUS
370
50
 62
4
100
AcDbLine
 10
7.933433999999999
 20
0.477235
 30
0.0
 11
8.022488
 21
0.489846
 31
0.0
  0
LINE
  5
5BD
330
1F
100
AcDbEntity
  8
1
  6
CONTINUOUS
370
50
 62
4
100
AcDbLine
 10
11.306206
 20
0.209529
 30
0.0
 11
11.331455
 21
0.21311
 31
0.0
  0
LINE
  5
5BE
330
1F
100
AcDbEntity
  8
1
  6
CONTINUOUS
370
50
 62
4
100
AcDbLine
 10
7.316625999999999
 20
-0.490032
 30
0.0
 11
7.40379
 21
-0.477566
 31
0.0
  0
LINE
  5
5BF
330
1F
100
AcDbEntity
  8
1
  6
CONTINUOUS
370
50
 62
4
100
AcDbLine
 10
10.671685
 20
0.477101
 30
0.0
 11
10.759543
 21
0.489739
 31
0.0
  0
LINE
  5
5C0
330
1F
100
AcDbEntity
  8
1
  6
CONTINUOUS
370
50
 62
4
100
AcDbLine
 10
10.058468
 20
-0.489779
 30
0.0
 11
10.145887
 21
-0.477102
 31
0.0
  0
LINE
  5
5C1
330
1F
100
AcDbEntity
  8
1
  6
CONTINUOUS
370
50
 62
4
100
AcDbLine
 10
11.331455
 20
0.21311
 30
0.0
 11
11.353261
 21
0.216788
 31
0.0
  0
LINE
  5
5C2
330
1F
100
AcDbEntity
  8
1
  6
CONTINUOUS
370
50
 62
4
100
AcDbLine
 10
4.760262
 20
-0.415455
 30
0.0
 11
4.784568999999999
 21
-0.41126
 31
0.0
  0
LINE
  5
5C3
330
1F
100
AcDbEntity
  8
1
  6
CONTINUOUS
370
50
 62
4
100
AcDbLine
 10
4.849933
 20
-0.492496
 30
0.0
 11
4.874333
 21
-0.488037
 31
0.0
  0
LINE
  5
5C4
330
1F
100
AcDbEntity
  8
1
  6
CONTINUOUS
370
50
 62
4
100
AcDbLine
 10
7.40379
 20
-0.477566
 30
0.0
 11
7.492464
 21
-0.460154
 31
0.0
  0
LINE
  5
5C5
330
1F
100
AcDbEntity
  8
1
  6
CONTINUOUS
370
50
 62
4
100
AcDbLine
 10
11.353261
 20
0.216788
 30
0.0
 11
11.371865
 21
0.220469
 31
0.0
  0
LINE
  5
5C6
330
1F
100
AcDbEntity
  8
1
  6
CONTINUOUS
370
50
 62
4
100
AcDbLine
 10
7.845445
 20
0.459742
 30
0.0
 11
7.933433999999999
 21
0.477235
 31
0.0
  0
LINE
  5
5C7
330
1F
100
AcDbEntity
  8
1
  6
CONTINUOUS
370
50
 62
4
100
AcDbLine
 10
10.145887
 20
-0.477102
 30
0.0
 11
10.233475
 21
-0.459582
 31
0.0
  0
LINE
  5
5C8
330
1F
100
AcDbEntity
  8
1
  6
CONTINUOUS
370
50
 62
4
100
AcDbLine
 10
10.584753
 20
0.459688
 30
0.0
 11
10.671685
 21
0.477101
 31
0.0
  0
LINE
  5
5C9
330
1F
100
AcDbEntity
  8
1
  6
CONTINUOUS
370
50
 62
4
100
AcDbLine
 10
5.046518
 20
0.428128
 30
0.0
 11
5.077641
 21
0.435064
 31
0.0
  0
LINE
  5
5CA
330
1F
100
AcDbEntity
  8
1
  6
CONTINUOUS
370
50
 62
4
100
AcDbLine
 10
4.874333
 20
-0.488037
 30
0.0
 11
4.898901
 21
-0.482532
 31
0.0
  0
LINE
  5
5CB
330
1F
100
AcDbEntity
  8
1
  6
CONTINUOUS
370
50
 62
4
100
AcDbLine
 10
11.371865
 20
0.220469
 30
0.0
 11
11.387518
 21
0.224043
 31
0.0
  0
LINE
  5
5CC
330
1F
100
AcDbEntity
  8
1
  6
CONTINUOUS
370
50
 62
4
100
AcDbLine
 10
5.077641
 20
0.435064
 30
0.0
 11
5.108509
 21
0.442467
 31
0.0
  0
LINE
  5
5CD
330
1F
100
AcDbEntity
  8
1
  6
CONTINUOUS
370
50
 62
4
100
AcDbLine
 10
4.737422
 20
-0.420945
 30
0.0
 11
4.760262
 21
-0.415455
 31
0.0
  0
LINE
  5
5CE
330
1F
100
AcDbEntity
  8
1
  6
CONTINUOUS
370
50
 62
4
100
AcDbLine
 10
5.20015
 20
0.465626
 30
0.0
 11
5.230563
 21
0.473048
 31
0.0
  0
LINE
  5
5CF
330
1F
100
AcDbEntity
  8
1
  6
CONTINUOUS
370
50
 62
4
100
AcDbLine
 10
7.492464
 20
-0.460154
 30
0.0
 11
7.581913999999999
 21
-0.43797
 31
0.0
  0
LINE
  5
5D0
330
1F
100
AcDbEntity
  8
1
  6
CONTINUOUS
370
50
 62
4
100
AcDbLine
 10
10.233475
 20
-0.459582
 30
0.0
 11
10.321855
 21
-0.437487
 31
0.0
  0
LINE
  5
5D1
330
1F
100
AcDbEntity
  8
1
  6
CONTINUOUS
370
50
 62
4
100
AcDbLine
 10
5.108509
 20
0.442467
 30
0.0
 11
5.139178999999999
 21
0.450151
 31
0.0
  0
LINE
  5
5D2
330
1F
100
AcDbEntity
  8
1
  6
CONTINUOUS
370
50
 62
4
100
AcDbLine
 10
5.169707
 20
0.457932
 30
0.0
 11
5.20015
 21
0.465626
 31
0.0
  0
LINE
  5
5D3
330
1F
100
AcDbEntity
  8
1
  6
CONTINUOUS
370
50
 62
4
100
AcDbLine
 10
10.497846
 20
0.437655
 30
0.0
 11
10.584753
 21
0.459688
 31
0.0
  0
LINE
  5
5D4
330
1F
100
AcDbEntity
  8
1
  6
CONTINUOUS
370
50
 62
4
100
AcDbLine
 10
7.758319999999999
 20
0.437642
 30
0.0
 11
7.845445
 21
0.459742
 31
0.0
  0
LINE
  5
5D5
330
1F
100
AcDbEntity
  8
1
  6
CONTINUOUS
370
50
 62
4
100
AcDbLine
 10
5.139178999999999
 20
0.450151
 30
0.0
 11
5.169707
 21
0.457932
 31
0.0
  0
LINE
  5
5D6
330
1F
100
AcDbEntity
  8
1
  6
CONTINUOUS
370
50
 62
4
100
AcDbLine
 10
11.387518
 20
0.224043
 30
0.0
 11
11.400465
 21
0.2274
 31
0.0
  0
LINE
  5
5D7
330
1F
100
AcDbEntity
  8
1
  6
CONTINUOUS
370
50
 62
4
100
AcDbLine
 10
4.898901
 20
-0.482532
 30
0.0
 11
4.923560999999999
 21
-0.475995
 31
0.0
  0
LINE
  5
5D8
330
1F
100
AcDbEntity
  8
1
  6
CONTINUOUS
370
50
 62
4
100
AcDbLine
 10
0.0
 20
-1.5
 30
0.0
 11
3.7
 21
-0.4995
 31
0.0
  0
LINE
  5
5D9
330
1F
100
AcDbEntity
  8
1
  6
CONTINUOUS
370
50
 62
4
100
AcDbLine
 10
11.400465
 20
0.2274
 30
0.0
 11
11.410956
 21
0.230431
 31
0.0
  0
LINE
  5
5DA
330
1F
100
AcDbEntity
  8
1
  6
CONTINUOUS
370
50
 62
4
100
AcDbLine
 10
10.321855
 20
-0.437487
 30
0.0
 11
10.409954
 21
-0.411188
 31
0.0
  0
LINE
  5
5DB
330
1F
100
AcDbEntity
  8
1
  6
CONTINUOUS
370
50
 62
4
100
AcDbLine
 10
7.581913999999999
 20
-0.43797
 30
0.0
 11
7.671144
 21
-0.411118
 31
0.0
  0
LINE
  5
5DC
330
1F
100
AcDbEntity
  8
1
  6
CONTINUOUS
370
50
 62
4
100
AcDbLine
 10
10.410065
 20
0.411152
 30
0.0
 11
10.497846
 21
0.437655
 31
0.0
  0
LINE
  5
5DD
330
1F
100
AcDbEntity
  8
1
  6
CONTINUOUS
370
50
 62
4
100
AcDbLine
 10
7.671146999999999
 20
0.411117
 30
0.0
 11
7.758319999999999
 21
0.437642
 31
0.0
  0
LINE
  5
5DE
330
1F
100
AcDbEntity
  8
1
  6
CONTINUOUS
370
50
 62
4
100
AcDbLine
 10
4.923560999999999
 20
-0.475995
 30
0.0
 11
4.948226
 21
-0.468439
 31
0.0
  0
LINE
  5
5DF
330
1F
100
AcDbEntity
  8
1
  6
CONTINUOUS
370
50
 62
4
100
AcDbLine
 10
11.410956
 20
0.230431
 30
0.0
 11
11.420279
 21
0.233385
 31
0.0
  0
LINE
  5
5E0
330
1F
100
AcDbEntity
  8
1
  6
CONTINUOUS
370
50
 62
4
100
AcDbLine
 10
4.716266
 20
-0.427814
 30
0.0
 11
4.737422
 21
-0.420945
 31
0.0
  0
LINE
  5
5E1
330
1F
100
AcDbEntity
  8
1
  6
CONTINUOUS
370
50
 62
4
100
AcDbLine
 10
4.948226
 20
-0.468439
 30
0.0
 11
4.97289
 21
-0.459861
 31
0.0
  0
LINE
  5
5E2
330
1F
100
AcDbEntity
  8
1
  6
CONTINUOUS
370
50
 62
4
100
AcDbLine
 10
11.420279
 20
0.233385
 30
0.0
 11
11.429565
 21
0.236616
 31
0.0
  0
LINE
  5
5E3
330
1F
100
AcDbEntity
  8
1
  6
CONTINUOUS
370
50
 62
4
100
AcDbLine
 10
11.429565
 20
0.236616
 30
0.0
 11
11.438752
 21
0.240139
 31
0.0
  0
LINE
  5
5E4
330
1F
100
AcDbEntity
  8
1
  6
CONTINUOUS
370
50
 62
4
100
AcDbLine
 10
4.97289
 20
-0.459861
 30
0.0
 11
4.997517999999999
 21
-0.450269
 31
0.0
  0
LINE
  5
5E5
330
1F
100
AcDbEntity
  8
1
  6
CONTINUOUS
370
50
 62
4
100
AcDbLine
 10
11.438752
 20
0.240139
 30
0.0
 11
11.447777
 21
0.243972
 31
0.0
  0
LINE
  5
5E6
330
1F
100
AcDbEntity
  8
1
  6
CONTINUOUS
370
50
 62
4
100
AcDbLine
 10
4.997517999999999
 20
-0.450269
 30
0.0
 11
5.022057999999999
 21
-0.439687
 31
0.0
  0
LINE
  5
5E7
330
1F
100
AcDbEntity
  8
1
  6
CONTINUOUS
370
50
 62
4
100
AcDbLine
 10
4.697751999999999
 20
-0.435996
 30
0.0
 11
4.716266
 21
-0.427814
 31
0.0
  0
LINE
  5
5E8
330
1F
100
AcDbEntity
  8
1
  6
CONTINUOUS
370
50
 62
4
100
AcDbLine
 10
5.022057999999999
 20
-0.439687
 30
0.0
 11
5.046527999999999
 21
-0.428133
 31
0.0
  0
LINE
  5
5E9
330
1F
100
AcDbEntity
  8
1
  6
CONTINUOUS
370
50
 62
4
100
AcDbLine
 10
11.447777
 20
0.243972
 30
0.0
 11
11.456574
 21
0.248131
 31
0.0
  0
LINE
  5
5EA
330
1F
100
AcDbEntity
  8
1
  6
CONTINUOUS
370
50
 62
4
100
AcDbLine
 10
11.524731
 20
-0.140941
 30
0.0
 11
11.528374
 21
-0.139048
 31
0.0
  0
LINE
  5
5EB
330
1F
100
AcDbEntity
  8
1
  6
CONTINUOUS
370
50
 62
4
100
AcDbLine
 10
11.456574
 20
0.248131
 30
0.0
 11
11.465082
 21
0.252633
 31
0.0
  0
LINE
  5
5EC
330
1F
100
AcDbEntity
  8
1
  6
CONTINUOUS
370
50
 62
4
100
AcDbLine
 10
11.5135
 20
-0.499926
 30
0.0
 11
11.513573
 21
-0.499885
 31
0.0
  0
LINE
  5
5ED
330
1F
100
AcDbEntity
  8
1
  6
CONTINUOUS
370
50
 62
4
100
AcDbLine
 10
11.465082
 20
0.252633
 30
0.0
 11
11.473236
 21
0.257495
 31
0.0
  0
LINE
  5
5EE
330
1F
100
AcDbEntity
  8
1
  6
CONTINUOUS
370
50
 62
4
100
AcDbLine
 10
11.528374
 20
-0.139048
 30
0.0
 11
11.532023
 21
-0.136812
 31
0.0
  0
LINE
  5
5EF
330
1F
100
AcDbEntity
  8
1
  6
CONTINUOUS
370
50
 62
4
100
AcDbLine
 10
4.682157999999999
 20
-0.445925
 30
0.0
 11
4.697751999999999
 21
-0.435996
 31
0.0
  0
LINE
  5
5F0
330
1F
100
AcDbEntity
  8
1
  6
CONTINUOUS
370
50
 62
4
100
AcDbLine
 10
11.473236
 20
0.257495
 30
0.0
 11
11.480974
 21
0.262732
 31
0.0
  0
LINE
  5
5F1
330
1F
100
AcDbEntity
  8
1
  6
CONTINUOUS
370
50
 62
4
100
AcDbLine
 10
11.532023
 20
-0.136812
 30
0.0
 11
11.535676
 21
-0.134232
 31
0.0
  0
LINE
  5
5F2
330
1F
100
AcDbEntity
  8
1
  6
CONTINUOUS
370
50
 62
4
100
AcDbLine
 10
11.480974
 20
0.262732
 30
0.0
 11
11.488237
 21
0.268363
 31
0.0
  0
LINE
  5
5F3
330
1F
100
AcDbEntity
  8
1
  6
CONTINUOUS
370
50
 62
4
100
AcDbLine
 10
11.535676
 20
-0.134232
 30
0.0
 11
11.53933
 21
-0.131306
 31
0.0
  0
LINE
  5
5F4
330
1F
100
AcDbEntity
  8
1
  6
CONTINUOUS
370
50
 62
4
100
AcDbLine
 10
11.55025
 20
-0.120419
 30
0.0
 11
11.674235
 21
-0.020718
 31
0.0
  0
LINE
  5
5F5
330
1F
100
AcDbEntity
  8
1
  6
CONTINUOUS
370
50
 62
4
100
AcDbLine
 10
11.508203
 20
-0.154232
 30
0.0
 11
11.524731
 21
-0.140941
 31
0.0
  0
LINE
  5
5F6
330
1F
100
AcDbEntity
  8
1
  6
CONTINUOUS
370
50
 62
4
100
AcDbLine
 10
11.488237
 20
0.268363
 30
0.0
 11
11.494973
 21
0.274405
 31
0.0
  0
LINE
  5
5F7
330
1F
100
AcDbEntity
  8
1
  6
CONTINUOUS
370
50
 62
4
100
AcDbLine
 10
11.53933
 20
-0.131306
 30
0.0
 11
11.54298
 21
-0.12803
 31
0.0
  0
LINE
  5
5F8
330
1F
100
AcDbEntity
  8
1
  6
CONTINUOUS
370
50
 62
4
100
AcDbLine
 10
11.54298
 20
-0.12803
 30
0.0
 11
11.546622
 21
-0.124403
 31
0.0
  0
LINE
  5
5F9
330
1F
100
AcDbEntity
  8
1
  6
CONTINUOUS
370
50
 62
4
100
AcDbLine
 10
11.513573
 20
-0.499885
 30
0.0
 11
11.513645
 21
-0.49981
 31
0.0
  0
LINE
  5
5FA
330
1F
100
AcDbEntity
  8
1
  6
CONTINUOUS
370
50
 62
4
100
AcDbLine
 10
11.513429
 20
-0.5
 30
0.0
 11
11.5135
 21
-0.499926
 31
0.0
  0
LINE
  5
5FB
330
1F
100
AcDbEntity
  8
1
  6
CONTINUOUS
370
50
 62
4
100
AcDbLine
 10
11.494973
 20
0.274405
 30
0.0
 11
11.501129
 21
0.280879
 31
0.0
  0
LINE
  5
5FC
330
1F
100
AcDbEntity
  8
1
  6
CONTINUOUS
370
50
 62
4
100
AcDbLine
 10
4.672473999999999
 20
-0.4563
 30
0.0
 11
4.682157999999999
 21
-0.445925
 31
0.0
  0
LINE
  5
5FD
330
1F
100
AcDbEntity
  8
1
  6
CONTINUOUS
370
50
 62
4
100
AcDbLine
 10
11.546622
 20
-0.124403
 30
0.0
 11
11.55025
 21
-0.120419
 31
0.0
  0
LINE
  5
5FE
330
1F
100
AcDbEntity
  8
1
  6
CONTINUOUS
370
50
 62
4
100
AcDbLine
 10
11.501129
 20
0.280879
 30
0.0
 11
11.506652
 21
0.287806
 31
0.0
  0
LINE
  5
5FF
330
1F
100
AcDbEntity
  8
1
  6
CONTINUOUS
370
50
 62
4
100
AcDbLine
 10
11.513645
 20
-0.49981
 30
0.0
 11
11.513718
 21
-0.499703
 31
0.0
  0
LINE
  5
600
330
1F
100
AcDbEntity
  8
1
  6
CONTINUOUS
370
50
 62
4
100
AcDbLine
 10
11.506652
 20
0.287806
 30
0.0
 11
11.511467
 21
0.295165
 31
0.0
  0
LINE
  5
601
330
1F
100
AcDbEntity
  8
1
  6
CONTINUOUS
370
50
 62
4
100
AcDbLine
 10
11.511467
 20
0.295165
 30
0.0
 11
11.515455
 21
0.302801
 31
0.0
  0
LINE
  5
602
330
1F
100
AcDbEntity
  8
1
  6
CONTINUOUS
370
50
 62
4
100
AcDbLine
 10
11.513718
 20
-0.499703
 30
0.0
 11
11.51379
 21
-0.499561
 31
0.0
  0
LINE
  5
603
330
1F
100
AcDbEntity
  8
1
  6
CONTINUOUS
370
50
 62
4
100
AcDbLine
 10
11.51379
 20
-0.499561
 30
0.0
 11
11.513864
 21
-0.499386
 31
0.0
  0
LINE
  5
604
330
1F
100
AcDbEntity
  8
1
  6
CONTINUOUS
370
50
 62
4
100
AcDbLine
 10
11.515455
 20
0.302801
 30
0.0
 11
11.518626
 21
0.310687
 31
0.0
  0
LINE
  5
605
330
1F
100
AcDbEntity
  8
1
  6
CONTINUOUS
370
50
 62
4
100
AcDbLine
 10
11.513857
 20
-0.499421
 30
0.0
 11
11.7
 21
0.0
 31
0.0
  0
LINE
  5
606
330
1F
100
AcDbEntity
  8
1
  6
CONTINUOUS
370
50
 62
4
100
AcDbLine
 10
4.669279
 20
-0.466257
 30
0.0
 11
4.672473999999999
 21
-0.4563
 31
0.0
  0
LINE
  5
607
330
1F
100
AcDbEntity
  8
1
  6
CONTINUOUS
370
50
 62
4
100
AcDbLine
 10
11.518626
 20
0.310687
 30
0.0
 11
11.521002
 21
0.318816
 31
0.0
  0
LINE
  5
608
330
1F
100
AcDbEntity
  8
1
  6
CONTINUOUS
370
50
 62
4
100
AcDbLine
 10
11.521002
 20
0.318816
 30
0.0
 11
11.522604
 21
0.32718
 31
0.0
  0
LINE
  5
609
330
1F
100
AcDbEntity
  8
1
  6
CONTINUOUS
370
50
 62
4
100
AcDbLine
 10
11.522604
 20
0.32718
 30
0.0
 11
11.52345
 21
0.335703
 31
0.0
  0
LINE
  5
60A
330
1F
100
AcDbEntity
  8
1
  6
CONTINUOUS
370
50
 62
4
100
AcDbLine
 10
11.52345
 20
0.335703
 30
0.0
 11
11.523581
 21
0.344278
 31
0.0
  0
LINE
  5
60B
330
1F
100
AcDbEntity
  8
1
  6
CONTINUOUS
370
50
 62
4
100
AcDbLine
 10
11.508118
 20
-0.185259
 30
0.0
 11
11.508205
 21
-0.154192
 31
0.0
  0
LINE
  5
60C
330
1F
100
AcDbEntity
  8
1
  6
CONTINUOUS
370
50
 62
4
100
AcDbLine
 10
11.508074
 20
-0.215068
 30
0.0
 11
11.508118
 21
-0.185259
 31
0.0
  0
LINE
  5
60D
330
1F
100
AcDbEntity
  8
1
  6
CONTINUOUS
370
50
 62
4
100
AcDbLine
 10
0.0
 20
-1.5
 30
0.0
 11
0.0
 21
1.5
 31
0.0
  0
LINE
  5
60E
330
1F
100
AcDbEntity
  8
1
  6
CONTINUOUS
370
50
 62
4
100
AcDbLine
 10
3.7
 20
-0.4995
 30
0.0
 11
3.7
 21
0.4995
 31
0.0
  0
LINE
  5
60F
330
1F
100
AcDbEntity
  8
1
  6
CONTINUOUS
370
50
 62
4
100
AcDbLine
 10
5.228562999999999
 20
0.29335
 30
0.0
 11
5.228562999999999
 21
0.317701
 31
0.0
  0
LINE
  5
610
330
1F
100
AcDbEntity
  8
1
  6
CONTINUOUS
370
50
 62
4
100
AcDbLine
 10
5.230563
 20
-0.482245
 30
0.0
 11
5.230563
 21
-0.473048
 31
0.0
  0
LINE
  5
611
330
1F
100
AcDbEntity
  8
1
  6
CONTINUOUS
370
50
 62
4
100
AcDbLine
 10
5.230563
 20
0.292413
 30
0.0
 11
5.230563
 21
0.304701
 31
0.0
  0
LINE
  5
612
330
1F
100
AcDbEntity
  8
1
  6
CONTINUOUS
370
50
 62
4
100
AcDbLine
 10
5.230563
 20
0.304701
 30
0.0
 11
5.230563
 21
0.317799
 31
0.0
  0
LINE
  5
613
330
1F
100
AcDbEntity
  8
1
  6
CONTINUOUS
370
50
 62
4
100
AcDbLine
 10
5.230563
 20
0.317799
 30
0.0
 11
5.230563
 21
0.33168
 31
0.0
  0
LINE
  5
614
330
1F
100
AcDbEntity
  8
1
  6
CONTINUOUS
370
50
 62
4
100
AcDbLine
 10
5.230563
 20
0.33168
 30
0.0
 11
5.230563
 21
0.346268
 31
0.0
  0
LINE
  5
615
330
1F
100
AcDbEntity
  8
1
  6
CONTINUOUS
370
50
 62
4
100
AcDbLine
 10
5.230563
 20
0.346268
 30
0.0
 11
5.230563
 21
0.361491
 31
0.0
  0
LINE
  5
616
330
1F
100
AcDbEntity
  8
1
  6
CONTINUOUS
370
50
 62
4
100
AcDbLine
 10
5.230563
 20
0.361491
 30
0.0
 11
5.230563
 21
0.377309
 31
0.0
  0
LINE
  5
617
330
1F
100
AcDbEntity
  8
1
  6
CONTINUOUS
370
50
 62
4
100
AcDbLine
 10
5.230563
 20
0.377309
 30
0.0
 11
5.230563
 21
0.393683
 31
0.0
  0
LINE
  5
618
330
1F
100
AcDbEntity
  8
1
  6
CONTINUOUS
370
50
 62
4
100
AcDbLine
 10
5.230563
 20
0.393683
 30
0.0
 11
5.230563
 21
0.410573
 31
0.0
  0
LINE
  5
619
330
1F
100
AcDbEntity
  8
1
  6
CONTINUOUS
370
50
 62
4
100
AcDbLine
 10
5.230563
 20
0.410573
 30
0.0
 11
5.230563
 21
0.427939
 31
0.0
  0
LINE
  5
61A
330
1F
100
AcDbEntity
  8
1
  6
CONTINUOUS
370
50
 62
4
100
AcDbLine
 10
5.230563
 20
0.427939
 30
0.0
 11
5.230563
 21
0.44574
 31
0.0
  0
LINE
  5
61B
330
1F
100
AcDbEntity
  8
1
  6
CONTINUOUS
370
50
 62
4
100
AcDbLine
 10
5.230563
 20
0.44574
 30
0.0
 11
5.230563
 21
0.463867
 31
0.0
  0
LINE
  5
61C
330
1F
100
AcDbEntity
  8
1
  6
CONTINUOUS
370
50
 62
4
100
AcDbLine
 10
5.230563
 20
0.463867
 30
0.0
 11
5.230563
 21
0.482245
 31
0.0
  0
LINE
  5
61D
330
1F
100
AcDbEntity
  8
1
  6
CONTINUOUS
370
50
 62
4
100
AcDbLine
 10
6.699999999999999
 20
-0.5
 30
0.0
 11
6.699999999999999
 21
0.5
 31
0.0
  0
LINE
  5
61E
330
1F
100
AcDbEntity
  8
1
  6
CONTINUOUS
370
50
 62
4
100
AcDbLine
 10
11.508073
 20
-0.243525
 30
0.0
 11
11.508074
 21
-0.215068
 31
0.0
  0
LINE
  5
61F
330
1F
100
AcDbEntity
  8
1
  6
CONTINUOUS
370
50
 62
4
100
AcDbLine
 10
11.518015
 20
0.395035
 30
0.0
 11
11.518015
 21
0.443183
 31
0.0
  0
ELLIPSE
  5
620
330
1F
100
AcDbEntity
  8
1
  6
CONTINUOUS
370
50
 62
4
100
AcDbEllipse
 10
10.476402
 20
0.0
 30
0.0
 11
-9.163344004915873
 21
0.2601828268686335
 31
0.0
210
0.0
220
0.0
230
0.9999999999999999
 40
0.0465956520611759
 41
4.599794153756891
 42
4.600391926667366
  0
ELLIPSE
  5
621
330
1F
100
AcDbEntity
  8
1
  6
CONTINUOUS
370
50
 62
4
100
AcDbEllipse
 10
11.7
 20
0.0
 30
0.0
 11
-0.7065649733522888
 21
0.4596160409653687
 31
0.0
210
0.0
220
0.0
230
1.0
 40
0.2786128115081514
 41
1.389990231660394
 42
1.479703606266835
  0
LINE
  5
622
330
1F
100
AcDbEntity
  8
CUT
  6
CONTINUOUS
370
25
 62
1
100
AcDbLine
 10
6.699999999999999
 20
0.0
 30
0.0
 11
11.7
 21
0.0
 31
0.0
  0
LINE
  5
623
330
1F
100
AcDbEntity
  8
CUT
  6
CONTINUOUS
370
25
 62
1
100
AcDbLine
 10
11.7
 20
0.0
 30
0.0
 11
11.51801488
 21
0.5
 31
0.0
  0
LINE
  5
624
330
1F
100
AcDbEntity
  8
CUT
  6
CONTINUOUS
370
25
 62
1
100
AcDbLine
 10
11.51801488
 20
0.5
 30
0.0
 11
6.699999999999999
 21
0.5
 31
0.0
  0
LINE
  5
625
330
1F
100
AcDbEntity
  8
CUT
  6
CONTINUOUS
370
25
 62
1
100
AcDbLine
 10
6.699999999999999
 20
0.5
 30
0.0
 11
6.699999999999999
 21
0.0
 31
0.0
  0
LINE
  5
626
330
1F
100
AcDbEntity
  8
NOCUT
  6
CONTINUOUS
370
25
 62
7
100
AcDbLine
 10
0.0
 20
0.0
 30
0.0
 11
6.699999999999999
 21
0.0
 31
0.0
  0
LINE
  5
627
330
1F
100
AcDbEntity
  8
NOCUT
  6
CONTINUOUS
370
25
 62
7
100
AcDbLine
 10
6.699999999999999
 20
0.0
 30
0.0
 11
6.699999999999999
 21
0.5
 31
0.0
  0
LINE
  5
628
330
1F
100
AcDbEntity
  8
NOCUT
  6
CONTINUOUS
370
25
 62
7
100
AcDbLine
 10
6.699999999999999
 20
0.5
 30
0.0
 11
3.699999999999999
 21
0.5
 31
0.0
  0
LINE
  5
629
330
1F
100
AcDbEntity
  8
NOCUT
  6
CONTINUOUS
370
25
 62
7
100
AcDbLine
 10
3.699999999999999
 20
0.5
 30
0.0
 11
0.0
 21
1.5
 31
0.0
  0
LINE
  5
62A
330
1F
100
AcDbEntity
  8
NOCUT
  6
CONTINUOUS
370
25
 62
7
100
AcDbLine
 10
0.0
 20
1.5
 30
0.0
 11
0.0
 21
0.0
 31
0.0
  0
LINE
  5
62B
330
1F
100
AcDbEntity
  8
SK1
  6
CONTINUOUS
370
50
 62
4
100
AcDbLine
 10
0.0
 20
1.5
 30
0.0
 11
-23.0
 21
1.5
 31
0.0
  0
LINE
  5
62C
330
1F
100
AcDbEntity
  8
SK1
  6
CONTINUOUS
370
50
 62
4
100
AcDbLine
 10
-23.0
 20
1.5
 30
0.0
 11
-23.3
 21
1.2
 31
0.0
  0
LINE
  5
62D
330
1F
100
AcDbEntity
  8
SK1
  6
CONTINUOUS
370
50
 62
4
100
AcDbLine
 10
-23.3
 20
1.2
 30
0.0
 11
-23.3
 21
-1.2
 31
0.0
  0
LINE
  5
62E
330
1F
100
AcDbEntity
  8
SK1
  6
CONTINUOUS
370
50
 62
4
100
AcDbLine
 10
-23.3
 20
-1.2
 30
0.0
 11
-23.0
 21
-1.5
 31
0.0
  0
LINE
  5
62F
330
1F
100
AcDbEntity
  8
SK1
  6
CONTINUOUS
370
50
 62
4
100
AcDbLine
 10
-23.0
 20
-1.5
 30
0.0
 11
0.0
 21
-1.5
 31
0.0
  0
LINE
  5
630
330
1F
100
AcDbEntity
  8
SK1
  6
CONTINUOUS
370
50
 62
4
100
AcDbLine
 10
-23.0
 20
1.5
 30
0.0
 11
-23.0
 21
-1.5
 31
0.0
  0
LINE
  5
631
330
1F
100
AcDbEntity
  8
SK2
  6
CONTINUOUS
370
25
 62
7
100
AcDbLine
 10
-35.3000002
 20
-1.500001
 30
0.0
 11
-36.30000000000008
 21
-1.500001
 31
0.0
  0
LINE
  5
632
330
1F
100
AcDbEntity
  8
SK2
  6
CONTINUOUS
370
25
 62
7
100
AcDbLine
 10
-23.3
 20
-1.500001
 30
0.0
 11
-35.2999998
 21
-1.500001
 31
0.0
  0
LINE
  5
633
330
1F
100
AcDbEntity
  8
SK2
  6
CONTINUOUS
370
25
 62
7
100
AcDbLine
 10
-36.3
 20
1.5
 30
0.0
 11
-23.3
 21
1.5
 31
0.0
  0
LINE
  5
634
330
1F
100
AcDbEntity
  8
SK2
  6
CONTINUOUS
370
25
 62
7
100
AcDbLine
 10
-35.3
 20
-8.5
 30
0.0
 11
-35.3
 21
14.975
 31
0.0
  0
LINE
  5
635
330
1F
100
AcDbEntity
  8
SK2
  6
CONTINUOUS
370
25
 62
7
100
AcDbLine
 10
-35.3
 20
-1.5
 30
0.0
 11
-34.3
 21
-6.5
 31
0.0
  0
LINE
  5
636
330
1F
100
AcDbEntity
  8
SK2
  6
CONTINUOUS
370
25
 62
7
100
AcDbLine
 10
-34.3
 20
-6.5
 30
0.0
 11
-36.3
 21
-6.5
 31
0.0
  0
LINE
  5
637
330
1F
100
AcDbEntity
  8
SK2
  6
CONTINUOUS
370
25
 62
7
100
AcDbLine
 10
-36.3
 20
-6.5
 30
0.0
 11
-35.3
 21
-1.5
 31
0.0
  0
LINE
  5
638
330
1F
100
AcDbEntity
  8
SK2
  6
CONTINUOUS
370
25
 62
7
100
AcDbLine
 10
-34.50142853498726
 20
-6.5
 30
0.0
 11
-34.33357142249788
 21
-6.332142887510614
 31
0.0
  0
LINE
  5
639
330
1F
100
AcDbEntity
  8
SK2
  6
CONTINUOUS
370
25
 62
7
100
AcDbLine
 10
-34.9256926036992
 20
-6.5
 30
0.0
 11
-34.40428210061653
 21
-5.978589496917337
 31
0.0
  0
LINE
  5
63A
330
1F
100
AcDbEntity
  8
SK2
  6
CONTINUOUS
370
25
 62
7
100
AcDbLine
 10
-35.34995667241112
 20
-6.5
 30
0.0
 11
-34.47499277873519
 21
-5.62503610632406
 31
0.0
  0
LINE
  5
63B
330
1F
100
AcDbEntity
  8
SK2
  6
CONTINUOUS
370
25
 62
7
100
AcDbLine
 10
-35.77422074112305
 20
-6.5
 30
0.0
 11
-34.54570345685384
 21
-5.271482715730798
 31
0.0
  0
LINE
  5
63C
330
1F
100
AcDbEntity
  8
SK2
  6
CONTINUOUS
370
25
 62
7
100
AcDbLine
 10
-36.19848480983499
 20
-6.5
 30
0.0
 11
-34.61641413497249
 21
-4.917929325137514
 31
0.0
  0
LINE
  5
63D
330
1F
100
AcDbEntity
  8
SK2
  6
CONTINUOUS
370
25
 62
7
100
AcDbLine
 10
-36.21931278036327
 20
-6.09656390181636
 30
0.0
 11
-34.68712481309115
 21
-4.564375934544245
 31
0.0
  0
LINE
  5
63E
330
1F
100
AcDbEntity
  8
SK2
  6
CONTINUOUS
370
25
 62
7
100
AcDbLine
 10
-36.11324676318528
 20
-5.566233815926438
 30
0.0
 11
-34.75783549120981
 21
-4.210822543950968
 31
0.0
  0
LINE
  5
63F
330
1F
100
AcDbEntity
  8
SK2
  6
CONTINUOUS
370
25
 62
7
100
AcDbLine
 10
-36.0071807460073
 20
-5.035903730036523
 30
0.0
 11
-34.82854616932846
 21
-3.857269153357691
 31
0.0
  0
LINE
  5
640
330
1F
100
AcDbEntity
  8
SK2
  6
CONTINUOUS
370
25
 62
7
100
AcDbLine
 10
-35.90111472882933
 20
-4.505573644146622
 30
0.0
 11
-34.89925684744712
 21
-3.503715762764415
 31
0.0
  0
LINE
  5
641
330
1F
100
AcDbEntity
  8
SK2
  6
CONTINUOUS
370
25
 62
7
100
AcDbLine
 10
-35.79504871165134
 20
-3.975243558256714
 30
0.0
 11
-34.96996752556577
 21
-3.150162372171145
 31
0.0
  0
LINE
  5
642
330
1F
100
AcDbEntity
  8
SK2
  6
CONTINUOUS
370
25
 62
7
100
AcDbLine
 10
-35.68898269447336
 20
-3.444913472366807
 30
0.0
 11
-35.04067820368442
 21
-2.796608981577869
 31
0.0
  0
LINE
  5
643
330
1F
100
AcDbEntity
  8
SK2
  6
CONTINUOUS
370
25
 62
7
100
AcDbLine
 10
-35.58291667729537
 20
-2.914583386476892
 30
0.0
 11
-35.11138888180308
 21
-2.443055590984599
 31
0.0
  0
LINE
  5
644
330
1F
100
AcDbEntity
  8
SK2
  6
CONTINUOUS
370
25
 62
7
100
AcDbLine
 10
-35.47685066011739
 20
-2.384253300586977
 30
0.0
 11
-35.18209955992174
 21
-2.089502200391323
 31
0.0
  0
LINE
  5
645
330
1F
100
AcDbEntity
  8
SK2
  6
CONTINUOUS
370
25
 62
7
100
AcDbLine
 10
-35.37078464293941
 20
-1.853923214697069
 30
0.0
 11
-35.25281023804039
 21
-1.735948809798046
 31
0.0
  0
LINE
  5
646
330
1F
100
AcDbEntity
  8
SK2
  6
CONTINUOUS
370
25
 62
7
100
AcDbLine
 10
-36.23827120765602
 20
-6.191356038280098
 30
0.0
 11
-35.92962724593612
 21
-6.5
 31
0.0
  0
LINE
  5
647
330
1F
100
AcDbEntity
  8
SK2
  6
CONTINUOUS
370
25
 62
7
100
AcDbLine
 10
-36.16756052953737
 20
-5.837802647686821
 30
0.0
 11
-35.50536317722419
 21
-6.5
 31
0.0
  0
LINE
  5
648
330
1F
100
AcDbEntity
  8
SK2
  6
CONTINUOUS
370
25
 62
7
100
AcDbLine
 10
-36.09684985141871
 20
-5.484249257093545
 30
0.0
 11
-35.08109910851226
 21
-6.5
 31
0.0
  0
LINE
  5
649
330
1F
100
AcDbEntity
  8
SK2
  6
CONTINUOUS
370
25
 62
7
100
AcDbLine
 10
-36.02613917330006
 20
-5.130695866500275
 30
0.0
 11
-34.65683503980033
 21
-6.5
 31
0.0
  0
LINE
  5
64A
330
1F
100
AcDbEntity
  8
SK2
  6
CONTINUOUS
370
25
 62
7
100
AcDbLine
 10
-35.9554284951814
 20
-4.777142475906999
 30
0.0
 11
-34.3168572572279
 21
-6.415713713860498
 31
0.0
  0
LINE
  5
64B
330
1F
100
AcDbEntity
  8
SK2
  6
CONTINUOUS
370
25
 62
7
100
AcDbLine
 10
-35.88471781706274
 20
-4.423589085313722
 30
0.0
 11
-34.42292327440588
 21
-5.885383627970583
 31
0.0
  0
LINE
  5
64C
330
1F
100
AcDbEntity
  8
SK2
  6
CONTINUOUS
370
25
 62
7
100
AcDbLine
 10
-35.81400713894409
 20
-4.070035694720453
 30
0.0
 11
-34.52898929158387
 21
-5.355053542080675
 31
0.0
  0
LINE
  5
64D
330
1F
100
AcDbEntity
  8
SK2
  6
CONTINUOUS
370
25
 62
7
100
AcDbLine
 10
-35.74329646082543
 20
-3.716482304127176
 30
0.0
 11
-34.63505530876185
 21
-4.82472345619076
 31
0.0
  0
LINE
  5
64E
330
1F
100
AcDbEntity
  8
SK2
  6
CONTINUOUS
370
25
 62
7
100
AcDbLine
 10
-35.67258578270678
 20
-3.362928913533892
 30
0.0
 11
-34.74112132593983
 21
-4.294393370300845
 31
0.0
  0
LINE
  5
64F
330
1F
100
AcDbEntity
  8
SK2
  6
CONTINUOUS
370
25
 62
7
100
AcDbLine
 10
-35.60187510458812
 20
-3.009375522940623
 30
0.0
 11
-34.84718734311781
 21
-3.764063284410938
 31
0.0
  0
LINE
  5
650
330
1F
100
AcDbEntity
  8
SK2
  6
CONTINUOUS
370
25
 62
7
100
AcDbLine
 10
-35.53116442646947
 20
-2.655822132347346
 30
0.0
 11
-34.9532533602958
 21
-3.233733198521023
 31
0.0
  0
LINE
  5
651
330
1F
100
AcDbEntity
  8
SK2
  6
CONTINUOUS
370
25
 62
7
100
AcDbLine
 10
-35.46045374835082
 20
-2.302268741754069
 30
0.0
 11
-35.05931937747378
 21
-2.703403112631108
 31
0.0
  0
LINE
  5
652
330
1F
100
AcDbEntity
  8
SK2
  6
CONTINUOUS
370
25
 62
7
100
AcDbLine
 10
-35.38974307023216
 20
-1.9487153511608
 30
0.0
 11
-35.16538539465176
 21
-2.1730730267412
 31
0.0
  0
LINE
  5
653
330
1F
100
AcDbEntity
  8
SK2
  6
CONTINUOUS
370
25
 62
7
100
AcDbLine
 10
-35.3190323921135
 20
-1.595161960567523
 30
0.0
 11
-35.27145141182974
 21
-1.642742940851278
 31
0.0
  0
LINE
  5
654
330
1F
100
AcDbEntity
  8
SK2
  6
CONTINUOUS
370
25
 62
7
100
AcDbLine
 10
-35.3
 20
1.5
 30
0.0
 11
-36.3
 21
6.5
 31
0.0
  0
LINE
  5
655
330
1F
100
AcDbEntity
  8
SK2
  6
CONTINUOUS
370
25
 62
7
100
AcDbLine
 10
-36.3
 20
6.5
 30
0.0
 11
-34.3
 21
6.5
 31
0.0
  0
LINE
  5
656
330
1F
100
AcDbEntity
  8
SK2
  6
CONTINUOUS
370
25
 62
7
100
AcDbLine
 10
-34.3
 20
6.5
 30
0.0
 11
-35.3
 21
1.5
 31
0.0
  0
LINE
  5
657
330
1F
100
AcDbEntity
  8
SK2
  6
CONTINUOUS
370
25
 62
7
100
AcDbLine
 10
-35.31849566298963
 20
1.592478314948139
 30
0.0
 11
-35.27225650551556
 21
1.638717472422201
 31
0.0
  0
LINE
  5
658
330
1F
100
AcDbEntity
  8
SK2
  6
CONTINUOUS
370
25
 62
7
100
AcDbLine
 10
-35.38920634110828
 20
1.946031705541408
 30
0.0
 11
-35.16619048833758
 21
2.169047558312101
 31
0.0
  0
LINE
  5
659
330
1F
100
AcDbEntity
  8
SK2
  6
CONTINUOUS
370
25
 62
7
100
AcDbLine
 10
-35.45991701922694
 20
2.299585096134685
 30
0.0
 11
-35.0601244711596
 21
2.699377644202023
 31
0.0
  0
LINE
  5
65A
330
1F
100
AcDbEntity
  8
SK2
  6
CONTINUOUS
370
25
 62
7
100
AcDbLine
 10
-35.53062769734559
 20
2.653138486727947
 30
0.0
 11
-34.95405845398162
 21
3.229707730091924
 31
0.0
  0
LINE
  5
65B
330
1F
100
AcDbEntity
  8
SK2
  6
CONTINUOUS
370
25
 62
7
100
AcDbLine
 10
-35.60133837546425
 20
3.006691877321231
 30
0.0
 11
-34.84799243680363
 21
3.760037815981853
 31
0.0
  0
LINE
  5
65C
330
1F
100
AcDbEntity
  8
SK2
  6
CONTINUOUS
370
25
 62
7
100
AcDbLine
 10
-35.6720490535829
 20
3.360245267914507
 30
0.0
 11
-34.74192641962565
 21
4.290367901871761
 31
0.0
  0
LINE
  5
65D
330
1F
100
AcDbEntity
  8
SK2
  6
CONTINUOUS
370
25
 62
7
100
AcDbLine
 10
-35.74275973170155
 20
3.713798658507784
 30
0.0
 11
-34.63586040244767
 21
4.820697987761662
 31
0.0
  0
LINE
  5
65E
330
1F
100
AcDbEntity
  8
SK2
  6
CONTINUOUS
370
25
 62
7
100
AcDbLine
 10
-35.81347040982021
 20
4.067352049101061
 30
0.0
 11
-34.52979438526969
 21
5.351028073651577
 31
0.0
  0
LINE
  5
65F
330
1F
100
AcDbEntity
  8
SK2
  6
CONTINUOUS
370
25
 62
7
100
AcDbLine
 10
-35.88418108793886
 20
4.42090543969433
 30
0.0
 11
-34.4237283680917
 21
5.881358159541485
 31
0.0
  0
LINE
  5
660
330
1F
100
AcDbEntity
  8
SK2
  6
CONTINUOUS
370
25
 62
7
100
AcDbLine
 10
-35.95489176605752
 20
4.774458830287607
 30
0.0
 11
-34.31766235091372
 21
6.411688245431399
 31
0.0
  0
LINE
  5
661
330
1F
100
AcDbEntity
  8
SK2
  6
CONTINUOUS
370
25
 62
7
100
AcDbLine
 10
-36.02560244417618
 20
5.128012220880869
 30
0.0
 11
-34.65361466505704
 21
6.5
 31
0.0
  0
LINE
  5
662
330
1F
100
AcDbEntity
  8
SK2
  6
CONTINUOUS
370
25
 62
7
100
AcDbLine
 10
-36.09631312229483
 20
5.481565611474153
 30
0.0
 11
-35.07787873376898
 21
6.5
 31
0.0
  0
LINE
  5
663
330
1F
100
AcDbEntity
  8
SK2
  6
CONTINUOUS
370
25
 62
7
100
AcDbLine
 10
-36.16702380041349
 20
5.835119002067422
 30
0.0
 11
-35.5021428024809
 21
6.5
 31
0.0
  0
LINE
  5
664
330
1F
100
AcDbEntity
  8
SK2
  6
CONTINUOUS
370
25
 62
7
100
AcDbLine
 10
-36.23773447853214
 20
6.188672392660699
 30
0.0
 11
-35.92640687119284
 21
6.5
 31
0.0
  0
LINE
  5
665
330
1F
100
AcDbEntity
  8
SK2
  6
CONTINUOUS
370
25
 62
7
100
AcDbLine
 10
-35.33947089649028
 20
1.697354482451388
 30
0.0
 11
-35.27368606900648
 21
1.631569654967585
 31
0.0
  0
LINE
  5
666
330
1F
100
AcDbEntity
  8
SK2
  6
CONTINUOUS
370
25
 62
7
100
AcDbLine
 10
-35.44553691366826
 20
2.227684568341289
 30
0.0
 11
-35.20297539088783
 21
1.985123045560861
 31
0.0
  0
LINE
  5
667
330
1F
100
AcDbEntity
  8
SK2
  6
CONTINUOUS
370
25
 62
7
100
AcDbLine
 10
-35.55160293084624
 20
2.758014654231204
 30
0.0
 11
-35.13226471276918
 21
2.338676436154138
 31
0.0
  0
LINE
  5
668
330
1F
100
AcDbEntity
  8
SK2
  6
CONTINUOUS
370
25
 62
7
100
AcDbLine
 10
-35.65766894802422
 20
3.288344740121111
 30
0.0
 11
-35.06155403465052
 21
2.692229826747408
 31
0.0
  0
LINE
  5
669
330
1F
100
AcDbEntity
  8
SK2
  6
CONTINUOUS
370
25
 62
7
100
AcDbLine
 10
-35.7637349652022
 20
3.818674826011026
 30
0.0
 11
-34.99084335653186
 21
3.045783217340684
 31
0.0
  0
LINE
  5
66A
330
1F
100
AcDbEntity
  8
SK2
  6
CONTINUOUS
370
25
 62
7
100
AcDbLine
 10
-35.86980098238019
 20
4.349004911900941
 30
0.0
 11
-34.9201326784132
 21
3.399336607933954
 31
0.0
  0
LINE
  5
66B
330
1F
100
AcDbEntity
  8
SK2
  6
CONTINUOUS
370
25
 62
7
100
AcDbLine
 10
-35.97586699955817
 20
4.879334997790856
 30
0.0
 11
-34.84942200029455
 21
3.752889998527237
 31
0.0
  0
LINE
  5
66C
330
1F
100
AcDbEntity
  8
SK2
  6
CONTINUOUS
370
25
 62
7
100
AcDbLine
 10
-36.08193301673615
 20
5.409665083680764
 30
0.0
 11
-34.7787113221759
 21
4.106443389120514
 31
0.0
  0
LINE
  5
66D
330
1F
100
AcDbEntity
  8
SK2
  6
CONTINUOUS
370
25
 62
7
100
AcDbLine
 10
-36.18799903391414
 20
5.939995169570686
 30
0.0
 11
-34.70800064405724
 21
4.459996779713791
 31
0.0
  0
LINE
  5
66E
330
1F
100
AcDbEntity
  8
SK2
  6
CONTINUOUS
370
25
 62
7
100
AcDbLine
 10
-36.29406505109211
 20
6.470325255460587
 30
0.0
 11
-34.63728996593859
 21
4.81355017030706
 31
0.0
  0
LINE
  5
66F
330
1F
100
AcDbEntity
  8
SK2
  6
CONTINUOUS
370
25
 62
7
100
AcDbLine
 10
-35.89947572691959
 20
6.5
 30
0.0
 11
-34.56657928781993
 21
5.167103560900337
 31
0.0
  0
LINE
  5
670
330
1F
100
AcDbEntity
  8
SK2
  6
CONTINUOUS
370
25
 62
7
100
AcDbLine
 10
-35.47521165820766
 20
6.5
 30
0.0
 11
-34.49586860970128
 21
5.520656951493606
 31
0.0
  0
LINE
  5
671
330
1F
100
AcDbEntity
  8
SK2
  6
CONTINUOUS
370
25
 62
7
100
AcDbLine
 10
-35.05094758949573
 20
6.5
 30
0.0
 11
-34.42515793158262
 21
5.874210342086883
 31
0.0
  0
LINE
  5
672
330
1F
100
AcDbEntity
  8
SK2
  6
CONTINUOUS
370
25
 62
7
100
AcDbLine
 10
-34.62668352078381
 20
6.5
 30
0.0
 11
-34.35444725346397
 21
6.22776373268016
 31
0.0
  0
TEXT
  5
673
330
1F
100
AcDbEntity
  8
SK2
  6
CONTINUOUS
370
25
 62
7
100
AcDbText
 10
-36.8
 20
11.84583333333333
 30
0.0
 40
3.5
  1
3
 50
90.00000000000001
 72
     1
 11
-36.8
 21
13.0125
 31
0.0
100
AcDbText
  0
CIRCLE
  5
674
330
1F
100
AcDbEntity
  8
SK2
  6
CONTINUOUS
370
25
 62
7
100
AcDbCircle
 10
-38.55
 20
9.6875
 30
0.0
 40
1.4
  0
LINE
  5
675
330
1F
100
AcDbEntity
  8
SK2
  6
CONTINUOUS
370
25
 62
7
100
AcDbLine
 10
-37.15
 20
8.287500000000001
 30
0.0
 11
-39.95
 21
11.0875
 31
0.0
  0
LINE
  5
676
330
1F
100
AcDbEntity
  8
SK2
  6
CONTINUOUS
370
25
 62
7
100
AcDbLine
 10
-23.3
 20
1.5
 30
0.0
 11
-23.3
 21
14.5
 31
0.0
  0
LINE
  5
677
330
1F
100
AcDbEntity
  8
SK2
  6
CONTINUOUS
370
25
 62
7
100
AcDbLine
 10
0.0000000000000001
 20
14.5
 30
0.0
 11
-0.0000000000000007
 21
1.5
 31
0.0
  0
LINE
  5
678
330
1F
100
AcDbEntity
  8
SK2
  6
CONTINUOUS
370
25
 62
7
100
AcDbLine
 10
-23.3
 20
13.5
 30
0.0
 11
0.0
 21
13.5
 31
0.0
  0
LINE
  5
679
330
1F
100
AcDbEntity
  8
SK2
  6
CONTINUOUS
370
25
 62
7
100
AcDbLine
 10
-23.3
 20
13.5
 30
0.0
 11
-18.3
 21
14.5
 31
0.0
  0
LINE
  5
67A
330
1F
100
AcDbEntity
  8
SK2
  6
CONTINUOUS
370
25
 62
7
100
AcDbLine
 10
-18.3
 20
14.5
 30
0.0
 11
-18.3
 21
12.5
 31
0.0
  0
LINE
  5
67B
330
1F
100
AcDbEntity
  8
SK2
  6
CONTINUOUS
370
25
 62
7
100
AcDbLine
 10
-18.3
 20
12.5
 30
0.0
 11
-23.3
 21
13.5
 31
0.0
  0
LINE
  5
67C
330
1F
100
AcDbEntity
  8
SK2
  6
CONTINUOUS
370
25
 62
7
100
AcDbLine
 10
-18.44273084664231
 20
12.52854616932846
 30
0.0
 11
-18.3
 21
12.67127701597077
 31
0.0
  0
LINE
  5
67D
330
1F
100
AcDbEntity
  8
SK2
  6
CONTINUOUS
370
25
 62
7
100
AcDbLine
 10
-18.79628423723558
 20
12.59925684744712
 30
0.0
 11
-18.3
 21
13.09554108468269
 31
0.0
  0
LINE
  5
67E
330
1F
100
AcDbEntity
  8
SK2
  6
CONTINUOUS
370
25
 62
7
100
AcDbLine
 10
-19.14983762782885
 20
12.66996752556577
 30
0.0
 11
-18.3
 21
13.51980515339462
 31
0.0
  0
LINE
  5
67F
330
1F
100
AcDbEntity
  8
SK2
  6
CONTINUOUS
370
25
 62
7
100
AcDbLine
 10
-19.50339101842212
 20
12.74067820368442
 30
0.0
 11
-18.3
 21
13.94406922210655
 31
0.0
  0
LINE
  5
680
330
1F
100
AcDbEntity
  8
SK2
  6
CONTINUOUS
370
25
 62
7
100
AcDbLine
 10
-19.8569444090154
 20
12.81138888180308
 30
0.0
 11
-18.3
 21
14.36833329081848
 31
0.0
  0
LINE
  5
681
330
1F
100
AcDbEntity
  8
SK2
  6
CONTINUOUS
370
25
 62
7
100
AcDbLine
 10
-20.21049779960867
 20
12.88209955992173
 30
0.0
 11
-18.665746699413
 21
14.4268506601174
 31
0.0
  0
LINE
  5
682
330
1F
100
AcDbEntity
  8
SK2
  6
CONTINUOUS
370
25
 62
7
100
AcDbLine
 10
-20.56405119020195
 20
12.95281023804039
 30
0.0
 11
-19.19607678530292
 21
14.32078464293942
 31
0.0
  0
LINE
  5
683
330
1F
100
AcDbEntity
  8
SK2
  6
CONTINUOUS
370
25
 62
7
100
AcDbLine
 10
-20.91760458079521
 20
13.02352091615904
 30
0.0
 11
-19.72640687119282
 21
14.21471862576144
 31
0.0
  0
LINE
  5
684
330
1F
100
AcDbEntity
  8
SK2
  6
CONTINUOUS
370
25
 62
7
100
AcDbLine
 10
-21.27115797138849
 20
13.0942315942777
 30
0.0
 11
-20.25673695708274
 21
14.10865260858345
 31
0.0
  0
LINE
  5
685
330
1F
100
AcDbEntity
  8
SK2
  6
CONTINUOUS
370
25
 62
7
100
AcDbLine
 10
-21.62471136198176
 20
13.16494227239635
 30
0.0
 11
-20.78706704297264
 21
14.00258659140547
 31
0.0
  0
LINE
  5
686
330
1F
100
AcDbEntity
  8
SK2
  6
CONTINUOUS
370
25
 62
7
100
AcDbLine
 10
-21.97826475257504
 20
13.23565295051501
 30
0.0
 11
-21.31739712886256
 21
13.89652057422749
 31
0.0
  0
LINE
  5
687
330
1F
100
AcDbEntity
  8
SK2
  6
CONTINUOUS
370
25
 62
7
100
AcDbLine
 10
-22.33181814316831
 20
13.30636362863366
 30
0.0
 11
-21.84772721475246
 21
13.79045455704951
 31
0.0
  0
LINE
  5
688
330
1F
100
AcDbEntity
  8
SK2
  6
CONTINUOUS
370
25
 62
7
100
AcDbLine
 10
-22.68537153376159
 20
13.37707430675232
 30
0.0
 11
-22.37805730064238
 21
13.68438853987153
 31
0.0
  0
LINE
  5
689
330
1F
100
AcDbEntity
  8
SK2
  6
CONTINUOUS
370
25
 62
7
100
AcDbLine
 10
-23.03892492435485
 20
13.44778498487097
 30
0.0
 11
-22.90838738653228
 21
13.57832252269355
 31
0.0
  0
LINE
  5
68A
330
1F
100
AcDbEntity
  8
SK2
  6
CONTINUOUS
370
25
 62
7
100
AcDbLine
 10
-22.96742021825569
 20
13.56651595634886
 30
0.0
 11
-22.80113032738353
 21
13.40022606547671
 31
0.0
  0
LINE
  5
68B
330
1F
100
AcDbEntity
  8
SK2
  6
CONTINUOUS
370
25
 62
7
100
AcDbLine
 10
-22.61386682766241
 20
13.63722663446752
 30
0.0
 11
-22.27080024149362
 21
13.29416004829872
 31
0.0
  0
LINE
  5
68C
330
1F
100
AcDbEntity
  8
SK2
  6
CONTINUOUS
370
25
 62
7
100
AcDbLine
 10
-22.26031343706914
 20
13.70793731258617
 30
0.0
 11
-21.74047015560371
 21
13.18809403112074
 31
0.0
  0
LINE
  5
68D
330
1F
100
AcDbEntity
  8
SK2
  6
CONTINUOUS
370
25
 62
7
100
AcDbLine
 10
-21.90676004647587
 20
13.77864799070483
 30
0.0
 11
-21.2101400697138
 21
13.08202801394276
 31
0.0
  0
LINE
  5
68E
330
1F
100
AcDbEntity
  8
SK2
  6
CONTINUOUS
370
25
 62
7
100
AcDbLine
 10
-21.55320665588259
 20
13.84935866882348
 30
0.0
 11
-20.67980998382389
 21
12.97596199676478
 31
0.0
  0
LINE
  5
68F
330
1F
100
AcDbEntity
  8
SK2
  6
CONTINUOUS
370
25
 62
7
100
AcDbLine
 10
-21.19965326528932
 20
13.92006934694213
 30
0.0
 11
-20.14947989793398
 21
12.8698959795868
 31
0.0
  0
LINE
  5
690
330
1F
100
AcDbEntity
  8
SK2
  6
CONTINUOUS
370
25
 62
7
100
AcDbLine
 10
-20.84609987469604
 20
13.99078002506079
 30
0.0
 11
-19.61914981204407
 21
12.76382996240881
 31
0.0
  0
LINE
  5
691
330
1F
100
AcDbEntity
  8
SK2
  6
CONTINUOUS
370
25
 62
7
100
AcDbLine
 10
-20.49254648410277
 20
14.06149070317944
 30
0.0
 11
-19.08881972615416
 21
12.65776394523083
 31
0.0
  0
LINE
  5
692
330
1F
100
AcDbEntity
  8
SK2
  6
CONTINUOUS
370
25
 62
7
100
AcDbLine
 10
-20.1389930935095
 20
14.1322013812981
 30
0.0
 11
-18.55848964026424
 21
12.55169792805285
 31
0.0
  0
LINE
  5
693
330
1F
100
AcDbEntity
  8
SK2
  6
CONTINUOUS
370
25
 62
7
100
AcDbLine
 10
-19.78543970291623
 20
14.20291205941675
 30
0.0
 11
-18.3
 21
12.71747235650053
 31
0.0
  0
LINE
  5
694
330
1F
100
AcDbEntity
  8
SK2
  6
CONTINUOUS
370
25
 62
7
100
AcDbLine
 10
-19.43188631232295
 20
14.2736227375354
 30
0.0
 11
-18.3
 21
13.14173642521246
 31
0.0
  0
LINE
  5
695
330
1F
100
AcDbEntity
  8
SK2
  6
CONTINUOUS
370
25
 62
7
100
AcDbLine
 10
-19.07833292172968
 20
14.34433341565406
 30
0.0
 11
-18.3
 21
13.56600049392438
 31
0.0
  0
LINE
  5
696
330
1F
100
AcDbEntity
  8
SK2
  6
CONTINUOUS
370
25
 62
7
100
AcDbLine
 10
-18.72477953113641
 20
14.41504409377272
 30
0.0
 11
-18.3
 21
13.99026456263631
 31
0.0
  0
LINE
  5
697
330
1F
100
AcDbEntity
  8
SK2
  6
CONTINUOUS
370
25
 62
7
100
AcDbLine
 10
-18.37122614054313
 20
14.48575477189137
 30
0.0
 11
-18.3
 21
14.41452863134824
 31
0.0
  0
LINE
  5
698
330
1F
100
AcDbEntity
  8
SK2
  6
CONTINUOUS
370
25
 62
7
100
AcDbLine
 10
0.0
 20
13.5
 30
0.0
 11
-5.0
 21
12.5
 31
0.0
  0
LINE
  5
699
330
1F
100
AcDbEntity
  8
SK2
  6
CONTINUOUS
370
25
 62
7
100
AcDbLine
 10
-5.0
 20
12.5
 30
0.0
 11
-5.0
 21
14.5
 31
0.0
  0
LINE
  5
69A
330
1F
100
AcDbEntity
  8
SK2
  6
CONTINUOUS
370
25
 62
7
100
AcDbLine
 10
-5.0
 20
14.5
 30
0.0
 11
0.0
 21
13.5
 31
0.0
  0
LINE
  5
69B
330
1F
100
AcDbEntity
  8
SK2
  6
CONTINUOUS
370
25
 62
7
100
AcDbLine
 10
-0.0955627484771404
 20
13.48088745030457
 30
0.0
 11
-0.0637084989847603
 21
13.51274169979695
 31
0.0
  0
LINE
  5
69C
330
1F
100
AcDbEntity
  8
SK2
  6
CONTINUOUS
370
25
 62
7
100
AcDbLine
 10
-0.62589283436705
 20
13.37482143312659
 30
0.0
 11
-0.4172618895780333
 21
13.58345237791561
 31
0.0
  0
LINE
  5
69D
330
1F
100
AcDbEntity
  8
SK2
  6
CONTINUOUS
370
25
 62
7
100
AcDbLine
 10
-1.15622292025696
 20
13.26875541594861
 30
0.0
 11
-0.7708152801713064
 21
13.65416305603426
 31
0.0
  0
LINE
  5
69E
330
1F
100
AcDbEntity
  8
SK2
  6
CONTINUOUS
370
25
 62
7
100
AcDbLine
 10
-1.686553006146871
 20
13.16268939877063
 30
0.0
 11
-1.124368670764581
 21
13.72487373415292
 31
0.0
  0
LINE
  5
69F
330
1F
100
AcDbEntity
  8
SK2
  6
CONTINUOUS
370
25
 62
7
100
AcDbLine
 10
-2.21688309203678
 20
13.05662338159264
 30
0.0
 11
-1.477922061357854
 21
13.79558441227157
 31
0.0
  0
LINE
  5
6A0
330
1F
100
AcDbEntity
  8
SK2
  6
CONTINUOUS
370
25
 62
7
100
AcDbLine
 10
-2.74721317792669
 20
12.95055736441466
 30
0.0
 11
-1.831475451951127
 21
13.86629509039023
 31
0.0
  0
LINE
  5
6A1
330
1F
100
AcDbEntity
  8
SK2
  6
CONTINUOUS
370
25
 62
7
100
AcDbLine
 10
-3.277543263816598
 20
12.84449134723668
 30
0.0
 11
-2.1850288425444
 21
13.93700576850888
 31
0.0
  0
LINE
  5
6A2
330
1F
100
AcDbEntity
  8
SK2
  6
CONTINUOUS
370
25
 62
7
100
AcDbLine
 10
-3.807873349706508
 20
12.7384253300587
 30
0.0
 11
-2.538582233137672
 21
14.00771644662753
 31
0.0
  0
LINE
  5
6A3
330
1F
100
AcDbEntity
  8
SK2
  6
CONTINUOUS
370
25
 62
7
100
AcDbLine
 10
-4.338203435596417
 20
12.63235931288072
 30
0.0
 11
-2.892135623730945
 21
14.07842712474619
 31
0.0
  0
LINE
  5
6A4
330
1F
100
AcDbEntity
  8
SK2
  6
CONTINUOUS
370
25
 62
7
100
AcDbLine
 10
-4.868533521486326
 20
12.52629329570274
 30
0.0
 11
-3.245689014324218
 21
14.14913780286484
 31
0.0
  0
LINE
  5
6A5
330
1F
100
AcDbEntity
  8
SK2
  6
CONTINUOUS
370
25
 62
7
100
AcDbLine
 10
-5.0
 20
12.81909088590099
 30
0.0
 11
-3.599242404917491
 21
14.2198484809835
 31
0.0
  0
LINE
  5
6A6
330
1F
100
AcDbEntity
  8
SK2
  6
CONTINUOUS
370
25
 62
7
100
AcDbLine
 10
-5.0
 20
13.24335495461292
 30
0.0
 11
-3.952795795510766
 21
14.29055915910215
 31
0.0
  0
LINE
  5
6A7
330
1F
100
AcDbEntity
  8
SK2
  6
CONTINUOUS
370
25
 62
7
100
AcDbLine
 10
-5.0
 20
13.66761902332485
 30
0.0
 11
-4.306349186104039
 21
14.36126983722081
 31
0.0
  0
LINE
  5
6A8
330
1F
100
AcDbEntity
  8
SK2
  6
CONTINUOUS
370
25
 62
7
100
AcDbLine
 10
-5.0
 20
14.09188309203677
 30
0.0
 11
-4.659902576697312
 21
14.43198051533946
 31
0.0
  0
LINE
  5
6A9
330
1F
100
AcDbEntity
  8
SK2
  6
CONTINUOUS
370
25
 62
7
100
AcDbLine
 10
-5.0
 20
12.63675323681471
 30
0.0
 11
-4.886038969321073
 21
12.52279220613579
 31
0.0
  0
LINE
  5
6AA
330
1F
100
AcDbEntity
  8
SK2
  6
CONTINUOUS
370
25
 62
7
100
AcDbLine
 10
-5.0
 20
13.06101730552664
 30
0.0
 11
-4.532485578727797
 21
12.59350288425444
 31
0.0
  0
LINE
  5
6AB
330
1F
100
AcDbEntity
  8
SK2
  6
CONTINUOUS
370
25
 62
7
100
AcDbLine
 10
-5.0
 20
13.48528137423857
 30
0.0
 11
-4.178932188134525
 21
12.6642135623731
 31
0.0
  0
LINE
  5
6AC
330
1F
100
AcDbEntity
  8
SK2
  6
CONTINUOUS
370
25
 62
7
100
AcDbLine
 10
-5.0
 20
13.9095454429505
 30
0.0
 11
-3.825378797541251
 21
12.73492424049175
 31
0.0
  0
LINE
  5
6AD
330
1F
100
AcDbEntity
  8
SK2
  6
CONTINUOUS
370
25
 62
7
100
AcDbLine
 10
-5.0
 20
14.33380951166242
 30
0.0
 11
-3.471825406947977
 21
12.80563491861041
 31
0.0
  0
LINE
  5
6AE
330
1F
100
AcDbEntity
  8
SK2
  6
CONTINUOUS
370
25
 62
7
100
AcDbLine
 10
-4.677408024532058
 20
14.43548160490641
 30
0.0
 11
-3.118272016354704
 21
12.87634559672906
 31
0.0
  0
LINE
  5
6AF
330
1F
100
AcDbEntity
  8
SK2
  6
CONTINUOUS
370
25
 62
7
100
AcDbLine
 10
-4.147077938642147
 20
14.32941558772843
 30
0.0
 11
-2.76471862576143
 21
12.94705627484771
 31
0.0
  0
LINE
  5
6B0
330
1F
100
AcDbEntity
  8
SK2
  6
CONTINUOUS
370
25
 62
7
100
AcDbLine
 10
-3.616747852752237
 20
14.22334957055045
 30
0.0
 11
-2.411165235168157
 21
13.01776695296637
 31
0.0
  0
LINE
  5
6B1
330
1F
100
AcDbEntity
  8
SK2
  6
CONTINUOUS
370
25
 62
7
100
AcDbLine
 10
-3.086417766862328
 20
14.11728355337247
 30
0.0
 11
-2.057611844574884
 21
13.08847763108502
 31
0.0
  0
LINE
  5
6B2
330
1F
100
AcDbEntity
  8
SK2
  6
CONTINUOUS
370
25
 62
7
100
AcDbLine
 10
-2.556087680972416
 20
14.01121753619448
 30
0.0
 11
-1.704058453981609
 21
13.15918830920368
 31
0.0
  0
LINE
  5
6B3
330
1F
100
AcDbEntity
  8
SK2
  6
CONTINUOUS
370
25
 62
7
100
AcDbLine
 10
-2.025757595082507
 20
13.9051515190165
 30
0.0
 11
-1.350505063388337
 21
13.22989898732233
 31
0.0
  0
LINE
  5
6B4
330
1F
100
AcDbEntity
  8
SK2
  6
CONTINUOUS
370
25
 62
7
100
AcDbLine
 10
-1.495427509192596
 20
13.79908550183852
 30
0.0
 11
-0.9969516727950634
 21
13.30060966544099
 31
0.0
  0
LINE
  5
6B5
330
1F
100
AcDbEntity
  8
SK2
  6
CONTINUOUS
370
25
 62
7
100
AcDbLine
 10
-0.9650974233026837
 20
13.69301948466054
 30
0.0
 11
-0.6433982822017884
 21
13.37132034355964
 31
0.0
  0
LINE
  5
6B6
330
1F
100
AcDbEntity
  8
SK2
  6
CONTINUOUS
370
25
 62
7
100
AcDbLine
 10
-0.4347673374127748
 20
13.58695346748256
 30
0.0
 11
-0.2898448916085162
 21
13.4420310216783
 31
0.0
  0
TEXT
  5
6B7
330
1F
100
AcDbEntity
  8
SK2
  6
CONTINUOUS
370
25
 62
7
100
AcDbText
 10
-16.9
 20
15.0
 30
0.0
 40
3.5
  1
23.3
 72
     1
 11
-11.65
 21
15.0
 31
0.0
100
AcDbText
  0
LINE
  5
6B8
330
1F
100
AcDbEntity
  8
2
  6
CONTINUOUS
370
25
 62
7
100
AcDbLine
 10
11.51801488
 20
-0.5
 30
0.0
 11
44.7
 21
-0.5000000000000041
 31
0.0
  0
LINE
  5
6B9
330
1F
100
AcDbEntity
  8
2
  6
CONTINUOUS
370
25
 62
7
100
AcDbLine
 10
44.7
 20
0.4999999999999959
 30
0.0
 11
11.51801488
 21
0.4999999999999999
 31
0.0
  0
LINE
  5
6BA
330
1F
100
AcDbEntity
  8
2
  6
CONTINUOUS
370
25
 62
7
100
AcDbLine
 10
43.7
 20
-7.500000000000004
 30
0.0
 11
43.7
 21
13.975
 31
0.0
  0
LINE
  5
6BB
330
1F
100
AcDbEntity
  8
2
  6
CONTINUOUS
370
25
 62
7
100
AcDbLine
 10
43.7
 20
-0.500000000000004
 30
0.0
 11
44.7
 21
-5.500000000000004
 31
0.0
  0
LINE
  5
6BC
330
1F
100
AcDbEntity
  8
2
  6
CONTINUOUS
370
25
 62
7
100
AcDbLine
 10
44.7
 20
-5.500000000000004
 30
0.0
 11
42.7
 21
-5.500000000000004
 31
0.0
  0
LINE
  5
6BD
330
1F
100
AcDbEntity
  8
2
  6
CONTINUOUS
370
25
 62
7
100
AcDbLine
 10
42.7
 20
-5.500000000000004
 30
0.0
 11
43.7
 21
-0.500000000000004
 31
0.0
  0
LINE
  5
6BE
330
1F
100
AcDbEntity
  8
2
  6
CONTINUOUS
370
25
 62
7
100
AcDbLine
 10
44.51713807783339
 20
-5.5
 30
0.0
 11
44.66952301297223
 21
-5.347615064861152
 31
0.0
  0
LINE
  5
6BF
330
1F
100
AcDbEntity
  8
2
  6
CONTINUOUS
370
25
 62
7
100
AcDbLine
 10
44.09287400912145
 20
-5.5
 30
0.0
 11
44.59881233485358
 21
-4.994061674267869
 31
0.0
  0
LINE
  5
6C0
330
1F
100
AcDbEntity
  8
2
  6
CONTINUOUS
370
25
 62
7
100
AcDbLine
 10
43.66860994040952
 20
-5.500000000000007
 30
0.0
 11
44.52810165673493
 21
-4.640508283674599
 31
0.0
  0
LINE
  5
6C1
330
1F
100
AcDbEntity
  8
2
  6
CONTINUOUS
370
25
 62
7
100
AcDbLine
 10
43.2443458716976
 20
-5.5
 30
0.0
 11
44.45739097861627
 21
-4.286954893081322
 31
0.0
  0
LINE
  5
6C2
330
1F
100
AcDbEntity
  8
2
  6
CONTINUOUS
370
25
 62
7
100
AcDbLine
 10
42.82008180298565
 20
-5.500000000000007
 30
0.0
 11
44.38668030049761
 21
-3.933401502488046
 31
0.0
  0
LINE
  5
6C3
330
1F
100
AcDbEntity
  8
2
  6
CONTINUOUS
370
25
 62
7
100
AcDbLine
 10
42.77604556643157
 20
-5.119772167842164
 30
0.0
 11
44.31596962237895
 21
-3.579848111894783
 31
0.0
  0
LINE
  5
6C4
330
1F
100
AcDbEntity
  8
2
  6
CONTINUOUS
370
25
 62
7
100
AcDbLine
 10
42.88211158360955
 20
-4.589442081952249
 30
0.0
 11
44.2452589442603
 21
-3.2262947213015
 31
0.0
  0
LINE
  5
6C5
330
1F
100
AcDbEntity
  8
2
  6
CONTINUOUS
370
25
 62
7
100
AcDbLine
 10
42.98817760078753
 20
-4.059111996062335
 30
0.0
 11
44.17454826614164
 21
-2.872741330708223
 31
0.0
  0
LINE
  5
6C6
330
1F
100
AcDbEntity
  8
2
  6
CONTINUOUS
370
25
 62
7
100
AcDbLine
 10
43.09424361796552
 20
-3.52878191017242
 30
0.0
 11
44.10383758802299
 21
-2.519187940114946
 31
0.0
  0
LINE
  5
6C7
330
1F
100
AcDbEntity
  8
2
  6
CONTINUOUS
370
25
 62
7
100
AcDbLine
 10
43.2003096351435
 20
-2.998451824282512
 30
0.0
 11
44.03312690990433
 21
-2.165634549521684
 31
0.0
  0
LINE
  5
6C8
330
1F
100
AcDbEntity
  8
2
  6
CONTINUOUS
370
25
 62
7
100
AcDbLine
 10
43.30637565232148
 20
-2.46812173839259
 30
0.0
 11
43.96241623178567
 21
-1.8120811589284
 31
0.0
  0
LINE
  5
6C9
330
1F
100
AcDbEntity
  8
2
  6
CONTINUOUS
370
25
 62
7
100
AcDbLine
 10
43.41244166949947
 20
-1.937791652502675
 30
0.0
 11
43.89170555366702
 21
-1.458527768335117
 31
0.0
  0
LINE
  5
6CA
330
1F
100
AcDbEntity
  8
2
  6
CONTINUOUS
370
25
 62
7
100
AcDbLine
 10
43.51850768667745
 20
-1.407461566612767
 30
0.0
 11
43.82099487554837
 21
-1.104974377741847
 31
0.0
  0
LINE
  5
6CB
330
1F
100
AcDbEntity
  8
2
  6
CONTINUOUS
370
25
 62
7
100
AcDbLine
 10
43.62457370385543
 20
-0.8771314807228592
 30
0.0
 11
43.75028419742971
 21
-0.7514209871485704
 31
0.0
  0
LINE
  5
6CC
330
1F
100
AcDbEntity
  8
2
  6
CONTINUOUS
370
25
 62
7
100
AcDbLine
 10
42.72253967444161
 20
-5.387301627791921
 30
0.0
 11
42.8352380466497
 21
-5.500000000000007
 31
0.0
  0
LINE
  5
6CD
330
1F
100
AcDbEntity
  8
2
  6
CONTINUOUS
370
25
 62
7
100
AcDbLine
 10
42.79325035256026
 20
-5.033748237198637
 30
0.0
 11
43.25950211536163
 21
-5.5
 31
0.0
  0
LINE
  5
6CE
330
1F
100
AcDbEntity
  8
2
  6
CONTINUOUS
370
25
 62
7
100
AcDbLine
 10
42.86396103067893
 20
-4.680194846605367
 30
0.0
 11
43.68376618407356
 21
-5.5
 31
0.0
  0
LINE
  5
6CF
330
1F
100
AcDbEntity
  8
2
  6
CONTINUOUS
370
25
 62
7
100
AcDbLine
 10
42.93467170879758
 20
-4.326641456012091
 30
0.0
 11
44.1080302527855
 21
-5.500000000000007
 31
0.0
  0
LINE
  5
6D0
330
1F
100
AcDbEntity
  8
2
  6
CONTINUOUS
370
25
 62
7
100
AcDbLine
 10
43.00538238691624
 20
-3.973088065418814
 30
0.0
 11
44.53229432149742
 21
-5.5
 31
0.0
  0
LINE
  5
6D1
330
1F
100
AcDbEntity
  8
2
  6
CONTINUOUS
370
25
 62
7
100
AcDbLine
 10
43.07609306503489
 20
-3.619534674825537
 30
0.0
 11
44.63586040244766
 21
-5.17930201223831
 31
0.0
  0
LINE
  5
6D2
330
1F
100
AcDbEntity
  8
2
  6
CONTINUOUS
370
25
 62
7
100
AcDbLine
 10
43.14680374315355
 20
-3.265981284232268
 30
0.0
 11
44.52979438526968
 21
-4.648971926348395
 31
0.0
  0
LINE
  5
6D3
330
1F
100
AcDbEntity
  8
2
  6
CONTINUOUS
370
25
 62
7
100
AcDbLine
 10
43.21751442127221
 20
-2.912427893638991
 30
0.0
 11
44.42372836809169
 21
-4.11864184045848
 31
0.0
  0
LINE
  5
6D4
330
1F
100
AcDbEntity
  8
2
  6
CONTINUOUS
370
25
 62
7
100
AcDbLine
 10
43.28822509939086
 20
-2.558874503045708
 30
0.0
 11
44.31766235091371
 21
-3.588311754568565
 31
0.0
  0
LINE
  5
6D5
330
1F
100
AcDbEntity
  8
2
  6
CONTINUOUS
370
25
 62
7
100
AcDbLine
 10
43.35893577750952
 20
-2.205321112452431
 30
0.0
 11
44.21159633373573
 21
-3.05798166867865
 31
0.0
  0
LINE
  5
6D6
330
1F
100
AcDbEntity
  8
2
  6
CONTINUOUS
370
25
 62
7
100
AcDbLine
 10
43.42964645562817
 20
-1.851767721859161
 30
0.0
 11
44.10553031655775
 21
-2.527651582788749
 31
0.0
  0
LINE
  5
6D7
330
1F
100
AcDbEntity
  8
2
  6
CONTINUOUS
370
25
 62
7
100
AcDbLine
 10
43.50035713374682
 20
-1.498214331265878
 30
0.0
 11
43.99946429937977
 21
-1.997321496898827
 31
0.0
  0
LINE
  5
6D8
330
1F
100
AcDbEntity
  8
2
  6
CONTINUOUS
370
25
 62
7
100
AcDbLine
 10
43.57106781186548
 20
-1.144660940672615
 30
0.0
 11
43.89339828220179
 21
-1.466991411008919
 31
0.0
  0
LINE
  5
6D9
330
1F
100
AcDbEntity
  8
2
  6
CONTINUOUS
370
25
 62
7
100
AcDbLine
 10
43.64177848998413
 20
-0.7911075500793245
 30
0.0
 11
43.7873322650238
 21
-0.9366613251189904
 31
0.0
  0
LINE
  5
6DA
330
1F
100
AcDbEntity
  8
2
  6
CONTINUOUS
370
25
 62
7
100
AcDbLine
 10
43.7
 20
0.499999999999996
 30
0.0
 11
42.7
 21
5.499999999999996
 31
0.0
  0
LINE
  5
6DB
330
1F
100
AcDbEntity
  8
2
  6
CONTINUOUS
370
25
 62
7
100
AcDbLine
 10
42.7
 20
5.499999999999996
 30
0.0
 11
44.7
 21
5.499999999999996
 31
0.0
  0
LINE
  5
6DC
330
1F
100
AcDbEntity
  8
2
  6
CONTINUOUS
370
25
 62
7
100
AcDbLine
 10
44.7
 20
5.499999999999996
 30
0.0
 11
43.7
 21
0.499999999999996
 31
0.0
  0
LINE
  5
6DD
330
1F
100
AcDbEntity
  8
2
  6
CONTINUOUS
370
25
 62
7
100
AcDbLine
 10
43.68471781706275
 20
0.5764109146862353
 30
0.0
 11
43.72292327440587
 21
0.6146163720293529
 31
0.0
  0
LINE
  5
6DE
330
1F
100
AcDbEntity
  8
2
  6
CONTINUOUS
370
25
 62
7
100
AcDbLine
 10
43.6140071389441
 20
0.9299643052795048
 30
0.0
 11
43.82898929158385
 21
1.144946457919261
 31
0.0
  0
LINE
  5
6DF
330
1F
100
AcDbEntity
  8
2
  6
CONTINUOUS
370
25
 62
7
100
AcDbLine
 10
43.54329646082545
 20
1.283517695872789
 30
0.0
 11
43.93505530876184
 21
1.675276543809183
 31
0.0
  0
LINE
  5
6E0
330
1F
100
AcDbEntity
  8
2
  6
CONTINUOUS
370
25
 62
7
100
AcDbLine
 10
43.47258578270678
 20
1.637071086466051
 30
0.0
 11
44.04112132593982
 21
2.205606629699091
 31
0.0
  0
LINE
  5
6E1
330
1F
100
AcDbEntity
  8
2
  6
CONTINUOUS
370
25
 62
7
100
AcDbLine
 10
43.40187510458813
 20
1.990624477059335
 30
0.0
 11
44.14718734311781
 21
2.735936715589013
 31
0.0
  0
LINE
  5
6E2
330
1F
100
AcDbEntity
  8
2
  6
CONTINUOUS
370
25
 62
7
100
AcDbLine
 10
43.33116442646948
 20
2.344177867652618
 30
0.0
 11
44.25325336029579
 21
3.266266801478928
 31
0.0
  0
LINE
  5
6E3
330
1F
100
AcDbEntity
  8
2
  6
CONTINUOUS
370
25
 62
7
100
AcDbLine
 10
43.26045374835082
 20
2.697731258245888
 30
0.0
 11
44.35931937747377
 21
3.796596887368835
 31
0.0
  0
LINE
  5
6E4
330
1F
100
AcDbEntity
  8
2
  6
CONTINUOUS
370
25
 62
7
100
AcDbLine
 10
43.18974307023217
 20
3.051284648839172
 30
0.0
 11
44.46538539465175
 21
4.32692697325875
 31
0.0
  0
LINE
  5
6E5
330
1F
100
AcDbEntity
  8
2
  6
CONTINUOUS
370
25
 62
7
100
AcDbLine
 10
43.11903239211351
 20
3.404838039432441
 30
0.0
 11
44.57145141182973
 21
4.857257059148665
 31
0.0
  0
LINE
  5
6E6
330
1F
100
AcDbEntity
  8
2
  6
CONTINUOUS
370
25
 62
7
100
AcDbLine
 10
43.04832171399486
 20
3.758391430025725
 30
0.0
 11
44.67751742900771
 21
5.38758714503858
 31
0.0
  0
LINE
  5
6E7
330
1F
100
AcDbEntity
  8
2
  6
CONTINUOUS
370
25
 62
7
100
AcDbLine
 10
42.97761103587621
 20
4.111944820618994
 30
0.0
 11
44.36566621525721
 21
5.5
 31
0.0
  0
LINE
  5
6E8
330
1F
100
AcDbEntity
  8
2
  6
CONTINUOUS
370
25
 62
7
100
AcDbLine
 10
42.90690035775754
 20
4.465498211212264
 30
0.0
 11
43.94140214654528
 21
5.5
 31
0.0
  0
LINE
  5
6E9
330
1F
100
AcDbEntity
  8
2
  6
CONTINUOUS
370
25
 62
7
100
AcDbLine
 10
42.83618967963889
 20
4.819051601805548
 30
0.0
 11
43.51713807783334
 21
5.5
 31
0.0
  0
LINE
  5
6EA
330
1F
100
AcDbEntity
  8
2
  6
CONTINUOUS
370
25
 62
7
100
AcDbLine
 10
42.76547900152023
 20
5.172604992398817
 30
0.0
 11
43.09287400912141
 21
5.499999999999993
 31
0.0
  0
LINE
  5
6EB
330
1F
100
AcDbEntity
  8
2
  6
CONTINUOUS
370
25
 62
7
100
AcDbLine
 10
43.61306819631187
 20
0.9346590184406267
 30
0.0
 11
43.75795453579208
 21
0.7897726789604178
 31
0.0
  0
LINE
  5
6EC
330
1F
100
AcDbEntity
  8
2
  6
CONTINUOUS
370
25
 62
7
100
AcDbLine
 10
43.50700217913389
 20
1.464989104330535
 30
0.0
 11
43.82866521391074
 21
1.143326069553687
 31
0.0
  0
LINE
  5
6ED
330
1F
100
AcDbEntity
  8
2
  6
CONTINUOUS
370
25
 62
7
100
AcDbLine
 10
43.4009361619559
 20
1.995319190220449
 30
0.0
 11
43.8993758920294
 21
1.496879460146964
 31
0.0
  0
LINE
  5
6EE
330
1F
100
AcDbEntity
  8
2
  6
CONTINUOUS
370
25
 62
7
100
AcDbLine
 10
43.29487014477792
 20
2.525649276110357
 30
0.0
 11
43.97008657014805
 21
1.850432850740241
 31
0.0
  0
LINE
  5
6EF
330
1F
100
AcDbEntity
  8
2
  6
CONTINUOUS
370
25
 62
7
100
AcDbLine
 10
43.18880412759994
 20
3.055979362000265
 30
0.0
 11
44.04079724826671
 21
2.20398624133351
 31
0.0
  0
LINE
  5
6F0
330
1F
100
AcDbEntity
  8
2
  6
CONTINUOUS
370
25
 62
7
100
AcDbLine
 10
43.08273811042196
 20
3.586309447890194
 30
0.0
 11
44.11150792638536
 21
2.557539631926787
 31
0.0
  0
LINE
  5
6F1
330
1F
100
AcDbEntity
  8
2
  6
CONTINUOUS
370
25
 62
7
100
AcDbLine
 10
42.97667209324397
 20
4.116639533780109
 30
0.0
 11
44.18221860450402
 21
2.911093022520056
 31
0.0
  0
LINE
  5
6F2
330
1F
100
AcDbEntity
  8
2
  6
CONTINUOUS
370
25
 62
7
100
AcDbLine
 10
42.87060607606599
 20
4.646969619670024
 30
0.0
 11
44.25292928262267
 21
3.26464641311334
 31
0.0
  0
LINE
  5
6F3
330
1F
100
AcDbEntity
  8
2
  6
CONTINUOUS
370
25
 62
7
100
AcDbLine
 10
42.76454005888801
 20
5.177299705559939
 30
0.0
 11
44.32363996074132
 21
3.618199803706624
 31
0.0
  0
LINE
  5
6F4
330
1F
100
AcDbEntity
  8
2
  6
CONTINUOUS
370
25
 62
7
100
AcDbLine
 10
42.86610383315988
 20
5.499999999999993
 30
0.0
 11
44.39435063885998
 21
3.971753194299893
 31
0.0
  0
LINE
  5
6F5
330
1F
100
AcDbEntity
  8
2
  6
CONTINUOUS
370
25
 62
7
100
AcDbLine
 10
43.2903679018718
 20
5.5
 30
0.0
 11
44.46506131697863
 21
4.32530658489317
 31
0.0
  0
LINE
  5
6F6
330
1F
100
AcDbEntity
  8
2
  6
CONTINUOUS
370
25
 62
7
100
AcDbLine
 10
43.71463197058374
 20
5.5
 30
0.0
 11
44.5357719950973
 21
4.678859975486439
 31
0.0
  0
LINE
  5
6F7
330
1F
100
AcDbEntity
  8
2
  6
CONTINUOUS
370
25
 62
7
100
AcDbLine
 10
44.13889603929567
 20
5.5
 30
0.0
 11
44.60648267321595
 21
5.032413366079723
 31
0.0
  0
LINE
  5
6F8
330
1F
100
AcDbEntity
  8
2
  6
CONTINUOUS
370
25
 62
7
100
AcDbLine
 10
44.5631601080076
 20
5.5
 30
0.0
 11
44.6771933513346
 21
5.385966756673
 31
0.0
  0
TEXT
  5
6F9
330
1F
100
AcDbEntity
  8
2
  6
CONTINUOUS
370
25
 62
7
100
AcDbText
 10
42.2
 20
11.42916666666666
 30
0.0
 40
3.5
  1
1
 50
90.00000000000001
 72
     1
 11
42.2
 21
12.0125
 31
0.0
100
AcDbText
  0
CIRCLE
  5
6FA
330
1F
100
AcDbEntity
  8
2
  6
CONTINUOUS
370
25
 62
7
100
AcDbCircle
 10
40.45
 20
8.687499999999996
 30
0.0
 40
1.4
  0
LINE
  5
6FB
330
1F
100
AcDbEntity
  8
2
  6
CONTINUOUS
370
25
 62
7
100
AcDbLine
 10
41.85
 20
7.287499999999998
 30
0.0
 11
39.05
 21
10.0875
 31
0.0
  0
LINE
  5
6FC
330
1F
100
AcDbEntity
  8
2
  6
CONTINUOUS
370
25
 62
7
100
AcDbLine
 10
0.0
 20
1.5
 30
0.0
 11
0.0000000000000014
 21
24.5
 31
0.0
  0
LINE
  5
6FD
330
1F
100
AcDbEntity
  8
2
  6
CONTINUOUS
370
25
 62
7
100
AcDbLine
 10
11.7
 20
24.5
 30
0.0
 11
11.7
 21
0.0
 31
0.0
  0
LINE
  5
6FE
330
1F
100
AcDbEntity
  8
2
  6
CONTINUOUS
370
25
 62
7
100
AcDbLine
 10
-7.0
 20
23.5
 30
0.0
 11
30.6
 21
23.5
 31
0.0
  0
LINE
  5
6FF
330
1F
100
AcDbEntity
  8
2
  6
CONTINUOUS
370
25
 62
7
100
AcDbLine
 10
0.0
 20
23.5
 30
0.0
 11
-5.0
 21
22.5
 31
0.0
  0
LINE
  5
700
330
1F
100
AcDbEntity
  8
2
  6
CONTINUOUS
370
25
 62
7
100
AcDbLine
 10
-5.0
 20
22.5
 30
0.0
 11
-5.0
 21
24.5
 31
0.0
  0
LINE
  5
701
330
1F
100
AcDbEntity
  8
2
  6
CONTINUOUS
370
25
 62
7
100
AcDbLine
 10
-5.0
 20
24.5
 30
0.0
 11
0.0
 21
23.5
 31
0.0
  0
LINE
  5
702
330
1F
100
AcDbEntity
  8
2
  6
CONTINUOUS
370
25
 62
7
100
AcDbLine
 10
-0.3234848098349596
 20
23.43530303803301
 30
0.0
 11
-0.2156565398899731
 21
23.54313130797799
 31
0.0
  0
LINE
  5
703
330
1F
100
AcDbEntity
  8
2
  6
CONTINUOUS
370
25
 62
7
100
AcDbLine
 10
-0.8538148957248733
 20
23.32923702085503
 30
0.0
 11
-0.5692099304832491
 21
23.61384198609665
 31
0.0
  0
LINE
  5
704
330
1F
100
AcDbEntity
  8
2
  6
CONTINUOUS
370
25
 62
7
100
AcDbLine
 10
-1.384144981614783
 20
23.22317100367705
 30
0.0
 11
-0.922763321076522
 21
23.6845526642153
 31
0.0
  0
LINE
  5
705
330
1F
100
AcDbEntity
  8
2
  6
CONTINUOUS
370
25
 62
7
100
AcDbLine
 10
-1.914475067504692
 20
23.11710498649906
 30
0.0
 11
-1.276316711669795
 21
23.75526334233396
 31
0.0
  0
LINE
  5
706
330
1F
100
AcDbEntity
  8
2
  6
CONTINUOUS
370
25
 62
7
100
AcDbLine
 10
-2.444805153394601
 20
23.01103896932108
 30
0.0
 11
-1.629870102263068
 21
23.82597402045261
 31
0.0
  0
LINE
  5
707
330
1F
100
AcDbEntity
  8
2
  6
CONTINUOUS
370
25
 62
7
100
AcDbLine
 10
-2.97513523928451
 20
22.9049729521431
 30
0.0
 11
-1.983423492856341
 21
23.89668469857127
 31
0.0
  0
LINE
  5
708
330
1F
100
AcDbEntity
  8
2
  6
CONTINUOUS
370
25
 62
7
100
AcDbLine
 10
-3.505465325174419
 20
22.79890693496512
 30
0.0
 11
-2.336976883449614
 21
23.96739537668992
 31
0.0
  0
LINE
  5
709
330
1F
100
AcDbEntity
  8
2
  6
CONTINUOUS
370
25
 62
7
100
AcDbLine
 10
-4.035795411064329
 20
22.69284091778713
 30
0.0
 11
-2.690530274042886
 21
24.03810605480858
 31
0.0
  0
LINE
  5
70A
330
1F
100
AcDbEntity
  8
2
  6
CONTINUOUS
370
25
 62
7
100
AcDbLine
 10
-4.566125496954238
 20
22.58677490060915
 30
0.0
 11
-3.04408366463616
 21
24.10881673292723
 31
0.0
  0
LINE
  5
70B
330
1F
100
AcDbEntity
  8
2
  6
CONTINUOUS
370
25
 62
7
100
AcDbLine
 10
-5.0
 20
22.57716446627532
 30
0.0
 11
-3.397637055229435
 21
24.17952741104589
 31
0.0
  0
LINE
  5
70C
330
1F
100
AcDbEntity
  8
2
  6
CONTINUOUS
370
25
 62
7
100
AcDbLine
 10
-5.0
 20
23.00142853498725
 30
0.0
 11
-3.751190445822706
 21
24.25023808916454
 31
0.0
  0
LINE
  5
70D
330
1F
100
AcDbEntity
  8
2
  6
CONTINUOUS
370
25
 62
7
100
AcDbLine
 10
-5.0
 20
23.42569260369918
 30
0.0
 11
-4.104743836415981
 21
24.32094876728319
 31
0.0
  0
LINE
  5
70E
330
1F
100
AcDbEntity
  8
2
  6
CONTINUOUS
370
25
 62
7
100
AcDbLine
 10
-5.0
 20
23.8499566724111
 30
0.0
 11
-4.458297227009253
 21
24.39165944540185
 31
0.0
  0
LINE
  5
70F
330
1F
100
AcDbEntity
  8
2
  6
CONTINUOUS
370
25
 62
7
100
AcDbLine
 10
-5.0
 20
24.27422074112303
 30
0.0
 11
-4.811850617602526
 21
24.4623701235205
 31
0.0
  0
LINE
  5
710
330
1F
100
AcDbEntity
  8
2
  6
CONTINUOUS
370
25
 62
7
100
AcDbLine
 10
-5.0
 20
22.81909088590096
 30
0.0
 11
-4.734090928415865
 21
22.55318181431683
 31
0.0
  0
LINE
  5
711
330
1F
100
AcDbEntity
  8
2
  6
CONTINUOUS
370
25
 62
7
100
AcDbLine
 10
-5.0
 20
23.24335495461289
 30
0.0
 11
-4.380537537822595
 21
22.62389249243548
 31
0.0
  0
LINE
  5
712
330
1F
100
AcDbEntity
  8
2
  6
CONTINUOUS
370
25
 62
7
100
AcDbLine
 10
-5.0
 20
23.66761902332481
 30
0.0
 11
-4.026984147229321
 21
22.69460317055414
 31
0.0
  0
LINE
  5
713
330
1F
100
AcDbEntity
  8
2
  6
CONTINUOUS
370
25
 62
7
100
AcDbLine
 10
-5.0
 20
24.09188309203674
 30
0.0
 11
-3.673430756636047
 21
22.76531384867279
 31
0.0
  0
LINE
  5
714
330
1F
100
AcDbEntity
  8
2
  6
CONTINUOUS
370
25
 62
7
100
AcDbLine
 10
-4.97981604906416
 20
24.49596320981283
 30
0.0
 11
-3.319877366042772
 21
22.83602452679145
 31
0.0
  0
LINE
  5
715
330
1F
100
AcDbEntity
  8
2
  6
CONTINUOUS
370
25
 62
7
100
AcDbLine
 10
-4.449485963174254
 20
24.38989719263485
 30
0.0
 11
-2.966323975449501
 21
22.9067352049101
 31
0.0
  0
LINE
  5
716
330
1F
100
AcDbEntity
  8
2
  6
CONTINUOUS
370
25
 62
7
100
AcDbLine
 10
-3.919155877284343
 20
24.28383117545687
 30
0.0
 11
-2.612770584856227
 21
22.97744588302875
 31
0.0
  0
LINE
  5
717
330
1F
100
AcDbEntity
  8
2
  6
CONTINUOUS
370
25
 62
7
100
AcDbLine
 10
-3.388825791394433
 20
24.17776515827889
 30
0.0
 11
-2.259217194262954
 21
23.04815656114741
 31
0.0
  0
LINE
  5
718
330
1F
100
AcDbEntity
  8
2
  6
CONTINUOUS
370
25
 62
7
100
AcDbLine
 10
-2.858495705504522
 20
24.0716991411009
 30
0.0
 11
-1.90566380366968
 21
23.11886723926606
 31
0.0
  0
LINE
  5
719
330
1F
100
AcDbEntity
  8
2
  6
CONTINUOUS
370
25
 62
7
100
AcDbLine
 10
-2.328165619614612
 20
23.96563312392292
 30
0.0
 11
-1.552110413076407
 21
23.18957791738472
 31
0.0
  0
LINE
  5
71A
330
1F
100
AcDbEntity
  8
2
  6
CONTINUOUS
370
25
 62
7
100
AcDbLine
 10
-1.797835533724701
 20
23.85956710674494
 30
0.0
 11
-1.198557022483133
 21
23.26028859550337
 31
0.0
  0
LINE
  5
71B
330
1F
100
AcDbEntity
  8
2
  6
CONTINUOUS
370
25
 62
7
100
AcDbLine
 10
-1.26750544783479
 20
23.75350108956696
 30
0.0
 11
-0.8450036318898593
 21
23.33099927362203
 31
0.0
  0
LINE
  5
71C
330
1F
100
AcDbEntity
  8
2
  6
CONTINUOUS
370
25
 62
7
100
AcDbLine
 10
-0.7371753619448791
 20
23.64743507238898
 30
0.0
 11
-0.4914502412965856
 21
23.40170995174068
 31
0.0
  0
LINE
  5
71D
330
1F
100
AcDbEntity
  8
2
  6
CONTINUOUS
370
25
 62
7
100
AcDbLine
 10
-0.2068452760549682
 20
23.54136905521099
 30
0.0
 11
-0.137896850703312
 21
23.47242062985934
 31
0.0
  0
LINE
  5
71E
330
1F
100
AcDbEntity
  8
2
  6
CONTINUOUS
370
25
 62
7
100
AcDbLine
 10
11.7
 20
23.5
 30
0.0
 11
16.7
 21
24.5
 31
0.0
  0
LINE
  5
71F
330
1F
100
AcDbEntity
  8
2
  6
CONTINUOUS
370
25
 62
7
100
AcDbLine
 10
16.7
 20
24.5
 30
0.0
 11
16.7
 21
22.5
 31
0.0
  0
LINE
  5
720
330
1F
100
AcDbEntity
  8
2
  6
CONTINUOUS
370
25
 62
7
100
AcDbLine
 10
16.7
 20
22.5
 30
0.0
 11
11.7
 21
23.5
 31
0.0
  0
LINE
  5
721
330
1F
100
AcDbEntity
  8
2
  6
CONTINUOUS
370
25
 62
7
100
AcDbLine
 10
16.5835858650275
 20
22.5232828269945
 30
0.0
 11
16.7
 21
22.639696961967
 31
0.0
  0
LINE
  5
722
330
1F
100
AcDbEntity
  8
2
  6
CONTINUOUS
370
25
 62
7
100
AcDbLine
 10
16.23003247443423
 20
22.59399350511315
 30
0.0
 11
16.7
 21
23.06396103067893
 31
0.0
  0
LINE
  5
723
330
1F
100
AcDbEntity
  8
2
  6
CONTINUOUS
370
25
 62
7
100
AcDbLine
 10
15.87647908384096
 20
22.66470418323181
 30
0.0
 11
16.7
 21
23.48822509939086
 31
0.0
  0
LINE
  5
724
330
1F
100
AcDbEntity
  8
2
  6
CONTINUOUS
370
25
 62
7
100
AcDbLine
 10
15.52292569324768
 20
22.73541486135046
 30
0.0
 11
16.7
 21
23.91248916810278
 31
0.0
  0
LINE
  5
725
330
1F
100
AcDbEntity
  8
2
  6
CONTINUOUS
370
25
 62
7
100
AcDbLine
 10
15.16937230265441
 20
22.80612553946912
 30
0.0
 11
16.7
 21
24.33675323681471
 31
0.0
  0
LINE
  5
726
330
1F
100
AcDbEntity
  8
2
  6
CONTINUOUS
370
25
 62
7
100
AcDbLine
 10
14.81581891206114
 20
22.87683621758777
 30
0.0
 11
16.3737283680917
 21
24.43474567361834
 31
0.0
  0
LINE
  5
727
330
1F
100
AcDbEntity
  8
2
  6
CONTINUOUS
370
25
 62
7
100
AcDbLine
 10
14.46226552146786
 20
22.94754689570643
 30
0.0
 11
15.84339828220179
 21
24.32867965644036
 31
0.0
  0
LINE
  5
728
330
1F
100
AcDbEntity
  8
2
  6
CONTINUOUS
370
25
 62
7
100
AcDbLine
 10
14.10871213087459
 20
23.01825757382508
 30
0.0
 11
15.31306819631188
 21
24.22261363926238
 31
0.0
  0
LINE
  5
729
330
1F
100
AcDbEntity
  8
2
  6
CONTINUOUS
370
25
 62
7
100
AcDbLine
 10
13.75515874028132
 20
23.08896825194374
 30
0.0
 11
14.78273811042197
 21
24.11654762208439
 31
0.0
  0
LINE
  5
72A
330
1F
100
AcDbEntity
  8
2
  6
CONTINUOUS
370
25
 62
7
100
AcDbLine
 10
13.40160534968804
 20
23.15967893006239
 30
0.0
 11
14.25240802453206
 21
24.01048160490641
 31
0.0
  0
LINE
  5
72B
330
1F
100
AcDbEntity
  8
2
  6
CONTINUOUS
370
25
 62
7
100
AcDbLine
 10
13.04805195909477
 20
23.23038960818105
 30
0.0
 11
13.72207793864215
 21
23.90441558772843
 31
0.0
  0
LINE
  5
72C
330
1F
100
AcDbEntity
  8
2
  6
CONTINUOUS
370
25
 62
7
100
AcDbLine
 10
12.6944985685015
 20
23.3011002862997
 30
0.0
 11
13.19174785275225
 21
23.79834957055045
 31
0.0
  0
LINE
  5
72D
330
1F
100
AcDbEntity
  8
2
  6
CONTINUOUS
370
25
 62
7
100
AcDbLine
 10
12.34094517790822
 20
23.37181096441835
 30
0.0
 11
12.66141776686234
 21
23.69228355337247
 31
0.0
  0
LINE
  5
72E
330
1F
100
AcDbEntity
  8
2
  6
CONTINUOUS
370
25
 62
7
100
AcDbLine
 10
11.98739178731495
 20
23.44252164253701
 30
0.0
 11
12.13108768097243
 21
23.58621753619448
 31
0.0
  0
LINE
  5
72F
330
1F
100
AcDbEntity
  8
2
  6
CONTINUOUS
370
25
 62
7
100
AcDbLine
 10
11.71159808590837
 20
23.50231961718168
 30
0.0
 11
11.71739712886256
 21
23.49652057422749
 31
0.0
  0
LINE
  5
730
330
1F
100
AcDbEntity
  8
2
  6
CONTINUOUS
370
25
 62
7
100
AcDbLine
 10
12.06515147650165
 20
23.57303029530033
 30
0.0
 11
12.24772721475247
 21
23.39045455704951
 31
0.0
  0
LINE
  5
731
330
1F
100
AcDbEntity
  8
2
  6
CONTINUOUS
370
25
 62
7
100
AcDbLine
 10
12.41870486709492
 20
23.64374097341899
 30
0.0
 11
12.77805730064238
 21
23.28438853987153
 31
0.0
  0
LINE
  5
732
330
1F
100
AcDbEntity
  8
2
  6
CONTINUOUS
370
25
 62
7
100
AcDbLine
 10
12.7722582576882
 20
23.71445165153764
 30
0.0
 11
13.30838738653229
 21
23.17832252269354
 31
0.0
  0
LINE
  5
733
330
1F
100
AcDbEntity
  8
2
  6
CONTINUOUS
370
25
 62
7
100
AcDbLine
 10
13.12581164828147
 20
23.78516232965629
 30
0.0
 11
13.8387174724222
 21
23.07225650551556
 31
0.0
  0
LINE
  5
734
330
1F
100
AcDbEntity
  8
2
  6
CONTINUOUS
370
25
 62
7
100
AcDbLine
 10
13.47936503887474
 20
23.85587300777495
 30
0.0
 11
14.36904755831211
 21
22.96619048833758
 31
0.0
  0
LINE
  5
735
330
1F
100
AcDbEntity
  8
2
  6
CONTINUOUS
370
25
 62
7
100
AcDbLine
 10
13.83291842946801
 20
23.9265836858936
 30
0.0
 11
14.89937764420202
 21
22.86012447115959
 31
0.0
  0
LINE
  5
736
330
1F
100
AcDbEntity
  8
2
  6
CONTINUOUS
370
25
 62
7
100
AcDbLine
 10
14.18647182006129
 20
23.99729436401226
 30
0.0
 11
15.42970773009193
 21
22.75405845398161
 31
0.0
  0
LINE
  5
737
330
1F
100
AcDbEntity
  8
2
  6
CONTINUOUS
370
25
 62
7
100
AcDbLine
 10
14.54002521065456
 20
24.06800504213091
 30
0.0
 11
15.96003781598184
 21
22.64799243680363
 31
0.0
  0
LINE
  5
738
330
1F
100
AcDbEntity
  8
2
  6
CONTINUOUS
370
25
 62
7
100
AcDbLine
 10
14.89357860124784
 20
24.13871572024956
 30
0.0
 11
16.49036790187175
 21
22.54192641962565
 31
0.0
  0
LINE
  5
739
330
1F
100
AcDbEntity
  8
2
  6
CONTINUOUS
370
25
 62
7
100
AcDbLine
 10
15.24713199184111
 20
24.20942639836822
 30
0.0
 11
16.7
 21
22.75655839020933
 31
0.0
  0
LINE
  5
73A
330
1F
100
AcDbEntity
  8
2
  6
CONTINUOUS
370
25
 62
7
100
AcDbLine
 10
15.60068538243438
 20
24.28013707648688
 30
0.0
 11
16.7
 21
23.18082245892126
 31
0.0
  0
LINE
  5
73B
330
1F
100
AcDbEntity
  8
2
  6
CONTINUOUS
370
25
 62
7
100
AcDbLine
 10
15.95423877302766
 20
24.35084775460553
 30
0.0
 11
16.7
 21
23.60508652763318
 31
0.0
  0
LINE
  5
73C
330
1F
100
AcDbEntity
  8
2
  6
CONTINUOUS
370
25
 62
7
100
AcDbLine
 10
16.30779216362093
 20
24.42155843272419
 30
0.0
 11
16.7
 21
24.02935059634511
 31
0.0
  0
LINE
  5
73D
330
1F
100
AcDbEntity
  8
2
  6
CONTINUOUS
370
25
 62
7
100
AcDbLine
 10
16.6613455542142
 20
24.49226911084284
 30
0.0
 11
16.7
 21
24.45361466505704
 31
0.0
  0
TEXT
  5
73E
330
1F
100
AcDbEntity
  8
2
  6
CONTINUOUS
370
25
 62
7
100
AcDbText
 10
19.56666666666666
 20
25.0
 30
0.0
 40
3.5
  1
11.7
 72
     1
 11
23.65
 21
25.0
 31
0.0
100
AcDbText
  0
LINE
  5
73F
330
1F
100
AcDbEntity
  8
2
  6
CONTINUOUS
370
25
 62
7
100
AcDbLine
 10
6.7
 20
-0.5
 30
0.0
 11
6.699999999999998
 21
-34.5
 31
0.0
  0
LINE
  5
740
330
1F
100
AcDbEntity
  8
2
  6
CONTINUOUS
370
25
 62
7
100
AcDbLine
 10
11.7
 20
-34.5
 30
0.0
 11
11.7
 21
0.0
 31
0.0
  0
LINE
  5
741
330
1F
100
AcDbEntity
  8
2
  6
CONTINUOUS
370
25
 62
7
100
AcDbLine
 10
-0.3000000000000016
 20
-33.5
 30
0.0
 11
18.7
 21
-33.5
 31
0.0
  0
LINE
  5
742
330
1F
100
AcDbEntity
  8
2
  6
CONTINUOUS
370
25
 62
7
100
AcDbLine
 10
6.699999999999998
 20
-33.5
 30
0.0
 11
1.699999999999998
 21
-34.5
 31
0.0
  0
LINE
  5
743
330
1F
100
AcDbEntity
  8
2
  6
CONTINUOUS
370
25
 62
7
100
AcDbLine
 10
1.699999999999998
 20
-34.5
 30
0.0
 11
1.699999999999998
 21
-32.5
 31
0.0
  0
LINE
  5
744
330
1F
100
AcDbEntity
  8
2
  6
CONTINUOUS
370
25
 62
7
100
AcDbLine
 10
1.699999999999998
 20
-32.5
 30
0.0
 11
6.699999999999998
 21
-33.5
 31
0.0
  0
LINE
  5
745
330
1F
100
AcDbEntity
  8
2
  6
CONTINUOUS
370
25
 62
7
100
AcDbLine
 10
6.547694229199992
 20
-33.53046115416001
 30
0.0
 11
6.598462819466662
 21
-33.47969256389334
 31
0.0
  0
LINE
  5
746
330
1F
100
AcDbEntity
  8
2
  6
CONTINUOUS
370
25
 62
7
100
AcDbLine
 10
6.017364143310084
 20
-33.63652717133799
 30
0.0
 11
6.244909428873389
 21
-33.40898188577468
 31
0.0
  0
LINE
  5
747
330
1F
100
AcDbEntity
  8
2
  6
CONTINUOUS
370
25
 62
7
100
AcDbLine
 10
5.487034057420167
 20
-33.74259318851597
 30
0.0
 11
5.891356038280112
 21
-33.33827120765603
 31
0.0
  0
LINE
  5
748
330
1F
100
AcDbEntity
  8
2
  6
CONTINUOUS
370
25
 62
7
100
AcDbLine
 10
4.956703971530255
 20
-33.84865920569396
 30
0.0
 11
5.537802647686839
 21
-33.26756052953737
 31
0.0
  0
LINE
  5
749
330
1F
100
AcDbEntity
  8
2
  6
CONTINUOUS
370
25
 62
7
100
AcDbLine
 10
4.426373885640337
 20
-33.95472522287194
 30
0.0
 11
5.184249257093561
 21
-33.19684985141872
 31
0.0
  0
LINE
  5
74A
330
1F
100
AcDbEntity
  8
2
  6
CONTINUOUS
370
25
 62
7
100
AcDbLine
 10
3.896043799750427
 20
-34.06079124004992
 30
0.0
 11
4.830695866500288
 21
-33.12613917330006
 31
0.0
  0
LINE
  5
74B
330
1F
100
AcDbEntity
  8
2
  6
CONTINUOUS
370
25
 62
7
100
AcDbLine
 10
3.365713713860515
 20
-34.1668572572279
 30
0.0
 11
4.477142475907016
 21
-33.0554284951814
 31
0.0
  0
LINE
  5
74C
330
1F
100
AcDbEntity
  8
2
  6
CONTINUOUS
370
25
 62
7
100
AcDbLine
 10
2.835383627970594
 20
-34.27292327440588
 30
0.0
 11
4.123589085313736
 21
-32.98471781706275
 31
0.0
  0
LINE
  5
74D
330
1F
100
AcDbEntity
  8
2
  6
CONTINUOUS
370
25
 62
7
100
AcDbLine
 10
2.305053542080682
 20
-34.37898929158386
 30
0.0
 11
3.770035694720462
 21
-32.91400713894409
 31
0.0
  0
LINE
  5
74E
330
1F
100
AcDbEntity
  8
2
  6
CONTINUOUS
370
25
 62
7
100
AcDbLine
 10
1.774723456190769
 20
-34.48505530876185
 30
0.0
 11
3.416482304127189
 21
-32.84329646082544
 31
0.0
  0
LINE
  5
74F
330
1F
100
AcDbEntity
  8
2
  6
CONTINUOUS
370
25
 62
7
100
AcDbLine
 10
1.699999999999998
 20
-34.13551469624068
 30
0.0
 11
3.062928913533909
 21
-32.77258578270678
 31
0.0
  0
LINE
  5
750
330
1F
100
AcDbEntity
  8
2
  6
CONTINUOUS
370
25
 62
7
100
AcDbLine
 10
1.699999999999998
 20
-33.71125062752876
 30
0.0
 11
2.709375522940634
 21
-32.70187510458813
 31
0.0
  0
LINE
  5
751
330
1F
100
AcDbEntity
  8
2
  6
CONTINUOUS
370
25
 62
7
100
AcDbLine
 10
1.699999999999998
 20
-33.28698655881684
 30
0.0
 11
2.35582213234736
 21
-32.63116442646947
 31
0.0
  0
LINE
  5
752
330
1F
100
AcDbEntity
  8
2
  6
CONTINUOUS
370
25
 62
7
100
AcDbLine
 10
1.699999999999998
 20
-32.86272249010491
 30
0.0
 11
2.002268741754085
 21
-32.56045374835082
 31
0.0
  0
LINE
  5
753
330
1F
100
AcDbEntity
  8
2
  6
CONTINUOUS
370
25
 62
7
100
AcDbLine
 10
1.699999999999998
 20
-34.31196489502245
 30
0.0
 11
1.856695920814629
 21
-34.46866081583708
 31
0.0
  0
LINE
  5
754
330
1F
100
AcDbEntity
  8
2
  6
CONTINUOUS
370
25
 62
7
100
AcDbLine
 10
1.699999999999998
 20
-33.88770082631052
 30
0.0
 11
2.210249311407903
 21
-34.39795013771842
 31
0.0
  0
LINE
  5
755
330
1F
100
AcDbEntity
  8
2
  6
CONTINUOUS
370
25
 62
7
100
AcDbLine
 10
1.699999999999998
 20
-33.46343675759859
 30
0.0
 11
2.563802702001181
 21
-34.32723945959977
 31
0.0
  0
LINE
  5
756
330
1F
100
AcDbEntity
  8
2
  6
CONTINUOUS
370
25
 62
7
100
AcDbLine
 10
1.699999999999998
 20
-33.03917268888666
 30
0.0
 11
2.917356092594455
 21
-34.25652878148111
 31
0.0
  0
LINE
  5
757
330
1F
100
AcDbEntity
  8
2
  6
CONTINUOUS
370
25
 62
7
100
AcDbLine
 10
1.699999999999998
 20
-32.61490862017473
 30
0.0
 11
3.27090948318773
 21
-34.18581810336246
 31
0.0
  0
LINE
  5
758
330
1F
100
AcDbEntity
  8
2
  6
CONTINUOUS
370
25
 62
7
100
AcDbLine
 10
2.086694310671501
 20
-32.5773388621343
 30
0.0
 11
3.624462873781006
 21
-34.1151074252438
 31
0.0
  0
LINE
  5
759
330
1F
100
AcDbEntity
  8
2
  6
CONTINUOUS
370
25
 62
7
100
AcDbLine
 10
2.617024396561415
 20
-32.68340487931228
 30
0.0
 11
3.978016264374281
 21
-34.04439674712515
 31
0.0
  0
LINE
  5
75A
330
1F
100
AcDbEntity
  8
2
  6
CONTINUOUS
370
25
 62
7
100
AcDbLine
 10
3.147354482451325
 20
-32.78947089649027
 30
0.0
 11
4.331569654967554
 21
-33.97368606900649
 31
0.0
  0
LINE
  5
75B
330
1F
100
AcDbEntity
  8
2
  6
CONTINUOUS
370
25
 62
7
100
AcDbLine
 10
3.677684568341238
 20
-32.89553691366825
 30
0.0
 11
4.685123045560829
 21
-33.90297539088784
 31
0.0
  0
LINE
  5
75C
330
1F
100
AcDbEntity
  8
2
  6
CONTINUOUS
370
25
 62
7
100
AcDbLine
 10
4.208014654231154
 20
-33.00160293084623
 30
0.0
 11
5.038676436154105
 21
-33.83226471276918
 31
0.0
  0
LINE
  5
75D
330
1F
100
AcDbEntity
  8
2
  6
CONTINUOUS
370
25
 62
7
100
AcDbLine
 10
4.738344740121068
 20
-33.10766894802422
 30
0.0
 11
5.392229826747382
 21
-33.76155403465053
 31
0.0
  0
LINE
  5
75E
330
1F
100
AcDbEntity
  8
2
  6
CONTINUOUS
370
25
 62
7
100
AcDbLine
 10
5.268674826010985
 20
-33.2137349652022
 30
0.0
 11
5.745783217340658
 21
-33.69084335653187
 31
0.0
  0
LINE
  5
75F
330
1F
100
AcDbEntity
  8
2
  6
CONTINUOUS
370
25
 62
7
100
AcDbLine
 10
5.799004911900897
 20
-33.31980098238019
 30
0.0
 11
6.099336607933932
 21
-33.62013267841321
 31
0.0
  0
LINE
  5
760
330
1F
100
AcDbEntity
  8
2
  6
CONTINUOUS
370
25
 62
7
100
AcDbLine
 10
6.329334997790813
 20
-33.42586699955817
 30
0.0
 11
6.452889998527209
 21
-33.54942200029456
 31
0.0
  0
LINE
  5
761
330
1F
100
AcDbEntity
  8
2
  6
CONTINUOUS
370
25
 62
7
100
AcDbLine
 10
11.7
 20
-33.5
 30
0.0
 11
16.7
 21
-32.5
 31
0.0
  0
LINE
  5
762
330
1F
100
AcDbEntity
  8
2
  6
CONTINUOUS
370
25
 62
7
100
AcDbLine
 10
16.7
 20
-32.5
 30
0.0
 11
16.7
 21
-34.5
 31
0.0
  0
LINE
  5
763
330
1F
100
AcDbEntity
  8
2
  6
CONTINUOUS
370
25
 62
7
100
AcDbLine
 10
16.7
 20
-34.5
 30
0.0
 11
11.7
 21
-33.5
 31
0.0
  0
LINE
  5
764
330
1F
100
AcDbEntity
  8
2
  6
CONTINUOUS
370
25
 62
7
100
AcDbLine
 10
16.6738416170079
 20
-34.49476832340158
 30
0.0
 11
16.7
 21
-34.46860994040948
 31
0.0
  0
LINE
  5
765
330
1F
100
AcDbEntity
  8
2
  6
CONTINUOUS
370
25
 62
7
100
AcDbLine
 10
16.32028822641462
 20
-34.42405764528293
 30
0.0
 11
16.7
 21
-34.04434587169754
 31
0.0
  0
LINE
  5
766
330
1F
100
AcDbEntity
  8
2
  6
CONTINUOUS
370
25
 62
7
100
AcDbLine
 10
15.96673483582135
 20
-34.35334696716427
 30
0.0
 11
16.7
 21
-33.62008180298562
 31
0.0
  0
LINE
  5
767
330
1F
100
AcDbEntity
  8
2
  6
CONTINUOUS
370
25
 62
7
100
AcDbLine
 10
15.61318144522807
 20
-34.28263628904561
 30
0.0
 11
16.7
 21
-33.19581773427369
 31
0.0
  0
LINE
  5
768
330
1F
100
AcDbEntity
  8
2
  6
CONTINUOUS
370
25
 62
7
100
AcDbLine
 10
15.2596280546348
 20
-34.21192561092696
 30
0.0
 11
16.7
 21
-32.77155366556177
 31
0.0
  0
LINE
  5
769
330
1F
100
AcDbEntity
  8
2
  6
CONTINUOUS
370
25
 62
7
100
AcDbLine
 10
14.90607466404152
 20
-34.1412149328083
 30
0.0
 11
16.50911199606229
 21
-32.53817760078755
 31
0.0
  0
LINE
  5
76A
330
1F
100
AcDbEntity
  8
2
  6
CONTINUOUS
370
25
 62
7
100
AcDbLine
 10
14.55252127344825
 20
-34.07050425468965
 30
0.0
 11
15.97878191017238
 21
-32.64424361796553
 31
0.0
  0
LINE
  5
76B
330
1F
100
AcDbEntity
  8
2
  6
CONTINUOUS
370
25
 62
7
100
AcDbLine
 10
14.19896788285498
 20
-33.99979357657099
 30
0.0
 11
15.44845182428247
 21
-32.75030963514351
 31
0.0
  0
LINE
  5
76C
330
1F
100
AcDbEntity
  8
2
  6
CONTINUOUS
370
25
 62
7
100
AcDbLine
 10
13.8454144922617
 20
-33.92908289845234
 30
0.0
 11
14.91812173839256
 21
-32.85637565232149
 31
0.0
  0
LINE
  5
76D
330
1F
100
AcDbEntity
  8
2
  6
CONTINUOUS
370
25
 62
7
100
AcDbLine
 10
13.49186110166842
 20
-33.85837222033368
 30
0.0
 11
14.38779165250264
 21
-32.96244166949948
 31
0.0
  0
LINE
  5
76E
330
1F
100
AcDbEntity
  8
2
  6
CONTINUOUS
370
25
 62
7
100
AcDbLine
 10
13.13830771107515
 20
-33.78766154221503
 30
0.0
 11
13.85746156661273
 21
-33.06850768667746
 31
0.0
  0
LINE
  5
76F
330
1F
100
AcDbEntity
  8
2
  6
CONTINUOUS
370
25
 62
7
100
AcDbLine
 10
12.78475432048188
 20
-33.71695086409638
 30
0.0
 11
13.32713148072281
 21
-33.17457370385544
 31
0.0
  0
LINE
  5
770
330
1F
100
AcDbEntity
  8
2
  6
CONTINUOUS
370
25
 62
7
100
AcDbLine
 10
12.4312009298886
 20
-33.64624018597772
 30
0.0
 11
12.7968013948329
 21
-33.28063972103342
 31
0.0
  0
LINE
  5
771
330
1F
100
AcDbEntity
  8
2
  6
CONTINUOUS
370
25
 62
7
100
AcDbLine
 10
12.07764753929533
 20
-33.57552950785907
 30
0.0
 11
12.26647130894299
 21
-33.3867057382114
 31
0.0
  0
LINE
  5
772
330
1F
100
AcDbEntity
  8
2
  6
CONTINUOUS
370
25
 62
7
100
AcDbLine
 10
11.72409414870205
 20
-33.50481882974042
 30
0.0
 11
11.73614122305307
 21
-33.49277175538939
 31
0.0
  0
LINE
  5
773
330
1F
100
AcDbEntity
  8
2
  6
CONTINUOUS
370
25
 62
7
100
AcDbLine
 10
11.93207471835587
 20
-33.45358505632883
 30
0.0
 11
12.04811207753381
 21
-33.56962241550676
 31
0.0
  0
LINE
  5
774
330
1F
100
AcDbEntity
  8
2
  6
CONTINUOUS
370
25
 62
7
100
AcDbLine
 10
12.28562810894915
 20
-33.38287437821018
 30
0.0
 11
12.57844216342372
 21
-33.67568843268474
 31
0.0
  0
LINE
  5
775
330
1F
100
AcDbEntity
  8
2
  6
CONTINUOUS
370
25
 62
7
100
AcDbLine
 10
12.63918149954242
 20
-33.31216370009152
 30
0.0
 11
13.10877224931364
 21
-33.78175444986273
 31
0.0
  0
LINE
  5
776
330
1F
100
AcDbEntity
  8
2
  6
CONTINUOUS
370
25
 62
7
100
AcDbLine
 10
12.9927348901357
 20
-33.24145302197287
 30
0.0
 11
13.63910233520354
 21
-33.88782046704071
 31
0.0
  0
LINE
  5
777
330
1F
100
AcDbEntity
  8
2
  6
CONTINUOUS
370
25
 62
7
100
AcDbLine
 10
13.34628828072897
 20
-33.17074234385421
 30
0.0
 11
14.16943242109346
 21
-33.99388648421869
 31
0.0
  0
LINE
  5
778
330
1F
100
AcDbEntity
  8
2
  6
CONTINUOUS
370
25
 62
7
100
AcDbLine
 10
13.69984167132225
 20
-33.10003166573555
 30
0.0
 11
14.69976250698338
 21
-34.09995250139668
 31
0.0
  0
LINE
  5
779
330
1F
100
AcDbEntity
  8
2
  6
CONTINUOUS
370
25
 62
7
100
AcDbLine
 10
14.05339506191552
 20
-33.0293209876169
 30
0.0
 11
15.23009259287329
 21
-34.20601851857466
 31
0.0
  0
LINE
  5
77A
330
1F
100
AcDbEntity
  8
2
  6
CONTINUOUS
370
25
 62
7
100
AcDbLine
 10
14.4069484525088
 20
-32.95861030949824
 30
0.0
 11
15.7604226787632
 21
-34.31208453575264
 31
0.0
  0
LINE
  5
77B
330
1F
100
AcDbEntity
  8
2
  6
CONTINUOUS
370
25
 62
7
100
AcDbLine
 10
14.76050184310207
 20
-32.88789963137959
 30
0.0
 11
16.29075276465312
 21
-34.41815055293063
 31
0.0
  0
LINE
  5
77C
330
1F
100
AcDbEntity
  8
2
  6
CONTINUOUS
370
25
 62
7
100
AcDbLine
 10
15.11405523369535
 20
-32.81718895326093
 30
0.0
 11
16.7
 21
-34.40313371956557
 31
0.0
  0
LINE
  5
77D
330
1F
100
AcDbEntity
  8
2
  6
CONTINUOUS
370
25
 62
7
100
AcDbLine
 10
15.46760862428862
 20
-32.74647827514228
 30
0.0
 11
16.7
 21
-33.97886965085365
 31
0.0
  0
LINE
  5
77E
330
1F
100
AcDbEntity
  8
2
  6
CONTINUOUS
370
25
 62
7
100
AcDbLine
 10
15.8211620148819
 20
-32.67576759702362
 30
0.0
 11
16.7
 21
-33.55460558214172
 31
0.0
  0
LINE
  5
77F
330
1F
100
AcDbEntity
  8
2
  6
CONTINUOUS
370
25
 62
7
100
AcDbLine
 10
16.17471540547517
 20
-32.60505691890496
 30
0.0
 11
16.7
 21
-33.13034151342979
 31
0.0
  0
LINE
  5
780
330
1F
100
AcDbEntity
  8
2
  6
CONTINUOUS
370
25
 62
7
100
AcDbLine
 10
16.52826879606845
 20
-32.53434624078631
 30
0.0
 11
16.7
 21
-32.70607744471786
 31
0.0
  0
TEXT
  5
781
330
1F
100
AcDbEntity
  8
2
  6
CONTINUOUS
370
25
 62
7
100
AcDbText
 10
8.033333333333333
 20
-32.0
 30
0.0
 40
3.5
  1
5
 72
     1
 11
9.2
 21
-32.0
 31
0.0
100
AcDbText
  0
LINE
  5
782
330
1F
100
AcDbEntity
  8
SK2
  6
CONTINUOUS
370
25
 62
7
100
AcDbLine
 10
-23.3
 20
3.0
 30
0.0
 11
-23.3
 21
34.5
 31
0.0
  0
LINE
  5
783
330
1F
100
AcDbEntity
  8
SK2
  6
CONTINUOUS
370
25
 62
7
100
AcDbLine
 10
11.7
 20
34.5
 30
0.0
 11
11.7
 21
0.0
 31
0.0
  0
LINE
  5
784
330
1F
100
AcDbEntity
  8
SK2
  6
CONTINUOUS
370
25
 62
7
100
AcDbLine
 10
-23.3
 20
33.5
 30
0.0
 11
11.7
 21
33.5
 31
0.0
  0
LINE
  5
785
330
1F
100
AcDbEntity
  8
SK2
  6
CONTINUOUS
370
25
 62
7
100
AcDbLine
 10
-23.3
 20
33.5
 30
0.0
 11
-18.3
 21
34.5
 31
0.0
  0
LINE
  5
786
330
1F
100
AcDbEntity
  8
SK2
  6
CONTINUOUS
370
25
 62
7
100
AcDbLine
 10
-18.3
 20
34.5
 30
0.0
 11
-18.3
 21
32.5
 31
0.0
  0
LINE
  5
787
330
1F
100
AcDbEntity
  8
SK2
  6
CONTINUOUS
370
25
 62
7
100
AcDbLine
 10
-18.3
 20
32.5
 30
0.0
 11
-23.3
 21
33.5
 31
0.0
  0
LINE
  5
788
330
1F
100
AcDbEntity
  8
SK2
  6
CONTINUOUS
370
25
 62
7
100
AcDbLine
 10
-18.39307353785951
 20
32.5186147075719
 30
0.0
 11
-18.3
 21
32.61168824543142
 31
0.0
  0
LINE
  5
789
330
1F
100
AcDbEntity
  8
SK2
  6
CONTINUOUS
370
25
 62
7
100
AcDbLine
 10
-18.74662692845279
 20
32.58932538569056
 30
0.0
 11
-18.3
 21
33.03595231414335
 31
0.0
  0
LINE
  5
78A
330
1F
100
AcDbEntity
  8
SK2
  6
CONTINUOUS
370
25
 62
7
100
AcDbLine
 10
-19.10018031904606
 20
32.66003606380922
 30
0.0
 11
-18.3
 21
33.46021638285528
 31
0.0
  0
LINE
  5
78B
330
1F
100
AcDbEntity
  8
SK2
  6
CONTINUOUS
370
25
 62
7
100
AcDbLine
 10
-19.45373370963934
 20
32.73074674192787
 30
0.0
 11
-18.3
 21
33.88448045156721
 31
0.0
  0
LINE
  5
78C
330
1F
100
AcDbEntity
  8
SK2
  6
CONTINUOUS
370
25
 62
7
100
AcDbLine
 10
-19.80728710023261
 20
32.80145742004652
 30
0.0
 11
-18.3
 21
34.30874452027913
 31
0.0
  0
LINE
  5
78D
330
1F
100
AcDbEntity
  8
SK2
  6
CONTINUOUS
370
25
 62
7
100
AcDbLine
 10
-20.16084049082589
 20
32.87216809816518
 30
0.0
 11
-18.59126073623884
 21
34.44174785275223
 31
0.0
  0
LINE
  5
78E
330
1F
100
AcDbEntity
  8
SK2
  6
CONTINUOUS
370
25
 62
7
100
AcDbLine
 10
-20.51439388141916
 20
32.94287877628383
 30
0.0
 11
-19.12159082212875
 21
34.33568183557425
 31
0.0
  0
LINE
  5
78F
330
1F
100
AcDbEntity
  8
SK2
  6
CONTINUOUS
370
25
 62
7
100
AcDbLine
 10
-20.86794727201243
 20
33.01358945440249
 30
0.0
 11
-19.65192090801866
 21
34.22961581839627
 31
0.0
  0
LINE
  5
790
330
1F
100
AcDbEntity
  8
SK2
  6
CONTINUOUS
370
25
 62
7
100
AcDbLine
 10
-21.22150066260571
 20
33.08430013252114
 30
0.0
 11
-20.18225099390857
 21
34.12354980121829
 31
0.0
  0
LINE
  5
791
330
1F
100
AcDbEntity
  8
SK2
  6
CONTINUOUS
370
25
 62
7
100
AcDbLine
 10
-21.57505405319898
 20
33.15501081063979
 30
0.0
 11
-20.71258107979848
 21
34.0174837840403
 31
0.0
  0
LINE
  5
792
330
1F
100
AcDbEntity
  8
SK2
  6
CONTINUOUS
370
25
 62
7
100
AcDbLine
 10
-21.92860744379226
 20
33.22572148875845
 30
0.0
 11
-21.24291116568839
 21
33.91141776686231
 31
0.0
  0
LINE
  5
793
330
1F
100
AcDbEntity
  8
SK2
  6
CONTINUOUS
370
25
 62
7
100
AcDbLine
 10
-22.28216083438553
 20
33.2964321668771
 30
0.0
 11
-21.7732412515783
 21
33.80535174968433
 31
0.0
  0
LINE
  5
794
330
1F
100
AcDbEntity
  8
SK2
  6
CONTINUOUS
370
25
 62
7
100
AcDbLine
 10
-22.6357142249788
 20
33.36714284499575
 30
0.0
 11
-22.30357133746821
 21
33.69928573250635
 31
0.0
  0
LINE
  5
795
330
1F
100
AcDbEntity
  8
SK2
  6
CONTINUOUS
370
25
 62
7
100
AcDbLine
 10
-22.98926761557208
 20
33.43785352311441
 30
0.0
 11
-22.83390142335812
 21
33.59321971532837
 31
0.0
  0
LINE
  5
796
330
1F
100
AcDbEntity
  8
SK2
  6
CONTINUOUS
370
25
 62
7
100
AcDbLine
 10
-22.96116523516826
 20
33.56776695296634
 30
0.0
 11
-22.79174785275239
 21
33.39834957055048
 31
0.0
  0
LINE
  5
797
330
1F
100
AcDbEntity
  8
SK2
  6
CONTINUOUS
370
25
 62
7
100
AcDbLine
 10
-22.60761184457498
 20
33.638477631085
 30
0.0
 11
-22.26141776686248
 21
33.2922835533725
 31
0.0
  0
LINE
  5
798
330
1F
100
AcDbEntity
  8
SK2
  6
CONTINUOUS
370
25
 62
7
100
AcDbLine
 10
-22.25405845398171
 20
33.70918830920365
 30
0.0
 11
-21.73108768097257
 21
33.18621753619451
 31
0.0
  0
LINE
  5
799
330
1F
100
AcDbEntity
  8
SK2
  6
CONTINUOUS
370
25
 62
7
100
AcDbLine
 10
-21.90050506338843
 20
33.77989898732231
 30
0.0
 11
-21.20075759508265
 21
33.08015151901652
 31
0.0
  0
LINE
  5
79A
330
1F
100
AcDbEntity
  8
SK2
  6
CONTINUOUS
370
25
 62
7
100
AcDbLine
 10
-21.54695167279516
 20
33.85060966544097
 30
0.0
 11
-20.67042750919274
 21
32.97408550183854
 31
0.0
  0
LINE
  5
79B
330
1F
100
AcDbEntity
  8
SK2
  6
CONTINUOUS
370
25
 62
7
100
AcDbLine
 10
-21.19339828220188
 20
33.92132034355962
 30
0.0
 11
-20.14009742330283
 21
32.86801948466056
 31
0.0
  0
LINE
  5
79C
330
1F
100
AcDbEntity
  8
SK2
  6
CONTINUOUS
370
25
 62
7
100
AcDbLine
 10
-20.83984489160861
 20
33.99203102167827
 30
0.0
 11
-19.60976733741292
 21
32.76195346748258
 31
0.0
  0
LINE
  5
79D
330
1F
100
AcDbEntity
  8
SK2
  6
CONTINUOUS
370
25
 62
7
100
AcDbLine
 10
-20.48629150101534
 20
34.06274169979693
 30
0.0
 11
-19.07943725152301
 21
32.6558874503046
 31
0.0
  0
LINE
  5
79E
330
1F
100
AcDbEntity
  8
SK2
  6
CONTINUOUS
370
25
 62
7
100
AcDbLine
 10
-20.13273811042206
 20
34.13345237791559
 30
0.0
 11
-18.5491071656331
 21
32.54982143312662
 31
0.0
  0
LINE
  5
79F
330
1F
100
AcDbEntity
  8
SK2
  6
CONTINUOUS
370
25
 62
7
100
AcDbLine
 10
-19.77918471982879
 20
34.20416305603424
 30
0.0
 11
-18.3
 21
32.72497833620544
 31
0.0
  0
LINE
  5
7A0
330
1F
100
AcDbEntity
  8
SK2
  6
CONTINUOUS
370
25
 62
7
100
AcDbLine
 10
-19.42563132923551
 20
34.27487373415289
 30
0.0
 11
-18.3
 21
33.14924240491737
 31
0.0
  0
LINE
  5
7A1
330
1F
100
AcDbEntity
  8
SK2
  6
CONTINUOUS
370
25
 62
7
100
AcDbLine
 10
-19.07207793864224
 20
34.34558441227155
 30
0.0
 11
-18.3
 21
33.5735064736293
 31
0.0
  0
LINE
  5
7A2
330
1F
100
AcDbEntity
  8
SK2
  6
CONTINUOUS
370
25
 62
7
100
AcDbLine
 10
-18.71852454804897
 20
34.41629509039021
 30
0.0
 11
-18.3
 21
33.99777054234123
 31
0.0
  0
LINE
  5
7A3
330
1F
100
AcDbEntity
  8
SK2
  6
CONTINUOUS
370
25
 62
7
100
AcDbLine
 10
-18.36497115745569
 20
34.48700576850886
 30
0.0
 11
-18.3
 21
34.42203461105316
 31
0.0
  0
LINE
  5
7A4
330
1F
100
AcDbEntity
  8
SK2
  6
CONTINUOUS
370
25
 62
7
100
AcDbLine
 10
11.7
 20
33.5
 30
0.0
 11
6.700000000000003
 21
32.5
 31
0.0
  0
LINE
  5
7A5
330
1F
100
AcDbEntity
  8
SK2
  6
CONTINUOUS
370
25
 62
7
100
AcDbLine
 10
6.700000000000003
 20
32.5
 30
0.0
 11
6.700000000000003
 21
34.5
 31
0.0
  0
LINE
  5
7A6
330
1F
100
AcDbEntity
  8
SK2
  6
CONTINUOUS
370
25
 62
7
100
AcDbLine
 10
6.700000000000003
 20
34.5
 30
0.0
 11
11.7
 21
33.5
 31
0.0
  0
LINE
  5
7A7
330
1F
100
AcDbEntity
  8
SK2
  6
CONTINUOUS
370
25
 62
7
100
AcDbLine
 10
11.3728355337247
 20
33.43456710674494
 30
0.0
 11
11.48189035581647
 21
33.54362192883671
 31
0.0
  0
LINE
  5
7A8
330
1F
100
AcDbEntity
  8
SK2
  6
CONTINUOUS
370
25
 62
7
100
AcDbLine
 10
10.84250544783479
 20
33.32850108956696
 30
0.0
 11
11.1283369652232
 21
33.61433260695537
 31
0.0
  0
LINE
  5
7A9
330
1F
100
AcDbEntity
  8
SK2
  6
CONTINUOUS
370
25
 62
7
100
AcDbLine
 10
10.31217536194488
 20
33.22243507238898
 30
0.0
 11
10.77478357462992
 21
33.68504328507402
 31
0.0
  0
LINE
  5
7AA
330
1F
100
AcDbEntity
  8
SK2
  6
CONTINUOUS
370
25
 62
7
100
AcDbLine
 10
9.781845276054968
 20
33.116369055211
 30
0.0
 11
10.42123018403665
 21
33.75575396319267
 31
0.0
  0
LINE
  5
7AB
330
1F
100
AcDbEntity
  8
SK2
  6
CONTINUOUS
370
25
 62
7
100
AcDbLine
 10
9.251515190165058
 20
33.01030303803302
 30
0.0
 11
10.06767679344337
 21
33.82646464131133
 31
0.0
  0
LINE
  5
7AC
330
1F
100
AcDbEntity
  8
SK2
  6
CONTINUOUS
370
25
 62
7
100
AcDbLine
 10
8.721185104275147
 20
32.90423702085503
 30
0.0
 11
9.714123402850097
 21
33.89717531942998
 31
0.0
  0
LINE
  5
7AD
330
1F
100
AcDbEntity
  8
SK2
  6
CONTINUOUS
370
25
 62
7
100
AcDbLine
 10
8.190855018385239
 20
32.79817100367705
 30
0.0
 11
9.360570012256826
 21
33.96788599754864
 31
0.0
  0
LINE
  5
7AE
330
1F
100
AcDbEntity
  8
SK2
  6
CONTINUOUS
370
25
 62
7
100
AcDbLine
 10
7.660524932495329
 20
32.69210498649907
 30
0.0
 11
9.007016621663551
 21
34.03859667566729
 31
0.0
  0
LINE
  5
7AF
330
1F
100
AcDbEntity
  8
SK2
  6
CONTINUOUS
370
25
 62
7
100
AcDbLine
 10
7.130194846605421
 20
32.58603896932108
 30
0.0
 11
8.653463231070278
 21
34.10930735378595
 31
0.0
  0
LINE
  5
7B0
330
1F
100
AcDbEntity
  8
SK2
  6
CONTINUOUS
370
25
 62
7
100
AcDbLine
 10
6.700000000000003
 20
32.58010819142759
 30
0.0
 11
8.299909840477005
 21
34.1800180319046
 31
0.0
  0
LINE
  5
7B1
330
1F
100
AcDbEntity
  8
SK2
  6
CONTINUOUS
370
25
 62
7
100
AcDbLine
 10
6.700000000000003
 20
33.00437226013953
 30
0.0
 11
7.94635644988373
 21
34.25072871002326
 31
0.0
  0
LINE
  5
7B2
330
1F
100
AcDbEntity
  8
SK2
  6
CONTINUOUS
370
25
 62
7
100
AcDbLine
 10
6.700000000000003
 20
33.42863632885145
 30
0.0
 11
7.592803059290455
 21
34.32143938814191
 31
0.0
  0
LINE
  5
7B3
330
1F
100
AcDbEntity
  8
SK2
  6
CONTINUOUS
370
25
 62
7
100
AcDbLine
 10
6.700000000000003
 20
33.85290039756339
 30
0.0
 11
7.239249668697181
 21
34.39215006626057
 31
0.0
  0
LINE
  5
7B4
330
1F
100
AcDbEntity
  8
SK2
  6
CONTINUOUS
370
25
 62
7
100
AcDbLine
 10
6.700000000000003
 20
34.27716446627532
 30
0.0
 11
6.885696278103907
 21
34.46286074437922
 31
0.0
  0
LINE
  5
7B5
330
1F
100
AcDbEntity
  8
SK2
  6
CONTINUOUS
370
25
 62
7
100
AcDbLine
 10
6.700000000000003
 20
32.75655839020931
 30
0.0
 11
6.913798658507766
 21
32.54275973170155
 31
0.0
  0
LINE
  5
7B6
330
1F
100
AcDbEntity
  8
SK2
  6
CONTINUOUS
370
25
 62
7
100
AcDbLine
 10
6.700000000000003
 20
33.18082245892125
 30
0.0
 11
7.267352049101042
 21
32.61347040982021
 31
0.0
  0
LINE
  5
7B7
330
1F
100
AcDbEntity
  8
SK2
  6
CONTINUOUS
370
25
 62
7
100
AcDbLine
 10
6.700000000000003
 20
33.60508652763318
 30
0.0
 11
7.620905439694318
 21
32.68418108793887
 31
0.0
  0
LINE
  5
7B8
330
1F
100
AcDbEntity
  8
SK2
  6
CONTINUOUS
370
25
 62
7
100
AcDbLine
 10
6.700000000000003
 20
34.02935059634511
 30
0.0
 11
7.974458830287594
 21
32.75489176605752
 31
0.0
  0
LINE
  5
7B9
330
1F
100
AcDbEntity
  8
SK2
  6
CONTINUOUS
370
25
 62
7
100
AcDbLine
 10
6.700000000000003
 20
34.45361466505705
 30
0.0
 11
8.32801222088087
 21
32.82560244417618
 31
0.0
  0
LINE
  5
7BA
330
1F
100
AcDbEntity
  8
SK2
  6
CONTINUOUS
370
25
 62
7
100
AcDbLine
 10
7.17234841721121
 20
34.40553031655776
 30
0.0
 11
8.68156561147414
 21
32.89631312229483
 31
0.0
  0
LINE
  5
7BB
330
1F
100
AcDbEntity
  8
SK2
  6
CONTINUOUS
370
25
 62
7
100
AcDbLine
 10
7.702678503101122
 20
34.29946429937978
 30
0.0
 11
9.035119002067415
 21
32.96702380041349
 31
0.0
  0
LINE
  5
7BC
330
1F
100
AcDbEntity
  8
SK2
  6
CONTINUOUS
370
25
 62
7
100
AcDbLine
 10
8.233008588991034
 20
34.1933982822018
 30
0.0
 11
9.38867239266069
 21
33.03773447853214
 31
0.0
  0
LINE
  5
7BD
330
1F
100
AcDbEntity
  8
SK2
  6
CONTINUOUS
370
25
 62
7
100
AcDbLine
 10
8.763338674880947
 20
34.08733226502382
 30
0.0
 11
9.742225783253966
 21
33.10844515665079
 31
0.0
  0
LINE
  5
7BE
330
1F
100
AcDbEntity
  8
SK2
  6
CONTINUOUS
370
25
 62
7
100
AcDbLine
 10
9.293668760770858
 20
33.98126624784583
 30
0.0
 11
10.09577917384724
 21
33.17915583476945
 31
0.0
  0
LINE
  5
7BF
330
1F
100
AcDbEntity
  8
SK2
  6
CONTINUOUS
370
25
 62
7
100
AcDbLine
 10
9.823998846660768
 20
33.87520023066785
 30
0.0
 11
10.44933256444051
 21
33.2498665128881
 31
0.0
  0
LINE
  5
7C0
330
1F
100
AcDbEntity
  8
SK2
  6
CONTINUOUS
370
25
 62
7
100
AcDbLine
 10
10.35432893255068
 20
33.76913421348987
 30
0.0
 11
10.80288595503379
 21
33.32057719100676
 31
0.0
  0
LINE
  5
7C1
330
1F
100
AcDbEntity
  8
SK2
  6
CONTINUOUS
370
25
 62
7
100
AcDbLine
 10
10.88465901844058
 20
33.66306819631188
 30
0.0
 11
11.15643934562706
 21
33.39128786912541
 31
0.0
  0
LINE
  5
7C2
330
1F
100
AcDbEntity
  8
SK2
  6
CONTINUOUS
370
25
 62
7
100
AcDbLine
 10
11.41498910433049
 20
33.5570021791339
 30
0.0
 11
11.50999273622033
 21
33.46199854724406
 31
0.0
  0
TEXT
  5
7C3
330
1F
100
AcDbEntity
  8
SK2
  6
CONTINUOUS
370
25
 62
7
100
AcDbText
 10
-8.716666666666665
 20
35.0
 30
0.0
 40
3.5
  1
35
 72
     1
 11
-5.799999999999997
 21
35.0
 31
0.0
100
AcDbText
  0
LINE
  5
7C4
330
1F
100
AcDbEntity
  8
2
  6
CONTINUOUS
370
25
 62
7
100
AcDbLine
 10
3.7
 20
-0.5
 30
0.0
 11
3.699999999999998
 21
-44.5
 31
0.0
  0
LINE
  5
7C5
330
1F
100
AcDbEntity
  8
2
  6
CONTINUOUS
370
25
 62
7
100
AcDbLine
 10
11.7
 20
-44.5
 30
0.0
 11
11.7
 21
0.0
 31
0.0
  0
LINE
  5
7C6
330
1F
100
AcDbEntity
  8
2
  6
CONTINUOUS
370
25
 62
7
100
AcDbLine
 10
-3.300000000000002
 20
-43.5
 30
0.0
 11
18.7
 21
-43.5
 31
0.0
  0
LINE
  5
7C7
330
1F
100
AcDbEntity
  8
2
  6
CONTINUOUS
370
25
 62
7
100
AcDbLine
 10
3.699999999999998
 20
-43.5
 30
0.0
 11
-1.300000000000002
 21
-44.5
 31
0.0
  0
LINE
  5
7C8
330
1F
100
AcDbEntity
  8
2
  6
CONTINUOUS
370
25
 62
7
100
AcDbLine
 10
-1.300000000000002
 20
-44.5
 30
0.0
 11
-1.300000000000002
 21
-42.5
 31
0.0
  0
LINE
  5
7C9
330
1F
100
AcDbEntity
  8
2
  6
CONTINUOUS
370
25
 62
7
100
AcDbLine
 10
-1.300000000000002
 20
-42.5
 30
0.0
 11
3.699999999999998
 21
-43.5
 31
0.0
  0
LINE
  5
7CA
330
1F
100
AcDbEntity
  8
2
  6
CONTINUOUS
370
25
 62
7
100
AcDbLine
 10
3.282082769071526
 20
-43.5835834461857
 30
0.0
 11
3.421388512714354
 21
-43.44427770254287
 31
0.0
  0
LINE
  5
7CB
330
1F
100
AcDbEntity
  8
2
  6
CONTINUOUS
370
25
 62
7
100
AcDbLine
 10
2.751752683181607
 20
-43.68964946336368
 30
0.0
 11
3.067835122121075
 21
-43.37356702442421
 31
0.0
  0
LINE
  5
7CC
330
1F
100
AcDbEntity
  8
2
  6
CONTINUOUS
370
25
 62
7
100
AcDbLine
 10
2.221422597291697
 20
-43.79571548054166
 30
0.0
 11
2.714281731527802
 21
-43.30285634630556
 31
0.0
  0
LINE
  5
7CD
330
1F
100
AcDbEntity
  8
2
  6
CONTINUOUS
370
25
 62
7
100
AcDbLine
 10
1.691092511401779
 20
-43.90178149771965
 30
0.0
 11
2.360728340934523
 21
-43.2321456681869
 31
0.0
  0
LINE
  5
7CE
330
1F
100
AcDbEntity
  8
2
  6
CONTINUOUS
370
25
 62
7
100
AcDbLine
 10
1.160762425511869
 20
-44.00784751489763
 30
0.0
 11
2.00717495034125
 21
-43.16143499006825
 31
0.0
  0
LINE
  5
7CF
330
1F
100
AcDbEntity
  8
2
  6
CONTINUOUS
370
25
 62
7
100
AcDbLine
 10
0.6304323396219498
 20
-44.11391353207561
 30
0.0
 11
1.65362155974797
 21
-43.09072431194959
 31
0.0
  0
LINE
  5
7D0
330
1F
100
AcDbEntity
  8
2
  6
CONTINUOUS
370
25
 62
7
100
AcDbLine
 10
0.1001022537320396
 20
-44.21997954925359
 30
0.0
 11
1.300068169154697
 21
-43.02001363383093
 31
0.0
  0
LINE
  5
7D1
330
1F
100
AcDbEntity
  8
2
  6
CONTINUOUS
370
25
 62
7
100
AcDbLine
 10
-0.4302278321578794
 20
-44.32604556643158
 30
0.0
 11
0.9465147785614179
 21
-42.94930295571228
 31
0.0
  0
LINE
  5
7D2
330
1F
100
AcDbEntity
  8
2
  6
CONTINUOUS
370
25
 62
7
100
AcDbLine
 10
-0.9605579180477896
 20
-44.43211158360956
 30
0.0
 11
0.5929613879681446
 21
-42.87859227759363
 31
0.0
  0
LINE
  5
7D3
330
1F
100
AcDbEntity
  8
2
  6
CONTINUOUS
370
25
 62
7
100
AcDbLine
 10
-1.300000000000002
 20
-44.34728959684984
 30
0.0
 11
0.2394079973748654
 21
-42.80788159947497
 31
0.0
  0
LINE
  5
7D4
330
1F
100
AcDbEntity
  8
2
  6
CONTINUOUS
370
25
 62
7
100
AcDbLine
 10
-1.300000000000002
 20
-43.92302552813791
 30
0.0
 11
-0.1141453932184079
 21
-42.73717092135632
 31
0.0
  0
LINE
  5
7D5
330
1F
100
AcDbEntity
  8
2
  6
CONTINUOUS
370
25
 62
7
100
AcDbLine
 10
-1.300000000000002
 20
-43.49876145942598
 30
0.0
 11
-0.4676987838116871
 21
-42.66646024323766
 31
0.0
  0
LINE
  5
7D6
330
1F
100
AcDbEntity
  8
2
  6
CONTINUOUS
370
25
 62
7
100
AcDbLine
 10
-1.300000000000002
 20
-43.07449739071405
 30
0.0
 11
-0.8212521744049603
 21
-42.59574956511901
 31
0.0
  0
LINE
  5
7D7
330
1F
100
AcDbEntity
  8
2
  6
CONTINUOUS
370
25
 62
7
100
AcDbLine
 10
-1.300000000000002
 20
-42.65023332200212
 30
0.0
 11
-1.174805564998239
 21
-42.52503888700035
 31
0.0
  0
LINE
  5
7D8
330
1F
100
AcDbEntity
  8
2
  6
CONTINUOUS
370
25
 62
7
100
AcDbLine
 10
-1.300000000000002
 20
-44.15977876495266
 30
0.0
 11
-1.016482304127215
 21
-44.44329646082544
 31
0.0
  0
LINE
  5
7D9
330
1F
100
AcDbEntity
  8
2
  6
CONTINUOUS
370
25
 62
7
100
AcDbLine
 10
-1.300000000000002
 20
-43.73551469624073
 30
0.0
 11
-0.662928913533942
 21
-44.37258578270679
 31
0.0
  0
LINE
  5
7DA
330
1F
100
AcDbEntity
  8
2
  6
CONTINUOUS
370
25
 62
7
100
AcDbLine
 10
-1.300000000000002
 20
-43.3112506275288
 30
0.0
 11
-0.3093755229406687
 21
-44.30187510458813
 31
0.0
  0
LINE
  5
7DB
330
1F
100
AcDbEntity
  8
2
  6
CONTINUOUS
370
25
 62
7
100
AcDbLine
 10
-1.300000000000002
 20
-42.88698655881687
 30
0.0
 11
0.0441778676526106
 21
-44.23116442646948
 31
0.0
  0
LINE
  5
7DC
330
1F
100
AcDbEntity
  8
2
  6
CONTINUOUS
370
25
 62
7
100
AcDbLine
 10
-1.253403112631172
 20
-42.50931937747377
 30
0.0
 11
0.3977312582458898
 21
-44.16045374835083
 31
0.0
  0
LINE
  5
7DD
330
1F
100
AcDbEntity
  8
2
  6
CONTINUOUS
370
25
 62
7
100
AcDbLine
 10
-0.7230730267412621
 20
-42.61538539465175
 30
0.0
 11
0.7512846488391632
 21
-44.08974307023217
 31
0.0
  0
LINE
  5
7DE
330
1F
100
AcDbEntity
  8
2
  6
CONTINUOUS
370
25
 62
7
100
AcDbLine
 10
-0.1927429408513517
 20
-42.72145141182973
 30
0.0
 11
1.104838039432436
 21
-44.01903239211352
 31
0.0
  0
LINE
  5
7DF
330
1F
100
AcDbEntity
  8
2
  6
CONTINUOUS
370
25
 62
7
100
AcDbLine
 10
0.3375871450385674
 20
-42.82751742900771
 30
0.0
 11
1.458391430025715
 21
-43.94832171399486
 31
0.0
  0
LINE
  5
7E0
330
1F
100
AcDbEntity
  8
2
  6
CONTINUOUS
370
25
 62
7
100
AcDbLine
 10
0.8679172309284864
 20
-42.93358344618569
 30
0.0
 11
1.811944820618995
 21
-43.8776110358762
 31
0.0
  0
LINE
  5
7E1
330
1F
100
AcDbEntity
  8
2
  6
CONTINUOUS
370
25
 62
7
100
AcDbLine
 10
1.398247316818397
 20
-43.03964946336368
 30
0.0
 11
2.165498211212268
 21
-43.80690035775755
 31
0.0
  0
LINE
  5
7E2
330
1F
100
AcDbEntity
  8
2
  6
CONTINUOUS
370
25
 62
7
100
AcDbLine
 10
1.928577402708316
 20
-43.14571548054166
 30
0.0
 11
2.519051601805547
 21
-43.73618967963889
 31
0.0
  0
LINE
  5
7E3
330
1F
100
AcDbEntity
  8
2
  6
CONTINUOUS
370
25
 62
7
100
AcDbLine
 10
2.458907488598225
 20
-43.25178149771964
 30
0.0
 11
2.87260499239882
 21
-43.66547900152024
 31
0.0
  0
LINE
  5
7E4
330
1F
100
AcDbEntity
  8
2
  6
CONTINUOUS
370
25
 62
7
100
AcDbLine
 10
2.989237574488144
 20
-43.35784751489763
 30
0.0
 11
3.226158382992099
 21
-43.59476832340158
 31
0.0
  0
LINE
  5
7E5
330
1F
100
AcDbEntity
  8
2
  6
CONTINUOUS
370
25
 62
7
100
AcDbLine
 10
3.519567660378054
 20
-43.46391353207561
 30
0.0
 11
3.579711773585372
 21
-43.52405764528293
 31
0.0
  0
LINE
  5
7E6
330
1F
100
AcDbEntity
  8
2
  6
CONTINUOUS
370
25
 62
7
100
AcDbLine
 10
11.7
 20
-43.5
 30
0.0
 11
16.7
 21
-42.5
 31
0.0
  0
LINE
  5
7E7
330
1F
100
AcDbEntity
  8
2
  6
CONTINUOUS
370
25
 62
7
100
AcDbLine
 10
16.7
 20
-42.5
 30
0.0
 11
16.7
 21
-44.5
 31
0.0
  0
LINE
  5
7E8
330
1F
100
AcDbEntity
  8
2
  6
CONTINUOUS
370
25
 62
7
100
AcDbLine
 10
16.7
 20
-44.5
 30
0.0
 11
11.7
 21
-43.5
 31
0.0
  0
LINE
  5
7E9
330
1F
100
AcDbEntity
  8
2
  6
CONTINUOUS
370
25
 62
7
100
AcDbLine
 10
16.52189357610264
 20
-44.46437871522053
 30
0.0
 11
16.7
 21
-44.28627229132317
 31
0.0
  0
LINE
  5
7EA
330
1F
100
AcDbEntity
  8
2
  6
CONTINUOUS
370
25
 62
7
100
AcDbLine
 10
16.16834018550937
 20
-44.39366803710188
 30
0.0
 11
16.7
 21
-43.86200822261124
 31
0.0
  0
LINE
  5
7EB
330
1F
100
AcDbEntity
  8
2
  6
CONTINUOUS
370
25
 62
7
100
AcDbLine
 10
15.81478679491609
 20
-44.32295735898322
 30
0.0
 11
16.7
 21
-43.43774415389931
 31
0.0
  0
LINE
  5
7EC
330
1F
100
AcDbEntity
  8
2
  6
CONTINUOUS
370
25
 62
7
100
AcDbLine
 10
15.46123340432281
 20
-44.25224668086456
 30
0.0
 11
16.7
 21
-43.01348008518737
 31
0.0
  0
LINE
  5
7ED
330
1F
100
AcDbEntity
  8
2
  6
CONTINUOUS
370
25
 62
7
100
AcDbLine
 10
15.10768001372954
 20
-44.18153600274591
 30
0.0
 11
16.7
 21
-42.58921601647545
 31
0.0
  0
LINE
  5
7EE
330
1F
100
AcDbEntity
  8
2
  6
CONTINUOUS
370
25
 62
7
100
AcDbLine
 10
14.75412662313626
 20
-44.11082532462725
 30
0.0
 11
16.28118993470439
 21
-42.58376201305913
 31
0.0
  0
LINE
  5
7EF
330
1F
100
AcDbEntity
  8
2
  6
CONTINUOUS
370
25
 62
7
100
AcDbLine
 10
14.40057323254298
 20
-44.0401146465086
 30
0.0
 11
15.75085984881447
 21
-42.68982803023711
 31
0.0
  0
LINE
  5
7F0
330
1F
100
AcDbEntity
  8
2
  6
CONTINUOUS
370
25
 62
7
100
AcDbLine
 10
14.04701984194971
 20
-43.96940396838994
 30
0.0
 11
15.22052976292455
 21
-42.79589404741509
 31
0.0
  0
LINE
  5
7F1
330
1F
100
AcDbEntity
  8
2
  6
CONTINUOUS
370
25
 62
7
100
AcDbLine
 10
13.69346645135643
 20
-43.89869329027128
 30
0.0
 11
14.69019967703465
 21
-42.90196006459307
 31
0.0
  0
LINE
  5
7F2
330
1F
100
AcDbEntity
  8
2
  6
CONTINUOUS
370
25
 62
7
100
AcDbLine
 10
13.33991306076316
 20
-43.82798261215263
 30
0.0
 11
14.15986959114474
 21
-43.00802608177106
 31
0.0
  0
LINE
  5
7F3
330
1F
100
AcDbEntity
  8
2
  6
CONTINUOUS
370
25
 62
7
100
AcDbLine
 10
12.98635967016988
 20
-43.75727193403397
 30
0.0
 11
13.62953950525482
 21
-43.11409209894904
 31
0.0
  0
LINE
  5
7F4
330
1F
100
AcDbEntity
  8
2
  6
CONTINUOUS
370
25
 62
7
100
AcDbLine
 10
12.6328062795766
 20
-43.68656125591532
 30
0.0
 11
13.0992094193649
 21
-43.22015811612702
 31
0.0
  0
LINE
  5
7F5
330
1F
100
AcDbEntity
  8
2
  6
CONTINUOUS
370
25
 62
7
100
AcDbLine
 10
12.27925288898333
 20
-43.61585057779666
 30
0.0
 11
12.56887933347499
 21
-43.326224133305
 31
0.0
  0
LINE
  5
7F6
330
1F
100
AcDbEntity
  8
2
  6
CONTINUOUS
370
25
 62
7
100
AcDbLine
 10
11.92569949839006
 20
-43.54513989967801
 30
0.0
 11
12.03854924758508
 21
-43.43229015048298
 31
0.0
  0
LINE
  5
7F7
330
1F
100
AcDbEntity
  8
2
  6
CONTINUOUS
370
25
 62
7
100
AcDbLine
 10
11.73046936866784
 20
-43.49390612626644
 30
0.0
 11
11.74570405300175
 21
-43.50914081060035
 31
0.0
  0
LINE
  5
7F8
330
1F
100
AcDbEntity
  8
2
  6
CONTINUOUS
370
25
 62
7
100
AcDbLine
 10
12.08402275926111
 20
-43.42319544814778
 30
0.0
 11
12.27603413889166
 21
-43.61520682777833
 31
0.0
  0
LINE
  5
7F9
330
1F
100
AcDbEntity
  8
2
  6
CONTINUOUS
370
25
 62
7
100
AcDbLine
 10
12.43757614985439
 20
-43.35248477002912
 30
0.0
 11
12.80636422478158
 21
-43.72127284495632
 31
0.0
  0
LINE
  5
7FA
330
1F
100
AcDbEntity
  8
2
  6
CONTINUOUS
370
25
 62
7
100
AcDbLine
 10
12.79112954044767
 20
-43.28177409191047
 30
0.0
 11
13.33669431067149
 21
-43.8273388621343
 31
0.0
  0
LINE
  5
7FB
330
1F
100
AcDbEntity
  8
2
  6
CONTINUOUS
370
25
 62
7
100
AcDbLine
 10
13.14468293104094
 20
-43.21106341379181
 30
0.0
 11
13.86702439656141
 21
-43.93340487931228
 31
0.0
  0
LINE
  5
7FC
330
1F
100
AcDbEntity
  8
2
  6
CONTINUOUS
370
25
 62
7
100
AcDbLine
 10
13.49823632163422
 20
-43.14035273567316
 30
0.0
 11
14.39735448245132
 21
-44.03947089649026
 31
0.0
  0
LINE
  5
7FD
330
1F
100
AcDbEntity
  8
2
  6
CONTINUOUS
370
25
 62
7
100
AcDbLine
 10
13.85178971222749
 20
-43.0696420575545
 30
0.0
 11
14.92768456834124
 21
-44.14553691366824
 31
0.0
  0
LINE
  5
7FE
330
1F
100
AcDbEntity
  8
2
  6
CONTINUOUS
370
25
 62
7
100
AcDbLine
 10
14.20534310282077
 20
-42.99893137943585
 30
0.0
 11
15.45801465423115
 21
-44.25160293084623
 31
0.0
  0
LINE
  5
7FF
330
1F
100
AcDbEntity
  8
2
  6
CONTINUOUS
370
25
 62
7
100
AcDbLine
 10
14.55889649341405
 20
-42.92822070131719
 30
0.0
 11
15.98834474012106
 21
-44.35766894802421
 31
0.0
  0
LINE
  5
800
330
1F
100
AcDbEntity
  8
2
  6
CONTINUOUS
370
25
 62
7
100
AcDbLine
 10
14.91244988400732
 20
-42.85751002319854
 30
0.0
 11
16.51867482601098
 21
-44.46373496520219
 31
0.0
  0
LINE
  5
801
330
1F
100
AcDbEntity
  8
2
  6
CONTINUOUS
370
25
 62
7
100
AcDbLine
 10
15.2660032746006
 20
-42.78679934507988
 30
0.0
 11
16.7
 21
-44.22079607047928
 31
0.0
  0
LINE
  5
802
330
1F
100
AcDbEntity
  8
2
  6
CONTINUOUS
370
25
 62
7
100
AcDbLine
 10
15.61955666519387
 20
-42.71608866696123
 30
0.0
 11
16.7
 21
-43.79653200176735
 31
0.0
  0
LINE
  5
803
330
1F
100
AcDbEntity
  8
2
  6
CONTINUOUS
370
25
 62
7
100
AcDbLine
 10
15.97311005578715
 20
-42.64537798884257
 30
0.0
 11
16.7
 21
-43.37226793305541
 31
0.0
  0
LINE
  5
804
330
1F
100
AcDbEntity
  8
2
  6
CONTINUOUS
370
25
 62
7
100
AcDbLine
 10
16.32666344638043
 20
-42.57466731072391
 30
0.0
 11
16.7
 21
-42.94800386434348
 31
0.0
  0
LINE
  5
805
330
1F
100
AcDbEntity
  8
2
  6
CONTINUOUS
370
25
 62
7
100
AcDbLine
 10
16.6802168369737
 20
-42.50395663260526
 30
0.0
 11
16.7
 21
-42.52373979563156
 31
0.0
  0
TEXT
  5
806
330
1F
100
AcDbEntity
  8
2
  6
CONTINUOUS
370
25
 62
7
100
AcDbText
 10
6.533333333333331
 20
-42.0
 30
0.0
 40
3.5
  1
8
 72
     1
 11
7.699999999999998
 21
-42.0
 31
0.0
100
AcDbText
  0
LINE
  5
807
330
1F
100
AcDbEntity
  8
4
  6
LONGDASH_DASH
370
25
 62
2
100
AcDbLine
 10
0.0
 20
0.0
 30
0.0
 11
11.7
 21
0.0
 31
0.0
  0
LINE
  5
808
330
1F
100
AcDbEntity
  8
SK4
  6
LONGDASH_DASH
370
25
 62
2
100
AcDbLine
 10
-29.3
 20
0.0
 30
0.0
 11
17.7
 21
0.0
 31
0.0
  0
LINE
  5
809
330
1F
100
AcDbEntity
  8
2
  6
CONTINUOUS
370
25
 62
7
100
AcDbLine
 10
11.7
 20
0.0
 30
0.0
 11
18.88242300983904
 21
19.73354503650408
 31
0.0
  0
LINE
  5
80A
330
1F
100
AcDbEntity
  8
2
  6
CONTINUOUS
370
25
 62
7
100
AcDbLine
 10
11.7
 20
0.0
 30
0.0
 11
18.88242300983905
 21
-19.73354503650408
 31
0.0
  0
ARC
  5
80B
330
1F
100
AcDbEntity
  8
2
  6
CONTINUOUS
370
25
 62
7
100
AcDbCircle
 10
11.7
 20
0.0000000000000005
 30
0.0
 40
20.0
100
AcDbArc
 50
290.0000000000001
 51
70.00000000000001
  0
LINE
  5
80C
330
1F
100
AcDbEntity
  8
2
  6
CONTINUOUS
370
25
 62
7
100
AcDbLine
 10
18.54040286651337
 20
18.79385241571817
 30
0.0
 11
23.44505128946728
 21
17.39942642370005
 31
0.0
  0
LINE
  5
80D
330
1F
100
AcDbEntity
  8
2
  6
CONTINUOUS
370
25
 62
7
100
AcDbLine
 10
23.44505128946728
 20
17.39942642370005
 30
0.0
 11
22.53145295231002
 21
15.62028672194994
 31
0.0
  0
LINE
  5
80E
330
1F
100
AcDbEntity
  8
2
  6
CONTINUOUS
370
25
 62
7
100
AcDbLine
 10
22.53145295231002
 20
15.62028672194994
 30
0.0
 11
18.54040286651337
 21
18.79385241571817
 31
0.0
  0
LINE
  5
80F
330
1F
100
AcDbEntity
  8
2
  6
CONTINUOUS
370
25
 62
7
100
AcDbLine
 10
22.52579884159581
 20
15.62478270456245
 30
0.0
 11
22.54216660363231
 21
15.64115046659895
 31
0.0
  0
LINE
  5
810
330
1F
100
AcDbEntity
  8
2
  6
CONTINUOUS
370
25
 62
7
100
AcDbLine
 10
22.2894624908507
 20
15.81271042252926
 30
0.0
 11
22.98998685064399
 21
16.51323478232255
 31
0.0
  0
LINE
  5
811
330
1F
100
AcDbEntity
  8
2
  6
CONTINUOUS
370
25
 62
7
100
AcDbLine
 10
22.0531261401056
 20
16.00063814049609
 30
0.0
 11
23.43780709765567
 21
17.38531909804616
 31
0.0
  0
LINE
  5
812
330
1F
100
AcDbEntity
  8
2
  6
CONTINUOUS
370
25
 62
7
100
AcDbLine
 10
21.81678978936049
 20
16.1885658584629
 30
0.0
 11
23.12005039217958
 21
17.491826461282
 31
0.0
  0
LINE
  5
813
330
1F
100
AcDbEntity
  8
2
  6
CONTINUOUS
370
25
 62
7
100
AcDbLine
 10
21.58045343861538
 20
16.37649357642973
 30
0.0
 11
22.78970565286708
 21
17.58574579068143
 31
0.0
  0
LINE
  5
814
330
1F
100
AcDbEntity
  8
2
  6
CONTINUOUS
370
25
 62
7
100
AcDbLine
 10
21.34411708787027
 20
16.56442129439655
 30
0.0
 11
22.45936091355458
 21
17.67966512008086
 31
0.0
  0
LINE
  5
815
330
1F
100
AcDbEntity
  8
2
  6
CONTINUOUS
370
25
 62
7
100
AcDbLine
 10
21.10778073712517
 20
16.75234901236337
 30
0.0
 11
22.12901617424209
 21
17.77358444948029
 31
0.0
  0
LINE
  5
816
330
1F
100
AcDbEntity
  8
2
  6
CONTINUOUS
370
25
 62
7
100
AcDbLine
 10
20.87144438638006
 20
16.94027673033019
 30
0.0
 11
21.79867143492959
 21
17.86750377887972
 31
0.0
  0
LINE
  5
817
330
1F
100
AcDbEntity
  8
2
  6
CONTINUOUS
370
25
 62
7
100
AcDbLine
 10
20.63510803563495
 20
17.12820444829701
 30
0.0
 11
21.46832669561709
 21
17.96142310827914
 31
0.0
  0
LINE
  5
818
330
1F
100
AcDbEntity
  8
2
  6
CONTINUOUS
370
25
 62
7
100
AcDbLine
 10
20.39877168488985
 20
17.31613216626383
 30
0.0
 11
21.13798195630459
 21
18.05534243767857
 31
0.0
  0
LINE
  5
819
330
1F
100
AcDbEntity
  8
2
  6
CONTINUOUS
370
25
 62
7
100
AcDbLine
 10
20.16243533414474
 20
17.50405988423065
 30
0.0
 11
20.80763721699209
 21
18.149261767078
 31
0.0
  0
LINE
  5
81A
330
1F
100
AcDbEntity
  8
2
  6
CONTINUOUS
370
25
 62
7
100
AcDbLine
 10
19.92609898339963
 20
17.69198760219747
 30
0.0
 11
20.47729247767959
 21
18.24318109647743
 31
0.0
  0
LINE
  5
81B
330
1F
100
AcDbEntity
  8
2
  6
CONTINUOUS
370
25
 62
7
100
AcDbLine
 10
19.68976263265452
 20
17.87991532016429
 30
0.0
 11
20.14694773836709
 21
18.33710042587686
 31
0.0
  0
LINE
  5
81C
330
1F
100
AcDbEntity
  8
2
  6
CONTINUOUS
370
25
 62
7
100
AcDbLine
 10
19.45342628190942
 20
18.06784303813111
 30
0.0
 11
19.8166029990546
 21
18.43101975527629
 31
0.0
  0
LINE
  5
81D
330
1F
100
AcDbEntity
  8
2
  6
CONTINUOUS
370
25
 62
7
100
AcDbLine
 10
19.21708993116431
 20
18.25577075609793
 30
0.0
 11
19.48625825974209
 21
18.52493908467572
 31
0.0
  0
LINE
  5
81E
330
1F
100
AcDbEntity
  8
2
  6
CONTINUOUS
370
25
 62
7
100
AcDbLine
 10
18.9807535804192
 20
18.44369847406475
 30
0.0
 11
19.1559135204296
 21
18.61885841407514
 31
0.0
  0
LINE
  5
81F
330
1F
100
AcDbEntity
  8
2
  6
CONTINUOUS
370
25
 62
7
100
AcDbLine
 10
18.7444172296741
 20
18.63162619203157
 30
0.0
 11
18.8255687811171
 21
18.71277774347457
 31
0.0
  0
LINE
  5
820
330
1F
100
AcDbEntity
  8
2
  6
CONTINUOUS
370
25
 62
7
100
AcDbLine
 10
18.5417760313337
 20
18.793462015316
 30
0.0
 11
18.54520083214268
 21
18.79003721450703
 31
0.0
  0
LINE
  5
821
330
1F
100
AcDbEntity
  8
2
  6
CONTINUOUS
370
25
 62
7
100
AcDbLine
 10
19.1345778085616
 20
18.62492430680004
 30
0.0
 11
20.61650539079207
 21
17.14299672456957
 31
0.0
  0
LINE
  5
822
330
1F
100
AcDbEntity
  8
2
  6
CONTINUOUS
370
25
 62
7
100
AcDbLine
 10
19.72737958578951
 20
18.45638659828406
 30
0.0
 11
22.54231898000669
 21
15.64144720406688
 31
0.0
  0
LINE
  5
823
330
1F
100
AcDbEntity
  8
2
  6
CONTINUOUS
370
25
 62
7
100
AcDbLine
 10
20.32018136301739
 20
18.2878488897681
 30
0.0
 11
22.68626426621362
 21
15.92176598657188
 31
0.0
  0
LINE
  5
824
330
1F
100
AcDbEntity
  8
2
  6
CONTINUOUS
370
25
 62
7
100
AcDbLine
 10
20.9129831402453
 20
18.11931118125213
 30
0.0
 11
22.83020955242054
 21
16.20208476907688
 31
0.0
  0
LINE
  5
825
330
1F
100
AcDbEntity
  8
2
  6
CONTINUOUS
370
25
 62
7
100
AcDbLine
 10
21.50578491747319
 20
17.95077347273616
 30
0.0
 11
22.97415483862747
 21
16.48240355158188
 31
0.0
  0
LINE
  5
826
330
1F
100
AcDbEntity
  8
2
  6
CONTINUOUS
370
25
 62
7
100
AcDbLine
 10
22.09858669470109
 20
17.78223576422019
 30
0.0
 11
23.11810012483439
 21
16.76272233408689
 31
0.0
  0
LINE
  5
827
330
1F
100
AcDbEntity
  8
2
  6
CONTINUOUS
370
25
 62
7
100
AcDbLine
 10
22.69138847192898
 20
17.61369805570422
 30
0.0
 11
23.26204541104131
 21
17.04304111659189
 31
0.0
  0
LINE
  5
828
330
1F
100
AcDbEntity
  8
2
  6
CONTINUOUS
370
25
 62
7
100
AcDbLine
 10
23.28419024915689
 20
17.44516034718825
 30
0.0
 11
23.40599069724824
 21
17.3233598990969
 31
0.0
  0
LINE
  5
829
330
1F
100
AcDbEntity
  8
2
  6
CONTINUOUS
370
25
 62
7
100
AcDbLine
 10
18.54040286651338
 20
-18.79385241571817
 30
0.0
 11
22.53145295231003
 21
-15.62028672194994
 31
0.0
  0
LINE
  5
82A
330
1F
100
AcDbEntity
  8
2
  6
CONTINUOUS
370
25
 62
7
100
AcDbLine
 10
22.53145295231003
 20
-15.62028672194994
 30
0.0
 11
23.44505128946729
 21
-17.39942642370005
 31
0.0
  0
LINE
  5
82B
330
1F
100
AcDbEntity
  8
2
  6
CONTINUOUS
370
25
 62
7
100
AcDbLine
 10
23.44505128946729
 20
-17.39942642370005
 30
0.0
 11
18.54040286651338
 21
-18.79385241571817
 31
0.0
  0
LINE
  5
82C
330
1F
100
AcDbEntity
  8
2
  6
CONTINUOUS
370
25
 62
7
100
AcDbLine
 10
22.98521583702256
 20
-17.53016087225695
 30
0.0
 11
23.33339314613349
 21
-17.18198356314602
 31
0.0
  0
LINE
  5
82D
330
1F
100
AcDbEntity
  8
2
  6
CONTINUOUS
370
25
 62
7
100
AcDbLine
 10
22.39241405979466
 20
-17.69869858077292
 30
0.0
 11
23.18944785992656
 21
-16.90166478064102
 31
0.0
  0
LINE
  5
82E
330
1F
100
AcDbEntity
  8
2
  6
CONTINUOUS
370
25
 62
7
100
AcDbLine
 10
21.79961228256677
 20
-17.86723628928889
 30
0.0
 11
23.04550257371964
 21
-16.62134599813601
 31
0.0
  0
LINE
  5
82F
330
1F
100
AcDbEntity
  8
2
  6
CONTINUOUS
370
25
 62
7
100
AcDbLine
 10
21.20681050533887
 20
-18.03577399780486
 30
0.0
 11
22.90155728751272
 21
-16.34102721563101
 31
0.0
  0
LINE
  5
830
330
1F
100
AcDbEntity
  8
2
  6
CONTINUOUS
370
25
 62
7
100
AcDbLine
 10
20.61400872811097
 20
-18.20431170632082
 30
0.0
 11
22.75761200130579
 21
-16.060708433126
 31
0.0
  0
LINE
  5
831
330
1F
100
AcDbEntity
  8
2
  6
CONTINUOUS
370
25
 62
7
100
AcDbLine
 10
20.02120695088308
 20
-18.37284941483679
 30
0.0
 11
22.61366671509887
 21
-15.780389650621
 31
0.0
  0
LINE
  5
832
330
1F
100
AcDbEntity
  8
2
  6
CONTINUOUS
370
25
 62
7
100
AcDbLine
 10
19.42840517365518
 20
-18.54138712335276
 30
0.0
 11
21.64316553951873
 21
-16.32662675748921
 31
0.0
  0
LINE
  5
833
330
1F
100
AcDbEntity
  8
2
  6
CONTINUOUS
370
25
 62
7
100
AcDbLine
 10
18.83560339642728
 20
-18.70992483186873
 30
0.0
 11
19.57186098086936
 21
-17.97366724742665
 31
0.0
  0
LINE
  5
834
330
1F
100
AcDbEntity
  8
2
  6
CONTINUOUS
370
25
 62
7
100
AcDbLine
 10
18.54585197232796
 20
-18.78951944697483
 30
0.0
 11
18.54801948339913
 21
-18.791686958046
 31
0.0
  0
LINE
  5
835
330
1F
100
AcDbEntity
  8
2
  6
CONTINUOUS
370
25
 62
7
100
AcDbLine
 10
18.78218832307306
 20
-18.60159172900801
 30
0.0
 11
18.87836422271164
 21
-18.69776762864658
 31
0.0
  0
LINE
  5
836
330
1F
100
AcDbEntity
  8
2
  6
CONTINUOUS
370
25
 62
7
100
AcDbLine
 10
19.01852467381818
 20
-18.41366401104119
 30
0.0
 11
19.20870896202413
 21
-18.60384829924715
 31
0.0
  0
LINE
  5
837
330
1F
100
AcDbEntity
  8
2
  6
CONTINUOUS
370
25
 62
7
100
AcDbLine
 10
19.25486102456328
 20
-18.22573629307437
 30
0.0
 11
19.53905370133663
 21
-18.50992896984772
 31
0.0
  0
LINE
  5
838
330
1F
100
AcDbEntity
  8
2
  6
CONTINUOUS
370
25
 62
7
100
AcDbLine
 10
19.49119737530839
 20
-18.03780857510755
 30
0.0
 11
19.86939844064913
 21
-18.41600964044829
 31
0.0
  0
LINE
  5
839
330
1F
100
AcDbEntity
  8
2
  6
CONTINUOUS
370
25
 62
7
100
AcDbLine
 10
19.72753372605349
 20
-17.84988085714073
 30
0.0
 11
20.19974317996163
 21
-18.32209031104886
 31
0.0
  0
LINE
  5
83A
330
1F
100
AcDbEntity
  8
2
  6
CONTINUOUS
370
25
 62
7
100
AcDbLine
 10
19.9638700767986
 20
-17.66195313917391
 30
0.0
 11
20.53008791927413
 21
-18.22817098164943
 31
0.0
  0
LINE
  5
83B
330
1F
100
AcDbEntity
  8
2
  6
CONTINUOUS
370
25
 62
7
100
AcDbLine
 10
20.20020642754371
 20
-17.47402542120709
 30
0.0
 11
20.86043265858663
 21
-18.13425165225001
 31
0.0
  0
LINE
  5
83C
330
1F
100
AcDbEntity
  8
2
  6
CONTINUOUS
370
25
 62
7
100
AcDbLine
 10
20.43654277828882
 20
-17.28609770324027
 30
0.0
 11
21.19077739789913
 21
-18.04033232285057
 31
0.0
  0
LINE
  5
83D
330
1F
100
AcDbEntity
  8
2
  6
CONTINUOUS
370
25
 62
7
100
AcDbLine
 10
20.67287912903392
 20
-17.09816998527344
 30
0.0
 11
21.52112213721162
 21
-17.94641299345115
 31
0.0
  0
LINE
  5
83E
330
1F
100
AcDbEntity
  8
2
  6
CONTINUOUS
370
25
 62
7
100
AcDbLine
 10
20.90921547977903
 20
-16.91024226730663
 30
0.0
 11
21.85146687652412
 21
-17.85249366405172
 31
0.0
  0
LINE
  5
83F
330
1F
100
AcDbEntity
  8
2
  6
CONTINUOUS
370
25
 62
7
100
AcDbLine
 10
21.14555183052414
 20
-16.72231454933981
 30
0.0
 11
22.18181161583662
 21
-17.75857433465229
 31
0.0
  0
LINE
  5
840
330
1F
100
AcDbEntity
  8
2
  6
CONTINUOUS
370
25
 62
7
100
AcDbLine
 10
21.38188818126925
 20
-16.53438683137298
 30
0.0
 11
22.51215635514912
 21
-17.66465500525286
 31
0.0
  0
LINE
  5
841
330
1F
100
AcDbEntity
  8
2
  6
CONTINUOUS
370
25
 62
7
100
AcDbLine
 10
21.61822453201435
 20
-16.34645911340616
 30
0.0
 11
22.84250109446162
 21
-17.57073567585343
 31
0.0
  0
LINE
  5
842
330
1F
100
AcDbEntity
  8
2
  6
CONTINUOUS
370
25
 62
7
100
AcDbLine
 10
21.85456088275946
 20
-16.15853139543935
 30
0.0
 11
23.17284583377412
 21
-17.476816346454
 31
0.0
  0
LINE
  5
843
330
1F
100
AcDbEntity
  8
2
  6
CONTINUOUS
370
25
 62
7
100
AcDbLine
 10
22.09089723350457
 20
-15.97060367747252
 30
0.0
 11
23.3662368109753
 21
-17.24594325494325
 31
0.0
  0
LINE
  5
844
330
1F
100
AcDbEntity
  8
2
  6
CONTINUOUS
370
25
 62
7
100
AcDbLine
 10
22.32723358424968
 20
-15.7826759595057
 30
0.0
 11
22.91841656396362
 21
-16.37385893921964
 31
0.0
  0
TEXT
  5
845
330
1F
100
AcDbEntity
  8
2
  6
CONTINUOUS
370
25
 62
7
100
AcDbText
 10
29.2
 20
-4.958333333333333
 30
0.0
 40
3.5
  1
140°
 50
90.0
 72
     1
 11
29.2
 21
0.0
 31
0.0
100
AcDbText
  0
LINE
  5
846
330
1F
100
AcDbEntity
  8
SK1
  6
CONTINUOUS
370
50
 62
4
100
AcDbLine
 10
0.0
 20
0.0
 30
0.0
 11
2.5
 21
0.0
 31
0.0
  0
LINE
  5
847
330
1F
100
AcDbEntity
  8
SK1
  6
CONTINUOUS
370
50
 62
4
100
AcDbLine
 10
0.0
 20
0.0
 30
0.0
 11
0.0
 21
2.5
 31
0.0
  0
ARC
  5
848
330
1F
100
AcDbEntity
  8
SK1
  6
CONTINUOUS
370
50
 62
4
100
AcDbCircle
 10
0.0
 20
0.0
 30
0.0
 40
2.5
100
AcDbArc
 50
0.0
 51
90.0
  0
LINE
  5
849
330
1F
100
AcDbEntity
  8
SK1
  6
CONTINUOUS
370
50
 62
4
100
AcDbLine
 10
0.0
 20
0.0
 30
0.0
 11
-2.5
 21
0.0
 31
0.0
  0
ARC
  5
84A
330
1F
100
AcDbEntity
  8
SK1
  6
CONTINUOUS
370
50
 62
4
100
AcDbCircle
 10
0.0
 20
0.0
 30
0.0
 40
2.5
100
AcDbArc
 50
180.0
 51
270.0
  0
LINE
  5
84B
330
1F
100
AcDbEntity
  8
SK1
  6
CONTINUOUS
370
50
 62
4
100
AcDbLine
 10
0.0
 20
-2.5
 30
0.0
 11
0.0
 21
0.0
 31
0.0
  0
ARC
  5
84C
330
1F
100
AcDbEntity
  8
SK1
  6
CONTINUOUS
370
50
 62
4
100
AcDbCircle
 10
0.0
 20
0.0
 30
0.0
 40
2.5
100
AcDbArc
 50
270.0
 51
0.0
  0
ARC
  5
84D
330
1F
100
AcDbEntity
  8
SK1
  6
CONTINUOUS
370
50
 62
4
100
AcDbCircle
 10
0.0
 20
0.0
 30
0.0
 40
2.5
100
AcDbArc
 50
90.0
 51
180.0
  0
LINE
  5
84E
330
1F
100
AcDbEntity
  8
SK1
  6
CONTINUOUS
370
50
 62
4
100
AcDbLine
 10
-0.31832627443191
 20
-2.479495909600069
 30
0.0
 11
0.0
 21
-2.161169635168159
 31
0.0
  0
LINE
  5
84F
330
1F
100
AcDbEntity
  8
SK1
  6
CONTINUOUS
370
50
 62
4
100
AcDbLine
 10
2.16116963516816
 20
0.0
 30
0.0
 11
2.479495909600069
 21
0.3183262744319091
 31
0.0
  0
LINE
  5
850
330
1F
100
AcDbEntity
  8
SK1
  6
CONTINUOUS
370
50
 62
4
100
AcDbLine
 10
-0.615281817185723
 20
-2.422898061760609
 30
0.0
 11
0.0
 21
-1.807616244574886
 31
0.0
  0
LINE
  5
851
330
1F
100
AcDbEntity
  8
SK1
  6
CONTINUOUS
370
50
 62
4
100
AcDbLine
 10
1.807616244574887
 20
0.0
 30
0.0
 11
2.422898061760609
 21
0.6152818171857222
 31
0.0
  0
LINE
  5
852
330
1F
100
AcDbEntity
  8
SK1
  6
CONTINUOUS
370
50
 62
4
100
AcDbLine
 10
-0.8835965231639721
 20
-2.337659377145585
 30
0.0
 11
0.0
 21
-1.454062853981614
 31
0.0
  0
LINE
  5
853
330
1F
100
AcDbEntity
  8
SK1
  6
CONTINUOUS
370
50
 62
4
100
AcDbLine
 10
1.454062853981615
 20
0.0
 30
0.0
 11
2.337659377145586
 21
0.8835965231639715
 31
0.0
  0
LINE
  5
854
330
1F
100
AcDbEntity
  8
SK1
  6
CONTINUOUS
370
50
 62
4
100
AcDbLine
 10
-1.128779664263143
 20
-2.229289127651483
 30
0.0
 11
0.0
 21
-1.100509463388341
 31
0.0
  0
LINE
  5
855
330
1F
100
AcDbEntity
  8
SK1
  6
CONTINUOUS
370
50
 62
4
100
AcDbLine
 10
1.100509463388341
 20
0.0
 30
0.0
 11
2.229289127651484
 21
1.128779664263142
 31
0.0
  0
LINE
  5
856
330
1F
100
AcDbEntity
  8
SK1
  6
CONTINUOUS
370
50
 62
4
100
AcDbLine
 10
-1.354032791010379
 20
-2.100988863805446
 30
0.0
 11
0.0
 21
-0.7469560727950677
 31
0.0
  0
LINE
  5
857
330
1F
100
AcDbEntity
  8
SK1
  6
CONTINUOUS
370
50
 62
4
100
AcDbLine
 10
0.746956072795068
 20
0.0
 30
0.0
 11
2.100988863805446
 21
1.354032791010378
 31
0.0
  0
LINE
  5
858
330
1F
100
AcDbEntity
  8
SK1
  6
CONTINUOUS
370
50
 62
4
100
AcDbLine
 10
-1.559387394659872
 20
-1.952790076861666
 30
0.0
 11
0.0
 21
-0.3934026822017946
 31
0.0
  0
LINE
  5
859
330
1F
100
AcDbEntity
  8
SK1
  6
CONTINUOUS
370
50
 62
4
100
AcDbLine
 10
0.3934026822017948
 20
0.0
 30
0.0
 11
1.952790076861667
 21
1.559387394659871
 31
0.0
  0
LINE
  5
85A
330
1F
100
AcDbEntity
  8
SK1
  6
CONTINUOUS
370
50
 62
4
100
AcDbLine
 10
-1.746970020883365
 20
-1.786819312491886
 30
0.0
 11
0.0
 21
-0.0398492916085216
 31
0.0
  0
LINE
  5
85B
330
1F
100
AcDbEntity
  8
SK1
  6
CONTINUOUS
370
50
 62
4
100
AcDbLine
 10
0.0398492916085216
 20
0.0
 30
0.0
 11
1.786819312491887
 21
1.746970020883364
 31
0.0
  0
LINE
  5
85C
330
1F
100
AcDbEntity
  8
SK1
  6
CONTINUOUS
370
50
 62
4
100
AcDbLine
 10
-1.917371878232655
 20
-1.603667779247902
 30
0.0
 11
-0.3137040989847517
 21
0.0
 31
0.0
  0
LINE
  5
85D
330
1F
100
AcDbEntity
  8
SK1
  6
CONTINUOUS
370
50
 62
4
100
AcDbLine
 10
0.0
 20
0.3137040989847515
 30
0.0
 11
1.603667779247903
 21
1.917371878232654
 31
0.0
  0
LINE
  5
85E
330
1F
100
AcDbEntity
  8
SK1
  6
CONTINUOUS
370
50
 62
4
100
AcDbLine
 10
-2.068741231122433
 20
-1.401483741544407
 30
0.0
 11
-0.6672574895780249
 21
0.0
 31
0.0
  0
LINE
  5
85F
330
1F
100
AcDbEntity
  8
SK1
  6
CONTINUOUS
370
50
 62
4
100
AcDbLine
 10
0.0
 20
0.6672574895780246
 30
0.0
 11
1.401483741544409
 21
2.068741231122432
 31
0.0
  0
LINE
  5
860
330
1F
100
AcDbEntity
  8
SK1
  6
CONTINUOUS
370
50
 62
4
100
AcDbLine
 10
-2.2023876557675
 20
-1.181576775596201
 30
0.0
 11
-1.020810880171298
 21
0.0
 31
0.0
  0
LINE
  5
861
330
1F
100
AcDbEntity
  8
SK1
  6
CONTINUOUS
370
50
 62
4
100
AcDbLine
 10
0.0
 20
1.020810880171298
 30
0.0
 11
1.181576775596202
 21
2.202387655767499
 31
0.0
  0
LINE
  5
862
330
1F
100
AcDbEntity
  8
SK1
  6
CONTINUOUS
370
50
 62
4
100
AcDbLine
 10
-2.315450943493525
 20
-0.9410866727289533
 30
0.0
 11
-1.374364270764571
 21
0.0
 31
0.0
  0
LINE
  5
863
330
1F
100
AcDbEntity
  8
SK1
  6
CONTINUOUS
370
50
 62
4
100
AcDbLine
 10
0.0
 20
1.374364270764571
 30
0.0
 11
0.9410866727289543
 21
2.315450943493524
 31
0.0
  0
LINE
  5
864
330
1F
100
AcDbEntity
  8
SK1
  6
CONTINUOUS
370
50
 62
4
100
AcDbLine
 10
-2.405290600131854
 20
-0.6773729387740097
 30
0.0
 11
-1.727917661357844
 21
0.0
 31
0.0
  0
LINE
  5
865
330
1F
100
AcDbEntity
  8
SK1
  6
CONTINUOUS
370
50
 62
4
100
AcDbLine
 10
0.0
 20
1.727917661357844
 30
0.0
 11
0.6773729387740106
 21
2.405290600131854
 31
0.0
  0
LINE
  5
866
330
1F
100
AcDbEntity
  8
SK1
  6
CONTINUOUS
370
50
 62
4
100
AcDbLine
 10
-2.468598823056026
 20
-0.3871277711049084
 30
0.0
 11
-2.081471051951118
 21
0.0
 31
0.0
  0
LINE
  5
867
330
1F
100
AcDbEntity
  8
SK1
  6
CONTINUOUS
370
50
 62
4
100
AcDbLine
 10
0.0
 20
2.081471051951117
 30
0.0
 11
0.3871277711049085
 21
2.468598823056025
 31
0.0
  0
LINE
  5
868
330
1F
100
AcDbEntity
  8
SK1
  6
CONTINUOUS
370
50
 62
4
100
AcDbLine
 10
-2.498020276172772
 20
-0.0629958336283822
 30
0.0
 11
-2.43502444254439
 21
0.0
 31
0.0
  0
LINE
  5
869
330
1F
100
AcDbEntity
  8
SK1
  6
CONTINUOUS
370
50
 62
4
100
AcDbLine
 10
0.0
 20
2.435024442544389
 30
0.0
 11
0.0629958336283828
 21
2.498020276172772
 31
0.0
  0
LINE
  5
86A
330
1F
100
AcDbEntity
  8
SK1
  6
CONTINUOUS
370
50
 62
4
100
AcDbLine
 10
-2.337336523620827
 20
-0.8844932833271533
 30
0.0
 11
-0.8844932833271509
 21
-2.337336523620827
 31
0.0
  0
LINE
  5
86B
330
1F
100
AcDbEntity
  8
SK1
  6
CONTINUOUS
370
50
 62
4
100
AcDbLine
 10
-2.466237059966593
 20
-0.4020393563881135
 30
0.0
 11
-0.4020393563881111
 21
-2.466237059966594
 31
0.0
  0
LINE
  5
86C
330
1F
100
AcDbEntity
  8
SK1
  6
CONTINUOUS
370
50
 62
4
100
AcDbLine
 10
-2.499522297881596
 20
-0.0152007278798383
 30
0.0
 11
-0.0152007278798351
 21
-2.499522297881596
 31
0.0
  0
LINE
  5
86D
330
1F
100
AcDbEntity
  8
SK1
  6
CONTINUOUS
370
50
 62
4
100
AcDbLine
 10
-2.16116963516816
 20
0.0
 30
0.0
 11
0.0
 21
-2.161169635168158
 31
0.0
  0
LINE
  5
86E
330
1F
100
AcDbEntity
  8
SK1
  6
CONTINUOUS
370
50
 62
4
100
AcDbLine
 10
-1.807616244574888
 20
0.0
 30
0.0
 11
0.0
 21
-1.807616244574886
 31
0.0
  0
LINE
  5
86F
330
1F
100
AcDbEntity
  8
SK1
  6
CONTINUOUS
370
50
 62
4
100
AcDbLine
 10
-1.454062853981615
 20
0.0
 30
0.0
 11
0.0
 21
-1.454062853981613
 31
0.0
  0
LINE
  5
870
330
1F
100
AcDbEntity
  8
SK1
  6
CONTINUOUS
370
50
 62
4
100
AcDbLine
 10
-1.100509463388341
 20
0.0
 30
0.0
 11
0.0
 21
-1.10050946338834
 31
0.0
  0
LINE
  5
871
330
1F
100
AcDbEntity
  8
SK1
  6
CONTINUOUS
370
50
 62
4
100
AcDbLine
 10
-0.7469560727950676
 20
0.0
 30
0.0
 11
0.0
 21
-0.7469560727950668
 31
0.0
  0
LINE
  5
872
330
1F
100
AcDbEntity
  8
SK1
  6
CONTINUOUS
370
50
 62
4
100
AcDbLine
 10
-0.3934026822017942
 20
0.0
 30
0.0
 11
0.0
 21
-0.3934026822017938
 31
0.0
  0
LINE
  5
873
330
1F
100
AcDbEntity
  8
SK1
  6
CONTINUOUS
370
50
 62
4
100
AcDbLine
 10
-0.0398492916085216
 20
0.0
 30
0.0
 11
0.0
 21
-0.0398492916085216
 31
0.0
  0
LINE
  5
874
330
1F
100
AcDbEntity
  8
SK1
  6
CONTINUOUS
370
50
 62
4
100
AcDbLine
 10
0.0
 20
0.3137040989847515
 30
0.0
 11
0.3137040989847518
 21
0.0
 31
0.0
  0
LINE
  5
875
330
1F
100
AcDbEntity
  8
SK1
  6
CONTINUOUS
370
50
 62
4
100
AcDbLine
 10
0.0
 20
0.6672574895780246
 30
0.0
 11
0.6672574895780253
 21
0.0
 31
0.0
  0
LINE
  5
876
330
1F
100
AcDbEntity
  8
SK1
  6
CONTINUOUS
370
50
 62
4
100
AcDbLine
 10
0.0
 20
1.020810880171298
 30
0.0
 11
1.020810880171299
 21
0.0
 31
0.0
  0
LINE
  5
877
330
1F
100
AcDbEntity
  8
SK1
  6
CONTINUOUS
370
50
 62
4
100
AcDbLine
 10
0.0
 20
1.37436427076457
 30
0.0
 11
1.374364270764571
 21
0.0
 31
0.0
  0
LINE
  5
878
330
1F
100
AcDbEntity
  8
SK1
  6
CONTINUOUS
370
50
 62
4
100
AcDbLine
 10
0.0
 20
1.727917661357843
 30
0.0
 11
1.727917661357845
 21
0.0
 31
0.0
  0
LINE
  5
879
330
1F
100
AcDbEntity
  8
SK1
  6
CONTINUOUS
370
50
 62
4
100
AcDbLine
 10
0.0
 20
2.081471051951116
 30
0.0
 11
2.081471051951118
 21
0.0
 31
0.0
  0
LINE
  5
87A
330
1F
100
AcDbEntity
  8
SK1
  6
CONTINUOUS
370
50
 62
4
100
AcDbLine
 10
0.0
 20
2.435024442544389
 30
0.0
 11
2.435024442544392
 21
0.0
 31
0.0
  0
LINE
  5
87B
330
1F
100
AcDbEntity
  8
SK1
  6
CONTINUOUS
370
50
 62
4
100
AcDbLine
 10
0.3077647139123103
 20
2.480813119225352
 30
0.0
 11
2.480813119225352
 21
0.307764713912313
 31
0.0
  0
LINE
  5
87C
330
1F
100
AcDbEntity
  8
SK1
  6
CONTINUOUS
370
50
 62
4
100
AcDbLine
 10
0.7611924397506667
 20
2.380938783980268
 30
0.0
 11
2.380938783980268
 21
0.7611924397506691
 31
0.0
  0
LINE
  5
87D
330
1F
100
AcDbEntity
  8
SK1
  6
CONTINUOUS
370
50
 62
4
100
AcDbLine
 10
1.48586376213526
 20
2.009820852188948
 30
0.0
 11
2.009820852188946
 21
1.485863762135263
 31
0.0
  0
ARC
  5
87E
330
1F
100
AcDbEntity
  8
SK6
  6
CONTINUOUS
370
25
 62
5
100
AcDbCircle
 10
44.46137100837651
 20
-32.84523475338786
 30
0.0
 40
2.760489128492204
100
AcDbArc
 50
338.9379403434233
 51
90.44457437511392
  0
LINE
  5
87F
330
1F
100
AcDbEntity
  8
SK6
  6
CONTINUOUS
370
25
 62
5
100
AcDbLine
 10
44.43995179695983
 20
-30.08482872421281
 30
0.0
 11
44.43995179695983
 21
-31.18788735613463
 31
0.0
  0
ARC
  5
880
330
1F
100
AcDbEntity
  8
SK6
  6
CONTINUOUS
370
25
 62
5
100
AcDbCircle
 10
44.45049802936916
 20
-32.86522824566821
 30
0.0
 40
1.677374043771785
100
AcDbArc
 50
243.4214706017864
 51
90.36024081226107
  0
ARC
  5
881
330
1F
100
AcDbEntity
  8
SK6
  6
CONTINUOUS
370
25
 62
5
100
AcDbCircle
 10
46.97274889684958
 20
-32.4338209921556
 30
0.0
 40
3.800217030022756
100
AcDbArc
 50
210.548373128854
 51
236.97801693668
  0
LINE
  5
882
330
1F
100
AcDbEntity
  8
SK6
  6
CONTINUOUS
370
25
 62
5
100
AcDbLine
 10
44.90177968512486
 20
-35.62015681867535
 30
0.0
 11
49.04371996742671
 21
-35.62015681867535
 31
0.0
  0
ARC
  5
883
330
1F
100
AcDbEntity
  8
SK6
  6
CONTINUOUS
370
25
 62
5
100
AcDbCircle
 10
46.97275083877257
 20
-32.43382109373459
 30
0.0
 40
3.800216899582478
100
AcDbArc
 50
303.0219828477958
 51
326.3732153033476
  0
LINE
  5
884
330
1F
100
AcDbEntity
  8
SK6
  6
CONTINUOUS
370
25
 62
5
100
AcDbLine
 10
50.13704875135723
 20
-34.5383084907709
 30
0.0
 11
46.77975070575462
 21
-34.5383084907709
 31
0.0
  0
LINE
  5
885
330
1F
100
AcDbEntity
  8
SK6
  6
CONTINUOUS
370
25
 62
5
100
AcDbLine
 10
46.77975070575462
 20
-34.5383084907709
 30
0.0
 11
50.69961009771987
 21
-33.17690729641694
 31
0.0
  0
ARC
  5
886
330
1F
100
AcDbEntity
  8
SK6
  6
CONTINUOUS
370
25
 62
5
100
AcDbCircle
 10
46.9727515615721
 20
-32.4338216048594
 30
0.0
 40
3.80021721661473
100
AcDbArc
 50
348.7238644184695
 51
53.4691051260883
  0
LINE
  5
887
330
1F
100
AcDbEntity
  8
SK6
  6
CONTINUOUS
370
25
 62
5
100
AcDbLine
 10
49.23485424538546
 20
-29.38021024429967
 30
0.0
 11
47.03743947882737
 21
-33.83729873507058
 31
0.0
  0
LINE
  5
888
330
1F
100
AcDbEntity
  8
INFTOTAL
  6
CONTINUOUS
370
18
 62
9
100
AcDbLine
 10
-66.330011
 20
-47.85001100000001
 30
0.0
 11
59.070011
 21
-47.85001100000001
 31
0.0
  0
LINE
  5
889
330
1F
100
AcDbEntity
  8
INFTOTAL
  6
CONTINUOUS
370
18
 62
9
100
AcDbLine
 10
59.070011
 20
-47.85001100000001
 30
0.0
 11
59.070011
 21
47.85001100000001
 31
0.0
  0
LINE
  5
88A
330
1F
100
AcDbEntity
  8
INFTOTAL
  6
CONTINUOUS
370
18
 62
9
100
AcDbLine
 10
59.070011
 20
47.85001100000001
 30
0.0
 11
-66.33001100000001
 21
47.85001100000001
 31
0.0
  0
LINE
  5
88B
330
1F
100
AcDbEntity
  8
INFTOTAL
  6
CONTINUOUS
370
18
 62
9
100
AcDbLine
 10
-66.33001100000001
 20
47.85001100000001
 30
0.0
 11
-66.33001100000001
 21
-47.85001100000001
 31
0.0
  0
ENDSEC
  0
SECTION
  2
OBJECTS
  0
DICTIONARY
  5
C
330
0
100
AcDbDictionary
281
     1
  3
ACAD_GROUP
350
D
  3
ACAD_LAYOUT
350
1A
  3
ACAD_MATERIAL
350
3B
  3
ACAD_MLEADERSTYLE
350
88E
  3
ACAD_MLINESTYLE
350
17
  3
ACAD_PLOTSETTINGS
350
19
  3
ACAD_PLOTSTYLENAME
350
E
  3
ACAD_SCALELIST
350
23F
  3
ACAD_VISUALSTYLE
350
2A
  3
AcDbVariableDictionary
350
88C
  0
DICTIONARY
  5
D
102
{ACAD_REACTORS
330
C
102
}
330
C
100
AcDbDictionary
281
     1
  0
DICTIONARY
  5
1A
102
{ACAD_REACTORS
330
C
102
}
330
C
100
AcDbDictionary
281
     1
  3
Layout1
350
1E
  3
Layout2
350
26
  3
Model
350
22
  0
DICTIONARY
  5
3B
102
{ACAD_REACTORS
330
C
102
}
330
C
100
AcDbDictionary
281
     1
  3
ByBlock
350
3D
  3
ByLayer
350
3C
  3
Global
350
3E
  0
DICTIONARY
  5
88E
102
{ACAD_REACTORS
330
C
102
}
330
C
100
AcDbDictionary
281
     1
  0
DICTIONARY
  5
17
102
{ACAD_REACTORS
330
C
102
}
330
C
100
AcDbDictionary
281
     1
  3
Standard
350
18
  0
DICTIONARY
  5
19
102
{ACAD_REACTORS
330
C
102
}
330
C
100
AcDbDictionary
281
     1
  0
ACDBDICTIONARYWDFLT
  5
E
102
{ACAD_REACTORS
330
C
102
}
330
C
100
AcDbDictionary
281
     1
  3
Normal
350
F
100
AcDbDictionaryWithDefault
340
F
  0
DICTIONARY
  5
23F
102
{ACAD_REACTORS
330
C
102
}
330
C
100
AcDbDictionary
281
     1
  3
A0
350
240
  3
A1
350
241
  3
A2
350
242
  3
A3
350
243
  3
A4
350
244
  3
A5
350
245
  3
A6
350
246
  3
A7
350
247
  3
A8
350
248
  3
A9
350
249
  3
B0
350
24A
  3
B1
350
24B
  3
B2
350
24C
  3
B3
350
24D
  3
B4
350
24E
  3
B5
350
24F
  3
B6
350
250
  3
B7
350
251
  3
B8
350
252
  3
B9
350
253
  3
C0
350
254
  3
C1
350
255
  3
C2
350
256
  3
C3
350
257
  3
C4
350
258
  3
C5
350
259
  3
C6
350
25A
  3
C7
350
25B
  3
C8
350
25C
  3
C9
350
25D
  3
D0
350
25E
  3
D1
350
25F
  3
D2
350
260
  0
DICTIONARY
  5
2A
102
{ACAD_REACTORS
330
C
102
}
330
C
100
AcDbDictionary
281
     1
  3
2dWireframe
350
2F
  3
3D Hidden
350
31
  3
3dWireframe
350
30
  3
Basic
350
32
  3
Brighten
350
36
  3
ColorChange
350
3A
  3
Conceptual
350
34
  3
Dim
350
35
  3
Facepattern
350
39
  3
Flat
350
2B
  3
FlatWithEdges
350
2C
  3
Gouraud
350
2D
  3
GouraudWithEdges
350
2E
  3
Linepattern
350
38
  3
Realistic
350
33
  3
Thicken
350
37
  0
DICTIONARY
  5
88C
102
{ACAD_REACTORS
330
C
102
}
330
C
100
AcDbDictionary
281
     1
  3
CANNOSCALE
350
891
  3
DIMASSOC
350
892
  3
HIDETEXT
350
893
  3
PSOLHEIGHT
350
890
  3
PSOLWIDTH
350
88F
  0
LAYOUT
  5
1E
102
{ACAD_REACTORS
330
1A
102
}
330
1A
100
AcDbPlotSettings
  1

  2
none_device
  4

  6

 40
0.0
 41
0.0
 42
0.0
 43
0.0
 44
0.0
 45
0.0
 46
0.0
 47
0.0
 48
0.0
 49
0.0
140
0.0
141
0.0
142
1.0
143
1.0
 70
   688
 72
     0
 73
     0
 74
     5
  7

 75
    16
147
1.0
148
0.0
149
0.0
100
AcDbLayout
  1
Layout1
 70
     1
 71
     1
 10
0.0
 20
0.0
 11
420.0
 21
297.0
 12
0.0
 22
0.0
 32
0.0
 14
1.000000000000000E+20
 24
1.000000000000000E+20
 34
1.000000000000000E+20
 15
-1.000000000000000E+20
 25
-1.000000000000000E+20
 35
-1.000000000000000E+20
146
0.0
 13
0.0
 23
0.0
 33
0.0
 16
1.0
 26
0.0
 36
0.0
 17
0.0
 27
1.0
 37
0.0
 76
     0
330
1B
  0
LAYOUT
  5
26
102
{ACAD_REACTORS
330
1A
102
}
330
1A
100
AcDbPlotSettings
  1

  2
none_device
  4

  6

 40
0.0
 41
0.0
 42
0.0
 43
0.0
 44
0.0
 45
0.0
 46
0.0
 47
0.0
 48
0.0
 49
0.0
140
0.0
141
0.0
142
1.0
143
1.0
 70
   688
 72
     0
 73
     0
 74
     5
  7

 75
    16
147
1.0
148
0.0
149
0.0
100
AcDbLayout
  1
Layout2
 70
     1
 71
     2
 10
0.0
 20
0.0
 11
0.0
 21
0.0
 12
0.0
 22
0.0
 32
0.0
 14
0.0
 24
0.0
 34
0.0
 15
0.0
 25
0.0
 35
0.0
146
0.0
 13
0.0
 23
0.0
 33
0.0
 16
1.0
 26
0.0
 36
0.0
 17
0.0
 27
1.0
 37
0.0
 76
     0
330
23
  0
LAYOUT
  5
22
102
{ACAD_REACTORS
330
1A
102
}
330
1A
100
AcDbPlotSettings
  1

  2
none_device
  4

  6

 40
0.0
 41
0.0
 42
0.0
 43
0.0
 44
0.0
 45
0.0
 46
0.0
 47
0.0
 48
0.0
 49
0.0
140
0.0
141
0.0
142
1.0
143
1.0
 70
  1712
 72
     0
 73
     0
 74
     0
  7

 75
     0
147
1.0
148
0.0
149
0.0
100
AcDbLayout
  1
Model
 70
     1
 71
     0
 10
0.0
 20
0.0
 11
420.0
 21
297.0
 12
0.0
 22
0.0
 32
0.0
 14
0.0
 24
0.0
 34
0.0
 15
25.0
 25
35.0
 35
0.0
146
0.0
 13
0.0
 23
0.0
 33
0.0
 16
1.0
 26
0.0
 36
0.0
 17
0.0
 27
1.0
 37
0.0
 76
     0
330
1F
331
29
  0
MATERIAL
  5
3D
102
{ACAD_REACTORS
330
3B
102
}
102
{ACAD_XDICTIONARY
360
8B6
102
}
330
3B
100
AcDbMaterial
  1
ByBlock
  0
MATERIAL
  5
3C
102
{ACAD_REACTORS
330
3B
102
}
102
{ACAD_XDICTIONARY
360
8B4
102
}
330
3B
100
AcDbMaterial
  1
ByLayer
  0
MATERIAL
  5
3E
102
{ACAD_REACTORS
330
3B
102
}
102
{ACAD_XDICTIONARY
360
8B8
102
}
330
3B
100
AcDbMaterial
  1
Global
  0
MLINESTYLE
  5
18
102
{ACAD_REACTORS
330
17
102
}
330
17
100
AcDbMlineStyle
  2
Standard
 70
     0
  3

 62
   256
 51
90.0
 52
90.0
 71
     2
 49
0.5
 62
   256
  6
BYLAYER
 49
-0.5
 62
   256
  6
BYLAYER
  0
ACDBPLACEHOLDER
  5
F
102
{ACAD_REACTORS
330
E
102
}
330
E
  0
SCALE
  5
240
102
{ACAD_REACTORS
330
23F
102
}
330
23F
100
AcDbScale
 70
     0
300
1:1
140
1.0
141
1.0
290
     1
  0
SCALE
  5
241
102
{ACAD_REACTORS
330
23F
102
}
330
23F
100
AcDbScale
 70
     0
300
1:2
140
1.0
141
2.0
290
     0
  0
SCALE
  5
242
102
{ACAD_REACTORS
330
23F
102
}
330
23F
100
AcDbScale
 70
     0
300
1:4
140
1.0
141
4.0
290
     0
  0
SCALE
  5
243
102
{ACAD_REACTORS
330
23F
102
}
330
23F
100
AcDbScale
 70
     0
300
1:5
140
1.0
141
5.0
290
     0
  0
SCALE
  5
244
102
{ACAD_REACTORS
330
23F
102
}
330
23F
100
AcDbScale
 70
     0
300
1:8
140
1.0
141
8.0
290
     0
  0
SCALE
  5
245
102
{ACAD_REACTORS
330
23F
102
}
330
23F
100
AcDbScale
 70
     0
300
1:10
140
1.0
141
10.0
290
     0
  0
SCALE
  5
246
102
{ACAD_REACTORS
330
23F
102
}
330
23F
100
AcDbScale
 70
     0
300
1:16
140
1.0
141
16.0
290
     0
  0
SCALE
  5
247
102
{ACAD_REACTORS
330
23F
102
}
330
23F
100
AcDbScale
 70
     0
300
1:20
140
1.0
141
20.0
290
     0
  0
SCALE
  5
248
102
{ACAD_REACTORS
330
23F
102
}
330
23F
100
AcDbScale
 70
     0
300
1:30
140
1.0
141
30.0
290
     0
  0
SCALE
  5
249
102
{ACAD_REACTORS
330
23F
102
}
330
23F
100
AcDbScale
 70
     0
300
1:40
140
1.0
141
40.0
290
     0
  0
SCALE
  5
24A
102
{ACAD_REACTORS
330
23F
102
}
330
23F
100
AcDbScale
 70
     0
300
1:50
140
1.0
141
50.0
290
     0
  0
SCALE
  5
24B
102
{ACAD_REACTORS
330
23F
102
}
330
23F
100
AcDbScale
 70
     0
300
1:100
140
1.0
141
100.0
290
     0
  0
SCALE
  5
24C
102
{ACAD_REACTORS
330
23F
102
}
330
23F
100
AcDbScale
 70
     0
300
2:1
140
2.0
141
1.0
290
     0
  0
SCALE
  5
24D
102
{ACAD_REACTORS
330
23F
102
}
330
23F
100
AcDbScale
 70
     0
300
4:1
140
4.0
141
1.0
290
     0
  0
SCALE
  5
24E
102
{ACAD_REACTORS
330
23F
102
}
330
23F
100
AcDbScale
 70
     0
300
8:1
140
8.0
141
1.0
290
     0
  0
SCALE
  5
24F
102
{ACAD_REACTORS
330
23F
102
}
330
23F
100
AcDbScale
 70
     0
300
10:1
140
10.0
141
1.0
290
     0
  0
SCALE
  5
250
102
{ACAD_REACTORS
330
23F
102
}
330
23F
100
AcDbScale
 70
     0
300
100:1
140
100.0
141
1.0
290
     0
  0
SCALE
  5
251
102
{ACAD_REACTORS
330
23F
102
}
330
23F
100
AcDbScale
 70
     0
300
1/128" = 1'-0"
140
0.0078125
141
12.0
290
     0
  0
SCALE
  5
252
102
{ACAD_REACTORS
330
23F
102
}
330
23F
100
AcDbScale
 70
     0
300
1/64" = 1'-0"
140
0.015625
141
12.0
290
     0
  0
SCALE
  5
253
102
{ACAD_REACTORS
330
23F
102
}
330
23F
100
AcDbScale
 70
     0
300
1/32" = 1'-0"
140
0.03125
141
12.0
290
     0
  0
SCALE
  5
254
102
{ACAD_REACTORS
330
23F
102
}
330
23F
100
AcDbScale
 70
     0
300
1/16" = 1'-0"
140
0.0625
141
12.0
290
     0
  0
SCALE
  5
255
102
{ACAD_REACTORS
330
23F
102
}
330
23F
100
AcDbScale
 70
     0
300
3/32" = 1'-0"
140
0.09375
141
12.0
290
     0
  0
SCALE
  5
256
102
{ACAD_REACTORS
330
23F
102
}
330
23F
100
AcDbScale
 70
     0
300
1/8" = 1'-0"
140
0.125
141
12.0
290
     0
  0
SCALE
  5
257
102
{ACAD_REACTORS
330
23F
102
}
330
23F
100
AcDbScale
 70
     0
300
3/16" = 1'-0"
140
0.1875
141
12.0
290
     0
  0
SCALE
  5
258
102
{ACAD_REACTORS
330
23F
102
}
330
23F
100
AcDbScale
 70
     0
300
1/4" = 1'-0"
140
0.25
141
12.0
290
     0
  0
SCALE
  5
259
102
{ACAD_REACTORS
330
23F
102
}
330
23F
100
AcDbScale
 70
     0
300
3/8" = 1'-0"
140
0.375
141
12.0
290
     0
  0
SCALE
  5
25A
102
{ACAD_REACTORS
330
23F
102
}
330
23F
100
AcDbScale
 70
     0
300
1/2" = 1'-0"
140
0.5
141
12.0
290
     0
  0
SCALE
  5
25B
102
{ACAD_REACTORS
330
23F
102
}
330
23F
100
AcDbScale
 70
     0
300
3/4" = 1'-0"
140
0.75
141
12.0
290
     0
  0
SCALE
  5
25C
102
{ACAD_REACTORS
330
23F
102
}
330
23F
100
AcDbScale
 70
     0
300
1" = 1'-0"
140
1.0
141
12.0
290
     0
  0
SCALE
  5
25D
102
{ACAD_REACTORS
330
23F
102
}
330
23F
100
AcDbScale
 70
     0
300
1-1/2" = 1'-0"
140
1.5
141
12.0
290
     0
  0
SCALE
  5
25E
102
{ACAD_REACTORS
330
23F
102
}
330
23F
100
AcDbScale
 70
     0
300
3" = 1'-0"
140
3.0
141
12.0
290
     0
  0
SCALE
  5
25F
102
{ACAD_REACTORS
330
23F
102
}
330
23F
100
AcDbScale
 70
     0
300
6" = 1'-0"
140
6.0
141
12.0
290
     0
  0
SCALE
  5
260
102
{ACAD_REACTORS
330
23F
102
}
330
23F
100
AcDbScale
 70
     0
300
1'-0" = 1'-0"
140
12.0
141
12.0
290
     0
  0
VISUALSTYLE
  5
2F
102
{ACAD_REACTORS
330
2A
102
}
102
{ACAD_XDICTIONARY
360
89C
102
}
330
2A
100
AcDbVisualStyle
  2
2dWireframe
 70
     4
 71
     0
 72
     2
 73
     0
 90
        0
 40
-0.6
 41
-30.0
 62
     5
 63
     7
 74
     1
 91
        4
 64
     7
 65
   257
 75
     1
175
     1
 42
1.0
 92
        0
 66
   257
 43
1.0
 76
     1
 77
     6
 78
     2
 67
     7
 79
     5
170
     0
171
     0
290
     0
174
     0
 93
        1
 44
0.0
173
     0
291
     0
 45
0.0
1001
ACAD
1000
AcDbSavedByObjectVersion
1070
     0
  0
VISUALSTYLE
  5
31
102
{ACAD_REACTORS
330
2A
102
}
102
{ACAD_XDICTIONARY
360
8A0
102
}
330
2A
100
AcDbVisualStyle
  2
3D Hidden
 70
     6
 71
     1
 72
     2
 73
     2
 90
        0
 40
-0.6
 41
-30.0
 62
     5
 63
     7
 74
     2
 91
        2
 64
     7
 65
   257
 75
     2
175
     1
 42
40.0
 92
        0
 66
   257
 43
1.0
 76
     1
 77
     6
 78
     2
 67
     7
 79
     3
170
     0
171
     0
290
     0
174
     0
 93
        1
 44
0.0
173
     0
291
     0
 45
0.0
1001
ACAD
1000
AcDbSavedByObjectVersion
1070
     0
  0
VISUALSTYLE
  5
30
102
{ACAD_REACTORS
330
2A
102
}
102
{ACAD_XDICTIONARY
360
89E
102
}
330
2A
100
AcDbVisualStyle
  2
3dWireframe
 70
     5
 71
     0
 72
     2
 73
     0
 90
        0
 40
-0.6
 41
-30.0
 62
     5
 63
     7
 74
     1
 91
        4
 64
     7
 65
   257
 75
     1
175
     1
 42
1.0
 92
        0
 66
   257
 43
1.0
 76
     1
 77
     6
 78
     2
 67
     7
 79
     5
170
     0
171
     0
290
     0
174
     0
 93
        1
 44
0.0
173
     0
291
     0
 45
0.0
1001
ACAD
1000
AcDbSavedByObjectVersion
1070
     0
  0
VISUALSTYLE
  5
32
102
{ACAD_REACTORS
330
2A
102
}
102
{ACAD_XDICTIONARY
360
8A2
102
}
330
2A
100
AcDbVisualStyle
  2
Basic
 70
     7
 71
     1
 72
     0
 73
     1
 90
        0
 40
-0.6
 41
-30.0
 62
     5
 63
     7
 74
     0
 91
        4
 64
     7
 65
   257
 75
     1
175
     1
 42
1.0
 92
        8
 66
     7
 43
1.0
 76
     1
 77
     6
 78
     2
 67
     7
 79
     5
170
     0
171
     0
290
     0
174
     0
 93
        1
 44
0.0
173
     0
291
     1
 45
0.0
1001
ACAD
1000
AcDbSavedByObjectVersion
1070
     0
  0
VISUALSTYLE
  5
36
102
{ACAD_REACTORS
330
2A
102
}
102
{ACAD_XDICTIONARY
360
8AA
102
}
330
2A
100
AcDbVisualStyle
  2
Brighten
 70
    12
 71
     2
 72
     2
 73
     0
 90
        0
 40
-0.6
 41
-30.0
 62
     5
 63
     7
 74
     1
 91
        4
 64
     7
 65
   257
 75
     1
175
     1
 42
1.0
 92
        8
 66
     7
 43
1.0
 76
     1
 77
     6
 78
     2
 67
     7
 79
     5
170
     0
171
     0
290
     0
174
     0
 93
        1
 44
50.0
173
     0
291
     1
 45
0.0
1001
ACAD
1000
AcDbSavedByObjectVersion
1070
     0
  0
VISUALSTYLE
  5
3A
102
{ACAD_REACTORS
330
2A
102
}
102
{ACAD_XDICTIONARY
360
8B2
102
}
330
2A
100
AcDbVisualStyle
  2
ColorChange
 70
    16
 71
     2
 72
     2
 73
     3
 90
        0
 40
-0.6
 41
-30.0
 62
     5
 63
     8
 74
     1
 91
        4
 64
     7
 65
   257
 75
     1
175
     1
 42
1.0
 92
        8
 66
     8
 43
1.0
 76
     1
 77
     6
 78
     2
 67
     7
 79
     5
170
     0
171
     0
290
     0
174
     0
 93
        1
 44
0.0
173
     0
291
     1
 45
0.0
1001
ACAD
1000
AcDbSavedByObjectVersion
1070
     0
  0
VISUALSTYLE
  5
34
102
{ACAD_REACTORS
330
2A
102
}
102
{ACAD_XDICTIONARY
360
8A6
102
}
330
2A
100
AcDbVisualStyle
  2
Conceptual
 70
     9
 71
     3
 72
     2
 73
     0
 90
        0
 40
-0.6
 41
-30.0
 62
     5
 63
     7
 74
     2
 91
        2
 64
     7
 65
   257
 75
     1
175
     1
 42
40.0
 92
        8
 66
     7
 43
1.0
 76
     1
 77
     6
 78
     2
 67
     7
 79
     3
170
     0
171
     0
290
     0
174
     0
 93
        1
 44
0.0
173
     0
291
     0
 45
0.0
1001
ACAD
1000
AcDbSavedByObjectVersion
1070
     0
  0
VISUALSTYLE
  5
35
102
{ACAD_REACTORS
330
2A
102
}
102
{ACAD_XDICTIONARY
360
8A8
102
}
330
2A
100
AcDbVisualStyle
  2
Dim
 70
    11
 71
     2
 72
     2
 73
     0
 90
        0
 40
-0.6
 41
-30.0
 62
     5
 63
     7
 74
     1
 91
        4
 64
     7
 65
   257
 75
     1
175
     1
 42
1.0
 92
        8
 66
     7
 43
1.0
 76
     1
 77
     6
 78
     2
 67
     7
 79
     5
170
     0
171
     0
290
     0
174
     0
 93
        1
 44
-50.0
173
     0
291
     1
 45
0.0
1001
ACAD
1000
AcDbSavedByObjectVersion
1070
     0
  0
VISUALSTYLE
  5
39
102
{ACAD_REACTORS
330
2A
102
}
102
{ACAD_XDICTIONARY
360
8B0
102
}
330
2A
100
AcDbVisualStyle
  2
Facepattern
 70
    15
 71
     2
 72
     2
 73
     0
 90
        0
 40
-0.6
 41
-30.0
 62
     5
 63
     7
 74
     1
 91
        4
 64
     7
 65
   257
 75
     1
175
     1
 42
1.0
 92
        8
 66
     7
 43
1.0
 76
     1
 77
     6
 78
     2
 67
     7
 79
     5
170
     0
171
     0
290
     0
174
     0
 93
        1
 44
0.0
173
     0
291
     1
 45
0.0
1001
ACAD
1000
AcDbSavedByObjectVersion
1070
     0
  0
VISUALSTYLE
  5
2B
102
{ACAD_REACTORS
330
2A
102
}
102
{ACAD_XDICTIONARY
360
894
102
}
330
2A
100
AcDbVisualStyle
  2
Flat
 70
     0
 71
     2
 72
     1
 73
     1
 90
        2
 40
-0.6
 41
30.0
 62
     5
 63
     7
 74
     0
 91
        4
 64
     7
 65
   257
 75
     1
175
     1
 42
1.0
 92
        8
 66
     7
 43
1.0
 76
     1
 77
     6
 78
     2
 67
     7
 79
     5
170
     0
171
     0
290
     0
174
     0
 93
       13
 44
0.0
173
     0
291
     1
 45
0.0
1001
ACAD
1000
AcDbSavedByObjectVersion
1070
     0
  0
VISUALSTYLE
  5
2C
102
{ACAD_REACTORS
330
2A
102
}
102
{ACAD_XDICTIONARY
360
896
102
}
330
2A
100
AcDbVisualStyle
  2
FlatWithEdges
 70
     1
 71
     2
 72
     1
 73
     1
 90
        2
 40
-0.6
 41
30.0
 62
     5
 63
     7
 74
     1
 91
        4
 64
     7
 65
   257
 75
     1
175
     1
 42
1.0
 92
        0
 66
   257
 43
1.0
 76
     1
 77
     6
 78
     2
 67
     7
 79
     5
170
     0
171
     0
290
     0
174
     0
 93
       13
 44
0.0
173
     0
291
     1
 45
0.0
1001
ACAD
1000
AcDbSavedByObjectVersion
1070
     0
  0
VISUALSTYLE
  5
2D
102
{ACAD_REACTORS
330
2A
102
}
102
{ACAD_XDICTIONARY
360
898
102
}
330
2A
100
AcDbVisualStyle
  2
Gouraud
 70
     2
 71
     2
 72
     2
 73
     1
 90
        2
 40
-0.6
 41
30.0
 62
     5
 63
     7
 74
     0
 91
        4
 64
     7
 65
   257
 75
     1
175
     1
 42
1.0
 92
        0
 66
     7
 43
1.0
 76
     1
 77
     6
 78
     2
 67
     7
 79
     5
170
     0
171
     0
290
     0
174
     0
 93
       13
 44
0.0
173
     0
291
     1
 45
0.0
1001
ACAD
1000
AcDbSavedByObjectVersion
1070
     0
  0
VISUALSTYLE
  5
2E
102
{ACAD_REACTORS
330
2A
102
}
102
{ACAD_XDICTIONARY
360
89A
102
}
330
2A
100
AcDbVisualStyle
  2
GouraudWithEdges
 70
     3
 71
     2
 72
     2
 73
     1
 90
        2
 40
-0.6
 41
30.0
 62
     5
 63
     7
 74
     1
 91
        4
 64
     7
 65
   257
 75
     1
175
     1
 42
1.0
 92
        0
 66
   257
 43
1.0
 76
     1
 77
     6
 78
     2
 67
     7
 79
     5
170
     0
171
     0
290
     0
174
     0
 93
       13
 44
0.0
173
     0
291
     1
 45
0.0
1001
ACAD
1000
AcDbSavedByObjectVersion
1070
     0
  0
VISUALSTYLE
  5
38
102
{ACAD_REACTORS
330
2A
102
}
102
{ACAD_XDICTIONARY
360
8AE
102
}
330
2A
100
AcDbVisualStyle
  2
Linepattern
 70
    14
 71
     2
 72
     2
 73
     0
 90
        0
 40
-0.6
 41
-30.0
 62
     5
 63
     7
 74
     1
 91
        4
 64
     7
 65
   257
 75
     7
175
     7
 42
1.0
 92
        8
 66
     7
 43
1.0
 76
     1
 77
     6
 78
     2
 67
     7
 79
     5
170
     0
171
     0
290
     0
174
     0
 93
        1
 44
0.0
173
     0
291
     1
 45
0.0
1001
ACAD
1000
AcDbSavedByObjectVersion
1070
     0
  0
VISUALSTYLE
  5
33
102
{ACAD_REACTORS
330
2A
102
}
102
{ACAD_XDICTIONARY
360
8A4
102
}
330
2A
100
AcDbVisualStyle
  2
Realistic
 70
     8
 71
     2
 72
     2
 73
     0
 90
        0
 40
-0.6
 41
-30.0
 62
     5
 63
     7
 74
     1
 91
        0
 64
     7
 65
   257
 75
     1
175
     1
 42
1.0
 92
        8
 66
     8
 43
1.0
 76
     1
 77
     6
 78
     2
 67
     7
 79
     5
170
     0
171
     0
290
     0
174
     0
 93
       13
 44
0.0
173
     0
291
     0
 45
0.0
1001
ACAD
1000
AcDbSavedByObjectVersion
1070
     0
  0
VISUALSTYLE
  5
37
102
{ACAD_REACTORS
330
2A
102
}
102
{ACAD_XDICTIONARY
360
8AC
102
}
330
2A
100
AcDbVisualStyle
  2
Thicken
 70
    13
 71
     2
 72
     2
 73
     0
 90
        0
 40
-0.6
 41
-30.0
 62
     5
 63
     7
 74
     1
 91
        4
 64
     7
 65
   257
 75
     1
175
     1
 42
1.0
 92
       12
 66
     7
 43
1.0
 76
     1
 77
     6
 78
     2
 67
     7
 79
     5
170
     0
171
     0
290
     0
174
     0
 93
        1
 44
0.0
173
     0
291
     1
 45
0.0
1001
ACAD
1000
AcDbSavedByObjectVersion
1070
     0
  0
DICTIONARYVAR
  5
891
102
{ACAD_REACTORS
330
88C
102
}
330
88C
100
DictionaryVariables
280
     0
  1
1:1
  0
DICTIONARYVAR
  5
892
102
{ACAD_REACTORS
330
88C
102
}
330
88C
100
DictionaryVariables
280
     0
  1
2
  0
DICTIONARYVAR
  5
893
102
{ACAD_REACTORS
330
88C
102
}
330
88C
100
DictionaryVariables
280
     0
  1
1
  0
DICTIONARYVAR
  5
890
102
{ACAD_REACTORS
330
88C
102
}
330
88C
100
DictionaryVariables
280
     0
  1
80.000000
  0
DICTIONARYVAR
  5
88F
102
{ACAD_REACTORS
330
88C
102
}
330
88C
100
DictionaryVariables
280
     0
  1
5.000000
  0
DICTIONARY
  5
8B6
330
3D
100
AcDbDictionary
280
     1
281
     1
  3
ACAD_XREC_ROUNDTRIP
360
8B7
  0
DICTIONARY
  5
8B4
330
3C
100
AcDbDictionary
280
     1
281
     1
  3
ACAD_XREC_ROUNDTRIP
360
8B5
  0
DICTIONARY
  5
8B8
330
3E
100
AcDbDictionary
280
     1
281
     1
  3
ACAD_XREC_ROUNDTRIP
360
8B9
  0
DICTIONARY
  5
89C
330
2F
100
AcDbDictionary
280
     1
281
     1
  3
ACAD_XREC_ROUNDTRIP
360
89D
  0
DICTIONARY
  5
8A0
330
31
100
AcDbDictionary
280
     1
281
     1
  3
ACAD_XREC_ROUNDTRIP
360
8A1
  0
DICTIONARY
  5
89E
330
30
100
AcDbDictionary
280
     1
281
     1
  3
ACAD_XREC_ROUNDTRIP
360
89F
  0
DICTIONARY
  5
8A2
330
32
100
AcDbDictionary
280
     1
281
     1
  3
ACAD_XREC_ROUNDTRIP
360
8A3
  0
DICTIONARY
  5
8AA
330
36
100
AcDbDictionary
280
     1
281
     1
  3
ACAD_XREC_ROUNDTRIP
360
8AB
  0
DICTIONARY
  5
8B2
330
3A
100
AcDbDictionary
280
     1
281
     1
  3
ACAD_XREC_ROUNDTRIP
360
8B3
  0
DICTIONARY
  5
8A6
330
34
100
AcDbDictionary
280
     1
281
     1
  3
ACAD_XREC_ROUNDTRIP
360
8A7
  0
DICTIONARY
  5
8A8
330
35
100
AcDbDictionary
280
     1
281
     1
  3
ACAD_XREC_ROUNDTRIP
360
8A9
  0
DICTIONARY
  5
8B0
330
39
100
AcDbDictionary
280
     1
281
     1
  3
ACAD_XREC_ROUNDTRIP
360
8B1
  0
DICTIONARY
  5
894
330
2B
100
AcDbDictionary
280
     1
281
     1
  3
ACAD_XREC_ROUNDTRIP
360
895
  0
DICTIONARY
  5
896
330
2C
100
AcDbDictionary
280
     1
281
     1
  3
ACAD_XREC_ROUNDTRIP
360
897
  0
DICTIONARY
  5
898
330
2D
100
AcDbDictionary
280
     1
281
     1
  3
ACAD_XREC_ROUNDTRIP
360
899
  0
DICTIONARY
  5
89A
330
2E
100
AcDbDictionary
280
     1
281
     1
  3
ACAD_XREC_ROUNDTRIP
360
89B
  0
DICTIONARY
  5
8AE
330
38
100
AcDbDictionary
280
     1
281
     1
  3
ACAD_XREC_ROUNDTRIP
360
8AF
  0
DICTIONARY
  5
8A4
330
33
100
AcDbDictionary
280
     1
281
     1
  3
ACAD_XREC_ROUNDTRIP
360
8A5
  0
DICTIONARY
  5
8AC
330
37
100
AcDbDictionary
280
     1
281
     1
  3
ACAD_XREC_ROUNDTRIP
360
8AD
  0
XRECORD
  5
8B7
102
{ACAD_REACTORS
330
8B6
102
}
330
8B6
100
AcDbXrecord
280
     1
102
MATERIAL
148
0.0
149
0.0
149
0.0
 93
        0
 94
      127
282
     0
 72
     1
 77
     1
171
     1
175
     1
179
     1
273
     0
  0
XRECORD
  5
8B5
102
{ACAD_REACTORS
330
8B4
102
}
330
8B4
100
AcDbXrecord
280
     1
102
MATERIAL
148
0.0
149
0.0
149
0.0
 93
        0
 94
      127
282
     0
 72
     1
 77
     1
171
     1
175
     1
179
     1
273
     0
  0
XRECORD
  5
8B9
102
{ACAD_REACTORS
330
8B8
102
}
330
8B8
100
AcDbXrecord
280
     1
102
MATERIAL
148
0.0
149
0.0
149
0.0
 93
        0
 94
      127
282
     0
 72
     1
 77
     1
171
     1
175
     1
179
     1
273
     0
  0
XRECORD
  5
89D
102
{ACAD_REACTORS
330
89C
102
}
330
89C
100
AcDbXrecord
280
     1
102
RTVSPropertyOp0
 70
     1
102
RTVSPropertyOp1
 70
     1
102
RTVSPropertyOp2
 70
     1
102
RTVSPropertyOp3
 70
     1
102
RTVSPropertyOp4
 70
     1
102
RTVSPropertyOp5
 70
     1
102
RTVSPropertyOp6
 70
     1
102
RTVSPropertyOp7
 70
     1
102
RTVSPropertyOp8
 70
     1
102
RTVSPropertyOp9
 70
     1
102
RTVSPropertyOp10
 70
     1
102
RTVSPropertyOp11
 70
     1
102
RTVSPropertyOp12
 70
     1
102
RTVSPropertyOp13
 70
     1
102
RTVSPropertyOp14
 70
     1
102
RTVSPropertyOp15
 70
     1
102
RTVSPropertyOp16
 70
     1
102
RTVSPropertyOp17
 70
     1
102
RTVSPropertyOp18
 70
     1
102
RTVSPropertyOp19
 70
     1
102
RTVSPropertyOp20
 70
     1
102
RTVSPropertyOp21
 70
     1
102
RTVSPropertyOp22
 70
     1
102
RTVSPropertyOp23
 70
     1
102
RTVSPropertyOp24
 70
     1
102
RTVSPropertyOp25
 70
     1
102
RTVSPropertyOp26
 70
     1
102
RTVSPropertyOp27
 70
     1
  0
XRECORD
  5
8A1
102
{ACAD_REACTORS
330
8A0
102
}
330
8A0
100
AcDbXrecord
280
     1
102
RTVSPropertyOp0
 70
     1
102
RTVSPropertyOp1
 70
     1
102
RTVSPropertyOp2
 70
     1
102
RTVSPropertyOp3
 70
     1
102
RTVSPropertyOp4
 70
     1
102
RTVSPropertyOp5
 70
     1
102
RTVSPropertyOp6
 70
     1
102
RTVSPropertyOp7
 70
     1
102
RTVSPropertyOp8
 70
     1
102
RTVSPropertyOp9
 70
     1
102
RTVSPropertyOp10
 70
     1
102
RTVSPropertyOp11
 70
     1
102
RTVSPropertyOp12
 70
     1
102
RTVSPropertyOp13
 70
     1
102
RTVSPropertyOp14
 70
     1
102
RTVSPropertyOp15
 70
     1
102
RTVSPropertyOp16
 70
     1
102
RTVSPropertyOp17
 70
     1
102
RTVSPropertyOp18
 70
     1
102
RTVSPropertyOp19
 70
     1
102
RTVSPropertyOp20
 70
     1
102
RTVSPropertyOp21
 70
     1
102
RTVSPropertyOp22
 70
     1
102
RTVSPropertyOp23
 70
     1
102
RTVSPropertyOp24
 70
     1
102
RTVSPropertyOp25
 70
     1
102
RTVSPropertyOp26
 70
     1
102
RTVSPropertyOp27
 70
     1
  0
XRECORD
  5
89F
102
{ACAD_REACTORS
330
89E
102
}
330
89E
100
AcDbXrecord
280
     1
102
RTVSPropertyOp0
 70
     1
102
RTVSPropertyOp1
 70
     1
102
RTVSPropertyOp2
 70
     1
102
RTVSPropertyOp3
 70
     1
102
RTVSPropertyOp4
 70
     1
102
RTVSPropertyOp5
 70
     1
102
RTVSPropertyOp6
 70
     1
102
RTVSPropertyOp7
 70
     1
102
RTVSPropertyOp8
 70
     1
102
RTVSPropertyOp9
 70
     1
102
RTVSPropertyOp10
 70
     1
102
RTVSPropertyOp11
 70
     1
102
RTVSPropertyOp12
 70
     1
102
RTVSPropertyOp13
 70
     1
102
RTVSPropertyOp14
 70
     1
102
RTVSPropertyOp15
 70
     1
102
RTVSPropertyOp16
 70
     1
102
RTVSPropertyOp17
 70
     1
102
RTVSPropertyOp18
 70
     1
102
RTVSPropertyOp19
 70
     1
102
RTVSPropertyOp20
 70
     1
102
RTVSPropertyOp21
 70
     1
102
RTVSPropertyOp22
 70
     1
102
RTVSPropertyOp23
 70
     1
102
RTVSPropertyOp24
 70
     1
102
RTVSPropertyOp25
 70
     1
102
RTVSPropertyOp26
 70
     1
102
RTVSPropertyOp27
 70
     1
  0
XRECORD
  5
8A3
102
{ACAD_REACTORS
330
8A2
102
}
330
8A2
100
AcDbXrecord
280
     1
102
RTVSPropertyOp0
 70
     1
102
RTVSPropertyOp1
 70
     1
102
RTVSPropertyOp2
 70
     1
102
RTVSPropertyOp3
 70
     1
102
RTVSPropertyOp4
 70
     1
102
RTVSPropertyOp5
 70
     1
102
RTVSPropertyOp6
 70
     1
102
RTVSPropertyOp7
 70
     1
102
RTVSPropertyOp8
 70
     1
102
RTVSPropertyOp9
 70
     1
102
RTVSPropertyOp10
 70
     1
102
RTVSPropertyOp11
 70
     1
102
RTVSPropertyOp12
 70
     1
102
RTVSPropertyOp13
 70
     1
102
RTVSPropertyOp14
 70
     1
102
RTVSPropertyOp15
 70
     1
102
RTVSPropertyOp16
 70
     1
102
RTVSPropertyOp17
 70
     1
102
RTVSPropertyOp18
 70
     1
102
RTVSPropertyOp19
 70
     1
102
RTVSPropertyOp20
 70
     1
102
RTVSPropertyOp21
 70
     1
102
RTVSPropertyOp22
 70
     1
102
RTVSPropertyOp23
 70
     1
102
RTVSPropertyOp24
 70
     1
102
RTVSPropertyOp25
 70
     1
102
RTVSPropertyOp26
 70
     1
102
RTVSPropertyOp27
 70
     1
  0
XRECORD
  5
8AB
102
{ACAD_REACTORS
330
8AA
102
}
330
8AA
100
AcDbXrecord
280
     1
102
RTVSPropertyOp0
 70
     1
102
RTVSPropertyOp1
 70
     1
102
RTVSPropertyOp2
 70
     1
102
RTVSPropertyOp3
 70
     1
102
RTVSPropertyOp4
 70
     1
102
RTVSPropertyOp5
 70
     1
102
RTVSPropertyOp6
 70
     1
102
RTVSPropertyOp7
 70
     1
102
RTVSPropertyOp8
 70
     1
102
RTVSPropertyOp9
 70
     1
102
RTVSPropertyOp10
 70
     1
102
RTVSPropertyOp11
 70
     1
102
RTVSPropertyOp12
 70
     1
102
RTVSPropertyOp13
 70
     1
102
RTVSPropertyOp14
 70
     1
102
RTVSPropertyOp15
 70
     1
102
RTVSPropertyOp16
 70
     1
102
RTVSPropertyOp17
 70
     1
102
RTVSPropertyOp18
 70
     1
102
RTVSPropertyOp19
 70
     1
102
RTVSPropertyOp20
 70
     1
102
RTVSPropertyOp21
 70
     1
102
RTVSPropertyOp22
 70
     1
102
RTVSPropertyOp23
 70
     1
102
RTVSPropertyOp24
 70
     1
102
RTVSPropertyOp25
 70
     1
102
RTVSPropertyOp26
 70
     1
102
RTVSPropertyOp27
 70
     1
  0
XRECORD
  5
8B3
102
{ACAD_REACTORS
330
8B2
102
}
330
8B2
100
AcDbXrecord
280
     1
102
RTVSPropertyOp0
 70
     1
102
RTVSPropertyOp1
 70
     1
102
RTVSPropertyOp2
 70
     1
102
RTVSPropertyOp3
 70
     1
102
RTVSPropertyOp4
 70
     1
102
RTVSPropertyOp5
 70
     1
102
RTVSPropertyOp6
 70
     1
102
RTVSPropertyOp7
 70
     1
102
RTVSPropertyOp8
 70
     1
102
RTVSPropertyOp9
 70
     1
102
RTVSPropertyOp10
 70
     1
102
RTVSPropertyOp11
 70
     1
102
RTVSPropertyOp12
 70
     1
102
RTVSPropertyOp13
 70
     1
102
RTVSPropertyOp14
 70
     1
102
RTVSPropertyOp15
 70
     1
102
RTVSPropertyOp16
 70
     1
102
RTVSPropertyOp17
 70
     1
102
RTVSPropertyOp18
 70
     1
102
RTVSPropertyOp19
 70
     1
102
RTVSPropertyOp20
 70
     1
102
RTVSPropertyOp21
 70
     1
102
RTVSPropertyOp22
 70
     1
102
RTVSPropertyOp23
 70
     1
102
RTVSPropertyOp24
 70
     1
102
RTVSPropertyOp25
 70
     1
102
RTVSPropertyOp26
 70
     1
102
RTVSPropertyOp27
 70
     1
  0
XRECORD
  5
8A7
102
{ACAD_REACTORS
330
8A6
102
}
330
8A6
100
AcDbXrecord
280
     1
102
RTVSPropertyOp0
 70
     1
102
RTVSPropertyOp1
 70
     1
102
RTVSPropertyOp2
 70
     1
102
RTVSPropertyOp3
 70
     1
102
RTVSPropertyOp4
 70
     1
102
RTVSPropertyOp5
 70
     1
102
RTVSPropertyOp6
 70
     1
102
RTVSPropertyOp7
 70
     1
102
RTVSPropertyOp8
 70
     1
102
RTVSPropertyOp9
 70
     1
102
RTVSPropertyOp10
 70
     1
102
RTVSPropertyOp11
 70
     1
102
RTVSPropertyOp12
 70
     1
102
RTVSPropertyOp13
 70
     1
102
RTVSPropertyOp14
 70
     1
102
RTVSPropertyOp15
 70
     1
102
RTVSPropertyOp16
 70
     1
102
RTVSPropertyOp17
 70
     1
102
RTVSPropertyOp18
 70
     1
102
RTVSPropertyOp19
 70
     1
102
RTVSPropertyOp20
 70
     1
102
RTVSPropertyOp21
 70
     1
102
RTVSPropertyOp22
 70
     1
102
RTVSPropertyOp23
 70
     1
102
RTVSPropertyOp24
 70
     1
102
RTVSPropertyOp25
 70
     1
102
RTVSPropertyOp26
 70
     1
102
RTVSPropertyOp27
 70
     1
  0
XRECORD
  5
8A9
102
{ACAD_REACTORS
330
8A8
102
}
330
8A8
100
AcDbXrecord
280
     1
102
RTVSPropertyOp0
 70
     1
102
RTVSPropertyOp1
 70
     1
102
RTVSPropertyOp2
 70
     1
102
RTVSPropertyOp3
 70
     1
102
RTVSPropertyOp4
 70
     1
102
RTVSPropertyOp5
 70
     1
102
RTVSPropertyOp6
 70
     1
102
RTVSPropertyOp7
 70
     1
102
RTVSPropertyOp8
 70
     1
102
RTVSPropertyOp9
 70
     1
102
RTVSPropertyOp10
 70
     1
102
RTVSPropertyOp11
 70
     1
102
RTVSPropertyOp12
 70
     1
102
RTVSPropertyOp13
 70
     1
102
RTVSPropertyOp14
 70
     1
102
RTVSPropertyOp15
 70
     1
102
RTVSPropertyOp16
 70
     1
102
RTVSPropertyOp17
 70
     1
102
RTVSPropertyOp18
 70
     1
102
RTVSPropertyOp19
 70
     1
102
RTVSPropertyOp20
 70
     1
102
RTVSPropertyOp21
 70
     1
102
RTVSPropertyOp22
 70
     1
102
RTVSPropertyOp23
 70
     1
102
RTVSPropertyOp24
 70
     1
102
RTVSPropertyOp25
 70
     1
102
RTVSPropertyOp26
 70
     1
102
RTVSPropertyOp27
 70
     1
  0
XRECORD
  5
8B1
102
{ACAD_REACTORS
330
8B0
102
}
330
8B0
100
AcDbXrecord
280
     1
102
RTVSPropertyOp0
 70
     1
102
RTVSPropertyOp1
 70
     1
102
RTVSPropertyOp2
 70
     1
102
RTVSPropertyOp3
 70
     1
102
RTVSPropertyOp4
 70
     1
102
RTVSPropertyOp5
 70
     1
102
RTVSPropertyOp6
 70
     1
102
RTVSPropertyOp7
 70
     1
102
RTVSPropertyOp8
 70
     1
102
RTVSPropertyOp9
 70
     1
102
RTVSPropertyOp10
 70
     1
102
RTVSPropertyOp11
 70
     1
102
RTVSPropertyOp12
 70
     1
102
RTVSPropertyOp13
 70
     1
102
RTVSPropertyOp14
 70
     1
102
RTVSPropertyOp15
 70
     1
102
RTVSPropertyOp16
 70
     1
102
RTVSPropertyOp17
 70
     1
102
RTVSPropertyOp18
 70
     1
102
RTVSPropertyOp19
 70
     1
102
RTVSPropertyOp20
 70
     1
102
RTVSPropertyOp21
 70
     1
102
RTVSPropertyOp22
 70
     1
102
RTVSPropertyOp23
 70
     1
102
RTVSPropertyOp24
 70
     1
102
RTVSPropertyOp25
 70
     1
102
RTVSPropertyOp26
 70
     1
102
RTVSPropertyOp27
 70
     1
  0
XRECORD
  5
895
102
{ACAD_REACTORS
330
894
102
}
330
894
100
AcDbXrecord
280
     1
102
RTVSPropertyOp0
 70
     1
102
RTVSPropertyOp1
 70
     1
102
RTVSPropertyOp2
 70
     1
102
RTVSPropertyOp3
 70
     1
102
RTVSPropertyOp4
 70
     1
102
RTVSPropertyOp5
 70
     1
102
RTVSPropertyOp6
 70
     1
102
RTVSPropertyOp7
 70
     1
102
RTVSPropertyOp8
 70
     1
102
RTVSPropertyOp9
 70
     1
102
RTVSPropertyOp10
 70
     1
102
RTVSPropertyOp11
 70
     1
102
RTVSPropertyOp12
 70
     1
102
RTVSPropertyOp13
 70
     1
102
RTVSPropertyOp14
 70
     1
102
RTVSPropertyOp15
 70
     1
102
RTVSPropertyOp16
 70
     1
102
RTVSPropertyOp17
 70
     1
102
RTVSPropertyOp18
 70
     1
102
RTVSPropertyOp19
 70
     1
102
RTVSPropertyOp20
 70
     1
102
RTVSPropertyOp21
 70
     1
102
RTVSPropertyOp22
 70
     1
102
RTVSPropertyOp23
 70
     1
102
RTVSPropertyOp24
 70
     1
102
RTVSPropertyOp25
 70
     1
102
RTVSPropertyOp26
 70
     1
102
RTVSPropertyOp27
 70
     1
  0
XRECORD
  5
897
102
{ACAD_REACTORS
330
896
102
}
330
896
100
AcDbXrecord
280
     1
102
RTVSPropertyOp0
 70
     1
102
RTVSPropertyOp1
 70
     1
102
RTVSPropertyOp2
 70
     1
102
RTVSPropertyOp3
 70
     1
102
RTVSPropertyOp4
 70
     1
102
RTVSPropertyOp5
 70
     1
102
RTVSPropertyOp6
 70
     1
102
RTVSPropertyOp7
 70
     1
102
RTVSPropertyOp8
 70
     1
102
RTVSPropertyOp9
 70
     1
102
RTVSPropertyOp10
 70
     1
102
RTVSPropertyOp11
 70
     1
102
RTVSPropertyOp12
 70
     1
102
RTVSPropertyOp13
 70
     1
102
RTVSPropertyOp14
 70
     1
102
RTVSPropertyOp15
 70
     1
102
RTVSPropertyOp16
 70
     1
102
RTVSPropertyOp17
 70
     1
102
RTVSPropertyOp18
 70
     1
102
RTVSPropertyOp19
 70
     1
102
RTVSPropertyOp20
 70
     1
102
RTVSPropertyOp21
 70
     1
102
RTVSPropertyOp22
 70
     1
102
RTVSPropertyOp23
 70
     1
102
RTVSPropertyOp24
 70
     1
102
RTVSPropertyOp25
 70
     1
102
RTVSPropertyOp26
 70
     1
102
RTVSPropertyOp27
 70
     1
  0
XRECORD
  5
899
102
{ACAD_REACTORS
330
898
102
}
330
898
100
AcDbXrecord
280
     1
102
RTVSPropertyOp0
 70
     1
102
RTVSPropertyOp1
 70
     1
102
RTVSPropertyOp2
 70
     1
102
RTVSPropertyOp3
 70
     1
102
RTVSPropertyOp4
 70
     1
102
RTVSPropertyOp5
 70
     1
102
RTVSPropertyOp6
 70
     1
102
RTVSPropertyOp7
 70
     1
102
RTVSPropertyOp8
 70
     1
102
RTVSPropertyOp9
 70
     1
102
RTVSPropertyOp10
 70
     1
102
RTVSPropertyOp11
 70
     1
102
RTVSPropertyOp12
 70
     1
102
RTVSPropertyOp13
 70
     1
102
RTVSPropertyOp14
 70
     1
102
RTVSPropertyOp15
 70
     1
102
RTVSPropertyOp16
 70
     1
102
RTVSPropertyOp17
 70
     1
102
RTVSPropertyOp18
 70
     1
102
RTVSPropertyOp19
 70
     1
102
RTVSPropertyOp20
 70
     1
102
RTVSPropertyOp21
 70
     1
102
RTVSPropertyOp22
 70
     1
102
RTVSPropertyOp23
 70
     1
102
RTVSPropertyOp24
 70
     1
102
RTVSPropertyOp25
 70
     1
102
RTVSPropertyOp26
 70
     1
102
RTVSPropertyOp27
 70
     1
  0
XRECORD
  5
89B
102
{ACAD_REACTORS
330
89A
102
}
330
89A
100
AcDbXrecord
280
     1
102
RTVSPropertyOp0
 70
     1
102
RTVSPropertyOp1
 70
     1
102
RTVSPropertyOp2
 70
     1
102
RTVSPropertyOp3
 70
     1
102
RTVSPropertyOp4
 70
     1
102
RTVSPropertyOp5
 70
     1
102
RTVSPropertyOp6
 70
     1
102
RTVSPropertyOp7
 70
     1
102
RTVSPropertyOp8
 70
     1
102
RTVSPropertyOp9
 70
     1
102
RTVSPropertyOp10
 70
     1
102
RTVSPropertyOp11
 70
     1
102
RTVSPropertyOp12
 70
     1
102
RTVSPropertyOp13
 70
     1
102
RTVSPropertyOp14
 70
     1
102
RTVSPropertyOp15
 70
     1
102
RTVSPropertyOp16
 70
     1
102
RTVSPropertyOp17
 70
     1
102
RTVSPropertyOp18
 70
     1
102
RTVSPropertyOp19
 70
     1
102
RTVSPropertyOp20
 70
     1
102
RTVSPropertyOp21
 70
     1
102
RTVSPropertyOp22
 70
     1
102
RTVSPropertyOp23
 70
     1
102
RTVSPropertyOp24
 70
     1
102
RTVSPropertyOp25
 70
     1
102
RTVSPropertyOp26
 70
     1
102
RTVSPropertyOp27
 70
     1
  0
XRECORD
  5
8AF
102
{ACAD_REACTORS
330
8AE
102
}
330
8AE
100
AcDbXrecord
280
     1
102
RTVSPropertyOp0
 70
     1
102
RTVSPropertyOp1
 70
     1
102
RTVSPropertyOp2
 70
     1
102
RTVSPropertyOp3
 70
     1
102
RTVSPropertyOp4
 70
     1
102
RTVSPropertyOp5
 70
     1
102
RTVSPropertyOp6
 70
     1
102
RTVSPropertyOp7
 70
     1
102
RTVSPropertyOp8
 70
     1
102
RTVSPropertyOp9
 70
     1
102
RTVSPropertyOp10
 70
     1
102
RTVSPropertyOp11
 70
     1
102
RTVSPropertyOp12
 70
     1
102
RTVSPropertyOp13
 70
     1
102
RTVSPropertyOp14
 70
     1
102
RTVSPropertyOp15
 70
     1
102
RTVSPropertyOp16
 70
     1
102
RTVSPropertyOp17
 70
     1
102
RTVSPropertyOp18
 70
     1
102
RTVSPropertyOp19
 70
     1
102
RTVSPropertyOp20
 70
     1
102
RTVSPropertyOp21
 70
     1
102
RTVSPropertyOp22
 70
     1
102
RTVSPropertyOp23
 70
     1
102
RTVSPropertyOp24
 70
     1
102
RTVSPropertyOp25
 70
     1
102
RTVSPropertyOp26
 70
     1
102
RTVSPropertyOp27
 70
     1
  0
XRECORD
  5
8A5
102
{ACAD_REACTORS
330
8A4
102
}
330
8A4
100
AcDbXrecord
280
     1
102
RTVSPropertyOp0
 70
     1
102
RTVSPropertyOp1
 70
     1
102
RTVSPropertyOp2
 70
     1
102
RTVSPropertyOp3
 70
     1
102
RTVSPropertyOp4
 70
     1
102
RTVSPropertyOp5
 70
     1
102
RTVSPropertyOp6
 70
     1
102
RTVSPropertyOp7
 70
     1
102
RTVSPropertyOp8
 70
     1
102
RTVSPropertyOp9
 70
     1
102
RTVSPropertyOp10
 70
     1
102
RTVSPropertyOp11
 70
     1
102
RTVSPropertyOp12
 70
     1
102
RTVSPropertyOp13
 70
     1
102
RTVSPropertyOp14
 70
     1
102
RTVSPropertyOp15
 70
     1
102
RTVSPropertyOp16
 70
     1
102
RTVSPropertyOp17
 70
     1
102
RTVSPropertyOp18
 70
     1
102
RTVSPropertyOp19
 70
     1
102
RTVSPropertyOp20
 70
     1
102
RTVSPropertyOp21
 70
     1
102
RTVSPropertyOp22
 70
     1
102
RTVSPropertyOp23
 70
     1
102
RTVSPropertyOp24
 70
     1
102
RTVSPropertyOp25
 70
     1
102
RTVSPropertyOp26
 70
     1
102
RTVSPropertyOp27
 70
     1
  0
XRECORD
  5
8AD
102
{ACAD_REACTORS
330
8AC
102
}
330
8AC
100
AcDbXrecord
280
     1
102
RTVSPropertyOp0
 70
     1
102
RTVSPropertyOp1
 70
     1
102
RTVSPropertyOp2
 70
     1
102
RTVSPropertyOp3
 70
     1
102
RTVSPropertyOp4
 70
     1
102
RTVSPropertyOp5
 70
     1
102
RTVSPropertyOp6
 70
     1
102
RTVSPropertyOp7
 70
     1
102
RTVSPropertyOp8
 70
     1
102
RTVSPropertyOp9
 70
     1
102
RTVSPropertyOp10
 70
     1
102
RTVSPropertyOp11
 70
     1
102
RTVSPropertyOp12
 70
     1
102
RTVSPropertyOp13
 70
     1
102
RTVSPropertyOp14
 70
     1
102
RTVSPropertyOp15
 70
     1
102
RTVSPropertyOp16
 70
     1
102
RTVSPropertyOp17
 70
     1
102
RTVSPropertyOp18
 70
     1
102
RTVSPropertyOp19
 70
     1
102
RTVSPropertyOp20
 70
     1
102
RTVSPropertyOp21
 70
     1
102
RTVSPropertyOp22
 70
     1
102
RTVSPropertyOp23
 70
     1
102
RTVSPropertyOp24
 70
     1
102
RTVSPropertyOp25
 70
     1
102
RTVSPropertyOp26
 70
     1
102
RTVSPropertyOp27
 70
     1
  0
ENDSEC
  0
EOF
