  0
SECTION
  2
HEADER
  9
$ACADVER
  1
AC1015
  9
$ACADMAINTVER
 70
     6
  9
$DWGCODEPAGE
  3
ANSI_1252
  9
$INSBASE
 10
0.0
 20
0.0
 30
0.0
  9
$EXTMIN
 10
0.0
 20
0.0
 30
0.0
  9
$EXTMAX
 10
25.0
 20
35.0
 30
0.0
  9
$LIMMIN
 10
0.0
 20
0.0
  9
$LIMMAX
 10
420.0
 20
297.0
  9
$ORTHOMODE
 70
     0
  9
$REGENMODE
 70
     1
  9
$FILLMODE
 70
     1
  9
$QTEXTMODE
 70
     0
  9
$MIRRTEXT
 70
     1
  9
$LTSCALE
 40
7.4
  9
$ATTMODE
 70
     1
  9
$TEXTSIZE
 40
2.5
  9
$TRACEWID
 40
1.0
  9
$TEXTSTYLE
  7
Standard
  9
$CLAYER
  8
0
  9
$CELTYPE
  6
ByLayer
  9
$CECOLOR
 62
   256
  9
$CELTSCALE
 40
1.0
  9
$DISPSILH
 70
     0
  9
$DIMSCALE
 40
1.0
  9
$DIMASZ
 40
2.5
  9
$DIMEXO
 40
0.625
  9
$DIMDLI
 40
3.75
  9
$DIMRND
 40
0.0
  9
$DIMDLE
 40
0.0
  9
$DIMEXE
 40
1.25
  9
$DIMTP
 40
0.0
  9
$DIMTM
 40
0.0
  9
$DIMTXT
 40
2.5
  9
$DIMCEN
 40
2.5
  9
$DIMTSZ
 40
0.0
  9
$DIMTOL
 70
     0
  9
$DIMLIM
 70
     0
  9
$DIMTIH
 70
     0
  9
$DIMTOH
 70
     0
  9
$DIMSE1
 70
     0
  9
$DIMSE2
 70
     0
  9
$DIMTAD
 70
     1
  9
$DIMZIN
 70
     8
  9
$DIMBLK
  1

  9
$DIMASO
 70
     1
  9
$DIMSHO
 70
     1
  9
$DIMPOST
  1

  9
$DIMAPOST
  1

  9
$DIMALT
 70
     0
  9
$DIMALTD
 70
     3
  9
$DIMALTF
 40
0.03937007874016
  9
$DIMLFAC
 40
1.0
  9
$DIMTOFL
 70
     1
  9
$DIMTVP
 40
0.0
  9
$DIMTIX
 70
     0
  9
$DIMSOXD
 70
     0
  9
$DIMSAH
 70
     0
  9
$DIMBLK1
  1

  9
$DIMBLK2
  1

  9
$DIMSTYLE
  2
ISO-25
  9
$DIMCLRD
 70
     0
  9
$DIMCLRE
 70
     0
  9
$DIMCLRT
 70
     0
  9
$DIMTFAC
 40
1.0
  9
$DIMGAP
 40
0.625
  9
$DIMJUST
 70
     0
  9
$DIMSD1
 70
     0
  9
$DIMSD2
 70
     0
  9
$DIMTOLJ
 70
     0
  9
$DIMTZIN
 70
     8
  9
$DIMALTZ
 70
     0
  9
$DIMALTTZ
 70
     0
  9
$DIMUPT
 70
     0
  9
$DIMDEC
 70
     2
  9
$DIMTDEC
 70
     2
  9
$DIMALTU
 70
     2
  9
$DIMALTTD
 70
     3
  9
$DIMTXSTY
  7
Standard
  9
$DIMAUNIT
 70
     0
  9
$DIMADEC
 70
     0
  9
$DIMALTRND
 40
0.0
  9
$DIMAZIN
 70
     0
  9
$DIMDSEP
 70
    44
  9
$DIMATFIT
 70
     3
  9
$DIMFRAC
 70
     0
  9
$DIMLDRBLK
  1

  9
$DIMLUNIT
 70
     2
  9
$DIMLWD
 70
    -2
  9
$DIMLWE
 70
    -2
  9
$DIMTMOVE
 70
     0
  9
$LUNITS
 70
     2
  9
$LUPREC
 70
     4
  9
$SKETCHINC
 40
1.0
  9
$FILLETRAD
 40
10.0
  9
$AUNITS
 70
     0
  9
$AUPREC
 70
     0
  9
$MENU
  1
.
  9
$ELEVATION
 40
0.0
  9
$PELEVATION
 40
0.0
  9
$THICKNESS
 40
0.0
  9
$LIMCHECK
 70
     0
  9
$CHAMFERA
 40
10.0
  9
$CHAMFERB
 40
10.0
  9
$CHAMFERC
 40
20.0
  9
$CHAMFERD
 40
0.0
  9
$SKPOLY
 70
     0
  9
$TDCREATE
 40
2460290.5
  9
$TDUCREATE
 40
2460290.458333333
  9
$TDUPDATE
 40
2460290.503472222
  9
$TDUUPDATE
 40
2460290.461805556
  9
$TDINDWG
 40
0.0000000116
  9
$TDUSRTIMER
 40
0.0000000116
  9
$USRTIMER
 70
     1
  9
$ANGBASE
 50
0.0
  9
$ANGDIR
 70
     0
  9
$PDMODE
 70
     0
  9
$PDSIZE
 40
0.0
  9
$PLINEWID
 40
0.0
  9
$SPLFRAME
 70
     0
  9
$SPLINETYPE
 70
     6
  9
$SPLINESEGS
 70
     8
  9
$HANDSEED
  5
13F8
  9
$SURFTAB1
 70
     6
  9
$SURFTAB2
 70
     6
  9
$SURFTYPE
 70
     6
  9
$SURFU
 70
     6
  9
$SURFV
 70
     6
  9
$UCSBASE
  2

  9
$UCSNAME
  2

  9
$UCSORG
 10
0.0
 20
0.0
 30
0.0
  9
$UCSXDIR
 10
1.0
 20
0.0
 30
0.0
  9
$UCSYDIR
 10
0.0
 20
1.0
 30
0.0
  9
$UCSORTHOREF
  2

  9
$UCSORTHOVIEW
 70
     0
  9
$UCSORGTOP
 10
0.0
 20
0.0
 30
0.0
  9
$UCSORGBOTTOM
 10
0.0
 20
0.0
 30
0.0
  9
$UCSORGLEFT
 10
0.0
 20
0.0
 30
0.0
  9
$UCSORGRIGHT
 10
0.0
 20
0.0
 30
0.0
  9
$UCSORGFRONT
 10
0.0
 20
0.0
 30
0.0
  9
$UCSORGBACK
 10
0.0
 20
0.0
 30
0.0
  9
$PUCSBASE
  2

  9
$PUCSNAME
  2

  9
$PUCSORG
 10
0.0
 20
0.0
 30
0.0
  9
$PUCSXDIR
 10
1.0
 20
0.0
 30
0.0
  9
$PUCSYDIR
 10
0.0
 20
1.0
 30
0.0
  9
$PUCSORTHOREF
  2

  9
$PUCSORTHOVIEW
 70
     0
  9
$PUCSORGTOP
 10
0.0
 20
0.0
 30
0.0
  9
$PUCSORGBOTTOM
 10
0.0
 20
0.0
 30
0.0
  9
$PUCSORGLEFT
 10
0.0
 20
0.0
 30
0.0
  9
$PUCSORGRIGHT
 10
0.0
 20
0.0
 30
0.0
  9
$PUCSORGFRONT
 10
0.0
 20
0.0
 30
0.0
  9
$PUCSORGBACK
 10
0.0
 20
0.0
 30
0.0
  9
$USERI1
 70
     0
  9
$USERI2
 70
     0
  9
$USERI3
 70
     0
  9
$USERI4
 70
     0
  9
$USERI5
 70
     0
  9
$USERR1
 40
0.0
  9
$USERR2
 40
0.0
  9
$USERR3
 40
0.0
  9
$USERR4
 40
0.0
  9
$USERR5
 40
0.0
  9
$WORLDVIEW
 70
     1
  9
$SHADEDGE
 70
     3
  9
$SHADEDIF
 70
    70
  9
$TILEMODE
 70
     1
  9
$MAXACTVP
 70
    64
  9
$PINSBASE
 10
0.0
 20
0.0
 30
0.0
  9
$PLIMCHECK
 70
     0
  9
$PEXTMIN
 10
1.000000000000000E+20
 20
1.000000000000000E+20
 30
1.000000000000000E+20
  9
$PEXTMAX
 10
-1.000000000000000E+20
 20
-1.000000000000000E+20
 30
-1.000000000000000E+20
  9
$PLIMMIN
 10
0.0
 20
0.0
  9
$PLIMMAX
 10
420.0
 20
297.0
  9
$UNITMODE
 70
     0
  9
$VISRETAIN
 70
     1
  9
$PLINEGEN
 70
     0
  9
$PSLTSCALE
 70
     1
  9
$TREEDEPTH
 70
  3020
  9
$CMLSTYLE
  2
Standard
  9
$CMLJUST
 70
     0
  9
$CMLSCALE
 40
20.0
  9
$PROXYGRAPHICS
 70
     1
  9
$MEASUREMENT
 70
     1
  9
$CELWEIGHT
370
    -1
  9
$ENDCAPS
280
     0
  9
$JOINSTYLE
280
     0
  9
$LWDISPLAY
290
     0
  9
$INSUNITS
 70
     4
  9
$HYPERLINKBASE
  1

  9
$STYLESHEET
  1

  9
$XEDIT
290
     1
  9
$CEPSNTYPE
380
     0
  9
$PSTYLEMODE
290
     1
  9
$FINGERPRINTGUID
  2
{775CF9FD-47BE-43EF-B9EB-1516C0E5A6A2}
  9
$VERSIONGUID
  2
{FAEB1C32-E019-11D5-929B-00C0DF256EC4}
  9
$EXTNAMES
290
     1
  9
$PSVPSCALE
 40
0.0
  9
$OLESTARTUP
290
     0
  0
ENDSEC
  0
SECTION
  2
CLASSES
  0
CLASS
  1
ACDBDICTIONARYWDFLT
  2
AcDbDictionaryWithDefault
  3
ObjectDBX Classes
 90
        0
280
     0
281
     0
  0
CLASS
  1
VISUALSTYLE
  2
AcDbVisualStyle
  3
ObjectDBX Classes
 90
     4095
280
     0
281
     0
  0
CLASS
  1
MATERIAL
  2
AcDbMaterial
  3
ObjectDBX Classes
 90
     1153
280
     0
281
     0
  0
CLASS
  1
SCALE
  2
AcDbScale
  3
ObjectDBX Classes
 90
     1153
280
     0
281
     0
  0
CLASS
  1
DICTIONARYVAR
  2
AcDbDictionaryVar
  3
ObjectDBX Classes
 90
        0
280
     0
281
     0
  0
CLASS
  1
ACDBPLACEHOLDER
  2
AcDbPlaceHolder
  3
ObjectDBX Classes
 90
        0
280
     0
281
     0
  0
CLASS
  1
LAYOUT
  2
AcDbLayout
  3
ObjectDBX Classes
 90
        0
280
     0
281
     0
  0
ENDSEC
  0
SECTION
  2
TABLES
  0
TABLE
  2
VPORT
  5
8
330
0
100
AcDbSymbolTable
 70
     1
  0
VPORT
  5
29
330
8
100
AcDbSymbolTableRecord
100
AcDbViewportTableRecord
  2
*Active
 70
     0
 10
0.0
 20
0.0
 11
1.0
 21
1.0
 12
11.26
 22
4.5
 13
0.0
 23
0.0
 14
10.0
 24
10.0
 15
10.0
 25
10.0
 16
0.0
 26
0.0
 36
1.0
 17
0.0
 27
0.0
 37
0.0
 40
9.0
 41
2.503333333333333
 42
50.0
 43
0.0
 44
0.0
 50
0.0
 51
0.0
 71
     0
 72
   100
 73
     1
 74
     3
 75
     0
 76
     0
 77
     0
 78
     0
281
     0
 65
     1
110
0.0
120
0.0
130
0.0
111
1.0
121
0.0
131
0.0
112
0.0
122
1.0
132
0.0
 79
     0
146
0.0
  0
ENDTAB
  0
TABLE
  2
LTYPE
  5
5
330
0
100
AcDbSymbolTable
 70
    10
  0
LTYPE
  5
14
330
5
100
AcDbSymbolTableRecord
100
AcDbLinetypeTableRecord
  2
ByBlock
 70
     0
  3

 72
    65
 73
     0
 40
0.0
  0
LTYPE
  5
15
330
5
100
AcDbSymbolTableRecord
100
AcDbLinetypeTableRecord
  2
ByLayer
 70
     0
  3

 72
    65
 73
     0
 40
0.0
  0
LTYPE
  5
16
330
5
100
AcDbSymbolTableRecord
100
AcDbLinetypeTableRecord
  2
Continuous
 70
     0
  3
Solid line
 72
    65
 73
     0
 40
0.0
  0
LTYPE
  5
45
330
5
100
AcDbSymbolTableRecord
100
AcDbLinetypeTableRecord
  2
phl_thick
 70
     0
  3
THICK
 72
    65
 73
     0
 40
0.0
  0
LTYPE
  5
771
330
5
100
AcDbSymbolTableRecord
100
AcDbLinetypeTableRecord
  2
ls_SK2
 70
     0
  3
THIN
 72
    65
 73
     0
 40
0.0
  0
LTYPE
  5
81D
330
5
100
AcDbSymbolTableRecord
100
AcDbLinetypeTableRecord
  2
SK1
 70
     0
  3
THICK
 72
    65
 73
     0
 40
0.0
  0
LTYPE
  5
82B
330
5
100
AcDbSymbolTableRecord
100
AcDbLinetypeTableRecord
  2
ls1
 70
     0
  3
THICK
 72
    65
 73
     0
 40
0.0
  0
LTYPE
  5
832
330
5
100
AcDbSymbolTableRecord
100
AcDbLinetypeTableRecord
  2
NOCUT
 70
     0
  3
THICK
 72
    65
 73
     0
 40
0.0
  0
LTYPE
  5
83D
330
5
100
AcDbSymbolTableRecord
100
AcDbLinetypeTableRecord
  2
ls_2
 70
     0
  3
THIN
 72
    65
 73
     0
 40
0.0
  0
LTYPE
  5
991
330
5
100
AcDbSymbolTableRecord
100
AcDbLinetypeTableRecord
  2
LONGDASH_DASH
 70
     0
  3
THIN_DASHDOT
 72
    65
 73
     4
 40
0.85
 49
0.4
 74
     0
 49
-0.2
 74
     0
 49
0.05
 74
     0
 49
-0.2
 74
     0
  0
LTYPE
  5
9D8
330
5
100
AcDbSymbolTableRecord
100
AcDbLinetypeTableRecord
  2
ls_SK1
 70
     0
  3
THICK
 72
    65
 73
     0
 40
0.0
  0
LTYPE
  5
A1D
330
5
100
AcDbSymbolTableRecord
100
AcDbLinetypeTableRecord
  2
INFTOTAL
 70
     0
  3
THIN
 72
    65
 73
     0
 40
0.0
  0
ENDTAB
  0
TABLE
  2
LAYER
  5
2
330
0
100
AcDbSymbolTable
 70
    11
  0
LAYER
  5
10
330
2
100
AcDbSymbolTableRecord
100
AcDbLayerTableRecord
  2
0
 70
     0
 62
     7
  6
Continuous
370
    -3
390
F
  0
LAYER
  5
44
330
2
100
AcDbSymbolTableRecord
100
AcDbLayerTableRecord
  2
1
 70
     0
 62
4
  6
CONTINUOUS
370
50
370
    -3
390
F
  0
LAYER
  5
770
330
2
100
AcDbSymbolTableRecord
100
AcDbLayerTableRecord
  2
SK2
 70
     0
 62
7
  6
CONTINUOUS
370
25
370
    -3
390
F
  0
LAYER
  5
81C
330
2
100
AcDbSymbolTableRecord
100
AcDbLayerTableRecord
  2
SK1
 70
     0
 62
4
  6
CONTINUOUS
370
50
370
    -3
390
F
  0
LAYER
  5
82A
330
2
100
AcDbSymbolTableRecord
100
AcDbLayerTableRecord
  2
CUT
 70
     0
 62
1
  6
CONTINUOUS
370
25
370
    -3
390
F
  0
LAYER
  5
831
330
2
100
AcDbSymbolTableRecord
100
AcDbLayerTableRecord
  2
NOCUT
 70
     0
 62
7
  6
CONTINUOUS
370
25
370
    -3
390
F
  0
LAYER
  5
83C
330
2
100
AcDbSymbolTableRecord
100
AcDbLayerTableRecord
  2
2
 70
     0
 62
7
  6
CONTINUOUS
370
25
370
    -3
390
F
  0
LAYER
  5
990
330
2
100
AcDbSymbolTableRecord
100
AcDbLayerTableRecord
  2
4
 70
     0
 62
2
  6
LONGDASH_DASH
370
25
370
    -3
390
F
  0
LAYER
  5
993
330
2
100
AcDbSymbolTableRecord
100
AcDbLayerTableRecord
  2
SK4
 70
     0
 62
2
  6
LONGDASH_DASH
370
25
370
    -3
390
F
  0
LAYER
  5
A11
330
2
100
AcDbSymbolTableRecord
100
AcDbLayerTableRecord
  2
SK6
 70
     0
 62
5
  6
CONTINUOUS
370
25
370
    -3
390
F
  0
LAYER
  5
A1C
330
2
100
AcDbSymbolTableRecord
100
AcDbLayerTableRecord
  2
INFTOTAL
 70
     0
 62
9
  6
CONTINUOUS
370
18
370
    -3
390
F
  0
ENDTAB
  0
TABLE
  2
STYLE
  5
3
330
0
100
AcDbSymbolTable
 70
     1
  0
STYLE
  5
11
330
3
100
AcDbSymbolTableRecord
100
AcDbTextStyleTableRecord
  2
Standard
 70
     0
 40
0.0
 41
1.0
 50
0.0
 71
     0
 42
2.5
  3
Monospac821 BT
  4

  0
ENDTAB
  0
TABLE
  2
VIEW
  5
6
330
0
100
AcDbSymbolTable
 70
     0
  0
ENDTAB
  0
TABLE
  2
UCS
  5
7
330
0
100
AcDbSymbolTable
 70
     0
  0
ENDTAB
  0
TABLE
  2
APPID
  5
9
330
0
100
AcDbSymbolTable
 70
     2
  0
APPID
  5
12
330
9
100
AcDbSymbolTableRecord
100
AcDbRegAppTableRecord
  2
ACAD
 70
     0
  0
APPID
  5
3F
330
9
100
AcDbSymbolTableRecord
100
AcDbRegAppTableRecord
  2
ccLab
 70
     0
  0
ENDTAB
  0
TABLE
  2
DIMSTYLE
  5
A
330
0
100
AcDbSymbolTable
 70
     1
100
AcDbDimStyleTable
  0
DIMSTYLE
105
27
330
A
100
AcDbSymbolTableRecord
100
AcDbDimStyleTableRecord
  2
ISO-25
 70
     0
 41
2.5
 42
0.625
 43
3.75
 44
1.25
 73
     0
 74
     0
 77
     1
 78
     8
140
2.5
141
2.5
143
0.03937007874016
147
0.625
171
     3
172
     1
271
     2
272
     2
274
     3
278
    44
283
     0
284
     8
340
11
  0
ENDTAB
  0
TABLE
  2
BLOCK_RECORD
  5
1
330
0
100
AcDbSymbolTable
 70
     2
  0
BLOCK_RECORD
  5
1F
330
1
100
AcDbSymbolTableRecord
100
AcDbBlockTableRecord
  2
*Model_Space
340
22
  0
BLOCK_RECORD
  5
1B
330
1
100
AcDbSymbolTableRecord
100
AcDbBlockTableRecord
  2
*Paper_Space
340
1E
  0
BLOCK_RECORD
  5
23
330
1
100
AcDbSymbolTableRecord
100
AcDbBlockTableRecord
  2
*Paper_Space0
340
26
  0
ENDTAB
  0
ENDSEC
  0
SECTION
  2
BLOCKS
  0
BLOCK
  5
20
330
1F
100
AcDbEntity
  8
0
100
AcDbBlockBegin
  2
*Model_Space
 70
     0
 10
0.0
 20
0.0
 30
0.0
  3
*Model_Space
  1

  0
ENDBLK
  5
21
330
1F
100
AcDbEntity
  8
0
100
AcDbBlockEnd
  0
BLOCK
  5
1C
330
1B
100
AcDbEntity
 67
     1
  8
0
100
AcDbBlockBegin
  2
*Paper_Space
 70
     0
 10
0.0
 20
0.0
 30
0.0
  3
*Paper_Space
  1

  0
ENDBLK
  5
1D
330
1B
100
AcDbEntity
 67
     1
  8
0
100
AcDbBlockEnd
  0
BLOCK
  5
24
330
23
100
AcDbEntity
  8
0
100
AcDbBlockBegin
  2
*Paper_Space0
 70
     0
 10
0.0
 20
0.0
 30
0.0
  3
*Paper_Space0
  1

  0
ENDBLK
  5
25
330
23
100
AcDbEntity
  8
0
100
AcDbBlockEnd
  0
ENDSEC
  0
SECTION
  2
ENTITIES
  0
LINE
  5
A21
330
1F
100
AcDbEntity
  8
1
  6
CONTINUOUS
370
50
 62
4
100
AcDbLine
 10
31.949739
 20
-2.668647
 30
0.0
 11
31.94717
 21
-2.62386
 31
0.0
  0
LINE
  5
A22
330
1F
100
AcDbEntity
  8
1
  6
CONTINUOUS
370
50
 62
4
100
AcDbLine
 10
48.417503
 20
-2.347251
 30
0.0
 11
48.408009
 21
-2.289375
 31
0.0
  0
LINE
  5
A23
330
1F
100
AcDbEntity
  8
1
  6
CONTINUOUS
370
50
 62
4
100
AcDbLine
 10
48.419006
 20
-2.355665
 30
0.0
 11
48.407982
 21
-2.289342
 31
0.0
  0
LINE
  5
A24
330
1F
100
AcDbEntity
  8
1
  6
CONTINUOUS
370
50
 62
4
100
AcDbLine
 10
31.957754
 20
-2.71481
 30
0.0
 11
31.949739
 21
-2.668647
 31
0.0
  0
LINE
  5
A25
330
1F
100
AcDbEntity
  8
1
  6
CONTINUOUS
370
50
 62
4
100
AcDbLine
 10
31.949118
 20
3.916358
 30
0.0
 11
31.94717
 21
3.926635
 31
0.0
  0
LINE
  5
A26
330
1F
100
AcDbEntity
  8
1
  6
CONTINUOUS
370
50
 62
4
100
AcDbLine
 10
48.429131
 20
-2.407191
 30
0.0
 11
48.417503
 21
-2.347251
 31
0.0
  0
LINE
  5
A27
330
1F
100
AcDbEntity
  8
1
  6
CONTINUOUS
370
50
 62
4
100
AcDbLine
 10
48.432888
 20
-2.424981
 30
0.0
 11
48.419006
 21
-2.355665
 31
0.0
  0
LINE
  5
A28
330
1F
100
AcDbEntity
  8
1
  6
CONTINUOUS
370
50
 62
4
100
AcDbLine
 10
48.442646
 20
-2.468698
 30
0.0
 11
48.429131
 21
-2.407191
 31
0.0
  0
LINE
  5
A29
330
1F
100
AcDbEntity
  8
1
  6
CONTINUOUS
370
50
 62
4
100
AcDbLine
 10
48.449299
 20
-2.496674
 30
0.0
 11
48.432888
 21
-2.424981
 31
0.0
  0
LINE
  5
A2A
330
1F
100
AcDbEntity
  8
1
  6
CONTINUOUS
370
50
 62
4
100
AcDbLine
 10
48.457802
 20
-2.531274
 30
0.0
 11
48.442646
 21
-2.468698
 31
0.0
  0
LINE
  5
A2B
330
1F
100
AcDbEntity
  8
1
  6
CONTINUOUS
370
50
 62
4
100
AcDbLine
 10
48.467915
 20
-2.570126
 30
0.0
 11
48.449299
 21
-2.496674
 31
0.0
  0
LINE
  5
A2C
330
1F
100
AcDbEntity
  8
1
  6
CONTINUOUS
370
50
 62
4
100
AcDbLine
 10
48.474354
 20
-2.594423
 30
0.0
 11
48.457802
 21
-2.531274
 31
0.0
  0
LINE
  5
A2D
330
1F
100
AcDbEntity
  8
1
  6
CONTINUOUS
370
50
 62
4
100
AcDbLine
 10
48.488403
 20
-2.64472
 30
0.0
 11
48.467915
 21
-2.570126
 31
0.0
  0
LINE
  5
A2E
330
1F
100
AcDbEntity
  8
1
  6
CONTINUOUS
370
50
 62
4
100
AcDbLine
 10
48.492069
 20
-2.657721
 30
0.0
 11
48.474354
 21
-2.594423
 31
0.0
  0
LINE
  5
A2F
330
1F
100
AcDbEntity
  8
1
  6
CONTINUOUS
370
50
 62
4
100
AcDbLine
 10
31.971516
 20
-2.762239
 30
0.0
 11
31.957754
 21
-2.71481
 31
0.0
  0
LINE
  5
A30
330
1F
100
AcDbEntity
  8
1
  6
CONTINUOUS
370
50
 62
4
100
AcDbLine
 10
48.510437
 20
-2.719841
 30
0.0
 11
48.488403
 21
-2.64472
 31
0.0
  0
LINE
  5
A31
330
1F
100
AcDbEntity
  8
1
  6
CONTINUOUS
370
50
 62
4
100
AcDbLine
 10
48.511044
 20
-2.721909
 30
0.0
 11
48.492069
 21
-2.657721
 31
0.0
  0
LINE
  5
A32
330
1F
100
AcDbEntity
  8
1
  6
CONTINUOUS
370
50
 62
4
100
AcDbLine
 10
48.531246
 20
-2.787143
 30
0.0
 11
48.511044
 21
-2.721909
 31
0.0
  0
LINE
  5
A33
330
1F
100
AcDbEntity
  8
1
  6
CONTINUOUS
370
50
 62
4
100
AcDbLine
 10
48.533688
 20
-2.794871
 30
0.0
 11
48.510437
 21
-2.719841
 31
0.0
  0
LINE
  5
A34
330
1F
100
AcDbEntity
  8
1
  6
CONTINUOUS
370
50
 62
4
100
AcDbLine
 10
48.552547
 20
-2.853216
 30
0.0
 11
48.531246
 21
-2.787143
 31
0.0
  0
LINE
  5
A35
330
1F
100
AcDbEntity
  8
1
  6
CONTINUOUS
370
50
 62
4
100
AcDbLine
 10
48.558167
 20
-2.870269
 30
0.0
 11
48.533688
 21
-2.794871
 31
0.0
  0
LINE
  5
A36
330
1F
100
AcDbEntity
  8
1
  6
CONTINUOUS
370
50
 62
4
100
AcDbLine
 10
48.574825
 20
-2.919919
 30
0.0
 11
48.552547
 21
-2.853216
 31
0.0
  0
LINE
  5
A37
330
1F
100
AcDbEntity
  8
1
  6
CONTINUOUS
370
50
 62
4
100
AcDbLine
 10
48.584194
 20
-2.947335
 30
0.0
 11
48.558167
 21
-2.870269
 31
0.0
  0
LINE
  5
A38
330
1F
100
AcDbEntity
  8
1
  6
CONTINUOUS
370
50
 62
4
100
AcDbLine
 10
48.597946
 20
-2.987045
 30
0.0
 11
48.574825
 21
-2.919919
 31
0.0
  0
LINE
  5
A39
330
1F
100
AcDbEntity
  8
1
  6
CONTINUOUS
370
50
 62
4
100
AcDbLine
 10
48.611618
 20
-3.025822
 30
0.0
 11
48.584194
 21
-2.947335
 31
0.0
  0
LINE
  5
A3A
330
1F
100
AcDbEntity
  8
1
  6
CONTINUOUS
370
50
 62
4
100
AcDbLine
 10
48.621788
 20
-3.054384
 30
0.0
 11
48.597946
 21
-2.987045
 31
0.0
  0
LINE
  5
A3B
330
1F
100
AcDbEntity
  8
1
  6
CONTINUOUS
370
50
 62
4
100
AcDbLine
 10
48.640293
 20
-3.105461
 30
0.0
 11
48.611618
 21
-3.025822
 31
0.0
  0
LINE
  5
A3C
330
1F
100
AcDbEntity
  8
1
  6
CONTINUOUS
370
50
 62
4
100
AcDbLine
 10
48.646225
 20
-3.121729
 30
0.0
 11
48.621788
 21
-3.054384
 31
0.0
  0
LINE
  5
A3D
330
1F
100
AcDbEntity
  8
1
  6
CONTINUOUS
370
50
 62
4
100
AcDbLine
 10
48.670063
 20
-3.185983
 30
0.0
 11
48.640293
 21
-3.105461
 31
0.0
  0
LINE
  5
A3E
330
1F
100
AcDbEntity
  8
1
  6
CONTINUOUS
370
50
 62
4
100
AcDbLine
 10
48.67119599999999
 20
-3.189053
 30
0.0
 11
48.646225
 21
-3.121729
 31
0.0
  0
LINE
  5
A3F
330
1F
100
AcDbEntity
  8
1
  6
CONTINUOUS
370
50
 62
4
100
AcDbLine
 10
48.69692999999999
 20
-3.257069
 30
0.0
 11
48.67119599999999
 21
-3.189053
 31
0.0
  0
LINE
  5
A40
330
1F
100
AcDbEntity
  8
1
  6
CONTINUOUS
370
50
 62
4
100
AcDbLine
 10
48.700783
 20
-3.267121
 30
0.0
 11
48.670063
 21
-3.185983
 31
0.0
  0
LINE
  5
A41
330
1F
100
AcDbEntity
  8
1
  6
CONTINUOUS
370
50
 62
4
100
AcDbLine
 10
48.723381
 20
-3.325727
 30
0.0
 11
48.69692999999999
 21
-3.257069
 31
0.0
  0
LINE
  5
A42
330
1F
100
AcDbEntity
  8
1
  6
CONTINUOUS
370
50
 62
4
100
AcDbLine
 10
48.732296
 20
-3.348605
 30
0.0
 11
48.700783
 21
-3.267121
 31
0.0
  0
LINE
  5
A43
330
1F
100
AcDbEntity
  8
1
  6
CONTINUOUS
370
50
 62
4
100
AcDbLine
 10
48.75045799999999
 20
-3.394855
 30
0.0
 11
48.723381
 21
-3.325727
 31
0.0
  0
LINE
  5
A44
330
1F
100
AcDbEntity
  8
1
  6
CONTINUOUS
370
50
 62
4
100
AcDbLine
 10
48.76445
 20
-3.430168
 30
0.0
 11
48.732296
 21
-3.348605
 31
0.0
  0
LINE
  5
A45
330
1F
100
AcDbEntity
  8
1
  6
CONTINUOUS
370
50
 62
4
100
AcDbLine
 10
48.778076
 20
-3.464282
 30
0.0
 11
48.75045799999999
 21
-3.394855
 31
0.0
  0
LINE
  5
A46
330
1F
100
AcDbEntity
  8
1
  6
CONTINUOUS
370
50
 62
4
100
AcDbLine
 10
48.7971
 20
-3.51154
 30
0.0
 11
48.76445
 21
-3.430168
 31
0.0
  0
LINE
  5
A47
330
1F
100
AcDbEntity
  8
1
  6
CONTINUOUS
370
50
 62
4
100
AcDbLine
 10
48.806145
 20
-3.533836
 30
0.0
 11
48.778076
 21
-3.464282
 31
0.0
  0
LINE
  5
A48
330
1F
100
AcDbEntity
  8
1
  6
CONTINUOUS
370
50
 62
4
100
AcDbLine
 10
31.990685
 20
-2.809426
 30
0.0
 11
31.971516
 21
-2.762239
 31
0.0
  0
LINE
  5
A49
330
1F
100
AcDbEntity
  8
1
  6
CONTINUOUS
370
50
 62
4
100
AcDbLine
 10
48.830093
 20
-3.592453
 30
0.0
 11
48.7971
 21
-3.51154
 31
0.0
  0
LINE
  5
A4A
330
1F
100
AcDbEntity
  8
1
  6
CONTINUOUS
370
50
 62
4
100
AcDbLine
 10
48.83457199999999
 20
-3.603346
 30
0.0
 11
48.806145
 21
-3.533836
 31
0.0
  0
LINE
  5
A4B
330
1F
100
AcDbEntity
  8
1
  6
CONTINUOUS
370
50
 62
4
100
AcDbLine
 10
48.863274
 20
-3.672638
 30
0.0
 11
48.830093
 21
-3.592453
 31
0.0
  0
LINE
  5
A4C
330
1F
100
AcDbEntity
  8
1
  6
CONTINUOUS
370
50
 62
4
100
AcDbLine
 10
48.863274
 20
-3.672638
 30
0.0
 11
48.83457199999999
 21
-3.603346
 31
0.0
  0
LINE
  5
A4D
330
1F
100
AcDbEntity
  8
1
  6
CONTINUOUS
370
50
 62
4
100
AcDbLine
 10
49.000008
 20
-4.001493
 30
0.0
 11
48.980583
 21
-3.954714
 31
0.0
  0
LINE
  5
A4E
330
1F
100
AcDbEntity
  8
1
  6
CONTINUOUS
370
50
 62
4
100
AcDbLine
 10
49.000008
 20
-4.001493
 30
0.0
 11
48.980583
 21
-3.954714
 31
0.0
  0
LINE
  5
A4F
330
1F
100
AcDbEntity
  8
1
  6
CONTINUOUS
370
50
 62
4
100
AcDbLine
 10
48.980583
 20
-3.954714
 30
0.0
 11
48.961124
 21
-3.907862
 31
0.0
  0
LINE
  5
A50
330
1F
100
AcDbEntity
  8
1
  6
CONTINUOUS
370
50
 62
4
100
AcDbLine
 10
48.980583
 20
-3.954714
 30
0.0
 11
48.961124
 21
-3.907862
 31
0.0
  0
LINE
  5
A51
330
1F
100
AcDbEntity
  8
1
  6
CONTINUOUS
370
50
 62
4
100
AcDbLine
 10
48.961124
 20
-3.907862
 30
0.0
 11
48.941631
 21
-3.86094
 31
0.0
  0
LINE
  5
A52
330
1F
100
AcDbEntity
  8
1
  6
CONTINUOUS
370
50
 62
4
100
AcDbLine
 10
48.961124
 20
-3.907862
 30
0.0
 11
48.941631
 21
-3.86094
 31
0.0
  0
LINE
  5
A53
330
1F
100
AcDbEntity
  8
1
  6
CONTINUOUS
370
50
 62
4
100
AcDbLine
 10
48.941631
 20
-3.86094
 30
0.0
 11
48.922096
 21
-3.813954
 31
0.0
  0
LINE
  5
A54
330
1F
100
AcDbEntity
  8
1
  6
CONTINUOUS
370
50
 62
4
100
AcDbLine
 10
48.941631
 20
-3.86094
 30
0.0
 11
48.922096
 21
-3.813954
 31
0.0
  0
LINE
  5
A55
330
1F
100
AcDbEntity
  8
1
  6
CONTINUOUS
370
50
 62
4
100
AcDbLine
 10
48.922096
 20
-3.813954
 30
0.0
 11
48.902527
 21
-3.766906
 31
0.0
  0
LINE
  5
A56
330
1F
100
AcDbEntity
  8
1
  6
CONTINUOUS
370
50
 62
4
100
AcDbLine
 10
48.922096
 20
-3.813954
 30
0.0
 11
48.902527
 21
-3.766906
 31
0.0
  0
LINE
  5
A57
330
1F
100
AcDbEntity
  8
1
  6
CONTINUOUS
370
50
 62
4
100
AcDbLine
 10
48.902527
 20
-3.766906
 30
0.0
 11
48.882919
 21
-3.719799
 31
0.0
  0
LINE
  5
A58
330
1F
100
AcDbEntity
  8
1
  6
CONTINUOUS
370
50
 62
4
100
AcDbLine
 10
48.902527
 20
-3.766906
 30
0.0
 11
48.882919
 21
-3.719799
 31
0.0
  0
LINE
  5
A59
330
1F
100
AcDbEntity
  8
1
  6
CONTINUOUS
370
50
 62
4
100
AcDbLine
 10
48.882919
 20
-3.719799
 30
0.0
 11
48.863274
 21
-3.672638
 31
0.0
  0
LINE
  5
A5A
330
1F
100
AcDbEntity
  8
1
  6
CONTINUOUS
370
50
 62
4
100
AcDbLine
 10
48.882919
 20
-3.719799
 30
0.0
 11
48.863274
 21
-3.672638
 31
0.0
  0
LINE
  5
A5B
330
1F
100
AcDbEntity
  8
1
  6
CONTINUOUS
370
50
 62
4
100
AcDbLine
 10
42.922153
 20
3.834329
 30
0.0
 11
42.867195
 21
3.957097
 31
0.0
  0
LINE
  5
A5C
330
1F
100
AcDbEntity
  8
1
  6
CONTINUOUS
370
50
 62
4
100
AcDbLine
 10
35.422295
 20
3.819849
 30
0.0
 11
35.367188
 21
3.942883
 31
0.0
  0
LINE
  5
A5D
330
1F
100
AcDbEntity
  8
1
  6
CONTINUOUS
370
50
 62
4
100
AcDbLine
 10
42.977425
 20
3.711512
 30
0.0
 11
42.922153
 21
3.834329
 31
0.0
  0
LINE
  5
A5E
330
1F
100
AcDbEntity
  8
1
  6
CONTINUOUS
370
50
 62
4
100
AcDbLine
 10
35.477757
 20
3.696654
 30
0.0
 11
35.422295
 21
3.819849
 31
0.0
  0
LINE
  5
A5F
330
1F
100
AcDbEntity
  8
1
  6
CONTINUOUS
370
50
 62
4
100
AcDbLine
 10
35.533474
 20
3.573564
 30
0.0
 11
35.477757
 21
3.696654
 31
0.0
  0
LINE
  5
A60
330
1F
100
AcDbEntity
  8
1
  6
CONTINUOUS
370
50
 62
4
100
AcDbLine
 10
43.03302
 20
3.588714
 30
0.0
 11
42.977425
 21
3.711512
 31
0.0
  0
LINE
  5
A61
330
1F
100
AcDbEntity
  8
1
  6
CONTINUOUS
370
50
 62
4
100
AcDbLine
 10
40.422058
 20
4.083997
 30
0.0
 11
40.36721
 21
4.205139
 31
0.0
  0
LINE
  5
A62
330
1F
100
AcDbEntity
  8
1
  6
CONTINUOUS
370
50
 62
4
100
AcDbLine
 10
41.672085
 20
3.033503
 30
0.0
 11
41.61721
 21
3.154617
 31
0.0
  0
LINE
  5
A63
330
1F
100
AcDbEntity
  8
1
  6
CONTINUOUS
370
50
 62
4
100
AcDbLine
 10
40.477257
 20
3.962435
 30
0.0
 11
40.422058
 21
4.083997
 31
0.0
  0
LINE
  5
A64
330
1F
100
AcDbEntity
  8
1
  6
CONTINUOUS
370
50
 62
4
100
AcDbLine
 10
35.589367
 20
3.450845
 30
0.0
 11
35.533474
 21
3.573564
 31
0.0
  0
LINE
  5
A65
330
1F
100
AcDbEntity
  8
1
  6
CONTINUOUS
370
50
 62
4
100
AcDbLine
 10
40.532749
 20
3.840634
 30
0.0
 11
40.477257
 21
3.962435
 31
0.0
  0
LINE
  5
A66
330
1F
100
AcDbEntity
  8
1
  6
CONTINUOUS
370
50
 62
4
100
AcDbLine
 10
43.088863
 20
3.466181
 30
0.0
 11
43.03302
 21
3.588714
 31
0.0
  0
LINE
  5
A67
330
1F
100
AcDbEntity
  8
1
  6
CONTINUOUS
370
50
 62
4
100
AcDbLine
 10
40.588543
 20
3.718673
 30
0.0
 11
40.532749
 21
3.840634
 31
0.0
  0
LINE
  5
A68
330
1F
100
AcDbEntity
  8
1
  6
CONTINUOUS
370
50
 62
4
100
AcDbLine
 10
41.727276
 20
2.913101
 30
0.0
 11
41.672085
 21
3.033503
 31
0.0
  0
LINE
  5
A69
330
1F
100
AcDbEntity
  8
1
  6
CONTINUOUS
370
50
 62
4
100
AcDbLine
 10
35.64534
 20
3.328762
 30
0.0
 11
35.589367
 21
3.450845
 31
0.0
  0
LINE
  5
A6A
330
1F
100
AcDbEntity
  8
1
  6
CONTINUOUS
370
50
 62
4
100
AcDbLine
 10
43.144924
 20
3.344071
 30
0.0
 11
43.088863
 21
3.466181
 31
0.0
  0
LINE
  5
A6B
330
1F
100
AcDbEntity
  8
1
  6
CONTINUOUS
370
50
 62
4
100
AcDbLine
 10
40.644642
 20
3.596628
 30
0.0
 11
40.588543
 21
3.718673
 31
0.0
  0
LINE
  5
A6C
330
1F
100
AcDbEntity
  8
1
  6
CONTINUOUS
370
50
 62
4
100
AcDbLine
 10
34.23254
 20
2.880919
 30
0.0
 11
34.17561
 21
3.004366
 31
0.0
  0
LINE
  5
A6D
330
1F
100
AcDbEntity
  8
1
  6
CONTINUOUS
370
50
 62
4
100
AcDbLine
 10
34.17561
 20
3.004366
 30
0.0
 11
34.11729
 21
3.130802
 31
0.0
  0
LINE
  5
A6E
330
1F
100
AcDbEntity
  8
1
  6
CONTINUOUS
370
50
 62
4
100
AcDbLine
 10
35.701416
 20
3.207373
 30
0.0
 11
35.64534
 21
3.328762
 31
0.0
  0
LINE
  5
A6F
330
1F
100
AcDbEntity
  8
1
  6
CONTINUOUS
370
50
 62
4
100
AcDbLine
 10
40.70105
 20
3.474574
 30
0.0
 11
40.644642
 21
3.596628
 31
0.0
  0
LINE
  5
A70
330
1F
100
AcDbEntity
  8
1
  6
CONTINUOUS
370
50
 62
4
100
AcDbLine
 10
48.181549
 20
3.529191
 30
0.0
 11
48.168907
 21
3.556519
 31
0.0
  0
LINE
  5
A71
330
1F
100
AcDbEntity
  8
1
  6
CONTINUOUS
370
50
 62
4
100
AcDbLine
 10
34.28841
 20
2.760166
 30
0.0
 11
34.23254
 21
2.880919
 31
0.0
  0
LINE
  5
A72
330
1F
100
AcDbEntity
  8
1
  6
CONTINUOUS
370
50
 62
4
100
AcDbLine
 10
43.201225
 20
3.222424
 30
0.0
 11
43.144924
 21
3.344071
 31
0.0
  0
LINE
  5
A73
330
1F
100
AcDbEntity
  8
1
  6
CONTINUOUS
370
50
 62
4
100
AcDbLine
 10
48.19421
 20
3.501862
 30
0.0
 11
48.181549
 21
3.529191
 31
0.0
  0
LINE
  5
A74
330
1F
100
AcDbEntity
  8
1
  6
CONTINUOUS
370
50
 62
4
100
AcDbLine
 10
44.172047
 20
2.66713
 30
0.0
 11
44.117195
 21
2.785412
 31
0.0
  0
LINE
  5
A75
330
1F
100
AcDbEntity
  8
1
  6
CONTINUOUS
370
50
 62
4
100
AcDbLine
 10
48.20689
 20
3.474531
 30
0.0
 11
48.19421
 21
3.501862
 31
0.0
  0
LINE
  5
A76
330
1F
100
AcDbEntity
  8
1
  6
CONTINUOUS
370
50
 62
4
100
AcDbLine
 10
41.782761
 20
2.793528
 30
0.0
 11
41.727276
 21
2.913101
 31
0.0
  0
LINE
  5
A77
330
1F
100
AcDbEntity
  8
1
  6
CONTINUOUS
370
50
 62
4
100
AcDbLine
 10
48.219585
 20
3.447199
 30
0.0
 11
48.20689
 21
3.474531
 31
0.0
  0
LINE
  5
A78
330
1F
100
AcDbEntity
  8
1
  6
CONTINUOUS
370
50
 62
4
100
AcDbLine
 10
36.67205
 20
2.646955
 30
0.0
 11
36.617195
 21
2.765004
 31
0.0
  0
LINE
  5
A79
330
1F
100
AcDbEntity
  8
1
  6
CONTINUOUS
370
50
 62
4
100
AcDbLine
 10
40.757771
 20
3.352587
 30
0.0
 11
40.70105
 21
3.474574
 31
0.0
  0
LINE
  5
A7A
330
1F
100
AcDbEntity
  8
1
  6
CONTINUOUS
370
50
 62
4
100
AcDbLine
 10
48.2323
 20
3.419867
 30
0.0
 11
48.219585
 21
3.447199
 31
0.0
  0
LINE
  5
A7B
330
1F
100
AcDbEntity
  8
1
  6
CONTINUOUS
370
50
 62
4
100
AcDbLine
 10
48.245026
 20
3.392536
 30
0.0
 11
48.2323
 21
3.419867
 31
0.0
  0
LINE
  5
A7C
330
1F
100
AcDbEntity
  8
1
  6
CONTINUOUS
370
50
 62
4
100
AcDbLine
 10
34.343536
 20
2.641812
 30
0.0
 11
34.28841
 21
2.760166
 31
0.0
  0
LINE
  5
A7D
330
1F
100
AcDbEntity
  8
1
  6
CONTINUOUS
370
50
 62
4
100
AcDbLine
 10
35.75779
 20
3.086382
 30
0.0
 11
35.701416
 21
3.207373
 31
0.0
  0
LINE
  5
A7E
330
1F
100
AcDbEntity
  8
1
  6
CONTINUOUS
370
50
 62
4
100
AcDbLine
 10
48.257774
 20
3.365206
 30
0.0
 11
48.245026
 21
3.392536
 31
0.0
  0
LINE
  5
A7F
330
1F
100
AcDbEntity
  8
1
  6
CONTINUOUS
370
50
 62
4
100
AcDbLine
 10
43.257782
 20
3.10128
 30
0.0
 11
43.201225
 21
3.222424
 31
0.0
  0
LINE
  5
A80
330
1F
100
AcDbEntity
  8
1
  6
CONTINUOUS
370
50
 62
4
100
AcDbLine
 10
41.838551
 20
2.674871
 30
0.0
 11
41.782761
 21
2.793528
 31
0.0
  0
LINE
  5
A81
330
1F
100
AcDbEntity
  8
1
  6
CONTINUOUS
370
50
 62
4
100
AcDbLine
 10
44.227222
 20
2.549855
 30
0.0
 11
44.172047
 21
2.66713
 31
0.0
  0
LINE
  5
A82
330
1F
100
AcDbEntity
  8
1
  6
CONTINUOUS
370
50
 62
4
100
AcDbLine
 10
34.398243
 20
2.525562
 30
0.0
 11
34.343536
 21
2.641812
 31
0.0
  0
LINE
  5
A83
330
1F
100
AcDbEntity
  8
1
  6
CONTINUOUS
370
50
 62
4
100
AcDbLine
 10
40.13279
 20
-3.958285
 30
0.0
 11
40.078114
 21
-3.842116
 31
0.0
  0
LINE
  5
A84
330
1F
100
AcDbEntity
  8
1
  6
CONTINUOUS
370
50
 62
4
100
AcDbLine
 10
36.727219
 20
2.529921
 30
0.0
 11
36.67205
 21
2.646955
 31
0.0
  0
LINE
  5
A85
330
1F
100
AcDbEntity
  8
1
  6
CONTINUOUS
370
50
 62
4
100
AcDbLine
 10
35.13267099999999
 20
-4.218457
 30
0.0
 11
35.068413
 21
-4.08247
 31
0.0
  0
LINE
  5
A86
330
1F
100
AcDbEntity
  8
1
  6
CONTINUOUS
370
50
 62
4
100
AcDbLine
 10
42.632877
 20
-4.206161
 30
0.0
 11
42.57811
 21
-4.090349
 31
0.0
  0
LINE
  5
A87
330
1F
100
AcDbEntity
  8
1
  6
CONTINUOUS
370
50
 62
4
100
AcDbLine
 10
40.078114
 20
-3.842116
 30
0.0
 11
40.023071
 21
-3.726095
 31
0.0
  0
LINE
  5
A88
330
1F
100
AcDbEntity
  8
1
  6
CONTINUOUS
370
50
 62
4
100
AcDbLine
 10
42.57811
 20
-4.090349
 30
0.0
 11
42.523003
 21
-3.974465
 31
0.0
  0
LINE
  5
A89
330
1F
100
AcDbEntity
  8
1
  6
CONTINUOUS
370
50
 62
4
100
AcDbLine
 10
35.068413
 20
-4.08247
 30
0.0
 11
35.008293
 21
-3.956086
 31
0.0
  0
LINE
  5
A8A
330
1F
100
AcDbEntity
  8
1
  6
CONTINUOUS
370
50
 62
4
100
AcDbLine
 10
33.979504
 20
-3.256409
 30
0.0
 11
33.975403
 21
-3.247797
 31
0.0
  0
LINE
  5
A8B
330
1F
100
AcDbEntity
  8
1
  6
CONTINUOUS
370
50
 62
4
100
AcDbLine
 10
33.983604
 20
-3.265018
 30
0.0
 11
33.979504
 21
-3.256409
 31
0.0
  0
LINE
  5
A8C
330
1F
100
AcDbEntity
  8
1
  6
CONTINUOUS
370
50
 62
4
100
AcDbLine
 10
33.999992
 20
-3.299413
 30
0.0
 11
33.995899
 21
-3.29082
 31
0.0
  0
LINE
  5
A8D
330
1F
100
AcDbEntity
  8
1
  6
CONTINUOUS
370
50
 62
4
100
AcDbLine
 10
33.975403
 20
-3.247797
 30
0.0
 11
33.971298
 21
-3.23918
 31
0.0
  0
LINE
  5
A8E
330
1F
100
AcDbEntity
  8
1
  6
CONTINUOUS
370
50
 62
4
100
AcDbLine
 10
33.991802
 20
-3.282223
 30
0.0
 11
33.987705
 21
-3.273623
 31
0.0
  0
LINE
  5
A8F
330
1F
100
AcDbEntity
  8
1
  6
CONTINUOUS
370
50
 62
4
100
AcDbLine
 10
33.995899
 20
-3.29082
 30
0.0
 11
33.991802
 21
-3.282223
 31
0.0
  0
LINE
  5
A90
330
1F
100
AcDbEntity
  8
1
  6
CONTINUOUS
370
50
 62
4
100
AcDbLine
 10
33.987705
 20
-3.273623
 30
0.0
 11
33.983604
 21
-3.265018
 31
0.0
  0
LINE
  5
A91
330
1F
100
AcDbEntity
  8
1
  6
CONTINUOUS
370
50
 62
4
100
AcDbLine
 10
41.894642
 20
2.557214
 30
0.0
 11
41.838551
 21
2.674871
 31
0.0
  0
LINE
  5
A92
330
1F
100
AcDbEntity
  8
1
  6
CONTINUOUS
370
50
 62
4
100
AcDbLine
 10
34.45285
 20
2.41112
 30
0.0
 11
34.398243
 21
2.525562
 31
0.0
  0
LINE
  5
A93
330
1F
100
AcDbEntity
  8
1
  6
CONTINUOUS
370
50
 62
4
100
AcDbLine
 10
44.282719
 20
2.433661
 30
0.0
 11
44.227222
 21
2.549855
 31
0.0
  0
LINE
  5
A94
330
1F
100
AcDbEntity
  8
1
  6
CONTINUOUS
370
50
 62
4
100
AcDbLine
 10
34.455345
 20
3.947509
 30
0.0
 11
34.399967
 21
4.063453
 31
0.0
  0
LINE
  5
A95
330
1F
100
AcDbEntity
  8
1
  6
CONTINUOUS
370
50
 62
4
100
AcDbLine
 10
34.507854
 20
3.837614
 30
0.0
 11
34.455345
 21
3.947509
 31
0.0
  0
LINE
  5
A96
330
1F
100
AcDbEntity
  8
1
  6
CONTINUOUS
370
50
 62
4
100
AcDbLine
 10
42.523003
 20
-3.974465
 30
0.0
 11
42.467552
 21
-3.858572
 31
0.0
  0
LINE
  5
A97
330
1F
100
AcDbEntity
  8
1
  6
CONTINUOUS
370
50
 62
4
100
AcDbLine
 10
36.7827
 20
2.413973
 30
0.0
 11
36.727219
 21
2.529921
 31
0.0
  0
LINE
  5
A98
330
1F
100
AcDbEntity
  8
1
  6
CONTINUOUS
370
50
 62
4
100
AcDbLine
 10
40.023071
 20
-3.726095
 30
0.0
 11
39.96764
 21
-3.610256
 31
0.0
  0
LINE
  5
A99
330
1F
100
AcDbEntity
  8
1
  6
CONTINUOUS
370
50
 62
4
100
AcDbLine
 10
34.399967
 20
4.063453
 30
0.0
 11
34.344105
 21
4.180066
 31
0.0
  0
LINE
  5
A9A
330
1F
100
AcDbEntity
  8
1
  6
CONTINUOUS
370
50
 62
4
100
AcDbLine
 10
35.008293
 20
-3.956086
 30
0.0
 11
34.952244
 21
-3.839261
 31
0.0
  0
LINE
  5
A9B
330
1F
100
AcDbEntity
  8
1
  6
CONTINUOUS
370
50
 62
4
100
AcDbLine
 10
34.344105
 20
4.180066
 30
0.0
 11
34.288067
 21
4.296484
 31
0.0
  0
LINE
  5
A9C
330
1F
100
AcDbEntity
  8
1
  6
CONTINUOUS
370
50
 62
4
100
AcDbLine
 10
42.467552
 20
-3.858572
 30
0.0
 11
42.411751
 21
-3.742733
 31
0.0
  0
LINE
  5
A9D
330
1F
100
AcDbEntity
  8
1
  6
CONTINUOUS
370
50
 62
4
100
AcDbLine
 10
42.00779
 20
3.848598
 30
0.0
 11
41.951038
 21
3.966233
 31
0.0
  0
LINE
  5
A9E
330
1F
100
AcDbEntity
  8
1
  6
CONTINUOUS
370
50
 62
4
100
AcDbLine
 10
41.951038
 20
3.966233
 30
0.0
 11
41.894608
 21
4.083117
 31
0.0
  0
LINE
  5
A9F
330
1F
100
AcDbEntity
  8
1
  6
CONTINUOUS
370
50
 62
4
100
AcDbLine
 10
39.96764
 20
-3.610256
 30
0.0
 11
39.911804
 21
-3.494643
 31
0.0
  0
LINE
  5
AA0
330
1F
100
AcDbEntity
  8
1
  6
CONTINUOUS
370
50
 62
4
100
AcDbLine
 10
41.894608
 20
4.083117
 30
0.0
 11
41.838493
 21
4.199183
 31
0.0
  0
LINE
  5
AA1
330
1F
100
AcDbEntity
  8
1
  6
CONTINUOUS
370
50
 62
4
100
AcDbLine
 10
41.95105
 20
2.440642
 30
0.0
 11
41.894642
 21
2.557214
 31
0.0
  0
LINE
  5
AA2
330
1F
100
AcDbEntity
  8
1
  6
CONTINUOUS
370
50
 62
4
100
AcDbLine
 10
34.288067
 20
4.296484
 30
0.0
 11
34.231682
 21
4.41291
 31
0.0
  0
LINE
  5
AA3
330
1F
100
AcDbEntity
  8
1
  6
CONTINUOUS
370
50
 62
4
100
AcDbLine
 10
41.838493
 20
4.199183
 30
0.0
 11
41.782692
 21
4.314362
 31
0.0
  0
LINE
  5
AA4
330
1F
100
AcDbEntity
  8
1
  6
CONTINUOUS
370
50
 62
4
100
AcDbLine
 10
41.38279
 20
-3.15634
 30
0.0
 11
41.327942
 21
-3.043154
 31
0.0
  0
LINE
  5
AA5
330
1F
100
AcDbEntity
  8
1
  6
CONTINUOUS
370
50
 62
4
100
AcDbLine
 10
34.952244
 20
-3.839261
 30
0.0
 11
34.898197
 21
-3.727757
 31
0.0
  0
LINE
  5
AA6
330
1F
100
AcDbEntity
  8
1
  6
CONTINUOUS
370
50
 62
4
100
AcDbLine
 10
47.428448
 20
-3.514568
 30
0.0
 11
47.402046
 21
-3.460144
 31
0.0
  0
LINE
  5
AA7
330
1F
100
AcDbEntity
  8
1
  6
CONTINUOUS
370
50
 62
4
100
AcDbLine
 10
42.411751
 20
-3.742733
 30
0.0
 11
42.355598
 21
-3.627012
 31
0.0
  0
LINE
  5
AA8
330
1F
100
AcDbEntity
  8
1
  6
CONTINUOUS
370
50
 62
4
100
AcDbLine
 10
44.338516
 20
2.318693
 30
0.0
 11
44.282719
 21
2.433661
 31
0.0
  0
LINE
  5
AA9
330
1F
100
AcDbEntity
  8
1
  6
CONTINUOUS
370
50
 62
4
100
AcDbLine
 10
34.507687
 20
2.298193
 30
0.0
 11
34.45285
 21
2.41112
 31
0.0
  0
LINE
  5
AAA
330
1F
100
AcDbEntity
  8
1
  6
CONTINUOUS
370
50
 62
4
100
AcDbLine
 10
41.782692
 20
4.314362
 30
0.0
 11
41.727207
 21
4.428576
 31
0.0
  0
LINE
  5
AAB
330
1F
100
AcDbEntity
  8
1
  6
CONTINUOUS
370
50
 62
4
100
AcDbLine
 10
36.838497
 20
2.299203
 30
0.0
 11
36.7827
 21
2.413973
 31
0.0
  0
LINE
  5
AAC
330
1F
100
AcDbEntity
  8
1
  6
CONTINUOUS
370
50
 62
4
100
AcDbLine
 10
41.727207
 20
4.428576
 30
0.0
 11
41.672043
 21
4.541748999999999
 31
0.0
  0
LINE
  5
AAD
330
1F
100
AcDbEntity
  8
1
  6
CONTINUOUS
370
50
 62
4
100
AcDbLine
 10
47.402046
 20
-3.460144
 30
0.0
 11
47.37558
 21
-3.405855
 31
0.0
  0
LINE
  5
AAE
330
1F
100
AcDbEntity
  8
1
  6
CONTINUOUS
370
50
 62
4
100
AcDbLine
 10
39.911804
 20
-3.494643
 30
0.0
 11
39.855618
 21
-3.379439
 31
0.0
  0
LINE
  5
AAF
330
1F
100
AcDbEntity
  8
1
  6
CONTINUOUS
370
50
 62
4
100
AcDbLine
 10
34.231682
 20
4.41291
 30
0.0
 11
34.174774
 21
4.529542999999999
 31
0.0
  0
LINE
  5
AB0
330
1F
100
AcDbEntity
  8
1
  6
CONTINUOUS
370
50
 62
4
100
AcDbLine
 10
42.355598
 20
-3.627012
 30
0.0
 11
42.299084
 21
-3.511472
 31
0.0
  0
LINE
  5
AB1
330
1F
100
AcDbEntity
  8
1
  6
CONTINUOUS
370
50
 62
4
100
AcDbLine
 10
41.672043
 20
4.541748999999999
 30
0.0
 11
41.617195
 21
4.653830999999999
 31
0.0
  0
LINE
  5
AB2
330
1F
100
AcDbEntity
  8
1
  6
CONTINUOUS
370
50
 62
4
100
AcDbLine
 10
34.898197
 20
-3.727757
 30
0.0
 11
34.845318
 21
-3.619814
 31
0.0
  0
LINE
  5
AB3
330
1F
100
AcDbEntity
  8
1
  6
CONTINUOUS
370
50
 62
4
100
AcDbLine
 10
47.37558
 20
-3.405855
 30
0.0
 11
47.349049
 21
-3.351704
 31
0.0
  0
LINE
  5
AB4
330
1F
100
AcDbEntity
  8
1
  6
CONTINUOUS
370
50
 62
4
100
AcDbLine
 10
42.007767
 20
2.325237
 30
0.0
 11
41.95105
 21
2.440642
 31
0.0
  0
LINE
  5
AB5
330
1F
100
AcDbEntity
  8
1
  6
CONTINUOUS
370
50
 62
4
100
AcDbLine
 10
41.327942
 20
-3.043154
 30
0.0
 11
41.272804
 21
-2.930979
 31
0.0
  0
LINE
  5
AB6
330
1F
100
AcDbEntity
  8
1
  6
CONTINUOUS
370
50
 62
4
100
AcDbLine
 10
34.174774
 20
4.529542999999999
 30
0.0
 11
34.117172
 21
4.646585
 31
0.0
  0
LINE
  5
AB7
330
1F
100
AcDbEntity
  8
1
  6
CONTINUOUS
370
50
 62
4
100
AcDbLine
 10
47.349049
 20
-3.351704
 30
0.0
 11
47.322449
 21
-3.297697
 31
0.0
  0
LINE
  5
AB8
330
1F
100
AcDbEntity
  8
1
  6
CONTINUOUS
370
50
 62
4
100
AcDbLine
 10
39.855618
 20
-3.379439
 30
0.0
 11
39.799091
 21
-3.264754
 31
0.0
  0
LINE
  5
AB9
330
1F
100
AcDbEntity
  8
1
  6
CONTINUOUS
370
50
 62
4
100
AcDbLine
 10
42.299084
 20
-3.511472
 30
0.0
 11
42.24221
 21
-3.396195
 31
0.0
  0
LINE
  5
ABA
330
1F
100
AcDbEntity
  8
1
  6
CONTINUOUS
370
50
 62
4
100
AcDbLine
 10
44.39463
 20
2.205002
 30
0.0
 11
44.338516
 21
2.318693
 31
0.0
  0
LINE
  5
ABB
330
1F
100
AcDbEntity
  8
1
  6
CONTINUOUS
370
50
 62
4
100
AcDbLine
 10
36.894611
 20
2.185709
 30
0.0
 11
36.838497
 21
2.299203
 31
0.0
  0
LINE
  5
ABC
330
1F
100
AcDbEntity
  8
1
  6
CONTINUOUS
370
50
 62
4
100
AcDbLine
 10
34.845318
 20
-3.619814
 30
0.0
 11
34.79332
 21
-3.51478
 31
0.0
  0
LINE
  5
ABD
330
1F
100
AcDbEntity
  8
1
  6
CONTINUOUS
370
50
 62
4
100
AcDbLine
 10
47.322449
 20
-3.297697
 30
0.0
 11
47.29578
 21
-3.243836
 31
0.0
  0
LINE
  5
ABE
330
1F
100
AcDbEntity
  8
1
  6
CONTINUOUS
370
50
 62
4
100
AcDbLine
 10
47.29578
 20
-3.243836
 30
0.0
 11
47.269039
 21
-3.190127
 31
0.0
  0
LINE
  5
ABF
330
1F
100
AcDbEntity
  8
1
  6
CONTINUOUS
370
50
 62
4
100
AcDbLine
 10
39.507771
 20
3.977562
 30
0.0
 11
39.451054
 21
4.091464999999999
 31
0.0
  0
LINE
  5
AC0
330
1F
100
AcDbEntity
  8
1
  6
CONTINUOUS
370
50
 62
4
100
AcDbLine
 10
39.799091
 20
-3.264754
 30
0.0
 11
39.742218
 21
-3.150673
 31
0.0
  0
LINE
  5
AC1
330
1F
100
AcDbEntity
  8
1
  6
CONTINUOUS
370
50
 62
4
100
AcDbLine
 10
47.007771
 20
3.983401
 30
0.0
 11
46.967571
 21
4.064014999999999
 31
0.0
  0
LINE
  5
AC2
330
1F
100
AcDbEntity
  8
1
  6
CONTINUOUS
370
50
 62
4
100
AcDbLine
 10
41.272804
 20
-2.930979
 30
0.0
 11
41.217365
 21
-2.819888
 31
0.0
  0
LINE
  5
AC3
330
1F
100
AcDbEntity
  8
1
  6
CONTINUOUS
370
50
 62
4
100
AcDbLine
 10
38.88279
 20
-2.787181
 30
0.0
 11
38.828049
 21
-2.677629
 31
0.0
  0
LINE
  5
AC4
330
1F
100
AcDbEntity
  8
1
  6
CONTINUOUS
370
50
 62
4
100
AcDbLine
 10
39.451054
 20
4.091464999999999
 30
0.0
 11
39.39465
 21
4.204331
 31
0.0
  0
LINE
  5
AC5
330
1F
100
AcDbEntity
  8
1
  6
CONTINUOUS
370
50
 62
4
100
AcDbLine
 10
46.967571
 20
4.064014999999999
 30
0.0
 11
46.927528
 21
4.144108999999999
 31
0.0
  0
LINE
  5
AC6
330
1F
100
AcDbEntity
  8
1
  6
CONTINUOUS
370
50
 62
4
100
AcDbLine
 10
34.79332
 20
-3.51478
 30
0.0
 11
34.741917
 21
-3.412002
 31
0.0
  0
LINE
  5
AC7
330
1F
100
AcDbEntity
  8
1
  6
CONTINUOUS
370
50
 62
4
100
AcDbLine
 10
47.269039
 20
-3.190127
 30
0.0
 11
47.242226
 21
-3.136573
 31
0.0
  0
LINE
  5
AC8
330
1F
100
AcDbEntity
  8
1
  6
CONTINUOUS
370
50
 62
4
100
AcDbLine
 10
41.2728
 20
-4.435038
 30
0.0
 11
41.21737299999999
 21
-4.32437
 31
0.0
  0
LINE
  5
AC9
330
1F
100
AcDbEntity
  8
1
  6
CONTINUOUS
370
50
 62
4
100
AcDbLine
 10
41.21737299999999
 20
-4.32437
 30
0.0
 11
41.161636
 21
-4.21309
 31
0.0
  0
LINE
  5
ACA
330
1F
100
AcDbEntity
  8
1
  6
CONTINUOUS
370
50
 62
4
100
AcDbLine
 10
41.327953
 20
-4.545097999999999
 30
0.0
 11
41.2728
 21
-4.435038
 31
0.0
  0
LINE
  5
ACB
330
1F
100
AcDbEntity
  8
1
  6
CONTINUOUS
370
50
 62
4
100
AcDbLine
 10
41.161636
 20
-4.21309
 30
0.0
 11
41.105545
 21
-4.101186999999999
 31
0.0
  0
LINE
  5
ACC
330
1F
100
AcDbEntity
  8
1
  6
CONTINUOUS
370
50
 62
4
100
AcDbLine
 10
46.927528
 20
4.144108999999999
 30
0.0
 11
46.887642
 21
4.223663
 31
0.0
  0
LINE
  5
ACD
330
1F
100
AcDbEntity
  8
1
  6
CONTINUOUS
370
50
 62
4
100
AcDbLine
 10
41.382793
 20
-4.654387
 30
0.0
 11
41.327953
 21
-4.545097999999999
 31
0.0
  0
LINE
  5
ACE
330
1F
100
AcDbEntity
  8
1
  6
CONTINUOUS
370
50
 62
4
100
AcDbLine
 10
39.39465
 20
4.204331
 30
0.0
 11
39.33855399999999
 21
4.316101
 31
0.0
  0
LINE
  5
ACF
330
1F
100
AcDbEntity
  8
1
  6
CONTINUOUS
370
50
 62
4
100
AcDbLine
 10
41.105545
 20
-4.101186999999999
 30
0.0
 11
41.049065
 21
-3.988652
 31
0.0
  0
LINE
  5
AD0
330
1F
100
AcDbEntity
  8
1
  6
CONTINUOUS
370
50
 62
4
100
AcDbLine
 10
48.52729
 20
-3.937762
 30
0.0
 11
48.52144999999999
 21
-3.926131
 31
0.0
  0
LINE
  5
AD1
330
1F
100
AcDbEntity
  8
1
  6
CONTINUOUS
370
50
 62
4
100
AcDbLine
 10
48.533131
 20
-3.949391
 30
0.0
 11
48.52729
 21
-3.937762
 31
0.0
  0
LINE
  5
AD2
330
1F
100
AcDbEntity
  8
1
  6
CONTINUOUS
370
50
 62
4
100
AcDbLine
 10
48.515606
 20
-3.914499
 30
0.0
 11
48.50976199999999
 21
-3.902865
 31
0.0
  0
LINE
  5
AD3
330
1F
100
AcDbEntity
  8
1
  6
CONTINUOUS
370
50
 62
4
100
AcDbLine
 10
44.45105
 20
2.092686
 30
0.0
 11
44.39463
 21
2.205002
 31
0.0
  0
LINE
  5
AD4
330
1F
100
AcDbEntity
  8
1
  6
CONTINUOUS
370
50
 62
4
100
AcDbLine
 10
48.52144999999999
 20
-3.926131
 30
0.0
 11
48.515606
 21
-3.914499
 31
0.0
  0
LINE
  5
AD5
330
1F
100
AcDbEntity
  8
1
  6
CONTINUOUS
370
50
 62
4
100
AcDbLine
 10
48.50976199999999
 20
-3.902865
 30
0.0
 11
48.50391399999999
 21
-3.89123
 31
0.0
  0
LINE
  5
AD6
330
1F
100
AcDbEntity
  8
1
  6
CONTINUOUS
370
50
 62
4
100
AcDbLine
 10
48.498062
 20
-3.879593
 30
0.0
 11
48.49221
 21
-3.867954
 31
0.0
  0
LINE
  5
AD7
330
1F
100
AcDbEntity
  8
1
  6
CONTINUOUS
370
50
 62
4
100
AcDbLine
 10
48.50391399999999
 20
-3.89123
 30
0.0
 11
48.498062
 21
-3.879593
 31
0.0
  0
LINE
  5
AD8
330
1F
100
AcDbEntity
  8
1
  6
CONTINUOUS
370
50
 62
4
100
AcDbLine
 10
41.049065
 20
-3.988652
 30
0.0
 11
40.99221
 21
-3.875594
 31
0.0
  0
LINE
  5
AD9
330
1F
100
AcDbEntity
  8
1
  6
CONTINUOUS
370
50
 62
4
100
AcDbLine
 10
46.887642
 20
4.223663
 30
0.0
 11
46.847912
 21
4.302654
 31
0.0
  0
LINE
  5
ADA
330
1F
100
AcDbEntity
  8
1
  6
CONTINUOUS
370
50
 62
4
100
AcDbLine
 10
36.951038
 20
2.073581
 30
0.0
 11
36.894611
 21
2.185709
 31
0.0
  0
LINE
  5
ADB
330
1F
100
AcDbEntity
  8
1
  6
CONTINUOUS
370
50
 62
4
100
AcDbLine
 10
33.592117
 20
-3.917781
 30
0.0
 11
33.531189
 21
-3.796726
 31
0.0
  0
LINE
  5
ADC
330
1F
100
AcDbEntity
  8
1
  6
CONTINUOUS
370
50
 62
4
100
AcDbLine
 10
39.33855399999999
 20
4.316101
 30
0.0
 11
39.282761
 21
4.426714
 31
0.0
  0
LINE
  5
ADD
330
1F
100
AcDbEntity
  8
1
  6
CONTINUOUS
370
50
 62
4
100
AcDbLine
 10
46.847912
 20
4.302654
 30
0.0
 11
46.808334
 21
4.381062
 31
0.0
  0
LINE
  5
ADE
330
1F
100
AcDbEntity
  8
1
  6
CONTINUOUS
370
50
 62
4
100
AcDbLine
 10
33.975414
 20
-4.65103
 30
0.0
 11
33.971298
 21
-4.642888999999999
 31
0.0
  0
LINE
  5
ADF
330
1F
100
AcDbEntity
  8
1
  6
CONTINUOUS
370
50
 62
4
100
AcDbLine
 10
33.983631
 20
-4.667263
 30
0.0
 11
33.979527
 21
-4.659154
 31
0.0
  0
LINE
  5
AE0
330
1F
100
AcDbEntity
  8
1
  6
CONTINUOUS
370
50
 62
4
100
AcDbLine
 10
33.987728
 20
-4.675356
 30
0.0
 11
33.983631
 21
-4.667263
 31
0.0
  0
LINE
  5
AE1
330
1F
100
AcDbEntity
  8
1
  6
CONTINUOUS
370
50
 62
4
100
AcDbLine
 10
33.979527
 20
-4.659154
 30
0.0
 11
33.975414
 21
-4.65103
 31
0.0
  0
LINE
  5
AE2
330
1F
100
AcDbEntity
  8
1
  6
CONTINUOUS
370
50
 62
4
100
AcDbLine
 10
33.991821
 20
-4.683433
 30
0.0
 11
33.987728
 21
-4.675356
 31
0.0
  0
LINE
  5
AE3
330
1F
100
AcDbEntity
  8
1
  6
CONTINUOUS
370
50
 62
4
100
AcDbLine
 10
46.808334
 20
4.381062
 30
0.0
 11
46.768906
 21
4.458864999999999
 31
0.0
  0
LINE
  5
AE4
330
1F
100
AcDbEntity
  8
1
  6
CONTINUOUS
370
50
 62
4
100
AcDbLine
 10
33.995907
 20
-4.691494
 30
0.0
 11
33.991821
 21
-4.683433
 31
0.0
  0
LINE
  5
AE5
330
1F
100
AcDbEntity
  8
1
  6
CONTINUOUS
370
50
 62
4
100
AcDbLine
 10
41.217365
 20
-2.819888
 30
0.0
 11
41.161606
 21
-2.709929
 31
0.0
  0
LINE
  5
AE6
330
1F
100
AcDbEntity
  8
1
  6
CONTINUOUS
370
50
 62
4
100
AcDbLine
 10
39.282761
 20
4.426714
 30
0.0
 11
39.227268
 21
4.536112999999999
 31
0.0
  0
LINE
  5
AE7
330
1F
100
AcDbEntity
  8
1
  6
CONTINUOUS
370
50
 62
4
100
AcDbLine
 10
33.999989
 20
-4.699539
 30
0.0
 11
33.995907
 21
-4.691494
 31
0.0
  0
LINE
  5
AE8
330
1F
100
AcDbEntity
  8
1
  6
CONTINUOUS
370
50
 62
4
100
AcDbLine
 10
38.828049
 20
-2.677629
 30
0.0
 11
38.772923
 21
-2.56916
 31
0.0
  0
LINE
  5
AE9
330
1F
100
AcDbEntity
  8
1
  6
CONTINUOUS
370
50
 62
4
100
AcDbLine
 10
46.768906
 20
4.458864999999999
 30
0.0
 11
46.72963
 21
4.536042
 31
0.0
  0
LINE
  5
AEA
330
1F
100
AcDbEntity
  8
1
  6
CONTINUOUS
370
50
 62
4
100
AcDbLine
 10
46.323757
 20
-2.648694
 30
0.0
 11
46.277206
 21
-2.557283
 31
0.0
  0
LINE
  5
AEB
330
1F
100
AcDbEntity
  8
1
  6
CONTINUOUS
370
50
 62
4
100
AcDbLine
 10
33.653561
 20
-4.038405
 30
0.0
 11
33.592117
 21
-3.917781
 31
0.0
  0
LINE
  5
AEC
330
1F
100
AcDbEntity
  8
1
  6
CONTINUOUS
370
50
 62
4
100
AcDbLine
 10
39.227268
 20
4.536112999999999
 30
0.0
 11
39.17207
 21
4.644234
 31
0.0
  0
LINE
  5
AED
330
1F
100
AcDbEntity
  8
1
  6
CONTINUOUS
370
50
 62
4
100
AcDbLine
 10
44.50777799999999
 20
1.981827
 30
0.0
 11
44.45105
 21
2.092686
 31
0.0
  0
LINE
  5
AEE
330
1F
100
AcDbEntity
  8
1
  6
CONTINUOUS
370
50
 62
4
100
AcDbLine
 10
37.00779
 20
1.962909
 30
0.0
 11
36.951038
 21
2.073581
 31
0.0
  0
LINE
  5
AEF
330
1F
100
AcDbEntity
  8
1
  6
CONTINUOUS
370
50
 62
4
100
AcDbLine
 10
39.17207
 20
4.644234
 30
0.0
 11
39.11721
 21
4.750948999999999
 31
0.0
  0
LINE
  5
AF0
330
1F
100
AcDbEntity
  8
1
  6
CONTINUOUS
370
50
 62
4
100
AcDbLine
 10
43.54808
 20
-4.105937
 30
0.0
 11
43.492218
 21
-3.997498
 31
0.0
  0
LINE
  5
AF1
330
1F
100
AcDbEntity
  8
1
  6
CONTINUOUS
370
50
 62
4
100
AcDbLine
 10
33.715763
 20
-4.159148
 30
0.0
 11
33.653561
 21
-4.038405
 31
0.0
  0
LINE
  5
AF2
330
1F
100
AcDbEntity
  8
1
  6
CONTINUOUS
370
50
 62
4
100
AcDbLine
 10
42.922176
 20
1.618853
 30
0.0
 11
42.867207
 21
1.725523
 31
0.0
  0
LINE
  5
AF3
330
1F
100
AcDbEntity
  8
1
  6
CONTINUOUS
370
50
 62
4
100
AcDbLine
 10
43.603916
 20
-4.214233999999999
 30
0.0
 11
43.54808
 21
-4.105937
 31
0.0
  0
LINE
  5
AF4
330
1F
100
AcDbEntity
  8
1
  6
CONTINUOUS
370
50
 62
4
100
AcDbLine
 10
41.161606
 20
-2.709929
 30
0.0
 11
41.105507
 21
-2.60115
 31
0.0
  0
LINE
  5
AF5
330
1F
100
AcDbEntity
  8
1
  6
CONTINUOUS
370
50
 62
4
100
AcDbLine
 10
43.659729
 20
-4.322324
 30
0.0
 11
43.603916
 21
-4.214233999999999
 31
0.0
  0
LINE
  5
AF6
330
1F
100
AcDbEntity
  8
1
  6
CONTINUOUS
370
50
 62
4
100
AcDbLine
 10
36.048519
 20
-4.112394
 30
0.0
 11
35.99221
 21
-4.003346
 31
0.0
  0
LINE
  5
AF7
330
1F
100
AcDbEntity
  8
1
  6
CONTINUOUS
370
50
 62
4
100
AcDbLine
 10
36.104656
 20
-4.221005
 30
0.0
 11
36.048519
 21
-4.112394
 31
0.0
  0
LINE
  5
AF8
330
1F
100
AcDbEntity
  8
1
  6
CONTINUOUS
370
50
 62
4
100
AcDbLine
 10
46.277206
 20
-2.557283
 30
0.0
 11
46.23037
 21
-2.466719
 31
0.0
  0
LINE
  5
AF9
330
1F
100
AcDbEntity
  8
1
  6
CONTINUOUS
370
50
 62
4
100
AcDbLine
 10
38.772923
 20
-2.56916
 30
0.0
 11
38.717461
 21
-2.461952
 31
0.0
  0
LINE
  5
AFA
330
1F
100
AcDbEntity
  8
1
  6
CONTINUOUS
370
50
 62
4
100
AcDbLine
 10
43.715519
 20
-4.430141
 30
0.0
 11
43.659729
 21
-4.322324
 31
0.0
  0
LINE
  5
AFB
330
1F
100
AcDbEntity
  8
1
  6
CONTINUOUS
370
50
 62
4
100
AcDbLine
 10
36.160671
 20
-4.329206
 30
0.0
 11
36.104656
 21
-4.221005
 31
0.0
  0
LINE
  5
AFC
330
1F
100
AcDbEntity
  8
1
  6
CONTINUOUS
370
50
 62
4
100
AcDbLine
 10
35.414867
 20
1.608021
 30
0.0
 11
35.367191
 21
1.700006
 31
0.0
  0
LINE
  5
AFD
330
1F
100
AcDbEntity
  8
1
  6
CONTINUOUS
370
50
 62
4
100
AcDbLine
 10
36.21661
 20
-4.437028
 30
0.0
 11
36.160671
 21
-4.329206
 31
0.0
  0
LINE
  5
AFE
330
1F
100
AcDbEntity
  8
1
  6
CONTINUOUS
370
50
 62
4
100
AcDbLine
 10
43.771297
 20
-4.537621
 30
0.0
 11
43.715519
 21
-4.430141
 31
0.0
  0
LINE
  5
AFF
330
1F
100
AcDbEntity
  8
1
  6
CONTINUOUS
370
50
 62
4
100
AcDbLine
 10
32.014156
 20
-2.854628
 30
0.0
 11
31.990685
 21
-2.809426
 31
0.0
  0
LINE
  5
B00
330
1F
100
AcDbEntity
  8
1
  6
CONTINUOUS
370
50
 62
4
100
AcDbLine
 10
36.272366
 20
-4.544184
 30
0.0
 11
36.21661
 21
-4.437028
 31
0.0
  0
LINE
  5
B01
330
1F
100
AcDbEntity
  8
1
  6
CONTINUOUS
370
50
 62
4
100
AcDbLine
 10
33.77869
 20
-4.280014
 30
0.0
 11
33.715763
 21
-4.159148
 31
0.0
  0
LINE
  5
B02
330
1F
100
AcDbEntity
  8
1
  6
CONTINUOUS
370
50
 62
4
100
AcDbLine
 10
43.827057
 20
-4.644696
 30
0.0
 11
43.771297
 21
-4.537621
 31
0.0
  0
LINE
  5
B03
330
1F
100
AcDbEntity
  8
1
  6
CONTINUOUS
370
50
 62
4
100
AcDbLine
 10
36.327763
 20
-4.650262
 30
0.0
 11
36.272366
 21
-4.544184
 31
0.0
  0
LINE
  5
B04
330
1F
100
AcDbEntity
  8
1
  6
CONTINUOUS
370
50
 62
4
100
AcDbLine
 10
43.882805
 20
-4.751301
 30
0.0
 11
43.827057
 21
-4.644696
 31
0.0
  0
LINE
  5
B05
330
1F
100
AcDbEntity
  8
1
  6
CONTINUOUS
370
50
 62
4
100
AcDbLine
 10
36.382809
 20
-4.755215
 30
0.0
 11
36.327763
 21
-4.650262
 31
0.0
  0
LINE
  5
B06
330
1F
100
AcDbEntity
  8
1
  6
CONTINUOUS
370
50
 62
4
100
AcDbLine
 10
41.105507
 20
-2.60115
 30
0.0
 11
41.049049
 21
-2.493597
 31
0.0
  0
LINE
  5
B07
330
1F
100
AcDbEntity
  8
1
  6
CONTINUOUS
370
50
 62
4
100
AcDbLine
 10
46.23037
 20
-2.466719
 30
0.0
 11
46.18324699999999
 21
-2.377035
 31
0.0
  0
LINE
  5
B08
330
1F
100
AcDbEntity
  8
1
  6
CONTINUOUS
370
50
 62
4
100
AcDbLine
 10
33.842293
 20
-4.400958
 30
0.0
 11
33.77869
 21
-4.280014
 31
0.0
  0
LINE
  5
B09
330
1F
100
AcDbEntity
  8
1
  6
CONTINUOUS
370
50
 62
4
100
AcDbLine
 10
42.977448
 20
1.513901
 30
0.0
 11
42.922176
 21
1.618853
 31
0.0
  0
LINE
  5
B0A
330
1F
100
AcDbEntity
  8
1
  6
CONTINUOUS
370
50
 62
4
100
AcDbLine
 10
38.717461
 20
-2.461952
 30
0.0
 11
38.661663
 21
-2.356093
 31
0.0
  0
LINE
  5
B0B
330
1F
100
AcDbEntity
  8
1
  6
CONTINUOUS
370
50
 62
4
100
AcDbLine
 10
35.463905
 20
1.515161
 30
0.0
 11
35.414867
 21
1.608021
 31
0.0
  0
LINE
  5
B0C
330
1F
100
AcDbEntity
  8
1
  6
CONTINUOUS
370
50
 62
4
100
AcDbLine
 10
33.906513
 20
-4.521932
 30
0.0
 11
33.842293
 21
-4.400958
 31
0.0
  0
LINE
  5
B0D
330
1F
100
AcDbEntity
  8
1
  6
CONTINUOUS
370
50
 62
4
100
AcDbLine
 10
46.18324699999999
 20
-2.377035
 30
0.0
 11
46.135857
 21
-2.288321
 31
0.0
  0
LINE
  5
B0E
330
1F
100
AcDbEntity
  8
1
  6
CONTINUOUS
370
50
 62
4
100
AcDbLine
 10
48.533131
 20
-2.445619
 30
0.0
 11
48.52729
 21
-2.434691
 31
0.0
  0
LINE
  5
B0F
330
1F
100
AcDbEntity
  8
1
  6
CONTINUOUS
370
50
 62
4
100
AcDbLine
 10
41.049049
 20
-2.493597
 30
0.0
 11
40.99221
 21
-2.387318
 31
0.0
  0
LINE
  5
B10
330
1F
100
AcDbEntity
  8
1
  6
CONTINUOUS
370
50
 62
4
100
AcDbLine
 10
31.955215
 20
3.904967
 30
0.0
 11
31.949118
 21
3.916358
 31
0.0
  0
LINE
  5
B11
330
1F
100
AcDbEntity
  8
1
  6
CONTINUOUS
370
50
 62
4
100
AcDbLine
 10
48.52729
 20
-2.434691
 30
0.0
 11
48.52144999999999
 21
-2.423781
 31
0.0
  0
LINE
  5
B12
330
1F
100
AcDbEntity
  8
1
  6
CONTINUOUS
370
50
 62
4
100
AcDbLine
 10
33.971298
 20
-4.642888999999999
 30
0.0
 11
33.906513
 21
-4.521932
 31
0.0
  0
LINE
  5
B13
330
1F
100
AcDbEntity
  8
1
  6
CONTINUOUS
370
50
 62
4
100
AcDbLine
 10
48.52144999999999
 20
-2.423781
 30
0.0
 11
48.51561
 21
-2.412888
 31
0.0
  0
LINE
  5
B14
330
1F
100
AcDbEntity
  8
1
  6
CONTINUOUS
370
50
 62
4
100
AcDbLine
 10
48.51561
 20
-2.412888
 30
0.0
 11
48.509766
 21
-2.40201
 31
0.0
  0
LINE
  5
B15
330
1F
100
AcDbEntity
  8
1
  6
CONTINUOUS
370
50
 62
4
100
AcDbLine
 10
38.661663
 20
-2.356093
 30
0.0
 11
38.60553
 21
-2.25167
 31
0.0
  0
LINE
  5
B16
330
1F
100
AcDbEntity
  8
1
  6
CONTINUOUS
370
50
 62
4
100
AcDbLine
 10
35.516102
 20
1.418182
 30
0.0
 11
35.463905
 21
1.515161
 31
0.0
  0
LINE
  5
B17
330
1F
100
AcDbEntity
  8
1
  6
CONTINUOUS
370
50
 62
4
100
AcDbLine
 10
43.032963
 20
1.410866
 30
0.0
 11
42.977448
 21
1.513901
 31
0.0
  0
LINE
  5
B18
330
1F
100
AcDbEntity
  8
1
  6
CONTINUOUS
370
50
 62
4
100
AcDbLine
 10
48.509766
 20
-2.40201
 30
0.0
 11
48.50391399999999
 21
-2.39115
 31
0.0
  0
LINE
  5
B19
330
1F
100
AcDbEntity
  8
1
  6
CONTINUOUS
370
50
 62
4
100
AcDbLine
 10
48.50391399999999
 20
-2.39115
 30
0.0
 11
48.49806599999999
 21
-2.380306
 31
0.0
  0
LINE
  5
B1A
330
1F
100
AcDbEntity
  8
1
  6
CONTINUOUS
370
50
 62
4
100
AcDbLine
 10
48.49806599999999
 20
-2.380306
 30
0.0
 11
48.49221
 21
-2.369479
 31
0.0
  0
LINE
  5
B1B
330
1F
100
AcDbEntity
  8
1
  6
CONTINUOUS
370
50
 62
4
100
AcDbLine
 10
33.555214
 20
-2.491854
 30
0.0
 11
33.551811
 21
-2.485587
 31
0.0
  0
LINE
  5
B1C
330
1F
100
AcDbEntity
  8
1
  6
CONTINUOUS
370
50
 62
4
100
AcDbLine
 10
33.615189
 20
-2.602258
 30
0.0
 11
33.555214
 21
-2.491854
 31
0.0
  0
LINE
  5
B1D
330
1F
100
AcDbEntity
  8
1
  6
CONTINUOUS
370
50
 62
4
100
AcDbLine
 10
46.135857
 20
-2.288321
 30
0.0
 11
46.088223
 21
-2.200671
 31
0.0
  0
LINE
  5
B1E
330
1F
100
AcDbEntity
  8
1
  6
CONTINUOUS
370
50
 62
4
100
AcDbLine
 10
33.551811
 20
-2.485587
 30
0.0
 11
33.548397
 21
-2.479347
 31
0.0
  0
LINE
  5
B1F
330
1F
100
AcDbEntity
  8
1
  6
CONTINUOUS
370
50
 62
4
100
AcDbLine
 10
33.675297
 20
-2.712027
 30
0.0
 11
33.615189
 21
-2.602258
 31
0.0
  0
LINE
  5
B20
330
1F
100
AcDbEntity
  8
1
  6
CONTINUOUS
370
50
 62
4
100
AcDbLine
 10
38.60553
 20
-2.25167
 30
0.0
 11
38.549053
 21
-2.148768
 31
0.0
  0
LINE
  5
B21
330
1F
100
AcDbEntity
  8
1
  6
CONTINUOUS
370
50
 62
4
100
AcDbLine
 10
45.421974
 20
1.179721
 30
0.0
 11
45.367207
 21
1.279367
 31
0.0
  0
LINE
  5
B22
330
1F
100
AcDbEntity
  8
1
  6
CONTINUOUS
370
50
 62
4
100
AcDbLine
 10
35.571686
 20
1.317155
 30
0.0
 11
35.516102
 21
1.418182
 31
0.0
  0
LINE
  5
B23
330
1F
100
AcDbEntity
  8
1
  6
CONTINUOUS
370
50
 62
4
100
AcDbLine
 10
33.548397
 20
-2.479347
 30
0.0
 11
33.544975
 21
-2.473134
 31
0.0
  0
LINE
  5
B24
330
1F
100
AcDbEntity
  8
1
  6
CONTINUOUS
370
50
 62
4
100
AcDbLine
 10
37.922058
 20
1.155513
 30
0.0
 11
37.867195
 21
1.25497
 31
0.0
  0
LINE
  5
B25
330
1F
100
AcDbEntity
  8
1
  6
CONTINUOUS
370
50
 62
4
100
AcDbLine
 10
43.08873699999999
 20
1.309808
 30
0.0
 11
43.032963
 21
1.410866
 31
0.0
  0
LINE
  5
B26
330
1F
100
AcDbEntity
  8
1
  6
CONTINUOUS
370
50
 62
4
100
AcDbLine
 10
33.735348
 20
-2.820813
 30
0.0
 11
33.675297
 21
-2.712027
 31
0.0
  0
LINE
  5
B27
330
1F
100
AcDbEntity
  8
1
  6
CONTINUOUS
370
50
 62
4
100
AcDbLine
 10
46.088223
 20
-2.200671
 30
0.0
 11
46.040344
 21
-2.114135
 31
0.0
  0
LINE
  5
B28
330
1F
100
AcDbEntity
  8
1
  6
CONTINUOUS
370
50
 62
4
100
AcDbLine
 10
33.544975
 20
-2.473134
 30
0.0
 11
33.541542
 21
-2.466948
 31
0.0
  0
LINE
  5
B29
330
1F
100
AcDbEntity
  8
1
  6
CONTINUOUS
370
50
 62
4
100
AcDbLine
 10
33.795158
 20
-2.928268
 30
0.0
 11
33.735348
 21
-2.820813
 31
0.0
  0
LINE
  5
B2A
330
1F
100
AcDbEntity
  8
1
  6
CONTINUOUS
370
50
 62
4
100
AcDbLine
 10
33.541542
 20
-2.466948
 30
0.0
 11
33.538101
 21
-2.46079
 31
0.0
  0
LINE
  5
B2B
330
1F
100
AcDbEntity
  8
1
  6
CONTINUOUS
370
50
 62
4
100
AcDbLine
 10
38.549053
 20
-2.148768
 30
0.0
 11
38.492233
 21
-2.047475
 31
0.0
  0
LINE
  5
B2C
330
1F
100
AcDbEntity
  8
1
  6
CONTINUOUS
370
50
 62
4
100
AcDbLine
 10
33.854542
 20
-3.034046
 30
0.0
 11
33.795158
 21
-2.928268
 31
0.0
  0
LINE
  5
B2D
330
1F
100
AcDbEntity
  8
1
  6
CONTINUOUS
370
50
 62
4
100
AcDbLine
 10
33.538101
 20
-2.46079
 30
0.0
 11
33.534653
 21
-2.454661
 31
0.0
  0
LINE
  5
B2E
330
1F
100
AcDbEntity
  8
1
  6
CONTINUOUS
370
50
 62
4
100
AcDbLine
 10
46.040344
 20
-2.114135
 30
0.0
 11
45.992218
 21
-2.028764
 31
0.0
  0
LINE
  5
B2F
330
1F
100
AcDbEntity
  8
1
  6
CONTINUOUS
370
50
 62
4
100
AcDbLine
 10
45.477104
 20
1.081939
 30
0.0
 11
45.421974
 21
1.179721
 31
0.0
  0
LINE
  5
B30
330
1F
100
AcDbEntity
  8
1
  6
CONTINUOUS
370
50
 62
4
100
AcDbLine
 10
35.630539
 20
1.212821
 30
0.0
 11
35.571686
 21
1.317155
 31
0.0
  0
LINE
  5
B31
330
1F
100
AcDbEntity
  8
1
  6
CONTINUOUS
370
50
 62
4
100
AcDbLine
 10
34.747524
 20
-4.145386
 30
0.0
 11
34.747288
 21
-4.144969
 31
0.0
  0
LINE
  5
B32
330
1F
100
AcDbEntity
  8
1
  6
CONTINUOUS
370
50
 62
4
100
AcDbLine
 10
37.977245
 20
1.058005
 30
0.0
 11
37.922058
 21
1.155513
 31
0.0
  0
LINE
  5
B33
330
1F
100
AcDbEntity
  8
1
  6
CONTINUOUS
370
50
 62
4
100
AcDbLine
 10
43.144787
 20
1.210778
 30
0.0
 11
43.08873699999999
 21
1.309808
 31
0.0
  0
LINE
  5
B34
330
1F
100
AcDbEntity
  8
1
  6
CONTINUOUS
370
50
 62
4
100
AcDbLine
 10
33.913319
 20
-3.137799
 30
0.0
 11
33.854542
 21
-3.034046
 31
0.0
  0
LINE
  5
B35
330
1F
100
AcDbEntity
  8
1
  6
CONTINUOUS
370
50
 62
4
100
AcDbLine
 10
40.132866
 20
-1.72761
 30
0.0
 11
40.078148
 21
-1.631034
 31
0.0
  0
LINE
  5
B36
330
1F
100
AcDbEntity
  8
1
  6
CONTINUOUS
370
50
 62
4
100
AcDbLine
 10
34.744644
 20
-4.140388
 30
0.0
 11
34.744408
 21
-4.139972
 31
0.0
  0
LINE
  5
B37
330
1F
100
AcDbEntity
  8
1
  6
CONTINUOUS
370
50
 62
4
100
AcDbLine
 10
34.743206
 20
-4.137891
 30
0.0
 11
34.74297
 21
-4.137475
 31
0.0
  0
LINE
  5
B38
330
1F
100
AcDbEntity
  8
1
  6
CONTINUOUS
370
50
 62
4
100
AcDbLine
 10
34.742008
 20
-4.135812
 30
0.0
 11
34.741772
 21
-4.135396
 31
0.0
  0
LINE
  5
B39
330
1F
100
AcDbEntity
  8
1
  6
CONTINUOUS
370
50
 62
4
100
AcDbLine
 10
40.75769
 20
4.134028
 30
0.0
 11
40.745201
 21
4.156038
 31
0.0
  0
LINE
  5
B3A
330
1F
100
AcDbEntity
  8
1
  6
CONTINUOUS
370
50
 62
4
100
AcDbLine
 10
33.534653
 20
-2.454661
 30
0.0
 11
33.531189
 21
-2.44856
 31
0.0
  0
LINE
  5
B3B
330
1F
100
AcDbEntity
  8
1
  6
CONTINUOUS
370
50
 62
4
100
AcDbLine
 10
40.745201
 20
4.156038
 30
0.0
 11
40.732723
 21
4.177966
 31
0.0
  0
LINE
  5
B3C
330
1F
100
AcDbEntity
  8
1
  6
CONTINUOUS
370
50
 62
4
100
AcDbLine
 10
48.25779
 20
4.134567
 30
0.0
 11
48.24778
 21
4.152148
 31
0.0
  0
LINE
  5
B3D
330
1F
100
AcDbEntity
  8
1
  6
CONTINUOUS
370
50
 62
4
100
AcDbLine
 10
48.24778
 20
4.152148
 30
0.0
 11
48.237782
 21
4.169674
 31
0.0
  0
LINE
  5
B3E
330
1F
100
AcDbEntity
  8
1
  6
CONTINUOUS
370
50
 62
4
100
AcDbLine
 10
40.732723
 20
4.177966
 30
0.0
 11
40.720261
 21
4.199811
 31
0.0
  0
LINE
  5
B3F
330
1F
100
AcDbEntity
  8
1
  6
CONTINUOUS
370
50
 62
4
100
AcDbLine
 10
48.237782
 20
4.169674
 30
0.0
 11
48.227795
 21
4.187145
 31
0.0
  0
LINE
  5
B40
330
1F
100
AcDbEntity
  8
1
  6
CONTINUOUS
370
50
 62
4
100
AcDbLine
 10
40.720261
 20
4.199811
 30
0.0
 11
40.707817
 21
4.221572
 31
0.0
  0
LINE
  5
B41
330
1F
100
AcDbEntity
  8
1
  6
CONTINUOUS
370
50
 62
4
100
AcDbLine
 10
33.971298
 20
-3.23918
 30
0.0
 11
33.913319
 21
-3.137799
 31
0.0
  0
LINE
  5
B42
330
1F
100
AcDbEntity
  8
1
  6
CONTINUOUS
370
50
 62
4
100
AcDbLine
 10
48.227795
 20
4.187145
 30
0.0
 11
48.21781499999999
 21
4.204562
 31
0.0
  0
LINE
  5
B43
330
1F
100
AcDbEntity
  8
1
  6
CONTINUOUS
370
50
 62
4
100
AcDbLine
 10
40.707817
 20
4.221572
 30
0.0
 11
40.695385
 21
4.243249
 31
0.0
  0
LINE
  5
B44
330
1F
100
AcDbEntity
  8
1
  6
CONTINUOUS
370
50
 62
4
100
AcDbLine
 10
48.21781499999999
 20
4.204562
 30
0.0
 11
48.207848
 21
4.221922999999999
 31
0.0
  0
LINE
  5
B45
330
1F
100
AcDbEntity
  8
1
  6
CONTINUOUS
370
50
 62
4
100
AcDbLine
 10
34.748966
 20
-4.147888
 30
0.0
 11
34.748726
 21
-4.14747
 31
0.0
  0
LINE
  5
B46
330
1F
100
AcDbEntity
  8
1
  6
CONTINUOUS
370
50
 62
4
100
AcDbLine
 10
42.246902
 20
-4.14352
 30
0.0
 11
42.24221
 21
-4.135359999999999
 31
0.0
  0
LINE
  5
B47
330
1F
100
AcDbEntity
  8
1
  6
CONTINUOUS
370
50
 62
4
100
AcDbLine
 10
40.695385
 20
4.243249
 30
0.0
 11
40.682968
 21
4.264843
 31
0.0
  0
LINE
  5
B48
330
1F
100
AcDbEntity
  8
1
  6
CONTINUOUS
370
50
 62
4
100
AcDbLine
 10
42.256275
 20
-4.159814
 30
0.0
 11
42.251591
 21
-4.151670999999999
 31
0.0
  0
LINE
  5
B49
330
1F
100
AcDbEntity
  8
1
  6
CONTINUOUS
370
50
 62
4
100
AcDbLine
 10
42.251591
 20
-4.151670999999999
 30
0.0
 11
42.246902
 21
-4.14352
 31
0.0
  0
LINE
  5
B4A
330
1F
100
AcDbEntity
  8
1
  6
CONTINUOUS
370
50
 62
4
100
AcDbLine
 10
34.749931
 20
-4.149556
 30
0.0
 11
34.749451
 21
-4.148722
 31
0.0
  0
LINE
  5
B4B
330
1F
100
AcDbEntity
  8
1
  6
CONTINUOUS
370
50
 62
4
100
AcDbLine
 10
34.748245
 20
-4.146637
 30
0.0
 11
34.747765
 21
-4.145803
 31
0.0
  0
LINE
  5
B4C
330
1F
100
AcDbEntity
  8
1
  6
CONTINUOUS
370
50
 62
4
100
AcDbLine
 10
34.74704699999999
 20
-4.144553
 30
0.0
 11
34.746807
 21
-4.144136
 31
0.0
  0
LINE
  5
B4D
330
1F
100
AcDbEntity
  8
1
  6
CONTINUOUS
370
50
 62
4
100
AcDbLine
 10
34.746086
 20
-4.142887
 30
0.0
 11
34.745846
 21
-4.142469999999999
 31
0.0
  0
LINE
  5
B4E
330
1F
100
AcDbEntity
  8
1
  6
CONTINUOUS
370
50
 62
4
100
AcDbLine
 10
34.745605
 20
-4.142054
 30
0.0
 11
34.745365
 21
-4.141637
 31
0.0
  0
LINE
  5
B4F
330
1F
100
AcDbEntity
  8
1
  6
CONTINUOUS
370
50
 62
4
100
AcDbLine
 10
34.744884
 20
-4.140804999999999
 30
0.0
 11
34.744644
 21
-4.140388
 31
0.0
  0
LINE
  5
B50
330
1F
100
AcDbEntity
  8
1
  6
CONTINUOUS
370
50
 62
4
100
AcDbLine
 10
34.743927
 20
-4.139139999999999
 30
0.0
 11
34.743687
 21
-4.138723
 31
0.0
  0
LINE
  5
B51
330
1F
100
AcDbEntity
  8
1
  6
CONTINUOUS
370
50
 62
4
100
AcDbLine
 10
34.743446
 20
-4.138307999999999
 30
0.0
 11
34.743206
 21
-4.137891
 31
0.0
  0
LINE
  5
B52
330
1F
100
AcDbEntity
  8
1
  6
CONTINUOUS
370
50
 62
4
100
AcDbLine
 10
34.742729
 20
-4.13706
 30
0.0
 11
34.742489
 21
-4.136642999999999
 31
0.0
  0
LINE
  5
B53
330
1F
100
AcDbEntity
  8
1
  6
CONTINUOUS
370
50
 62
4
100
AcDbLine
 10
48.207848
 20
4.221922999999999
 30
0.0
 11
48.19788699999999
 21
4.239229
 31
0.0
  0
LINE
  5
B54
330
1F
100
AcDbEntity
  8
1
  6
CONTINUOUS
370
50
 62
4
100
AcDbLine
 10
42.26096
 20
-4.167948
 30
0.0
 11
42.256275
 21
-4.159814
 31
0.0
  0
LINE
  5
B55
330
1F
100
AcDbEntity
  8
1
  6
CONTINUOUS
370
50
 62
4
100
AcDbLine
 10
42.26564399999999
 20
-4.176074
 30
0.0
 11
42.26096
 21
-4.167948
 31
0.0
  0
LINE
  5
B56
330
1F
100
AcDbEntity
  8
1
  6
CONTINUOUS
370
50
 62
4
100
AcDbLine
 10
40.682968
 20
4.264843
 30
0.0
 11
40.670567
 21
4.286351
 31
0.0
  0
LINE
  5
B57
330
1F
100
AcDbEntity
  8
1
  6
CONTINUOUS
370
50
 62
4
100
AcDbLine
 10
48.19788699999999
 20
4.239229
 30
0.0
 11
48.187939
 21
4.25648
 31
0.0
  0
LINE
  5
B58
330
1F
100
AcDbEntity
  8
1
  6
CONTINUOUS
370
50
 62
4
100
AcDbLine
 10
42.270325
 20
-4.184191
 30
0.0
 11
42.26564399999999
 21
-4.176074
 31
0.0
  0
LINE
  5
B59
330
1F
100
AcDbEntity
  8
1
  6
CONTINUOUS
370
50
 62
4
100
AcDbLine
 10
34.748726
 20
-4.14747
 30
0.0
 11
34.748486
 21
-4.147054
 31
0.0
  0
LINE
  5
B5A
330
1F
100
AcDbEntity
  8
1
  6
CONTINUOUS
370
50
 62
4
100
AcDbLine
 10
34.746807
 20
-4.144136
 30
0.0
 11
34.746567
 21
-4.14372
 31
0.0
  0
LINE
  5
B5B
330
1F
100
AcDbEntity
  8
1
  6
CONTINUOUS
370
50
 62
4
100
AcDbLine
 10
34.746326
 20
-4.143303
 30
0.0
 11
34.746086
 21
-4.142887
 31
0.0
  0
LINE
  5
B5C
330
1F
100
AcDbEntity
  8
1
  6
CONTINUOUS
370
50
 62
4
100
AcDbLine
 10
34.745365
 20
-4.141637
 30
0.0
 11
34.745125
 21
-4.141221
 31
0.0
  0
LINE
  5
B5D
330
1F
100
AcDbEntity
  8
1
  6
CONTINUOUS
370
50
 62
4
100
AcDbLine
 10
34.744167
 20
-4.139556
 30
0.0
 11
34.743927
 21
-4.139139999999999
 31
0.0
  0
LINE
  5
B5E
330
1F
100
AcDbEntity
  8
1
  6
CONTINUOUS
370
50
 62
4
100
AcDbLine
 10
42.275005
 20
-4.192299999999999
 30
0.0
 11
42.270325
 21
-4.184191
 31
0.0
  0
LINE
  5
B5F
330
1F
100
AcDbEntity
  8
1
  6
CONTINUOUS
370
50
 62
4
100
AcDbLine
 10
48.25779
 20
4.1355
 30
0.0
 11
48.187943
 21
4.25648
 31
0.0
  0
LINE
  5
B60
330
1F
100
AcDbEntity
  8
1
  6
CONTINUOUS
370
50
 62
4
100
AcDbLine
 10
34.0
 20
-4.811999999999999
 30
0.0
 11
33.531193
 21
-4.0
 31
0.0
  0
LINE
  5
B61
330
1F
100
AcDbEntity
  8
1
  6
CONTINUOUS
370
50
 62
4
100
AcDbLine
 10
46.323757
 20
-4.709754999999999
 30
0.0
 11
45.99221
 21
-4.1355
 31
0.0
  0
LINE
  5
B62
330
1F
100
AcDbEntity
  8
1
  6
CONTINUOUS
370
50
 62
4
100
AcDbLine
 10
37.63279
 20
-4.811999999999999
 30
0.0
 11
37.24221
 21
-4.1355
 31
0.0
  0
LINE
  5
B63
330
1F
100
AcDbEntity
  8
1
  6
CONTINUOUS
370
50
 62
4
100
AcDbLine
 10
38.88279
 20
-4.811999999999999
 30
0.0
 11
38.49221
 21
-4.1355
 31
0.0
  0
LINE
  5
B64
330
1F
100
AcDbEntity
  8
1
  6
CONTINUOUS
370
50
 62
4
100
AcDbLine
 10
40.13279
 20
-4.811999999999999
 30
0.0
 11
39.74221
 21
-4.1355
 31
0.0
  0
LINE
  5
B65
330
1F
100
AcDbEntity
  8
1
  6
CONTINUOUS
370
50
 62
4
100
AcDbLine
 10
41.38279
 20
-4.811999999999999
 30
0.0
 11
40.99221
 21
-4.1355
 31
0.0
  0
LINE
  5
B66
330
1F
100
AcDbEntity
  8
1
  6
CONTINUOUS
370
50
 62
4
100
AcDbLine
 10
45.13279
 20
-4.811999999999999
 30
0.0
 11
44.74221
 21
-4.1355
 31
0.0
  0
LINE
  5
B67
330
1F
100
AcDbEntity
  8
1
  6
CONTINUOUS
370
50
 62
4
100
AcDbLine
 10
34.50779
 20
4.1355
 30
0.0
 11
34.11721
 21
4.811999999999999
 31
0.0
  0
LINE
  5
B68
330
1F
100
AcDbEntity
  8
1
  6
CONTINUOUS
370
50
 62
4
100
AcDbLine
 10
35.75779
 20
4.1355
 30
0.0
 11
35.36721
 21
4.811999999999999
 31
0.0
  0
LINE
  5
B69
330
1F
100
AcDbEntity
  8
1
  6
CONTINUOUS
370
50
 62
4
100
AcDbLine
 10
37.00779
 20
4.1355
 30
0.0
 11
36.61721
 21
4.811999999999999
 31
0.0
  0
LINE
  5
B6A
330
1F
100
AcDbEntity
  8
1
  6
CONTINUOUS
370
50
 62
4
100
AcDbLine
 10
38.25779
 20
4.1355
 30
0.0
 11
37.86721
 21
4.811999999999999
 31
0.0
  0
LINE
  5
B6B
330
1F
100
AcDbEntity
  8
1
  6
CONTINUOUS
370
50
 62
4
100
AcDbLine
 10
42.00779
 20
4.1355
 30
0.0
 11
41.61721
 21
4.811999999999999
 31
0.0
  0
LINE
  5
B6C
330
1F
100
AcDbEntity
  8
1
  6
CONTINUOUS
370
50
 62
4
100
AcDbLine
 10
43.25779
 20
4.1355
 30
0.0
 11
42.86721
 21
4.811999999999999
 31
0.0
  0
LINE
  5
B6D
330
1F
100
AcDbEntity
  8
1
  6
CONTINUOUS
370
50
 62
4
100
AcDbLine
 10
44.50779
 20
4.1355
 30
0.0
 11
44.11721
 21
4.811999999999999
 31
0.0
  0
LINE
  5
B6E
330
1F
100
AcDbEntity
  8
1
  6
CONTINUOUS
370
50
 62
4
100
AcDbLine
 10
45.75779
 20
4.1355
 30
0.0
 11
45.36721
 21
4.811999999999999
 31
0.0
  0
LINE
  5
B6F
330
1F
100
AcDbEntity
  8
1
  6
CONTINUOUS
370
50
 62
4
100
AcDbLine
 10
47.428444
 20
-4.458063999999999
 30
0.0
 11
47.24221
 21
-4.1355
 31
0.0
  0
LINE
  5
B70
330
1F
100
AcDbEntity
  8
1
  6
CONTINUOUS
370
50
 62
4
100
AcDbLine
 10
40.75779
 20
4.1355
 30
0.0
 11
40.670677
 21
4.286379
 31
0.0
  0
LINE
  5
B71
330
1F
100
AcDbEntity
  8
1
  6
CONTINUOUS
370
50
 62
4
100
AcDbLine
 10
42.275005
 20
-4.192299999999999
 30
0.0
 11
42.24221
 21
-4.1355
 31
0.0
  0
LINE
  5
B72
330
1F
100
AcDbEntity
  8
1
  6
CONTINUOUS
370
50
 62
4
100
AcDbLine
 10
48.533131
 20
-4.206372
 30
0.0
 11
48.49221
 21
-4.1355
 31
0.0
  0
LINE
  5
B73
330
1F
100
AcDbEntity
  8
1
  6
CONTINUOUS
370
50
 62
4
100
AcDbLine
 10
34.750637
 20
-4.150091
 30
0.0
 11
34.74221
 21
-4.1355
 31
0.0
  0
LINE
  5
B74
330
1F
100
AcDbEntity
  8
1
  6
CONTINUOUS
370
50
 62
4
100
AcDbLine
 10
48.187939
 20
4.25648
 30
0.0
 11
48.185226
 21
4.261177
 31
0.0
  0
LINE
  5
B75
330
1F
100
AcDbEntity
  8
1
  6
CONTINUOUS
370
50
 62
4
100
AcDbLine
 10
48.185226
 20
4.261177
 30
0.0
 11
48.182514
 21
4.26587
 31
0.0
  0
LINE
  5
B76
330
1F
100
AcDbEntity
  8
1
  6
CONTINUOUS
370
50
 62
4
100
AcDbLine
 10
34.750172
 20
-4.149973
 30
0.0
 11
34.749931
 21
-4.149556
 31
0.0
  0
LINE
  5
B77
330
1F
100
AcDbEntity
  8
1
  6
CONTINUOUS
370
50
 62
4
100
AcDbLine
 10
34.748486
 20
-4.147054
 30
0.0
 11
34.748245
 21
-4.146637
 31
0.0
  0
LINE
  5
B78
330
1F
100
AcDbEntity
  8
1
  6
CONTINUOUS
370
50
 62
4
100
AcDbLine
 10
34.747765
 20
-4.145803
 30
0.0
 11
34.747524
 21
-4.145386
 31
0.0
  0
LINE
  5
B79
330
1F
100
AcDbEntity
  8
1
  6
CONTINUOUS
370
50
 62
4
100
AcDbLine
 10
34.746567
 20
-4.14372
 30
0.0
 11
34.746326
 21
-4.143303
 31
0.0
  0
LINE
  5
B7A
330
1F
100
AcDbEntity
  8
1
  6
CONTINUOUS
370
50
 62
4
100
AcDbLine
 10
48.179802
 20
4.270557999999999
 30
0.0
 11
48.177094
 21
4.275242
 31
0.0
  0
LINE
  5
B7B
330
1F
100
AcDbEntity
  8
1
  6
CONTINUOUS
370
50
 62
4
100
AcDbLine
 10
34.742489
 20
-4.136642999999999
 30
0.0
 11
34.742249
 21
-4.136228
 31
0.0
  0
LINE
  5
B7C
330
1F
100
AcDbEntity
  8
1
  6
CONTINUOUS
370
50
 62
4
100
AcDbLine
 10
48.182514
 20
4.26587
 30
0.0
 11
48.179802
 21
4.270557999999999
 31
0.0
  0
LINE
  5
B7D
330
1F
100
AcDbEntity
  8
1
  6
CONTINUOUS
370
50
 62
4
100
AcDbLine
 10
48.177094
 20
4.275242
 30
0.0
 11
48.174385
 21
4.279923
 31
0.0
  0
LINE
  5
B7E
330
1F
100
AcDbEntity
  8
1
  6
CONTINUOUS
370
50
 62
4
100
AcDbLine
 10
45.532608
 20
0.9860859999999999
 30
0.0
 11
45.477104
 21
1.081939
 31
0.0
  0
LINE
  5
B7F
330
1F
100
AcDbEntity
  8
1
  6
CONTINUOUS
370
50
 62
4
100
AcDbLine
 10
34.799488
 20
-4.235138
 30
0.0
 11
34.750172
 21
-4.149973
 31
0.0
  0
LINE
  5
B80
330
1F
100
AcDbEntity
  8
1
  6
CONTINUOUS
370
50
 62
4
100
AcDbLine
 10
34.749207
 20
-4.148304
 30
0.0
 11
34.748966
 21
-4.147888
 31
0.0
  0
LINE
  5
B81
330
1F
100
AcDbEntity
  8
1
  6
CONTINUOUS
370
50
 62
4
100
AcDbLine
 10
34.747288
 20
-4.144969
 30
0.0
 11
34.74704699999999
 21
-4.144553
 31
0.0
  0
LINE
  5
B82
330
1F
100
AcDbEntity
  8
1
  6
CONTINUOUS
370
50
 62
4
100
AcDbLine
 10
34.745846
 20
-4.142469999999999
 30
0.0
 11
34.745605
 21
-4.142054
 31
0.0
  0
LINE
  5
B83
330
1F
100
AcDbEntity
  8
1
  6
CONTINUOUS
370
50
 62
4
100
AcDbLine
 10
34.745125
 20
-4.141221
 30
0.0
 11
34.744884
 21
-4.140804999999999
 31
0.0
  0
LINE
  5
B84
330
1F
100
AcDbEntity
  8
1
  6
CONTINUOUS
370
50
 62
4
100
AcDbLine
 10
34.744408
 20
-4.139972
 30
0.0
 11
34.744167
 21
-4.139556
 31
0.0
  0
LINE
  5
B85
330
1F
100
AcDbEntity
  8
1
  6
CONTINUOUS
370
50
 62
4
100
AcDbLine
 10
34.742249
 20
-4.136228
 30
0.0
 11
34.742008
 21
-4.135812
 31
0.0
  0
LINE
  5
B86
330
1F
100
AcDbEntity
  8
1
  6
CONTINUOUS
370
50
 62
4
100
AcDbLine
 10
42.326988
 20
-4.281967
 30
0.0
 11
42.275005
 21
-4.192299999999999
 31
0.0
  0
LINE
  5
B87
330
1F
100
AcDbEntity
  8
1
  6
CONTINUOUS
370
50
 62
4
100
AcDbLine
 10
48.171673
 20
4.284599
 30
0.0
 11
48.168964
 21
4.289270999999999
 31
0.0
  0
LINE
  5
B88
330
1F
100
AcDbEntity
  8
1
  6
CONTINUOUS
370
50
 62
4
100
AcDbLine
 10
48.174385
 20
4.279923
 30
0.0
 11
48.171673
 21
4.284599
 31
0.0
  0
LINE
  5
B89
330
1F
100
AcDbEntity
  8
1
  6
CONTINUOUS
370
50
 62
4
100
AcDbLine
 10
35.692554
 20
1.105923
 30
0.0
 11
35.630539
 21
1.212821
 31
0.0
  0
LINE
  5
B8A
330
1F
100
AcDbEntity
  8
1
  6
CONTINUOUS
370
50
 62
4
100
AcDbLine
 10
40.670567
 20
4.286351
 30
0.0
 11
40.626678
 21
4.361987
 31
0.0
  0
LINE
  5
B8B
330
1F
100
AcDbEntity
  8
1
  6
CONTINUOUS
370
50
 62
4
100
AcDbLine
 10
34.743687
 20
-4.138723
 30
0.0
 11
34.743446
 21
-4.138307999999999
 31
0.0
  0
LINE
  5
B8C
330
1F
100
AcDbEntity
  8
1
  6
CONTINUOUS
370
50
 62
4
100
AcDbLine
 10
34.74297
 20
-4.137475
 30
0.0
 11
34.742729
 21
-4.13706
 31
0.0
  0
LINE
  5
B8D
330
1F
100
AcDbEntity
  8
1
  6
CONTINUOUS
370
50
 62
4
100
AcDbLine
 10
40.078148
 20
-1.631034
 30
0.0
 11
40.023087
 21
-1.536273
 31
0.0
  0
LINE
  5
B8E
330
1F
100
AcDbEntity
  8
1
  6
CONTINUOUS
370
50
 62
4
100
AcDbLine
 10
43.20113
 20
1.113826
 30
0.0
 11
43.144787
 21
1.210778
 31
0.0
  0
LINE
  5
B8F
330
1F
100
AcDbEntity
  8
1
  6
CONTINUOUS
370
50
 62
4
100
AcDbLine
 10
38.032757
 20
0.962521
 30
0.0
 11
37.977245
 21
1.058005
 31
0.0
  0
LINE
  5
B90
330
1F
100
AcDbEntity
  8
1
  6
CONTINUOUS
370
50
 62
4
100
AcDbLine
 10
34.749451
 20
-4.148722
 30
0.0
 11
34.749207
 21
-4.148304
 31
0.0
  0
LINE
  5
B91
330
1F
100
AcDbEntity
  8
1
  6
CONTINUOUS
370
50
 62
4
100
AcDbLine
 10
34.850361
 20
-4.322198
 30
0.0
 11
34.799488
 21
-4.235138
 31
0.0
  0
LINE
  5
B92
330
1F
100
AcDbEntity
  8
1
  6
CONTINUOUS
370
50
 62
4
100
AcDbLine
 10
42.378693
 20
-4.370378
 30
0.0
 11
42.326988
 21
-4.281967
 31
0.0
  0
LINE
  5
B93
330
1F
100
AcDbEntity
  8
1
  6
CONTINUOUS
370
50
 62
4
100
AcDbLine
 10
40.626678
 20
4.361987
 30
0.0
 11
40.582973
 21
4.436527
 31
0.0
  0
LINE
  5
B94
330
1F
100
AcDbEntity
  8
1
  6
CONTINUOUS
370
50
 62
4
100
AcDbLine
 10
42.430096
 20
-4.457462
 30
0.0
 11
42.378693
 21
-4.370378
 31
0.0
  0
LINE
  5
B95
330
1F
100
AcDbEntity
  8
1
  6
CONTINUOUS
370
50
 62
4
100
AcDbLine
 10
34.903008
 20
-4.411387
 30
0.0
 11
34.850361
 21
-4.322198
 31
0.0
  0
LINE
  5
B96
330
1F
100
AcDbEntity
  8
1
  6
CONTINUOUS
370
50
 62
4
100
AcDbLine
 10
40.582973
 20
4.436527
 30
0.0
 11
40.539455
 21
4.509951
 31
0.0
  0
LINE
  5
B97
330
1F
100
AcDbEntity
  8
1
  6
CONTINUOUS
370
50
 62
4
100
AcDbLine
 10
45.588444
 20
0.8923059999999999
 30
0.0
 11
45.532608
 21
0.9860859999999999
 31
0.0
  0
LINE
  5
B98
330
1F
100
AcDbEntity
  8
1
  6
CONTINUOUS
370
50
 62
4
100
AcDbLine
 10
42.481209
 20
-4.543186
 30
0.0
 11
42.430096
 21
-4.457462
 31
0.0
  0
LINE
  5
B99
330
1F
100
AcDbEntity
  8
1
  6
CONTINUOUS
370
50
 62
4
100
AcDbLine
 10
40.023087
 20
-1.536273
 30
0.0
 11
39.96767
 21
-1.443387
 31
0.0
  0
LINE
  5
B9A
330
1F
100
AcDbEntity
  8
1
  6
CONTINUOUS
370
50
 62
4
100
AcDbLine
 10
34.957642
 20
-4.502939
 30
0.0
 11
34.903008
 21
-4.411387
 31
0.0
  0
LINE
  5
B9B
330
1F
100
AcDbEntity
  8
1
  6
CONTINUOUS
370
50
 62
4
100
AcDbLine
 10
43.257786
 20
1.019004
 30
0.0
 11
43.20113
 21
1.113826
 31
0.0
  0
LINE
  5
B9C
330
1F
100
AcDbEntity
  8
1
  6
CONTINUOUS
370
50
 62
4
100
AcDbLine
 10
38.088539
 20
0.86924
 30
0.0
 11
38.032757
 21
0.962521
 31
0.0
  0
LINE
  5
B9D
330
1F
100
AcDbEntity
  8
1
  6
CONTINUOUS
370
50
 62
4
100
AcDbLine
 10
35.757626
 20
0.9972019999999999
 30
0.0
 11
35.692554
 21
1.105923
 31
0.0
  0
LINE
  5
B9E
330
1F
100
AcDbEntity
  8
1
  6
CONTINUOUS
370
50
 62
4
100
AcDbLine
 10
40.539455
 20
4.509951
 30
0.0
 11
40.496117
 21
4.582236
 31
0.0
  0
LINE
  5
B9F
330
1F
100
AcDbEntity
  8
1
  6
CONTINUOUS
370
50
 62
4
100
AcDbLine
 10
42.532028
 20
-4.627515
 30
0.0
 11
42.481209
 21
-4.543186
 31
0.0
  0
LINE
  5
BA0
330
1F
100
AcDbEntity
  8
1
  6
CONTINUOUS
370
50
 62
4
100
AcDbLine
 10
35.014477
 20
-4.597087999999999
 30
0.0
 11
34.957642
 21
-4.502939
 31
0.0
  0
LINE
  5
BA1
330
1F
100
AcDbEntity
  8
1
  6
CONTINUOUS
370
50
 62
4
100
AcDbLine
 10
40.496117
 20
4.582236
 30
0.0
 11
40.45296099999999
 21
4.653362
 31
0.0
  0
LINE
  5
BA2
330
1F
100
AcDbEntity
  8
1
  6
CONTINUOUS
370
50
 62
4
100
AcDbLine
 10
42.58255399999999
 20
-4.710414999999999
 30
0.0
 11
42.532028
 21
-4.627515
 31
0.0
  0
LINE
  5
BA3
330
1F
100
AcDbEntity
  8
1
  6
CONTINUOUS
370
50
 62
4
100
AcDbLine
 10
37.632793
 20
-1.281526
 30
0.0
 11
37.57803
 21
-1.191868
 31
0.0
  0
LINE
  5
BA4
330
1F
100
AcDbEntity
  8
1
  6
CONTINUOUS
370
50
 62
4
100
AcDbLine
 10
35.073689
 20
-4.694002
 30
0.0
 11
35.014477
 21
-4.597087999999999
 31
0.0
  0
LINE
  5
BA5
330
1F
100
AcDbEntity
  8
1
  6
CONTINUOUS
370
50
 62
4
100
AcDbLine
 10
45.644581
 20
0.80072
 30
0.0
 11
45.588444
 21
0.8923059999999999
 31
0.0
  0
LINE
  5
BA6
330
1F
100
AcDbEntity
  8
1
  6
CONTINUOUS
370
50
 62
4
100
AcDbLine
 10
45.13279
 20
-1.257153
 30
0.0
 11
45.078045
 21
-1.167891
 31
0.0
  0
LINE
  5
BA7
330
1F
100
AcDbEntity
  8
1
  6
CONTINUOUS
370
50
 62
4
100
AcDbLine
 10
39.96767
 20
-1.443387
 30
0.0
 11
39.911884
 21
-1.352438
 31
0.0
  0
LINE
  5
BA8
330
1F
100
AcDbEntity
  8
1
  6
CONTINUOUS
370
50
 62
4
100
AcDbLine
 10
40.45296099999999
 20
4.653362
 30
0.0
 11
40.409988
 21
4.723307
 31
0.0
  0
LINE
  5
BA9
330
1F
100
AcDbEntity
  8
1
  6
CONTINUOUS
370
50
 62
4
100
AcDbLine
 10
38.144623
 20
0.778203
 30
0.0
 11
38.088539
 21
0.86924
 31
0.0
  0
LINE
  5
BAA
330
1F
100
AcDbEntity
  8
1
  6
CONTINUOUS
370
50
 62
4
100
AcDbLine
 10
42.632793
 20
-4.791848
 30
0.0
 11
42.58255399999999
 21
-4.710414999999999
 31
0.0
  0
LINE
  5
BAB
330
1F
100
AcDbEntity
  8
1
  6
CONTINUOUS
370
50
 62
4
100
AcDbLine
 10
35.132839
 20
-4.789376
 30
0.0
 11
35.073689
 21
-4.694002
 31
0.0
  0
LINE
  5
BAC
330
1F
100
AcDbEntity
  8
1
  6
CONTINUOUS
370
50
 62
4
100
AcDbLine
 10
40.409988
 20
4.723307
 30
0.0
 11
40.367188
 21
4.792049
 31
0.0
  0
LINE
  5
BAD
330
1F
100
AcDbEntity
  8
1
  6
CONTINUOUS
370
50
 62
4
100
AcDbLine
 10
47.428448
 20
-1.357033
 30
0.0
 11
47.402084
 21
-1.31476
 31
0.0
  0
LINE
  5
BAE
330
1F
100
AcDbEntity
  8
1
  6
CONTINUOUS
370
50
 62
4
100
AcDbLine
 10
32.041199
 20
-2.897736
 30
0.0
 11
32.014156
 21
-2.854628
 31
0.0
  0
LINE
  5
BAF
330
1F
100
AcDbEntity
  8
1
  6
CONTINUOUS
370
50
 62
4
100
AcDbLine
 10
37.57803
 20
-1.191868
 30
0.0
 11
37.522923
 21
-1.104207
 31
0.0
  0
LINE
  5
BB0
330
1F
100
AcDbEntity
  8
1
  6
CONTINUOUS
370
50
 62
4
100
AcDbLine
 10
39.911884
 20
-1.352438
 30
0.0
 11
39.855721
 21
-1.263487
 31
0.0
  0
LINE
  5
BB1
330
1F
100
AcDbEntity
  8
1
  6
CONTINUOUS
370
50
 62
4
100
AcDbLine
 10
45.078045
 20
-1.167891
 30
0.0
 11
45.02291899999999
 21
-1.080598
 31
0.0
  0
LINE
  5
BB2
330
1F
100
AcDbEntity
  8
1
  6
CONTINUOUS
370
50
 62
4
100
AcDbLine
 10
45.701019
 20
0.711405
 30
0.0
 11
45.644581
 21
0.80072
 31
0.0
  0
LINE
  5
BB3
330
1F
100
AcDbEntity
  8
1
  6
CONTINUOUS
370
50
 62
4
100
AcDbLine
 10
47.402084
 20
-1.31476
 30
0.0
 11
47.375648
 21
-1.272948
 31
0.0
  0
LINE
  5
BB4
330
1F
100
AcDbEntity
  8
1
  6
CONTINUOUS
370
50
 62
4
100
AcDbLine
 10
38.20105
 20
0.689404
 30
0.0
 11
38.144623
 21
0.778203
 31
0.0
  0
LINE
  5
BB5
330
1F
100
AcDbEntity
  8
1
  6
CONTINUOUS
370
50
 62
4
100
AcDbLine
 10
47.375648
 20
-1.272948
 30
0.0
 11
47.349129
 21
-1.231601
 31
0.0
  0
LINE
  5
BB6
330
1F
100
AcDbEntity
  8
1
  6
CONTINUOUS
370
50
 62
4
100
AcDbLine
 10
37.522923
 20
-1.104207
 30
0.0
 11
37.467476
 21
-1.018633
 31
0.0
  0
LINE
  5
BB7
330
1F
100
AcDbEntity
  8
1
  6
CONTINUOUS
370
50
 62
4
100
AcDbLine
 10
39.855721
 20
-1.263487
 30
0.0
 11
39.799168
 21
-1.176595
 31
0.0
  0
LINE
  5
BB8
330
1F
100
AcDbEntity
  8
1
  6
CONTINUOUS
370
50
 62
4
100
AcDbLine
 10
47.349129
 20
-1.231601
 30
0.0
 11
47.322525
 21
-1.190726
 31
0.0
  0
LINE
  5
BB9
330
1F
100
AcDbEntity
  8
1
  6
CONTINUOUS
370
50
 62
4
100
AcDbLine
 10
45.02291899999999
 20
-1.080598
 30
0.0
 11
44.967457
 21
-0.995417
 31
0.0
  0
LINE
  5
BBA
330
1F
100
AcDbEntity
  8
1
  6
CONTINUOUS
370
50
 62
4
100
AcDbLine
 10
45.757767
 20
0.6244379999999999
 30
0.0
 11
45.701019
 21
0.711405
 31
0.0
  0
LINE
  5
BBB
330
1F
100
AcDbEntity
  8
1
  6
CONTINUOUS
370
50
 62
4
100
AcDbLine
 10
38.257786
 20
0.602966
 30
0.0
 11
38.20105
 21
0.689404
 31
0.0
  0
LINE
  5
BBC
330
1F
100
AcDbEntity
  8
1
  6
CONTINUOUS
370
50
 62
4
100
AcDbLine
 10
47.322525
 20
-1.190726
 30
0.0
 11
47.295841
 21
-1.150327
 31
0.0
  0
LINE
  5
BBD
330
1F
100
AcDbEntity
  8
1
  6
CONTINUOUS
370
50
 62
4
100
AcDbLine
 10
37.467476
 20
-1.018633
 30
0.0
 11
37.411682
 21
-0.9352239999999999
 31
0.0
  0
LINE
  5
BBE
330
1F
100
AcDbEntity
  8
1
  6
CONTINUOUS
370
50
 62
4
100
AcDbLine
 10
47.295841
 20
-1.150327
 30
0.0
 11
47.26907
 21
-1.110411
 31
0.0
  0
LINE
  5
BBF
330
1F
100
AcDbEntity
  8
1
  6
CONTINUOUS
370
50
 62
4
100
AcDbLine
 10
39.799168
 20
-1.176595
 30
0.0
 11
39.742214
 21
-1.091825
 31
0.0
  0
LINE
  5
BC0
330
1F
100
AcDbEntity
  8
1
  6
CONTINUOUS
370
50
 62
4
100
AcDbLine
 10
44.967457
 20
-0.995417
 30
0.0
 11
44.911659
 21
-0.912427
 31
0.0
  0
LINE
  5
BC1
330
1F
100
AcDbEntity
  8
1
  6
CONTINUOUS
370
50
 62
4
100
AcDbLine
 10
47.26907
 20
-1.110411
 30
0.0
 11
47.24221
 21
-1.070982
 31
0.0
  0
LINE
  5
BC2
330
1F
100
AcDbEntity
  8
1
  6
CONTINUOUS
370
50
 62
4
100
AcDbLine
 10
44.160583
 20
0.026597
 30
0.0
 11
44.11721
 21
0.08936
 31
0.0
  0
LINE
  5
BC3
330
1F
100
AcDbEntity
  8
1
  6
CONTINUOUS
370
50
 62
4
100
AcDbLine
 10
37.411682
 20
-0.9352239999999999
 30
0.0
 11
37.355541
 21
-0.854058
 31
0.0
  0
LINE
  5
BC4
330
1F
100
AcDbEntity
  8
1
  6
CONTINUOUS
370
50
 62
4
100
AcDbLine
 10
36.657444
 20
0.006078
 30
0.0
 11
36.617207
 21
0.064017
 31
0.0
  0
LINE
  5
BC5
330
1F
100
AcDbEntity
  8
1
  6
CONTINUOUS
370
50
 62
4
100
AcDbLine
 10
44.911659
 20
-0.912427
 30
0.0
 11
44.855526
 21
-0.831704
 31
0.0
  0
LINE
  5
BC6
330
1F
100
AcDbEntity
  8
1
  6
CONTINUOUS
370
50
 62
4
100
AcDbLine
 10
44.204144
 20
-0.034606
 30
0.0
 11
44.160583
 21
0.026597
 31
0.0
  0
LINE
  5
BC7
330
1F
100
AcDbEntity
  8
1
  6
CONTINUOUS
370
50
 62
4
100
AcDbLine
 10
36.697861
 20
-0.050544
 30
0.0
 11
36.657444
 21
0.006078
 31
0.0
  0
LINE
  5
BC8
330
1F
100
AcDbEntity
  8
1
  6
CONTINUOUS
370
50
 62
4
100
AcDbLine
 10
37.355541
 20
-0.854058
 30
0.0
 11
37.299053
 21
-0.7752089999999999
 31
0.0
  0
LINE
  5
BC9
330
1F
100
AcDbEntity
  8
1
  6
CONTINUOUS
370
50
 62
4
100
AcDbLine
 10
44.855526
 20
-0.831704
 30
0.0
 11
44.799049
 21
-0.753323
 31
0.0
  0
LINE
  5
BCA
330
1F
100
AcDbEntity
  8
1
  6
CONTINUOUS
370
50
 62
4
100
AcDbLine
 10
32.071095
 20
-2.938648
 30
0.0
 11
32.041199
 21
-2.897736
 31
0.0
  0
LINE
  5
BCB
330
1F
100
AcDbEntity
  8
1
  6
CONTINUOUS
370
50
 62
4
100
AcDbLine
 10
44.247894
 20
-0.094223
 30
0.0
 11
44.204144
 21
-0.034606
 31
0.0
  0
LINE
  5
BCC
330
1F
100
AcDbEntity
  8
1
  6
CONTINUOUS
370
50
 62
4
100
AcDbLine
 10
36.73843
 20
-0.105785
 30
0.0
 11
36.697861
 21
-0.050544
 31
0.0
  0
LINE
  5
BCD
330
1F
100
AcDbEntity
  8
1
  6
CONTINUOUS
370
50
 62
4
100
AcDbLine
 10
37.299053
 20
-0.7752089999999999
 30
0.0
 11
37.24221
 21
-0.698762
 31
0.0
  0
LINE
  5
BCE
330
1F
100
AcDbEntity
  8
1
  6
CONTINUOUS
370
50
 62
4
100
AcDbLine
 10
36.61721
 20
0.064019
 30
0.0
 11
36.583717
 21
0.108951
 31
0.0
  0
LINE
  5
BCF
330
1F
100
AcDbEntity
  8
1
  6
CONTINUOUS
370
50
 62
4
100
AcDbLine
 10
36.583717
 20
0.108951
 30
0.0
 11
36.550224
 21
0.153871
 31
0.0
  0
LINE
  5
BD0
330
1F
100
AcDbEntity
  8
1
  6
CONTINUOUS
370
50
 62
4
100
AcDbLine
 10
36.550224
 20
0.153871
 30
0.0
 11
36.516735
 21
0.198778
 31
0.0
  0
LINE
  5
BD1
330
1F
100
AcDbEntity
  8
1
  6
CONTINUOUS
370
50
 62
4
100
AcDbLine
 10
36.516735
 20
0.198778
 30
0.0
 11
36.48325
 21
0.243667
 31
0.0
  0
LINE
  5
BD2
330
1F
100
AcDbEntity
  8
1
  6
CONTINUOUS
370
50
 62
4
100
AcDbLine
 10
38.903442
 20
-0.119098
 30
0.0
 11
38.88279
 21
-0.091413
 31
0.0
  0
LINE
  5
BD3
330
1F
100
AcDbEntity
  8
1
  6
CONTINUOUS
370
50
 62
4
100
AcDbLine
 10
38.924099
 20
-0.146778
 30
0.0
 11
38.903442
 21
-0.119098
 31
0.0
  0
LINE
  5
BD4
330
1F
100
AcDbEntity
  8
1
  6
CONTINUOUS
370
50
 62
4
100
AcDbLine
 10
36.48325
 20
0.243667
 30
0.0
 11
36.449764
 21
0.288537
 31
0.0
  0
LINE
  5
BD5
330
1F
100
AcDbEntity
  8
1
  6
CONTINUOUS
370
50
 62
4
100
AcDbLine
 10
38.944752
 20
-0.174452
 30
0.0
 11
38.924099
 21
-0.146778
 31
0.0
  0
LINE
  5
BD6
330
1F
100
AcDbEntity
  8
1
  6
CONTINUOUS
370
50
 62
4
100
AcDbLine
 10
44.11721
 20
0.08936
 30
0.0
 11
44.083721
 21
0.134232
 31
0.0
  0
LINE
  5
BD7
330
1F
100
AcDbEntity
  8
1
  6
CONTINUOUS
370
50
 62
4
100
AcDbLine
 10
38.965405
 20
-0.202121
 30
0.0
 11
38.944752
 21
-0.174452
 31
0.0
  0
LINE
  5
BD8
330
1F
100
AcDbEntity
  8
1
  6
CONTINUOUS
370
50
 62
4
100
AcDbLine
 10
38.986053
 20
-0.229783
 30
0.0
 11
38.965405
 21
-0.202121
 31
0.0
  0
LINE
  5
BD9
330
1F
100
AcDbEntity
  8
1
  6
CONTINUOUS
370
50
 62
4
100
AcDbLine
 10
44.083721
 20
0.134232
 30
0.0
 11
44.050232
 21
0.179089
 31
0.0
  0
LINE
  5
BDA
330
1F
100
AcDbEntity
  8
1
  6
CONTINUOUS
370
50
 62
4
100
AcDbLine
 10
36.449764
 20
0.288537
 30
0.0
 11
36.416275
 21
0.333384
 31
0.0
  0
LINE
  5
BDB
330
1F
100
AcDbEntity
  8
1
  6
CONTINUOUS
370
50
 62
4
100
AcDbLine
 10
39.006706
 20
-0.257437
 30
0.0
 11
38.986053
 21
-0.229783
 31
0.0
  0
LINE
  5
BDC
330
1F
100
AcDbEntity
  8
1
  6
CONTINUOUS
370
50
 62
4
100
AcDbLine
 10
44.050232
 20
0.179089
 30
0.0
 11
44.016743
 21
0.22393
 31
0.0
  0
LINE
  5
BDD
330
1F
100
AcDbEntity
  8
1
  6
CONTINUOUS
370
50
 62
4
100
AcDbLine
 10
39.025124
 20
-0.282093
 30
0.0
 11
39.006706
 21
-0.257437
 31
0.0
  0
LINE
  5
BDE
330
1F
100
AcDbEntity
  8
1
  6
CONTINUOUS
370
50
 62
4
100
AcDbLine
 10
36.416275
 20
0.333384
 30
0.0
 11
36.38279
 21
0.378205
 31
0.0
  0
LINE
  5
BDF
330
1F
100
AcDbEntity
  8
1
  6
CONTINUOUS
370
50
 62
4
100
AcDbLine
 10
44.016743
 20
0.22393
 30
0.0
 11
43.98325699999999
 21
0.268751
 31
0.0
  0
LINE
  5
BE0
330
1F
100
AcDbEntity
  8
1
  6
CONTINUOUS
370
50
 62
4
100
AcDbLine
 10
39.043541
 20
-0.306743
 30
0.0
 11
39.025124
 21
-0.282093
 31
0.0
  0
LINE
  5
BE1
330
1F
100
AcDbEntity
  8
1
  6
CONTINUOUS
370
50
 62
4
100
AcDbLine
 10
39.061958
 20
-0.331385
 30
0.0
 11
39.043541
 21
-0.306743
 31
0.0
  0
LINE
  5
BE2
330
1F
100
AcDbEntity
  8
1
  6
CONTINUOUS
370
50
 62
4
100
AcDbLine
 10
43.98325699999999
 20
0.268751
 30
0.0
 11
43.949768
 21
0.313548
 31
0.0
  0
LINE
  5
BE3
330
1F
100
AcDbEntity
  8
1
  6
CONTINUOUS
370
50
 62
4
100
AcDbLine
 10
39.080376
 20
-0.356019
 30
0.0
 11
39.061958
 21
-0.331385
 31
0.0
  0
LINE
  5
BE4
330
1F
100
AcDbEntity
  8
1
  6
CONTINUOUS
370
50
 62
4
100
AcDbLine
 10
39.098793
 20
-0.380644
 30
0.0
 11
39.080376
 21
-0.356019
 31
0.0
  0
LINE
  5
BE5
330
1F
100
AcDbEntity
  8
1
  6
CONTINUOUS
370
50
 62
4
100
AcDbLine
 10
44.799049
 20
-0.753323
 30
0.0
 11
44.742233
 21
-0.6773589999999999
 31
0.0
  0
LINE
  5
BE6
330
1F
100
AcDbEntity
  8
1
  6
CONTINUOUS
370
50
 62
4
100
AcDbLine
 10
43.949768
 20
0.313548
 30
0.0
 11
43.916279
 21
0.35832
 31
0.0
  0
LINE
  5
BE7
330
1F
100
AcDbEntity
  8
1
  6
CONTINUOUS
370
50
 62
4
100
AcDbLine
 10
39.11721
 20
-0.405261
 30
0.0
 11
39.098793
 21
-0.380644
 31
0.0
  0
LINE
  5
BE8
330
1F
100
AcDbEntity
  8
1
  6
CONTINUOUS
370
50
 62
4
100
AcDbLine
 10
43.916279
 20
0.35832
 30
0.0
 11
43.88279
 21
0.403063
 31
0.0
  0
LINE
  5
BE9
330
1F
100
AcDbEntity
  8
1
  6
CONTINUOUS
370
50
 62
4
100
AcDbLine
 10
46.328205
 20
0.001178
 30
0.0
 11
46.327316
 21
0.002357
 31
0.0
  0
LINE
  5
BEA
330
1F
100
AcDbEntity
  8
1
  6
CONTINUOUS
370
50
 62
4
100
AcDbLine
 10
46.324646
 20
0.005892
 30
0.0
 11
46.323757
 21
0.007071
 31
0.0
  0
LINE
  5
BEB
330
1F
100
AcDbEntity
  8
1
  6
CONTINUOUS
370
50
 62
4
100
AcDbLine
 10
46.329094
 20
0.0
 30
0.0
 11
46.328205
 21
0.001178
 31
0.0
  0
LINE
  5
BEC
330
1F
100
AcDbEntity
  8
1
  6
CONTINUOUS
370
50
 62
4
100
AcDbLine
 10
46.327316
 20
0.002357
 30
0.0
 11
46.326427
 21
0.003535
 31
0.0
  0
LINE
  5
BED
330
1F
100
AcDbEntity
  8
1
  6
CONTINUOUS
370
50
 62
4
100
AcDbLine
 10
46.325535
 20
0.004714
 30
0.0
 11
46.324646
 21
0.005892
 31
0.0
  0
LINE
  5
BEE
330
1F
100
AcDbEntity
  8
1
  6
CONTINUOUS
370
50
 62
4
100
AcDbLine
 10
46.361584
 20
-0.042957
 30
0.0
 11
46.329094
 21
0.0
 31
0.0
  0
LINE
  5
BEF
330
1F
100
AcDbEntity
  8
1
  6
CONTINUOUS
370
50
 62
4
100
AcDbLine
 10
36.779144
 20
-0.159606
 30
0.0
 11
36.73843
 21
-0.105785
 31
0.0
  0
LINE
  5
BF0
330
1F
100
AcDbEntity
  8
1
  6
CONTINUOUS
370
50
 62
4
100
AcDbLine
 10
46.326427
 20
0.003535
 30
0.0
 11
46.325535
 21
0.004714
 31
0.0
  0
LINE
  5
BF1
330
1F
100
AcDbEntity
  8
1
  6
CONTINUOUS
370
50
 62
4
100
AcDbLine
 10
44.291843
 20
-0.15223
 30
0.0
 11
44.247894
 21
-0.094223
 31
0.0
  0
LINE
  5
BF2
330
1F
100
AcDbEntity
  8
1
  6
CONTINUOUS
370
50
 62
4
100
AcDbLine
 10
46.394115
 20
-0.085831
 30
0.0
 11
46.361584
 21
-0.042957
 31
0.0
  0
LINE
  5
BF3
330
1F
100
AcDbEntity
  8
1
  6
CONTINUOUS
370
50
 62
4
100
AcDbLine
 10
46.426682
 20
-0.128603
 30
0.0
 11
46.394115
 21
-0.085831
 31
0.0
  0
LINE
  5
BF4
330
1F
100
AcDbEntity
  8
1
  6
CONTINUOUS
370
50
 62
4
100
AcDbLine
 10
46.459278
 20
-0.171268
 30
0.0
 11
46.426682
 21
-0.128603
 31
0.0
  0
LINE
  5
BF5
330
1F
100
AcDbEntity
  8
1
  6
CONTINUOUS
370
50
 62
4
100
AcDbLine
 10
46.491909
 20
-0.213822
 30
0.0
 11
46.459278
 21
-0.171268
 31
0.0
  0
LINE
  5
BF6
330
1F
100
AcDbEntity
  8
1
  6
CONTINUOUS
370
50
 62
4
100
AcDbLine
 10
46.52457
 20
-0.256263
 30
0.0
 11
46.491909
 21
-0.213822
 31
0.0
  0
LINE
  5
BF7
330
1F
100
AcDbEntity
  8
1
  6
CONTINUOUS
370
50
 62
4
100
AcDbLine
 10
46.558659
 20
-0.300391
 30
0.0
 11
46.52457
 21
-0.256263
 31
0.0
  0
LINE
  5
BF8
330
1F
100
AcDbEntity
  8
1
  6
CONTINUOUS
370
50
 62
4
100
AcDbLine
 10
37.86721
 20
1.254978
 30
0.0
 11
37.833721
 21
1.298262
 31
0.0
  0
LINE
  5
BF9
330
1F
100
AcDbEntity
  8
1
  6
CONTINUOUS
370
50
 62
4
100
AcDbLine
 10
45.166283
 20
-1.300422
 30
0.0
 11
45.13279
 21
-1.257149
 31
0.0
  0
LINE
  5
BFA
330
1F
100
AcDbEntity
  8
1
  6
CONTINUOUS
370
50
 62
4
100
AcDbLine
 10
45.36721
 20
1.279351
 30
0.0
 11
45.333721
 21
1.322581
 31
0.0
  0
LINE
  5
BFB
330
1F
100
AcDbEntity
  8
1
  6
CONTINUOUS
370
50
 62
4
100
AcDbLine
 10
37.666279
 20
-1.324722
 30
0.0
 11
37.63279
 21
-1.281528
 31
0.0
  0
LINE
  5
BFC
330
1F
100
AcDbEntity
  8
1
  6
CONTINUOUS
370
50
 62
4
100
AcDbLine
 10
46.592781
 20
-0.344388
 30
0.0
 11
46.558659
 21
-0.300391
 31
0.0
  0
LINE
  5
BFD
330
1F
100
AcDbEntity
  8
1
  6
CONTINUOUS
370
50
 62
4
100
AcDbLine
 10
37.833721
 20
1.298262
 30
0.0
 11
37.800232
 21
1.34143
 31
0.0
  0
LINE
  5
BFE
330
1F
100
AcDbEntity
  8
1
  6
CONTINUOUS
370
50
 62
4
100
AcDbLine
 10
45.199772
 20
-1.343582
 30
0.0
 11
45.166283
 21
-1.300422
 31
0.0
  0
LINE
  5
BFF
330
1F
100
AcDbEntity
  8
1
  6
CONTINUOUS
370
50
 62
4
100
AcDbLine
 10
45.333721
 20
1.322581
 30
0.0
 11
45.300236
 21
1.365695
 31
0.0
  0
LINE
  5
C00
330
1F
100
AcDbEntity
  8
1
  6
CONTINUOUS
370
50
 62
4
100
AcDbLine
 10
37.699768
 20
-1.367799
 30
0.0
 11
37.666279
 21
-1.324722
 31
0.0
  0
LINE
  5
C01
330
1F
100
AcDbEntity
  8
1
  6
CONTINUOUS
370
50
 62
4
100
AcDbLine
 10
37.800232
 20
1.34143
 30
0.0
 11
37.766747
 21
1.384481
 31
0.0
  0
LINE
  5
C02
330
1F
100
AcDbEntity
  8
1
  6
CONTINUOUS
370
50
 62
4
100
AcDbLine
 10
45.233265
 20
-1.386626
 30
0.0
 11
45.199772
 21
-1.343582
 31
0.0
  0
LINE
  5
C03
330
1F
100
AcDbEntity
  8
1
  6
CONTINUOUS
370
50
 62
4
100
AcDbLine
 10
46.626942
 20
-0.38825
 30
0.0
 11
46.592781
 21
-0.344388
 31
0.0
  0
LINE
  5
C04
330
1F
100
AcDbEntity
  8
1
  6
CONTINUOUS
370
50
 62
4
100
AcDbLine
 10
45.300236
 20
1.365695
 30
0.0
 11
45.266747
 21
1.408691
 31
0.0
  0
LINE
  5
C05
330
1F
100
AcDbEntity
  8
1
  6
CONTINUOUS
370
50
 62
4
100
AcDbLine
 10
37.733257
 20
-1.410756
 30
0.0
 11
37.699768
 21
-1.367799
 31
0.0
  0
LINE
  5
C06
330
1F
100
AcDbEntity
  8
1
  6
CONTINUOUS
370
50
 62
4
100
AcDbLine
 10
36.820007
 20
-0.211988
 30
0.0
 11
36.779144
 21
-0.159606
 31
0.0
  0
LINE
  5
C07
330
1F
100
AcDbEntity
  8
1
  6
CONTINUOUS
370
50
 62
4
100
AcDbLine
 10
37.766747
 20
1.384481
 30
0.0
 11
37.733257
 21
1.42741
 31
0.0
  0
LINE
  5
C08
330
1F
100
AcDbEntity
  8
1
  6
CONTINUOUS
370
50
 62
4
100
AcDbLine
 10
45.266754
 20
-1.42955
 30
0.0
 11
45.233265
 21
-1.386626
 31
0.0
  0
LINE
  5
C09
330
1F
100
AcDbEntity
  8
1
  6
CONTINUOUS
370
50
 62
4
100
AcDbLine
 10
45.266747
 20
1.408691
 30
0.0
 11
45.23325699999999
 21
1.451566
 31
0.0
  0
LINE
  5
C0A
330
1F
100
AcDbEntity
  8
1
  6
CONTINUOUS
370
50
 62
4
100
AcDbLine
 10
37.766747
 20
-1.45359
 30
0.0
 11
37.733257
 21
-1.410756
 31
0.0
  0
LINE
  5
C0B
330
1F
100
AcDbEntity
  8
1
  6
CONTINUOUS
370
50
 62
4
100
AcDbLine
 10
46.661137
 20
-0.431975
 30
0.0
 11
46.626942
 21
-0.38825
 31
0.0
  0
LINE
  5
C0C
330
1F
100
AcDbEntity
  8
1
  6
CONTINUOUS
370
50
 62
4
100
AcDbLine
 10
37.733257
 20
1.42741
 30
0.0
 11
37.699768
 21
1.470215
 31
0.0
  0
LINE
  5
C0D
330
1F
100
AcDbEntity
  8
1
  6
CONTINUOUS
370
50
 62
4
100
AcDbLine
 10
45.30024
 20
-1.47235
 30
0.0
 11
45.266754
 21
-1.42955
 31
0.0
  0
LINE
  5
C0E
330
1F
100
AcDbEntity
  8
1
  6
CONTINUOUS
370
50
 62
4
100
AcDbLine
 10
44.335999
 20
-0.208603
 30
0.0
 11
44.291843
 21
-0.15223
 31
0.0
  0
LINE
  5
C0F
330
1F
100
AcDbEntity
  8
1
  6
CONTINUOUS
370
50
 62
4
100
AcDbLine
 10
45.23325699999999
 20
1.451566
 30
0.0
 11
45.199768
 21
1.494313
 31
0.0
  0
LINE
  5
C10
330
1F
100
AcDbEntity
  8
1
  6
CONTINUOUS
370
50
 62
4
100
AcDbLine
 10
37.800236
 20
-1.496298
 30
0.0
 11
37.766747
 21
-1.45359
 31
0.0
  0
LINE
  5
C11
330
1F
100
AcDbEntity
  8
1
  6
CONTINUOUS
370
50
 62
4
100
AcDbLine
 10
37.699768
 20
1.470215
 30
0.0
 11
37.666279
 21
1.512894
 31
0.0
  0
LINE
  5
C12
330
1F
100
AcDbEntity
  8
1
  6
CONTINUOUS
370
50
 62
4
100
AcDbLine
 10
45.333725
 20
-1.515023
 30
0.0
 11
45.30024
 21
-1.47235
 31
0.0
  0
LINE
  5
C13
330
1F
100
AcDbEntity
  8
1
  6
CONTINUOUS
370
50
 62
4
100
AcDbLine
 10
46.695366
 20
-0.475559
 30
0.0
 11
46.661137
 21
-0.431975
 31
0.0
  0
LINE
  5
C14
330
1F
100
AcDbEntity
  8
1
  6
CONTINUOUS
370
50
 62
4
100
AcDbLine
 10
45.199768
 20
1.494313
 30
0.0
 11
45.166279
 21
1.53693
 31
0.0
  0
LINE
  5
C15
330
1F
100
AcDbEntity
  8
1
  6
CONTINUOUS
370
50
 62
4
100
AcDbLine
 10
37.833721
 20
-1.538878
 30
0.0
 11
37.800236
 21
-1.496298
 31
0.0
  0
LINE
  5
C16
330
1F
100
AcDbEntity
  8
1
  6
CONTINUOUS
370
50
 62
4
100
AcDbLine
 10
37.666279
 20
1.512894
 30
0.0
 11
37.63279
 21
1.555443
 31
0.0
  0
LINE
  5
C17
330
1F
100
AcDbEntity
  8
1
  6
CONTINUOUS
370
50
 62
4
100
AcDbLine
 10
45.36721
 20
-1.557565
 30
0.0
 11
45.333725
 21
-1.515023
 31
0.0
  0
LINE
  5
C18
330
1F
100
AcDbEntity
  8
1
  6
CONTINUOUS
370
50
 62
4
100
AcDbLine
 10
45.166279
 20
1.53693
 30
0.0
 11
45.13279
 21
1.579413
 31
0.0
  0
LINE
  5
C19
330
1F
100
AcDbEntity
  8
1
  6
CONTINUOUS
370
50
 62
4
100
AcDbLine
 10
46.729633
 20
-0.5189969999999999
 30
0.0
 11
46.695366
 21
-0.475559
 31
0.0
  0
LINE
  5
C1A
330
1F
100
AcDbEntity
  8
1
  6
CONTINUOUS
370
50
 62
4
100
AcDbLine
 10
37.86721
 20
-1.581327
 30
0.0
 11
37.833721
 21
-1.538878
 31
0.0
  0
LINE
  5
C1B
330
1F
100
AcDbEntity
  8
1
  6
CONTINUOUS
370
50
 62
4
100
AcDbLine
 10
39.172028
 20
-0.474058
 30
0.0
 11
39.11721
 21
-0.405259
 31
0.0
  0
LINE
  5
C1C
330
1F
100
AcDbEntity
  8
1
  6
CONTINUOUS
370
50
 62
4
100
AcDbLine
 10
38.88279
 20
-0.091413
 30
0.0
 11
38.828026
 21
-0.022738
 31
0.0
  0
LINE
  5
C1D
330
1F
100
AcDbEntity
  8
1
  6
CONTINUOUS
370
50
 62
4
100
AcDbLine
 10
35.36721
 20
1.700019
 30
0.0
 11
35.33366
 21
1.74207
 31
0.0
  0
LINE
  5
C1E
330
1F
100
AcDbEntity
  8
1
  6
CONTINUOUS
370
50
 62
4
100
AcDbLine
 10
35.33366
 20
1.74207
 30
0.0
 11
35.300133
 21
1.783978
 31
0.0
  0
LINE
  5
C1F
330
1F
100
AcDbEntity
  8
1
  6
CONTINUOUS
370
50
 62
4
100
AcDbLine
 10
40.16627099999999
 20
-1.769437
 30
0.0
 11
40.13279
 21
-1.72761
 31
0.0
  0
LINE
  5
C20
330
1F
100
AcDbEntity
  8
1
  6
CONTINUOUS
370
50
 62
4
100
AcDbLine
 10
42.86721
 20
1.725525
 30
0.0
 11
42.833717
 21
1.767351
 31
0.0
  0
LINE
  5
C21
330
1F
100
AcDbEntity
  8
1
  6
CONTINUOUS
370
50
 62
4
100
AcDbLine
 10
35.300133
 20
1.783978
 30
0.0
 11
35.266632
 21
1.825741
 31
0.0
  0
LINE
  5
C22
330
1F
100
AcDbEntity
  8
1
  6
CONTINUOUS
370
50
 62
4
100
AcDbLine
 10
40.199757
 20
-1.81111
 30
0.0
 11
40.16627099999999
 21
-1.769437
 31
0.0
  0
LINE
  5
C23
330
1F
100
AcDbEntity
  8
1
  6
CONTINUOUS
370
50
 62
4
100
AcDbLine
 10
42.833717
 20
1.767351
 30
0.0
 11
42.800228
 21
1.809021
 31
0.0
  0
LINE
  5
C24
330
1F
100
AcDbEntity
  8
1
  6
CONTINUOUS
370
50
 62
4
100
AcDbLine
 10
35.266632
 20
1.825741
 30
0.0
 11
35.23314999999999
 21
1.867356
 31
0.0
  0
LINE
  5
C25
330
1F
100
AcDbEntity
  8
1
  6
CONTINUOUS
370
50
 62
4
100
AcDbLine
 10
36.861031
 20
-0.262911
 30
0.0
 11
36.820007
 21
-0.211988
 31
0.0
  0
LINE
  5
C26
330
1F
100
AcDbEntity
  8
1
  6
CONTINUOUS
370
50
 62
4
100
AcDbLine
 10
40.233246
 20
-1.852623
 30
0.0
 11
40.199757
 21
-1.81111
 31
0.0
  0
LINE
  5
C27
330
1F
100
AcDbEntity
  8
1
  6
CONTINUOUS
370
50
 62
4
100
AcDbLine
 10
42.800228
 20
1.809021
 30
0.0
 11
42.766739
 21
1.850533
 31
0.0
  0
LINE
  5
C28
330
1F
100
AcDbEntity
  8
1
  6
CONTINUOUS
370
50
 62
4
100
AcDbLine
 10
35.23314999999999
 20
1.867356
 30
0.0
 11
35.199688
 21
1.90882
 31
0.0
  0
LINE
  5
C29
330
1F
100
AcDbEntity
  8
1
  6
CONTINUOUS
370
50
 62
4
100
AcDbLine
 10
42.766739
 20
1.850533
 30
0.0
 11
42.733253
 21
1.891883
 31
0.0
  0
LINE
  5
C2A
330
1F
100
AcDbEntity
  8
1
  6
CONTINUOUS
370
50
 62
4
100
AcDbLine
 10
35.199688
 20
1.90882
 30
0.0
 11
35.166233
 21
1.95013
 31
0.0
  0
LINE
  5
C2B
330
1F
100
AcDbEntity
  8
1
  6
CONTINUOUS
370
50
 62
4
100
AcDbLine
 10
40.266735
 20
-1.893972
 30
0.0
 11
40.233246
 21
-1.852623
 31
0.0
  0
LINE
  5
C2C
330
1F
100
AcDbEntity
  8
1
  6
CONTINUOUS
370
50
 62
4
100
AcDbLine
 10
44.380371
 20
-0.263317
 30
0.0
 11
44.335999
 21
-0.208603
 31
0.0
  0
LINE
  5
C2D
330
1F
100
AcDbEntity
  8
1
  6
CONTINUOUS
370
50
 62
4
100
AcDbLine
 10
35.166233
 20
1.95013
 30
0.0
 11
35.13279
 21
1.991283
 31
0.0
  0
LINE
  5
C2E
330
1F
100
AcDbEntity
  8
1
  6
CONTINUOUS
370
50
 62
4
100
AcDbLine
 10
42.733253
 20
1.891883
 30
0.0
 11
42.69976399999999
 21
1.93307
 31
0.0
  0
LINE
  5
C2F
330
1F
100
AcDbEntity
  8
1
  6
CONTINUOUS
370
50
 62
4
100
AcDbLine
 10
40.300224
 20
-1.935155
 30
0.0
 11
40.266735
 21
-1.893972
 31
0.0
  0
LINE
  5
C30
330
1F
100
AcDbEntity
  8
1
  6
CONTINUOUS
370
50
 62
4
100
AcDbLine
 10
42.69976399999999
 20
1.93307
 30
0.0
 11
42.666279
 21
1.97409
 31
0.0
  0
LINE
  5
C31
330
1F
100
AcDbEntity
  8
1
  6
CONTINUOUS
370
50
 62
4
100
AcDbLine
 10
40.333717
 20
-1.976169
 30
0.0
 11
40.300224
 21
-1.935155
 31
0.0
  0
LINE
  5
C32
330
1F
100
AcDbEntity
  8
1
  6
CONTINUOUS
370
50
 62
4
100
AcDbLine
 10
42.666279
 20
1.97409
 30
0.0
 11
42.63279
 21
2.014941
 31
0.0
  0
LINE
  5
C33
330
1F
100
AcDbEntity
  8
1
  6
CONTINUOUS
370
50
 62
4
100
AcDbLine
 10
40.36721
 20
-2.017011
 30
0.0
 11
40.333717
 21
-1.976169
 31
0.0
  0
LINE
  5
C34
330
1F
100
AcDbEntity
  8
1
  6
CONTINUOUS
370
50
 62
4
100
AcDbLine
 10
36.885342
 20
-0.292303
 30
0.0
 11
36.861031
 21
-0.262911
 31
0.0
  0
LINE
  5
C35
330
1F
100
AcDbEntity
  8
1
  6
CONTINUOUS
370
50
 62
4
100
AcDbLine
 10
32.103111
 20
-2.977258
 30
0.0
 11
32.071095
 21
-2.938648
 31
0.0
  0
LINE
  5
C36
330
1F
100
AcDbEntity
  8
1
  6
CONTINUOUS
370
50
 62
4
100
AcDbLine
 10
38.828026
 20
-0.022738
 30
0.0
 11
38.772915
 21
0.043453
 31
0.0
  0
LINE
  5
C37
330
1F
100
AcDbEntity
  8
1
  6
CONTINUOUS
370
50
 62
4
100
AcDbLine
 10
44.401485
 20
-0.288668
 30
0.0
 11
44.380371
 21
-0.263317
 31
0.0
  0
LINE
  5
C38
330
1F
100
AcDbEntity
  8
1
  6
CONTINUOUS
370
50
 62
4
100
AcDbLine
 10
39.227211
 20
-0.540254
 30
0.0
 11
39.172028
 21
-0.474058
 31
0.0
  0
LINE
  5
C39
330
1F
100
AcDbEntity
  8
1
  6
CONTINUOUS
370
50
 62
4
100
AcDbLine
 10
46.323757
 20
0.007067
 30
0.0
 11
46.277161
 21
0.062624
 31
0.0
  0
LINE
  5
C3A
330
1F
100
AcDbEntity
  8
1
  6
CONTINUOUS
370
50
 62
4
100
AcDbLine
 10
36.90971
 20
-0.321174
 30
0.0
 11
36.885342
 21
-0.292303
 31
0.0
  0
LINE
  5
C3B
330
1F
100
AcDbEntity
  8
1
  6
CONTINUOUS
370
50
 62
4
100
AcDbLine
 10
44.422649
 20
-0.313638
 30
0.0
 11
44.401485
 21
-0.288668
 31
0.0
  0
LINE
  5
C3C
330
1F
100
AcDbEntity
  8
1
  6
CONTINUOUS
370
50
 62
4
100
AcDbLine
 10
31.967936
 20
3.890077
 30
0.0
 11
31.955215
 21
3.904967
 31
0.0
  0
LINE
  5
C3D
330
1F
100
AcDbEntity
  8
1
  6
CONTINUOUS
370
50
 62
4
100
AcDbLine
 10
36.934139
 20
-0.349521
 30
0.0
 11
36.90971
 21
-0.321174
 31
0.0
  0
LINE
  5
C3E
330
1F
100
AcDbEntity
  8
1
  6
CONTINUOUS
370
50
 62
4
100
AcDbLine
 10
46.768837
 20
-0.564576
 30
0.0
 11
46.729561
 21
-0.519017
 31
0.0
  0
LINE
  5
C3F
330
1F
100
AcDbEntity
  8
1
  6
CONTINUOUS
370
50
 62
4
100
AcDbLine
 10
44.443863
 20
-0.338224
 30
0.0
 11
44.422649
 21
-0.313638
 31
0.0
  0
LINE
  5
C40
330
1F
100
AcDbEntity
  8
1
  6
CONTINUOUS
370
50
 62
4
100
AcDbLine
 10
38.49221
 20
0.334782
 30
0.0
 11
38.458725
 21
0.373215
 31
0.0
  0
LINE
  5
C41
330
1F
100
AcDbEntity
  8
1
  6
CONTINUOUS
370
50
 62
4
100
AcDbLine
 10
45.99221
 20
0.356262
 30
0.0
 11
45.958721
 21
0.394697
 31
0.0
  0
LINE
  5
C42
330
1F
100
AcDbEntity
  8
1
  6
CONTINUOUS
370
50
 62
4
100
AcDbLine
 10
38.772915
 20
0.043453
 30
0.0
 11
38.71744899999999
 21
0.1071
 31
0.0
  0
LINE
  5
C43
330
1F
100
AcDbEntity
  8
1
  6
CONTINUOUS
370
50
 62
4
100
AcDbLine
 10
46.277161
 20
0.062624
 30
0.0
 11
46.230289
 21
0.116377
 31
0.0
  0
LINE
  5
C44
330
1F
100
AcDbEntity
  8
1
  6
CONTINUOUS
370
50
 62
4
100
AcDbLine
 10
38.458725
 20
0.373215
 30
0.0
 11
38.42524
 21
0.411612
 31
0.0
  0
LINE
  5
C45
330
1F
100
AcDbEntity
  8
1
  6
CONTINUOUS
370
50
 62
4
100
AcDbLine
 10
45.958721
 20
0.394697
 30
0.0
 11
45.925232
 21
0.433095
 31
0.0
  0
LINE
  5
C46
330
1F
100
AcDbEntity
  8
1
  6
CONTINUOUS
370
50
 62
4
100
AcDbLine
 10
44.541283
 20
-0.447992
 30
0.0
 11
44.50779
 21
-0.409607
 31
0.0
  0
LINE
  5
C47
330
1F
100
AcDbEntity
  8
1
  6
CONTINUOUS
370
50
 62
4
100
AcDbLine
 10
45.925232
 20
0.433095
 30
0.0
 11
45.891747
 21
0.471454
 31
0.0
  0
LINE
  5
C48
330
1F
100
AcDbEntity
  8
1
  6
CONTINUOUS
370
50
 62
4
100
AcDbLine
 10
38.42524
 20
0.411612
 30
0.0
 11
38.391754
 21
0.44997
 31
0.0
  0
LINE
  5
C49
330
1F
100
AcDbEntity
  8
1
  6
CONTINUOUS
370
50
 62
4
100
AcDbLine
 10
44.574776
 20
-0.486337
 30
0.0
 11
44.541283
 21
-0.447992
 31
0.0
  0
LINE
  5
C4A
330
1F
100
AcDbEntity
  8
1
  6
CONTINUOUS
370
50
 62
4
100
AcDbLine
 10
37.041279
 20
-0.469735
 30
0.0
 11
37.00779
 21
-0.431402
 31
0.0
  0
LINE
  5
C4B
330
1F
100
AcDbEntity
  8
1
  6
CONTINUOUS
370
50
 62
4
100
AcDbLine
 10
38.391754
 20
0.44997
 30
0.0
 11
38.358269
 21
0.488287
 31
0.0
  0
LINE
  5
C4C
330
1F
100
AcDbEntity
  8
1
  6
CONTINUOUS
370
50
 62
4
100
AcDbLine
 10
45.891747
 20
0.471454
 30
0.0
 11
45.85825699999999
 21
0.509771
 31
0.0
  0
LINE
  5
C4D
330
1F
100
AcDbEntity
  8
1
  6
CONTINUOUS
370
50
 62
4
100
AcDbLine
 10
44.608261
 20
-0.5246379999999999
 30
0.0
 11
44.574776
 21
-0.486337
 31
0.0
  0
LINE
  5
C4E
330
1F
100
AcDbEntity
  8
1
  6
CONTINUOUS
370
50
 62
4
100
AcDbLine
 10
39.282711
 20
-0.6037319999999999
 30
0.0
 11
39.227211
 21
-0.540254
 31
0.0
  0
LINE
  5
C4F
330
1F
100
AcDbEntity
  8
1
  6
CONTINUOUS
370
50
 62
4
100
AcDbLine
 10
37.074776
 20
-0.508026
 30
0.0
 11
37.041279
 21
-0.469735
 31
0.0
  0
LINE
  5
C50
330
1F
100
AcDbEntity
  8
1
  6
CONTINUOUS
370
50
 62
4
100
AcDbLine
 10
45.85825699999999
 20
0.509771
 30
0.0
 11
45.824772
 21
0.548043
 31
0.0
  0
LINE
  5
C51
330
1F
100
AcDbEntity
  8
1
  6
CONTINUOUS
370
50
 62
4
100
AcDbLine
 10
38.358269
 20
0.488287
 30
0.0
 11
38.32478
 21
0.526561
 31
0.0
  0
LINE
  5
C52
330
1F
100
AcDbEntity
  8
1
  6
CONTINUOUS
370
50
 62
4
100
AcDbLine
 10
44.64174999999999
 20
-0.5628949999999999
 30
0.0
 11
44.608261
 21
-0.5246379999999999
 31
0.0
  0
LINE
  5
C53
330
1F
100
AcDbEntity
  8
1
  6
CONTINUOUS
370
50
 62
4
100
AcDbLine
 10
37.108269
 20
-0.546272
 30
0.0
 11
37.074776
 21
-0.508026
 31
0.0
  0
LINE
  5
C54
330
1F
100
AcDbEntity
  8
1
  6
CONTINUOUS
370
50
 62
4
100
AcDbLine
 10
45.824772
 20
0.548043
 30
0.0
 11
45.791283
 21
0.5862689999999999
 31
0.0
  0
LINE
  5
C55
330
1F
100
AcDbEntity
  8
1
  6
CONTINUOUS
370
50
 62
4
100
AcDbLine
 10
38.32478
 20
0.526561
 30
0.0
 11
38.291286
 21
0.564788
 31
0.0
  0
LINE
  5
C56
330
1F
100
AcDbEntity
  8
1
  6
CONTINUOUS
370
50
 62
4
100
AcDbLine
 10
44.675236
 20
-0.601104
 30
0.0
 11
44.64174999999999
 21
-0.5628949999999999
 31
0.0
  0
LINE
  5
C57
330
1F
100
AcDbEntity
  8
1
  6
CONTINUOUS
370
50
 62
4
100
AcDbLine
 10
37.141758
 20
-0.584472
 30
0.0
 11
37.108269
 21
-0.546272
 31
0.0
  0
LINE
  5
C58
330
1F
100
AcDbEntity
  8
1
  6
CONTINUOUS
370
50
 62
4
100
AcDbLine
 10
45.791283
 20
0.5862689999999999
 30
0.0
 11
45.75779
 21
0.624446
 31
0.0
  0
LINE
  5
C59
330
1F
100
AcDbEntity
  8
1
  6
CONTINUOUS
370
50
 62
4
100
AcDbLine
 10
38.291286
 20
0.564788
 30
0.0
 11
38.25779
 21
0.6029669999999999
 31
0.0
  0
LINE
  5
C5A
330
1F
100
AcDbEntity
  8
1
  6
CONTINUOUS
370
50
 62
4
100
AcDbLine
 10
44.708721
 20
-0.639262
 30
0.0
 11
44.675236
 21
-0.601104
 31
0.0
  0
LINE
  5
C5B
330
1F
100
AcDbEntity
  8
1
  6
CONTINUOUS
370
50
 62
4
100
AcDbLine
 10
37.175247
 20
-0.622622
 30
0.0
 11
37.141758
 21
-0.584472
 31
0.0
  0
LINE
  5
C5C
330
1F
100
AcDbEntity
  8
1
  6
CONTINUOUS
370
50
 62
4
100
AcDbLine
 10
44.74221
 20
-0.677368
 30
0.0
 11
44.708721
 21
-0.639262
 31
0.0
  0
LINE
  5
C5D
330
1F
100
AcDbEntity
  8
1
  6
CONTINUOUS
370
50
 62
4
100
AcDbLine
 10
37.208729
 20
-0.660719
 30
0.0
 11
37.175247
 21
-0.622622
 31
0.0
  0
LINE
  5
C5E
330
1F
100
AcDbEntity
  8
1
  6
CONTINUOUS
370
50
 62
4
100
AcDbLine
 10
44.46512999999999
 20
-0.36242
 30
0.0
 11
44.443863
 21
-0.338224
 31
0.0
  0
LINE
  5
C5F
330
1F
100
AcDbEntity
  8
1
  6
CONTINUOUS
370
50
 62
4
100
AcDbLine
 10
37.24221
 20
-0.698762
 30
0.0
 11
37.208729
 21
-0.660719
 31
0.0
  0
LINE
  5
C60
330
1F
100
AcDbEntity
  8
1
  6
CONTINUOUS
370
50
 62
4
100
AcDbLine
 10
36.958626
 20
-0.377339
 30
0.0
 11
36.934139
 21
-0.349521
 31
0.0
  0
LINE
  5
C61
330
1F
100
AcDbEntity
  8
1
  6
CONTINUOUS
370
50
 62
4
100
AcDbLine
 10
43.49221
 20
0.755373
 30
0.0
 11
43.458729
 21
0.7932669999999999
 31
0.0
  0
LINE
  5
C62
330
1F
100
AcDbEntity
  8
1
  6
CONTINUOUS
370
50
 62
4
100
AcDbLine
 10
35.99221
 20
0.733694
 30
0.0
 11
35.958702
 21
0.771552
 31
0.0
  0
LINE
  5
C63
330
1F
100
AcDbEntity
  8
1
  6
CONTINUOUS
370
50
 62
4
100
AcDbLine
 10
43.458729
 20
0.7932669999999999
 30
0.0
 11
43.425247
 21
0.8310869999999999
 31
0.0
  0
LINE
  5
C64
330
1F
100
AcDbEntity
  8
1
  6
CONTINUOUS
370
50
 62
4
100
AcDbLine
 10
47.041275
 20
-0.845803
 30
0.0
 11
47.00779
 21
-0.80799
 31
0.0
  0
LINE
  5
C65
330
1F
100
AcDbEntity
  8
1
  6
CONTINUOUS
370
50
 62
4
100
AcDbLine
 10
35.958702
 20
0.771552
 30
0.0
 11
35.925198
 21
0.809348
 31
0.0
  0
LINE
  5
C66
330
1F
100
AcDbEntity
  8
1
  6
CONTINUOUS
370
50
 62
4
100
AcDbLine
 10
39.541283
 20
-0.866899
 30
0.0
 11
39.50779
 21
-0.8291259999999999
 31
0.0
  0
LINE
  5
C67
330
1F
100
AcDbEntity
  8
1
  6
CONTINUOUS
370
50
 62
4
100
AcDbLine
 10
43.425247
 20
0.8310869999999999
 30
0.0
 11
43.391762
 21
0.8688319999999999
 31
0.0
  0
LINE
  5
C68
330
1F
100
AcDbEntity
  8
1
  6
CONTINUOUS
370
50
 62
4
100
AcDbLine
 10
47.07476399999999
 20
-0.883539
 30
0.0
 11
47.041275
 21
-0.845803
 31
0.0
  0
LINE
  5
C69
330
1F
100
AcDbEntity
  8
1
  6
CONTINUOUS
370
50
 62
4
100
AcDbLine
 10
35.925198
 20
0.809348
 30
0.0
 11
35.891701
 21
0.8470799999999999
 31
0.0
  0
LINE
  5
C6A
330
1F
100
AcDbEntity
  8
1
  6
CONTINUOUS
370
50
 62
4
100
AcDbLine
 10
39.574772
 20
-0.904594
 30
0.0
 11
39.541283
 21
-0.866899
 31
0.0
  0
LINE
  5
C6B
330
1F
100
AcDbEntity
  8
1
  6
CONTINUOUS
370
50
 62
4
100
AcDbLine
 10
43.391762
 20
0.8688319999999999
 30
0.0
 11
43.358276
 21
0.906497
 31
0.0
  0
LINE
  5
C6C
330
1F
100
AcDbEntity
  8
1
  6
CONTINUOUS
370
50
 62
4
100
AcDbLine
 10
47.10825
 20
-0.9211959999999999
 30
0.0
 11
47.07476399999999
 21
-0.883539
 31
0.0
  0
LINE
  5
C6D
330
1F
100
AcDbEntity
  8
1
  6
CONTINUOUS
370
50
 62
4
100
AcDbLine
 10
35.891701
 20
0.8470799999999999
 30
0.0
 11
35.858208
 21
0.884744
 31
0.0
  0
LINE
  5
C6E
330
1F
100
AcDbEntity
  8
1
  6
CONTINUOUS
370
50
 62
4
100
AcDbLine
 10
39.608261
 20
-0.942209
 30
0.0
 11
39.574772
 21
-0.904594
 31
0.0
  0
LINE
  5
C6F
330
1F
100
AcDbEntity
  8
1
  6
CONTINUOUS
370
50
 62
4
100
AcDbLine
 10
35.858208
 20
0.884744
 30
0.0
 11
35.824726
 21
0.9223389999999999
 31
0.0
  0
LINE
  5
C70
330
1F
100
AcDbEntity
  8
1
  6
CONTINUOUS
370
50
 62
4
100
AcDbLine
 10
43.358276
 20
0.906497
 30
0.0
 11
43.324787
 21
0.944082
 31
0.0
  0
LINE
  5
C71
330
1F
100
AcDbEntity
  8
1
  6
CONTINUOUS
370
50
 62
4
100
AcDbLine
 10
47.141735
 20
-0.958772
 30
0.0
 11
47.10825
 21
-0.9211959999999999
 31
0.0
  0
LINE
  5
C72
330
1F
100
AcDbEntity
  8
1
  6
CONTINUOUS
370
50
 62
4
100
AcDbLine
 10
35.824726
 20
0.9223389999999999
 30
0.0
 11
35.791252
 21
0.959862
 31
0.0
  0
LINE
  5
C73
330
1F
100
AcDbEntity
  8
1
  6
CONTINUOUS
370
50
 62
4
100
AcDbLine
 10
39.641747
 20
-0.979742
 30
0.0
 11
39.608261
 21
-0.942209
 31
0.0
  0
LINE
  5
C74
330
1F
100
AcDbEntity
  8
1
  6
CONTINUOUS
370
50
 62
4
100
AcDbLine
 10
46.808262
 20
-0.6087469999999999
 30
0.0
 11
46.768837
 21
-0.564576
 31
0.0
  0
LINE
  5
C75
330
1F
100
AcDbEntity
  8
1
  6
CONTINUOUS
370
50
 62
4
100
AcDbLine
 10
43.324787
 20
0.944082
 30
0.0
 11
43.29129
 21
0.981583
 31
0.0
  0
LINE
  5
C76
330
1F
100
AcDbEntity
  8
1
  6
CONTINUOUS
370
50
 62
4
100
AcDbLine
 10
47.175224
 20
-0.996263
 30
0.0
 11
47.141735
 21
-0.958772
 31
0.0
  0
LINE
  5
C77
330
1F
100
AcDbEntity
  8
1
  6
CONTINUOUS
370
50
 62
4
100
AcDbLine
 10
35.791252
 20
0.959862
 30
0.0
 11
35.75779
 21
0.9973099999999999
 31
0.0
  0
LINE
  5
C78
330
1F
100
AcDbEntity
  8
1
  6
CONTINUOUS
370
50
 62
4
100
AcDbLine
 10
39.675232
 20
-1.017191
 30
0.0
 11
39.641747
 21
-0.979742
 31
0.0
  0
LINE
  5
C79
330
1F
100
AcDbEntity
  8
1
  6
CONTINUOUS
370
50
 62
4
100
AcDbLine
 10
44.486435
 20
-0.386216
 30
0.0
 11
44.46512999999999
 21
-0.36242
 31
0.0
  0
LINE
  5
C7A
330
1F
100
AcDbEntity
  8
1
  6
CONTINUOUS
370
50
 62
4
100
AcDbLine
 10
47.208714
 20
-1.033667
 30
0.0
 11
47.175224
 21
-0.996263
 31
0.0
  0
LINE
  5
C7B
330
1F
100
AcDbEntity
  8
1
  6
CONTINUOUS
370
50
 62
4
100
AcDbLine
 10
43.29129
 20
0.981583
 30
0.0
 11
43.25779
 21
1.018998
 31
0.0
  0
LINE
  5
C7C
330
1F
100
AcDbEntity
  8
1
  6
CONTINUOUS
370
50
 62
4
100
AcDbLine
 10
39.708721
 20
-1.054553
 30
0.0
 11
39.675232
 21
-1.017191
 31
0.0
  0
LINE
  5
C7D
330
1F
100
AcDbEntity
  8
1
  6
CONTINUOUS
370
50
 62
4
100
AcDbLine
 10
47.24221
 20
-1.070982
 30
0.0
 11
47.208714
 21
-1.033667
 31
0.0
  0
LINE
  5
C7E
330
1F
100
AcDbEntity
  8
1
  6
CONTINUOUS
370
50
 62
4
100
AcDbLine
 10
47.533279
 20
-1.473791
 30
0.0
 11
47.428444
 21
-1.35703
 31
0.0
  0
LINE
  5
C7F
330
1F
100
AcDbEntity
  8
1
  6
CONTINUOUS
370
50
 62
4
100
AcDbLine
 10
39.74221
 20
-1.091826
 30
0.0
 11
39.708721
 21
-1.054553
 31
0.0
  0
LINE
  5
C80
330
1F
100
AcDbEntity
  8
1
  6
CONTINUOUS
370
50
 62
4
100
AcDbLine
 10
36.983177
 20
-0.404625
 30
0.0
 11
36.958626
 21
-0.377339
 31
0.0
  0
LINE
  5
C81
330
1F
100
AcDbEntity
  8
1
  6
CONTINUOUS
370
50
 62
4
100
AcDbLine
 10
46.230289
 20
0.116377
 30
0.0
 11
46.183151
 21
0.168275
 31
0.0
  0
LINE
  5
C82
330
1F
100
AcDbEntity
  8
1
  6
CONTINUOUS
370
50
 62
4
100
AcDbLine
 10
44.50779
 20
-0.409607
 30
0.0
 11
44.486435
 21
-0.386216
 31
0.0
  0
LINE
  5
C83
330
1F
100
AcDbEntity
  8
1
  6
CONTINUOUS
370
50
 62
4
100
AcDbLine
 10
38.71744899999999
 20
0.1071
 30
0.0
 11
38.661644
 21
0.168129
 31
0.0
  0
LINE
  5
C84
330
1F
100
AcDbEntity
  8
1
  6
CONTINUOUS
370
50
 62
4
100
AcDbLine
 10
36.61721
 20
2.765011
 30
0.0
 11
36.583725
 21
2.801603
 31
0.0
  0
LINE
  5
C85
330
1F
100
AcDbEntity
  8
1
  6
CONTINUOUS
370
50
 62
4
100
AcDbLine
 10
44.11721
 20
2.78542
 30
0.0
 11
44.083725
 21
2.821908
 31
0.0
  0
LINE
  5
C86
330
1F
100
AcDbEntity
  8
1
  6
CONTINUOUS
370
50
 62
4
100
AcDbLine
 10
38.916279
 20
-2.82365
 30
0.0
 11
38.88279
 21
-2.78718
 31
0.0
  0
LINE
  5
C87
330
1F
100
AcDbEntity
  8
1
  6
CONTINUOUS
370
50
 62
4
100
AcDbLine
 10
47.638405
 20
-1.588265
 30
0.0
 11
47.533279
 21
-1.473791
 31
0.0
  0
LINE
  5
C88
330
1F
100
AcDbEntity
  8
1
  6
CONTINUOUS
370
50
 62
4
100
AcDbLine
 10
39.338516
 20
-0.664416
 30
0.0
 11
39.282711
 21
-0.6037319999999999
 31
0.0
  0
LINE
  5
C89
330
1F
100
AcDbEntity
  8
1
  6
CONTINUOUS
370
50
 62
4
100
AcDbLine
 10
37.00779
 20
-0.431374
 30
0.0
 11
36.983177
 21
-0.404625
 31
0.0
  0
LINE
  5
C8A
330
1F
100
AcDbEntity
  8
1
  6
CONTINUOUS
370
50
 62
4
100
AcDbLine
 10
36.583725
 20
2.801603
 30
0.0
 11
36.55024
 21
2.837948
 31
0.0
  0
LINE
  5
C8B
330
1F
100
AcDbEntity
  8
1
  6
CONTINUOUS
370
50
 62
4
100
AcDbLine
 10
32.136524
 20
-3.013463
 30
0.0
 11
32.103111
 21
-2.977258
 31
0.0
  0
LINE
  5
C8C
330
1F
100
AcDbEntity
  8
1
  6
CONTINUOUS
370
50
 62
4
100
AcDbLine
 10
44.083725
 20
2.821908
 30
0.0
 11
44.050236
 21
2.858149
 31
0.0
  0
LINE
  5
C8D
330
1F
100
AcDbEntity
  8
1
  6
CONTINUOUS
370
50
 62
4
100
AcDbLine
 10
38.949772
 20
-2.859872
 30
0.0
 11
38.916279
 21
-2.82365
 31
0.0
  0
LINE
  5
C8E
330
1F
100
AcDbEntity
  8
1
  6
CONTINUOUS
370
50
 62
4
100
AcDbLine
 10
46.847843
 20
-0.651509
 30
0.0
 11
46.808262
 21
-0.6087469999999999
 31
0.0
  0
LINE
  5
C8F
330
1F
100
AcDbEntity
  8
1
  6
CONTINUOUS
370
50
 62
4
100
AcDbLine
 10
36.382793
 20
0.378207
 30
0.0
 11
36.327713
 21
0.43766
 31
0.0
  0
LINE
  5
C90
330
1F
100
AcDbEntity
  8
1
  6
CONTINUOUS
370
50
 62
4
100
AcDbLine
 10
36.55024
 20
2.837948
 30
0.0
 11
36.516754
 21
2.874045
 31
0.0
  0
LINE
  5
C91
330
1F
100
AcDbEntity
  8
1
  6
CONTINUOUS
370
50
 62
4
100
AcDbLine
 10
44.050236
 20
2.858149
 30
0.0
 11
44.01674999999999
 21
2.894139
 31
0.0
  0
LINE
  5
C92
330
1F
100
AcDbEntity
  8
1
  6
CONTINUOUS
370
50
 62
4
100
AcDbLine
 10
38.983261
 20
-2.895844
 30
0.0
 11
38.949772
 21
-2.859872
 31
0.0
  0
LINE
  5
C93
330
1F
100
AcDbEntity
  8
1
  6
CONTINUOUS
370
50
 62
4
100
AcDbLine
 10
36.516754
 20
2.874045
 30
0.0
 11
36.483265
 21
2.909891
 31
0.0
  0
LINE
  5
C94
330
1F
100
AcDbEntity
  8
1
  6
CONTINUOUS
370
50
 62
4
100
AcDbLine
 10
43.882832
 20
0.403099
 30
0.0
 11
43.827183
 21
0.462533
 31
0.0
  0
LINE
  5
C95
330
1F
100
AcDbEntity
  8
1
  6
CONTINUOUS
370
50
 62
4
100
AcDbLine
 10
44.01674999999999
 20
2.894139
 30
0.0
 11
43.983261
 21
2.929876
 31
0.0
  0
LINE
  5
C96
330
1F
100
AcDbEntity
  8
1
  6
CONTINUOUS
370
50
 62
4
100
AcDbLine
 10
39.016747
 20
-2.931565
 30
0.0
 11
38.983261
 21
-2.895844
 31
0.0
  0
LINE
  5
C97
330
1F
100
AcDbEntity
  8
1
  6
CONTINUOUS
370
50
 62
4
100
AcDbLine
 10
47.743832
 20
-1.700365
 30
0.0
 11
47.638405
 21
-1.588265
 31
0.0
  0
LINE
  5
C98
330
1F
100
AcDbEntity
  8
1
  6
CONTINUOUS
370
50
 62
4
100
AcDbLine
 10
36.483265
 20
2.909891
 30
0.0
 11
36.449776
 21
2.945483
 31
0.0
  0
LINE
  5
C99
330
1F
100
AcDbEntity
  8
1
  6
CONTINUOUS
370
50
 62
4
100
AcDbLine
 10
43.983261
 20
2.929876
 30
0.0
 11
43.949772
 21
2.965358
 31
0.0
  0
LINE
  5
C9A
330
1F
100
AcDbEntity
  8
1
  6
CONTINUOUS
370
50
 62
4
100
AcDbLine
 10
39.050236
 20
-2.967031
 30
0.0
 11
39.016747
 21
-2.931565
 31
0.0
  0
LINE
  5
C9B
330
1F
100
AcDbEntity
  8
1
  6
CONTINUOUS
370
50
 62
4
100
AcDbLine
 10
36.449776
 20
2.945483
 30
0.0
 11
36.416283
 21
2.980819
 31
0.0
  0
LINE
  5
C9C
330
1F
100
AcDbEntity
  8
1
  6
CONTINUOUS
370
50
 62
4
100
AcDbLine
 10
46.183151
 20
0.168275
 30
0.0
 11
46.135777
 21
0.218249
 31
0.0
  0
LINE
  5
C9D
330
1F
100
AcDbEntity
  8
1
  6
CONTINUOUS
370
50
 62
4
100
AcDbLine
 10
43.949772
 20
2.965358
 30
0.0
 11
43.916283
 21
3.000582
 31
0.0
  0
LINE
  5
C9E
330
1F
100
AcDbEntity
  8
1
  6
CONTINUOUS
370
50
 62
4
100
AcDbLine
 10
39.083725
 20
-3.00224
 30
0.0
 11
39.050236
 21
-2.967031
 31
0.0
  0
LINE
  5
C9F
330
1F
100
AcDbEntity
  8
1
  6
CONTINUOUS
370
50
 62
4
100
AcDbLine
 10
44.616585
 20
-0.51159
 30
0.0
 11
44.380657
 21
-0.263658
 31
0.0
  0
LINE
  5
CA0
330
1F
100
AcDbEntity
  8
1
  6
CONTINUOUS
370
50
 62
4
100
AcDbLine
 10
37.093525
 20
-0.507197
 30
0.0
 11
36.861301
 21
-0.263284
 31
0.0
  0
LINE
  5
CA1
330
1F
100
AcDbEntity
  8
1
  6
CONTINUOUS
370
50
 62
4
100
AcDbLine
 10
36.416283
 20
2.980819
 30
0.0
 11
36.38279
 21
3.015898
 31
0.0
  0
LINE
  5
CA2
330
1F
100
AcDbEntity
  8
1
  6
CONTINUOUS
370
50
 62
4
100
AcDbLine
 10
37.24221
 20
1.721101
 30
0.0
 11
37.208725
 21
1.75612
 31
0.0
  0
LINE
  5
CA3
330
1F
100
AcDbEntity
  8
1
  6
CONTINUOUS
370
50
 62
4
100
AcDbLine
 10
43.916283
 20
3.000582
 30
0.0
 11
43.88279
 21
3.035547
 31
0.0
  0
LINE
  5
CA4
330
1F
100
AcDbEntity
  8
1
  6
CONTINUOUS
370
50
 62
4
100
AcDbLine
 10
39.11721
 20
-3.03719
 30
0.0
 11
39.083725
 21
-3.00224
 31
0.0
  0
LINE
  5
CA5
330
1F
100
AcDbEntity
  8
1
  6
CONTINUOUS
370
50
 62
4
100
AcDbLine
 10
44.74221
 20
1.740733
 30
0.0
 11
44.708725
 21
1.775659
 31
0.0
  0
LINE
  5
CA6
330
1F
100
AcDbEntity
  8
1
  6
CONTINUOUS
370
50
 62
4
100
AcDbLine
 10
44.852512
 20
-0.757512
 30
0.0
 11
44.616585
 21
-0.51159
 31
0.0
  0
LINE
  5
CA7
330
1F
100
AcDbEntity
  8
1
  6
CONTINUOUS
370
50
 62
4
100
AcDbLine
 10
37.32579399999999
 20
-0.749127
 30
0.0
 11
37.093525
 21
-0.507197
 31
0.0
  0
LINE
  5
CA8
330
1F
100
AcDbEntity
  8
1
  6
CONTINUOUS
370
50
 62
4
100
AcDbLine
 10
37.208725
 20
1.75612
 30
0.0
 11
37.175236
 21
1.790985
 31
0.0
  0
LINE
  5
CA9
330
1F
100
AcDbEntity
  8
1
  6
CONTINUOUS
370
50
 62
4
100
AcDbLine
 10
46.887573
 20
-0.69284
 30
0.0
 11
46.847843
 21
-0.651509
 31
0.0
  0
LINE
  5
CAA
330
1F
100
AcDbEntity
  8
1
  6
CONTINUOUS
370
50
 62
4
100
AcDbLine
 10
38.661644
 20
0.168129
 30
0.0
 11
38.605511
 21
0.226463
 31
0.0
  0
LINE
  5
CAB
330
1F
100
AcDbEntity
  8
1
  6
CONTINUOUS
370
50
 62
4
100
AcDbLine
 10
44.708725
 20
1.775659
 30
0.0
 11
44.675236
 21
1.810428
 31
0.0
  0
LINE
  5
CAC
330
1F
100
AcDbEntity
  8
1
  6
CONTINUOUS
370
50
 62
4
100
AcDbLine
 10
45.791279
 20
-1.823907
 30
0.0
 11
45.75779
 21
-1.789186
 31
0.0
  0
LINE
  5
CAD
330
1F
100
AcDbEntity
  8
1
  6
CONTINUOUS
370
50
 62
4
100
AcDbLine
 10
47.849586
 20
-1.810003
 30
0.0
 11
47.743832
 21
-1.700365
 31
0.0
  0
LINE
  5
CAE
330
1F
100
AcDbEntity
  8
1
  6
CONTINUOUS
370
50
 62
4
100
AcDbLine
 10
37.175236
 20
1.790985
 30
0.0
 11
37.141747
 21
1.825694
 31
0.0
  0
LINE
  5
CAF
330
1F
100
AcDbEntity
  8
1
  6
CONTINUOUS
370
50
 62
4
100
AcDbLine
 10
38.291286
 20
-1.843204
 30
0.0
 11
38.25779
 21
-1.808581
 31
0.0
  0
LINE
  5
CB0
330
1F
100
AcDbEntity
  8
1
  6
CONTINUOUS
370
50
 62
4
100
AcDbLine
 10
44.675236
 20
1.810428
 30
0.0
 11
44.64174999999999
 21
1.845037
 31
0.0
  0
LINE
  5
CB1
330
1F
100
AcDbEntity
  8
1
  6
CONTINUOUS
370
50
 62
4
100
AcDbLine
 10
45.82476399999999
 20
-1.858466
 30
0.0
 11
45.791279
 21
-1.823907
 31
0.0
  0
LINE
  5
CB2
330
1F
100
AcDbEntity
  8
1
  6
CONTINUOUS
370
50
 62
4
100
AcDbLine
 10
37.141747
 20
1.825694
 30
0.0
 11
37.108257
 21
1.860244
 31
0.0
  0
LINE
  5
CB3
330
1F
100
AcDbEntity
  8
1
  6
CONTINUOUS
370
50
 62
4
100
AcDbLine
 10
39.394623
 20
-0.72225
 30
0.0
 11
39.338516
 21
-0.664416
 31
0.0
  0
LINE
  5
CB4
330
1F
100
AcDbEntity
  8
1
  6
CONTINUOUS
370
50
 62
4
100
AcDbLine
 10
37.558029
 20
-0.9881289999999999
 30
0.0
 11
37.32579399999999
 21
-0.749127
 31
0.0
  0
LINE
  5
CB5
330
1F
100
AcDbEntity
  8
1
  6
CONTINUOUS
370
50
 62
4
100
AcDbLine
 10
38.32478
 20
-1.877667
 30
0.0
 11
38.291286
 21
-1.843204
 31
0.0
  0
LINE
  5
CB6
330
1F
100
AcDbEntity
  8
1
  6
CONTINUOUS
370
50
 62
4
100
AcDbLine
 10
44.64174999999999
 20
1.845037
 30
0.0
 11
44.608265
 21
1.879484
 31
0.0
  0
LINE
  5
CB7
330
1F
100
AcDbEntity
  8
1
  6
CONTINUOUS
370
50
 62
4
100
AcDbLine
 10
45.08844
 20
-1.00006
 30
0.0
 11
44.852512
 21
-0.757512
 31
0.0
  0
LINE
  5
CB8
330
1F
100
AcDbEntity
  8
1
  6
CONTINUOUS
370
50
 62
4
100
AcDbLine
 10
45.858253
 20
-1.892862
 30
0.0
 11
45.82476399999999
 21
-1.858466
 31
0.0
  0
LINE
  5
CB9
330
1F
100
AcDbEntity
  8
1
  6
CONTINUOUS
370
50
 62
4
100
AcDbLine
 10
37.108257
 20
1.860244
 30
0.0
 11
37.074768
 21
1.894631
 31
0.0
  0
LINE
  5
CBA
330
1F
100
AcDbEntity
  8
1
  6
CONTINUOUS
370
50
 62
4
100
AcDbLine
 10
36.327713
 20
0.43766
 30
0.0
 11
36.272362
 21
0.494356
 31
0.0
  0
LINE
  5
CBB
330
1F
100
AcDbEntity
  8
1
  6
CONTINUOUS
370
50
 62
4
100
AcDbLine
 10
38.358269
 20
-1.911966
 30
0.0
 11
38.32478
 21
-1.877667
 31
0.0
  0
LINE
  5
CBC
330
1F
100
AcDbEntity
  8
1
  6
CONTINUOUS
370
50
 62
4
100
AcDbLine
 10
44.608265
 20
1.879484
 30
0.0
 11
44.574776
 21
1.913767
 31
0.0
  0
LINE
  5
CBD
330
1F
100
AcDbEntity
  8
1
  6
CONTINUOUS
370
50
 62
4
100
AcDbLine
 10
45.891739
 20
-1.927093
 30
0.0
 11
45.858253
 21
-1.892862
 31
0.0
  0
LINE
  5
CBE
330
1F
100
AcDbEntity
  8
1
  6
CONTINUOUS
370
50
 62
4
100
AcDbLine
 10
37.074768
 20
1.894631
 30
0.0
 11
37.041279
 21
1.928854
 31
0.0
  0
LINE
  5
CBF
330
1F
100
AcDbEntity
  8
1
  6
CONTINUOUS
370
50
 62
4
100
AcDbLine
 10
38.391754
 20
-1.9461
 30
0.0
 11
38.358269
 21
-1.911966
 31
0.0
  0
LINE
  5
CC0
330
1F
100
AcDbEntity
  8
1
  6
CONTINUOUS
370
50
 62
4
100
AcDbLine
 10
44.574776
 20
1.913767
 30
0.0
 11
44.541283
 21
1.947883
 31
0.0
  0
LINE
  5
CC1
330
1F
100
AcDbEntity
  8
1
  6
CONTINUOUS
370
50
 62
4
100
AcDbLine
 10
45.925228
 20
-1.961155
 30
0.0
 11
45.891739
 21
-1.927093
 31
0.0
  0
LINE
  5
CC2
330
1F
100
AcDbEntity
  8
1
  6
CONTINUOUS
370
50
 62
4
100
AcDbLine
 10
37.041279
 20
1.928854
 30
0.0
 11
37.00779
 21
1.96291
 31
0.0
  0
LINE
  5
CC3
330
1F
100
AcDbEntity
  8
1
  6
CONTINUOUS
370
50
 62
4
100
AcDbLine
 10
38.42524
 20
-1.980066
 30
0.0
 11
38.391754
 21
-1.9461
 31
0.0
  0
LINE
  5
CC4
330
1F
100
AcDbEntity
  8
1
  6
CONTINUOUS
370
50
 62
4
100
AcDbLine
 10
44.541283
 20
1.947883
 30
0.0
 11
44.50779
 21
1.981831
 31
0.0
  0
LINE
  5
CC5
330
1F
100
AcDbEntity
  8
1
  6
CONTINUOUS
370
50
 62
4
100
AcDbLine
 10
43.827183
 20
0.462533
 30
0.0
 11
43.771488
 21
0.5189549999999999
 31
0.0
  0
LINE
  5
CC6
330
1F
100
AcDbEntity
  8
1
  6
CONTINUOUS
370
50
 62
4
100
AcDbLine
 10
45.958717
 20
-1.995047
 30
0.0
 11
45.925228
 21
-1.961155
 31
0.0
  0
LINE
  5
CC7
330
1F
100
AcDbEntity
  8
1
  6
CONTINUOUS
370
50
 62
4
100
AcDbLine
 10
38.756809
 20
-0.00491
 30
0.0
 11
38.506397
 21
0.248451
 31
0.0
  0
LINE
  5
CC8
330
1F
100
AcDbEntity
  8
1
  6
CONTINUOUS
370
50
 62
4
100
AcDbLine
 10
37.79023
 20
-1.222922
 30
0.0
 11
37.558029
 21
-0.9881289999999999
 31
0.0
  0
LINE
  5
CC9
330
1F
100
AcDbEntity
  8
1
  6
CONTINUOUS
370
50
 62
4
100
AcDbLine
 10
39.00721
 20
-0.258102
 30
0.0
 11
38.756809
 21
-0.00491
 31
0.0
  0
LINE
  5
CCA
330
1F
100
AcDbEntity
  8
1
  6
CONTINUOUS
370
50
 62
4
100
AcDbLine
 10
47.95567699999999
 20
-1.917092
 30
0.0
 11
47.849586
 21
-1.810003
 31
0.0
  0
LINE
  5
CCB
330
1F
100
AcDbEntity
  8
1
  6
CONTINUOUS
370
50
 62
4
100
AcDbLine
 10
38.458725
 20
-2.013862
 30
0.0
 11
38.42524
 21
-1.980066
 31
0.0
  0
LINE
  5
CCC
330
1F
100
AcDbEntity
  8
1
  6
CONTINUOUS
370
50
 62
4
100
AcDbLine
 10
46.135777
 20
0.218249
 30
0.0
 11
46.088169
 21
0.266264
 31
0.0
  0
LINE
  5
CCD
330
1F
100
AcDbEntity
  8
1
  6
CONTINUOUS
370
50
 62
4
100
AcDbLine
 10
41.61721
 20
3.154618
 30
0.0
 11
41.583717
 21
3.188381
 31
0.0
  0
LINE
  5
CCE
330
1F
100
AcDbEntity
  8
1
  6
CONTINUOUS
370
50
 62
4
100
AcDbLine
 10
45.324368
 20
-1.237876
 30
0.0
 11
45.08844
 21
-1.00006
 31
0.0
  0
LINE
  5
CCF
330
1F
100
AcDbEntity
  8
1
  6
CONTINUOUS
370
50
 62
4
100
AcDbLine
 10
41.416279
 20
-3.190079
 30
0.0
 11
41.38279
 21
-3.15634
 31
0.0
  0
LINE
  5
CD0
330
1F
100
AcDbEntity
  8
1
  6
CONTINUOUS
370
50
 62
4
100
AcDbLine
 10
45.99221
 20
-2.028767
 30
0.0
 11
45.958717
 21
-1.995047
 31
0.0
  0
LINE
  5
CD1
330
1F
100
AcDbEntity
  8
1
  6
CONTINUOUS
370
50
 62
4
100
AcDbLine
 10
38.506397
 20
0.248451
 30
0.0
 11
38.25597
 21
0.500373
 31
0.0
  0
LINE
  5
CD2
330
1F
100
AcDbEntity
  8
1
  6
CONTINUOUS
370
50
 62
4
100
AcDbLine
 10
38.49221
 20
-2.047486
 30
0.0
 11
38.458725
 21
-2.013862
 31
0.0
  0
LINE
  5
CD3
330
1F
100
AcDbEntity
  8
1
  6
CONTINUOUS
370
50
 62
4
100
AcDbLine
 10
49.0
 20
2.774392
 30
0.0
 11
48.932873
 21
2.841623
 31
0.0
  0
LINE
  5
CD4
330
1F
100
AcDbEntity
  8
1
  6
CONTINUOUS
370
50
 62
4
100
AcDbLine
 10
46.927456
 20
-0.732719
 30
0.0
 11
46.887573
 21
-0.69284
 31
0.0
  0
LINE
  5
CD5
330
1F
100
AcDbEntity
  8
1
  6
CONTINUOUS
370
50
 62
4
100
AcDbLine
 10
41.583717
 20
3.188381
 30
0.0
 11
41.550228
 21
3.221865
 31
0.0
  0
LINE
  5
CD6
330
1F
100
AcDbEntity
  8
1
  6
CONTINUOUS
370
50
 62
4
100
AcDbLine
 10
41.44976399999999
 20
-3.223539
 30
0.0
 11
41.416279
 21
-3.190079
 31
0.0
  0
LINE
  5
CD7
330
1F
100
AcDbEntity
  8
1
  6
CONTINUOUS
370
50
 62
4
100
AcDbLine
 10
38.25597
 20
0.500373
 30
0.0
 11
38.00553499999999
 21
0.7493609999999999
 31
0.0
  0
LINE
  5
CD8
330
1F
100
AcDbEntity
  8
1
  6
CONTINUOUS
370
50
 62
4
100
AcDbLine
 10
48.932873
 20
2.841623
 30
0.0
 11
48.865906
 21
2.908098
 31
0.0
  0
LINE
  5
CD9
330
1F
100
AcDbEntity
  8
1
  6
CONTINUOUS
370
50
 62
4
100
AcDbLine
 10
34.11721
 20
3.130707
 30
0.0
 11
34.100483
 21
3.147309
 31
0.0
  0
LINE
  5
CDA
330
1F
100
AcDbEntity
  8
1
  6
CONTINUOUS
370
50
 62
4
100
AcDbLine
 10
41.550228
 20
3.221865
 30
0.0
 11
41.516743
 21
3.255068
 31
0.0
  0
LINE
  5
CDB
330
1F
100
AcDbEntity
  8
1
  6
CONTINUOUS
370
50
 62
4
100
AcDbLine
 10
41.483253
 20
-3.256718
 30
0.0
 11
41.44976399999999
 21
-3.223539
 31
0.0
  0
LINE
  5
CDC
330
1F
100
AcDbEntity
  8
1
  6
CONTINUOUS
370
50
 62
4
100
AcDbLine
 10
42.24221
 20
2.097269
 30
0.0
 11
42.208717
 21
2.130403
 31
0.0
  0
LINE
  5
CDD
330
1F
100
AcDbEntity
  8
1
  6
CONTINUOUS
370
50
 62
4
100
AcDbLine
 10
32.170609
 20
-3.047158
 30
0.0
 11
32.136524
 21
-3.013463
 31
0.0
  0
LINE
  5
CDE
330
1F
100
AcDbEntity
  8
1
  6
CONTINUOUS
370
50
 62
4
100
AcDbLine
 10
34.100483
 20
3.147309
 30
0.0
 11
34.083752
 21
3.163843
 31
0.0
  0
LINE
  5
CDF
330
1F
100
AcDbEntity
  8
1
  6
CONTINUOUS
370
50
 62
4
100
AcDbLine
 10
38.022385
 20
-1.452227
 30
0.0
 11
37.79023
 21
-1.222922
 31
0.0
  0
LINE
  5
CE0
330
1F
100
AcDbEntity
  8
1
  6
CONTINUOUS
370
50
 62
4
100
AcDbLine
 10
45.560291
 20
-1.470412
 30
0.0
 11
45.324368
 21
-1.237876
 31
0.0
  0
LINE
  5
CE1
330
1F
100
AcDbEntity
  8
1
  6
CONTINUOUS
370
50
 62
4
100
AcDbLine
 10
38.605511
 20
0.226463
 30
0.0
 11
38.549042
 21
0.282038
 31
0.0
  0
LINE
  5
CE2
330
1F
100
AcDbEntity
  8
1
  6
CONTINUOUS
370
50
 62
4
100
AcDbLine
 10
42.208717
 20
2.130403
 30
0.0
 11
42.17522
 21
2.163353
 31
0.0
  0
LINE
  5
CE3
330
1F
100
AcDbEntity
  8
1
  6
CONTINUOUS
370
50
 62
4
100
AcDbLine
 10
34.083752
 20
3.163843
 30
0.0
 11
34.067013
 21
3.180308
 31
0.0
  0
LINE
  5
CE4
330
1F
100
AcDbEntity
  8
1
  6
CONTINUOUS
370
50
 62
4
100
AcDbLine
 10
48.865906
 20
2.908098
 30
0.0
 11
48.799088
 21
2.973797
 31
0.0
  0
LINE
  5
CE5
330
1F
100
AcDbEntity
  8
1
  6
CONTINUOUS
370
50
 62
4
100
AcDbLine
 10
41.516743
 20
3.255068
 30
0.0
 11
41.483253
 21
3.287987
 31
0.0
  0
LINE
  5
CE6
330
1F
100
AcDbEntity
  8
1
  6
CONTINUOUS
370
50
 62
4
100
AcDbLine
 10
48.291275
 20
-2.176228
 30
0.0
 11
48.25779
 21
-2.143336
 31
0.0
  0
LINE
  5
CE7
330
1F
100
AcDbEntity
  8
1
  6
CONTINUOUS
370
50
 62
4
100
AcDbLine
 10
41.516743
 20
-3.289612
 30
0.0
 11
41.483253
 21
-3.256718
 31
0.0
  0
LINE
  5
CE8
330
1F
100
AcDbEntity
  8
1
  6
CONTINUOUS
370
50
 62
4
100
AcDbLine
 10
38.00553499999999
 20
0.7493609999999999
 30
0.0
 11
37.755135
 21
0.995115
 31
0.0
  0
LINE
  5
CE9
330
1F
100
AcDbEntity
  8
1
  6
CONTINUOUS
370
50
 62
4
100
AcDbLine
 10
48.062134
 20
-2.021544
 30
0.0
 11
47.95567699999999
 21
-1.917092
 31
0.0
  0
LINE
  5
CEA
330
1F
100
AcDbEntity
  8
1
  6
CONTINUOUS
370
50
 62
4
100
AcDbLine
 10
40.791279
 20
-2.194618
 30
0.0
 11
40.75779
 21
-2.161812
 31
0.0
  0
LINE
  5
CEB
330
1F
100
AcDbEntity
  8
1
  6
CONTINUOUS
370
50
 62
4
100
AcDbLine
 10
34.067013
 20
3.180308
 30
0.0
 11
34.05027
 21
3.196703
 31
0.0
  0
LINE
  5
CEC
330
1F
100
AcDbEntity
  8
1
  6
CONTINUOUS
370
50
 62
4
100
AcDbLine
 10
42.17522
 20
2.163353
 30
0.0
 11
42.141727
 21
2.196117
 31
0.0
  0
LINE
  5
CED
330
1F
100
AcDbEntity
  8
1
  6
CONTINUOUS
370
50
 62
4
100
AcDbLine
 10
48.32476
 20
-2.208929
 30
0.0
 11
48.291275
 21
-2.176228
 31
0.0
  0
LINE
  5
CEE
330
1F
100
AcDbEntity
  8
1
  6
CONTINUOUS
370
50
 62
4
100
AcDbLine
 10
34.05027
 20
3.196703
 30
0.0
 11
34.03352
 21
3.213028
 31
0.0
  0
LINE
  5
CEF
330
1F
100
AcDbEntity
  8
1
  6
CONTINUOUS
370
50
 62
4
100
AcDbLine
 10
41.483253
 20
3.287987
 30
0.0
 11
41.449768
 21
3.320621
 31
0.0
  0
LINE
  5
CF0
330
1F
100
AcDbEntity
  8
1
  6
CONTINUOUS
370
50
 62
4
100
AcDbLine
 10
40.82476399999999
 20
-2.227231
 30
0.0
 11
40.791279
 21
-2.194618
 31
0.0
  0
LINE
  5
CF1
330
1F
100
AcDbEntity
  8
1
  6
CONTINUOUS
370
50
 62
4
100
AcDbLine
 10
41.550232
 20
-3.322221
 30
0.0
 11
41.516743
 21
-3.289612
 31
0.0
  0
LINE
  5
CF2
330
1F
100
AcDbEntity
  8
1
  6
CONTINUOUS
370
50
 62
4
100
AcDbLine
 10
39.451035
 20
-0.777175
 30
0.0
 11
39.394623
 21
-0.72225
 31
0.0
  0
LINE
  5
CF3
330
1F
100
AcDbEntity
  8
1
  6
CONTINUOUS
370
50
 62
4
100
AcDbLine
 10
48.799088
 20
2.973797
 30
0.0
 11
48.732414
 21
3.038702
 31
0.0
  0
LINE
  5
CF4
330
1F
100
AcDbEntity
  8
1
  6
CONTINUOUS
370
50
 62
4
100
AcDbLine
 10
42.141727
 20
2.196117
 30
0.0
 11
42.108242
 21
2.22869
 31
0.0
  0
LINE
  5
CF5
330
1F
100
AcDbEntity
  8
1
  6
CONTINUOUS
370
50
 62
4
100
AcDbLine
 10
48.35825
 20
-2.241435
 30
0.0
 11
48.32476
 21
-2.208929
 31
0.0
  0
LINE
  5
CF6
330
1F
100
AcDbEntity
  8
1
  6
CONTINUOUS
370
50
 62
4
100
AcDbLine
 10
34.03352
 20
3.213028
 30
0.0
 11
34.016766
 21
3.229283
 31
0.0
  0
LINE
  5
CF7
330
1F
100
AcDbEntity
  8
1
  6
CONTINUOUS
370
50
 62
4
100
AcDbLine
 10
36.272362
 20
0.494356
 30
0.0
 11
36.21685799999999
 21
0.548097
 31
0.0
  0
LINE
  5
CF8
330
1F
100
AcDbEntity
  8
1
  6
CONTINUOUS
370
50
 62
4
100
AcDbLine
 10
40.858253
 20
-2.259648
 30
0.0
 11
40.82476399999999
 21
-2.227231
 31
0.0
  0
LINE
  5
CF9
330
1F
100
AcDbEntity
  8
1
  6
CONTINUOUS
370
50
 62
4
100
AcDbLine
 10
42.108242
 20
2.22869
 30
0.0
 11
42.074757
 21
2.261071
 31
0.0
  0
LINE
  5
CFA
330
1F
100
AcDbEntity
  8
1
  6
CONTINUOUS
370
50
 62
4
100
AcDbLine
 10
41.449768
 20
3.320621
 30
0.0
 11
41.416279
 21
3.352968
 31
0.0
  0
LINE
  5
CFB
330
1F
100
AcDbEntity
  8
1
  6
CONTINUOUS
370
50
 62
4
100
AcDbLine
 10
34.016766
 20
3.229283
 30
0.0
 11
34.0
 21
3.245468
 31
0.0
  0
LINE
  5
CFC
330
1F
100
AcDbEntity
  8
1
  6
CONTINUOUS
370
50
 62
4
100
AcDbLine
 10
41.583721
 20
-3.354542
 30
0.0
 11
41.550232
 21
-3.322221
 31
0.0
  0
LINE
  5
CFD
330
1F
100
AcDbEntity
  8
1
  6
CONTINUOUS
370
50
 62
4
100
AcDbLine
 10
48.391743
 20
-2.273745
 30
0.0
 11
48.35825
 21
-2.241435
 31
0.0
  0
LINE
  5
CFE
330
1F
100
AcDbEntity
  8
1
  6
CONTINUOUS
370
50
 62
4
100
AcDbLine
 10
37.755135
 20
0.995115
 30
0.0
 11
37.50478
 21
1.236426
 31
0.0
  0
LINE
  5
CFF
330
1F
100
AcDbEntity
  8
1
  6
CONTINUOUS
370
50
 62
4
100
AcDbLine
 10
48.732414
 20
3.038702
 30
0.0
 11
48.665871
 21
3.102792
 31
0.0
  0
LINE
  5
D00
330
1F
100
AcDbEntity
  8
1
  6
CONTINUOUS
370
50
 62
4
100
AcDbLine
 10
40.891739
 20
-2.291867
 30
0.0
 11
40.858253
 21
-2.259648
 31
0.0
  0
LINE
  5
D01
330
1F
100
AcDbEntity
  8
1
  6
CONTINUOUS
370
50
 62
4
100
AcDbLine
 10
46.088169
 20
0.266264
 30
0.0
 11
46.040321
 21
0.312282
 31
0.0
  0
LINE
  5
D02
330
1F
100
AcDbEntity
  8
1
  6
CONTINUOUS
370
50
 62
4
100
AcDbLine
 10
42.074757
 20
2.261071
 30
0.0
 11
42.04127099999999
 21
2.293258
 31
0.0
  0
LINE
  5
D03
330
1F
100
AcDbEntity
  8
1
  6
CONTINUOUS
370
50
 62
4
100
AcDbLine
 10
45.796215
 20
-1.697034
 30
0.0
 11
45.560291
 21
-1.470412
 31
0.0
  0
LINE
  5
D04
330
1F
100
AcDbEntity
  8
1
  6
CONTINUOUS
370
50
 62
4
100
AcDbLine
 10
38.254505
 20
-1.675145
 30
0.0
 11
38.022385
 21
-1.452227
 31
0.0
  0
LINE
  5
D05
330
1F
100
AcDbEntity
  8
1
  6
CONTINUOUS
370
50
 62
4
100
AcDbLine
 10
46.967491
 20
-0.7711239999999999
 30
0.0
 11
46.927456
 21
-0.732719
 31
0.0
  0
LINE
  5
D06
330
1F
100
AcDbEntity
  8
1
  6
CONTINUOUS
370
50
 62
4
100
AcDbLine
 10
48.425232
 20
-2.305857
 30
0.0
 11
48.391743
 21
-2.273745
 31
0.0
  0
LINE
  5
D07
330
1F
100
AcDbEntity
  8
1
  6
CONTINUOUS
370
50
 62
4
100
AcDbLine
 10
34.74221
 20
2.074874
 30
0.0
 11
34.708511
 21
2.107165
 31
0.0
  0
LINE
  5
D08
330
1F
100
AcDbEntity
  8
1
  6
CONTINUOUS
370
50
 62
4
100
AcDbLine
 10
46.381443
 20
-2.703963
 30
0.0
 11
46.323757
 21
-2.64869
 31
0.0
  0
LINE
  5
D09
330
1F
100
AcDbEntity
  8
1
  6
CONTINUOUS
370
50
 62
4
100
AcDbLine
 10
43.771488
 20
0.5189549999999999
 30
0.0
 11
43.71574
 21
0.572349
 31
0.0
  0
LINE
  5
D0A
330
1F
100
AcDbEntity
  8
1
  6
CONTINUOUS
370
50
 62
4
100
AcDbLine
 10
41.416279
 20
3.352968
 30
0.0
 11
41.38279
 21
3.385024
 31
0.0
  0
LINE
  5
D0B
330
1F
100
AcDbEntity
  8
1
  6
CONTINUOUS
370
50
 62
4
100
AcDbLine
 10
41.61721
 20
-3.386572
 30
0.0
 11
41.583721
 21
-3.354542
 31
0.0
  0
LINE
  5
D0C
330
1F
100
AcDbEntity
  8
1
  6
CONTINUOUS
370
50
 62
4
100
AcDbLine
 10
40.925228
 20
-2.323887
 30
0.0
 11
40.891739
 21
-2.291867
 31
0.0
  0
LINE
  5
D0D
330
1F
100
AcDbEntity
  8
1
  6
CONTINUOUS
370
50
 62
4
100
AcDbLine
 10
34.708511
 20
2.107165
 30
0.0
 11
34.674862
 21
2.13933
 31
0.0
  0
LINE
  5
D0E
330
1F
100
AcDbEntity
  8
1
  6
CONTINUOUS
370
50
 62
4
100
AcDbLine
 10
42.04127099999999
 20
2.293258
 30
0.0
 11
42.00779
 21
2.325248
 31
0.0
  0
LINE
  5
D0F
330
1F
100
AcDbEntity
  8
1
  6
CONTINUOUS
370
50
 62
4
100
AcDbLine
 10
34.674862
 20
2.13933
 30
0.0
 11
34.641273
 21
2.171374
 31
0.0
  0
LINE
  5
D10
330
1F
100
AcDbEntity
  8
1
  6
CONTINUOUS
370
50
 62
4
100
AcDbLine
 10
48.458721
 20
-2.337769
 30
0.0
 11
48.425232
 21
-2.305857
 31
0.0
  0
LINE
  5
D11
330
1F
100
AcDbEntity
  8
1
  6
CONTINUOUS
370
50
 62
4
100
AcDbLine
 10
34.641273
 20
2.171374
 30
0.0
 11
34.607765
 21
2.203298
 31
0.0
  0
LINE
  5
D12
330
1F
100
AcDbEntity
  8
1
  6
CONTINUOUS
370
50
 62
4
100
AcDbLine
 10
48.665871
 20
3.102792
 30
0.0
 11
48.599445
 21
3.166049
 31
0.0
  0
LINE
  5
D13
330
1F
100
AcDbEntity
  8
1
  6
CONTINUOUS
370
50
 62
4
100
AcDbLine
 10
48.168968
 20
-2.123271
 30
0.0
 11
48.062134
 21
-2.021544
 31
0.0
  0
LINE
  5
D14
330
1F
100
AcDbEntity
  8
1
  6
CONTINUOUS
370
50
 62
4
100
AcDbLine
 10
34.607765
 20
2.203298
 30
0.0
 11
34.574341
 21
2.235106
 31
0.0
  0
LINE
  5
D15
330
1F
100
AcDbEntity
  8
1
  6
CONTINUOUS
370
50
 62
4
100
AcDbLine
 10
34.574341
 20
2.235106
 30
0.0
 11
34.541016
 21
2.2668
 31
0.0
  0
LINE
  5
D16
330
1F
100
AcDbEntity
  8
1
  6
CONTINUOUS
370
50
 62
4
100
AcDbLine
 10
34.541016
 20
2.2668
 30
0.0
 11
34.50779
 21
2.298379
 31
0.0
  0
LINE
  5
D17
330
1F
100
AcDbEntity
  8
1
  6
CONTINUOUS
370
50
 62
4
100
AcDbLine
 10
40.958717
 20
-2.355705
 30
0.0
 11
40.925228
 21
-2.323887
 31
0.0
  0
LINE
  5
D18
330
1F
100
AcDbEntity
  8
1
  6
CONTINUOUS
370
50
 62
4
100
AcDbLine
 10
48.49221
 20
-2.369479
 30
0.0
 11
48.458721
 21
-2.337769
 31
0.0
  0
LINE
  5
D19
330
1F
100
AcDbEntity
  8
1
  6
CONTINUOUS
370
50
 62
4
100
AcDbLine
 10
40.99221
 20
-2.387319
 30
0.0
 11
40.958717
 21
-2.355705
 31
0.0
  0
LINE
  5
D1A
330
1F
100
AcDbEntity
  8
1
  6
CONTINUOUS
370
50
 62
4
100
AcDbLine
 10
48.599445
 20
3.166049
 30
0.0
 11
48.533131
 21
3.228452
 31
0.0
  0
LINE
  5
D1B
330
1F
100
AcDbEntity
  8
1
  6
CONTINUOUS
370
50
 62
4
100
AcDbLine
 10
37.50478
 20
1.236426
 30
0.0
 11
37.254463
 21
1.471725
 31
0.0
  0
LINE
  5
D1C
330
1F
100
AcDbEntity
  8
1
  6
CONTINUOUS
370
50
 62
4
100
AcDbLine
 10
46.439228
 20
-2.758274
 30
0.0
 11
46.381443
 21
-2.703963
 31
0.0
  0
LINE
  5
D1D
330
1F
100
AcDbEntity
  8
1
  6
CONTINUOUS
370
50
 62
4
100
AcDbLine
 10
38.486633
 20
-1.891593
 30
0.0
 11
38.254505
 21
-1.675145
 31
0.0
  0
LINE
  5
D1E
330
1F
100
AcDbEntity
  8
1
  6
CONTINUOUS
370
50
 62
4
100
AcDbLine
 10
46.032139
 20
-1.916391
 30
0.0
 11
45.796215
 21
-1.697034
 31
0.0
  0
LINE
  5
D1F
330
1F
100
AcDbEntity
  8
1
  6
CONTINUOUS
370
50
 62
4
100
AcDbLine
 10
38.549042
 20
0.282038
 30
0.0
 11
38.492233
 21
0.334789
 31
0.0
  0
LINE
  5
D20
330
1F
100
AcDbEntity
  8
1
  6
CONTINUOUS
370
50
 62
4
100
AcDbLine
 10
46.497112
 20
-2.811604
 30
0.0
 11
46.439228
 21
-2.758274
 31
0.0
  0
LINE
  5
D21
330
1F
100
AcDbEntity
  8
1
  6
CONTINUOUS
370
50
 62
4
100
AcDbLine
 10
47.007687
 20
-0.8080339999999999
 30
0.0
 11
46.967491
 21
-0.7711239999999999
 31
0.0
  0
LINE
  5
D22
330
1F
100
AcDbEntity
  8
1
  6
CONTINUOUS
370
50
 62
4
100
AcDbLine
 10
34.016823
 20
-3.314853
 30
0.0
 11
34.0
 21
-3.29941
 31
0.0
  0
LINE
  5
D23
330
1F
100
AcDbEntity
  8
1
  6
CONTINUOUS
370
50
 62
4
100
AcDbLine
 10
34.033615
 20
-3.330243
 30
0.0
 11
34.016823
 21
-3.314853
 31
0.0
  0
LINE
  5
D24
330
1F
100
AcDbEntity
  8
1
  6
CONTINUOUS
370
50
 62
4
100
AcDbLine
 10
39.507755
 20
-0.829136
 30
0.0
 11
39.451035
 21
-0.777175
 31
0.0
  0
LINE
  5
D25
330
1F
100
AcDbEntity
  8
1
  6
CONTINUOUS
370
50
 62
4
100
AcDbLine
 10
46.040321
 20
0.312282
 30
0.0
 11
45.99222899999999
 21
0.356268
 31
0.0
  0
LINE
  5
D26
330
1F
100
AcDbEntity
  8
1
  6
CONTINUOUS
370
50
 62
4
100
AcDbLine
 10
34.050385
 20
-3.345578
 30
0.0
 11
34.033615
 21
-3.330243
 31
0.0
  0
LINE
  5
D27
330
1F
100
AcDbEntity
  8
1
  6
CONTINUOUS
370
50
 62
4
100
AcDbLine
 10
32.204636
 20
-3.078239
 30
0.0
 11
32.170609
 21
-3.047158
 31
0.0
  0
LINE
  5
D28
330
1F
100
AcDbEntity
  8
1
  6
CONTINUOUS
370
50
 62
4
100
AcDbLine
 10
34.067127
 20
-3.360862
 30
0.0
 11
34.050385
 21
-3.345578
 31
0.0
  0
LINE
  5
D29
330
1F
100
AcDbEntity
  8
1
  6
CONTINUOUS
370
50
 62
4
100
AcDbLine
 10
36.21685799999999
 20
0.548097
 30
0.0
 11
36.161148
 21
0.5988859999999999
 31
0.0
  0
LINE
  5
D2A
330
1F
100
AcDbEntity
  8
1
  6
CONTINUOUS
370
50
 62
4
100
AcDbLine
 10
34.083847
 20
-3.376096
 30
0.0
 11
34.067127
 21
-3.360862
 31
0.0
  0
LINE
  5
D2B
330
1F
100
AcDbEntity
  8
1
  6
CONTINUOUS
370
50
 62
4
100
AcDbLine
 10
37.254463
 20
1.471725
 30
0.0
 11
37.004169
 21
1.699487
 31
0.0
  0
LINE
  5
D2C
330
1F
100
AcDbEntity
  8
1
  6
CONTINUOUS
370
50
 62
4
100
AcDbLine
 10
34.10054
 20
-3.391279
 30
0.0
 11
34.083847
 21
-3.376096
 31
0.0
  0
LINE
  5
D2D
330
1F
100
AcDbEntity
  8
1
  6
CONTINUOUS
370
50
 62
4
100
AcDbLine
 10
34.11721
 20
-3.406415
 30
0.0
 11
34.10054
 21
-3.391279
 31
0.0
  0
LINE
  5
D2E
330
1F
100
AcDbEntity
  8
1
  6
CONTINUOUS
370
50
 62
4
100
AcDbLine
 10
46.555096
 20
-2.86394
 30
0.0
 11
46.497112
 21
-2.811604
 31
0.0
  0
LINE
  5
D2F
330
1F
100
AcDbEntity
  8
1
  6
CONTINUOUS
370
50
 62
4
100
AcDbLine
 10
43.71574
 20
0.572349
 30
0.0
 11
43.659943
 21
0.6227039999999999
 31
0.0
  0
LINE
  5
D30
330
1F
100
AcDbEntity
  8
1
  6
CONTINUOUS
370
50
 62
4
100
AcDbLine
 10
38.718777
 20
-2.100379
 30
0.0
 11
38.486633
 21
-1.891593
 31
0.0
  0
LINE
  5
D31
330
1F
100
AcDbEntity
  8
1
  6
CONTINUOUS
370
50
 62
4
100
AcDbLine
 10
46.268066
 20
-2.127136
 30
0.0
 11
46.032139
 21
-1.916391
 31
0.0
  0
LINE
  5
D32
330
1F
100
AcDbEntity
  8
1
  6
CONTINUOUS
370
50
 62
4
100
AcDbLine
 10
46.613174
 20
-2.915261
 30
0.0
 11
46.555096
 21
-2.86394
 31
0.0
  0
LINE
  5
D33
330
1F
100
AcDbEntity
  8
1
  6
CONTINUOUS
370
50
 62
4
100
AcDbLine
 10
37.004169
 20
1.699487
 30
0.0
 11
36.75378
 21
1.919182
 31
0.0
  0
LINE
  5
D34
330
1F
100
AcDbEntity
  8
1
  6
CONTINUOUS
370
50
 62
4
100
AcDbLine
 10
31.986586
 20
3.873716
 30
0.0
 11
31.967936
 21
3.890077
 31
0.0
  0
LINE
  5
D35
330
1F
100
AcDbEntity
  8
1
  6
CONTINUOUS
370
50
 62
4
100
AcDbLine
 10
46.671352
 20
-2.965555
 30
0.0
 11
46.613174
 21
-2.915261
 31
0.0
  0
LINE
  5
D36
330
1F
100
AcDbEntity
  8
1
  6
CONTINUOUS
370
50
 62
4
100
AcDbLine
 10
38.950932
 20
-2.300226
 30
0.0
 11
38.718777
 21
-2.100379
 31
0.0
  0
LINE
  5
D37
330
1F
100
AcDbEntity
  8
1
  6
CONTINUOUS
370
50
 62
4
100
AcDbLine
 10
36.161148
 20
0.5988859999999999
 30
0.0
 11
36.105167
 21
0.646731
 31
0.0
  0
LINE
  5
D38
330
1F
100
AcDbEntity
  8
1
  6
CONTINUOUS
370
50
 62
4
100
AcDbLine
 10
48.168968
 20
3.556546
 30
0.0
 11
48.062096
 21
3.647743
 31
0.0
  0
LINE
  5
D39
330
1F
100
AcDbEntity
  8
1
  6
CONTINUOUS
370
50
 62
4
100
AcDbLine
 10
46.503998
 20
-2.328329
 30
0.0
 11
46.268066
 21
-2.127136
 31
0.0
  0
LINE
  5
D3A
330
1F
100
AcDbEntity
  8
1
  6
CONTINUOUS
370
50
 62
4
100
AcDbLine
 10
43.659943
 20
0.6227039999999999
 30
0.0
 11
43.604095
 21
0.670005
 31
0.0
  0
LINE
  5
D3B
330
1F
100
AcDbEntity
  8
1
  6
CONTINUOUS
370
50
 62
4
100
AcDbLine
 10
46.729633
 20
-3.014812
 30
0.0
 11
46.671352
 21
-2.965555
 31
0.0
  0
LINE
  5
D3C
330
1F
100
AcDbEntity
  8
1
  6
CONTINUOUS
370
50
 62
4
100
AcDbLine
 10
36.75378
 20
1.919182
 30
0.0
 11
36.503269
 21
2.129528
 31
0.0
  0
LINE
  5
D3D
330
1F
100
AcDbEntity
  8
1
  6
CONTINUOUS
370
50
 62
4
100
AcDbLine
 10
48.062096
 20
3.647743
 30
0.0
 11
47.95564299999999
 21
3.736067
 31
0.0
  0
LINE
  5
D3E
330
1F
100
AcDbEntity
  8
1
  6
CONTINUOUS
370
50
 62
4
100
AcDbLine
 10
32.374969
 20
-3.219278
 30
0.0
 11
32.204636
 21
-3.078239
 31
0.0
  0
LINE
  5
D3F
330
1F
100
AcDbEntity
  8
1
  6
CONTINUOUS
370
50
 62
4
100
AcDbLine
 10
48.599449
 20
-2.500149
 30
0.0
 11
48.533131
 21
-2.445618
 31
0.0
  0
LINE
  5
D40
330
1F
100
AcDbEntity
  8
1
  6
CONTINUOUS
370
50
 62
4
100
AcDbLine
 10
39.183105
 20
-2.489904
 30
0.0
 11
38.950932
 21
-2.300226
 31
0.0
  0
LINE
  5
D41
330
1F
100
AcDbEntity
  8
1
  6
CONTINUOUS
370
50
 62
4
100
AcDbLine
 10
35.99221
 20
2.89992
 30
0.0
 11
35.958656
 21
2.927299
 31
0.0
  0
LINE
  5
D42
330
1F
100
AcDbEntity
  8
1
  6
CONTINUOUS
370
50
 62
4
100
AcDbLine
 10
43.49221
 20
2.916238
 30
0.0
 11
43.458725
 21
2.943456
 31
0.0
  0
LINE
  5
D43
330
1F
100
AcDbEntity
  8
1
  6
CONTINUOUS
370
50
 62
4
100
AcDbLine
 10
46.739929
 20
-2.520027
 30
0.0
 11
46.503998
 21
-2.328329
 31
0.0
  0
LINE
  5
D44
330
1F
100
AcDbEntity
  8
1
  6
CONTINUOUS
370
50
 62
4
100
AcDbLine
 10
35.958656
 20
2.927299
 30
0.0
 11
35.925125
 21
2.954435
 31
0.0
  0
LINE
  5
D45
330
1F
100
AcDbEntity
  8
1
  6
CONTINUOUS
370
50
 62
4
100
AcDbLine
 10
43.458725
 20
2.943456
 30
0.0
 11
43.42524
 21
2.970417
 31
0.0
  0
LINE
  5
D46
330
1F
100
AcDbEntity
  8
1
  6
CONTINUOUS
370
50
 62
4
100
AcDbLine
 10
47.95564299999999
 20
3.736067
 30
0.0
 11
47.84957499999999
 21
3.821459
 31
0.0
  0
LINE
  5
D47
330
1F
100
AcDbEntity
  8
1
  6
CONTINUOUS
370
50
 62
4
100
AcDbLine
 10
35.925125
 20
2.954435
 30
0.0
 11
35.891621
 21
2.981325
 31
0.0
  0
LINE
  5
D48
330
1F
100
AcDbEntity
  8
1
  6
CONTINUOUS
370
50
 62
4
100
AcDbLine
 10
47.041275
 20
-2.980924
 30
0.0
 11
47.00779
 21
-2.954053
 31
0.0
  0
LINE
  5
D49
330
1F
100
AcDbEntity
  8
1
  6
CONTINUOUS
370
50
 62
4
100
AcDbLine
 10
48.665882
 20
-2.55346
 30
0.0
 11
48.599449
 21
-2.500149
 31
0.0
  0
LINE
  5
D4A
330
1F
100
AcDbEntity
  8
1
  6
CONTINUOUS
370
50
 62
4
100
AcDbLine
 10
39.541279
 20
-2.99582
 30
0.0
 11
39.50779
 21
-2.969082
 31
0.0
  0
LINE
  5
D4B
330
1F
100
AcDbEntity
  8
1
  6
CONTINUOUS
370
50
 62
4
100
AcDbLine
 10
36.105167
 20
0.646731
 30
0.0
 11
36.048866
 21
0.691639
 31
0.0
  0
LINE
  5
D4C
330
1F
100
AcDbEntity
  8
1
  6
CONTINUOUS
370
50
 62
4
100
AcDbLine
 10
43.42524
 20
2.970417
 30
0.0
 11
43.391754
 21
2.997117
 31
0.0
  0
LINE
  5
D4D
330
1F
100
AcDbEntity
  8
1
  6
CONTINUOUS
370
50
 62
4
100
AcDbLine
 10
35.891621
 20
2.981325
 30
0.0
 11
35.858135
 21
3.007966
 31
0.0
  0
LINE
  5
D4E
330
1F
100
AcDbEntity
  8
1
  6
CONTINUOUS
370
50
 62
4
100
AcDbLine
 10
36.503269
 20
2.129528
 30
0.0
 11
36.252666
 21
2.328766
 31
0.0
  0
LINE
  5
D4F
330
1F
100
AcDbEntity
  8
1
  6
CONTINUOUS
370
50
 62
4
100
AcDbLine
 10
47.074757
 20
-3.007533
 30
0.0
 11
47.041275
 21
-2.980924
 31
0.0
  0
LINE
  5
D50
330
1F
100
AcDbEntity
  8
1
  6
CONTINUOUS
370
50
 62
4
100
AcDbLine
 10
43.604095
 20
0.670005
 30
0.0
 11
43.548195
 21
0.714239
 31
0.0
  0
LINE
  5
D51
330
1F
100
AcDbEntity
  8
1
  6
CONTINUOUS
370
50
 62
4
100
AcDbLine
 10
39.574768
 20
-3.022296
 30
0.0
 11
39.541279
 21
-2.99582
 31
0.0
  0
LINE
  5
D52
330
1F
100
AcDbEntity
  8
1
  6
CONTINUOUS
370
50
 62
4
100
AcDbLine
 10
43.391754
 20
2.997117
 30
0.0
 11
43.358265
 21
3.023555
 31
0.0
  0
LINE
  5
D53
330
1F
100
AcDbEntity
  8
1
  6
CONTINUOUS
370
50
 62
4
100
AcDbLine
 10
35.858135
 20
3.007966
 30
0.0
 11
35.824669
 21
3.034358
 31
0.0
  0
LINE
  5
D54
330
1F
100
AcDbEntity
  8
1
  6
CONTINUOUS
370
50
 62
4
100
AcDbLine
 10
47.108242
 20
-3.033878
 30
0.0
 11
47.074757
 21
-3.007533
 31
0.0
  0
LINE
  5
D55
330
1F
100
AcDbEntity
  8
1
  6
CONTINUOUS
370
50
 62
4
100
AcDbLine
 10
39.608253
 20
-3.048507
 30
0.0
 11
39.574768
 21
-3.022296
 31
0.0
  0
LINE
  5
D56
330
1F
100
AcDbEntity
  8
1
  6
CONTINUOUS
370
50
 62
4
100
AcDbLine
 10
48.732437
 20
-2.605535
 30
0.0
 11
48.665882
 21
-2.55346
 31
0.0
  0
LINE
  5
D57
330
1F
100
AcDbEntity
  8
1
  6
CONTINUOUS
370
50
 62
4
100
AcDbLine
 10
43.358265
 20
3.023555
 30
0.0
 11
43.324776
 21
3.04973
 31
0.0
  0
LINE
  5
D58
330
1F
100
AcDbEntity
  8
1
  6
CONTINUOUS
370
50
 62
4
100
AcDbLine
 10
35.824669
 20
3.034358
 30
0.0
 11
35.791222
 21
3.060497
 31
0.0
  0
LINE
  5
D59
330
1F
100
AcDbEntity
  8
1
  6
CONTINUOUS
370
50
 62
4
100
AcDbLine
 10
47.84957499999999
 20
3.821459
 30
0.0
 11
47.743855
 21
3.903857
 31
0.0
  0
LINE
  5
D5A
330
1F
100
AcDbEntity
  8
1
  6
CONTINUOUS
370
50
 62
4
100
AcDbLine
 10
47.141731
 20
-3.059957
 30
0.0
 11
47.108242
 21
-3.033878
 31
0.0
  0
LINE
  5
D5B
330
1F
100
AcDbEntity
  8
1
  6
CONTINUOUS
370
50
 62
4
100
AcDbLine
 10
39.641743
 20
-3.074453
 30
0.0
 11
39.608253
 21
-3.048507
 31
0.0
  0
LINE
  5
D5C
330
1F
100
AcDbEntity
  8
1
  6
CONTINUOUS
370
50
 62
4
100
AcDbLine
 10
35.791222
 20
3.060497
 30
0.0
 11
35.75779
 21
3.086382
 31
0.0
  0
LINE
  5
D5D
330
1F
100
AcDbEntity
  8
1
  6
CONTINUOUS
370
50
 62
4
100
AcDbLine
 10
43.324776
 20
3.04973
 30
0.0
 11
43.291283
 21
3.07564
 31
0.0
  0
LINE
  5
D5E
330
1F
100
AcDbEntity
  8
1
  6
CONTINUOUS
370
50
 62
4
100
AcDbLine
 10
39.415279
 20
-2.669442
 30
0.0
 11
39.183105
 21
-2.489904
 31
0.0
  0
LINE
  5
D5F
330
1F
100
AcDbEntity
  8
1
  6
CONTINUOUS
370
50
 62
4
100
AcDbLine
 10
47.17522
 20
-3.08577
 30
0.0
 11
47.141731
 21
-3.059957
 31
0.0
  0
LINE
  5
D60
330
1F
100
AcDbEntity
  8
1
  6
CONTINUOUS
370
50
 62
4
100
AcDbLine
 10
45.422066
 20
-1.599747
 30
0.0
 11
45.36721
 21
-1.557562
 31
0.0
  0
LINE
  5
D61
330
1F
100
AcDbEntity
  8
1
  6
CONTINUOUS
370
50
 62
4
100
AcDbLine
 10
46.975864
 20
-2.701087
 30
0.0
 11
46.739929
 21
-2.520027
 31
0.0
  0
LINE
  5
D62
330
1F
100
AcDbEntity
  8
1
  6
CONTINUOUS
370
50
 62
4
100
AcDbLine
 10
39.675228
 20
-3.100131
 30
0.0
 11
39.641743
 21
-3.074453
 31
0.0
  0
LINE
  5
D63
330
1F
100
AcDbEntity
  8
1
  6
CONTINUOUS
370
50
 62
4
100
AcDbLine
 10
43.291283
 20
3.07564
 30
0.0
 11
43.25779
 21
3.101283
 31
0.0
  0
LINE
  5
D64
330
1F
100
AcDbEntity
  8
1
  6
CONTINUOUS
370
50
 62
4
100
AcDbLine
 10
35.36721
 20
3.942893
 30
0.0
 11
35.333736
 21
3.968428
 31
0.0
  0
LINE
  5
D65
330
1F
100
AcDbEntity
  8
1
  6
CONTINUOUS
370
50
 62
4
100
AcDbLine
 10
47.208714
 20
-3.111314
 30
0.0
 11
47.17522
 21
-3.08577
 31
0.0
  0
LINE
  5
D66
330
1F
100
AcDbEntity
  8
1
  6
CONTINUOUS
370
50
 62
4
100
AcDbLine
 10
48.799122
 20
-2.656355
 30
0.0
 11
48.732437
 21
-2.605535
 31
0.0
  0
LINE
  5
D67
330
1F
100
AcDbEntity
  8
1
  6
CONTINUOUS
370
50
 62
4
100
AcDbLine
 10
39.708717
 20
-3.125539
 30
0.0
 11
39.675228
 21
-3.100131
 31
0.0
  0
LINE
  5
D68
330
1F
100
AcDbEntity
  8
1
  6
CONTINUOUS
370
50
 62
4
100
AcDbLine
 10
37.92219499999999
 20
-1.623007
 30
0.0
 11
37.867207
 21
-1.581329
 31
0.0
  0
LINE
  5
D69
330
1F
100
AcDbEntity
  8
1
  6
CONTINUOUS
370
50
 62
4
100
AcDbLine
 10
42.86721
 20
3.957104
 30
0.0
 11
42.833721
 21
3.982471
 31
0.0
  0
LINE
  5
D6A
330
1F
100
AcDbEntity
  8
1
  6
CONTINUOUS
370
50
 62
4
100
AcDbLine
 10
40.166279
 20
-3.983643
 30
0.0
 11
40.13279
 21
-3.958286
 31
0.0
  0
LINE
  5
D6B
330
1F
100
AcDbEntity
  8
1
  6
CONTINUOUS
370
50
 62
4
100
AcDbLine
 10
47.24221
 20
-3.136587
 30
0.0
 11
47.208714
 21
-3.111314
 31
0.0
  0
LINE
  5
D6C
330
1F
100
AcDbEntity
  8
1
  6
CONTINUOUS
370
50
 62
4
100
AcDbLine
 10
47.743855
 20
3.903857
 30
0.0
 11
47.638447
 21
3.983202
 31
0.0
  0
LINE
  5
D6D
330
1F
100
AcDbEntity
  8
1
  6
CONTINUOUS
370
50
 62
4
100
AcDbLine
 10
35.333736
 20
3.968428
 30
0.0
 11
35.300255
 21
3.993614
 31
0.0
  0
LINE
  5
D6E
330
1F
100
AcDbEntity
  8
1
  6
CONTINUOUS
370
50
 62
4
100
AcDbLine
 10
39.74221
 20
-3.150676
 30
0.0
 11
39.708717
 21
-3.125539
 31
0.0
  0
LINE
  5
D6F
330
1F
100
AcDbEntity
  8
1
  6
CONTINUOUS
370
50
 62
4
100
AcDbLine
 10
42.833721
 20
3.982471
 30
0.0
 11
42.800236
 21
4.00749
 31
0.0
  0
LINE
  5
D70
330
1F
100
AcDbEntity
  8
1
  6
CONTINUOUS
370
50
 62
4
100
AcDbLine
 10
40.199768
 20
-4.008653
 30
0.0
 11
40.166279
 21
-3.983643
 31
0.0
  0
LINE
  5
D71
330
1F
100
AcDbEntity
  8
1
  6
CONTINUOUS
370
50
 62
4
100
AcDbLine
 10
36.252666
 20
2.328766
 30
0.0
 11
36.00200299999999
 21
2.515191
 31
0.0
  0
LINE
  5
D72
330
1F
100
AcDbEntity
  8
1
  6
CONTINUOUS
370
50
 62
4
100
AcDbLine
 10
35.300255
 20
3.993614
 30
0.0
 11
35.266769
 21
4.018452
 31
0.0
  0
LINE
  5
D73
330
1F
100
AcDbEntity
  8
1
  6
CONTINUOUS
370
50
 62
4
100
AcDbLine
 10
48.865936
 20
-2.705906
 30
0.0
 11
48.799122
 21
-2.656355
 31
0.0
  0
LINE
  5
D74
330
1F
100
AcDbEntity
  8
1
  6
CONTINUOUS
370
50
 62
4
100
AcDbLine
 10
36.048866
 20
0.691639
 30
0.0
 11
35.992176
 21
0.733618
 31
0.0
  0
LINE
  5
D75
330
1F
100
AcDbEntity
  8
1
  6
CONTINUOUS
370
50
 62
4
100
AcDbLine
 10
33.976086
 20
3.613966
 30
0.0
 11
33.971298
 21
3.6175
 31
0.0
  0
LINE
  5
D76
330
1F
100
AcDbEntity
  8
1
  6
CONTINUOUS
370
50
 62
4
100
AcDbLine
 10
42.800236
 20
4.00749
 30
0.0
 11
42.766747
 21
4.032159
 31
0.0
  0
LINE
  5
D77
330
1F
100
AcDbEntity
  8
1
  6
CONTINUOUS
370
50
 62
4
100
AcDbLine
 10
40.23325699999999
 20
-4.033314
 30
0.0
 11
40.199768
 21
-4.008653
 31
0.0
  0
LINE
  5
D78
330
1F
100
AcDbEntity
  8
1
  6
CONTINUOUS
370
50
 62
4
100
AcDbLine
 10
33.980865
 20
3.610451
 30
0.0
 11
33.976086
 21
3.613966
 31
0.0
  0
LINE
  5
D79
330
1F
100
AcDbEntity
  8
1
  6
CONTINUOUS
370
50
 62
4
100
AcDbLine
 10
43.548195
 20
0.714239
 30
0.0
 11
43.492237
 21
0.755393
 31
0.0
  0
LINE
  5
D7A
330
1F
100
AcDbEntity
  8
1
  6
CONTINUOUS
370
50
 62
4
100
AcDbLine
 10
35.266769
 20
4.018452
 30
0.0
 11
35.233276
 21
4.042939
 31
0.0
  0
LINE
  5
D7B
330
1F
100
AcDbEntity
  8
1
  6
CONTINUOUS
370
50
 62
4
100
AcDbLine
 10
33.985649
 20
3.606954
 30
0.0
 11
33.980865
 21
3.610451
 31
0.0
  0
LINE
  5
D7C
330
1F
100
AcDbEntity
  8
1
  6
CONTINUOUS
370
50
 62
4
100
AcDbLine
 10
32.009964
 20
3.856649
 30
0.0
 11
31.986586
 21
3.873716
 31
0.0
  0
LINE
  5
D7D
330
1F
100
AcDbEntity
  8
1
  6
CONTINUOUS
370
50
 62
4
100
AcDbLine
 10
40.99221
 20
3.187435
 30
0.0
 11
40.958714
 21
3.211877
 31
0.0
  0
LINE
  5
D7E
330
1F
100
AcDbEntity
  8
1
  6
CONTINUOUS
370
50
 62
4
100
AcDbLine
 10
33.990433
 20
3.603475
 30
0.0
 11
33.985649
 21
3.606954
 31
0.0
  0
LINE
  5
D7F
330
1F
100
AcDbEntity
  8
1
  6
CONTINUOUS
370
50
 62
4
100
AcDbLine
 10
39.647449
 20
-2.838249
 30
0.0
 11
39.415279
 21
-2.669442
 31
0.0
  0
LINE
  5
D80
330
1F
100
AcDbEntity
  8
1
  6
CONTINUOUS
370
50
 62
4
100
AcDbLine
 10
42.766747
 20
4.032159
 30
0.0
 11
42.733261
 21
4.056477
 31
0.0
  0
LINE
  5
D81
330
1F
100
AcDbEntity
  8
1
  6
CONTINUOUS
370
50
 62
4
100
AcDbLine
 10
40.266747
 20
-4.057625
 30
0.0
 11
40.23325699999999
 21
-4.033314
 31
0.0
  0
LINE
  5
D82
330
1F
100
AcDbEntity
  8
1
  6
CONTINUOUS
370
50
 62
4
100
AcDbLine
 10
32.551338
 20
-3.347259
 30
0.0
 11
32.374969
 21
-3.219278
 31
0.0
  0
LINE
  5
D83
330
1F
100
AcDbEntity
  8
1
  6
CONTINUOUS
370
50
 62
4
100
AcDbLine
 10
47.638447
 20
3.983202
 30
0.0
 11
47.533321
 21
4.059432999999999
 31
0.0
  0
LINE
  5
D84
330
1F
100
AcDbEntity
  8
1
  6
CONTINUOUS
370
50
 62
4
100
AcDbLine
 10
48.49221
 20
3.201245
 30
0.0
 11
48.458725
 21
3.225522
 31
0.0
  0
LINE
  5
D85
330
1F
100
AcDbEntity
  8
1
  6
CONTINUOUS
370
50
 62
4
100
AcDbLine
 10
33.995216
 20
3.600014
 30
0.0
 11
33.990433
 21
3.603475
 31
0.0
  0
LINE
  5
D86
330
1F
100
AcDbEntity
  8
1
  6
CONTINUOUS
370
50
 62
4
100
AcDbLine
 10
40.958714
 20
3.211877
 30
0.0
 11
40.92522
 21
3.236039
 31
0.0
  0
LINE
  5
D87
330
1F
100
AcDbEntity
  8
1
  6
CONTINUOUS
370
50
 62
4
100
AcDbLine
 10
48.932896
 20
-2.754169
 30
0.0
 11
48.865936
 21
-2.705906
 31
0.0
  0
LINE
  5
D88
330
1F
100
AcDbEntity
  8
1
  6
CONTINUOUS
370
50
 62
4
100
AcDbLine
 10
35.233276
 20
4.042939
 30
0.0
 11
35.199783
 21
4.067074
 31
0.0
  0
LINE
  5
D89
330
1F
100
AcDbEntity
  8
1
  6
CONTINUOUS
370
50
 62
4
100
AcDbLine
 10
33.999996
 20
3.596571
 30
0.0
 11
33.995216
 21
3.600014
 31
0.0
  0
LINE
  5
D8A
330
1F
100
AcDbEntity
  8
1
  6
CONTINUOUS
370
50
 62
4
100
AcDbLine
 10
47.211796
 20
-2.870263
 30
0.0
 11
46.975864
 21
-2.701087
 31
0.0
  0
LINE
  5
D8B
330
1F
100
AcDbEntity
  8
1
  6
CONTINUOUS
370
50
 62
4
100
AcDbLine
 10
48.458725
 20
3.225522
 30
0.0
 11
48.425236
 21
3.249517
 31
0.0
  0
LINE
  5
D8C
330
1F
100
AcDbEntity
  8
1
  6
CONTINUOUS
370
50
 62
4
100
AcDbLine
 10
42.733261
 20
4.056477
 30
0.0
 11
42.699772
 21
4.080442
 31
0.0
  0
LINE
  5
D8D
330
1F
100
AcDbEntity
  8
1
  6
CONTINUOUS
370
50
 62
4
100
AcDbLine
 10
40.300232
 20
-4.081582
 30
0.0
 11
40.266747
 21
-4.057625
 31
0.0
  0
LINE
  5
D8E
330
1F
100
AcDbEntity
  8
1
  6
CONTINUOUS
370
50
 62
4
100
AcDbLine
 10
42.04127099999999
 20
-3.25891
 30
0.0
 11
42.00779
 21
-3.235021
 31
0.0
  0
LINE
  5
D8F
330
1F
100
AcDbEntity
  8
1
  6
CONTINUOUS
370
50
 62
4
100
AcDbLine
 10
34.540943
 20
-3.277199
 30
0.0
 11
34.50779
 21
-3.25355
 31
0.0
  0
LINE
  5
D90
330
1F
100
AcDbEntity
  8
1
  6
CONTINUOUS
370
50
 62
4
100
AcDbLine
 10
40.92522
 20
3.236039
 30
0.0
 11
40.891735
 21
3.25992
 31
0.0
  0
LINE
  5
D91
330
1F
100
AcDbEntity
  8
1
  6
CONTINUOUS
370
50
 62
4
100
AcDbLine
 10
45.477264
 20
-1.638993
 30
0.0
 11
45.422066
 21
-1.599747
 31
0.0
  0
LINE
  5
D92
330
1F
100
AcDbEntity
  8
1
  6
CONTINUOUS
370
50
 62
4
100
AcDbLine
 10
35.199783
 20
4.067074
 30
0.0
 11
35.166286
 21
4.090854999999999
 31
0.0
  0
LINE
  5
D93
330
1F
100
AcDbEntity
  8
1
  6
CONTINUOUS
370
50
 62
4
100
AcDbLine
 10
48.425236
 20
3.249517
 30
0.0
 11
48.391747
 21
3.273229
 31
0.0
  0
LINE
  5
D94
330
1F
100
AcDbEntity
  8
1
  6
CONTINUOUS
370
50
 62
4
100
AcDbLine
 10
36.00200299999999
 20
2.515191
 30
0.0
 11
35.751827
 21
2.691714
 31
0.0
  0
LINE
  5
D95
330
1F
100
AcDbEntity
  8
1
  6
CONTINUOUS
370
50
 62
4
100
AcDbLine
 10
42.699772
 20
4.080442
 30
0.0
 11
42.666283
 21
4.104053
 31
0.0
  0
LINE
  5
D96
330
1F
100
AcDbEntity
  8
1
  6
CONTINUOUS
370
50
 62
4
100
AcDbLine
 10
42.074753
 20
-3.282514
 30
0.0
 11
42.04127099999999
 21
-3.25891
 31
0.0
  0
LINE
  5
D97
330
1F
100
AcDbEntity
  8
1
  6
CONTINUOUS
370
50
 62
4
100
AcDbLine
 10
40.333721
 20
-4.105184
 30
0.0
 11
40.300232
 21
-4.081582
 31
0.0
  0
LINE
  5
D98
330
1F
100
AcDbEntity
  8
1
  6
CONTINUOUS
370
50
 62
4
100
AcDbLine
 10
40.891735
 20
3.25992
 30
0.0
 11
40.858246
 21
3.283517
 31
0.0
  0
LINE
  5
D99
330
1F
100
AcDbEntity
  8
1
  6
CONTINUOUS
370
50
 62
4
100
AcDbLine
 10
34.574196
 20
-3.300508
 30
0.0
 11
34.540943
 21
-3.277199
 31
0.0
  0
LINE
  5
D9A
330
1F
100
AcDbEntity
  8
1
  6
CONTINUOUS
370
50
 62
4
100
AcDbLine
 10
37.977486
 20
-1.661714
 30
0.0
 11
37.92219499999999
 21
-1.623007
 31
0.0
  0
LINE
  5
D9B
330
1F
100
AcDbEntity
  8
1
  6
CONTINUOUS
370
50
 62
4
100
AcDbLine
 10
49.0
 20
-2.801127
 30
0.0
 11
48.932896
 21
-2.754169
 31
0.0
  0
LINE
  5
D9C
330
1F
100
AcDbEntity
  8
1
  6
CONTINUOUS
370
50
 62
4
100
AcDbLine
 10
48.391747
 20
3.273229
 30
0.0
 11
48.358253
 21
3.296656
 31
0.0
  0
LINE
  5
D9D
330
1F
100
AcDbEntity
  8
1
  6
CONTINUOUS
370
50
 62
4
100
AcDbLine
 10
35.166286
 20
4.090854999999999
 30
0.0
 11
35.13279
 21
4.11428
 31
0.0
  0
LINE
  5
D9E
330
1F
100
AcDbEntity
  8
1
  6
CONTINUOUS
370
50
 62
4
100
AcDbLine
 10
47.533321
 20
4.059432999999999
 30
0.0
 11
47.428444
 21
4.132489
 31
0.0
  0
LINE
  5
D9F
330
1F
100
AcDbEntity
  8
1
  6
CONTINUOUS
370
50
 62
4
100
AcDbLine
 10
42.108238
 20
-3.305831
 30
0.0
 11
42.074753
 21
-3.282514
 31
0.0
  0
LINE
  5
DA0
330
1F
100
AcDbEntity
  8
1
  6
CONTINUOUS
370
50
 62
4
100
AcDbLine
 10
40.858246
 20
3.283517
 30
0.0
 11
40.82476
 21
3.30683
 31
0.0
  0
LINE
  5
DA1
330
1F
100
AcDbEntity
  8
1
  6
CONTINUOUS
370
50
 62
4
100
AcDbLine
 10
42.666283
 20
4.104053
 30
0.0
 11
42.63279
 21
4.127308
 31
0.0
  0
LINE
  5
DA2
330
1F
100
AcDbEntity
  8
1
  6
CONTINUOUS
370
50
 62
4
100
AcDbLine
 10
40.36721
 20
-4.128428
 30
0.0
 11
40.333721
 21
-4.105184
 31
0.0
  0
LINE
  5
DA3
330
1F
100
AcDbEntity
  8
1
  6
CONTINUOUS
370
50
 62
4
100
AcDbLine
 10
48.358253
 20
3.296656
 30
0.0
 11
48.32476399999999
 21
3.319796
 31
0.0
  0
LINE
  5
DA4
330
1F
100
AcDbEntity
  8
1
  6
CONTINUOUS
370
50
 62
4
100
AcDbLine
 10
34.607559
 20
-3.323479
 30
0.0
 11
34.574196
 21
-3.300508
 31
0.0
  0
LINE
  5
DA5
330
1F
100
AcDbEntity
  8
1
  6
CONTINUOUS
370
50
 62
4
100
AcDbLine
 10
42.141727
 20
-3.328861
 30
0.0
 11
42.108238
 21
-3.305831
 31
0.0
  0
LINE
  5
DA6
330
1F
100
AcDbEntity
  8
1
  6
CONTINUOUS
370
50
 62
4
100
AcDbLine
 10
40.82476
 20
3.30683
 30
0.0
 11
40.791275
 21
3.329857
 31
0.0
  0
LINE
  5
DA7
330
1F
100
AcDbEntity
  8
1
  6
CONTINUOUS
370
50
 62
4
100
AcDbLine
 10
48.32476399999999
 20
3.319796
 30
0.0
 11
48.291275
 21
3.342649
 31
0.0
  0
LINE
  5
DA8
330
1F
100
AcDbEntity
  8
1
  6
CONTINUOUS
370
50
 62
4
100
AcDbLine
 10
40.791275
 20
3.329857
 30
0.0
 11
40.75779
 21
3.352596
 31
0.0
  0
LINE
  5
DA9
330
1F
100
AcDbEntity
  8
1
  6
CONTINUOUS
370
50
 62
4
100
AcDbLine
 10
42.17522
 20
-3.351599
 30
0.0
 11
42.141727
 21
-3.328861
 31
0.0
  0
LINE
  5
DAA
330
1F
100
AcDbEntity
  8
1
  6
CONTINUOUS
370
50
 62
4
100
AcDbLine
 10
35.751827
 20
2.691714
 30
0.0
 11
35.502239
 21
2.860862
 31
0.0
  0
LINE
  5
DAB
330
1F
100
AcDbEntity
  8
1
  6
CONTINUOUS
370
50
 62
4
100
AcDbLine
 10
39.879612
 20
-2.995203
 30
0.0
 11
39.647449
 21
-2.838249
 31
0.0
  0
LINE
  5
DAC
330
1F
100
AcDbEntity
  8
1
  6
CONTINUOUS
370
50
 62
4
100
AcDbLine
 10
34.641037
 20
-3.346103
 30
0.0
 11
34.607559
 21
-3.323479
 31
0.0
  0
LINE
  5
DAD
330
1F
100
AcDbEntity
  8
1
  6
CONTINUOUS
370
50
 62
4
100
AcDbLine
 10
48.291275
 20
3.342649
 30
0.0
 11
48.25779
 21
3.365213
 31
0.0
  0
LINE
  5
DAE
330
1F
100
AcDbEntity
  8
1
  6
CONTINUOUS
370
50
 62
4
100
AcDbLine
 10
42.208714
 20
-3.374044
 30
0.0
 11
42.17522
 21
-3.351599
 31
0.0
  0
LINE
  5
DAF
330
1F
100
AcDbEntity
  8
1
  6
CONTINUOUS
370
50
 62
4
100
AcDbLine
 10
34.674629
 20
-3.368376
 30
0.0
 11
34.641037
 21
-3.346103
 31
0.0
  0
LINE
  5
DB0
330
1F
100
AcDbEntity
  8
1
  6
CONTINUOUS
370
50
 62
4
100
AcDbLine
 10
47.447716
 20
-3.026392
 30
0.0
 11
47.211796
 21
-2.870263
 31
0.0
  0
LINE
  5
DB1
330
1F
100
AcDbEntity
  8
1
  6
CONTINUOUS
370
50
 62
4
100
AcDbLine
 10
42.24221
 20
-3.396195
 30
0.0
 11
42.208714
 21
-3.374044
 31
0.0
  0
LINE
  5
DB2
330
1F
100
AcDbEntity
  8
1
  6
CONTINUOUS
370
50
 62
4
100
AcDbLine
 10
45.532757
 20
-1.675228
 30
0.0
 11
45.477264
 21
-1.638993
 31
0.0
  0
LINE
  5
DB3
330
1F
100
AcDbEntity
  8
1
  6
CONTINUOUS
370
50
 62
4
100
AcDbLine
 10
34.708351
 20
-3.390297
 30
0.0
 11
34.674629
 21
-3.368376
 31
0.0
  0
LINE
  5
DB4
330
1F
100
AcDbEntity
  8
1
  6
CONTINUOUS
370
50
 62
4
100
AcDbLine
 10
40.36721
 20
4.205141
 30
0.0
 11
40.333721
 21
4.226783
 31
0.0
  0
LINE
  5
DB5
330
1F
100
AcDbEntity
  8
1
  6
CONTINUOUS
370
50
 62
4
100
AcDbLine
 10
42.666283
 20
-4.227818
 30
0.0
 11
42.63279
 21
-4.206201
 31
0.0
  0
LINE
  5
DB6
330
1F
100
AcDbEntity
  8
1
  6
CONTINUOUS
370
50
 62
4
100
AcDbLine
 10
32.037247
 20
3.839107
 30
0.0
 11
32.009964
 21
3.856649
 31
0.0
  0
LINE
  5
DB7
330
1F
100
AcDbEntity
  8
1
  6
CONTINUOUS
370
50
 62
4
100
AcDbLine
 10
38.033012
 20
-1.697355
 30
0.0
 11
37.977486
 21
-1.661714
 31
0.0
  0
LINE
  5
DB8
330
1F
100
AcDbEntity
  8
1
  6
CONTINUOUS
370
50
 62
4
100
AcDbLine
 10
35.166286
 20
-4.239781
 30
0.0
 11
35.13279
 21
-4.218398
 31
0.0
  0
LINE
  5
DB9
330
1F
100
AcDbEntity
  8
1
  6
CONTINUOUS
370
50
 62
4
100
AcDbLine
 10
34.74221
 20
-3.411871
 30
0.0
 11
34.708351
 21
-3.390297
 31
0.0
  0
LINE
  5
DBA
330
1F
100
AcDbEntity
  8
1
  6
CONTINUOUS
370
50
 62
4
100
AcDbLine
 10
40.333721
 20
4.226783
 30
0.0
 11
40.300232
 21
4.248057
 31
0.0
  0
LINE
  5
DBB
330
1F
100
AcDbEntity
  8
1
  6
CONTINUOUS
370
50
 62
4
100
AcDbLine
 10
42.699772
 20
-4.249067
 30
0.0
 11
42.666283
 21
-4.227818
 31
0.0
  0
LINE
  5
DBC
330
1F
100
AcDbEntity
  8
1
  6
CONTINUOUS
370
50
 62
4
100
AcDbLine
 10
32.734154
 20
-3.462178
 30
0.0
 11
32.551338
 21
-3.347259
 31
0.0
  0
LINE
  5
DBD
330
1F
100
AcDbEntity
  8
1
  6
CONTINUOUS
370
50
 62
4
100
AcDbLine
 10
35.199783
 20
-4.260797999999999
 30
0.0
 11
35.166286
 21
-4.239781
 31
0.0
  0
LINE
  5
DBE
330
1F
100
AcDbEntity
  8
1
  6
CONTINUOUS
370
50
 62
4
100
AcDbLine
 10
34.249393
 20
3.44073
 30
0.0
 11
33.999996
 21
3.596571
 31
0.0
  0
LINE
  5
DBF
330
1F
100
AcDbEntity
  8
1
  6
CONTINUOUS
370
50
 62
4
100
AcDbLine
 10
40.300232
 20
4.248057
 30
0.0
 11
40.266747
 21
4.268962
 31
0.0
  0
LINE
  5
DC0
330
1F
100
AcDbEntity
  8
1
  6
CONTINUOUS
370
50
 62
4
100
AcDbLine
 10
42.733261
 20
-4.269946
 30
0.0
 11
42.699772
 21
-4.249067
 31
0.0
  0
LINE
  5
DC1
330
1F
100
AcDbEntity
  8
1
  6
CONTINUOUS
370
50
 62
4
100
AcDbLine
 10
40.111774
 20
-3.139182
 30
0.0
 11
39.879612
 21
-2.995203
 31
0.0
  0
LINE
  5
DC2
330
1F
100
AcDbEntity
  8
1
  6
CONTINUOUS
370
50
 62
4
100
AcDbLine
 10
35.502239
 20
2.860862
 30
0.0
 11
35.252132
 21
3.015157
 31
0.0
  0
LINE
  5
DC3
330
1F
100
AcDbEntity
  8
1
  6
CONTINUOUS
370
50
 62
4
100
AcDbLine
 10
35.233276
 20
-4.281446
 30
0.0
 11
35.199783
 21
-4.260797999999999
 31
0.0
  0
LINE
  5
DC4
330
1F
100
AcDbEntity
  8
1
  6
CONTINUOUS
370
50
 62
4
100
AcDbLine
 10
40.266747
 20
4.268962
 30
0.0
 11
40.23325699999999
 21
4.289495
 31
0.0
  0
LINE
  5
DC5
330
1F
100
AcDbEntity
  8
1
  6
CONTINUOUS
370
50
 62
4
100
AcDbLine
 10
42.766747
 20
-4.290452999999999
 30
0.0
 11
42.733261
 21
-4.269946
 31
0.0
  0
LINE
  5
DC6
330
1F
100
AcDbEntity
  8
1
  6
CONTINUOUS
370
50
 62
4
100
AcDbLine
 10
47.68362
 20
-3.169777
 30
0.0
 11
47.447716
 21
-3.026392
 31
0.0
  0
LINE
  5
DC7
330
1F
100
AcDbEntity
  8
1
  6
CONTINUOUS
370
50
 62
4
100
AcDbLine
 10
33.976082
 20
-3.620399
 30
0.0
 11
33.971298
 21
-3.6175
 31
0.0
  0
LINE
  5
DC8
330
1F
100
AcDbEntity
  8
1
  6
CONTINUOUS
370
50
 62
4
100
AcDbLine
 10
35.266769
 20
-4.301723
 30
0.0
 11
35.233276
 21
-4.281446
 31
0.0
  0
LINE
  5
DC9
330
1F
100
AcDbEntity
  8
1
  6
CONTINUOUS
370
50
 62
4
100
AcDbLine
 10
33.531193
 20
2.988616
 30
0.0
 11
33.322735
 21
3.114772
 31
0.0
  0
LINE
  5
DCA
330
1F
100
AcDbEntity
  8
1
  6
CONTINUOUS
370
50
 62
4
100
AcDbLine
 10
33.322735
 20
3.114772
 30
0.0
 11
33.120007
 21
3.237053
 31
0.0
  0
LINE
  5
DCB
330
1F
100
AcDbEntity
  8
1
  6
CONTINUOUS
370
50
 62
4
100
AcDbLine
 10
33.980862
 20
-3.623279
 30
0.0
 11
33.976082
 21
-3.620399
 31
0.0
  0
LINE
  5
DCC
330
1F
100
AcDbEntity
  8
1
  6
CONTINUOUS
370
50
 62
4
100
AcDbLine
 10
40.23325699999999
 20
4.289495
 30
0.0
 11
40.199768
 21
4.309654
 31
0.0
  0
LINE
  5
DCD
330
1F
100
AcDbEntity
  8
1
  6
CONTINUOUS
370
50
 62
4
100
AcDbLine
 10
42.800236
 20
-4.310588
 30
0.0
 11
42.766747
 21
-4.290452999999999
 31
0.0
  0
LINE
  5
DCE
330
1F
100
AcDbEntity
  8
1
  6
CONTINUOUS
370
50
 62
4
100
AcDbLine
 10
33.120007
 20
3.237053
 30
0.0
 11
32.923702
 21
3.354535
 31
0.0
  0
LINE
  5
DCF
330
1F
100
AcDbEntity
  8
1
  6
CONTINUOUS
370
50
 62
4
100
AcDbLine
 10
33.985645
 20
-3.626141
 30
0.0
 11
33.980862
 21
-3.623279
 31
0.0
  0
LINE
  5
DD0
330
1F
100
AcDbEntity
  8
1
  6
CONTINUOUS
370
50
 62
4
100
AcDbLine
 10
45.588551
 20
-1.708407
 30
0.0
 11
45.532757
 21
-1.675228
 31
0.0
  0
LINE
  5
DD1
330
1F
100
AcDbEntity
  8
1
  6
CONTINUOUS
370
50
 62
4
100
AcDbLine
 10
35.300255
 20
-4.321628
 30
0.0
 11
35.266769
 21
-4.301723
 31
0.0
  0
LINE
  5
DD2
330
1F
100
AcDbEntity
  8
1
  6
CONTINUOUS
370
50
 62
4
100
AcDbLine
 10
33.990433
 20
-3.628984
 30
0.0
 11
33.985645
 21
-3.626141
 31
0.0
  0
LINE
  5
DD3
330
1F
100
AcDbEntity
  8
1
  6
CONTINUOUS
370
50
 62
4
100
AcDbLine
 10
37.632893
 20
1.555478
 30
0.0
 11
37.578121
 21
1.587962
 31
0.0
  0
LINE
  5
DD4
330
1F
100
AcDbEntity
  8
1
  6
CONTINUOUS
370
50
 62
4
100
AcDbLine
 10
40.199768
 20
4.309654
 30
0.0
 11
40.166279
 21
4.329438
 31
0.0
  0
LINE
  5
DD5
330
1F
100
AcDbEntity
  8
1
  6
CONTINUOUS
370
50
 62
4
100
AcDbLine
 10
33.995216
 20
-3.631809
 30
0.0
 11
33.990433
 21
-3.628984
 31
0.0
  0
LINE
  5
DD6
330
1F
100
AcDbEntity
  8
1
  6
CONTINUOUS
370
50
 62
4
100
AcDbLine
 10
42.833721
 20
-4.330349
 30
0.0
 11
42.800236
 21
-4.310588
 31
0.0
  0
LINE
  5
DD7
330
1F
100
AcDbEntity
  8
1
  6
CONTINUOUS
370
50
 62
4
100
AcDbLine
 10
32.923702
 20
3.354535
 30
0.0
 11
32.734154
 21
3.466024
 31
0.0
  0
LINE
  5
DD8
330
1F
100
AcDbEntity
  8
1
  6
CONTINUOUS
370
50
 62
4
100
AcDbLine
 10
32.067646
 20
3.821288
 30
0.0
 11
32.037247
 21
3.839107
 31
0.0
  0
LINE
  5
DD9
330
1F
100
AcDbEntity
  8
1
  6
CONTINUOUS
370
50
 62
4
100
AcDbLine
 10
34.000004
 20
-3.634614
 30
0.0
 11
33.995216
 21
-3.631809
 31
0.0
  0
LINE
  5
DDA
330
1F
100
AcDbEntity
  8
1
  6
CONTINUOUS
370
50
 62
4
100
AcDbLine
 10
38.088787
 20
-1.729895
 30
0.0
 11
38.033012
 21
-1.697355
 31
0.0
  0
LINE
  5
DDB
330
1F
100
AcDbEntity
  8
1
  6
CONTINUOUS
370
50
 62
4
100
AcDbLine
 10
35.333736
 20
-4.341159999999999
 30
0.0
 11
35.300255
 21
-4.321628
 31
0.0
  0
LINE
  5
DDC
330
1F
100
AcDbEntity
  8
1
  6
CONTINUOUS
370
50
 62
4
100
AcDbLine
 10
45.132797
 20
1.579396
 30
0.0
 11
45.07811
 21
1.611246
 31
0.0
  0
LINE
  5
DDD
330
1F
100
AcDbEntity
  8
1
  6
CONTINUOUS
370
50
 62
4
100
AcDbLine
 10
33.531193
 20
-2.44856
 30
0.0
 11
33.475491
 21
-2.416148
 31
0.0
  0
LINE
  5
DDE
330
1F
100
AcDbEntity
  8
1
  6
CONTINUOUS
370
50
 62
4
100
AcDbLine
 10
40.166279
 20
4.329438
 30
0.0
 11
40.13279
 21
4.348845
 31
0.0
  0
LINE
  5
DDF
330
1F
100
AcDbEntity
  8
1
  6
CONTINUOUS
370
50
 62
4
100
AcDbLine
 10
42.86721
 20
-4.349734
 30
0.0
 11
42.833721
 21
-4.330349
 31
0.0
  0
LINE
  5
DE0
330
1F
100
AcDbEntity
  8
1
  6
CONTINUOUS
370
50
 62
4
100
AcDbLine
 10
47.533321
 20
-3.574751
 30
0.0
 11
47.428444
 21
-3.514571
 31
0.0
  0
LINE
  5
DE1
330
1F
100
AcDbEntity
  8
1
  6
CONTINUOUS
370
50
 62
4
100
AcDbLine
 10
35.36721
 20
-4.360317
 30
0.0
 11
35.333736
 21
-4.341159999999999
 31
0.0
  0
LINE
  5
DE2
330
1F
100
AcDbEntity
  8
1
  6
CONTINUOUS
370
50
 62
4
100
AcDbLine
 10
32.734154
 20
3.466024
 30
0.0
 11
32.551338
 21
3.570177
 31
0.0
  0
LINE
  5
DE3
330
1F
100
AcDbEntity
  8
1
  6
CONTINUOUS
370
50
 62
4
100
AcDbLine
 10
40.343937
 20
-3.269711
 30
0.0
 11
40.111774
 21
-3.139182
 31
0.0
  0
LINE
  5
DE4
330
1F
100
AcDbEntity
  8
1
  6
CONTINUOUS
370
50
 62
4
100
AcDbLine
 10
33.475491
 20
-2.416148
 30
0.0
 11
33.418713
 21
-2.384751
 31
0.0
  0
LINE
  5
DE5
330
1F
100
AcDbEntity
  8
1
  6
CONTINUOUS
370
50
 62
4
100
AcDbLine
 10
47.919518
 20
-3.299946
 30
0.0
 11
47.68362
 21
-3.169777
 31
0.0
  0
LINE
  5
DE6
330
1F
100
AcDbEntity
  8
1
  6
CONTINUOUS
370
50
 62
4
100
AcDbLine
 10
32.100372
 20
3.80339
 30
0.0
 11
32.067646
 21
3.821288
 31
0.0
  0
LINE
  5
DE7
330
1F
100
AcDbEntity
  8
1
  6
CONTINUOUS
370
50
 62
4
100
AcDbLine
 10
40.422077
 20
-2.046976
 30
0.0
 11
40.367188
 21
-2.017013
 31
0.0
  0
LINE
  5
DE8
330
1F
100
AcDbEntity
  8
1
  6
CONTINUOUS
370
50
 62
4
100
AcDbLine
 10
32.551338
 20
3.570177
 30
0.0
 11
32.374969
 21
3.665648
 31
0.0
  0
LINE
  5
DE9
330
1F
100
AcDbEntity
  8
1
  6
CONTINUOUS
370
50
 62
4
100
AcDbLine
 10
32.923702
 20
-3.56415
 30
0.0
 11
32.734154
 21
-3.462178
 31
0.0
  0
LINE
  5
DEA
330
1F
100
AcDbEntity
  8
1
  6
CONTINUOUS
370
50
 62
4
100
AcDbLine
 10
37.578121
 20
1.587962
 30
0.0
 11
37.52301
 21
1.617574
 31
0.0
  0
LINE
  5
DEB
330
1F
100
AcDbEntity
  8
1
  6
CONTINUOUS
370
50
 62
4
100
AcDbLine
 10
47.638447
 20
-3.631134
 30
0.0
 11
47.533321
 21
-3.574751
 31
0.0
  0
LINE
  5
DEC
330
1F
100
AcDbEntity
  8
1
  6
CONTINUOUS
370
50
 62
4
100
AcDbLine
 10
45.64465
 20
-1.738488
 30
0.0
 11
45.588551
 21
-1.708407
 31
0.0
  0
LINE
  5
DED
330
1F
100
AcDbEntity
  8
1
  6
CONTINUOUS
370
50
 62
4
100
AcDbLine
 10
45.07811
 20
1.611246
 30
0.0
 11
45.023037
 21
1.640245
 31
0.0
  0
LINE
  5
DEE
330
1F
100
AcDbEntity
  8
1
  6
CONTINUOUS
370
50
 62
4
100
AcDbLine
 10
38.144833
 20
-1.759305
 30
0.0
 11
38.088787
 21
-1.729895
 31
0.0
  0
LINE
  5
DEF
330
1F
100
AcDbEntity
  8
1
  6
CONTINUOUS
370
50
 62
4
100
AcDbLine
 10
35.252132
 20
3.015157
 30
0.0
 11
35.001137
 21
3.146308
 31
0.0
  0
LINE
  5
DF0
330
1F
100
AcDbEntity
  8
1
  6
CONTINUOUS
370
50
 62
4
100
AcDbLine
 10
33.418713
 20
-2.384751
 30
0.0
 11
33.36084
 21
-2.354547
 31
0.0
  0
LINE
  5
DF1
330
1F
100
AcDbEntity
  8
1
  6
CONTINUOUS
370
50
 62
4
100
AcDbLine
 10
32.134636
 20
3.785611
 30
0.0
 11
32.100372
 21
3.80339
 31
0.0
  0
LINE
  5
DF2
330
1F
100
AcDbEntity
  8
1
  6
CONTINUOUS
370
50
 62
4
100
AcDbLine
 10
34.154934
 20
-3.714628
 30
0.0
 11
34.000004
 21
-3.634614
 31
0.0
  0
LINE
  5
DF3
330
1F
100
AcDbEntity
  8
1
  6
CONTINUOUS
370
50
 62
4
100
AcDbLine
 10
40.576096
 20
-3.387166
 30
0.0
 11
40.343937
 21
-3.269711
 31
0.0
  0
LINE
  5
DF4
330
1F
100
AcDbEntity
  8
1
  6
CONTINUOUS
370
50
 62
4
100
AcDbLine
 10
32.374969
 20
3.665648
 30
0.0
 11
32.204636
 21
3.751207
 31
0.0
  0
LINE
  5
DF5
330
1F
100
AcDbEntity
  8
1
  6
CONTINUOUS
370
50
 62
4
100
AcDbLine
 10
32.169655
 20
3.768151
 30
0.0
 11
32.134636
 21
3.785611
 31
0.0
  0
LINE
  5
DF6
330
1F
100
AcDbEntity
  8
1
  6
CONTINUOUS
370
50
 62
4
100
AcDbLine
 10
47.743855
 20
-3.683682
 30
0.0
 11
47.638447
 21
-3.631134
 31
0.0
  0
LINE
  5
DF7
330
1F
100
AcDbEntity
  8
1
  6
CONTINUOUS
370
50
 62
4
100
AcDbLine
 10
48.155415
 20
-3.415924
 30
0.0
 11
47.919518
 21
-3.299946
 31
0.0
  0
LINE
  5
DF8
330
1F
100
AcDbEntity
  8
1
  6
CONTINUOUS
370
50
 62
4
100
AcDbLine
 10
33.36084
 20
-2.354547
 30
0.0
 11
33.301872
 21
-2.325716
 31
0.0
  0
LINE
  5
DF9
330
1F
100
AcDbEntity
  8
1
  6
CONTINUOUS
370
50
 62
4
100
AcDbLine
 10
40.477261
 20
-2.073908
 30
0.0
 11
40.422077
 21
-2.046976
 31
0.0
  0
LINE
  5
DFA
330
1F
100
AcDbEntity
  8
1
  6
CONTINUOUS
370
50
 62
4
100
AcDbLine
 10
42.24221
 20
3.741664
 30
0.0
 11
42.208714
 21
3.757925
 31
0.0
  0
LINE
  5
DFB
330
1F
100
AcDbEntity
  8
1
  6
CONTINUOUS
370
50
 62
4
100
AcDbLine
 10
32.204636
 20
3.751207
 30
0.0
 11
32.169655
 21
3.768151
 31
0.0
  0
LINE
  5
DFC
330
1F
100
AcDbEntity
  8
1
  6
CONTINUOUS
370
50
 62
4
100
AcDbLine
 10
37.52301
 20
1.617574
 30
0.0
 11
37.46755599999999
 21
1.644272
 31
0.0
  0
LINE
  5
DFD
330
1F
100
AcDbEntity
  8
1
  6
CONTINUOUS
370
50
 62
4
100
AcDbLine
 10
34.74221
 20
3.729824
 30
0.0
 11
34.708351
 21
3.746047
 31
0.0
  0
LINE
  5
DFE
330
1F
100
AcDbEntity
  8
1
  6
CONTINUOUS
370
50
 62
4
100
AcDbLine
 10
45.701054
 20
-1.76543
 30
0.0
 11
45.64465
 21
-1.738488
 31
0.0
  0
LINE
  5
DFF
330
1F
100
AcDbEntity
  8
1
  6
CONTINUOUS
370
50
 62
4
100
AcDbLine
 10
42.208714
 20
3.757925
 30
0.0
 11
42.17522
 21
3.77386
 31
0.0
  0
LINE
  5
E00
330
1F
100
AcDbEntity
  8
1
  6
CONTINUOUS
370
50
 62
4
100
AcDbLine
 10
49.0
 20
3.993393
 30
0.0
 11
48.932896
 21
4.025219
 31
0.0
  0
LINE
  5
E01
330
1F
100
AcDbEntity
  8
1
  6
CONTINUOUS
370
50
 62
4
100
AcDbLine
 10
34.708351
 20
3.746047
 30
0.0
 11
34.674629
 21
3.762
 31
0.0
  0
LINE
  5
E02
330
1F
100
AcDbEntity
  8
1
  6
CONTINUOUS
370
50
 62
4
100
AcDbLine
 10
48.291275
 20
-3.780066
 30
0.0
 11
48.25779
 21
-3.764259
 31
0.0
  0
LINE
  5
E03
330
1F
100
AcDbEntity
  8
1
  6
CONTINUOUS
370
50
 62
4
100
AcDbLine
 10
45.023037
 20
1.640245
 30
0.0
 11
44.967564
 21
1.666351
 31
0.0
  0
LINE
  5
E04
330
1F
100
AcDbEntity
  8
1
  6
CONTINUOUS
370
50
 62
4
100
AcDbLine
 10
34.674629
 20
3.762
 30
0.0
 11
34.641037
 21
3.777681
 31
0.0
  0
LINE
  5
E05
330
1F
100
AcDbEntity
  8
1
  6
CONTINUOUS
370
50
 62
4
100
AcDbLine
 10
40.791275
 20
-3.788795
 30
0.0
 11
40.75779
 21
-3.773164
 31
0.0
  0
LINE
  5
E06
330
1F
100
AcDbEntity
  8
1
  6
CONTINUOUS
370
50
 62
4
100
AcDbLine
 10
38.201153
 20
-1.785553
 30
0.0
 11
38.144833
 21
-1.759305
 31
0.0
  0
LINE
  5
E07
330
1F
100
AcDbEntity
  8
1
  6
CONTINUOUS
370
50
 62
4
100
AcDbLine
 10
42.17522
 20
3.77386
 30
0.0
 11
42.141727
 21
3.789468
 31
0.0
  0
LINE
  5
E08
330
1F
100
AcDbEntity
  8
1
  6
CONTINUOUS
370
50
 62
4
100
AcDbLine
 10
48.32476399999999
 20
-3.795544
 30
0.0
 11
48.291275
 21
-3.780066
 31
0.0
  0
LINE
  5
E09
330
1F
100
AcDbEntity
  8
1
  6
CONTINUOUS
370
50
 62
4
100
AcDbLine
 10
47.84957499999999
 20
-3.732361
 30
0.0
 11
47.743855
 21
-3.683682
 31
0.0
  0
LINE
  5
E0A
330
1F
100
AcDbEntity
  8
1
  6
CONTINUOUS
370
50
 62
4
100
AcDbLine
 10
34.641037
 20
3.777681
 30
0.0
 11
34.607559
 21
3.793086
 31
0.0
  0
LINE
  5
E0B
330
1F
100
AcDbEntity
  8
1
  6
CONTINUOUS
370
50
 62
4
100
AcDbLine
 10
40.82476
 20
-3.804095
 30
0.0
 11
40.791275
 21
-3.788795
 31
0.0
  0
LINE
  5
E0C
330
1F
100
AcDbEntity
  8
1
  6
CONTINUOUS
370
50
 62
4
100
AcDbLine
 10
46.729633
 20
4.536042999999999
 30
0.0
 11
46.671352
 21
4.562659
 31
0.0
  0
LINE
  5
E0D
330
1F
100
AcDbEntity
  8
1
  6
CONTINUOUS
370
50
 62
4
100
AcDbLine
 10
42.141727
 20
3.789468
 30
0.0
 11
42.108238
 21
3.804747
 31
0.0
  0
LINE
  5
E0E
330
1F
100
AcDbEntity
  8
1
  6
CONTINUOUS
370
50
 62
4
100
AcDbLine
 10
33.120007
 20
-3.653501
 30
0.0
 11
32.923702
 21
-3.56415
 31
0.0
  0
LINE
  5
E0F
330
1F
100
AcDbEntity
  8
1
  6
CONTINUOUS
370
50
 62
4
100
AcDbLine
 10
48.932896
 20
4.025219
 30
0.0
 11
48.865936
 21
4.055655
 31
0.0
  0
LINE
  5
E10
330
1F
100
AcDbEntity
  8
1
  6
CONTINUOUS
370
50
 62
4
100
AcDbLine
 10
33.301872
 20
-2.325716
 30
0.0
 11
33.241791
 21
-2.298438
 31
0.0
  0
LINE
  5
E11
330
1F
100
AcDbEntity
  8
1
  6
CONTINUOUS
370
50
 62
4
100
AcDbLine
 10
34.607559
 20
3.793086
 30
0.0
 11
34.574196
 21
3.808205
 31
0.0
  0
LINE
  5
E12
330
1F
100
AcDbEntity
  8
1
  6
CONTINUOUS
370
50
 62
4
100
AcDbLine
 10
48.358253
 20
-3.810692
 30
0.0
 11
48.32476399999999
 21
-3.795544
 31
0.0
  0
LINE
  5
E13
330
1F
100
AcDbEntity
  8
1
  6
CONTINUOUS
370
50
 62
4
100
AcDbLine
 10
34.498737
 20
3.328019
 30
0.0
 11
34.249393
 21
3.44073
 31
0.0
  0
LINE
  5
E14
330
1F
100
AcDbEntity
  8
1
  6
CONTINUOUS
370
50
 62
4
100
AcDbLine
 10
40.858246
 20
-3.819063
 30
0.0
 11
40.82476
 21
-3.804095
 31
0.0
  0
LINE
  5
E15
330
1F
100
AcDbEntity
  8
1
  6
CONTINUOUS
370
50
 62
4
100
AcDbLine
 10
42.108238
 20
3.804747
 30
0.0
 11
42.074753
 21
3.819696
 31
0.0
  0
LINE
  5
E16
330
1F
100
AcDbEntity
  8
1
  6
CONTINUOUS
370
50
 62
4
100
AcDbLine
 10
40.808258
 20
-3.490699
 30
0.0
 11
40.576096
 21
-3.387166
 31
0.0
  0
LINE
  5
E17
330
1F
100
AcDbEntity
  8
1
  6
CONTINUOUS
370
50
 62
4
100
AcDbLine
 10
34.574196
 20
3.808205
 30
0.0
 11
34.540943
 21
3.823032
 31
0.0
  0
LINE
  5
E18
330
1F
100
AcDbEntity
  8
1
  6
CONTINUOUS
370
50
 62
4
100
AcDbLine
 10
48.391747
 20
-3.825507
 30
0.0
 11
48.358253
 21
-3.810692
 31
0.0
  0
LINE
  5
E19
330
1F
100
AcDbEntity
  8
1
  6
CONTINUOUS
370
50
 62
4
100
AcDbLine
 10
34.540943
 20
3.823032
 30
0.0
 11
34.50779
 21
3.837562
 31
0.0
  0
LINE
  5
E1A
330
1F
100
AcDbEntity
  8
1
  6
CONTINUOUS
370
50
 62
4
100
AcDbLine
 10
40.891735
 20
-3.833698
 30
0.0
 11
40.858246
 21
-3.819063
 31
0.0
  0
LINE
  5
E1B
330
1F
100
AcDbEntity
  8
1
  6
CONTINUOUS
370
50
 62
4
100
AcDbLine
 10
46.671352
 20
4.562659
 30
0.0
 11
46.613174
 21
4.588077999999999
 31
0.0
  0
LINE
  5
E1C
330
1F
100
AcDbEntity
  8
1
  6
CONTINUOUS
370
50
 62
4
100
AcDbLine
 10
42.074753
 20
3.819696
 30
0.0
 11
42.04127099999999
 21
3.834313
 31
0.0
  0
LINE
  5
E1D
330
1F
100
AcDbEntity
  8
1
  6
CONTINUOUS
370
50
 62
4
100
AcDbLine
 10
48.865936
 20
4.055655
 30
0.0
 11
48.799122
 21
4.084690999999999
 31
0.0
  0
LINE
  5
E1E
330
1F
100
AcDbEntity
  8
1
  6
CONTINUOUS
370
50
 62
4
100
AcDbLine
 10
48.425236
 20
-3.83999
 30
0.0
 11
48.391747
 21
-3.825507
 31
0.0
  0
LINE
  5
E1F
330
1F
100
AcDbEntity
  8
1
  6
CONTINUOUS
370
50
 62
4
100
AcDbLine
 10
40.532742
 20
-2.097774
 30
0.0
 11
40.477261
 21
-2.073908
 31
0.0
  0
LINE
  5
E20
330
1F
100
AcDbEntity
  8
1
  6
CONTINUOUS
370
50
 62
4
100
AcDbLine
 10
48.391331
 20
-3.516737
 30
0.0
 11
48.155415
 21
-3.415924
 31
0.0
  0
LINE
  5
E21
330
1F
100
AcDbEntity
  8
1
  6
CONTINUOUS
370
50
 62
4
100
AcDbLine
 10
40.92522
 20
-3.847999
 30
0.0
 11
40.891735
 21
-3.833698
 31
0.0
  0
LINE
  5
E22
330
1F
100
AcDbEntity
  8
1
  6
CONTINUOUS
370
50
 62
4
100
AcDbLine
 10
42.04127099999999
 20
3.834313
 30
0.0
 11
42.00779
 21
3.848598
 31
0.0
  0
LINE
  5
E23
330
1F
100
AcDbEntity
  8
1
  6
CONTINUOUS
370
50
 62
4
100
AcDbLine
 10
37.46755599999999
 20
1.644272
 30
0.0
 11
37.411755
 21
1.668016
 31
0.0
  0
LINE
  5
E24
330
1F
100
AcDbEntity
  8
1
  6
CONTINUOUS
370
50
 62
4
100
AcDbLine
 10
48.458725
 20
-3.854139
 30
0.0
 11
48.425236
 21
-3.83999
 31
0.0
  0
LINE
  5
E25
330
1F
100
AcDbEntity
  8
1
  6
CONTINUOUS
370
50
 62
4
100
AcDbLine
 10
47.95564299999999
 20
-3.777136
 30
0.0
 11
47.84957499999999
 21
-3.732361
 31
0.0
  0
LINE
  5
E26
330
1F
100
AcDbEntity
  8
1
  6
CONTINUOUS
370
50
 62
4
100
AcDbLine
 10
45.757771
 20
-1.78919
 30
0.0
 11
45.701054
 21
-1.76543
 31
0.0
  0
LINE
  5
E27
330
1F
100
AcDbEntity
  8
1
  6
CONTINUOUS
370
50
 62
4
100
AcDbLine
 10
33.241791
 20
-2.298438
 30
0.0
 11
33.180584
 21
-2.272893
 31
0.0
  0
LINE
  5
E28
330
1F
100
AcDbEntity
  8
1
  6
CONTINUOUS
370
50
 62
4
100
AcDbLine
 10
40.958714
 20
-3.861965
 30
0.0
 11
40.92522
 21
-3.847999
 31
0.0
  0
LINE
  5
E29
330
1F
100
AcDbEntity
  8
1
  6
CONTINUOUS
370
50
 62
4
100
AcDbLine
 10
46.613174
 20
4.588077999999999
 30
0.0
 11
46.555096
 21
4.612293
 31
0.0
  0
LINE
  5
E2A
330
1F
100
AcDbEntity
  8
1
  6
CONTINUOUS
370
50
 62
4
100
AcDbLine
 10
44.967564
 20
1.666351
 30
0.0
 11
44.911732
 21
1.689502
 31
0.0
  0
LINE
  5
E2B
330
1F
100
AcDbEntity
  8
1
  6
CONTINUOUS
370
50
 62
4
100
AcDbLine
 10
48.799122
 20
4.084690999999999
 30
0.0
 11
48.732437
 21
4.112318999999999
 31
0.0
  0
LINE
  5
E2C
330
1F
100
AcDbEntity
  8
1
  6
CONTINUOUS
370
50
 62
4
100
AcDbLine
 10
48.49221
 20
-3.867954
 30
0.0
 11
48.458725
 21
-3.854139
 31
0.0
  0
LINE
  5
E2D
330
1F
100
AcDbEntity
  8
1
  6
CONTINUOUS
370
50
 62
4
100
AcDbLine
 10
38.257774
 20
-1.808609
 30
0.0
 11
38.201153
 21
-1.785553
 31
0.0
  0
LINE
  5
E2E
330
1F
100
AcDbEntity
  8
1
  6
CONTINUOUS
370
50
 62
4
100
AcDbLine
 10
40.99221
 20
-3.875595
 30
0.0
 11
40.958714
 21
-3.861965
 31
0.0
  0
LINE
  5
E2F
330
1F
100
AcDbEntity
  8
1
  6
CONTINUOUS
370
50
 62
4
100
AcDbLine
 10
35.132839
 20
1.991278
 30
0.0
 11
35.072205
 21
2.015508
 31
0.0
  0
LINE
  5
E30
330
1F
100
AcDbEntity
  8
1
  6
CONTINUOUS
370
50
 62
4
100
AcDbLine
 10
46.555096
 20
4.612293
 30
0.0
 11
46.497112
 21
4.635298
 31
0.0
  0
LINE
  5
E31
330
1F
100
AcDbEntity
  8
1
  6
CONTINUOUS
370
50
 62
4
100
AcDbLine
 10
48.732437
 20
4.112318999999999
 30
0.0
 11
48.665882
 21
4.138528
 31
0.0
  0
LINE
  5
E32
330
1F
100
AcDbEntity
  8
1
  6
CONTINUOUS
370
50
 62
4
100
AcDbLine
 10
35.001137
 20
3.146308
 30
0.0
 11
34.749352
 21
3.244168
 31
0.0
  0
LINE
  5
E33
330
1F
100
AcDbEntity
  8
1
  6
CONTINUOUS
370
50
 62
4
100
AcDbLine
 10
48.062096
 20
-3.81797
 30
0.0
 11
47.95564299999999
 21
-3.777136
 31
0.0
  0
LINE
  5
E34
330
1F
100
AcDbEntity
  8
1
  6
CONTINUOUS
370
50
 62
4
100
AcDbLine
 10
41.040417
 20
-3.579415
 30
0.0
 11
40.808258
 21
-3.490699
 31
0.0
  0
LINE
  5
E35
330
1F
100
AcDbEntity
  8
1
  6
CONTINUOUS
370
50
 62
4
100
AcDbLine
 10
39.74221
 20
3.895187
 30
0.0
 11
39.708717
 21
3.907983
 31
0.0
  0
LINE
  5
E36
330
1F
100
AcDbEntity
  8
1
  6
CONTINUOUS
370
50
 62
4
100
AcDbLine
 10
33.322735
 20
-3.730783
 30
0.0
 11
33.120007
 21
-3.653501
 31
0.0
  0
LINE
  5
E37
330
1F
100
AcDbEntity
  8
1
  6
CONTINUOUS
370
50
 62
4
100
AcDbLine
 10
33.180584
 20
-2.272893
 30
0.0
 11
33.118244
 21
-2.249261
 31
0.0
  0
LINE
  5
E38
330
1F
100
AcDbEntity
  8
1
  6
CONTINUOUS
370
50
 62
4
100
AcDbLine
 10
42.632793
 20
2.014942
 30
0.0
 11
42.578026
 21
2.03564
 31
0.0
  0
LINE
  5
E39
330
1F
100
AcDbEntity
  8
1
  6
CONTINUOUS
370
50
 62
4
100
AcDbLine
 10
46.497112
 20
4.635298
 30
0.0
 11
46.439228
 21
4.657084999999999
 31
0.0
  0
LINE
  5
E3A
330
1F
100
AcDbEntity
  8
1
  6
CONTINUOUS
370
50
 62
4
100
AcDbLine
 10
47.24221
 20
3.902418
 30
0.0
 11
47.208714
 21
3.915014
 31
0.0
  0
LINE
  5
E3B
330
1F
100
AcDbEntity
  8
1
  6
CONTINUOUS
370
50
 62
4
100
AcDbLine
 10
34.310436
 20
-3.772794
 30
0.0
 11
34.154934
 21
-3.714628
 31
0.0
  0
LINE
  5
E3C
330
1F
100
AcDbEntity
  8
1
  6
CONTINUOUS
370
50
 62
4
100
AcDbLine
 10
48.665882
 20
4.138528
 30
0.0
 11
48.599449
 21
4.163311
 31
0.0
  0
LINE
  5
E3D
330
1F
100
AcDbEntity
  8
1
  6
CONTINUOUS
370
50
 62
4
100
AcDbLine
 10
40.58852
 20
-2.118536
 30
0.0
 11
40.532742
 21
-2.097774
 31
0.0
  0
LINE
  5
E3E
330
1F
100
AcDbEntity
  8
1
  6
CONTINUOUS
370
50
 62
4
100
AcDbLine
 10
39.708717
 20
3.907983
 30
0.0
 11
39.675228
 21
3.920437
 31
0.0
  0
LINE
  5
E3F
330
1F
100
AcDbEntity
  8
1
  6
CONTINUOUS
370
50
 62
4
100
AcDbLine
 10
37.411755
 20
1.668016
 30
0.0
 11
37.355602
 21
1.688763
 31
0.0
  0
LINE
  5
E40
330
1F
100
AcDbEntity
  8
1
  6
CONTINUOUS
370
50
 62
4
100
AcDbLine
 10
47.208714
 20
3.915014
 30
0.0
 11
47.17522
 21
3.927269
 31
0.0
  0
LINE
  5
E41
330
1F
100
AcDbEntity
  8
1
  6
CONTINUOUS
370
50
 62
4
100
AcDbLine
 10
48.627296
 20
-3.602222
 30
0.0
 11
48.391331
 21
-3.516737
 31
0.0
  0
LINE
  5
E42
330
1F
100
AcDbEntity
  8
1
  6
CONTINUOUS
370
50
 62
4
100
AcDbLine
 10
43.291283
 20
-3.932
 30
0.0
 11
43.25779
 21
-3.919883
 31
0.0
  0
LINE
  5
E43
330
1F
100
AcDbEntity
  8
1
  6
CONTINUOUS
370
50
 62
4
100
AcDbLine
 10
39.675228
 20
3.920437
 30
0.0
 11
39.641743
 21
3.93255
 31
0.0
  0
LINE
  5
E44
330
1F
100
AcDbEntity
  8
1
  6
CONTINUOUS
370
50
 62
4
100
AcDbLine
 10
44.911732
 20
1.689502
 30
0.0
 11
44.855564
 21
1.709643
 31
0.0
  0
LINE
  5
E45
330
1F
100
AcDbEntity
  8
1
  6
CONTINUOUS
370
50
 62
4
100
AcDbLine
 10
35.791222
 20
-3.938939
 30
0.0
 11
35.75779
 21
-3.926981
 31
0.0
  0
LINE
  5
E46
330
1F
100
AcDbEntity
  8
1
  6
CONTINUOUS
370
50
 62
4
100
AcDbLine
 10
46.439228
 20
4.657084999999999
 30
0.0
 11
46.381443
 21
4.677649
 31
0.0
  0
LINE
  5
E47
330
1F
100
AcDbEntity
  8
1
  6
CONTINUOUS
370
50
 62
4
100
AcDbLine
 10
47.17522
 20
3.927269
 30
0.0
 11
47.141731
 21
3.939183
 31
0.0
  0
LINE
  5
E48
330
1F
100
AcDbEntity
  8
1
  6
CONTINUOUS
370
50
 62
4
100
AcDbLine
 10
48.599449
 20
4.163311
 30
0.0
 11
48.533131
 21
4.186656
 31
0.0
  0
LINE
  5
E49
330
1F
100
AcDbEntity
  8
1
  6
CONTINUOUS
370
50
 62
4
100
AcDbLine
 10
43.324776
 20
-3.943776
 30
0.0
 11
43.291283
 21
-3.932
 31
0.0
  0
LINE
  5
E4A
330
1F
100
AcDbEntity
  8
1
  6
CONTINUOUS
370
50
 62
4
100
AcDbLine
 10
39.641743
 20
3.93255
 30
0.0
 11
39.608253
 21
3.94432
 31
0.0
  0
LINE
  5
E4B
330
1F
100
AcDbEntity
  8
1
  6
CONTINUOUS
370
50
 62
4
100
AcDbLine
 10
35.824669
 20
-3.950546
 30
0.0
 11
35.791222
 21
-3.938939
 31
0.0
  0
LINE
  5
E4C
330
1F
100
AcDbEntity
  8
1
  6
CONTINUOUS
370
50
 62
4
100
AcDbLine
 10
47.141731
 20
3.939183
 30
0.0
 11
47.108242
 21
3.950755
 31
0.0
  0
LINE
  5
E4D
330
1F
100
AcDbEntity
  8
1
  6
CONTINUOUS
370
50
 62
4
100
AcDbLine
 10
48.168968
 20
-3.854828
 30
0.0
 11
48.062096
 21
-3.81797
 31
0.0
  0
LINE
  5
E4E
330
1F
100
AcDbEntity
  8
1
  6
CONTINUOUS
370
50
 62
4
100
AcDbLine
 10
43.358265
 20
-3.955209
 30
0.0
 11
43.324776
 21
-3.943776
 31
0.0
  0
LINE
  5
E4F
330
1F
100
AcDbEntity
  8
1
  6
CONTINUOUS
370
50
 62
4
100
AcDbLine
 10
39.608253
 20
3.94432
 30
0.0
 11
39.574768
 21
3.955747
 31
0.0
  0
LINE
  5
E50
330
1F
100
AcDbEntity
  8
1
  6
CONTINUOUS
370
50
 62
4
100
AcDbLine
 10
33.118244
 20
-2.249261
 30
0.0
 11
33.054832
 21
-2.227746
 31
0.0
  0
LINE
  5
E51
330
1F
100
AcDbEntity
  8
1
  6
CONTINUOUS
370
50
 62
4
100
AcDbLine
 10
35.858135
 20
-3.961802
 30
0.0
 11
35.824669
 21
-3.950546
 31
0.0
  0
LINE
  5
E52
330
1F
100
AcDbEntity
  8
1
  6
CONTINUOUS
370
50
 62
4
100
AcDbLine
 10
47.108242
 20
3.950755
 30
0.0
 11
47.074757
 21
3.961983
 31
0.0
  0
LINE
  5
E53
330
1F
100
AcDbEntity
  8
1
  6
CONTINUOUS
370
50
 62
4
100
AcDbLine
 10
46.381443
 20
4.677649
 30
0.0
 11
46.323757
 21
4.696981
 31
0.0
  0
LINE
  5
E54
330
1F
100
AcDbEntity
  8
1
  6
CONTINUOUS
370
50
 62
4
100
AcDbLine
 10
35.072205
 20
2.015508
 30
0.0
 11
35.011608
 21
2.035811
 31
0.0
  0
LINE
  5
E55
330
1F
100
AcDbEntity
  8
1
  6
CONTINUOUS
370
50
 62
4
100
AcDbLine
 10
41.61721
 20
4.653836
 30
0.0
 11
41.583721
 21
4.665045
 31
0.0
  0
LINE
  5
E56
330
1F
100
AcDbEntity
  8
1
  6
CONTINUOUS
370
50
 62
4
100
AcDbLine
 10
34.749352
 20
3.244168
 30
0.0
 11
34.498737
 21
3.328019
 31
0.0
  0
LINE
  5
E57
330
1F
100
AcDbEntity
  8
1
  6
CONTINUOUS
370
50
 62
4
100
AcDbLine
 10
41.416279
 20
-4.665583
 30
0.0
 11
41.38279
 21
-4.654389
 31
0.0
  0
LINE
  5
E58
330
1F
100
AcDbEntity
  8
1
  6
CONTINUOUS
370
50
 62
4
100
AcDbLine
 10
43.391754
 20
-3.966298
 30
0.0
 11
43.358265
 21
-3.955209
 31
0.0
  0
LINE
  5
E59
330
1F
100
AcDbEntity
  8
1
  6
CONTINUOUS
370
50
 62
4
100
AcDbLine
 10
39.574768
 20
3.955747
 30
0.0
 11
39.541279
 21
3.96683
 31
0.0
  0
LINE
  5
E5A
330
1F
100
AcDbEntity
  8
1
  6
CONTINUOUS
370
50
 62
4
100
AcDbLine
 10
34.11721
 20
4.646634
 30
0.0
 11
34.10054
 21
4.652145
 31
0.0
  0
LINE
  5
E5B
330
1F
100
AcDbEntity
  8
1
  6
CONTINUOUS
370
50
 62
4
100
AcDbLine
 10
35.891621
 20
-3.972708
 30
0.0
 11
35.858135
 21
-3.961802
 31
0.0
  0
LINE
  5
E5C
330
1F
100
AcDbEntity
  8
1
  6
CONTINUOUS
370
50
 62
4
100
AcDbLine
 10
47.074757
 20
3.961983
 30
0.0
 11
47.041275
 21
3.972868
 31
0.0
  0
LINE
  5
E5D
330
1F
100
AcDbEntity
  8
1
  6
CONTINUOUS
370
50
 62
4
100
AcDbLine
 10
34.10054
 20
4.652145
 30
0.0
 11
34.083847
 21
4.657558
 31
0.0
  0
LINE
  5
E5E
330
1F
100
AcDbEntity
  8
1
  6
CONTINUOUS
370
50
 62
4
100
AcDbLine
 10
42.578026
 20
2.03564
 30
0.0
 11
42.52291899999999
 21
2.053433
 31
0.0
  0
LINE
  5
E5F
330
1F
100
AcDbEntity
  8
1
  6
CONTINUOUS
370
50
 62
4
100
AcDbLine
 10
41.583721
 20
4.665045
 30
0.0
 11
41.550232
 21
4.675848
 31
0.0
  0
LINE
  5
E60
330
1F
100
AcDbEntity
  8
1
  6
CONTINUOUS
370
50
 62
4
100
AcDbLine
 10
41.449768
 20
-4.676369999999999
 30
0.0
 11
41.416279
 21
-4.665583
 31
0.0
  0
LINE
  5
E61
330
1F
100
AcDbEntity
  8
1
  6
CONTINUOUS
370
50
 62
4
100
AcDbLine
 10
43.42524
 20
-3.977043
 30
0.0
 11
43.391754
 21
-3.966298
 31
0.0
  0
LINE
  5
E62
330
1F
100
AcDbEntity
  8
1
  6
CONTINUOUS
370
50
 62
4
100
AcDbLine
 10
39.541279
 20
3.96683
 30
0.0
 11
39.50779
 21
3.977568
 31
0.0
  0
LINE
  5
E63
330
1F
100
AcDbEntity
  8
1
  6
CONTINUOUS
370
50
 62
4
100
AcDbLine
 10
34.083847
 20
4.657558
 30
0.0
 11
34.067127
 21
4.662874
 31
0.0
  0
LINE
  5
E64
330
1F
100
AcDbEntity
  8
1
  6
CONTINUOUS
370
50
 62
4
100
AcDbLine
 10
33.531193
 20
-3.796726
 30
0.0
 11
33.322735
 21
-3.730783
 31
0.0
  0
LINE
  5
E65
330
1F
100
AcDbEntity
  8
1
  6
CONTINUOUS
370
50
 62
4
100
AcDbLine
 10
41.272579
 20
-3.652547
 30
0.0
 11
41.040417
 21
-3.579415
 31
0.0
  0
LINE
  5
E66
330
1F
100
AcDbEntity
  8
1
  6
CONTINUOUS
370
50
 62
4
100
AcDbLine
 10
35.925125
 20
-3.983261
 30
0.0
 11
35.891621
 21
-3.972708
 31
0.0
  0
LINE
  5
E67
330
1F
100
AcDbEntity
  8
1
  6
CONTINUOUS
370
50
 62
4
100
AcDbLine
 10
47.041275
 20
3.972868
 30
0.0
 11
47.00779
 21
3.983408
 31
0.0
  0
LINE
  5
E68
330
1F
100
AcDbEntity
  8
1
  6
CONTINUOUS
370
50
 62
4
100
AcDbLine
 10
40.644604
 20
-2.136158
 30
0.0
 11
40.58852
 21
-2.118536
 31
0.0
  0
LINE
  5
E69
330
1F
100
AcDbEntity
  8
1
  6
CONTINUOUS
370
50
 62
4
100
AcDbLine
 10
37.355602
 20
1.688763
 30
0.0
 11
37.299091
 21
1.706472
 31
0.0
  0
LINE
  5
E6A
330
1F
100
AcDbEntity
  8
1
  6
CONTINUOUS
370
50
 62
4
100
AcDbLine
 10
34.067127
 20
4.662874
 30
0.0
 11
34.050385
 21
4.668092
 31
0.0
  0
LINE
  5
E6B
330
1F
100
AcDbEntity
  8
1
  6
CONTINUOUS
370
50
 62
4
100
AcDbLine
 10
43.458725
 20
-3.987442
 30
0.0
 11
43.42524
 21
-3.977043
 31
0.0
  0
LINE
  5
E6C
330
1F
100
AcDbEntity
  8
1
  6
CONTINUOUS
370
50
 62
4
100
AcDbLine
 10
41.550232
 20
4.675848
 30
0.0
 11
41.516743
 21
4.686243999999999
 31
0.0
  0
LINE
  5
E6D
330
1F
100
AcDbEntity
  8
1
  6
CONTINUOUS
370
50
 62
4
100
AcDbLine
 10
41.483253
 20
-4.686749
 30
0.0
 11
41.449768
 21
-4.676369999999999
 31
0.0
  0
LINE
  5
E6E
330
1F
100
AcDbEntity
  8
1
  6
CONTINUOUS
370
50
 62
4
100
AcDbLine
 10
34.050385
 20
4.668092
 30
0.0
 11
34.033615
 21
4.673214
 31
0.0
  0
LINE
  5
E6F
330
1F
100
AcDbEntity
  8
1
  6
CONTINUOUS
370
50
 62
4
100
AcDbLine
 10
35.958656
 20
-3.993464
 30
0.0
 11
35.925125
 21
-3.983261
 31
0.0
  0
LINE
  5
E70
330
1F
100
AcDbEntity
  8
1
  6
CONTINUOUS
370
50
 62
4
100
AcDbLine
 10
44.855564
 20
1.709643
 30
0.0
 11
44.799068
 21
1.726734
 31
0.0
  0
LINE
  5
E71
330
1F
100
AcDbEntity
  8
1
  6
CONTINUOUS
370
50
 62
4
100
AcDbLine
 10
43.49221
 20
-3.997496
 30
0.0
 11
43.458725
 21
-3.987442
 31
0.0
  0
LINE
  5
E72
330
1F
100
AcDbEntity
  8
1
  6
CONTINUOUS
370
50
 62
4
100
AcDbLine
 10
34.033615
 20
4.673214
 30
0.0
 11
34.016823
 21
4.678241
 31
0.0
  0
LINE
  5
E73
330
1F
100
AcDbEntity
  8
1
  6
CONTINUOUS
370
50
 62
4
100
AcDbLine
 10
41.516743
 20
4.686243999999999
 30
0.0
 11
41.483253
 21
4.696232999999999
 31
0.0
  0
LINE
  5
E74
330
1F
100
AcDbEntity
  8
1
  6
CONTINUOUS
370
50
 62
4
100
AcDbLine
 10
48.863304
 20
-3.672605
 30
0.0
 11
48.627296
 21
-3.602222
 31
0.0
  0
LINE
  5
E75
330
1F
100
AcDbEntity
  8
1
  6
CONTINUOUS
370
50
 62
4
100
AcDbLine
 10
33.054832
 20
-2.227746
 30
0.0
 11
32.992054
 21
-2.20903
 31
0.0
  0
LINE
  5
E76
330
1F
100
AcDbEntity
  8
1
  6
CONTINUOUS
370
50
 62
4
100
AcDbLine
 10
41.516743
 20
-4.696721
 30
0.0
 11
41.483253
 21
-4.686749
 31
0.0
  0
LINE
  5
E77
330
1F
100
AcDbEntity
  8
1
  6
CONTINUOUS
370
50
 62
4
100
AcDbLine
 10
35.99221
 20
-4.003314
 30
0.0
 11
35.958656
 21
-3.993464
 31
0.0
  0
LINE
  5
E78
330
1F
100
AcDbEntity
  8
1
  6
CONTINUOUS
370
50
 62
4
100
AcDbLine
 10
34.016823
 20
4.678241
 30
0.0
 11
34.0
 21
4.683173
 31
0.0
  0
LINE
  5
E79
330
1F
100
AcDbEntity
  8
1
  6
CONTINUOUS
370
50
 62
4
100
AcDbLine
 10
41.483253
 20
4.696232999999999
 30
0.0
 11
41.44976399999999
 21
4.705813
 31
0.0
  0
LINE
  5
E7A
330
1F
100
AcDbEntity
  8
1
  6
CONTINUOUS
370
50
 62
4
100
AcDbLine
 10
41.550228
 20
-4.706284
 30
0.0
 11
41.516743
 21
-4.696721
 31
0.0
  0
LINE
  5
E7B
330
1F
100
AcDbEntity
  8
1
  6
CONTINUOUS
370
50
 62
4
100
AcDbLine
 10
34.016766
 20
-4.704189
 30
0.0
 11
34.0
 21
-4.699536
 31
0.0
  0
LINE
  5
E7C
330
1F
100
AcDbEntity
  8
1
  6
CONTINUOUS
370
50
 62
4
100
AcDbLine
 10
41.44976399999999
 20
4.705813
 30
0.0
 11
41.416279
 21
4.714983999999999
 31
0.0
  0
LINE
  5
E7D
330
1F
100
AcDbEntity
  8
1
  6
CONTINUOUS
370
50
 62
4
100
AcDbLine
 10
41.583717
 20
-4.715437
 30
0.0
 11
41.550228
 21
-4.706284
 31
0.0
  0
LINE
  5
E7E
330
1F
100
AcDbEntity
  8
1
  6
CONTINUOUS
370
50
 62
4
100
AcDbLine
 10
34.03352
 20
-4.708746
 30
0.0
 11
34.016766
 21
-4.704189
 31
0.0
  0
LINE
  5
E7F
330
1F
100
AcDbEntity
  8
1
  6
CONTINUOUS
370
50
 62
4
100
AcDbLine
 10
35.011608
 20
2.035811
 30
0.0
 11
34.953514
 21
2.051405
 31
0.0
  0
LINE
  5
E80
330
1F
100
AcDbEntity
  8
1
  6
CONTINUOUS
370
50
 62
4
100
AcDbLine
 10
42.52291899999999
 20
2.053433
 30
0.0
 11
42.467461
 21
2.068275
 31
0.0
  0
LINE
  5
E81
330
1F
100
AcDbEntity
  8
1
  6
CONTINUOUS
370
50
 62
4
100
AcDbLine
 10
34.05027
 20
-4.713207
 30
0.0
 11
34.03352
 21
-4.708746
 31
0.0
  0
LINE
  5
E82
330
1F
100
AcDbEntity
  8
1
  6
CONTINUOUS
370
50
 62
4
100
AcDbLine
 10
48.181606
 20
-2.126623
 30
0.0
 11
48.168964
 21
-2.123271
 31
0.0
  0
LINE
  5
E83
330
1F
100
AcDbEntity
  8
1
  6
CONTINUOUS
370
50
 62
4
100
AcDbLine
 10
48.886093
 20
-3.678571
 30
0.0
 11
48.863304
 21
-3.672605
 31
0.0
  0
LINE
  5
E84
330
1F
100
AcDbEntity
  8
1
  6
CONTINUOUS
370
50
 62
4
100
AcDbLine
 10
41.416279
 20
4.714983999999999
 30
0.0
 11
41.38279
 21
4.723746
 31
0.0
  0
LINE
  5
E85
330
1F
100
AcDbEntity
  8
1
  6
CONTINUOUS
370
50
 62
4
100
AcDbLine
 10
41.61721
 20
-4.72418
 30
0.0
 11
41.583717
 21
-4.715437
 31
0.0
  0
LINE
  5
E86
330
1F
100
AcDbEntity
  8
1
  6
CONTINUOUS
370
50
 62
4
100
AcDbLine
 10
34.067013
 20
-4.717571
 30
0.0
 11
34.05027
 21
-4.713207
 31
0.0
  0
LINE
  5
E87
330
1F
100
AcDbEntity
  8
1
  6
CONTINUOUS
370
50
 62
4
100
AcDbLine
 10
37.299091
 20
1.706472
 30
0.0
 11
37.242214
 21
1.721102
 31
0.0
  0
LINE
  5
E88
330
1F
100
AcDbEntity
  8
1
  6
CONTINUOUS
370
50
 62
4
100
AcDbLine
 10
32.992054
 20
-2.20903
 30
0.0
 11
32.930653
 21
-2.19328
 31
0.0
  0
LINE
  5
E89
330
1F
100
AcDbEntity
  8
1
  6
CONTINUOUS
370
50
 62
4
100
AcDbLine
 10
40.700993
 20
-2.150605
 30
0.0
 11
40.644604
 21
-2.136158
 31
0.0
  0
LINE
  5
E8A
330
1F
100
AcDbEntity
  8
1
  6
CONTINUOUS
370
50
 62
4
100
AcDbLine
 10
48.908882
 20
-3.684388
 30
0.0
 11
48.886093
 21
-3.678571
 31
0.0
  0
LINE
  5
E8B
330
1F
100
AcDbEntity
  8
1
  6
CONTINUOUS
370
50
 62
4
100
AcDbLine
 10
34.083752
 20
-4.721839
 30
0.0
 11
34.067013
 21
-4.717571
 31
0.0
  0
LINE
  5
E8C
330
1F
100
AcDbEntity
  8
1
  6
CONTINUOUS
370
50
 62
4
100
AcDbLine
 10
48.194263
 20
-2.129814
 30
0.0
 11
48.181606
 21
-2.126623
 31
0.0
  0
LINE
  5
E8D
330
1F
100
AcDbEntity
  8
1
  6
CONTINUOUS
370
50
 62
4
100
AcDbLine
 10
41.504742
 20
-3.71076
 30
0.0
 11
41.272579
 21
-3.652547
 31
0.0
  0
LINE
  5
E8E
330
1F
100
AcDbEntity
  8
1
  6
CONTINUOUS
370
50
 62
4
100
AcDbLine
 10
34.100483
 20
-4.726008999999999
 30
0.0
 11
34.083752
 21
-4.721839
 31
0.0
  0
LINE
  5
E8F
330
1F
100
AcDbEntity
  8
1
  6
CONTINUOUS
370
50
 62
4
100
AcDbLine
 10
48.931667
 20
-3.690054
 30
0.0
 11
48.908882
 21
-3.684388
 31
0.0
  0
LINE
  5
E90
330
1F
100
AcDbEntity
  8
1
  6
CONTINUOUS
370
50
 62
4
100
AcDbLine
 10
44.799068
 20
1.726734
 30
0.0
 11
44.742233
 21
1.740736
 31
0.0
  0
LINE
  5
E91
330
1F
100
AcDbEntity
  8
1
  6
CONTINUOUS
370
50
 62
4
100
AcDbLine
 10
34.11721
 20
-4.730083
 30
0.0
 11
34.100483
 21
-4.726008999999999
 31
0.0
  0
LINE
  5
E92
330
1F
100
AcDbEntity
  8
1
  6
CONTINUOUS
370
50
 62
4
100
AcDbLine
 10
48.954456
 20
-3.695571
 30
0.0
 11
48.931667
 21
-3.690054
 31
0.0
  0
LINE
  5
E93
330
1F
100
AcDbEntity
  8
1
  6
CONTINUOUS
370
50
 62
4
100
AcDbLine
 10
48.206936
 20
-2.132843
 30
0.0
 11
48.194263
 21
-2.129814
 31
0.0
  0
LINE
  5
E94
330
1F
100
AcDbEntity
  8
1
  6
CONTINUOUS
370
50
 62
4
100
AcDbLine
 10
48.977245
 20
-3.700936
 30
0.0
 11
48.954456
 21
-3.695571
 31
0.0
  0
LINE
  5
E95
330
1F
100
AcDbEntity
  8
1
  6
CONTINUOUS
370
50
 62
4
100
AcDbLine
 10
48.999973
 20
3.530344
 30
0.0
 11
48.965229
 21
3.538431
 31
0.0
  0
LINE
  5
E96
330
1F
100
AcDbEntity
  8
1
  6
CONTINUOUS
370
50
 62
4
100
AcDbLine
 10
49.000031
 20
-3.706149
 30
0.0
 11
48.977245
 21
-3.700936
 31
0.0
  0
LINE
  5
E97
330
1F
100
AcDbEntity
  8
1
  6
CONTINUOUS
370
50
 62
4
100
AcDbLine
 10
49.0
 20
4.1
 30
0.0
 11
48.533131
 21
4.206372
 31
0.0
  0
LINE
  5
E98
330
1F
100
AcDbEntity
  8
1
  6
CONTINUOUS
370
50
 62
4
100
AcDbLine
 10
48.219624
 20
-2.135711
 30
0.0
 11
48.206936
 21
-2.132843
 31
0.0
  0
LINE
  5
E99
330
1F
100
AcDbEntity
  8
1
  6
CONTINUOUS
370
50
 62
4
100
AcDbLine
 10
48.965229
 20
3.538431
 30
0.0
 11
48.930485
 21
3.546196
 31
0.0
  0
LINE
  5
E9A
330
1F
100
AcDbEntity
  8
1
  6
CONTINUOUS
370
50
 62
4
100
AcDbLine
 10
34.46595
 20
-3.806946
 30
0.0
 11
34.310436
 21
-3.772794
 31
0.0
  0
LINE
  5
E9B
330
1F
100
AcDbEntity
  8
1
  6
CONTINUOUS
370
50
 62
4
100
AcDbLine
 10
32.930653
 20
-2.19328
 30
0.0
 11
32.870678
 21
-2.180402
 31
0.0
  0
LINE
  5
E9C
330
1F
100
AcDbEntity
  8
1
  6
CONTINUOUS
370
50
 62
4
100
AcDbLine
 10
48.930485
 20
3.546196
 30
0.0
 11
48.895741
 21
3.553635
 31
0.0
  0
LINE
  5
E9D
330
1F
100
AcDbEntity
  8
1
  6
CONTINUOUS
370
50
 62
4
100
AcDbLine
 10
48.23233
 20
-2.138416
 30
0.0
 11
48.219624
 21
-2.135711
 31
0.0
  0
LINE
  5
E9E
330
1F
100
AcDbEntity
  8
1
  6
CONTINUOUS
370
50
 62
4
100
AcDbLine
 10
42.467461
 20
2.068275
 30
0.0
 11
42.411659
 21
2.080124
 31
0.0
  0
LINE
  5
E9F
330
1F
100
AcDbEntity
  8
1
  6
CONTINUOUS
370
50
 62
4
100
AcDbLine
 10
39.11721
 20
4.750948999999999
 30
0.0
 11
39.083725
 21
4.757871
 31
0.0
  0
LINE
  5
EA0
330
1F
100
AcDbEntity
  8
1
  6
CONTINUOUS
370
50
 62
4
100
AcDbLine
 10
43.916283
 20
-4.758187
 30
0.0
 11
43.88279
 21
-4.751285999999999
 31
0.0
  0
LINE
  5
EA1
330
1F
100
AcDbEntity
  8
1
  6
CONTINUOUS
370
50
 62
4
100
AcDbLine
 10
48.895741
 20
3.553635
 30
0.0
 11
48.860996
 21
3.560747
 31
0.0
  0
LINE
  5
EA2
330
1F
100
AcDbEntity
  8
1
  6
CONTINUOUS
370
50
 62
4
100
AcDbLine
 10
48.168968
 20
4.289270999999999
 30
0.0
 11
48.062134
 21
4.310909
 31
0.0
  0
LINE
  5
EA3
330
1F
100
AcDbEntity
  8
1
  6
CONTINUOUS
370
50
 62
4
100
AcDbLine
 10
34.953514
 20
2.051405
 30
0.0
 11
34.897713
 21
2.062666
 31
0.0
  0
LINE
  5
EA4
330
1F
100
AcDbEntity
  8
1
  6
CONTINUOUS
370
50
 62
4
100
AcDbLine
 10
48.245052
 20
-2.140958
 30
0.0
 11
48.23233
 21
-2.138416
 31
0.0
  0
LINE
  5
EA5
330
1F
100
AcDbEntity
  8
1
  6
CONTINUOUS
370
50
 62
4
100
AcDbLine
 10
36.416283
 20
-4.761884
 30
0.0
 11
36.38279
 21
-4.755221
 31
0.0
  0
LINE
  5
EA6
330
1F
100
AcDbEntity
  8
1
  6
CONTINUOUS
370
50
 62
4
100
AcDbLine
 10
40.75769
 20
-2.161841
 30
0.0
 11
40.700993
 21
-2.150605
 31
0.0
  0
LINE
  5
EA7
330
1F
100
AcDbEntity
  8
1
  6
CONTINUOUS
370
50
 62
4
100
AcDbLine
 10
48.860996
 20
3.560747
 30
0.0
 11
48.826248
 21
3.567528
 31
0.0
  0
LINE
  5
EA8
330
1F
100
AcDbEntity
  8
1
  6
CONTINUOUS
370
50
 62
4
100
AcDbLine
 10
39.083725
 20
4.757871
 30
0.0
 11
39.050236
 21
4.764377
 31
0.0
  0
LINE
  5
EA9
330
1F
100
AcDbEntity
  8
1
  6
CONTINUOUS
370
50
 62
4
100
AcDbLine
 10
43.949772
 20
-4.764675
 30
0.0
 11
43.916283
 21
-4.758187
 31
0.0
  0
LINE
  5
EAA
330
1F
100
AcDbEntity
  8
1
  6
CONTINUOUS
370
50
 62
4
100
AcDbLine
 10
48.25779
 20
-2.143337
 30
0.0
 11
48.245052
 21
-2.140958
 31
0.0
  0
LINE
  5
EAB
330
1F
100
AcDbEntity
  8
1
  6
CONTINUOUS
370
50
 62
4
100
AcDbLine
 10
36.449776
 20
-4.768133
 30
0.0
 11
36.416283
 21
-4.761884
 31
0.0
  0
LINE
  5
EAC
330
1F
100
AcDbEntity
  8
1
  6
CONTINUOUS
370
50
 62
4
100
AcDbLine
 10
41.736904
 20
-3.753876
 30
0.0
 11
41.504742
 21
-3.71076
 31
0.0
  0
LINE
  5
EAD
330
1F
100
AcDbEntity
  8
1
  6
CONTINUOUS
370
50
 62
4
100
AcDbLine
 10
48.826248
 20
3.567528
 30
0.0
 11
48.7915
 21
3.573976
 31
0.0
  0
LINE
  5
EAE
330
1F
100
AcDbEntity
  8
1
  6
CONTINUOUS
370
50
 62
4
100
AcDbLine
 10
48.599445
 20
-3.961493
 30
0.0
 11
48.533131
 21
-3.949391
 31
0.0
  0
LINE
  5
EAF
330
1F
100
AcDbEntity
  8
1
  6
CONTINUOUS
370
50
 62
4
100
AcDbLine
 10
39.050236
 20
4.764377
 30
0.0
 11
39.016747
 21
4.770468999999999
 31
0.0
  0
LINE
  5
EB0
330
1F
100
AcDbEntity
  8
1
  6
CONTINUOUS
370
50
 62
4
100
AcDbLine
 10
43.983261
 20
-4.770748
 30
0.0
 11
43.949772
 21
-4.764675
 31
0.0
  0
LINE
  5
EB1
330
1F
100
AcDbEntity
  8
1
  6
CONTINUOUS
370
50
 62
4
100
AcDbLine
 10
36.483265
 20
-4.773968
 30
0.0
 11
36.449776
 21
-4.768133
 31
0.0
  0
LINE
  5
EB2
330
1F
100
AcDbEntity
  8
1
  6
CONTINUOUS
370
50
 62
4
100
AcDbLine
 10
32.870678
 20
-2.180402
 30
0.0
 11
32.812172
 21
-2.1703
 31
0.0
  0
LINE
  5
EB3
330
1F
100
AcDbEntity
  8
1
  6
CONTINUOUS
370
50
 62
4
100
AcDbLine
 10
39.016747
 20
4.770468999999999
 30
0.0
 11
38.983261
 21
4.776146
 31
0.0
  0
LINE
  5
EB4
330
1F
100
AcDbEntity
  8
1
  6
CONTINUOUS
370
50
 62
4
100
AcDbLine
 10
44.01674999999999
 20
-4.776405
 30
0.0
 11
43.983261
 21
-4.770748
 31
0.0
  0
LINE
  5
EB5
330
1F
100
AcDbEntity
  8
1
  6
CONTINUOUS
370
50
 62
4
100
AcDbLine
 10
48.062134
 20
4.310909
 30
0.0
 11
47.95567699999999
 21
4.328532
 31
0.0
  0
LINE
  5
EB6
330
1F
100
AcDbEntity
  8
1
  6
CONTINUOUS
370
50
 62
4
100
AcDbLine
 10
48.7915
 20
3.573976
 30
0.0
 11
48.673271
 21
3.593392
 31
0.0
  0
LINE
  5
EB7
330
1F
100
AcDbEntity
  8
1
  6
CONTINUOUS
370
50
 62
4
100
AcDbLine
 10
36.516754
 20
-4.779388
 30
0.0
 11
36.483265
 21
-4.773968
 31
0.0
  0
LINE
  5
EB8
330
1F
100
AcDbEntity
  8
1
  6
CONTINUOUS
370
50
 62
4
100
AcDbLine
 10
48.665871
 20
-3.972045
 30
0.0
 11
48.599445
 21
-3.961493
 31
0.0
  0
LINE
  5
EB9
330
1F
100
AcDbEntity
  8
1
  6
CONTINUOUS
370
50
 62
4
100
AcDbLine
 10
38.983261
 20
4.776146
 30
0.0
 11
38.949772
 21
4.781407
 31
0.0
  0
LINE
  5
EBA
330
1F
100
AcDbEntity
  8
1
  6
CONTINUOUS
370
50
 62
4
100
AcDbLine
 10
42.411659
 20
2.080124
 30
0.0
 11
42.355503
 21
2.088935
 31
0.0
  0
LINE
  5
EBB
330
1F
100
AcDbEntity
  8
1
  6
CONTINUOUS
370
50
 62
4
100
AcDbLine
 10
44.050236
 20
-4.781648
 30
0.0
 11
44.01674999999999
 21
-4.776405
 31
0.0
  0
LINE
  5
EBC
330
1F
100
AcDbEntity
  8
1
  6
CONTINUOUS
370
50
 62
4
100
AcDbLine
 10
36.55024
 20
-4.784393
 30
0.0
 11
36.516754
 21
-4.779388
 31
0.0
  0
LINE
  5
EBD
330
1F
100
AcDbEntity
  8
1
  6
CONTINUOUS
370
50
 62
4
100
AcDbLine
 10
38.949772
 20
4.781407
 30
0.0
 11
38.916279
 21
4.786252
 31
0.0
  0
LINE
  5
EBE
330
1F
100
AcDbEntity
  8
1
  6
CONTINUOUS
370
50
 62
4
100
AcDbLine
 10
44.083725
 20
-4.786474
 30
0.0
 11
44.050236
 21
-4.781648
 31
0.0
  0
LINE
  5
EBF
330
1F
100
AcDbEntity
  8
1
  6
CONTINUOUS
370
50
 62
4
100
AcDbLine
 10
36.583725
 20
-4.788983
 30
0.0
 11
36.55024
 21
-4.784393
 31
0.0
  0
LINE
  5
EC0
330
1F
100
AcDbEntity
  8
1
  6
CONTINUOUS
370
50
 62
4
100
AcDbLine
 10
34.897713
 20
2.062666
 30
0.0
 11
34.843975
 21
2.069978
 31
0.0
  0
LINE
  5
EC1
330
1F
100
AcDbEntity
  8
1
  6
CONTINUOUS
370
50
 62
4
100
AcDbLine
 10
48.732414
 20
-3.981047
 30
0.0
 11
48.665871
 21
-3.972045
 31
0.0
  0
LINE
  5
EC2
330
1F
100
AcDbEntity
  8
1
  6
CONTINUOUS
370
50
 62
4
100
AcDbLine
 10
38.916279
 20
4.786252
 30
0.0
 11
38.88279
 21
4.790681
 31
0.0
  0
LINE
  5
EC3
330
1F
100
AcDbEntity
  8
1
  6
CONTINUOUS
370
50
 62
4
100
AcDbLine
 10
44.11721
 20
-4.790884
 30
0.0
 11
44.083725
 21
-4.786474
 31
0.0
  0
LINE
  5
EC4
330
1F
100
AcDbEntity
  8
1
  6
CONTINUOUS
370
50
 62
4
100
AcDbLine
 10
48.673271
 20
3.593392
 30
0.0
 11
48.555038
 21
3.60884
 31
0.0
  0
LINE
  5
EC5
330
1F
100
AcDbEntity
  8
1
  6
CONTINUOUS
370
50
 62
4
100
AcDbLine
 10
32.812172
 20
-2.1703
 30
0.0
 11
32.755184
 21
-2.162876
 31
0.0
  0
LINE
  5
EC6
330
1F
100
AcDbEntity
  8
1
  6
CONTINUOUS
370
50
 62
4
100
AcDbLine
 10
47.95567699999999
 20
4.328532
 30
0.0
 11
47.849586
 21
4.342131
 31
0.0
  0
LINE
  5
EC7
330
1F
100
AcDbEntity
  8
1
  6
CONTINUOUS
370
50
 62
4
100
AcDbLine
 10
36.61721
 20
-4.793157
 30
0.0
 11
36.583725
 21
-4.788983
 31
0.0
  0
LINE
  5
EC8
330
1F
100
AcDbEntity
  8
1
  6
CONTINUOUS
370
50
 62
4
100
AcDbLine
 10
41.969067
 20
-3.781309
 30
0.0
 11
41.736904
 21
-3.753876
 31
0.0
  0
LINE
  5
EC9
330
1F
100
AcDbEntity
  8
1
  6
CONTINUOUS
370
50
 62
4
100
AcDbLine
 10
48.799088
 20
-3.988495
 30
0.0
 11
48.732414
 21
-3.981047
 31
0.0
  0
LINE
  5
ECA
330
1F
100
AcDbEntity
  8
1
  6
CONTINUOUS
370
50
 62
4
100
AcDbLine
 10
42.355503
 20
2.088935
 30
0.0
 11
42.298996
 21
2.094665
 31
0.0
  0
LINE
  5
ECB
330
1F
100
AcDbEntity
  8
1
  6
CONTINUOUS
370
50
 62
4
100
AcDbLine
 10
40.99221
 20
4.118091
 30
0.0
 11
40.958717
 21
4.121449
 31
0.0
  0
LINE
  5
ECC
330
1F
100
AcDbEntity
  8
1
  6
CONTINUOUS
370
50
 62
4
100
AcDbLine
 10
10.0
 20
4.0
 30
0.0
 11
0.0
 21
5.0
 31
0.0
  0
LINE
  5
ECD
330
1F
100
AcDbEntity
  8
1
  6
CONTINUOUS
370
50
 62
4
100
AcDbLine
 10
48.555038
 20
3.60884
 30
0.0
 11
48.436798
 21
3.620226
 31
0.0
  0
LINE
  5
ECE
330
1F
100
AcDbEntity
  8
1
  6
CONTINUOUS
370
50
 62
4
100
AcDbLine
 10
33.531193
 20
3.963516
 30
0.0
 11
33.480885
 21
3.968323
 31
0.0
  0
LINE
  5
ECF
330
1F
100
AcDbEntity
  8
1
  6
CONTINUOUS
370
50
 62
4
100
AcDbLine
 10
48.49221
 20
4.120032999999999
 30
0.0
 11
48.458721
 21
4.123186
 31
0.0
  0
LINE
  5
ED0
330
1F
100
AcDbEntity
  8
1
  6
CONTINUOUS
370
50
 62
4
100
AcDbLine
 10
47.849586
 20
4.342131
 30
0.0
 11
47.743832
 21
4.351696
 31
0.0
  0
LINE
  5
ED1
330
1F
100
AcDbEntity
  8
1
  6
CONTINUOUS
370
50
 62
4
100
AcDbLine
 10
40.958717
 20
4.121449
 30
0.0
 11
40.925228
 21
4.124448
 31
0.0
  0
LINE
  5
ED2
330
1F
100
AcDbEntity
  8
1
  6
CONTINUOUS
370
50
 62
4
100
AcDbLine
 10
48.865906
 20
-3.994387
 30
0.0
 11
48.799088
 21
-3.988495
 31
0.0
  0
LINE
  5
ED3
330
1F
100
AcDbEntity
  8
1
  6
CONTINUOUS
370
50
 62
4
100
AcDbLine
 10
32.755184
 20
-2.162876
 30
0.0
 11
32.699753
 21
-2.158037
 31
0.0
  0
LINE
  5
ED4
330
1F
100
AcDbEntity
  8
1
  6
CONTINUOUS
370
50
 62
4
100
AcDbLine
 10
33.480885
 20
3.968323
 30
0.0
 11
33.429703
 21
3.972637
 31
0.0
  0
LINE
  5
ED5
330
1F
100
AcDbEntity
  8
1
  6
CONTINUOUS
370
50
 62
4
100
AcDbLine
 10
48.458721
 20
4.123186
 30
0.0
 11
48.425232
 21
4.12598
 31
0.0
  0
LINE
  5
ED6
330
1F
100
AcDbEntity
  8
1
  6
CONTINUOUS
370
50
 62
4
100
AcDbLine
 10
42.04127099999999
 20
-4.126981
 30
0.0
 11
42.00779
 21
-4.124327
 31
0.0
  0
LINE
  5
ED7
330
1F
100
AcDbEntity
  8
1
  6
CONTINUOUS
370
50
 62
4
100
AcDbLine
 10
40.925228
 20
4.124448
 30
0.0
 11
40.891739
 21
4.127088
 31
0.0
  0
LINE
  5
ED8
330
1F
100
AcDbEntity
  8
1
  6
CONTINUOUS
370
50
 62
4
100
AcDbLine
 10
33.429703
 20
3.972637
 30
0.0
 11
33.377628
 21
3.976485
 31
0.0
  0
LINE
  5
ED9
330
1F
100
AcDbEntity
  8
1
  6
CONTINUOUS
370
50
 62
4
100
AcDbLine
 10
48.425232
 20
4.12598
 30
0.0
 11
48.391743
 21
4.128416
 31
0.0
  0
LINE
  5
EDA
330
1F
100
AcDbEntity
  8
1
  6
CONTINUOUS
370
50
 62
4
100
AcDbLine
 10
34.843975
 20
2.069978
 30
0.0
 11
34.792072
 21
2.073725
 31
0.0
  0
LINE
  5
EDB
330
1F
100
AcDbEntity
  8
1
  6
CONTINUOUS
370
50
 62
4
100
AcDbLine
 10
34.541016
 20
-4.128894
 30
0.0
 11
34.50779
 21
-4.126581
 31
0.0
  0
LINE
  5
EDC
330
1F
100
AcDbEntity
  8
1
  6
CONTINUOUS
370
50
 62
4
100
AcDbLine
 10
42.074757
 20
-4.129275
 30
0.0
 11
42.04127099999999
 21
-4.126981
 31
0.0
  0
LINE
  5
EDD
330
1F
100
AcDbEntity
  8
1
  6
CONTINUOUS
370
50
 62
4
100
AcDbLine
 10
40.891739
 20
4.127088
 30
0.0
 11
40.858253
 21
4.129367999999999
 31
0.0
  0
LINE
  5
EDE
330
1F
100
AcDbEntity
  8
1
  6
CONTINUOUS
370
50
 62
4
100
AcDbLine
 10
34.620926
 20
-3.817245
 30
0.0
 11
34.46595
 21
-3.806946
 31
0.0
  0
LINE
  5
EDF
330
1F
100
AcDbEntity
  8
1
  6
CONTINUOUS
370
50
 62
4
100
AcDbLine
 10
48.932873
 20
-3.998722
 30
0.0
 11
48.865906
 21
-3.994387
 31
0.0
  0
LINE
  5
EE0
330
1F
100
AcDbEntity
  8
1
  6
CONTINUOUS
370
50
 62
4
100
AcDbLine
 10
33.377628
 20
3.976485
 30
0.0
 11
33.324654
 21
3.979892
 31
0.0
  0
LINE
  5
EE1
330
1F
100
AcDbEntity
  8
1
  6
CONTINUOUS
370
50
 62
4
100
AcDbLine
 10
48.436798
 20
3.620226
 30
0.0
 11
48.318558
 21
3.627582
 31
0.0
  0
LINE
  5
EE2
330
1F
100
AcDbEntity
  8
1
  6
CONTINUOUS
370
50
 62
4
100
AcDbLine
 10
48.391743
 20
4.128416
 30
0.0
 11
48.35825
 21
4.130493
 31
0.0
  0
LINE
  5
EE3
330
1F
100
AcDbEntity
  8
1
  6
CONTINUOUS
370
50
 62
4
100
AcDbLine
 10
34.574341
 20
-4.130856
 30
0.0
 11
34.541016
 21
-4.128894
 31
0.0
  0
LINE
  5
EE4
330
1F
100
AcDbEntity
  8
1
  6
CONTINUOUS
370
50
 62
4
100
AcDbLine
 10
42.108242
 20
-4.131209999999999
 30
0.0
 11
42.074757
 21
-4.129275
 31
0.0
  0
LINE
  5
EE5
330
1F
100
AcDbEntity
  8
1
  6
CONTINUOUS
370
50
 62
4
100
AcDbLine
 10
40.858253
 20
4.129367999999999
 30
0.0
 11
40.82476399999999
 21
4.131289
 31
0.0
  0
LINE
  5
EE6
330
1F
100
AcDbEntity
  8
1
  6
CONTINUOUS
370
50
 62
4
100
AcDbLine
 10
33.324654
 20
3.979892
 30
0.0
 11
33.270779
 21
3.982884
 31
0.0
  0
LINE
  5
EE7
330
1F
100
AcDbEntity
  8
1
  6
CONTINUOUS
370
50
 62
4
100
AcDbLine
 10
47.743832
 20
4.351696
 30
0.0
 11
47.638405
 21
4.357219
 31
0.0
  0
LINE
  5
EE8
330
1F
100
AcDbEntity
  8
1
  6
CONTINUOUS
370
50
 62
4
100
AcDbLine
 10
48.35825
 20
4.130493
 30
0.0
 11
48.32476
 21
4.13221
 31
0.0
  0
LINE
  5
EE9
330
1F
100
AcDbEntity
  8
1
  6
CONTINUOUS
370
50
 62
4
100
AcDbLine
 10
34.607765
 20
-4.132471
 30
0.0
 11
34.574341
 21
-4.130856
 31
0.0
  0
LINE
  5
EEA
330
1F
100
AcDbEntity
  8
1
  6
CONTINUOUS
370
50
 62
4
100
AcDbLine
 10
42.201229
 20
-3.792476
 30
0.0
 11
41.969067
 21
-3.781309
 31
0.0
  0
LINE
  5
EEB
330
1F
100
AcDbEntity
  8
1
  6
CONTINUOUS
370
50
 62
4
100
AcDbLine
 10
33.270779
 20
3.982884
 30
0.0
 11
33.215988
 21
3.985487
 31
0.0
  0
LINE
  5
EEC
330
1F
100
AcDbEntity
  8
1
  6
CONTINUOUS
370
50
 62
4
100
AcDbLine
 10
42.141727
 20
-4.132785999999999
 30
0.0
 11
42.108242
 21
-4.131209999999999
 31
0.0
  0
LINE
  5
EED
330
1F
100
AcDbEntity
  8
1
  6
CONTINUOUS
370
50
 62
4
100
AcDbLine
 10
40.82476399999999
 20
4.131289
 30
0.0
 11
40.791279
 21
4.132849999999999
 31
0.0
  0
LINE
  5
EEE
330
1F
100
AcDbEntity
  8
1
  6
CONTINUOUS
370
50
 62
4
100
AcDbLine
 10
42.298996
 20
2.094665
 30
0.0
 11
42.24221
 21
2.097271
 31
0.0
  0
LINE
  5
EEF
330
1F
100
AcDbEntity
  8
1
  6
CONTINUOUS
370
50
 62
4
100
AcDbLine
 10
32.699753
 20
-2.158037
 30
0.0
 11
32.645893
 21
-2.155685
 31
0.0
  0
LINE
  5
EF0
330
1F
100
AcDbEntity
  8
1
  6
CONTINUOUS
370
50
 62
4
100
AcDbLine
 10
49.0
 20
-4.001495
 30
0.0
 11
48.932873
 21
-3.998722
 31
0.0
  0
LINE
  5
EF1
330
1F
100
AcDbEntity
  8
1
  6
CONTINUOUS
370
50
 62
4
100
AcDbLine
 10
48.32476
 20
4.13221
 30
0.0
 11
48.291275
 21
4.133569
 31
0.0
  0
LINE
  5
EF2
330
1F
100
AcDbEntity
  8
1
  6
CONTINUOUS
370
50
 62
4
100
AcDbLine
 10
33.215988
 20
3.985487
 30
0.0
 11
33.160278
 21
3.987727
 31
0.0
  0
LINE
  5
EF3
330
1F
100
AcDbEntity
  8
1
  6
CONTINUOUS
370
50
 62
4
100
AcDbLine
 10
34.641273
 20
-4.133738999999999
 30
0.0
 11
34.607765
 21
-4.132471
 31
0.0
  0
LINE
  5
EF4
330
1F
100
AcDbEntity
  8
1
  6
CONTINUOUS
370
50
 62
4
100
AcDbLine
 10
42.17522
 20
-4.134003
 30
0.0
 11
42.141727
 21
-4.132785999999999
 31
0.0
  0
LINE
  5
EF5
330
1F
100
AcDbEntity
  8
1
  6
CONTINUOUS
370
50
 62
4
100
AcDbLine
 10
40.791279
 20
4.132849999999999
 30
0.0
 11
40.75779
 21
4.134050999999999
 31
0.0
  0
LINE
  5
EF6
330
1F
100
AcDbEntity
  8
1
  6
CONTINUOUS
370
50
 62
4
100
AcDbLine
 10
33.160278
 20
3.987727
 30
0.0
 11
33.103634
 21
3.98963
 31
0.0
  0
LINE
  5
EF7
330
1F
100
AcDbEntity
  8
1
  6
CONTINUOUS
370
50
 62
4
100
AcDbLine
 10
48.318558
 20
3.627582
 30
0.0
 11
48.200329
 21
3.631133
 31
0.0
  0
LINE
  5
EF8
330
1F
100
AcDbEntity
  8
1
  6
CONTINUOUS
370
50
 62
4
100
AcDbLine
 10
48.291275
 20
4.133569
 30
0.0
 11
48.25779
 21
4.134567
 31
0.0
  0
LINE
  5
EF9
330
1F
100
AcDbEntity
  8
1
  6
CONTINUOUS
370
50
 62
4
100
AcDbLine
 10
33.103634
 20
3.98963
 30
0.0
 11
33.046234
 21
3.991221
 31
0.0
  0
LINE
  5
EFA
330
1F
100
AcDbEntity
  8
1
  6
CONTINUOUS
370
50
 62
4
100
AcDbLine
 10
34.674862
 20
-4.134665
 30
0.0
 11
34.641273
 21
-4.133738999999999
 31
0.0
  0
LINE
  5
EFB
330
1F
100
AcDbEntity
  8
1
  6
CONTINUOUS
370
50
 62
4
100
AcDbLine
 10
42.208717
 20
-4.134861
 30
0.0
 11
42.17522
 21
-4.134003
 31
0.0
  0
LINE
  5
EFC
330
1F
100
AcDbEntity
  8
1
  6
CONTINUOUS
370
50
 62
4
100
AcDbLine
 10
33.046234
 20
3.991221
 30
0.0
 11
32.989594
 21
3.99252
 31
0.0
  0
LINE
  5
EFD
330
1F
100
AcDbEntity
  8
1
  6
CONTINUOUS
370
50
 62
4
100
AcDbLine
 10
32.989594
 20
3.99252
 30
0.0
 11
32.934078
 21
3.993555
 31
0.0
  0
LINE
  5
EFE
330
1F
100
AcDbEntity
  8
1
  6
CONTINUOUS
370
50
 62
4
100
AcDbLine
 10
34.708511
 20
-4.135248
 30
0.0
 11
34.674862
 21
-4.134665
 31
0.0
  0
LINE
  5
EFF
330
1F
100
AcDbEntity
  8
1
  6
CONTINUOUS
370
50
 62
4
100
AcDbLine
 10
42.24221
 20
-4.135359
 30
0.0
 11
42.208717
 21
-4.134861
 31
0.0
  0
LINE
  5
F00
330
1F
100
AcDbEntity
  8
1
  6
CONTINUOUS
370
50
 62
4
100
AcDbLine
 10
32.934078
 20
3.993555
 30
0.0
 11
32.879726
 21
3.994354
 31
0.0
  0
LINE
  5
F01
330
1F
100
AcDbEntity
  8
1
  6
CONTINUOUS
370
50
 62
4
100
AcDbLine
 10
47.638405
 20
4.357219
 30
0.0
 11
47.533279
 21
4.358688
 31
0.0
  0
LINE
  5
F02
330
1F
100
AcDbEntity
  8
1
  6
CONTINUOUS
370
50
 62
4
100
AcDbLine
 10
34.792072
 20
2.073725
 30
0.0
 11
34.741772
 21
2.074291
 31
0.0
  0
LINE
  5
F03
330
1F
100
AcDbEntity
  8
1
  6
CONTINUOUS
370
50
 62
4
100
AcDbLine
 10
32.879726
 20
3.994354
 30
0.0
 11
32.826569
 21
3.994949
 31
0.0
  0
LINE
  5
F04
330
1F
100
AcDbEntity
  8
1
  6
CONTINUOUS
370
50
 62
4
100
AcDbLine
 10
32.826569
 20
3.994949
 30
0.0
 11
32.774643
 21
3.995369
 31
0.0
  0
LINE
  5
F05
330
1F
100
AcDbEntity
  8
1
  6
CONTINUOUS
370
50
 62
4
100
AcDbLine
 10
34.74221
 20
-4.135492
 30
0.0
 11
34.708511
 21
-4.135248
 31
0.0
  0
LINE
  5
F06
330
1F
100
AcDbEntity
  8
1
  6
CONTINUOUS
370
50
 62
4
100
AcDbLine
 10
32.774643
 20
3.995369
 30
0.0
 11
32.723976
 21
3.995642
 31
0.0
  0
LINE
  5
F07
330
1F
100
AcDbEntity
  8
1
  6
CONTINUOUS
370
50
 62
4
100
AcDbLine
 10
32.723976
 20
3.995642
 30
0.0
 11
32.674606
 21
3.9958
 31
0.0
  0
LINE
  5
F08
330
1F
100
AcDbEntity
  8
1
  6
CONTINUOUS
370
50
 62
4
100
AcDbLine
 10
32.674606
 20
3.9958
 30
0.0
 11
32.626289
 21
3.995867
 31
0.0
  0
LINE
  5
F09
330
1F
100
AcDbEntity
  8
1
  6
CONTINUOUS
370
50
 62
4
100
AcDbLine
 10
45.13279
 20
-4.811999999999999
 30
0.0
 11
45.36721
 21
-4.811999999999999
 31
0.0
  0
LINE
  5
F0A
330
1F
100
AcDbEntity
  8
1
  6
CONTINUOUS
370
50
 62
4
100
AcDbLine
 10
41.38279
 20
-4.811999999999999
 30
0.0
 11
41.61721
 21
-4.811999999999999
 31
0.0
  0
LINE
  5
F0B
330
1F
100
AcDbEntity
  8
1
  6
CONTINUOUS
370
50
 62
4
100
AcDbLine
 10
40.13279
 20
-4.811999999999999
 30
0.0
 11
40.36721
 21
-4.811999999999999
 31
0.0
  0
LINE
  5
F0C
330
1F
100
AcDbEntity
  8
1
  6
CONTINUOUS
370
50
 62
4
100
AcDbLine
 10
38.88279
 20
-4.811999999999999
 30
0.0
 11
39.11721
 21
-4.811999999999999
 31
0.0
  0
LINE
  5
F0D
330
1F
100
AcDbEntity
  8
1
  6
CONTINUOUS
370
50
 62
4
100
AcDbLine
 10
37.63279
 20
-4.811999999999999
 30
0.0
 11
37.86721
 21
-4.811999999999999
 31
0.0
  0
LINE
  5
F0E
330
1F
100
AcDbEntity
  8
1
  6
CONTINUOUS
370
50
 62
4
100
AcDbLine
 10
34.0
 20
-4.811999999999999
 30
0.0
 11
34.11721
 21
-4.811999999999999
 31
0.0
  0
LINE
  5
F0F
330
1F
100
AcDbEntity
  8
1
  6
CONTINUOUS
370
50
 62
4
100
AcDbLine
 10
34.50779
 20
-4.1355
 30
0.0
 11
34.74221
 21
-4.1355
 31
0.0
  0
LINE
  5
F10
330
1F
100
AcDbEntity
  8
1
  6
CONTINUOUS
370
50
 62
4
100
AcDbLine
 10
37.00779
 20
-4.1355
 30
0.0
 11
37.24221
 21
-4.1355
 31
0.0
  0
LINE
  5
F11
330
1F
100
AcDbEntity
  8
1
  6
CONTINUOUS
370
50
 62
4
100
AcDbLine
 10
38.25779
 20
-4.1355
 30
0.0
 11
38.49221
 21
-4.1355
 31
0.0
  0
LINE
  5
F12
330
1F
100
AcDbEntity
  8
1
  6
CONTINUOUS
370
50
 62
4
100
AcDbLine
 10
39.50779
 20
-4.1355
 30
0.0
 11
39.74221
 21
-4.1355
 31
0.0
  0
LINE
  5
F13
330
1F
100
AcDbEntity
  8
1
  6
CONTINUOUS
370
50
 62
4
100
AcDbLine
 10
40.75779
 20
-4.1355
 30
0.0
 11
40.99221
 21
-4.1355
 31
0.0
  0
LINE
  5
F14
330
1F
100
AcDbEntity
  8
1
  6
CONTINUOUS
370
50
 62
4
100
AcDbLine
 10
42.00779
 20
-4.1355
 30
0.0
 11
42.24221
 21
-4.1355
 31
0.0
  0
LINE
  5
F15
330
1F
100
AcDbEntity
  8
1
  6
CONTINUOUS
370
50
 62
4
100
AcDbLine
 10
44.50779
 20
-4.1355
 30
0.0
 11
44.74221
 21
-4.1355
 31
0.0
  0
LINE
  5
F16
330
1F
100
AcDbEntity
  8
1
  6
CONTINUOUS
370
50
 62
4
100
AcDbLine
 10
45.75779
 20
-4.1355
 30
0.0
 11
45.99221
 21
-4.1355
 31
0.0
  0
LINE
  5
F17
330
1F
100
AcDbEntity
  8
1
  6
CONTINUOUS
370
50
 62
4
100
AcDbLine
 10
47.00779
 20
-4.1355
 30
0.0
 11
47.24221
 21
-4.1355
 31
0.0
  0
LINE
  5
F18
330
1F
100
AcDbEntity
  8
1
  6
CONTINUOUS
370
50
 62
4
100
AcDbLine
 10
48.25779
 20
-4.1355
 30
0.0
 11
48.49221
 21
-4.1355
 31
0.0
  0
LINE
  5
F19
330
1F
100
AcDbEntity
  8
1
  6
CONTINUOUS
370
50
 62
4
100
AcDbLine
 10
10.0
 20
-4.0
 30
0.0
 11
33.531193
 21
-4.0
 31
0.0
  0
LINE
  5
F1A
330
1F
100
AcDbEntity
  8
1
  6
CONTINUOUS
370
50
 62
4
100
AcDbLine
 10
10.0
 20
4.0
 30
0.0
 11
33.531193
 21
4.0
 31
0.0
  0
LINE
  5
F1B
330
1F
100
AcDbEntity
  8
1
  6
CONTINUOUS
370
50
 62
4
100
AcDbLine
 10
34.50779
 20
4.1355
 30
0.0
 11
34.74221
 21
4.1355
 31
0.0
  0
LINE
  5
F1C
330
1F
100
AcDbEntity
  8
1
  6
CONTINUOUS
370
50
 62
4
100
AcDbLine
 10
35.75779
 20
4.1355
 30
0.0
 11
35.99221
 21
4.1355
 31
0.0
  0
LINE
  5
F1D
330
1F
100
AcDbEntity
  8
1
  6
CONTINUOUS
370
50
 62
4
100
AcDbLine
 10
37.00779
 20
4.1355
 30
0.0
 11
37.24221
 21
4.1355
 31
0.0
  0
LINE
  5
F1E
330
1F
100
AcDbEntity
  8
1
  6
CONTINUOUS
370
50
 62
4
100
AcDbLine
 10
38.25779
 20
4.1355
 30
0.0
 11
38.49221
 21
4.1355
 31
0.0
  0
LINE
  5
F1F
330
1F
100
AcDbEntity
  8
1
  6
CONTINUOUS
370
50
 62
4
100
AcDbLine
 10
40.75779
 20
4.1355
 30
0.0
 11
40.99221
 21
4.1355
 31
0.0
  0
LINE
  5
F20
330
1F
100
AcDbEntity
  8
1
  6
CONTINUOUS
370
50
 62
4
100
AcDbLine
 10
42.00779
 20
4.1355
 30
0.0
 11
42.24221
 21
4.1355
 31
0.0
  0
LINE
  5
F21
330
1F
100
AcDbEntity
  8
1
  6
CONTINUOUS
370
50
 62
4
100
AcDbLine
 10
43.25779
 20
4.1355
 30
0.0
 11
43.49221
 21
4.1355
 31
0.0
  0
LINE
  5
F22
330
1F
100
AcDbEntity
  8
1
  6
CONTINUOUS
370
50
 62
4
100
AcDbLine
 10
44.50779
 20
4.1355
 30
0.0
 11
44.74221
 21
4.1355
 31
0.0
  0
LINE
  5
F23
330
1F
100
AcDbEntity
  8
1
  6
CONTINUOUS
370
50
 62
4
100
AcDbLine
 10
45.75779
 20
4.1355
 30
0.0
 11
45.99221
 21
4.1355
 31
0.0
  0
LINE
  5
F24
330
1F
100
AcDbEntity
  8
1
  6
CONTINUOUS
370
50
 62
4
100
AcDbLine
 10
48.25779
 20
4.1355
 30
0.0
 11
48.49221
 21
4.1355
 31
0.0
  0
LINE
  5
F25
330
1F
100
AcDbEntity
  8
1
  6
CONTINUOUS
370
50
 62
4
100
AcDbLine
 10
45.13279
 20
4.811999999999999
 30
0.0
 11
45.36721
 21
4.811999999999999
 31
0.0
  0
LINE
  5
F26
330
1F
100
AcDbEntity
  8
1
  6
CONTINUOUS
370
50
 62
4
100
AcDbLine
 10
43.88279
 20
4.811999999999999
 30
0.0
 11
44.11721
 21
4.811999999999999
 31
0.0
  0
LINE
  5
F27
330
1F
100
AcDbEntity
  8
1
  6
CONTINUOUS
370
50
 62
4
100
AcDbLine
 10
42.63279
 20
4.811999999999999
 30
0.0
 11
42.86721
 21
4.811999999999999
 31
0.0
  0
LINE
  5
F28
330
1F
100
AcDbEntity
  8
1
  6
CONTINUOUS
370
50
 62
4
100
AcDbLine
 10
41.38279
 20
4.811999999999999
 30
0.0
 11
41.61721
 21
4.811999999999999
 31
0.0
  0
LINE
  5
F29
330
1F
100
AcDbEntity
  8
1
  6
CONTINUOUS
370
50
 62
4
100
AcDbLine
 10
37.63279
 20
4.811999999999999
 30
0.0
 11
37.86721
 21
4.811999999999999
 31
0.0
  0
LINE
  5
F2A
330
1F
100
AcDbEntity
  8
1
  6
CONTINUOUS
370
50
 62
4
100
AcDbLine
 10
36.38279
 20
4.811999999999999
 30
0.0
 11
36.61721
 21
4.811999999999999
 31
0.0
  0
LINE
  5
F2B
330
1F
100
AcDbEntity
  8
1
  6
CONTINUOUS
370
50
 62
4
100
AcDbLine
 10
34.0
 20
4.811999999999999
 30
0.0
 11
34.11721
 21
4.811999999999999
 31
0.0
  0
LINE
  5
F2C
330
1F
100
AcDbEntity
  8
1
  6
CONTINUOUS
370
50
 62
4
100
AcDbLine
 10
35.13279
 20
4.811999999999999
 30
0.0
 11
35.36721
 21
4.811999999999999
 31
0.0
  0
LINE
  5
F2D
330
1F
100
AcDbEntity
  8
1
  6
CONTINUOUS
370
50
 62
4
100
AcDbLine
 10
32.578087
 20
3.995836
 30
0.0
 11
32.626289
 21
3.995867
 31
0.0
  0
LINE
  5
F2E
330
1F
100
AcDbEntity
  8
1
  6
CONTINUOUS
370
50
 62
4
100
AcDbLine
 10
32.592545
 20
-2.155754
 30
0.0
 11
32.645893
 21
-2.155685
 31
0.0
  0
LINE
  5
F2F
330
1F
100
AcDbEntity
  8
1
  6
CONTINUOUS
370
50
 62
4
100
AcDbLine
 10
48.082108
 20
3.630856
 30
0.0
 11
48.200329
 21
3.631133
 31
0.0
  0
LINE
  5
F30
330
1F
100
AcDbEntity
  8
1
  6
CONTINUOUS
370
50
 62
4
100
AcDbLine
 10
32.530052
 20
3.995689
 30
0.0
 11
32.578087
 21
3.995836
 31
0.0
  0
LINE
  5
F31
330
1F
100
AcDbEntity
  8
1
  6
CONTINUOUS
370
50
 62
4
100
AcDbLine
 10
32.482342
 20
3.995408
 30
0.0
 11
32.530052
 21
3.995689
 31
0.0
  0
LINE
  5
F32
330
1F
100
AcDbEntity
  8
1
  6
CONTINUOUS
370
50
 62
4
100
AcDbLine
 10
39.11721
 20
-3.03719
 30
0.0
 11
39.17207
 21
-3.036783
 31
0.0
  0
LINE
  5
F33
330
1F
100
AcDbEntity
  8
1
  6
CONTINUOUS
370
50
 62
4
100
AcDbLine
 10
32.435104
 20
3.994976
 30
0.0
 11
32.482342
 21
3.995408
 31
0.0
  0
LINE
  5
F34
330
1F
100
AcDbEntity
  8
1
  6
CONTINUOUS
370
50
 62
4
100
AcDbLine
 10
32.3885
 20
3.994375
 30
0.0
 11
32.435104
 21
3.994976
 31
0.0
  0
LINE
  5
F35
330
1F
100
AcDbEntity
  8
1
  6
CONTINUOUS
370
50
 62
4
100
AcDbLine
 10
32.342697
 20
3.993586
 30
0.0
 11
32.3885
 21
3.994375
 31
0.0
  0
LINE
  5
F36
330
1F
100
AcDbEntity
  8
1
  6
CONTINUOUS
370
50
 62
4
100
AcDbLine
 10
42.201229
 20
-3.792476
 30
0.0
 11
42.433392
 21
-3.787568
 31
0.0
  0
LINE
  5
F37
330
1F
100
AcDbEntity
  8
1
  6
CONTINUOUS
370
50
 62
4
100
AcDbLine
 10
32.298035
 20
3.992575
 30
0.0
 11
32.342697
 21
3.993586
 31
0.0
  0
LINE
  5
F38
330
1F
100
AcDbEntity
  8
1
  6
CONTINUOUS
370
50
 62
4
100
AcDbLine
 10
47.428444
 20
4.356096
 30
0.0
 11
47.533279
 21
4.358688
 31
0.0
  0
LINE
  5
F39
330
1F
100
AcDbEntity
  8
1
  6
CONTINUOUS
370
50
 62
4
100
AcDbLine
 10
32.254795
 20
3.99129
 30
0.0
 11
32.298035
 21
3.992575
 31
0.0
  0
LINE
  5
F3A
330
1F
100
AcDbEntity
  8
1
  6
CONTINUOUS
370
50
 62
4
100
AcDbLine
 10
32.213211
 20
3.989673
 30
0.0
 11
32.254795
 21
3.99129
 31
0.0
  0
LINE
  5
F3B
330
1F
100
AcDbEntity
  8
1
  6
CONTINUOUS
370
50
 62
4
100
AcDbLine
 10
32.539349
 20
-2.158328
 30
0.0
 11
32.592545
 21
-2.155754
 31
0.0
  0
LINE
  5
F3C
330
1F
100
AcDbEntity
  8
1
  6
CONTINUOUS
370
50
 62
4
100
AcDbLine
 10
32.173531
 20
3.98767
 30
0.0
 11
32.213211
 21
3.989673
 31
0.0
  0
LINE
  5
F3D
330
1F
100
AcDbEntity
  8
1
  6
CONTINUOUS
370
50
 62
4
100
AcDbLine
 10
39.17207
 20
-3.036783
 30
0.0
 11
39.227268
 21
-3.033295
 31
0.0
  0
LINE
  5
F3E
330
1F
100
AcDbEntity
  8
1
  6
CONTINUOUS
370
50
 62
4
100
AcDbLine
 10
32.136051
 20
3.985229
 30
0.0
 11
32.173531
 21
3.98767
 31
0.0
  0
LINE
  5
F3F
330
1F
100
AcDbEntity
  8
1
  6
CONTINUOUS
370
50
 62
4
100
AcDbLine
 10
34.620926
 20
-3.817245
 30
0.0
 11
34.774803
 21
-3.807022
 31
0.0
  0
LINE
  5
F40
330
1F
100
AcDbEntity
  8
1
  6
CONTINUOUS
370
50
 62
4
100
AcDbLine
 10
32.10136
 20
3.982302
 30
0.0
 11
32.136051
 21
3.985229
 31
0.0
  0
LINE
  5
F41
330
1F
100
AcDbEntity
  8
1
  6
CONTINUOUS
370
50
 62
4
100
AcDbLine
 10
32.486507
 20
-2.163526
 30
0.0
 11
32.539349
 21
-2.158328
 31
0.0
  0
LINE
  5
F42
330
1F
100
AcDbEntity
  8
1
  6
CONTINUOUS
370
50
 62
4
100
AcDbLine
 10
0.0
 20
-5.0
 30
0.0
 11
10.0
 21
-4.0
 31
0.0
  0
LINE
  5
F43
330
1F
100
AcDbEntity
  8
1
  6
CONTINUOUS
370
50
 62
4
100
AcDbLine
 10
46.72963
 20
-3.014812
 30
0.0
 11
46.768906
 21
-3.010839
 31
0.0
  0
LINE
  5
F44
330
1F
100
AcDbEntity
  8
1
  6
CONTINUOUS
370
50
 62
4
100
AcDbLine
 10
32.069698
 20
3.978827
 30
0.0
 11
32.10136
 21
3.982302
 31
0.0
  0
LINE
  5
F45
330
1F
100
AcDbEntity
  8
1
  6
CONTINUOUS
370
50
 62
4
100
AcDbLine
 10
34.774803
 20
-3.807022
 30
0.0
 11
34.928295
 21
-3.789709
 31
0.0
  0
LINE
  5
F46
330
1F
100
AcDbEntity
  8
1
  6
CONTINUOUS
370
50
 62
4
100
AcDbLine
 10
39.227268
 20
-3.033295
 30
0.0
 11
39.282761
 21
-3.02671
 31
0.0
  0
LINE
  5
F47
330
1F
100
AcDbEntity
  8
1
  6
CONTINUOUS
370
50
 62
4
100
AcDbLine
 10
40.333717
 20
4.787766
 30
0.0
 11
40.36721
 21
4.792057
 31
0.0
  0
LINE
  5
F48
330
1F
100
AcDbEntity
  8
1
  6
CONTINUOUS
370
50
 62
4
100
AcDbLine
 10
42.63279
 20
-4.791849
 30
0.0
 11
42.666279
 21
-4.787535999999999
 31
0.0
  0
LINE
  5
F49
330
1F
100
AcDbEntity
  8
1
  6
CONTINUOUS
370
50
 62
4
100
AcDbLine
 10
35.13279
 20
-4.7894
 30
0.0
 11
35.166233
 21
-4.784822
 31
0.0
  0
LINE
  5
F4A
330
1F
100
AcDbEntity
  8
1
  6
CONTINUOUS
370
50
 62
4
100
AcDbLine
 10
46.768906
 20
-3.010839
 30
0.0
 11
46.808334
 21
-3.005309
 31
0.0
  0
LINE
  5
F4B
330
1F
100
AcDbEntity
  8
1
  6
CONTINUOUS
370
50
 62
4
100
AcDbLine
 10
36.327763
 20
3.008164
 30
0.0
 11
36.382809
 21
3.015901
 31
0.0
  0
LINE
  5
F4C
330
1F
100
AcDbEntity
  8
1
  6
CONTINUOUS
370
50
 62
4
100
AcDbLine
 10
40.300224
 20
4.783058
 30
0.0
 11
40.333717
 21
4.787766
 31
0.0
  0
LINE
  5
F4D
330
1F
100
AcDbEntity
  8
1
  6
CONTINUOUS
370
50
 62
4
100
AcDbLine
 10
42.666279
 20
-4.787535999999999
 30
0.0
 11
42.69976399999999
 21
-4.782808
 31
0.0
  0
LINE
  5
F4E
330
1F
100
AcDbEntity
  8
1
  6
CONTINUOUS
370
50
 62
4
100
AcDbLine
 10
32.041241
 20
3.974736
 30
0.0
 11
32.069698
 21
3.978827
 31
0.0
  0
LINE
  5
F4F
330
1F
100
AcDbEntity
  8
1
  6
CONTINUOUS
370
50
 62
4
100
AcDbLine
 10
35.166233
 20
-4.784822
 30
0.0
 11
35.199688
 21
-4.779827
 31
0.0
  0
LINE
  5
F50
330
1F
100
AcDbEntity
  8
1
  6
CONTINUOUS
370
50
 62
4
100
AcDbLine
 10
43.827057
 20
3.027175
 30
0.0
 11
43.882805
 21
3.035596
 31
0.0
  0
LINE
  5
F51
330
1F
100
AcDbEntity
  8
1
  6
CONTINUOUS
370
50
 62
4
100
AcDbLine
 10
32.434235
 20
-2.171464
 30
0.0
 11
32.486507
 21
-2.163526
 31
0.0
  0
LINE
  5
F52
330
1F
100
AcDbEntity
  8
1
  6
CONTINUOUS
370
50
 62
4
100
AcDbLine
 10
40.266735
 20
4.777934
 30
0.0
 11
40.300224
 21
4.783058
 31
0.0
  0
LINE
  5
F53
330
1F
100
AcDbEntity
  8
1
  6
CONTINUOUS
370
50
 62
4
100
AcDbLine
 10
42.69976399999999
 20
-4.782808
 30
0.0
 11
42.733253
 21
-4.777663
 31
0.0
  0
LINE
  5
F54
330
1F
100
AcDbEntity
  8
1
  6
CONTINUOUS
370
50
 62
4
100
AcDbLine
 10
35.199688
 20
-4.779827
 30
0.0
 11
35.23314999999999
 21
-4.774413
 31
0.0
  0
LINE
  5
F55
330
1F
100
AcDbEntity
  8
1
  6
CONTINUOUS
370
50
 62
4
100
AcDbLine
 10
40.233246
 20
4.772393999999999
 30
0.0
 11
40.266735
 21
4.777934
 31
0.0
  0
LINE
  5
F56
330
1F
100
AcDbEntity
  8
1
  6
CONTINUOUS
370
50
 62
4
100
AcDbLine
 10
42.733253
 20
-4.777663
 30
0.0
 11
42.766739
 21
-4.772103
 31
0.0
  0
LINE
  5
F57
330
1F
100
AcDbEntity
  8
1
  6
CONTINUOUS
370
50
 62
4
100
AcDbLine
 10
39.282761
 20
-3.02671
 30
0.0
 11
39.33855399999999
 21
-3.017012
 31
0.0
  0
LINE
  5
F58
330
1F
100
AcDbEntity
  8
1
  6
CONTINUOUS
370
50
 62
4
100
AcDbLine
 10
35.23314999999999
 20
-4.774413
 30
0.0
 11
35.266632
 21
-4.768581999999999
 31
0.0
  0
LINE
  5
F59
330
1F
100
AcDbEntity
  8
1
  6
CONTINUOUS
370
50
 62
4
100
AcDbLine
 10
40.199757
 20
4.766438
 30
0.0
 11
40.233246
 21
4.772393999999999
 31
0.0
  0
LINE
  5
F5A
330
1F
100
AcDbEntity
  8
1
  6
CONTINUOUS
370
50
 62
4
100
AcDbLine
 10
42.766739
 20
-4.772103
 30
0.0
 11
42.800228
 21
-4.766128
 31
0.0
  0
LINE
  5
F5B
330
1F
100
AcDbEntity
  8
1
  6
CONTINUOUS
370
50
 62
4
100
AcDbLine
 10
46.808334
 20
-3.005309
 30
0.0
 11
46.847912
 21
-2.998214
 31
0.0
  0
LINE
  5
F5C
330
1F
100
AcDbEntity
  8
1
  6
CONTINUOUS
370
50
 62
4
100
AcDbLine
 10
35.266632
 20
-4.768581999999999
 30
0.0
 11
35.300133
 21
-4.762334
 31
0.0
  0
LINE
  5
F5D
330
1F
100
AcDbEntity
  8
1
  6
CONTINUOUS
370
50
 62
4
100
AcDbLine
 10
40.16627099999999
 20
4.760066999999999
 30
0.0
 11
40.199757
 21
4.766438
 31
0.0
  0
LINE
  5
F5E
330
1F
100
AcDbEntity
  8
1
  6
CONTINUOUS
370
50
 62
4
100
AcDbLine
 10
32.016193
 20
3.969969
 30
0.0
 11
32.041241
 21
3.974736
 31
0.0
  0
LINE
  5
F5F
330
1F
100
AcDbEntity
  8
1
  6
CONTINUOUS
370
50
 62
4
100
AcDbLine
 10
42.800228
 20
-4.766128
 30
0.0
 11
42.833717
 21
-4.759738
 31
0.0
  0
LINE
  5
F60
330
1F
100
AcDbEntity
  8
1
  6
CONTINUOUS
370
50
 62
4
100
AcDbLine
 10
36.272366
 20
2.997476
 30
0.0
 11
36.327763
 21
3.008164
 31
0.0
  0
LINE
  5
F61
330
1F
100
AcDbEntity
  8
1
  6
CONTINUOUS
370
50
 62
4
100
AcDbLine
 10
35.300133
 20
-4.762334
 30
0.0
 11
35.33366
 21
-4.755672
 31
0.0
  0
LINE
  5
F62
330
1F
100
AcDbEntity
  8
1
  6
CONTINUOUS
370
50
 62
4
100
AcDbLine
 10
40.13279
 20
4.753282
 30
0.0
 11
40.16627099999999
 21
4.760066999999999
 31
0.0
  0
LINE
  5
F63
330
1F
100
AcDbEntity
  8
1
  6
CONTINUOUS
370
50
 62
4
100
AcDbLine
 10
42.833717
 20
-4.759738
 30
0.0
 11
42.86721
 21
-4.752934
 31
0.0
  0
LINE
  5
F64
330
1F
100
AcDbEntity
  8
1
  6
CONTINUOUS
370
50
 62
4
100
AcDbLine
 10
43.771297
 20
3.015825
 30
0.0
 11
43.827057
 21
3.027175
 31
0.0
  0
LINE
  5
F65
330
1F
100
AcDbEntity
  8
1
  6
CONTINUOUS
370
50
 62
4
100
AcDbLine
 10
32.38274
 20
-2.182263
 30
0.0
 11
32.434235
 21
-2.171464
 31
0.0
  0
LINE
  5
F66
330
1F
100
AcDbEntity
  8
1
  6
CONTINUOUS
370
50
 62
4
100
AcDbLine
 10
35.33366
 20
-4.755672
 30
0.0
 11
35.36721
 21
-4.748594
 31
0.0
  0
LINE
  5
F67
330
1F
100
AcDbEntity
  8
1
  6
CONTINUOUS
370
50
 62
4
100
AcDbLine
 10
33.995907
 20
3.244586
 30
0.0
 11
33.999989
 21
3.245465
 31
0.0
  0
LINE
  5
F68
330
1F
100
AcDbEntity
  8
1
  6
CONTINUOUS
370
50
 62
4
100
AcDbLine
 10
33.991821
 20
3.2437
 30
0.0
 11
33.995907
 21
3.244586
 31
0.0
  0
LINE
  5
F69
330
1F
100
AcDbEntity
  8
1
  6
CONTINUOUS
370
50
 62
4
100
AcDbLine
 10
33.987728
 20
3.242808
 30
0.0
 11
33.991821
 21
3.2437
 31
0.0
  0
LINE
  5
F6A
330
1F
100
AcDbEntity
  8
1
  6
CONTINUOUS
370
50
 62
4
100
AcDbLine
 10
46.847912
 20
-2.998214
 30
0.0
 11
46.887642
 21
-2.989549
 31
0.0
  0
LINE
  5
F6B
330
1F
100
AcDbEntity
  8
1
  6
CONTINUOUS
370
50
 62
4
100
AcDbLine
 10
33.983631
 20
3.24191
 30
0.0
 11
33.987728
 21
3.242808
 31
0.0
  0
LINE
  5
F6C
330
1F
100
AcDbEntity
  8
1
  6
CONTINUOUS
370
50
 62
4
100
AcDbLine
 10
33.979527
 20
3.241006
 30
0.0
 11
33.983631
 21
3.24191
 31
0.0
  0
LINE
  5
F6D
330
1F
100
AcDbEntity
  8
1
  6
CONTINUOUS
370
50
 62
4
100
AcDbLine
 10
33.975414
 20
3.240096
 30
0.0
 11
33.979527
 21
3.241006
 31
0.0
  0
LINE
  5
F6E
330
1F
100
AcDbEntity
  8
1
  6
CONTINUOUS
370
50
 62
4
100
AcDbLine
 10
33.971298
 20
3.23918
 30
0.0
 11
33.975414
 21
3.240096
 31
0.0
  0
LINE
  5
F6F
330
1F
100
AcDbEntity
  8
1
  6
CONTINUOUS
370
50
 62
4
100
AcDbLine
 10
46.323757
 20
-4.709754999999999
 30
0.0
 11
46.729633
 21
-4.61728
 31
0.0
  0
LINE
  5
F70
330
1F
100
AcDbEntity
  8
1
  6
CONTINUOUS
370
50
 62
4
100
AcDbLine
 10
47.428444
 20
-4.458063999999999
 30
0.0
 11
48.168968
 21
-4.289342
 31
0.0
  0
LINE
  5
F71
330
1F
100
AcDbEntity
  8
1
  6
CONTINUOUS
370
50
 62
4
100
AcDbLine
 10
48.533131
 20
-4.206372
 30
0.0
 11
49.0
 21
-4.1
 31
0.0
  0
LINE
  5
F72
330
1F
100
AcDbEntity
  8
1
  6
CONTINUOUS
370
50
 62
4
100
AcDbLine
 10
41.617195
 20
-3.386574
 30
0.0
 11
41.672043
 21
-3.374065
 31
0.0
  0
LINE
  5
F73
330
1F
100
AcDbEntity
  8
1
  6
CONTINUOUS
370
50
 62
4
100
AcDbLine
 10
39.33855399999999
 20
-3.017012
 30
0.0
 11
39.39465
 21
-3.004185
 31
0.0
  0
LINE
  5
F74
330
1F
100
AcDbEntity
  8
1
  6
CONTINUOUS
370
50
 62
4
100
AcDbLine
 10
36.21661
 20
2.98381
 30
0.0
 11
36.272366
 21
2.997476
 31
0.0
  0
LINE
  5
F75
330
1F
100
AcDbEntity
  8
1
  6
CONTINUOUS
370
50
 62
4
100
AcDbLine
 10
43.715519
 20
3.001576
 30
0.0
 11
43.771297
 21
3.015825
 31
0.0
  0
LINE
  5
F76
330
1F
100
AcDbEntity
  8
1
  6
CONTINUOUS
370
50
 62
4
100
AcDbLine
 10
31.995003
 20
3.964536
 30
0.0
 11
32.016193
 21
3.969969
 31
0.0
  0
LINE
  5
F77
330
1F
100
AcDbEntity
  8
1
  6
CONTINUOUS
370
50
 62
4
100
AcDbLine
 10
46.887642
 20
-2.989549
 30
0.0
 11
46.927528
 21
-2.979305
 31
0.0
  0
LINE
  5
F78
330
1F
100
AcDbEntity
  8
1
  6
CONTINUOUS
370
50
 62
4
100
AcDbLine
 10
32.332268
 20
-2.19603
 30
0.0
 11
32.38274
 21
-2.182263
 31
0.0
  0
LINE
  5
F79
330
1F
100
AcDbEntity
  8
1
  6
CONTINUOUS
370
50
 62
4
100
AcDbLine
 10
41.672043
 20
-3.374065
 30
0.0
 11
41.727207
 21
-3.358536
 31
0.0
  0
LINE
  5
F7A
330
1F
100
AcDbEntity
  8
1
  6
CONTINUOUS
370
50
 62
4
100
AcDbLine
 10
39.39465
 20
-3.004185
 30
0.0
 11
39.451054
 21
-2.988214
 31
0.0
  0
LINE
  5
F7B
330
1F
100
AcDbEntity
  8
1
  6
CONTINUOUS
370
50
 62
4
100
AcDbLine
 10
34.117172
 20
-3.406329
 30
0.0
 11
34.174774
 21
-3.389706
 31
0.0
  0
LINE
  5
F7C
330
1F
100
AcDbEntity
  8
1
  6
CONTINUOUS
370
50
 62
4
100
AcDbLine
 10
46.927528
 20
-2.979305
 30
0.0
 11
46.967571
 21
-2.967476
 31
0.0
  0
LINE
  5
F7D
330
1F
100
AcDbEntity
  8
1
  6
CONTINUOUS
370
50
 62
4
100
AcDbLine
 10
39.716442
 20
3.992653
 30
0.0
 11
39.74221
 21
4.000287999999999
 31
0.0
  0
LINE
  5
F7E
330
1F
100
AcDbEntity
  8
1
  6
CONTINUOUS
370
50
 62
4
100
AcDbLine
 10
36.160671
 20
2.967196
 30
0.0
 11
36.21661
 21
2.98381
 31
0.0
  0
LINE
  5
F7F
330
1F
100
AcDbEntity
  8
1
  6
CONTINUOUS
370
50
 62
4
100
AcDbLine
 10
47.219559
 20
3.987927
 30
0.0
 11
47.24221
 21
3.994757
 31
0.0
  0
LINE
  5
F80
330
1F
100
AcDbEntity
  8
1
  6
CONTINUOUS
370
50
 62
4
100
AcDbLine
 10
39.690678
 20
3.984813
 30
0.0
 11
39.716442
 21
3.992653
 31
0.0
  0
LINE
  5
F81
330
1F
100
AcDbEntity
  8
1
  6
CONTINUOUS
370
50
 62
4
100
AcDbLine
 10
43.659729
 20
2.984462
 30
0.0
 11
43.715519
 21
3.001576
 31
0.0
  0
LINE
  5
F82
330
1F
100
AcDbEntity
  8
1
  6
CONTINUOUS
370
50
 62
4
100
AcDbLine
 10
47.196907
 20
3.980939
 30
0.0
 11
47.219559
 21
3.987927
 31
0.0
  0
LINE
  5
F83
330
1F
100
AcDbEntity
  8
1
  6
CONTINUOUS
370
50
 62
4
100
AcDbLine
 10
39.664909
 20
3.976768
 30
0.0
 11
39.690678
 21
3.984813
 31
0.0
  0
LINE
  5
F84
330
1F
100
AcDbEntity
  8
1
  6
CONTINUOUS
370
50
 62
4
100
AcDbLine
 10
34.174774
 20
-3.389706
 30
0.0
 11
34.231682
 21
-3.37192
 31
0.0
  0
LINE
  5
F85
330
1F
100
AcDbEntity
  8
1
  6
CONTINUOUS
370
50
 62
4
100
AcDbLine
 10
43.25779
 20
-3.980522
 30
0.0
 11
43.272671
 21
-3.975843
 31
0.0
  0
LINE
  5
F86
330
1F
100
AcDbEntity
  8
1
  6
CONTINUOUS
370
50
 62
4
100
AcDbLine
 10
47.174255
 20
3.973793
 30
0.0
 11
47.196907
 21
3.980939
 31
0.0
  0
LINE
  5
F87
330
1F
100
AcDbEntity
  8
1
  6
CONTINUOUS
370
50
 62
4
100
AcDbLine
 10
43.272671
 20
-3.975843
 30
0.0
 11
43.287552
 21
-3.971095
 31
0.0
  0
LINE
  5
F88
330
1F
100
AcDbEntity
  8
1
  6
CONTINUOUS
370
50
 62
4
100
AcDbLine
 10
39.639145
 20
3.968518
 30
0.0
 11
39.664909
 21
3.976768
 31
0.0
  0
LINE
  5
F89
330
1F
100
AcDbEntity
  8
1
  6
CONTINUOUS
370
50
 62
4
100
AcDbLine
 10
35.75779
 20
-3.974399
 30
0.0
 11
35.769394
 21
-3.970683
 31
0.0
  0
LINE
  5
F8A
330
1F
100
AcDbEntity
  8
1
  6
CONTINUOUS
370
50
 62
4
100
AcDbLine
 10
47.151608
 20
3.966488
 30
0.0
 11
47.174255
 21
3.973793
 31
0.0
  0
LINE
  5
F8B
330
1F
100
AcDbEntity
  8
1
  6
CONTINUOUS
370
50
 62
4
100
AcDbLine
 10
43.287552
 20
-3.971095
 30
0.0
 11
43.302433
 21
-3.96628
 31
0.0
  0
LINE
  5
F8C
330
1F
100
AcDbEntity
  8
1
  6
CONTINUOUS
370
50
 62
4
100
AcDbLine
 10
35.769394
 20
-3.970683
 30
0.0
 11
35.780998
 21
-3.966926
 31
0.0
  0
LINE
  5
F8D
330
1F
100
AcDbEntity
  8
1
  6
CONTINUOUS
370
50
 62
4
100
AcDbLine
 10
35.780998
 20
-3.966926
 30
0.0
 11
35.792606
 21
-3.963128
 31
0.0
  0
LINE
  5
F8E
330
1F
100
AcDbEntity
  8
1
  6
CONTINUOUS
370
50
 62
4
100
AcDbLine
 10
39.613377
 20
3.960064
 30
0.0
 11
39.639145
 21
3.968518
 31
0.0
  0
LINE
  5
F8F
330
1F
100
AcDbEntity
  8
1
  6
CONTINUOUS
370
50
 62
4
100
AcDbLine
 10
43.302433
 20
-3.96628
 30
0.0
 11
43.31731
 21
-3.961396
 31
0.0
  0
LINE
  5
F90
330
1F
100
AcDbEntity
  8
1
  6
CONTINUOUS
370
50
 62
4
100
AcDbLine
 10
47.128963
 20
3.959026
 30
0.0
 11
47.151608
 21
3.966488
 31
0.0
  0
LINE
  5
F91
330
1F
100
AcDbEntity
  8
1
  6
CONTINUOUS
370
50
 62
4
100
AcDbLine
 10
35.792606
 20
-3.963128
 30
0.0
 11
35.804218
 21
-3.959288
 31
0.0
  0
LINE
  5
F92
330
1F
100
AcDbEntity
  8
1
  6
CONTINUOUS
370
50
 62
4
100
AcDbLine
 10
43.31731
 20
-3.961396
 30
0.0
 11
43.33219099999999
 21
-3.956444
 31
0.0
  0
LINE
  5
F93
330
1F
100
AcDbEntity
  8
1
  6
CONTINUOUS
370
50
 62
4
100
AcDbLine
 10
46.967571
 20
-2.967476
 30
0.0
 11
47.007771
 21
-2.954055
 31
0.0
  0
LINE
  5
F94
330
1F
100
AcDbEntity
  8
1
  6
CONTINUOUS
370
50
 62
4
100
AcDbLine
 10
35.804218
 20
-3.959288
 30
0.0
 11
35.815826
 21
-3.955408
 31
0.0
  0
LINE
  5
F95
330
1F
100
AcDbEntity
  8
1
  6
CONTINUOUS
370
50
 62
4
100
AcDbLine
 10
41.727207
 20
-3.358536
 30
0.0
 11
41.782692
 21
-3.339967
 31
0.0
  0
LINE
  5
F96
330
1F
100
AcDbEntity
  8
1
  6
CONTINUOUS
370
50
 62
4
100
AcDbLine
 10
39.587612
 20
3.951405
 30
0.0
 11
39.613377
 21
3.960064
 31
0.0
  0
LINE
  5
F97
330
1F
100
AcDbEntity
  8
1
  6
CONTINUOUS
370
50
 62
4
100
AcDbLine
 10
47.106316
 20
3.951405
 30
0.0
 11
47.128963
 21
3.959026
 31
0.0
  0
LINE
  5
F98
330
1F
100
AcDbEntity
  8
1
  6
CONTINUOUS
370
50
 62
4
100
AcDbLine
 10
39.451054
 20
-2.988214
 30
0.0
 11
39.507771
 21
-2.969084
 31
0.0
  0
LINE
  5
F99
330
1F
100
AcDbEntity
  8
1
  6
CONTINUOUS
370
50
 62
4
100
AcDbLine
 10
43.33219099999999
 20
-3.956444
 30
0.0
 11
43.347065
 21
-3.951424
 31
0.0
  0
LINE
  5
F9A
330
1F
100
AcDbEntity
  8
1
  6
CONTINUOUS
370
50
 62
4
100
AcDbLine
 10
35.815826
 20
-3.955408
 30
0.0
 11
35.827438
 21
-3.951486
 31
0.0
  0
LINE
  5
F9B
330
1F
100
AcDbEntity
  8
1
  6
CONTINUOUS
370
50
 62
4
100
AcDbLine
 10
32.283283
 20
-2.212797
 30
0.0
 11
32.332268
 21
-2.19603
 31
0.0
  0
LINE
  5
F9C
330
1F
100
AcDbEntity
  8
1
  6
CONTINUOUS
370
50
 62
4
100
AcDbLine
 10
34.231682
 20
-3.37192
 30
0.0
 11
34.288067
 21
-3.352562
 31
0.0
  0
LINE
  5
F9D
330
1F
100
AcDbEntity
  8
1
  6
CONTINUOUS
370
50
 62
4
100
AcDbLine
 10
36.104656
 20
2.947686
 30
0.0
 11
36.160671
 21
2.967196
 31
0.0
  0
LINE
  5
F9E
330
1F
100
AcDbEntity
  8
1
  6
CONTINUOUS
370
50
 62
4
100
AcDbLine
 10
31.977766
 20
3.958438
 30
0.0
 11
31.995003
 21
3.964536
 31
0.0
  0
LINE
  5
F9F
330
1F
100
AcDbEntity
  8
1
  6
CONTINUOUS
370
50
 62
4
100
AcDbLine
 10
43.603916
 20
2.964515
 30
0.0
 11
43.659729
 21
2.984462
 31
0.0
  0
LINE
  5
FA0
330
1F
100
AcDbEntity
  8
1
  6
CONTINUOUS
370
50
 62
4
100
AcDbLine
 10
41.327953
 20
3.36539
 30
0.0
 11
41.382793
 21
3.385025
 31
0.0
  0
LINE
  5
FA1
330
1F
100
AcDbEntity
  8
1
  6
CONTINUOUS
370
50
 62
4
100
AcDbLine
 10
34.288067
 20
-3.352562
 30
0.0
 11
34.344105
 21
-3.331223
 31
0.0
  0
LINE
  5
FA2
330
1F
100
AcDbEntity
  8
1
  6
CONTINUOUS
370
50
 62
4
100
AcDbLine
 10
41.782692
 20
-3.339967
 30
0.0
 11
41.838493
 21
-3.318346
 31
0.0
  0
LINE
  5
FA3
330
1F
100
AcDbEntity
  8
1
  6
CONTINUOUS
370
50
 62
4
100
AcDbLine
 10
36.048519
 20
2.925293
 30
0.0
 11
36.104656
 21
2.947686
 31
0.0
  0
LINE
  5
FA4
330
1F
100
AcDbEntity
  8
1
  6
CONTINUOUS
370
50
 62
4
100
AcDbLine
 10
43.54808
 20
2.941769
 30
0.0
 11
43.603916
 21
2.964515
 31
0.0
  0
LINE
  5
FA5
330
1F
100
AcDbEntity
  8
1
  6
CONTINUOUS
370
50
 62
4
100
AcDbLine
 10
41.2728
 20
3.342906
 30
0.0
 11
41.327953
 21
3.36539
 31
0.0
  0
LINE
  5
FA6
330
1F
100
AcDbEntity
  8
1
  6
CONTINUOUS
370
50
 62
4
100
AcDbLine
 10
32.236134
 20
-2.232592
 30
0.0
 11
32.283283
 21
-2.212797
 31
0.0
  0
LINE
  5
FA7
330
1F
100
AcDbEntity
  8
1
  6
CONTINUOUS
370
50
 62
4
100
AcDbLine
 10
34.344105
 20
-3.331223
 30
0.0
 11
34.399967
 21
-3.307496
 31
0.0
  0
LINE
  5
FA8
330
1F
100
AcDbEntity
  8
1
  6
CONTINUOUS
370
50
 62
4
100
AcDbLine
 10
41.838493
 20
-3.318346
 30
0.0
 11
41.894608
 21
-3.293657
 31
0.0
  0
LINE
  5
FA9
330
1F
100
AcDbEntity
  8
1
  6
CONTINUOUS
370
50
 62
4
100
AcDbLine
 10
35.99221
 20
2.90003
 30
0.0
 11
36.048519
 21
2.925293
 31
0.0
  0
LINE
  5
FAA
330
1F
100
AcDbEntity
  8
1
  6
CONTINUOUS
370
50
 62
4
100
AcDbLine
 10
43.492218
 20
2.916255
 30
0.0
 11
43.54808
 21
2.941769
 31
0.0
  0
LINE
  5
FAB
330
1F
100
AcDbEntity
  8
1
  6
CONTINUOUS
370
50
 62
4
100
AcDbLine
 10
41.21737299999999
 20
3.317578
 30
0.0
 11
41.2728
 21
3.342906
 31
0.0
  0
LINE
  5
FAC
330
1F
100
AcDbEntity
  8
1
  6
CONTINUOUS
370
50
 62
4
100
AcDbLine
 10
34.399967
 20
-3.307496
 30
0.0
 11
34.455345
 21
-3.281233
 31
0.0
  0
LINE
  5
FAD
330
1F
100
AcDbEntity
  8
1
  6
CONTINUOUS
370
50
 62
4
100
AcDbLine
 10
41.894608
 20
-3.293657
 30
0.0
 11
41.951038
 21
-3.265887
 31
0.0
  0
LINE
  5
FAE
330
1F
100
AcDbEntity
  8
1
  6
CONTINUOUS
370
50
 62
4
100
AcDbLine
 10
41.161636
 20
3.289387
 30
0.0
 11
41.21737299999999
 21
3.317578
 31
0.0
  0
LINE
  5
FAF
330
1F
100
AcDbEntity
  8
1
  6
CONTINUOUS
370
50
 62
4
100
AcDbLine
 10
31.964426
 20
3.951651
 30
0.0
 11
31.977766
 21
3.958438
 31
0.0
  0
LINE
  5
FB0
330
1F
100
AcDbEntity
  8
1
  6
CONTINUOUS
370
50
 62
4
100
AcDbLine
 10
32.189743
 20
-2.25623
 30
0.0
 11
32.236134
 21
-2.232592
 31
0.0
  0
LINE
  5
FB1
330
1F
100
AcDbEntity
  8
1
  6
CONTINUOUS
370
50
 62
4
100
AcDbLine
 10
34.455345
 20
-3.281233
 30
0.0
 11
34.507854
 21
-3.253638
 31
0.0
  0
LINE
  5
FB2
330
1F
100
AcDbEntity
  8
1
  6
CONTINUOUS
370
50
 62
4
100
AcDbLine
 10
41.951038
 20
-3.265887
 30
0.0
 11
42.00779
 21
-3.235021
 31
0.0
  0
LINE
  5
FB3
330
1F
100
AcDbEntity
  8
1
  6
CONTINUOUS
370
50
 62
4
100
AcDbLine
 10
33.531189
 20
2.988611
 30
0.0
 11
33.592117
 21
3.021798
 31
0.0
  0
LINE
  5
FB4
330
1F
100
AcDbEntity
  8
1
  6
CONTINUOUS
370
50
 62
4
100
AcDbLine
 10
33.592117
 20
3.021798
 30
0.0
 11
33.653561
 21
3.055472
 31
0.0
  0
LINE
  5
FB5
330
1F
100
AcDbEntity
  8
1
  6
CONTINUOUS
370
50
 62
4
100
AcDbLine
 10
41.105545
 20
3.258308
 30
0.0
 11
41.161636
 21
3.289387
 31
0.0
  0
LINE
  5
FB6
330
1F
100
AcDbEntity
  8
1
  6
CONTINUOUS
370
50
 62
4
100
AcDbLine
 10
33.653561
 20
3.055472
 30
0.0
 11
33.715763
 21
3.08995
 31
0.0
  0
LINE
  5
FB7
330
1F
100
AcDbEntity
  8
1
  6
CONTINUOUS
370
50
 62
4
100
AcDbLine
 10
33.715763
 20
3.08995
 30
0.0
 11
33.77869
 21
3.125403
 31
0.0
  0
LINE
  5
FB8
330
1F
100
AcDbEntity
  8
1
  6
CONTINUOUS
370
50
 62
4
100
AcDbLine
 10
33.77869
 20
3.125403
 30
0.0
 11
33.842293
 21
3.161988
 31
0.0
  0
LINE
  5
FB9
330
1F
100
AcDbEntity
  8
1
  6
CONTINUOUS
370
50
 62
4
100
AcDbLine
 10
33.842293
 20
3.161988
 30
0.0
 11
33.906513
 21
3.199862
 31
0.0
  0
LINE
  5
FBA
330
1F
100
AcDbEntity
  8
1
  6
CONTINUOUS
370
50
 62
4
100
AcDbLine
 10
41.049065
 20
3.224321
 30
0.0
 11
41.105545
 21
3.258308
 31
0.0
  0
LINE
  5
FBB
330
1F
100
AcDbEntity
  8
1
  6
CONTINUOUS
370
50
 62
4
100
AcDbLine
 10
33.906513
 20
3.199862
 30
0.0
 11
33.971298
 21
3.23918
 31
0.0
  0
LINE
  5
FBC
330
1F
100
AcDbEntity
  8
1
  6
CONTINUOUS
370
50
 62
4
100
AcDbLine
 10
32.146023
 20
-2.283151
 30
0.0
 11
32.189743
 21
-2.25623
 31
0.0
  0
LINE
  5
FBD
330
1F
100
AcDbEntity
  8
1
  6
CONTINUOUS
370
50
 62
4
100
AcDbLine
 10
40.99221
 20
3.187435
 30
0.0
 11
41.049065
 21
3.224321
 31
0.0
  0
LINE
  5
FBE
330
1F
100
AcDbEntity
  8
1
  6
CONTINUOUS
370
50
 62
4
100
AcDbLine
 10
48.52729
 20
3.224654
 30
0.0
 11
48.533131
 21
3.228452
 31
0.0
  0
LINE
  5
FBF
330
1F
100
AcDbEntity
  8
1
  6
CONTINUOUS
370
50
 62
4
100
AcDbLine
 10
48.52144999999999
 20
3.220827
 30
0.0
 11
48.52729
 21
3.224654
 31
0.0
  0
LINE
  5
FC0
330
1F
100
AcDbEntity
  8
1
  6
CONTINUOUS
370
50
 62
4
100
AcDbLine
 10
48.515606
 20
3.21697
 30
0.0
 11
48.52144999999999
 21
3.220827
 31
0.0
  0
LINE
  5
FC1
330
1F
100
AcDbEntity
  8
1
  6
CONTINUOUS
370
50
 62
4
100
AcDbLine
 10
48.50976199999999
 20
3.213083
 30
0.0
 11
48.515606
 21
3.21697
 31
0.0
  0
LINE
  5
FC2
330
1F
100
AcDbEntity
  8
1
  6
CONTINUOUS
370
50
 62
4
100
AcDbLine
 10
48.50391399999999
 20
3.209166
 30
0.0
 11
48.50976199999999
 21
3.213083
 31
0.0
  0
LINE
  5
FC3
330
1F
100
AcDbEntity
  8
1
  6
CONTINUOUS
370
50
 62
4
100
AcDbLine
 10
48.498062
 20
3.20522
 30
0.0
 11
48.50391399999999
 21
3.209166
 31
0.0
  0
LINE
  5
FC4
330
1F
100
AcDbEntity
  8
1
  6
CONTINUOUS
370
50
 62
4
100
AcDbLine
 10
48.49221
 20
3.201244
 30
0.0
 11
48.498062
 21
3.20522
 31
0.0
  0
LINE
  5
FC5
330
1F
100
AcDbEntity
  8
1
  6
CONTINUOUS
370
50
 62
4
100
AcDbLine
 10
32.105743
 20
-2.313061
 30
0.0
 11
32.146023
 21
-2.283151
 31
0.0
  0
LINE
  5
FC6
330
1F
100
AcDbEntity
  8
1
  6
CONTINUOUS
370
50
 62
4
100
AcDbLine
 10
40.36721
 20
-4.128422
 30
0.0
 11
40.422058
 21
-4.086086
 31
0.0
  0
LINE
  5
FC7
330
1F
100
AcDbEntity
  8
1
  6
CONTINUOUS
370
50
 62
4
100
AcDbLine
 10
31.95492
 20
3.944152
 30
0.0
 11
31.964426
 21
3.951651
 31
0.0
  0
LINE
  5
FC8
330
1F
100
AcDbEntity
  8
1
  6
CONTINUOUS
370
50
 62
4
100
AcDbLine
 10
40.422058
 20
-4.086086
 30
0.0
 11
40.477257
 21
-4.0409
 31
0.0
  0
LINE
  5
FC9
330
1F
100
AcDbEntity
  8
1
  6
CONTINUOUS
370
50
 62
4
100
AcDbLine
 10
35.068413
 20
4.059199
 30
0.0
 11
35.13267099999999
 21
4.114343
 31
0.0
  0
LINE
  5
FCA
330
1F
100
AcDbEntity
  8
1
  6
CONTINUOUS
370
50
 62
4
100
AcDbLine
 10
40.477257
 20
-4.0409
 30
0.0
 11
40.532749
 21
-3.992911
 31
0.0
  0
LINE
  5
FCB
330
1F
100
AcDbEntity
  8
1
  6
CONTINUOUS
370
50
 62
4
100
AcDbLine
 10
42.57811
 20
4.079928
 30
0.0
 11
42.632877
 21
4.127307
 31
0.0
  0
LINE
  5
FCC
330
1F
100
AcDbEntity
  8
1
  6
CONTINUOUS
370
50
 62
4
100
AcDbLine
 10
32.069382
 20
-2.345703
 30
0.0
 11
32.105743
 21
-2.313061
 31
0.0
  0
LINE
  5
FCD
330
1F
100
AcDbEntity
  8
1
  6
CONTINUOUS
370
50
 62
4
100
AcDbLine
 10
42.523003
 20
4.029973
 30
0.0
 11
42.57811
 21
4.079928
 31
0.0
  0
LINE
  5
FCE
330
1F
100
AcDbEntity
  8
1
  6
CONTINUOUS
370
50
 62
4
100
AcDbLine
 10
35.008293
 20
4.004661
 30
0.0
 11
35.068413
 21
4.059199
 31
0.0
  0
LINE
  5
FCF
330
1F
100
AcDbEntity
  8
1
  6
CONTINUOUS
370
50
 62
4
100
AcDbLine
 10
40.532749
 20
-3.992911
 30
0.0
 11
40.588543
 21
-3.942133
 31
0.0
  0
LINE
  5
FD0
330
1F
100
AcDbEntity
  8
1
  6
CONTINUOUS
370
50
 62
4
100
AcDbLine
 10
42.467552
 20
3.977446
 30
0.0
 11
42.523003
 21
4.029973
 31
0.0
  0
LINE
  5
FD1
330
1F
100
AcDbEntity
  8
1
  6
CONTINUOUS
370
50
 62
4
100
AcDbLine
 10
34.952244
 20
3.951343
 30
0.0
 11
35.008293
 21
4.004661
 31
0.0
  0
LINE
  5
FD2
330
1F
100
AcDbEntity
  8
1
  6
CONTINUOUS
370
50
 62
4
100
AcDbLine
 10
40.588543
 20
-3.942133
 30
0.0
 11
40.644642
 21
-3.888575
 31
0.0
  0
LINE
  5
FD3
330
1F
100
AcDbEntity
  8
1
  6
CONTINUOUS
370
50
 62
4
100
AcDbLine
 10
42.867195
 20
-4.349733
 30
0.0
 11
42.922153
 21
-4.296188
 31
0.0
  0
LINE
  5
FD4
330
1F
100
AcDbEntity
  8
1
  6
CONTINUOUS
370
50
 62
4
100
AcDbLine
 10
35.367188
 20
-4.360328
 30
0.0
 11
35.422295
 21
-4.305918
 31
0.0
  0
LINE
  5
FD5
330
1F
100
AcDbEntity
  8
1
  6
CONTINUOUS
370
50
 62
4
100
AcDbLine
 10
42.411751
 20
3.922347
 30
0.0
 11
42.467552
 21
3.977446
 31
0.0
  0
LINE
  5
FD6
330
1F
100
AcDbEntity
  8
1
  6
CONTINUOUS
370
50
 62
4
100
AcDbLine
 10
48.168907
 20
-3.854845
 30
0.0
 11
48.181549
 21
-3.842327
 31
0.0
  0
LINE
  5
FD7
330
1F
100
AcDbEntity
  8
1
  6
CONTINUOUS
370
50
 62
4
100
AcDbLine
 10
34.898197
 20
3.897701
 30
0.0
 11
34.952244
 21
3.951343
 31
0.0
  0
LINE
  5
FD8
330
1F
100
AcDbEntity
  8
1
  6
CONTINUOUS
370
50
 62
4
100
AcDbLine
 10
40.644642
 20
-3.888575
 30
0.0
 11
40.70105
 21
-3.832248
 31
0.0
  0
LINE
  5
FD9
330
1F
100
AcDbEntity
  8
1
  6
CONTINUOUS
370
50
 62
4
100
AcDbLine
 10
48.181549
 20
-3.842327
 30
0.0
 11
48.19421
 21
-3.829669
 31
0.0
  0
LINE
  5
FDA
330
1F
100
AcDbEntity
  8
1
  6
CONTINUOUS
370
50
 62
4
100
AcDbLine
 10
48.19421
 20
-3.829669
 30
0.0
 11
48.20689
 21
-3.81687
 31
0.0
  0
LINE
  5
FDB
330
1F
100
AcDbEntity
  8
1
  6
CONTINUOUS
370
50
 62
4
100
AcDbLine
 10
42.922153
 20
-4.296188
 30
0.0
 11
42.977425
 21
-4.239955999999999
 31
0.0
  0
LINE
  5
FDC
330
1F
100
AcDbEntity
  8
1
  6
CONTINUOUS
370
50
 62
4
100
AcDbLine
 10
48.20689
 20
-3.81687
 30
0.0
 11
48.219585
 21
-3.80393
 31
0.0
  0
LINE
  5
FDD
330
1F
100
AcDbEntity
  8
1
  6
CONTINUOUS
370
50
 62
4
100
AcDbLine
 10
42.355598
 20
3.864681
 30
0.0
 11
42.411751
 21
3.922347
 31
0.0
  0
LINE
  5
FDE
330
1F
100
AcDbEntity
  8
1
  6
CONTINUOUS
370
50
 62
4
100
AcDbLine
 10
35.422295
 20
-4.305918
 30
0.0
 11
35.477757
 21
-4.248866
 31
0.0
  0
LINE
  5
FDF
330
1F
100
AcDbEntity
  8
1
  6
CONTINUOUS
370
50
 62
4
100
AcDbLine
 10
48.219585
 20
-3.80393
 30
0.0
 11
48.2323
 21
-3.790849
 31
0.0
  0
LINE
  5
FE0
330
1F
100
AcDbEntity
  8
1
  6
CONTINUOUS
370
50
 62
4
100
AcDbLine
 10
34.845318
 20
3.84306
 30
0.0
 11
34.898197
 21
3.897701
 31
0.0
  0
LINE
  5
FE1
330
1F
100
AcDbEntity
  8
1
  6
CONTINUOUS
370
50
 62
4
100
AcDbLine
 10
48.2323
 20
-3.790849
 30
0.0
 11
48.245026
 21
-3.777627
 31
0.0
  0
LINE
  5
FE2
330
1F
100
AcDbEntity
  8
1
  6
CONTINUOUS
370
50
 62
4
100
AcDbLine
 10
40.70105
 20
-3.832248
 30
0.0
 11
40.757771
 21
-3.773162
 31
0.0
  0
LINE
  5
FE3
330
1F
100
AcDbEntity
  8
1
  6
CONTINUOUS
370
50
 62
4
100
AcDbLine
 10
48.245026
 20
-3.777627
 30
0.0
 11
48.257774
 21
-3.764263
 31
0.0
  0
LINE
  5
FE4
330
1F
100
AcDbEntity
  8
1
  6
CONTINUOUS
370
50
 62
4
100
AcDbLine
 10
40.078114
 20
4.291345
 30
0.0
 11
40.13279
 21
4.348835999999999
 31
0.0
  0
LINE
  5
FE5
330
1F
100
AcDbEntity
  8
1
  6
CONTINUOUS
370
50
 62
4
100
AcDbLine
 10
42.977425
 20
-4.239955999999999
 30
0.0
 11
43.03302
 21
-4.181041
 31
0.0
  0
LINE
  5
FE6
330
1F
100
AcDbEntity
  8
1
  6
CONTINUOUS
370
50
 62
4
100
AcDbLine
 10
42.299084
 20
3.804449
 30
0.0
 11
42.355598
 21
3.864681
 31
0.0
  0
LINE
  5
FE7
330
1F
100
AcDbEntity
  8
1
  6
CONTINUOUS
370
50
 62
4
100
AcDbLine
 10
35.477757
 20
-4.248866
 30
0.0
 11
35.533474
 21
-4.189276
 31
0.0
  0
LINE
  5
FE8
330
1F
100
AcDbEntity
  8
1
  6
CONTINUOUS
370
50
 62
4
100
AcDbLine
 10
34.79332
 20
3.787244
 30
0.0
 11
34.845318
 21
3.84306
 31
0.0
  0
LINE
  5
FE9
330
1F
100
AcDbEntity
  8
1
  6
CONTINUOUS
370
50
 62
4
100
AcDbLine
 10
40.023071
 20
4.231390999999999
 30
0.0
 11
40.078114
 21
4.291345
 31
0.0
  0
LINE
  5
FEA
330
1F
100
AcDbEntity
  8
1
  6
CONTINUOUS
370
50
 62
4
100
AcDbLine
 10
32.037201
 20
-2.380938
 30
0.0
 11
32.069382
 21
-2.345703
 31
0.0
  0
LINE
  5
FEB
330
1F
100
AcDbEntity
  8
1
  6
CONTINUOUS
370
50
 62
4
100
AcDbLine
 10
43.03302
 20
-4.181041
 30
0.0
 11
43.088863
 21
-4.119537999999999
 31
0.0
  0
LINE
  5
FEC
330
1F
100
AcDbEntity
  8
1
  6
CONTINUOUS
370
50
 62
4
100
AcDbLine
 10
42.24221
 20
3.741664
 30
0.0
 11
42.299084
 21
3.804449
 31
0.0
  0
LINE
  5
FED
330
1F
100
AcDbEntity
  8
1
  6
CONTINUOUS
370
50
 62
4
100
AcDbLine
 10
35.533474
 20
-4.189276
 30
0.0
 11
35.589367
 21
-4.127254
 31
0.0
  0
LINE
  5
FEE
330
1F
100
AcDbEntity
  8
1
  6
CONTINUOUS
370
50
 62
4
100
AcDbLine
 10
34.741917
 20
3.730075
 30
0.0
 11
34.79332
 21
3.787244
 31
0.0
  0
LINE
  5
FEF
330
1F
100
AcDbEntity
  8
1
  6
CONTINUOUS
370
50
 62
4
100
AcDbLine
 10
39.96764
 20
4.168966
 30
0.0
 11
40.023071
 21
4.231390999999999
 31
0.0
  0
LINE
  5
FF0
330
1F
100
AcDbEntity
  8
1
  6
CONTINUOUS
370
50
 62
4
100
AcDbLine
 10
43.088863
 20
-4.119537999999999
 30
0.0
 11
43.144924
 21
-4.055507
 31
0.0
  0
LINE
  5
FF1
330
1F
100
AcDbEntity
  8
1
  6
CONTINUOUS
370
50
 62
4
100
AcDbLine
 10
35.589367
 20
-4.127254
 30
0.0
 11
35.64534
 21
-4.062902
 31
0.0
  0
LINE
  5
FF2
330
1F
100
AcDbEntity
  8
1
  6
CONTINUOUS
370
50
 62
4
100
AcDbLine
 10
39.911804
 20
4.104071
 30
0.0
 11
39.96764
 21
4.168966
 31
0.0
  0
LINE
  5
FF3
330
1F
100
AcDbEntity
  8
1
  6
CONTINUOUS
370
50
 62
4
100
AcDbLine
 10
43.144924
 20
-4.055507
 30
0.0
 11
43.201225
 21
-3.988955
 31
0.0
  0
LINE
  5
FF4
330
1F
100
AcDbEntity
  8
1
  6
CONTINUOUS
370
50
 62
4
100
AcDbLine
 10
47.402046
 20
4.101156
 30
0.0
 11
47.428448
 21
4.13249
 31
0.0
  0
LINE
  5
FF5
330
1F
100
AcDbEntity
  8
1
  6
CONTINUOUS
370
50
 62
4
100
AcDbLine
 10
35.64534
 20
-4.062902
 30
0.0
 11
35.701416
 21
-3.996214
 31
0.0
  0
LINE
  5
FF6
330
1F
100
AcDbEntity
  8
1
  6
CONTINUOUS
370
50
 62
4
100
AcDbLine
 10
39.855618
 20
4.036782
 30
0.0
 11
39.911804
 21
4.104071
 31
0.0
  0
LINE
  5
FF7
330
1F
100
AcDbEntity
  8
1
  6
CONTINUOUS
370
50
 62
4
100
AcDbLine
 10
47.37558
 20
4.069311
 30
0.0
 11
47.402046
 21
4.101156
 31
0.0
  0
LINE
  5
FF8
330
1F
100
AcDbEntity
  8
1
  6
CONTINUOUS
370
50
 62
4
100
AcDbLine
 10
47.349049
 20
4.036955
 30
0.0
 11
47.37558
 21
4.069311
 31
0.0
  0
LINE
  5
FF9
330
1F
100
AcDbEntity
  8
1
  6
CONTINUOUS
370
50
 62
4
100
AcDbLine
 10
43.201225
 20
-3.988955
 30
0.0
 11
43.257782
 21
-3.919888
 31
0.0
  0
LINE
  5
FFA
330
1F
100
AcDbEntity
  8
1
  6
CONTINUOUS
370
50
 62
4
100
AcDbLine
 10
35.701416
 20
-3.996214
 30
0.0
 11
35.75779
 21
-3.926981
 31
0.0
  0
LINE
  5
FFB
330
1F
100
AcDbEntity
  8
1
  6
CONTINUOUS
370
50
 62
4
100
AcDbLine
 10
39.799091
 20
3.967144
 30
0.0
 11
39.855618
 21
4.036782
 31
0.0
  0
LINE
  5
FFC
330
1F
100
AcDbEntity
  8
1
  6
CONTINUOUS
370
50
 62
4
100
AcDbLine
 10
47.322449
 20
4.00409
 30
0.0
 11
47.349049
 21
4.036955
 31
0.0
  0
LINE
  5
FFD
330
1F
100
AcDbEntity
  8
1
  6
CONTINUOUS
370
50
 62
4
100
AcDbLine
 10
47.29578
 20
3.970715
 30
0.0
 11
47.322449
 21
4.00409
 31
0.0
  0
LINE
  5
FFE
330
1F
100
AcDbEntity
  8
1
  6
CONTINUOUS
370
50
 62
4
100
AcDbLine
 10
39.742218
 20
3.895185
 30
0.0
 11
39.799091
 21
3.967144
 31
0.0
  0
LINE
  5
FFF
330
1F
100
AcDbEntity
  8
1
  6
CONTINUOUS
370
50
 62
4
100
AcDbLine
 10
47.269039
 20
3.936832
 30
0.0
 11
47.29578
 21
3.970715
 31
0.0
  0
LINE
  5
1000
330
1F
100
AcDbEntity
  8
1
  6
CONTINUOUS
370
50
 62
4
100
AcDbLine
 10
47.242226
 20
3.902442
 30
0.0
 11
47.269039
 21
3.936832
 31
0.0
  0
LINE
  5
1001
330
1F
100
AcDbEntity
  8
1
  6
CONTINUOUS
370
50
 62
4
100
AcDbLine
 10
32.009548
 20
-2.418513
 30
0.0
 11
32.037201
 21
-2.380938
 31
0.0
  0
LINE
  5
1002
330
1F
100
AcDbEntity
  8
1
  6
CONTINUOUS
370
50
 62
4
100
AcDbLine
 10
33.995899
 20
4.677441
 30
0.0
 11
33.999992
 21
4.683174
 31
0.0
  0
LINE
  5
1003
330
1F
100
AcDbEntity
  8
1
  6
CONTINUOUS
370
50
 62
4
100
AcDbLine
 10
33.991802
 20
4.671701
 30
0.0
 11
33.995899
 21
4.677441
 31
0.0
  0
LINE
  5
1004
330
1F
100
AcDbEntity
  8
1
  6
CONTINUOUS
370
50
 62
4
100
AcDbLine
 10
33.987705
 20
4.665954
 30
0.0
 11
33.991802
 21
4.671701
 31
0.0
  0
LINE
  5
1005
330
1F
100
AcDbEntity
  8
1
  6
CONTINUOUS
370
50
 62
4
100
AcDbLine
 10
33.983604
 20
4.660199
 30
0.0
 11
33.987705
 21
4.665954
 31
0.0
  0
LINE
  5
1006
330
1F
100
AcDbEntity
  8
1
  6
CONTINUOUS
370
50
 62
4
100
AcDbLine
 10
33.979504
 20
4.654437
 30
0.0
 11
33.983604
 21
4.660199
 31
0.0
  0
LINE
  5
1007
330
1F
100
AcDbEntity
  8
1
  6
CONTINUOUS
370
50
 62
4
100
AcDbLine
 10
33.975403
 20
4.648667
 30
0.0
 11
33.979504
 21
4.654437
 31
0.0
  0
LINE
  5
1008
330
1F
100
AcDbEntity
  8
1
  6
CONTINUOUS
370
50
 62
4
100
AcDbLine
 10
33.971298
 20
4.642888999999999
 30
0.0
 11
33.975403
 21
4.648667
 31
0.0
  0
LINE
  5
1009
330
1F
100
AcDbEntity
  8
1
  6
CONTINUOUS
370
50
 62
4
100
AcDbLine
 10
31.949169
 20
3.935873
 30
0.0
 11
31.95492
 21
3.944152
 31
0.0
  0
LINE
  5
100A
330
1F
100
AcDbEntity
  8
1
  6
CONTINUOUS
370
50
 62
4
100
AcDbLine
 10
41.61721
 20
-4.72418
 30
0.0
 11
41.672085
 21
-4.644953
 31
0.0
  0
LINE
  5
100B
330
1F
100
AcDbEntity
  8
1
  6
CONTINUOUS
370
50
 62
4
100
AcDbLine
 10
34.11729
 20
-4.72987
 30
0.0
 11
34.17561
 21
-4.644504
 31
0.0
  0
LINE
  5
100C
330
1F
100
AcDbEntity
  8
1
  6
CONTINUOUS
370
50
 62
4
100
AcDbLine
 10
41.327942
 20
4.642797
 30
0.0
 11
41.38279
 21
4.723745
 31
0.0
  0
LINE
  5
100D
330
1F
100
AcDbEntity
  8
1
  6
CONTINUOUS
370
50
 62
4
100
AcDbLine
 10
41.672085
 20
-4.644953
 30
0.0
 11
41.727276
 21
-4.563496
 31
0.0
  0
LINE
  5
100E
330
1F
100
AcDbEntity
  8
1
  6
CONTINUOUS
370
50
 62
4
100
AcDbLine
 10
34.17561
 20
-4.644504
 30
0.0
 11
34.23254
 21
-4.55969
 31
0.0
  0
LINE
  5
100F
330
1F
100
AcDbEntity
  8
1
  6
CONTINUOUS
370
50
 62
4
100
AcDbLine
 10
41.272804
 20
4.559953
 30
0.0
 11
41.327942
 21
4.642797
 31
0.0
  0
LINE
  5
1010
330
1F
100
AcDbEntity
  8
1
  6
CONTINUOUS
370
50
 62
4
100
AcDbLine
 10
41.727276
 20
-4.563496
 30
0.0
 11
41.782761
 21
-4.479863
 31
0.0
  0
LINE
  5
1011
330
1F
100
AcDbEntity
  8
1
  6
CONTINUOUS
370
50
 62
4
100
AcDbLine
 10
34.23254
 20
-4.55969
 30
0.0
 11
34.28841
 21
-4.47494
 31
0.0
  0
LINE
  5
1012
330
1F
100
AcDbEntity
  8
1
  6
CONTINUOUS
370
50
 62
4
100
AcDbLine
 10
33.913319
 20
4.55476
 30
0.0
 11
33.971298
 21
4.642888999999999
 31
0.0
  0
LINE
  5
1013
330
1F
100
AcDbEntity
  8
1
  6
CONTINUOUS
370
50
 62
4
100
AcDbLine
 10
33.854542
 20
4.46515
 30
0.0
 11
33.913319
 21
4.55476
 31
0.0
  0
LINE
  5
1014
330
1F
100
AcDbEntity
  8
1
  6
CONTINUOUS
370
50
 62
4
100
AcDbLine
 10
41.217365
 20
4.475248
 30
0.0
 11
41.272804
 21
4.559953
 31
0.0
  0
LINE
  5
1015
330
1F
100
AcDbEntity
  8
1
  6
CONTINUOUS
370
50
 62
4
100
AcDbLine
 10
33.795158
 20
4.374253
 30
0.0
 11
33.854542
 21
4.46515
 31
0.0
  0
LINE
  5
1016
330
1F
100
AcDbEntity
  8
1
  6
CONTINUOUS
370
50
 62
4
100
AcDbLine
 10
41.782761
 20
-4.479863
 30
0.0
 11
41.838551
 21
-4.394093
 31
0.0
  0
LINE
  5
1017
330
1F
100
AcDbEntity
  8
1
  6
CONTINUOUS
370
50
 62
4
100
AcDbLine
 10
33.735348
 20
4.28226
 30
0.0
 11
33.795158
 21
4.374253
 31
0.0
  0
LINE
  5
1018
330
1F
100
AcDbEntity
  8
1
  6
CONTINUOUS
370
50
 62
4
100
AcDbLine
 10
34.28841
 20
-4.47494
 30
0.0
 11
34.343536
 21
-4.389766
 31
0.0
  0
LINE
  5
1019
330
1F
100
AcDbEntity
  8
1
  6
CONTINUOUS
370
50
 62
4
100
AcDbLine
 10
33.675297
 20
4.189365
 30
0.0
 11
33.735348
 21
4.28226
 31
0.0
  0
LINE
  5
101A
330
1F
100
AcDbEntity
  8
1
  6
CONTINUOUS
370
50
 62
4
100
AcDbLine
 10
41.161606
 20
4.388695999999999
 30
0.0
 11
41.217365
 21
4.475248
 31
0.0
  0
LINE
  5
101B
330
1F
100
AcDbEntity
  8
1
  6
CONTINUOUS
370
50
 62
4
100
AcDbLine
 10
33.615189
 20
4.095759999999999
 30
0.0
 11
33.675297
 21
4.189365
 31
0.0
  0
LINE
  5
101C
330
1F
100
AcDbEntity
  8
1
  6
CONTINUOUS
370
50
 62
4
100
AcDbLine
 10
41.838551
 20
-4.394093
 30
0.0
 11
41.894642
 21
-4.306221
 31
0.0
  0
LINE
  5
101D
330
1F
100
AcDbEntity
  8
1
  6
CONTINUOUS
370
50
 62
4
100
AcDbLine
 10
33.555214
 20
4.001638
 30
0.0
 11
33.615189
 21
4.095759999999999
 31
0.0
  0
LINE
  5
101E
330
1F
100
AcDbEntity
  8
1
  6
CONTINUOUS
370
50
 62
4
100
AcDbLine
 10
34.343536
 20
-4.389766
 30
0.0
 11
34.398243
 21
-4.30368
 31
0.0
  0
LINE
  5
101F
330
1F
100
AcDbEntity
  8
1
  6
CONTINUOUS
370
50
 62
4
100
AcDbLine
 10
41.105507
 20
4.30031
 30
0.0
 11
41.161606
 21
4.388695999999999
 31
0.0
  0
LINE
  5
1020
330
1F
100
AcDbEntity
  8
1
  6
CONTINUOUS
370
50
 62
4
100
AcDbLine
 10
33.551811
 20
3.99627
 30
0.0
 11
33.555214
 21
4.001638
 31
0.0
  0
LINE
  5
1021
330
1F
100
AcDbEntity
  8
1
  6
CONTINUOUS
370
50
 62
4
100
AcDbLine
 10
33.548397
 20
3.990875
 30
0.0
 11
33.551811
 21
3.99627
 31
0.0
  0
LINE
  5
1022
330
1F
100
AcDbEntity
  8
1
  6
CONTINUOUS
370
50
 62
4
100
AcDbLine
 10
33.544975
 20
3.985455
 30
0.0
 11
33.548397
 21
3.990875
 31
0.0
  0
LINE
  5
1023
330
1F
100
AcDbEntity
  8
1
  6
CONTINUOUS
370
50
 62
4
100
AcDbLine
 10
33.541542
 20
3.980009
 30
0.0
 11
33.544975
 21
3.985455
 31
0.0
  0
LINE
  5
1024
330
1F
100
AcDbEntity
  8
1
  6
CONTINUOUS
370
50
 62
4
100
AcDbLine
 10
33.538101
 20
3.974537
 30
0.0
 11
33.541542
 21
3.980009
 31
0.0
  0
LINE
  5
1025
330
1F
100
AcDbEntity
  8
1
  6
CONTINUOUS
370
50
 62
4
100
AcDbLine
 10
33.531189
 20
3.963517
 30
0.0
 11
33.534653
 21
3.969039
 31
0.0
  0
LINE
  5
1026
330
1F
100
AcDbEntity
  8
1
  6
CONTINUOUS
370
50
 62
4
100
AcDbLine
 10
41.894642
 20
-4.306221
 30
0.0
 11
41.95105
 21
-4.216286
 31
0.0
  0
LINE
  5
1027
330
1F
100
AcDbEntity
  8
1
  6
CONTINUOUS
370
50
 62
4
100
AcDbLine
 10
33.534653
 20
3.969039
 30
0.0
 11
33.538101
 21
3.974537
 31
0.0
  0
LINE
  5
1028
330
1F
100
AcDbEntity
  8
1
  6
CONTINUOUS
370
50
 62
4
100
AcDbLine
 10
41.049049
 20
4.210103999999999
 30
0.0
 11
41.105507
 21
4.30031
 31
0.0
  0
LINE
  5
1029
330
1F
100
AcDbEntity
  8
1
  6
CONTINUOUS
370
50
 62
4
100
AcDbLine
 10
44.117195
 20
-4.79088
 30
0.0
 11
44.161175
 21
-4.720458
 31
0.0
  0
LINE
  5
102A
330
1F
100
AcDbEntity
  8
1
  6
CONTINUOUS
370
50
 62
4
100
AcDbLine
 10
34.398243
 20
-4.30368
 30
0.0
 11
34.45285
 21
-4.216195
 31
0.0
  0
LINE
  5
102B
330
1F
100
AcDbEntity
  8
1
  6
CONTINUOUS
370
50
 62
4
100
AcDbLine
 10
36.617195
 20
-4.793153999999999
 30
0.0
 11
36.658798
 21
-4.726222
 31
0.0
  0
LINE
  5
102C
330
1F
100
AcDbEntity
  8
1
  6
CONTINUOUS
370
50
 62
4
100
AcDbLine
 10
38.831135
 20
4.707117
 30
0.0
 11
38.88279
 21
4.790679
 31
0.0
  0
LINE
  5
102D
330
1F
100
AcDbEntity
  8
1
  6
CONTINUOUS
370
50
 62
4
100
AcDbLine
 10
40.99221
 20
4.118092
 30
0.0
 11
41.049049
 21
4.210103999999999
 31
0.0
  0
LINE
  5
102E
330
1F
100
AcDbEntity
  8
1
  6
CONTINUOUS
370
50
 62
4
100
AcDbLine
 10
48.52729
 20
4.177188
 30
0.0
 11
48.533131
 21
4.186656
 31
0.0
  0
LINE
  5
102F
330
1F
100
AcDbEntity
  8
1
  6
CONTINUOUS
370
50
 62
4
100
AcDbLine
 10
41.95105
 20
-4.216286
 30
0.0
 11
42.007767
 21
-4.124321999999999
 31
0.0
  0
LINE
  5
1030
330
1F
100
AcDbEntity
  8
1
  6
CONTINUOUS
370
50
 62
4
100
AcDbLine
 10
44.161175
 20
-4.720458
 30
0.0
 11
44.20536
 21
-4.648736
 31
0.0
  0
LINE
  5
1031
330
1F
100
AcDbEntity
  8
1
  6
CONTINUOUS
370
50
 62
4
100
AcDbLine
 10
48.52144999999999
 20
4.167704
 30
0.0
 11
48.52729
 21
4.177188
 31
0.0
  0
LINE
  5
1032
330
1F
100
AcDbEntity
  8
1
  6
CONTINUOUS
370
50
 62
4
100
AcDbLine
 10
48.51561
 20
4.158202999999999
 30
0.0
 11
48.52144999999999
 21
4.167704
 31
0.0
  0
LINE
  5
1033
330
1F
100
AcDbEntity
  8
1
  6
CONTINUOUS
370
50
 62
4
100
AcDbLine
 10
48.509766
 20
4.148685
 30
0.0
 11
48.51561
 21
4.158202999999999
 31
0.0
  0
LINE
  5
1034
330
1F
100
AcDbEntity
  8
1
  6
CONTINUOUS
370
50
 62
4
100
AcDbLine
 10
48.50391399999999
 20
4.139151
 30
0.0
 11
48.509766
 21
4.148685
 31
0.0
  0
LINE
  5
1035
330
1F
100
AcDbEntity
  8
1
  6
CONTINUOUS
370
50
 62
4
100
AcDbLine
 10
36.658798
 20
-4.726222
 30
0.0
 11
36.700581
 21
-4.658138999999999
 31
0.0
  0
LINE
  5
1036
330
1F
100
AcDbEntity
  8
1
  6
CONTINUOUS
370
50
 62
4
100
AcDbLine
 10
34.45285
 20
-4.216195
 30
0.0
 11
34.507687
 21
-4.126821
 31
0.0
  0
LINE
  5
1037
330
1F
100
AcDbEntity
  8
1
  6
CONTINUOUS
370
50
 62
4
100
AcDbLine
 10
48.49806599999999
 20
4.1296
 30
0.0
 11
48.50391399999999
 21
4.139151
 31
0.0
  0
LINE
  5
1038
330
1F
100
AcDbEntity
  8
1
  6
CONTINUOUS
370
50
 62
4
100
AcDbLine
 10
48.49221
 20
4.120032
 30
0.0
 11
48.49806599999999
 21
4.1296
 31
0.0
  0
LINE
  5
1039
330
1F
100
AcDbEntity
  8
1
  6
CONTINUOUS
370
50
 62
4
100
AcDbLine
 10
38.779137
 20
4.621935
 30
0.0
 11
38.831135
 21
4.707117
 31
0.0
  0
LINE
  5
103A
330
1F
100
AcDbEntity
  8
1
  6
CONTINUOUS
370
50
 62
4
100
AcDbLine
 10
44.20536
 20
-4.648736
 30
0.0
 11
44.249752
 21
-4.575727
 31
0.0
  0
LINE
  5
103B
330
1F
100
AcDbEntity
  8
1
  6
CONTINUOUS
370
50
 62
4
100
AcDbLine
 10
46.283165
 20
4.630172
 30
0.0
 11
46.323757
 21
4.696973
 31
0.0
  0
LINE
  5
103C
330
1F
100
AcDbEntity
  8
1
  6
CONTINUOUS
370
50
 62
4
100
AcDbLine
 10
36.700581
 20
-4.658138999999999
 30
0.0
 11
36.742542
 21
-4.588921
 31
0.0
  0
LINE
  5
103D
330
1F
100
AcDbEntity
  8
1
  6
CONTINUOUS
370
50
 62
4
100
AcDbLine
 10
38.726837
 20
4.535245
 30
0.0
 11
38.779137
 21
4.621935
 31
0.0
  0
LINE
  5
103E
330
1F
100
AcDbEntity
  8
1
  6
CONTINUOUS
370
50
 62
4
100
AcDbLine
 10
46.242359
 20
4.562412999999999
 30
0.0
 11
46.283165
 21
4.630172
 31
0.0
  0
LINE
  5
103F
330
1F
100
AcDbEntity
  8
1
  6
CONTINUOUS
370
50
 62
4
100
AcDbLine
 10
44.249752
 20
-4.575727
 30
0.0
 11
44.29435
 21
-4.501453
 31
0.0
  0
LINE
  5
1040
330
1F
100
AcDbEntity
  8
1
  6
CONTINUOUS
370
50
 62
4
100
AcDbLine
 10
36.742542
 20
-4.588921
 30
0.0
 11
36.784687
 21
-4.51858
 31
0.0
  0
LINE
  5
1041
330
1F
100
AcDbEntity
  8
1
  6
CONTINUOUS
370
50
 62
4
100
AcDbLine
 10
46.201332
 20
4.4937
 30
0.0
 11
46.242359
 21
4.562412999999999
 31
0.0
  0
LINE
  5
1042
330
1F
100
AcDbEntity
  8
1
  6
CONTINUOUS
370
50
 62
4
100
AcDbLine
 10
38.67424
 20
4.447092
 30
0.0
 11
38.726837
 21
4.535245
 31
0.0
  0
LINE
  5
1043
330
1F
100
AcDbEntity
  8
1
  6
CONTINUOUS
370
50
 62
4
100
AcDbLine
 10
44.29435
 20
-4.501453
 30
0.0
 11
44.339138
 21
-4.425967
 31
0.0
  0
LINE
  5
1044
330
1F
100
AcDbEntity
  8
1
  6
CONTINUOUS
370
50
 62
4
100
AcDbLine
 10
36.784687
 20
-4.51858
 30
0.0
 11
36.827011
 21
-4.447139
 31
0.0
  0
LINE
  5
1045
330
1F
100
AcDbEntity
  8
1
  6
CONTINUOUS
370
50
 62
4
100
AcDbLine
 10
46.160091
 20
4.424053
 30
0.0
 11
46.201332
 21
4.4937
 31
0.0
  0
LINE
  5
1046
330
1F
100
AcDbEntity
  8
1
  6
CONTINUOUS
370
50
 62
4
100
AcDbLine
 10
38.621342
 20
4.357519
 30
0.0
 11
38.67424
 21
4.447092
 31
0.0
  0
LINE
  5
1047
330
1F
100
AcDbEntity
  8
1
  6
CONTINUOUS
370
50
 62
4
100
AcDbLine
 10
46.11866
 20
4.353539
 30
0.0
 11
46.160091
 21
4.424053
 31
0.0
  0
LINE
  5
1048
330
1F
100
AcDbEntity
  8
1
  6
CONTINUOUS
370
50
 62
4
100
AcDbLine
 10
44.339138
 20
-4.425967
 30
0.0
 11
44.384132
 21
-4.349267999999999
 31
0.0
  0
LINE
  5
1049
330
1F
100
AcDbEntity
  8
1
  6
CONTINUOUS
370
50
 62
4
100
AcDbLine
 10
36.827011
 20
-4.447139
 30
0.0
 11
36.869518
 21
-4.374620999999999
 31
0.0
  0
LINE
  5
104A
330
1F
100
AcDbEntity
  8
1
  6
CONTINUOUS
370
50
 62
4
100
AcDbLine
 10
38.568138
 20
4.26657
 30
0.0
 11
38.621342
 21
4.357519
 31
0.0
  0
LINE
  5
104B
330
1F
100
AcDbEntity
  8
1
  6
CONTINUOUS
370
50
 62
4
100
AcDbLine
 10
46.077045
 20
4.282187
 30
0.0
 11
46.11866
 21
4.353539
 31
0.0
  0
LINE
  5
104C
330
1F
100
AcDbEntity
  8
1
  6
CONTINUOUS
370
50
 62
4
100
AcDbLine
 10
44.384132
 20
-4.349267999999999
 30
0.0
 11
44.429325
 21
-4.271395
 31
0.0
  0
LINE
  5
104D
330
1F
100
AcDbEntity
  8
1
  6
CONTINUOUS
370
50
 62
4
100
AcDbLine
 10
36.869518
 20
-4.374620999999999
 30
0.0
 11
36.912209
 21
-4.301047
 31
0.0
  0
LINE
  5
104E
330
1F
100
AcDbEntity
  8
1
  6
CONTINUOUS
370
50
 62
4
100
AcDbLine
 10
38.514633
 20
4.174285999999999
 30
0.0
 11
38.568138
 21
4.26657
 31
0.0
  0
LINE
  5
104F
330
1F
100
AcDbEntity
  8
1
  6
CONTINUOUS
370
50
 62
4
100
AcDbLine
 10
46.035244
 20
4.210019
 30
0.0
 11
46.077045
 21
4.282187
 31
0.0
  0
LINE
  5
1050
330
1F
100
AcDbEntity
  8
1
  6
CONTINUOUS
370
50
 62
4
100
AcDbLine
 10
31.987009
 20
-2.457544
 30
0.0
 11
32.009548
 21
-2.418513
 31
0.0
  0
LINE
  5
1051
330
1F
100
AcDbEntity
  8
1
  6
CONTINUOUS
370
50
 62
4
100
AcDbLine
 10
38.49221
 20
4.1355
 30
0.0
 11
38.51461
 21
4.174294
 31
0.0
  0
LINE
  5
1052
330
1F
100
AcDbEntity
  8
1
  6
CONTINUOUS
370
50
 62
4
100
AcDbLine
 10
48.49221
 20
4.1355
 30
0.0
 11
48.533131
 21
4.206372
 31
0.0
  0
LINE
  5
1053
330
1F
100
AcDbEntity
  8
1
  6
CONTINUOUS
370
50
 62
4
100
AcDbLine
 10
45.99221
 20
4.1355
 30
0.0
 11
46.035236
 21
4.210021
 31
0.0
  0
LINE
  5
1054
330
1F
100
AcDbEntity
  8
1
  6
CONTINUOUS
370
50
 62
4
100
AcDbLine
 10
36.912209
 20
-4.301047
 30
0.0
 11
37.00779
 21
-4.1355
 31
0.0
  0
LINE
  5
1055
330
1F
100
AcDbEntity
  8
1
  6
CONTINUOUS
370
50
 62
4
100
AcDbLine
 10
48.168968
 20
-4.289342
 30
0.0
 11
48.25779
 21
-4.1355
 31
0.0
  0
LINE
  5
1056
330
1F
100
AcDbEntity
  8
1
  6
CONTINUOUS
370
50
 62
4
100
AcDbLine
 10
44.429329
 20
-4.271396999999999
 30
0.0
 11
44.50779
 21
-4.1355
 31
0.0
  0
LINE
  5
1057
330
1F
100
AcDbEntity
  8
1
  6
CONTINUOUS
370
50
 62
4
100
AcDbLine
 10
34.11721
 20
-4.811999999999999
 30
0.0
 11
34.50779
 21
-4.1355
 31
0.0
  0
LINE
  5
1058
330
1F
100
AcDbEntity
  8
1
  6
CONTINUOUS
370
50
 62
4
100
AcDbLine
 10
37.86721
 20
-4.811999999999999
 30
0.0
 11
38.25779
 21
-4.1355
 31
0.0
  0
LINE
  5
1059
330
1F
100
AcDbEntity
  8
1
  6
CONTINUOUS
370
50
 62
4
100
AcDbLine
 10
39.11721
 20
-4.811999999999999
 30
0.0
 11
39.50779
 21
-4.1355
 31
0.0
  0
LINE
  5
105A
330
1F
100
AcDbEntity
  8
1
  6
CONTINUOUS
370
50
 62
4
100
AcDbLine
 10
40.36721
 20
-4.811999999999999
 30
0.0
 11
40.75779
 21
-4.1355
 31
0.0
  0
LINE
  5
105B
330
1F
100
AcDbEntity
  8
1
  6
CONTINUOUS
370
50
 62
4
100
AcDbLine
 10
41.61721
 20
-4.811999999999999
 30
0.0
 11
42.00779
 21
-4.1355
 31
0.0
  0
LINE
  5
105C
330
1F
100
AcDbEntity
  8
1
  6
CONTINUOUS
370
50
 62
4
100
AcDbLine
 10
45.36721
 20
-4.811999999999999
 30
0.0
 11
45.75779
 21
-4.1355
 31
0.0
  0
LINE
  5
105D
330
1F
100
AcDbEntity
  8
1
  6
CONTINUOUS
370
50
 62
4
100
AcDbLine
 10
34.74221
 20
4.1355
 30
0.0
 11
35.13279
 21
4.811999999999999
 31
0.0
  0
LINE
  5
105E
330
1F
100
AcDbEntity
  8
1
  6
CONTINUOUS
370
50
 62
4
100
AcDbLine
 10
35.99221
 20
4.1355
 30
0.0
 11
36.38279
 21
4.811999999999999
 31
0.0
  0
LINE
  5
105F
330
1F
100
AcDbEntity
  8
1
  6
CONTINUOUS
370
50
 62
4
100
AcDbLine
 10
37.24221
 20
4.1355
 30
0.0
 11
37.63279
 21
4.811999999999999
 31
0.0
  0
LINE
  5
1060
330
1F
100
AcDbEntity
  8
1
  6
CONTINUOUS
370
50
 62
4
100
AcDbLine
 10
40.99221
 20
4.1355
 30
0.0
 11
41.38279
 21
4.811999999999999
 31
0.0
  0
LINE
  5
1061
330
1F
100
AcDbEntity
  8
1
  6
CONTINUOUS
370
50
 62
4
100
AcDbLine
 10
42.24221
 20
4.1355
 30
0.0
 11
42.63279
 21
4.811999999999999
 31
0.0
  0
LINE
  5
1062
330
1F
100
AcDbEntity
  8
1
  6
CONTINUOUS
370
50
 62
4
100
AcDbLine
 10
43.49221
 20
4.1355
 30
0.0
 11
43.88279
 21
4.811999999999999
 31
0.0
  0
LINE
  5
1063
330
1F
100
AcDbEntity
  8
1
  6
CONTINUOUS
370
50
 62
4
100
AcDbLine
 10
44.74221
 20
4.1355
 30
0.0
 11
45.13279
 21
4.811999999999999
 31
0.0
  0
LINE
  5
1064
330
1F
100
AcDbEntity
  8
1
  6
CONTINUOUS
370
50
 62
4
100
AcDbLine
 10
46.729633
 20
-4.61728
 30
0.0
 11
47.00779
 21
-4.1355
 31
0.0
  0
LINE
  5
1065
330
1F
100
AcDbEntity
  8
1
  6
CONTINUOUS
370
50
 62
4
100
AcDbLine
 10
33.531193
 20
4.0
 30
0.0
 11
34.0
 21
4.811999999999999
 31
0.0
  0
LINE
  5
1066
330
1F
100
AcDbEntity
  8
1
  6
CONTINUOUS
370
50
 62
4
100
AcDbLine
 10
40.078148
 20
4.648737
 30
0.0
 11
40.132866
 21
4.753226
 31
0.0
  0
LINE
  5
1067
330
1F
100
AcDbEntity
  8
1
  6
CONTINUOUS
370
50
 62
4
100
AcDbLine
 10
40.023087
 20
4.543159999999999
 30
0.0
 11
40.078148
 21
4.648737
 31
0.0
  0
LINE
  5
1068
330
1F
100
AcDbEntity
  8
1
  6
CONTINUOUS
370
50
 62
4
100
AcDbLine
 10
39.96767
 20
4.436533
 30
0.0
 11
40.023087
 21
4.543159999999999
 31
0.0
  0
LINE
  5
1069
330
1F
100
AcDbEntity
  8
1
  6
CONTINUOUS
370
50
 62
4
100
AcDbLine
 10
39.911884
 20
4.328894
 30
0.0
 11
39.96767
 21
4.436533
 31
0.0
  0
LINE
  5
106A
330
1F
100
AcDbEntity
  8
1
  6
CONTINUOUS
370
50
 62
4
100
AcDbLine
 10
39.855721
 20
4.220282
 30
0.0
 11
39.911884
 21
4.328894
 31
0.0
  0
LINE
  5
106B
330
1F
100
AcDbEntity
  8
1
  6
CONTINUOUS
370
50
 62
4
100
AcDbLine
 10
47.402084
 20
4.305053
 30
0.0
 11
47.428448
 21
4.356091999999999
 31
0.0
  0
LINE
  5
106C
330
1F
100
AcDbEntity
  8
1
  6
CONTINUOUS
370
50
 62
4
100
AcDbLine
 10
39.799168
 20
4.110733
 30
0.0
 11
39.855721
 21
4.220282
 31
0.0
  0
LINE
  5
106D
330
1F
100
AcDbEntity
  8
1
  6
CONTINUOUS
370
50
 62
4
100
AcDbLine
 10
47.375648
 20
4.253814999999999
 30
0.0
 11
47.402084
 21
4.305053
 31
0.0
  0
LINE
  5
106E
330
1F
100
AcDbEntity
  8
1
  6
CONTINUOUS
370
50
 62
4
100
AcDbLine
 10
39.742214
 20
4.000287
 30
0.0
 11
39.799168
 21
4.110733
 31
0.0
  0
LINE
  5
106F
330
1F
100
AcDbEntity
  8
1
  6
CONTINUOUS
370
50
 62
4
100
AcDbLine
 10
47.349129
 20
4.202381
 30
0.0
 11
47.375648
 21
4.253814999999999
 31
0.0
  0
LINE
  5
1070
330
1F
100
AcDbEntity
  8
1
  6
CONTINUOUS
370
50
 62
4
100
AcDbLine
 10
47.322525
 20
4.150755
 30
0.0
 11
47.349129
 21
4.202381
 31
0.0
  0
LINE
  5
1071
330
1F
100
AcDbEntity
  8
1
  6
CONTINUOUS
370
50
 62
4
100
AcDbLine
 10
47.295841
 20
4.09894
 30
0.0
 11
47.322525
 21
4.150755
 31
0.0
  0
LINE
  5
1072
330
1F
100
AcDbEntity
  8
1
  6
CONTINUOUS
370
50
 62
4
100
AcDbLine
 10
42.867207
 20
-4.752933
 30
0.0
 11
42.922176
 21
-4.646173999999999
 31
0.0
  0
LINE
  5
1073
330
1F
100
AcDbEntity
  8
1
  6
CONTINUOUS
370
50
 62
4
100
AcDbLine
 10
47.26907
 20
4.046939
 30
0.0
 11
47.295841
 21
4.09894
 31
0.0
  0
LINE
  5
1074
330
1F
100
AcDbEntity
  8
1
  6
CONTINUOUS
370
50
 62
4
100
AcDbLine
 10
47.24221
 20
3.994756
 30
0.0
 11
47.26907
 21
4.046939
 31
0.0
  0
LINE
  5
1075
330
1F
100
AcDbEntity
  8
1
  6
CONTINUOUS
370
50
 62
4
100
AcDbLine
 10
35.367191
 20
-4.748591
 30
0.0
 11
35.414867
 21
-4.655825999999999
 31
0.0
  0
LINE
  5
1076
330
1F
100
AcDbEntity
  8
1
  6
CONTINUOUS
370
50
 62
4
100
AcDbLine
 10
42.922176
 20
-4.646173999999999
 30
0.0
 11
42.977448
 21
-4.538056
 31
0.0
  0
LINE
  5
1077
330
1F
100
AcDbEntity
  8
1
  6
CONTINUOUS
370
50
 62
4
100
AcDbLine
 10
35.414867
 20
-4.655825999999999
 30
0.0
 11
35.463905
 21
-4.559788999999999
 31
0.0
  0
LINE
  5
1078
330
1F
100
AcDbEntity
  8
1
  6
CONTINUOUS
370
50
 62
4
100
AcDbLine
 10
48.970482
 20
3.935272
 30
0.0
 11
49.000008
 21
3.993392
 31
0.0
  0
LINE
  5
1079
330
1F
100
AcDbEntity
  8
1
  6
CONTINUOUS
370
50
 62
4
100
AcDbLine
 10
48.970482
 20
3.935272
 30
0.0
 11
49.000008
 21
3.993392
 31
0.0
  0
LINE
  5
107A
330
1F
100
AcDbEntity
  8
1
  6
CONTINUOUS
370
50
 62
4
100
AcDbLine
 10
42.977448
 20
-4.538056
 30
0.0
 11
43.032963
 21
-4.42876
 31
0.0
  0
LINE
  5
107B
330
1F
100
AcDbEntity
  8
1
  6
CONTINUOUS
370
50
 62
4
100
AcDbLine
 10
35.463905
 20
-4.559788999999999
 30
0.0
 11
35.516102
 21
-4.456850999999999
 31
0.0
  0
LINE
  5
107C
330
1F
100
AcDbEntity
  8
1
  6
CONTINUOUS
370
50
 62
4
100
AcDbLine
 10
43.032963
 20
-4.42876
 30
0.0
 11
43.08873699999999
 21
-4.318325
 31
0.0
  0
LINE
  5
107D
330
1F
100
AcDbEntity
  8
1
  6
CONTINUOUS
370
50
 62
4
100
AcDbLine
 10
48.940872
 20
3.876542
 30
0.0
 11
48.970482
 21
3.935272
 31
0.0
  0
LINE
  5
107E
330
1F
100
AcDbEntity
  8
1
  6
CONTINUOUS
370
50
 62
4
100
AcDbLine
 10
48.940872
 20
3.876541
 30
0.0
 11
48.970482
 21
3.935272
 31
0.0
  0
LINE
  5
107F
330
1F
100
AcDbEntity
  8
1
  6
CONTINUOUS
370
50
 62
4
100
AcDbLine
 10
35.516102
 20
-4.456850999999999
 30
0.0
 11
35.571686
 21
-4.346585999999999
 31
0.0
  0
LINE
  5
1080
330
1F
100
AcDbEntity
  8
1
  6
CONTINUOUS
370
50
 62
4
100
AcDbLine
 10
43.08873699999999
 20
-4.318325
 30
0.0
 11
43.144787
 21
-4.206784
 31
0.0
  0
LINE
  5
1081
330
1F
100
AcDbEntity
  8
1
  6
CONTINUOUS
370
50
 62
4
100
AcDbLine
 10
35.571686
 20
-4.346585999999999
 30
0.0
 11
35.630539
 21
-4.229248
 31
0.0
  0
LINE
  5
1082
330
1F
100
AcDbEntity
  8
1
  6
CONTINUOUS
370
50
 62
4
100
AcDbLine
 10
48.911175
 20
3.817208
 30
0.0
 11
48.940872
 21
3.876541
 31
0.0
  0
LINE
  5
1083
330
1F
100
AcDbEntity
  8
1
  6
CONTINUOUS
370
50
 62
4
100
AcDbLine
 10
48.911175
 20
3.817208
 30
0.0
 11
48.940872
 21
3.876542
 31
0.0
  0
LINE
  5
1084
330
1F
100
AcDbEntity
  8
1
  6
CONTINUOUS
370
50
 62
4
100
AcDbLine
 10
43.144787
 20
-4.206784
 30
0.0
 11
43.20113
 21
-4.094171
 31
0.0
  0
LINE
  5
1085
330
1F
100
AcDbEntity
  8
1
  6
CONTINUOUS
370
50
 62
4
100
AcDbLine
 10
35.630539
 20
-4.229248
 30
0.0
 11
35.692554
 21
-4.105086
 31
0.0
  0
LINE
  5
1086
330
1F
100
AcDbEntity
  8
1
  6
CONTINUOUS
370
50
 62
4
100
AcDbLine
 10
43.20113
 20
-4.094171
 30
0.0
 11
43.257786
 21
-3.980517
 31
0.0
  0
LINE
  5
1087
330
1F
100
AcDbEntity
  8
1
  6
CONTINUOUS
370
50
 62
4
100
AcDbLine
 10
35.692554
 20
-4.105086
 30
0.0
 11
35.757626
 21
-3.974353
 31
0.0
  0
LINE
  5
1088
330
1F
100
AcDbEntity
  8
1
  6
CONTINUOUS
370
50
 62
4
100
AcDbLine
 10
48.881393
 20
3.75728
 30
0.0
 11
48.911175
 21
3.817208
 31
0.0
  0
LINE
  5
1089
330
1F
100
AcDbEntity
  8
1
  6
CONTINUOUS
370
50
 62
4
100
AcDbLine
 10
48.881393
 20
3.75728
 30
0.0
 11
48.911175
 21
3.817208
 31
0.0
  0
LINE
  5
108A
330
1F
100
AcDbEntity
  8
1
  6
CONTINUOUS
370
50
 62
4
100
AcDbLine
 10
48.851524
 20
3.696766
 30
0.0
 11
48.881393
 21
3.75728
 31
0.0
  0
LINE
  5
108B
330
1F
100
AcDbEntity
  8
1
  6
CONTINUOUS
370
50
 62
4
100
AcDbLine
 10
48.851524
 20
3.696765
 30
0.0
 11
48.881393
 21
3.75728
 31
0.0
  0
LINE
  5
108C
330
1F
100
AcDbEntity
  8
1
  6
CONTINUOUS
370
50
 62
4
100
AcDbLine
 10
48.821568
 20
3.635672
 30
0.0
 11
48.851524
 21
3.696765
 31
0.0
  0
LINE
  5
108D
330
1F
100
AcDbEntity
  8
1
  6
CONTINUOUS
370
50
 62
4
100
AcDbLine
 10
48.821568
 20
3.635673
 30
0.0
 11
48.851524
 21
3.696766
 31
0.0
  0
LINE
  5
108E
330
1F
100
AcDbEntity
  8
1
  6
CONTINUOUS
370
50
 62
4
100
AcDbLine
 10
48.791523
 20
3.574009
 30
0.0
 11
48.821568
 21
3.635672
 31
0.0
  0
LINE
  5
108F
330
1F
100
AcDbEntity
  8
1
  6
CONTINUOUS
370
50
 62
4
100
AcDbLine
 10
48.791523
 20
3.574009
 30
0.0
 11
48.821568
 21
3.635673
 31
0.0
  0
LINE
  5
1090
330
1F
100
AcDbEntity
  8
1
  6
CONTINUOUS
370
50
 62
4
100
AcDbLine
 10
48.760822
 20
3.510243
 30
0.0
 11
48.791523
 21
3.574009
 31
0.0
  0
LINE
  5
1091
330
1F
100
AcDbEntity
  8
1
  6
CONTINUOUS
370
50
 62
4
100
AcDbLine
 10
48.758549
 20
3.505498
 30
0.0
 11
48.791523
 21
3.574009
 31
0.0
  0
LINE
  5
1092
330
1F
100
AcDbEntity
  8
1
  6
CONTINUOUS
370
50
 62
4
100
AcDbLine
 10
48.72958
 20
3.444266
 30
0.0
 11
48.760822
 21
3.510243
 31
0.0
  0
LINE
  5
1093
330
1F
100
AcDbEntity
  8
1
  6
CONTINUOUS
370
50
 62
4
100
AcDbLine
 10
48.725979
 20
3.436636
 30
0.0
 11
48.758549
 21
3.505498
 31
0.0
  0
LINE
  5
1094
330
1F
100
AcDbEntity
  8
1
  6
CONTINUOUS
370
50
 62
4
100
AcDbLine
 10
48.69791799999999
 20
3.376339
 30
0.0
 11
48.72958
 21
3.444266
 31
0.0
  0
LINE
  5
1095
330
1F
100
AcDbEntity
  8
1
  6
CONTINUOUS
370
50
 62
4
100
AcDbLine
 10
48.693935
 20
3.367764
 30
0.0
 11
48.725979
 21
3.436636
 31
0.0
  0
LINE
  5
1096
330
1F
100
AcDbEntity
  8
1
  6
CONTINUOUS
370
50
 62
4
100
AcDbLine
 10
48.665932
 20
3.306669
 30
0.0
 11
48.69791799999999
 21
3.376339
 31
0.0
  0
LINE
  5
1097
330
1F
100
AcDbEntity
  8
1
  6
CONTINUOUS
370
50
 62
4
100
AcDbLine
 10
48.662537
 20
3.299224
 30
0.0
 11
48.693935
 21
3.367764
 31
0.0
  0
LINE
  5
1098
330
1F
100
AcDbEntity
  8
1
  6
CONTINUOUS
370
50
 62
4
100
AcDbLine
 10
48.633827
 20
3.235634
 30
0.0
 11
48.665932
 21
3.306669
 31
0.0
  0
LINE
  5
1099
330
1F
100
AcDbEntity
  8
1
  6
CONTINUOUS
370
50
 62
4
100
AcDbLine
 10
48.631912
 20
3.231359
 30
0.0
 11
48.662537
 21
3.299224
 31
0.0
  0
LINE
  5
109A
330
1F
100
AcDbEntity
  8
1
  6
CONTINUOUS
370
50
 62
4
100
AcDbLine
 10
48.601868
 20
3.163753
 30
0.0
 11
48.633827
 21
3.235634
 31
0.0
  0
LINE
  5
109B
330
1F
100
AcDbEntity
  8
1
  6
CONTINUOUS
370
50
 62
4
100
AcDbLine
 10
48.601868
 20
3.163766
 30
0.0
 11
48.631912
 21
3.231359
 31
0.0
  0
LINE
  5
109C
330
1F
100
AcDbEntity
  8
1
  6
CONTINUOUS
370
50
 62
4
100
AcDbLine
 10
31.969589
 20
-2.497688
 30
0.0
 11
31.987009
 21
-2.457544
 31
0.0
  0
LINE
  5
109D
330
1F
100
AcDbEntity
  8
1
  6
CONTINUOUS
370
50
 62
4
100
AcDbLine
 10
31.957205
 20
-2.53872
 30
0.0
 11
31.969589
 21
-2.497688
 31
0.0
  0
LINE
  5
109E
330
1F
100
AcDbEntity
  8
1
  6
CONTINUOUS
370
50
 62
4
100
AcDbLine
 10
31.94717
 20
3.926635
 30
0.0
 11
31.949169
 21
3.935873
 31
0.0
  0
LINE
  5
109F
330
1F
100
AcDbEntity
  8
1
  6
CONTINUOUS
370
50
 62
4
100
AcDbLine
 10
31.949747
 20
-2.580558
 30
0.0
 11
31.957205
 21
-2.53872
 31
0.0
  0
LINE
  5
10A0
330
1F
100
AcDbEntity
  8
1
  6
CONTINUOUS
370
50
 62
4
100
AcDbLine
 10
31.94717
 20
-2.62386
 30
0.0
 11
31.949747
 21
-2.580558
 31
0.0
  0
LINE
  5
10A1
330
1F
100
AcDbEntity
  8
1
  6
CONTINUOUS
370
50
 62
4
100
AcDbLine
 10
0.0
 20
-5.0
 30
0.0
 11
0.0
 21
5.0
 31
0.0
  0
LINE
  5
10A2
330
1F
100
AcDbEntity
  8
1
  6
CONTINUOUS
370
50
 62
4
100
AcDbLine
 10
10.0
 20
-4.0
 30
0.0
 11
10.0
 21
4.0
 31
0.0
  0
LINE
  5
10A3
330
1F
100
AcDbEntity
  8
1
  6
CONTINUOUS
370
50
 62
4
100
AcDbLine
 10
33.531193
 20
-2.44856
 30
0.0
 11
33.531193
 21
2.988616
 31
0.0
  0
LINE
  5
10A4
330
1F
100
AcDbEntity
  8
1
  6
CONTINUOUS
370
50
 62
4
100
AcDbLine
 10
33.531193
 20
3.963516
 30
0.0
 11
33.531193
 21
4.0
 31
0.0
  0
LINE
  5
10A5
330
1F
100
AcDbEntity
  8
1
  6
CONTINUOUS
370
50
 62
4
100
AcDbLine
 10
33.531193
 20
-4.0
 30
0.0
 11
33.531193
 21
-3.796726
 31
0.0
  0
LINE
  5
10A6
330
1F
100
AcDbEntity
  8
1
  6
CONTINUOUS
370
50
 62
4
100
AcDbLine
 10
33.971298
 20
3.23918
 30
0.0
 11
33.971298
 21
4.642888999999999
 31
0.0
  0
LINE
  5
10A7
330
1F
100
AcDbEntity
  8
1
  6
CONTINUOUS
370
50
 62
4
100
AcDbLine
 10
33.971298
 20
-3.6175
 30
0.0
 11
33.971298
 21
-3.239167
 31
0.0
  0
LINE
  5
10A8
330
1F
100
AcDbEntity
  8
1
  6
CONTINUOUS
370
50
 62
4
100
AcDbLine
 10
33.971298
 20
-4.642888999999999
 30
0.0
 11
33.971298
 21
-3.6175
 31
0.0
  0
LINE
  5
10A9
330
1F
100
AcDbEntity
  8
1
  6
CONTINUOUS
370
50
 62
4
100
AcDbLine
 10
34.0
 20
-4.811999999999999
 30
0.0
 11
34.0
 21
3.245468
 31
0.0
  0
LINE
  5
10AA
330
1F
100
AcDbEntity
  8
1
  6
CONTINUOUS
370
50
 62
4
100
AcDbLine
 10
34.0
 20
4.527945
 30
0.0
 11
34.0
 21
4.683173
 31
0.0
  0
LINE
  5
10AB
330
1F
100
AcDbEntity
  8
1
  6
CONTINUOUS
370
50
 62
4
100
AcDbLine
 10
34.0
 20
4.372716
 30
0.0
 11
34.0
 21
4.527945
 31
0.0
  0
LINE
  5
10AC
330
1F
100
AcDbEntity
  8
1
  6
CONTINUOUS
370
50
 62
4
100
AcDbLine
 10
34.0
 20
4.217487999999999
 30
0.0
 11
34.0
 21
4.372716
 31
0.0
  0
LINE
  5
10AD
330
1F
100
AcDbEntity
  8
1
  6
CONTINUOUS
370
50
 62
4
100
AcDbLine
 10
34.0
 20
4.06226
 30
0.0
 11
34.0
 21
4.217487999999999
 31
0.0
  0
LINE
  5
10AE
330
1F
100
AcDbEntity
  8
1
  6
CONTINUOUS
370
50
 62
4
100
AcDbLine
 10
34.0
 20
3.907032
 30
0.0
 11
34.0
 21
4.06226
 31
0.0
  0
LINE
  5
10AF
330
1F
100
AcDbEntity
  8
1
  6
CONTINUOUS
370
50
 62
4
100
AcDbLine
 10
34.0
 20
3.751804
 30
0.0
 11
34.0
 21
3.907032
 31
0.0
  0
LINE
  5
10B0
330
1F
100
AcDbEntity
  8
1
  6
CONTINUOUS
370
50
 62
4
100
AcDbLine
 10
34.0
 20
3.596575
 30
0.0
 11
34.0
 21
3.751804
 31
0.0
  0
LINE
  5
10B1
330
1F
100
AcDbEntity
  8
1
  6
CONTINUOUS
370
50
 62
4
100
AcDbLine
 10
34.0
 20
3.538708
 30
0.0
 11
34.0
 21
3.596575
 31
0.0
  0
LINE
  5
10B2
330
1F
100
AcDbEntity
  8
1
  6
CONTINUOUS
370
50
 62
4
100
AcDbLine
 10
34.0
 20
3.480425
 30
0.0
 11
34.0
 21
3.538708
 31
0.0
  0
LINE
  5
10B3
330
1F
100
AcDbEntity
  8
1
  6
CONTINUOUS
370
50
 62
4
100
AcDbLine
 10
34.0
 20
3.421842
 30
0.0
 11
34.0
 21
3.480425
 31
0.0
  0
LINE
  5
10B4
330
1F
100
AcDbEntity
  8
1
  6
CONTINUOUS
370
50
 62
4
100
AcDbLine
 10
34.0
 20
3.363076
 30
0.0
 11
34.0
 21
3.421842
 31
0.0
  0
LINE
  5
10B5
330
1F
100
AcDbEntity
  8
1
  6
CONTINUOUS
370
50
 62
4
100
AcDbLine
 10
34.0
 20
3.304247
 30
0.0
 11
34.0
 21
3.363076
 31
0.0
  0
LINE
  5
10B6
330
1F
100
AcDbEntity
  8
1
  6
CONTINUOUS
370
50
 62
4
100
AcDbLine
 10
34.0
 20
3.24547
 30
0.0
 11
34.0
 21
3.304247
 31
0.0
  0
LINE
  5
10B7
330
1F
100
AcDbEntity
  8
1
  6
CONTINUOUS
370
50
 62
4
100
AcDbLine
 10
34.0
 20
4.683173
 30
0.0
 11
34.0
 21
4.811999999999999
 31
0.0
  0
LINE
  5
10B8
330
1F
100
AcDbEntity
  8
1
  6
CONTINUOUS
370
50
 62
4
100
AcDbLine
 10
34.0
 20
3.596575
 30
0.0
 11
34.0
 21
3.751804
 31
0.0
  0
LINE
  5
10B9
330
1F
100
AcDbEntity
  8
1
  6
CONTINUOUS
370
50
 62
4
100
AcDbLine
 10
34.0
 20
3.751804
 30
0.0
 11
34.0
 21
3.907032
 31
0.0
  0
LINE
  5
10BA
330
1F
100
AcDbEntity
  8
1
  6
CONTINUOUS
370
50
 62
4
100
AcDbLine
 10
34.0
 20
3.907032
 30
0.0
 11
34.0
 21
4.06226
 31
0.0
  0
LINE
  5
10BB
330
1F
100
AcDbEntity
  8
1
  6
CONTINUOUS
370
50
 62
4
100
AcDbLine
 10
34.0
 20
4.06226
 30
0.0
 11
34.0
 21
4.217487999999999
 31
0.0
  0
LINE
  5
10BC
330
1F
100
AcDbEntity
  8
1
  6
CONTINUOUS
370
50
 62
4
100
AcDbLine
 10
34.0
 20
4.217487999999999
 30
0.0
 11
34.0
 21
4.372716
 31
0.0
  0
LINE
  5
10BD
330
1F
100
AcDbEntity
  8
1
  6
CONTINUOUS
370
50
 62
4
100
AcDbLine
 10
34.0
 20
4.372716
 30
0.0
 11
34.0
 21
4.527945
 31
0.0
  0
LINE
  5
10BE
330
1F
100
AcDbEntity
  8
1
  6
CONTINUOUS
370
50
 62
4
100
AcDbLine
 10
34.0
 20
4.527945
 30
0.0
 11
34.0
 21
4.683173
 31
0.0
  0
LINE
  5
10BF
330
1F
100
AcDbEntity
  8
1
  6
CONTINUOUS
370
50
 62
4
100
AcDbLine
 10
34.0
 20
3.245472
 30
0.0
 11
34.0
 21
3.304331
 31
0.0
  0
LINE
  5
10C0
330
1F
100
AcDbEntity
  8
1
  6
CONTINUOUS
370
50
 62
4
100
AcDbLine
 10
34.0
 20
3.304331
 30
0.0
 11
34.0
 21
3.363212
 31
0.0
  0
LINE
  5
10C1
330
1F
100
AcDbEntity
  8
1
  6
CONTINUOUS
370
50
 62
4
100
AcDbLine
 10
34.0
 20
3.363212
 30
0.0
 11
34.0
 21
3.421993
 31
0.0
  0
LINE
  5
10C2
330
1F
100
AcDbEntity
  8
1
  6
CONTINUOUS
370
50
 62
4
100
AcDbLine
 10
34.0
 20
3.421993
 30
0.0
 11
34.0
 21
3.480559
 31
0.0
  0
LINE
  5
10C3
330
1F
100
AcDbEntity
  8
1
  6
CONTINUOUS
370
50
 62
4
100
AcDbLine
 10
34.0
 20
3.480559
 30
0.0
 11
34.0
 21
3.538792
 31
0.0
  0
LINE
  5
10C4
330
1F
100
AcDbEntity
  8
1
  6
CONTINUOUS
370
50
 62
4
100
AcDbLine
 10
34.0
 20
3.538792
 30
0.0
 11
34.0
 21
3.596575
 31
0.0
  0
LINE
  5
10C5
330
1F
100
AcDbEntity
  8
1
  6
CONTINUOUS
370
50
 62
4
100
AcDbLine
 10
34.0
 20
4.683173
 30
0.0
 11
34.0
 21
4.811999999999999
 31
0.0
  0
LINE
  5
10C6
330
1F
100
AcDbEntity
  8
1
  6
CONTINUOUS
370
50
 62
4
100
AcDbLine
 10
34.11721
 20
-3.406415
 30
0.0
 11
34.11721
 21
3.130707
 31
0.0
  0
LINE
  5
10C7
330
1F
100
AcDbEntity
  8
1
  6
CONTINUOUS
370
50
 62
4
100
AcDbLine
 10
34.11721
 20
-4.811999999999999
 30
0.0
 11
34.11721
 21
-4.730083
 31
0.0
  0
LINE
  5
10C8
330
1F
100
AcDbEntity
  8
1
  6
CONTINUOUS
370
50
 62
4
100
AcDbLine
 10
34.11721
 20
4.646634
 30
0.0
 11
34.11721
 21
4.811999999999999
 31
0.0
  0
LINE
  5
10C9
330
1F
100
AcDbEntity
  8
1
  6
CONTINUOUS
370
50
 62
4
100
AcDbLine
 10
34.50779
 20
-4.1355
 30
0.0
 11
34.50779
 21
-4.126581
 31
0.0
  0
LINE
  5
10CA
330
1F
100
AcDbEntity
  8
1
  6
CONTINUOUS
370
50
 62
4
100
AcDbLine
 10
34.50779
 20
3.837562
 30
0.0
 11
34.50779
 21
4.1355
 31
0.0
  0
LINE
  5
10CB
330
1F
100
AcDbEntity
  8
1
  6
CONTINUOUS
370
50
 62
4
100
AcDbLine
 10
34.50779
 20
-3.25355
 30
0.0
 11
34.50779
 21
2.298379
 31
0.0
  0
LINE
  5
10CC
330
1F
100
AcDbEntity
  8
1
  6
CONTINUOUS
370
50
 62
4
100
AcDbLine
 10
34.74221
 20
3.729824
 30
0.0
 11
34.74221
 21
4.1355
 31
0.0
  0
LINE
  5
10CD
330
1F
100
AcDbEntity
  8
1
  6
CONTINUOUS
370
50
 62
4
100
AcDbLine
 10
34.74221
 20
-3.411871
 30
0.0
 11
34.74221
 21
2.074874
 31
0.0
  0
LINE
  5
10CE
330
1F
100
AcDbEntity
  8
1
  6
CONTINUOUS
370
50
 62
4
100
AcDbLine
 10
35.13279
 20
-4.218398
 30
0.0
 11
35.13279
 21
1.991283
 31
0.0
  0
LINE
  5
10CF
330
1F
100
AcDbEntity
  8
1
  6
CONTINUOUS
370
50
 62
4
100
AcDbLine
 10
35.13279
 20
4.11428
 30
0.0
 11
35.13279
 21
4.811999999999999
 31
0.0
  0
LINE
  5
10D0
330
1F
100
AcDbEntity
  8
1
  6
CONTINUOUS
370
50
 62
4
100
AcDbLine
 10
35.36721
 20
-4.360317
 30
0.0
 11
35.36721
 21
1.700019
 31
0.0
  0
LINE
  5
10D1
330
1F
100
AcDbEntity
  8
1
  6
CONTINUOUS
370
50
 62
4
100
AcDbLine
 10
35.36721
 20
3.942893
 30
0.0
 11
35.36721
 21
4.811999999999999
 31
0.0
  0
LINE
  5
10D2
330
1F
100
AcDbEntity
  8
1
  6
CONTINUOUS
370
50
 62
4
100
AcDbLine
 10
35.75779
 20
3.086382
 30
0.0
 11
35.75779
 21
4.1355
 31
0.0
  0
LINE
  5
10D3
330
1F
100
AcDbEntity
  8
1
  6
CONTINUOUS
370
50
 62
4
100
AcDbLine
 10
35.75779
 20
-3.926981
 30
0.0
 11
35.75779
 21
0.9973099999999999
 31
0.0
  0
LINE
  5
10D4
330
1F
100
AcDbEntity
  8
1
  6
CONTINUOUS
370
50
 62
4
100
AcDbLine
 10
35.99221
 20
2.89992
 30
0.0
 11
35.99221
 21
4.1355
 31
0.0
  0
LINE
  5
10D5
330
1F
100
AcDbEntity
  8
1
  6
CONTINUOUS
370
50
 62
4
100
AcDbLine
 10
35.99221
 20
-4.003314
 30
0.0
 11
35.99221
 21
0.733694
 31
0.0
  0
LINE
  5
10D6
330
1F
100
AcDbEntity
  8
1
  6
CONTINUOUS
370
50
 62
4
100
AcDbLine
 10
36.38279
 20
-4.755221
 30
0.0
 11
36.38279
 21
0.378205
 31
0.0
  0
LINE
  5
10D7
330
1F
100
AcDbEntity
  8
1
  6
CONTINUOUS
370
50
 62
4
100
AcDbLine
 10
36.38279
 20
3.015898
 30
0.0
 11
36.38279
 21
4.811999999999999
 31
0.0
  0
LINE
  5
10D8
330
1F
100
AcDbEntity
  8
1
  6
CONTINUOUS
370
50
 62
4
100
AcDbLine
 10
36.61721
 20
-4.793157
 30
0.0
 11
36.61721
 21
0.064019
 31
0.0
  0
LINE
  5
10D9
330
1F
100
AcDbEntity
  8
1
  6
CONTINUOUS
370
50
 62
4
100
AcDbLine
 10
36.61721
 20
2.765011
 30
0.0
 11
36.61721
 21
4.811999999999999
 31
0.0
  0
LINE
  5
10DA
330
1F
100
AcDbEntity
  8
1
  6
CONTINUOUS
370
50
 62
4
100
AcDbLine
 10
37.00779
 20
1.96291
 30
0.0
 11
37.00779
 21
4.1355
 31
0.0
  0
LINE
  5
10DB
330
1F
100
AcDbEntity
  8
1
  6
CONTINUOUS
370
50
 62
4
100
AcDbLine
 10
37.00779
 20
-4.1355
 30
0.0
 11
37.00779
 21
-0.431402
 31
0.0
  0
LINE
  5
10DC
330
1F
100
AcDbEntity
  8
1
  6
CONTINUOUS
370
50
 62
4
100
AcDbLine
 10
37.24221
 20
1.721101
 30
0.0
 11
37.24221
 21
4.1355
 31
0.0
  0
LINE
  5
10DD
330
1F
100
AcDbEntity
  8
1
  6
CONTINUOUS
370
50
 62
4
100
AcDbLine
 10
37.24221
 20
-4.1355
 30
0.0
 11
37.24221
 21
-0.698762
 31
0.0
  0
LINE
  5
10DE
330
1F
100
AcDbEntity
  8
1
  6
CONTINUOUS
370
50
 62
4
100
AcDbLine
 10
37.63279
 20
1.555443
 30
0.0
 11
37.63279
 21
4.811999999999999
 31
0.0
  0
LINE
  5
10DF
330
1F
100
AcDbEntity
  8
1
  6
CONTINUOUS
370
50
 62
4
100
AcDbLine
 10
37.63279
 20
-4.811999999999999
 30
0.0
 11
37.63279
 21
-1.281528
 31
0.0
  0
LINE
  5
10E0
330
1F
100
AcDbEntity
  8
1
  6
CONTINUOUS
370
50
 62
4
100
AcDbLine
 10
37.86721
 20
1.254978
 30
0.0
 11
37.86721
 21
4.811999999999999
 31
0.0
  0
LINE
  5
10E1
330
1F
100
AcDbEntity
  8
1
  6
CONTINUOUS
370
50
 62
4
100
AcDbLine
 10
37.86721
 20
-4.811999999999999
 30
0.0
 11
37.86721
 21
-1.581327
 31
0.0
  0
LINE
  5
10E2
330
1F
100
AcDbEntity
  8
1
  6
CONTINUOUS
370
50
 62
4
100
AcDbLine
 10
38.25779
 20
0.6029669999999999
 30
0.0
 11
38.25779
 21
4.1355
 31
0.0
  0
LINE
  5
10E3
330
1F
100
AcDbEntity
  8
1
  6
CONTINUOUS
370
50
 62
4
100
AcDbLine
 10
38.25779
 20
-4.1355
 30
0.0
 11
38.25779
 21
-1.808581
 31
0.0
  0
LINE
  5
10E4
330
1F
100
AcDbEntity
  8
1
  6
CONTINUOUS
370
50
 62
4
100
AcDbLine
 10
38.49221
 20
0.334782
 30
0.0
 11
38.49221
 21
4.1355
 31
0.0
  0
LINE
  5
10E5
330
1F
100
AcDbEntity
  8
1
  6
CONTINUOUS
370
50
 62
4
100
AcDbLine
 10
38.49221
 20
-4.1355
 30
0.0
 11
38.49221
 21
-2.047486
 31
0.0
  0
LINE
  5
10E6
330
1F
100
AcDbEntity
  8
1
  6
CONTINUOUS
370
50
 62
4
100
AcDbLine
 10
38.88279
 20
-0.091413
 30
0.0
 11
38.88279
 21
4.790681
 31
0.0
  0
LINE
  5
10E7
330
1F
100
AcDbEntity
  8
1
  6
CONTINUOUS
370
50
 62
4
100
AcDbLine
 10
38.88279
 20
-4.811999999999999
 30
0.0
 11
38.88279
 21
-2.78718
 31
0.0
  0
LINE
  5
10E8
330
1F
100
AcDbEntity
  8
1
  6
CONTINUOUS
370
50
 62
4
100
AcDbLine
 10
39.11721
 20
-0.405261
 30
0.0
 11
39.11721
 21
4.750948999999999
 31
0.0
  0
LINE
  5
10E9
330
1F
100
AcDbEntity
  8
1
  6
CONTINUOUS
370
50
 62
4
100
AcDbLine
 10
39.11721
 20
-4.811999999999999
 30
0.0
 11
39.11721
 21
-3.03719
 31
0.0
  0
LINE
  5
10EA
330
1F
100
AcDbEntity
  8
1
  6
CONTINUOUS
370
50
 62
4
100
AcDbLine
 10
39.50779
 20
-0.8291259999999999
 30
0.0
 11
39.50779
 21
3.977568
 31
0.0
  0
LINE
  5
10EB
330
1F
100
AcDbEntity
  8
1
  6
CONTINUOUS
370
50
 62
4
100
AcDbLine
 10
39.50779
 20
-4.1355
 30
0.0
 11
39.50779
 21
-2.969082
 31
0.0
  0
LINE
  5
10EC
330
1F
100
AcDbEntity
  8
1
  6
CONTINUOUS
370
50
 62
4
100
AcDbLine
 10
39.74221
 20
-1.091826
 30
0.0
 11
39.74221
 21
3.895187
 31
0.0
  0
LINE
  5
10ED
330
1F
100
AcDbEntity
  8
1
  6
CONTINUOUS
370
50
 62
4
100
AcDbLine
 10
39.74221
 20
-4.1355
 30
0.0
 11
39.74221
 21
-3.150676
 31
0.0
  0
LINE
  5
10EE
330
1F
100
AcDbEntity
  8
1
  6
CONTINUOUS
370
50
 62
4
100
AcDbLine
 10
40.13279
 20
-1.72761
 30
0.0
 11
40.13279
 21
4.348845
 31
0.0
  0
LINE
  5
10EF
330
1F
100
AcDbEntity
  8
1
  6
CONTINUOUS
370
50
 62
4
100
AcDbLine
 10
40.13279
 20
-4.811999999999999
 30
0.0
 11
40.13279
 21
-3.958286
 31
0.0
  0
LINE
  5
10F0
330
1F
100
AcDbEntity
  8
1
  6
CONTINUOUS
370
50
 62
4
100
AcDbLine
 10
40.36721
 20
-2.017011
 30
0.0
 11
40.36721
 21
4.205141
 31
0.0
  0
LINE
  5
10F1
330
1F
100
AcDbEntity
  8
1
  6
CONTINUOUS
370
50
 62
4
100
AcDbLine
 10
40.36721
 20
-4.811999999999999
 30
0.0
 11
40.36721
 21
-4.128428
 31
0.0
  0
LINE
  5
10F2
330
1F
100
AcDbEntity
  8
1
  6
CONTINUOUS
370
50
 62
4
100
AcDbLine
 10
40.75779
 20
4.134050999999999
 30
0.0
 11
40.75779
 21
4.1355
 31
0.0
  0
LINE
  5
10F3
330
1F
100
AcDbEntity
  8
1
  6
CONTINUOUS
370
50
 62
4
100
AcDbLine
 10
40.75779
 20
-2.161812
 30
0.0
 11
40.75779
 21
3.352596
 31
0.0
  0
LINE
  5
10F4
330
1F
100
AcDbEntity
  8
1
  6
CONTINUOUS
370
50
 62
4
100
AcDbLine
 10
40.75779
 20
-4.1355
 30
0.0
 11
40.75779
 21
-3.773164
 31
0.0
  0
LINE
  5
10F5
330
1F
100
AcDbEntity
  8
1
  6
CONTINUOUS
370
50
 62
4
100
AcDbLine
 10
40.99221
 20
4.118091
 30
0.0
 11
40.99221
 21
4.1355
 31
0.0
  0
LINE
  5
10F6
330
1F
100
AcDbEntity
  8
1
  6
CONTINUOUS
370
50
 62
4
100
AcDbLine
 10
40.99221
 20
-2.387319
 30
0.0
 11
40.99221
 21
3.187435
 31
0.0
  0
LINE
  5
10F7
330
1F
100
AcDbEntity
  8
1
  6
CONTINUOUS
370
50
 62
4
100
AcDbLine
 10
40.99221
 20
-4.1355
 30
0.0
 11
40.99221
 21
-3.875595
 31
0.0
  0
LINE
  5
10F8
330
1F
100
AcDbEntity
  8
1
  6
CONTINUOUS
370
50
 62
4
100
AcDbLine
 10
41.38279
 20
-3.15634
 30
0.0
 11
41.38279
 21
3.385024
 31
0.0
  0
LINE
  5
10F9
330
1F
100
AcDbEntity
  8
1
  6
CONTINUOUS
370
50
 62
4
100
AcDbLine
 10
41.38279
 20
4.723746
 30
0.0
 11
41.38279
 21
4.811999999999999
 31
0.0
  0
LINE
  5
10FA
330
1F
100
AcDbEntity
  8
1
  6
CONTINUOUS
370
50
 62
4
100
AcDbLine
 10
41.38279
 20
-4.811999999999999
 30
0.0
 11
41.38279
 21
-4.654389
 31
0.0
  0
LINE
  5
10FB
330
1F
100
AcDbEntity
  8
1
  6
CONTINUOUS
370
50
 62
4
100
AcDbLine
 10
41.61721
 20
-3.386572
 30
0.0
 11
41.61721
 21
3.154618
 31
0.0
  0
LINE
  5
10FC
330
1F
100
AcDbEntity
  8
1
  6
CONTINUOUS
370
50
 62
4
100
AcDbLine
 10
41.61721
 20
4.653836
 30
0.0
 11
41.61721
 21
4.811999999999999
 31
0.0
  0
LINE
  5
10FD
330
1F
100
AcDbEntity
  8
1
  6
CONTINUOUS
370
50
 62
4
100
AcDbLine
 10
41.61721
 20
-4.811999999999999
 30
0.0
 11
41.61721
 21
-4.72418
 31
0.0
  0
LINE
  5
10FE
330
1F
100
AcDbEntity
  8
1
  6
CONTINUOUS
370
50
 62
4
100
AcDbLine
 10
42.00779
 20
3.848598
 30
0.0
 11
42.00779
 21
4.1355
 31
0.0
  0
LINE
  5
10FF
330
1F
100
AcDbEntity
  8
1
  6
CONTINUOUS
370
50
 62
4
100
AcDbLine
 10
42.00779
 20
-3.235021
 30
0.0
 11
42.00779
 21
2.325248
 31
0.0
  0
LINE
  5
1100
330
1F
100
AcDbEntity
  8
1
  6
CONTINUOUS
370
50
 62
4
100
AcDbLine
 10
42.00779
 20
-4.1355
 30
0.0
 11
42.00779
 21
-4.124327
 31
0.0
  0
LINE
  5
1101
330
1F
100
AcDbEntity
  8
1
  6
CONTINUOUS
370
50
 62
4
100
AcDbLine
 10
42.24221
 20
3.741664
 30
0.0
 11
42.24221
 21
4.1355
 31
0.0
  0
LINE
  5
1102
330
1F
100
AcDbEntity
  8
1
  6
CONTINUOUS
370
50
 62
4
100
AcDbLine
 10
42.24221
 20
-3.396195
 30
0.0
 11
42.24221
 21
2.097269
 31
0.0
  0
LINE
  5
1103
330
1F
100
AcDbEntity
  8
1
  6
CONTINUOUS
370
50
 62
4
100
AcDbLine
 10
42.24221
 20
-4.1355
 30
0.0
 11
42.24221
 21
-4.135359
 31
0.0
  0
LINE
  5
1104
330
1F
100
AcDbEntity
  8
1
  6
CONTINUOUS
370
50
 62
4
100
AcDbLine
 10
42.63279
 20
-4.206201
 30
0.0
 11
42.63279
 21
2.014941
 31
0.0
  0
LINE
  5
1105
330
1F
100
AcDbEntity
  8
1
  6
CONTINUOUS
370
50
 62
4
100
AcDbLine
 10
42.63279
 20
4.127308
 30
0.0
 11
42.63279
 21
4.811999999999999
 31
0.0
  0
LINE
  5
1106
330
1F
100
AcDbEntity
  8
1
  6
CONTINUOUS
370
50
 62
4
100
AcDbLine
 10
42.86721
 20
-4.349734
 30
0.0
 11
42.86721
 21
1.725525
 31
0.0
  0
LINE
  5
1107
330
1F
100
AcDbEntity
  8
1
  6
CONTINUOUS
370
50
 62
4
100
AcDbLine
 10
42.86721
 20
3.957104
 30
0.0
 11
42.86721
 21
4.811999999999999
 31
0.0
  0
LINE
  5
1108
330
1F
100
AcDbEntity
  8
1
  6
CONTINUOUS
370
50
 62
4
100
AcDbLine
 10
43.25779
 20
3.101283
 30
0.0
 11
43.25779
 21
4.1355
 31
0.0
  0
LINE
  5
1109
330
1F
100
AcDbEntity
  8
1
  6
CONTINUOUS
370
50
 62
4
100
AcDbLine
 10
43.25779
 20
-3.919883
 30
0.0
 11
43.25779
 21
1.018998
 31
0.0
  0
LINE
  5
110A
330
1F
100
AcDbEntity
  8
1
  6
CONTINUOUS
370
50
 62
4
100
AcDbLine
 10
43.49221
 20
2.916238
 30
0.0
 11
43.49221
 21
4.1355
 31
0.0
  0
LINE
  5
110B
330
1F
100
AcDbEntity
  8
1
  6
CONTINUOUS
370
50
 62
4
100
AcDbLine
 10
43.49221
 20
-3.997496
 30
0.0
 11
43.49221
 21
0.755373
 31
0.0
  0
LINE
  5
110C
330
1F
100
AcDbEntity
  8
1
  6
CONTINUOUS
370
50
 62
4
100
AcDbLine
 10
43.88279
 20
-4.751285999999999
 30
0.0
 11
43.88279
 21
0.403063
 31
0.0
  0
LINE
  5
110D
330
1F
100
AcDbEntity
  8
1
  6
CONTINUOUS
370
50
 62
4
100
AcDbLine
 10
43.88279
 20
3.035547
 30
0.0
 11
43.88279
 21
4.811999999999999
 31
0.0
  0
LINE
  5
110E
330
1F
100
AcDbEntity
  8
1
  6
CONTINUOUS
370
50
 62
4
100
AcDbLine
 10
44.11721
 20
-4.790884
 30
0.0
 11
44.11721
 21
0.08936
 31
0.0
  0
LINE
  5
110F
330
1F
100
AcDbEntity
  8
1
  6
CONTINUOUS
370
50
 62
4
100
AcDbLine
 10
44.11721
 20
2.78542
 30
0.0
 11
44.11721
 21
4.811999999999999
 31
0.0
  0
LINE
  5
1110
330
1F
100
AcDbEntity
  8
1
  6
CONTINUOUS
370
50
 62
4
100
AcDbLine
 10
44.50779
 20
1.981831
 30
0.0
 11
44.50779
 21
4.1355
 31
0.0
  0
LINE
  5
1111
330
1F
100
AcDbEntity
  8
1
  6
CONTINUOUS
370
50
 62
4
100
AcDbLine
 10
44.50779
 20
-4.1355
 30
0.0
 11
44.50779
 21
-0.409607
 31
0.0
  0
LINE
  5
1112
330
1F
100
AcDbEntity
  8
1
  6
CONTINUOUS
370
50
 62
4
100
AcDbLine
 10
44.74221
 20
1.740733
 30
0.0
 11
44.74221
 21
4.1355
 31
0.0
  0
LINE
  5
1113
330
1F
100
AcDbEntity
  8
1
  6
CONTINUOUS
370
50
 62
4
100
AcDbLine
 10
44.74221
 20
-4.1355
 30
0.0
 11
44.74221
 21
-0.677368
 31
0.0
  0
LINE
  5
1114
330
1F
100
AcDbEntity
  8
1
  6
CONTINUOUS
370
50
 62
4
100
AcDbLine
 10
45.13279
 20
1.579413
 30
0.0
 11
45.13279
 21
4.811999999999999
 31
0.0
  0
LINE
  5
1115
330
1F
100
AcDbEntity
  8
1
  6
CONTINUOUS
370
50
 62
4
100
AcDbLine
 10
45.13279
 20
-4.811999999999999
 30
0.0
 11
45.13279
 21
-1.257149
 31
0.0
  0
LINE
  5
1116
330
1F
100
AcDbEntity
  8
1
  6
CONTINUOUS
370
50
 62
4
100
AcDbLine
 10
45.36721
 20
1.279351
 30
0.0
 11
45.36721
 21
4.811999999999999
 31
0.0
  0
LINE
  5
1117
330
1F
100
AcDbEntity
  8
1
  6
CONTINUOUS
370
50
 62
4
100
AcDbLine
 10
45.36721
 20
-4.811999999999999
 30
0.0
 11
45.36721
 21
-1.557565
 31
0.0
  0
LINE
  5
1118
330
1F
100
AcDbEntity
  8
1
  6
CONTINUOUS
370
50
 62
4
100
AcDbLine
 10
45.75779
 20
0.624446
 30
0.0
 11
45.75779
 21
4.1355
 31
0.0
  0
LINE
  5
1119
330
1F
100
AcDbEntity
  8
1
  6
CONTINUOUS
370
50
 62
4
100
AcDbLine
 10
45.75779
 20
-4.1355
 30
0.0
 11
45.75779
 21
-1.789186
 31
0.0
  0
LINE
  5
111A
330
1F
100
AcDbEntity
  8
1
  6
CONTINUOUS
370
50
 62
4
100
AcDbLine
 10
45.99221
 20
0.356262
 30
0.0
 11
45.99221
 21
4.1355
 31
0.0
  0
LINE
  5
111B
330
1F
100
AcDbEntity
  8
1
  6
CONTINUOUS
370
50
 62
4
100
AcDbLine
 10
45.99221
 20
-4.1355
 30
0.0
 11
45.99221
 21
-2.028767
 31
0.0
  0
LINE
  5
111C
330
1F
100
AcDbEntity
  8
1
  6
CONTINUOUS
370
50
 62
4
100
AcDbLine
 10
46.323757
 20
0.007071
 30
0.0
 11
46.323757
 21
4.696981
 31
0.0
  0
LINE
  5
111D
330
1F
100
AcDbEntity
  8
1
  6
CONTINUOUS
370
50
 62
4
100
AcDbLine
 10
46.323757
 20
-4.709754999999999
 30
0.0
 11
46.323757
 21
-2.64869
 31
0.0
  0
LINE
  5
111E
330
1F
100
AcDbEntity
  8
1
  6
CONTINUOUS
370
50
 62
4
100
AcDbLine
 10
46.729633
 20
-0.5189969999999999
 30
0.0
 11
46.729633
 21
4.536042999999999
 31
0.0
  0
LINE
  5
111F
330
1F
100
AcDbEntity
  8
1
  6
CONTINUOUS
370
50
 62
4
100
AcDbLine
 10
46.729633
 20
-4.61728
 30
0.0
 11
46.729633
 21
-3.014812
 31
0.0
  0
LINE
  5
1120
330
1F
100
AcDbEntity
  8
1
  6
CONTINUOUS
370
50
 62
4
100
AcDbLine
 10
47.00779
 20
-0.80799
 30
0.0
 11
47.00779
 21
3.983408
 31
0.0
  0
LINE
  5
1121
330
1F
100
AcDbEntity
  8
1
  6
CONTINUOUS
370
50
 62
4
100
AcDbLine
 10
47.00779
 20
-4.1355
 30
0.0
 11
47.00779
 21
-2.954053
 31
0.0
  0
LINE
  5
1122
330
1F
100
AcDbEntity
  8
1
  6
CONTINUOUS
370
50
 62
4
100
AcDbLine
 10
47.24221
 20
-1.070982
 30
0.0
 11
47.24221
 21
3.902418
 31
0.0
  0
LINE
  5
1123
330
1F
100
AcDbEntity
  8
1
  6
CONTINUOUS
370
50
 62
4
100
AcDbLine
 10
47.24221
 20
-4.1355
 30
0.0
 11
47.24221
 21
-3.136587
 31
0.0
  0
LINE
  5
1124
330
1F
100
AcDbEntity
  8
1
  6
CONTINUOUS
370
50
 62
4
100
AcDbLine
 10
47.428444
 20
-1.35703
 30
0.0
 11
47.428444
 21
4.132489
 31
0.0
  0
LINE
  5
1125
330
1F
100
AcDbEntity
  8
1
  6
CONTINUOUS
370
50
 62
4
100
AcDbLine
 10
47.428444
 20
-4.458063999999999
 30
0.0
 11
47.428444
 21
-3.514571
 31
0.0
  0
LINE
  5
1126
330
1F
100
AcDbEntity
  8
1
  6
CONTINUOUS
370
50
 62
4
100
AcDbLine
 10
48.168968
 20
-2.123271
 30
0.0
 11
48.168968
 21
3.556546
 31
0.0
  0
LINE
  5
1127
330
1F
100
AcDbEntity
  8
1
  6
CONTINUOUS
370
50
 62
4
100
AcDbLine
 10
48.168968
 20
-4.289342
 30
0.0
 11
48.168968
 21
-3.854828
 31
0.0
  0
LINE
  5
1128
330
1F
100
AcDbEntity
  8
1
  6
CONTINUOUS
370
50
 62
4
100
AcDbLine
 10
48.25779
 20
-2.143336
 30
0.0
 11
48.25779
 21
3.365213
 31
0.0
  0
LINE
  5
1129
330
1F
100
AcDbEntity
  8
1
  6
CONTINUOUS
370
50
 62
4
100
AcDbLine
 10
48.25779
 20
-4.1355
 30
0.0
 11
48.25779
 21
-3.764259
 31
0.0
  0
LINE
  5
112A
330
1F
100
AcDbEntity
  8
1
  6
CONTINUOUS
370
50
 62
4
100
AcDbLine
 10
48.25779
 20
4.134567
 30
0.0
 11
48.25779
 21
4.1355
 31
0.0
  0
LINE
  5
112B
330
1F
100
AcDbEntity
  8
1
  6
CONTINUOUS
370
50
 62
4
100
AcDbLine
 10
48.49221
 20
-2.369479
 30
0.0
 11
48.49221
 21
3.201245
 31
0.0
  0
LINE
  5
112C
330
1F
100
AcDbEntity
  8
1
  6
CONTINUOUS
370
50
 62
4
100
AcDbLine
 10
48.49221
 20
-4.1355
 30
0.0
 11
48.49221
 21
-3.867954
 31
0.0
  0
LINE
  5
112D
330
1F
100
AcDbEntity
  8
1
  6
CONTINUOUS
370
50
 62
4
100
AcDbLine
 10
48.49221
 20
4.120032999999999
 30
0.0
 11
48.49221
 21
4.1355
 31
0.0
  0
LINE
  5
112E
330
1F
100
AcDbEntity
  8
1
  6
CONTINUOUS
370
50
 62
4
100
AcDbLine
 10
48.533131
 20
-2.445618
 30
0.0
 11
48.533131
 21
3.228452
 31
0.0
  0
LINE
  5
112F
330
1F
100
AcDbEntity
  8
1
  6
CONTINUOUS
370
50
 62
4
100
AcDbLine
 10
48.533131
 20
-4.206372
 30
0.0
 11
48.533131
 21
-3.949391
 31
0.0
  0
LINE
  5
1130
330
1F
100
AcDbEntity
  8
1
  6
CONTINUOUS
370
50
 62
4
100
AcDbLine
 10
48.533131
 20
4.186656
 30
0.0
 11
48.533131
 21
4.206372
 31
0.0
  0
LINE
  5
1131
330
1F
100
AcDbEntity
  8
1
  6
CONTINUOUS
370
50
 62
4
100
AcDbLine
 10
49.0
 20
2.774395
 30
0.0
 11
49.0
 21
4.1
 31
0.0
  0
LINE
  5
1132
330
1F
100
AcDbEntity
  8
1
  6
CONTINUOUS
370
50
 62
4
100
AcDbLine
 10
49.0
 20
0.0
 30
0.0
 11
49.0
 21
2.774392
 31
0.0
  0
LINE
  5
1133
330
1F
100
AcDbEntity
  8
1
  6
CONTINUOUS
370
50
 62
4
100
AcDbLine
 10
49.0
 20
-2.801127
 30
0.0
 11
49.0
 21
0.0
 31
0.0
  0
LINE
  5
1134
330
1F
100
AcDbEntity
  8
1
  6
CONTINUOUS
370
50
 62
4
100
AcDbLine
 10
49.0
 20
-2.883487
 30
0.0
 11
49.0
 21
-2.801125
 31
0.0
  0
LINE
  5
1135
330
1F
100
AcDbEntity
  8
1
  6
CONTINUOUS
370
50
 62
4
100
AcDbLine
 10
49.0
 20
-2.969301
 30
0.0
 11
49.0
 21
-2.883487
 31
0.0
  0
LINE
  5
1136
330
1F
100
AcDbEntity
  8
1
  6
CONTINUOUS
370
50
 62
4
100
AcDbLine
 10
49.0
 20
-3.058127
 30
0.0
 11
49.0
 21
-2.969301
 31
0.0
  0
LINE
  5
1137
330
1F
100
AcDbEntity
  8
1
  6
CONTINUOUS
370
50
 62
4
100
AcDbLine
 10
49.0
 20
-3.149087
 30
0.0
 11
49.0
 21
-3.058127
 31
0.0
  0
LINE
  5
1138
330
1F
100
AcDbEntity
  8
1
  6
CONTINUOUS
370
50
 62
4
100
AcDbLine
 10
49.0
 20
-3.241549
 30
0.0
 11
49.0
 21
-3.149087
 31
0.0
  0
LINE
  5
1139
330
1F
100
AcDbEntity
  8
1
  6
CONTINUOUS
370
50
 62
4
100
AcDbLine
 10
49.0
 20
-3.335047
 30
0.0
 11
49.0
 21
-3.241549
 31
0.0
  0
LINE
  5
113A
330
1F
100
AcDbEntity
  8
1
  6
CONTINUOUS
370
50
 62
4
100
AcDbLine
 10
49.0
 20
-3.428993
 30
0.0
 11
49.0
 21
-3.335047
 31
0.0
  0
LINE
  5
113B
330
1F
100
AcDbEntity
  8
1
  6
CONTINUOUS
370
50
 62
4
100
AcDbLine
 10
49.0
 20
-3.522496
 30
0.0
 11
49.0
 21
-3.428993
 31
0.0
  0
LINE
  5
113C
330
1F
100
AcDbEntity
  8
1
  6
CONTINUOUS
370
50
 62
4
100
AcDbLine
 10
49.0
 20
-3.61505
 30
0.0
 11
49.0
 21
-3.522496
 31
0.0
  0
LINE
  5
113D
330
1F
100
AcDbEntity
  8
1
  6
CONTINUOUS
370
50
 62
4
100
AcDbLine
 10
49.0
 20
-3.706185
 30
0.0
 11
49.0
 21
-3.61505
 31
0.0
  0
LINE
  5
113E
330
1F
100
AcDbEntity
  8
1
  6
CONTINUOUS
370
50
 62
4
100
AcDbLine
 10
49.0
 20
-3.748372
 30
0.0
 11
49.0
 21
-3.706185
 31
0.0
  0
LINE
  5
113F
330
1F
100
AcDbEntity
  8
1
  6
CONTINUOUS
370
50
 62
4
100
AcDbLine
 10
49.0
 20
-3.79056
 30
0.0
 11
49.0
 21
-3.748372
 31
0.0
  0
LINE
  5
1140
330
1F
100
AcDbEntity
  8
1
  6
CONTINUOUS
370
50
 62
4
100
AcDbLine
 10
49.0
 20
-3.832747
 30
0.0
 11
49.0
 21
-3.79056
 31
0.0
  0
LINE
  5
1141
330
1F
100
AcDbEntity
  8
1
  6
CONTINUOUS
370
50
 62
4
100
AcDbLine
 10
49.0
 20
-3.874934
 30
0.0
 11
49.0
 21
-3.832747
 31
0.0
  0
LINE
  5
1142
330
1F
100
AcDbEntity
  8
1
  6
CONTINUOUS
370
50
 62
4
100
AcDbLine
 10
49.0
 20
-3.917121
 30
0.0
 11
49.0
 21
-3.874934
 31
0.0
  0
LINE
  5
1143
330
1F
100
AcDbEntity
  8
1
  6
CONTINUOUS
370
50
 62
4
100
AcDbLine
 10
49.0
 20
-3.959308
 30
0.0
 11
49.0
 21
-3.917121
 31
0.0
  0
LINE
  5
1144
330
1F
100
AcDbEntity
  8
1
  6
CONTINUOUS
370
50
 62
4
100
AcDbLine
 10
49.0
 20
-4.001495
 30
0.0
 11
49.0
 21
-3.959308
 31
0.0
  0
LINE
  5
1145
330
1F
100
AcDbEntity
  8
1
  6
CONTINUOUS
370
50
 62
4
100
AcDbLine
 10
49.0
 20
-4.1
 30
0.0
 11
49.0
 21
-4.001495
 31
0.0
  0
LINE
  5
1146
330
1F
100
AcDbEntity
  8
1
  6
CONTINUOUS
370
50
 62
4
100
AcDbLine
 10
49.0
 20
-2.801127
 30
0.0
 11
49.0
 21
0.0
 31
0.0
  0
LINE
  5
1147
330
1F
100
AcDbEntity
  8
1
  6
CONTINUOUS
370
50
 62
4
100
AcDbLine
 10
49.0
 20
-4.1
 30
0.0
 11
49.0
 21
-4.001495
 31
0.0
  0
LINE
  5
1148
330
1F
100
AcDbEntity
  8
1
  6
CONTINUOUS
370
50
 62
4
100
AcDbLine
 10
49.0
 20
0.0
 30
0.0
 11
49.0
 21
2.774392
 31
0.0
  0
ELLIPSE
  5
1149
330
1F
100
AcDbEntity
  8
1
  6
CONTINUOUS
370
50
 62
4
100
AcDbEllipse
 10
33.424451
 20
-6.107664
 30
0.0
 11
-1.468422400000014
 21
2.936844800000027
 31
0.0
210
0.0
220
0.0
230
0.9999999999999999
 40
0.6123724345256609
 41
5.360702107821585
 42
6.151628003103568
  0
ELLIPSE
  5
114A
330
1F
100
AcDbEntity
  8
1
  6
CONTINUOUS
370
50
 62
4
100
AcDbEllipse
 10
34.518149
 20
6.107664
 30
0.0
 11
-1.468422400000016
 21
2.936844800000026
 31
0.0
210
0.0
220
0.0
230
1.0
 40
0.6123724345256611
 41
2.029216282564407
 42
2.219109454231794
  0
LINE
  5
114B
330
1F
100
AcDbEntity
  8
SK2
  6
CONTINUOUS
370
25
 62
7
100
AcDbLine
 10
-51.0
 20
4.0
 30
0.0
 11
-51.0
 21
18.0
 31
0.0
  0
LINE
  5
114C
330
1F
100
AcDbEntity
  8
SK2
  6
CONTINUOUS
370
25
 62
7
100
AcDbLine
 10
0.0000000000000001
 20
18.0
 30
0.0
 11
-0.0000000000000007
 21
5.0
 31
0.0
  0
LINE
  5
114D
330
1F
100
AcDbEntity
  8
SK2
  6
CONTINUOUS
370
25
 62
7
100
AcDbLine
 10
-51.0
 20
17.0
 30
0.0
 11
0.0
 21
17.0
 31
0.0
  0
LINE
  5
114E
330
1F
100
AcDbEntity
  8
SK2
  6
CONTINUOUS
370
25
 62
7
100
AcDbLine
 10
-51.0
 20
17.0
 30
0.0
 11
-46.0
 21
18.0
 31
0.0
  0
LINE
  5
114F
330
1F
100
AcDbEntity
  8
SK2
  6
CONTINUOUS
370
25
 62
7
100
AcDbLine
 10
-46.0
 20
18.0
 30
0.0
 11
-46.0
 21
16.0
 31
0.0
  0
LINE
  5
1150
330
1F
100
AcDbEntity
  8
SK2
  6
CONTINUOUS
370
25
 62
7
100
AcDbLine
 10
-46.0
 20
16.0
 30
0.0
 11
-51.0
 21
17.0
 31
0.0
  0
LINE
  5
1151
330
1F
100
AcDbEntity
  8
SK2
  6
CONTINUOUS
370
25
 62
7
100
AcDbLine
 10
-46.30568175054455
 20
16.0611363501089
 30
0.0
 11
-46.0
 21
16.36681810065345
 31
0.0
  0
LINE
  5
1152
330
1F
100
AcDbEntity
  8
SK2
  6
CONTINUOUS
370
25
 62
7
100
AcDbLine
 10
-46.65923514113783
 20
16.13184702822756
 30
0.0
 11
-46.0
 21
16.79108216936539
 31
0.0
  0
LINE
  5
1153
330
1F
100
AcDbEntity
  8
SK2
  6
CONTINUOUS
370
25
 62
7
100
AcDbLine
 10
-47.0127885317311
 20
16.20255770634621
 30
0.0
 11
-46.0
 21
17.21534623807732
 31
0.0
  0
LINE
  5
1154
330
1F
100
AcDbEntity
  8
SK2
  6
CONTINUOUS
370
25
 62
7
100
AcDbLine
 10
-47.36634192232438
 20
16.27326838446487
 30
0.0
 11
-46.0
 21
17.63961030678925
 31
0.0
  0
LINE
  5
1155
330
1F
100
AcDbEntity
  8
SK2
  6
CONTINUOUS
370
25
 62
7
100
AcDbLine
 10
-47.71989531291766
 20
16.34397906258352
 30
0.0
 11
-46.07984296937647
 21
17.98403140612471
 31
0.0
  0
LINE
  5
1156
330
1F
100
AcDbEntity
  8
SK2
  6
CONTINUOUS
370
25
 62
7
100
AcDbLine
 10
-48.07344870351093
 20
16.41468974070219
 30
0.0
 11
-46.61017305526639
 21
17.87796538894673
 31
0.0
  0
LINE
  5
1157
330
1F
100
AcDbEntity
  8
SK2
  6
CONTINUOUS
370
25
 62
7
100
AcDbLine
 10
-48.42700209410422
 20
16.48540041882084
 30
0.0
 11
-47.14050314115631
 21
17.77189937176874
 31
0.0
  0
LINE
  5
1158
330
1F
100
AcDbEntity
  8
SK2
  6
CONTINUOUS
370
25
 62
7
100
AcDbLine
 10
-48.78055548469748
 20
16.5561110969395
 30
0.0
 11
-47.67083322704621
 21
17.66583335459076
 31
0.0
  0
LINE
  5
1159
330
1F
100
AcDbEntity
  8
SK2
  6
CONTINUOUS
370
25
 62
7
100
AcDbLine
 10
-49.13410887529076
 20
16.62682177505815
 30
0.0
 11
-48.20116331293613
 21
17.55976733741278
 31
0.0
  0
LINE
  5
115A
330
1F
100
AcDbEntity
  8
SK2
  6
CONTINUOUS
370
25
 62
7
100
AcDbLine
 10
-49.48766226588404
 20
16.69753245317681
 30
0.0
 11
-48.73149339882605
 21
17.4537013202348
 31
0.0
  0
LINE
  5
115B
330
1F
100
AcDbEntity
  8
SK2
  6
CONTINUOUS
370
25
 62
7
100
AcDbLine
 10
-49.84121565647732
 20
16.76824313129546
 30
0.0
 11
-49.26182348471597
 21
17.34763530305681
 31
0.0
  0
LINE
  5
115C
330
1F
100
AcDbEntity
  8
SK2
  6
CONTINUOUS
370
25
 62
7
100
AcDbLine
 10
-50.19476904707059
 20
16.83895380941411
 30
0.0
 11
-49.79215357060587
 21
17.24156928587883
 31
0.0
  0
LINE
  5
115D
330
1F
100
AcDbEntity
  8
SK2
  6
CONTINUOUS
370
25
 62
7
100
AcDbLine
 10
-50.54832243766386
 20
16.90966448753277
 30
0.0
 11
-50.32248365649578
 21
17.13550326870085
 31
0.0
  0
LINE
  5
115E
330
1F
100
AcDbEntity
  8
SK2
  6
CONTINUOUS
370
25
 62
7
100
AcDbLine
 10
-50.90187582825715
 20
16.98037516565142
 30
0.0
 11
-50.85281374238571
 21
17.02943725152286
 31
0.0
  0
LINE
  5
115F
330
1F
100
AcDbEntity
  8
SK2
  6
CONTINUOUS
370
25
 62
7
100
AcDbLine
 10
-50.6815436211058
 20
17.06369127577884
 30
0.0
 11
-50.52231543165868
 21
16.90446308633173
 31
0.0
  0
LINE
  5
1160
330
1F
100
AcDbEntity
  8
SK2
  6
CONTINUOUS
370
25
 62
7
100
AcDbLine
 10
-50.32799023051252
 20
17.1344019538975
 30
0.0
 11
-49.99198534576876
 21
16.79839706915374
 31
0.0
  0
LINE
  5
1161
330
1F
100
AcDbEntity
  8
SK2
  6
CONTINUOUS
370
25
 62
7
100
AcDbLine
 10
-49.97443683991924
 20
17.20511263201615
 30
0.0
 11
-49.46165525987885
 21
16.69233105197576
 31
0.0
  0
LINE
  5
1162
330
1F
100
AcDbEntity
  8
SK2
  6
CONTINUOUS
370
25
 62
7
100
AcDbLine
 10
-49.62088344932597
 20
17.27582331013481
 30
0.0
 11
-48.93132517398895
 21
16.58626503479778
 31
0.0
  0
LINE
  5
1163
330
1F
100
AcDbEntity
  8
SK2
  6
CONTINUOUS
370
25
 62
7
100
AcDbLine
 10
-49.26733005873269
 20
17.34653398825346
 30
0.0
 11
-48.40099508809902
 21
16.4801990176198
 31
0.0
  0
LINE
  5
1164
330
1F
100
AcDbEntity
  8
SK2
  6
CONTINUOUS
370
25
 62
7
100
AcDbLine
 10
-48.91377666813941
 20
17.41724466637212
 30
0.0
 11
-47.87066500220912
 21
16.37413300044183
 31
0.0
  0
LINE
  5
1165
330
1F
100
AcDbEntity
  8
SK2
  6
CONTINUOUS
370
25
 62
7
100
AcDbLine
 10
-48.56022327754614
 20
17.48795534449077
 30
0.0
 11
-47.34033491631919
 21
16.26806698326384
 31
0.0
  0
LINE
  5
1166
330
1F
100
AcDbEntity
  8
SK2
  6
CONTINUOUS
370
25
 62
7
100
AcDbLine
 10
-48.20666988695287
 20
17.55866602260943
 30
0.0
 11
-46.81000483042929
 21
16.16200096608586
 31
0.0
  0
LINE
  5
1167
330
1F
100
AcDbEntity
  8
SK2
  6
CONTINUOUS
370
25
 62
7
100
AcDbLine
 10
-47.85311649635958
 20
17.62937670072809
 30
0.0
 11
-46.27967474453936
 21
16.05593494890787
 31
0.0
  0
LINE
  5
1168
330
1F
100
AcDbEntity
  8
SK2
  6
CONTINUOUS
370
25
 62
7
100
AcDbLine
 10
-47.49956310576631
 20
17.70008737884674
 30
0.0
 11
-46.0
 21
16.20052427308044
 31
0.0
  0
LINE
  5
1169
330
1F
100
AcDbEntity
  8
SK2
  6
CONTINUOUS
370
25
 62
7
100
AcDbLine
 10
-47.14600971517304
 20
17.7707980569654
 30
0.0
 11
-46.0
 21
16.62478834179237
 31
0.0
  0
LINE
  5
116A
330
1F
100
AcDbEntity
  8
SK2
  6
CONTINUOUS
370
25
 62
7
100
AcDbLine
 10
-46.79245632457976
 20
17.84150873508406
 30
0.0
 11
-46.0
 21
17.0490524105043
 31
0.0
  0
LINE
  5
116B
330
1F
100
AcDbEntity
  8
SK2
  6
CONTINUOUS
370
25
 62
7
100
AcDbLine
 10
-46.43890293398648
 20
17.91221941320271
 30
0.0
 11
-46.0
 21
17.47331647921623
 31
0.0
  0
LINE
  5
116C
330
1F
100
AcDbEntity
  8
SK2
  6
CONTINUOUS
370
25
 62
7
100
AcDbLine
 10
-46.0853495433932
 20
17.98293009132136
 30
0.0
 11
-46.0
 21
17.89758054792816
 31
0.0
  0
LINE
  5
116D
330
1F
100
AcDbEntity
  8
SK2
  6
CONTINUOUS
370
25
 62
7
100
AcDbLine
 10
0.0
 20
17.0
 30
0.0
 11
-5.0
 21
16.0
 31
0.0
  0
LINE
  5
116E
330
1F
100
AcDbEntity
  8
SK2
  6
CONTINUOUS
370
25
 62
7
100
AcDbLine
 10
-5.0
 20
16.0
 30
0.0
 11
-5.0
 21
18.0
 31
0.0
  0
LINE
  5
116F
330
1F
100
AcDbEntity
  8
SK2
  6
CONTINUOUS
370
25
 62
7
100
AcDbLine
 10
-5.0
 20
18.0
 30
0.0
 11
0.0
 21
17.0
 31
0.0
  0
LINE
  5
1170
330
1F
100
AcDbEntity
  8
SK2
  6
CONTINUOUS
370
25
 62
7
100
AcDbLine
 10
-0.4935335214863332
 20
16.90129329570273
 30
0.0
 11
-0.3290223476575555
 21
17.06580446953151
 31
0.0
  0
LINE
  5
1171
330
1F
100
AcDbEntity
  8
SK2
  6
CONTINUOUS
370
25
 62
7
100
AcDbLine
 10
-1.023863607376242
 20
16.79522727852475
 30
0.0
 11
-0.6825757382508285
 21
17.13651514765017
 31
0.0
  0
LINE
  5
1172
330
1F
100
AcDbEntity
  8
SK2
  6
CONTINUOUS
370
25
 62
7
100
AcDbLine
 10
-1.554193693266152
 20
16.68916126134677
 30
0.0
 11
-1.036129128844101
 21
17.20722582576882
 31
0.0
  0
LINE
  5
1173
330
1F
100
AcDbEntity
  8
SK2
  6
CONTINUOUS
370
25
 62
7
100
AcDbLine
 10
-2.084523779156061
 20
16.58309524416879
 30
0.0
 11
-1.389682519437374
 21
17.27793650388747
 31
0.0
  0
LINE
  5
1174
330
1F
100
AcDbEntity
  8
SK2
  6
CONTINUOUS
370
25
 62
7
100
AcDbLine
 10
-2.61485386504597
 20
16.4770292269908
 30
0.0
 11
-1.743235910030647
 21
17.34864718200613
 31
0.0
  0
LINE
  5
1175
330
1F
100
AcDbEntity
  8
SK2
  6
CONTINUOUS
370
25
 62
7
100
AcDbLine
 10
-3.145183950935883
 20
16.37096320981282
 30
0.0
 11
-2.096789300623923
 21
17.41935786012478
 31
0.0
  0
LINE
  5
1176
330
1F
100
AcDbEntity
  8
SK2
  6
CONTINUOUS
370
25
 62
7
100
AcDbLine
 10
-3.675514036825792
 20
16.26489719263484
 30
0.0
 11
-2.450342691217196
 21
17.49006853824344
 31
0.0
  0
LINE
  5
1177
330
1F
100
AcDbEntity
  8
SK2
  6
CONTINUOUS
370
25
 62
7
100
AcDbLine
 10
-4.205844122715702
 20
16.15883117545686
 30
0.0
 11
-2.803896081810469
 21
17.56077921636209
 31
0.0
  0
LINE
  5
1178
330
1F
100
AcDbEntity
  8
SK2
  6
CONTINUOUS
370
25
 62
7
100
AcDbLine
 10
-4.73617420860561
 20
16.05276515827888
 30
0.0
 11
-3.157449472403742
 21
17.63148989448075
 31
0.0
  0
LINE
  5
1179
330
1F
100
AcDbEntity
  8
SK2
  6
CONTINUOUS
370
25
 62
7
100
AcDbLine
 10
-5.0
 20
16.21320343559642
 30
0.0
 11
-3.511002862997014
 21
17.7022005725994
 31
0.0
  0
LINE
  5
117A
330
1F
100
AcDbEntity
  8
SK2
  6
CONTINUOUS
370
25
 62
7
100
AcDbLine
 10
-5.0
 20
16.63746750430834
 30
0.0
 11
-3.864556253590287
 21
17.77291125071806
 31
0.0
  0
LINE
  5
117B
330
1F
100
AcDbEntity
  8
SK2
  6
CONTINUOUS
370
25
 62
7
100
AcDbLine
 10
-5.0
 20
17.06173157302027
 30
0.0
 11
-4.21810964418356
 21
17.84362192883671
 31
0.0
  0
LINE
  5
117C
330
1F
100
AcDbEntity
  8
SK2
  6
CONTINUOUS
370
25
 62
7
100
AcDbLine
 10
-5.0
 20
17.4859956417322
 30
0.0
 11
-4.571663034776833
 21
17.91433260695537
 31
0.0
  0
LINE
  5
117D
330
1F
100
AcDbEntity
  8
SK2
  6
CONTINUOUS
370
25
 62
7
100
AcDbLine
 10
-5.0
 20
17.91025971044413
 30
0.0
 11
-4.925216425370105
 21
17.98504328507402
 31
0.0
  0
LINE
  5
117E
330
1F
100
AcDbEntity
  8
SK2
  6
CONTINUOUS
370
25
 62
7
100
AcDbLine
 10
-5.0
 20
16.03086578651011
 30
0.0
 11
-4.974278511241572
 21
16.00514429775168
 31
0.0
  0
LINE
  5
117F
330
1F
100
AcDbEntity
  8
SK2
  6
CONTINUOUS
370
25
 62
7
100
AcDbLine
 10
-5.0
 20
16.45512985522204
 30
0.0
 11
-4.6207251206483
 21
16.07585497587034
 31
0.0
  0
LINE
  5
1180
330
1F
100
AcDbEntity
  8
SK2
  6
CONTINUOUS
370
25
 62
7
100
AcDbLine
 10
-5.0
 20
16.87939392393397
 30
0.0
 11
-4.267171730055026
 21
16.14656565398899
 31
0.0
  0
LINE
  5
1181
330
1F
100
AcDbEntity
  8
SK2
  6
CONTINUOUS
370
25
 62
7
100
AcDbLine
 10
-5.0
 20
17.3036579926459
 30
0.0
 11
-3.913618339461752
 21
16.21727633210765
 31
0.0
  0
LINE
  5
1182
330
1F
100
AcDbEntity
  8
SK2
  6
CONTINUOUS
370
25
 62
7
100
AcDbLine
 10
-5.0
 20
17.72792206135782
 30
0.0
 11
-3.560064948868479
 21
16.2879870102263
 31
0.0
  0
LINE
  5
1183
330
1F
100
AcDbEntity
  8
SK2
  6
CONTINUOUS
370
25
 62
7
100
AcDbLine
 10
-4.80976733741281
 20
17.96195346748256
 30
0.0
 11
-3.206511558275206
 21
16.35869768834496
 31
0.0
  0
LINE
  5
1184
330
1F
100
AcDbEntity
  8
SK2
  6
CONTINUOUS
370
25
 62
7
100
AcDbLine
 10
-4.2794372515229
 20
17.85588745030458
 30
0.0
 11
-2.852958167681932
 21
16.42940836646361
 31
0.0
  0
LINE
  5
1185
330
1F
100
AcDbEntity
  8
SK2
  6
CONTINUOUS
370
25
 62
7
100
AcDbLine
 10
-3.74910716563299
 20
17.7498214331266
 30
0.0
 11
-2.499404777088658
 21
16.50011904458227
 31
0.0
  0
LINE
  5
1186
330
1F
100
AcDbEntity
  8
SK2
  6
CONTINUOUS
370
25
 62
7
100
AcDbLine
 10
-3.218777079743079
 20
17.64375541594861
 30
0.0
 11
-2.145851386495385
 21
16.57082972270092
 31
0.0
  0
LINE
  5
1187
330
1F
100
AcDbEntity
  8
SK2
  6
CONTINUOUS
370
25
 62
7
100
AcDbLine
 10
-2.688446993853169
 20
17.53768939877063
 30
0.0
 11
-1.792297995902112
 21
16.64154040081958
 31
0.0
  0
LINE
  5
1188
330
1F
100
AcDbEntity
  8
SK2
  6
CONTINUOUS
370
25
 62
7
100
AcDbLine
 10
-2.158116907963259
 20
17.43162338159265
 30
0.0
 11
-1.438744605308838
 21
16.71225107893823
 31
0.0
  0
LINE
  5
1189
330
1F
100
AcDbEntity
  8
SK2
  6
CONTINUOUS
370
25
 62
7
100
AcDbLine
 10
-1.627786822073348
 20
17.32555736441467
 30
0.0
 11
-1.085191214715565
 21
16.78296175705689
 31
0.0
  0
LINE
  5
118A
330
1F
100
AcDbEntity
  8
SK2
  6
CONTINUOUS
370
25
 62
7
100
AcDbLine
 10
-1.097456736183438
 20
17.21949134723669
 30
0.0
 11
-0.7316378241222913
 21
16.85367243517554
 31
0.0
  0
LINE
  5
118B
330
1F
100
AcDbEntity
  8
SK2
  6
CONTINUOUS
370
25
 62
7
100
AcDbLine
 10
-0.5671266502935269
 20
17.11342533005871
 30
0.0
 11
-0.3780844335290177
 21
16.9243831132942
 31
0.0
  0
LINE
  5
118C
330
1F
100
AcDbEntity
  8
SK2
  6
CONTINUOUS
370
25
 62
7
100
AcDbLine
 10
-0.0367965644036162
 20
17.00735931288072
 30
0.0
 11
-0.0245310429357441
 21
16.99509379141285
 31
0.0
  0
TEXT
  5
118D
330
1F
100
AcDbEntity
  8
SK2
  6
CONTINUOUS
370
25
 62
7
100
AcDbText
 10
-27.83333333333333
 20
18.5
 30
0.0
 40
3.5
  1
51
 72
     1
 11
-25.5
 21
18.5
 31
0.0
100
AcDbText
  0
LINE
  5
118E
330
1F
100
AcDbEntity
  8
SK2
  6
CONTINUOUS
370
25
 62
7
100
AcDbLine
 10
-63.0000002
 20
-5.000001
 30
0.0
 11
-64.00000000000004
 21
-5.000001
 31
0.0
  0
LINE
  5
118F
330
1F
100
AcDbEntity
  8
SK2
  6
CONTINUOUS
370
25
 62
7
100
AcDbLine
 10
-40.0
 20
-5.000001
 30
0.0
 11
-62.9999998
 21
-5.000001
 31
0.0
  0
LINE
  5
1190
330
1F
100
AcDbEntity
  8
SK2
  6
CONTINUOUS
370
25
 62
7
100
AcDbLine
 10
-64.0
 20
5.0
 30
0.0
 11
-40.0
 21
5.0
 31
0.0
  0
LINE
  5
1191
330
1F
100
AcDbEntity
  8
SK2
  6
CONTINUOUS
370
25
 62
7
100
AcDbLine
 10
-63.0
 20
-12.0
 30
0.0
 11
-63.0
 21
21.45
 31
0.0
  0
LINE
  5
1192
330
1F
100
AcDbEntity
  8
SK2
  6
CONTINUOUS
370
25
 62
7
100
AcDbLine
 10
-63.0
 20
-5.0
 30
0.0
 11
-62.0
 21
-10.0
 31
0.0
  0
LINE
  5
1193
330
1F
100
AcDbEntity
  8
SK2
  6
CONTINUOUS
370
25
 62
7
100
AcDbLine
 10
-62.0
 20
-10.0
 30
0.0
 11
-64.0
 21
-10.0
 31
0.0
  0
LINE
  5
1194
330
1F
100
AcDbEntity
  8
SK2
  6
CONTINUOUS
370
25
 62
7
100
AcDbLine
 10
-64.0
 20
-10.0
 30
0.0
 11
-63.0
 21
-5.0
 31
0.0
  0
LINE
  5
1195
330
1F
100
AcDbEntity
  8
SK2
  6
CONTINUOUS
370
25
 62
7
100
AcDbLine
 10
-62.1844804515671
 20
-10.0
 30
0.0
 11
-62.03074674192785
 21
-9.846266290360745
 31
0.0
  0
LINE
  5
1196
330
1F
100
AcDbEntity
  8
SK2
  6
CONTINUOUS
370
25
 62
7
100
AcDbLine
 10
-62.60874452027904
 20
-10.0
 30
0.0
 11
-62.10145742004651
 21
-9.492712899767469
 31
0.0
  0
LINE
  5
1197
330
1F
100
AcDbEntity
  8
SK2
  6
CONTINUOUS
370
25
 62
7
100
AcDbLine
 10
-63.03300858899097
 20
-10.0
 30
0.0
 11
-62.17216809816517
 21
-9.139159509174199
 31
0.0
  0
LINE
  5
1198
330
1F
100
AcDbEntity
  8
SK2
  6
CONTINUOUS
370
25
 62
7
100
AcDbLine
 10
-63.45727265770289
 20
-10.0
 30
0.0
 11
-62.24287877628382
 21
-8.785606118580922
 31
0.0
  0
LINE
  5
1199
330
1F
100
AcDbEntity
  8
SK2
  6
CONTINUOUS
370
25
 62
7
100
AcDbLine
 10
-63.88153672641481
 20
-10.0
 30
0.0
 11
-62.31358945440248
 21
-8.43205272798766
 31
0.0
  0
LINE
  5
119A
330
1F
100
AcDbEntity
  8
SK2
  6
CONTINUOUS
370
25
 62
7
100
AcDbLine
 10
-63.92354980121831
 20
-9.617749006091572
 30
0.0
 11
-62.38430013252113
 21
-8.07849933739437
 31
0.0
  0
LINE
  5
119B
330
1F
100
AcDbEntity
  8
SK2
  6
CONTINUOUS
370
25
 62
7
100
AcDbLine
 10
-63.81748378404033
 20
-9.087418920201664
 30
0.0
 11
-62.45501081063978
 21
-7.724945946801093
 31
0.0
  0
LINE
  5
119C
330
1F
100
AcDbEntity
  8
SK2
  6
CONTINUOUS
370
25
 62
7
100
AcDbLine
 10
-63.71141776686235
 20
-8.557088834311756
 30
0.0
 11
-62.52572148875844
 21
-7.371392556207823
 31
0.0
  0
LINE
  5
119D
330
1F
100
AcDbEntity
  8
SK2
  6
CONTINUOUS
370
25
 62
7
100
AcDbLine
 10
-63.60535174968437
 20
-8.026758748421848
 30
0.0
 11
-62.59643216687709
 21
-7.017839165614554
 31
0.0
  0
LINE
  5
119E
330
1F
100
AcDbEntity
  8
SK2
  6
CONTINUOUS
370
25
 62
7
100
AcDbLine
 10
-63.49928573250639
 20
-7.496428662531933
 30
0.0
 11
-62.66714284499574
 21
-6.66428577502127
 31
0.0
  0
LINE
  5
119F
330
1F
100
AcDbEntity
  8
SK2
  6
CONTINUOUS
370
25
 62
7
100
AcDbLine
 10
-63.39321971532841
 20
-6.966098576642018
 30
0.0
 11
-62.7378535231144
 21
-6.310732384428007
 31
0.0
  0
LINE
  5
11A0
330
1F
100
AcDbEntity
  8
SK2
  6
CONTINUOUS
370
25
 62
7
100
AcDbLine
 10
-63.28715369815042
 20
-6.435768490752089
 30
0.0
 11
-62.80856420123305
 21
-5.95717899383471
 31
0.0
  0
LINE
  5
11A1
330
1F
100
AcDbEntity
  8
SK2
  6
CONTINUOUS
370
25
 62
7
100
AcDbLine
 10
-63.18108768097244
 20
-5.905438404862188
 30
0.0
 11
-62.87927487935171
 21
-5.603625603241454
 31
0.0
  0
LINE
  5
11A2
330
1F
100
AcDbEntity
  8
SK2
  6
CONTINUOUS
370
25
 62
7
100
AcDbLine
 10
-63.07502166379445
 20
-5.375108318972259
 30
0.0
 11
-62.94998555747036
 21
-5.25007221264817
 31
0.0
  0
LINE
  5
11A3
330
1F
100
AcDbEntity
  8
SK2
  6
CONTINUOUS
370
25
 62
7
100
AcDbLine
 10
-63.97639170499419
 20
-9.881958524970933
 30
0.0
 11
-63.85835022996513
 21
-10.0
 31
0.0
  0
LINE
  5
11A4
330
1F
100
AcDbEntity
  8
SK2
  6
CONTINUOUS
370
25
 62
7
100
AcDbLine
 10
-63.90568102687553
 20
-9.52840513437765
 30
0.0
 11
-63.43408616125318
 21
-10.0
 31
0.0
  0
LINE
  5
11A5
330
1F
100
AcDbEntity
  8
SK2
  6
CONTINUOUS
370
25
 62
7
100
AcDbLine
 10
-63.83497034875688
 20
-9.174851743784387
 30
0.0
 11
-63.00982209254126
 21
-10.0
 31
0.0
  0
LINE
  5
11A6
330
1F
100
AcDbEntity
  8
SK2
  6
CONTINUOUS
370
25
 62
7
100
AcDbLine
 10
-63.76425967063822
 20
-8.821298353191118
 30
0.0
 11
-62.58555802382933
 21
-10.0
 31
0.0
  0
LINE
  5
11A7
330
1F
100
AcDbEntity
  8
SK2
  6
CONTINUOUS
370
25
 62
7
100
AcDbLine
 10
-63.69354899251957
 20
-8.467744962597841
 30
0.0
 11
-62.1612939551174
 21
-10.0
 31
0.0
  0
LINE
  5
11A8
330
1F
100
AcDbEntity
  8
SK2
  6
CONTINUOUS
370
25
 62
7
100
AcDbLine
 10
-63.62283831440092
 20
-8.114191572004572
 30
0.0
 11
-62.06574252839863
 21
-9.671287358006843
 31
0.0
  0
LINE
  5
11A9
330
1F
100
AcDbEntity
  8
SK2
  6
CONTINUOUS
370
25
 62
7
100
AcDbLine
 10
-63.55212763628226
 20
-7.760638181411302
 30
0.0
 11
-62.17180854557661
 21
-9.140957272116935
 31
0.0
  0
LINE
  5
11AA
330
1F
100
AcDbEntity
  8
SK2
  6
CONTINUOUS
370
25
 62
7
100
AcDbLine
 10
-63.48141695816361
 20
-7.407084790818026
 30
0.0
 11
-62.2778745627546
 21
-8.610627186227028
 31
0.0
  0
LINE
  5
11AB
330
1F
100
AcDbEntity
  8
SK2
  6
CONTINUOUS
370
25
 62
7
100
AcDbLine
 10
-63.41070628004494
 20
-7.053531400224749
 30
0.0
 11
-62.38394057993258
 21
-8.080297100337098
 31
0.0
  0
LINE
  5
11AC
330
1F
100
AcDbEntity
  8
SK2
  6
CONTINUOUS
370
25
 62
7
100
AcDbLine
 10
-63.3399956019263
 20
-6.699978009631479
 30
0.0
 11
-62.49000659711056
 21
-7.549967014447212
 31
0.0
  0
LINE
  5
11AD
330
1F
100
AcDbEntity
  8
SK2
  6
CONTINUOUS
370
25
 62
7
100
AcDbLine
 10
-63.26928492380765
 20
-6.346424619038203
 30
0.0
 11
-62.59607261428853
 21
-7.019636928557311
 31
0.0
  0
LINE
  5
11AE
330
1F
100
AcDbEntity
  8
SK2
  6
CONTINUOUS
370
25
 62
7
100
AcDbLine
 10
-63.19857424568899
 20
-5.992871228444947
 30
0.0
 11
-62.70213863146651
 21
-6.489306842667418
 31
0.0
  0
LINE
  5
11AF
330
1F
100
AcDbEntity
  8
SK2
  6
CONTINUOUS
370
25
 62
7
100
AcDbLine
 10
-63.12786356757034
 20
-5.639317837851657
 30
0.0
 11
-62.80820464864449
 21
-5.958976756777496
 31
0.0
  0
LINE
  5
11B0
330
1F
100
AcDbEntity
  8
SK2
  6
CONTINUOUS
370
25
 62
7
100
AcDbLine
 10
-63.05715288945169
 20
-5.285764447258387
 30
0.0
 11
-62.91427066582247
 21
-5.428646670887602
 31
0.0
  0
LINE
  5
11B1
330
1F
100
AcDbEntity
  8
SK2
  6
CONTINUOUS
370
25
 62
7
100
AcDbLine
 10
-63.0
 20
5.0
 30
0.0
 11
-64.0
 21
10.0
 31
0.0
  0
LINE
  5
11B2
330
1F
100
AcDbEntity
  8
SK2
  6
CONTINUOUS
370
25
 62
7
100
AcDbLine
 10
-64.0
 20
10.0
 30
0.0
 11
-62.0
 21
10.0
 31
0.0
  0
LINE
  5
11B3
330
1F
100
AcDbEntity
  8
SK2
  6
CONTINUOUS
370
25
 62
7
100
AcDbLine
 10
-62.0
 20
10.0
 30
0.0
 11
-63.0
 21
5.0
 31
0.0
  0
LINE
  5
11B4
330
1F
100
AcDbEntity
  8
SK2
  6
CONTINUOUS
370
25
 62
7
100
AcDbLine
 10
-63.05108584377007
 20
5.255429218850381
 30
0.0
 11
-62.92337123434489
 21
5.383143828275564
 31
0.0
  0
LINE
  5
11B5
330
1F
100
AcDbEntity
  8
SK2
  6
CONTINUOUS
370
25
 62
7
100
AcDbLine
 10
-63.12179652188873
 20
5.608982609443643
 30
0.0
 11
-62.81730521716691
 21
5.913473914165465
 31
0.0
  0
LINE
  5
11B6
330
1F
100
AcDbEntity
  8
SK2
  6
CONTINUOUS
370
25
 62
7
100
AcDbLine
 10
-63.19250720000738
 20
5.962536000036913
 30
0.0
 11
-62.71123919998893
 21
6.443804000055366
 31
0.0
  0
LINE
  5
11B7
330
1F
100
AcDbEntity
  8
SK2
  6
CONTINUOUS
370
25
 62
7
100
AcDbLine
 10
-63.26321787812604
 20
6.316089390630196
 30
0.0
 11
-62.60517318281094
 21
6.974134085945288
 31
0.0
  0
LINE
  5
11B8
330
1F
100
AcDbEntity
  8
SK2
  6
CONTINUOUS
370
25
 62
7
100
AcDbLine
 10
-63.3339285562447
 20
6.669642781223466
 30
0.0
 11
-62.49910716563296
 21
7.504464171835217
 31
0.0
  0
LINE
  5
11B9
330
1F
100
AcDbEntity
  8
SK2
  6
CONTINUOUS
370
25
 62
7
100
AcDbLine
 10
-63.40463923436334
 20
7.023196171816743
 30
0.0
 11
-62.39304114845498
 21
8.03479425772511
 31
0.0
  0
LINE
  5
11BA
330
1F
100
AcDbEntity
  8
SK2
  6
CONTINUOUS
370
25
 62
7
100
AcDbLine
 10
-63.475349912482
 20
7.376749562410012
 30
0.0
 11
-62.286975131277
 21
8.565124343615018
 31
0.0
  0
LINE
  5
11BB
330
1F
100
AcDbEntity
  8
SK2
  6
CONTINUOUS
370
25
 62
7
100
AcDbLine
 10
-63.54606059060066
 20
7.730302953003296
 30
0.0
 11
-62.18090911409901
 21
9.095454429504954
 31
0.0
  0
LINE
  5
11BC
330
1F
100
AcDbEntity
  8
SK2
  6
CONTINUOUS
370
25
 62
7
100
AcDbLine
 10
-63.61677126871931
 20
8.083856343596565
 30
0.0
 11
-62.07484309692102
 21
9.62578451539487
 31
0.0
  0
LINE
  5
11BD
330
1F
100
AcDbEntity
  8
SK2
  6
CONTINUOUS
370
25
 62
7
100
AcDbLine
 10
-63.68748194683797
 20
8.43740973418982
 30
0.0
 11
-62.12489168102781
 21
10.0
 31
0.0
  0
LINE
  5
11BE
330
1F
100
AcDbEntity
  8
SK2
  6
CONTINUOUS
370
25
 62
7
100
AcDbLine
 10
-63.75819262495662
 20
8.790963124783119
 30
0.0
 11
-62.54915574973975
 21
10.0
 31
0.0
  0
LINE
  5
11BF
330
1F
100
AcDbEntity
  8
SK2
  6
CONTINUOUS
370
25
 62
7
100
AcDbLine
 10
-63.82890330307527
 20
9.144516515376388
 30
0.0
 11
-62.97341981845167
 21
10.0
 31
0.0
  0
LINE
  5
11C0
330
1F
100
AcDbEntity
  8
SK2
  6
CONTINUOUS
370
25
 62
7
100
AcDbLine
 10
-63.89961398119393
 20
9.498069905969665
 30
0.0
 11
-63.3976838871636
 21
10.0
 31
0.0
  0
LINE
  5
11C1
330
1F
100
AcDbEntity
  8
SK2
  6
CONTINUOUS
370
25
 62
7
100
AcDbLine
 10
-63.97032465931258
 20
9.851623296562934
 30
0.0
 11
-63.82194795587552
 21
10.0
 31
0.0
  0
LINE
  5
11C2
330
1F
100
AcDbEntity
  8
SK2
  6
CONTINUOUS
370
25
 62
7
100
AcDbLine
 10
-63.03523387563533
 20
5.176169378176681
 30
0.0
 11
-62.97651074957644
 21
5.117446252117787
 31
0.0
  0
LINE
  5
11C3
330
1F
100
AcDbEntity
  8
SK2
  6
CONTINUOUS
370
25
 62
7
100
AcDbLine
 10
-63.14129989281331
 20
5.706499464066589
 30
0.0
 11
-62.9058000714578
 21
5.470999642711071
 31
0.0
  0
LINE
  5
11C4
330
1F
100
AcDbEntity
  8
SK2
  6
CONTINUOUS
370
25
 62
7
100
AcDbLine
 10
-63.2473659099913
 20
6.236829549956497
 30
0.0
 11
-62.83508939333914
 21
5.82455303330434
 31
0.0
  0
LINE
  5
11C5
330
1F
100
AcDbEntity
  8
SK2
  6
CONTINUOUS
370
25
 62
7
100
AcDbLine
 10
-63.35343192716928
 20
6.767159635846404
 30
0.0
 11
-62.76437871522049
 21
6.178106423897617
 31
0.0
  0
LINE
  5
11C6
330
1F
100
AcDbEntity
  8
SK2
  6
CONTINUOUS
370
25
 62
7
100
AcDbLine
 10
-63.45949794434726
 20
7.297489721736305
 30
0.0
 11
-62.69366803710182
 21
6.53165981449088
 31
0.0
  0
LINE
  5
11C7
330
1F
100
AcDbEntity
  8
SK2
  6
CONTINUOUS
370
25
 62
7
100
AcDbLine
 10
-63.56556396152524
 20
7.827819807626227
 30
0.0
 11
-62.62295735898317
 21
6.885213205084163
 31
0.0
  0
LINE
  5
11C8
330
1F
100
AcDbEntity
  8
SK2
  6
CONTINUOUS
370
25
 62
7
100
AcDbLine
 10
-63.67162997870322
 20
8.358149893516128
 30
0.0
 11
-62.55224668086451
 21
7.238766595677433
 31
0.0
  0
LINE
  5
11C9
330
1F
100
AcDbEntity
  8
SK2
  6
CONTINUOUS
370
25
 62
7
100
AcDbLine
 10
-63.7776959958812
 20
8.888479979406021
 30
0.0
 11
-62.48153600274586
 21
7.592319986270695
 31
0.0
  0
LINE
  5
11CA
330
1F
100
AcDbEntity
  8
SK2
  6
CONTINUOUS
370
25
 62
7
100
AcDbLine
 10
-63.88376201305918
 20
9.418810065295936
 30
0.0
 11
-62.41082532462721
 21
7.945873376863986
 31
0.0
  0
LINE
  5
11CB
330
1F
100
AcDbEntity
  8
SK2
  6
CONTINUOUS
370
25
 62
7
100
AcDbLine
 10
-63.98982803023718
 20
9.949140151185858
 30
0.0
 11
-62.34011464650855
 21
8.299426767457248
 31
0.0
  0
LINE
  5
11CC
330
1F
100
AcDbEntity
  8
SK2
  6
CONTINUOUS
370
25
 62
7
100
AcDbLine
 10
-63.6164238103394
 20
10.0
 30
0.0
 11
-62.2694039683899
 21
8.652980158050518
 31
0.0
  0
LINE
  5
11CD
330
1F
100
AcDbEntity
  8
SK2
  6
CONTINUOUS
370
25
 62
7
100
AcDbLine
 10
-63.19215974162748
 20
10.0
 30
0.0
 11
-62.19869329027124
 21
9.00653354864378
 31
0.0
  0
LINE
  5
11CE
330
1F
100
AcDbEntity
  8
SK2
  6
CONTINUOUS
370
25
 62
7
100
AcDbLine
 10
-62.76789567291554
 20
10.0
 30
0.0
 11
-62.12798261215259
 21
9.360086939237057
 31
0.0
  0
LINE
  5
11CF
330
1F
100
AcDbEntity
  8
SK2
  6
CONTINUOUS
370
25
 62
7
100
AcDbLine
 10
-62.34363160420361
 20
10.0
 30
0.0
 11
-62.05727193403393
 21
9.71364032983032
 31
0.0
  0
TEXT
  5
11D0
330
1F
100
AcDbEntity
  8
SK2
  6
CONTINUOUS
370
25
 62
7
100
AcDbText
 10
-64.5
 20
15.95833333333333
 30
0.0
 40
3.5
  1
10
 50
90.00000000000001
 72
     1
 11
-64.5
 21
18.0
 31
0.0
100
AcDbText
  0
CIRCLE
  5
11D1
330
1F
100
AcDbEntity
  8
SK2
  6
CONTINUOUS
370
25
 62
7
100
AcDbCircle
 10
-66.25
 20
13.1
 30
0.0
 40
1.4
  0
LINE
  5
11D2
330
1F
100
AcDbEntity
  8
SK2
  6
CONTINUOUS
370
25
 62
7
100
AcDbLine
 10
-64.85
 20
11.7
 30
0.0
 11
-67.65
 21
14.5
 31
0.0
  0
LINE
  5
11D3
330
1F
100
AcDbEntity
  8
SK1
  6
CONTINUOUS
370
50
 62
4
100
AcDbLine
 10
0.0
 20
5.0
 30
0.0
 11
-40.0
 21
5.0
 31
0.0
  0
LINE
  5
11D4
330
1F
100
AcDbEntity
  8
SK1
  6
CONTINUOUS
370
50
 62
4
100
AcDbLine
 10
-40.0
 20
5.0
 30
0.0
 11
-40.0
 21
4.0
 31
0.0
  0
LINE
  5
11D5
330
1F
100
AcDbEntity
  8
SK1
  6
CONTINUOUS
370
50
 62
4
100
AcDbLine
 10
-40.0
 20
4.0
 30
0.0
 11
-51.0
 21
4.0
 31
0.0
  0
LINE
  5
11D6
330
1F
100
AcDbEntity
  8
SK1
  6
CONTINUOUS
370
50
 62
4
100
AcDbLine
 10
-51.0
 20
4.0
 30
0.0
 11
-51.0
 21
-4.0
 31
0.0
  0
LINE
  5
11D7
330
1F
100
AcDbEntity
  8
SK1
  6
CONTINUOUS
370
50
 62
4
100
AcDbLine
 10
-51.0
 20
-4.0
 30
0.0
 11
-40.0
 21
-4.0
 31
0.0
  0
LINE
  5
11D8
330
1F
100
AcDbEntity
  8
SK1
  6
CONTINUOUS
370
50
 62
4
100
AcDbLine
 10
-40.0
 20
-4.0
 30
0.0
 11
-40.0
 21
-5.0
 31
0.0
  0
LINE
  5
11D9
330
1F
100
AcDbEntity
  8
SK1
  6
CONTINUOUS
370
50
 62
4
100
AcDbLine
 10
-40.0
 20
-5.0
 30
0.0
 11
0.0
 21
-5.0
 31
0.0
  0
LINE
  5
11DA
330
1F
100
AcDbEntity
  8
SK1
  6
CONTINUOUS
370
50
 62
4
100
AcDbLine
 10
-51.0
 20
3.0
 30
0.0
 11
-40.0
 21
3.0
 31
0.0
  0
LINE
  5
11DB
330
1F
100
AcDbEntity
  8
SK1
  6
CONTINUOUS
370
50
 62
4
100
AcDbLine
 10
-40.0
 20
3.0
 30
0.0
 11
-40.0
 21
-3.0
 31
0.0
  0
LINE
  5
11DC
330
1F
100
AcDbEntity
  8
SK1
  6
CONTINUOUS
370
50
 62
4
100
AcDbLine
 10
-40.0
 20
-3.0
 30
0.0
 11
-51.0
 21
-3.0
 31
0.0
  0
LINE
  5
11DD
330
1F
100
AcDbEntity
  8
SK1
  6
CONTINUOUS
370
50
 62
4
100
AcDbLine
 10
-50.5
 20
4.0
 30
0.0
 11
-50.5
 21
3.0
 31
0.0
  0
LINE
  5
11DE
330
1F
100
AcDbEntity
  8
SK1
  6
CONTINUOUS
370
50
 62
4
100
AcDbLine
 10
-50.5
 20
-4.0
 30
0.0
 11
-50.5
 21
-3.0
 31
0.0
  0
LINE
  5
11DF
330
1F
100
AcDbEntity
  8
CUT
  6
CONTINUOUS
370
25
 62
1
100
AcDbLine
 10
34.0
 20
2.658734125
 30
0.0
 11
48.35830708929369
 21
2.658734125
 31
0.0
  0
LINE
  5
11E0
330
1F
100
AcDbEntity
  8
CUT
  6
CONTINUOUS
370
25
 62
1
100
AcDbLine
 10
48.35830708929369
 20
2.658734125
 30
0.0
 11
49.0
 21
4.1
 31
0.0
  0
LINE
  5
11E1
330
1F
100
AcDbEntity
  8
CUT
  6
CONTINUOUS
370
25
 62
1
100
AcDbLine
 10
49.0
 20
4.1
 30
0.0
 11
45.875
 21
4.812
 31
0.0
  0
LINE
  5
11E2
330
1F
100
AcDbEntity
  8
CUT
  6
CONTINUOUS
370
25
 62
1
100
AcDbLine
 10
45.875
 20
4.812
 30
0.0
 11
34.0
 21
4.812
 31
0.0
  0
LINE
  5
11E3
330
1F
100
AcDbEntity
  8
CUT
  6
CONTINUOUS
370
25
 62
1
100
AcDbLine
 10
34.0
 20
4.812
 30
0.0
 11
34.0
 21
2.658734125
 31
0.0
  0
LINE
  5
11E4
330
1F
100
AcDbEntity
  8
NOCUT
  6
CONTINUOUS
370
25
 62
7
100
AcDbLine
 10
0.0
 20
0.0
 30
0.0
 11
49.0
 21
0.0
 31
0.0
  0
LINE
  5
11E5
330
1F
100
AcDbEntity
  8
NOCUT
  6
CONTINUOUS
370
25
 62
7
100
AcDbLine
 10
49.0
 20
0.0
 30
0.0
 11
49.0
 21
4.1
 31
0.0
  0
LINE
  5
11E6
330
1F
100
AcDbEntity
  8
NOCUT
  6
CONTINUOUS
370
25
 62
7
100
AcDbLine
 10
49.0
 20
4.1
 30
0.0
 11
48.3583070892937
 21
2.658734125
 31
0.0
  0
LINE
  5
11E7
330
1F
100
AcDbEntity
  8
NOCUT
  6
CONTINUOUS
370
25
 62
7
100
AcDbLine
 10
48.3583070892937
 20
2.658734125
 30
0.0
 11
34.0
 21
2.658734125
 31
0.0
  0
LINE
  5
11E8
330
1F
100
AcDbEntity
  8
NOCUT
  6
CONTINUOUS
370
25
 62
7
100
AcDbLine
 10
34.0
 20
2.658734125
 30
0.0
 11
34.0
 21
4.812
 31
0.0
  0
LINE
  5
11E9
330
1F
100
AcDbEntity
  8
NOCUT
  6
CONTINUOUS
370
25
 62
7
100
AcDbLine
 10
34.0
 20
4.812
 30
0.0
 11
33.53119158141802
 21
4.0
 31
0.0
  0
LINE
  5
11EA
330
1F
100
AcDbEntity
  8
NOCUT
  6
CONTINUOUS
370
25
 62
7
100
AcDbLine
 10
33.53119158141802
 20
4.0
 30
0.0
 11
10.0
 21
4.0
 31
0.0
  0
LINE
  5
11EB
330
1F
100
AcDbEntity
  8
NOCUT
  6
CONTINUOUS
370
25
 62
7
100
AcDbLine
 10
10.0
 20
4.0
 30
0.0
 11
0.0
 21
5.0
 31
0.0
  0
LINE
  5
11EC
330
1F
100
AcDbEntity
  8
NOCUT
  6
CONTINUOUS
370
25
 62
7
100
AcDbLine
 10
0.0
 20
5.0
 30
0.0
 11
0.0
 21
0.0
 31
0.0
  0
LINE
  5
11ED
330
1F
100
AcDbEntity
  8
2
  6
CONTINUOUS
370
25
 62
7
100
AcDbLine
 10
45.875
 20
-4.812
 30
0.0
 11
72.0
 21
-4.812000000000004
 31
0.0
  0
LINE
  5
11EE
330
1F
100
AcDbEntity
  8
2
  6
CONTINUOUS
370
25
 62
7
100
AcDbLine
 10
72.0
 20
4.811999999999997
 30
0.0
 11
45.875
 21
4.812
 31
0.0
  0
LINE
  5
11EF
330
1F
100
AcDbEntity
  8
2
  6
CONTINUOUS
370
25
 62
7
100
AcDbLine
 10
71.0
 20
-11.812
 30
0.0
 11
71.0
 21
50.48699999999999
 31
0.0
  0
LINE
  5
11F0
330
1F
100
AcDbEntity
  8
2
  6
CONTINUOUS
370
25
 62
7
100
AcDbLine
 10
71.0
 20
-4.812000000000004
 30
0.0
 11
72.0
 21
-9.812000000000005
 31
0.0
  0
LINE
  5
11F1
330
1F
100
AcDbEntity
  8
2
  6
CONTINUOUS
370
25
 62
7
100
AcDbLine
 10
72.0
 20
-9.812000000000005
 30
0.0
 11
70.0
 21
-9.812000000000005
 31
0.0
  0
LINE
  5
11F2
330
1F
100
AcDbEntity
  8
2
  6
CONTINUOUS
370
25
 62
7
100
AcDbLine
 10
70.0
 20
-9.812000000000005
 30
0.0
 11
71.0
 21
-4.812000000000004
 31
0.0
  0
LINE
  5
11F3
330
1F
100
AcDbEntity
  8
2
  6
CONTINUOUS
370
25
 62
7
100
AcDbLine
 10
71.60933292443846
 20
-9.811999999999998
 30
0.0
 11
71.93488882073974
 21
-9.486444103698716
 31
0.0
  0
LINE
  5
11F4
330
1F
100
AcDbEntity
  8
2
  6
CONTINUOUS
370
25
 62
7
100
AcDbLine
 10
71.18506885572654
 20
-9.811999999999998
 30
0.0
 11
71.86417814262109
 21
-9.132890713105454
 31
0.0
  0
LINE
  5
11F5
330
1F
100
AcDbEntity
  8
2
  6
CONTINUOUS
370
25
 62
7
100
AcDbLine
 10
70.7608047870146
 20
-9.812000000000012
 30
0.0
 11
71.79346746450243
 21
-8.779337322512191
 31
0.0
  0
LINE
  5
11F6
330
1F
100
AcDbEntity
  8
2
  6
CONTINUOUS
370
25
 62
7
100
AcDbLine
 10
70.33654071830269
 20
-9.812000000000012
 30
0.0
 11
71.72275678638378
 21
-8.425783931918915
 31
0.0
  0
LINE
  5
11F7
330
1F
100
AcDbEntity
  8
2
  6
CONTINUOUS
370
25
 62
7
100
AcDbLine
 10
70.02193083760231
 20
-9.702345811988451
 30
0.0
 11
71.65204610826513
 21
-8.072230541325638
 31
0.0
  0
LINE
  5
11F8
330
1F
100
AcDbEntity
  8
2
  6
CONTINUOUS
370
25
 62
7
100
AcDbLine
 10
70.12799685478029
 20
-9.17201572609855
 30
0.0
 11
71.58133543014647
 21
-7.718677150732375
 31
0.0
  0
LINE
  5
11F9
330
1F
100
AcDbEntity
  8
2
  6
CONTINUOUS
370
25
 62
7
100
AcDbLine
 10
70.23406287195829
 20
-8.641685640208635
 30
0.0
 11
71.51062475202781
 21
-7.365123760139113
 31
0.0
  0
LINE
  5
11FA
330
1F
100
AcDbEntity
  8
2
  6
CONTINUOUS
370
25
 62
7
100
AcDbLine
 10
70.34012888913625
 20
-8.111355554318749
 30
0.0
 11
71.43991407390916
 21
-7.011570369545836
 31
0.0
  0
LINE
  5
11FB
330
1F
100
AcDbEntity
  8
2
  6
CONTINUOUS
370
25
 62
7
100
AcDbLine
 10
70.44619490631425
 20
-7.58102546842882
 30
0.0
 11
71.3692033957905
 21
-6.65801697895256
 31
0.0
  0
LINE
  5
11FC
330
1F
100
AcDbEntity
  8
2
  6
CONTINUOUS
370
25
 62
7
100
AcDbLine
 10
70.55226092349223
 20
-7.050695382538919
 30
0.0
 11
71.29849271767185
 21
-6.304463588359297
 31
0.0
  0
LINE
  5
11FD
330
1F
100
AcDbEntity
  8
2
  6
CONTINUOUS
370
25
 62
7
100
AcDbLine
 10
70.65832694067021
 20
-6.520365296649018
 30
0.0
 11
71.22778203955319
 21
-5.950910197766035
 31
0.0
  0
LINE
  5
11FE
330
1F
100
AcDbEntity
  8
2
  6
CONTINUOUS
370
25
 62
7
100
AcDbLine
 10
70.76439295784817
 20
-5.990035210759132
 30
0.0
 11
71.15707136143455
 21
-5.597356807172758
 31
0.0
  0
LINE
  5
11FF
330
1F
100
AcDbEntity
  8
2
  6
CONTINUOUS
370
25
 62
7
100
AcDbLine
 10
70.87045897502617
 20
-5.459705124869203
 30
0.0
 11
71.08636068331589
 21
-5.243803416579482
 31
0.0
  0
LINE
  5
1200
330
1F
100
AcDbEntity
  8
2
  6
CONTINUOUS
370
25
 62
7
100
AcDbLine
 10
70.97652499220415
 20
-4.929375038979302
 30
0.0
 11
71.01565000519723
 21
-4.890250025986219
 31
0.0
  0
LINE
  5
1201
330
1F
100
AcDbEntity
  8
2
  6
CONTINUOUS
370
25
 62
7
100
AcDbLine
 10
70.00958295951571
 20
-9.764085202421477
 30
0.0
 11
70.05749775709424
 21
-9.812000000000005
 31
0.0
  0
LINE
  5
1202
330
1F
100
AcDbEntity
  8
2
  6
CONTINUOUS
370
25
 62
7
100
AcDbLine
 10
70.08029363763437
 20
-9.410531811828207
 30
0.0
 11
70.48176182580616
 21
-9.811999999999998
 31
0.0
  0
LINE
  5
1203
330
1F
100
AcDbEntity
  8
2
  6
CONTINUOUS
370
25
 62
7
100
AcDbLine
 10
70.15100431575301
 20
-9.05697842123493
 30
0.0
 11
70.90602589451808
 21
-9.811999999999998
 31
0.0
  0
LINE
  5
1204
330
1F
100
AcDbEntity
  8
2
  6
CONTINUOUS
370
25
 62
7
100
AcDbLine
 10
70.22171499387167
 20
-8.703425030641661
 30
0.0
 11
71.33028996323002
 21
-9.812000000000005
 31
0.0
  0
LINE
  5
1205
330
1F
100
AcDbEntity
  8
2
  6
CONTINUOUS
370
25
 62
7
100
AcDbLine
 10
70.29242567199033
 20
-8.349871640048399
 30
0.0
 11
71.75455403194194
 21
-9.812000000000005
 31
0.0
  0
LINE
  5
1206
330
1F
100
AcDbEntity
  8
2
  6
CONTINUOUS
370
25
 62
7
100
AcDbLine
 10
70.36313635010897
 20
-7.996318249455115
 30
0.0
 11
71.95529547483653
 21
-9.588477374182673
 31
0.0
  0
LINE
  5
1207
330
1F
100
AcDbEntity
  8
2
  6
CONTINUOUS
370
25
 62
7
100
AcDbLine
 10
70.43384702822763
 20
-7.642764858861852
 30
0.0
 11
71.84922945765855
 21
-9.058147288292773
 31
0.0
  0
LINE
  5
1208
330
1F
100
AcDbEntity
  8
2
  6
CONTINUOUS
370
25
 62
7
100
AcDbLine
 10
70.50455770634629
 20
-7.289211468268583
 30
0.0
 11
71.74316344048057
 21
-8.527817202402865
 31
0.0
  0
LINE
  5
1209
330
1F
100
AcDbEntity
  8
2
  6
CONTINUOUS
370
25
 62
7
100
AcDbLine
 10
70.57526838446493
 20
-6.935658077675306
 30
0.0
 11
71.63709742330259
 21
-7.997487116512964
 31
0.0
  0
LINE
  5
120A
330
1F
100
AcDbEntity
  8
2
  6
CONTINUOUS
370
25
 62
7
100
AcDbLine
 10
70.64597906258359
 20
-6.582104687082037
 30
0.0
 11
71.53103140612461
 21
-7.467157030623056
 31
0.0
  0
LINE
  5
120B
330
1F
100
AcDbEntity
  8
2
  6
CONTINUOUS
370
25
 62
7
100
AcDbLine
 10
70.71668974070225
 20
-6.228551296488774
 30
0.0
 11
71.42496538894663
 21
-6.936826944733156
 31
0.0
  0
LINE
  5
120C
330
1F
100
AcDbEntity
  8
2
  6
CONTINUOUS
370
25
 62
7
100
AcDbLine
 10
70.7874004188209
 20
-5.874997905895484
 30
0.0
 11
71.31889937176865
 21
-6.406496858843241
 31
0.0
  0
LINE
  5
120D
330
1F
100
AcDbEntity
  8
2
  6
CONTINUOUS
370
25
 62
7
100
AcDbLine
 10
70.85811109693955
 20
-5.521444515302221
 30
0.0
 11
71.21283335459067
 21
-5.87616677295334
 31
0.0
  0
LINE
  5
120E
330
1F
100
AcDbEntity
  8
2
  6
CONTINUOUS
370
25
 62
7
100
AcDbLine
 10
70.92882177505821
 20
-5.167891124708959
 30
0.0
 11
71.10676733741269
 21
-5.345836687063439
 31
0.0
  0
LINE
  5
120F
330
1F
100
AcDbEntity
  8
2
  6
CONTINUOUS
370
25
 62
7
100
AcDbLine
 10
70.99953245317685
 20
-4.814337734115682
 30
0.0
 11
71.00070132023471
 21
-4.815506601173539
 31
0.0
  0
LINE
  5
1210
330
1F
100
AcDbEntity
  8
2
  6
CONTINUOUS
370
25
 62
7
100
AcDbLine
 10
71.0
 20
4.811999999999997
 30
0.0
 11
70.0
 21
9.811999999999998
 31
0.0
  0
LINE
  5
1211
330
1F
100
AcDbEntity
  8
2
  6
CONTINUOUS
370
25
 62
7
100
AcDbLine
 10
70.0
 20
9.811999999999998
 30
0.0
 11
72.0
 21
9.811999999999998
 31
0.0
  0
LINE
  5
1212
330
1F
100
AcDbEntity
  8
2
  6
CONTINUOUS
370
25
 62
7
100
AcDbLine
 10
72.0
 20
9.811999999999998
 30
0.0
 11
71.0
 21
4.811999999999997
 31
0.0
  0
LINE
  5
1213
330
1F
100
AcDbEntity
  8
2
  6
CONTINUOUS
370
25
 62
7
100
AcDbLine
 10
70.99767453198868
 20
4.823627340056618
 30
0.0
 11
71.00348820201698
 21
4.829441010084921
 31
0.0
  0
LINE
  5
1214
330
1F
100
AcDbEntity
  8
2
  6
CONTINUOUS
370
25
 62
7
100
AcDbLine
 10
70.92696385387002
 20
5.177180730649894
 30
0.0
 11
71.10955421919498
 21
5.35977109597485
 31
0.0
  0
LINE
  5
1215
330
1F
100
AcDbEntity
  8
2
  6
CONTINUOUS
370
25
 62
7
100
AcDbLine
 10
70.85625317575138
 20
5.530734121243171
 30
0.0
 11
71.21562023637294
 21
5.890101181864736
 31
0.0
  0
LINE
  5
1216
330
1F
100
AcDbEntity
  8
2
  6
CONTINUOUS
370
25
 62
7
100
AcDbLine
 10
70.7855424976327
 20
5.884287511836419
 30
0.0
 11
71.32168625355094
 21
6.420431267754651
 31
0.0
  0
LINE
  5
1217
330
1F
100
AcDbEntity
  8
2
  6
CONTINUOUS
370
25
 62
7
100
AcDbLine
 10
70.71483181951406
 20
6.237840902429696
 30
0.0
 11
71.42775227072892
 21
6.950761353644552
 31
0.0
  0
LINE
  5
1218
330
1F
100
AcDbEntity
  8
2
  6
CONTINUOUS
370
25
 62
7
100
AcDbLine
 10
70.6441211413954
 20
6.591394293022972
 30
0.0
 11
71.5338182879069
 21
7.481091439534467
 31
0.0
  0
LINE
  5
1219
330
1F
100
AcDbEntity
  8
2
  6
CONTINUOUS
370
25
 62
7
100
AcDbLine
 10
70.57341046327674
 20
6.944947683616235
 30
0.0
 11
71.63988430508488
 21
8.011421525424367
 31
0.0
  0
LINE
  5
121A
330
1F
100
AcDbEntity
  8
2
  6
CONTINUOUS
370
25
 62
7
100
AcDbLine
 10
70.5026997851581
 20
7.298501074209518
 30
0.0
 11
71.74595032226286
 21
8.541751611314275
 31
0.0
  0
LINE
  5
121B
330
1F
100
AcDbEntity
  8
2
  6
CONTINUOUS
370
25
 62
7
100
AcDbLine
 10
70.43198910703944
 20
7.652054464802781
 30
0.0
 11
71.85201633944084
 21
9.072081697204176
 31
0.0
  0
LINE
  5
121C
330
1F
100
AcDbEntity
  8
2
  6
CONTINUOUS
370
25
 62
7
100
AcDbLine
 10
70.3612784289208
 20
8.005607855396065
 30
0.0
 11
71.9580823566188
 21
9.60241178309407
 31
0.0
  0
LINE
  5
121D
330
1F
100
AcDbEntity
  8
2
  6
CONTINUOUS
370
25
 62
7
100
AcDbLine
 10
70.29056775080214
 20
8.359161245989327
 30
0.0
 11
71.74340650481281
 21
9.811999999999998
 31
0.0
  0
LINE
  5
121E
330
1F
100
AcDbEntity
  8
2
  6
CONTINUOUS
370
25
 62
7
100
AcDbLine
 10
70.21985707268348
 20
8.712714636582596
 30
0.0
 11
71.31914243610088
 21
9.81199999999999
 31
0.0
  0
LINE
  5
121F
330
1F
100
AcDbEntity
  8
2
  6
CONTINUOUS
370
25
 62
7
100
AcDbLine
 10
70.14914639456482
 20
9.066268027175859
 30
0.0
 11
70.89487836738897
 21
9.812000000000005
 31
0.0
  0
LINE
  5
1220
330
1F
100
AcDbEntity
  8
2
  6
CONTINUOUS
370
25
 62
7
100
AcDbLine
 10
70.07843571644618
 20
9.419821417769143
 30
0.0
 11
70.47061429867703
 21
9.811999999999998
 31
0.0
  0
LINE
  5
1221
330
1F
100
AcDbEntity
  8
2
  6
CONTINUOUS
370
25
 62
7
100
AcDbLine
 10
70.00772503832752
 20
9.773374808362405
 30
0.0
 11
70.04635022996511
 21
9.811999999999998
 31
0.0
  0
LINE
  5
1222
330
1F
100
AcDbEntity
  8
2
  6
CONTINUOUS
370
25
 62
7
100
AcDbLine
 10
70.96718292514115
 20
4.976085374294314
 30
0.0
 11
71.02187804990591
 21
4.921390249529551
 31
0.0
  0
LINE
  5
1223
330
1F
100
AcDbEntity
  8
2
  6
CONTINUOUS
370
25
 62
7
100
AcDbLine
 10
70.86111690796315
 20
5.506415460184229
 30
0.0
 11
71.09258872802457
 21
5.274943640122814
 31
0.0
  0
LINE
  5
1224
330
1F
100
AcDbEntity
  8
2
  6
CONTINUOUS
370
25
 62
7
100
AcDbLine
 10
70.75505089078518
 20
6.036745546074116
 30
0.0
 11
71.16329940614321
 21
5.62849703071609
 31
0.0
  0
LINE
  5
1225
330
1F
100
AcDbEntity
  8
2
  6
CONTINUOUS
370
25
 62
7
100
AcDbLine
 10
70.64898487360719
 20
6.567075631964045
 30
0.0
 11
71.23401008426187
 21
5.982050421309367
 31
0.0
  0
LINE
  5
1226
330
1F
100
AcDbEntity
  8
2
  6
CONTINUOUS
370
25
 62
7
100
AcDbLine
 10
70.54291885642922
 20
7.097405717853931
 30
0.0
 11
71.30472076238051
 21
6.335603811902644
 31
0.0
  0
LINE
  5
1227
330
1F
100
AcDbEntity
  8
2
  6
CONTINUOUS
370
25
 62
7
100
AcDbLine
 10
70.43685283925123
 20
7.62773580374386
 30
0.0
 11
71.37543144049918
 21
6.689157202495906
 31
0.0
  0
LINE
  5
1228
330
1F
100
AcDbEntity
  8
2
  6
CONTINUOUS
370
25
 62
7
100
AcDbLine
 10
70.33078682207326
 20
8.158065889633733
 30
0.0
 11
71.44614211861783
 21
7.042710593089183
 31
0.0
  0
LINE
  5
1229
330
1F
100
AcDbEntity
  8
2
  6
CONTINUOUS
370
25
 62
7
100
AcDbLine
 10
70.22472080489527
 20
8.688395975523648
 30
0.0
 11
71.51685279673649
 21
7.396263983682445
 31
0.0
  0
LINE
  5
122A
330
1F
100
AcDbEntity
  8
2
  6
CONTINUOUS
370
25
 62
7
100
AcDbLine
 10
70.11865478771729
 20
9.218726061413562
 30
0.0
 11
71.58756347485514
 21
7.749817374275722
 31
0.0
  0
LINE
  5
122B
330
1F
100
AcDbEntity
  8
2
  6
CONTINUOUS
370
25
 62
7
100
AcDbLine
 10
70.01258877053931
 20
9.749056147303463
 30
0.0
 11
71.65827415297379
 21
8.103370764868998
 31
0.0
  0
LINE
  5
122C
330
1F
100
AcDbEntity
  8
2
  6
CONTINUOUS
370
25
 62
7
100
AcDbLine
 10
70.37390898655471
 20
9.811999999999998
 30
0.0
 11
71.72898483109243
 21
8.456924155462275
 31
0.0
  0
LINE
  5
122D
330
1F
100
AcDbEntity
  8
2
  6
CONTINUOUS
370
25
 62
7
100
AcDbLine
 10
70.79817305526663
 20
9.811999999999998
 30
0.0
 11
71.7996955092111
 21
8.810477546055523
 31
0.0
  0
LINE
  5
122E
330
1F
100
AcDbEntity
  8
2
  6
CONTINUOUS
370
25
 62
7
100
AcDbLine
 10
71.22243712397857
 20
9.811999999999998
 30
0.0
 11
71.87040618732975
 21
9.164030936648814
 31
0.0
  0
LINE
  5
122F
330
1F
100
AcDbEntity
  8
2
  6
CONTINUOUS
370
25
 62
7
100
AcDbLine
 10
71.64670119269049
 20
9.811999999999998
 30
0.0
 11
71.94111686544842
 21
9.517584327242062
 31
0.0
  0
TEXT
  5
1230
330
1F
100
AcDbEntity
  8
2
  6
CONTINUOUS
370
25
 62
7
100
AcDbText
 10
69.50000000000001
 20
9.732833333333328
 30
0.0
 40
3.5
  1
EGM M8 x 1.25
 50
90.00000000000001
 72
     1
 11
69.5
 21
30.1495
 31
0.0
100
AcDbText
  0
LINE
  5
1231
330
1F
100
AcDbEntity
  8
2
  6
CONTINUOUS
370
25
 62
7
100
AcDbLine
 10
49.0
 20
-4.1
 30
0.0
 11
62.0
 21
-4.100000000000001
 31
0.0
  0
LINE
  5
1232
330
1F
100
AcDbEntity
  8
2
  6
CONTINUOUS
370
25
 62
7
100
AcDbLine
 10
62.0
 20
4.099999999999998
 30
0.0
 11
49.0
 21
4.1
 31
0.0
  0
LINE
  5
1233
330
1F
100
AcDbEntity
  8
2
  6
CONTINUOUS
370
25
 62
7
100
AcDbLine
 10
61.0
 20
-11.1
 30
0.0
 11
61.0
 21
23.525
 31
0.0
  0
LINE
  5
1234
330
1F
100
AcDbEntity
  8
2
  6
CONTINUOUS
370
25
 62
7
100
AcDbLine
 10
61.0
 20
-4.100000000000001
 30
0.0
 11
62.0
 21
-9.100000000000001
 31
0.0
  0
LINE
  5
1235
330
1F
100
AcDbEntity
  8
2
  6
CONTINUOUS
370
25
 62
7
100
AcDbLine
 10
62.0
 20
-9.100000000000001
 30
0.0
 11
60.0
 21
-9.100000000000001
 31
0.0
  0
LINE
  5
1236
330
1F
100
AcDbEntity
  8
2
  6
CONTINUOUS
370
25
 62
7
100
AcDbLine
 10
60.0
 20
-9.100000000000001
 30
0.0
 11
61.0
 21
-4.100000000000001
 31
0.0
  0
LINE
  5
1237
330
1F
100
AcDbEntity
  8
2
  6
CONTINUOUS
370
25
 62
7
100
AcDbLine
 10
61.9281987109489
 20
-9.100000000000001
 30
0.0
 11
61.98803311849148
 21
-9.04016559245742
 31
0.0
  0
LINE
  5
1238
330
1F
100
AcDbEntity
  8
2
  6
CONTINUOUS
370
25
 62
7
100
AcDbLine
 10
61.50393464223697
 20
-9.100000000000001
 30
0.0
 11
61.91732244037283
 21
-8.686612201864143
 31
0.0
  0
LINE
  5
1239
330
1F
100
AcDbEntity
  8
2
  6
CONTINUOUS
370
25
 62
7
100
AcDbLine
 10
61.07967057352504
 20
-9.100000000000001
 30
0.0
 11
61.84661176225417
 21
-8.333058811270874
 31
0.0
  0
LINE
  5
123A
330
1F
100
AcDbEntity
  8
2
  6
CONTINUOUS
370
25
 62
7
100
AcDbLine
 10
60.65540650481311
 20
-9.100000000000001
 30
0.0
 11
61.77590108413552
 21
-7.979505420677597
 31
0.0
  0
LINE
  5
123B
330
1F
100
AcDbEntity
  8
2
  6
CONTINUOUS
370
25
 62
7
100
AcDbLine
 10
60.23114243610117
 20
-9.100000000000001
 30
0.0
 11
61.70519040601687
 21
-7.625952030084314
 31
0.0
  0
LINE
  5
123C
330
1F
100
AcDbEntity
  8
2
  6
CONTINUOUS
370
25
 62
7
100
AcDbLine
 10
60.0482804081527
 20
-8.858597959236562
 30
0.0
 11
61.6344797278982
 21
-7.272398639491065
 31
0.0
  0
LINE
  5
123D
330
1F
100
AcDbEntity
  8
2
  6
CONTINUOUS
370
25
 62
7
100
AcDbLine
 10
60.15434642533068
 20
-8.328267873346647
 30
0.0
 11
61.56376904977955
 21
-6.918845248897789
 31
0.0
  0
LINE
  5
123E
330
1F
100
AcDbEntity
  8
2
  6
CONTINUOUS
370
25
 62
7
100
AcDbLine
 10
60.26041244250866
 20
-7.797937787456739
 30
0.0
 11
61.49305837166089
 21
-6.565291858304512
 31
0.0
  0
LINE
  5
123F
330
1F
100
AcDbEntity
  8
2
  6
CONTINUOUS
370
25
 62
7
100
AcDbLine
 10
60.36647845968664
 20
-7.267607701566831
 30
0.0
 11
61.42234769354224
 21
-6.211738467711236
 31
0.0
  0
LINE
  5
1240
330
1F
100
AcDbEntity
  8
2
  6
CONTINUOUS
370
25
 62
7
100
AcDbLine
 10
60.47254447686461
 20
-6.737277615676945
 30
0.0
 11
61.35163701542358
 21
-5.85818507711798
 31
0.0
  0
LINE
  5
1241
330
1F
100
AcDbEntity
  8
2
  6
CONTINUOUS
370
25
 62
7
100
AcDbLine
 10
60.57861049404259
 20
-6.20694752978703
 30
0.0
 11
61.28092633730493
 21
-5.504631686524696
 31
0.0
  0
LINE
  5
1242
330
1F
100
AcDbEntity
  8
2
  6
CONTINUOUS
370
25
 62
7
100
AcDbLine
 10
60.68467651122057
 20
-5.676617443897122
 30
0.0
 11
61.21021565918628
 21
-5.15107829593142
 31
0.0
  0
LINE
  5
1243
330
1F
100
AcDbEntity
  8
2
  6
CONTINUOUS
370
25
 62
7
100
AcDbLine
 10
60.79074252839856
 20
-5.146287358007207
 30
0.0
 11
61.13950498106762
 21
-4.79752490533815
 31
0.0
  0
LINE
  5
1244
330
1F
100
AcDbEntity
  8
2
  6
CONTINUOUS
370
25
 62
7
100
AcDbLine
 10
60.89680854557654
 20
-4.615957272117313
 30
0.0
 11
61.06879430294897
 21
-4.443971514744881
 31
0.0
  0
LINE
  5
1245
330
1F
100
AcDbEntity
  8
2
  6
CONTINUOUS
370
25
 62
7
100
AcDbLine
 10
60.00194804090523
 20
-9.090259795473884
 30
0.0
 11
60.01168824543134
 21
-9.100000000000001
 31
0.0
  0
LINE
  5
1246
330
1F
100
AcDbEntity
  8
2
  6
CONTINUOUS
370
25
 62
7
100
AcDbLine
 10
60.07265871902388
 20
-8.7367064048806
 30
0.0
 11
60.43595231414328
 21
-9.100000000000001
 31
0.0
  0
LINE
  5
1247
330
1F
100
AcDbEntity
  8
2
  6
CONTINUOUS
370
25
 62
7
100
AcDbLine
 10
60.14336939714254
 20
-8.383153014287338
 30
0.0
 11
60.86021638285521
 21
-9.100000000000001
 31
0.0
  0
LINE
  5
1248
330
1F
100
AcDbEntity
  8
2
  6
CONTINUOUS
370
25
 62
7
100
AcDbLine
 10
60.21408007526119
 20
-8.029599623694054
 30
0.0
 11
61.28448045156713
 21
-9.100000000000001
 31
0.0
  0
LINE
  5
1249
330
1F
100
AcDbEntity
  8
2
  6
CONTINUOUS
370
25
 62
7
100
AcDbLine
 10
60.28479075337984
 20
-7.676046233100784
 30
0.0
 11
61.70874452027906
 21
-9.100000000000001
 31
0.0
  0
LINE
  5
124A
330
1F
100
AcDbEntity
  8
2
  6
CONTINUOUS
370
25
 62
7
100
AcDbLine
 10
60.3555014314985
 20
-7.322492842507515
 30
0.0
 11
61.96674785275225
 21
-8.933739263761261
 31
0.0
  0
LINE
  5
124B
330
1F
100
AcDbEntity
  8
2
  6
CONTINUOUS
370
25
 62
7
100
AcDbLine
 10
60.42621210961715
 20
-6.968939451914231
 30
0.0
 11
61.86068183557426
 21
-8.403409177871346
 31
0.0
  0
LINE
  5
124C
330
1F
100
AcDbEntity
  8
2
  6
CONTINUOUS
370
25
 62
7
100
AcDbLine
 10
60.49692278773581
 20
-6.615386061320969
 30
0.0
 11
61.75461581839628
 21
-7.873079091981445
 31
0.0
  0
LINE
  5
124D
330
1F
100
AcDbEntity
  8
2
  6
CONTINUOUS
370
25
 62
7
100
AcDbLine
 10
60.56763346585446
 20
-6.261832670727685
 30
0.0
 11
61.64854980121831
 21
-7.342749006091537
 31
0.0
  0
LINE
  5
124E
330
1F
100
AcDbEntity
  8
2
  6
CONTINUOUS
370
25
 62
7
100
AcDbLine
 10
60.63834414397311
 20
-5.908279280134408
 30
0.0
 11
61.54248378404031
 21
-6.812418920201615
 31
0.0
  0
LINE
  5
124F
330
1F
100
AcDbEntity
  8
2
  6
CONTINUOUS
370
25
 62
7
100
AcDbLine
 10
60.70905482209177
 20
-5.554725889541139
 30
0.0
 11
61.43641776686234
 21
-6.282088834311715
 31
0.0
  0
LINE
  5
1250
330
1F
100
AcDbEntity
  8
2
  6
CONTINUOUS
370
25
 62
7
100
AcDbLine
 10
60.77976550021044
 20
-5.201172498947869
 30
0.0
 11
61.33035174968435
 21
-5.751758748421793
 31
0.0
  0
LINE
  5
1251
330
1F
100
AcDbEntity
  8
2
  6
CONTINUOUS
370
25
 62
7
100
AcDbLine
 10
60.85047617832908
 20
-4.847619108354586
 30
0.0
 11
61.22428573250637
 21
-5.221428662531885
 31
0.0
  0
LINE
  5
1252
330
1F
100
AcDbEntity
  8
2
  6
CONTINUOUS
370
25
 62
7
100
AcDbLine
 10
60.92118685644774
 20
-4.494065717761316
 30
0.0
 11
61.11821971532839
 21
-4.691098576641963
 31
0.0
  0
LINE
  5
1253
330
1F
100
AcDbEntity
  8
2
  6
CONTINUOUS
370
25
 62
7
100
AcDbLine
 10
60.9918975345664
 20
-4.140512327168047
 30
0.0
 11
61.01215369815041
 21
-4.160768490752055
 31
0.0
  0
LINE
  5
1254
330
1F
100
AcDbEntity
  8
2
  6
CONTINUOUS
370
25
 62
7
100
AcDbLine
 10
61.0
 20
4.099999999999998
 30
0.0
 11
60.0
 21
9.099999999999998
 31
0.0
  0
LINE
  5
1255
330
1F
100
AcDbEntity
  8
2
  6
CONTINUOUS
370
25
 62
7
100
AcDbLine
 10
60.0
 20
9.099999999999998
 30
0.0
 11
62.0
 21
9.099999999999998
 31
0.0
  0
LINE
  5
1256
330
1F
100
AcDbEntity
  8
2
  6
CONTINUOUS
370
25
 62
7
100
AcDbLine
 10
62.0
 20
9.099999999999998
 30
0.0
 11
61.0
 21
4.099999999999998
 31
0.0
  0
LINE
  5
1257
330
1F
100
AcDbEntity
  8
2
  6
CONTINUOUS
370
25
 62
7
100
AcDbLine
 10
60.93459877248048
 20
4.427006137597601
 30
0.0
 11
61.09810184127927
 21
4.590509206396391
 31
0.0
  0
LINE
  5
1258
330
1F
100
AcDbEntity
  8
2
  6
CONTINUOUS
370
25
 62
7
100
AcDbLine
 10
60.86388809436183
 20
4.780559528190871
 30
0.0
 11
61.20416785845726
 21
5.120839292286298
 31
0.0
  0
LINE
  5
1259
330
1F
100
AcDbEntity
  8
2
  6
CONTINUOUS
370
25
 62
7
100
AcDbLine
 10
60.79317741624318
 20
5.134112918784147
 30
0.0
 11
61.31023387563524
 21
5.651169378176206
 31
0.0
  0
LINE
  5
125A
330
1F
100
AcDbEntity
  8
2
  6
CONTINUOUS
370
25
 62
7
100
AcDbLine
 10
60.72246673812452
 20
5.487666309377417
 30
0.0
 11
61.41629989281322
 21
6.181499464066121
 31
0.0
  0
LINE
  5
125B
330
1F
100
AcDbEntity
  8
2
  6
CONTINUOUS
370
25
 62
7
100
AcDbLine
 10
60.65175606000587
 20
5.841219699970694
 30
0.0
 11
61.5223659099912
 21
6.711829549956022
 31
0.0
  0
LINE
  5
125C
330
1F
100
AcDbEntity
  8
2
  6
CONTINUOUS
370
25
 62
7
100
AcDbLine
 10
60.58104538188721
 20
6.194773090563963
 30
0.0
 11
61.62843192716918
 21
7.242159635845923
 31
0.0
  0
LINE
  5
125D
330
1F
100
AcDbEntity
  8
2
  6
CONTINUOUS
370
25
 62
7
100
AcDbLine
 10
60.51033470376856
 20
6.548326481157233
 30
0.0
 11
61.73449794434716
 21
7.772489721735823
 31
0.0
  0
LINE
  5
125E
330
1F
100
AcDbEntity
  8
2
  6
CONTINUOUS
370
25
 62
7
100
AcDbLine
 10
60.43962402564991
 20
6.901879871750509
 30
0.0
 11
61.84056396152514
 21
8.302819807625731
 31
0.0
  0
LINE
  5
125F
330
1F
100
AcDbEntity
  8
2
  6
CONTINUOUS
370
25
 62
7
100
AcDbLine
 10
60.36891334753125
 20
7.255433262343786
 30
0.0
 11
61.94662997870312
 21
8.833149893515639
 31
0.0
  0
LINE
  5
1260
330
1F
100
AcDbEntity
  8
2
  6
CONTINUOUS
370
25
 62
7
100
AcDbLine
 10
60.2982026694126
 20
7.608986652937048
 30
0.0
 11
61.78921601647556
 21
9.099999999999994
 31
0.0
  0
LINE
  5
1261
330
1F
100
AcDbEntity
  8
2
  6
CONTINUOUS
370
25
 62
7
100
AcDbLine
 10
60.22749199129394
 20
7.962540043530325
 30
0.0
 11
61.36495194776362
 21
9.099999999999994
 31
0.0
  0
LINE
  5
1262
330
1F
100
AcDbEntity
  8
2
  6
CONTINUOUS
370
25
 62
7
100
AcDbLine
 10
60.15678131317529
 20
8.316093434123601
 30
0.0
 11
60.9406878790517
 21
9.100000000000001
 31
0.0
  0
LINE
  5
1263
330
1F
100
AcDbEntity
  8
2
  6
CONTINUOUS
370
25
 62
7
100
AcDbLine
 10
60.08607063505662
 20
8.669646824716857
 30
0.0
 11
60.51642381033977
 21
9.099999999999994
 31
0.0
  0
LINE
  5
1264
330
1F
100
AcDbEntity
  8
2
  6
CONTINUOUS
370
25
 62
7
100
AcDbLine
 10
60.01535995693797
 20
9.023200215310133
 30
0.0
 11
60.09215974162784
 21
9.100000000000001
 31
0.0
  0
LINE
  5
1265
330
1F
100
AcDbEntity
  8
2
  6
CONTINUOUS
370
25
 62
7
100
AcDbLine
 10
60.94083335459077
 20
4.395833227046197
 30
0.0
 11
61.03944443027282
 21
4.297222151364139
 31
0.0
  0
LINE
  5
1266
330
1F
100
AcDbEntity
  8
2
  6
CONTINUOUS
370
25
 62
7
100
AcDbLine
 10
60.83476733741279
 20
4.926163312936104
 30
0.0
 11
61.11015510839147
 21
4.650775541957415
 31
0.0
  0
LINE
  5
1267
330
1F
100
AcDbEntity
  8
2
  6
CONTINUOUS
370
25
 62
7
100
AcDbLine
 10
60.7287013202348
 20
5.456493398826005
 30
0.0
 11
61.18086578651014
 21
5.004328932550671
 31
0.0
  0
LINE
  5
1268
330
1F
100
AcDbEntity
  8
2
  6
CONTINUOUS
370
25
 62
7
100
AcDbLine
 10
60.62263530305682
 20
5.986823484715927
 30
0.0
 11
61.2515764646288
 21
5.357882323143947
 31
0.0
  0
LINE
  5
1269
330
1F
100
AcDbEntity
  8
2
  6
CONTINUOUS
370
25
 62
7
100
AcDbLine
 10
60.51656928587884
 20
6.517153570605849
 30
0.0
 11
61.32228714274745
 21
5.711435713737231
 31
0.0
  0
LINE
  5
126A
330
1F
100
AcDbEntity
  8
2
  6
CONTINUOUS
370
25
 62
7
100
AcDbLine
 10
60.41050326870086
 20
7.04748365649575
 30
0.0
 11
61.39299782086609
 21
6.064989104330515
 31
0.0
  0
LINE
  5
126B
330
1F
100
AcDbEntity
  8
2
  6
CONTINUOUS
370
25
 62
7
100
AcDbLine
 10
60.30443725152287
 20
7.577813742385679
 30
0.0
 11
61.46370849898476
 21
6.418542494923784
 31
0.0
  0
LINE
  5
126C
330
1F
100
AcDbEntity
  8
2
  6
CONTINUOUS
370
25
 62
7
100
AcDbLine
 10
60.19837123434489
 20
8.10814382827558
 30
0.0
 11
61.53441917710341
 21
6.772095885517054
 31
0.0
  0
LINE
  5
126D
330
1F
100
AcDbEntity
  8
2
  6
CONTINUOUS
370
25
 62
7
100
AcDbLine
 10
60.0923052171669
 20
8.638473914165495
 30
0.0
 11
61.60512985522206
 21
7.125649276110323
 31
0.0
  0
LINE
  5
126E
330
1F
100
AcDbEntity
  8
2
  6
CONTINUOUS
370
25
 62
7
100
AcDbLine
 10
60.05504320004434
 20
9.099999999999994
 30
0.0
 11
61.67584053334072
 21
7.4792026667036
 31
0.0
  0
LINE
  5
126F
330
1F
100
AcDbEntity
  8
2
  6
CONTINUOUS
370
25
 62
7
100
AcDbLine
 10
60.47930726875626
 20
9.099999999999994
 30
0.0
 11
61.74655121145937
 21
7.832756057296876
 31
0.0
  0
LINE
  5
1270
330
1F
100
AcDbEntity
  8
2
  6
CONTINUOUS
370
25
 62
7
100
AcDbLine
 10
60.90357133746819
 20
9.099999999999994
 30
0.0
 11
61.81726188957802
 21
8.18630944789016
 31
0.0
  0
LINE
  5
1271
330
1F
100
AcDbEntity
  8
2
  6
CONTINUOUS
370
25
 62
7
100
AcDbLine
 10
61.32783540618013
 20
9.099999999999994
 30
0.0
 11
61.88797256769669
 21
8.53986283848343
 31
0.0
  0
LINE
  5
1272
330
1F
100
AcDbEntity
  8
2
  6
CONTINUOUS
370
25
 62
7
100
AcDbLine
 10
61.75209947489204
 20
9.099999999999994
 30
0.0
 11
61.95868324581534
 21
8.8934162290767
 31
0.0
  0
TEXT
  5
1273
330
1F
100
AcDbEntity
  8
2
  6
CONTINUOUS
370
25
 62
7
100
AcDbText
 10
59.5
 20
15.0875
 30
0.0
 40
3.5
  1
8.2
 50
89.99999999999997
 72
     1
 11
59.5
 21
18.5875
 31
0.0
100
AcDbText
  0
CIRCLE
  5
1274
330
1F
100
AcDbEntity
  8
2
  6
CONTINUOUS
370
25
 62
7
100
AcDbCircle
 10
57.75
 20
12.1125
 30
0.0
 40
1.4
  0
LINE
  5
1275
330
1F
100
AcDbEntity
  8
2
  6
CONTINUOUS
370
25
 62
7
100
AcDbLine
 10
59.15
 20
10.7125
 30
0.0
 11
56.35
 21
13.5125
 31
0.0
  0
LINE
  5
1276
330
1F
100
AcDbEntity
  8
2
  6
CONTINUOUS
370
25
 62
7
100
AcDbLine
 10
34.0
 20
-0.9000000000000004
 30
0.0
 11
34.0
 21
-18.0
 31
0.0
  0
LINE
  5
1277
330
1F
100
AcDbEntity
  8
2
  6
CONTINUOUS
370
25
 62
7
100
AcDbLine
 10
49.0
 20
-18.0
 30
0.0
 11
49.0
 21
-0.8999999999999986
 31
0.0
  0
LINE
  5
1278
330
1F
100
AcDbEntity
  8
2
  6
CONTINUOUS
370
25
 62
7
100
AcDbLine
 10
27.0
 20
-17.0
 30
0.0
 11
56.0
 21
-17.0
 31
0.0
  0
LINE
  5
1279
330
1F
100
AcDbEntity
  8
2
  6
CONTINUOUS
370
25
 62
7
100
AcDbLine
 10
34.0
 20
-17.0
 30
0.0
 11
29.0
 21
-18.0
 31
0.0
  0
LINE
  5
127A
330
1F
100
AcDbEntity
  8
2
  6
CONTINUOUS
370
25
 62
7
100
AcDbLine
 10
29.0
 20
-18.0
 30
0.0
 11
29.0
 21
-16.0
 31
0.0
  0
LINE
  5
127B
330
1F
100
AcDbEntity
  8
2
  6
CONTINUOUS
370
25
 62
7
100
AcDbLine
 10
29.0
 20
-16.0
 30
0.0
 11
34.0
 21
-17.0
 31
0.0
  0
LINE
  5
127C
330
1F
100
AcDbEntity
  8
2
  6
CONTINUOUS
370
25
 62
7
100
AcDbLine
 10
33.55911199606226
 20
-17.08817760078755
 30
0.0
 11
33.70607466404151
 21
-16.9412149328083
 31
0.0
  0
LINE
  5
127D
330
1F
100
AcDbEntity
  8
2
  6
CONTINUOUS
370
25
 62
7
100
AcDbLine
 10
33.02878191017236
 20
-17.19424361796553
 30
0.0
 11
33.35252127344824
 21
-16.87050425468965
 31
0.0
  0
LINE
  5
127E
330
1F
100
AcDbEntity
  8
2
  6
CONTINUOUS
370
25
 62
7
100
AcDbLine
 10
32.49845182428245
 20
-17.30030963514351
 30
0.0
 11
32.99896788285496
 21
-16.799793576571
 31
0.0
  0
LINE
  5
127F
330
1F
100
AcDbEntity
  8
2
  6
CONTINUOUS
370
25
 62
7
100
AcDbLine
 10
31.96812173839253
 20
-17.4063756523215
 30
0.0
 11
32.64541449226169
 21
-16.72908289845234
 31
0.0
  0
LINE
  5
1280
330
1F
100
AcDbEntity
  8
2
  6
CONTINUOUS
370
25
 62
7
100
AcDbLine
 10
31.43779165250263
 20
-17.51244166949948
 30
0.0
 11
32.29186110166842
 21
-16.65837222033368
 31
0.0
  0
LINE
  5
1281
330
1F
100
AcDbEntity
  8
2
  6
CONTINUOUS
370
25
 62
7
100
AcDbLine
 10
30.90746156661272
 20
-17.61850768667746
 30
0.0
 11
31.93830771107515
 21
-16.58766154221502
 31
0.0
  0
LINE
  5
1282
330
1F
100
AcDbEntity
  8
2
  6
CONTINUOUS
370
25
 62
7
100
AcDbLine
 10
30.37713148072281
 20
-17.72457370385544
 30
0.0
 11
31.58475432048187
 21
-16.51695086409638
 31
0.0
  0
LINE
  5
1283
330
1F
100
AcDbEntity
  8
2
  6
CONTINUOUS
370
25
 62
7
100
AcDbLine
 10
29.8468013948329
 20
-17.83063972103342
 30
0.0
 11
31.23120092988859
 21
-16.44624018597772
 31
0.0
  0
LINE
  5
1284
330
1F
100
AcDbEntity
  8
2
  6
CONTINUOUS
370
25
 62
7
100
AcDbLine
 10
29.31647130894299
 20
-17.9367057382114
 30
0.0
 11
30.87764753929532
 21
-16.37552950785907
 31
0.0
  0
LINE
  5
1285
330
1F
100
AcDbEntity
  8
2
  6
CONTINUOUS
370
25
 62
7
100
AcDbLine
 10
29.0
 20
-17.82891297844246
 30
0.0
 11
30.52409414870204
 21
-16.30481882974041
 31
0.0
  0
LINE
  5
1286
330
1F
100
AcDbEntity
  8
2
  6
CONTINUOUS
370
25
 62
7
100
AcDbLine
 10
29.0
 20
-17.40464890973053
 30
0.0
 11
30.17054075810877
 21
-16.23410815162175
 31
0.0
  0
LINE
  5
1287
330
1F
100
AcDbEntity
  8
2
  6
CONTINUOUS
370
25
 62
7
100
AcDbLine
 10
29.0
 20
-16.9803848410186
 30
0.0
 11
29.8169873675155
 21
-16.1633974735031
 31
0.0
  0
LINE
  5
1288
330
1F
100
AcDbEntity
  8
2
  6
CONTINUOUS
370
25
 62
7
100
AcDbLine
 10
29.0
 20
-16.55612077230667
 30
0.0
 11
29.46343397692222
 21
-16.09268679538445
 31
0.0
  0
LINE
  5
1289
330
1F
100
AcDbEntity
  8
2
  6
CONTINUOUS
370
25
 62
7
100
AcDbLine
 10
29.0
 20
-16.13185670359474
 30
0.0
 11
29.10988058632896
 21
-16.02197611726579
 31
0.0
  0
LINE
  5
128A
330
1F
100
AcDbEntity
  8
2
  6
CONTINUOUS
370
25
 62
7
100
AcDbLine
 10
29.0
 20
-17.96913421348973
 30
0.0
 11
29.02572148875856
 21
-17.99485570224829
 31
0.0
  0
LINE
  5
128B
330
1F
100
AcDbEntity
  8
2
  6
CONTINUOUS
370
25
 62
7
100
AcDbLine
 10
29.0
 20
-17.5448701447778
 30
0.0
 11
29.37927487935183
 21
-17.92414502412964
 31
0.0
  0
LINE
  5
128C
330
1F
100
AcDbEntity
  8
2
  6
CONTINUOUS
370
25
 62
7
100
AcDbLine
 10
29.0
 20
-17.12060607606588
 30
0.0
 11
29.7328282699451
 21
-17.85343434601098
 31
0.0
  0
LINE
  5
128D
330
1F
100
AcDbEntity
  8
2
  6
CONTINUOUS
370
25
 62
7
100
AcDbLine
 10
29.0
 20
-16.69634200735395
 30
0.0
 11
30.08638166053838
 21
-17.78272366789232
 31
0.0
  0
LINE
  5
128E
330
1F
100
AcDbEntity
  8
2
  6
CONTINUOUS
370
25
 62
7
100
AcDbLine
 10
29.0
 20
-16.27207793864202
 30
0.0
 11
30.43993505113166
 21
-17.71201298977367
 31
0.0
  0
LINE
  5
128F
330
1F
100
AcDbEntity
  8
2
  6
CONTINUOUS
370
25
 62
7
100
AcDbLine
 10
29.19023266258738
 20
-16.03804653251748
 30
0.0
 11
30.79348844172493
 21
-17.64130231165502
 31
0.0
  0
LINE
  5
1290
330
1F
100
AcDbEntity
  8
2
  6
CONTINUOUS
370
25
 62
7
100
AcDbLine
 10
29.7205627484773
 20
-16.14411254969546
 30
0.0
 11
31.1470418323182
 21
-17.57059163353636
 31
0.0
  0
LINE
  5
1291
330
1F
100
AcDbEntity
  8
2
  6
CONTINUOUS
370
25
 62
7
100
AcDbLine
 10
30.25089283436721
 20
-16.25017856687344
 30
0.0
 11
31.50059522291148
 21
-17.4998809554177
 31
0.0
  0
LINE
  5
1292
330
1F
100
AcDbEntity
  8
2
  6
CONTINUOUS
370
25
 62
7
100
AcDbLine
 10
30.78122292025713
 20
-16.35624458405142
 30
0.0
 11
31.85414861350476
 21
-17.42917027729905
 31
0.0
  0
LINE
  5
1293
330
1F
100
AcDbEntity
  8
2
  6
CONTINUOUS
370
25
 62
7
100
AcDbLine
 10
31.31155300614704
 20
-16.4623106012294
 30
0.0
 11
32.20770200409803
 21
-17.3584595991804
 31
0.0
  0
LINE
  5
1294
330
1F
100
AcDbEntity
  8
2
  6
CONTINUOUS
370
25
 62
7
100
AcDbLine
 10
31.84188309203695
 20
-16.56837661840739
 30
0.0
 11
32.5612553946913
 21
-17.28774892106173
 31
0.0
  0
LINE
  5
1295
330
1F
100
AcDbEntity
  8
2
  6
CONTINUOUS
370
25
 62
7
100
AcDbLine
 10
32.37221317792687
 20
-16.67444263558538
 30
0.0
 11
32.91480878528458
 21
-17.21703824294309
 31
0.0
  0
LINE
  5
1296
330
1F
100
AcDbEntity
  8
2
  6
CONTINUOUS
370
25
 62
7
100
AcDbLine
 10
32.90254326381678
 20
-16.78050865276335
 30
0.0
 11
33.26836217587786
 21
-17.14632756482443
 31
0.0
  0
LINE
  5
1297
330
1F
100
AcDbEntity
  8
2
  6
CONTINUOUS
370
25
 62
7
100
AcDbLine
 10
33.4328733497067
 20
-16.88657466994133
 30
0.0
 11
33.62191556647114
 21
-17.07561688670577
 31
0.0
  0
LINE
  5
1298
330
1F
100
AcDbEntity
  8
2
  6
CONTINUOUS
370
25
 62
7
100
AcDbLine
 10
33.96320343559661
 20
-16.99264068711932
 30
0.0
 11
33.9754689570644
 21
-17.00490620858711
 31
0.0
  0
LINE
  5
1299
330
1F
100
AcDbEntity
  8
2
  6
CONTINUOUS
370
25
 62
7
100
AcDbLine
 10
49.0
 20
-17.0
 30
0.0
 11
54.0
 21
-16.0
 31
0.0
  0
LINE
  5
129A
330
1F
100
AcDbEntity
  8
2
  6
CONTINUOUS
370
25
 62
7
100
AcDbLine
 10
54.0
 20
-16.0
 30
0.0
 11
54.0
 21
-18.0
 31
0.0
  0
LINE
  5
129B
330
1F
100
AcDbEntity
  8
2
  6
CONTINUOUS
370
25
 62
7
100
AcDbLine
 10
54.0
 20
-18.0
 30
0.0
 11
49.0
 21
-17.0
 31
0.0
  0
LINE
  5
129C
330
1F
100
AcDbEntity
  8
2
  6
CONTINUOUS
370
25
 62
7
100
AcDbLine
 10
53.98305881127081
 20
-17.99661176225416
 30
0.0
 11
54.0
 21
-17.97967057352497
 31
0.0
  0
LINE
  5
129D
330
1F
100
AcDbEntity
  8
2
  6
CONTINUOUS
370
25
 62
7
100
AcDbLine
 10
53.62950542067752
 20
-17.92590108413551
 30
0.0
 11
54.0
 21
-17.55540650481304
 31
0.0
  0
LINE
  5
129E
330
1F
100
AcDbEntity
  8
2
  6
CONTINUOUS
370
25
 62
7
100
AcDbLine
 10
53.27595203008425
 20
-17.85519040601685
 30
0.0
 11
54.0
 21
-17.1311424361011
 31
0.0
  0
LINE
  5
129F
330
1F
100
AcDbEntity
  8
2
  6
CONTINUOUS
370
25
 62
7
100
AcDbLine
 10
52.92239863949098
 20
-17.7844797278982
 30
0.0
 11
54.0
 21
-16.70687836738918
 31
0.0
  0
LINE
  5
12A0
330
1F
100
AcDbEntity
  8
2
  6
CONTINUOUS
370
25
 62
7
100
AcDbLine
 10
52.5688452488977
 20
-17.71376904977954
 30
0.0
 11
54.0
 21
-16.28261429867725
 31
0.0
  0
LINE
  5
12A1
330
1F
100
AcDbEntity
  8
2
  6
CONTINUOUS
370
25
 62
7
100
AcDbLine
 10
52.21529185830443
 20
-17.64305837166089
 30
0.0
 11
53.82293778745665
 21
-16.03541244250867
 31
0.0
  0
LINE
  5
12A2
330
1F
100
AcDbEntity
  8
2
  6
CONTINUOUS
370
25
 62
7
100
AcDbLine
 10
51.86173846771116
 20
-17.57234769354223
 30
0.0
 11
53.29260770156674
 21
-16.14147845968665
 31
0.0
  0
LINE
  5
12A3
330
1F
100
AcDbEntity
  8
2
  6
CONTINUOUS
370
25
 62
7
100
AcDbLine
 10
51.50818507711788
 20
-17.50163701542358
 30
0.0
 11
52.76227761567682
 21
-16.24754447686464
 31
0.0
  0
LINE
  5
12A4
330
1F
100
AcDbEntity
  8
2
  6
CONTINUOUS
370
25
 62
7
100
AcDbLine
 10
51.1546316865246
 20
-17.43092633730492
 30
0.0
 11
52.2319475297869
 21
-16.35361049404262
 31
0.0
  0
LINE
  5
12A5
330
1F
100
AcDbEntity
  8
2
  6
CONTINUOUS
370
25
 62
7
100
AcDbLine
 10
50.80107829593132
 20
-17.36021565918627
 30
0.0
 11
51.70161744389698
 21
-16.45967651122061
 31
0.0
  0
LINE
  5
12A6
330
1F
100
AcDbEntity
  8
2
  6
CONTINUOUS
370
25
 62
7
100
AcDbLine
 10
50.44752490533805
 20
-17.28950498106762
 30
0.0
 11
51.17128735800708
 21
-16.56574252839859
 31
0.0
  0
LINE
  5
12A7
330
1F
100
AcDbEntity
  8
2
  6
CONTINUOUS
370
25
 62
7
100
AcDbLine
 10
50.09397151474477
 20
-17.21879430294896
 30
0.0
 11
50.64095727211716
 21
-16.67180854557657
 31
0.0
  0
LINE
  5
12A8
330
1F
100
AcDbEntity
  8
2
  6
CONTINUOUS
370
25
 62
7
100
AcDbLine
 10
49.7404181241515
 20
-17.1480836248303
 30
0.0
 11
50.11062718622724
 21
-16.77787456275455
 31
0.0
  0
LINE
  5
12A9
330
1F
100
AcDbEntity
  8
2
  6
CONTINUOUS
370
25
 62
7
100
AcDbLine
 10
49.38686473355823
 20
-17.07737294671165
 30
0.0
 11
49.58029710033734
 21
-16.88394057993253
 31
0.0
  0
LINE
  5
12AA
330
1F
100
AcDbEntity
  8
2
  6
CONTINUOUS
370
25
 62
7
100
AcDbLine
 10
49.03331134296495
 20
-17.00666226859299
 30
0.0
 11
49.04996701444743
 21
-16.99000659711051
 31
0.0
  0
LINE
  5
12AB
330
1F
100
AcDbEntity
  8
2
  6
CONTINUOUS
370
25
 62
7
100
AcDbLine
 10
49.20339101842215
 20
-16.95932179631556
 30
0.0
 11
49.30508652763324
 21
-17.06101730552665
 31
0.0
  0
LINE
  5
12AC
330
1F
100
AcDbEntity
  8
2
  6
CONTINUOUS
370
25
 62
7
100
AcDbLine
 10
49.55694440901543
 20
-16.88861111819692
 30
0.0
 11
49.83541661352314
 21
-17.16708332270463
 31
0.0
  0
LINE
  5
12AD
330
1F
100
AcDbEntity
  8
2
  6
CONTINUOUS
370
25
 62
7
100
AcDbLine
 10
49.91049779960869
 20
-16.81790044007825
 30
0.0
 11
50.36574669941306
 21
-17.27314933988261
 31
0.0
  0
LINE
  5
12AE
330
1F
100
AcDbEntity
  8
2
  6
CONTINUOUS
370
25
 62
7
100
AcDbLine
 10
50.26405119020198
 20
-16.7471897619596
 30
0.0
 11
50.89607678530298
 21
-17.3792153570606
 31
0.0
  0
LINE
  5
12AF
330
1F
100
AcDbEntity
  8
2
  6
CONTINUOUS
370
25
 62
7
100
AcDbLine
 10
50.61760458079525
 20
-16.67647908384094
 30
0.0
 11
51.4264068711929
 21
-17.48528137423858
 31
0.0
  0
LINE
  5
12B0
330
1F
100
AcDbEntity
  8
2
  6
CONTINUOUS
370
25
 62
7
100
AcDbLine
 10
50.97115797138854
 20
-16.60576840572229
 30
0.0
 11
51.9567369570828
 21
-17.59134739141656
 31
0.0
  0
LINE
  5
12B1
330
1F
100
AcDbEntity
  8
2
  6
CONTINUOUS
370
25
 62
7
100
AcDbLine
 10
51.3247113619818
 20
-16.53505772760363
 30
0.0
 11
52.48706704297272
 21
-17.69741340859455
 31
0.0
  0
LINE
  5
12B2
330
1F
100
AcDbEntity
  8
2
  6
CONTINUOUS
370
25
 62
7
100
AcDbLine
 10
51.67826475257508
 20
-16.46434704948498
 30
0.0
 11
53.01739712886263
 21
-17.80347942577253
 31
0.0
  0
LINE
  5
12B3
330
1F
100
AcDbEntity
  8
2
  6
CONTINUOUS
370
25
 62
7
100
AcDbLine
 10
52.03181814316836
 20
-16.39363637136632
 30
0.0
 11
53.54772721475256
 21
-17.90954544295052
 31
0.0
  0
LINE
  5
12B4
330
1F
100
AcDbEntity
  8
2
  6
CONTINUOUS
370
25
 62
7
100
AcDbLine
 10
52.38537153376164
 20
-16.32292569324767
 30
0.0
 11
54.0
 21
-17.93755415948603
 31
0.0
  0
LINE
  5
12B5
330
1F
100
AcDbEntity
  8
2
  6
CONTINUOUS
370
25
 62
7
100
AcDbLine
 10
52.7389249243549
 20
-16.25221501512901
 30
0.0
 11
54.0
 21
-17.51329009077411
 31
0.0
  0
LINE
  5
12B6
330
1F
100
AcDbEntity
  8
2
  6
CONTINUOUS
370
25
 62
7
100
AcDbLine
 10
53.09247831494818
 20
-16.18150433701035
 30
0.0
 11
54.0
 21
-17.08902602206217
 31
0.0
  0
LINE
  5
12B7
330
1F
100
AcDbEntity
  8
2
  6
CONTINUOUS
370
25
 62
7
100
AcDbLine
 10
53.44603170554146
 20
-16.1107936588917
 30
0.0
 11
54.0
 21
-16.66476195335024
 31
0.0
  0
LINE
  5
12B8
330
1F
100
AcDbEntity
  8
2
  6
CONTINUOUS
370
25
 62
7
100
AcDbLine
 10
53.79958509613474
 20
-16.04008298077305
 30
0.0
 11
54.0
 21
-16.24049788463831
 31
0.0
  0
TEXT
  5
12B9
330
1F
100
AcDbEntity
  8
2
  6
CONTINUOUS
370
25
 62
7
100
AcDbText
 10
39.16666666666666
 20
-15.5
 30
0.0
 40
3.5
  1
15
 72
     1
 11
41.5
 21
-15.5
 31
0.0
100
AcDbText
  0
LINE
  5
12BA
330
1F
100
AcDbEntity
  8
2
  6
CONTINUOUS
370
25
 62
7
100
AcDbLine
 10
10.0
 20
-0.9000000000000004
 30
0.0
 11
9.999999999999998
 21
-38.0
 31
0.0
  0
LINE
  5
12BB
330
1F
100
AcDbEntity
  8
2
  6
CONTINUOUS
370
25
 62
7
100
AcDbLine
 10
49.0
 20
-38.0
 30
0.0
 11
49.0
 21
-0.8999999999999986
 31
0.0
  0
LINE
  5
12BC
330
1F
100
AcDbEntity
  8
2
  6
CONTINUOUS
370
25
 62
7
100
AcDbLine
 10
9.999999999999998
 20
-37.0
 30
0.0
 11
49.0
 21
-37.0
 31
0.0
  0
LINE
  5
12BD
330
1F
100
AcDbEntity
  8
2
  6
CONTINUOUS
370
25
 62
7
100
AcDbLine
 10
9.999999999999998
 20
-37.0
 30
0.0
 11
15.0
 21
-36.0
 31
0.0
  0
LINE
  5
12BE
330
1F
100
AcDbEntity
  8
2
  6
CONTINUOUS
370
25
 62
7
100
AcDbLine
 10
15.0
 20
-36.0
 30
0.0
 11
15.0
 21
-38.0
 31
0.0
  0
LINE
  5
12BF
330
1F
100
AcDbEntity
  8
2
  6
CONTINUOUS
370
25
 62
7
100
AcDbLine
 10
15.0
 20
-38.0
 30
0.0
 11
9.999999999999998
 21
-37.0
 31
0.0
  0
LINE
  5
12C0
330
1F
100
AcDbEntity
  8
2
  6
CONTINUOUS
370
25
 62
7
100
AcDbLine
 10
14.70607466404154
 20
-37.94121493280831
 30
0.0
 11
15.0
 21
-37.64728959684984
 31
0.0
  0
LINE
  5
12C1
330
1F
100
AcDbEntity
  8
2
  6
CONTINUOUS
370
25
 62
7
100
AcDbLine
 10
14.35252127344826
 20
-37.87050425468966
 30
0.0
 11
15.0
 21
-37.22302552813792
 31
0.0
  0
LINE
  5
12C2
330
1F
100
AcDbEntity
  8
2
  6
CONTINUOUS
370
25
 62
7
100
AcDbLine
 10
13.99896788285498
 20
-37.799793576571
 30
0.0
 11
15.0
 21
-36.79876145942598
 31
0.0
  0
LINE
  5
12C3
330
1F
100
AcDbEntity
  8
2
  6
CONTINUOUS
370
25
 62
7
100
AcDbLine
 10
13.6454144922617
 20
-37.72908289845234
 30
0.0
 11
15.0
 21
-36.37449739071405
 31
0.0
  0
LINE
  5
12C4
330
1F
100
AcDbEntity
  8
2
  6
CONTINUOUS
370
25
 62
7
100
AcDbLine
 10
13.29186110166843
 20
-37.65837222033369
 30
0.0
 11
14.93779165250265
 21
-36.01244166949947
 31
0.0
  0
LINE
  5
12C5
330
1F
100
AcDbEntity
  8
2
  6
CONTINUOUS
370
25
 62
7
100
AcDbLine
 10
12.93830771107516
 20
-37.58766154221503
 30
0.0
 11
14.40746156661274
 21
-36.11850768667745
 31
0.0
  0
LINE
  5
12C6
330
1F
100
AcDbEntity
  8
2
  6
CONTINUOUS
370
25
 62
7
100
AcDbLine
 10
12.58475432048188
 20
-37.51695086409637
 30
0.0
 11
13.87713148072282
 21
-36.22457370385543
 31
0.0
  0
LINE
  5
12C7
330
1F
100
AcDbEntity
  8
2
  6
CONTINUOUS
370
25
 62
7
100
AcDbLine
 10
12.2312009298886
 20
-37.44624018597772
 30
0.0
 11
13.34680139483291
 21
-36.33063972103342
 31
0.0
  0
LINE
  5
12C8
330
1F
100
AcDbEntity
  8
2
  6
CONTINUOUS
370
25
 62
7
100
AcDbLine
 10
11.87764753929533
 20
-37.37552950785906
 30
0.0
 11
12.81647130894299
 21
-36.4367057382114
 31
0.0
  0
LINE
  5
12C9
330
1F
100
AcDbEntity
  8
2
  6
CONTINUOUS
370
25
 62
7
100
AcDbLine
 10
11.52409414870205
 20
-37.30481882974041
 30
0.0
 11
12.28614122305308
 21
-36.54277175538938
 31
0.0
  0
LINE
  5
12CA
330
1F
100
AcDbEntity
  8
2
  6
CONTINUOUS
370
25
 62
7
100
AcDbLine
 10
11.17054075810878
 20
-37.23410815162175
 30
0.0
 11
11.75581113716317
 21
-36.64883777256736
 31
0.0
  0
LINE
  5
12CB
330
1F
100
AcDbEntity
  8
2
  6
CONTINUOUS
370
25
 62
7
100
AcDbLine
 10
10.8169873675155
 20
-37.1633974735031
 30
0.0
 11
11.22548105127325
 21
-36.75490378974535
 31
0.0
  0
LINE
  5
12CC
330
1F
100
AcDbEntity
  8
2
  6
CONTINUOUS
370
25
 62
7
100
AcDbLine
 10
10.46343397692223
 20
-37.09268679538445
 30
0.0
 11
10.69515096538334
 21
-36.86096980692334
 31
0.0
  0
LINE
  5
12CD
330
1F
100
AcDbEntity
  8
2
  6
CONTINUOUS
370
25
 62
7
100
AcDbLine
 10
10.10988058632895
 20
-37.02197611726579
 30
0.0
 11
10.16482087949343
 21
-36.96703582410132
 31
0.0
  0
LINE
  5
12CE
330
1F
100
AcDbEntity
  8
2
  6
CONTINUOUS
370
25
 62
7
100
AcDbLine
 10
10.14138207214183
 20
-36.97172358557164
 30
0.0
 11
10.21207310821275
 21
-37.04241462164255
 31
0.0
  0
LINE
  5
12CF
330
1F
100
AcDbEntity
  8
2
  6
CONTINUOUS
370
25
 62
7
100
AcDbLine
 10
10.49493546273511
 20
-36.90101290745298
 30
0.0
 11
10.74240319410266
 21
-37.14848063882053
 31
0.0
  0
LINE
  5
12D0
330
1F
100
AcDbEntity
  8
2
  6
CONTINUOUS
370
25
 62
7
100
AcDbLine
 10
10.84848885332838
 20
-36.83030222933432
 30
0.0
 11
11.27273327999258
 21
-37.25454665599851
 31
0.0
  0
LINE
  5
12D1
330
1F
100
AcDbEntity
  8
2
  6
CONTINUOUS
370
25
 62
7
100
AcDbLine
 10
11.20204224392166
 20
-36.75959155121566
 30
0.0
 11
11.80306336588249
 21
-37.3606126731765
 31
0.0
  0
LINE
  5
12D2
330
1F
100
AcDbEntity
  8
2
  6
CONTINUOUS
370
25
 62
7
100
AcDbLine
 10
11.55559563451494
 20
-36.68888087309701
 30
0.0
 11
12.33339345177241
 21
-37.46667869035448
 31
0.0
  0
LINE
  5
12D3
330
1F
100
AcDbEntity
  8
2
  6
CONTINUOUS
370
25
 62
7
100
AcDbLine
 10
11.90914902510821
 20
-36.61817019497836
 30
0.0
 11
12.86372353766232
 21
-37.57274470753246
 31
0.0
  0
LINE
  5
12D4
330
1F
100
AcDbEntity
  8
2
  6
CONTINUOUS
370
25
 62
7
100
AcDbLine
 10
12.26270241570149
 20
-36.5474595168597
 30
0.0
 11
13.39405362355224
 21
-37.67881072471044
 31
0.0
  0
LINE
  5
12D5
330
1F
100
AcDbEntity
  8
2
  6
CONTINUOUS
370
25
 62
7
100
AcDbLine
 10
12.61625580629476
 20
-36.47674883874105
 30
0.0
 11
13.92438370944215
 21
-37.78487674188843
 31
0.0
  0
LINE
  5
12D6
330
1F
100
AcDbEntity
  8
2
  6
CONTINUOUS
370
25
 62
7
100
AcDbLine
 10
12.96980919688804
 20
-36.40603816062239
 30
0.0
 11
14.45471379533207
 21
-37.89094275906641
 31
0.0
  0
LINE
  5
12D7
330
1F
100
AcDbEntity
  8
2
  6
CONTINUOUS
370
25
 62
7
100
AcDbLine
 10
13.32336258748131
 20
-36.33532748250374
 30
0.0
 11
14.98504388122198
 21
-37.9970087762444
 31
0.0
  0
LINE
  5
12D8
330
1F
100
AcDbEntity
  8
2
  6
CONTINUOUS
370
25
 62
7
100
AcDbLine
 10
13.67691597807459
 20
-36.26461680438508
 30
0.0
 11
15.0
 21
-37.58770082631049
 31
0.0
  0
LINE
  5
12D9
330
1F
100
AcDbEntity
  8
2
  6
CONTINUOUS
370
25
 62
7
100
AcDbLine
 10
14.03046936866786
 20
-36.19390612626643
 30
0.0
 11
15.0
 21
-37.16343675759856
 31
0.0
  0
LINE
  5
12DA
330
1F
100
AcDbEntity
  8
2
  6
CONTINUOUS
370
25
 62
7
100
AcDbLine
 10
14.38402275926114
 20
-36.12319544814777
 30
0.0
 11
15.0
 21
-36.73917268888663
 31
0.0
  0
LINE
  5
12DB
330
1F
100
AcDbEntity
  8
2
  6
CONTINUOUS
370
25
 62
7
100
AcDbLine
 10
14.73757614985442
 20
-36.05248477002912
 30
0.0
 11
15.0
 21
-36.3149086201747
 31
0.0
  0
LINE
  5
12DC
330
1F
100
AcDbEntity
  8
2
  6
CONTINUOUS
370
25
 62
7
100
AcDbLine
 10
49.0
 20
-37.0
 30
0.0
 11
44.0
 21
-38.0
 31
0.0
  0
LINE
  5
12DD
330
1F
100
AcDbEntity
  8
2
  6
CONTINUOUS
370
25
 62
7
100
AcDbLine
 10
44.0
 20
-38.0
 30
0.0
 11
44.0
 21
-36.0
 31
0.0
  0
LINE
  5
12DE
330
1F
100
AcDbEntity
  8
2
  6
CONTINUOUS
370
25
 62
7
100
AcDbLine
 10
44.0
 20
-36.0
 30
0.0
 11
49.0
 21
-37.0
 31
0.0
  0
LINE
  5
12DF
330
1F
100
AcDbEntity
  8
2
  6
CONTINUOUS
370
25
 62
7
100
AcDbLine
 10
48.82204495308956
 20
-37.03559100938209
 30
0.0
 11
48.8813633020597
 21
-36.97627266041194
 31
0.0
  0
LINE
  5
12E0
330
1F
100
AcDbEntity
  8
2
  6
CONTINUOUS
370
25
 62
7
100
AcDbLine
 10
48.29171486719964
 20
-37.14165702656007
 30
0.0
 11
48.52780991146643
 21
-36.90556198229329
 31
0.0
  0
LINE
  5
12E1
330
1F
100
AcDbEntity
  8
2
  6
CONTINUOUS
370
25
 62
7
100
AcDbLine
 10
47.76138478130972
 20
-37.24772304373806
 30
0.0
 11
48.17425652087315
 21
-36.83485130417463
 31
0.0
  0
LINE
  5
12E2
330
1F
100
AcDbEntity
  8
2
  6
CONTINUOUS
370
25
 62
7
100
AcDbLine
 10
47.23105469541981
 20
-37.35378906091604
 30
0.0
 11
47.82070313027987
 21
-36.76414062605598
 31
0.0
  0
LINE
  5
12E3
330
1F
100
AcDbEntity
  8
2
  6
CONTINUOUS
370
25
 62
7
100
AcDbLine
 10
46.70072460952989
 20
-37.45985507809402
 30
0.0
 11
47.46714973968659
 21
-36.69342994793732
 31
0.0
  0
LINE
  5
12E4
330
1F
100
AcDbEntity
  8
2
  6
CONTINUOUS
370
25
 62
7
100
AcDbLine
 10
46.17039452363997
 20
-37.565921095272
 30
0.0
 11
47.11359634909331
 21
-36.62271926981866
 31
0.0
  0
LINE
  5
12E5
330
1F
100
AcDbEntity
  8
2
  6
CONTINUOUS
370
25
 62
7
100
AcDbLine
 10
45.64006443775005
 20
-37.67198711244999
 30
0.0
 11
46.76004295850003
 21
-36.55200859170001
 31
0.0
  0
LINE
  5
12E6
330
1F
100
AcDbEntity
  8
2
  6
CONTINUOUS
370
25
 62
7
100
AcDbLine
 10
45.10973435186013
 20
-37.77805312962797
 30
0.0
 11
46.40648956790675
 21
-36.48129791358135
 31
0.0
  0
LINE
  5
12E7
330
1F
100
AcDbEntity
  8
2
  6
CONTINUOUS
370
25
 62
7
100
AcDbLine
 10
44.57940426597022
 20
-37.88411914680595
 30
0.0
 11
46.05293617731347
 21
-36.4105872354627
 31
0.0
  0
LINE
  5
12E8
330
1F
100
AcDbEntity
  8
2
  6
CONTINUOUS
370
25
 62
7
100
AcDbLine
 10
44.04907418008029
 20
-37.99018516398394
 30
0.0
 11
45.69938278672019
 21
-36.33987655734404
 31
0.0
  0
LINE
  5
12E9
330
1F
100
AcDbEntity
  8
2
  6
CONTINUOUS
370
25
 62
7
100
AcDbLine
 10
44.0
 20
-37.61499527535231
 30
0.0
 11
45.34582939612692
 21
-36.26916587922538
 31
0.0
  0
LINE
  5
12EA
330
1F
100
AcDbEntity
  8
2
  6
CONTINUOUS
370
25
 62
7
100
AcDbLine
 10
44.0
 20
-37.19073120664036
 30
0.0
 11
44.99227600553363
 21
-36.19845520110673
 31
0.0
  0
LINE
  5
12EB
330
1F
100
AcDbEntity
  8
2
  6
CONTINUOUS
370
25
 62
7
100
AcDbLine
 10
44.0
 20
-36.76646713792843
 30
0.0
 11
44.63872261494036
 21
-36.12774452298807
 31
0.0
  0
LINE
  5
12EC
330
1F
100
AcDbEntity
  8
2
  6
CONTINUOUS
370
25
 62
7
100
AcDbLine
 10
44.0
 20
-36.3422030692165
 30
0.0
 11
44.28516922434708
 21
-36.05703384486942
 31
0.0
  0
LINE
  5
12ED
330
1F
100
AcDbEntity
  8
2
  6
CONTINUOUS
370
25
 62
7
100
AcDbLine
 10
44.0
 20
-37.63603896932105
 30
0.0
 11
44.30330085889912
 21
-37.93933982822017
 31
0.0
  0
LINE
  5
12EE
330
1F
100
AcDbEntity
  8
2
  6
CONTINUOUS
370
25
 62
7
100
AcDbLine
 10
44.0
 20
-37.21177490060911
 30
0.0
 11
44.6568542494924
 21
-37.86862915010152
 31
0.0
  0
LINE
  5
12EF
330
1F
100
AcDbEntity
  8
2
  6
CONTINUOUS
370
25
 62
7
100
AcDbLine
 10
44.0
 20
-36.78751083189718
 30
0.0
 11
45.01040764008568
 21
-37.79791847198286
 31
0.0
  0
LINE
  5
12F0
330
1F
100
AcDbEntity
  8
2
  6
CONTINUOUS
370
25
 62
7
100
AcDbLine
 10
44.0
 20
-36.36324676318524
 30
0.0
 11
45.36396103067896
 21
-37.72720779386421
 31
0.0
  0
LINE
  5
12F1
330
1F
100
AcDbEntity
  8
2
  6
CONTINUOUS
370
25
 62
7
100
AcDbLine
 10
44.07627163190836
 20
-36.01525432638167
 30
0.0
 11
45.71751442127224
 21
-37.65649711574555
 31
0.0
  0
LINE
  5
12F2
330
1F
100
AcDbEntity
  8
2
  6
CONTINUOUS
370
25
 62
7
100
AcDbLine
 10
44.60660171779828
 20
-36.12132034355965
 30
0.0
 11
46.07106781186552
 21
-37.58578643762689
 31
0.0
  0
LINE
  5
12F3
330
1F
100
AcDbEntity
  8
2
  6
CONTINUOUS
370
25
 62
7
100
AcDbLine
 10
45.1369318036882
 20
-36.22738636073764
 30
0.0
 11
46.4246212024588
 21
-37.51507575950824
 31
0.0
  0
LINE
  5
12F4
330
1F
100
AcDbEntity
  8
2
  6
CONTINUOUS
370
25
 62
7
100
AcDbLine
 10
45.66726188957812
 20
-36.33345237791563
 30
0.0
 11
46.77817459305208
 21
-37.44436508138958
 31
0.0
  0
LINE
  5
12F5
330
1F
100
AcDbEntity
  8
2
  6
CONTINUOUS
370
25
 62
7
100
AcDbLine
 10
46.19759197546804
 20
-36.43951839509361
 30
0.0
 11
47.13172798364536
 21
-37.37365440327093
 31
0.0
  0
LINE
  5
12F6
330
1F
100
AcDbEntity
  8
2
  6
CONTINUOUS
370
25
 62
7
100
AcDbLine
 10
46.72792206135796
 20
-36.54558441227159
 30
0.0
 11
47.48528137423864
 21
-37.30294372515228
 31
0.0
  0
LINE
  5
12F7
330
1F
100
AcDbEntity
  8
2
  6
CONTINUOUS
370
25
 62
7
100
AcDbLine
 10
47.25825214724787
 20
-36.65165042944957
 30
0.0
 11
47.83883476483192
 21
-37.23223304703362
 31
0.0
  0
LINE
  5
12F8
330
1F
100
AcDbEntity
  8
2
  6
CONTINUOUS
370
25
 62
7
100
AcDbLine
 10
47.7885822331378
 20
-36.75771644662756
 30
0.0
 11
48.19238815542518
 21
-37.16152236891495
 31
0.0
  0
LINE
  5
12F9
330
1F
100
AcDbEntity
  8
2
  6
CONTINUOUS
370
25
 62
7
100
AcDbLine
 10
48.3189123190277
 20
-36.86378246380553
 30
0.0
 11
48.54594154601848
 21
-37.09081169079631
 31
0.0
  0
LINE
  5
12FA
330
1F
100
AcDbEntity
  8
2
  6
CONTINUOUS
370
25
 62
7
100
AcDbLine
 10
48.84924240491763
 20
-36.96984848098353
 30
0.0
 11
48.89949493661175
 21
-37.02010101267765
 31
0.0
  0
TEXT
  5
12FB
330
1F
100
AcDbEntity
  8
2
  6
CONTINUOUS
370
25
 62
7
100
AcDbText
 10
26.58333333333333
 20
-35.5
 30
0.0
 40
3.5
  1
39
 72
     1
 11
29.5
 21
-35.5
 31
0.0
100
AcDbText
  0
LINE
  5
12FC
330
1F
100
AcDbEntity
  8
SK2
  6
CONTINUOUS
370
25
 62
7
100
AcDbLine
 10
-51.0
 20
4.1
 30
0.0
 11
-51.0
 21
38.0
 31
0.0
  0
LINE
  5
12FD
330
1F
100
AcDbEntity
  8
SK2
  6
CONTINUOUS
370
25
 62
7
100
AcDbLine
 10
49.0
 20
38.0
 30
0.0
 11
49.0
 21
5.0
 31
0.0
  0
LINE
  5
12FE
330
1F
100
AcDbEntity
  8
SK2
  6
CONTINUOUS
370
25
 62
7
100
AcDbLine
 10
-51.0
 20
37.0
 30
0.0
 11
49.0
 21
37.0
 31
0.0
  0
LINE
  5
12FF
330
1F
100
AcDbEntity
  8
SK2
  6
CONTINUOUS
370
25
 62
7
100
AcDbLine
 10
-51.0
 20
37.0
 30
0.0
 11
-46.0
 21
38.0
 31
0.0
  0
LINE
  5
1300
330
1F
100
AcDbEntity
  8
SK2
  6
CONTINUOUS
370
25
 62
7
100
AcDbLine
 10
-46.0
 20
38.0
 30
0.0
 11
-46.0
 21
36.0
 31
0.0
  0
LINE
  5
1301
330
1F
100
AcDbEntity
  8
SK2
  6
CONTINUOUS
370
25
 62
7
100
AcDbLine
 10
-46.0
 20
36.0
 30
0.0
 11
-51.0
 21
37.0
 31
0.0
  0
LINE
  5
1302
330
1F
100
AcDbEntity
  8
SK2
  6
CONTINUOUS
370
25
 62
7
100
AcDbLine
 10
-46.2560244417618
 20
36.05120488835235
 30
0.0
 11
-46.0
 21
36.30722933011415
 31
0.0
  0
LINE
  5
1303
330
1F
100
AcDbEntity
  8
SK2
  6
CONTINUOUS
370
25
 62
7
100
AcDbLine
 10
-46.60957783235508
 20
36.12191556647101
 30
0.0
 11
-46.0
 21
36.73149339882609
 31
0.0
  0
LINE
  5
1304
330
1F
100
AcDbEntity
  8
SK2
  6
CONTINUOUS
370
25
 62
7
100
AcDbLine
 10
-46.96313122294835
 20
36.19262624458967
 30
0.0
 11
-46.0
 21
37.15575746753802
 31
0.0
  0
LINE
  5
1305
330
1F
100
AcDbEntity
  8
SK2
  6
CONTINUOUS
370
25
 62
7
100
AcDbLine
 10
-47.31668461354163
 20
36.26333692270832
 30
0.0
 11
-46.0
 21
37.58002153624996
 31
0.0
  0
LINE
  5
1306
330
1F
100
AcDbEntity
  8
SK2
  6
CONTINUOUS
370
25
 62
7
100
AcDbLine
 10
-47.6702380041349
 20
36.33404760082698
 30
0.0
 11
-46.00535700620235
 21
37.99892859875953
 31
0.0
  0
LINE
  5
1307
330
1F
100
AcDbEntity
  8
SK2
  6
CONTINUOUS
370
25
 62
7
100
AcDbLine
 10
-48.02379139472818
 20
36.40475827894563
 30
0.0
 11
-46.53568709209226
 21
37.89286258158155
 31
0.0
  0
LINE
  5
1308
330
1F
100
AcDbEntity
  8
SK2
  6
CONTINUOUS
370
25
 62
7
100
AcDbLine
 10
-48.37734478532147
 20
36.47546895706429
 30
0.0
 11
-47.06601717798219
 21
37.78679656440357
 31
0.0
  0
LINE
  5
1309
330
1F
100
AcDbEntity
  8
SK2
  6
CONTINUOUS
370
25
 62
7
100
AcDbLine
 10
-48.73089817591473
 20
36.54617963518294
 30
0.0
 11
-47.59634726387209
 21
37.68073054722559
 31
0.0
  0
LINE
  5
130A
330
1F
100
AcDbEntity
  8
SK2
  6
CONTINUOUS
370
25
 62
7
100
AcDbLine
 10
-49.08445156650802
 20
36.6168903133016
 30
0.0
 11
-48.12667734976203
 21
37.5746645300476
 31
0.0
  0
LINE
  5
130B
330
1F
100
AcDbEntity
  8
SK2
  6
CONTINUOUS
370
25
 62
7
100
AcDbLine
 10
-49.43800495710129
 20
36.68760099142025
 30
0.0
 11
-48.65700743565193
 21
37.46859851286962
 31
0.0
  0
LINE
  5
130C
330
1F
100
AcDbEntity
  8
SK2
  6
CONTINUOUS
370
25
 62
7
100
AcDbLine
 10
-49.79155834769458
 20
36.75831166953891
 30
0.0
 11
-49.18733752154186
 21
37.36253249569163
 31
0.0
  0
LINE
  5
130D
330
1F
100
AcDbEntity
  8
SK2
  6
CONTINUOUS
370
25
 62
7
100
AcDbLine
 10
-50.14511173828786
 20
36.82902234765756
 30
0.0
 11
-49.71766760743177
 21
37.25646647851365
 31
0.0
  0
LINE
  5
130E
330
1F
100
AcDbEntity
  8
SK2
  6
CONTINUOUS
370
25
 62
7
100
AcDbLine
 10
-50.49866512888114
 20
36.89973302577622
 30
0.0
 11
-50.24799769332169
 21
37.15040046133566
 31
0.0
  0
LINE
  5
130F
330
1F
100
AcDbEntity
  8
SK2
  6
CONTINUOUS
370
25
 62
7
100
AcDbLine
 10
-50.85221851947441
 20
36.97044370389488
 30
0.0
 11
-50.77832777921161
 21
37.04433444415768
 31
0.0
  0
LINE
  5
1310
330
1F
100
AcDbEntity
  8
SK2
  6
CONTINUOUS
370
25
 62
7
100
AcDbLine
 10
-50.98543970291626
 20
37.00291205941676
 30
0.0
 11
-50.97815955437437
 21
36.99563191087487
 31
0.0
  0
LINE
  5
1311
330
1F
100
AcDbEntity
  8
SK2
  6
CONTINUOUS
370
25
 62
7
100
AcDbLine
 10
-50.63188631232298
 20
37.07362273753541
 30
0.0
 11
-50.44782946848446
 21
36.88956589369689
 31
0.0
  0
LINE
  5
1312
330
1F
100
AcDbEntity
  8
SK2
  6
CONTINUOUS
370
25
 62
7
100
AcDbLine
 10
-50.27833292172971
 20
37.14433341565407
 30
0.0
 11
-49.91749938259454
 21
36.7834998765189
 31
0.0
  0
LINE
  5
1313
330
1F
100
AcDbEntity
  8
SK2
  6
CONTINUOUS
370
25
 62
7
100
AcDbLine
 10
-49.92477953113642
 20
37.21504409377272
 30
0.0
 11
-49.38716929670463
 21
36.67743385934092
 31
0.0
  0
LINE
  5
1314
330
1F
100
AcDbEntity
  8
SK2
  6
CONTINUOUS
370
25
 62
7
100
AcDbLine
 10
-49.57122614054315
 20
37.28575477189137
 30
0.0
 11
-48.85683921081471
 21
36.57136784216294
 31
0.0
  0
LINE
  5
1315
330
1F
100
AcDbEntity
  8
SK2
  6
CONTINUOUS
370
25
 62
7
100
AcDbLine
 10
-49.21767274994987
 20
37.35646545001003
 30
0.0
 11
-48.3265091249248
 21
36.46530182498496
 31
0.0
  0
LINE
  5
1316
330
1F
100
AcDbEntity
  8
SK2
  6
CONTINUOUS
370
25
 62
7
100
AcDbLine
 10
-48.86411935935659
 20
37.42717612812869
 30
0.0
 11
-47.79617903903488
 21
36.35923580780697
 31
0.0
  0
LINE
  5
1317
330
1F
100
AcDbEntity
  8
SK2
  6
CONTINUOUS
370
25
 62
7
100
AcDbLine
 10
-48.51056596876332
 20
37.49788680624734
 30
0.0
 11
-47.26584895314496
 21
36.25316979062899
 31
0.0
  0
LINE
  5
1318
330
1F
100
AcDbEntity
  8
SK2
  6
CONTINUOUS
370
25
 62
7
100
AcDbLine
 10
-48.15701257817003
 20
37.568597484366
 30
0.0
 11
-46.73551886725504
 21
36.14710377345101
 31
0.0
  0
LINE
  5
1319
330
1F
100
AcDbEntity
  8
SK2
  6
CONTINUOUS
370
25
 62
7
100
AcDbLine
 10
-47.80345918757675
 20
37.63930816248465
 30
0.0
 11
-46.20518878136512
 21
36.04103775627301
 31
0.0
  0
LINE
  5
131A
330
1F
100
AcDbEntity
  8
SK2
  6
CONTINUOUS
370
25
 62
7
100
AcDbLine
 10
-47.44990579698347
 20
37.71001884060331
 30
0.0
 11
-46.0
 21
36.26011304361983
 31
0.0
  0
LINE
  5
131B
330
1F
100
AcDbEntity
  8
SK2
  6
CONTINUOUS
370
25
 62
7
100
AcDbLine
 10
-47.0963524063902
 20
37.78072951872197
 30
0.0
 11
-46.0
 21
36.68437711233177
 31
0.0
  0
LINE
  5
131C
330
1F
100
AcDbEntity
  8
SK2
  6
CONTINUOUS
370
25
 62
7
100
AcDbLine
 10
-46.74279901579692
 20
37.85144019684063
 30
0.0
 11
-46.0
 21
37.1086411810437
 31
0.0
  0
LINE
  5
131D
330
1F
100
AcDbEntity
  8
SK2
  6
CONTINUOUS
370
25
 62
7
100
AcDbLine
 10
-46.38924562520364
 20
37.92215087495927
 30
0.0
 11
-46.0
 21
37.53290524975564
 31
0.0
  0
LINE
  5
131E
330
1F
100
AcDbEntity
  8
SK2
  6
CONTINUOUS
370
25
 62
7
100
AcDbLine
 10
-46.03569223461036
 20
37.99286155307793
 30
0.0
 11
-46.0
 21
37.95716931846757
 31
0.0
  0
LINE
  5
131F
330
1F
100
AcDbEntity
  8
SK2
  6
CONTINUOUS
370
25
 62
7
100
AcDbLine
 10
49.0
 20
37.0
 30
0.0
 11
44.0
 21
36.0
 31
0.0
  0
LINE
  5
1320
330
1F
100
AcDbEntity
  8
SK2
  6
CONTINUOUS
370
25
 62
7
100
AcDbLine
 10
44.0
 20
36.0
 30
0.0
 11
44.0
 21
38.0
 31
0.0
  0
LINE
  5
1321
330
1F
100
AcDbEntity
  8
SK2
  6
CONTINUOUS
370
25
 62
7
100
AcDbLine
 10
44.0
 20
38.0
 30
0.0
 11
49.0
 21
37.0
 31
0.0
  0
LINE
  5
1322
330
1F
100
AcDbEntity
  8
SK2
  6
CONTINUOUS
370
25
 62
7
100
AcDbLine
 10
48.59947989793403
 20
36.91989597958681
 30
0.0
 11
48.73298659862268
 21
37.05340268027545
 31
0.0
  0
LINE
  5
1323
330
1F
100
AcDbEntity
  8
SK2
  6
CONTINUOUS
370
25
 62
7
100
AcDbLine
 10
48.06914981204412
 20
36.81382996240882
 30
0.0
 11
48.37943320802941
 21
37.12411335839412
 31
0.0
  0
LINE
  5
1324
330
1F
100
AcDbEntity
  8
SK2
  6
CONTINUOUS
370
25
 62
7
100
AcDbLine
 10
47.5388197261542
 20
36.70776394523084
 30
0.0
 11
48.02587981743613
 21
37.19482403651277
 31
0.0
  0
LINE
  5
1325
330
1F
100
AcDbEntity
  8
SK2
  6
CONTINUOUS
370
25
 62
7
100
AcDbLine
 10
47.00848964026428
 20
36.60169792805285
 30
0.0
 11
47.67232642684286
 21
37.26553471463143
 31
0.0
  0
LINE
  5
1326
330
1F
100
AcDbEntity
  8
SK2
  6
CONTINUOUS
370
25
 62
7
100
AcDbLine
 10
46.47815955437436
 20
36.49563191087487
 30
0.0
 11
47.31877303624957
 21
37.33624539275009
 31
0.0
  0
LINE
  5
1327
330
1F
100
AcDbEntity
  8
SK2
  6
CONTINUOUS
370
25
 62
7
100
AcDbLine
 10
45.94782946848445
 20
36.38956589369689
 30
0.0
 11
46.9652196456563
 21
37.40695607086874
 31
0.0
  0
LINE
  5
1328
330
1F
100
AcDbEntity
  8
SK2
  6
CONTINUOUS
370
25
 62
7
100
AcDbLine
 10
45.41749938259454
 20
36.28349987651891
 30
0.0
 11
46.61166625506302
 21
37.4776667489874
 31
0.0
  0
LINE
  5
1329
330
1F
100
AcDbEntity
  8
SK2
  6
CONTINUOUS
370
25
 62
7
100
AcDbLine
 10
44.88716929670462
 20
36.17743385934093
 30
0.0
 11
46.25811286446974
 21
37.54837742710605
 31
0.0
  0
LINE
  5
132A
330
1F
100
AcDbEntity
  8
SK2
  6
CONTINUOUS
370
25
 62
7
100
AcDbLine
 10
44.3568392108147
 20
36.07136784216294
 30
0.0
 11
45.90455947387646
 21
37.61908810522471
 31
0.0
  0
LINE
  5
132B
330
1F
100
AcDbEntity
  8
SK2
  6
CONTINUOUS
370
25
 62
7
100
AcDbLine
 10
44.0
 20
36.13879270006017
 30
0.0
 11
45.55100608328318
 21
37.68979878334336
 31
0.0
  0
LINE
  5
132C
330
1F
100
AcDbEntity
  8
SK2
  6
CONTINUOUS
370
25
 62
7
100
AcDbLine
 10
44.0
 20
36.56305676877211
 30
0.0
 11
45.19745269268991
 21
37.76050946146202
 31
0.0
  0
LINE
  5
132D
330
1F
100
AcDbEntity
  8
SK2
  6
CONTINUOUS
370
25
 62
7
100
AcDbLine
 10
44.0
 20
36.98732083748404
 30
0.0
 11
44.84389930209663
 21
37.83122013958068
 31
0.0
  0
LINE
  5
132E
330
1F
100
AcDbEntity
  8
SK2
  6
CONTINUOUS
370
25
 62
7
100
AcDbLine
 10
44.0
 20
37.41158490619598
 30
0.0
 11
44.49034591150335
 21
37.90193081769932
 31
0.0
  0
LINE
  5
132F
330
1F
100
AcDbEntity
  8
SK2
  6
CONTINUOUS
370
25
 62
7
100
AcDbLine
 10
44.0
 20
37.83584897490791
 30
0.0
 11
44.13679252091007
 21
37.97264149581798
 31
0.0
  0
LINE
  5
1330
330
1F
100
AcDbEntity
  8
SK2
  6
CONTINUOUS
370
25
 62
7
100
AcDbLine
 10
44.0
 20
36.18590898655452
 30
0.0
 11
44.1549241554621
 21
36.03098483109242
 31
0.0
  0
LINE
  5
1331
330
1F
100
AcDbEntity
  8
SK2
  6
CONTINUOUS
370
25
 62
7
100
AcDbLine
 10
44.0
 20
36.61017305526645
 30
0.0
 11
44.50847754605537
 21
36.10169550921108
 31
0.0
  0
LINE
  5
1332
330
1F
100
AcDbEntity
  8
SK2
  6
CONTINUOUS
370
25
 62
7
100
AcDbLine
 10
44.0
 20
37.03443712397839
 30
0.0
 11
44.86203093664866
 21
36.17240618732973
 31
0.0
  0
LINE
  5
1333
330
1F
100
AcDbEntity
  8
SK2
  6
CONTINUOUS
370
25
 62
7
100
AcDbLine
 10
44.0
 20
37.45870119269032
 30
0.0
 11
45.21558432724193
 21
36.24311686544839
 31
0.0
  0
LINE
  5
1334
330
1F
100
AcDbEntity
  8
SK2
  6
CONTINUOUS
370
25
 62
7
100
AcDbLine
 10
44.0
 20
37.88296526140225
 30
0.0
 11
45.5691377178352
 21
36.31382754356704
 31
0.0
  0
LINE
  5
1335
330
1F
100
AcDbEntity
  8
SK2
  6
CONTINUOUS
370
25
 62
7
100
AcDbLine
 10
44.38403666264273
 20
37.92319266747145
 30
0.0
 11
45.92269110842848
 21
36.38453822168569
 31
0.0
  0
LINE
  5
1336
330
1F
100
AcDbEntity
  8
SK2
  6
CONTINUOUS
370
25
 62
7
100
AcDbLine
 10
44.91436674853265
 20
37.81712665029347
 30
0.0
 11
46.27624449902176
 21
36.45524889980435
 31
0.0
  0
LINE
  5
1337
330
1F
100
AcDbEntity
  8
SK2
  6
CONTINUOUS
370
25
 62
7
100
AcDbLine
 10
45.44469683442257
 20
37.71106063311549
 30
0.0
 11
46.62979788961504
 21
36.525959577923
 31
0.0
  0
LINE
  5
1338
330
1F
100
AcDbEntity
  8
SK2
  6
CONTINUOUS
370
25
 62
7
100
AcDbLine
 10
45.97502692031248
 20
37.60499461593751
 30
0.0
 11
46.98335128020832
 21
36.59667025604166
 31
0.0
  0
LINE
  5
1339
330
1F
100
AcDbEntity
  8
SK2
  6
CONTINUOUS
370
25
 62
7
100
AcDbLine
 10
46.5053570062024
 20
37.49892859875952
 30
0.0
 11
47.33690467080159
 21
36.66738093416032
 31
0.0
  0
LINE
  5
133A
330
1F
100
AcDbEntity
  8
SK2
  6
CONTINUOUS
370
25
 62
7
100
AcDbLine
 10
47.03568709209232
 20
37.39286258158153
 30
0.0
 11
47.69045806139487
 21
36.73809161227898
 31
0.0
  0
LINE
  5
133B
330
1F
100
AcDbEntity
  8
SK2
  6
CONTINUOUS
370
25
 62
7
100
AcDbLine
 10
47.56601717798223
 20
37.28679656440355
 30
0.0
 11
48.04401145198815
 21
36.80880229039763
 31
0.0
  0
LINE
  5
133C
330
1F
100
AcDbEntity
  8
SK2
  6
CONTINUOUS
370
25
 62
7
100
AcDbLine
 10
48.09634726387215
 20
37.18073054722557
 30
0.0
 11
48.39756484258143
 21
36.87951296851629
 31
0.0
  0
LINE
  5
133D
330
1F
100
AcDbEntity
  8
SK2
  6
CONTINUOUS
370
25
 62
7
100
AcDbLine
 10
48.62667734976207
 20
37.07466453004758
 30
0.0
 11
48.75111823317471
 21
36.95022364663495
 31
0.0
  0
TEXT
  5
133E
330
1F
100
AcDbEntity
  8
SK2
  6
CONTINUOUS
370
25
 62
7
100
AcDbText
 10
-4.5
 20
38.5
 30
0.0
 40
3.5
  1
100
 72
     1
 11
-1.0
 21
38.5
 31
0.0
100
AcDbText
  0
LINE
  5
133F
330
1F
100
AcDbEntity
  8
4
  6
LONGDASH_DASH
370
25
 62
2
100
AcDbLine
 10
0.0
 20
0.0
 30
0.0
 11
49.0
 21
0.0
 31
0.0
  0
LINE
  5
1340
330
1F
100
AcDbEntity
  8
SK4
  6
LONGDASH_DASH
370
25
 62
2
100
AcDbLine
 10
-57.0
 20
0.0
 30
0.0
 11
55.0
 21
0.0
 31
0.0
  0
LINE
  5
1341
330
1F
100
AcDbEntity
  8
2
  6
CONTINUOUS
370
25
 62
7
100
AcDbLine
 10
0.0
 20
5.0
 30
0.0
 11
0.0000000000000014
 21
28.0
 31
0.0
  0
LINE
  5
1342
330
1F
100
AcDbEntity
  8
2
  6
CONTINUOUS
370
25
 62
7
100
AcDbLine
 10
49.0
 20
28.0
 30
0.0
 11
49.0
 21
4.100000000000001
 31
0.0
  0
LINE
  5
1343
330
1F
100
AcDbEntity
  8
2
  6
CONTINUOUS
370
25
 62
7
100
AcDbLine
 10
0.0
 20
27.0
 30
0.0
 11
49.0
 21
27.0
 31
0.0
  0
LINE
  5
1344
330
1F
100
AcDbEntity
  8
2
  6
CONTINUOUS
370
25
 62
7
100
AcDbLine
 10
0.0
 20
27.0
 30
0.0
 11
5.0
 21
28.0
 31
0.0
  0
LINE
  5
1345
330
1F
100
AcDbEntity
  8
2
  6
CONTINUOUS
370
25
 62
7
100
AcDbLine
 10
5.0
 20
28.0
 30
0.0
 11
5.0
 21
26.0
 31
0.0
  0
LINE
  5
1346
330
1F
100
AcDbEntity
  8
2
  6
CONTINUOUS
370
25
 62
7
100
AcDbLine
 10
5.0
 20
26.0
 30
0.0
 11
0.0
 21
27.0
 31
0.0
  0
LINE
  5
1347
330
1F
100
AcDbEntity
  8
2
  6
CONTINUOUS
370
25
 62
7
100
AcDbLine
 10
4.822330470336345
 20
26.03553390593273
 30
0.0
 11
5.0
 21
26.21320343559638
 31
0.0
  0
LINE
  5
1348
330
1F
100
AcDbEntity
  8
2
  6
CONTINUOUS
370
25
 62
7
100
AcDbLine
 10
4.468777079743072
 20
26.10624458405139
 30
0.0
 11
5.0
 21
26.63746750430831
 31
0.0
  0
LINE
  5
1349
330
1F
100
AcDbEntity
  8
2
  6
CONTINUOUS
370
25
 62
7
100
AcDbLine
 10
4.115223689149799
 20
26.17695526217004
 30
0.0
 11
5.0
 21
27.06173157302024
 31
0.0
  0
LINE
  5
134A
330
1F
100
AcDbEntity
  8
2
  6
CONTINUOUS
370
25
 62
7
100
AcDbLine
 10
3.761670298556526
 20
26.24766594028869
 30
0.0
 11
5.0
 21
27.48599564173217
 31
0.0
  0
LINE
  5
134B
330
1F
100
AcDbEntity
  8
2
  6
CONTINUOUS
370
25
 62
7
100
AcDbLine
 10
3.408116907963253
 20
26.31837661840735
 30
0.0
 11
5.0
 21
27.91025971044409
 31
0.0
  0
LINE
  5
134C
330
1F
100
AcDbEntity
  8
2
  6
CONTINUOUS
370
25
 62
7
100
AcDbLine
 10
3.05456351736998
 20
26.389087296526
 30
0.0
 11
4.581845276054971
 21
27.91636905521099
 31
0.0
  0
LINE
  5
134D
330
1F
100
AcDbEntity
  8
2
  6
CONTINUOUS
370
25
 62
7
100
AcDbLine
 10
2.701010126776707
 20
26.45979797464466
 30
0.0
 11
4.051515190165062
 21
27.81030303803301
 31
0.0
  0
LINE
  5
134E
330
1F
100
AcDbEntity
  8
2
  6
CONTINUOUS
370
25
 62
7
100
AcDbLine
 10
2.347456736183434
 20
26.53050865276331
 30
0.0
 11
3.521185104275152
 21
27.70423702085503
 31
0.0
  0
LINE
  5
134F
330
1F
100
AcDbEntity
  8
2
  6
CONTINUOUS
370
25
 62
7
100
AcDbLine
 10
1.99390334559016
 20
26.60121933088197
 30
0.0
 11
2.990855018385242
 21
27.59817100367705
 31
0.0
  0
LINE
  5
1350
330
1F
100
AcDbEntity
  8
2
  6
CONTINUOUS
370
25
 62
7
100
AcDbLine
 10
1.640349954996884
 20
26.67193000900062
 30
0.0
 11
2.460524932495328
 21
27.49210498649906
 31
0.0
  0
LINE
  5
1351
330
1F
100
AcDbEntity
  8
2
  6
CONTINUOUS
370
25
 62
7
100
AcDbLine
 10
1.286796564403611
 20
26.74264068711928
 30
0.0
 11
1.930194846605416
 21
27.38603896932108
 31
0.0
  0
LINE
  5
1352
330
1F
100
AcDbEntity
  8
2
  6
CONTINUOUS
370
25
 62
7
100
AcDbLine
 10
0.9332431738103372
 20
26.81335136523793
 30
0.0
 11
1.399864760715506
 21
27.2799729521431
 31
0.0
  0
LINE
  5
1353
330
1F
100
AcDbEntity
  8
2
  6
CONTINUOUS
370
25
 62
7
100
AcDbLine
 10
0.579689783217061
 20
26.88406204335659
 30
0.0
 11
0.8695346748255913
 21
27.17390693496512
 31
0.0
  0
LINE
  5
1354
330
1F
100
AcDbEntity
  8
2
  6
CONTINUOUS
370
25
 62
7
100
AcDbLine
 10
0.2261363926237879
 20
26.95477272147524
 30
0.0
 11
0.3392045889356818
 21
27.06784091778714
 31
0.0
  0
LINE
  5
1355
330
1F
100
AcDbEntity
  8
2
  6
CONTINUOUS
370
25
 62
7
100
AcDbLine
 10
0.1274169979694851
 20
27.0254833995939
 30
0.0
 11
0.1911254969542278
 21
26.96177490060915
 31
0.0
  0
LINE
  5
1356
330
1F
100
AcDbEntity
  8
2
  6
CONTINUOUS
370
25
 62
7
100
AcDbLine
 10
0.4809703885627585
 20
27.09619407771255
 30
0.0
 11
0.7214555828441381
 21
26.85570888343117
 31
0.0
  0
LINE
  5
1357
330
1F
100
AcDbEntity
  8
2
  6
CONTINUOUS
370
25
 62
7
100
AcDbLine
 10
0.8345237791560319
 20
27.16690475583121
 30
0.0
 11
1.251785668734049
 21
26.74964286625319
 31
0.0
  0
LINE
  5
1358
330
1F
100
AcDbEntity
  8
2
  6
CONTINUOUS
370
25
 62
7
100
AcDbLine
 10
1.188077169749305
 20
27.23761543394986
 30
0.0
 11
1.782115754623959
 21
26.64357684907521
 31
0.0
  0
LINE
  5
1359
330
1F
100
AcDbEntity
  8
2
  6
CONTINUOUS
370
25
 62
7
100
AcDbLine
 10
1.541630560342579
 20
27.30832611206852
 30
0.0
 11
2.312445840513869
 21
26.53751083189723
 31
0.0
  0
LINE
  5
135A
330
1F
100
AcDbEntity
  8
2
  6
CONTINUOUS
370
25
 62
7
100
AcDbLine
 10
1.895183950935852
 20
27.37903679018717
 30
0.0
 11
2.84277592640378
 21
26.43144481471924
 31
0.0
  0
LINE
  5
135B
330
1F
100
AcDbEntity
  8
2
  6
CONTINUOUS
370
25
 62
7
100
AcDbLine
 10
2.248737341529125
 20
27.44974746830583
 30
0.0
 11
3.37310601229369
 21
26.32537879754126
 31
0.0
  0
LINE
  5
135C
330
1F
100
AcDbEntity
  8
2
  6
CONTINUOUS
370
25
 62
7
100
AcDbLine
 10
2.602290732122399
 20
27.52045814642448
 30
0.0
 11
3.9034360981836
 21
26.21931278036328
 31
0.0
  0
LINE
  5
135D
330
1F
100
AcDbEntity
  8
2
  6
CONTINUOUS
370
25
 62
7
100
AcDbLine
 10
2.955844122715674
 20
27.59116882454314
 30
0.0
 11
4.433766184073512
 21
26.1132467631853
 31
0.0
  0
LINE
  5
135E
330
1F
100
AcDbEntity
  8
2
  6
CONTINUOUS
370
25
 62
7
100
AcDbLine
 10
3.309397513308949
 20
27.66187950266179
 30
0.0
 11
4.964096269963424
 21
26.00718074600731
 31
0.0
  0
LINE
  5
135F
330
1F
100
AcDbEntity
  8
2
  6
CONTINUOUS
370
25
 62
7
100
AcDbLine
 10
3.662950903902224
 20
27.73259018078044
 30
0.0
 11
5.0
 21
26.39554108468267
 31
0.0
  0
LINE
  5
1360
330
1F
100
AcDbEntity
  8
2
  6
CONTINUOUS
370
25
 62
7
100
AcDbLine
 10
4.016504294495499
 20
27.8033008588991
 30
0.0
 11
5.0
 21
26.8198051533946
 31
0.0
  0
LINE
  5
1361
330
1F
100
AcDbEntity
  8
2
  6
CONTINUOUS
370
25
 62
7
100
AcDbLine
 10
4.370057685088773
 20
27.87401153701775
 30
0.0
 11
5.0
 21
27.24406922210653
 31
0.0
  0
LINE
  5
1362
330
1F
100
AcDbEntity
  8
2
  6
CONTINUOUS
370
25
 62
7
100
AcDbLine
 10
4.723611075682051
 20
27.94472221513641
 30
0.0
 11
5.0
 21
27.66833329081846
 31
0.0
  0
LINE
  5
1363
330
1F
100
AcDbEntity
  8
2
  6
CONTINUOUS
370
25
 62
7
100
AcDbLine
 10
49.0
 20
27.0
 30
0.0
 11
44.0
 21
26.0
 31
0.0
  0
LINE
  5
1364
330
1F
100
AcDbEntity
  8
2
  6
CONTINUOUS
370
25
 62
7
100
AcDbLine
 10
44.0
 20
26.0
 30
0.0
 11
44.0
 21
28.0
 31
0.0
  0
LINE
  5
1365
330
1F
100
AcDbEntity
  8
2
  6
CONTINUOUS
370
25
 62
7
100
AcDbLine
 10
44.0
 20
28.0
 30
0.0
 11
49.0
 21
27.0
 31
0.0
  0
LINE
  5
1366
330
1F
100
AcDbEntity
  8
2
  6
CONTINUOUS
370
25
 62
7
100
AcDbLine
 10
48.9018879224661
 20
26.98037758449323
 30
0.0
 11
48.93459194831073
 21
27.01308161033785
 31
0.0
  0
LINE
  5
1367
330
1F
100
AcDbEntity
  8
2
  6
CONTINUOUS
370
25
 62
7
100
AcDbLine
 10
48.37155783657619
 20
26.87431156731524
 30
0.0
 11
48.58103855771745
 21
27.0837922884565
 31
0.0
  0
LINE
  5
1368
330
1F
100
AcDbEntity
  8
2
  6
CONTINUOUS
370
25
 62
7
100
AcDbLine
 10
47.84122775068627
 20
26.76824555013725
 30
0.0
 11
48.22748516712417
 21
27.15450296657516
 31
0.0
  0
LINE
  5
1369
330
1F
100
AcDbEntity
  8
2
  6
CONTINUOUS
370
25
 62
7
100
AcDbLine
 10
47.31089766479636
 20
26.66217953295928
 30
0.0
 11
47.8739317765309
 21
27.22521364469382
 31
0.0
  0
LINE
  5
136A
330
1F
100
AcDbEntity
  8
2
  6
CONTINUOUS
370
25
 62
7
100
AcDbLine
 10
46.78056757890645
 20
26.5561135157813
 30
0.0
 11
47.52037838593762
 21
27.29592432281247
 31
0.0
  0
LINE
  5
136B
330
1F
100
AcDbEntity
  8
2
  6
CONTINUOUS
370
25
 62
7
100
AcDbLine
 10
46.25023749301653
 20
26.45004749860331
 30
0.0
 11
47.16682499534434
 21
27.36663500093112
 31
0.0
  0
LINE
  5
136C
330
1F
100
AcDbEntity
  8
2
  6
CONTINUOUS
370
25
 62
7
100
AcDbLine
 10
45.71990740712661
 20
26.34398148142532
 30
0.0
 11
46.81327160475107
 21
27.43734567904978
 31
0.0
  0
LINE
  5
136D
330
1F
100
AcDbEntity
  8
2
  6
CONTINUOUS
370
25
 62
7
100
AcDbLine
 10
45.1895773212367
 20
26.23791546424734
 30
0.0
 11
46.4597182141578
 21
27.50805635716844
 31
0.0
  0
LINE
  5
136E
330
1F
100
AcDbEntity
  8
2
  6
CONTINUOUS
370
25
 62
7
100
AcDbLine
 10
44.65924723534678
 20
26.13184944706936
 30
0.0
 11
46.10616482356452
 21
27.57876703528709
 31
0.0
  0
LINE
  5
136F
330
1F
100
AcDbEntity
  8
2
  6
CONTINUOUS
370
25
 62
7
100
AcDbLine
 10
44.12891714945687
 20
26.02578342989137
 30
0.0
 11
45.75261143297125
 21
27.64947771340575
 31
0.0
  0
LINE
  5
1370
330
1F
100
AcDbEntity
  8
2
  6
CONTINUOUS
370
25
 62
7
100
AcDbLine
 10
44.0
 20
26.32113034914644
 30
0.0
 11
45.39905804237797
 21
27.7201883915244
 31
0.0
  0
LINE
  5
1371
330
1F
100
AcDbEntity
  8
2
  6
CONTINUOUS
370
25
 62
7
100
AcDbLine
 10
44.0
 20
26.74539441785837
 30
0.0
 11
45.04550465178469
 21
27.79089906964306
 31
0.0
  0
LINE
  5
1372
330
1F
100
AcDbEntity
  8
2
  6
CONTINUOUS
370
25
 62
7
100
AcDbLine
 10
44.0
 20
27.16965848657031
 30
0.0
 11
44.69195126119141
 21
27.86160974776172
 31
0.0
  0
LINE
  5
1373
330
1F
100
AcDbEntity
  8
2
  6
CONTINUOUS
370
25
 62
7
100
AcDbLine
 10
44.0
 20
27.59392255528224
 30
0.0
 11
44.33839787059814
 21
27.93232042588037
 31
0.0
  0
LINE
  5
1374
330
1F
100
AcDbEntity
  8
2
  6
CONTINUOUS
370
25
 62
7
100
AcDbLine
 10
44.0
 20
26.00357133746821
 30
0.0
 11
44.00297611455684
 21
26.00059522291137
 31
0.0
  0
LINE
  5
1375
330
1F
100
AcDbEntity
  8
2
  6
CONTINUOUS
370
25
 62
7
100
AcDbLine
 10
44.0
 20
26.42783540618014
 30
0.0
 11
44.35652950515011
 21
26.07130590103003
 31
0.0
  0
LINE
  5
1376
330
1F
100
AcDbEntity
  8
2
  6
CONTINUOUS
370
25
 62
7
100
AcDbLine
 10
44.0
 20
26.85209947489208
 30
0.0
 11
44.71008289574339
 21
26.14201657914869
 31
0.0
  0
LINE
  5
1377
330
1F
100
AcDbEntity
  8
2
  6
CONTINUOUS
370
25
 62
7
100
AcDbLine
 10
44.0
 20
27.276363543604
 30
0.0
 11
45.06363628633666
 21
26.21272725726734
 31
0.0
  0
LINE
  5
1378
330
1F
100
AcDbEntity
  8
2
  6
CONTINUOUS
370
25
 62
7
100
AcDbLine
 10
44.0
 20
27.70062761231593
 30
0.0
 11
45.41718967692994
 21
26.283437935386
 31
0.0
  0
LINE
  5
1379
330
1F
100
AcDbEntity
  8
2
  6
CONTINUOUS
370
25
 62
7
100
AcDbLine
 10
44.15611460128483
 20
27.96877707974303
 30
0.0
 11
45.77074306752321
 21
26.35414861350465
 31
0.0
  0
LINE
  5
137A
330
1F
100
AcDbEntity
  8
2
  6
CONTINUOUS
370
25
 62
7
100
AcDbLine
 10
44.68644468717474
 20
27.86271106256505
 30
0.0
 11
46.12429645811649
 21
26.4248592916233
 31
0.0
  0
LINE
  5
137B
330
1F
100
AcDbEntity
  8
2
  6
CONTINUOUS
370
25
 62
7
100
AcDbLine
 10
45.21677477306466
 20
27.75664504538706
 30
0.0
 11
46.47784984870977
 21
26.49556996974196
 31
0.0
  0
LINE
  5
137C
330
1F
100
AcDbEntity
  8
2
  6
CONTINUOUS
370
25
 62
7
100
AcDbLine
 10
45.74710485895458
 20
27.65057902820908
 30
0.0
 11
46.83140323930304
 21
26.56628064786062
 31
0.0
  0
LINE
  5
137D
330
1F
100
AcDbEntity
  8
2
  6
CONTINUOUS
370
25
 62
7
100
AcDbLine
 10
46.27743494484448
 20
27.5445130110311
 30
0.0
 11
47.18495662989631
 21
26.63699132597927
 31
0.0
  0
LINE
  5
137E
330
1F
100
AcDbEntity
  8
2
  6
CONTINUOUS
370
25
 62
7
100
AcDbLine
 10
46.8077650307344
 20
27.43844699385311
 30
0.0
 11
47.53851002048959
 21
26.70770200409792
 31
0.0
  0
LINE
  5
137F
330
1F
100
AcDbEntity
  8
2
  6
CONTINUOUS
370
25
 62
7
100
AcDbLine
 10
47.33809511662433
 20
27.33238097667513
 30
0.0
 11
47.89206341108287
 21
26.77841268221658
 31
0.0
  0
LINE
  5
1380
330
1F
100
AcDbEntity
  8
2
  6
CONTINUOUS
370
25
 62
7
100
AcDbLine
 10
47.86842520251424
 20
27.22631495949715
 30
0.0
 11
48.24561680167616
 21
26.84912336033523
 31
0.0
  0
LINE
  5
1381
330
1F
100
AcDbEntity
  8
2
  6
CONTINUOUS
370
25
 62
7
100
AcDbLine
 10
48.39875528840415
 20
27.12024894231917
 30
0.0
 11
48.59917019226943
 21
26.91983403845389
 31
0.0
  0
LINE
  5
1382
330
1F
100
AcDbEntity
  8
2
  6
CONTINUOUS
370
25
 62
7
100
AcDbLine
 10
48.92908537429407
 20
27.01418292514118
 30
0.0
 11
48.95272358286271
 21
26.99054471657254
 31
0.0
  0
TEXT
  5
1383
330
1F
100
AcDbEntity
  8
2
  6
CONTINUOUS
370
25
 62
7
100
AcDbText
 10
21.58333333333333
 20
28.5
 30
0.0
 40
3.5
  1
49
 72
     1
 11
24.5
 21
28.5
 31
0.0
100
AcDbText
  0
LINE
  5
1384
330
1F
100
AcDbEntity
  8
SK1
  6
CONTINUOUS
370
50
 62
4
100
AcDbLine
 10
0.0
 20
0.0
 30
0.0
 11
2.5
 21
0.0
 31
0.0
  0
LINE
  5
1385
330
1F
100
AcDbEntity
  8
SK1
  6
CONTINUOUS
370
50
 62
4
100
AcDbLine
 10
0.0
 20
0.0
 30
0.0
 11
0.0
 21
2.5
 31
0.0
  0
ARC
  5
1386
330
1F
100
AcDbEntity
  8
SK1
  6
CONTINUOUS
370
50
 62
4
100
AcDbCircle
 10
0.0
 20
0.0
 30
0.0
 40
2.5
100
AcDbArc
 50
0.0
 51
90.0
  0
LINE
  5
1387
330
1F
100
AcDbEntity
  8
SK1
  6
CONTINUOUS
370
50
 62
4
100
AcDbLine
 10
0.0
 20
0.0
 30
0.0
 11
-2.5
 21
0.0
 31
0.0
  0
ARC
  5
1388
330
1F
100
AcDbEntity
  8
SK1
  6
CONTINUOUS
370
50
 62
4
100
AcDbCircle
 10
0.0
 20
0.0
 30
0.0
 40
2.5
100
AcDbArc
 50
180.0
 51
270.0
  0
LINE
  5
1389
330
1F
100
AcDbEntity
  8
SK1
  6
CONTINUOUS
370
50
 62
4
100
AcDbLine
 10
0.0
 20
-2.5
 30
0.0
 11
0.0
 21
0.0
 31
0.0
  0
ARC
  5
138A
330
1F
100
AcDbEntity
  8
SK1
  6
CONTINUOUS
370
50
 62
4
100
AcDbCircle
 10
0.0
 20
0.0
 30
0.0
 40
2.5
100
AcDbArc
 50
270.0
 51
0.0
  0
ARC
  5
138B
330
1F
100
AcDbEntity
  8
SK1
  6
CONTINUOUS
370
50
 62
4
100
AcDbCircle
 10
0.0
 20
0.0
 30
0.0
 40
2.5
100
AcDbArc
 50
90.0
 51
180.0
  0
LINE
  5
138C
330
1F
100
AcDbEntity
  8
SK1
  6
CONTINUOUS
370
50
 62
4
100
AcDbLine
 10
-0.31832627443191
 20
-2.479495909600069
 30
0.0
 11
0.0
 21
-2.161169635168159
 31
0.0
  0
LINE
  5
138D
330
1F
100
AcDbEntity
  8
SK1
  6
CONTINUOUS
370
50
 62
4
100
AcDbLine
 10
2.16116963516816
 20
0.0
 30
0.0
 11
2.479495909600069
 21
0.3183262744319091
 31
0.0
  0
LINE
  5
138E
330
1F
100
AcDbEntity
  8
SK1
  6
CONTINUOUS
370
50
 62
4
100
AcDbLine
 10
-0.615281817185723
 20
-2.422898061760609
 30
0.0
 11
0.0
 21
-1.807616244574886
 31
0.0
  0
LINE
  5
138F
330
1F
100
AcDbEntity
  8
SK1
  6
CONTINUOUS
370
50
 62
4
100
AcDbLine
 10
1.807616244574887
 20
0.0
 30
0.0
 11
2.422898061760609
 21
0.6152818171857222
 31
0.0
  0
LINE
  5
1390
330
1F
100
AcDbEntity
  8
SK1
  6
CONTINUOUS
370
50
 62
4
100
AcDbLine
 10
-0.8835965231639721
 20
-2.337659377145585
 30
0.0
 11
0.0
 21
-1.454062853981614
 31
0.0
  0
LINE
  5
1391
330
1F
100
AcDbEntity
  8
SK1
  6
CONTINUOUS
370
50
 62
4
100
AcDbLine
 10
1.454062853981615
 20
0.0
 30
0.0
 11
2.337659377145586
 21
0.8835965231639715
 31
0.0
  0
LINE
  5
1392
330
1F
100
AcDbEntity
  8
SK1
  6
CONTINUOUS
370
50
 62
4
100
AcDbLine
 10
-1.128779664263143
 20
-2.229289127651483
 30
0.0
 11
0.0
 21
-1.100509463388341
 31
0.0
  0
LINE
  5
1393
330
1F
100
AcDbEntity
  8
SK1
  6
CONTINUOUS
370
50
 62
4
100
AcDbLine
 10
1.100509463388341
 20
0.0
 30
0.0
 11
2.229289127651484
 21
1.128779664263142
 31
0.0
  0
LINE
  5
1394
330
1F
100
AcDbEntity
  8
SK1
  6
CONTINUOUS
370
50
 62
4
100
AcDbLine
 10
-1.354032791010379
 20
-2.100988863805446
 30
0.0
 11
0.0
 21
-0.7469560727950677
 31
0.0
  0
LINE
  5
1395
330
1F
100
AcDbEntity
  8
SK1
  6
CONTINUOUS
370
50
 62
4
100
AcDbLine
 10
0.746956072795068
 20
0.0
 30
0.0
 11
2.100988863805446
 21
1.354032791010378
 31
0.0
  0
LINE
  5
1396
330
1F
100
AcDbEntity
  8
SK1
  6
CONTINUOUS
370
50
 62
4
100
AcDbLine
 10
-1.559387394659872
 20
-1.952790076861666
 30
0.0
 11
0.0
 21
-0.3934026822017946
 31
0.0
  0
LINE
  5
1397
330
1F
100
AcDbEntity
  8
SK1
  6
CONTINUOUS
370
50
 62
4
100
AcDbLine
 10
0.3934026822017948
 20
0.0
 30
0.0
 11
1.952790076861667
 21
1.559387394659871
 31
0.0
  0
LINE
  5
1398
330
1F
100
AcDbEntity
  8
SK1
  6
CONTINUOUS
370
50
 62
4
100
AcDbLine
 10
-1.746970020883365
 20
-1.786819312491886
 30
0.0
 11
0.0
 21
-0.0398492916085216
 31
0.0
  0
LINE
  5
1399
330
1F
100
AcDbEntity
  8
SK1
  6
CONTINUOUS
370
50
 62
4
100
AcDbLine
 10
0.0398492916085216
 20
0.0
 30
0.0
 11
1.786819312491887
 21
1.746970020883364
 31
0.0
  0
LINE
  5
139A
330
1F
100
AcDbEntity
  8
SK1
  6
CONTINUOUS
370
50
 62
4
100
AcDbLine
 10
-1.917371878232655
 20
-1.603667779247902
 30
0.0
 11
-0.3137040989847517
 21
0.0
 31
0.0
  0
LINE
  5
139B
330
1F
100
AcDbEntity
  8
SK1
  6
CONTINUOUS
370
50
 62
4
100
AcDbLine
 10
0.0
 20
0.3137040989847515
 30
0.0
 11
1.603667779247903
 21
1.917371878232654
 31
0.0
  0
LINE
  5
139C
330
1F
100
AcDbEntity
  8
SK1
  6
CONTINUOUS
370
50
 62
4
100
AcDbLine
 10
-2.068741231122433
 20
-1.401483741544407
 30
0.0
 11
-0.6672574895780249
 21
0.0
 31
0.0
  0
LINE
  5
139D
330
1F
100
AcDbEntity
  8
SK1
  6
CONTINUOUS
370
50
 62
4
100
AcDbLine
 10
0.0
 20
0.6672574895780246
 30
0.0
 11
1.401483741544409
 21
2.068741231122432
 31
0.0
  0
LINE
  5
139E
330
1F
100
AcDbEntity
  8
SK1
  6
CONTINUOUS
370
50
 62
4
100
AcDbLine
 10
-2.2023876557675
 20
-1.181576775596201
 30
0.0
 11
-1.020810880171298
 21
0.0
 31
0.0
  0
LINE
  5
139F
330
1F
100
AcDbEntity
  8
SK1
  6
CONTINUOUS
370
50
 62
4
100
AcDbLine
 10
0.0
 20
1.020810880171298
 30
0.0
 11
1.181576775596202
 21
2.202387655767499
 31
0.0
  0
LINE
  5
13A0
330
1F
100
AcDbEntity
  8
SK1
  6
CONTINUOUS
370
50
 62
4
100
AcDbLine
 10
-2.315450943493525
 20
-0.9410866727289533
 30
0.0
 11
-1.374364270764571
 21
0.0
 31
0.0
  0
LINE
  5
13A1
330
1F
100
AcDbEntity
  8
SK1
  6
CONTINUOUS
370
50
 62
4
100
AcDbLine
 10
0.0
 20
1.374364270764571
 30
0.0
 11
0.9410866727289543
 21
2.315450943493524
 31
0.0
  0
LINE
  5
13A2
330
1F
100
AcDbEntity
  8
SK1
  6
CONTINUOUS
370
50
 62
4
100
AcDbLine
 10
-2.405290600131854
 20
-0.6773729387740097
 30
0.0
 11
-1.727917661357844
 21
0.0
 31
0.0
  0
LINE
  5
13A3
330
1F
100
AcDbEntity
  8
SK1
  6
CONTINUOUS
370
50
 62
4
100
AcDbLine
 10
0.0
 20
1.727917661357844
 30
0.0
 11
0.6773729387740106
 21
2.405290600131854
 31
0.0
  0
LINE
  5
13A4
330
1F
100
AcDbEntity
  8
SK1
  6
CONTINUOUS
370
50
 62
4
100
AcDbLine
 10
-2.468598823056026
 20
-0.3871277711049084
 30
0.0
 11
-2.081471051951118
 21
0.0
 31
0.0
  0
LINE
  5
13A5
330
1F
100
AcDbEntity
  8
SK1
  6
CONTINUOUS
370
50
 62
4
100
AcDbLine
 10
0.0
 20
2.081471051951117
 30
0.0
 11
0.3871277711049085
 21
2.468598823056025
 31
0.0
  0
LINE
  5
13A6
330
1F
100
AcDbEntity
  8
SK1
  6
CONTINUOUS
370
50
 62
4
100
AcDbLine
 10
-2.498020276172772
 20
-0.0629958336283822
 30
0.0
 11
-2.43502444254439
 21
0.0
 31
0.0
  0
LINE
  5
13A7
330
1F
100
AcDbEntity
  8
SK1
  6
CONTINUOUS
370
50
 62
4
100
AcDbLine
 10
0.0
 20
2.435024442544389
 30
0.0
 11
0.0629958336283828
 21
2.498020276172772
 31
0.0
  0
LINE
  5
13A8
330
1F
100
AcDbEntity
  8
SK1
  6
CONTINUOUS
370
50
 62
4
100
AcDbLine
 10
-2.337336523620827
 20
-0.8844932833271533
 30
0.0
 11
-0.8844932833271509
 21
-2.337336523620827
 31
0.0
  0
LINE
  5
13A9
330
1F
100
AcDbEntity
  8
SK1
  6
CONTINUOUS
370
50
 62
4
100
AcDbLine
 10
-2.466237059966593
 20
-0.4020393563881135
 30
0.0
 11
-0.4020393563881111
 21
-2.466237059966594
 31
0.0
  0
LINE
  5
13AA
330
1F
100
AcDbEntity
  8
SK1
  6
CONTINUOUS
370
50
 62
4
100
AcDbLine
 10
-2.499522297881596
 20
-0.0152007278798383
 30
0.0
 11
-0.0152007278798351
 21
-2.499522297881596
 31
0.0
  0
LINE
  5
13AB
330
1F
100
AcDbEntity
  8
SK1
  6
CONTINUOUS
370
50
 62
4
100
AcDbLine
 10
-2.16116963516816
 20
0.0
 30
0.0
 11
0.0
 21
-2.161169635168158
 31
0.0
  0
LINE
  5
13AC
330
1F
100
AcDbEntity
  8
SK1
  6
CONTINUOUS
370
50
 62
4
100
AcDbLine
 10
-1.807616244574888
 20
0.0
 30
0.0
 11
0.0
 21
-1.807616244574886
 31
0.0
  0
LINE
  5
13AD
330
1F
100
AcDbEntity
  8
SK1
  6
CONTINUOUS
370
50
 62
4
100
AcDbLine
 10
-1.454062853981615
 20
0.0
 30
0.0
 11
0.0
 21
-1.454062853981613
 31
0.0
  0
LINE
  5
13AE
330
1F
100
AcDbEntity
  8
SK1
  6
CONTINUOUS
370
50
 62
4
100
AcDbLine
 10
-1.100509463388341
 20
0.0
 30
0.0
 11
0.0
 21
-1.10050946338834
 31
0.0
  0
LINE
  5
13AF
330
1F
100
AcDbEntity
  8
SK1
  6
CONTINUOUS
370
50
 62
4
100
AcDbLine
 10
-0.7469560727950676
 20
0.0
 30
0.0
 11
0.0
 21
-0.7469560727950668
 31
0.0
  0
LINE
  5
13B0
330
1F
100
AcDbEntity
  8
SK1
  6
CONTINUOUS
370
50
 62
4
100
AcDbLine
 10
-0.3934026822017942
 20
0.0
 30
0.0
 11
0.0
 21
-0.3934026822017938
 31
0.0
  0
LINE
  5
13B1
330
1F
100
AcDbEntity
  8
SK1
  6
CONTINUOUS
370
50
 62
4
100
AcDbLine
 10
-0.0398492916085216
 20
0.0
 30
0.0
 11
0.0
 21
-0.0398492916085216
 31
0.0
  0
LINE
  5
13B2
330
1F
100
AcDbEntity
  8
SK1
  6
CONTINUOUS
370
50
 62
4
100
AcDbLine
 10
0.0
 20
0.3137040989847515
 30
0.0
 11
0.3137040989847518
 21
0.0
 31
0.0
  0
LINE
  5
13B3
330
1F
100
AcDbEntity
  8
SK1
  6
CONTINUOUS
370
50
 62
4
100
AcDbLine
 10
0.0
 20
0.6672574895780246
 30
0.0
 11
0.6672574895780253
 21
0.0
 31
0.0
  0
LINE
  5
13B4
330
1F
100
AcDbEntity
  8
SK1
  6
CONTINUOUS
370
50
 62
4
100
AcDbLine
 10
0.0
 20
1.020810880171298
 30
0.0
 11
1.020810880171299
 21
0.0
 31
0.0
  0
LINE
  5
13B5
330
1F
100
AcDbEntity
  8
SK1
  6
CONTINUOUS
370
50
 62
4
100
AcDbLine
 10
0.0
 20
1.37436427076457
 30
0.0
 11
1.374364270764571
 21
0.0
 31
0.0
  0
LINE
  5
13B6
330
1F
100
AcDbEntity
  8
SK1
  6
CONTINUOUS
370
50
 62
4
100
AcDbLine
 10
0.0
 20
1.727917661357843
 30
0.0
 11
1.727917661357845
 21
0.0
 31
0.0
  0
LINE
  5
13B7
330
1F
100
AcDbEntity
  8
SK1
  6
CONTINUOUS
370
50
 62
4
100
AcDbLine
 10
0.0
 20
2.081471051951116
 30
0.0
 11
2.081471051951118
 21
0.0
 31
0.0
  0
LINE
  5
13B8
330
1F
100
AcDbEntity
  8
SK1
  6
CONTINUOUS
370
50
 62
4
100
AcDbLine
 10
0.0
 20
2.435024442544389
 30
0.0
 11
2.435024442544392
 21
0.0
 31
0.0
  0
LINE
  5
13B9
330
1F
100
AcDbEntity
  8
SK1
  6
CONTINUOUS
370
50
 62
4
100
AcDbLine
 10
0.3077647139123103
 20
2.480813119225352
 30
0.0
 11
2.480813119225352
 21
0.307764713912313
 31
0.0
  0
LINE
  5
13BA
330
1F
100
AcDbEntity
  8
SK1
  6
CONTINUOUS
370
50
 62
4
100
AcDbLine
 10
0.7611924397506667
 20
2.380938783980268
 30
0.0
 11
2.380938783980268
 21
0.7611924397506691
 31
0.0
  0
LINE
  5
13BB
330
1F
100
AcDbEntity
  8
SK1
  6
CONTINUOUS
370
50
 62
4
100
AcDbLine
 10
1.48586376213526
 20
2.009820852188948
 30
0.0
 11
2.009820852188946
 21
1.485863762135263
 31
0.0
  0
ARC
  5
13BC
330
1F
100
AcDbEntity
  8
SK6
  6
CONTINUOUS
370
25
 62
5
100
AcDbCircle
 10
122.7613710083765
 20
-36.34523475338786
 30
0.0
 40
2.76048912849221
100
AcDbArc
 50
338.9379403434233
 51
90.44457437511365
  0
LINE
  5
13BD
330
1F
100
AcDbEntity
  8
SK6
  6
CONTINUOUS
370
25
 62
5
100
AcDbLine
 10
122.7399517969598
 20
-33.58482872421281
 30
0.0
 11
122.7399517969598
 21
-34.68788735613464
 31
0.0
  0
ARC
  5
13BE
330
1F
100
AcDbEntity
  8
SK6
  6
CONTINUOUS
370
25
 62
5
100
AcDbCircle
 10
122.7504980293692
 20
-36.36522824566821
 30
0.0
 40
1.677374043771779
100
AcDbArc
 50
243.4214706017868
 51
90.36024081226083
  0
ARC
  5
13BF
330
1F
100
AcDbEntity
  8
SK6
  6
CONTINUOUS
370
25
 62
5
100
AcDbCircle
 10
125.2727488968496
 20
-35.9338209921556
 30
0.0
 40
3.800217030022762
100
AcDbArc
 50
210.548373128854
 51
236.97801693668
  0
LINE
  5
13C0
330
1F
100
AcDbEntity
  8
SK6
  6
CONTINUOUS
370
25
 62
5
100
AcDbLine
 10
123.2017796851249
 20
-39.12015681867535
 30
0.0
 11
127.3437199674267
 21
-39.12015681867535
 31
0.0
  0
ARC
  5
13C1
330
1F
100
AcDbEntity
  8
SK6
  6
CONTINUOUS
370
25
 62
5
100
AcDbCircle
 10
125.2727508387726
 20
-35.93382109373459
 30
0.0
 40
3.800216899582478
100
AcDbArc
 50
303.0219828477958
 51
326.3732153033476
  0
LINE
  5
13C2
330
1F
100
AcDbEntity
  8
SK6
  6
CONTINUOUS
370
25
 62
5
100
AcDbLine
 10
128.4370487513572
 20
-38.0383084907709
 30
0.0
 11
125.0797507057546
 21
-38.0383084907709
 31
0.0
  0
LINE
  5
13C3
330
1F
100
AcDbEntity
  8
SK6
  6
CONTINUOUS
370
25
 62
5
100
AcDbLine
 10
125.0797507057546
 20
-38.0383084907709
 30
0.0
 11
128.9996100977199
 21
-36.67690729641694
 31
0.0
  0
ARC
  5
13C4
330
1F
100
AcDbEntity
  8
SK6
  6
CONTINUOUS
370
25
 62
5
100
AcDbCircle
 10
125.2727515615721
 20
-35.9338216048594
 30
0.0
 40
3.800217216614737
100
AcDbArc
 50
348.7238644184696
 51
53.46910512608843
  0
LINE
  5
13C5
330
1F
100
AcDbEntity
  8
SK6
  6
CONTINUOUS
370
25
 62
5
100
AcDbLine
 10
127.5348542453854
 20
-32.88021024429968
 30
0.0
 11
125.3374394788274
 21
-37.33729873507058
 31
0.0
  0
LINE
  5
13C6
330
1F
100
AcDbEntity
  8
INFTOTAL
  6
CONTINUOUS
370
18
 62
9
100
AcDbLine
 10
-91.30001100000001
 20
-51.70001100000001
 30
0.0
 11
89.10001100000001
 21
-51.70001100000001
 31
0.0
  0
LINE
  5
13C7
330
1F
100
AcDbEntity
  8
INFTOTAL
  6
CONTINUOUS
370
18
 62
9
100
AcDbLine
 10
89.10001100000001
 20
-51.70001100000001
 30
0.0
 11
89.10001100000001
 21
73.70001099999999
 31
0.0
  0
LINE
  5
13C8
330
1F
100
AcDbEntity
  8
INFTOTAL
  6
CONTINUOUS
370
18
 62
9
100
AcDbLine
 10
89.10001100000001
 20
73.70001099999999
 30
0.0
 11
-91.30001100000003
 21
73.70001099999999
 31
0.0
  0
LINE
  5
13C9
330
1F
100
AcDbEntity
  8
INFTOTAL
  6
CONTINUOUS
370
18
 62
9
100
AcDbLine
 10
-91.30001100000003
 20
73.70001099999999
 30
0.0
 11
-91.30001100000003
 21
-51.70001100000002
 31
0.0
  0
ENDSEC
  0
SECTION
  2
OBJECTS
  0
DICTIONARY
  5
C
330
0
100
AcDbDictionary
281
     1
  3
ACAD_GROUP
350
D
  3
ACAD_LAYOUT
350
1A
  3
ACAD_MATERIAL
350
3B
  3
ACAD_MLEADERSTYLE
350
13CC
  3
ACAD_MLINESTYLE
350
17
  3
ACAD_PLOTSETTINGS
350
19
  3
ACAD_PLOTSTYLENAME
350
E
  3
ACAD_SCALELIST
350
7B4
  3
ACAD_VISUALSTYLE
350
2A
  3
AcDbVariableDictionary
350
13CA
  0
DICTIONARY
  5
D
102
{ACAD_REACTORS
330
C
102
}
330
C
100
AcDbDictionary
281
     1
  0
DICTIONARY
  5
1A
102
{ACAD_REACTORS
330
C
102
}
330
C
100
AcDbDictionary
281
     1
  3
Layout1
350
1E
  3
Layout2
350
26
  3
Model
350
22
  0
DICTIONARY
  5
3B
102
{ACAD_REACTORS
330
C
102
}
330
C
100
AcDbDictionary
281
     1
  3
ByBlock
350
3D
  3
ByLayer
350
3C
  3
Global
350
3E
  0
DICTIONARY
  5
13CC
102
{ACAD_REACTORS
330
C
102
}
330
C
100
AcDbDictionary
281
     1
  0
DICTIONARY
  5
17
102
{ACAD_REACTORS
330
C
102
}
330
C
100
AcDbDictionary
281
     1
  3
Standard
350
18
  0
DICTIONARY
  5
19
102
{ACAD_REACTORS
330
C
102
}
330
C
100
AcDbDictionary
281
     1
  0
ACDBDICTIONARYWDFLT
  5
E
102
{ACAD_REACTORS
330
C
102
}
330
C
100
AcDbDictionary
281
     1
  3
Normal
350
F
100
AcDbDictionaryWithDefault
340
F
  0
DICTIONARY
  5
7B4
102
{ACAD_REACTORS
330
C
102
}
330
C
100
AcDbDictionary
281
     1
  3
A0
350
7B5
  3
A1
350
7B6
  3
A2
350
7B7
  3
A3
350
7B8
  3
A4
350
7B9
  3
A5
350
7BA
  3
A6
350
7BB
  3
A7
350
7BC
  3
A8
350
7BD
  3
A9
350
7BE
  3
B0
350
7BF
  3
B1
350
7C0
  3
B2
350
7C1
  3
B3
350
7C2
  3
B4
350
7C3
  3
B5
350
7C4
  3
B6
350
7C5
  3
B7
350
7C6
  3
B8
350
7C7
  3
B9
350
7C8
  3
C0
350
7C9
  3
C1
350
7CA
  3
C2
350
7CB
  3
C3
350
7CC
  3
C4
350
7CD
  3
C5
350
7CE
  3
C6
350
7CF
  3
C7
350
7D0
  3
C8
350
7D1
  3
C9
350
7D2
  3
D0
350
7D3
  3
D1
350
7D4
  3
D2
350
7D5
  0
DICTIONARY
  5
2A
102
{ACAD_REACTORS
330
C
102
}
330
C
100
AcDbDictionary
281
     1
  3
2dWireframe
350
2F
  3
3D Hidden
350
31
  3
3dWireframe
350
30
  3
Basic
350
32
  3
Brighten
350
36
  3
ColorChange
350
3A
  3
Conceptual
350
34
  3
Dim
350
35
  3
Facepattern
350
39
  3
Flat
350
2B
  3
FlatWithEdges
350
2C
  3
Gouraud
350
2D
  3
GouraudWithEdges
350
2E
  3
Linepattern
350
38
  3
Realistic
350
33
  3
Thicken
350
37
  0
DICTIONARY
  5
13CA
102
{ACAD_REACTORS
330
C
102
}
330
C
100
AcDbDictionary
281
     1
  3
CANNOSCALE
350
13CF
  3
DIMASSOC
350
13D0
  3
HIDETEXT
350
13D1
  3
PSOLHEIGHT
350
13CE
  3
PSOLWIDTH
350
13CD
  0
LAYOUT
  5
1E
102
{ACAD_REACTORS
330
1A
102
}
330
1A
100
AcDbPlotSettings
  1

  2
none_device
  4

  6

 40
0.0
 41
0.0
 42
0.0
 43
0.0
 44
0.0
 45
0.0
 46
0.0
 47
0.0
 48
0.0
 49
0.0
140
0.0
141
0.0
142
1.0
143
1.0
 70
   688
 72
     0
 73
     0
 74
     5
  7

 75
    16
147
1.0
148
0.0
149
0.0
100
AcDbLayout
  1
Layout1
 70
     1
 71
     1
 10
0.0
 20
0.0
 11
420.0
 21
297.0
 12
0.0
 22
0.0
 32
0.0
 14
1.000000000000000E+20
 24
1.000000000000000E+20
 34
1.000000000000000E+20
 15
-1.000000000000000E+20
 25
-1.000000000000000E+20
 35
-1.000000000000000E+20
146
0.0
 13
0.0
 23
0.0
 33
0.0
 16
1.0
 26
0.0
 36
0.0
 17
0.0
 27
1.0
 37
0.0
 76
     0
330
1B
  0
LAYOUT
  5
26
102
{ACAD_REACTORS
330
1A
102
}
330
1A
100
AcDbPlotSettings
  1

  2
none_device
  4

  6

 40
0.0
 41
0.0
 42
0.0
 43
0.0
 44
0.0
 45
0.0
 46
0.0
 47
0.0
 48
0.0
 49
0.0
140
0.0
141
0.0
142
1.0
143
1.0
 70
   688
 72
     0
 73
     0
 74
     5
  7

 75
    16
147
1.0
148
0.0
149
0.0
100
AcDbLayout
  1
Layout2
 70
     1
 71
     2
 10
0.0
 20
0.0
 11
0.0
 21
0.0
 12
0.0
 22
0.0
 32
0.0
 14
0.0
 24
0.0
 34
0.0
 15
0.0
 25
0.0
 35
0.0
146
0.0
 13
0.0
 23
0.0
 33
0.0
 16
1.0
 26
0.0
 36
0.0
 17
0.0
 27
1.0
 37
0.0
 76
     0
330
23
  0
LAYOUT
  5
22
102
{ACAD_REACTORS
330
1A
102
}
330
1A
100
AcDbPlotSettings
  1

  2
none_device
  4

  6

 40
0.0
 41
0.0
 42
0.0
 43
0.0
 44
0.0
 45
0.0
 46
0.0
 47
0.0
 48
0.0
 49
0.0
140
0.0
141
0.0
142
1.0
143
1.0
 70
  1712
 72
     0
 73
     0
 74
     0
  7

 75
     0
147
1.0
148
0.0
149
0.0
100
AcDbLayout
  1
Model
 70
     1
 71
     0
 10
0.0
 20
0.0
 11
420.0
 21
297.0
 12
0.0
 22
0.0
 32
0.0
 14
0.0
 24
0.0
 34
0.0
 15
25.0
 25
35.0
 35
0.0
146
0.0
 13
0.0
 23
0.0
 33
0.0
 16
1.0
 26
0.0
 36
0.0
 17
0.0
 27
1.0
 37
0.0
 76
     0
330
1F
331
29
  0
MATERIAL
  5
3D
102
{ACAD_REACTORS
330
3B
102
}
102
{ACAD_XDICTIONARY
360
13F4
102
}
330
3B
100
AcDbMaterial
  1
ByBlock
  0
MATERIAL
  5
3C
102
{ACAD_REACTORS
330
3B
102
}
102
{ACAD_XDICTIONARY
360
13F2
102
}
330
3B
100
AcDbMaterial
  1
ByLayer
  0
MATERIAL
  5
3E
102
{ACAD_REACTORS
330
3B
102
}
102
{ACAD_XDICTIONARY
360
13F6
102
}
330
3B
100
AcDbMaterial
  1
Global
  0
MLINESTYLE
  5
18
102
{ACAD_REACTORS
330
17
102
}
330
17
100
AcDbMlineStyle
  2
Standard
 70
     0
  3

 62
   256
 51
90.0
 52
90.0
 71
     2
 49
0.5
 62
   256
  6
BYLAYER
 49
-0.5
 62
   256
  6
BYLAYER
  0
ACDBPLACEHOLDER
  5
F
102
{ACAD_REACTORS
330
E
102
}
330
E
  0
SCALE
  5
7B5
102
{ACAD_REACTORS
330
7B4
102
}
330
7B4
100
AcDbScale
 70
     0
300
1:1
140
1.0
141
1.0
290
     1
  0
SCALE
  5
7B6
102
{ACAD_REACTORS
330
7B4
102
}
330
7B4
100
AcDbScale
 70
     0
300
1:2
140
1.0
141
2.0
290
     0
  0
SCALE
  5
7B7
102
{ACAD_REACTORS
330
7B4
102
}
330
7B4
100
AcDbScale
 70
     0
300
1:4
140
1.0
141
4.0
290
     0
  0
SCALE
  5
7B8
102
{ACAD_REACTORS
330
7B4
102
}
330
7B4
100
AcDbScale
 70
     0
300
1:5
140
1.0
141
5.0
290
     0
  0
SCALE
  5
7B9
102
{ACAD_REACTORS
330
7B4
102
}
330
7B4
100
AcDbScale
 70
     0
300
1:8
140
1.0
141
8.0
290
     0
  0
SCALE
  5
7BA
102
{ACAD_REACTORS
330
7B4
102
}
330
7B4
100
AcDbScale
 70
     0
300
1:10
140
1.0
141
10.0
290
     0
  0
SCALE
  5
7BB
102
{ACAD_REACTORS
330
7B4
102
}
330
7B4
100
AcDbScale
 70
     0
300
1:16
140
1.0
141
16.0
290
     0
  0
SCALE
  5
7BC
102
{ACAD_REACTORS
330
7B4
102
}
330
7B4
100
AcDbScale
 70
     0
300
1:20
140
1.0
141
20.0
290
     0
  0
SCALE
  5
7BD
102
{ACAD_REACTORS
330
7B4
102
}
330
7B4
100
AcDbScale
 70
     0
300
1:30
140
1.0
141
30.0
290
     0
  0
SCALE
  5
7BE
102
{ACAD_REACTORS
330
7B4
102
}
330
7B4
100
AcDbScale
 70
     0
300
1:40
140
1.0
141
40.0
290
     0
  0
SCALE
  5
7BF
102
{ACAD_REACTORS
330
7B4
102
}
330
7B4
100
AcDbScale
 70
     0
300
1:50
140
1.0
141
50.0
290
     0
  0
SCALE
  5
7C0
102
{ACAD_REACTORS
330
7B4
102
}
330
7B4
100
AcDbScale
 70
     0
300
1:100
140
1.0
141
100.0
290
     0
  0
SCALE
  5
7C1
102
{ACAD_REACTORS
330
7B4
102
}
330
7B4
100
AcDbScale
 70
     0
300
2:1
140
2.0
141
1.0
290
     0
  0
SCALE
  5
7C2
102
{ACAD_REACTORS
330
7B4
102
}
330
7B4
100
AcDbScale
 70
     0
300
4:1
140
4.0
141
1.0
290
     0
  0
SCALE
  5
7C3
102
{ACAD_REACTORS
330
7B4
102
}
330
7B4
100
AcDbScale
 70
     0
300
8:1
140
8.0
141
1.0
290
     0
  0
SCALE
  5
7C4
102
{ACAD_REACTORS
330
7B4
102
}
330
7B4
100
AcDbScale
 70
     0
300
10:1
140
10.0
141
1.0
290
     0
  0
SCALE
  5
7C5
102
{ACAD_REACTORS
330
7B4
102
}
330
7B4
100
AcDbScale
 70
     0
300
100:1
140
100.0
141
1.0
290
     0
  0
SCALE
  5
7C6
102
{ACAD_REACTORS
330
7B4
102
}
330
7B4
100
AcDbScale
 70
     0
300
1/128" = 1'-0"
140
0.0078125
141
12.0
290
     0
  0
SCALE
  5
7C7
102
{ACAD_REACTORS
330
7B4
102
}
330
7B4
100
AcDbScale
 70
     0
300
1/64" = 1'-0"
140
0.015625
141
12.0
290
     0
  0
SCALE
  5
7C8
102
{ACAD_REACTORS
330
7B4
102
}
330
7B4
100
AcDbScale
 70
     0
300
1/32" = 1'-0"
140
0.03125
141
12.0
290
     0
  0
SCALE
  5
7C9
102
{ACAD_REACTORS
330
7B4
102
}
330
7B4
100
AcDbScale
 70
     0
300
1/16" = 1'-0"
140
0.0625
141
12.0
290
     0
  0
SCALE
  5
7CA
102
{ACAD_REACTORS
330
7B4
102
}
330
7B4
100
AcDbScale
 70
     0
300
3/32" = 1'-0"
140
0.09375
141
12.0
290
     0
  0
SCALE
  5
7CB
102
{ACAD_REACTORS
330
7B4
102
}
330
7B4
100
AcDbScale
 70
     0
300
1/8" = 1'-0"
140
0.125
141
12.0
290
     0
  0
SCALE
  5
7CC
102
{ACAD_REACTORS
330
7B4
102
}
330
7B4
100
AcDbScale
 70
     0
300
3/16" = 1'-0"
140
0.1875
141
12.0
290
     0
  0
SCALE
  5
7CD
102
{ACAD_REACTORS
330
7B4
102
}
330
7B4
100
AcDbScale
 70
     0
300
1/4" = 1'-0"
140
0.25
141
12.0
290
     0
  0
SCALE
  5
7CE
102
{ACAD_REACTORS
330
7B4
102
}
330
7B4
100
AcDbScale
 70
     0
300
3/8" = 1'-0"
140
0.375
141
12.0
290
     0
  0
SCALE
  5
7CF
102
{ACAD_REACTORS
330
7B4
102
}
330
7B4
100
AcDbScale
 70
     0
300
1/2" = 1'-0"
140
0.5
141
12.0
290
     0
  0
SCALE
  5
7D0
102
{ACAD_REACTORS
330
7B4
102
}
330
7B4
100
AcDbScale
 70
     0
300
3/4" = 1'-0"
140
0.75
141
12.0
290
     0
  0
SCALE
  5
7D1
102
{ACAD_REACTORS
330
7B4
102
}
330
7B4
100
AcDbScale
 70
     0
300
1" = 1'-0"
140
1.0
141
12.0
290
     0
  0
SCALE
  5
7D2
102
{ACAD_REACTORS
330
7B4
102
}
330
7B4
100
AcDbScale
 70
     0
300
1-1/2" = 1'-0"
140
1.5
141
12.0
290
     0
  0
SCALE
  5
7D3
102
{ACAD_REACTORS
330
7B4
102
}
330
7B4
100
AcDbScale
 70
     0
300
3" = 1'-0"
140
3.0
141
12.0
290
     0
  0
SCALE
  5
7D4
102
{ACAD_REACTORS
330
7B4
102
}
330
7B4
100
AcDbScale
 70
     0
300
6" = 1'-0"
140
6.0
141
12.0
290
     0
  0
SCALE
  5
7D5
102
{ACAD_REACTORS
330
7B4
102
}
330
7B4
100
AcDbScale
 70
     0
300
1'-0" = 1'-0"
140
12.0
141
12.0
290
     0
  0
VISUALSTYLE
  5
2F
102
{ACAD_REACTORS
330
2A
102
}
102
{ACAD_XDICTIONARY
360
13DA
102
}
330
2A
100
AcDbVisualStyle
  2
2dWireframe
 70
     4
 71
     0
 72
     2
 73
     0
 90
        0
 40
-0.6
 41
-30.0
 62
     5
 63
     7
 74
     1
 91
        4
 64
     7
 65
   257
 75
     1
175
     1
 42
1.0
 92
        0
 66
   257
 43
1.0
 76
     1
 77
     6
 78
     2
 67
     7
 79
     5
170
     0
171
     0
290
     0
174
     0
 93
        1
 44
0.0
173
     0
291
     0
 45
0.0
1001
ACAD
1000
AcDbSavedByObjectVersion
1070
     0
  0
VISUALSTYLE
  5
31
102
{ACAD_REACTORS
330
2A
102
}
102
{ACAD_XDICTIONARY
360
13DE
102
}
330
2A
100
AcDbVisualStyle
  2
3D Hidden
 70
     6
 71
     1
 72
     2
 73
     2
 90
        0
 40
-0.6
 41
-30.0
 62
     5
 63
     7
 74
     2
 91
        2
 64
     7
 65
   257
 75
     2
175
     1
 42
40.0
 92
        0
 66
   257
 43
1.0
 76
     1
 77
     6
 78
     2
 67
     7
 79
     3
170
     0
171
     0
290
     0
174
     0
 93
        1
 44
0.0
173
     0
291
     0
 45
0.0
1001
ACAD
1000
AcDbSavedByObjectVersion
1070
     0
  0
VISUALSTYLE
  5
30
102
{ACAD_REACTORS
330
2A
102
}
102
{ACAD_XDICTIONARY
360
13DC
102
}
330
2A
100
AcDbVisualStyle
  2
3dWireframe
 70
     5
 71
     0
 72
     2
 73
     0
 90
        0
 40
-0.6
 41
-30.0
 62
     5
 63
     7
 74
     1
 91
        4
 64
     7
 65
   257
 75
     1
175
     1
 42
1.0
 92
        0
 66
   257
 43
1.0
 76
     1
 77
     6
 78
     2
 67
     7
 79
     5
170
     0
171
     0
290
     0
174
     0
 93
        1
 44
0.0
173
     0
291
     0
 45
0.0
1001
ACAD
1000
AcDbSavedByObjectVersion
1070
     0
  0
VISUALSTYLE
  5
32
102
{ACAD_REACTORS
330
2A
102
}
102
{ACAD_XDICTIONARY
360
13E0
102
}
330
2A
100
AcDbVisualStyle
  2
Basic
 70
     7
 71
     1
 72
     0
 73
     1
 90
        0
 40
-0.6
 41
-30.0
 62
     5
 63
     7
 74
     0
 91
        4
 64
     7
 65
   257
 75
     1
175
     1
 42
1.0
 92
        8
 66
     7
 43
1.0
 76
     1
 77
     6
 78
     2
 67
     7
 79
     5
170
     0
171
     0
290
     0
174
     0
 93
        1
 44
0.0
173
     0
291
     1
 45
0.0
1001
ACAD
1000
AcDbSavedByObjectVersion
1070
     0
  0
VISUALSTYLE
  5
36
102
{ACAD_REACTORS
330
2A
102
}
102
{ACAD_XDICTIONARY
360
13E8
102
}
330
2A
100
AcDbVisualStyle
  2
Brighten
 70
    12
 71
     2
 72
     2
 73
     0
 90
        0
 40
-0.6
 41
-30.0
 62
     5
 63
     7
 74
     1
 91
        4
 64
     7
 65
   257
 75
     1
175
     1
 42
1.0
 92
        8
 66
     7
 43
1.0
 76
     1
 77
     6
 78
     2
 67
     7
 79
     5
170
     0
171
     0
290
     0
174
     0
 93
        1
 44
50.0
173
     0
291
     1
 45
0.0
1001
ACAD
1000
AcDbSavedByObjectVersion
1070
     0
  0
VISUALSTYLE
  5
3A
102
{ACAD_REACTORS
330
2A
102
}
102
{ACAD_XDICTIONARY
360
13F0
102
}
330
2A
100
AcDbVisualStyle
  2
ColorChange
 70
    16
 71
     2
 72
     2
 73
     3
 90
        0
 40
-0.6
 41
-30.0
 62
     5
 63
     8
 74
     1
 91
        4
 64
     7
 65
   257
 75
     1
175
     1
 42
1.0
 92
        8
 66
     8
 43
1.0
 76
     1
 77
     6
 78
     2
 67
     7
 79
     5
170
     0
171
     0
290
     0
174
     0
 93
        1
 44
0.0
173
     0
291
     1
 45
0.0
1001
ACAD
1000
AcDbSavedByObjectVersion
1070
     0
  0
VISUALSTYLE
  5
34
102
{ACAD_REACTORS
330
2A
102
}
102
{ACAD_XDICTIONARY
360
13E4
102
}
330
2A
100
AcDbVisualStyle
  2
Conceptual
 70
     9
 71
     3
 72
     2
 73
     0
 90
        0
 40
-0.6
 41
-30.0
 62
     5
 63
     7
 74
     2
 91
        2
 64
     7
 65
   257
 75
     1
175
     1
 42
40.0
 92
        8
 66
     7
 43
1.0
 76
     1
 77
     6
 78
     2
 67
     7
 79
     3
170
     0
171
     0
290
     0
174
     0
 93
        1
 44
0.0
173
     0
291
     0
 45
0.0
1001
ACAD
1000
AcDbSavedByObjectVersion
1070
     0
  0
VISUALSTYLE
  5
35
102
{ACAD_REACTORS
330
2A
102
}
102
{ACAD_XDICTIONARY
360
13E6
102
}
330
2A
100
AcDbVisualStyle
  2
Dim
 70
    11
 71
     2
 72
     2
 73
     0
 90
        0
 40
-0.6
 41
-30.0
 62
     5
 63
     7
 74
     1
 91
        4
 64
     7
 65
   257
 75
     1
175
     1
 42
1.0
 92
        8
 66
     7
 43
1.0
 76
     1
 77
     6
 78
     2
 67
     7
 79
     5
170
     0
171
     0
290
     0
174
     0
 93
        1
 44
-50.0
173
     0
291
     1
 45
0.0
1001
ACAD
1000
AcDbSavedByObjectVersion
1070
     0
  0
VISUALSTYLE
  5
39
102
{ACAD_REACTORS
330
2A
102
}
102
{ACAD_XDICTIONARY
360
13EE
102
}
330
2A
100
AcDbVisualStyle
  2
Facepattern
 70
    15
 71
     2
 72
     2
 73
     0
 90
        0
 40
-0.6
 41
-30.0
 62
     5
 63
     7
 74
     1
 91
        4
 64
     7
 65
   257
 75
     1
175
     1
 42
1.0
 92
        8
 66
     7
 43
1.0
 76
     1
 77
     6
 78
     2
 67
     7
 79
     5
170
     0
171
     0
290
     0
174
     0
 93
        1
 44
0.0
173
     0
291
     1
 45
0.0
1001
ACAD
1000
AcDbSavedByObjectVersion
1070
     0
  0
VISUALSTYLE
  5
2B
102
{ACAD_REACTORS
330
2A
102
}
102
{ACAD_XDICTIONARY
360
13D2
102
}
330
2A
100
AcDbVisualStyle
  2
Flat
 70
     0
 71
     2
 72
     1
 73
     1
 90
        2
 40
-0.6
 41
30.0
 62
     5
 63
     7
 74
     0
 91
        4
 64
     7
 65
   257
 75
     1
175
     1
 42
1.0
 92
        8
 66
     7
 43
1.0
 76
     1
 77
     6
 78
     2
 67
     7
 79
     5
170
     0
171
     0
290
     0
174
     0
 93
       13
 44
0.0
173
     0
291
     1
 45
0.0
1001
ACAD
1000
AcDbSavedByObjectVersion
1070
     0
  0
VISUALSTYLE
  5
2C
102
{ACAD_REACTORS
330
2A
102
}
102
{ACAD_XDICTIONARY
360
13D4
102
}
330
2A
100
AcDbVisualStyle
  2
FlatWithEdges
 70
     1
 71
     2
 72
     1
 73
     1
 90
        2
 40
-0.6
 41
30.0
 62
     5
 63
     7
 74
     1
 91
        4
 64
     7
 65
   257
 75
     1
175
     1
 42
1.0
 92
        0
 66
   257
 43
1.0
 76
     1
 77
     6
 78
     2
 67
     7
 79
     5
170
     0
171
     0
290
     0
174
     0
 93
       13
 44
0.0
173
     0
291
     1
 45
0.0
1001
ACAD
1000
AcDbSavedByObjectVersion
1070
     0
  0
VISUALSTYLE
  5
2D
102
{ACAD_REACTORS
330
2A
102
}
102
{ACAD_XDICTIONARY
360
13D6
102
}
330
2A
100
AcDbVisualStyle
  2
Gouraud
 70
     2
 71
     2
 72
     2
 73
     1
 90
        2
 40
-0.6
 41
30.0
 62
     5
 63
     7
 74
     0
 91
        4
 64
     7
 65
   257
 75
     1
175
     1
 42
1.0
 92
        0
 66
     7
 43
1.0
 76
     1
 77
     6
 78
     2
 67
     7
 79
     5
170
     0
171
     0
290
     0
174
     0
 93
       13
 44
0.0
173
     0
291
     1
 45
0.0
1001
ACAD
1000
AcDbSavedByObjectVersion
1070
     0
  0
VISUALSTYLE
  5
2E
102
{ACAD_REACTORS
330
2A
102
}
102
{ACAD_XDICTIONARY
360
13D8
102
}
330
2A
100
AcDbVisualStyle
  2
GouraudWithEdges
 70
     3
 71
     2
 72
     2
 73
     1
 90
        2
 40
-0.6
 41
30.0
 62
     5
 63
     7
 74
     1
 91
        4
 64
     7
 65
   257
 75
     1
175
     1
 42
1.0
 92
        0
 66
   257
 43
1.0
 76
     1
 77
     6
 78
     2
 67
     7
 79
     5
170
     0
171
     0
290
     0
174
     0
 93
       13
 44
0.0
173
     0
291
     1
 45
0.0
1001
ACAD
1000
AcDbSavedByObjectVersion
1070
     0
  0
VISUALSTYLE
  5
38
102
{ACAD_REACTORS
330
2A
102
}
102
{ACAD_XDICTIONARY
360
13EC
102
}
330
2A
100
AcDbVisualStyle
  2
Linepattern
 70
    14
 71
     2
 72
     2
 73
     0
 90
        0
 40
-0.6
 41
-30.0
 62
     5
 63
     7
 74
     1
 91
        4
 64
     7
 65
   257
 75
     7
175
     7
 42
1.0
 92
        8
 66
     7
 43
1.0
 76
     1
 77
     6
 78
     2
 67
     7
 79
     5
170
     0
171
     0
290
     0
174
     0
 93
        1
 44
0.0
173
     0
291
     1
 45
0.0
1001
ACAD
1000
AcDbSavedByObjectVersion
1070
     0
  0
VISUALSTYLE
  5
33
102
{ACAD_REACTORS
330
2A
102
}
102
{ACAD_XDICTIONARY
360
13E2
102
}
330
2A
100
AcDbVisualStyle
  2
Realistic
 70
     8
 71
     2
 72
     2
 73
     0
 90
        0
 40
-0.6
 41
-30.0
 62
     5
 63
     7
 74
     1
 91
        0
 64
     7
 65
   257
 75
     1
175
     1
 42
1.0
 92
        8
 66
     8
 43
1.0
 76
     1
 77
     6
 78
     2
 67
     7
 79
     5
170
     0
171
     0
290
     0
174
     0
 93
       13
 44
0.0
173
     0
291
     0
 45
0.0
1001
ACAD
1000
AcDbSavedByObjectVersion
1070
     0
  0
VISUALSTYLE
  5
37
102
{ACAD_REACTORS
330
2A
102
}
102
{ACAD_XDICTIONARY
360
13EA
102
}
330
2A
100
AcDbVisualStyle
  2
Thicken
 70
    13
 71
     2
 72
     2
 73
     0
 90
        0
 40
-0.6
 41
-30.0
 62
     5
 63
     7
 74
     1
 91
        4
 64
     7
 65
   257
 75
     1
175
     1
 42
1.0
 92
       12
 66
     7
 43
1.0
 76
     1
 77
     6
 78
     2
 67
     7
 79
     5
170
     0
171
     0
290
     0
174
     0
 93
        1
 44
0.0
173
     0
291
     1
 45
0.0
1001
ACAD
1000
AcDbSavedByObjectVersion
1070
     0
  0
DICTIONARYVAR
  5
13CF
102
{ACAD_REACTORS
330
13CA
102
}
330
13CA
100
DictionaryVariables
280
     0
  1
1:1
  0
DICTIONARYVAR
  5
13D0
102
{ACAD_REACTORS
330
13CA
102
}
330
13CA
100
DictionaryVariables
280
     0
  1
2
  0
DICTIONARYVAR
  5
13D1
102
{ACAD_REACTORS
330
13CA
102
}
330
13CA
100
DictionaryVariables
280
     0
  1
1
  0
DICTIONARYVAR
  5
13CE
102
{ACAD_REACTORS
330
13CA
102
}
330
13CA
100
DictionaryVariables
280
     0
  1
80.000000
  0
DICTIONARYVAR
  5
13CD
102
{ACAD_REACTORS
330
13CA
102
}
330
13CA
100
DictionaryVariables
280
     0
  1
5.000000
  0
DICTIONARY
  5
13F4
330
3D
100
AcDbDictionary
280
     1
281
     1
  3
ACAD_XREC_ROUNDTRIP
360
13F5
  0
DICTIONARY
  5
13F2
330
3C
100
AcDbDictionary
280
     1
281
     1
  3
ACAD_XREC_ROUNDTRIP
360
13F3
  0
DICTIONARY
  5
13F6
330
3E
100
AcDbDictionary
280
     1
281
     1
  3
ACAD_XREC_ROUNDTRIP
360
13F7
  0
DICTIONARY
  5
13DA
330
2F
100
AcDbDictionary
280
     1
281
     1
  3
ACAD_XREC_ROUNDTRIP
360
13DB
  0
DICTIONARY
  5
13DE
330
31
100
AcDbDictionary
280
     1
281
     1
  3
ACAD_XREC_ROUNDTRIP
360
13DF
  0
DICTIONARY
  5
13DC
330
30
100
AcDbDictionary
280
     1
281
     1
  3
ACAD_XREC_ROUNDTRIP
360
13DD
  0
DICTIONARY
  5
13E0
330
32
100
AcDbDictionary
280
     1
281
     1
  3
ACAD_XREC_ROUNDTRIP
360
13E1
  0
DICTIONARY
  5
13E8
330
36
100
AcDbDictionary
280
     1
281
     1
  3
ACAD_XREC_ROUNDTRIP
360
13E9
  0
DICTIONARY
  5
13F0
330
3A
100
AcDbDictionary
280
     1
281
     1
  3
ACAD_XREC_ROUNDTRIP
360
13F1
  0
DICTIONARY
  5
13E4
330
34
100
AcDbDictionary
280
     1
281
     1
  3
ACAD_XREC_ROUNDTRIP
360
13E5
  0
DICTIONARY
  5
13E6
330
35
100
AcDbDictionary
280
     1
281
     1
  3
ACAD_XREC_ROUNDTRIP
360
13E7
  0
DICTIONARY
  5
13EE
330
39
100
AcDbDictionary
280
     1
281
     1
  3
ACAD_XREC_ROUNDTRIP
360
13EF
  0
DICTIONARY
  5
13D2
330
2B
100
AcDbDictionary
280
     1
281
     1
  3
ACAD_XREC_ROUNDTRIP
360
13D3
  0
DICTIONARY
  5
13D4
330
2C
100
AcDbDictionary
280
     1
281
     1
  3
ACAD_XREC_ROUNDTRIP
360
13D5
  0
DICTIONARY
  5
13D6
330
2D
100
AcDbDictionary
280
     1
281
     1
  3
ACAD_XREC_ROUNDTRIP
360
13D7
  0
DICTIONARY
  5
13D8
330
2E
100
AcDbDictionary
280
     1
281
     1
  3
ACAD_XREC_ROUNDTRIP
360
13D9
  0
DICTIONARY
  5
13EC
330
38
100
AcDbDictionary
280
     1
281
     1
  3
ACAD_XREC_ROUNDTRIP
360
13ED
  0
DICTIONARY
  5
13E2
330
33
100
AcDbDictionary
280
     1
281
     1
  3
ACAD_XREC_ROUNDTRIP
360
13E3
  0
DICTIONARY
  5
13EA
330
37
100
AcDbDictionary
280
     1
281
     1
  3
ACAD_XREC_ROUNDTRIP
360
13EB
  0
XRECORD
  5
13F5
102
{ACAD_REACTORS
330
13F4
102
}
330
13F4
100
AcDbXrecord
280
     1
102
MATERIAL
148
0.0
149
0.0
149
0.0
 93
        0
 94
      127
282
     0
 72
     1
 77
     1
171
     1
175
     1
179
     1
273
     0
  0
XRECORD
  5
13F3
102
{ACAD_REACTORS
330
13F2
102
}
330
13F2
100
AcDbXrecord
280
     1
102
MATERIAL
148
0.0
149
0.0
149
0.0
 93
        0
 94
      127
282
     0
 72
     1
 77
     1
171
     1
175
     1
179
     1
273
     0
  0
XRECORD
  5
13F7
102
{ACAD_REACTORS
330
13F6
102
}
330
13F6
100
AcDbXrecord
280
     1
102
MATERIAL
148
0.0
149
0.0
149
0.0
 93
        0
 94
      127
282
     0
 72
     1
 77
     1
171
     1
175
     1
179
     1
273
     0
  0
XRECORD
  5
13DB
102
{ACAD_REACTORS
330
13DA
102
}
330
13DA
100
AcDbXrecord
280
     1
102
RTVSPropertyOp0
 70
     1
102
RTVSPropertyOp1
 70
     1
102
RTVSPropertyOp2
 70
     1
102
RTVSPropertyOp3
 70
     1
102
RTVSPropertyOp4
 70
     1
102
RTVSPropertyOp5
 70
     1
102
RTVSPropertyOp6
 70
     1
102
RTVSPropertyOp7
 70
     1
102
RTVSPropertyOp8
 70
     1
102
RTVSPropertyOp9
 70
     1
102
RTVSPropertyOp10
 70
     1
102
RTVSPropertyOp11
 70
     1
102
RTVSPropertyOp12
 70
     1
102
RTVSPropertyOp13
 70
     1
102
RTVSPropertyOp14
 70
     1
102
RTVSPropertyOp15
 70
     1
102
RTVSPropertyOp16
 70
     1
102
RTVSPropertyOp17
 70
     1
102
RTVSPropertyOp18
 70
     1
102
RTVSPropertyOp19
 70
     1
102
RTVSPropertyOp20
 70
     1
102
RTVSPropertyOp21
 70
     1
102
RTVSPropertyOp22
 70
     1
102
RTVSPropertyOp23
 70
     1
102
RTVSPropertyOp24
 70
     1
102
RTVSPropertyOp25
 70
     1
102
RTVSPropertyOp26
 70
     1
102
RTVSPropertyOp27
 70
     1
  0
XRECORD
  5
13DF
102
{ACAD_REACTORS
330
13DE
102
}
330
13DE
100
AcDbXrecord
280
     1
102
RTVSPropertyOp0
 70
     1
102
RTVSPropertyOp1
 70
     1
102
RTVSPropertyOp2
 70
     1
102
RTVSPropertyOp3
 70
     1
102
RTVSPropertyOp4
 70
     1
102
RTVSPropertyOp5
 70
     1
102
RTVSPropertyOp6
 70
     1
102
RTVSPropertyOp7
 70
     1
102
RTVSPropertyOp8
 70
     1
102
RTVSPropertyOp9
 70
     1
102
RTVSPropertyOp10
 70
     1
102
RTVSPropertyOp11
 70
     1
102
RTVSPropertyOp12
 70
     1
102
RTVSPropertyOp13
 70
     1
102
RTVSPropertyOp14
 70
     1
102
RTVSPropertyOp15
 70
     1
102
RTVSPropertyOp16
 70
     1
102
RTVSPropertyOp17
 70
     1
102
RTVSPropertyOp18
 70
     1
102
RTVSPropertyOp19
 70
     1
102
RTVSPropertyOp20
 70
     1
102
RTVSPropertyOp21
 70
     1
102
RTVSPropertyOp22
 70
     1
102
RTVSPropertyOp23
 70
     1
102
RTVSPropertyOp24
 70
     1
102
RTVSPropertyOp25
 70
     1
102
RTVSPropertyOp26
 70
     1
102
RTVSPropertyOp27
 70
     1
  0
XRECORD
  5
13DD
102
{ACAD_REACTORS
330
13DC
102
}
330
13DC
100
AcDbXrecord
280
     1
102
RTVSPropertyOp0
 70
     1
102
RTVSPropertyOp1
 70
     1
102
RTVSPropertyOp2
 70
     1
102
RTVSPropertyOp3
 70
     1
102
RTVSPropertyOp4
 70
     1
102
RTVSPropertyOp5
 70
     1
102
RTVSPropertyOp6
 70
     1
102
RTVSPropertyOp7
 70
     1
102
RTVSPropertyOp8
 70
     1
102
RTVSPropertyOp9
 70
     1
102
RTVSPropertyOp10
 70
     1
102
RTVSPropertyOp11
 70
     1
102
RTVSPropertyOp12
 70
     1
102
RTVSPropertyOp13
 70
     1
102
RTVSPropertyOp14
 70
     1
102
RTVSPropertyOp15
 70
     1
102
RTVSPropertyOp16
 70
     1
102
RTVSPropertyOp17
 70
     1
102
RTVSPropertyOp18
 70
     1
102
RTVSPropertyOp19
 70
     1
102
RTVSPropertyOp20
 70
     1
102
RTVSPropertyOp21
 70
     1
102
RTVSPropertyOp22
 70
     1
102
RTVSPropertyOp23
 70
     1
102
RTVSPropertyOp24
 70
     1
102
RTVSPropertyOp25
 70
     1
102
RTVSPropertyOp26
 70
     1
102
RTVSPropertyOp27
 70
     1
  0
XRECORD
  5
13E1
102
{ACAD_REACTORS
330
13E0
102
}
330
13E0
100
AcDbXrecord
280
     1
102
RTVSPropertyOp0
 70
     1
102
RTVSPropertyOp1
 70
     1
102
RTVSPropertyOp2
 70
     1
102
RTVSPropertyOp3
 70
     1
102
RTVSPropertyOp4
 70
     1
102
RTVSPropertyOp5
 70
     1
102
RTVSPropertyOp6
 70
     1
102
RTVSPropertyOp7
 70
     1
102
RTVSPropertyOp8
 70
     1
102
RTVSPropertyOp9
 70
     1
102
RTVSPropertyOp10
 70
     1
102
RTVSPropertyOp11
 70
     1
102
RTVSPropertyOp12
 70
     1
102
RTVSPropertyOp13
 70
     1
102
RTVSPropertyOp14
 70
     1
102
RTVSPropertyOp15
 70
     1
102
RTVSPropertyOp16
 70
     1
102
RTVSPropertyOp17
 70
     1
102
RTVSPropertyOp18
 70
     1
102
RTVSPropertyOp19
 70
     1
102
RTVSPropertyOp20
 70
     1
102
RTVSPropertyOp21
 70
     1
102
RTVSPropertyOp22
 70
     1
102
RTVSPropertyOp23
 70
     1
102
RTVSPropertyOp24
 70
     1
102
RTVSPropertyOp25
 70
     1
102
RTVSPropertyOp26
 70
     1
102
RTVSPropertyOp27
 70
     1
  0
XRECORD
  5
13E9
102
{ACAD_REACTORS
330
13E8
102
}
330
13E8
100
AcDbXrecord
280
     1
102
RTVSPropertyOp0
 70
     1
102
RTVSPropertyOp1
 70
     1
102
RTVSPropertyOp2
 70
     1
102
RTVSPropertyOp3
 70
     1
102
RTVSPropertyOp4
 70
     1
102
RTVSPropertyOp5
 70
     1
102
RTVSPropertyOp6
 70
     1
102
RTVSPropertyOp7
 70
     1
102
RTVSPropertyOp8
 70
     1
102
RTVSPropertyOp9
 70
     1
102
RTVSPropertyOp10
 70
     1
102
RTVSPropertyOp11
 70
     1
102
RTVSPropertyOp12
 70
     1
102
RTVSPropertyOp13
 70
     1
102
RTVSPropertyOp14
 70
     1
102
RTVSPropertyOp15
 70
     1
102
RTVSPropertyOp16
 70
     1
102
RTVSPropertyOp17
 70
     1
102
RTVSPropertyOp18
 70
     1
102
RTVSPropertyOp19
 70
     1
102
RTVSPropertyOp20
 70
     1
102
RTVSPropertyOp21
 70
     1
102
RTVSPropertyOp22
 70
     1
102
RTVSPropertyOp23
 70
     1
102
RTVSPropertyOp24
 70
     1
102
RTVSPropertyOp25
 70
     1
102
RTVSPropertyOp26
 70
     1
102
RTVSPropertyOp27
 70
     1
  0
XRECORD
  5
13F1
102
{ACAD_REACTORS
330
13F0
102
}
330
13F0
100
AcDbXrecord
280
     1
102
RTVSPropertyOp0
 70
     1
102
RTVSPropertyOp1
 70
     1
102
RTVSPropertyOp2
 70
     1
102
RTVSPropertyOp3
 70
     1
102
RTVSPropertyOp4
 70
     1
102
RTVSPropertyOp5
 70
     1
102
RTVSPropertyOp6
 70
     1
102
RTVSPropertyOp7
 70
     1
102
RTVSPropertyOp8
 70
     1
102
RTVSPropertyOp9
 70
     1
102
RTVSPropertyOp10
 70
     1
102
RTVSPropertyOp11
 70
     1
102
RTVSPropertyOp12
 70
     1
102
RTVSPropertyOp13
 70
     1
102
RTVSPropertyOp14
 70
     1
102
RTVSPropertyOp15
 70
     1
102
RTVSPropertyOp16
 70
     1
102
RTVSPropertyOp17
 70
     1
102
RTVSPropertyOp18
 70
     1
102
RTVSPropertyOp19
 70
     1
102
RTVSPropertyOp20
 70
     1
102
RTVSPropertyOp21
 70
     1
102
RTVSPropertyOp22
 70
     1
102
RTVSPropertyOp23
 70
     1
102
RTVSPropertyOp24
 70
     1
102
RTVSPropertyOp25
 70
     1
102
RTVSPropertyOp26
 70
     1
102
RTVSPropertyOp27
 70
     1
  0
XRECORD
  5
13E5
102
{ACAD_REACTORS
330
13E4
102
}
330
13E4
100
AcDbXrecord
280
     1
102
RTVSPropertyOp0
 70
     1
102
RTVSPropertyOp1
 70
     1
102
RTVSPropertyOp2
 70
     1
102
RTVSPropertyOp3
 70
     1
102
RTVSPropertyOp4
 70
     1
102
RTVSPropertyOp5
 70
     1
102
RTVSPropertyOp6
 70
     1
102
RTVSPropertyOp7
 70
     1
102
RTVSPropertyOp8
 70
     1
102
RTVSPropertyOp9
 70
     1
102
RTVSPropertyOp10
 70
     1
102
RTVSPropertyOp11
 70
     1
102
RTVSPropertyOp12
 70
     1
102
RTVSPropertyOp13
 70
     1
102
RTVSPropertyOp14
 70
     1
102
RTVSPropertyOp15
 70
     1
102
RTVSPropertyOp16
 70
     1
102
RTVSPropertyOp17
 70
     1
102
RTVSPropertyOp18
 70
     1
102
RTVSPropertyOp19
 70
     1
102
RTVSPropertyOp20
 70
     1
102
RTVSPropertyOp21
 70
     1
102
RTVSPropertyOp22
 70
     1
102
RTVSPropertyOp23
 70
     1
102
RTVSPropertyOp24
 70
     1
102
RTVSPropertyOp25
 70
     1
102
RTVSPropertyOp26
 70
     1
102
RTVSPropertyOp27
 70
     1
  0
XRECORD
  5
13E7
102
{ACAD_REACTORS
330
13E6
102
}
330
13E6
100
AcDbXrecord
280
     1
102
RTVSPropertyOp0
 70
     1
102
RTVSPropertyOp1
 70
     1
102
RTVSPropertyOp2
 70
     1
102
RTVSPropertyOp3
 70
     1
102
RTVSPropertyOp4
 70
     1
102
RTVSPropertyOp5
 70
     1
102
RTVSPropertyOp6
 70
     1
102
RTVSPropertyOp7
 70
     1
102
RTVSPropertyOp8
 70
     1
102
RTVSPropertyOp9
 70
     1
102
RTVSPropertyOp10
 70
     1
102
RTVSPropertyOp11
 70
     1
102
RTVSPropertyOp12
 70
     1
102
RTVSPropertyOp13
 70
     1
102
RTVSPropertyOp14
 70
     1
102
RTVSPropertyOp15
 70
     1
102
RTVSPropertyOp16
 70
     1
102
RTVSPropertyOp17
 70
     1
102
RTVSPropertyOp18
 70
     1
102
RTVSPropertyOp19
 70
     1
102
RTVSPropertyOp20
 70
     1
102
RTVSPropertyOp21
 70
     1
102
RTVSPropertyOp22
 70
     1
102
RTVSPropertyOp23
 70
     1
102
RTVSPropertyOp24
 70
     1
102
RTVSPropertyOp25
 70
     1
102
RTVSPropertyOp26
 70
     1
102
RTVSPropertyOp27
 70
     1
  0
XRECORD
  5
13EF
102
{ACAD_REACTORS
330
13EE
102
}
330
13EE
100
AcDbXrecord
280
     1
102
RTVSPropertyOp0
 70
     1
102
RTVSPropertyOp1
 70
     1
102
RTVSPropertyOp2
 70
     1
102
RTVSPropertyOp3
 70
     1
102
RTVSPropertyOp4
 70
     1
102
RTVSPropertyOp5
 70
     1
102
RTVSPropertyOp6
 70
     1
102
RTVSPropertyOp7
 70
     1
102
RTVSPropertyOp8
 70
     1
102
RTVSPropertyOp9
 70
     1
102
RTVSPropertyOp10
 70
     1
102
RTVSPropertyOp11
 70
     1
102
RTVSPropertyOp12
 70
     1
102
RTVSPropertyOp13
 70
     1
102
RTVSPropertyOp14
 70
     1
102
RTVSPropertyOp15
 70
     1
102
RTVSPropertyOp16
 70
     1
102
RTVSPropertyOp17
 70
     1
102
RTVSPropertyOp18
 70
     1
102
RTVSPropertyOp19
 70
     1
102
RTVSPropertyOp20
 70
     1
102
RTVSPropertyOp21
 70
     1
102
RTVSPropertyOp22
 70
     1
102
RTVSPropertyOp23
 70
     1
102
RTVSPropertyOp24
 70
     1
102
RTVSPropertyOp25
 70
     1
102
RTVSPropertyOp26
 70
     1
102
RTVSPropertyOp27
 70
     1
  0
XRECORD
  5
13D3
102
{ACAD_REACTORS
330
13D2
102
}
330
13D2
100
AcDbXrecord
280
     1
102
RTVSPropertyOp0
 70
     1
102
RTVSPropertyOp1
 70
     1
102
RTVSPropertyOp2
 70
     1
102
RTVSPropertyOp3
 70
     1
102
RTVSPropertyOp4
 70
     1
102
RTVSPropertyOp5
 70
     1
102
RTVSPropertyOp6
 70
     1
102
RTVSPropertyOp7
 70
     1
102
RTVSPropertyOp8
 70
     1
102
RTVSPropertyOp9
 70
     1
102
RTVSPropertyOp10
 70
     1
102
RTVSPropertyOp11
 70
     1
102
RTVSPropertyOp12
 70
     1
102
RTVSPropertyOp13
 70
     1
102
RTVSPropertyOp14
 70
     1
102
RTVSPropertyOp15
 70
     1
102
RTVSPropertyOp16
 70
     1
102
RTVSPropertyOp17
 70
     1
102
RTVSPropertyOp18
 70
     1
102
RTVSPropertyOp19
 70
     1
102
RTVSPropertyOp20
 70
     1
102
RTVSPropertyOp21
 70
     1
102
RTVSPropertyOp22
 70
     1
102
RTVSPropertyOp23
 70
     1
102
RTVSPropertyOp24
 70
     1
102
RTVSPropertyOp25
 70
     1
102
RTVSPropertyOp26
 70
     1
102
RTVSPropertyOp27
 70
     1
  0
XRECORD
  5
13D5
102
{ACAD_REACTORS
330
13D4
102
}
330
13D4
100
AcDbXrecord
280
     1
102
RTVSPropertyOp0
 70
     1
102
RTVSPropertyOp1
 70
     1
102
RTVSPropertyOp2
 70
     1
102
RTVSPropertyOp3
 70
     1
102
RTVSPropertyOp4
 70
     1
102
RTVSPropertyOp5
 70
     1
102
RTVSPropertyOp6
 70
     1
102
RTVSPropertyOp7
 70
     1
102
RTVSPropertyOp8
 70
     1
102
RTVSPropertyOp9
 70
     1
102
RTVSPropertyOp10
 70
     1
102
RTVSPropertyOp11
 70
     1
102
RTVSPropertyOp12
 70
     1
102
RTVSPropertyOp13
 70
     1
102
RTVSPropertyOp14
 70
     1
102
RTVSPropertyOp15
 70
     1
102
RTVSPropertyOp16
 70
     1
102
RTVSPropertyOp17
 70
     1
102
RTVSPropertyOp18
 70
     1
102
RTVSPropertyOp19
 70
     1
102
RTVSPropertyOp20
 70
     1
102
RTVSPropertyOp21
 70
     1
102
RTVSPropertyOp22
 70
     1
102
RTVSPropertyOp23
 70
     1
102
RTVSPropertyOp24
 70
     1
102
RTVSPropertyOp25
 70
     1
102
RTVSPropertyOp26
 70
     1
102
RTVSPropertyOp27
 70
     1
  0
XRECORD
  5
13D7
102
{ACAD_REACTORS
330
13D6
102
}
330
13D6
100
AcDbXrecord
280
     1
102
RTVSPropertyOp0
 70
     1
102
RTVSPropertyOp1
 70
     1
102
RTVSPropertyOp2
 70
     1
102
RTVSPropertyOp3
 70
     1
102
RTVSPropertyOp4
 70
     1
102
RTVSPropertyOp5
 70
     1
102
RTVSPropertyOp6
 70
     1
102
RTVSPropertyOp7
 70
     1
102
RTVSPropertyOp8
 70
     1
102
RTVSPropertyOp9
 70
     1
102
RTVSPropertyOp10
 70
     1
102
RTVSPropertyOp11
 70
     1
102
RTVSPropertyOp12
 70
     1
102
RTVSPropertyOp13
 70
     1
102
RTVSPropertyOp14
 70
     1
102
RTVSPropertyOp15
 70
     1
102
RTVSPropertyOp16
 70
     1
102
RTVSPropertyOp17
 70
     1
102
RTVSPropertyOp18
 70
     1
102
RTVSPropertyOp19
 70
     1
102
RTVSPropertyOp20
 70
     1
102
RTVSPropertyOp21
 70
     1
102
RTVSPropertyOp22
 70
     1
102
RTVSPropertyOp23
 70
     1
102
RTVSPropertyOp24
 70
     1
102
RTVSPropertyOp25
 70
     1
102
RTVSPropertyOp26
 70
     1
102
RTVSPropertyOp27
 70
     1
  0
XRECORD
  5
13D9
102
{ACAD_REACTORS
330
13D8
102
}
330
13D8
100
AcDbXrecord
280
     1
102
RTVSPropertyOp0
 70
     1
102
RTVSPropertyOp1
 70
     1
102
RTVSPropertyOp2
 70
     1
102
RTVSPropertyOp3
 70
     1
102
RTVSPropertyOp4
 70
     1
102
RTVSPropertyOp5
 70
     1
102
RTVSPropertyOp6
 70
     1
102
RTVSPropertyOp7
 70
     1
102
RTVSPropertyOp8
 70
     1
102
RTVSPropertyOp9
 70
     1
102
RTVSPropertyOp10
 70
     1
102
RTVSPropertyOp11
 70
     1
102
RTVSPropertyOp12
 70
     1
102
RTVSPropertyOp13
 70
     1
102
RTVSPropertyOp14
 70
     1
102
RTVSPropertyOp15
 70
     1
102
RTVSPropertyOp16
 70
     1
102
RTVSPropertyOp17
 70
     1
102
RTVSPropertyOp18
 70
     1
102
RTVSPropertyOp19
 70
     1
102
RTVSPropertyOp20
 70
     1
102
RTVSPropertyOp21
 70
     1
102
RTVSPropertyOp22
 70
     1
102
RTVSPropertyOp23
 70
     1
102
RTVSPropertyOp24
 70
     1
102
RTVSPropertyOp25
 70
     1
102
RTVSPropertyOp26
 70
     1
102
RTVSPropertyOp27
 70
     1
  0
XRECORD
  5
13ED
102
{ACAD_REACTORS
330
13EC
102
}
330
13EC
100
AcDbXrecord
280
     1
102
RTVSPropertyOp0
 70
     1
102
RTVSPropertyOp1
 70
     1
102
RTVSPropertyOp2
 70
     1
102
RTVSPropertyOp3
 70
     1
102
RTVSPropertyOp4
 70
     1
102
RTVSPropertyOp5
 70
     1
102
RTVSPropertyOp6
 70
     1
102
RTVSPropertyOp7
 70
     1
102
RTVSPropertyOp8
 70
     1
102
RTVSPropertyOp9
 70
     1
102
RTVSPropertyOp10
 70
     1
102
RTVSPropertyOp11
 70
     1
102
RTVSPropertyOp12
 70
     1
102
RTVSPropertyOp13
 70
     1
102
RTVSPropertyOp14
 70
     1
102
RTVSPropertyOp15
 70
     1
102
RTVSPropertyOp16
 70
     1
102
RTVSPropertyOp17
 70
     1
102
RTVSPropertyOp18
 70
     1
102
RTVSPropertyOp19
 70
     1
102
RTVSPropertyOp20
 70
     1
102
RTVSPropertyOp21
 70
     1
102
RTVSPropertyOp22
 70
     1
102
RTVSPropertyOp23
 70
     1
102
RTVSPropertyOp24
 70
     1
102
RTVSPropertyOp25
 70
     1
102
RTVSPropertyOp26
 70
     1
102
RTVSPropertyOp27
 70
     1
  0
XRECORD
  5
13E3
102
{ACAD_REACTORS
330
13E2
102
}
330
13E2
100
AcDbXrecord
280
     1
102
RTVSPropertyOp0
 70
     1
102
RTVSPropertyOp1
 70
     1
102
RTVSPropertyOp2
 70
     1
102
RTVSPropertyOp3
 70
     1
102
RTVSPropertyOp4
 70
     1
102
RTVSPropertyOp5
 70
     1
102
RTVSPropertyOp6
 70
     1
102
RTVSPropertyOp7
 70
     1
102
RTVSPropertyOp8
 70
     1
102
RTVSPropertyOp9
 70
     1
102
RTVSPropertyOp10
 70
     1
102
RTVSPropertyOp11
 70
     1
102
RTVSPropertyOp12
 70
     1
102
RTVSPropertyOp13
 70
     1
102
RTVSPropertyOp14
 70
     1
102
RTVSPropertyOp15
 70
     1
102
RTVSPropertyOp16
 70
     1
102
RTVSPropertyOp17
 70
     1
102
RTVSPropertyOp18
 70
     1
102
RTVSPropertyOp19
 70
     1
102
RTVSPropertyOp20
 70
     1
102
RTVSPropertyOp21
 70
     1
102
RTVSPropertyOp22
 70
     1
102
RTVSPropertyOp23
 70
     1
102
RTVSPropertyOp24
 70
     1
102
RTVSPropertyOp25
 70
     1
102
RTVSPropertyOp26
 70
     1
102
RTVSPropertyOp27
 70
     1
  0
XRECORD
  5
13EB
102
{ACAD_REACTORS
330
13EA
102
}
330
13EA
100
AcDbXrecord
280
     1
102
RTVSPropertyOp0
 70
     1
102
RTVSPropertyOp1
 70
     1
102
RTVSPropertyOp2
 70
     1
102
RTVSPropertyOp3
 70
     1
102
RTVSPropertyOp4
 70
     1
102
RTVSPropertyOp5
 70
     1
102
RTVSPropertyOp6
 70
     1
102
RTVSPropertyOp7
 70
     1
102
RTVSPropertyOp8
 70
     1
102
RTVSPropertyOp9
 70
     1
102
RTVSPropertyOp10
 70
     1
102
RTVSPropertyOp11
 70
     1
102
RTVSPropertyOp12
 70
     1
102
RTVSPropertyOp13
 70
     1
102
RTVSPropertyOp14
 70
     1
102
RTVSPropertyOp15
 70
     1
102
RTVSPropertyOp16
 70
     1
102
RTVSPropertyOp17
 70
     1
102
RTVSPropertyOp18
 70
     1
102
RTVSPropertyOp19
 70
     1
102
RTVSPropertyOp20
 70
     1
102
RTVSPropertyOp21
 70
     1
102
RTVSPropertyOp22
 70
     1
102
RTVSPropertyOp23
 70
     1
102
RTVSPropertyOp24
 70
     1
102
RTVSPropertyOp25
 70
     1
102
RTVSPropertyOp26
 70
     1
102
RTVSPropertyOp27
 70
     1
  0
ENDSEC
  0
EOF
