  0
SECTION
  2
HEADER
  9
$ACADVER
  1
AC1015
  9
$ACADMAINTVER
 70
     6
  9
$DWGCODEPAGE
  3
ANSI_1252
  9
$INSBASE
 10
0.0
 20
0.0
 30
0.0
  9
$EXTMIN
 10
0.0
 20
0.0
 30
0.0
  9
$EXTMAX
 10
25.0
 20
35.0
 30
0.0
  9
$LIMMIN
 10
0.0
 20
0.0
  9
$LIMMAX
 10
420.0
 20
297.0
  9
$ORTHOMODE
 70
     0
  9
$REGENMODE
 70
     1
  9
$FILLMODE
 70
     1
  9
$QTEXTMODE
 70
     0
  9
$MIRRTEXT
 70
     1
  9
$LTSCALE
 40
8.0
  9
$ATTMODE
 70
     1
  9
$TEXTSIZE
 40
2.5
  9
$TRACEWID
 40
1.0
  9
$TEXTSTYLE
  7
Standard
  9
$CLAYER
  8
0
  9
$CELTYPE
  6
ByLayer
  9
$CECOLOR
 62
   256
  9
$CELTSCALE
 40
1.0
  9
$DISPSILH
 70
     0
  9
$DIMSCALE
 40
1.0
  9
$DIMASZ
 40
2.5
  9
$DIMEXO
 40
0.625
  9
$DIMDLI
 40
3.75
  9
$DIMRND
 40
0.0
  9
$DIMDLE
 40
0.0
  9
$DIMEXE
 40
1.25
  9
$DIMTP
 40
0.0
  9
$DIMTM
 40
0.0
  9
$DIMTXT
 40
2.5
  9
$DIMCEN
 40
2.5
  9
$DIMTSZ
 40
0.0
  9
$DIMTOL
 70
     0
  9
$DIMLIM
 70
     0
  9
$DIMTIH
 70
     0
  9
$DIMTOH
 70
     0
  9
$DIMSE1
 70
     0
  9
$DIMSE2
 70
     0
  9
$DIMTAD
 70
     1
  9
$DIMZIN
 70
     8
  9
$DIMBLK
  1

  9
$DIMASO
 70
     1
  9
$DIMSHO
 70
     1
  9
$DIMPOST
  1

  9
$DIMAPOST
  1

  9
$DIMALT
 70
     0
  9
$DIMALTD
 70
     3
  9
$DIMALTF
 40
0.03937007874016
  9
$DIMLFAC
 40
1.0
  9
$DIMTOFL
 70
     1
  9
$DIMTVP
 40
0.0
  9
$DIMTIX
 70
     0
  9
$DIMSOXD
 70
     0
  9
$DIMSAH
 70
     0
  9
$DIMBLK1
  1

  9
$DIMBLK2
  1

  9
$DIMSTYLE
  2
ISO-25
  9
$DIMCLRD
 70
     0
  9
$DIMCLRE
 70
     0
  9
$DIMCLRT
 70
     0
  9
$DIMTFAC
 40
1.0
  9
$DIMGAP
 40
0.625
  9
$DIMJUST
 70
     0
  9
$DIMSD1
 70
     0
  9
$DIMSD2
 70
     0
  9
$DIMTOLJ
 70
     0
  9
$DIMTZIN
 70
     8
  9
$DIMALTZ
 70
     0
  9
$DIMALTTZ
 70
     0
  9
$DIMUPT
 70
     0
  9
$DIMDEC
 70
     2
  9
$DIMTDEC
 70
     2
  9
$DIMALTU
 70
     2
  9
$DIMALTTD
 70
     3
  9
$DIMTXSTY
  7
Standard
  9
$DIMAUNIT
 70
     0
  9
$DIMADEC
 70
     0
  9
$DIMALTRND
 40
0.0
  9
$DIMAZIN
 70
     0
  9
$DIMDSEP
 70
    44
  9
$DIMATFIT
 70
     3
  9
$DIMFRAC
 70
     0
  9
$DIMLDRBLK
  1

  9
$DIMLUNIT
 70
     2
  9
$DIMLWD
 70
    -2
  9
$DIMLWE
 70
    -2
  9
$DIMTMOVE
 70
     0
  9
$LUNITS
 70
     2
  9
$LUPREC
 70
     4
  9
$SKETCHINC
 40
1.0
  9
$FILLETRAD
 40
10.0
  9
$AUNITS
 70
     0
  9
$AUPREC
 70
     0
  9
$MENU
  1
.
  9
$ELEVATION
 40
0.0
  9
$PELEVATION
 40
0.0
  9
$THICKNESS
 40
0.0
  9
$LIMCHECK
 70
     0
  9
$CHAMFERA
 40
10.0
  9
$CHAMFERB
 40
10.0
  9
$CHAMFERC
 40
20.0
  9
$CHAMFERD
 40
0.0
  9
$SKPOLY
 70
     0
  9
$TDCREATE
 40
2460285.974305556
  9
$TDUCREATE
 40
2460285.932638889
  9
$TDUPDATE
 40
2460285.977777778
  9
$TDUUPDATE
 40
2460285.936111111
  9
$TDINDWG
 40
0.0000000116
  9
$TDUSRTIMER
 40
0.0000000116
  9
$USRTIMER
 70
     1
  9
$ANGBASE
 50
0.0
  9
$ANGDIR
 70
     0
  9
$PDMODE
 70
     0
  9
$PDSIZE
 40
0.0
  9
$PLINEWID
 40
0.0
  9
$SPLFRAME
 70
     0
  9
$SPLINETYPE
 70
     6
  9
$SPLINESEGS
 70
     8
  9
$HANDSEED
  5
1CF6
  9
$SURFTAB1
 70
     6
  9
$SURFTAB2
 70
     6
  9
$SURFTYPE
 70
     6
  9
$SURFU
 70
     6
  9
$SURFV
 70
     6
  9
$UCSBASE
  2

  9
$UCSNAME
  2

  9
$UCSORG
 10
0.0
 20
0.0
 30
0.0
  9
$UCSXDIR
 10
1.0
 20
0.0
 30
0.0
  9
$UCSYDIR
 10
0.0
 20
1.0
 30
0.0
  9
$UCSORTHOREF
  2

  9
$UCSORTHOVIEW
 70
     0
  9
$UCSORGTOP
 10
0.0
 20
0.0
 30
0.0
  9
$UCSORGBOTTOM
 10
0.0
 20
0.0
 30
0.0
  9
$UCSORGLEFT
 10
0.0
 20
0.0
 30
0.0
  9
$UCSORGRIGHT
 10
0.0
 20
0.0
 30
0.0
  9
$UCSORGFRONT
 10
0.0
 20
0.0
 30
0.0
  9
$UCSORGBACK
 10
0.0
 20
0.0
 30
0.0
  9
$PUCSBASE
  2

  9
$PUCSNAME
  2

  9
$PUCSORG
 10
0.0
 20
0.0
 30
0.0
  9
$PUCSXDIR
 10
1.0
 20
0.0
 30
0.0
  9
$PUCSYDIR
 10
0.0
 20
1.0
 30
0.0
  9
$PUCSORTHOREF
  2

  9
$PUCSORTHOVIEW
 70
     0
  9
$PUCSORGTOP
 10
0.0
 20
0.0
 30
0.0
  9
$PUCSORGBOTTOM
 10
0.0
 20
0.0
 30
0.0
  9
$PUCSORGLEFT
 10
0.0
 20
0.0
 30
0.0
  9
$PUCSORGRIGHT
 10
0.0
 20
0.0
 30
0.0
  9
$PUCSORGFRONT
 10
0.0
 20
0.0
 30
0.0
  9
$PUCSORGBACK
 10
0.0
 20
0.0
 30
0.0
  9
$USERI1
 70
     0
  9
$USERI2
 70
     0
  9
$USERI3
 70
     0
  9
$USERI4
 70
     0
  9
$USERI5
 70
     0
  9
$USERR1
 40
0.0
  9
$USERR2
 40
0.0
  9
$USERR3
 40
0.0
  9
$USERR4
 40
0.0
  9
$USERR5
 40
0.0
  9
$WORLDVIEW
 70
     1
  9
$SHADEDGE
 70
     3
  9
$SHADEDIF
 70
    70
  9
$TILEMODE
 70
     1
  9
$MAXACTVP
 70
    64
  9
$PINSBASE
 10
0.0
 20
0.0
 30
0.0
  9
$PLIMCHECK
 70
     0
  9
$PEXTMIN
 10
1.000000000000000E+20
 20
1.000000000000000E+20
 30
1.000000000000000E+20
  9
$PEXTMAX
 10
-1.000000000000000E+20
 20
-1.000000000000000E+20
 30
-1.000000000000000E+20
  9
$PLIMMIN
 10
0.0
 20
0.0
  9
$PLIMMAX
 10
420.0
 20
297.0
  9
$UNITMODE
 70
     0
  9
$VISRETAIN
 70
     1
  9
$PLINEGEN
 70
     0
  9
$PSLTSCALE
 70
     1
  9
$TREEDEPTH
 70
  3020
  9
$CMLSTYLE
  2
Standard
  9
$CMLJUST
 70
     0
  9
$CMLSCALE
 40
20.0
  9
$PROXYGRAPHICS
 70
     1
  9
$MEASUREMENT
 70
     1
  9
$CELWEIGHT
370
    -1
  9
$ENDCAPS
280
     0
  9
$JOINSTYLE
280
     0
  9
$LWDISPLAY
290
     0
  9
$INSUNITS
 70
     4
  9
$HYPERLINKBASE
  1

  9
$STYLESHEET
  1

  9
$XEDIT
290
     1
  9
$CEPSNTYPE
380
     0
  9
$PSTYLEMODE
290
     1
  9
$FINGERPRINTGUID
  2
{0753C27E-7ECF-40C0-AD12-830408AC9B82}
  9
$VERSIONGUID
  2
{FAEB1C32-E019-11D5-929B-00C0DF256EC4}
  9
$EXTNAMES
290
     1
  9
$PSVPSCALE
 40
0.0
  9
$OLESTARTUP
290
     0
  0
ENDSEC
  0
SECTION
  2
CLASSES
  0
CLASS
  1
ACDBDICTIONARYWDFLT
  2
AcDbDictionaryWithDefault
  3
ObjectDBX Classes
 90
        0
280
     0
281
     0
  0
CLASS
  1
VISUALSTYLE
  2
AcDbVisualStyle
  3
ObjectDBX Classes
 90
     4095
280
     0
281
     0
  0
CLASS
  1
MATERIAL
  2
AcDbMaterial
  3
ObjectDBX Classes
 90
     1153
280
     0
281
     0
  0
CLASS
  1
SCALE
  2
AcDbScale
  3
ObjectDBX Classes
 90
     1153
280
     0
281
     0
  0
CLASS
  1
DICTIONARYVAR
  2
AcDbDictionaryVar
  3
ObjectDBX Classes
 90
        0
280
     0
281
     0
  0
CLASS
  1
ACDBPLACEHOLDER
  2
AcDbPlaceHolder
  3
ObjectDBX Classes
 90
        0
280
     0
281
     0
  0
CLASS
  1
LAYOUT
  2
AcDbLayout
  3
ObjectDBX Classes
 90
        0
280
     0
281
     0
  0
ENDSEC
  0
SECTION
  2
TABLES
  0
TABLE
  2
VPORT
  5
8
330
0
100
AcDbSymbolTable
 70
     1
  0
VPORT
  5
29
330
8
100
AcDbSymbolTableRecord
100
AcDbViewportTableRecord
  2
*Active
 70
     0
 10
0.0
 20
0.0
 11
1.0
 21
1.0
 12
11.26
 22
4.5
 13
0.0
 23
0.0
 14
10.0
 24
10.0
 15
10.0
 25
10.0
 16
0.0
 26
0.0
 36
1.0
 17
0.0
 27
0.0
 37
0.0
 40
9.0
 41
2.503333333333333
 42
50.0
 43
0.0
 44
0.0
 50
0.0
 51
0.0
 71
     0
 72
   100
 73
     1
 74
     3
 75
     0
 76
     0
 77
     0
 78
     0
281
     0
 65
     1
110
0.0
120
0.0
130
0.0
111
1.0
121
0.0
131
0.0
112
0.0
122
1.0
132
0.0
 79
     0
146
0.0
  0
ENDTAB
  0
TABLE
  2
LTYPE
  5
5
330
0
100
AcDbSymbolTable
 70
    10
  0
LTYPE
  5
14
330
5
100
AcDbSymbolTableRecord
100
AcDbLinetypeTableRecord
  2
ByBlock
 70
     0
  3

 72
    65
 73
     0
 40
0.0
  0
LTYPE
  5
15
330
5
100
AcDbSymbolTableRecord
100
AcDbLinetypeTableRecord
  2
ByLayer
 70
     0
  3

 72
    65
 73
     0
 40
0.0
  0
LTYPE
  5
16
330
5
100
AcDbSymbolTableRecord
100
AcDbLinetypeTableRecord
  2
Continuous
 70
     0
  3
Solid line
 72
    65
 73
     0
 40
0.0
  0
LTYPE
  5
45
330
5
100
AcDbSymbolTableRecord
100
AcDbLinetypeTableRecord
  2
phl_thick
 70
     0
  3
THICK
 72
    65
 73
     0
 40
0.0
  0
LTYPE
  5
C38
330
5
100
AcDbSymbolTableRecord
100
AcDbLinetypeTableRecord
  2
ls_SK2
 70
     0
  3
THIN
 72
    65
 73
     0
 40
0.0
  0
LTYPE
  5
CE5
330
5
100
AcDbSymbolTableRecord
100
AcDbLinetypeTableRecord
  2
SK1
 70
     0
  3
THICK
 72
    65
 73
     0
 40
0.0
  0
LTYPE
  5
CF3
330
5
100
AcDbSymbolTableRecord
100
AcDbLinetypeTableRecord
  2
ls1
 70
     0
  3
THICK
 72
    65
 73
     0
 40
0.0
  0
LTYPE
  5
CFA
330
5
100
AcDbSymbolTableRecord
100
AcDbLinetypeTableRecord
  2
NOCUT
 70
     0
  3
THICK
 72
    65
 73
     0
 40
0.0
  0
LTYPE
  5
D04
330
5
100
AcDbSymbolTableRecord
100
AcDbLinetypeTableRecord
  2
ls_2
 70
     0
  3
THIN
 72
    65
 73
     0
 40
0.0
  0
LTYPE
  5
E11
330
5
100
AcDbSymbolTableRecord
100
AcDbLinetypeTableRecord
  2
LONGDASH_DASH
 70
     0
  3
THIN_DASHDOT
 72
    65
 73
     4
 40
0.85
 49
0.4
 74
     0
 49
-0.2
 74
     0
 49
0.05
 74
     0
 49
-0.2
 74
     0
  0
LTYPE
  5
E57
330
5
100
AcDbSymbolTableRecord
100
AcDbLinetypeTableRecord
  2
ls_SK1
 70
     0
  3
THICK
 72
    65
 73
     0
 40
0.0
  0
LTYPE
  5
E9C
330
5
100
AcDbSymbolTableRecord
100
AcDbLinetypeTableRecord
  2
INFTOTAL
 70
     0
  3
THIN
 72
    65
 73
     0
 40
0.0
  0
ENDTAB
  0
TABLE
  2
LAYER
  5
2
330
0
100
AcDbSymbolTable
 70
    11
  0
LAYER
  5
10
330
2
100
AcDbSymbolTableRecord
100
AcDbLayerTableRecord
  2
0
 70
     0
 62
     7
  6
Continuous
370
    -3
390
F
  0
LAYER
  5
44
330
2
100
AcDbSymbolTableRecord
100
AcDbLayerTableRecord
  2
1
 70
     0
 62
4
  6
CONTINUOUS
370
50
370
    -3
390
F
  0
LAYER
  5
C37
330
2
100
AcDbSymbolTableRecord
100
AcDbLayerTableRecord
  2
SK2
 70
     0
 62
7
  6
CONTINUOUS
370
25
370
    -3
390
F
  0
LAYER
  5
CE4
330
2
100
AcDbSymbolTableRecord
100
AcDbLayerTableRecord
  2
SK1
 70
     0
 62
4
  6
CONTINUOUS
370
50
370
    -3
390
F
  0
LAYER
  5
CF2
330
2
100
AcDbSymbolTableRecord
100
AcDbLayerTableRecord
  2
CUT
 70
     0
 62
1
  6
CONTINUOUS
370
25
370
    -3
390
F
  0
LAYER
  5
CF9
330
2
100
AcDbSymbolTableRecord
100
AcDbLayerTableRecord
  2
NOCUT
 70
     0
 62
7
  6
CONTINUOUS
370
25
370
    -3
390
F
  0
LAYER
  5
D03
330
2
100
AcDbSymbolTableRecord
100
AcDbLayerTableRecord
  2
2
 70
     0
 62
7
  6
CONTINUOUS
370
25
370
    -3
390
F
  0
LAYER
  5
E10
330
2
100
AcDbSymbolTableRecord
100
AcDbLayerTableRecord
  2
4
 70
     0
 62
2
  6
LONGDASH_DASH
370
25
370
    -3
390
F
  0
LAYER
  5
E13
330
2
100
AcDbSymbolTableRecord
100
AcDbLayerTableRecord
  2
SK4
 70
     0
 62
2
  6
LONGDASH_DASH
370
25
370
    -3
390
F
  0
LAYER
  5
E90
330
2
100
AcDbSymbolTableRecord
100
AcDbLayerTableRecord
  2
SK6
 70
     0
 62
5
  6
CONTINUOUS
370
25
370
    -3
390
F
  0
LAYER
  5
E9B
330
2
100
AcDbSymbolTableRecord
100
AcDbLayerTableRecord
  2
INFTOTAL
 70
     0
 62
9
  6
CONTINUOUS
370
18
370
    -3
390
F
  0
ENDTAB
  0
TABLE
  2
STYLE
  5
3
330
0
100
AcDbSymbolTable
 70
     1
  0
STYLE
  5
11
330
3
100
AcDbSymbolTableRecord
100
AcDbTextStyleTableRecord
  2
Standard
 70
     0
 40
0.0
 41
1.0
 50
0.0
 71
     0
 42
2.5
  3
Monospac821 BT
  4

  0
ENDTAB
  0
TABLE
  2
VIEW
  5
6
330
0
100
AcDbSymbolTable
 70
     0
  0
ENDTAB
  0
TABLE
  2
UCS
  5
7
330
0
100
AcDbSymbolTable
 70
     0
  0
ENDTAB
  0
TABLE
  2
APPID
  5
9
330
0
100
AcDbSymbolTable
 70
     2
  0
APPID
  5
12
330
9
100
AcDbSymbolTableRecord
100
AcDbRegAppTableRecord
  2
ACAD
 70
     0
  0
APPID
  5
3F
330
9
100
AcDbSymbolTableRecord
100
AcDbRegAppTableRecord
  2
ccLab
 70
     0
  0
ENDTAB
  0
TABLE
  2
DIMSTYLE
  5
A
330
0
100
AcDbSymbolTable
 70
     1
100
AcDbDimStyleTable
  0
DIMSTYLE
105
27
330
A
100
AcDbSymbolTableRecord
100
AcDbDimStyleTableRecord
  2
ISO-25
 70
     0
 41
2.5
 42
0.625
 43
3.75
 44
1.25
 73
     0
 74
     0
 77
     1
 78
     8
140
2.5
141
2.5
143
0.03937007874016
147
0.625
171
     3
172
     1
271
     2
272
     2
274
     3
278
    44
283
     0
284
     8
340
11
  0
ENDTAB
  0
TABLE
  2
BLOCK_RECORD
  5
1
330
0
100
AcDbSymbolTable
 70
     2
  0
BLOCK_RECORD
  5
1F
330
1
100
AcDbSymbolTableRecord
100
AcDbBlockTableRecord
  2
*Model_Space
340
22
  0
BLOCK_RECORD
  5
1B
330
1
100
AcDbSymbolTableRecord
100
AcDbBlockTableRecord
  2
*Paper_Space
340
1E
  0
BLOCK_RECORD
  5
23
330
1
100
AcDbSymbolTableRecord
100
AcDbBlockTableRecord
  2
*Paper_Space0
340
26
  0
ENDTAB
  0
ENDSEC
  0
SECTION
  2
BLOCKS
  0
BLOCK
  5
20
330
1F
100
AcDbEntity
  8
0
100
AcDbBlockBegin
  2
*Model_Space
 70
     0
 10
0.0
 20
0.0
 30
0.0
  3
*Model_Space
  1

  0
ENDBLK
  5
21
330
1F
100
AcDbEntity
  8
0
100
AcDbBlockEnd
  0
BLOCK
  5
1C
330
1B
100
AcDbEntity
 67
     1
  8
0
100
AcDbBlockBegin
  2
*Paper_Space
 70
     0
 10
0.0
 20
0.0
 30
0.0
  3
*Paper_Space
  1

  0
ENDBLK
  5
1D
330
1B
100
AcDbEntity
 67
     1
  8
0
100
AcDbBlockEnd
  0
BLOCK
  5
24
330
23
100
AcDbEntity
  8
0
100
AcDbBlockBegin
  2
*Paper_Space0
 70
     0
 10
0.0
 20
0.0
 30
0.0
  3
*Paper_Space0
  1

  0
ENDBLK
  5
25
330
23
100
AcDbEntity
  8
0
100
AcDbBlockEnd
  0
ENDSEC
  0
SECTION
  2
ENTITIES
  0
LINE
  5
EA0
330
1F
100
AcDbEntity
  8
1
  6
CONTINUOUS
370
50
 62
4
100
AcDbLine
 10
66.37236
 20
-0.344095
 30
0.0
 11
66.371704
 21
-0.169559
 31
0.0
  0
LINE
  5
EA1
330
1F
100
AcDbEntity
  8
1
  6
CONTINUOUS
370
50
 62
4
100
AcDbLine
 10
35.643322
 20
0.7163919999999999
 30
0.0
 11
35.641762
 21
0.7565179999999999
 31
0.0
  0
LINE
  5
EA2
330
1F
100
AcDbEntity
  8
1
  6
CONTINUOUS
370
50
 62
4
100
AcDbLine
 10
66.37883
 20
-0.482271
 30
0.0
 11
66.371742
 21
-0.319694
 31
0.0
  0
LINE
  5
EA3
330
1F
100
AcDbEntity
  8
1
  6
CONTINUOUS
370
50
 62
4
100
AcDbLine
 10
66.381973
 20
-0.527386
 30
0.0
 11
66.37236
 21
-0.344095
 31
0.0
  0
LINE
  5
EA4
330
1F
100
AcDbEntity
  8
1
  6
CONTINUOUS
370
50
 62
4
100
AcDbLine
 10
66.392189
 20
-0.6441779999999999
 30
0.0
 11
66.37883
 21
-0.482271
 31
0.0
  0
LINE
  5
EA5
330
1F
100
AcDbEntity
  8
1
  6
CONTINUOUS
370
50
 62
4
100
AcDbLine
 10
66.400284
 20
-0.718487
 30
0.0
 11
66.381973
 21
-0.527386
 31
0.0
  0
LINE
  5
EA6
330
1F
100
AcDbEntity
  8
1
  6
CONTINUOUS
370
50
 62
4
100
AcDbLine
 10
35.647526
 20
0.6747909999999999
 30
0.0
 11
35.643322
 21
0.7163919999999999
 31
0.0
  0
LINE
  5
EA7
330
1F
100
AcDbEntity
  8
1
  6
CONTINUOUS
370
50
 62
4
100
AcDbLine
 10
66.410774
 20
-0.80328
 30
0.0
 11
66.392189
 21
-0.6441779999999999
 31
0.0
  0
LINE
  5
EA8
330
1F
100
AcDbEntity
  8
1
  6
CONTINUOUS
370
50
 62
4
100
AcDbLine
 10
66.42703999999999
 20
-0.916354
 30
0.0
 11
66.400284
 21
-0.718487
 31
0.0
  0
LINE
  5
EA9
330
1F
100
AcDbEntity
  8
1
  6
CONTINUOUS
370
50
 62
4
100
AcDbLine
 10
66.433968
 20
-0.9602529999999999
 30
0.0
 11
66.410774
 21
-0.80328
 31
0.0
  0
LINE
  5
EAA
330
1F
100
AcDbEntity
  8
1
  6
CONTINUOUS
370
50
 62
4
100
AcDbLine
 10
35.6544
 20
0.631753
 30
0.0
 11
35.647526
 21
0.6747909999999999
 31
0.0
  0
LINE
  5
EAB
330
1F
100
AcDbEntity
  8
1
  6
CONTINUOUS
370
50
 62
4
100
AcDbLine
 10
36.257477
 20
-0.454274
 30
0.0
 11
36.23502
 21
-0.316474
 31
0.0
  0
LINE
  5
EAC
330
1F
100
AcDbEntity
  8
1
  6
CONTINUOUS
370
50
 62
4
100
AcDbLine
 10
66.461975
 20
-1.119919
 30
0.0
 11
66.42703999999999
 21
-0.916354
 31
0.0
  0
LINE
  5
EAD
330
1F
100
AcDbEntity
  8
1
  6
CONTINUOUS
370
50
 62
4
100
AcDbLine
 10
66.461617
 20
-1.117621
 30
0.0
 11
66.433968
 21
-0.9602529999999999
 31
0.0
  0
LINE
  5
EAE
330
1F
100
AcDbEntity
  8
1
  6
CONTINUOUS
370
50
 62
4
100
AcDbLine
 10
36.283081
 20
-0.587379
 30
0.0
 11
36.257477
 21
-0.454274
 31
0.0
  0
LINE
  5
EAF
330
1F
100
AcDbEntity
  8
1
  6
CONTINUOUS
370
50
 62
4
100
AcDbLine
 10
66.493217
 20
-1.274575
 30
0.0
 11
66.461617
 21
-1.117621
 31
0.0
  0
LINE
  5
EB0
330
1F
100
AcDbEntity
  8
1
  6
CONTINUOUS
370
50
 62
4
100
AcDbLine
 10
66.50425
 20
-1.325777
 30
0.0
 11
66.461975
 21
-1.119919
 31
0.0
  0
LINE
  5
EB1
330
1F
100
AcDbEntity
  8
1
  6
CONTINUOUS
370
50
 62
4
100
AcDbLine
 10
35.66396
 20
0.587313
 30
0.0
 11
35.6544
 21
0.631753
 31
0.0
  0
LINE
  5
EB2
330
1F
100
AcDbEntity
  8
1
  6
CONTINUOUS
370
50
 62
4
100
AcDbLine
 10
36.311558
 20
-0.71539
 30
0.0
 11
36.283081
 21
-0.587379
 31
0.0
  0
LINE
  5
EB3
330
1F
100
AcDbEntity
  8
1
  6
CONTINUOUS
370
50
 62
4
100
AcDbLine
 10
66.528252
 20
-1.430284
 30
0.0
 11
66.493217
 21
-1.274575
 31
0.0
  0
LINE
  5
EB4
330
1F
100
AcDbEntity
  8
1
  6
CONTINUOUS
370
50
 62
4
100
AcDbLine
 10
66.55270399999999
 20
-1.530934
 30
0.0
 11
66.50425
 21
-1.325777
 31
0.0
  0
LINE
  5
EB5
330
1F
100
AcDbEntity
  8
1
  6
CONTINUOUS
370
50
 62
4
100
AcDbLine
 10
66.5662
 20
-1.583915
 30
0.0
 11
66.528252
 21
-1.430284
 31
0.0
  0
LINE
  5
EB6
330
1F
100
AcDbEntity
  8
1
  6
CONTINUOUS
370
50
 62
4
100
AcDbLine
 10
36.342644
 20
-0.837907
 30
0.0
 11
36.311558
 21
-0.71539
 31
0.0
  0
LINE
  5
EB7
330
1F
100
AcDbEntity
  8
1
  6
CONTINUOUS
370
50
 62
4
100
AcDbLine
 10
66.606346
 20
-1.733797
 30
0.0
 11
66.55270399999999
 21
-1.530934
 31
0.0
  0
LINE
  5
EB8
330
1F
100
AcDbEntity
  8
1
  6
CONTINUOUS
370
50
 62
4
100
AcDbLine
 10
66.606552
 20
-1.734637
 30
0.0
 11
66.5662
 21
-1.583915
 31
0.0
  0
LINE
  5
EB9
330
1F
100
AcDbEntity
  8
1
  6
CONTINUOUS
370
50
 62
4
100
AcDbLine
 10
35.676228
 20
0.541508
 30
0.0
 11
35.66396
 21
0.587313
 31
0.0
  0
LINE
  5
EBA
330
1F
100
AcDbEntity
  8
1
  6
CONTINUOUS
370
50
 62
4
100
AcDbLine
 10
36.98358899999999
 20
-9.237404
 30
0.0
 11
36.979492
 21
-9.222878
 31
0.0
  0
LINE
  5
EBB
330
1F
100
AcDbEntity
  8
1
  6
CONTINUOUS
370
50
 62
4
100
AcDbLine
 10
36.979492
 20
-9.222878
 30
0.0
 11
36.975395
 21
-9.208354
 31
0.0
  0
LINE
  5
EBC
330
1F
100
AcDbEntity
  8
1
  6
CONTINUOUS
370
50
 62
4
100
AcDbLine
 10
36.995892
 20
-9.281003
 30
0.0
 11
36.991791
 21
-9.266467
 31
0.0
  0
LINE
  5
EBD
330
1F
100
AcDbEntity
  8
1
  6
CONTINUOUS
370
50
 62
4
100
AcDbLine
 10
36.975395
 20
-9.208354
 30
0.0
 11
36.971298
 21
-9.193833
 31
0.0
  0
LINE
  5
EBE
330
1F
100
AcDbEntity
  8
1
  6
CONTINUOUS
370
50
 62
4
100
AcDbLine
 10
36.991791
 20
-9.266467
 30
0.0
 11
36.98769
 21
-9.251934
 31
0.0
  0
LINE
  5
EBF
330
1F
100
AcDbEntity
  8
1
  6
CONTINUOUS
370
50
 62
4
100
AcDbLine
 10
36.98769
 20
-9.251934
 30
0.0
 11
36.98358899999999
 21
-9.237404
 31
0.0
  0
LINE
  5
EC0
330
1F
100
AcDbEntity
  8
1
  6
CONTINUOUS
370
50
 62
4
100
AcDbLine
 10
37.0
 20
-9.295542
 30
0.0
 11
36.995892
 21
-9.281003
 31
0.0
  0
LINE
  5
EC1
330
1F
100
AcDbEntity
  8
1
  6
CONTINUOUS
370
50
 62
4
100
AcDbLine
 10
36.376045
 20
-0.954517
 30
0.0
 11
36.342644
 21
-0.837907
 31
0.0
  0
LINE
  5
EC2
330
1F
100
AcDbEntity
  8
1
  6
CONTINUOUS
370
50
 62
4
100
AcDbLine
 10
66.648788
 20
-1.881618
 30
0.0
 11
66.606552
 21
-1.734637
 31
0.0
  0
LINE
  5
EC3
330
1F
100
AcDbEntity
  8
1
  6
CONTINUOUS
370
50
 62
4
100
AcDbLine
 10
36.751511
 20
-8.441462999999999
 30
0.0
 11
36.715488
 21
-8.317580999999999
 31
0.0
  0
LINE
  5
EC4
330
1F
100
AcDbEntity
  8
1
  6
CONTINUOUS
370
50
 62
4
100
AcDbLine
 10
66.66420699999999
 20
-1.932775
 30
0.0
 11
66.606346
 21
-1.733797
 31
0.0
  0
LINE
  5
EC5
330
1F
100
AcDbEntity
  8
1
  6
CONTINUOUS
370
50
 62
4
100
AcDbLine
 10
36.787933
 20
-8.566556
 30
0.0
 11
36.751511
 21
-8.441462999999999
 31
0.0
  0
LINE
  5
EC6
330
1F
100
AcDbEntity
  8
1
  6
CONTINUOUS
370
50
 62
4
100
AcDbLine
 10
36.824623
 20
-8.692392
 30
0.0
 11
36.787933
 21
-8.566556
 31
0.0
  0
LINE
  5
EC7
330
1F
100
AcDbEntity
  8
1
  6
CONTINUOUS
370
50
 62
4
100
AcDbLine
 10
36.861443
 20
-8.818505
 30
0.0
 11
36.824623
 21
-8.692392
 31
0.0
  0
LINE
  5
EC8
330
1F
100
AcDbEntity
  8
1
  6
CONTINUOUS
370
50
 62
4
100
AcDbLine
 10
36.89825099999999
 20
-8.944427
 30
0.0
 11
36.861443
 21
-8.818505
 31
0.0
  0
LINE
  5
EC9
330
1F
100
AcDbEntity
  8
1
  6
CONTINUOUS
370
50
 62
4
100
AcDbLine
 10
36.934917
 20
-9.069693
 30
0.0
 11
36.89825099999999
 21
-8.944427
 31
0.0
  0
LINE
  5
ECA
330
1F
100
AcDbEntity
  8
1
  6
CONTINUOUS
370
50
 62
4
100
AcDbLine
 10
36.715488
 20
-8.317580999999999
 30
0.0
 11
36.687347
 21
-8.221456
 31
0.0
  0
LINE
  5
ECB
330
1F
100
AcDbEntity
  8
1
  6
CONTINUOUS
370
50
 62
4
100
AcDbLine
 10
36.971298
 20
-9.193833
 30
0.0
 11
36.934917
 21
-9.069693
 31
0.0
  0
LINE
  5
ECC
330
1F
100
AcDbEntity
  8
1
  6
CONTINUOUS
370
50
 62
4
100
AcDbLine
 10
36.687347
 20
-8.221456
 30
0.0
 11
36.658916
 21
-8.125821
 31
0.0
  0
LINE
  5
ECD
330
1F
100
AcDbEntity
  8
1
  6
CONTINUOUS
370
50
 62
4
100
AcDbLine
 10
36.658916
 20
-8.125821
 30
0.0
 11
36.63026
 21
-8.030925
 31
0.0
  0
LINE
  5
ECE
330
1F
100
AcDbEntity
  8
1
  6
CONTINUOUS
370
50
 62
4
100
AcDbLine
 10
66.692543
 20
-2.024479
 30
0.0
 11
66.648788
 21
-1.881618
 31
0.0
  0
LINE
  5
ECF
330
1F
100
AcDbEntity
  8
1
  6
CONTINUOUS
370
50
 62
4
100
AcDbLine
 10
36.63026
 20
-8.030925
 30
0.0
 11
36.601429
 21
-7.937011999999999
 31
0.0
  0
LINE
  5
ED0
330
1F
100
AcDbEntity
  8
1
  6
CONTINUOUS
370
50
 62
4
100
AcDbLine
 10
36.601429
 20
-7.937011999999999
 30
0.0
 11
36.572487
 21
-7.844328999999999
 31
0.0
  0
LINE
  5
ED1
330
1F
100
AcDbEntity
  8
1
  6
CONTINUOUS
370
50
 62
4
100
AcDbLine
 10
66.72531099999999
 20
-2.126277
 30
0.0
 11
66.66420699999999
 21
-1.932775
 31
0.0
  0
LINE
  5
ED2
330
1F
100
AcDbEntity
  8
1
  6
CONTINUOUS
370
50
 62
4
100
AcDbLine
 10
36.572487
 20
-7.844328999999999
 30
0.0
 11
36.543514
 21
-7.75319
 31
0.0
  0
LINE
  5
ED3
330
1F
100
AcDbEntity
  8
1
  6
CONTINUOUS
370
50
 62
4
100
AcDbLine
 10
35.691231
 20
0.494376
 30
0.0
 11
35.676228
 21
0.541508
 31
0.0
  0
LINE
  5
ED4
330
1F
100
AcDbEntity
  8
1
  6
CONTINUOUS
370
50
 62
4
100
AcDbLine
 10
36.411507
 20
-1.064902
 30
0.0
 11
36.376045
 21
-0.954517
 31
0.0
  0
LINE
  5
ED5
330
1F
100
AcDbEntity
  8
1
  6
CONTINUOUS
370
50
 62
4
100
AcDbLine
 10
36.543514
 20
-7.75319
 30
0.0
 11
36.514771
 21
-7.664441999999999
 31
0.0
  0
LINE
  5
ED6
330
1F
100
AcDbEntity
  8
1
  6
CONTINUOUS
370
50
 62
4
100
AcDbLine
 10
66.738655
 20
-2.166579
 30
0.0
 11
66.692543
 21
-2.024479
 31
0.0
  0
LINE
  5
ED7
330
1F
100
AcDbEntity
  8
1
  6
CONTINUOUS
370
50
 62
4
100
AcDbLine
 10
36.6628
 20
-8.25865
 30
0.0
 11
36.61235
 21
-8.105114
 31
0.0
  0
LINE
  5
ED8
330
1F
100
AcDbEntity
  8
1
  6
CONTINUOUS
370
50
 62
4
100
AcDbLine
 10
36.713757
 20
-8.413494
 30
0.0
 11
36.6628
 21
-8.25865
 31
0.0
  0
LINE
  5
ED9
330
1F
100
AcDbEntity
  8
1
  6
CONTINUOUS
370
50
 62
4
100
AcDbLine
 10
36.765083
 20
-8.569261
 30
0.0
 11
36.713757
 21
-8.413494
 31
0.0
  0
LINE
  5
EDA
330
1F
100
AcDbEntity
  8
1
  6
CONTINUOUS
370
50
 62
4
100
AcDbLine
 10
36.816639
 20
-8.725563
 30
0.0
 11
36.765083
 21
-8.569261
 31
0.0
  0
LINE
  5
EDB
330
1F
100
AcDbEntity
  8
1
  6
CONTINUOUS
370
50
 62
4
100
AcDbLine
 10
36.514771
 20
-7.664441999999999
 30
0.0
 11
36.486397
 21
-7.57848
 31
0.0
  0
LINE
  5
EDC
330
1F
100
AcDbEntity
  8
1
  6
CONTINUOUS
370
50
 62
4
100
AcDbLine
 10
36.868286
 20
-8.882016
 30
0.0
 11
36.816639
 21
-8.725563
 31
0.0
  0
LINE
  5
EDD
330
1F
100
AcDbEntity
  8
1
  6
CONTINUOUS
370
50
 62
4
100
AcDbLine
 10
36.919888
 20
-9.038236
 30
0.0
 11
36.868286
 21
-8.882016
 31
0.0
  0
LINE
  5
EDE
330
1F
100
AcDbEntity
  8
1
  6
CONTINUOUS
370
50
 62
4
100
AcDbLine
 10
36.971298
 20
-9.193833
 30
0.0
 11
36.919888
 21
-9.038236
 31
0.0
  0
LINE
  5
EDF
330
1F
100
AcDbEntity
  8
1
  6
CONTINUOUS
370
50
 62
4
100
AcDbLine
 10
36.61235
 20
-8.105114
 30
0.0
 11
36.545837
 21
-7.904261
 31
0.0
  0
LINE
  5
EE0
330
1F
100
AcDbEntity
  8
1
  6
CONTINUOUS
370
50
 62
4
100
AcDbLine
 10
36.545837
 20
-7.904261
 30
0.0
 11
36.482113
 21
-7.714759
 31
0.0
  0
LINE
  5
EE1
330
1F
100
AcDbEntity
  8
1
  6
CONTINUOUS
370
50
 62
4
100
AcDbLine
 10
36.486397
 20
-7.57848
 30
0.0
 11
36.458496
 21
-7.495547999999999
 31
0.0
  0
LINE
  5
EE2
330
1F
100
AcDbEntity
  8
1
  6
CONTINUOUS
370
50
 62
4
100
AcDbLine
 10
36.27174
 20
-7.101356999999999
 30
0.0
 11
36.23502
 21
-6.992813
 31
0.0
  0
LINE
  5
EE3
330
1F
100
AcDbEntity
  8
1
  6
CONTINUOUS
370
50
 62
4
100
AcDbLine
 10
66.788834
 20
-2.31319
 30
0.0
 11
66.72531099999999
 21
-2.126277
 31
0.0
  0
LINE
  5
EE4
330
1F
100
AcDbEntity
  8
1
  6
CONTINUOUS
370
50
 62
4
100
AcDbLine
 10
36.482113
 20
-7.714759
 30
0.0
 11
36.421989
 21
-7.538138
 31
0.0
  0
LINE
  5
EE5
330
1F
100
AcDbEntity
  8
1
  6
CONTINUOUS
370
50
 62
4
100
AcDbLine
 10
66.78717
 20
-2.30826
 30
0.0
 11
66.738655
 21
-2.166579
 31
0.0
  0
LINE
  5
EE6
330
1F
100
AcDbEntity
  8
1
  6
CONTINUOUS
370
50
 62
4
100
AcDbLine
 10
36.458496
 20
-7.495547999999999
 30
0.0
 11
36.43116
 21
-7.415894
 31
0.0
  0
LINE
  5
EE7
330
1F
100
AcDbEntity
  8
1
  6
CONTINUOUS
370
50
 62
4
100
AcDbLine
 10
36.421989
 20
-7.538138
 30
0.0
 11
36.366283
 21
-7.375929999999999
 31
0.0
  0
LINE
  5
EE8
330
1F
100
AcDbEntity
  8
1
  6
CONTINUOUS
370
50
 62
4
100
AcDbLine
 10
36.315845
 20
-7.229706999999999
 30
0.0
 11
36.27174
 21
-7.101356999999999
 31
0.0
  0
LINE
  5
EE9
330
1F
100
AcDbEntity
  8
1
  6
CONTINUOUS
370
50
 62
4
100
AcDbLine
 10
36.366283
 20
-7.375929999999999
 30
0.0
 11
36.315845
 21
-7.229706999999999
 31
0.0
  0
LINE
  5
EEA
330
1F
100
AcDbEntity
  8
1
  6
CONTINUOUS
370
50
 62
4
100
AcDbLine
 10
36.43116
 20
-7.415894
 30
0.0
 11
36.404491
 21
-7.339761999999999
 31
0.0
  0
LINE
  5
EEB
330
1F
100
AcDbEntity
  8
1
  6
CONTINUOUS
370
50
 62
4
100
AcDbLine
 10
36.404491
 20
-7.339761999999999
 30
0.0
 11
36.378643
 21
-7.267547
 31
0.0
  0
LINE
  5
EEC
330
1F
100
AcDbEntity
  8
1
  6
CONTINUOUS
370
50
 62
4
100
AcDbLine
 10
36.448818
 20
-1.168819
 30
0.0
 11
36.411507
 21
-1.064902
 31
0.0
  0
LINE
  5
EED
330
1F
100
AcDbEntity
  8
1
  6
CONTINUOUS
370
50
 62
4
100
AcDbLine
 10
66.837822
 20
-2.448876
 30
0.0
 11
66.78717
 21
-2.30826
 31
0.0
  0
LINE
  5
EEE
330
1F
100
AcDbEntity
  8
1
  6
CONTINUOUS
370
50
 62
4
100
AcDbLine
 10
66.855927
 20
-2.497684
 30
0.0
 11
66.788834
 21
-2.31319
 31
0.0
  0
LINE
  5
EEF
330
1F
100
AcDbEntity
  8
1
  6
CONTINUOUS
370
50
 62
4
100
AcDbLine
 10
36.378643
 20
-7.267547
 30
0.0
 11
36.353916
 21
-7.199981999999999
 31
0.0
  0
LINE
  5
EF0
330
1F
100
AcDbEntity
  8
1
  6
CONTINUOUS
370
50
 62
4
100
AcDbLine
 10
35.70882
 20
0.446381
 30
0.0
 11
35.691231
 21
0.494376
 31
0.0
  0
LINE
  5
EF1
330
1F
100
AcDbEntity
  8
1
  6
CONTINUOUS
370
50
 62
4
100
AcDbLine
 10
36.353916
 20
-7.199981999999999
 30
0.0
 11
36.330425
 21
-7.137235
 31
0.0
  0
LINE
  5
EF2
330
1F
100
AcDbEntity
  8
1
  6
CONTINUOUS
370
50
 62
4
100
AcDbLine
 10
66.890366
 20
-2.587782
 30
0.0
 11
66.837822
 21
-2.448876
 31
0.0
  0
LINE
  5
EF3
330
1F
100
AcDbEntity
  8
1
  6
CONTINUOUS
370
50
 62
4
100
AcDbLine
 10
36.330425
 20
-7.137235
 30
0.0
 11
36.308258
 21
-7.07942
 31
0.0
  0
LINE
  5
EF4
330
1F
100
AcDbEntity
  8
1
  6
CONTINUOUS
370
50
 62
4
100
AcDbLine
 10
35.643612
 20
-6.963651
 30
0.0
 11
35.641754
 21
-6.958824
 31
0.0
  0
LINE
  5
EF5
330
1F
100
AcDbEntity
  8
1
  6
CONTINUOUS
370
50
 62
4
100
AcDbLine
 10
66.926529
 20
-2.6798
 30
0.0
 11
66.855927
 21
-2.497684
 31
0.0
  0
LINE
  5
EF6
330
1F
100
AcDbEntity
  8
1
  6
CONTINUOUS
370
50
 62
4
100
AcDbLine
 10
36.308258
 20
-7.07942
 30
0.0
 11
36.287518
 21
-7.026653
 31
0.0
  0
LINE
  5
EF7
330
1F
100
AcDbEntity
  8
1
  6
CONTINUOUS
370
50
 62
4
100
AcDbLine
 10
66.94453399999999
 20
-2.724331
 30
0.0
 11
66.890366
 21
-2.587782
 31
0.0
  0
LINE
  5
EF8
330
1F
100
AcDbEntity
  8
1
  6
CONTINUOUS
370
50
 62
4
100
AcDbLine
 10
36.487766
 20
-1.266026
 30
0.0
 11
36.448818
 21
-1.168819
 31
0.0
  0
LINE
  5
EF9
330
1F
100
AcDbEntity
  8
1
  6
CONTINUOUS
370
50
 62
4
100
AcDbLine
 10
36.287518
 20
-7.026653
 30
0.0
 11
36.268291
 21
-6.979049
 31
0.0
  0
LINE
  5
EFA
330
1F
100
AcDbEntity
  8
1
  6
CONTINUOUS
370
50
 62
4
100
AcDbLine
 10
35.728451
 20
0.398724
 30
0.0
 11
35.70882
 21
0.446381
 31
0.0
  0
LINE
  5
EFB
330
1F
100
AcDbEntity
  8
1
  6
CONTINUOUS
370
50
 62
4
100
AcDbLine
 10
67.000038
 20
-2.857868
 30
0.0
 11
66.926529
 21
-2.6798
 31
0.0
  0
LINE
  5
EFC
330
1F
100
AcDbEntity
  8
1
  6
CONTINUOUS
370
50
 62
4
100
AcDbLine
 10
67.000069
 20
-2.857878
 30
0.0
 11
66.94453399999999
 21
-2.724331
 31
0.0
  0
LINE
  5
EFD
330
1F
100
AcDbEntity
  8
1
  6
CONTINUOUS
370
50
 62
4
100
AcDbLine
 10
36.268291
 20
-6.979049
 30
0.0
 11
36.250732
 21
-6.936834999999999
 31
0.0
  0
LINE
  5
EFE
330
1F
100
AcDbEntity
  8
1
  6
CONTINUOUS
370
50
 62
4
100
AcDbLine
 10
50.040924
 20
6.793798
 30
0.0
 11
49.961151
 21
6.983153
 31
0.0
  0
LINE
  5
EFF
330
1F
100
AcDbEntity
  8
1
  6
CONTINUOUS
370
50
 62
4
100
AcDbLine
 10
52.600174
 20
6.99749
 30
0.0
 11
52.501163
 21
7.232088999999999
 31
0.0
  0
LINE
  5
F00
330
1F
100
AcDbEntity
  8
1
  6
CONTINUOUS
370
50
 62
4
100
AcDbLine
 10
60.200943
 20
6.336176999999999
 30
0.0
 11
60.12115499999999
 21
6.525112999999999
 31
0.0
  0
LINE
  5
F01
330
1F
100
AcDbEntity
  8
1
  6
CONTINUOUS
370
50
 62
4
100
AcDbLine
 10
39.880745
 20
7.219765
 30
0.0
 11
39.801155
 21
7.408071
 31
0.0
  0
LINE
  5
F02
330
1F
100
AcDbEntity
  8
1
  6
CONTINUOUS
370
50
 62
4
100
AcDbLine
 10
50.12109
 20
6.604686
 30
0.0
 11
50.040924
 21
6.793798
 31
0.0
  0
LINE
  5
F03
330
1F
100
AcDbEntity
  8
1
  6
CONTINUOUS
370
50
 62
4
100
AcDbLine
 10
42.440098
 20
7.404573
 30
0.0
 11
42.341164
 21
7.637949
 31
0.0
  0
LINE
  5
F04
330
1F
100
AcDbEntity
  8
1
  6
CONTINUOUS
370
50
 62
4
100
AcDbLine
 10
39.960724
 20
7.031377999999999
 30
0.0
 11
39.880745
 21
7.219765
 31
0.0
  0
LINE
  5
F05
330
1F
100
AcDbEntity
  8
1
  6
CONTINUOUS
370
50
 62
4
100
AcDbLine
 10
52.699791
 20
6.763057
 30
0.0
 11
52.600174
 21
6.99749
 31
0.0
  0
LINE
  5
F06
330
1F
100
AcDbEntity
  8
1
  6
CONTINUOUS
370
50
 62
4
100
AcDbLine
 10
60.281136
 20
6.147745
 30
0.0
 11
60.200943
 21
6.336176999999999
 31
0.0
  0
LINE
  5
F07
330
1F
100
AcDbEntity
  8
1
  6
CONTINUOUS
370
50
 62
4
100
AcDbLine
 10
42.53964999999999
 20
7.170968999999999
 30
0.0
 11
42.440098
 21
7.404573
 31
0.0
  0
LINE
  5
F08
330
1F
100
AcDbEntity
  8
1
  6
CONTINUOUS
370
50
 62
4
100
AcDbLine
 10
40.041111
 20
6.84296
 30
0.0
 11
39.960724
 21
7.031377999999999
 31
0.0
  0
LINE
  5
F09
330
1F
100
AcDbEntity
  8
1
  6
CONTINUOUS
370
50
 62
4
100
AcDbLine
 10
50.201664
 20
6.41589
 30
0.0
 11
50.12109
 21
6.604686
 31
0.0
  0
LINE
  5
F0A
330
1F
100
AcDbEntity
  8
1
  6
CONTINUOUS
370
50
 62
4
100
AcDbLine
 10
52.80003
 20
6.528944999999999
 30
0.0
 11
52.699791
 21
6.763057
 31
0.0
  0
LINE
  5
F0B
330
1F
100
AcDbEntity
  8
1
  6
CONTINUOUS
370
50
 62
4
100
AcDbLine
 10
42.639824
 20
6.937285999999999
 30
0.0
 11
42.53964999999999
 21
7.170968999999999
 31
0.0
  0
LINE
  5
F0C
330
1F
100
AcDbEntity
  8
1
  6
CONTINUOUS
370
50
 62
4
100
AcDbLine
 10
40.121933
 20
6.65456
 30
0.0
 11
40.041111
 21
6.84296
 31
0.0
  0
LINE
  5
F0D
330
1F
100
AcDbEntity
  8
1
  6
CONTINUOUS
370
50
 62
4
100
AcDbLine
 10
60.361729
 20
5.959891
 30
0.0
 11
60.281136
 21
6.147745
 31
0.0
  0
LINE
  5
F0E
330
1F
100
AcDbEntity
  8
1
  6
CONTINUOUS
370
50
 62
4
100
AcDbLine
 10
50.282642
 20
6.227484
 30
0.0
 11
50.201664
 21
6.41589
 31
0.0
  0
LINE
  5
F0F
330
1F
100
AcDbEntity
  8
1
  6
CONTINUOUS
370
50
 62
4
100
AcDbLine
 10
36.250732
 20
-6.936834999999999
 30
0.0
 11
36.23502
 21
-6.900299
 31
0.0
  0
LINE
  5
F10
330
1F
100
AcDbEntity
  8
1
  6
CONTINUOUS
370
50
 62
4
100
AcDbLine
 10
42.740631
 20
6.703672
 30
0.0
 11
42.639824
 21
6.937285999999999
 31
0.0
  0
LINE
  5
F11
330
1F
100
AcDbEntity
  8
1
  6
CONTINUOUS
370
50
 62
4
100
AcDbLine
 10
40.203213
 20
6.466228
 30
0.0
 11
40.121933
 21
6.65456
 31
0.0
  0
LINE
  5
F12
330
1F
100
AcDbEntity
  8
1
  6
CONTINUOUS
370
50
 62
4
100
AcDbLine
 10
52.90089
 20
6.29531
 30
0.0
 11
52.80003
 21
6.528944999999999
 31
0.0
  0
LINE
  5
F13
330
1F
100
AcDbEntity
  8
1
  6
CONTINUOUS
370
50
 62
4
100
AcDbLine
 10
60.44273399999999
 20
5.77269
 30
0.0
 11
60.361729
 21
5.959891
 31
0.0
  0
LINE
  5
F14
330
1F
100
AcDbEntity
  8
1
  6
CONTINUOUS
370
50
 62
4
100
AcDbLine
 10
63.011803
 20
5.970984
 30
0.0
 11
62.953281
 21
6.106223
 31
0.0
  0
LINE
  5
F15
330
1F
100
AcDbEntity
  8
1
  6
CONTINUOUS
370
50
 62
4
100
AcDbLine
 10
50.364037
 20
6.039542
 30
0.0
 11
50.282642
 21
6.227484
 31
0.0
  0
LINE
  5
F16
330
1F
100
AcDbEntity
  8
1
  6
CONTINUOUS
370
50
 62
4
100
AcDbLine
 10
40.284966
 20
6.278011999999999
 30
0.0
 11
40.203213
 21
6.466228
 31
0.0
  0
LINE
  5
F17
330
1F
100
AcDbEntity
  8
1
  6
CONTINUOUS
370
50
 62
4
100
AcDbLine
 10
42.842079
 20
6.470275
 30
0.0
 11
42.740631
 21
6.703672
 31
0.0
  0
LINE
  5
F18
330
1F
100
AcDbEntity
  8
1
  6
CONTINUOUS
370
50
 62
4
100
AcDbLine
 10
63.070538
 20
5.836071
 30
0.0
 11
63.011803
 21
5.970984
 31
0.0
  0
LINE
  5
F19
330
1F
100
AcDbEntity
  8
1
  6
CONTINUOUS
370
50
 62
4
100
AcDbLine
 10
53.002388
 20
6.062307
 30
0.0
 11
52.90089
 21
6.29531
 31
0.0
  0
LINE
  5
F1A
330
1F
100
AcDbEntity
  8
1
  6
CONTINUOUS
370
50
 62
4
100
AcDbLine
 10
50.445847
 20
5.852137
 30
0.0
 11
50.364037
 21
6.039542
 31
0.0
  0
LINE
  5
F1B
330
1F
100
AcDbEntity
  8
1
  6
CONTINUOUS
370
50
 62
4
100
AcDbLine
 10
60.524147
 20
5.586215999999999
 30
0.0
 11
60.44273399999999
 21
5.77269
 31
0.0
  0
LINE
  5
F1C
330
1F
100
AcDbEntity
  8
1
  6
CONTINUOUS
370
50
 62
4
100
AcDbLine
 10
43.088821
 20
5.909625999999999
 30
0.0
 11
43.08284
 21
5.923309
 31
0.0
  0
LINE
  5
F1D
330
1F
100
AcDbEntity
  8
1
  6
CONTINUOUS
370
50
 62
4
100
AcDbLine
 10
40.367222
 20
6.089962
 30
0.0
 11
40.284966
 21
6.278011999999999
 31
0.0
  0
LINE
  5
F1E
330
1F
100
AcDbEntity
  8
1
  6
CONTINUOUS
370
50
 62
4
100
AcDbLine
 10
43.08284
 20
5.923309
 30
0.0
 11
43.076862
 21
5.936961
 31
0.0
  0
LINE
  5
F1F
330
1F
100
AcDbEntity
  8
1
  6
CONTINUOUS
370
50
 62
4
100
AcDbLine
 10
63.129482
 20
5.701514
 30
0.0
 11
63.070538
 21
5.836071
 31
0.0
  0
LINE
  5
F20
330
1F
100
AcDbEntity
  8
1
  6
CONTINUOUS
370
50
 62
4
100
AcDbLine
 10
41.09676
 20
-6.454357
 30
0.0
 11
41.07123199999999
 21
-6.396089
 31
0.0
  0
LINE
  5
F21
330
1F
100
AcDbEntity
  8
1
  6
CONTINUOUS
370
50
 62
4
100
AcDbLine
 10
42.944187
 20
6.237244
 30
0.0
 11
42.842079
 21
6.470275
 31
0.0
  0
LINE
  5
F22
330
1F
100
AcDbEntity
  8
1
  6
CONTINUOUS
370
50
 62
4
100
AcDbLine
 10
43.076862
 20
5.936961
 30
0.0
 11
43.070881
 21
5.95058
 31
0.0
  0
LINE
  5
F23
330
1F
100
AcDbEntity
  8
1
  6
CONTINUOUS
370
50
 62
4
100
AcDbLine
 10
53.248821
 20
5.505129999999999
 30
0.0
 11
53.242893
 21
5.518617
 31
0.0
  0
LINE
  5
F24
330
1F
100
AcDbEntity
  8
1
  6
CONTINUOUS
370
50
 62
4
100
AcDbLine
 10
53.10453
 20
5.830090999999999
 30
0.0
 11
53.002388
 21
6.062307
 31
0.0
  0
LINE
  5
F25
330
1F
100
AcDbEntity
  8
1
  6
CONTINUOUS
370
50
 62
4
100
AcDbLine
 10
51.256721
 20
-6.79257
 30
0.0
 11
51.231236
 21
-6.734658
 31
0.0
  0
LINE
  5
F26
330
1F
100
AcDbEntity
  8
1
  6
CONTINUOUS
370
50
 62
4
100
AcDbLine
 10
50.528076
 20
5.665342
 30
0.0
 11
50.445847
 21
5.852137
 31
0.0
  0
LINE
  5
F27
330
1F
100
AcDbEntity
  8
1
  6
CONTINUOUS
370
50
 62
4
100
AcDbLine
 10
43.070881
 20
5.95058
 30
0.0
 11
43.064899
 21
5.964167
 31
0.0
  0
LINE
  5
F28
330
1F
100
AcDbEntity
  8
1
  6
CONTINUOUS
370
50
 62
4
100
AcDbLine
 10
60.605984
 20
5.400543
 30
0.0
 11
60.524147
 21
5.586215999999999
 31
0.0
  0
LINE
  5
F29
330
1F
100
AcDbEntity
  8
1
  6
CONTINUOUS
370
50
 62
4
100
AcDbLine
 10
53.242893
 20
5.518617
 30
0.0
 11
53.236961
 21
5.532071
 31
0.0
  0
LINE
  5
F2A
330
1F
100
AcDbEntity
  8
1
  6
CONTINUOUS
370
50
 62
4
100
AcDbLine
 10
63.188644
 20
5.567343
 30
0.0
 11
63.129482
 21
5.701514
 31
0.0
  0
LINE
  5
F2B
330
1F
100
AcDbEntity
  8
1
  6
CONTINUOUS
370
50
 62
4
100
AcDbLine
 10
43.064899
 20
5.964167
 30
0.0
 11
43.058918
 21
5.977721
 31
0.0
  0
LINE
  5
F2C
330
1F
100
AcDbEntity
  8
1
  6
CONTINUOUS
370
50
 62
4
100
AcDbLine
 10
53.236961
 20
5.532071
 30
0.0
 11
53.231033
 21
5.54549
 31
0.0
  0
LINE
  5
F2D
330
1F
100
AcDbEntity
  8
1
  6
CONTINUOUS
370
50
 62
4
100
AcDbLine
 10
43.046955
 20
6.004728
 30
0.0
 11
42.944187
 21
6.237244
 31
0.0
  0
LINE
  5
F2E
330
1F
100
AcDbEntity
  8
1
  6
CONTINUOUS
370
50
 62
4
100
AcDbLine
 10
40.392269
 20
6.033326
 30
0.0
 11
40.367222
 21
6.089962
 31
0.0
  0
LINE
  5
F2F
330
1F
100
AcDbEntity
  8
1
  6
CONTINUOUS
370
50
 62
4
100
AcDbLine
 10
41.122417
 20
-6.512369
 30
0.0
 11
41.09676
 21
-6.454357
 31
0.0
  0
LINE
  5
F30
330
1F
100
AcDbEntity
  8
1
  6
CONTINUOUS
370
50
 62
4
100
AcDbLine
 10
43.058918
 20
5.977721
 30
0.0
 11
43.052937
 21
5.991241
 31
0.0
  0
LINE
  5
F31
330
1F
100
AcDbEntity
  8
1
  6
CONTINUOUS
370
50
 62
4
100
AcDbLine
 10
44.980099
 20
4.514832
 30
0.0
 11
44.881165
 21
4.73847
 31
0.0
  0
LINE
  5
F32
330
1F
100
AcDbEntity
  8
1
  6
CONTINUOUS
370
50
 62
4
100
AcDbLine
 10
53.231033
 20
5.54549
 30
0.0
 11
53.225105
 21
5.558875
 31
0.0
  0
LINE
  5
F33
330
1F
100
AcDbEntity
  8
1
  6
CONTINUOUS
370
50
 62
4
100
AcDbLine
 10
43.052937
 20
5.991241
 30
0.0
 11
43.046955
 21
6.004728
 31
0.0
  0
LINE
  5
F34
330
1F
100
AcDbEntity
  8
1
  6
CONTINUOUS
370
50
 62
4
100
AcDbLine
 10
63.24802399999999
 20
5.43359
 30
0.0
 11
63.188644
 21
5.567343
 31
0.0
  0
LINE
  5
F35
330
1F
100
AcDbEntity
  8
1
  6
CONTINUOUS
370
50
 62
4
100
AcDbLine
 10
53.225105
 20
5.558875
 30
0.0
 11
53.21917699999999
 21
5.572225
 31
0.0
  0
LINE
  5
F36
330
1F
100
AcDbEntity
  8
1
  6
CONTINUOUS
370
50
 62
4
100
AcDbLine
 10
51.282345
 20
-6.85027
 30
0.0
 11
51.256721
 21
-6.79257
 31
0.0
  0
LINE
  5
F37
330
1F
100
AcDbEntity
  8
1
  6
CONTINUOUS
370
50
 62
4
100
AcDbLine
 10
61.416771
 20
-7.099164
 30
0.0
 11
61.391232
 21
-7.041663
 31
0.0
  0
LINE
  5
F38
330
1F
100
AcDbEntity
  8
1
  6
CONTINUOUS
370
50
 62
4
100
AcDbLine
 10
63.408821
 20
5.075051999999999
 30
0.0
 11
63.402908
 21
5.08836
 31
0.0
  0
LINE
  5
F39
330
1F
100
AcDbEntity
  8
1
  6
CONTINUOUS
370
50
 62
4
100
AcDbLine
 10
67.000069
 20
-7.611071
 30
0.0
 11
67.000061
 21
-7.611053
 31
0.0
  0
LINE
  5
F3A
330
1F
100
AcDbEntity
  8
1
  6
CONTINUOUS
370
50
 62
4
100
AcDbLine
 10
67.000023
 20
-7.611
 30
0.0
 11
67.00001499999999
 21
-7.610982
 31
0.0
  0
LINE
  5
F3B
330
1F
100
AcDbEntity
  8
1
  6
CONTINUOUS
370
50
 62
4
100
AcDbLine
 10
53.207321
 20
5.598818
 30
0.0
 11
53.10453
 21
5.830090999999999
 31
0.0
  0
LINE
  5
F3C
330
1F
100
AcDbEntity
  8
1
  6
CONTINUOUS
370
50
 62
4
100
AcDbLine
 10
60.68824
 20
5.215744
 30
0.0
 11
60.605984
 21
5.400543
 31
0.0
  0
LINE
  5
F3D
330
1F
100
AcDbEntity
  8
1
  6
CONTINUOUS
370
50
 62
4
100
AcDbLine
 10
53.21917699999999
 20
5.572225
 30
0.0
 11
53.213249
 21
5.58554
 31
0.0
  0
LINE
  5
F3E
330
1F
100
AcDbEntity
  8
1
  6
CONTINUOUS
370
50
 62
4
100
AcDbLine
 10
63.402908
 20
5.08836
 30
0.0
 11
63.39699599999999
 21
5.101633
 31
0.0
  0
LINE
  5
F3F
330
1F
100
AcDbEntity
  8
1
  6
CONTINUOUS
370
50
 62
4
100
AcDbLine
 10
50.553009
 20
5.609398
 30
0.0
 11
50.528076
 21
5.665342
 31
0.0
  0
LINE
  5
F40
330
1F
100
AcDbEntity
  8
1
  6
CONTINUOUS
370
50
 62
4
100
AcDbLine
 10
57.90284699999999
 20
8.028819
 30
0.0
 11
57.821831
 21
8.210378
 31
0.0
  0
LINE
  5
F41
330
1F
100
AcDbEntity
  8
1
  6
CONTINUOUS
370
50
 62
4
100
AcDbLine
 10
57.821831
 20
8.210378
 30
0.0
 11
57.741222
 21
8.391013
 31
0.0
  0
LINE
  5
F42
330
1F
100
AcDbEntity
  8
1
  6
CONTINUOUS
370
50
 62
4
100
AcDbLine
 10
57.984291
 20
7.846366
 30
0.0
 11
57.90284699999999
 21
8.028819
 31
0.0
  0
LINE
  5
F43
330
1F
100
AcDbEntity
  8
1
  6
CONTINUOUS
370
50
 62
4
100
AcDbLine
 10
57.741222
 20
8.391013
 30
0.0
 11
57.661007
 21
8.570693
 31
0.0
  0
LINE
  5
F44
330
1F
100
AcDbEntity
  8
1
  6
CONTINUOUS
370
50
 62
4
100
AcDbLine
 10
41.148186
 20
-6.570091
 30
0.0
 11
41.122417
 21
-6.512369
 31
0.0
  0
LINE
  5
F45
330
1F
100
AcDbEntity
  8
1
  6
CONTINUOUS
370
50
 62
4
100
AcDbLine
 10
53.213249
 20
5.58554
 30
0.0
 11
53.207321
 21
5.598818
 31
0.0
  0
LINE
  5
F46
330
1F
100
AcDbEntity
  8
1
  6
CONTINUOUS
370
50
 62
4
100
AcDbLine
 10
63.39699599999999
 20
5.101633
 30
0.0
 11
63.39108299999999
 21
5.114871
 31
0.0
  0
LINE
  5
F47
330
1F
100
AcDbEntity
  8
1
  6
CONTINUOUS
370
50
 62
4
100
AcDbLine
 10
60.86882
 20
7.236193
 30
0.0
 11
60.862885
 21
7.249479999999999
 31
0.0
  0
LINE
  5
F48
330
1F
100
AcDbEntity
  8
1
  6
CONTINUOUS
370
50
 62
4
100
AcDbLine
 10
58.066177
 20
7.663053
 30
0.0
 11
57.984291
 21
7.846366
 31
0.0
  0
LINE
  5
F49
330
1F
100
AcDbEntity
  8
1
  6
CONTINUOUS
370
50
 62
4
100
AcDbLine
 10
57.661007
 20
8.570693
 30
0.0
 11
57.58116099999999
 21
8.749386
 31
0.0
  0
LINE
  5
F4A
330
1F
100
AcDbEntity
  8
1
  6
CONTINUOUS
370
50
 62
4
100
AcDbLine
 10
44.358837
 20
-7.834511999999999
 30
0.0
 11
44.260101
 21
-7.613569999999999
 31
0.0
  0
LINE
  5
F4B
330
1F
100
AcDbEntity
  8
1
  6
CONTINUOUS
370
50
 62
4
100
AcDbLine
 10
63.307621
 20
5.300286
 30
0.0
 11
63.24802399999999
 21
5.43359
 31
0.0
  0
LINE
  5
F4C
330
1F
100
AcDbEntity
  8
1
  6
CONTINUOUS
370
50
 62
4
100
AcDbLine
 10
58.148533
 20
7.478909
 30
0.0
 11
58.066177
 21
7.663053
 31
0.0
  0
LINE
  5
F4D
330
1F
100
AcDbEntity
  8
1
  6
CONTINUOUS
370
50
 62
4
100
AcDbLine
 10
60.862885
 20
7.249479999999999
 30
0.0
 11
60.856953
 21
7.262741999999999
 31
0.0
  0
LINE
  5
F4E
330
1F
100
AcDbEntity
  8
1
  6
CONTINUOUS
370
50
 62
4
100
AcDbLine
 10
36.52814499999999
 20
-1.356281
 30
0.0
 11
36.487766
 21
-1.266026
 31
0.0
  0
LINE
  5
F4F
330
1F
100
AcDbEntity
  8
1
  6
CONTINUOUS
370
50
 62
4
100
AcDbLine
 10
42.42086399999999
 20
4.232152999999999
 30
0.0
 11
42.341141
 21
4.41025
 31
0.0
  0
LINE
  5
F50
330
1F
100
AcDbEntity
  8
1
  6
CONTINUOUS
370
50
 62
4
100
AcDbLine
 10
61.442436
 20
-7.156466999999999
 30
0.0
 11
61.416771
 21
-7.099164
 31
0.0
  0
LINE
  5
F51
330
1F
100
AcDbEntity
  8
1
  6
CONTINUOUS
370
50
 62
4
100
AcDbLine
 10
63.39108299999999
 20
5.114871
 30
0.0
 11
63.38517
 21
5.128073
 31
0.0
  0
LINE
  5
F52
330
1F
100
AcDbEntity
  8
1
  6
CONTINUOUS
370
50
 62
4
100
AcDbLine
 10
51.308086
 20
-6.907725
 30
0.0
 11
51.282345
 21
-6.85027
 31
0.0
  0
LINE
  5
F53
330
1F
100
AcDbEntity
  8
1
  6
CONTINUOUS
370
50
 62
4
100
AcDbLine
 10
60.856953
 20
7.262741999999999
 30
0.0
 11
60.851017
 21
7.275976999999999
 31
0.0
  0
LINE
  5
F54
330
1F
100
AcDbEntity
  8
1
  6
CONTINUOUS
370
50
 62
4
100
AcDbLine
 10
41.819004
 20
-8.041368
 30
0.0
 11
41.739292
 21
-7.863649
 31
0.0
  0
LINE
  5
F55
330
1F
100
AcDbEntity
  8
1
  6
CONTINUOUS
370
50
 62
4
100
AcDbLine
 10
40.417625
 20
5.976821999999999
 30
0.0
 11
40.392269
 21
6.033326
 31
0.0
  0
LINE
  5
F56
330
1F
100
AcDbEntity
  8
1
  6
CONTINUOUS
370
50
 62
4
100
AcDbLine
 10
63.38517
 20
5.128073
 30
0.0
 11
63.379257
 21
5.14124
 31
0.0
  0
LINE
  5
F57
330
1F
100
AcDbEntity
  8
1
  6
CONTINUOUS
370
50
 62
4
100
AcDbLine
 10
60.851017
 20
7.275976999999999
 30
0.0
 11
60.845081
 21
7.289185
 31
0.0
  0
LINE
  5
F58
330
1F
100
AcDbEntity
  8
1
  6
CONTINUOUS
370
50
 62
4
100
AcDbLine
 10
58.173401
 20
7.423581
 30
0.0
 11
58.148533
 21
7.478909
 31
0.0
  0
LINE
  5
F59
330
1F
100
AcDbEntity
  8
1
  6
CONTINUOUS
370
50
 62
4
100
AcDbLine
 10
45.07958199999999
 20
4.293499
 30
0.0
 11
44.980099
 21
4.514832
 31
0.0
  0
LINE
  5
F5A
330
1F
100
AcDbEntity
  8
1
  6
CONTINUOUS
370
50
 62
4
100
AcDbLine
 10
44.260101
 20
-7.613569999999999
 30
0.0
 11
44.160698
 21
-7.392614999999999
 31
0.0
  0
LINE
  5
F5B
330
1F
100
AcDbEntity
  8
1
  6
CONTINUOUS
370
50
 62
4
100
AcDbLine
 10
54.518837
 20
-8.185794
 30
0.0
 11
54.420101
 21
-7.966521999999999
 31
0.0
  0
LINE
  5
F5C
330
1F
100
AcDbEntity
  8
1
  6
CONTINUOUS
370
50
 62
4
100
AcDbLine
 10
60.845081
 20
7.289185
 30
0.0
 11
60.839146
 21
7.302365
 31
0.0
  0
LINE
  5
F5D
330
1F
100
AcDbEntity
  8
1
  6
CONTINUOUS
370
50
 62
4
100
AcDbLine
 10
63.367435
 20
5.167462
 30
0.0
 11
63.307621
 21
5.300286
 31
0.0
  0
LINE
  5
F5E
330
1F
100
AcDbEntity
  8
1
  6
CONTINUOUS
370
50
 62
4
100
AcDbLine
 10
63.379257
 20
5.14124
 30
0.0
 11
63.373344
 21
5.154369
 31
0.0
  0
LINE
  5
F5F
330
1F
100
AcDbEntity
  8
1
  6
CONTINUOUS
370
50
 62
4
100
AcDbLine
 10
41.174049
 20
-6.627489
 30
0.0
 11
41.148186
 21
-6.570091
 31
0.0
  0
LINE
  5
F60
330
1F
100
AcDbEntity
  8
1
  6
CONTINUOUS
370
50
 62
4
100
AcDbLine
 10
41.739292
 20
-7.863649
 30
0.0
 11
41.659153
 21
-7.685802
 31
0.0
  0
LINE
  5
F61
330
1F
100
AcDbEntity
  8
1
  6
CONTINUOUS
370
50
 62
4
100
AcDbLine
 10
58.876766
 20
-4.818239
 30
0.0
 11
58.851234
 21
-4.76162
 31
0.0
  0
LINE
  5
F62
330
1F
100
AcDbEntity
  8
1
  6
CONTINUOUS
370
50
 62
4
100
AcDbLine
 10
59.598831
 20
-6.365028
 30
0.0
 11
59.51931
 21
-6.1887
 31
0.0
  0
LINE
  5
F63
330
1F
100
AcDbEntity
  8
1
  6
CONTINUOUS
370
50
 62
4
100
AcDbLine
 10
60.839146
 20
7.302365
 30
0.0
 11
60.833214
 21
7.315518
 31
0.0
  0
LINE
  5
F64
330
1F
100
AcDbEntity
  8
1
  6
CONTINUOUS
370
50
 62
4
100
AcDbLine
 10
60.71315
 20
5.160542
 30
0.0
 11
60.68824
 21
5.215744
 31
0.0
  0
LINE
  5
F65
330
1F
100
AcDbEntity
  8
1
  6
CONTINUOUS
370
50
 62
4
100
AcDbLine
 10
63.373344
 20
5.154369
 30
0.0
 11
63.367435
 21
5.167462
 31
0.0
  0
LINE
  5
F66
330
1F
100
AcDbEntity
  8
1
  6
CONTINUOUS
370
50
 62
4
100
AcDbLine
 10
60.622391
 20
7.781992
 30
0.0
 11
60.520897
 21
8.006772
 31
0.0
  0
LINE
  5
F67
330
1F
100
AcDbEntity
  8
1
  6
CONTINUOUS
370
50
 62
4
100
AcDbLine
 10
60.520897
 20
8.006772
 30
0.0
 11
60.420036
 21
8.230121
 31
0.0
  0
LINE
  5
F68
330
1F
100
AcDbEntity
  8
1
  6
CONTINUOUS
370
50
 62
4
100
AcDbLine
 10
61.468216
 20
-7.213540999999999
 30
0.0
 11
61.442436
 21
-7.156466999999999
 31
0.0
  0
LINE
  5
F69
330
1F
100
AcDbEntity
  8
1
  6
CONTINUOUS
370
50
 62
4
100
AcDbLine
 10
60.724514
 20
7.555906999999999
 30
0.0
 11
60.622391
 21
7.781992
 31
0.0
  0
LINE
  5
F6A
330
1F
100
AcDbEntity
  8
1
  6
CONTINUOUS
370
50
 62
4
100
AcDbLine
 10
36.995876
 20
-2.15281
 30
0.0
 11
36.991764
 21
-2.143708
 31
0.0
  0
LINE
  5
F6B
330
1F
100
AcDbEntity
  8
1
  6
CONTINUOUS
370
50
 62
4
100
AcDbLine
 10
36.975376
 20
-2.107456
 30
0.0
 11
36.971298
 21
-2.098433
 31
0.0
  0
LINE
  5
F6C
330
1F
100
AcDbEntity
  8
1
  6
CONTINUOUS
370
50
 62
4
100
AcDbLine
 10
60.833214
 20
7.315518
 30
0.0
 11
60.827282
 21
7.328643
 31
0.0
  0
LINE
  5
F6D
330
1F
100
AcDbEntity
  8
1
  6
CONTINUOUS
370
50
 62
4
100
AcDbLine
 10
60.420036
 20
8.230121
 30
0.0
 11
60.31979399999999
 21
8.451913
 31
0.0
  0
LINE
  5
F6E
330
1F
100
AcDbEntity
  8
1
  6
CONTINUOUS
370
50
 62
4
100
AcDbLine
 10
51.333931
 20
-6.964903
 30
0.0
 11
51.308086
 21
-6.907725
 31
0.0
  0
LINE
  5
F6F
330
1F
100
AcDbEntity
  8
1
  6
CONTINUOUS
370
50
 62
4
100
AcDbLine
 10
36.983555
 20
-2.12555
 30
0.0
 11
36.979462
 21
-2.116495
 31
0.0
  0
LINE
  5
F70
330
1F
100
AcDbEntity
  8
1
  6
CONTINUOUS
370
50
 62
4
100
AcDbLine
 10
36.979462
 20
-2.116495
 30
0.0
 11
36.975376
 21
-2.107456
 31
0.0
  0
LINE
  5
F71
330
1F
100
AcDbEntity
  8
1
  6
CONTINUOUS
370
50
 62
4
100
AcDbLine
 10
36.991764
 20
-2.143708
 30
0.0
 11
36.987656
 21
-2.134621
 31
0.0
  0
LINE
  5
F72
330
1F
100
AcDbEntity
  8
1
  6
CONTINUOUS
370
50
 62
4
100
AcDbLine
 10
36.987656
 20
-2.134621
 30
0.0
 11
36.983555
 21
-2.12555
 31
0.0
  0
LINE
  5
F73
330
1F
100
AcDbEntity
  8
1
  6
CONTINUOUS
370
50
 62
4
100
AcDbLine
 10
60.827282
 20
7.328643
 30
0.0
 11
60.724514
 21
7.555906999999999
 31
0.0
  0
LINE
  5
F74
330
1F
100
AcDbEntity
  8
1
  6
CONTINUOUS
370
50
 62
4
100
AcDbLine
 10
37.0
 20
-2.161928
 30
0.0
 11
36.995876
 21
-2.15281
 31
0.0
  0
LINE
  5
F75
330
1F
100
AcDbEntity
  8
1
  6
CONTINUOUS
370
50
 62
4
100
AcDbLine
 10
54.420101
 20
-7.966521999999999
 30
0.0
 11
54.320702
 21
-7.746855
 31
0.0
  0
LINE
  5
F76
330
1F
100
AcDbEntity
  8
1
  6
CONTINUOUS
370
50
 62
4
100
AcDbLine
 10
60.31979399999999
 20
8.451913
 30
0.0
 11
60.220173
 21
8.672023
 31
0.0
  0
LINE
  5
F77
330
1F
100
AcDbEntity
  8
1
  6
CONTINUOUS
370
50
 62
4
100
AcDbLine
 10
50.578247
 20
5.553661
 30
0.0
 11
50.553009
 21
5.609398
 31
0.0
  0
LINE
  5
F78
330
1F
100
AcDbEntity
  8
1
  6
CONTINUOUS
370
50
 62
4
100
AcDbLine
 10
41.659153
 20
-7.685802
 30
0.0
 11
41.57859
 21
-7.507905999999999
 31
0.0
  0
LINE
  5
F79
330
1F
100
AcDbEntity
  8
1
  6
CONTINUOUS
370
50
 62
4
100
AcDbLine
 10
51.978851
 20
-8.370673
 30
0.0
 11
51.899216
 21
-8.194951
 31
0.0
  0
LINE
  5
F7A
330
1F
100
AcDbEntity
  8
1
  6
CONTINUOUS
370
50
 62
4
100
AcDbLine
 10
44.160698
 20
-7.392614999999999
 30
0.0
 11
44.060616
 21
-7.171791
 31
0.0
  0
LINE
  5
F7B
330
1F
100
AcDbEntity
  8
1
  6
CONTINUOUS
370
50
 62
4
100
AcDbLine
 10
55.140179
 20
3.945434
 30
0.0
 11
55.04116399999999
 21
4.163883999999999
 31
0.0
  0
LINE
  5
F7C
330
1F
100
AcDbEntity
  8
1
  6
CONTINUOUS
370
50
 62
4
100
AcDbLine
 10
60.220173
 20
8.672023
 30
0.0
 11
60.121162
 21
8.890326
 31
0.0
  0
LINE
  5
F7D
330
1F
100
AcDbEntity
  8
1
  6
CONTINUOUS
370
50
 62
4
100
AcDbLine
 10
42.501007
 20
4.05548
 30
0.0
 11
42.42086399999999
 21
4.232152999999999
 31
0.0
  0
LINE
  5
F7E
330
1F
100
AcDbEntity
  8
1
  6
CONTINUOUS
370
50
 62
4
100
AcDbLine
 10
58.19858199999999
 20
7.368079
 30
0.0
 11
58.173401
 21
7.423581
 31
0.0
  0
LINE
  5
F7F
330
1F
100
AcDbEntity
  8
1
  6
CONTINUOUS
370
50
 62
4
100
AcDbLine
 10
50.70882
 20
7.486686
 30
0.0
 11
50.702896
 21
7.499717
 31
0.0
  0
LINE
  5
F80
330
1F
100
AcDbEntity
  8
1
  6
CONTINUOUS
370
50
 62
4
100
AcDbLine
 10
51.899216
 20
-8.194951
 30
0.0
 11
51.819138
 21
-8.018813
 31
0.0
  0
LINE
  5
F81
330
1F
100
AcDbEntity
  8
1
  6
CONTINUOUS
370
50
 62
4
100
AcDbLine
 10
35.749878
 20
0.351595
 30
0.0
 11
35.728451
 21
0.398724
 31
0.0
  0
LINE
  5
F82
330
1F
100
AcDbEntity
  8
1
  6
CONTINUOUS
370
50
 62
4
100
AcDbLine
 10
41.199993
 20
-6.684527999999999
 30
0.0
 11
41.174049
 21
-6.627489
 31
0.0
  0
LINE
  5
F83
330
1F
100
AcDbEntity
  8
1
  6
CONTINUOUS
370
50
 62
4
100
AcDbLine
 10
47.988483
 20
7.743062999999999
 30
0.0
 11
47.906181
 21
7.923931
 31
0.0
  0
LINE
  5
F84
330
1F
100
AcDbEntity
  8
1
  6
CONTINUOUS
370
50
 62
4
100
AcDbLine
 10
54.320702
 20
-7.746855
 30
0.0
 11
54.220619
 21
-7.526935
 31
0.0
  0
LINE
  5
F85
330
1F
100
AcDbEntity
  8
1
  6
CONTINUOUS
370
50
 62
4
100
AcDbLine
 10
47.906181
 20
7.923931
 30
0.0
 11
47.824299
 21
8.103806
 31
0.0
  0
LINE
  5
F86
330
1F
100
AcDbEntity
  8
1
  6
CONTINUOUS
370
50
 62
4
100
AcDbLine
 10
41.57859
 20
-7.507905999999999
 30
0.0
 11
41.497597
 21
-7.330039999999999
 31
0.0
  0
LINE
  5
F87
330
1F
100
AcDbEntity
  8
1
  6
CONTINUOUS
370
50
 62
4
100
AcDbLine
 10
50.702896
 20
7.499717
 30
0.0
 11
50.696972
 21
7.512724
 31
0.0
  0
LINE
  5
F88
330
1F
100
AcDbEntity
  8
1
  6
CONTINUOUS
370
50
 62
4
100
AcDbLine
 10
61.49409499999999
 20
-7.270352
 30
0.0
 11
61.468216
 21
-7.213540999999999
 31
0.0
  0
LINE
  5
F89
330
1F
100
AcDbEntity
  8
1
  6
CONTINUOUS
370
50
 62
4
100
AcDbLine
 10
47.824299
 20
8.103806
 30
0.0
 11
47.742832
 21
8.282627
 31
0.0
  0
LINE
  5
F8A
330
1F
100
AcDbEntity
  8
1
  6
CONTINUOUS
370
50
 62
4
100
AcDbLine
 10
59.51931
 20
-6.1887
 30
0.0
 11
59.439289
 21
-6.01307
 31
0.0
  0
LINE
  5
F8B
330
1F
100
AcDbEntity
  8
1
  6
CONTINUOUS
370
50
 62
4
100
AcDbLine
 10
40.44329099999999
 20
5.920513
 30
0.0
 11
40.417625
 21
5.976821999999999
 31
0.0
  0
LINE
  5
F8C
330
1F
100
AcDbEntity
  8
1
  6
CONTINUOUS
370
50
 62
4
100
AcDbLine
 10
50.696972
 20
7.512724
 30
0.0
 11
50.69105099999999
 21
7.525707
 31
0.0
  0
LINE
  5
F8D
330
1F
100
AcDbEntity
  8
1
  6
CONTINUOUS
370
50
 62
4
100
AcDbLine
 10
51.35986699999999
 20
-7.021769
 30
0.0
 11
51.333931
 21
-6.964903
 31
0.0
  0
LINE
  5
F8E
330
1F
100
AcDbEntity
  8
1
  6
CONTINUOUS
370
50
 62
4
100
AcDbLine
 10
47.742832
 20
8.282627
 30
0.0
 11
47.661774
 21
8.460329
 31
0.0
  0
LINE
  5
F8F
330
1F
100
AcDbEntity
  8
1
  6
CONTINUOUS
370
50
 62
4
100
AcDbLine
 10
58.902431
 20
-4.874502
 30
0.0
 11
58.876766
 21
-4.818239
 31
0.0
  0
LINE
  5
F90
330
1F
100
AcDbEntity
  8
1
  6
CONTINUOUS
370
50
 62
4
100
AcDbLine
 10
51.819138
 20
-8.018813
 30
0.0
 11
51.738613
 21
-7.842331
 31
0.0
  0
LINE
  5
F91
330
1F
100
AcDbEntity
  8
1
  6
CONTINUOUS
370
50
 62
4
100
AcDbLine
 10
48.013359
 20
7.688593
 30
0.0
 11
47.988483
 21
7.743062999999999
 31
0.0
  0
LINE
  5
F92
330
1F
100
AcDbEntity
  8
1
  6
CONTINUOUS
370
50
 62
4
100
AcDbLine
 10
49.438835
 20
-5.866916
 30
0.0
 11
49.359234
 21
-5.692684
 31
0.0
  0
LINE
  5
F93
330
1F
100
AcDbEntity
  8
1
  6
CONTINUOUS
370
50
 62
4
100
AcDbLine
 10
44.060616
 20
-7.171791
 30
0.0
 11
43.959846
 21
-6.951243
 31
0.0
  0
LINE
  5
F94
330
1F
100
AcDbEntity
  8
1
  6
CONTINUOUS
370
50
 62
4
100
AcDbLine
 10
47.661774
 20
8.460329
 30
0.0
 11
47.58112
 21
8.636847
 31
0.0
  0
LINE
  5
F95
330
1F
100
AcDbEntity
  8
1
  6
CONTINUOUS
370
50
 62
4
100
AcDbLine
 10
45.17965299999999
 20
4.074555
 30
0.0
 11
45.07958199999999
 21
4.293499
 31
0.0
  0
LINE
  5
F96
330
1F
100
AcDbEntity
  8
1
  6
CONTINUOUS
370
50
 62
4
100
AcDbLine
 10
50.69105099999999
 20
7.525707
 30
0.0
 11
50.68512699999999
 21
7.538665
 31
0.0
  0
LINE
  5
F97
330
1F
100
AcDbEntity
  8
1
  6
CONTINUOUS
370
50
 62
4
100
AcDbLine
 10
47.58112
 20
8.636847
 30
0.0
 11
47.500916
 21
8.812023
 31
0.0
  0
LINE
  5
F98
330
1F
100
AcDbEntity
  8
1
  6
CONTINUOUS
370
50
 62
4
100
AcDbLine
 10
54.220619
 20
-7.526935
 30
0.0
 11
54.11985
 21
-7.306901
 31
0.0
  0
LINE
  5
F99
330
1F
100
AcDbEntity
  8
1
  6
CONTINUOUS
370
50
 62
4
100
AcDbLine
 10
41.497597
 20
-7.330039999999999
 30
0.0
 11
41.41618
 21
-7.152279999999999
 31
0.0
  0
LINE
  5
F9A
330
1F
100
AcDbEntity
  8
1
  6
CONTINUOUS
370
50
 62
4
100
AcDbLine
 10
50.68512699999999
 20
7.538665
 30
0.0
 11
50.679203
 21
7.551597999999999
 31
0.0
  0
LINE
  5
F9B
330
1F
100
AcDbEntity
  8
1
  6
CONTINUOUS
370
50
 62
4
100
AcDbLine
 10
58.224064
 20
7.312454
 30
0.0
 11
58.19858199999999
 21
7.368079
 31
0.0
  0
LINE
  5
F9C
330
1F
100
AcDbEntity
  8
1
  6
CONTINUOUS
370
50
 62
4
100
AcDbLine
 10
51.738613
 20
-7.842331
 30
0.0
 11
51.657635
 21
-7.665578999999999
 31
0.0
  0
LINE
  5
F9D
330
1F
100
AcDbEntity
  8
1
  6
CONTINUOUS
370
50
 62
4
100
AcDbLine
 10
50.679203
 20
7.551597999999999
 30
0.0
 11
50.673283
 21
7.564503999999999
 31
0.0
  0
LINE
  5
F9E
330
1F
100
AcDbEntity
  8
1
  6
CONTINUOUS
370
50
 62
4
100
AcDbLine
 10
47.500916
 20
8.812023
 30
0.0
 11
47.42116499999999
 21
8.985776
 31
0.0
  0
LINE
  5
F9F
330
1F
100
AcDbEntity
  8
1
  6
CONTINUOUS
370
50
 62
4
100
AcDbLine
 10
41.226002
 20
-6.741175999999999
 30
0.0
 11
41.199993
 21
-6.684527999999999
 31
0.0
  0
LINE
  5
FA0
330
1F
100
AcDbEntity
  8
1
  6
CONTINUOUS
370
50
 62
4
100
AcDbLine
 10
60.738369
 20
5.105621
 30
0.0
 11
60.71315
 21
5.160542
 31
0.0
  0
LINE
  5
FA1
330
1F
100
AcDbEntity
  8
1
  6
CONTINUOUS
370
50
 62
4
100
AcDbLine
 10
61.52005399999999
 20
-7.326867
 30
0.0
 11
61.49409499999999
 21
-7.270352
 31
0.0
  0
LINE
  5
FA2
330
1F
100
AcDbEntity
  8
1
  6
CONTINUOUS
370
50
 62
4
100
AcDbLine
 10
52.580875
 20
3.650855
 30
0.0
 11
52.501152
 21
3.824321
 31
0.0
  0
LINE
  5
FA3
330
1F
100
AcDbEntity
  8
1
  6
CONTINUOUS
370
50
 62
4
100
AcDbLine
 10
48.71678499999999
 20
-4.348335
 30
0.0
 11
48.691235
 21
-4.292771999999999
 31
0.0
  0
LINE
  5
FA4
330
1F
100
AcDbEntity
  8
1
  6
CONTINUOUS
370
50
 62
4
100
AcDbLine
 10
42.58157
 20
3.880325
 30
0.0
 11
42.501007
 21
4.05548
 31
0.0
  0
LINE
  5
FA5
330
1F
100
AcDbEntity
  8
1
  6
CONTINUOUS
370
50
 62
4
100
AcDbLine
 10
50.673283
 20
7.564503999999999
 30
0.0
 11
50.667358
 21
7.577385
 31
0.0
  0
LINE
  5
FA6
330
1F
100
AcDbEntity
  8
1
  6
CONTINUOUS
370
50
 62
4
100
AcDbLine
 10
51.385872
 20
-7.078289
 30
0.0
 11
51.35986699999999
 21
-7.021769
 31
0.0
  0
LINE
  5
FA7
330
1F
100
AcDbEntity
  8
1
  6
CONTINUOUS
370
50
 62
4
100
AcDbLine
 10
51.657635
 20
-7.665578999999999
 30
0.0
 11
51.57620199999999
 21
-7.488629
 31
0.0
  0
LINE
  5
FA8
330
1F
100
AcDbEntity
  8
1
  6
CONTINUOUS
370
50
 62
4
100
AcDbLine
 10
50.667358
 20
7.577385
 30
0.0
 11
50.564583
 21
7.800669999999999
 31
0.0
  0
LINE
  5
FA9
330
1F
100
AcDbEntity
  8
1
  6
CONTINUOUS
370
50
 62
4
100
AcDbLine
 10
48.038548
 20
7.633872999999999
 30
0.0
 11
48.013359
 21
7.688593
 31
0.0
  0
LINE
  5
FAA
330
1F
100
AcDbEntity
  8
1
  6
CONTINUOUS
370
50
 62
4
100
AcDbLine
 10
59.439289
 20
-6.01307
 30
0.0
 11
59.358765
 21
-5.838212
 31
0.0
  0
LINE
  5
FAB
330
1F
100
AcDbEntity
  8
1
  6
CONTINUOUS
370
50
 62
4
100
AcDbLine
 10
50.603794
 20
5.498195
 30
0.0
 11
50.578247
 21
5.553661
 31
0.0
  0
LINE
  5
FAC
330
1F
100
AcDbEntity
  8
1
  6
CONTINUOUS
370
50
 62
4
100
AcDbLine
 10
50.564583
 20
7.800669999999999
 30
0.0
 11
50.46244799999999
 21
8.022364
 31
0.0
  0
LINE
  5
FAD
330
1F
100
AcDbEntity
  8
1
  6
CONTINUOUS
370
50
 62
4
100
AcDbLine
 10
43.959846
 20
-6.951243
 30
0.0
 11
43.858383
 21
-6.731114
 31
0.0
  0
LINE
  5
FAE
330
1F
100
AcDbEntity
  8
1
  6
CONTINUOUS
370
50
 62
4
100
AcDbLine
 10
41.41618
 20
-7.152279999999999
 30
0.0
 11
41.334332
 21
-6.974707
 31
0.0
  0
LINE
  5
FAF
330
1F
100
AcDbEntity
  8
1
  6
CONTINUOUS
370
50
 62
4
100
AcDbLine
 10
54.11985
 20
-7.306901
 30
0.0
 11
54.018379
 21
-7.086894999999999
 31
0.0
  0
LINE
  5
FB0
330
1F
100
AcDbEntity
  8
1
  6
CONTINUOUS
370
50
 62
4
100
AcDbLine
 10
58.928207
 20
-4.930375
 30
0.0
 11
58.902431
 21
-4.874502
 31
0.0
  0
LINE
  5
FB1
330
1F
100
AcDbEntity
  8
1
  6
CONTINUOUS
370
50
 62
4
100
AcDbLine
 10
55.239822
 20
3.729467
 30
0.0
 11
55.140179
 21
3.945434
 31
0.0
  0
LINE
  5
FB2
330
1F
100
AcDbEntity
  8
1
  6
CONTINUOUS
370
50
 62
4
100
AcDbLine
 10
50.46244799999999
 20
8.022364
 30
0.0
 11
50.360947
 21
8.242348999999999
 31
0.0
  0
LINE
  5
FB3
330
1F
100
AcDbEntity
  8
1
  6
CONTINUOUS
370
50
 62
4
100
AcDbLine
 10
51.97890899999999
 20
-5.568004
 30
0.0
 11
51.880058
 21
-5.353966
 31
0.0
  0
LINE
  5
FB4
330
1F
100
AcDbEntity
  8
1
  6
CONTINUOUS
370
50
 62
4
100
AcDbLine
 10
61.971252
 20
-8.297361
 30
0.0
 11
61.914845
 21
-8.175245
 31
0.0
  0
LINE
  5
FB5
330
1F
100
AcDbEntity
  8
1
  6
CONTINUOUS
370
50
 62
4
100
AcDbLine
 10
37.810345
 20
8.004207
 30
0.0
 11
37.731197
 21
8.175447
 31
0.0
  0
LINE
  5
FB6
330
1F
100
AcDbEntity
  8
1
  6
CONTINUOUS
370
50
 62
4
100
AcDbLine
 10
49.359234
 20
-5.692684
 30
0.0
 11
49.279228
 21
-5.5196
 31
0.0
  0
LINE
  5
FB7
330
1F
100
AcDbEntity
  8
1
  6
CONTINUOUS
370
50
 62
4
100
AcDbLine
 10
50.360947
 20
8.242348999999999
 30
0.0
 11
50.260075
 21
8.460504
 31
0.0
  0
LINE
  5
FB8
330
1F
100
AcDbEntity
  8
1
  6
CONTINUOUS
370
50
 62
4
100
AcDbLine
 10
51.57620199999999
 20
-7.488629
 30
0.0
 11
51.494305
 21
-7.311554999999999
 31
0.0
  0
LINE
  5
FB9
330
1F
100
AcDbEntity
  8
1
  6
CONTINUOUS
370
50
 62
4
100
AcDbLine
 10
58.24983599999999
 20
7.256759
 30
0.0
 11
58.224064
 21
7.312454
 31
0.0
  0
LINE
  5
FBA
330
1F
100
AcDbEntity
  8
1
  6
CONTINUOUS
370
50
 62
4
100
AcDbLine
 10
61.914845
 20
-8.175245
 30
0.0
 11
61.858265
 21
-8.052978999999999
 31
0.0
  0
LINE
  5
FBB
330
1F
100
AcDbEntity
  8
1
  6
CONTINUOUS
370
50
 62
4
100
AcDbLine
 10
40.46925
 20
5.864463
 30
0.0
 11
40.44329099999999
 21
5.920513
 31
0.0
  0
LINE
  5
FBC
330
1F
100
AcDbEntity
  8
1
  6
CONTINUOUS
370
50
 62
4
100
AcDbLine
 10
61.54607799999999
 20
-7.383054
 30
0.0
 11
61.52005399999999
 21
-7.326867
 31
0.0
  0
LINE
  5
FBD
330
1F
100
AcDbEntity
  8
1
  6
CONTINUOUS
370
50
 62
4
100
AcDbLine
 10
37.731197
 20
8.175447
 30
0.0
 11
37.652443
 21
8.345466
 31
0.0
  0
LINE
  5
FBE
330
1F
100
AcDbEntity
  8
1
  6
CONTINUOUS
370
50
 62
4
100
AcDbLine
 10
41.252056
 20
-6.797397999999999
 30
0.0
 11
41.226002
 21
-6.741175999999999
 31
0.0
  0
LINE
  5
FBF
330
1F
100
AcDbEntity
  8
1
  6
CONTINUOUS
370
50
 62
4
100
AcDbLine
 10
37.837654
 20
7.945298999999999
 30
0.0
 11
37.810345
 21
8.004207
 31
0.0
  0
LINE
  5
FC0
330
1F
100
AcDbEntity
  8
1
  6
CONTINUOUS
370
50
 62
4
100
AcDbLine
 10
39.279427
 20
-5.343484999999999
 30
0.0
 11
39.19623199999999
 21
-5.164029
 31
0.0
  0
LINE
  5
FC1
330
1F
100
AcDbEntity
  8
1
  6
CONTINUOUS
370
50
 62
4
100
AcDbLine
 10
61.858265
 20
-8.052978999999999
 30
0.0
 11
61.801498
 21
-7.930549
 31
0.0
  0
LINE
  5
FC2
330
1F
100
AcDbEntity
  8
1
  6
CONTINUOUS
370
50
 62
4
100
AcDbLine
 10
50.260075
 20
8.460504
 30
0.0
 11
50.159821
 21
8.676712
 31
0.0
  0
LINE
  5
FC3
330
1F
100
AcDbEntity
  8
1
  6
CONTINUOUS
370
50
 62
4
100
AcDbLine
 10
41.334332
 20
-6.974707
 30
0.0
 11
41.252056
 21
-6.797397999999999
 31
0.0
  0
LINE
  5
FC4
330
1F
100
AcDbEntity
  8
1
  6
CONTINUOUS
370
50
 62
4
100
AcDbLine
 10
48.064034
 20
7.578951999999999
 30
0.0
 11
48.038548
 21
7.633872999999999
 31
0.0
  0
LINE
  5
FC5
330
1F
100
AcDbEntity
  8
1
  6
CONTINUOUS
370
50
 62
4
100
AcDbLine
 10
64.225372
 20
-7.510851
 30
0.0
 11
64.189621
 21
-7.433826
 31
0.0
  0
LINE
  5
FC6
330
1F
100
AcDbEntity
  8
1
  6
CONTINUOUS
370
50
 62
4
100
AcDbLine
 10
51.411938
 20
-7.134430999999999
 30
0.0
 11
51.385872
 21
-7.078289
 31
0.0
  0
LINE
  5
FC7
330
1F
100
AcDbEntity
  8
1
  6
CONTINUOUS
370
50
 62
4
100
AcDbLine
 10
61.97125999999999
 20
-5.715061
 30
0.0
 11
61.895576
 21
-5.552072
 31
0.0
  0
LINE
  5
FC8
330
1F
100
AcDbEntity
  8
1
  6
CONTINUOUS
370
50
 62
4
100
AcDbLine
 10
61.801498
 20
-7.930549
 30
0.0
 11
61.744522
 21
-7.807938999999999
 31
0.0
  0
LINE
  5
FC9
330
1F
100
AcDbEntity
  8
1
  6
CONTINUOUS
370
50
 62
4
100
AcDbLine
 10
37.652443
 20
8.345466
 30
0.0
 11
37.573963
 21
8.514336
 31
0.0
  0
LINE
  5
FCA
330
1F
100
AcDbEntity
  8
1
  6
CONTINUOUS
370
50
 62
4
100
AcDbLine
 10
54.018379
 20
-7.086894999999999
 30
0.0
 11
53.916203
 21
-6.867058999999999
 31
0.0
  0
LINE
  5
FCB
330
1F
100
AcDbEntity
  8
1
  6
CONTINUOUS
370
50
 62
4
100
AcDbLine
 10
51.494305
 20
-7.311554999999999
 30
0.0
 11
51.411938
 21
-7.134430999999999
 31
0.0
  0
LINE
  5
FCC
330
1F
100
AcDbEntity
  8
1
  6
CONTINUOUS
370
50
 62
4
100
AcDbLine
 10
40.54882
 20
7.701859
 30
0.0
 11
40.543041
 21
7.714284999999999
 31
0.0
  0
LINE
  5
FCD
330
1F
100
AcDbEntity
  8
1
  6
CONTINUOUS
370
50
 62
4
100
AcDbLine
 10
45.280357
 20
3.858083
 30
0.0
 11
45.17965299999999
 21
4.074555
 31
0.0
  0
LINE
  5
FCE
330
1F
100
AcDbEntity
  8
1
  6
CONTINUOUS
370
50
 62
4
100
AcDbLine
 10
64.189621
 20
-7.433826
 30
0.0
 11
64.15377
 21
-7.356770999999999
 31
0.0
  0
LINE
  5
FCF
330
1F
100
AcDbEntity
  8
1
  6
CONTINUOUS
370
50
 62
4
100
AcDbLine
 10
50.159821
 20
8.676712
 30
0.0
 11
50.060188
 21
8.890854
 31
0.0
  0
LINE
  5
FD0
330
1F
100
AcDbEntity
  8
1
  6
CONTINUOUS
370
50
 62
4
100
AcDbLine
 10
43.858383
 20
-6.731114
 30
0.0
 11
43.75621
 21
-6.511549
 31
0.0
  0
LINE
  5
FD1
330
1F
100
AcDbEntity
  8
1
  6
CONTINUOUS
370
50
 62
4
100
AcDbLine
 10
48.742466
 20
-4.403521
 30
0.0
 11
48.71678499999999
 21
-4.348335
 31
0.0
  0
LINE
  5
FD2
330
1F
100
AcDbEntity
  8
1
  6
CONTINUOUS
370
50
 62
4
100
AcDbLine
 10
40.543041
 20
7.714284999999999
 30
0.0
 11
40.537266
 21
7.726688999999999
 31
0.0
  0
LINE
  5
FD3
330
1F
100
AcDbEntity
  8
1
  6
CONTINUOUS
370
50
 62
4
100
AcDbLine
 10
59.358765
 20
-5.838212
 30
0.0
 11
59.277786
 21
-5.664315999999999
 31
0.0
  0
LINE
  5
FD4
330
1F
100
AcDbEntity
  8
1
  6
CONTINUOUS
370
50
 62
4
100
AcDbLine
 10
61.744522
 20
-7.807938999999999
 30
0.0
 11
61.687321
 21
-7.685134
 31
0.0
  0
LINE
  5
FD5
330
1F
100
AcDbEntity
  8
1
  6
CONTINUOUS
370
50
 62
4
100
AcDbLine
 10
64.15377
 20
-7.356770999999999
 30
0.0
 11
64.11784399999999
 21
-7.279691
 31
0.0
  0
LINE
  5
FD6
330
1F
100
AcDbEntity
  8
1
  6
CONTINUOUS
370
50
 62
4
100
AcDbLine
 10
52.660999
 20
3.479128
 30
0.0
 11
52.580875
 21
3.650855
 31
0.0
  0
LINE
  5
FD7
330
1F
100
AcDbEntity
  8
1
  6
CONTINUOUS
370
50
 62
4
100
AcDbLine
 10
58.954082
 20
-4.985821
 30
0.0
 11
58.928207
 21
-4.930375
 31
0.0
  0
LINE
  5
FD8
330
1F
100
AcDbEntity
  8
1
  6
CONTINUOUS
370
50
 62
4
100
AcDbLine
 10
42.662537
 20
3.706832
 30
0.0
 11
42.58157
 21
3.880325
 31
0.0
  0
LINE
  5
FD9
330
1F
100
AcDbEntity
  8
1
  6
CONTINUOUS
370
50
 62
4
100
AcDbLine
 10
40.537266
 20
7.726688999999999
 30
0.0
 11
40.531487
 21
7.739071999999999
 31
0.0
  0
LINE
  5
FDA
330
1F
100
AcDbEntity
  8
1
  6
CONTINUOUS
370
50
 62
4
100
AcDbLine
 10
37.573963
 20
8.514336
 30
0.0
 11
37.495644
 21
8.682127
 31
0.0
  0
LINE
  5
FDB
330
1F
100
AcDbEntity
  8
1
  6
CONTINUOUS
370
50
 62
4
100
AcDbLine
 10
61.687321
 20
-7.685134
 30
0.0
 11
61.62987099999999
 21
-7.562119999999999
 31
0.0
  0
LINE
  5
FDC
330
1F
100
AcDbEntity
  8
1
  6
CONTINUOUS
370
50
 62
4
100
AcDbLine
 10
61.572151
 20
-7.438879999999999
 30
0.0
 11
61.54607799999999
 21
-7.383054
 31
0.0
  0
LINE
  5
FDD
330
1F
100
AcDbEntity
  8
1
  6
CONTINUOUS
370
50
 62
4
100
AcDbLine
 10
64.11784399999999
 20
-7.279691
 30
0.0
 11
64.081825
 21
-7.202592999999999
 31
0.0
  0
LINE
  5
FDE
330
1F
100
AcDbEntity
  8
1
  6
CONTINUOUS
370
50
 62
4
100
AcDbLine
 10
50.060188
 20
8.890854
 30
0.0
 11
49.961163
 21
9.10281
 31
0.0
  0
LINE
  5
FDF
330
1F
100
AcDbEntity
  8
1
  6
CONTINUOUS
370
50
 62
4
100
AcDbLine
 10
37.865341
 20
7.886042
 30
0.0
 11
37.837654
 21
7.945298999999999
 31
0.0
  0
LINE
  5
FE0
330
1F
100
AcDbEntity
  8
1
  6
CONTINUOUS
370
50
 62
4
100
AcDbLine
 10
40.531487
 20
7.739071999999999
 30
0.0
 11
40.525707
 21
7.751433
 31
0.0
  0
LINE
  5
FE1
330
1F
100
AcDbEntity
  8
1
  6
CONTINUOUS
370
50
 62
4
100
AcDbLine
 10
60.763889
 20
5.051045999999999
 30
0.0
 11
60.738369
 21
5.105621
 31
0.0
  0
LINE
  5
FE2
330
1F
100
AcDbEntity
  8
1
  6
CONTINUOUS
370
50
 62
4
100
AcDbLine
 10
58.27589399999999
 20
7.201047
 30
0.0
 11
58.24983599999999
 21
7.256759
 31
0.0
  0
LINE
  5
FE3
330
1F
100
AcDbEntity
  8
1
  6
CONTINUOUS
370
50
 62
4
100
AcDbLine
 10
49.279228
 20
-5.5196
 30
0.0
 11
49.198792
 21
-5.347696
 31
0.0
  0
LINE
  5
FE4
330
1F
100
AcDbEntity
  8
1
  6
CONTINUOUS
370
50
 62
4
100
AcDbLine
 10
40.525707
 20
7.751433
 30
0.0
 11
40.519932
 21
7.763771999999999
 31
0.0
  0
LINE
  5
FE5
330
1F
100
AcDbEntity
  8
1
  6
CONTINUOUS
370
50
 62
4
100
AcDbLine
 10
48.089813
 20
7.523880999999999
 30
0.0
 11
48.064034
 21
7.578951999999999
 31
0.0
  0
LINE
  5
FE6
330
1F
100
AcDbEntity
  8
1
  6
CONTINUOUS
370
50
 62
4
100
AcDbLine
 10
64.081825
 20
-7.202592999999999
 30
0.0
 11
64.045715
 21
-7.125483999999999
 31
0.0
  0
LINE
  5
FE7
330
1F
100
AcDbEntity
  8
1
  6
CONTINUOUS
370
50
 62
4
100
AcDbLine
 10
61.62987099999999
 20
-7.562119999999999
 30
0.0
 11
61.572151
 21
-7.438879999999999
 31
0.0
  0
LINE
  5
FE8
330
1F
100
AcDbEntity
  8
1
  6
CONTINUOUS
370
50
 62
4
100
AcDbLine
 10
50.629631
 20
5.443063
 30
0.0
 11
50.603794
 21
5.498195
 31
0.0
  0
LINE
  5
FE9
330
1F
100
AcDbEntity
  8
1
  6
CONTINUOUS
370
50
 62
4
100
AcDbLine
 10
53.916203
 20
-6.867058999999999
 30
0.0
 11
53.813305
 21
-6.647532
 31
0.0
  0
LINE
  5
FEA
330
1F
100
AcDbEntity
  8
1
  6
CONTINUOUS
370
50
 62
4
100
AcDbLine
 10
51.880058
 20
-5.353966
 30
0.0
 11
51.780521
 21
-5.141747
 31
0.0
  0
LINE
  5
FEB
330
1F
100
AcDbEntity
  8
1
  6
CONTINUOUS
370
50
 62
4
100
AcDbLine
 10
40.519932
 20
7.763771999999999
 30
0.0
 11
40.514153
 21
7.776088
 31
0.0
  0
LINE
  5
FEC
330
1F
100
AcDbEntity
  8
1
  6
CONTINUOUS
370
50
 62
4
100
AcDbLine
 10
37.495644
 20
8.682127
 30
0.0
 11
37.41737
 21
8.848913
 31
0.0
  0
LINE
  5
FED
330
1F
100
AcDbEntity
  8
1
  6
CONTINUOUS
370
50
 62
4
100
AcDbLine
 10
64.045715
 20
-7.125483999999999
 30
0.0
 11
64.009514
 21
-7.048367
 31
0.0
  0
LINE
  5
FEE
330
1F
100
AcDbEntity
  8
1
  6
CONTINUOUS
370
50
 62
4
100
AcDbLine
 10
61.895576
 20
-5.552072
 30
0.0
 11
61.81949599999999
 21
-5.390079999999999
 31
0.0
  0
LINE
  5
FEF
330
1F
100
AcDbEntity
  8
1
  6
CONTINUOUS
370
50
 62
4
100
AcDbLine
 10
39.19623199999999
 20
-5.164029
 30
0.0
 11
39.113605
 21
-4.988112999999999
 31
0.0
  0
LINE
  5
FF0
330
1F
100
AcDbEntity
  8
1
  6
CONTINUOUS
370
50
 62
4
100
AcDbLine
 10
40.514153
 20
7.776088
 30
0.0
 11
40.508377
 21
7.788380999999999
 31
0.0
  0
LINE
  5
FF1
330
1F
100
AcDbEntity
  8
1
  6
CONTINUOUS
370
50
 62
4
100
AcDbLine
 10
55.340099
 20
3.516149
 30
0.0
 11
55.239822
 21
3.729467
 31
0.0
  0
LINE
  5
FF2
330
1F
100
AcDbEntity
  8
1
  6
CONTINUOUS
370
50
 62
4
100
AcDbLine
 10
43.75621
 20
-6.511549
 30
0.0
 11
43.65332
 21
-6.292691
 31
0.0
  0
LINE
  5
FF3
330
1F
100
AcDbEntity
  8
1
  6
CONTINUOUS
370
50
 62
4
100
AcDbLine
 10
67.000046
 20
-7.611034999999999
 30
0.0
 11
67.000038
 21
-7.611018
 31
0.0
  0
LINE
  5
FF4
330
1F
100
AcDbEntity
  8
1
  6
CONTINUOUS
370
50
 62
4
100
AcDbLine
 10
64.009514
 20
-7.048367
 30
0.0
 11
63.973221
 21
-6.971251
 31
0.0
  0
LINE
  5
FF5
330
1F
100
AcDbEntity
  8
1
  6
CONTINUOUS
370
50
 62
4
100
AcDbLine
 10
40.508377
 20
7.788380999999999
 30
0.0
 11
40.405411
 21
8.007066
 31
0.0
  0
LINE
  5
FF6
330
1F
100
AcDbEntity
  8
1
  6
CONTINUOUS
370
50
 62
4
100
AcDbLine
 10
48.768257
 20
-4.458294
 30
0.0
 11
48.742466
 21
-4.403521
 31
0.0
  0
LINE
  5
FF7
330
1F
100
AcDbEntity
  8
1
  6
CONTINUOUS
370
50
 62
4
100
AcDbLine
 10
40.495499
 20
5.808733999999999
 30
0.0
 11
40.46925
 21
5.864463
 31
0.0
  0
LINE
  5
FF8
330
1F
100
AcDbEntity
  8
1
  6
CONTINUOUS
370
50
 62
4
100
AcDbLine
 10
37.893398
 20
7.826483
 30
0.0
 11
37.865341
 21
7.886042
 31
0.0
  0
LINE
  5
FF9
330
1F
100
AcDbEntity
  8
1
  6
CONTINUOUS
370
50
 62
4
100
AcDbLine
 10
59.277786
 20
-5.664315999999999
 30
0.0
 11
59.196358
 21
-5.491467999999999
 31
0.0
  0
LINE
  5
FFA
330
1F
100
AcDbEntity
  8
1
  6
CONTINUOUS
370
50
 62
4
100
AcDbLine
 10
41.818836
 20
-5.027559
 30
0.0
 11
41.720093
 21
-4.818061999999999
 31
0.0
  0
LINE
  5
FFB
330
1F
100
AcDbEntity
  8
1
  6
CONTINUOUS
370
50
 62
4
100
AcDbLine
 10
53.813305
 20
-6.647532
 30
0.0
 11
53.807343
 21
-6.634885
 31
0.0
  0
LINE
  5
FFC
330
1F
100
AcDbEntity
  8
1
  6
CONTINUOUS
370
50
 62
4
100
AcDbLine
 10
63.973221
 20
-6.971251
 30
0.0
 11
63.96727
 21
-6.958634
 31
0.0
  0
LINE
  5
FFD
330
1F
100
AcDbEntity
  8
1
  6
CONTINUOUS
370
50
 62
4
100
AcDbLine
 10
58.980038
 20
-5.040804
 30
0.0
 11
58.954082
 21
-4.985821
 31
0.0
  0
LINE
  5
FFE
330
1F
100
AcDbEntity
  8
1
  6
CONTINUOUS
370
50
 62
4
100
AcDbLine
 10
40.405411
 20
8.007066
 30
0.0
 11
40.303238
 21
8.223459
 31
0.0
  0
LINE
  5
FFF
330
1F
100
AcDbEntity
  8
1
  6
CONTINUOUS
370
50
 62
4
100
AcDbLine
 10
37.41737
 20
8.848913
 30
0.0
 11
37.339111
 21
9.014571
 31
0.0
  0
LINE
  5
1000
330
1F
100
AcDbEntity
  8
1
  6
CONTINUOUS
370
50
 62
4
100
AcDbLine
 10
48.115879
 20
7.468709
 30
0.0
 11
48.089813
 21
7.523880999999999
 31
0.0
  0
LINE
  5
1001
330
1F
100
AcDbEntity
  8
1
  6
CONTINUOUS
370
50
 62
4
100
AcDbLine
 10
58.30222699999999
 20
7.145372
 30
0.0
 11
58.27589399999999
 21
7.201047
 31
0.0
  0
LINE
  5
1002
330
1F
100
AcDbEntity
  8
1
  6
CONTINUOUS
370
50
 62
4
100
AcDbLine
 10
53.807343
 20
-6.634885
 30
0.0
 11
53.801357
 21
-6.622237999999999
 31
0.0
  0
LINE
  5
1003
330
1F
100
AcDbEntity
  8
1
  6
CONTINUOUS
370
50
 62
4
100
AcDbLine
 10
63.96727
 20
-6.958634
 30
0.0
 11
63.961296
 21
-6.946013
 31
0.0
  0
LINE
  5
1004
330
1F
100
AcDbEntity
  8
1
  6
CONTINUOUS
370
50
 62
4
100
AcDbLine
 10
43.65332
 20
-6.292691
 30
0.0
 11
43.647354
 21
-6.280091
 31
0.0
  0
LINE
  5
1005
330
1F
100
AcDbEntity
  8
1
  6
CONTINUOUS
370
50
 62
4
100
AcDbLine
 10
40.303238
 20
8.223459
 30
0.0
 11
40.201775
 21
8.437612999999999
 31
0.0
  0
LINE
  5
1006
330
1F
100
AcDbEntity
  8
1
  6
CONTINUOUS
370
50
 62
4
100
AcDbLine
 10
42.74391199999999
 20
3.535089
 30
0.0
 11
42.662537
 21
3.706832
 31
0.0
  0
LINE
  5
1007
330
1F
100
AcDbEntity
  8
1
  6
CONTINUOUS
370
50
 62
4
100
AcDbLine
 10
49.198792
 20
-5.347696
 30
0.0
 11
49.117901
 21
-5.177006
 31
0.0
  0
LINE
  5
1008
330
1F
100
AcDbEntity
  8
1
  6
CONTINUOUS
370
50
 62
4
100
AcDbLine
 10
45.381737
 20
3.644166
 30
0.0
 11
45.280357
 21
3.858083
 31
0.0
  0
LINE
  5
1009
330
1F
100
AcDbEntity
  8
1
  6
CONTINUOUS
370
50
 62
4
100
AcDbLine
 10
52.741524
 20
3.30922
 30
0.0
 11
52.660999
 21
3.479128
 31
0.0
  0
LINE
  5
100A
330
1F
100
AcDbEntity
  8
1
  6
CONTINUOUS
370
50
 62
4
100
AcDbLine
 10
53.801357
 20
-6.622237999999999
 30
0.0
 11
53.795357
 21
-6.609591
 31
0.0
  0
LINE
  5
100B
330
1F
100
AcDbEntity
  8
1
  6
CONTINUOUS
370
50
 62
4
100
AcDbLine
 10
63.961296
 20
-6.946013
 30
0.0
 11
63.955307
 21
-6.933390999999999
 31
0.0
  0
LINE
  5
100C
330
1F
100
AcDbEntity
  8
1
  6
CONTINUOUS
370
50
 62
4
100
AcDbLine
 10
38.556866
 20
-3.857274
 30
0.0
 11
38.531193
 21
-3.803207
 31
0.0
  0
LINE
  5
100D
330
1F
100
AcDbEntity
  8
1
  6
CONTINUOUS
370
50
 62
4
100
AcDbLine
 10
43.647354
 20
-6.280091
 30
0.0
 11
43.641369
 21
-6.267496
 31
0.0
  0
LINE
  5
100E
330
1F
100
AcDbEntity
  8
1
  6
CONTINUOUS
370
50
 62
4
100
AcDbLine
 10
37.921822
 20
7.766671
 30
0.0
 11
37.893398
 21
7.826483
 31
0.0
  0
LINE
  5
100F
330
1F
100
AcDbEntity
  8
1
  6
CONTINUOUS
370
50
 62
4
100
AcDbLine
 10
61.81949599999999
 20
-5.390079999999999
 30
0.0
 11
61.743004
 21
-5.22913
 31
0.0
  0
LINE
  5
1010
330
1F
100
AcDbEntity
  8
1
  6
CONTINUOUS
370
50
 62
4
100
AcDbLine
 10
37.339111
 20
9.014571
 30
0.0
 11
37.261169
 21
9.178388
 31
0.0
  0
LINE
  5
1011
330
1F
100
AcDbEntity
  8
1
  6
CONTINUOUS
370
50
 62
4
100
AcDbLine
 10
40.201775
 20
8.437612999999999
 30
0.0
 11
40.100922
 21
8.649579
 31
0.0
  0
LINE
  5
1012
330
1F
100
AcDbEntity
  8
1
  6
CONTINUOUS
370
50
 62
4
100
AcDbLine
 10
63.955307
 20
-6.933390999999999
 30
0.0
 11
63.949299
 21
-6.920766
 31
0.0
  0
LINE
  5
1013
330
1F
100
AcDbEntity
  8
1
  6
CONTINUOUS
370
50
 62
4
100
AcDbLine
 10
53.795357
 20
-6.609591
 30
0.0
 11
53.789337
 21
-6.596947999999999
 31
0.0
  0
LINE
  5
1014
330
1F
100
AcDbEntity
  8
1
  6
CONTINUOUS
370
50
 62
4
100
AcDbLine
 10
39.113605
 20
-4.988112999999999
 30
0.0
 11
39.031658
 21
-4.81604
 31
0.0
  0
LINE
  5
1015
330
1F
100
AcDbEntity
  8
1
  6
CONTINUOUS
370
50
 62
4
100
AcDbLine
 10
48.794147
 20
-4.512619
 30
0.0
 11
48.768257
 21
-4.458294
 31
0.0
  0
LINE
  5
1016
330
1F
100
AcDbEntity
  8
1
  6
CONTINUOUS
370
50
 62
4
100
AcDbLine
 10
60.789703
 20
4.996881
 30
0.0
 11
60.763889
 21
5.051045999999999
 31
0.0
  0
LINE
  5
1017
330
1F
100
AcDbEntity
  8
1
  6
CONTINUOUS
370
50
 62
4
100
AcDbLine
 10
51.780521
 20
-5.141747
 30
0.0
 11
51.680286
 21
-4.931477999999999
 31
0.0
  0
LINE
  5
1018
330
1F
100
AcDbEntity
  8
1
  6
CONTINUOUS
370
50
 62
4
100
AcDbLine
 10
59.196358
 20
-5.491467999999999
 30
0.0
 11
59.11447099999999
 21
-5.319749
 31
0.0
  0
LINE
  5
1019
330
1F
100
AcDbEntity
  8
1
  6
CONTINUOUS
370
50
 62
4
100
AcDbLine
 10
43.641369
 20
-6.267496
 30
0.0
 11
43.635365
 21
-6.254906
 31
0.0
  0
LINE
  5
101A
330
1F
100
AcDbEntity
  8
1
  6
CONTINUOUS
370
50
 62
4
100
AcDbLine
 10
48.14221999999999
 20
7.413487
 30
0.0
 11
48.115879
 21
7.468709
 31
0.0
  0
LINE
  5
101B
330
1F
100
AcDbEntity
  8
1
  6
CONTINUOUS
370
50
 62
4
100
AcDbLine
 10
50.65575399999999
 20
5.388329
 30
0.0
 11
50.629631
 21
5.443063
 31
0.0
  0
LINE
  5
101C
330
1F
100
AcDbEntity
  8
1
  6
CONTINUOUS
370
50
 62
4
100
AcDbLine
 10
63.949299
 20
-6.920766
 30
0.0
 11
63.943272
 21
-6.908141
 31
0.0
  0
LINE
  5
101D
330
1F
100
AcDbEntity
  8
1
  6
CONTINUOUS
370
50
 62
4
100
AcDbLine
 10
59.006058
 20
-5.095289999999999
 30
0.0
 11
58.980038
 21
-5.040804
 31
0.0
  0
LINE
  5
101E
330
1F
100
AcDbEntity
  8
1
  6
CONTINUOUS
370
50
 62
4
100
AcDbLine
 10
53.789337
 20
-6.596947999999999
 30
0.0
 11
53.78329799999999
 21
-6.584307
 31
0.0
  0
LINE
  5
101F
330
1F
100
AcDbEntity
  8
1
  6
CONTINUOUS
370
50
 62
4
100
AcDbLine
 10
40.100922
 20
8.649579
 30
0.0
 11
40.000599
 21
8.859406
 31
0.0
  0
LINE
  5
1020
330
1F
100
AcDbEntity
  8
1
  6
CONTINUOUS
370
50
 62
4
100
AcDbLine
 10
43.635365
 20
-6.254906
 30
0.0
 11
43.629345
 21
-6.242323
 31
0.0
  0
LINE
  5
1021
330
1F
100
AcDbEntity
  8
1
  6
CONTINUOUS
370
50
 62
4
100
AcDbLine
 10
58.32883099999999
 20
7.089785999999999
 30
0.0
 11
58.30222699999999
 21
7.145372
 31
0.0
  0
LINE
  5
1022
330
1F
100
AcDbEntity
  8
1
  6
CONTINUOUS
370
50
 62
4
100
AcDbLine
 10
63.943272
 20
-6.908141
 30
0.0
 11
63.93722899999999
 21
-6.895515
 31
0.0
  0
LINE
  5
1023
330
1F
100
AcDbEntity
  8
1
  6
CONTINUOUS
370
50
 62
4
100
AcDbLine
 10
53.78329799999999
 20
-6.584307
 30
0.0
 11
53.777241
 21
-6.571670999999999
 31
0.0
  0
LINE
  5
1024
330
1F
100
AcDbEntity
  8
1
  6
CONTINUOUS
370
50
 62
4
100
AcDbLine
 10
40.52203
 20
5.753388999999999
 30
0.0
 11
40.495499
 21
5.808733999999999
 31
0.0
  0
LINE
  5
1025
330
1F
100
AcDbEntity
  8
1
  6
CONTINUOUS
370
50
 62
4
100
AcDbLine
 10
55.440941
 20
3.305832
 30
0.0
 11
55.340099
 21
3.516149
 31
0.0
  0
LINE
  5
1026
330
1F
100
AcDbEntity
  8
1
  6
CONTINUOUS
370
50
 62
4
100
AcDbLine
 10
37.950588
 20
7.706682
 30
0.0
 11
37.921822
 21
7.766671
 31
0.0
  0
LINE
  5
1027
330
1F
100
AcDbEntity
  8
1
  6
CONTINUOUS
370
50
 62
4
100
AcDbLine
 10
41.720093
 20
-4.818061999999999
 30
0.0
 11
41.620659
 21
-4.610773
 31
0.0
  0
LINE
  5
1028
330
1F
100
AcDbEntity
  8
1
  6
CONTINUOUS
370
50
 62
4
100
AcDbLine
 10
63.93722899999999
 20
-6.895515
 30
0.0
 11
63.931168
 21
-6.882892
 31
0.0
  0
LINE
  5
1029
330
1F
100
AcDbEntity
  8
1
  6
CONTINUOUS
370
50
 62
4
100
AcDbLine
 10
49.117901
 20
-5.177006
 30
0.0
 11
49.03653
 21
-5.007563
 31
0.0
  0
LINE
  5
102A
330
1F
100
AcDbEntity
  8
1
  6
CONTINUOUS
370
50
 62
4
100
AcDbLine
 10
38.582657
 20
-3.910939
 30
0.0
 11
38.556866
 21
-3.857274
 31
0.0
  0
LINE
  5
102B
330
1F
100
AcDbEntity
  8
1
  6
CONTINUOUS
370
50
 62
4
100
AcDbLine
 10
43.629345
 20
-6.242323
 30
0.0
 11
43.623302
 21
-6.229749
 31
0.0
  0
LINE
  5
102C
330
1F
100
AcDbEntity
  8
1
  6
CONTINUOUS
370
50
 62
4
100
AcDbLine
 10
53.777241
 20
-6.571670999999999
 30
0.0
 11
53.771168
 21
-6.559041
 31
0.0
  0
LINE
  5
102D
330
1F
100
AcDbEntity
  8
1
  6
CONTINUOUS
370
50
 62
4
100
AcDbLine
 10
40.000599
 20
8.859406
 30
0.0
 11
39.900707
 21
9.067148
 31
0.0
  0
LINE
  5
102E
330
1F
100
AcDbEntity
  8
1
  6
CONTINUOUS
370
50
 62
4
100
AcDbLine
 10
61.743004
 20
-5.22913
 30
0.0
 11
61.66608799999999
 21
-5.069268
 31
0.0
  0
LINE
  5
102F
330
1F
100
AcDbEntity
  8
1
  6
CONTINUOUS
370
50
 62
4
100
AcDbLine
 10
42.825706
 20
3.365182
 30
0.0
 11
42.74391199999999
 21
3.535089
 31
0.0
  0
LINE
  5
1030
330
1F
100
AcDbEntity
  8
1
  6
CONTINUOUS
370
50
 62
4
100
AcDbLine
 10
52.82246
 20
3.141213
 30
0.0
 11
52.741524
 21
3.30922
 31
0.0
  0
LINE
  5
1031
330
1F
100
AcDbEntity
  8
1
  6
CONTINUOUS
370
50
 62
4
100
AcDbLine
 10
48.168827
 20
7.358263999999999
 30
0.0
 11
48.14221999999999
 21
7.413487
 31
0.0
  0
LINE
  5
1032
330
1F
100
AcDbEntity
  8
1
  6
CONTINUOUS
370
50
 62
4
100
AcDbLine
 10
43.623302
 20
-6.229749
 30
0.0
 11
43.617245
 21
-6.217182999999999
 31
0.0
  0
LINE
  5
1033
330
1F
100
AcDbEntity
  8
1
  6
CONTINUOUS
370
50
 62
4
100
AcDbLine
 10
48.820122
 20
-4.566460999999999
 30
0.0
 11
48.794147
 21
-4.512619
 31
0.0
  0
LINE
  5
1034
330
1F
100
AcDbEntity
  8
1
  6
CONTINUOUS
370
50
 62
4
100
AcDbLine
 10
59.11447099999999
 20
-5.319749
 30
0.0
 11
59.032127
 21
-5.149241
 31
0.0
  0
LINE
  5
1035
330
1F
100
AcDbEntity
  8
1
  6
CONTINUOUS
370
50
 62
4
100
AcDbLine
 10
59.032127
 20
-5.149241
 30
0.0
 11
59.006058
 21
-5.095289999999999
 31
0.0
  0
LINE
  5
1036
330
1F
100
AcDbEntity
  8
1
  6
CONTINUOUS
370
50
 62
4
100
AcDbLine
 10
45.483833
 20
3.432888
 30
0.0
 11
45.381737
 21
3.644166
 31
0.0
  0
LINE
  5
1037
330
1F
100
AcDbEntity
  8
1
  6
CONTINUOUS
370
50
 62
4
100
AcDbLine
 10
39.031658
 20
-4.81604
 30
0.0
 11
38.950493
 21
-4.648111999999999
 31
0.0
  0
LINE
  5
1038
330
1F
100
AcDbEntity
  8
1
  6
CONTINUOUS
370
50
 62
4
100
AcDbLine
 10
39.900707
 20
9.067148
 30
0.0
 11
39.801167
 21
9.272855
 31
0.0
  0
LINE
  5
1039
330
1F
100
AcDbEntity
  8
1
  6
CONTINUOUS
370
50
 62
4
100
AcDbLine
 10
43.636669
 20
-7.982391
 30
0.0
 11
43.611233
 21
-7.929836
 31
0.0
  0
LINE
  5
103A
330
1F
100
AcDbEntity
  8
1
  6
CONTINUOUS
370
50
 62
4
100
AcDbLine
 10
43.617245
 20
-6.217182999999999
 30
0.0
 11
43.611168
 21
-6.204626999999999
 31
0.0
  0
LINE
  5
103B
330
1F
100
AcDbEntity
  8
1
  6
CONTINUOUS
370
50
 62
4
100
AcDbLine
 10
37.979591
 20
7.646790999999999
 30
0.0
 11
37.950588
 21
7.706682
 31
0.0
  0
LINE
  5
103C
330
1F
100
AcDbEntity
  8
1
  6
CONTINUOUS
370
50
 62
4
100
AcDbLine
 10
51.680286
 20
-4.931477999999999
 30
0.0
 11
51.579407
 21
-4.72345
 31
0.0
  0
LINE
  5
103D
330
1F
100
AcDbEntity
  8
1
  6
CONTINUOUS
370
50
 62
4
100
AcDbLine
 10
60.815804
 20
4.943193
 30
0.0
 11
60.789703
 21
4.996881
 31
0.0
  0
LINE
  5
103E
330
1F
100
AcDbEntity
  8
1
  6
CONTINUOUS
370
50
 62
4
100
AcDbLine
 10
38.608547
 20
-3.964174
 30
0.0
 11
38.582657
 21
-3.910939
 31
0.0
  0
LINE
  5
103F
330
1F
100
AcDbEntity
  8
1
  6
CONTINUOUS
370
50
 62
4
100
AcDbLine
 10
50.682159
 20
5.334057
 30
0.0
 11
50.65575399999999
 21
5.388329
 31
0.0
  0
LINE
  5
1040
330
1F
100
AcDbEntity
  8
1
  6
CONTINUOUS
370
50
 62
4
100
AcDbLine
 10
49.03653
 20
-5.007563
 30
0.0
 11
48.954655
 21
-4.839398999999999
 31
0.0
  0
LINE
  5
1041
330
1F
100
AcDbEntity
  8
1
  6
CONTINUOUS
370
50
 62
4
100
AcDbLine
 10
43.662235
 20
-8.034872
 30
0.0
 11
43.636669
 21
-7.982391
 31
0.0
  0
LINE
  5
1042
330
1F
100
AcDbEntity
  8
1
  6
CONTINUOUS
370
50
 62
4
100
AcDbLine
 10
61.66608799999999
 20
-5.069268
 30
0.0
 11
61.58873699999999
 21
-4.910540999999999
 31
0.0
  0
LINE
  5
1043
330
1F
100
AcDbEntity
  8
1
  6
CONTINUOUS
370
50
 62
4
100
AcDbLine
 10
45.628819
 20
3.138847
 30
0.0
 11
45.622803
 21
3.151176
 31
0.0
  0
LINE
  5
1044
330
1F
100
AcDbEntity
  8
1
  6
CONTINUOUS
370
50
 62
4
100
AcDbLine
 10
40.548828
 20
5.698492
 30
0.0
 11
40.52203
 21
5.753388999999999
 31
0.0
  0
LINE
  5
1045
330
1F
100
AcDbEntity
  8
1
  6
CONTINUOUS
370
50
 62
4
100
AcDbLine
 10
48.846161
 20
-4.619783
 30
0.0
 11
48.820122
 21
-4.566460999999999
 31
0.0
  0
LINE
  5
1046
330
1F
100
AcDbEntity
  8
1
  6
CONTINUOUS
370
50
 62
4
100
AcDbLine
 10
41.620659
 20
-4.610773
 30
0.0
 11
41.520531
 21
-4.405867
 31
0.0
  0
LINE
  5
1047
330
1F
100
AcDbEntity
  8
1
  6
CONTINUOUS
370
50
 62
4
100
AcDbLine
 10
38.008831
 20
7.587015999999999
 30
0.0
 11
37.979591
 21
7.646790999999999
 31
0.0
  0
LINE
  5
1048
330
1F
100
AcDbEntity
  8
1
  6
CONTINUOUS
370
50
 62
4
100
AcDbLine
 10
42.907925
 20
3.197199
 30
0.0
 11
42.825706
 21
3.365182
 31
0.0
  0
LINE
  5
1049
330
1F
100
AcDbEntity
  8
1
  6
CONTINUOUS
370
50
 62
4
100
AcDbLine
 10
55.54225899999999
 20
3.098867
 30
0.0
 11
55.440941
 21
3.305832
 31
0.0
  0
LINE
  5
104A
330
1F
100
AcDbEntity
  8
1
  6
CONTINUOUS
370
50
 62
4
100
AcDbLine
 10
45.622803
 20
3.151176
 30
0.0
 11
45.616783
 21
3.163467
 31
0.0
  0
LINE
  5
104B
330
1F
100
AcDbEntity
  8
1
  6
CONTINUOUS
370
50
 62
4
100
AcDbLine
 10
52.903809
 20
2.975187
 30
0.0
 11
52.82246
 21
3.141213
 31
0.0
  0
LINE
  5
104C
330
1F
100
AcDbEntity
  8
1
  6
CONTINUOUS
370
50
 62
4
100
AcDbLine
 10
43.687912
 20
-8.087254
 30
0.0
 11
43.662235
 21
-8.034872
 31
0.0
  0
LINE
  5
104D
330
1F
100
AcDbEntity
  8
1
  6
CONTINUOUS
370
50
 62
4
100
AcDbLine
 10
38.950493
 20
-4.648111999999999
 30
0.0
 11
38.870224
 21
-4.484630999999999
 31
0.0
  0
LINE
  5
104E
330
1F
100
AcDbEntity
  8
1
  6
CONTINUOUS
370
50
 62
4
100
AcDbLine
 10
45.616783
 20
3.163467
 30
0.0
 11
45.610764
 21
3.175719
 31
0.0
  0
LINE
  5
104F
330
1F
100
AcDbEntity
  8
1
  6
CONTINUOUS
370
50
 62
4
100
AcDbLine
 10
38.634521
 20
-4.016948999999999
 30
0.0
 11
38.608547
 21
-3.964174
 31
0.0
  0
LINE
  5
1050
330
1F
100
AcDbEntity
  8
1
  6
CONTINUOUS
370
50
 62
4
100
AcDbLine
 10
45.610764
 20
3.175719
 30
0.0
 11
45.604744
 21
3.187932
 31
0.0
  0
LINE
  5
1051
330
1F
100
AcDbEntity
  8
1
  6
CONTINUOUS
370
50
 62
4
100
AcDbLine
 10
45.586689
 20
3.224332
 30
0.0
 11
45.483833
 21
3.432888
 31
0.0
  0
LINE
  5
1052
330
1F
100
AcDbEntity
  8
1
  6
CONTINUOUS
370
50
 62
4
100
AcDbLine
 10
43.713684
 20
-8.139505999999999
 30
0.0
 11
43.687912
 21
-8.087254
 31
0.0
  0
LINE
  5
1053
330
1F
100
AcDbEntity
  8
1
  6
CONTINUOUS
370
50
 62
4
100
AcDbLine
 10
61.58873699999999
 20
-4.910540999999999
 30
0.0
 11
61.510929
 21
-4.752994
 31
0.0
  0
LINE
  5
1054
330
1F
100
AcDbEntity
  8
1
  6
CONTINUOUS
370
50
 62
4
100
AcDbLine
 10
48.954655
 20
-4.839398999999999
 30
0.0
 11
48.87225
 21
-4.672549
 31
0.0
  0
LINE
  5
1055
330
1F
100
AcDbEntity
  8
1
  6
CONTINUOUS
370
50
 62
4
100
AcDbLine
 10
51.579407
 20
-4.72345
 30
0.0
 11
51.477932
 21
-4.517994
 31
0.0
  0
LINE
  5
1056
330
1F
100
AcDbEntity
  8
1
  6
CONTINUOUS
370
50
 62
4
100
AcDbLine
 10
48.87225
 20
-4.672549
 30
0.0
 11
48.846161
 21
-4.619783
 31
0.0
  0
LINE
  5
1057
330
1F
100
AcDbEntity
  8
1
  6
CONTINUOUS
370
50
 62
4
100
AcDbLine
 10
45.604744
 20
3.187932
 30
0.0
 11
45.598724
 21
3.200105
 31
0.0
  0
LINE
  5
1058
330
1F
100
AcDbEntity
  8
1
  6
CONTINUOUS
370
50
 62
4
100
AcDbLine
 10
35.772873
 20
0.305123
 30
0.0
 11
35.749878
 21
0.351595
 31
0.0
  0
LINE
  5
1059
330
1F
100
AcDbEntity
  8
1
  6
CONTINUOUS
370
50
 62
4
100
AcDbLine
 10
46.295876
 20
-8.13684
 30
0.0
 11
46.192924
 21
-7.929044999999999
 31
0.0
  0
LINE
  5
105A
330
1F
100
AcDbEntity
  8
1
  6
CONTINUOUS
370
50
 62
4
100
AcDbLine
 10
46.192924
 20
-7.929044999999999
 30
0.0
 11
46.187012
 21
-7.917119
 31
0.0
  0
LINE
  5
105B
330
1F
100
AcDbEntity
  8
1
  6
CONTINUOUS
370
50
 62
4
100
AcDbLine
 10
45.598724
 20
3.200105
 30
0.0
 11
45.592705
 21
3.212239
 31
0.0
  0
LINE
  5
105C
330
1F
100
AcDbEntity
  8
1
  6
CONTINUOUS
370
50
 62
4
100
AcDbLine
 10
46.398109
 20
-8.342931
 30
0.0
 11
46.295876
 21
-8.13684
 31
0.0
  0
LINE
  5
105D
330
1F
100
AcDbEntity
  8
1
  6
CONTINUOUS
370
50
 62
4
100
AcDbLine
 10
46.187012
 20
-7.917119
 30
0.0
 11
46.181084
 21
-7.905170999999999
 31
0.0
  0
LINE
  5
105E
330
1F
100
AcDbEntity
  8
1
  6
CONTINUOUS
370
50
 62
4
100
AcDbLine
 10
50.708828
 20
5.280311
 30
0.0
 11
50.682159
 21
5.334057
 31
0.0
  0
LINE
  5
105F
330
1F
100
AcDbEntity
  8
1
  6
CONTINUOUS
370
50
 62
4
100
AcDbLine
 10
43.73954
 20
-8.191604
 30
0.0
 11
43.713684
 21
-8.139505999999999
 31
0.0
  0
LINE
  5
1060
330
1F
100
AcDbEntity
  8
1
  6
CONTINUOUS
370
50
 62
4
100
AcDbLine
 10
60.84218199999999
 20
4.890046
 30
0.0
 11
60.815804
 21
4.943193
 31
0.0
  0
LINE
  5
1061
330
1F
100
AcDbEntity
  8
1
  6
CONTINUOUS
370
50
 62
4
100
AcDbLine
 10
46.181084
 20
-7.905170999999999
 30
0.0
 11
46.175137
 21
-7.893203
 31
0.0
  0
LINE
  5
1062
330
1F
100
AcDbEntity
  8
1
  6
CONTINUOUS
370
50
 62
4
100
AcDbLine
 10
46.49963
 20
-8.547213
 30
0.0
 11
46.398109
 21
-8.342931
 31
0.0
  0
LINE
  5
1063
330
1F
100
AcDbEntity
  8
1
  6
CONTINUOUS
370
50
 62
4
100
AcDbLine
 10
45.592705
 20
3.212239
 30
0.0
 11
45.586689
 21
3.224332
 31
0.0
  0
LINE
  5
1064
330
1F
100
AcDbEntity
  8
1
  6
CONTINUOUS
370
50
 62
4
100
AcDbLine
 10
46.175137
 20
-7.893203
 30
0.0
 11
46.16917
 21
-7.881214
 31
0.0
  0
LINE
  5
1065
330
1F
100
AcDbEntity
  8
1
  6
CONTINUOUS
370
50
 62
4
100
AcDbLine
 10
46.16917
 20
-7.881214
 30
0.0
 11
46.163189
 21
-7.869205999999999
 31
0.0
  0
LINE
  5
1066
330
1F
100
AcDbEntity
  8
1
  6
CONTINUOUS
370
50
 62
4
100
AcDbLine
 10
38.660564
 20
-4.069234
 30
0.0
 11
38.634521
 21
-4.016948999999999
 31
0.0
  0
LINE
  5
1067
330
1F
100
AcDbEntity
  8
1
  6
CONTINUOUS
370
50
 62
4
100
AcDbLine
 10
46.600456
 20
-8.74958
 30
0.0
 11
46.49963
 21
-8.547213
 31
0.0
  0
LINE
  5
1068
330
1F
100
AcDbEntity
  8
1
  6
CONTINUOUS
370
50
 62
4
100
AcDbLine
 10
41.520531
 20
-4.405867
 30
0.0
 11
41.419697
 21
-4.203519
 31
0.0
  0
LINE
  5
1069
330
1F
100
AcDbEntity
  8
1
  6
CONTINUOUS
370
50
 62
4
100
AcDbLine
 10
52.985577
 20
2.811222
 30
0.0
 11
52.903809
 21
2.975187
 31
0.0
  0
LINE
  5
106A
330
1F
100
AcDbEntity
  8
1
  6
CONTINUOUS
370
50
 62
4
100
AcDbLine
 10
46.163189
 20
-7.869205999999999
 30
0.0
 11
46.157188
 21
-7.857181
 31
0.0
  0
LINE
  5
106B
330
1F
100
AcDbEntity
  8
1
  6
CONTINUOUS
370
50
 62
4
100
AcDbLine
 10
43.765457
 20
-8.243519
 30
0.0
 11
43.73954
 21
-8.191604
 31
0.0
  0
LINE
  5
106C
330
1F
100
AcDbEntity
  8
1
  6
CONTINUOUS
370
50
 62
4
100
AcDbLine
 10
42.932877
 20
3.147231
 30
0.0
 11
42.907925
 21
3.197199
 31
0.0
  0
LINE
  5
106D
330
1F
100
AcDbEntity
  8
1
  6
CONTINUOUS
370
50
 62
4
100
AcDbLine
 10
38.870224
 20
-4.484630999999999
 30
0.0
 11
38.790958
 21
-4.3259
 31
0.0
  0
LINE
  5
106E
330
1F
100
AcDbEntity
  8
1
  6
CONTINUOUS
370
50
 62
4
100
AcDbLine
 10
46.157188
 20
-7.857181
 30
0.0
 11
46.151169
 21
-7.845136999999999
 31
0.0
  0
LINE
  5
106F
330
1F
100
AcDbEntity
  8
1
  6
CONTINUOUS
370
50
 62
4
100
AcDbLine
 10
46.700592
 20
-8.949926999999999
 30
0.0
 11
46.600456
 21
-8.74958
 31
0.0
  0
LINE
  5
1070
330
1F
100
AcDbEntity
  8
1
  6
CONTINUOUS
370
50
 62
4
100
AcDbLine
 10
55.644157
 20
2.895207
 30
0.0
 11
55.54225899999999
 21
3.098867
 31
0.0
  0
LINE
  5
1071
330
1F
100
AcDbEntity
  8
1
  6
CONTINUOUS
370
50
 62
4
100
AcDbLine
 10
61.510929
 20
-4.752994
 30
0.0
 11
61.432652
 21
-4.596672
 31
0.0
  0
LINE
  5
1072
330
1F
100
AcDbEntity
  8
1
  6
CONTINUOUS
370
50
 62
4
100
AcDbLine
 10
36.569744
 20
-1.439341
 30
0.0
 11
36.52814499999999
 21
-1.356281
 31
0.0
  0
LINE
  5
1073
330
1F
100
AcDbEntity
  8
1
  6
CONTINUOUS
370
50
 62
4
100
AcDbLine
 10
53.796684
 20
-8.112342
 30
0.0
 11
53.77123599999999
 21
-8.061582
 31
0.0
  0
LINE
  5
1074
330
1F
100
AcDbEntity
  8
1
  6
CONTINUOUS
370
50
 62
4
100
AcDbLine
 10
46.800049
 20
-9.148149
 30
0.0
 11
46.700592
 21
-8.949926999999999
 31
0.0
  0
LINE
  5
1075
330
1F
100
AcDbEntity
  8
1
  6
CONTINUOUS
370
50
 62
4
100
AcDbLine
 10
43.79142
 20
-8.295225
 30
0.0
 11
43.765457
 21
-8.243519
 31
0.0
  0
LINE
  5
1076
330
1F
100
AcDbEntity
  8
1
  6
CONTINUOUS
370
50
 62
4
100
AcDbLine
 10
51.477932
 20
-4.517994
 30
0.0
 11
51.375771
 21
-4.315098
 31
0.0
  0
LINE
  5
1077
330
1F
100
AcDbEntity
  8
1
  6
CONTINUOUS
370
50
 62
4
100
AcDbLine
 10
62.992214
 20
2.541701
 30
0.0
 11
62.953289
 21
2.618958
 31
0.0
  0
LINE
  5
1078
330
1F
100
AcDbEntity
  8
1
  6
CONTINUOUS
370
50
 62
4
100
AcDbLine
 10
46.898838
 20
-9.34414
 30
0.0
 11
46.800049
 21
-9.148149
 31
0.0
  0
LINE
  5
1079
330
1F
100
AcDbEntity
  8
1
  6
CONTINUOUS
370
50
 62
4
100
AcDbLine
 10
38.686665
 20
-4.121001
 30
0.0
 11
38.660564
 21
-4.069234
 31
0.0
  0
LINE
  5
107A
330
1F
100
AcDbEntity
  8
1
  6
CONTINUOUS
370
50
 62
4
100
AcDbLine
 10
53.822258
 20
-8.163059
 30
0.0
 11
53.796684
 21
-8.112342
 31
0.0
  0
LINE
  5
107B
330
1F
100
AcDbEntity
  8
1
  6
CONTINUOUS
370
50
 62
4
100
AcDbLine
 10
43.87384
 20
-8.458667
 30
0.0
 11
43.79142
 21
-8.295225
 31
0.0
  0
LINE
  5
107C
330
1F
100
AcDbEntity
  8
1
  6
CONTINUOUS
370
50
 62
4
100
AcDbLine
 10
61.432652
 20
-4.596672
 30
0.0
 11
61.426781
 21
-4.585057
 31
0.0
  0
LINE
  5
107D
330
1F
100
AcDbEntity
  8
1
  6
CONTINUOUS
370
50
 62
4
100
AcDbLine
 10
43.955807
 20
-8.620764
 30
0.0
 11
43.87384
 21
-8.458667
 31
0.0
  0
LINE
  5
107E
330
1F
100
AcDbEntity
  8
1
  6
CONTINUOUS
370
50
 62
4
100
AcDbLine
 10
55.788818
 20
2.612582
 30
0.0
 11
55.782806
 21
2.624444
 31
0.0
  0
LINE
  5
107F
330
1F
100
AcDbEntity
  8
1
  6
CONTINUOUS
370
50
 62
4
100
AcDbLine
 10
60.868828
 20
4.837504
 30
0.0
 11
60.84218199999999
 21
4.890046
 31
0.0
  0
LINE
  5
1080
330
1F
100
AcDbEntity
  8
1
  6
CONTINUOUS
370
50
 62
4
100
AcDbLine
 10
53.847946
 20
-8.213708
 30
0.0
 11
53.822258
 21
-8.163059
 31
0.0
  0
LINE
  5
1081
330
1F
100
AcDbEntity
  8
1
  6
CONTINUOUS
370
50
 62
4
100
AcDbLine
 10
44.037323
 20
-8.781469999999999
 30
0.0
 11
43.955807
 21
-8.620764
 31
0.0
  0
LINE
  5
1082
330
1F
100
AcDbEntity
  8
1
  6
CONTINUOUS
370
50
 62
4
100
AcDbLine
 10
53.067764
 20
2.6494
 30
0.0
 11
52.985577
 21
2.811222
 31
0.0
  0
LINE
  5
1083
330
1F
100
AcDbEntity
  8
1
  6
CONTINUOUS
370
50
 62
4
100
AcDbLine
 10
56.353043
 20
-8.078675
 30
0.0
 11
56.347115
 21
-8.067008999999999
 31
0.0
  0
LINE
  5
1084
330
1F
100
AcDbEntity
  8
1
  6
CONTINUOUS
370
50
 62
4
100
AcDbLine
 10
61.426781
 20
-4.585057
 30
0.0
 11
61.420887
 21
-4.573462999999999
 31
0.0
  0
LINE
  5
1085
330
1F
100
AcDbEntity
  8
1
  6
CONTINUOUS
370
50
 62
4
100
AcDbLine
 10
56.347115
 20
-8.067008999999999
 30
0.0
 11
56.341171
 21
-8.055317
 31
0.0
  0
LINE
  5
1086
330
1F
100
AcDbEntity
  8
1
  6
CONTINUOUS
370
50
 62
4
100
AcDbLine
 10
63.031235
 20
2.464953
 30
0.0
 11
62.992214
 21
2.541701
 31
0.0
  0
LINE
  5
1087
330
1F
100
AcDbEntity
  8
1
  6
CONTINUOUS
370
50
 62
4
100
AcDbLine
 10
55.782806
 20
2.624444
 30
0.0
 11
55.776794
 21
2.636268
 31
0.0
  0
LINE
  5
1088
330
1F
100
AcDbEntity
  8
1
  6
CONTINUOUS
370
50
 62
4
100
AcDbLine
 10
56.455975
 20
-8.281086
 30
0.0
 11
56.353043
 21
-8.078675
 31
0.0
  0
LINE
  5
1089
330
1F
100
AcDbEntity
  8
1
  6
CONTINUOUS
370
50
 62
4
100
AcDbLine
 10
38.790958
 20
-4.3259
 30
0.0
 11
38.712803
 21
-4.172219
 31
0.0
  0
LINE
  5
108A
330
1F
100
AcDbEntity
  8
1
  6
CONTINUOUS
370
50
 62
4
100
AcDbLine
 10
41.419697
 20
-4.203519
 30
0.0
 11
41.318153
 21
-4.003906
 31
0.0
  0
LINE
  5
108B
330
1F
100
AcDbEntity
  8
1
  6
CONTINUOUS
370
50
 62
4
100
AcDbLine
 10
44.118393
 20
-8.940737
 30
0.0
 11
44.037323
 21
-8.781469999999999
 31
0.0
  0
LINE
  5
108C
330
1F
100
AcDbEntity
  8
1
  6
CONTINUOUS
370
50
 62
4
100
AcDbLine
 10
56.341171
 20
-8.055317
 30
0.0
 11
56.33520499999999
 21
-8.043599
 31
0.0
  0
LINE
  5
108D
330
1F
100
AcDbEntity
  8
1
  6
CONTINUOUS
370
50
 62
4
100
AcDbLine
 10
56.33520499999999
 20
-8.043599
 30
0.0
 11
56.329224
 21
-8.031857
 31
0.0
  0
LINE
  5
108E
330
1F
100
AcDbEntity
  8
1
  6
CONTINUOUS
370
50
 62
4
100
AcDbLine
 10
53.873726
 20
-8.264261
 30
0.0
 11
53.847946
 21
-8.213708
 31
0.0
  0
LINE
  5
108F
330
1F
100
AcDbEntity
  8
1
  6
CONTINUOUS
370
50
 62
4
100
AcDbLine
 10
56.329224
 20
-8.031857
 30
0.0
 11
56.323223
 21
-8.020090999999999
 31
0.0
  0
LINE
  5
1090
330
1F
100
AcDbEntity
  8
1
  6
CONTINUOUS
370
50
 62
4
100
AcDbLine
 10
55.776794
 20
2.636268
 30
0.0
 11
55.770782
 21
2.648054
 31
0.0
  0
LINE
  5
1091
330
1F
100
AcDbEntity
  8
1
  6
CONTINUOUS
370
50
 62
4
100
AcDbLine
 10
56.558186
 20
-8.481414
 30
0.0
 11
56.455975
 21
-8.281086
 31
0.0
  0
LINE
  5
1092
330
1F
100
AcDbEntity
  8
1
  6
CONTINUOUS
370
50
 62
4
100
AcDbLine
 10
38.712803
 20
-4.172219
 30
0.0
 11
38.686665
 21
-4.121001
 31
0.0
  0
LINE
  5
1093
330
1F
100
AcDbEntity
  8
1
  6
CONTINUOUS
370
50
 62
4
100
AcDbLine
 10
56.323223
 20
-8.020090999999999
 30
0.0
 11
56.317204
 21
-8.008303
 31
0.0
  0
LINE
  5
1094
330
1F
100
AcDbEntity
  8
1
  6
CONTINUOUS
370
50
 62
4
100
AcDbLine
 10
61.420887
 20
-4.573462999999999
 30
0.0
 11
61.414978
 21
-4.561891999999999
 31
0.0
  0
LINE
  5
1095
330
1F
100
AcDbEntity
  8
1
  6
CONTINUOUS
370
50
 62
4
100
AcDbLine
 10
56.317204
 20
-8.008303
 30
0.0
 11
56.311169
 21
-7.996492
 31
0.0
  0
LINE
  5
1096
330
1F
100
AcDbEntity
  8
1
  6
CONTINUOUS
370
50
 62
4
100
AcDbLine
 10
44.199017
 20
-9.098516
 30
0.0
 11
44.118393
 21
-8.940737
 31
0.0
  0
LINE
  5
1097
330
1F
100
AcDbEntity
  8
1
  6
CONTINUOUS
370
50
 62
4
100
AcDbLine
 10
42.958138
 20
3.09783
 30
0.0
 11
42.932877
 21
3.147231
 31
0.0
  0
LINE
  5
1098
330
1F
100
AcDbEntity
  8
1
  6
CONTINUOUS
370
50
 62
4
100
AcDbLine
 10
55.770782
 20
2.648054
 30
0.0
 11
55.764771
 21
2.6598
 31
0.0
  0
LINE
  5
1099
330
1F
100
AcDbEntity
  8
1
  6
CONTINUOUS
370
50
 62
4
100
AcDbLine
 10
55.74673499999999
 20
2.694799
 30
0.0
 11
55.644157
 21
2.895207
 31
0.0
  0
LINE
  5
109A
330
1F
100
AcDbEntity
  8
1
  6
CONTINUOUS
370
50
 62
4
100
AcDbLine
 10
56.659695
 20
-8.679561
 30
0.0
 11
56.558186
 21
-8.481414
 31
0.0
  0
LINE
  5
109B
330
1F
100
AcDbEntity
  8
1
  6
CONTINUOUS
370
50
 62
4
100
AcDbLine
 10
53.899582
 20
-8.314691999999999
 30
0.0
 11
53.873726
 21
-8.264261
 31
0.0
  0
LINE
  5
109C
330
1F
100
AcDbEntity
  8
1
  6
CONTINUOUS
370
50
 62
4
100
AcDbLine
 10
61.414978
 20
-4.561891999999999
 30
0.0
 11
61.409054
 21
-4.550344
 31
0.0
  0
LINE
  5
109D
330
1F
100
AcDbEntity
  8
1
  6
CONTINUOUS
370
50
 62
4
100
AcDbLine
 10
63.07035399999999
 20
2.388725
 30
0.0
 11
63.031235
 21
2.464953
 31
0.0
  0
LINE
  5
109E
330
1F
100
AcDbEntity
  8
1
  6
CONTINUOUS
370
50
 62
4
100
AcDbLine
 10
44.279202
 20
-9.254761
 30
0.0
 11
44.199017
 21
-9.098516
 31
0.0
  0
LINE
  5
109F
330
1F
100
AcDbEntity
  8
1
  6
CONTINUOUS
370
50
 62
4
100
AcDbLine
 10
55.764771
 20
2.6598
 30
0.0
 11
55.758759
 21
2.671506
 31
0.0
  0
LINE
  5
10A0
330
1F
100
AcDbEntity
  8
1
  6
CONTINUOUS
370
50
 62
4
100
AcDbLine
 10
51.375771
 20
-4.315098
 30
0.0
 11
51.272827
 21
-4.114742
 31
0.0
  0
LINE
  5
10A1
330
1F
100
AcDbEntity
  8
1
  6
CONTINUOUS
370
50
 62
4
100
AcDbLine
 10
56.760502
 20
-8.875428
 30
0.0
 11
56.659695
 21
-8.679561
 31
0.0
  0
LINE
  5
10A2
330
1F
100
AcDbEntity
  8
1
  6
CONTINUOUS
370
50
 62
4
100
AcDbLine
 10
55.758759
 20
2.671506
 30
0.0
 11
55.752747
 21
2.683173
 31
0.0
  0
LINE
  5
10A3
330
1F
100
AcDbEntity
  8
1
  6
CONTINUOUS
370
50
 62
4
100
AcDbLine
 10
53.925503
 20
-8.364976
 30
0.0
 11
53.899582
 21
-8.314691999999999
 31
0.0
  0
LINE
  5
10A4
330
1F
100
AcDbEntity
  8
1
  6
CONTINUOUS
370
50
 62
4
100
AcDbLine
 10
44.358952
 20
-9.409423
 30
0.0
 11
44.279202
 21
-9.254761
 31
0.0
  0
LINE
  5
10A5
330
1F
100
AcDbEntity
  8
1
  6
CONTINUOUS
370
50
 62
4
100
AcDbLine
 10
61.409054
 20
-4.550344
 30
0.0
 11
61.403111
 21
-4.538819999999999
 31
0.0
  0
LINE
  5
10A6
330
1F
100
AcDbEntity
  8
1
  6
CONTINUOUS
370
50
 62
4
100
AcDbLine
 10
65.874443
 20
8.223519
 30
0.0
 11
65.862259
 21
8.247114999999999
 31
0.0
  0
LINE
  5
10A7
330
1F
100
AcDbEntity
  8
1
  6
CONTINUOUS
370
50
 62
4
100
AcDbLine
 10
65.88668799999999
 20
8.199831
 30
0.0
 11
65.874443
 21
8.223519
 31
0.0
  0
LINE
  5
10A8
330
1F
100
AcDbEntity
  8
1
  6
CONTINUOUS
370
50
 62
4
100
AcDbLine
 10
55.752747
 20
2.683173
 30
0.0
 11
55.74673499999999
 21
2.694799
 31
0.0
  0
LINE
  5
10A9
330
1F
100
AcDbEntity
  8
1
  6
CONTINUOUS
370
50
 62
4
100
AcDbLine
 10
56.860619
 20
-9.068916999999999
 30
0.0
 11
56.760502
 21
-8.875428
 31
0.0
  0
LINE
  5
10AA
330
1F
100
AcDbEntity
  8
1
  6
CONTINUOUS
370
50
 62
4
100
AcDbLine
 10
65.899002
 20
8.176055999999999
 30
0.0
 11
65.88668799999999
 21
8.199831
 31
0.0
  0
LINE
  5
10AB
330
1F
100
AcDbEntity
  8
1
  6
CONTINUOUS
370
50
 62
4
100
AcDbLine
 10
63.10956599999999
 20
2.313023
 30
0.0
 11
63.07035399999999
 21
2.388725
 31
0.0
  0
LINE
  5
10AC
330
1F
100
AcDbEntity
  8
1
  6
CONTINUOUS
370
50
 62
4
100
AcDbLine
 10
53.951469
 20
-8.415083
 30
0.0
 11
53.925503
 21
-8.364976
 31
0.0
  0
LINE
  5
10AD
330
1F
100
AcDbEntity
  8
1
  6
CONTINUOUS
370
50
 62
4
100
AcDbLine
 10
65.911369
 20
8.152196
 30
0.0
 11
65.899002
 21
8.176055999999999
 31
0.0
  0
LINE
  5
10AE
330
1F
100
AcDbEntity
  8
1
  6
CONTINUOUS
370
50
 62
4
100
AcDbLine
 10
61.403111
 20
-4.538819999999999
 30
0.0
 11
61.39714799999999
 21
-4.527323
 31
0.0
  0
LINE
  5
10AF
330
1F
100
AcDbEntity
  8
1
  6
CONTINUOUS
370
50
 62
4
100
AcDbLine
 10
65.92379799999999
 20
8.128255
 30
0.0
 11
65.911369
 21
8.152196
 31
0.0
  0
LINE
  5
10B0
330
1F
100
AcDbEntity
  8
1
  6
CONTINUOUS
370
50
 62
4
100
AcDbLine
 10
53.09273899999999
 20
2.601299
 30
0.0
 11
53.067764
 21
2.6494
 31
0.0
  0
LINE
  5
10B1
330
1F
100
AcDbEntity
  8
1
  6
CONTINUOUS
370
50
 62
4
100
AcDbLine
 10
41.318153
 20
-4.003906
 30
0.0
 11
41.215885
 21
-3.807203
 31
0.0
  0
LINE
  5
10B2
330
1F
100
AcDbEntity
  8
1
  6
CONTINUOUS
370
50
 62
4
100
AcDbLine
 10
65.936287
 20
8.104239
 30
0.0
 11
65.92379799999999
 21
8.128255
 31
0.0
  0
LINE
  5
10B3
330
1F
100
AcDbEntity
  8
1
  6
CONTINUOUS
370
50
 62
4
100
AcDbLine
 10
51.272827
 20
-4.114742
 30
0.0
 11
51.26693
 21
-4.103414
 31
0.0
  0
LINE
  5
10B4
330
1F
100
AcDbEntity
  8
1
  6
CONTINUOUS
370
50
 62
4
100
AcDbLine
 10
54.03387799999999
 20
-8.573376999999999
 30
0.0
 11
53.951469
 21
-8.415083
 31
0.0
  0
LINE
  5
10B5
330
1F
100
AcDbEntity
  8
1
  6
CONTINUOUS
370
50
 62
4
100
AcDbLine
 10
56.960064
 20
-9.259931
 30
0.0
 11
56.860619
 21
-9.068916999999999
 31
0.0
  0
LINE
  5
10B6
330
1F
100
AcDbEntity
  8
1
  6
CONTINUOUS
370
50
 62
4
100
AcDbLine
 10
65.94883
 20
8.080148
 30
0.0
 11
65.936287
 21
8.104239
 31
0.0
  0
LINE
  5
10B7
330
1F
100
AcDbEntity
  8
1
  6
CONTINUOUS
370
50
 62
4
100
AcDbLine
 10
66.47241199999999
 20
-2.240173
 30
0.0
 11
66.47122999999999
 21
-2.237904
 31
0.0
  0
LINE
  5
10B8
330
1F
100
AcDbEntity
  8
1
  6
CONTINUOUS
370
50
 62
4
100
AcDbLine
 10
61.39714799999999
 20
-4.527323
 30
0.0
 11
61.391167
 21
-4.515852
 31
0.0
  0
LINE
  5
10B9
330
1F
100
AcDbEntity
  8
1
  6
CONTINUOUS
370
50
 62
4
100
AcDbLine
 10
66.473595
 20
-2.242441
 30
0.0
 11
66.47241199999999
 21
-2.240173
 31
0.0
  0
LINE
  5
10BA
330
1F
100
AcDbEntity
  8
1
  6
CONTINUOUS
370
50
 62
4
100
AcDbLine
 10
66.475967
 20
-2.246975
 30
0.0
 11
66.474785
 21
-2.244709
 31
0.0
  0
LINE
  5
10BB
330
1F
100
AcDbEntity
  8
1
  6
CONTINUOUS
370
50
 62
4
100
AcDbLine
 10
66.47951499999999
 20
-2.253769
 30
0.0
 11
66.47833299999999
 21
-2.251505
 31
0.0
  0
LINE
  5
10BC
330
1F
100
AcDbEntity
  8
1
  6
CONTINUOUS
370
50
 62
4
100
AcDbLine
 10
66.47833299999999
 20
-2.251505
 30
0.0
 11
66.475967
 21
-2.246975
 31
0.0
  0
LINE
  5
10BD
330
1F
100
AcDbEntity
  8
1
  6
CONTINUOUS
370
50
 62
4
100
AcDbLine
 10
63.956692
 20
-8.204518
 30
0.0
 11
63.931225
 21
-8.155773
 31
0.0
  0
LINE
  5
10BE
330
1F
100
AcDbEntity
  8
1
  6
CONTINUOUS
370
50
 62
4
100
AcDbLine
 10
54.115829
 20
-8.730098
 30
0.0
 11
54.03387799999999
 21
-8.573376999999999
 31
0.0
  0
LINE
  5
10BF
330
1F
100
AcDbEntity
  8
1
  6
CONTINUOUS
370
50
 62
4
100
AcDbLine
 10
63.14887599999999
 20
2.237858
 30
0.0
 11
63.10956599999999
 21
2.313023
 31
0.0
  0
LINE
  5
10C0
330
1F
100
AcDbEntity
  8
1
  6
CONTINUOUS
370
50
 62
4
100
AcDbLine
 10
51.26693
 20
-4.103414
 30
0.0
 11
51.261017
 21
-4.092112
 31
0.0
  0
LINE
  5
10C1
330
1F
100
AcDbEntity
  8
1
  6
CONTINUOUS
370
50
 62
4
100
AcDbLine
 10
66.472351
 20
-8.112847
 30
0.0
 11
66.471169
 21
-8.110591
 31
0.0
  0
LINE
  5
10C2
330
1F
100
AcDbEntity
  8
1
  6
CONTINUOUS
370
50
 62
4
100
AcDbLine
 10
66.475906
 20
-8.119612
 30
0.0
 11
66.474724
 21
-8.117357
 31
0.0
  0
LINE
  5
10C3
330
1F
100
AcDbEntity
  8
1
  6
CONTINUOUS
370
50
 62
4
100
AcDbLine
 10
57.05883799999999
 20
-9.448368
 30
0.0
 11
56.960064
 21
-9.259931
 31
0.0
  0
LINE
  5
10C4
330
1F
100
AcDbEntity
  8
1
  6
CONTINUOUS
370
50
 62
4
100
AcDbLine
 10
42.983704
 20
3.049063
 30
0.0
 11
42.958138
 21
3.09783
 31
0.0
  0
LINE
  5
10C5
330
1F
100
AcDbEntity
  8
1
  6
CONTINUOUS
370
50
 62
4
100
AcDbLine
 10
66.474785
 20
-2.244709
 30
0.0
 11
66.473595
 21
-2.242441
 31
0.0
  0
LINE
  5
10C6
330
1F
100
AcDbEntity
  8
1
  6
CONTINUOUS
370
50
 62
4
100
AcDbLine
 10
66.474724
 20
-8.117357
 30
0.0
 11
66.473541
 21
-8.115103
 31
0.0
  0
LINE
  5
10C7
330
1F
100
AcDbEntity
  8
1
  6
CONTINUOUS
370
50
 62
4
100
AcDbLine
 10
66.47827099999999
 20
-8.124115999999999
 30
0.0
 11
66.47708899999999
 21
-8.121864
 31
0.0
  0
LINE
  5
10C8
330
1F
100
AcDbEntity
  8
1
  6
CONTINUOUS
370
50
 62
4
100
AcDbLine
 10
63.982288
 20
-8.253252
 30
0.0
 11
63.956692
 21
-8.204518
 31
0.0
  0
LINE
  5
10C9
330
1F
100
AcDbEntity
  8
1
  6
CONTINUOUS
370
50
 62
4
100
AcDbLine
 10
66.47708899999999
 20
-8.121864
 30
0.0
 11
66.475906
 21
-8.119612
 31
0.0
  0
LINE
  5
10CA
330
1F
100
AcDbEntity
  8
1
  6
CONTINUOUS
370
50
 62
4
100
AcDbLine
 10
54.19732699999999
 20
-8.885197999999999
 30
0.0
 11
54.115829
 21
-8.730098
 31
0.0
  0
LINE
  5
10CB
330
1F
100
AcDbEntity
  8
1
  6
CONTINUOUS
370
50
 62
4
100
AcDbLine
 10
66.479454
 20
-8.126367
 30
0.0
 11
66.47827099999999
 21
-8.124115999999999
 31
0.0
  0
LINE
  5
10CC
330
1F
100
AcDbEntity
  8
1
  6
CONTINUOUS
370
50
 62
4
100
AcDbLine
 10
51.261017
 20
-4.092112
 30
0.0
 11
51.255081
 21
-4.080837
 31
0.0
  0
LINE
  5
10CD
330
1F
100
AcDbEntity
  8
1
  6
CONTINUOUS
370
50
 62
4
100
AcDbLine
 10
66.473541
 20
-8.115103
 30
0.0
 11
66.472351
 21
-8.112847
 31
0.0
  0
LINE
  5
10CE
330
1F
100
AcDbEntity
  8
1
  6
CONTINUOUS
370
50
 62
4
100
AcDbLine
 10
57.058849
 20
-3.015173
 30
0.0
 11
56.979164
 21
-2.864178
 31
0.0
  0
LINE
  5
10CF
330
1F
100
AcDbEntity
  8
1
  6
CONTINUOUS
370
50
 62
4
100
AcDbLine
 10
64.00799599999999
 20
-8.301952
 30
0.0
 11
63.982288
 21
-8.253252
 31
0.0
  0
LINE
  5
10D0
330
1F
100
AcDbEntity
  8
1
  6
CONTINUOUS
370
50
 62
4
100
AcDbLine
 10
63.188286
 20
2.163237
 30
0.0
 11
63.14887599999999
 21
2.237858
 31
0.0
  0
LINE
  5
10D1
330
1F
100
AcDbEntity
  8
1
  6
CONTINUOUS
370
50
 62
4
100
AcDbLine
 10
54.278374
 20
-9.038629
 30
0.0
 11
54.19732699999999
 21
-8.885197999999999
 31
0.0
  0
LINE
  5
10D2
330
1F
100
AcDbEntity
  8
1
  6
CONTINUOUS
370
50
 62
4
100
AcDbLine
 10
51.255081
 20
-4.080837
 30
0.0
 11
51.24913
 21
-4.069589
 31
0.0
  0
LINE
  5
10D3
330
1F
100
AcDbEntity
  8
1
  6
CONTINUOUS
370
50
 62
4
100
AcDbLine
 10
65.94882199999999
 20
2.074162
 30
0.0
 11
65.942802
 21
2.085524
 31
0.0
  0
LINE
  5
10D4
330
1F
100
AcDbEntity
  8
1
  6
CONTINUOUS
370
50
 62
4
100
AcDbLine
 10
64.03379799999999
 20
-8.350595
 30
0.0
 11
64.00799599999999
 21
-8.301952
 31
0.0
  0
LINE
  5
10D5
330
1F
100
AcDbEntity
  8
1
  6
CONTINUOUS
370
50
 62
4
100
AcDbLine
 10
54.358974
 20
-9.190341
 30
0.0
 11
54.278374
 21
-9.038629
 31
0.0
  0
LINE
  5
10D6
330
1F
100
AcDbEntity
  8
1
  6
CONTINUOUS
370
50
 62
4
100
AcDbLine
 10
65.942802
 20
2.085524
 30
0.0
 11
65.93678299999999
 21
2.096847
 31
0.0
  0
LINE
  5
10D7
330
1F
100
AcDbEntity
  8
1
  6
CONTINUOUS
370
50
 62
4
100
AcDbLine
 10
41.215885
 20
-3.807203
 30
0.0
 11
41.112892
 21
-3.613586
 31
0.0
  0
LINE
  5
10D8
330
1F
100
AcDbEntity
  8
1
  6
CONTINUOUS
370
50
 62
4
100
AcDbLine
 10
51.24913
 20
-4.069589
 30
0.0
 11
51.24316
 21
-4.058371
 31
0.0
  0
LINE
  5
10D9
330
1F
100
AcDbEntity
  8
1
  6
CONTINUOUS
370
50
 62
4
100
AcDbLine
 10
53.118023
 20
2.553831
 30
0.0
 11
53.09273899999999
 21
2.601299
 31
0.0
  0
LINE
  5
10DA
330
1F
100
AcDbEntity
  8
1
  6
CONTINUOUS
370
50
 62
4
100
AcDbLine
 10
35.797207
 20
0.259441
 30
0.0
 11
35.772873
 21
0.305123
 31
0.0
  0
LINE
  5
10DB
330
1F
100
AcDbEntity
  8
1
  6
CONTINUOUS
370
50
 62
4
100
AcDbLine
 10
65.93678299999999
 20
2.096847
 30
0.0
 11
65.930771
 21
2.108132
 31
0.0
  0
LINE
  5
10DC
330
1F
100
AcDbEntity
  8
1
  6
CONTINUOUS
370
50
 62
4
100
AcDbLine
 10
64.059677
 20
-8.399158
 30
0.0
 11
64.03379799999999
 21
-8.350595
 31
0.0
  0
LINE
  5
10DD
330
1F
100
AcDbEntity
  8
1
  6
CONTINUOUS
370
50
 62
4
100
AcDbLine
 10
63.227791
 20
2.08917
 30
0.0
 11
63.188286
 21
2.163237
 31
0.0
  0
LINE
  5
10DE
330
1F
100
AcDbEntity
  8
1
  6
CONTINUOUS
370
50
 62
4
100
AcDbLine
 10
54.439133
 20
-9.340288
 30
0.0
 11
54.358974
 21
-9.190341
 31
0.0
  0
LINE
  5
10DF
330
1F
100
AcDbEntity
  8
1
  6
CONTINUOUS
370
50
 62
4
100
AcDbLine
 10
51.24316
 20
-4.058371
 30
0.0
 11
51.237171
 21
-4.047181999999999
 31
0.0
  0
LINE
  5
10E0
330
1F
100
AcDbEntity
  8
1
  6
CONTINUOUS
370
50
 62
4
100
AcDbLine
 10
65.930771
 20
2.108132
 30
0.0
 11
65.924751
 21
2.119378
 31
0.0
  0
LINE
  5
10E1
330
1F
100
AcDbEntity
  8
1
  6
CONTINUOUS
370
50
 62
4
100
AcDbLine
 10
64.085625
 20
-8.447614
 30
0.0
 11
64.059677
 21
-8.399158
 31
0.0
  0
LINE
  5
10E2
330
1F
100
AcDbEntity
  8
1
  6
CONTINUOUS
370
50
 62
4
100
AcDbLine
 10
55.683853
 20
8.3636
 30
0.0
 11
55.658321
 21
8.411252
 31
0.0
  0
LINE
  5
10E3
330
1F
100
AcDbEntity
  8
1
  6
CONTINUOUS
370
50
 62
4
100
AcDbLine
 10
55.658321
 20
8.411252
 30
0.0
 11
55.633091
 21
8.458333999999999
 31
0.0
  0
LINE
  5
10E4
330
1F
100
AcDbEntity
  8
1
  6
CONTINUOUS
370
50
 62
4
100
AcDbLine
 10
55.70967899999999
 20
8.31541
 30
0.0
 11
55.683853
 21
8.3636
 31
0.0
  0
LINE
  5
10E5
330
1F
100
AcDbEntity
  8
1
  6
CONTINUOUS
370
50
 62
4
100
AcDbLine
 10
65.868607
 20
2.223552
 30
0.0
 11
65.862267
 21
2.235378
 31
0.0
  0
LINE
  5
10E6
330
1F
100
AcDbEntity
  8
1
  6
CONTINUOUS
370
50
 62
4
100
AcDbLine
 10
55.633091
 20
8.458333999999999
 30
0.0
 11
55.608173
 21
8.504813
 31
0.0
  0
LINE
  5
10E7
330
1F
100
AcDbEntity
  8
1
  6
CONTINUOUS
370
50
 62
4
100
AcDbLine
 10
55.73578999999999
 20
8.266715
 30
0.0
 11
55.70967899999999
 21
8.31541
 31
0.0
  0
LINE
  5
10E8
330
1F
100
AcDbEntity
  8
1
  6
CONTINUOUS
370
50
 62
4
100
AcDbLine
 10
55.76217699999999
 20
8.217547
 30
0.0
 11
55.73578999999999
 21
8.266715
 31
0.0
  0
LINE
  5
10E9
330
1F
100
AcDbEntity
  8
1
  6
CONTINUOUS
370
50
 62
4
100
AcDbLine
 10
65.87494699999999
 20
2.21174
 30
0.0
 11
65.868607
 21
2.223552
 31
0.0
  0
LINE
  5
10EA
330
1F
100
AcDbEntity
  8
1
  6
CONTINUOUS
370
50
 62
4
100
AcDbLine
 10
65.924751
 20
2.119378
 30
0.0
 11
65.91873199999999
 21
2.130584
 31
0.0
  0
LINE
  5
10EB
330
1F
100
AcDbEntity
  8
1
  6
CONTINUOUS
370
50
 62
4
100
AcDbLine
 10
55.78883
 20
8.167939
 30
0.0
 11
55.76217699999999
 21
8.217547
 31
0.0
  0
LINE
  5
10EC
330
1F
100
AcDbEntity
  8
1
  6
CONTINUOUS
370
50
 62
4
100
AcDbLine
 10
65.881287
 20
2.199941
 30
0.0
 11
65.87494699999999
 21
2.21174
 31
0.0
  0
LINE
  5
10ED
330
1F
100
AcDbEntity
  8
1
  6
CONTINUOUS
370
50
 62
4
100
AcDbLine
 10
64.11161799999999
 20
-8.495942
 30
0.0
 11
64.085625
 21
-8.447614
 31
0.0
  0
LINE
  5
10EE
330
1F
100
AcDbEntity
  8
1
  6
CONTINUOUS
370
50
 62
4
100
AcDbLine
 10
43.009563
 20
3.000998
 30
0.0
 11
42.983704
 21
3.049063
 31
0.0
  0
LINE
  5
10EF
330
1F
100
AcDbEntity
  8
1
  6
CONTINUOUS
370
50
 62
4
100
AcDbLine
 10
51.237171
 20
-4.047181999999999
 30
0.0
 11
51.231167
 21
-4.036025
 31
0.0
  0
LINE
  5
10F0
330
1F
100
AcDbEntity
  8
1
  6
CONTINUOUS
370
50
 62
4
100
AcDbLine
 10
54.518852
 20
-9.48842
 30
0.0
 11
54.439133
 21
-9.340288
 31
0.0
  0
LINE
  5
10F1
330
1F
100
AcDbEntity
  8
1
  6
CONTINUOUS
370
50
 62
4
100
AcDbLine
 10
56.979164
 20
-2.864178
 30
0.0
 11
56.89904
 21
-2.715335
 31
0.0
  0
LINE
  5
10F2
330
1F
100
AcDbEntity
  8
1
  6
CONTINUOUS
370
50
 62
4
100
AcDbLine
 10
65.91873199999999
 20
2.130584
 30
0.0
 11
65.91272
 21
2.14175
 31
0.0
  0
LINE
  5
10F3
330
1F
100
AcDbEntity
  8
1
  6
CONTINUOUS
370
50
 62
4
100
AcDbLine
 10
65.88763399999999
 20
2.188155
 30
0.0
 11
65.881287
 21
2.199941
 31
0.0
  0
LINE
  5
10F4
330
1F
100
AcDbEntity
  8
1
  6
CONTINUOUS
370
50
 62
4
100
AcDbLine
 10
58.328819
 20
8.199065
 30
0.0
 11
58.322819
 21
8.210203
 31
0.0
  0
LINE
  5
10F5
330
1F
100
AcDbEntity
  8
1
  6
CONTINUOUS
370
50
 62
4
100
AcDbLine
 10
55.608173
 20
8.504813
 30
0.0
 11
55.528942
 21
8.65188
 31
0.0
  0
LINE
  5
10F6
330
1F
100
AcDbEntity
  8
1
  6
CONTINUOUS
370
50
 62
4
100
AcDbLine
 10
64.127922
 20
-8.526169
 30
0.0
 11
64.11161799999999
 21
-8.495942
 31
0.0
  0
LINE
  5
10F7
330
1F
100
AcDbEntity
  8
1
  6
CONTINUOUS
370
50
 62
4
100
AcDbLine
 10
58.322819
 20
8.210203
 30
0.0
 11
58.316818
 21
8.221327
 31
0.0
  0
LINE
  5
10F8
330
1F
100
AcDbEntity
  8
1
  6
CONTINUOUS
370
50
 62
4
100
AcDbLine
 10
58.316818
 20
8.221327
 30
0.0
 11
58.31082199999999
 21
8.232437
 31
0.0
  0
LINE
  5
10F9
330
1F
100
AcDbEntity
  8
1
  6
CONTINUOUS
370
50
 62
4
100
AcDbLine
 10
41.112892
 20
-3.613586
 30
0.0
 11
41.106991
 21
-3.602654
 31
0.0
  0
LINE
  5
10FA
330
1F
100
AcDbEntity
  8
1
  6
CONTINUOUS
370
50
 62
4
100
AcDbLine
 10
64.14420299999999
 20
-8.556327
 30
0.0
 11
64.127922
 21
-8.526169
 31
0.0
  0
LINE
  5
10FB
330
1F
100
AcDbEntity
  8
1
  6
CONTINUOUS
370
50
 62
4
100
AcDbLine
 10
65.89399
 20
2.176382
 30
0.0
 11
65.88763399999999
 21
2.188155
 31
0.0
  0
LINE
  5
10FC
330
1F
100
AcDbEntity
  8
1
  6
CONTINUOUS
370
50
 62
4
100
AcDbLine
 10
65.900345
 20
2.164622
 30
0.0
 11
65.89399
 21
2.176382
 31
0.0
  0
LINE
  5
10FD
330
1F
100
AcDbEntity
  8
1
  6
CONTINUOUS
370
50
 62
4
100
AcDbLine
 10
64.16046899999999
 20
-8.586414999999999
 30
0.0
 11
64.14420299999999
 21
-8.556327
 31
0.0
  0
LINE
  5
10FE
330
1F
100
AcDbEntity
  8
1
  6
CONTINUOUS
370
50
 62
4
100
AcDbLine
 10
58.31082199999999
 20
8.232437
 30
0.0
 11
58.304821
 21
8.243533
 31
0.0
  0
LINE
  5
10FF
330
1F
100
AcDbEntity
  8
1
  6
CONTINUOUS
370
50
 62
4
100
AcDbLine
 10
37.37006
 20
1.495646
 30
0.0
 11
37.261143
 21
1.696994
 31
0.0
  0
LINE
  5
1100
330
1F
100
AcDbEntity
  8
1
  6
CONTINUOUS
370
50
 62
4
100
AcDbLine
 10
65.9067
 20
2.152875
 30
0.0
 11
65.900345
 21
2.164622
 31
0.0
  0
LINE
  5
1101
330
1F
100
AcDbEntity
  8
1
  6
CONTINUOUS
370
50
 62
4
100
AcDbLine
 10
65.91272
 20
2.14175
 30
0.0
 11
65.9067
 21
2.152875
 31
0.0
  0
LINE
  5
1102
330
1F
100
AcDbEntity
  8
1
  6
CONTINUOUS
370
50
 62
4
100
AcDbLine
 10
64.17672
 20
-8.616434
 30
0.0
 11
64.16046899999999
 21
-8.586414999999999
 31
0.0
  0
LINE
  5
1103
330
1F
100
AcDbEntity
  8
1
  6
CONTINUOUS
370
50
 62
4
100
AcDbLine
 10
58.304821
 20
8.243533
 30
0.0
 11
58.29882
 21
8.254615
 31
0.0
  0
LINE
  5
1104
330
1F
100
AcDbEntity
  8
1
  6
CONTINUOUS
370
50
 62
4
100
AcDbLine
 10
64.192955
 20
-8.646382
 30
0.0
 11
64.17672
 21
-8.616434
 31
0.0
  0
LINE
  5
1105
330
1F
100
AcDbEntity
  8
1
  6
CONTINUOUS
370
50
 62
4
100
AcDbLine
 10
58.29882
 20
8.254615
 30
0.0
 11
58.29282
 21
8.265682
 31
0.0
  0
LINE
  5
1106
330
1F
100
AcDbEntity
  8
1
  6
CONTINUOUS
370
50
 62
4
100
AcDbLine
 10
59.59883499999999
 20
-2.658363
 30
0.0
 11
59.500156
 21
-2.476357
 31
0.0
  0
LINE
  5
1107
330
1F
100
AcDbEntity
  8
1
  6
CONTINUOUS
370
50
 62
4
100
AcDbLine
 10
64.209167
 20
-8.676261
 30
0.0
 11
64.192955
 21
-8.646382
 31
0.0
  0
LINE
  5
1108
330
1F
100
AcDbEntity
  8
1
  6
CONTINUOUS
370
50
 62
4
100
AcDbLine
 10
58.29282
 20
8.265682
 30
0.0
 11
58.28681899999999
 21
8.276733
 31
0.0
  0
LINE
  5
1109
330
1F
100
AcDbEntity
  8
1
  6
CONTINUOUS
370
50
 62
4
100
AcDbLine
 10
64.225357
 20
-8.706068
 30
0.0
 11
64.209167
 21
-8.676261
 31
0.0
  0
LINE
  5
110A
330
1F
100
AcDbEntity
  8
1
  6
CONTINUOUS
370
50
 62
4
100
AcDbLine
 10
41.106991
 20
-3.602654
 30
0.0
 11
41.101067
 21
-3.591749
 31
0.0
  0
LINE
  5
110B
330
1F
100
AcDbEntity
  8
1
  6
CONTINUOUS
370
50
 62
4
100
AcDbLine
 10
63.252758
 20
2.043215
 30
0.0
 11
63.227791
 21
2.08917
 31
0.0
  0
LINE
  5
110C
330
1F
100
AcDbEntity
  8
1
  6
CONTINUOUS
370
50
 62
4
100
AcDbLine
 10
55.528942
 20
8.65188
 30
0.0
 11
55.450077
 21
8.79693
 31
0.0
  0
LINE
  5
110D
330
1F
100
AcDbEntity
  8
1
  6
CONTINUOUS
370
50
 62
4
100
AcDbLine
 10
37.476704
 20
1.299936
 30
0.0
 11
37.37006
 21
1.495646
 31
0.0
  0
LINE
  5
110E
330
1F
100
AcDbEntity
  8
1
  6
CONTINUOUS
370
50
 62
4
100
AcDbLine
 10
58.28681899999999
 20
8.276733
 30
0.0
 11
58.220699
 21
8.398017
 31
0.0
  0
LINE
  5
110F
330
1F
100
AcDbEntity
  8
1
  6
CONTINUOUS
370
50
 62
4
100
AcDbLine
 10
41.101067
 20
-3.591749
 30
0.0
 11
41.095127
 21
-3.580873
 31
0.0
  0
LINE
  5
1110
330
1F
100
AcDbEntity
  8
1
  6
CONTINUOUS
370
50
 62
4
100
AcDbLine
 10
53.143608
 20
2.507065
 30
0.0
 11
53.118023
 21
2.553831
 31
0.0
  0
LINE
  5
1111
330
1F
100
AcDbEntity
  8
1
  6
CONTINUOUS
370
50
 62
4
100
AcDbLine
 10
55.450077
 20
8.79693
 30
0.0
 11
55.371471
 21
8.940095999999999
 31
0.0
  0
LINE
  5
1112
330
1F
100
AcDbEntity
  8
1
  6
CONTINUOUS
370
50
 62
4
100
AcDbLine
 10
58.220699
 20
8.398017
 30
0.0
 11
58.154842
 21
8.517869
 31
0.0
  0
LINE
  5
1113
330
1F
100
AcDbEntity
  8
1
  6
CONTINUOUS
370
50
 62
4
100
AcDbLine
 10
56.89904
 20
-2.715335
 30
0.0
 11
56.81847399999999
 21
-2.56872
 31
0.0
  0
LINE
  5
1114
330
1F
100
AcDbEntity
  8
1
  6
CONTINUOUS
370
50
 62
4
100
AcDbLine
 10
41.095127
 20
-3.580873
 30
0.0
 11
41.089165
 21
-3.570026
 31
0.0
  0
LINE
  5
1115
330
1F
100
AcDbEntity
  8
1
  6
CONTINUOUS
370
50
 62
4
100
AcDbLine
 10
56.336712
 20
-1.73915
 30
0.0
 11
56.311234
 21
-1.692889
 31
0.0
  0
LINE
  5
1116
330
1F
100
AcDbEntity
  8
1
  6
CONTINUOUS
370
50
 62
4
100
AcDbLine
 10
37.581539
 20
1.110186
 30
0.0
 11
37.476704
 21
1.299936
 31
0.0
  0
LINE
  5
1117
330
1F
100
AcDbEntity
  8
1
  6
CONTINUOUS
370
50
 62
4
100
AcDbLine
 10
43.035709
 20
2.953701
 30
0.0
 11
43.009563
 21
3.000998
 31
0.0
  0
LINE
  5
1118
330
1F
100
AcDbEntity
  8
1
  6
CONTINUOUS
370
50
 62
4
100
AcDbLine
 10
46.898834
 20
-2.391883
 30
0.0
 11
46.81917199999999
 21
-2.24783
 31
0.0
  0
LINE
  5
1119
330
1F
100
AcDbEntity
  8
1
  6
CONTINUOUS
370
50
 62
4
100
AcDbLine
 10
41.089165
 20
-3.570026
 30
0.0
 11
41.083183
 21
-3.559211
 31
0.0
  0
LINE
  5
111A
330
1F
100
AcDbEntity
  8
1
  6
CONTINUOUS
370
50
 62
4
100
AcDbLine
 10
58.154842
 20
8.517869
 30
0.0
 11
58.089249
 21
8.636265999999999
 31
0.0
  0
LINE
  5
111B
330
1F
100
AcDbEntity
  8
1
  6
CONTINUOUS
370
50
 62
4
100
AcDbLine
 10
55.371471
 20
8.940095999999999
 30
0.0
 11
55.293243
 21
9.0811
 31
0.0
  0
LINE
  5
111C
330
1F
100
AcDbEntity
  8
1
  6
CONTINUOUS
370
50
 62
4
100
AcDbLine
 10
41.083183
 20
-3.559211
 30
0.0
 11
41.077187
 21
-3.548428
 31
0.0
  0
LINE
  5
111D
330
1F
100
AcDbEntity
  8
1
  6
CONTINUOUS
370
50
 62
4
100
AcDbLine
 10
59.500156
 20
-2.476357
 30
0.0
 11
59.400757
 21
-2.297791
 31
0.0
  0
LINE
  5
111E
330
1F
100
AcDbEntity
  8
1
  6
CONTINUOUS
370
50
 62
4
100
AcDbLine
 10
45.62883
 20
8.217723
 30
0.0
 11
45.602203
 21
8.265424
 31
0.0
  0
LINE
  5
111F
330
1F
100
AcDbEntity
  8
1
  6
CONTINUOUS
370
50
 62
4
100
AcDbLine
 10
63.278038
 20
1.997956
 30
0.0
 11
63.252758
 21
2.043215
 31
0.0
  0
LINE
  5
1120
330
1F
100
AcDbEntity
  8
1
  6
CONTINUOUS
370
50
 62
4
100
AcDbLine
 10
45.602203
 20
8.265424
 30
0.0
 11
45.575844
 21
8.312602
 31
0.0
  0
LINE
  5
1121
330
1F
100
AcDbEntity
  8
1
  6
CONTINUOUS
370
50
 62
4
100
AcDbLine
 10
58.089249
 20
8.636265999999999
 30
0.0
 11
58.023922
 21
8.753185
 31
0.0
  0
LINE
  5
1122
330
1F
100
AcDbEntity
  8
1
  6
CONTINUOUS
370
50
 62
4
100
AcDbLine
 10
56.362316
 20
-1.784959
 30
0.0
 11
56.336712
 21
-1.73915
 31
0.0
  0
LINE
  5
1123
330
1F
100
AcDbEntity
  8
1
  6
CONTINUOUS
370
50
 62
4
100
AcDbLine
 10
45.575844
 20
8.312602
 30
0.0
 11
45.54975899999999
 21
8.359229
 31
0.0
  0
LINE
  5
1124
330
1F
100
AcDbEntity
  8
1
  6
CONTINUOUS
370
50
 62
4
100
AcDbLine
 10
47.52005399999999
 20
0.877478
 30
0.0
 11
47.42116499999999
 21
1.054159
 31
0.0
  0
LINE
  5
1125
330
1F
100
AcDbEntity
  8
1
  6
CONTINUOUS
370
50
 62
4
100
AcDbLine
 10
41.077187
 20
-3.548428
 30
0.0
 11
41.071167
 21
-3.537679
 31
0.0
  0
LINE
  5
1126
330
1F
100
AcDbEntity
  8
1
  6
CONTINUOUS
370
50
 62
4
100
AcDbLine
 10
45.54975899999999
 20
8.359229
 30
0.0
 11
45.52396
 21
8.405277
 31
0.0
  0
LINE
  5
1127
330
1F
100
AcDbEntity
  8
1
  6
CONTINUOUS
370
50
 62
4
100
AcDbLine
 10
55.293243
 20
9.0811
 30
0.0
 11
55.215405
 21
9.219868
 31
0.0
  0
LINE
  5
1128
330
1F
100
AcDbEntity
  8
1
  6
CONTINUOUS
370
50
 62
4
100
AcDbLine
 10
45.52396
 20
8.405277
 30
0.0
 11
45.498455
 21
8.450716
 31
0.0
  0
LINE
  5
1129
330
1F
100
AcDbEntity
  8
1
  6
CONTINUOUS
370
50
 62
4
100
AcDbLine
 10
56.81847399999999
 20
-2.56872
 30
0.0
 11
56.737457
 21
-2.42441
 31
0.0
  0
LINE
  5
112A
330
1F
100
AcDbEntity
  8
1
  6
CONTINUOUS
370
50
 62
4
100
AcDbLine
 10
45.498455
 20
8.450716
 30
0.0
 11
45.473251
 21
8.495519999999999
 31
0.0
  0
LINE
  5
112B
330
1F
100
AcDbEntity
  8
1
  6
CONTINUOUS
370
50
 62
4
100
AcDbLine
 10
53.169491
 20
2.461066
 30
0.0
 11
53.143608
 21
2.507065
 31
0.0
  0
LINE
  5
112C
330
1F
100
AcDbEntity
  8
1
  6
CONTINUOUS
370
50
 62
4
100
AcDbLine
 10
36.61235
 20
-1.514962
 30
0.0
 11
36.569744
 21
-1.439341
 31
0.0
  0
LINE
  5
112D
330
1F
100
AcDbEntity
  8
1
  6
CONTINUOUS
370
50
 62
4
100
AcDbLine
 10
58.023922
 20
8.753185
 30
0.0
 11
57.958855
 21
8.868604999999999
 31
0.0
  0
LINE
  5
112E
330
1F
100
AcDbEntity
  8
1
  6
CONTINUOUS
370
50
 62
4
100
AcDbLine
 10
37.685032
 20
0.9267139999999999
 30
0.0
 11
37.581539
 21
1.110186
 31
0.0
  0
LINE
  5
112F
330
1F
100
AcDbEntity
  8
1
  6
CONTINUOUS
370
50
 62
4
100
AcDbLine
 10
45.473251
 20
8.495519999999999
 30
0.0
 11
45.448353
 21
8.539658
 31
0.0
  0
LINE
  5
1130
330
1F
100
AcDbEntity
  8
1
  6
CONTINUOUS
370
50
 62
4
100
AcDbLine
 10
46.81917199999999
 20
-2.24783
 30
0.0
 11
46.739067
 21
-2.106116
 31
0.0
  0
LINE
  5
1131
330
1F
100
AcDbEntity
  8
1
  6
CONTINUOUS
370
50
 62
4
100
AcDbLine
 10
45.448353
 20
8.539658
 30
0.0
 11
45.426647
 21
8.57803
 31
0.0
  0
LINE
  5
1132
330
1F
100
AcDbEntity
  8
1
  6
CONTINUOUS
370
50
 62
4
100
AcDbLine
 10
45.426647
 20
8.57803
 30
0.0
 11
45.404976
 21
8.616228999999999
 31
0.0
  0
LINE
  5
1133
330
1F
100
AcDbEntity
  8
1
  6
CONTINUOUS
370
50
 62
4
100
AcDbLine
 10
55.215405
 20
9.219868
 30
0.0
 11
55.137959
 21
9.356378
 31
0.0
  0
LINE
  5
1134
330
1F
100
AcDbEntity
  8
1
  6
CONTINUOUS
370
50
 62
4
100
AcDbLine
 10
56.388035
 20
-1.830284
 30
0.0
 11
56.362316
 21
-1.784959
 31
0.0
  0
LINE
  5
1135
330
1F
100
AcDbEntity
  8
1
  6
CONTINUOUS
370
50
 62
4
100
AcDbLine
 10
48.168819
 20
8.228584999999999
 30
0.0
 11
48.16284599999999
 21
8.239101999999999
 31
0.0
  0
LINE
  5
1136
330
1F
100
AcDbEntity
  8
1
  6
CONTINUOUS
370
50
 62
4
100
AcDbLine
 10
35.822651
 20
0.214678
 30
0.0
 11
35.797207
 21
0.259441
 31
0.0
  0
LINE
  5
1137
330
1F
100
AcDbEntity
  8
1
  6
CONTINUOUS
370
50
 62
4
100
AcDbLine
 10
48.16284599999999
 20
8.239101999999999
 30
0.0
 11
48.156872
 21
8.249608
 31
0.0
  0
LINE
  5
1138
330
1F
100
AcDbEntity
  8
1
  6
CONTINUOUS
370
50
 62
4
100
AcDbLine
 10
43.062134
 20
2.907238
 30
0.0
 11
43.035709
 21
2.953701
 31
0.0
  0
LINE
  5
1139
330
1F
100
AcDbEntity
  8
1
  6
CONTINUOUS
370
50
 62
4
100
AcDbLine
 10
57.958855
 20
8.868604999999999
 30
0.0
 11
57.894051
 21
8.982502
 31
0.0
  0
LINE
  5
113A
330
1F
100
AcDbEntity
  8
1
  6
CONTINUOUS
370
50
 62
4
100
AcDbLine
 10
45.404976
 20
8.616228999999999
 30
0.0
 11
45.383331
 21
8.654255
 31
0.0
  0
LINE
  5
113B
330
1F
100
AcDbEntity
  8
1
  6
CONTINUOUS
370
50
 62
4
100
AcDbLine
 10
48.156872
 20
8.249608
 30
0.0
 11
48.150894
 21
8.260102
 31
0.0
  0
LINE
  5
113C
330
1F
100
AcDbEntity
  8
1
  6
CONTINUOUS
370
50
 62
4
100
AcDbLine
 10
48.150894
 20
8.260102
 30
0.0
 11
48.14492
 21
8.270586
 31
0.0
  0
LINE
  5
113D
330
1F
100
AcDbEntity
  8
1
  6
CONTINUOUS
370
50
 62
4
100
AcDbLine
 10
49.43883899999999
 20
-2.0284
 30
0.0
 11
49.340149
 21
-1.855397
 31
0.0
  0
LINE
  5
113E
330
1F
100
AcDbEntity
  8
1
  6
CONTINUOUS
370
50
 62
4
100
AcDbLine
 10
48.14492
 20
8.270586
 30
0.0
 11
48.138943
 21
8.281056999999999
 31
0.0
  0
LINE
  5
113F
330
1F
100
AcDbEntity
  8
1
  6
CONTINUOUS
370
50
 62
4
100
AcDbLine
 10
45.383331
 20
8.654255
 30
0.0
 11
45.361721
 21
8.692109
 31
0.0
  0
LINE
  5
1140
330
1F
100
AcDbEntity
  8
1
  6
CONTINUOUS
370
50
 62
4
100
AcDbLine
 10
48.138943
 20
8.281056999999999
 30
0.0
 11
48.132969
 21
8.291516
 31
0.0
  0
LINE
  5
1141
330
1F
100
AcDbEntity
  8
1
  6
CONTINUOUS
370
50
 62
4
100
AcDbLine
 10
48.132969
 20
8.291516
 30
0.0
 11
48.126995
 21
8.301962999999999
 31
0.0
  0
LINE
  5
1142
330
1F
100
AcDbEntity
  8
1
  6
CONTINUOUS
370
50
 62
4
100
AcDbLine
 10
59.400757
 20
-2.297791
 30
0.0
 11
59.300591
 21
-2.122753
 31
0.0
  0
LINE
  5
1143
330
1F
100
AcDbEntity
  8
1
  6
CONTINUOUS
370
50
 62
4
100
AcDbLine
 10
48.126995
 20
8.301962999999999
 30
0.0
 11
48.11797
 21
8.317733
 31
0.0
  0
LINE
  5
1144
330
1F
100
AcDbEntity
  8
1
  6
CONTINUOUS
370
50
 62
4
100
AcDbLine
 10
45.361721
 20
8.692109
 30
0.0
 11
45.340141
 21
8.729792999999999
 31
0.0
  0
LINE
  5
1145
330
1F
100
AcDbEntity
  8
1
  6
CONTINUOUS
370
50
 62
4
100
AcDbLine
 10
48.11797
 20
8.317733
 30
0.0
 11
48.108944
 21
8.333473
 31
0.0
  0
LINE
  5
1146
330
1F
100
AcDbEntity
  8
1
  6
CONTINUOUS
370
50
 62
4
100
AcDbLine
 10
56.737457
 20
-2.42441
 30
0.0
 11
56.655998
 21
-2.282483
 31
0.0
  0
LINE
  5
1147
330
1F
100
AcDbEntity
  8
1
  6
CONTINUOUS
370
50
 62
4
100
AcDbLine
 10
48.108944
 20
8.333473
 30
0.0
 11
48.099926
 21
8.349185
 31
0.0
  0
LINE
  5
1148
330
1F
100
AcDbEntity
  8
1
  6
CONTINUOUS
370
50
 62
4
100
AcDbLine
 10
55.137959
 20
9.356378
 30
0.0
 11
55.060894
 21
9.490608
 31
0.0
  0
LINE
  5
1149
330
1F
100
AcDbEntity
  8
1
  6
CONTINUOUS
370
50
 62
4
100
AcDbLine
 10
57.894051
 20
8.982502
 30
0.0
 11
57.82951
 21
9.094852
 31
0.0
  0
LINE
  5
114A
330
1F
100
AcDbEntity
  8
1
  6
CONTINUOUS
370
50
 62
4
100
AcDbLine
 10
48.099926
 20
8.349185
 30
0.0
 11
48.090916
 21
8.364867
 31
0.0
  0
LINE
  5
114B
330
1F
100
AcDbEntity
  8
1
  6
CONTINUOUS
370
50
 62
4
100
AcDbLine
 10
45.340141
 20
8.729792999999999
 30
0.0
 11
45.318588
 21
8.767304
 31
0.0
  0
LINE
  5
114C
330
1F
100
AcDbEntity
  8
1
  6
CONTINUOUS
370
50
 62
4
100
AcDbLine
 10
63.30362299999999
 20
1.953459
 30
0.0
 11
63.278038
 21
1.997956
 31
0.0
  0
LINE
  5
114D
330
1F
100
AcDbEntity
  8
1
  6
CONTINUOUS
370
50
 62
4
100
AcDbLine
 10
48.090916
 20
8.364867
 30
0.0
 11
48.081905
 21
8.380522
 31
0.0
  0
LINE
  5
114E
330
1F
100
AcDbEntity
  8
1
  6
CONTINUOUS
370
50
 62
4
100
AcDbLine
 10
56.413849
 20
-1.875092
 30
0.0
 11
56.388035
 21
-1.830284
 31
0.0
  0
LINE
  5
114F
330
1F
100
AcDbEntity
  8
1
  6
CONTINUOUS
370
50
 62
4
100
AcDbLine
 10
48.081905
 20
8.380522
 30
0.0
 11
48.072903
 21
8.396146
 31
0.0
  0
LINE
  5
1150
330
1F
100
AcDbEntity
  8
1
  6
CONTINUOUS
370
50
 62
4
100
AcDbLine
 10
45.318588
 20
8.767304
 30
0.0
 11
45.297066
 21
8.804644999999999
 31
0.0
  0
LINE
  5
1151
330
1F
100
AcDbEntity
  8
1
  6
CONTINUOUS
370
50
 62
4
100
AcDbLine
 10
47.61964
 20
0.704824
 30
0.0
 11
47.52005399999999
 21
0.877478
 31
0.0
  0
LINE
  5
1152
330
1F
100
AcDbEntity
  8
1
  6
CONTINUOUS
370
50
 62
4
100
AcDbLine
 10
48.072903
 20
8.396146
 30
0.0
 11
48.063904
 21
8.411741
 31
0.0
  0
LINE
  5
1153
330
1F
100
AcDbEntity
  8
1
  6
CONTINUOUS
370
50
 62
4
100
AcDbLine
 10
41.818832
 20
-9.525
 30
0.0
 11
41.071167
 21
-8.23
 31
0.0
  0
LINE
  5
1154
330
1F
100
AcDbEntity
  8
1
  6
CONTINUOUS
370
50
 62
4
100
AcDbLine
 10
61.971252
 20
-9.23474
 30
0.0
 11
61.391167
 21
-8.23
 31
0.0
  0
LINE
  5
1155
330
1F
100
AcDbEntity
  8
1
  6
CONTINUOUS
370
50
 62
4
100
AcDbLine
 10
53.248833
 20
8.23
 30
0.0
 11
52.501167
 21
9.525
 31
0.0
  0
LINE
  5
1156
330
1F
100
AcDbEntity
  8
1
  6
CONTINUOUS
370
50
 62
4
100
AcDbLine
 10
43.088833
 20
8.23
 30
0.0
 11
42.341167
 21
9.525
 31
0.0
  0
LINE
  5
1157
330
1F
100
AcDbEntity
  8
1
  6
CONTINUOUS
370
50
 62
4
100
AcDbLine
 10
39.278835
 20
-9.525
 30
0.0
 11
38.531166
 21
-8.23
 31
0.0
  0
LINE
  5
1158
330
1F
100
AcDbEntity
  8
1
  6
CONTINUOUS
370
50
 62
4
100
AcDbLine
 10
44.358833
 20
-9.525
 30
0.0
 11
43.611164
 21
-8.23
 31
0.0
  0
LINE
  5
1159
330
1F
100
AcDbEntity
  8
1
  6
CONTINUOUS
370
50
 62
4
100
AcDbLine
 10
59.59883499999999
 20
-9.525
 30
0.0
 11
58.851166
 21
-8.23
 31
0.0
  0
LINE
  5
115A
330
1F
100
AcDbEntity
  8
1
  6
CONTINUOUS
370
50
 62
4
100
AcDbLine
 10
54.518833
 20
-9.525
 30
0.0
 11
53.771164
 21
-8.23
 31
0.0
  0
LINE
  5
115B
330
1F
100
AcDbEntity
  8
1
  6
CONTINUOUS
370
50
 62
4
100
AcDbLine
 10
51.978836
 20
-9.525
 30
0.0
 11
51.231167
 21
-8.23
 31
0.0
  0
LINE
  5
115C
330
1F
100
AcDbEntity
  8
1
  6
CONTINUOUS
370
50
 62
4
100
AcDbLine
 10
49.438835
 20
-9.525
 30
0.0
 11
48.691166
 21
-8.23
 31
0.0
  0
LINE
  5
115D
330
1F
100
AcDbEntity
  8
1
  6
CONTINUOUS
370
50
 62
4
100
AcDbLine
 10
60.868835
 20
8.23
 30
0.0
 11
60.121166
 21
9.525
 31
0.0
  0
LINE
  5
115E
330
1F
100
AcDbEntity
  8
1
  6
CONTINUOUS
370
50
 62
4
100
AcDbLine
 10
40.548836
 20
8.23
 30
0.0
 11
39.801167
 21
9.525
 31
0.0
  0
LINE
  5
115F
330
1F
100
AcDbEntity
  8
1
  6
CONTINUOUS
370
50
 62
4
100
AcDbLine
 10
63.40883299999999
 20
8.23
 30
0.0
 11
62.953304
 21
9.018998
 31
0.0
  0
LINE
  5
1160
330
1F
100
AcDbEntity
  8
1
  6
CONTINUOUS
370
50
 62
4
100
AcDbLine
 10
50.708836
 20
8.23
 30
0.0
 11
49.961166
 21
9.525
 31
0.0
  0
LINE
  5
1161
330
1F
100
AcDbEntity
  8
1
  6
CONTINUOUS
370
50
 62
4
100
AcDbLine
 10
64.225357
 20
-8.739549
 30
0.0
 11
63.931168
 21
-8.23
 31
0.0
  0
LINE
  5
1162
330
1F
100
AcDbEntity
  8
1
  6
CONTINUOUS
370
50
 62
4
100
AcDbLine
 10
58.328835
 20
8.23
 30
0.0
 11
57.82951
 21
9.094852999999999
 31
0.0
  0
LINE
  5
1163
330
1F
100
AcDbEntity
  8
1
  6
CONTINUOUS
370
50
 62
4
100
AcDbLine
 10
45.297066
 20
8.804641
 30
0.0
 11
44.881165
 21
9.525
 31
0.0
  0
LINE
  5
1164
330
1F
100
AcDbEntity
  8
1
  6
CONTINUOUS
370
50
 62
4
100
AcDbLine
 10
55.061016
 20
9.490616
 30
0.0
 11
55.04116399999999
 21
9.525
 31
0.0
  0
LINE
  5
1165
330
1F
100
AcDbEntity
  8
1
  6
CONTINUOUS
370
50
 62
4
100
AcDbLine
 10
48.16883499999999
 20
8.23
 30
0.0
 11
48.063904
 21
8.411741
 31
0.0
  0
LINE
  5
1166
330
1F
100
AcDbEntity
  8
1
  6
CONTINUOUS
370
50
 62
4
100
AcDbLine
 10
44.961033
 20
0.543642
 30
0.0
 11
44.881138
 21
0.6819919999999999
 31
0.0
  0
LINE
  5
1167
330
1F
100
AcDbEntity
  8
1
  6
CONTINUOUS
370
50
 62
4
100
AcDbLine
 10
46.739067
 20
-2.106116
 30
0.0
 11
46.65852
 21
-1.966819
 31
0.0
  0
LINE
  5
1168
330
1F
100
AcDbEntity
  8
1
  6
CONTINUOUS
370
50
 62
4
100
AcDbLine
 10
57.82951
 20
9.094852
 30
0.0
 11
57.793777
 21
9.156566
 31
0.0
  0
LINE
  5
1169
330
1F
100
AcDbEntity
  8
1
  6
CONTINUOUS
370
50
 62
4
100
AcDbLine
 10
53.195663
 20
2.415902
 30
0.0
 11
53.169491
 21
2.461066
 31
0.0
  0
LINE
  5
116A
330
1F
100
AcDbEntity
  8
1
  6
CONTINUOUS
370
50
 62
4
100
AcDbLine
 10
37.787651
 20
0.749842
 30
0.0
 11
37.685032
 21
0.9267139999999999
 31
0.0
  0
LINE
  5
116B
330
1F
100
AcDbEntity
  8
1
  6
CONTINUOUS
370
50
 62
4
100
AcDbLine
 10
48.063904
 20
8.411741
 30
0.0
 11
47.97049699999999
 21
8.57239
 31
0.0
  0
LINE
  5
116C
330
1F
100
AcDbEntity
  8
1
  6
CONTINUOUS
370
50
 62
4
100
AcDbLine
 10
57.793777
 20
9.156566
 30
0.0
 11
57.758129
 21
9.217792
 31
0.0
  0
LINE
  5
116D
330
1F
100
AcDbEntity
  8
1
  6
CONTINUOUS
370
50
 62
4
100
AcDbLine
 10
46.176727
 20
-1.183513
 30
0.0
 11
46.151234
 21
-1.139743
 31
0.0
  0
LINE
  5
116E
330
1F
100
AcDbEntity
  8
1
  6
CONTINUOUS
370
50
 62
4
100
AcDbLine
 10
56.439743
 20
-1.91935
 30
0.0
 11
56.413849
 21
-1.875092
 31
0.0
  0
LINE
  5
116F
330
1F
100
AcDbEntity
  8
1
  6
CONTINUOUS
370
50
 62
4
100
AcDbLine
 10
57.758129
 20
9.217792
 30
0.0
 11
57.722561
 21
9.278525
 31
0.0
  0
LINE
  5
1170
330
1F
100
AcDbEntity
  8
1
  6
CONTINUOUS
370
50
 62
4
100
AcDbLine
 10
43.088829
 20
2.861678
 30
0.0
 11
43.062134
 21
2.907238
 31
0.0
  0
LINE
  5
1171
330
1F
100
AcDbEntity
  8
1
  6
CONTINUOUS
370
50
 62
4
100
AcDbLine
 10
49.340149
 20
-1.855397
 30
0.0
 11
49.240723
 21
-1.686106
 31
0.0
  0
LINE
  5
1172
330
1F
100
AcDbEntity
  8
1
  6
CONTINUOUS
370
50
 62
4
100
AcDbLine
 10
56.655998
 20
-2.282483
 30
0.0
 11
56.574081
 21
-2.143016
 31
0.0
  0
LINE
  5
1173
330
1F
100
AcDbEntity
  8
1
  6
CONTINUOUS
370
50
 62
4
100
AcDbLine
 10
59.300591
 20
-2.122753
 30
0.0
 11
59.199661
 21
-1.951414
 31
0.0
  0
LINE
  5
1174
330
1F
100
AcDbEntity
  8
1
  6
CONTINUOUS
370
50
 62
4
100
AcDbLine
 10
57.722561
 20
9.278525
 30
0.0
 11
57.687073
 21
9.338763
 31
0.0
  0
LINE
  5
1175
330
1F
100
AcDbEntity
  8
1
  6
CONTINUOUS
370
50
 62
4
100
AcDbLine
 10
47.97049699999999
 20
8.57239
 30
0.0
 11
47.877621
 21
8.729815
 31
0.0
  0
LINE
  5
1176
330
1F
100
AcDbEntity
  8
1
  6
CONTINUOUS
370
50
 62
4
100
AcDbLine
 10
46.202347
 20
-1.226822
 30
0.0
 11
46.176727
 21
-1.183513
 31
0.0
  0
LINE
  5
1177
330
1F
100
AcDbEntity
  8
1
  6
CONTINUOUS
370
50
 62
4
100
AcDbLine
 10
46.65852
 20
-1.966819
 30
0.0
 11
46.577526
 21
-1.830015
 31
0.0
  0
LINE
  5
1178
330
1F
100
AcDbEntity
  8
1
  6
CONTINUOUS
370
50
 62
4
100
AcDbLine
 10
45.041348
 20
0.408045
 30
0.0
 11
44.961033
 21
0.543642
 31
0.0
  0
LINE
  5
1179
330
1F
100
AcDbEntity
  8
1
  6
CONTINUOUS
370
50
 62
4
100
AcDbLine
 10
63.329502
 20
1.90979
 30
0.0
 11
63.30362299999999
 21
1.953459
 31
0.0
  0
LINE
  5
117A
330
1F
100
AcDbEntity
  8
1
  6
CONTINUOUS
370
50
 62
4
100
AcDbLine
 10
57.687073
 20
9.338763
 30
0.0
 11
57.65167599999999
 21
9.39848
 31
0.0
  0
LINE
  5
117B
330
1F
100
AcDbEntity
  8
1
  6
CONTINUOUS
370
50
 62
4
100
AcDbLine
 10
56.465706
 20
-1.963025
 30
0.0
 11
56.439743
 21
-1.91935
 31
0.0
  0
LINE
  5
117C
330
1F
100
AcDbEntity
  8
1
  6
CONTINUOUS
370
50
 62
4
100
AcDbLine
 10
47.719849
 20
0.536458
 30
0.0
 11
47.61964
 21
0.704824
 31
0.0
  0
LINE
  5
117D
330
1F
100
AcDbEntity
  8
1
  6
CONTINUOUS
370
50
 62
4
100
AcDbLine
 10
57.67986699999999
 20
0.240576
 30
0.0
 11
57.581165
 21
0.406086
 31
0.0
  0
LINE
  5
117E
330
1F
100
AcDbEntity
  8
1
  6
CONTINUOUS
370
50
 62
4
100
AcDbLine
 10
57.65167599999999
 20
9.39848
 30
0.0
 11
57.616375
 21
9.457671
 31
0.0
  0
LINE
  5
117F
330
1F
100
AcDbEntity
  8
1
  6
CONTINUOUS
370
50
 62
4
100
AcDbLine
 10
53.222111
 20
2.37164
 30
0.0
 11
53.195663
 21
2.415902
 31
0.0
  0
LINE
  5
1180
330
1F
100
AcDbEntity
  8
1
  6
CONTINUOUS
370
50
 62
4
100
AcDbLine
 10
47.877621
 20
8.729815
 30
0.0
 11
47.785275
 21
8.883961
 31
0.0
  0
LINE
  5
1181
330
1F
100
AcDbEntity
  8
1
  6
CONTINUOUS
370
50
 62
4
100
AcDbLine
 10
57.616375
 20
9.457671
 30
0.0
 11
57.581165
 21
9.516339
 31
0.0
  0
LINE
  5
1182
330
1F
100
AcDbEntity
  8
1
  6
CONTINUOUS
370
50
 62
4
100
AcDbLine
 10
46.228081
 20
-1.269637
 30
0.0
 11
46.202347
 21
-1.226822
 31
0.0
  0
LINE
  5
1183
330
1F
100
AcDbEntity
  8
1
  6
CONTINUOUS
370
50
 62
4
100
AcDbLine
 10
36.6628
 20
-1.598876
 30
0.0
 11
36.61235
 21
-1.514962
 31
0.0
  0
LINE
  5
1184
330
1F
100
AcDbEntity
  8
1
  6
CONTINUOUS
370
50
 62
4
100
AcDbLine
 10
39.278858
 20
-1.387631
 30
0.0
 11
39.185585
 21
-1.232508
 31
0.0
  0
LINE
  5
1185
330
1F
100
AcDbEntity
  8
1
  6
CONTINUOUS
370
50
 62
4
100
AcDbLine
 10
37.889862
 20
0.57989
 30
0.0
 11
37.787651
 21
0.749842
 31
0.0
  0
LINE
  5
1186
330
1F
100
AcDbEntity
  8
1
  6
CONTINUOUS
370
50
 62
4
100
AcDbLine
 10
56.574081
 20
-2.143016
 30
0.0
 11
56.49171399999999
 21
-2.006085
 31
0.0
  0
LINE
  5
1187
330
1F
100
AcDbEntity
  8
1
  6
CONTINUOUS
370
50
 62
4
100
AcDbLine
 10
38.006454
 20
8.224644
 30
0.0
 11
38.004078
 21
8.22859
 31
0.0
  0
LINE
  5
1188
330
1F
100
AcDbEntity
  8
1
  6
CONTINUOUS
370
50
 62
4
100
AcDbLine
 10
38.008827
 20
8.220703
 30
0.0
 11
38.006454
 21
8.224644
 31
0.0
  0
LINE
  5
1189
330
1F
100
AcDbEntity
  8
1
  6
CONTINUOUS
370
50
 62
4
100
AcDbLine
 10
35.849155
 20
0.170675
 30
0.0
 11
35.822651
 21
0.214678
 31
0.0
  0
LINE
  5
118A
330
1F
100
AcDbEntity
  8
1
  6
CONTINUOUS
370
50
 62
4
100
AcDbLine
 10
38.001694
 20
8.232541
 30
0.0
 11
37.99931
 21
8.236497
 31
0.0
  0
LINE
  5
118B
330
1F
100
AcDbEntity
  8
1
  6
CONTINUOUS
370
50
 62
4
100
AcDbLine
 10
37.996918
 20
8.240458
 30
0.0
 11
37.994526
 21
8.244425
 31
0.0
  0
LINE
  5
118C
330
1F
100
AcDbEntity
  8
1
  6
CONTINUOUS
370
50
 62
4
100
AcDbLine
 10
38.004078
 20
8.22859
 30
0.0
 11
38.001694
 21
8.232541
 31
0.0
  0
LINE
  5
118D
330
1F
100
AcDbEntity
  8
1
  6
CONTINUOUS
370
50
 62
4
100
AcDbLine
 10
37.99931
 20
8.236497
 30
0.0
 11
37.996918
 21
8.240458
 31
0.0
  0
LINE
  5
118E
330
1F
100
AcDbEntity
  8
1
  6
CONTINUOUS
370
50
 62
4
100
AcDbLine
 10
56.49171399999999
 20
-2.006085
 30
0.0
 11
56.465706
 21
-1.963025
 31
0.0
  0
LINE
  5
118F
330
1F
100
AcDbEntity
  8
1
  6
CONTINUOUS
370
50
 62
4
100
AcDbLine
 10
37.994526
 20
8.244425
 30
0.0
 11
37.992126
 21
8.248396
 31
0.0
  0
LINE
  5
1190
330
1F
100
AcDbEntity
  8
1
  6
CONTINUOUS
370
50
 62
4
100
AcDbLine
 10
36.713757
 20
-1.683064
 30
0.0
 11
36.6628
 21
-1.598876
 31
0.0
  0
LINE
  5
1191
330
1F
100
AcDbEntity
  8
1
  6
CONTINUOUS
370
50
 62
4
100
AcDbLine
 10
49.240723
 20
-1.686106
 30
0.0
 11
49.140533
 21
-1.520655
 31
0.0
  0
LINE
  5
1192
330
1F
100
AcDbEntity
  8
1
  6
CONTINUOUS
370
50
 62
4
100
AcDbLine
 10
46.577526
 20
-1.830015
 30
0.0
 11
46.496078
 21
-1.695781
 31
0.0
  0
LINE
  5
1193
330
1F
100
AcDbEntity
  8
1
  6
CONTINUOUS
370
50
 62
4
100
AcDbLine
 10
59.199661
 20
-1.951414
 30
0.0
 11
59.098034
 21
-1.784041
 31
0.0
  0
LINE
  5
1194
330
1F
100
AcDbEntity
  8
1
  6
CONTINUOUS
370
50
 62
4
100
AcDbLine
 10
45.12204
 20
0.275357
 30
0.0
 11
45.041348
 21
0.408045
 31
0.0
  0
LINE
  5
1195
330
1F
100
AcDbEntity
  8
1
  6
CONTINUOUS
370
50
 62
4
100
AcDbLine
 10
47.785275
 20
8.883961
 30
0.0
 11
47.693447
 21
9.03477
 31
0.0
  0
LINE
  5
1196
330
1F
100
AcDbEntity
  8
1
  6
CONTINUOUS
370
50
 62
4
100
AcDbLine
 10
36.765083
 20
-1.767251
 30
0.0
 11
36.713757
 21
-1.683064
 31
0.0
  0
LINE
  5
1197
330
1F
100
AcDbEntity
  8
1
  6
CONTINUOUS
370
50
 62
4
100
AcDbLine
 10
37.992126
 20
8.248396
 30
0.0
 11
37.889862
 21
8.416018
 31
0.0
  0
LINE
  5
1198
330
1F
100
AcDbEntity
  8
1
  6
CONTINUOUS
370
50
 62
4
100
AcDbLine
 10
46.25391399999999
 20
-1.311927
 30
0.0
 11
46.228081
 21
-1.269637
 31
0.0
  0
LINE
  5
1199
330
1F
100
AcDbEntity
  8
1
  6
CONTINUOUS
370
50
 62
4
100
AcDbLine
 10
63.35567099999999
 20
1.867017
 30
0.0
 11
63.329502
 21
1.90979
 31
0.0
  0
LINE
  5
119A
330
1F
100
AcDbEntity
  8
1
  6
CONTINUOUS
370
50
 62
4
100
AcDbLine
 10
36.816639
 20
-1.851159
 30
0.0
 11
36.765083
 21
-1.767251
 31
0.0
  0
LINE
  5
119B
330
1F
100
AcDbEntity
  8
1
  6
CONTINUOUS
370
50
 62
4
100
AcDbLine
 10
47.82068599999999
 20
0.372523
 30
0.0
 11
47.719849
 21
0.536458
 31
0.0
  0
LINE
  5
119C
330
1F
100
AcDbEntity
  8
1
  6
CONTINUOUS
370
50
 62
4
100
AcDbLine
 10
55.101841
 20
-0.066244
 30
0.0
 11
55.041035
 21
0.03237
 31
0.0
  0
LINE
  5
119D
330
1F
100
AcDbEntity
  8
1
  6
CONTINUOUS
370
50
 62
4
100
AcDbLine
 10
57.779266
 20
0.079374
 30
0.0
 11
57.67986699999999
 21
0.240576
 31
0.0
  0
LINE
  5
119E
330
1F
100
AcDbEntity
  8
1
  6
CONTINUOUS
370
50
 62
4
100
AcDbLine
 10
53.248829
 20
2.328346
 30
0.0
 11
53.222111
 21
2.37164
 31
0.0
  0
LINE
  5
119F
330
1F
100
AcDbEntity
  8
1
  6
CONTINUOUS
370
50
 62
4
100
AcDbLine
 10
47.693447
 20
9.03477
 30
0.0
 11
47.602142
 21
9.182186
 31
0.0
  0
LINE
  5
11A0
330
1F
100
AcDbEntity
  8
1
  6
CONTINUOUS
370
50
 62
4
100
AcDbLine
 10
36.868286
 20
-1.93451
 30
0.0
 11
36.816639
 21
-1.851159
 31
0.0
  0
LINE
  5
11A1
330
1F
100
AcDbEntity
  8
1
  6
CONTINUOUS
370
50
 62
4
100
AcDbLine
 10
39.185585
 20
-1.232508
 30
0.0
 11
39.091213
 21
-1.080282
 31
0.0
  0
LINE
  5
11A2
330
1F
100
AcDbEntity
  8
1
  6
CONTINUOUS
370
50
 62
4
100
AcDbLine
 10
46.279823
 20
-1.353661
 30
0.0
 11
46.25391399999999
 21
-1.311927
 31
0.0
  0
LINE
  5
11A3
330
1F
100
AcDbEntity
  8
1
  6
CONTINUOUS
370
50
 62
4
100
AcDbLine
 10
46.496078
 20
-1.695781
 30
0.0
 11
46.414181
 21
-1.564194
 31
0.0
  0
LINE
  5
11A4
330
1F
100
AcDbEntity
  8
1
  6
CONTINUOUS
370
50
 62
4
100
AcDbLine
 10
37.889862
 20
8.416018
 30
0.0
 11
37.787651
 21
8.580095
 31
0.0
  0
LINE
  5
11A5
330
1F
100
AcDbEntity
  8
1
  6
CONTINUOUS
370
50
 62
4
100
AcDbLine
 10
45.203049
 20
0.145783
 30
0.0
 11
45.12204
 21
0.275357
 31
0.0
  0
LINE
  5
11A6
330
1F
100
AcDbEntity
  8
1
  6
CONTINUOUS
370
50
 62
4
100
AcDbLine
 10
49.140533
 20
-1.520655
 30
0.0
 11
49.0396
 21
-1.359226
 31
0.0
  0
LINE
  5
11A7
330
1F
100
AcDbEntity
  8
1
  6
CONTINUOUS
370
50
 62
4
100
AcDbLine
 10
36.919888
 20
-2.017027
 30
0.0
 11
36.868286
 21
-1.93451
 31
0.0
  0
LINE
  5
11A8
330
1F
100
AcDbEntity
  8
1
  6
CONTINUOUS
370
50
 62
4
100
AcDbLine
 10
59.098034
 20
-1.784041
 30
0.0
 11
58.99570499999999
 21
-1.620785
 31
0.0
  0
LINE
  5
11A9
330
1F
100
AcDbEntity
  8
1
  6
CONTINUOUS
370
50
 62
4
100
AcDbLine
 10
37.992126
 20
0.417178
 30
0.0
 11
37.889862
 21
0.57989
 31
0.0
  0
LINE
  5
11AA
330
1F
100
AcDbEntity
  8
1
  6
CONTINUOUS
370
50
 62
4
100
AcDbLine
 10
55.162888
 20
-0.163158
 30
0.0
 11
55.101841
 21
-0.066244
 31
0.0
  0
LINE
  5
11AB
330
1F
100
AcDbEntity
  8
1
  6
CONTINUOUS
370
50
 62
4
100
AcDbLine
 10
47.602142
 20
9.182186
 30
0.0
 11
47.51136
 21
9.326141999999999
 31
0.0
  0
LINE
  5
11AC
330
1F
100
AcDbEntity
  8
1
  6
CONTINUOUS
370
50
 62
4
100
AcDbLine
 10
46.305801
 20
-1.394805
 30
0.0
 11
46.279823
 21
-1.353661
 31
0.0
  0
LINE
  5
11AD
330
1F
100
AcDbEntity
  8
1
  6
CONTINUOUS
370
50
 62
4
100
AcDbLine
 10
36.971298
 20
-2.098433
 30
0.0
 11
36.919888
 21
-2.017027
 31
0.0
  0
LINE
  5
11AE
330
1F
100
AcDbEntity
  8
1
  6
CONTINUOUS
370
50
 62
4
100
AcDbLine
 10
63.38211399999999
 20
1.825205
 30
0.0
 11
63.35567099999999
 21
1.867017
 31
0.0
  0
LINE
  5
11AF
330
1F
100
AcDbEntity
  8
1
  6
CONTINUOUS
370
50
 62
4
100
AcDbLine
 10
35.876797
 20
0.127146
 30
0.0
 11
35.849155
 21
0.170675
 31
0.0
  0
LINE
  5
11B0
330
1F
100
AcDbEntity
  8
1
  6
CONTINUOUS
370
50
 62
4
100
AcDbLine
 10
37.787651
 20
8.580095
 30
0.0
 11
37.685032
 21
8.741337999999999
 31
0.0
  0
LINE
  5
11B1
330
1F
100
AcDbEntity
  8
1
  6
CONTINUOUS
370
50
 62
4
100
AcDbLine
 10
47.92215299999999
 20
0.213158
 30
0.0
 11
47.82068599999999
 21
0.372523
 31
0.0
  0
LINE
  5
11B2
330
1F
100
AcDbEntity
  8
1
  6
CONTINUOUS
370
50
 62
4
100
AcDbLine
 10
38.008827
 20
0.391115
 30
0.0
 11
38.006454
 21
0.394837
 31
0.0
  0
LINE
  5
11B3
330
1F
100
AcDbEntity
  8
1
  6
CONTINUOUS
370
50
 62
4
100
AcDbLine
 10
38.006454
 20
0.394837
 30
0.0
 11
38.004078
 21
0.39856
 31
0.0
  0
LINE
  5
11B4
330
1F
100
AcDbEntity
  8
1
  6
CONTINUOUS
370
50
 62
4
100
AcDbLine
 10
57.879299
 20
-0.077267
 30
0.0
 11
57.779266
 21
0.079374
 31
0.0
  0
LINE
  5
11B5
330
1F
100
AcDbEntity
  8
1
  6
CONTINUOUS
370
50
 62
4
100
AcDbLine
 10
46.414181
 20
-1.564194
 30
0.0
 11
46.33182499999999
 21
-1.43533
 31
0.0
  0
LINE
  5
11B6
330
1F
100
AcDbEntity
  8
1
  6
CONTINUOUS
370
50
 62
4
100
AcDbLine
 10
38.004078
 20
0.39856
 30
0.0
 11
37.99931
 21
0.406006
 31
0.0
  0
LINE
  5
11B7
330
1F
100
AcDbEntity
  8
1
  6
CONTINUOUS
370
50
 62
4
100
AcDbLine
 10
39.091213
 20
-1.080282
 30
0.0
 11
38.99585
 21
-0.931506
 31
0.0
  0
LINE
  5
11B8
330
1F
100
AcDbEntity
  8
1
  6
CONTINUOUS
370
50
 62
4
100
AcDbLine
 10
46.33182499999999
 20
-1.43533
 30
0.0
 11
46.305801
 21
-1.394805
 31
0.0
  0
LINE
  5
11B9
330
1F
100
AcDbEntity
  8
1
  6
CONTINUOUS
370
50
 62
4
100
AcDbLine
 10
37.99931
 20
0.406006
 30
0.0
 11
37.994526
 21
0.413454
 31
0.0
  0
LINE
  5
11BA
330
1F
100
AcDbEntity
  8
1
  6
CONTINUOUS
370
50
 62
4
100
AcDbLine
 10
47.51136
 20
9.326141999999999
 30
0.0
 11
47.42116499999999
 21
9.466479
 31
0.0
  0
LINE
  5
11BB
330
1F
100
AcDbEntity
  8
1
  6
CONTINUOUS
370
50
 62
4
100
AcDbLine
 10
45.284409
 20
0.01933
 30
0.0
 11
45.203049
 21
0.145783
 31
0.0
  0
LINE
  5
11BC
330
1F
100
AcDbEntity
  8
1
  6
CONTINUOUS
370
50
 62
4
100
AcDbLine
 10
55.224174
 20
-0.258343
 30
0.0
 11
55.162888
 21
-0.163158
 31
0.0
  0
LINE
  5
11BD
330
1F
100
AcDbEntity
  8
1
  6
CONTINUOUS
370
50
 62
4
100
AcDbLine
 10
37.994526
 20
0.413454
 30
0.0
 11
37.992126
 21
0.417178
 31
0.0
  0
LINE
  5
11BE
330
1F
100
AcDbEntity
  8
1
  6
CONTINUOUS
370
50
 62
4
100
AcDbLine
 10
49.0396
 20
-1.359226
 30
0.0
 11
48.937965
 21
-1.202049
 31
0.0
  0
LINE
  5
11BF
330
1F
100
AcDbEntity
  8
1
  6
CONTINUOUS
370
50
 62
4
100
AcDbLine
 10
58.99570499999999
 20
-1.620785
 30
0.0
 11
58.892658
 21
-1.461792
 31
0.0
  0
LINE
  5
11C0
330
1F
100
AcDbEntity
  8
1
  6
CONTINUOUS
370
50
 62
4
100
AcDbLine
 10
36.976082
 20
1.866542
 30
0.0
 11
36.971298
 21
1.873913
 31
0.0
  0
LINE
  5
11C1
330
1F
100
AcDbEntity
  8
1
  6
CONTINUOUS
370
50
 62
4
100
AcDbLine
 10
36.980865
 20
1.859176
 30
0.0
 11
36.976082
 21
1.866542
 31
0.0
  0
LINE
  5
11C2
330
1F
100
AcDbEntity
  8
1
  6
CONTINUOUS
370
50
 62
4
100
AcDbLine
 10
36.976082
 20
-1.881279
 30
0.0
 11
36.971298
 21
-1.873913
 31
0.0
  0
LINE
  5
11C3
330
1F
100
AcDbEntity
  8
1
  6
CONTINUOUS
370
50
 62
4
100
AcDbLine
 10
36.980865
 20
-1.888639
 30
0.0
 11
36.976082
 21
-1.881279
 31
0.0
  0
LINE
  5
11C4
330
1F
100
AcDbEntity
  8
1
  6
CONTINUOUS
370
50
 62
4
100
AcDbLine
 10
36.985649
 20
1.851815
 30
0.0
 11
36.980865
 21
1.859176
 31
0.0
  0
LINE
  5
11C5
330
1F
100
AcDbEntity
  8
1
  6
CONTINUOUS
370
50
 62
4
100
AcDbLine
 10
36.985649
 20
-1.895995
 30
0.0
 11
36.980865
 21
-1.888639
 31
0.0
  0
LINE
  5
11C6
330
1F
100
AcDbEntity
  8
1
  6
CONTINUOUS
370
50
 62
4
100
AcDbLine
 10
37.685032
 20
8.741337999999999
 30
0.0
 11
37.581539
 21
8.900458
 31
0.0
  0
LINE
  5
11C7
330
1F
100
AcDbEntity
  8
1
  6
CONTINUOUS
370
50
 62
4
100
AcDbLine
 10
36.990433
 20
1.84446
 30
0.0
 11
36.985649
 21
1.851815
 31
0.0
  0
LINE
  5
11C8
330
1F
100
AcDbEntity
  8
1
  6
CONTINUOUS
370
50
 62
4
100
AcDbLine
 10
36.995216
 20
1.837109
 30
0.0
 11
36.990433
 21
1.84446
 31
0.0
  0
LINE
  5
11C9
330
1F
100
AcDbEntity
  8
1
  6
CONTINUOUS
370
50
 62
4
100
AcDbLine
 10
36.990433
 20
-1.903346
 30
0.0
 11
36.985649
 21
-1.895995
 31
0.0
  0
LINE
  5
11CA
330
1F
100
AcDbEntity
  8
1
  6
CONTINUOUS
370
50
 62
4
100
AcDbLine
 10
55.04116399999999
 20
0.032441
 30
0.0
 11
54.966537
 21
0.147089
 31
0.0
  0
LINE
  5
11CB
330
1F
100
AcDbEntity
  8
1
  6
CONTINUOUS
370
50
 62
4
100
AcDbLine
 10
54.966537
 20
0.147089
 30
0.0
 11
54.891914
 21
0.261707
 31
0.0
  0
LINE
  5
11CC
330
1F
100
AcDbEntity
  8
1
  6
CONTINUOUS
370
50
 62
4
100
AcDbLine
 10
36.995216
 20
-1.910692
 30
0.0
 11
36.990433
 21
-1.903346
 31
0.0
  0
LINE
  5
11CD
330
1F
100
AcDbEntity
  8
1
  6
CONTINUOUS
370
50
 62
4
100
AcDbLine
 10
54.891914
 20
0.261707
 30
0.0
 11
54.817299
 21
0.376281
 31
0.0
  0
LINE
  5
11CE
330
1F
100
AcDbEntity
  8
1
  6
CONTINUOUS
370
50
 62
4
100
AcDbLine
 10
37.0
 20
1.829764
 30
0.0
 11
36.995216
 21
1.837109
 31
0.0
  0
LINE
  5
11CF
330
1F
100
AcDbEntity
  8
1
  6
CONTINUOUS
370
50
 62
4
100
AcDbLine
 10
57.581165
 20
0.406085
 30
0.0
 11
57.506542
 21
0.520651
 31
0.0
  0
LINE
  5
11D0
330
1F
100
AcDbEntity
  8
1
  6
CONTINUOUS
370
50
 62
4
100
AcDbLine
 10
54.817299
 20
0.376281
 30
0.0
 11
54.742683
 21
0.490799
 31
0.0
  0
LINE
  5
11D1
330
1F
100
AcDbEntity
  8
1
  6
CONTINUOUS
370
50
 62
4
100
AcDbLine
 10
37.0
 20
-1.918033
 30
0.0
 11
36.995216
 21
-1.910692
 31
0.0
  0
LINE
  5
11D2
330
1F
100
AcDbEntity
  8
1
  6
CONTINUOUS
370
50
 62
4
100
AcDbLine
 10
57.506542
 20
0.520651
 30
0.0
 11
57.431923
 21
0.63513
 31
0.0
  0
LINE
  5
11D3
330
1F
100
AcDbEntity
  8
1
  6
CONTINUOUS
370
50
 62
4
100
AcDbLine
 10
54.742683
 20
0.490799
 30
0.0
 11
54.668072
 21
0.60525
 31
0.0
  0
LINE
  5
11D4
330
1F
100
AcDbEntity
  8
1
  6
CONTINUOUS
370
50
 62
4
100
AcDbLine
 10
57.431923
 20
0.63513
 30
0.0
 11
57.357311
 21
0.74951
 31
0.0
  0
LINE
  5
11D5
330
1F
100
AcDbEntity
  8
1
  6
CONTINUOUS
370
50
 62
4
100
AcDbLine
 10
54.668072
 20
0.60525
 30
0.0
 11
54.593456
 21
0.7196199999999999
 31
0.0
  0
LINE
  5
11D6
330
1F
100
AcDbEntity
  8
1
  6
CONTINUOUS
370
50
 62
4
100
AcDbLine
 10
44.881165
 20
0.682008
 30
0.0
 11
44.806538
 21
0.7963129999999999
 31
0.0
  0
LINE
  5
11D7
330
1F
100
AcDbEntity
  8
1
  6
CONTINUOUS
370
50
 62
4
100
AcDbLine
 10
57.357311
 20
0.74951
 30
0.0
 11
57.2827
 21
0.863779
 31
0.0
  0
LINE
  5
11D8
330
1F
100
AcDbEntity
  8
1
  6
CONTINUOUS
370
50
 62
4
100
AcDbLine
 10
54.593456
 20
0.7196199999999999
 30
0.0
 11
54.518833
 21
0.833897
 31
0.0
  0
LINE
  5
11D9
330
1F
100
AcDbEntity
  8
1
  6
CONTINUOUS
370
50
 62
4
100
AcDbLine
 10
44.806538
 20
0.7963129999999999
 30
0.0
 11
44.731918
 21
0.9104939999999999
 31
0.0
  0
LINE
  5
11DA
330
1F
100
AcDbEntity
  8
1
  6
CONTINUOUS
370
50
 62
4
100
AcDbLine
 10
57.2827
 20
0.863779
 30
0.0
 11
57.208084
 21
0.9779239999999999
 31
0.0
  0
LINE
  5
11DB
330
1F
100
AcDbEntity
  8
1
  6
CONTINUOUS
370
50
 62
4
100
AcDbLine
 10
44.731918
 20
0.9104939999999999
 30
0.0
 11
44.65729899999999
 21
1.024537
 31
0.0
  0
LINE
  5
11DC
330
1F
100
AcDbEntity
  8
1
  6
CONTINUOUS
370
50
 62
4
100
AcDbLine
 10
57.208084
 20
0.9779239999999999
 30
0.0
 11
57.13346499999999
 21
1.091933
 31
0.0
  0
LINE
  5
11DD
330
1F
100
AcDbEntity
  8
1
  6
CONTINUOUS
370
50
 62
4
100
AcDbLine
 10
63.408829
 20
1.784421
 30
0.0
 11
63.38211399999999
 21
1.825205
 31
0.0
  0
LINE
  5
11DE
330
1F
100
AcDbEntity
  8
1
  6
CONTINUOUS
370
50
 62
4
100
AcDbLine
 10
44.65729899999999
 20
1.024537
 30
0.0
 11
44.582687
 21
1.13843
 31
0.0
  0
LINE
  5
11DF
330
1F
100
AcDbEntity
  8
1
  6
CONTINUOUS
370
50
 62
4
100
AcDbLine
 10
47.42116499999999
 20
1.054151
 30
0.0
 11
47.346531
 21
1.168061
 31
0.0
  0
LINE
  5
11E0
330
1F
100
AcDbEntity
  8
1
  6
CONTINUOUS
370
50
 62
4
100
AcDbLine
 10
57.13346499999999
 20
1.091933
 30
0.0
 11
57.058834
 21
1.205794
 31
0.0
  0
LINE
  5
11E1
330
1F
100
AcDbEntity
  8
1
  6
CONTINUOUS
370
50
 62
4
100
AcDbLine
 10
44.582687
 20
1.13843
 30
0.0
 11
44.508072
 21
1.252162
 31
0.0
  0
LINE
  5
11E2
330
1F
100
AcDbEntity
  8
1
  6
CONTINUOUS
370
50
 62
4
100
AcDbLine
 10
47.346531
 20
1.168061
 30
0.0
 11
47.271908
 21
1.281792
 31
0.0
  0
LINE
  5
11E3
330
1F
100
AcDbEntity
  8
1
  6
CONTINUOUS
370
50
 62
4
100
AcDbLine
 10
44.508072
 20
1.252162
 30
0.0
 11
44.433456
 21
1.365719
 31
0.0
  0
LINE
  5
11E4
330
1F
100
AcDbEntity
  8
1
  6
CONTINUOUS
370
50
 62
4
100
AcDbLine
 10
47.271908
 20
1.281792
 30
0.0
 11
47.19729599999999
 21
1.395332
 31
0.0
  0
LINE
  5
11E5
330
1F
100
AcDbEntity
  8
1
  6
CONTINUOUS
370
50
 62
4
100
AcDbLine
 10
39.353527
 20
-1.501158
 30
0.0
 11
39.278835
 21
-1.387637
 31
0.0
  0
LINE
  5
11E6
330
1F
100
AcDbEntity
  8
1
  6
CONTINUOUS
370
50
 62
4
100
AcDbLine
 10
44.433456
 20
1.365719
 30
0.0
 11
44.358833
 21
1.479089
 31
0.0
  0
LINE
  5
11E7
330
1F
100
AcDbEntity
  8
1
  6
CONTINUOUS
370
50
 62
4
100
AcDbLine
 10
47.19729599999999
 20
1.395332
 30
0.0
 11
47.122688
 21
1.508669
 31
0.0
  0
LINE
  5
11E8
330
1F
100
AcDbEntity
  8
1
  6
CONTINUOUS
370
50
 62
4
100
AcDbLine
 10
55.285702
 20
-0.351768
 30
0.0
 11
55.224174
 21
-0.258343
 31
0.0
  0
LINE
  5
11E9
330
1F
100
AcDbEntity
  8
1
  6
CONTINUOUS
370
50
 62
4
100
AcDbLine
 10
39.428173
 20
-1.61445
 30
0.0
 11
39.353527
 21
-1.501158
 31
0.0
  0
LINE
  5
11EA
330
1F
100
AcDbEntity
  8
1
  6
CONTINUOUS
370
50
 62
4
100
AcDbLine
 10
37.165447
 20
1.57874
 30
0.0
 11
37.0
 21
1.829764
 31
0.0
  0
LINE
  5
11EB
330
1F
100
AcDbEntity
  8
1
  6
CONTINUOUS
370
50
 62
4
100
AcDbLine
 10
37.134487
 20
-2.121958
 30
0.0
 11
37.0
 21
-1.918033
 31
0.0
  0
LINE
  5
11EC
330
1F
100
AcDbEntity
  8
1
  6
CONTINUOUS
370
50
 62
4
100
AcDbLine
 10
47.122688
 20
1.508669
 30
0.0
 11
47.048077
 21
1.62179
 31
0.0
  0
LINE
  5
11ED
330
1F
100
AcDbEntity
  8
1
  6
CONTINUOUS
370
50
 62
4
100
AcDbLine
 10
39.50277699999999
 20
-1.727503
 30
0.0
 11
39.428173
 21
-1.61445
 31
0.0
  0
LINE
  5
11EE
330
1F
100
AcDbEntity
  8
1
  6
CONTINUOUS
370
50
 62
4
100
AcDbLine
 10
48.024254
 20
0.058504
 30
0.0
 11
47.92215299999999
 21
0.213158
 31
0.0
  0
LINE
  5
11EF
330
1F
100
AcDbEntity
  8
1
  6
CONTINUOUS
370
50
 62
4
100
AcDbLine
 10
47.048077
 20
1.62179
 30
0.0
 11
46.973461
 21
1.734684
 31
0.0
  0
LINE
  5
11F0
330
1F
100
AcDbEntity
  8
1
  6
CONTINUOUS
370
50
 62
4
100
AcDbLine
 10
39.577366
 20
-1.840305
 30
0.0
 11
39.50277699999999
 21
-1.727503
 31
0.0
  0
LINE
  5
11F1
330
1F
100
AcDbEntity
  8
1
  6
CONTINUOUS
370
50
 62
4
100
AcDbLine
 10
58.892658
 20
-1.461792
 30
0.0
 11
58.886784
 21
-1.452922
 31
0.0
  0
LINE
  5
11F2
330
1F
100
AcDbEntity
  8
1
  6
CONTINUOUS
370
50
 62
4
100
AcDbLine
 10
46.973461
 20
1.734684
 30
0.0
 11
46.898834
 21
1.847336
 31
0.0
  0
LINE
  5
11F3
330
1F
100
AcDbEntity
  8
1
  6
CONTINUOUS
370
50
 62
4
100
AcDbLine
 10
57.979958
 20
-0.229214
 30
0.0
 11
57.879299
 21
-0.077267
 31
0.0
  0
LINE
  5
11F4
330
1F
100
AcDbEntity
  8
1
  6
CONTINUOUS
370
50
 62
4
100
AcDbLine
 10
39.651951
 20
-1.952847
 30
0.0
 11
39.577366
 21
-1.840305
 31
0.0
  0
LINE
  5
11F5
330
1F
100
AcDbEntity
  8
1
  6
CONTINUOUS
370
50
 62
4
100
AcDbLine
 10
45.366165
 20
-0.103997
 30
0.0
 11
45.284409
 21
0.01933
 31
0.0
  0
LINE
  5
11F6
330
1F
100
AcDbEntity
  8
1
  6
CONTINUOUS
370
50
 62
4
100
AcDbLine
 10
46.176727
 20
-8.189036
 30
0.0
 11
46.151234
 21
-8.150627
 31
0.0
  0
LINE
  5
11F7
330
1F
100
AcDbEntity
  8
1
  6
CONTINUOUS
370
50
 62
4
100
AcDbLine
 10
39.726543
 20
-2.065118
 30
0.0
 11
39.651951
 21
-1.952847
 31
0.0
  0
LINE
  5
11F8
330
1F
100
AcDbEntity
  8
1
  6
CONTINUOUS
370
50
 62
4
100
AcDbLine
 10
37.581539
 20
8.900458
 30
0.0
 11
37.476704
 21
9.058167
 31
0.0
  0
LINE
  5
11F9
330
1F
100
AcDbEntity
  8
1
  6
CONTINUOUS
370
50
 62
4
100
AcDbLine
 10
38.99585
 20
-0.931506
 30
0.0
 11
38.899597
 21
-0.786731
 31
0.0
  0
LINE
  5
11FA
330
1F
100
AcDbEntity
  8
1
  6
CONTINUOUS
370
50
 62
4
100
AcDbLine
 10
46.202347
 20
-8.227566999999999
 30
0.0
 11
46.176727
 21
-8.189036
 31
0.0
  0
LINE
  5
11FB
330
1F
100
AcDbEntity
  8
1
  6
CONTINUOUS
370
50
 62
4
100
AcDbLine
 10
46.228081
 20
-8.266202999999999
 30
0.0
 11
46.202347
 21
-8.227566999999999
 31
0.0
  0
LINE
  5
11FC
330
1F
100
AcDbEntity
  8
1
  6
CONTINUOUS
370
50
 62
4
100
AcDbLine
 10
39.801167
 20
-2.177107
 30
0.0
 11
39.726543
 21
-2.065118
 31
0.0
  0
LINE
  5
11FD
330
1F
100
AcDbEntity
  8
1
  6
CONTINUOUS
370
50
 62
4
100
AcDbLine
 10
35.905457
 20
0.08415
 30
0.0
 11
35.876797
 21
0.127146
 31
0.0
  0
LINE
  5
11FE
330
1F
100
AcDbEntity
  8
1
  6
CONTINUOUS
370
50
 62
4
100
AcDbLine
 10
49.513447
 20
-2.140275
 30
0.0
 11
49.438835
 21
-2.028397
 31
0.0
  0
LINE
  5
11FF
330
1F
100
AcDbEntity
  8
1
  6
CONTINUOUS
370
50
 62
4
100
AcDbLine
 10
46.25391399999999
 20
-8.304927
 30
0.0
 11
46.228081
 21
-8.266202999999999
 31
0.0
  0
LINE
  5
1200
330
1F
100
AcDbEntity
  8
1
  6
CONTINUOUS
370
50
 62
4
100
AcDbLine
 10
58.886784
 20
-1.452922
 30
0.0
 11
58.880894
 21
-1.444095
 31
0.0
  0
LINE
  5
1201
330
1F
100
AcDbEntity
  8
1
  6
CONTINUOUS
370
50
 62
4
100
AcDbLine
 10
46.279823
 20
-8.343724
 30
0.0
 11
46.25391399999999
 21
-8.304927
 31
0.0
  0
LINE
  5
1202
330
1F
100
AcDbEntity
  8
1
  6
CONTINUOUS
370
50
 62
4
100
AcDbLine
 10
46.305801
 20
-8.382579
 30
0.0
 11
46.279823
 21
-8.343724
 31
0.0
  0
LINE
  5
1203
330
1F
100
AcDbEntity
  8
1
  6
CONTINUOUS
370
50
 62
4
100
AcDbLine
 10
49.588062
 20
-2.251832
 30
0.0
 11
49.513447
 21
-2.140275
 31
0.0
  0
LINE
  5
1204
330
1F
100
AcDbEntity
  8
1
  6
CONTINUOUS
370
50
 62
4
100
AcDbLine
 10
46.33182499999999
 20
-8.421474
 30
0.0
 11
46.305801
 21
-8.382579
 31
0.0
  0
LINE
  5
1205
330
1F
100
AcDbEntity
  8
1
  6
CONTINUOUS
370
50
 62
4
100
AcDbLine
 10
48.937965
 20
-1.202049
 30
0.0
 11
48.835621
 21
-1.049267
 31
0.0
  0
LINE
  5
1206
330
1F
100
AcDbEntity
  8
1
  6
CONTINUOUS
370
50
 62
4
100
AcDbLine
 10
49.662674
 20
-2.363054
 30
0.0
 11
49.588062
 21
-2.251832
 31
0.0
  0
LINE
  5
1207
330
1F
100
AcDbEntity
  8
1
  6
CONTINUOUS
370
50
 62
4
100
AcDbLine
 10
58.880894
 20
-1.444095
 30
0.0
 11
58.874985
 21
-1.435313
 31
0.0
  0
LINE
  5
1208
330
1F
100
AcDbEntity
  8
1
  6
CONTINUOUS
370
50
 62
4
100
AcDbLine
 10
49.737289
 20
-2.47393
 30
0.0
 11
49.662674
 21
-2.363054
 31
0.0
  0
LINE
  5
1209
330
1F
100
AcDbEntity
  8
1
  6
CONTINUOUS
370
50
 62
4
100
AcDbLine
 10
46.395618
 20
-8.5162
 30
0.0
 11
46.33182499999999
 21
-8.421474
 31
0.0
  0
LINE
  5
120A
330
1F
100
AcDbEntity
  8
1
  6
CONTINUOUS
370
50
 62
4
100
AcDbLine
 10
46.973461
 20
-2.502684
 30
0.0
 11
46.898834
 21
-2.391883
 31
0.0
  0
LINE
  5
120B
330
1F
100
AcDbEntity
  8
1
  6
CONTINUOUS
370
50
 62
4
100
AcDbLine
 10
55.347477
 20
-0.443406
 30
0.0
 11
55.285702
 21
-0.351768
 31
0.0
  0
LINE
  5
120C
330
1F
100
AcDbEntity
  8
1
  6
CONTINUOUS
370
50
 62
4
100
AcDbLine
 10
37.269318
 20
-2.321669
 30
0.0
 11
37.134487
 21
-2.121958
 31
0.0
  0
LINE
  5
120D
330
1F
100
AcDbEntity
  8
1
  6
CONTINUOUS
370
50
 62
4
100
AcDbLine
 10
49.811913
 20
-2.584449
 30
0.0
 11
49.737289
 21
-2.47393
 31
0.0
  0
LINE
  5
120E
330
1F
100
AcDbEntity
  8
1
  6
CONTINUOUS
370
50
 62
4
100
AcDbLine
 10
37.33074999999999
 20
1.333986
 30
0.0
 11
37.165447
 21
1.57874
 31
0.0
  0
LINE
  5
120F
330
1F
100
AcDbEntity
  8
1
  6
CONTINUOUS
370
50
 62
4
100
AcDbLine
 10
47.048084
 20
-2.61312
 30
0.0
 11
46.973461
 21
-2.502684
 31
0.0
  0
LINE
  5
1210
330
1F
100
AcDbEntity
  8
1
  6
CONTINUOUS
370
50
 62
4
100
AcDbLine
 10
37.037331
 20
-2.217051
 30
0.0
 11
37.0
 21
-2.161927
 31
0.0
  0
LINE
  5
1211
330
1F
100
AcDbEntity
  8
1
  6
CONTINUOUS
370
50
 62
4
100
AcDbLine
 10
49.886536
 20
-2.694597
 30
0.0
 11
49.811913
 21
-2.584449
 31
0.0
  0
LINE
  5
1212
330
1F
100
AcDbEntity
  8
1
  6
CONTINUOUS
370
50
 62
4
100
AcDbLine
 10
37.261166
 20
1.696637
 30
0.0
 11
37.224014
 21
1.751444
 31
0.0
  0
LINE
  5
1213
330
1F
100
AcDbEntity
  8
1
  6
CONTINUOUS
370
50
 62
4
100
AcDbLine
 10
37.07465
 20
-2.272098
 30
0.0
 11
37.037331
 21
-2.217051
 31
0.0
  0
LINE
  5
1214
330
1F
100
AcDbEntity
  8
1
  6
CONTINUOUS
370
50
 62
4
100
AcDbLine
 10
47.122707
 20
-2.72318
 30
0.0
 11
47.048084
 21
-2.61312
 31
0.0
  0
LINE
  5
1215
330
1F
100
AcDbEntity
  8
1
  6
CONTINUOUS
370
50
 62
4
100
AcDbLine
 10
58.874985
 20
-1.435313
 30
0.0
 11
58.869057
 21
-1.426576
 31
0.0
  0
LINE
  5
1216
330
1F
100
AcDbEntity
  8
1
  6
CONTINUOUS
370
50
 62
4
100
AcDbLine
 10
59.67343899999999
 20
-2.768275
 30
0.0
 11
59.59883499999999
 21
-2.658355
 31
0.0
  0
LINE
  5
1217
330
1F
100
AcDbEntity
  8
1
  6
CONTINUOUS
370
50
 62
4
100
AcDbLine
 10
37.111961
 20
-2.327068
 30
0.0
 11
37.07465
 21
-2.272098
 31
0.0
  0
LINE
  5
1218
330
1F
100
AcDbEntity
  8
1
  6
CONTINUOUS
370
50
 62
4
100
AcDbLine
 10
37.476704
 20
9.058167
 30
0.0
 11
37.37006
 21
9.215176
 31
0.0
  0
LINE
  5
1219
330
1F
100
AcDbEntity
  8
1
  6
CONTINUOUS
370
50
 62
4
100
AcDbLine
 10
37.149265
 20
-2.38196
 30
0.0
 11
37.111961
 21
-2.327068
 31
0.0
  0
LINE
  5
121A
330
1F
100
AcDbEntity
  8
1
  6
CONTINUOUS
370
50
 62
4
100
AcDbLine
 10
49.961166
 20
-2.804363
 30
0.0
 11
49.886536
 21
-2.694597
 31
0.0
  0
LINE
  5
121B
330
1F
100
AcDbEntity
  8
1
  6
CONTINUOUS
370
50
 62
4
100
AcDbLine
 10
37.224014
 20
1.751444
 30
0.0
 11
37.18681
 21
1.806142
 31
0.0
  0
LINE
  5
121C
330
1F
100
AcDbEntity
  8
1
  6
CONTINUOUS
370
50
 62
4
100
AcDbLine
 10
48.168819
 20
-0.151991
 30
0.0
 11
48.16284599999999
 21
-0.143211
 31
0.0
  0
LINE
  5
121D
330
1F
100
AcDbEntity
  8
1
  6
CONTINUOUS
370
50
 62
4
100
AcDbLine
 10
47.19733
 20
-2.83285
 30
0.0
 11
47.122707
 21
-2.72318
 31
0.0
  0
LINE
  5
121E
330
1F
100
AcDbEntity
  8
1
  6
CONTINUOUS
370
50
 62
4
100
AcDbLine
 10
37.186565
 20
-2.436771
 30
0.0
 11
37.149265
 21
-2.38196
 31
0.0
  0
LINE
  5
121F
330
1F
100
AcDbEntity
  8
1
  6
CONTINUOUS
370
50
 62
4
100
AcDbLine
 10
62.953304
 20
2.618966
 30
0.0
 11
62.812057
 21
2.826398
 31
0.0
  0
LINE
  5
1220
330
1F
100
AcDbEntity
  8
1
  6
CONTINUOUS
370
50
 62
4
100
AcDbLine
 10
59.748051
 20
-2.877792
 30
0.0
 11
59.67343899999999
 21
-2.768275
 31
0.0
  0
LINE
  5
1221
330
1F
100
AcDbEntity
  8
1
  6
CONTINUOUS
370
50
 62
4
100
AcDbLine
 10
62.812057
 20
2.826398
 30
0.0
 11
62.67115
 21
3.03319
 31
0.0
  0
LINE
  5
1222
330
1F
100
AcDbEntity
  8
1
  6
CONTINUOUS
370
50
 62
4
100
AcDbLine
 10
37.223866
 20
-2.491501
 30
0.0
 11
37.186565
 21
-2.436771
 31
0.0
  0
LINE
  5
1223
330
1F
100
AcDbEntity
  8
1
  6
CONTINUOUS
370
50
 62
4
100
AcDbLine
 10
46.459137
 20
-8.609354999999999
 30
0.0
 11
46.395618
 21
-8.5162
 31
0.0
  0
LINE
  5
1224
330
1F
100
AcDbEntity
  8
1
  6
CONTINUOUS
370
50
 62
4
100
AcDbLine
 10
62.67115
 20
3.03319
 30
0.0
 11
62.530556
 21
3.239256
 31
0.0
  0
LINE
  5
1225
330
1F
100
AcDbEntity
  8
1
  6
CONTINUOUS
370
50
 62
4
100
AcDbLine
 10
37.18681
 20
1.806142
 30
0.0
 11
37.149551
 21
1.860734
 31
0.0
  0
LINE
  5
1226
330
1F
100
AcDbEntity
  8
1
  6
CONTINUOUS
370
50
 62
4
100
AcDbLine
 10
37.261166
 20
-2.546148
 30
0.0
 11
37.223866
 21
-2.491501
 31
0.0
  0
LINE
  5
1227
330
1F
100
AcDbEntity
  8
1
  6
CONTINUOUS
370
50
 62
4
100
AcDbLine
 10
47.271942
 20
-2.942107
 30
0.0
 11
47.19733
 21
-2.83285
 31
0.0
  0
LINE
  5
1228
330
1F
100
AcDbEntity
  8
1
  6
CONTINUOUS
370
50
 62
4
100
AcDbLine
 10
48.16284599999999
 20
-0.143211
 30
0.0
 11
48.156872
 21
-0.134466
 31
0.0
  0
LINE
  5
1229
330
1F
100
AcDbEntity
  8
1
  6
CONTINUOUS
370
50
 62
4
100
AcDbLine
 10
62.530556
 20
3.239256
 30
0.0
 11
62.390259
 21
3.444495
 31
0.0
  0
LINE
  5
122A
330
1F
100
AcDbEntity
  8
1
  6
CONTINUOUS
370
50
 62
4
100
AcDbLine
 10
45.448353
 20
-0.224194
 30
0.0
 11
45.366165
 21
-0.103997
 31
0.0
  0
LINE
  5
122B
330
1F
100
AcDbEntity
  8
1
  6
CONTINUOUS
370
50
 62
4
100
AcDbLine
 10
59.822666
 20
-2.986884
 30
0.0
 11
59.748051
 21
-2.877792
 31
0.0
  0
LINE
  5
122C
330
1F
100
AcDbEntity
  8
1
  6
CONTINUOUS
370
50
 62
4
100
AcDbLine
 10
58.869057
 20
-1.426576
 30
0.0
 11
58.86311
 21
-1.417886
 31
0.0
  0
LINE
  5
122D
330
1F
100
AcDbEntity
  8
1
  6
CONTINUOUS
370
50
 62
4
100
AcDbLine
 10
37.149551
 20
1.860734
 30
0.0
 11
37.112244
 21
1.915224
 31
0.0
  0
LINE
  5
122E
330
1F
100
AcDbEntity
  8
1
  6
CONTINUOUS
370
50
 62
4
100
AcDbLine
 10
62.390259
 20
3.444495
 30
0.0
 11
62.250286
 21
3.648746
 31
0.0
  0
LINE
  5
122F
330
1F
100
AcDbEntity
  8
1
  6
CONTINUOUS
370
50
 62
4
100
AcDbLine
 10
47.346554
 20
-3.05094
 30
0.0
 11
47.271942
 21
-2.942107
 31
0.0
  0
LINE
  5
1230
330
1F
100
AcDbEntity
  8
1
  6
CONTINUOUS
370
50
 62
4
100
AcDbLine
 10
48.126995
 20
-0.0913
 30
0.0
 11
48.024254
 21
0.058504
 31
0.0
  0
LINE
  5
1231
330
1F
100
AcDbEntity
  8
1
  6
CONTINUOUS
370
50
 62
4
100
AcDbLine
 10
48.156872
 20
-0.134466
 30
0.0
 11
48.150894
 21
-0.125758
 31
0.0
  0
LINE
  5
1232
330
1F
100
AcDbEntity
  8
1
  6
CONTINUOUS
370
50
 62
4
100
AcDbLine
 10
59.897285
 20
-3.095536
 30
0.0
 11
59.822666
 21
-2.986884
 31
0.0
  0
LINE
  5
1233
330
1F
100
AcDbEntity
  8
1
  6
CONTINUOUS
370
50
 62
4
100
AcDbLine
 10
37.112244
 20
1.915224
 30
0.0
 11
37.074883
 21
1.969615
 31
0.0
  0
LINE
  5
1234
330
1F
100
AcDbEntity
  8
1
  6
CONTINUOUS
370
50
 62
4
100
AcDbLine
 10
62.250286
 20
3.648746
 30
0.0
 11
62.110626
 21
3.851914
 31
0.0
  0
LINE
  5
1235
330
1F
100
AcDbEntity
  8
1
  6
CONTINUOUS
370
50
 62
4
100
AcDbLine
 10
57.133461
 20
-3.123712
 30
0.0
 11
57.058834
 21
-3.015178
 31
0.0
  0
LINE
  5
1236
330
1F
100
AcDbEntity
  8
1
  6
CONTINUOUS
370
50
 62
4
100
AcDbLine
 10
47.42116499999999
 20
-3.159334
 30
0.0
 11
47.346554
 21
-3.05094
 31
0.0
  0
LINE
  5
1237
330
1F
100
AcDbEntity
  8
1
  6
CONTINUOUS
370
50
 62
4
100
AcDbLine
 10
58.081245
 20
-0.376336
 30
0.0
 11
57.979958
 21
-0.229214
 31
0.0
  0
LINE
  5
1238
330
1F
100
AcDbEntity
  8
1
  6
CONTINUOUS
370
50
 62
4
100
AcDbLine
 10
48.150894
 20
-0.125758
 30
0.0
 11
48.14492
 21
-0.117087
 31
0.0
  0
LINE
  5
1239
330
1F
100
AcDbEntity
  8
1
  6
CONTINUOUS
370
50
 62
4
100
AcDbLine
 10
37.074883
 20
1.969615
 30
0.0
 11
37.037468
 21
2.023908
 31
0.0
  0
LINE
  5
123A
330
1F
100
AcDbEntity
  8
1
  6
CONTINUOUS
370
50
 62
4
100
AcDbLine
 10
59.971909
 20
-3.203736
 30
0.0
 11
59.897285
 21
-3.095536
 31
0.0
  0
LINE
  5
123B
330
1F
100
AcDbEntity
  8
1
  6
CONTINUOUS
370
50
 62
4
100
AcDbLine
 10
62.110626
 20
3.851914
 30
0.0
 11
61.971252
 21
4.053915
 31
0.0
  0
LINE
  5
123C
330
1F
100
AcDbEntity
  8
1
  6
CONTINUOUS
370
50
 62
4
100
AcDbLine
 10
58.86311
 20
-1.417886
 30
0.0
 11
58.857147
 21
-1.409245
 31
0.0
  0
LINE
  5
123D
330
1F
100
AcDbEntity
  8
1
  6
CONTINUOUS
370
50
 62
4
100
AcDbLine
 10
57.208084
 20
-3.231784
 30
0.0
 11
57.133461
 21
-3.123712
 31
0.0
  0
LINE
  5
123E
330
1F
100
AcDbEntity
  8
1
  6
CONTINUOUS
370
50
 62
4
100
AcDbLine
 10
55.409504
 20
-0.533227
 30
0.0
 11
55.347477
 21
-0.443406
 31
0.0
  0
LINE
  5
123F
330
1F
100
AcDbEntity
  8
1
  6
CONTINUOUS
370
50
 62
4
100
AcDbLine
 10
46.522385
 20
-8.700925999999999
 30
0.0
 11
46.459137
 21
-8.609354999999999
 31
0.0
  0
LINE
  5
1240
330
1F
100
AcDbEntity
  8
1
  6
CONTINUOUS
370
50
 62
4
100
AcDbLine
 10
37.037468
 20
2.023908
 30
0.0
 11
37.0
 21
2.078108
 31
0.0
  0
LINE
  5
1241
330
1F
100
AcDbEntity
  8
1
  6
CONTINUOUS
370
50
 62
4
100
AcDbLine
 10
37.404415
 20
-2.516916
 30
0.0
 11
37.269318
 21
-2.321669
 31
0.0
  0
LINE
  5
1242
330
1F
100
AcDbEntity
  8
1
  6
CONTINUOUS
370
50
 62
4
100
AcDbLine
 10
38.899597
 20
-0.786731
 30
0.0
 11
38.802555
 21
-0.6465069999999999
 31
0.0
  0
LINE
  5
1243
330
1F
100
AcDbEntity
  8
1
  6
CONTINUOUS
370
50
 62
4
100
AcDbLine
 10
48.14492
 20
-0.117087
 30
0.0
 11
48.138943
 21
-0.108454
 31
0.0
  0
LINE
  5
1244
330
1F
100
AcDbEntity
  8
1
  6
CONTINUOUS
370
50
 62
4
100
AcDbLine
 10
60.046535
 20
-3.311471
 30
0.0
 11
59.971909
 21
-3.203736
 31
0.0
  0
LINE
  5
1245
330
1F
100
AcDbEntity
  8
1
  6
CONTINUOUS
370
50
 62
4
100
AcDbLine
 10
37.495945
 20
1.095585
 30
0.0
 11
37.33074999999999
 21
1.333986
 31
0.0
  0
LINE
  5
1246
330
1F
100
AcDbEntity
  8
1
  6
CONTINUOUS
370
50
 62
4
100
AcDbLine
 10
57.282703
 20
-3.339383
 30
0.0
 11
57.208084
 21
-3.231784
 31
0.0
  0
LINE
  5
1247
330
1F
100
AcDbEntity
  8
1
  6
CONTINUOUS
370
50
 62
4
100
AcDbLine
 10
37.37006
 20
9.215176
 30
0.0
 11
37.261143
 21
9.372197
 31
0.0
  0
LINE
  5
1248
330
1F
100
AcDbEntity
  8
1
  6
CONTINUOUS
370
50
 62
4
100
AcDbLine
 10
48.138943
 20
-0.108454
 30
0.0
 11
48.132969
 21
-0.099858
 31
0.0
  0
LINE
  5
1249
330
1F
100
AcDbEntity
  8
1
  6
CONTINUOUS
370
50
 62
4
100
AcDbLine
 10
48.835621
 20
-1.049267
 30
0.0
 11
48.732563
 21
-0.901021
 31
0.0
  0
LINE
  5
124A
330
1F
100
AcDbEntity
  8
1
  6
CONTINUOUS
370
50
 62
4
100
AcDbLine
 10
58.857147
 20
-1.409245
 30
0.0
 11
58.85117
 21
-1.400652
 31
0.0
  0
LINE
  5
124B
330
1F
100
AcDbEntity
  8
1
  6
CONTINUOUS
370
50
 62
4
100
AcDbLine
 10
60.121166
 20
-3.418731
 30
0.0
 11
60.046535
 21
-3.311471
 31
0.0
  0
LINE
  5
124C
330
1F
100
AcDbEntity
  8
1
  6
CONTINUOUS
370
50
 62
4
100
AcDbLine
 10
57.357319
 20
-3.446497
 30
0.0
 11
57.282703
 21
-3.339383
 31
0.0
  0
LINE
  5
124D
330
1F
100
AcDbEntity
  8
1
  6
CONTINUOUS
370
50
 62
4
100
AcDbLine
 10
64.301872
 20
0.6543939999999999
 30
0.0
 11
64.225357
 21
0.764231
 31
0.0
  0
LINE
  5
124E
330
1F
100
AcDbEntity
  8
1
  6
CONTINUOUS
370
50
 62
4
100
AcDbLine
 10
35.93501699999999
 20
0.041748
 30
0.0
 11
35.905457
 21
0.08415
 31
0.0
  0
LINE
  5
124F
330
1F
100
AcDbEntity
  8
1
  6
CONTINUOUS
370
50
 62
4
100
AcDbLine
 10
45.453922
 20
-0.232178
 30
0.0
 11
45.448353
 21
-0.224194
 31
0.0
  0
LINE
  5
1250
330
1F
100
AcDbEntity
  8
1
  6
CONTINUOUS
370
50
 62
4
100
AcDbLine
 10
48.132969
 20
-0.099858
 30
0.0
 11
48.126995
 21
-0.0913
 31
0.0
  0
LINE
  5
1251
330
1F
100
AcDbEntity
  8
1
  6
CONTINUOUS
370
50
 62
4
100
AcDbLine
 10
64.37847099999999
 20
0.544755
 30
0.0
 11
64.301872
 21
0.6543939999999999
 31
0.0
  0
LINE
  5
1252
330
1F
100
AcDbEntity
  8
1
  6
CONTINUOUS
370
50
 62
4
100
AcDbLine
 10
57.431931
 20
-3.553116
 30
0.0
 11
57.357319
 21
-3.446497
 31
0.0
  0
LINE
  5
1253
330
1F
100
AcDbEntity
  8
1
  6
CONTINUOUS
370
50
 62
4
100
AcDbLine
 10
46.585361
 20
-8.790899
 30
0.0
 11
46.522385
 21
-8.700925999999999
 31
0.0
  0
LINE
  5
1254
330
1F
100
AcDbEntity
  8
1
  6
CONTINUOUS
370
50
 62
4
100
AcDbLine
 10
67.000038
 20
-7.611108
 30
0.0
 11
67.00003099999999
 21
-7.611097999999999
 31
0.0
  0
LINE
  5
1255
330
1F
100
AcDbEntity
  8
1
  6
CONTINUOUS
370
50
 62
4
100
AcDbLine
 10
64.455147
 20
0.435326
 30
0.0
 11
64.37847099999999
 21
0.544755
 31
0.0
  0
LINE
  5
1256
330
1F
100
AcDbEntity
  8
1
  6
CONTINUOUS
370
50
 62
4
100
AcDbLine
 10
64.53190599999999
 20
0.326122
 30
0.0
 11
64.455147
 21
0.435326
 31
0.0
  0
LINE
  5
1257
330
1F
100
AcDbEntity
  8
1
  6
CONTINUOUS
370
50
 62
4
100
AcDbLine
 10
57.506546
 20
-3.659226
 30
0.0
 11
57.431931
 21
-3.553116
 31
0.0
  0
LINE
  5
1258
330
1F
100
AcDbEntity
  8
1
  6
CONTINUOUS
370
50
 62
4
100
AcDbLine
 10
55.442486
 20
-0.580094
 30
0.0
 11
55.409504
 21
-0.533227
 31
0.0
  0
LINE
  5
1259
330
1F
100
AcDbEntity
  8
1
  6
CONTINUOUS
370
50
 62
4
100
AcDbLine
 10
45.459511
 20
-0.240118
 30
0.0
 11
45.453922
 21
-0.232178
 31
0.0
  0
LINE
  5
125A
330
1F
100
AcDbEntity
  8
1
  6
CONTINUOUS
370
50
 62
4
100
AcDbLine
 10
64.608749
 20
0.217157
 30
0.0
 11
64.53190599999999
 21
0.326122
 31
0.0
  0
LINE
  5
125B
330
1F
100
AcDbEntity
  8
1
  6
CONTINUOUS
370
50
 62
4
100
AcDbLine
 10
57.581165
 20
-3.764817
 30
0.0
 11
57.506546
 21
-3.659226
 31
0.0
  0
LINE
  5
125C
330
1F
100
AcDbEntity
  8
1
  6
CONTINUOUS
370
50
 62
4
100
AcDbLine
 10
64.685692
 20
0.108444
 30
0.0
 11
64.608749
 21
0.217157
 31
0.0
  0
LINE
  5
125D
330
1F
100
AcDbEntity
  8
1
  6
CONTINUOUS
370
50
 62
4
100
AcDbLine
 10
45.465111
 20
-0.248015
 30
0.0
 11
45.459511
 21
-0.240118
 31
0.0
  0
LINE
  5
125E
330
1F
100
AcDbEntity
  8
1
  6
CONTINUOUS
370
50
 62
4
100
AcDbLine
 10
46.648067
 20
-8.879263
 30
0.0
 11
46.585361
 21
-8.790899
 31
0.0
  0
LINE
  5
125F
330
1F
100
AcDbEntity
  8
1
  6
CONTINUOUS
370
50
 62
4
100
AcDbLine
 10
37.539711
 20
-2.707448
 30
0.0
 11
37.404415
 21
-2.516916
 31
0.0
  0
LINE
  5
1260
330
1F
100
AcDbEntity
  8
1
  6
CONTINUOUS
370
50
 62
4
100
AcDbLine
 10
64.762726
 20
-0.000002
 30
0.0
 11
64.685692
 21
0.108444
 31
0.0
  0
LINE
  5
1261
330
1F
100
AcDbEntity
  8
1
  6
CONTINUOUS
370
50
 62
4
100
AcDbLine
 10
37.661102
 20
0.8635309999999999
 30
0.0
 11
37.495945
 21
1.095585
 31
0.0
  0
LINE
  5
1262
330
1F
100
AcDbEntity
  8
1
  6
CONTINUOUS
370
50
 62
4
100
AcDbLine
 10
48.732563
 20
-0.901021
 30
0.0
 11
48.726704
 21
-0.8927889999999999
 31
0.0
  0
LINE
  5
1263
330
1F
100
AcDbEntity
  8
1
  6
CONTINUOUS
370
50
 62
4
100
AcDbLine
 10
52.501167
 20
3.824326
 30
0.0
 11
52.426537
 21
3.929075
 31
0.0
  0
LINE
  5
1264
330
1F
100
AcDbEntity
  8
1
  6
CONTINUOUS
370
50
 62
4
100
AcDbLine
 10
64.8134
 20
-0.07111
 30
0.0
 11
64.762726
 21
-0.000002
 31
0.0
  0
LINE
  5
1265
330
1F
100
AcDbEntity
  8
1
  6
CONTINUOUS
370
50
 62
4
100
AcDbLine
 10
55.47551
 20
-0.626383
 30
0.0
 11
55.442486
 21
-0.580094
 31
0.0
  0
LINE
  5
1266
330
1F
100
AcDbEntity
  8
1
  6
CONTINUOUS
370
50
 62
4
100
AcDbLine
 10
64.86412
 20
-0.142093
 30
0.0
 11
64.8134
 21
-0.07111
 31
0.0
  0
LINE
  5
1267
330
1F
100
AcDbEntity
  8
1
  6
CONTINUOUS
370
50
 62
4
100
AcDbLine
 10
45.47073
 20
-0.255867
 30
0.0
 11
45.465111
 21
-0.248015
 31
0.0
  0
LINE
  5
1268
330
1F
100
AcDbEntity
  8
1
  6
CONTINUOUS
370
50
 62
4
100
AcDbLine
 10
52.426537
 20
3.929075
 30
0.0
 11
52.351913
 21
4.033245
 31
0.0
  0
LINE
  5
1269
330
1F
100
AcDbEntity
  8
1
  6
CONTINUOUS
370
50
 62
4
100
AcDbLine
 10
64.914894
 20
-0.212947
 30
0.0
 11
64.86412
 21
-0.142093
 31
0.0
  0
LINE
  5
126A
330
1F
100
AcDbEntity
  8
1
  6
CONTINUOUS
370
50
 62
4
100
AcDbLine
 10
58.18317399999999
 20
-0.518505
 30
0.0
 11
58.081245
 21
-0.376336
 31
0.0
  0
LINE
  5
126B
330
1F
100
AcDbEntity
  8
1
  6
CONTINUOUS
370
50
 62
4
100
AcDbLine
 10
48.726704
 20
-0.8927889999999999
 30
0.0
 11
48.720825
 21
-0.8846029999999999
 31
0.0
  0
LINE
  5
126C
330
1F
100
AcDbEntity
  8
1
  6
CONTINUOUS
370
50
 62
4
100
AcDbLine
 10
64.965706
 20
-0.283669
 30
0.0
 11
64.914894
 21
-0.212947
 31
0.0
  0
LINE
  5
126D
330
1F
100
AcDbEntity
  8
1
  6
CONTINUOUS
370
50
 62
4
100
AcDbLine
 10
46.710506
 20
-8.966002999999999
 30
0.0
 11
46.648067
 21
-8.879263
 31
0.0
  0
LINE
  5
126E
330
1F
100
AcDbEntity
  8
1
  6
CONTINUOUS
370
50
 62
4
100
AcDbLine
 10
52.351913
 20
4.033245
 30
0.0
 11
52.27729799999999
 21
4.136826
 31
0.0
  0
LINE
  5
126F
330
1F
100
AcDbEntity
  8
1
  6
CONTINUOUS
370
50
 62
4
100
AcDbLine
 10
65.016579
 20
-0.354253
 30
0.0
 11
64.965706
 21
-0.283669
 31
0.0
  0
LINE
  5
1270
330
1F
100
AcDbEntity
  8
1
  6
CONTINUOUS
370
50
 62
4
100
AcDbLine
 10
45.47636
 20
-0.263674
 30
0.0
 11
45.47073
 21
-0.255867
 31
0.0
  0
LINE
  5
1271
330
1F
100
AcDbEntity
  8
1
  6
CONTINUOUS
370
50
 62
4
100
AcDbLine
 10
56.327648
 20
-8.076689
 30
0.0
 11
56.311234
 21
-8.053935
 31
0.0
  0
LINE
  5
1272
330
1F
100
AcDbEntity
  8
1
  6
CONTINUOUS
370
50
 62
4
100
AcDbLine
 10
56.344116
 20
-8.099507
 30
0.0
 11
56.327648
 21
-8.076689
 31
0.0
  0
LINE
  5
1273
330
1F
100
AcDbEntity
  8
1
  6
CONTINUOUS
370
50
 62
4
100
AcDbLine
 10
56.36063799999999
 20
-8.122387999999999
 30
0.0
 11
56.344116
 21
-8.099507
 31
0.0
  0
LINE
  5
1274
330
1F
100
AcDbEntity
  8
1
  6
CONTINUOUS
370
50
 62
4
100
AcDbLine
 10
56.377205
 20
-8.145325999999999
 30
0.0
 11
56.36063799999999
 21
-8.122387999999999
 31
0.0
  0
LINE
  5
1275
330
1F
100
AcDbEntity
  8
1
  6
CONTINUOUS
370
50
 62
4
100
AcDbLine
 10
56.393814
 20
-8.168318
 30
0.0
 11
56.377205
 21
-8.145325999999999
 31
0.0
  0
LINE
  5
1276
330
1F
100
AcDbEntity
  8
1
  6
CONTINUOUS
370
50
 62
4
100
AcDbLine
 10
56.41046499999999
 20
-8.19136
 30
0.0
 11
56.393814
 21
-8.168318
 31
0.0
  0
LINE
  5
1277
330
1F
100
AcDbEntity
  8
1
  6
CONTINUOUS
370
50
 62
4
100
AcDbLine
 10
65.06748999999999
 20
-0.424697
 30
0.0
 11
65.016579
 21
-0.354253
 31
0.0
  0
LINE
  5
1278
330
1F
100
AcDbEntity
  8
1
  6
CONTINUOUS
370
50
 62
4
100
AcDbLine
 10
38.802555
 20
-0.6465069999999999
 30
0.0
 11
38.704834
 21
-0.5113869999999999
 31
0.0
  0
LINE
  5
1279
330
1F
100
AcDbEntity
  8
1
  6
CONTINUOUS
370
50
 62
4
100
AcDbLine
 10
55.508575
 20
-0.672102
 30
0.0
 11
55.47551
 21
-0.626383
 31
0.0
  0
LINE
  5
127A
330
1F
100
AcDbEntity
  8
1
  6
CONTINUOUS
370
50
 62
4
100
AcDbLine
 10
52.27729799999999
 20
4.136826
 30
0.0
 11
52.202686
 21
4.239806
 31
0.0
  0
LINE
  5
127B
330
1F
100
AcDbEntity
  8
1
  6
CONTINUOUS
370
50
 62
4
100
AcDbLine
 10
48.720825
 20
-0.8846029999999999
 30
0.0
 11
48.714928
 21
-0.8764649999999999
 31
0.0
  0
LINE
  5
127C
330
1F
100
AcDbEntity
  8
1
  6
CONTINUOUS
370
50
 62
4
100
AcDbLine
 10
65.118462
 20
-0.494995
 30
0.0
 11
65.06748999999999
 21
-0.424697
 31
0.0
  0
LINE
  5
127D
330
1F
100
AcDbEntity
  8
1
  6
CONTINUOUS
370
50
 62
4
100
AcDbLine
 10
65.123886
 20
-0.5024649999999999
 30
0.0
 11
65.121178
 21
-0.498731
 31
0.0
  0
LINE
  5
127E
330
1F
100
AcDbEntity
  8
1
  6
CONTINUOUS
370
50
 62
4
100
AcDbLine
 10
55.04116399999999
 20
4.163883999999999
 30
0.0
 11
54.966545
 21
4.266721
 31
0.0
  0
LINE
  5
127F
330
1F
100
AcDbEntity
  8
1
  6
CONTINUOUS
370
50
 62
4
100
AcDbLine
 10
65.129311
 20
-0.5099319999999999
 30
0.0
 11
65.12660199999999
 21
-0.506199
 31
0.0
  0
LINE
  5
1280
330
1F
100
AcDbEntity
  8
1
  6
CONTINUOUS
370
50
 62
4
100
AcDbLine
 10
35.965363
 20
0.0
 30
0.0
 11
35.93501699999999
 21
0.041748
 31
0.0
  0
LINE
  5
1281
330
1F
100
AcDbEntity
  8
1
  6
CONTINUOUS
370
50
 62
4
100
AcDbLine
 10
65.121178
 20
-0.498731
 30
0.0
 11
65.118462
 21
-0.494995
 31
0.0
  0
LINE
  5
1282
330
1F
100
AcDbEntity
  8
1
  6
CONTINUOUS
370
50
 62
4
100
AcDbLine
 10
65.625587
 20
2.560678
 30
0.0
 11
65.3899
 21
2.884809
 31
0.0
  0
LINE
  5
1283
330
1F
100
AcDbEntity
  8
1
  6
CONTINUOUS
370
50
 62
4
100
AcDbLine
 10
65.12660199999999
 20
-0.506199
 30
0.0
 11
65.123886
 21
-0.5024649999999999
 31
0.0
  0
LINE
  5
1284
330
1F
100
AcDbEntity
  8
1
  6
CONTINUOUS
370
50
 62
4
100
AcDbLine
 10
65.132027
 20
-0.5136649999999999
 30
0.0
 11
65.129311
 21
-0.5099319999999999
 31
0.0
  0
LINE
  5
1285
330
1F
100
AcDbEntity
  8
1
  6
CONTINUOUS
370
50
 62
4
100
AcDbLine
 10
65.862267
 20
2.235378
 30
0.0
 11
65.625587
 21
2.560678
 31
0.0
  0
LINE
  5
1286
330
1F
100
AcDbEntity
  8
1
  6
CONTINUOUS
370
50
 62
4
100
AcDbLine
 10
55.442879
 20
-0.579118
 30
0.0
 11
55.409821
 21
-0.533691
 31
0.0
  0
LINE
  5
1287
330
1F
100
AcDbEntity
  8
1
  6
CONTINUOUS
370
50
 62
4
100
AcDbLine
 10
65.134743
 20
-0.517397
 30
0.0
 11
65.132027
 21
-0.5136649999999999
 31
0.0
  0
LINE
  5
1288
330
1F
100
AcDbEntity
  8
1
  6
CONTINUOUS
370
50
 62
4
100
AcDbLine
 10
45.48201
 20
-0.271434
 30
0.0
 11
45.47636
 21
-0.263674
 31
0.0
  0
LINE
  5
1289
330
1F
100
AcDbEntity
  8
1
  6
CONTINUOUS
370
50
 62
4
100
AcDbLine
 10
55.475941
 20
-0.624526
 30
0.0
 11
55.442879
 21
-0.579118
 31
0.0
  0
LINE
  5
128A
330
1F
100
AcDbEntity
  8
1
  6
CONTINUOUS
370
50
 62
4
100
AcDbLine
 10
65.3899
 20
2.884809
 30
0.0
 11
65.155197
 21
3.207151
 31
0.0
  0
LINE
  5
128B
330
1F
100
AcDbEntity
  8
1
  6
CONTINUOUS
370
50
 62
4
100
AcDbLine
 10
55.508999
 20
-0.669913
 30
0.0
 11
55.475941
 21
-0.624526
 31
0.0
  0
LINE
  5
128C
330
1F
100
AcDbEntity
  8
1
  6
CONTINUOUS
370
50
 62
4
100
AcDbLine
 10
55.542057
 20
-0.715278
 30
0.0
 11
55.508999
 21
-0.669913
 31
0.0
  0
LINE
  5
128D
330
1F
100
AcDbEntity
  8
1
  6
CONTINUOUS
370
50
 62
4
100
AcDbLine
 10
52.202686
 20
4.239806
 30
0.0
 11
52.128071
 21
4.342175
 31
0.0
  0
LINE
  5
128E
330
1F
100
AcDbEntity
  8
1
  6
CONTINUOUS
370
50
 62
4
100
AcDbLine
 10
55.575115
 20
-0.760624
 30
0.0
 11
55.542057
 21
-0.715278
 31
0.0
  0
LINE
  5
128F
330
1F
100
AcDbEntity
  8
1
  6
CONTINUOUS
370
50
 62
4
100
AcDbLine
 10
55.608173
 20
-0.805954
 30
0.0
 11
55.575115
 21
-0.760624
 31
0.0
  0
LINE
  5
1290
330
1F
100
AcDbEntity
  8
1
  6
CONTINUOUS
370
50
 62
4
100
AcDbLine
 10
37.675087
 20
-2.892926
 30
0.0
 11
37.539711
 21
-2.707448
 31
0.0
  0
LINE
  5
1291
330
1F
100
AcDbEntity
  8
1
  6
CONTINUOUS
370
50
 62
4
100
AcDbLine
 10
54.966545
 20
4.266721
 30
0.0
 11
54.89193299999999
 21
4.368929
 31
0.0
  0
LINE
  5
1292
330
1F
100
AcDbEntity
  8
1
  6
CONTINUOUS
370
50
 62
4
100
AcDbLine
 10
65.155197
 20
3.207151
 30
0.0
 11
64.921402
 21
3.527214
 31
0.0
  0
LINE
  5
1293
330
1F
100
AcDbEntity
  8
1
  6
CONTINUOUS
370
50
 62
4
100
AcDbLine
 10
65.254944
 20
-0.6818839999999999
 30
0.0
 11
65.134743
 21
-0.517397
 31
0.0
  0
LINE
  5
1294
330
1F
100
AcDbEntity
  8
1
  6
CONTINUOUS
370
50
 62
4
100
AcDbLine
 10
48.714928
 20
-0.8764649999999999
 30
0.0
 11
48.709015
 21
-0.868375
 31
0.0
  0
LINE
  5
1295
330
1F
100
AcDbEntity
  8
1
  6
CONTINUOUS
370
50
 62
4
100
AcDbLine
 10
66.553772
 20
1.288139
 30
0.0
 11
66.479454
 21
1.389809
 31
0.0
  0
LINE
  5
1296
330
1F
100
AcDbEntity
  8
1
  6
CONTINUOUS
370
50
 62
4
100
AcDbLine
 10
66.628098
 20
1.186497
 30
0.0
 11
66.553772
 21
1.288139
 31
0.0
  0
LINE
  5
1297
330
1F
100
AcDbEntity
  8
1
  6
CONTINUOUS
370
50
 62
4
100
AcDbLine
 10
37.82642
 20
0.6375179999999999
 30
0.0
 11
37.661102
 21
0.8635309999999999
 31
0.0
  0
LINE
  5
1298
330
1F
100
AcDbEntity
  8
1
  6
CONTINUOUS
370
50
 62
4
100
AcDbLine
 10
66.702438
 20
1.084894
 30
0.0
 11
66.628098
 21
1.186497
 31
0.0
  0
LINE
  5
1299
330
1F
100
AcDbEntity
  8
1
  6
CONTINUOUS
370
50
 62
4
100
AcDbLine
 10
66.776794
 20
0.9833419999999999
 30
0.0
 11
66.702438
 21
1.084894
 31
0.0
  0
LINE
  5
129A
330
1F
100
AcDbEntity
  8
1
  6
CONTINUOUS
370
50
 62
4
100
AcDbLine
 10
66.851173
 20
0.8818539999999999
 30
0.0
 11
66.776794
 21
0.9833419999999999
 31
0.0
  0
LINE
  5
129B
330
1F
100
AcDbEntity
  8
1
  6
CONTINUOUS
370
50
 62
4
100
AcDbLine
 10
52.128071
 20
4.342175
 30
0.0
 11
52.053455
 21
4.443921
 31
0.0
  0
LINE
  5
129C
330
1F
100
AcDbEntity
  8
1
  6
CONTINUOUS
370
50
 62
4
100
AcDbLine
 10
55.541706
 20
-0.717262
 30
0.0
 11
55.508575
 21
-0.672102
 31
0.0
  0
LINE
  5
129D
330
1F
100
AcDbEntity
  8
1
  6
CONTINUOUS
370
50
 62
4
100
AcDbLine
 10
66.925575
 20
0.780442
 30
0.0
 11
66.851173
 21
0.8818539999999999
 31
0.0
  0
LINE
  5
129E
330
1F
100
AcDbEntity
  8
1
  6
CONTINUOUS
370
50
 62
4
100
AcDbLine
 10
64.921402
 20
3.527214
 30
0.0
 11
64.68854499999999
 21
3.844386
 31
0.0
  0
LINE
  5
129F
330
1F
100
AcDbEntity
  8
1
  6
CONTINUOUS
370
50
 62
4
100
AcDbLine
 10
67.0
 20
0.679118
 30
0.0
 11
66.925575
 21
0.780442
 31
0.0
  0
LINE
  5
12A0
330
1F
100
AcDbEntity
  8
1
  6
CONTINUOUS
370
50
 62
4
100
AcDbLine
 10
54.89193299999999
 20
4.368929
 30
0.0
 11
54.817322
 21
4.470498
 31
0.0
  0
LINE
  5
12A1
330
1F
100
AcDbEntity
  8
1
  6
CONTINUOUS
370
50
 62
4
100
AcDbLine
 10
58.200401
 20
-0.541952
 30
0.0
 11
58.18317399999999
 21
-0.518505
 31
0.0
  0
LINE
  5
12A2
330
1F
100
AcDbEntity
  8
1
  6
CONTINUOUS
370
50
 62
4
100
AcDbLine
 10
42.341167
 20
4.410265
 30
0.0
 11
42.266525
 21
4.51154
 31
0.0
  0
LINE
  5
12A3
330
1F
100
AcDbEntity
  8
1
  6
CONTINUOUS
370
50
 62
4
100
AcDbLine
 10
48.709015
 20
-0.868375
 30
0.0
 11
48.703083
 21
-0.8603339999999999
 31
0.0
  0
LINE
  5
12A4
330
1F
100
AcDbEntity
  8
1
  6
CONTINUOUS
370
50
 62
4
100
AcDbLine
 10
52.053455
 20
4.443921
 30
0.0
 11
51.978836
 21
4.545032
 31
0.0
  0
LINE
  5
12A5
330
1F
100
AcDbEntity
  8
1
  6
CONTINUOUS
370
50
 62
4
100
AcDbLine
 10
65.375534
 20
-0.845223
 30
0.0
 11
65.254944
 21
-0.6818839999999999
 31
0.0
  0
LINE
  5
12A6
330
1F
100
AcDbEntity
  8
1
  6
CONTINUOUS
370
50
 62
4
100
AcDbLine
 10
46.608021
 20
-1.809269
 30
0.0
 11
46.331913
 21
-1.435523
 31
0.0
  0
LINE
  5
12A7
330
1F
100
AcDbEntity
  8
1
  6
CONTINUOUS
370
50
 62
4
100
AcDbLine
 10
64.68854499999999
 20
3.844386
 30
0.0
 11
64.456558
 21
4.158247
 31
0.0
  0
LINE
  5
12A8
330
1F
100
AcDbEntity
  8
1
  6
CONTINUOUS
370
50
 62
4
100
AcDbLine
 10
54.817322
 20
4.470498
 30
0.0
 11
54.742706
 21
4.571415
 31
0.0
  0
LINE
  5
12A9
330
1F
100
AcDbEntity
  8
1
  6
CONTINUOUS
370
50
 62
4
100
AcDbLine
 10
58.217651
 20
-0.5652539999999999
 30
0.0
 11
58.200401
 21
-0.541952
 31
0.0
  0
LINE
  5
12AA
330
1F
100
AcDbEntity
  8
1
  6
CONTINUOUS
370
50
 62
4
100
AcDbLine
 10
42.266525
 20
4.51154
 30
0.0
 11
42.191895
 21
4.612158
 31
0.0
  0
LINE
  5
12AB
330
1F
100
AcDbEntity
  8
1
  6
CONTINUOUS
370
50
 62
4
100
AcDbLine
 10
58.328819
 20
-0.7127669999999999
 30
0.0
 11
58.325542
 21
-0.708353
 31
0.0
  0
LINE
  5
12AC
330
1F
100
AcDbEntity
  8
1
  6
CONTINUOUS
370
50
 62
4
100
AcDbLine
 10
58.325542
 20
-0.708353
 30
0.0
 11
58.322266
 21
-0.7039489999999999
 31
0.0
  0
LINE
  5
12AD
330
1F
100
AcDbEntity
  8
1
  6
CONTINUOUS
370
50
 62
4
100
AcDbLine
 10
55.574898
 20
-0.761875
 30
0.0
 11
55.541706
 21
-0.717262
 31
0.0
  0
LINE
  5
12AE
330
1F
100
AcDbEntity
  8
1
  6
CONTINUOUS
370
50
 62
4
100
AcDbLine
 10
54.742706
 20
4.571415
 30
0.0
 11
54.668091
 21
4.67167
 31
0.0
  0
LINE
  5
12AF
330
1F
100
AcDbEntity
  8
1
  6
CONTINUOUS
370
50
 62
4
100
AcDbLine
 10
48.703083
 20
-0.8603339999999999
 30
0.0
 11
48.697136
 21
-0.8523449999999999
 31
0.0
  0
LINE
  5
12B0
330
1F
100
AcDbEntity
  8
1
  6
CONTINUOUS
370
50
 62
4
100
AcDbLine
 10
38.704834
 20
-0.5113869999999999
 30
0.0
 11
38.682922
 21
-0.481956
 31
0.0
  0
LINE
  5
12B1
330
1F
100
AcDbEntity
  8
1
  6
CONTINUOUS
370
50
 62
4
100
AcDbLine
 10
45.50584
 20
-0.303432
 30
0.0
 11
45.48201
 21
-0.271434
 31
0.0
  0
LINE
  5
12B2
330
1F
100
AcDbEntity
  8
1
  6
CONTINUOUS
370
50
 62
4
100
AcDbLine
 10
64.456558
 20
4.158247
 30
0.0
 11
64.225357
 21
4.46841
 31
0.0
  0
LINE
  5
12B3
330
1F
100
AcDbEntity
  8
1
  6
CONTINUOUS
370
50
 62
4
100
AcDbLine
 10
58.234917
 20
-0.58841
 30
0.0
 11
58.217651
 21
-0.5652539999999999
 31
0.0
  0
LINE
  5
12B4
330
1F
100
AcDbEntity
  8
1
  6
CONTINUOUS
370
50
 62
4
100
AcDbLine
 10
58.322266
 20
-0.7039489999999999
 30
0.0
 11
58.31898899999999
 21
-0.699556
 31
0.0
  0
LINE
  5
12B5
330
1F
100
AcDbEntity
  8
1
  6
CONTINUOUS
370
50
 62
4
100
AcDbLine
 10
46.884125
 20
-2.179275
 30
0.0
 11
46.608021
 21
-1.809269
 31
0.0
  0
LINE
  5
12B6
330
1F
100
AcDbEntity
  8
1
  6
CONTINUOUS
370
50
 62
4
100
AcDbLine
 10
65.496544
 20
-1.007368
 30
0.0
 11
65.375534
 21
-0.845223
 31
0.0
  0
LINE
  5
12B7
330
1F
100
AcDbEntity
  8
1
  6
CONTINUOUS
370
50
 62
4
100
AcDbLine
 10
48.126923
 20
-0.091113
 30
0.0
 11
47.933514
 21
0.168002
 31
0.0
  0
LINE
  5
12B8
330
1F
100
AcDbEntity
  8
1
  6
CONTINUOUS
370
50
 62
4
100
AcDbLine
 10
42.191895
 20
4.612158
 30
0.0
 11
42.117268
 21
4.712105999999999
 31
0.0
  0
LINE
  5
12B9
330
1F
100
AcDbEntity
  8
1
  6
CONTINUOUS
370
50
 62
4
100
AcDbLine
 10
47.933514
 20
0.168002
 30
0.0
 11
47.740108
 21
0.426877
 31
0.0
  0
LINE
  5
12BA
330
1F
100
AcDbEntity
  8
1
  6
CONTINUOUS
370
50
 62
4
100
AcDbLine
 10
58.000179
 20
-0.273673
 30
0.0
 11
57.817158
 21
-0.028711
 31
0.0
  0
LINE
  5
12BB
330
1F
100
AcDbEntity
  8
1
  6
CONTINUOUS
370
50
 62
4
100
AcDbLine
 10
57.817158
 20
-0.028711
 30
0.0
 11
57.63413199999999
 21
0.216173
 31
0.0
  0
LINE
  5
12BC
330
1F
100
AcDbEntity
  8
1
  6
CONTINUOUS
370
50
 62
4
100
AcDbLine
 10
58.18320499999999
 20
-0.518482
 30
0.0
 11
58.000179
 21
-0.273673
 31
0.0
  0
LINE
  5
12BD
330
1F
100
AcDbEntity
  8
1
  6
CONTINUOUS
370
50
 62
4
100
AcDbLine
 10
58.31898899999999
 20
-0.699556
 30
0.0
 11
58.315712
 21
-0.695174
 31
0.0
  0
LINE
  5
12BE
330
1F
100
AcDbEntity
  8
1
  6
CONTINUOUS
370
50
 62
4
100
AcDbLine
 10
57.63413199999999
 20
0.216173
 30
0.0
 11
57.451111
 21
0.460845
 31
0.0
  0
LINE
  5
12BF
330
1F
100
AcDbEntity
  8
1
  6
CONTINUOUS
370
50
 62
4
100
AcDbLine
 10
47.740108
 20
0.426877
 30
0.0
 11
47.5467
 21
0.6852309999999999
 31
0.0
  0
LINE
  5
12C0
330
1F
100
AcDbEntity
  8
1
  6
CONTINUOUS
370
50
 62
4
100
AcDbLine
 10
57.451111
 20
0.460845
 30
0.0
 11
57.268085
 21
0.705266
 31
0.0
  0
LINE
  5
12C1
330
1F
100
AcDbEntity
  8
1
  6
CONTINUOUS
370
50
 62
4
100
AcDbLine
 10
54.668091
 20
4.67167
 30
0.0
 11
54.59346799999999
 21
4.771253
 31
0.0
  0
LINE
  5
12C2
330
1F
100
AcDbEntity
  8
1
  6
CONTINUOUS
370
50
 62
4
100
AcDbLine
 10
58.315712
 20
-0.695174
 30
0.0
 11
58.312435
 21
-0.6908019999999999
 31
0.0
  0
LINE
  5
12C3
330
1F
100
AcDbEntity
  8
1
  6
CONTINUOUS
370
50
 62
4
100
AcDbLine
 10
56.767929
 20
-2.374337
 30
0.0
 11
56.491798
 21
-2.00627
 31
0.0
  0
LINE
  5
12C4
330
1F
100
AcDbEntity
  8
1
  6
CONTINUOUS
370
50
 62
4
100
AcDbLine
 10
57.268085
 20
0.705266
 30
0.0
 11
57.085064
 21
0.949198
 31
0.0
  0
LINE
  5
12C5
330
1F
100
AcDbEntity
  8
1
  6
CONTINUOUS
370
50
 62
4
100
AcDbLine
 10
47.5467
 20
0.6852309999999999
 30
0.0
 11
47.353291
 21
0.942785
 31
0.0
  0
LINE
  5
12C6
330
1F
100
AcDbEntity
  8
1
  6
CONTINUOUS
370
50
 62
4
100
AcDbLine
 10
58.252201
 20
-0.611421
 30
0.0
 11
58.234917
 21
-0.58841
 31
0.0
  0
LINE
  5
12C7
330
1F
100
AcDbEntity
  8
1
  6
CONTINUOUS
370
50
 62
4
100
AcDbLine
 10
58.312435
 20
-0.6908019999999999
 30
0.0
 11
58.309158
 21
-0.686441
 31
0.0
  0
LINE
  5
12C8
330
1F
100
AcDbEntity
  8
1
  6
CONTINUOUS
370
50
 62
4
100
AcDbLine
 10
48.697136
 20
-0.8523449999999999
 30
0.0
 11
48.69117
 21
-0.8444069999999999
 31
0.0
  0
LINE
  5
12C9
330
1F
100
AcDbEntity
  8
1
  6
CONTINUOUS
370
50
 62
4
100
AcDbLine
 10
37.81036
 20
-3.072894
 30
0.0
 11
37.675087
 21
-2.892926
 31
0.0
  0
LINE
  5
12CA
330
1F
100
AcDbEntity
  8
1
  6
CONTINUOUS
370
50
 62
4
100
AcDbLine
 10
42.117268
 20
4.712105999999999
 30
0.0
 11
42.042648
 21
4.811375
 31
0.0
  0
LINE
  5
12CB
330
1F
100
AcDbEntity
  8
1
  6
CONTINUOUS
370
50
 62
4
100
AcDbLine
 10
37.992126
 20
0.417178
 30
0.0
 11
37.82642
 21
0.6375179999999999
 31
0.0
  0
LINE
  5
12CC
330
1F
100
AcDbEntity
  8
1
  6
CONTINUOUS
370
50
 62
4
100
AcDbLine
 10
57.085064
 20
0.949198
 30
0.0
 11
56.90203899999999
 21
1.192395
 31
0.0
  0
LINE
  5
12CD
330
1F
100
AcDbEntity
  8
1
  6
CONTINUOUS
370
50
 62
4
100
AcDbLine
 10
44.881165
 20
4.73847
 30
0.0
 11
44.806545
 21
4.837618
 31
0.0
  0
LINE
  5
12CE
330
1F
100
AcDbEntity
  8
1
  6
CONTINUOUS
370
50
 62
4
100
AcDbLine
 10
38.682922
 20
-0.481956
 30
0.0
 11
38.660984
 21
-0.452813
 31
0.0
  0
LINE
  5
12CF
330
1F
100
AcDbEntity
  8
1
  6
CONTINUOUS
370
50
 62
4
100
AcDbLine
 10
48.254345
 20
-0.265544
 30
0.0
 11
48.16883499999999
 21
-0.151995
 31
0.0
  0
LINE
  5
12D0
330
1F
100
AcDbEntity
  8
1
  6
CONTINUOUS
370
50
 62
4
100
AcDbLine
 10
58.309158
 20
-0.686441
 30
0.0
 11
58.305435
 21
-0.681499
 31
0.0
  0
LINE
  5
12D1
330
1F
100
AcDbEntity
  8
1
  6
CONTINUOUS
370
50
 62
4
100
AcDbLine
 10
48.33984
 20
-0.379031
 30
0.0
 11
48.254345
 21
-0.265544
 31
0.0
  0
LINE
  5
12D2
330
1F
100
AcDbEntity
  8
1
  6
CONTINUOUS
370
50
 62
4
100
AcDbLine
 10
48.425327
 20
-0.492441
 30
0.0
 11
48.33984
 21
-0.379031
 31
0.0
  0
LINE
  5
12D3
330
1F
100
AcDbEntity
  8
1
  6
CONTINUOUS
370
50
 62
4
100
AcDbLine
 10
47.353291
 20
0.942785
 30
0.0
 11
47.159882
 21
1.199337
 31
0.0
  0
LINE
  5
12D4
330
1F
100
AcDbEntity
  8
1
  6
CONTINUOUS
370
50
 62
4
100
AcDbLine
 10
48.510815
 20
-0.605758
 30
0.0
 11
48.425327
 21
-0.492441
 31
0.0
  0
LINE
  5
12D5
330
1F
100
AcDbEntity
  8
1
  6
CONTINUOUS
370
50
 62
4
100
AcDbLine
 10
45.703472
 20
-0.548303
 30
0.0
 11
45.628834
 21
-0.44937
 31
0.0
  0
LINE
  5
12D6
330
1F
100
AcDbEntity
  8
1
  6
CONTINUOUS
370
50
 62
4
100
AcDbLine
 10
54.59346799999999
 20
4.771253
 30
0.0
 11
54.518833
 21
4.870152
 31
0.0
  0
LINE
  5
12D7
330
1F
100
AcDbEntity
  8
1
  6
CONTINUOUS
370
50
 62
4
100
AcDbLine
 10
65.61799599999999
 20
-1.168273
 30
0.0
 11
65.496544
 21
-1.007368
 31
0.0
  0
LINE
  5
12D8
330
1F
100
AcDbEntity
  8
1
  6
CONTINUOUS
370
50
 62
4
100
AcDbLine
 10
55.608173
 20
-0.805951
 30
0.0
 11
55.574898
 21
-0.761875
 31
0.0
  0
LINE
  5
12D9
330
1F
100
AcDbEntity
  8
1
  6
CONTINUOUS
370
50
 62
4
100
AcDbLine
 10
45.778099
 20
-0.64715
 30
0.0
 11
45.703472
 21
-0.548303
 31
0.0
  0
LINE
  5
12DA
330
1F
100
AcDbEntity
  8
1
  6
CONTINUOUS
370
50
 62
4
100
AcDbLine
 10
48.596306
 20
-0.7189639999999999
 30
0.0
 11
48.510815
 21
-0.605758
 31
0.0
  0
LINE
  5
12DB
330
1F
100
AcDbEntity
  8
1
  6
CONTINUOUS
370
50
 62
4
100
AcDbLine
 10
48.688046
 20
-0.840287
 30
0.0
 11
48.68648899999999
 21
-0.8382259999999999
 31
0.0
  0
LINE
  5
12DC
330
1F
100
AcDbEntity
  8
1
  6
CONTINUOUS
370
50
 62
4
100
AcDbLine
 10
58.305435
 20
-0.681499
 30
0.0
 11
58.30171199999999
 21
-0.6765709999999999
 31
0.0
  0
LINE
  5
12DD
330
1F
100
AcDbEntity
  8
1
  6
CONTINUOUS
370
50
 62
4
100
AcDbLine
 10
47.160233
 20
-2.544699
 30
0.0
 11
46.884125
 21
-2.179275
 31
0.0
  0
LINE
  5
12DE
330
1F
100
AcDbEntity
  8
1
  6
CONTINUOUS
370
50
 62
4
100
AcDbLine
 10
45.852715
 20
-0.7459
 30
0.0
 11
45.778099
 21
-0.64715
 31
0.0
  0
LINE
  5
12DF
330
1F
100
AcDbEntity
  8
1
  6
CONTINUOUS
370
50
 62
4
100
AcDbLine
 10
56.90203899999999
 20
1.192395
 30
0.0
 11
56.719017
 21
1.43461
 31
0.0
  0
LINE
  5
12E0
330
1F
100
AcDbEntity
  8
1
  6
CONTINUOUS
370
50
 62
4
100
AcDbLine
 10
48.683369
 20
-0.834105
 30
0.0
 11
48.681812
 21
-0.8320449999999999
 31
0.0
  0
LINE
  5
12E1
330
1F
100
AcDbEntity
  8
1
  6
CONTINUOUS
370
50
 62
4
100
AcDbLine
 10
58.343864
 20
-0.7326539999999999
 30
0.0
 11
58.328835
 21
-0.7127709999999999
 31
0.0
  0
LINE
  5
12E2
330
1F
100
AcDbEntity
  8
1
  6
CONTINUOUS
370
50
 62
4
100
AcDbLine
 10
58.37392
 20
-0.772405
 30
0.0
 11
58.358894
 21
-0.752532
 31
0.0
  0
LINE
  5
12E3
330
1F
100
AcDbEntity
  8
1
  6
CONTINUOUS
370
50
 62
4
100
AcDbLine
 10
58.358894
 20
-0.752532
 30
0.0
 11
58.343864
 21
-0.7326539999999999
 31
0.0
  0
LINE
  5
12E4
330
1F
100
AcDbEntity
  8
1
  6
CONTINUOUS
370
50
 62
4
100
AcDbLine
 10
48.681812
 20
-0.8320449999999999
 30
0.0
 11
48.596306
 21
-0.7189639999999999
 31
0.0
  0
LINE
  5
12E5
330
1F
100
AcDbEntity
  8
1
  6
CONTINUOUS
370
50
 62
4
100
AcDbLine
 10
45.927322
 20
-0.8445429999999999
 30
0.0
 11
45.852715
 21
-0.7459
 31
0.0
  0
LINE
  5
12E6
330
1F
100
AcDbEntity
  8
1
  6
CONTINUOUS
370
50
 62
4
100
AcDbLine
 10
58.38894999999999
 20
-0.7922739999999999
 30
0.0
 11
58.37392
 21
-0.772405
 31
0.0
  0
LINE
  5
12E7
330
1F
100
AcDbEntity
  8
1
  6
CONTINUOUS
370
50
 62
4
100
AcDbLine
 10
58.403976
 20
-0.812137
 30
0.0
 11
58.38894999999999
 21
-0.7922739999999999
 31
0.0
  0
LINE
  5
12E8
330
1F
100
AcDbEntity
  8
1
  6
CONTINUOUS
370
50
 62
4
100
AcDbLine
 10
58.269501
 20
-0.634285
 30
0.0
 11
58.252201
 21
-0.611421
 31
0.0
  0
LINE
  5
12E9
330
1F
100
AcDbEntity
  8
1
  6
CONTINUOUS
370
50
 62
4
100
AcDbLine
 10
58.419003
 20
-0.8319949999999999
 30
0.0
 11
58.403976
 21
-0.812137
 31
0.0
  0
LINE
  5
12EA
330
1F
100
AcDbEntity
  8
1
  6
CONTINUOUS
370
50
 62
4
100
AcDbLine
 10
47.159882
 20
1.199337
 30
0.0
 11
46.966476
 21
1.454895
 31
0.0
  0
LINE
  5
12EB
330
1F
100
AcDbEntity
  8
1
  6
CONTINUOUS
370
50
 62
4
100
AcDbLine
 10
42.042648
 20
4.811375
 30
0.0
 11
41.968037
 21
4.909954
 31
0.0
  0
LINE
  5
12EC
330
1F
100
AcDbEntity
  8
1
  6
CONTINUOUS
370
50
 62
4
100
AcDbLine
 10
48.691166
 20
-0.8444079999999999
 30
0.0
 11
48.689606
 21
-0.842347
 31
0.0
  0
LINE
  5
12ED
330
1F
100
AcDbEntity
  8
1
  6
CONTINUOUS
370
50
 62
4
100
AcDbLine
 10
48.684929
 20
-0.836166
 30
0.0
 11
48.683369
 21
-0.834105
 31
0.0
  0
LINE
  5
12EE
330
1F
100
AcDbEntity
  8
1
  6
CONTINUOUS
370
50
 62
4
100
AcDbLine
 10
58.491035
 20
-0.927124
 30
0.0
 11
58.419003
 21
-0.8319949999999999
 31
0.0
  0
LINE
  5
12EF
330
1F
100
AcDbEntity
  8
1
  6
CONTINUOUS
370
50
 62
4
100
AcDbLine
 10
46.00192999999999
 20
-0.943067
 30
0.0
 11
45.927322
 21
-0.8445429999999999
 31
0.0
  0
LINE
  5
12F0
330
1F
100
AcDbEntity
  8
1
  6
CONTINUOUS
370
50
 62
4
100
AcDbLine
 10
48.689606
 20
-0.842347
 30
0.0
 11
48.688046
 21
-0.840287
 31
0.0
  0
LINE
  5
12F1
330
1F
100
AcDbEntity
  8
1
  6
CONTINUOUS
370
50
 62
4
100
AcDbLine
 10
48.68648899999999
 20
-0.8382259999999999
 30
0.0
 11
48.684929
 21
-0.836166
 31
0.0
  0
LINE
  5
12F2
330
1F
100
AcDbEntity
  8
1
  6
CONTINUOUS
370
50
 62
4
100
AcDbLine
 10
58.30171199999999
 20
-0.6765709999999999
 30
0.0
 11
58.29798899999999
 21
-0.671657
 31
0.0
  0
LINE
  5
12F3
330
1F
100
AcDbEntity
  8
1
  6
CONTINUOUS
370
50
 62
4
100
AcDbLine
 10
36.001175
 20
-0.047251
 30
0.0
 11
35.965363
 21
0.0
 31
0.0
  0
LINE
  5
12F4
330
1F
100
AcDbEntity
  8
1
  6
CONTINUOUS
370
50
 62
4
100
AcDbLine
 10
44.806545
 20
4.837618
 30
0.0
 11
44.731934
 21
4.936055
 31
0.0
  0
LINE
  5
12F5
330
1F
100
AcDbEntity
  8
1
  6
CONTINUOUS
370
50
 62
4
100
AcDbLine
 10
58.563061
 20
-1.022124
 30
0.0
 11
58.491035
 21
-0.927124
 31
0.0
  0
LINE
  5
12F6
330
1F
100
AcDbEntity
  8
1
  6
CONTINUOUS
370
50
 62
4
100
AcDbLine
 10
46.076546
 20
-1.041461
 30
0.0
 11
46.00192999999999
 21
-0.943067
 31
0.0
  0
LINE
  5
12F7
330
1F
100
AcDbEntity
  8
1
  6
CONTINUOUS
370
50
 62
4
100
AcDbLine
 10
58.635082
 20
-1.116987
 30
0.0
 11
58.563061
 21
-1.022124
 31
0.0
  0
LINE
  5
12F8
330
1F
100
AcDbEntity
  8
1
  6
CONTINUOUS
370
50
 62
4
100
AcDbLine
 10
46.151165
 20
-1.139716
 30
0.0
 11
46.076546
 21
-1.041461
 31
0.0
  0
LINE
  5
12F9
330
1F
100
AcDbEntity
  8
1
  6
CONTINUOUS
370
50
 62
4
100
AcDbLine
 10
56.719017
 20
1.43461
 30
0.0
 11
56.535992
 21
1.675597
 31
0.0
  0
LINE
  5
12FA
330
1F
100
AcDbEntity
  8
1
  6
CONTINUOUS
370
50
 62
4
100
AcDbLine
 10
55.86348
 20
-1.107066
 30
0.0
 11
55.78883399999999
 21
-1.00879
 31
0.0
  0
LINE
  5
12FB
330
1F
100
AcDbEntity
  8
1
  6
CONTINUOUS
370
50
 62
4
100
AcDbLine
 10
58.29798899999999
 20
-0.671657
 30
0.0
 11
58.294266
 21
-0.6667569999999999
 31
0.0
  0
LINE
  5
12FC
330
1F
100
AcDbEntity
  8
1
  6
CONTINUOUS
370
50
 62
4
100
AcDbLine
 10
57.04405999999999
 20
-2.737591
 30
0.0
 11
56.767929
 21
-2.374337
 31
0.0
  0
LINE
  5
12FD
330
1F
100
AcDbEntity
  8
1
  6
CONTINUOUS
370
50
 62
4
100
AcDbLine
 10
58.707108
 20
-1.211702
 30
0.0
 11
58.635082
 21
-1.116987
 31
0.0
  0
LINE
  5
12FE
330
1F
100
AcDbEntity
  8
1
  6
CONTINUOUS
370
50
 62
4
100
AcDbLine
 10
46.966476
 20
1.454895
 30
0.0
 11
46.773067
 21
1.709193
 31
0.0
  0
LINE
  5
12FF
330
1F
100
AcDbEntity
  8
1
  6
CONTINUOUS
370
50
 62
4
100
AcDbLine
 10
55.93810999999999
 20
-1.205175
 30
0.0
 11
55.86348
 21
-1.107066
 31
0.0
  0
LINE
  5
1300
330
1F
100
AcDbEntity
  8
1
  6
CONTINUOUS
370
50
 62
4
100
AcDbLine
 10
63.931168
 20
1.102331
 30
0.0
 11
63.856544
 21
1.200371
 31
0.0
  0
LINE
  5
1301
330
1F
100
AcDbEntity
  8
1
  6
CONTINUOUS
370
50
 62
4
100
AcDbLine
 10
38.660984
 20
-0.452813
 30
0.0
 11
38.639015
 21
-0.423964
 31
0.0
  0
LINE
  5
1302
330
1F
100
AcDbEntity
  8
1
  6
CONTINUOUS
370
50
 62
4
100
AcDbLine
 10
58.77913299999999
 20
-1.306261
 30
0.0
 11
58.707108
 21
-1.211702
 31
0.0
  0
LINE
  5
1303
330
1F
100
AcDbEntity
  8
1
  6
CONTINUOUS
370
50
 62
4
100
AcDbLine
 10
56.012726
 20
-1.303109
 30
0.0
 11
55.93810999999999
 21
-1.205175
 31
0.0
  0
LINE
  5
1304
330
1F
100
AcDbEntity
  8
1
  6
CONTINUOUS
370
50
 62
4
100
AcDbLine
 10
38.083355
 20
0.293319
 30
0.0
 11
38.008835
 21
0.39112
 31
0.0
  0
LINE
  5
1305
330
1F
100
AcDbEntity
  8
1
  6
CONTINUOUS
370
50
 62
4
100
AcDbLine
 10
58.294266
 20
-0.6667569999999999
 30
0.0
 11
58.290543
 21
-0.661872
 31
0.0
  0
LINE
  5
1306
330
1F
100
AcDbEntity
  8
1
  6
CONTINUOUS
370
50
 62
4
100
AcDbLine
 10
41.968037
 20
4.909954
 30
0.0
 11
41.89343299999999
 21
5.007829999999999
 31
0.0
  0
LINE
  5
1307
330
1F
100
AcDbEntity
  8
1
  6
CONTINUOUS
370
50
 62
4
100
AcDbLine
 10
58.28681899999999
 20
-0.657001
 30
0.0
 11
58.269501
 21
-0.634285
 31
0.0
  0
LINE
  5
1308
330
1F
100
AcDbEntity
  8
1
  6
CONTINUOUS
370
50
 62
4
100
AcDbLine
 10
63.856544
 20
1.200371
 30
0.0
 11
63.781918
 21
1.29823
 31
0.0
  0
LINE
  5
1309
330
1F
100
AcDbEntity
  8
1
  6
CONTINUOUS
370
50
 62
4
100
AcDbLine
 10
58.851166
 20
-1.400653
 30
0.0
 11
58.77913299999999
 21
-1.306261
 31
0.0
  0
LINE
  5
130A
330
1F
100
AcDbEntity
  8
1
  6
CONTINUOUS
370
50
 62
4
100
AcDbLine
 10
56.087337
 20
-1.400855
 30
0.0
 11
56.012726
 21
-1.303109
 31
0.0
  0
LINE
  5
130B
330
1F
100
AcDbEntity
  8
1
  6
CONTINUOUS
370
50
 62
4
100
AcDbLine
 10
44.731934
 20
4.936055
 30
0.0
 11
44.657322
 21
5.03377
 31
0.0
  0
LINE
  5
130C
330
1F
100
AcDbEntity
  8
1
  6
CONTINUOUS
370
50
 62
4
100
AcDbLine
 10
38.704834
 20
-0.5113909999999999
 30
0.0
 11
38.682861
 21
-0.482619
 31
0.0
  0
LINE
  5
130D
330
1F
100
AcDbEntity
  8
1
  6
CONTINUOUS
370
50
 62
4
100
AcDbLine
 10
65.739914
 20
-1.327892
 30
0.0
 11
65.61799599999999
 21
-1.168273
 31
0.0
  0
LINE
  5
130E
330
1F
100
AcDbEntity
  8
1
  6
CONTINUOUS
370
50
 62
4
100
AcDbLine
 10
38.158012
 20
0.195593
 30
0.0
 11
38.083355
 21
0.293319
 31
0.0
  0
LINE
  5
130F
330
1F
100
AcDbEntity
  8
1
  6
CONTINUOUS
370
50
 62
4
100
AcDbLine
 10
63.781918
 20
1.29823
 30
0.0
 11
63.70728699999999
 21
1.395898
 31
0.0
  0
LINE
  5
1310
330
1F
100
AcDbEntity
  8
1
  6
CONTINUOUS
370
50
 62
4
100
AcDbLine
 10
56.535992
 20
1.675597
 30
0.0
 11
56.35297
 21
1.91511
 31
0.0
  0
LINE
  5
1311
330
1F
100
AcDbEntity
  8
1
  6
CONTINUOUS
370
50
 62
4
100
AcDbLine
 10
38.682861
 20
-0.482619
 30
0.0
 11
38.660889
 21
-0.453878
 31
0.0
  0
LINE
  5
1312
330
1F
100
AcDbEntity
  8
1
  6
CONTINUOUS
370
50
 62
4
100
AcDbLine
 10
58.290543
 20
-0.661872
 30
0.0
 11
58.28681899999999
 21
-0.657001
 31
0.0
  0
LINE
  5
1313
330
1F
100
AcDbEntity
  8
1
  6
CONTINUOUS
370
50
 62
4
100
AcDbLine
 10
56.161942
 20
-1.498405
 30
0.0
 11
56.087337
 21
-1.400855
 31
0.0
  0
LINE
  5
1314
330
1F
100
AcDbEntity
  8
1
  6
CONTINUOUS
370
50
 62
4
100
AcDbLine
 10
66.471169
 20
1.396855
 30
0.0
 11
66.39656099999999
 21
1.494357
 31
0.0
  0
LINE
  5
1315
330
1F
100
AcDbEntity
  8
1
  6
CONTINUOUS
370
50
 62
4
100
AcDbLine
 10
46.773067
 20
1.709193
 30
0.0
 11
46.579659
 21
1.961942
 31
0.0
  0
LINE
  5
1316
330
1F
100
AcDbEntity
  8
1
  6
CONTINUOUS
370
50
 62
4
100
AcDbLine
 10
38.660889
 20
-0.453878
 30
0.0
 11
38.638912
 21
-0.425169
 31
0.0
  0
LINE
  5
1317
330
1F
100
AcDbEntity
  8
1
  6
CONTINUOUS
370
50
 62
4
100
AcDbLine
 10
63.70728699999999
 20
1.395898
 30
0.0
 11
63.63265999999999
 21
1.493364
 31
0.0
  0
LINE
  5
1318
330
1F
100
AcDbEntity
  8
1
  6
CONTINUOUS
370
50
 62
4
100
AcDbLine
 10
38.232822
 20
0.097949
 30
0.0
 11
38.158012
 21
0.195593
 31
0.0
  0
LINE
  5
1319
330
1F
100
AcDbEntity
  8
1
  6
CONTINUOUS
370
50
 62
4
100
AcDbLine
 10
38.638912
 20
-0.425169
 30
0.0
 11
38.616936
 21
-0.396493
 31
0.0
  0
LINE
  5
131A
330
1F
100
AcDbEntity
  8
1
  6
CONTINUOUS
370
50
 62
4
100
AcDbLine
 10
56.236549
 20
-1.595746
 30
0.0
 11
56.161942
 21
-1.498405
 31
0.0
  0
LINE
  5
131B
330
1F
100
AcDbEntity
  8
1
  6
CONTINUOUS
370
50
 62
4
100
AcDbLine
 10
47.43634
 20
-2.904835
 30
0.0
 11
47.160233
 21
-2.544699
 31
0.0
  0
LINE
  5
131C
330
1F
100
AcDbEntity
  8
1
  6
CONTINUOUS
370
50
 62
4
100
AcDbLine
 10
66.39656099999999
 20
1.494357
 30
0.0
 11
66.32195999999999
 21
1.591628
 31
0.0
  0
LINE
  5
131D
330
1F
100
AcDbEntity
  8
1
  6
CONTINUOUS
370
50
 62
4
100
AcDbLine
 10
63.63265999999999
 20
1.493364
 30
0.0
 11
63.558044
 21
1.590615
 31
0.0
  0
LINE
  5
131E
330
1F
100
AcDbEntity
  8
1
  6
CONTINUOUS
370
50
 62
4
100
AcDbLine
 10
38.616936
 20
-0.396493
 30
0.0
 11
38.594952
 21
-0.367852
 31
0.0
  0
LINE
  5
131F
330
1F
100
AcDbEntity
  8
1
  6
CONTINUOUS
370
50
 62
4
100
AcDbLine
 10
41.89343299999999
 20
5.007829999999999
 30
0.0
 11
41.818832
 21
5.104995
 31
0.0
  0
LINE
  5
1320
330
1F
100
AcDbEntity
  8
1
  6
CONTINUOUS
370
50
 62
4
100
AcDbLine
 10
56.311165
 20
-1.692868
 30
0.0
 11
56.236549
 21
-1.595746
 31
0.0
  0
LINE
  5
1321
330
1F
100
AcDbEntity
  8
1
  6
CONTINUOUS
370
50
 62
4
100
AcDbLine
 10
38.307785
 20
0.000397
 30
0.0
 11
38.232822
 21
0.097949
 31
0.0
  0
LINE
  5
1322
330
1F
100
AcDbEntity
  8
1
  6
CONTINUOUS
370
50
 62
4
100
AcDbLine
 10
38.594952
 20
-0.367852
 30
0.0
 11
38.572968
 21
-0.339246
 31
0.0
  0
LINE
  5
1323
330
1F
100
AcDbEntity
  8
1
  6
CONTINUOUS
370
50
 62
4
100
AcDbLine
 10
66.02349099999999
 20
-1.660505
 30
0.0
 11
65.948837
 21
-1.563366
 31
0.0
  0
LINE
  5
1324
330
1F
100
AcDbEntity
  8
1
  6
CONTINUOUS
370
50
 62
4
100
AcDbLine
 10
66.32195999999999
 20
1.591628
 30
0.0
 11
66.247353
 21
1.688658
 31
0.0
  0
LINE
  5
1325
330
1F
100
AcDbEntity
  8
1
  6
CONTINUOUS
370
50
 62
4
100
AcDbLine
 10
41.89347799999999
 20
-5.124639
 30
0.0
 11
41.818832
 21
-5.027559999999999
 31
0.0
  0
LINE
  5
1326
330
1F
100
AcDbEntity
  8
1
  6
CONTINUOUS
370
50
 62
4
100
AcDbLine
 10
63.558044
 20
1.590615
 30
0.0
 11
63.483437
 21
1.687639
 31
0.0
  0
LINE
  5
1327
330
1F
100
AcDbEntity
  8
1
  6
CONTINUOUS
370
50
 62
4
100
AcDbLine
 10
44.657322
 20
5.03377
 30
0.0
 11
44.58271
 21
5.130752999999999
 31
0.0
  0
LINE
  5
1328
330
1F
100
AcDbEntity
  8
1
  6
CONTINUOUS
370
50
 62
4
100
AcDbLine
 10
53.771164
 20
1.656145
 30
0.0
 11
53.696564
 21
1.753024
 31
0.0
  0
LINE
  5
1329
330
1F
100
AcDbEntity
  8
1
  6
CONTINUOUS
370
50
 62
4
100
AcDbLine
 10
66.098129
 20
-1.757402
 30
0.0
 11
66.02349099999999
 21
-1.660505
 31
0.0
  0
LINE
  5
132A
330
1F
100
AcDbEntity
  8
1
  6
CONTINUOUS
370
50
 62
4
100
AcDbLine
 10
38.639015
 20
-0.423964
 30
0.0
 11
38.617023
 21
-0.395416
 31
0.0
  0
LINE
  5
132B
330
1F
100
AcDbEntity
  8
1
  6
CONTINUOUS
370
50
 62
4
100
AcDbLine
 10
63.483437
 20
1.687639
 30
0.0
 11
63.40883299999999
 21
1.784426
 31
0.0
  0
LINE
  5
132C
330
1F
100
AcDbEntity
  8
1
  6
CONTINUOUS
370
50
 62
4
100
AcDbLine
 10
46.579659
 20
1.961942
 30
0.0
 11
46.386253
 21
2.212853
 31
0.0
  0
LINE
  5
132D
330
1F
100
AcDbEntity
  8
1
  6
CONTINUOUS
370
50
 62
4
100
AcDbLine
 10
38.382893
 20
-0.097042
 30
0.0
 11
38.307785
 21
0.000397
 31
0.0
  0
LINE
  5
132E
330
1F
100
AcDbEntity
  8
1
  6
CONTINUOUS
370
50
 62
4
100
AcDbLine
 10
66.247353
 20
1.688658
 30
0.0
 11
66.172737
 21
1.785437
 31
0.0
  0
LINE
  5
132F
330
1F
100
AcDbEntity
  8
1
  6
CONTINUOUS
370
50
 62
4
100
AcDbLine
 10
66.172752
 20
-1.854047
 30
0.0
 11
66.098129
 21
-1.757402
 31
0.0
  0
LINE
  5
1330
330
1F
100
AcDbEntity
  8
1
  6
CONTINUOUS
370
50
 62
4
100
AcDbLine
 10
57.32019
 20
-3.095185
 30
0.0
 11
57.04405999999999
 21
-2.737591
 31
0.0
  0
LINE
  5
1331
330
1F
100
AcDbEntity
  8
1
  6
CONTINUOUS
370
50
 62
4
100
AcDbLine
 10
53.696564
 20
1.753024
 30
0.0
 11
53.621952
 21
1.849637
 31
0.0
  0
LINE
  5
1332
330
1F
100
AcDbEntity
  8
1
  6
CONTINUOUS
370
50
 62
4
100
AcDbLine
 10
66.172737
 20
1.785437
 30
0.0
 11
66.098114
 21
1.881955
 31
0.0
  0
LINE
  5
1333
330
1F
100
AcDbEntity
  8
1
  6
CONTINUOUS
370
50
 62
4
100
AcDbLine
 10
65.862267
 20
-1.486115
 30
0.0
 11
65.739914
 21
-1.327892
 31
0.0
  0
LINE
  5
1334
330
1F
100
AcDbEntity
  8
1
  6
CONTINUOUS
370
50
 62
4
100
AcDbLine
 10
38.457657
 20
-0.193712
 30
0.0
 11
38.382893
 21
-0.097042
 31
0.0
  0
LINE
  5
1335
330
1F
100
AcDbEntity
  8
1
  6
CONTINUOUS
370
50
 62
4
100
AcDbLine
 10
66.24736
 20
-1.950428
 30
0.0
 11
66.172752
 21
-1.854047
 31
0.0
  0
LINE
  5
1336
330
1F
100
AcDbEntity
  8
1
  6
CONTINUOUS
370
50
 62
4
100
AcDbLine
 10
45.529938
 20
-0.33456
 30
0.0
 11
45.50584
 21
-0.303432
 31
0.0
  0
LINE
  5
1337
330
1F
100
AcDbEntity
  8
1
  6
CONTINUOUS
370
50
 62
4
100
AcDbLine
 10
53.621952
 20
1.849637
 30
0.0
 11
53.54733299999999
 21
1.945974
 31
0.0
  0
LINE
  5
1338
330
1F
100
AcDbEntity
  8
1
  6
CONTINUOUS
370
50
 62
4
100
AcDbLine
 10
41.968105
 20
-5.220967
 30
0.0
 11
41.89347799999999
 21
-5.124639
 31
0.0
  0
LINE
  5
1339
330
1F
100
AcDbEntity
  8
1
  6
CONTINUOUS
370
50
 62
4
100
AcDbLine
 10
44.58271
 20
5.130752999999999
 30
0.0
 11
44.508091
 21
5.226991
 31
0.0
  0
LINE
  5
133A
330
1F
100
AcDbEntity
  8
1
  6
CONTINUOUS
370
50
 62
4
100
AcDbLine
 10
66.098114
 20
1.881955
 30
0.0
 11
66.023483
 21
1.978199
 31
0.0
  0
LINE
  5
133B
330
1F
100
AcDbEntity
  8
1
  6
CONTINUOUS
370
50
 62
4
100
AcDbLine
 10
38.531166
 20
-0.288493
 30
0.0
 11
38.457657
 21
-0.193712
 31
0.0
  0
LINE
  5
133C
330
1F
100
AcDbEntity
  8
1
  6
CONTINUOUS
370
50
 62
4
100
AcDbLine
 10
55.633091
 20
-0.8380599999999999
 30
0.0
 11
55.608173
 21
-0.805951
 31
0.0
  0
LINE
  5
133D
330
1F
100
AcDbEntity
  8
1
  6
CONTINUOUS
370
50
 62
4
100
AcDbLine
 10
56.311165
 20
1.946535
 30
0.0
 11
56.236557
 21
2.042663
 31
0.0
  0
LINE
  5
133E
330
1F
100
AcDbEntity
  8
1
  6
CONTINUOUS
370
50
 62
4
100
AcDbLine
 10
66.321968
 20
-2.046536
 30
0.0
 11
66.24736
 21
-1.950428
 31
0.0
  0
LINE
  5
133F
330
1F
100
AcDbEntity
  8
1
  6
CONTINUOUS
370
50
 62
4
100
AcDbLine
 10
53.54733299999999
 20
1.945974
 30
0.0
 11
53.47271
 21
2.042024
 31
0.0
  0
LINE
  5
1340
330
1F
100
AcDbEntity
  8
1
  6
CONTINUOUS
370
50
 62
4
100
AcDbLine
 10
46.386253
 20
2.212853
 30
0.0
 11
46.192844
 21
2.461636
 31
0.0
  0
LINE
  5
1341
330
1F
100
AcDbEntity
  8
1
  6
CONTINUOUS
370
50
 62
4
100
AcDbLine
 10
67.00001499999999
 20
-7.611069
 30
0.0
 11
67.000008
 21
-7.611059999999999
 31
0.0
  0
LINE
  5
1342
330
1F
100
AcDbEntity
  8
1
  6
CONTINUOUS
370
50
 62
4
100
AcDbLine
 10
66.023483
 20
1.978199
 30
0.0
 11
65.948837
 21
2.074162
 31
0.0
  0
LINE
  5
1343
330
1F
100
AcDbEntity
  8
1
  6
CONTINUOUS
370
50
 62
4
100
AcDbLine
 10
47.712444
 20
-3.259531
 30
0.0
 11
47.43634
 21
-2.904835
 31
0.0
  0
LINE
  5
1344
330
1F
100
AcDbEntity
  8
1
  6
CONTINUOUS
370
50
 62
4
100
AcDbLine
 10
66.396568
 20
-2.142359
 30
0.0
 11
66.321968
 21
-2.046536
 31
0.0
  0
LINE
  5
1345
330
1F
100
AcDbEntity
  8
1
  6
CONTINUOUS
370
50
 62
4
100
AcDbLine
 10
56.236557
 20
2.042663
 30
0.0
 11
56.161949
 21
2.138483
 31
0.0
  0
LINE
  5
1346
330
1F
100
AcDbEntity
  8
1
  6
CONTINUOUS
370
50
 62
4
100
AcDbLine
 10
53.47271
 20
2.042024
 30
0.0
 11
53.398083
 21
2.137777
 31
0.0
  0
LINE
  5
1347
330
1F
100
AcDbEntity
  8
1
  6
CONTINUOUS
370
50
 62
4
100
AcDbLine
 10
38.617023
 20
-0.395416
 30
0.0
 11
38.595009
 21
-0.367175
 31
0.0
  0
LINE
  5
1348
330
1F
100
AcDbEntity
  8
1
  6
CONTINUOUS
370
50
 62
4
100
AcDbLine
 10
65.9067
 20
2.152877
 30
0.0
 11
65.584435
 21
2.56605
 31
0.0
  0
LINE
  5
1349
330
1F
100
AcDbEntity
  8
1
  6
CONTINUOUS
370
50
 62
4
100
AcDbLine
 10
42.042717
 20
-5.316535
 30
0.0
 11
41.968105
 21
-5.220967
 31
0.0
  0
LINE
  5
134A
330
1F
100
AcDbEntity
  8
1
  6
CONTINUOUS
370
50
 62
4
100
AcDbLine
 10
66.471169
 20
-2.237888
 30
0.0
 11
66.396568
 21
-2.142359
 31
0.0
  0
LINE
  5
134B
330
1F
100
AcDbEntity
  8
1
  6
CONTINUOUS
370
50
 62
4
100
AcDbLine
 10
56.161949
 20
2.138483
 30
0.0
 11
56.087341
 21
2.233983
 31
0.0
  0
LINE
  5
134C
330
1F
100
AcDbEntity
  8
1
  6
CONTINUOUS
370
50
 62
4
100
AcDbLine
 10
44.508091
 20
5.226991
 30
0.0
 11
44.433468
 21
5.322476
 31
0.0
  0
LINE
  5
134D
330
1F
100
AcDbEntity
  8
1
  6
CONTINUOUS
370
50
 62
4
100
AcDbLine
 10
53.398083
 20
2.137777
 30
0.0
 11
53.323456
 21
2.233223
 31
0.0
  0
LINE
  5
134E
330
1F
100
AcDbEntity
  8
1
  6
CONTINUOUS
370
50
 62
4
100
AcDbLine
 10
43.611164
 20
2.202197
 30
0.0
 11
43.536572
 21
2.297496
 31
0.0
  0
LINE
  5
134F
330
1F
100
AcDbEntity
  8
1
  6
CONTINUOUS
370
50
 62
4
100
AcDbLine
 10
56.087341
 20
2.233983
 30
0.0
 11
56.01273
 21
2.329153
 31
0.0
  0
LINE
  5
1350
330
1F
100
AcDbEntity
  8
1
  6
CONTINUOUS
370
50
 62
4
100
AcDbLine
 10
53.323456
 20
2.233223
 30
0.0
 11
53.248833
 21
2.328351
 31
0.0
  0
LINE
  5
1351
330
1F
100
AcDbEntity
  8
1
  6
CONTINUOUS
370
50
 62
4
100
AcDbLine
 10
43.536572
 20
2.297496
 30
0.0
 11
43.461975
 21
2.392453
 31
0.0
  0
LINE
  5
1352
330
1F
100
AcDbEntity
  8
1
  6
CONTINUOUS
370
50
 62
4
100
AcDbLine
 10
57.596321
 20
-3.446273
 30
0.0
 11
57.32019
 21
-3.095185
 31
0.0
  0
LINE
  5
1353
330
1F
100
AcDbEntity
  8
1
  6
CONTINUOUS
370
50
 62
4
100
AcDbLine
 10
56.01273
 20
2.329153
 30
0.0
 11
55.93810999999999
 21
2.423984
 31
0.0
  0
LINE
  5
1354
330
1F
100
AcDbEntity
  8
1
  6
CONTINUOUS
370
50
 62
4
100
AcDbLine
 10
42.117325
 20
-5.41133
 30
0.0
 11
42.042717
 21
-5.316535
 31
0.0
  0
LINE
  5
1355
330
1F
100
AcDbEntity
  8
1
  6
CONTINUOUS
370
50
 62
4
100
AcDbLine
 10
44.433468
 20
5.322476
 30
0.0
 11
44.358833
 21
5.417198
 31
0.0
  0
LINE
  5
1356
330
1F
100
AcDbEntity
  8
1
  6
CONTINUOUS
370
50
 62
4
100
AcDbLine
 10
43.461975
 20
2.392453
 30
0.0
 11
43.38737099999999
 21
2.48706
 31
0.0
  0
LINE
  5
1357
330
1F
100
AcDbEntity
  8
1
  6
CONTINUOUS
370
50
 62
4
100
AcDbLine
 10
39.35334
 20
-5.438291
 30
0.0
 11
39.278835
 21
-5.343875
 31
0.0
  0
LINE
  5
1358
330
1F
100
AcDbEntity
  8
1
  6
CONTINUOUS
370
50
 62
4
100
AcDbLine
 10
38.595009
 20
-0.367175
 30
0.0
 11
38.572968
 21
-0.339247
 31
0.0
  0
LINE
  5
1359
330
1F
100
AcDbEntity
  8
1
  6
CONTINUOUS
370
50
 62
4
100
AcDbLine
 10
55.93810999999999
 20
2.423984
 30
0.0
 11
55.86348
 21
2.518463
 31
0.0
  0
LINE
  5
135A
330
1F
100
AcDbEntity
  8
1
  6
CONTINUOUS
370
50
 62
4
100
AcDbLine
 10
36.037964
 20
-0.093792
 30
0.0
 11
36.001175
 21
-0.047251
 31
0.0
  0
LINE
  5
135B
330
1F
100
AcDbEntity
  8
1
  6
CONTINUOUS
370
50
 62
4
100
AcDbLine
 10
46.151165
 20
2.487311
 30
0.0
 11
46.076553
 21
2.581598
 31
0.0
  0
LINE
  5
135C
330
1F
100
AcDbEntity
  8
1
  6
CONTINUOUS
370
50
 62
4
100
AcDbLine
 10
43.38737099999999
 20
2.48706
 30
0.0
 11
43.312752
 21
2.581302
 31
0.0
  0
LINE
  5
135D
330
1F
100
AcDbEntity
  8
1
  6
CONTINUOUS
370
50
 62
4
100
AcDbLine
 10
47.988552
 20
-3.60806
 30
0.0
 11
47.712444
 21
-3.259531
 31
0.0
  0
LINE
  5
135E
330
1F
100
AcDbEntity
  8
1
  6
CONTINUOUS
370
50
 62
4
100
AcDbLine
 10
65.584435
 20
2.56605
 30
0.0
 11
65.26218399999999
 21
2.97281
 31
0.0
  0
LINE
  5
135F
330
1F
100
AcDbEntity
  8
1
  6
CONTINUOUS
370
50
 62
4
100
AcDbLine
 10
55.86348
 20
2.518463
 30
0.0
 11
55.78883399999999
 21
2.612583
 31
0.0
  0
LINE
  5
1360
330
1F
100
AcDbEntity
  8
1
  6
CONTINUOUS
370
50
 62
4
100
AcDbLine
 10
42.19192899999999
 20
-5.505344
 30
0.0
 11
42.117325
 21
-5.41133
 31
0.0
  0
LINE
  5
1361
330
1F
100
AcDbEntity
  8
1
  6
CONTINUOUS
370
50
 62
4
100
AcDbLine
 10
54.518852
 20
0.833901
 30
0.0
 11
54.439133
 21
0.934325
 31
0.0
  0
LINE
  5
1362
330
1F
100
AcDbEntity
  8
1
  6
CONTINUOUS
370
50
 62
4
100
AcDbLine
 10
46.076553
 20
2.581598
 30
0.0
 11
46.001945
 21
2.675498
 31
0.0
  0
LINE
  5
1363
330
1F
100
AcDbEntity
  8
1
  6
CONTINUOUS
370
50
 62
4
100
AcDbLine
 10
43.312752
 20
2.581302
 30
0.0
 11
43.238117
 21
2.675162
 31
0.0
  0
LINE
  5
1364
330
1F
100
AcDbEntity
  8
1
  6
CONTINUOUS
370
50
 62
4
100
AcDbLine
 10
39.427914
 20
-5.531882
 30
0.0
 11
39.35334
 21
-5.438291
 31
0.0
  0
LINE
  5
1365
330
1F
100
AcDbEntity
  8
1
  6
CONTINUOUS
370
50
 62
4
100
AcDbLine
 10
46.001945
 20
2.675498
 30
0.0
 11
45.927338
 21
2.769002
 31
0.0
  0
LINE
  5
1366
330
1F
100
AcDbEntity
  8
1
  6
CONTINUOUS
370
50
 62
4
100
AcDbLine
 10
55.746727
 20
2.694821
 30
0.0
 11
55.424484
 21
3.098593
 31
0.0
  0
LINE
  5
1367
330
1F
100
AcDbEntity
  8
1
  6
CONTINUOUS
370
50
 62
4
100
AcDbLine
 10
38.572968
 20
-0.339247
 30
0.0
 11
38.567055
 21
-0.33184
 31
0.0
  0
LINE
  5
1368
330
1F
100
AcDbEntity
  8
1
  6
CONTINUOUS
370
50
 62
4
100
AcDbLine
 10
43.238117
 20
2.675162
 30
0.0
 11
43.163479
 21
2.768625
 31
0.0
  0
LINE
  5
1369
330
1F
100
AcDbEntity
  8
1
  6
CONTINUOUS
370
50
 62
4
100
AcDbLine
 10
67.000023
 20
-7.611078999999999
 30
0.0
 11
67.00001499999999
 21
-7.611069
 31
0.0
  0
LINE
  5
136A
330
1F
100
AcDbEntity
  8
1
  6
CONTINUOUS
370
50
 62
4
100
AcDbLine
 10
67.000008
 20
-7.611059999999999
 30
0.0
 11
67.0
 21
-7.61105
 31
0.0
  0
LINE
  5
136B
330
1F
100
AcDbEntity
  8
1
  6
CONTINUOUS
370
50
 62
4
100
AcDbLine
 10
42.266541
 20
-5.598567
 30
0.0
 11
42.19192899999999
 21
-5.505344
 31
0.0
  0
LINE
  5
136C
330
1F
100
AcDbEntity
  8
1
  6
CONTINUOUS
370
50
 62
4
100
AcDbLine
 10
45.927338
 20
2.769002
 30
0.0
 11
45.852726
 21
2.862099
 31
0.0
  0
LINE
  5
136D
330
1F
100
AcDbEntity
  8
1
  6
CONTINUOUS
370
50
 62
4
100
AcDbLine
 10
57.872452
 20
-3.790521
 30
0.0
 11
57.596321
 21
-3.446273
 31
0.0
  0
LINE
  5
136E
330
1F
100
AcDbEntity
  8
1
  6
CONTINUOUS
370
50
 62
4
100
AcDbLine
 10
43.163479
 20
2.768625
 30
0.0
 11
43.088833
 21
2.861683
 31
0.0
  0
LINE
  5
136F
330
1F
100
AcDbEntity
  8
1
  6
CONTINUOUS
370
50
 62
4
100
AcDbLine
 10
63.956692
 20
1.070552
 30
0.0
 11
63.931225
 21
1.102273
 31
0.0
  0
LINE
  5
1370
330
1F
100
AcDbEntity
  8
1
  6
CONTINUOUS
370
50
 62
4
100
AcDbLine
 10
39.502541
 20
-5.624639
 30
0.0
 11
39.427914
 21
-5.531882
 31
0.0
  0
LINE
  5
1371
330
1F
100
AcDbEntity
  8
1
  6
CONTINUOUS
370
50
 62
4
100
AcDbLine
 10
45.852726
 20
2.862099
 30
0.0
 11
45.778107
 21
2.954779
 31
0.0
  0
LINE
  5
1372
330
1F
100
AcDbEntity
  8
1
  6
CONTINUOUS
370
50
 62
4
100
AcDbLine
 10
52.053463
 20
-5.660651
 30
0.0
 11
51.978836
 21
-5.56804
 31
0.0
  0
LINE
  5
1373
330
1F
100
AcDbEntity
  8
1
  6
CONTINUOUS
370
50
 62
4
100
AcDbLine
 10
45.554291
 20
-0.36477
 30
0.0
 11
45.529938
 21
-0.33456
 31
0.0
  0
LINE
  5
1374
330
1F
100
AcDbEntity
  8
1
  6
CONTINUOUS
370
50
 62
4
100
AcDbLine
 10
38.567055
 20
-0.33184
 30
0.0
 11
38.56112299999999
 21
-0.324482
 31
0.0
  0
LINE
  5
1375
330
1F
100
AcDbEntity
  8
1
  6
CONTINUOUS
370
50
 62
4
100
AcDbLine
 10
42.341167
 20
-5.690987
 30
0.0
 11
42.266541
 21
-5.598567
 31
0.0
  0
LINE
  5
1376
330
1F
100
AcDbEntity
  8
1
  6
CONTINUOUS
370
50
 62
4
100
AcDbLine
 10
65.26218399999999
 20
2.97281
 30
0.0
 11
64.93994099999999
 21
3.371877
 31
0.0
  0
LINE
  5
1377
330
1F
100
AcDbEntity
  8
1
  6
CONTINUOUS
370
50
 62
4
100
AcDbLine
 10
45.778107
 20
2.954779
 30
0.0
 11
45.70347599999999
 21
3.047032
 31
0.0
  0
LINE
  5
1378
330
1F
100
AcDbEntity
  8
1
  6
CONTINUOUS
370
50
 62
4
100
AcDbLine
 10
55.658321
 20
-0.869223
 30
0.0
 11
55.633091
 21
-0.8380599999999999
 31
0.0
  0
LINE
  5
1379
330
1F
100
AcDbEntity
  8
1
  6
CONTINUOUS
370
50
 62
4
100
AcDbLine
 10
39.577198
 20
-5.716552999999999
 30
0.0
 11
39.502541
 21
-5.624639
 31
0.0
  0
LINE
  5
137A
330
1F
100
AcDbEntity
  8
1
  6
CONTINUOUS
370
50
 62
4
100
AcDbLine
 10
45.70347599999999
 20
3.047032
 30
0.0
 11
45.628834
 21
3.138849
 31
0.0
  0
LINE
  5
137B
330
1F
100
AcDbEntity
  8
1
  6
CONTINUOUS
370
50
 62
4
100
AcDbLine
 10
52.128082
 20
-5.752433
 30
0.0
 11
52.053463
 21
-5.660651
 31
0.0
  0
LINE
  5
137C
330
1F
100
AcDbEntity
  8
1
  6
CONTINUOUS
370
50
 62
4
100
AcDbLine
 10
55.424484
 20
3.098593
 30
0.0
 11
55.102242
 21
3.494353
 31
0.0
  0
LINE
  5
137D
330
1F
100
AcDbEntity
  8
1
  6
CONTINUOUS
370
50
 62
4
100
AcDbLine
 10
38.56112299999999
 20
-0.324482
 30
0.0
 11
38.555172
 21
-0.317176
 31
0.0
  0
LINE
  5
137E
330
1F
100
AcDbEntity
  8
1
  6
CONTINUOUS
370
50
 62
4
100
AcDbLine
 10
62.953304
 20
6.106234
 30
0.0
 11
62.812054
 21
6.278727
 31
0.0
  0
LINE
  5
137F
330
1F
100
AcDbEntity
  8
1
  6
CONTINUOUS
370
50
 62
4
100
AcDbLine
 10
58.148582
 20
-4.127645999999999
 30
0.0
 11
57.872452
 21
-3.790521
 31
0.0
  0
LINE
  5
1380
330
1F
100
AcDbEntity
  8
1
  6
CONTINUOUS
370
50
 62
4
100
AcDbLine
 10
63.982288
 20
1.039308
 30
0.0
 11
63.956692
 21
1.070552
 31
0.0
  0
LINE
  5
1381
330
1F
100
AcDbEntity
  8
1
  6
CONTINUOUS
370
50
 62
4
100
AcDbLine
 10
39.651867
 20
-5.807615999999999
 30
0.0
 11
39.577198
 21
-5.716552999999999
 31
0.0
  0
LINE
  5
1382
330
1F
100
AcDbEntity
  8
1
  6
CONTINUOUS
370
50
 62
4
100
AcDbLine
 10
52.202702
 20
-5.843379
 30
0.0
 11
52.128082
 21
-5.752433
 31
0.0
  0
LINE
  5
1383
330
1F
100
AcDbEntity
  8
1
  6
CONTINUOUS
370
50
 62
4
100
AcDbLine
 10
45.586662
 20
3.224381
 30
0.0
 11
45.264442
 21
3.617091
 31
0.0
  0
LINE
  5
1384
330
1F
100
AcDbEntity
  8
1
  6
CONTINUOUS
370
50
 62
4
100
AcDbLine
 10
36.075756
 20
-0.139736
 30
0.0
 11
36.037964
 21
-0.093792
 31
0.0
  0
LINE
  5
1385
330
1F
100
AcDbEntity
  8
1
  6
CONTINUOUS
370
50
 62
4
100
AcDbLine
 10
38.555172
 20
-0.317176
 30
0.0
 11
38.549198
 21
-0.309922
 31
0.0
  0
LINE
  5
1386
330
1F
100
AcDbEntity
  8
1
  6
CONTINUOUS
370
50
 62
4
100
AcDbLine
 10
54.439133
 20
0.934325
 30
0.0
 11
54.358974
 21
1.031618
 31
0.0
  0
LINE
  5
1387
330
1F
100
AcDbEntity
  8
1
  6
CONTINUOUS
370
50
 62
4
100
AcDbLine
 10
64.93994099999999
 20
3.371877
 30
0.0
 11
64.617699
 21
3.761948
 31
0.0
  0
LINE
  5
1388
330
1F
100
AcDbEntity
  8
1
  6
CONTINUOUS
370
50
 62
4
100
AcDbLine
 10
39.726532
 20
-5.897819999999999
 30
0.0
 11
39.651867
 21
-5.807615999999999
 31
0.0
  0
LINE
  5
1389
330
1F
100
AcDbEntity
  8
1
  6
CONTINUOUS
370
50
 62
4
100
AcDbLine
 10
52.277317
 20
-5.933476
 30
0.0
 11
52.202702
 21
-5.843379
 31
0.0
  0
LINE
  5
138A
330
1F
100
AcDbEntity
  8
1
  6
CONTINUOUS
370
50
 62
4
100
AcDbLine
 10
50.783443
 20
-3.507848
 30
0.0
 11
50.708836
 21
-3.417938
 31
0.0
  0
LINE
  5
138B
330
1F
100
AcDbEntity
  8
1
  6
CONTINUOUS
370
50
 62
4
100
AcDbLine
 10
49.513462
 20
-5.956837999999999
 30
0.0
 11
49.438835
 21
-5.866915
 31
0.0
  0
LINE
  5
138C
330
1F
100
AcDbEntity
  8
1
  6
CONTINUOUS
370
50
 62
4
100
AcDbLine
 10
62.812054
 20
6.278727
 30
0.0
 11
62.671143
 21
6.448492
 31
0.0
  0
LINE
  5
138D
330
1F
100
AcDbEntity
  8
1
  6
CONTINUOUS
370
50
 62
4
100
AcDbLine
 10
38.549198
 20
-0.309922
 30
0.0
 11
38.543209
 21
-0.302721
 31
0.0
  0
LINE
  5
138E
330
1F
100
AcDbEntity
  8
1
  6
CONTINUOUS
370
50
 62
4
100
AcDbLine
 10
55.102242
 20
3.494353
 30
0.0
 11
54.780003
 21
3.881148
 31
0.0
  0
LINE
  5
138F
330
1F
100
AcDbEntity
  8
1
  6
CONTINUOUS
370
50
 62
4
100
AcDbLine
 10
67.000061
 20
-7.611053
 30
0.0
 11
67.000046
 21
-7.611034999999999
 31
0.0
  0
LINE
  5
1390
330
1F
100
AcDbEntity
  8
1
  6
CONTINUOUS
370
50
 62
4
100
AcDbLine
 10
67.000038
 20
-7.611018
 30
0.0
 11
67.000023
 21
-7.611
 31
0.0
  0
LINE
  5
1391
330
1F
100
AcDbEntity
  8
1
  6
CONTINUOUS
370
50
 62
4
100
AcDbLine
 10
50.858051
 20
-3.597237
 30
0.0
 11
50.783443
 21
-3.507848
 31
0.0
  0
LINE
  5
1392
330
1F
100
AcDbEntity
  8
1
  6
CONTINUOUS
370
50
 62
4
100
AcDbLine
 10
39.801167
 20
-5.987155
 30
0.0
 11
39.726532
 21
-5.897819999999999
 31
0.0
  0
LINE
  5
1393
330
1F
100
AcDbEntity
  8
1
  6
CONTINUOUS
370
50
 62
4
100
AcDbLine
 10
52.351929
 20
-6.022717
 30
0.0
 11
52.277317
 21
-5.933476
 31
0.0
  0
LINE
  5
1394
330
1F
100
AcDbEntity
  8
1
  6
CONTINUOUS
370
50
 62
4
100
AcDbLine
 10
64.00799599999999
 20
1.008566
 30
0.0
 11
63.982288
 21
1.039308
 31
0.0
  0
LINE
  5
1395
330
1F
100
AcDbEntity
  8
1
  6
CONTINUOUS
370
50
 62
4
100
AcDbLine
 10
66.553352
 20
-2.342045
 30
0.0
 11
66.479454
 21
-2.253754
 31
0.0
  0
LINE
  5
1396
330
1F
100
AcDbEntity
  8
1
  6
CONTINUOUS
370
50
 62
4
100
AcDbLine
 10
38.08347699999999
 20
-3.278164
 30
0.0
 11
38.008835
 21
-3.189059
 31
0.0
  0
LINE
  5
1397
330
1F
100
AcDbEntity
  8
1
  6
CONTINUOUS
370
50
 62
4
100
AcDbLine
 10
49.588081
 20
-6.045889
 30
0.0
 11
49.513462
 21
-5.956837999999999
 31
0.0
  0
LINE
  5
1398
330
1F
100
AcDbEntity
  8
1
  6
CONTINUOUS
370
50
 62
4
100
AcDbLine
 10
50.932655
 20
-3.686094
 30
0.0
 11
50.858051
 21
-3.597237
 31
0.0
  0
LINE
  5
1399
330
1F
100
AcDbEntity
  8
1
  6
CONTINUOUS
370
50
 62
4
100
AcDbLine
 10
38.543209
 20
-0.302721
 30
0.0
 11
38.537201
 21
-0.295574
 31
0.0
  0
LINE
  5
139A
330
1F
100
AcDbEntity
  8
1
  6
CONTINUOUS
370
50
 62
4
100
AcDbLine
 10
45.578896
 20
-0.394009
 30
0.0
 11
45.554291
 21
-0.36477
 31
0.0
  0
LINE
  5
139B
330
1F
100
AcDbEntity
  8
1
  6
CONTINUOUS
370
50
 62
4
100
AcDbLine
 10
45.264442
 20
3.617091
 30
0.0
 11
44.942223
 21
3.999858
 31
0.0
  0
LINE
  5
139C
330
1F
100
AcDbEntity
  8
1
  6
CONTINUOUS
370
50
 62
4
100
AcDbLine
 10
62.671143
 20
6.448492
 30
0.0
 11
62.53055999999999
 21
6.615456
 31
0.0
  0
LINE
  5
139D
330
1F
100
AcDbEntity
  8
1
  6
CONTINUOUS
370
50
 62
4
100
AcDbLine
 10
38.158142
 20
-3.36682
 30
0.0
 11
38.08347699999999
 21
-3.278164
 31
0.0
  0
LINE
  5
139E
330
1F
100
AcDbEntity
  8
1
  6
CONTINUOUS
370
50
 62
4
100
AcDbLine
 10
52.426544
 20
-6.111091
 30
0.0
 11
52.351929
 21
-6.022717
 31
0.0
  0
LINE
  5
139F
330
1F
100
AcDbEntity
  8
1
  6
CONTINUOUS
370
50
 62
4
100
AcDbLine
 10
48.243454
 20
-3.774662
 30
0.0
 11
48.16883499999999
 21
-3.686302
 31
0.0
  0
LINE
  5
13A0
330
1F
100
AcDbEntity
  8
1
  6
CONTINUOUS
370
50
 62
4
100
AcDbLine
 10
66.627388
 20
-2.429688
 30
0.0
 11
66.553352
 21
-2.342045
 31
0.0
  0
LINE
  5
13A1
330
1F
100
AcDbEntity
  8
1
  6
CONTINUOUS
370
50
 62
4
100
AcDbLine
 10
51.00726299999999
 20
-3.774412
 30
0.0
 11
50.932655
 21
-3.686094
 31
0.0
  0
LINE
  5
13A2
330
1F
100
AcDbEntity
  8
1
  6
CONTINUOUS
370
50
 62
4
100
AcDbLine
 10
57.05883799999999
 20
1.205794
 30
0.0
 11
56.960064
 21
1.322549
 31
0.0
  0
LINE
  5
13A3
330
1F
100
AcDbEntity
  8
1
  6
CONTINUOUS
370
50
 62
4
100
AcDbLine
 10
49.66269699999999
 20
-6.134059
 30
0.0
 11
49.588081
 21
-6.045889
 31
0.0
  0
LINE
  5
13A4
330
1F
100
AcDbEntity
  8
1
  6
CONTINUOUS
370
50
 62
4
100
AcDbLine
 10
38.232807
 20
-3.45502
 30
0.0
 11
38.158142
 21
-3.36682
 31
0.0
  0
LINE
  5
13A5
330
1F
100
AcDbEntity
  8
1
  6
CONTINUOUS
370
50
 62
4
100
AcDbLine
 10
55.683853
 20
-0.899381
 30
0.0
 11
55.658321
 21
-0.869223
 31
0.0
  0
LINE
  5
13A6
330
1F
100
AcDbEntity
  8
1
  6
CONTINUOUS
370
50
 62
4
100
AcDbLine
 10
64.617699
 20
3.761948
 30
0.0
 11
64.295464
 21
4.141716
 31
0.0
  0
LINE
  5
13A7
330
1F
100
AcDbEntity
  8
1
  6
CONTINUOUS
370
50
 62
4
100
AcDbLine
 10
48.31806599999999
 20
-3.862463
 30
0.0
 11
48.243454
 21
-3.774662
 31
0.0
  0
LINE
  5
13A8
330
1F
100
AcDbEntity
  8
1
  6
CONTINUOUS
370
50
 62
4
100
AcDbLine
 10
51.081882
 20
-3.862179
 30
0.0
 11
51.00726299999999
 21
-3.774412
 31
0.0
  0
LINE
  5
13A9
330
1F
100
AcDbEntity
  8
1
  6
CONTINUOUS
370
50
 62
4
100
AcDbLine
 10
38.537201
 20
-0.295574
 30
0.0
 11
38.53117
 21
-0.288482
 31
0.0
  0
LINE
  5
13AA
330
1F
100
AcDbEntity
  8
1
  6
CONTINUOUS
370
50
 62
4
100
AcDbLine
 10
38.307449
 20
-3.542754
 30
0.0
 11
38.232807
 21
-3.45502
 31
0.0
  0
LINE
  5
13AB
330
1F
100
AcDbEntity
  8
1
  6
CONTINUOUS
370
50
 62
4
100
AcDbLine
 10
52.501167
 20
-6.198588
 30
0.0
 11
52.426544
 21
-6.111091
 31
0.0
  0
LINE
  5
13AC
330
1F
100
AcDbEntity
  8
1
  6
CONTINUOUS
370
50
 62
4
100
AcDbLine
 10
66.701584
 20
-2.516675
 30
0.0
 11
66.627388
 21
-2.429688
 31
0.0
  0
LINE
  5
13AD
330
1F
100
AcDbEntity
  8
1
  6
CONTINUOUS
370
50
 62
4
100
AcDbLine
 10
64.03379799999999
 20
0.978352
 30
0.0
 11
64.00799599999999
 21
1.008566
 31
0.0
  0
LINE
  5
13AE
330
1F
100
AcDbEntity
  8
1
  6
CONTINUOUS
370
50
 62
4
100
AcDbLine
 10
36.114456
 20
-0.185029
 30
0.0
 11
36.075756
 21
-0.139736
 31
0.0
  0
LINE
  5
13AF
330
1F
100
AcDbEntity
  8
1
  6
CONTINUOUS
370
50
 62
4
100
AcDbLine
 10
62.53055999999999
 20
6.615456
 30
0.0
 11
62.390293
 21
6.779548
 31
0.0
  0
LINE
  5
13B0
330
1F
100
AcDbEntity
  8
1
  6
CONTINUOUS
370
50
 62
4
100
AcDbLine
 10
49.737309
 20
-6.221337999999999
 30
0.0
 11
49.66269699999999
 21
-6.134059
 31
0.0
  0
LINE
  5
13B1
330
1F
100
AcDbEntity
  8
1
  6
CONTINUOUS
370
50
 62
4
100
AcDbLine
 10
38.382057
 20
-3.630013
 30
0.0
 11
38.307449
 21
-3.542754
 31
0.0
  0
LINE
  5
13B2
330
1F
100
AcDbEntity
  8
1
  6
CONTINUOUS
370
50
 62
4
100
AcDbLine
 10
48.39267299999999
 20
-3.949698
 30
0.0
 11
48.31806599999999
 21
-3.862463
 31
0.0
  0
LINE
  5
13B3
330
1F
100
AcDbEntity
  8
1
  6
CONTINUOUS
370
50
 62
4
100
AcDbLine
 10
54.780003
 20
3.881148
 30
0.0
 11
54.45776
 21
4.257699
 31
0.0
  0
LINE
  5
13B4
330
1F
100
AcDbEntity
  8
1
  6
CONTINUOUS
370
50
 62
4
100
AcDbLine
 10
51.156517
 20
-3.949387
 30
0.0
 11
51.081882
 21
-3.862179
 31
0.0
  0
LINE
  5
13B5
330
1F
100
AcDbEntity
  8
1
  6
CONTINUOUS
370
50
 62
4
100
AcDbLine
 10
38.987244
 20
-4.49289
 30
0.0
 11
38.712807
 21
-4.17223
 31
0.0
  0
LINE
  5
13B6
330
1F
100
AcDbEntity
  8
1
  6
CONTINUOUS
370
50
 62
4
100
AcDbLine
 10
54.358974
 20
1.031618
 30
0.0
 11
54.278374
 21
1.125712
 31
0.0
  0
LINE
  5
13B7
330
1F
100
AcDbEntity
  8
1
  6
CONTINUOUS
370
50
 62
4
100
AcDbLine
 10
39.900707
 20
-2.293025
 30
0.0
 11
39.801167
 21
-2.177107
 31
0.0
  0
LINE
  5
13B8
330
1F
100
AcDbEntity
  8
1
  6
CONTINUOUS
370
50
 62
4
100
AcDbLine
 10
60.943451
 20
-4.00737
 30
0.0
 11
60.868835
 21
-3.920497
 31
0.0
  0
LINE
  5
13B9
330
1F
100
AcDbEntity
  8
1
  6
CONTINUOUS
370
50
 62
4
100
AcDbLine
 10
38.4566
 20
-3.716788
 30
0.0
 11
38.382057
 21
-3.630013
 31
0.0
  0
LINE
  5
13BA
330
1F
100
AcDbEntity
  8
1
  6
CONTINUOUS
370
50
 62
4
100
AcDbLine
 10
48.467285
 20
-4.036356
 30
0.0
 11
48.39267299999999
 21
-3.949698
 31
0.0
  0
LINE
  5
13BB
330
1F
100
AcDbEntity
  8
1
  6
CONTINUOUS
370
50
 62
4
100
AcDbLine
 10
66.775932
 20
-2.602996
 30
0.0
 11
66.701584
 21
-2.516675
 31
0.0
  0
LINE
  5
13BC
330
1F
100
AcDbEntity
  8
1
  6
CONTINUOUS
370
50
 62
4
100
AcDbLine
 10
51.231167
 20
-4.036026
 30
0.0
 11
51.156517
 21
-3.949387
 31
0.0
  0
LINE
  5
13BD
330
1F
100
AcDbEntity
  8
1
  6
CONTINUOUS
370
50
 62
4
100
AcDbLine
 10
38.531166
 20
-3.803186
 30
0.0
 11
38.4566
 21
-3.716788
 31
0.0
  0
LINE
  5
13BE
330
1F
100
AcDbEntity
  8
1
  6
CONTINUOUS
370
50
 62
4
100
AcDbLine
 10
49.811924
 20
-6.307717999999999
 30
0.0
 11
49.737309
 21
-6.221337999999999
 31
0.0
  0
LINE
  5
13BF
330
1F
100
AcDbEntity
  8
1
  6
CONTINUOUS
370
50
 62
4
100
AcDbLine
 10
61.018063
 20
-4.093650999999999
 30
0.0
 11
60.943451
 21
-4.00737
 31
0.0
  0
LINE
  5
13C0
330
1F
100
AcDbEntity
  8
1
  6
CONTINUOUS
370
50
 62
4
100
AcDbLine
 10
44.942223
 20
3.999858
 30
0.0
 11
44.619999
 21
4.372447999999999
 31
0.0
  0
LINE
  5
13C1
330
1F
100
AcDbEntity
  8
1
  6
CONTINUOUS
370
50
 62
4
100
AcDbLine
 10
39.262691
 20
-4.811211999999999
 30
0.0
 11
38.987244
 21
-4.49289
 31
0.0
  0
LINE
  5
13C2
330
1F
100
AcDbEntity
  8
1
  6
CONTINUOUS
370
50
 62
4
100
AcDbLine
 10
48.541901
 20
-4.122428
 30
0.0
 11
48.467285
 21
-4.036356
 31
0.0
  0
LINE
  5
13C3
330
1F
100
AcDbEntity
  8
1
  6
CONTINUOUS
370
50
 62
4
100
AcDbLine
 10
62.390293
 20
6.779548
 30
0.0
 11
62.250328
 21
6.940694
 31
0.0
  0
LINE
  5
13C4
330
1F
100
AcDbEntity
  8
1
  6
CONTINUOUS
370
50
 62
4
100
AcDbLine
 10
66.850449
 20
-2.68864
 30
0.0
 11
66.775932
 21
-2.602996
 31
0.0
  0
LINE
  5
13C5
330
1F
100
AcDbEntity
  8
1
  6
CONTINUOUS
370
50
 62
4
100
AcDbLine
 10
61.09267
 20
-4.17933
 30
0.0
 11
61.018063
 21
-4.093650999999999
 31
0.0
  0
LINE
  5
13C6
330
1F
100
AcDbEntity
  8
1
  6
CONTINUOUS
370
50
 62
4
100
AcDbLine
 10
64.059677
 20
0.948691
 30
0.0
 11
64.03379799999999
 21
0.978352
 31
0.0
  0
LINE
  5
13C7
330
1F
100
AcDbEntity
  8
1
  6
CONTINUOUS
370
50
 62
4
100
AcDbLine
 10
49.886539
 20
-6.393187999999999
 30
0.0
 11
49.811924
 21
-6.307717999999999
 31
0.0
  0
LINE
  5
13C8
330
1F
100
AcDbEntity
  8
1
  6
CONTINUOUS
370
50
 62
4
100
AcDbLine
 10
48.616528
 20
-4.207905
 30
0.0
 11
48.541901
 21
-4.122428
 31
0.0
  0
LINE
  5
13C9
330
1F
100
AcDbEntity
  8
1
  6
CONTINUOUS
370
50
 62
4
100
AcDbLine
 10
64.225357
 20
0.764234
 30
0.0
 11
64.209167
 21
0.7827569999999999
 31
0.0
  0
LINE
  5
13CA
330
1F
100
AcDbEntity
  8
1
  6
CONTINUOUS
370
50
 62
4
100
AcDbLine
 10
64.295464
 20
4.141716
 30
0.0
 11
63.97321299999999
 21
4.509878
 31
0.0
  0
LINE
  5
13CB
330
1F
100
AcDbEntity
  8
1
  6
CONTINUOUS
370
50
 62
4
100
AcDbLine
 10
58.403458
 20
-4.264546
 30
0.0
 11
58.328835
 21
-4.179451
 31
0.0
  0
LINE
  5
13CC
330
1F
100
AcDbEntity
  8
1
  6
CONTINUOUS
370
50
 62
4
100
AcDbLine
 10
61.167278
 20
-4.2644
 30
0.0
 11
61.09267
 21
-4.17933
 31
0.0
  0
LINE
  5
13CD
330
1F
100
AcDbEntity
  8
1
  6
CONTINUOUS
370
50
 62
4
100
AcDbLine
 10
66.925133
 20
-2.773598
 30
0.0
 11
66.850449
 21
-2.68864
 31
0.0
  0
LINE
  5
13CE
330
1F
100
AcDbEntity
  8
1
  6
CONTINUOUS
370
50
 62
4
100
AcDbLine
 10
48.691166
 20
-4.292778
 30
0.0
 11
48.616528
 21
-4.207905
 31
0.0
  0
LINE
  5
13CF
330
1F
100
AcDbEntity
  8
1
  6
CONTINUOUS
370
50
 62
4
100
AcDbLine
 10
59.673458
 20
-6.449872999999999
 30
0.0
 11
59.59883499999999
 21
-6.365027
 31
0.0
  0
LINE
  5
13D0
330
1F
100
AcDbEntity
  8
1
  6
CONTINUOUS
370
50
 62
4
100
AcDbLine
 10
49.14827
 20
-4.98617
 30
0.0
 11
48.87229199999999
 21
-4.672619
 31
0.0
  0
LINE
  5
13D1
330
1F
100
AcDbEntity
  8
1
  6
CONTINUOUS
370
50
 62
4
100
AcDbLine
 10
45.603745
 20
-0.422227
 30
0.0
 11
45.578896
 21
-0.394009
 31
0.0
  0
LINE
  5
13D2
330
1F
100
AcDbEntity
  8
1
  6
CONTINUOUS
370
50
 62
4
100
AcDbLine
 10
64.209167
 20
0.7827569999999999
 30
0.0
 11
64.192955
 21
0.801149
 31
0.0
  0
LINE
  5
13D3
330
1F
100
AcDbEntity
  8
1
  6
CONTINUOUS
370
50
 62
4
100
AcDbLine
 10
67.00001499999999
 20
-7.610982
 30
0.0
 11
67.0
 21
-7.610964999999999
 31
0.0
  0
LINE
  5
13D4
330
1F
100
AcDbEntity
  8
1
  6
CONTINUOUS
370
50
 62
4
100
AcDbLine
 10
49.961166
 20
-6.47774
 30
0.0
 11
49.886539
 21
-6.393187999999999
 31
0.0
  0
LINE
  5
13D5
330
1F
100
AcDbEntity
  8
1
  6
CONTINUOUS
370
50
 62
4
100
AcDbLine
 10
54.45776
 20
4.257699
 30
0.0
 11
54.135521
 21
4.62273
 31
0.0
  0
LINE
  5
13D6
330
1F
100
AcDbEntity
  8
1
  6
CONTINUOUS
370
50
 62
4
100
AcDbLine
 10
62.250328
 20
6.940694
 30
0.0
 11
62.110653
 21
7.098822999999999
 31
0.0
  0
LINE
  5
13D7
330
1F
100
AcDbEntity
  8
1
  6
CONTINUOUS
370
50
 62
4
100
AcDbLine
 10
58.47807299999999
 20
-4.349015
 30
0.0
 11
58.403458
 21
-4.264546
 31
0.0
  0
LINE
  5
13D8
330
1F
100
AcDbEntity
  8
1
  6
CONTINUOUS
370
50
 62
4
100
AcDbLine
 10
61.24189399999999
 20
-4.34885
 30
0.0
 11
61.167278
 21
-4.2644
 31
0.0
  0
LINE
  5
13D9
330
1F
100
AcDbEntity
  8
1
  6
CONTINUOUS
370
50
 62
4
100
AcDbLine
 10
39.538898
 20
-5.123613
 30
0.0
 11
39.262691
 21
-4.811211999999999
 31
0.0
  0
LINE
  5
13DA
330
1F
100
AcDbEntity
  8
1
  6
CONTINUOUS
370
50
 62
4
100
AcDbLine
 10
44.358952
 20
1.47913
 30
0.0
 11
44.279202
 21
1.569216
 31
0.0
  0
LINE
  5
13DB
330
1F
100
AcDbEntity
  8
1
  6
CONTINUOUS
370
50
 62
4
100
AcDbLine
 10
36.153961
 20
-0.229616
 30
0.0
 11
36.114456
 21
-0.185029
 31
0.0
  0
LINE
  5
13DC
330
1F
100
AcDbEntity
  8
1
  6
CONTINUOUS
370
50
 62
4
100
AcDbLine
 10
55.70967899999999
 20
-0.928476
 30
0.0
 11
55.683853
 21
-0.899381
 31
0.0
  0
LINE
  5
13DD
330
1F
100
AcDbEntity
  8
1
  6
CONTINUOUS
370
50
 62
4
100
AcDbLine
 10
67.0
 20
-2.857861
 30
0.0
 11
66.925133
 21
-2.773598
 31
0.0
  0
LINE
  5
13DE
330
1F
100
AcDbEntity
  8
1
  6
CONTINUOUS
370
50
 62
4
100
AcDbLine
 10
67.00003099999999
 20
-7.611097999999999
 30
0.0
 11
67.000023
 21
-7.611089
 31
0.0
  0
LINE
  5
13DF
330
1F
100
AcDbEntity
  8
1
  6
CONTINUOUS
370
50
 62
4
100
AcDbLine
 10
64.192955
 20
0.801149
 30
0.0
 11
64.17672
 21
0.81941
 31
0.0
  0
LINE
  5
13E0
330
1F
100
AcDbEntity
  8
1
  6
CONTINUOUS
370
50
 62
4
100
AcDbLine
 10
59.748081
 20
-6.533783
 30
0.0
 11
59.673458
 21
-6.449872999999999
 31
0.0
  0
LINE
  5
13E1
330
1F
100
AcDbEntity
  8
1
  6
CONTINUOUS
370
50
 62
4
100
AcDbLine
 10
56.960064
 20
1.322549
 30
0.0
 11
56.860619
 21
1.434347
 31
0.0
  0
LINE
  5
13E2
330
1F
100
AcDbEntity
  8
1
  6
CONTINUOUS
370
50
 62
4
100
AcDbLine
 10
58.552685
 20
-4.432847
 30
0.0
 11
58.47807299999999
 21
-4.349015
 31
0.0
  0
LINE
  5
13E3
330
1F
100
AcDbEntity
  8
1
  6
CONTINUOUS
370
50
 62
4
100
AcDbLine
 10
61.316525
 20
-4.432671
 30
0.0
 11
61.24189399999999
 21
-4.34885
 31
0.0
  0
LINE
  5
13E4
330
1F
100
AcDbEntity
  8
1
  6
CONTINUOUS
370
50
 62
4
100
AcDbLine
 10
44.619999
 20
4.372447999999999
 30
0.0
 11
44.297768
 21
4.733639
 31
0.0
  0
LINE
  5
13E5
330
1F
100
AcDbEntity
  8
1
  6
CONTINUOUS
370
50
 62
4
100
AcDbLine
 10
64.085625
 20
0.919609
 30
0.0
 11
64.059677
 21
0.948691
 31
0.0
  0
LINE
  5
13E6
330
1F
100
AcDbEntity
  8
1
  6
CONTINUOUS
370
50
 62
4
100
AcDbLine
 10
54.278374
 20
1.125712
 30
0.0
 11
54.19732699999999
 21
1.216537
 31
0.0
  0
LINE
  5
13E7
330
1F
100
AcDbEntity
  8
1
  6
CONTINUOUS
370
50
 62
4
100
AcDbLine
 10
64.17672
 20
0.81941
 30
0.0
 11
64.16046899999999
 21
0.83754
 31
0.0
  0
LINE
  5
13E8
330
1F
100
AcDbEntity
  8
1
  6
CONTINUOUS
370
50
 62
4
100
AcDbLine
 10
58.62729599999999
 20
-4.516033999999999
 30
0.0
 11
58.552685
 21
-4.432847
 31
0.0
  0
LINE
  5
13E9
330
1F
100
AcDbEntity
  8
1
  6
CONTINUOUS
370
50
 62
4
100
AcDbLine
 10
61.391167
 20
-4.515854
 30
0.0
 11
61.316525
 21
-4.432671
 31
0.0
  0
LINE
  5
13EA
330
1F
100
AcDbEntity
  8
1
  6
CONTINUOUS
370
50
 62
4
100
AcDbLine
 10
60.121166
 20
6.525118
 30
0.0
 11
60.046547
 21
6.608185
 31
0.0
  0
LINE
  5
13EB
330
1F
100
AcDbEntity
  8
1
  6
CONTINUOUS
370
50
 62
4
100
AcDbLine
 10
53.796684
 20
1.627785
 30
0.0
 11
53.77123599999999
 21
1.656098
 31
0.0
  0
LINE
  5
13EC
330
1F
100
AcDbEntity
  8
1
  6
CONTINUOUS
370
50
 62
4
100
AcDbLine
 10
62.110653
 20
7.098822999999999
 30
0.0
 11
61.971252
 21
7.253861
 31
0.0
  0
LINE
  5
13ED
330
1F
100
AcDbEntity
  8
1
  6
CONTINUOUS
370
50
 62
4
100
AcDbLine
 10
59.822697
 20
-6.616749
 30
0.0
 11
59.748081
 21
-6.533783
 31
0.0
  0
LINE
  5
13EE
330
1F
100
AcDbEntity
  8
1
  6
CONTINUOUS
370
50
 62
4
100
AcDbLine
 10
64.16046899999999
 20
0.83754
 30
0.0
 11
64.14420299999999
 21
0.855537
 31
0.0
  0
LINE
  5
13EF
330
1F
100
AcDbEntity
  8
1
  6
CONTINUOUS
370
50
 62
4
100
AcDbLine
 10
58.701912
 20
-4.598566
 30
0.0
 11
58.62729599999999
 21
-4.516033999999999
 31
0.0
  0
LINE
  5
13F0
330
1F
100
AcDbEntity
  8
1
  6
CONTINUOUS
370
50
 62
4
100
AcDbLine
 10
63.931168
 20
4.51206
 30
0.0
 11
63.856537
 21
4.594536
 31
0.0
  0
LINE
  5
13F1
330
1F
100
AcDbEntity
  8
1
  6
CONTINUOUS
370
50
 62
4
100
AcDbLine
 10
40.000599
 20
-2.403324
 30
0.0
 11
39.900707
 21
-2.293025
 31
0.0
  0
LINE
  5
13F2
330
1F
100
AcDbEntity
  8
1
  6
CONTINUOUS
370
50
 62
4
100
AcDbLine
 10
60.046547
 20
6.608185
 30
0.0
 11
59.97193499999999
 21
6.690291999999999
 31
0.0
  0
LINE
  5
13F3
330
1F
100
AcDbEntity
  8
1
  6
CONTINUOUS
370
50
 62
4
100
AcDbLine
 10
59.897316
 20
-6.698758
 30
0.0
 11
59.822697
 21
-6.616749
 31
0.0
  0
LINE
  5
13F4
330
1F
100
AcDbEntity
  8
1
  6
CONTINUOUS
370
50
 62
4
100
AcDbLine
 10
49.424248
 20
-5.289359
 30
0.0
 11
49.14827
 21
-4.98617
 31
0.0
  0
LINE
  5
13F5
330
1F
100
AcDbEntity
  8
1
  6
CONTINUOUS
370
50
 62
4
100
AcDbLine
 10
64.14420299999999
 20
0.855537
 30
0.0
 11
64.127922
 21
0.873401
 31
0.0
  0
LINE
  5
13F6
330
1F
100
AcDbEntity
  8
1
  6
CONTINUOUS
370
50
 62
4
100
AcDbLine
 10
58.776531
 20
-4.680435
 30
0.0
 11
58.701912
 21
-4.598566
 31
0.0
  0
LINE
  5
13F7
330
1F
100
AcDbEntity
  8
1
  6
CONTINUOUS
370
50
 62
4
100
AcDbLine
 10
63.856537
 20
4.594536
 30
0.0
 11
63.781906
 21
4.676343999999999
 31
0.0
  0
LINE
  5
13F8
330
1F
100
AcDbEntity
  8
1
  6
CONTINUOUS
370
50
 62
4
100
AcDbLine
 10
39.815418
 20
-5.426657
 30
0.0
 11
39.538898
 21
-5.123613
 31
0.0
  0
LINE
  5
13F9
330
1F
100
AcDbEntity
  8
1
  6
CONTINUOUS
370
50
 62
4
100
AcDbLine
 10
64.11161799999999
 20
0.891131
 30
0.0
 11
64.085625
 21
0.919609
 31
0.0
  0
LINE
  5
13FA
330
1F
100
AcDbEntity
  8
1
  6
CONTINUOUS
370
50
 62
4
100
AcDbLine
 10
54.135521
 20
4.62273
 30
0.0
 11
53.813282
 21
4.974961
 31
0.0
  0
LINE
  5
13FB
330
1F
100
AcDbEntity
  8
1
  6
CONTINUOUS
370
50
 62
4
100
AcDbLine
 10
36.19418
 20
-0.273445
 30
0.0
 11
36.153961
 21
-0.229616
 31
0.0
  0
LINE
  5
13FC
330
1F
100
AcDbEntity
  8
1
  6
CONTINUOUS
370
50
 62
4
100
AcDbLine
 10
53.822258
 20
1.599946
 30
0.0
 11
53.796684
 21
1.627785
 31
0.0
  0
LINE
  5
13FD
330
1F
100
AcDbEntity
  8
1
  6
CONTINUOUS
370
50
 62
4
100
AcDbLine
 10
58.851166
 20
-4.761631
 30
0.0
 11
58.776531
 21
-4.680435
 31
0.0
  0
LINE
  5
13FE
330
1F
100
AcDbEntity
  8
1
  6
CONTINUOUS
370
50
 62
4
100
AcDbLine
 10
64.127922
 20
0.873401
 30
0.0
 11
64.11161799999999
 21
0.891131
 31
0.0
  0
LINE
  5
13FF
330
1F
100
AcDbEntity
  8
1
  6
CONTINUOUS
370
50
 62
4
100
AcDbLine
 10
59.97193499999999
 20
6.690291999999999
 30
0.0
 11
59.897316
 21
6.77143
 31
0.0
  0
LINE
  5
1400
330
1F
100
AcDbEntity
  8
1
  6
CONTINUOUS
370
50
 62
4
100
AcDbLine
 10
63.781906
 20
4.676343999999999
 30
0.0
 11
63.707279
 21
4.757476
 31
0.0
  0
LINE
  5
1401
330
1F
100
AcDbEntity
  8
1
  6
CONTINUOUS
370
50
 62
4
100
AcDbLine
 10
59.97193499999999
 20
-6.779795
 30
0.0
 11
59.897316
 21
-6.698758
 31
0.0
  0
LINE
  5
1402
330
1F
100
AcDbEntity
  8
1
  6
CONTINUOUS
370
50
 62
4
100
AcDbLine
 10
44.279202
 20
1.569216
 30
0.0
 11
44.199017
 21
1.656044
 31
0.0
  0
LINE
  5
1403
330
1F
100
AcDbEntity
  8
1
  6
CONTINUOUS
370
50
 62
4
100
AcDbLine
 10
45.62883
 20
-0.449375
 30
0.0
 11
45.603745
 21
-0.422227
 31
0.0
  0
LINE
  5
1404
330
1F
100
AcDbEntity
  8
1
  6
CONTINUOUS
370
50
 62
4
100
AcDbLine
 10
44.297768
 20
4.733639
 30
0.0
 11
43.97552899999999
 21
5.082195
 31
0.0
  0
LINE
  5
1405
330
1F
100
AcDbEntity
  8
1
  6
CONTINUOUS
370
50
 62
4
100
AcDbLine
 10
59.308212
 20
-5.447763999999999
 30
0.0
 11
59.032188
 21
-5.149331999999999
 31
0.0
  0
LINE
  5
1406
330
1F
100
AcDbEntity
  8
1
  6
CONTINUOUS
370
50
 62
4
100
AcDbLine
 10
63.707279
 20
4.757476
 30
0.0
 11
63.63265999999999
 21
4.837922
 31
0.0
  0
LINE
  5
1407
330
1F
100
AcDbEntity
  8
1
  6
CONTINUOUS
370
50
 62
4
100
AcDbLine
 10
59.897316
 20
6.77143
 30
0.0
 11
59.822697
 21
6.851588
 31
0.0
  0
LINE
  5
1408
330
1F
100
AcDbEntity
  8
1
  6
CONTINUOUS
370
50
 62
4
100
AcDbLine
 10
54.19732699999999
 20
1.216537
 30
0.0
 11
54.115829
 21
1.304026
 31
0.0
  0
LINE
  5
1409
330
1F
100
AcDbEntity
  8
1
  6
CONTINUOUS
370
50
 62
4
100
AcDbLine
 10
60.046547
 20
-6.859848
 30
0.0
 11
59.97193499999999
 21
-6.779795
 31
0.0
  0
LINE
  5
140A
330
1F
100
AcDbEntity
  8
1
  6
CONTINUOUS
370
50
 62
4
100
AcDbLine
 10
55.73578999999999
 20
-0.956449
 30
0.0
 11
55.70967899999999
 21
-0.928476
 31
0.0
  0
LINE
  5
140B
330
1F
100
AcDbEntity
  8
1
  6
CONTINUOUS
370
50
 62
4
100
AcDbLine
 10
63.63265999999999
 20
4.837922
 30
0.0
 11
63.558044
 21
4.917673
 31
0.0
  0
LINE
  5
140C
330
1F
100
AcDbEntity
  8
1
  6
CONTINUOUS
370
50
 62
4
100
AcDbLine
 10
56.860619
 20
1.434347
 30
0.0
 11
56.760502
 21
1.541073
 31
0.0
  0
LINE
  5
140D
330
1F
100
AcDbEntity
  8
1
  6
CONTINUOUS
370
50
 62
4
100
AcDbLine
 10
53.847946
 20
1.572605
 30
0.0
 11
53.822258
 21
1.599946
 31
0.0
  0
LINE
  5
140E
330
1F
100
AcDbEntity
  8
1
  6
CONTINUOUS
370
50
 62
4
100
AcDbLine
 10
49.700226
 20
-5.58229
 30
0.0
 11
49.424248
 21
-5.289359
 31
0.0
  0
LINE
  5
140F
330
1F
100
AcDbEntity
  8
1
  6
CONTINUOUS
370
50
 62
4
100
AcDbLine
 10
59.822697
 20
6.851588
 30
0.0
 11
59.748081
 21
6.93075
 31
0.0
  0
LINE
  5
1410
330
1F
100
AcDbEntity
  8
1
  6
CONTINUOUS
370
50
 62
4
100
AcDbLine
 10
60.121166
 20
-6.938909
 30
0.0
 11
60.046547
 21
-6.859848
 31
0.0
  0
LINE
  5
1411
330
1F
100
AcDbEntity
  8
1
  6
CONTINUOUS
370
50
 62
4
100
AcDbLine
 10
63.558044
 20
4.917673
 30
0.0
 11
63.483433
 21
4.996721
 31
0.0
  0
LINE
  5
1412
330
1F
100
AcDbEntity
  8
1
  6
CONTINUOUS
370
50
 62
4
100
AcDbLine
 10
37.339111
 20
-2.62859
 30
0.0
 11
37.261169
 21
-2.546147
 31
0.0
  0
LINE
  5
1413
330
1F
100
AcDbEntity
  8
1
  6
CONTINUOUS
370
50
 62
4
100
AcDbLine
 10
36.235012
 20
-0.316461
 30
0.0
 11
36.19418
 21
-0.273445
 31
0.0
  0
LINE
  5
1414
330
1F
100
AcDbEntity
  8
1
  6
CONTINUOUS
370
50
 62
4
100
AcDbLine
 10
53.771164
 20
4.971104
 30
0.0
 11
53.696552
 21
5.049646
 31
0.0
  0
LINE
  5
1415
330
1F
100
AcDbEntity
  8
1
  6
CONTINUOUS
370
50
 62
4
100
AcDbLine
 10
63.483433
 20
4.996721
 30
0.0
 11
63.40883299999999
 21
5.075057
 31
0.0
  0
LINE
  5
1416
330
1F
100
AcDbEntity
  8
1
  6
CONTINUOUS
370
50
 62
4
100
AcDbLine
 10
40.091473
 20
-5.716387999999999
 30
0.0
 11
39.815418
 21
-5.426657
 31
0.0
  0
LINE
  5
1417
330
1F
100
AcDbEntity
  8
1
  6
CONTINUOUS
370
50
 62
4
100
AcDbLine
 10
46.898838
 20
1.847337
 30
0.0
 11
46.800049
 21
1.950988
 31
0.0
  0
LINE
  5
1418
330
1F
100
AcDbEntity
  8
1
  6
CONTINUOUS
370
50
 62
4
100
AcDbLine
 10
59.748081
 20
6.93075
 30
0.0
 11
59.673458
 21
7.008904999999999
 31
0.0
  0
LINE
  5
1419
330
1F
100
AcDbEntity
  8
1
  6
CONTINUOUS
370
50
 62
4
100
AcDbLine
 10
40.100922
 20
-2.507966
 30
0.0
 11
40.000599
 21
-2.403324
 31
0.0
  0
LINE
  5
141A
330
1F
100
AcDbEntity
  8
1
  6
CONTINUOUS
370
50
 62
4
100
AcDbLine
 10
53.696552
 20
5.049646
 30
0.0
 11
53.62192899999999
 21
5.127452
 31
0.0
  0
LINE
  5
141B
330
1F
100
AcDbEntity
  8
1
  6
CONTINUOUS
370
50
 62
4
100
AcDbLine
 10
59.584232
 20
-5.734957
 30
0.0
 11
59.308212
 21
-5.447763999999999
 31
0.0
  0
LINE
  5
141C
330
1F
100
AcDbEntity
  8
1
  6
CONTINUOUS
370
50
 62
4
100
AcDbLine
 10
53.873726
 20
1.545788
 30
0.0
 11
53.847946
 21
1.572605
 31
0.0
  0
LINE
  5
141D
330
1F
100
AcDbEntity
  8
1
  6
CONTINUOUS
370
50
 62
4
100
AcDbLine
 10
43.97552899999999
 20
5.082195
 30
0.0
 11
43.653275
 21
5.416878
 31
0.0
  0
LINE
  5
141E
330
1F
100
AcDbEntity
  8
1
  6
CONTINUOUS
370
50
 62
4
100
AcDbLine
 10
49.961166
 20
6.983159
 30
0.0
 11
49.886539
 21
7.060649
 31
0.0
  0
LINE
  5
141F
330
1F
100
AcDbEntity
  8
1
  6
CONTINUOUS
370
50
 62
4
100
AcDbLine
 10
44.199017
 20
1.656044
 30
0.0
 11
44.118393
 21
1.739557
 31
0.0
  0
LINE
  5
1420
330
1F
100
AcDbEntity
  8
1
  6
CONTINUOUS
370
50
 62
4
100
AcDbLine
 10
63.36740099999999
 20
5.167502
 30
0.0
 11
63.17392299999999
 21
5.367813
 31
0.0
  0
LINE
  5
1421
330
1F
100
AcDbEntity
  8
1
  6
CONTINUOUS
370
50
 62
4
100
AcDbLine
 10
37.41737
 20
-2.709524
 30
0.0
 11
37.339111
 21
-2.62859
 31
0.0
  0
LINE
  5
1422
330
1F
100
AcDbEntity
  8
1
  6
CONTINUOUS
370
50
 62
4
100
AcDbLine
 10
59.673458
 20
7.008904999999999
 30
0.0
 11
59.59883499999999
 21
7.086046
 31
0.0
  0
LINE
  5
1423
330
1F
100
AcDbEntity
  8
1
  6
CONTINUOUS
370
50
 62
4
100
AcDbLine
 10
53.62192899999999
 20
5.127452
 30
0.0
 11
53.547306
 21
5.204511999999999
 31
0.0
  0
LINE
  5
1424
330
1F
100
AcDbEntity
  8
1
  6
CONTINUOUS
370
50
 62
4
100
AcDbLine
 10
62.110653
 20
-5.858537
 30
0.0
 11
61.971252
 21
-5.715061
 31
0.0
  0
LINE
  5
1425
330
1F
100
AcDbEntity
  8
1
  6
CONTINUOUS
370
50
 62
4
100
AcDbLine
 10
54.115829
 20
1.304026
 30
0.0
 11
54.03387799999999
 21
1.388111
 31
0.0
  0
LINE
  5
1426
330
1F
100
AcDbEntity
  8
1
  6
CONTINUOUS
370
50
 62
4
100
AcDbLine
 10
49.886539
 20
7.060649
 30
0.0
 11
49.811924
 21
7.137108
 31
0.0
  0
LINE
  5
1427
330
1F
100
AcDbEntity
  8
1
  6
CONTINUOUS
370
50
 62
4
100
AcDbLine
 10
49.976204
 20
-5.864586
 30
0.0
 11
49.700226
 21
-5.58229
 31
0.0
  0
LINE
  5
1428
330
1F
100
AcDbEntity
  8
1
  6
CONTINUOUS
370
50
 62
4
100
AcDbLine
 10
53.547306
 20
5.204511999999999
 30
0.0
 11
53.472679
 21
5.280818
 31
0.0
  0
LINE
  5
1429
330
1F
100
AcDbEntity
  8
1
  6
CONTINUOUS
370
50
 62
4
100
AcDbLine
 10
50.060188
 20
-2.905175
 30
0.0
 11
49.961163
 21
-2.804363
 31
0.0
  0
LINE
  5
142A
330
1F
100
AcDbEntity
  8
1
  6
CONTINUOUS
370
50
 62
4
100
AcDbLine
 10
53.899582
 20
1.519518
 30
0.0
 11
53.873726
 21
1.545788
 31
0.0
  0
LINE
  5
142B
330
1F
100
AcDbEntity
  8
1
  6
CONTINUOUS
370
50
 62
4
100
AcDbLine
 10
55.76217699999999
 20
-0.983242
 30
0.0
 11
55.73578999999999
 21
-0.956449
 31
0.0
  0
LINE
  5
142C
330
1F
100
AcDbEntity
  8
1
  6
CONTINUOUS
370
50
 62
4
100
AcDbLine
 10
53.472679
 20
5.280818
 30
0.0
 11
53.398056
 21
5.356363
 31
0.0
  0
LINE
  5
142D
330
1F
100
AcDbEntity
  8
1
  6
CONTINUOUS
370
50
 62
4
100
AcDbLine
 10
49.811924
 20
7.137108
 30
0.0
 11
49.737309
 21
7.212529
 31
0.0
  0
LINE
  5
142E
330
1F
100
AcDbEntity
  8
1
  6
CONTINUOUS
370
50
 62
4
100
AcDbLine
 10
63.17392299999999
 20
5.367813
 30
0.0
 11
62.980446
 21
5.563043
 31
0.0
  0
LINE
  5
142F
330
1F
100
AcDbEntity
  8
1
  6
CONTINUOUS
370
50
 62
4
100
AcDbLine
 10
56.760502
 20
1.541073
 30
0.0
 11
56.659695
 21
1.642612
 31
0.0
  0
LINE
  5
1430
330
1F
100
AcDbEntity
  8
1
  6
CONTINUOUS
370
50
 62
4
100
AcDbLine
 10
37.495644
 20
-2.788208
 30
0.0
 11
37.41737
 21
-2.709524
 31
0.0
  0
LINE
  5
1431
330
1F
100
AcDbEntity
  8
1
  6
CONTINUOUS
370
50
 62
4
100
AcDbLine
 10
40.367226
 20
-5.993481999999999
 30
0.0
 11
40.091473
 21
-5.716387999999999
 31
0.0
  0
LINE
  5
1432
330
1F
100
AcDbEntity
  8
1
  6
CONTINUOUS
370
50
 62
4
100
AcDbLine
 10
53.398056
 20
5.356363
 30
0.0
 11
53.323441
 21
5.431138
 31
0.0
  0
LINE
  5
1433
330
1F
100
AcDbEntity
  8
1
  6
CONTINUOUS
370
50
 62
4
100
AcDbLine
 10
36.971298
 20
-1.873913
 30
0.0
 11
36.61235
 21
-1.514962
 31
0.0
  0
LINE
  5
1434
330
1F
100
AcDbEntity
  8
1
  6
CONTINUOUS
370
50
 62
4
100
AcDbLine
 10
36.971298
 20
1.873913
 30
0.0
 11
36.715488
 21
2.129725
 31
0.0
  0
LINE
  5
1435
330
1F
100
AcDbEntity
  8
1
  6
CONTINUOUS
370
50
 62
4
100
AcDbLine
 10
62.250328
 20
-5.998212
 30
0.0
 11
62.110653
 21
-5.858537
 31
0.0
  0
LINE
  5
1436
330
1F
100
AcDbEntity
  8
1
  6
CONTINUOUS
370
50
 62
4
100
AcDbLine
 10
59.860256
 20
-6.010467999999999
 30
0.0
 11
59.584232
 21
-5.734957
 31
0.0
  0
LINE
  5
1437
330
1F
100
AcDbEntity
  8
1
  6
CONTINUOUS
370
50
 62
4
100
AcDbLine
 10
49.737309
 20
7.212529
 30
0.0
 11
49.66269699999999
 21
7.286902
 31
0.0
  0
LINE
  5
1438
330
1F
100
AcDbEntity
  8
1
  6
CONTINUOUS
370
50
 62
4
100
AcDbLine
 10
43.611164
 20
5.406985
 30
0.0
 11
43.536568
 21
5.481237
 31
0.0
  0
LINE
  5
1439
330
1F
100
AcDbEntity
  8
1
  6
CONTINUOUS
370
50
 62
4
100
AcDbLine
 10
52.501167
 20
7.232089999999999
 30
0.0
 11
52.426544
 21
7.306175
 31
0.0
  0
LINE
  5
143A
330
1F
100
AcDbEntity
  8
1
  6
CONTINUOUS
370
50
 62
4
100
AcDbLine
 10
53.323441
 20
5.431138
 30
0.0
 11
53.248833
 21
5.505135
 31
0.0
  0
LINE
  5
143B
330
1F
100
AcDbEntity
  8
1
  6
CONTINUOUS
370
50
 62
4
100
AcDbLine
 10
53.925503
 20
1.493822
 30
0.0
 11
53.899582
 21
1.519518
 31
0.0
  0
LINE
  5
143C
330
1F
100
AcDbEntity
  8
1
  6
CONTINUOUS
370
50
 62
4
100
AcDbLine
 10
46.800049
 20
1.950988
 30
0.0
 11
46.700592
 21
2.04951
 31
0.0
  0
LINE
  5
143D
330
1F
100
AcDbEntity
  8
1
  6
CONTINUOUS
370
50
 62
4
100
AcDbLine
 10
44.118393
 20
1.739557
 30
0.0
 11
44.037323
 21
1.819695
 31
0.0
  0
LINE
  5
143E
330
1F
100
AcDbEntity
  8
1
  6
CONTINUOUS
370
50
 62
4
100
AcDbLine
 10
43.536568
 20
5.481237
 30
0.0
 11
43.461967
 21
5.554686999999999
 31
0.0
  0
LINE
  5
143F
330
1F
100
AcDbEntity
  8
1
  6
CONTINUOUS
370
50
 62
4
100
AcDbLine
 10
49.66269699999999
 20
7.286902
 30
0.0
 11
49.588081
 21
7.360220999999999
 31
0.0
  0
LINE
  5
1440
330
1F
100
AcDbEntity
  8
1
  6
CONTINUOUS
370
50
 62
4
100
AcDbLine
 10
50.252182
 20
-6.135543999999999
 30
0.0
 11
49.976204
 21
-5.864586
 31
0.0
  0
LINE
  5
1441
330
1F
100
AcDbEntity
  8
1
  6
CONTINUOUS
370
50
 62
4
100
AcDbLine
 10
62.980446
 20
5.563043
 30
0.0
 11
62.786964
 21
5.752946
 31
0.0
  0
LINE
  5
1442
330
1F
100
AcDbEntity
  8
1
  6
CONTINUOUS
370
50
 62
4
100
AcDbLine
 10
40.201775
 20
-2.606913
 30
0.0
 11
40.100922
 21
-2.507966
 31
0.0
  0
LINE
  5
1443
330
1F
100
AcDbEntity
  8
1
  6
CONTINUOUS
370
50
 62
4
100
AcDbLine
 10
52.426544
 20
7.306175
 30
0.0
 11
52.351929
 21
7.379194
 31
0.0
  0
LINE
  5
1444
330
1F
100
AcDbEntity
  8
1
  6
CONTINUOUS
370
50
 62
4
100
AcDbLine
 10
54.03387799999999
 20
1.388111
 30
0.0
 11
53.951469
 21
1.468722
 31
0.0
  0
LINE
  5
1445
330
1F
100
AcDbEntity
  8
1
  6
CONTINUOUS
370
50
 62
4
100
AcDbLine
 10
43.636669
 20
2.177355
 30
0.0
 11
43.611233
 21
2.202143
 31
0.0
  0
LINE
  5
1446
330
1F
100
AcDbEntity
  8
1
  6
CONTINUOUS
370
50
 62
4
100
AcDbLine
 10
53.207306
 20
5.598834999999999
 30
0.0
 11
53.013859
 21
5.787261
 31
0.0
  0
LINE
  5
1447
330
1F
100
AcDbEntity
  8
1
  6
CONTINUOUS
370
50
 62
4
100
AcDbLine
 10
43.461967
 20
5.554686999999999
 30
0.0
 11
43.38736
 21
5.627326
 31
0.0
  0
LINE
  5
1448
330
1F
100
AcDbEntity
  8
1
  6
CONTINUOUS
370
50
 62
4
100
AcDbLine
 10
65.874443
 20
-1.497959
 30
0.0
 11
65.862259
 21
-1.486123
 31
0.0
  0
LINE
  5
1449
330
1F
100
AcDbEntity
  8
1
  6
CONTINUOUS
370
50
 62
4
100
AcDbLine
 10
37.573963
 20
-2.864215
 30
0.0
 11
37.495644
 21
-2.788208
 31
0.0
  0
LINE
  5
144A
330
1F
100
AcDbEntity
  8
1
  6
CONTINUOUS
370
50
 62
4
100
AcDbLine
 10
62.390293
 20
-6.134028
 30
0.0
 11
62.250328
 21
-5.998212
 31
0.0
  0
LINE
  5
144B
330
1F
100
AcDbEntity
  8
1
  6
CONTINUOUS
370
50
 62
4
100
AcDbLine
 10
49.588081
 20
7.360220999999999
 30
0.0
 11
49.513462
 21
7.432477
 31
0.0
  0
LINE
  5
144C
330
1F
100
AcDbEntity
  8
1
  6
CONTINUOUS
370
50
 62
4
100
AcDbLine
 10
53.951469
 20
1.468722
 30
0.0
 11
53.925503
 21
1.493822
 31
0.0
  0
LINE
  5
144D
330
1F
100
AcDbEntity
  8
1
  6
CONTINUOUS
370
50
 62
4
100
AcDbLine
 10
52.351929
 20
7.379194
 30
0.0
 11
52.277317
 21
7.45114
 31
0.0
  0
LINE
  5
144E
330
1F
100
AcDbEntity
  8
1
  6
CONTINUOUS
370
50
 62
4
100
AcDbLine
 10
43.38736
 20
5.627326
 30
0.0
 11
43.312744
 21
5.699148999999999
 31
0.0
  0
LINE
  5
144F
330
1F
100
AcDbEntity
  8
1
  6
CONTINUOUS
370
50
 62
4
100
AcDbLine
 10
55.78883
 20
-1.008795
 30
0.0
 11
55.76217699999999
 21
-0.983242
 31
0.0
  0
LINE
  5
1450
330
1F
100
AcDbEntity
  8
1
  6
CONTINUOUS
370
50
 62
4
100
AcDbLine
 10
50.159821
 20
-3.00053
 30
0.0
 11
50.060188
 21
-2.905175
 31
0.0
  0
LINE
  5
1451
330
1F
100
AcDbEntity
  8
1
  6
CONTINUOUS
370
50
 62
4
100
AcDbLine
 10
60.13628
 20
-6.274527
 30
0.0
 11
59.860256
 21
-6.010467999999999
 31
0.0
  0
LINE
  5
1452
330
1F
100
AcDbEntity
  8
1
  6
CONTINUOUS
370
50
 62
4
100
AcDbLine
 10
39.801167
 20
7.408075999999999
 30
0.0
 11
39.726532
 21
7.479394
 31
0.0
  0
LINE
  5
1453
330
1F
100
AcDbEntity
  8
1
  6
CONTINUOUS
370
50
 62
4
100
AcDbLine
 10
49.513462
 20
7.432477
 30
0.0
 11
49.438835
 21
7.503660999999999
 31
0.0
  0
LINE
  5
1454
330
1F
100
AcDbEntity
  8
1
  6
CONTINUOUS
370
50
 62
4
100
AcDbLine
 10
62.786964
 20
5.752946
 30
0.0
 11
62.593487
 21
5.937273999999999
 31
0.0
  0
LINE
  5
1455
330
1F
100
AcDbEntity
  8
1
  6
CONTINUOUS
370
50
 62
4
100
AcDbLine
 10
43.312744
 20
5.699148999999999
 30
0.0
 11
43.238117
 21
5.770146
 31
0.0
  0
LINE
  5
1456
330
1F
100
AcDbEntity
  8
1
  6
CONTINUOUS
370
50
 62
4
100
AcDbLine
 10
43.662235
 20
2.153037
 30
0.0
 11
43.636669
 21
2.177355
 31
0.0
  0
LINE
  5
1457
330
1F
100
AcDbEntity
  8
1
  6
CONTINUOUS
370
50
 62
4
100
AcDbLine
 10
52.277317
 20
7.45114
 30
0.0
 11
52.202702
 21
7.522005
 31
0.0
  0
LINE
  5
1458
330
1F
100
AcDbEntity
  8
1
  6
CONTINUOUS
370
50
 62
4
100
AcDbLine
 10
56.659695
 20
1.642612
 30
0.0
 11
56.558186
 21
1.738849
 31
0.0
  0
LINE
  5
1459
330
1F
100
AcDbEntity
  8
1
  6
CONTINUOUS
370
50
 62
4
100
AcDbLine
 10
43.163475
 20
-5.798592999999999
 30
0.0
 11
43.088833
 21
-5.727926999999999
 31
0.0
  0
LINE
  5
145A
330
1F
100
AcDbEntity
  8
1
  6
CONTINUOUS
370
50
 62
4
100
AcDbLine
 10
53.013859
 20
5.787261
 30
0.0
 11
52.820412
 21
5.970249
 31
0.0
  0
LINE
  5
145B
330
1F
100
AcDbEntity
  8
1
  6
CONTINUOUS
370
50
 62
4
100
AcDbLine
 10
65.88668799999999
 20
-1.509538
 30
0.0
 11
65.874443
 21
-1.497959
 31
0.0
  0
LINE
  5
145C
330
1F
100
AcDbEntity
  8
1
  6
CONTINUOUS
370
50
 62
4
100
AcDbLine
 10
47.500916
 20
-3.23443
 30
0.0
 11
47.42116499999999
 21
-3.159325
 31
0.0
  0
LINE
  5
145D
330
1F
100
AcDbEntity
  8
1
  6
CONTINUOUS
370
50
 62
4
100
AcDbLine
 10
44.037323
 20
1.819695
 30
0.0
 11
43.955807
 21
1.896399
 31
0.0
  0
LINE
  5
145E
330
1F
100
AcDbEntity
  8
1
  6
CONTINUOUS
370
50
 62
4
100
AcDbLine
 10
39.726532
 20
7.479394
 30
0.0
 11
39.651867
 21
7.54965
 31
0.0
  0
LINE
  5
145F
330
1F
100
AcDbEntity
  8
1
  6
CONTINUOUS
370
50
 62
4
100
AcDbLine
 10
62.53055999999999
 20
-6.265924
 30
0.0
 11
62.390293
 21
-6.134028
 31
0.0
  0
LINE
  5
1460
330
1F
100
AcDbEntity
  8
1
  6
CONTINUOUS
370
50
 62
4
100
AcDbLine
 10
43.238117
 20
5.770146
 30
0.0
 11
43.163475
 21
5.84031
 31
0.0
  0
LINE
  5
1461
330
1F
100
AcDbEntity
  8
1
  6
CONTINUOUS
370
50
 62
4
100
AcDbLine
 10
50.52816
 20
-6.394464999999999
 30
0.0
 11
50.252182
 21
-6.135543999999999
 31
0.0
  0
LINE
  5
1462
330
1F
100
AcDbEntity
  8
1
  6
CONTINUOUS
370
50
 62
4
100
AcDbLine
 10
43.238117
 20
-5.868417
 30
0.0
 11
43.163475
 21
-5.798592999999999
 31
0.0
  0
LINE
  5
1463
330
1F
100
AcDbEntity
  8
1
  6
CONTINUOUS
370
50
 62
4
100
AcDbLine
 10
52.202702
 20
7.522005
 30
0.0
 11
52.128082
 21
7.591780999999999
 31
0.0
  0
LINE
  5
1464
330
1F
100
AcDbEntity
  8
1
  6
CONTINUOUS
370
50
 62
4
100
AcDbLine
 10
46.700592
 20
2.04951
 30
0.0
 11
46.600456
 21
2.142798
 31
0.0
  0
LINE
  5
1465
330
1F
100
AcDbEntity
  8
1
  6
CONTINUOUS
370
50
 62
4
100
AcDbLine
 10
37.652443
 20
-2.937216
 30
0.0
 11
37.573963
 21
-2.864215
 31
0.0
  0
LINE
  5
1466
330
1F
100
AcDbEntity
  8
1
  6
CONTINUOUS
370
50
 62
4
100
AcDbLine
 10
43.163475
 20
5.84031
 30
0.0
 11
43.088833
 21
5.909631999999999
 31
0.0
  0
LINE
  5
1467
330
1F
100
AcDbEntity
  8
1
  6
CONTINUOUS
370
50
 62
4
100
AcDbLine
 10
43.687912
 20
2.12921
 30
0.0
 11
43.662235
 21
2.153037
 31
0.0
  0
LINE
  5
1468
330
1F
100
AcDbEntity
  8
1
  6
CONTINUOUS
370
50
 62
4
100
AcDbLine
 10
39.651867
 20
7.54965
 30
0.0
 11
39.577198
 21
7.618835
 31
0.0
  0
LINE
  5
1469
330
1F
100
AcDbEntity
  8
1
  6
CONTINUOUS
370
50
 62
4
100
AcDbLine
 10
43.312744
 20
-5.93739
 30
0.0
 11
43.238117
 21
-5.868417
 31
0.0
  0
LINE
  5
146A
330
1F
100
AcDbEntity
  8
1
  6
CONTINUOUS
370
50
 62
4
100
AcDbLine
 10
62.593487
 20
5.937273999999999
 30
0.0
 11
62.400009
 21
6.115778
 31
0.0
  0
LINE
  5
146B
330
1F
100
AcDbEntity
  8
1
  6
CONTINUOUS
370
50
 62
4
100
AcDbLine
 10
52.128082
 20
7.591780999999999
 30
0.0
 11
52.053463
 21
7.660461
 31
0.0
  0
LINE
  5
146C
330
1F
100
AcDbEntity
  8
1
  6
CONTINUOUS
370
50
 62
4
100
AcDbLine
 10
65.899002
 20
-1.520854
 30
0.0
 11
65.88668799999999
 21
-1.509538
 31
0.0
  0
LINE
  5
146D
330
1F
100
AcDbEntity
  8
1
  6
CONTINUOUS
370
50
 62
4
100
AcDbLine
 10
40.303238
 20
-2.700127
 30
0.0
 11
40.201775
 21
-2.606913
 31
0.0
  0
LINE
  5
146E
330
1F
100
AcDbEntity
  8
1
  6
CONTINUOUS
370
50
 62
4
100
AcDbLine
 10
52.820412
 20
5.970249
 30
0.0
 11
52.62696099999999
 21
6.147567
 31
0.0
  0
LINE
  5
146F
330
1F
100
AcDbEntity
  8
1
  6
CONTINUOUS
370
50
 62
4
100
AcDbLine
 10
60.412304
 20
-6.526529999999999
 30
0.0
 11
60.13628
 21
-6.274527
 31
0.0
  0
LINE
  5
1470
330
1F
100
AcDbEntity
  8
1
  6
CONTINUOUS
370
50
 62
4
100
AcDbLine
 10
43.38736
 20
-6.005506
 30
0.0
 11
43.312744
 21
-5.93739
 31
0.0
  0
LINE
  5
1471
330
1F
100
AcDbEntity
  8
1
  6
CONTINUOUS
370
50
 62
4
100
AcDbLine
 10
40.623463
 20
-6.006117
 30
0.0
 11
40.548836
 21
-5.938016999999999
 31
0.0
  0
LINE
  5
1472
330
1F
100
AcDbEntity
  8
1
  6
CONTINUOUS
370
50
 62
4
100
AcDbLine
 10
39.577198
 20
7.618835
 30
0.0
 11
39.502541
 21
7.686941999999999
 31
0.0
  0
LINE
  5
1473
330
1F
100
AcDbEntity
  8
1
  6
CONTINUOUS
370
50
 62
4
100
AcDbLine
 10
42.341167
 20
7.637950999999999
 30
0.0
 11
42.266541
 21
7.705951
 31
0.0
  0
LINE
  5
1474
330
1F
100
AcDbEntity
  8
1
  6
CONTINUOUS
370
50
 62
4
100
AcDbLine
 10
62.671143
 20
-6.39384
 30
0.0
 11
62.53055999999999
 21
-6.265924
 31
0.0
  0
LINE
  5
1475
330
1F
100
AcDbEntity
  8
1
  6
CONTINUOUS
370
50
 62
4
100
AcDbLine
 10
43.046959
 20
6.004731
 30
0.0
 11
42.85358799999999
 21
6.180371
 31
0.0
  0
LINE
  5
1476
330
1F
100
AcDbEntity
  8
1
  6
CONTINUOUS
370
50
 62
4
100
AcDbLine
 10
52.053463
 20
7.660461
 30
0.0
 11
51.978836
 21
7.728035999999999
 31
0.0
  0
LINE
  5
1477
330
1F
100
AcDbEntity
  8
1
  6
CONTINUOUS
370
50
 62
4
100
AcDbLine
 10
43.713684
 20
2.105897
 30
0.0
 11
43.687912
 21
2.12921
 31
0.0
  0
LINE
  5
1478
330
1F
100
AcDbEntity
  8
1
  6
CONTINUOUS
370
50
 62
4
100
AcDbLine
 10
43.461967
 20
-6.072755
 30
0.0
 11
43.38736
 21
-6.005506
 31
0.0
  0
LINE
  5
1479
330
1F
100
AcDbEntity
  8
1
  6
CONTINUOUS
370
50
 62
4
100
AcDbLine
 10
40.698086
 20
-6.073342999999999
 30
0.0
 11
40.623463
 21
-6.006117
 31
0.0
  0
LINE
  5
147A
330
1F
100
AcDbEntity
  8
1
  6
CONTINUOUS
370
50
 62
4
100
AcDbLine
 10
39.502541
 20
7.686941999999999
 30
0.0
 11
39.427914
 21
7.753960999999999
 31
0.0
  0
LINE
  5
147B
330
1F
100
AcDbEntity
  8
1
  6
CONTINUOUS
370
50
 62
4
100
AcDbLine
 10
42.266541
 20
7.705951
 30
0.0
 11
42.19192899999999
 21
7.772824999999999
 31
0.0
  0
LINE
  5
147C
330
1F
100
AcDbEntity
  8
1
  6
CONTINUOUS
370
50
 62
4
100
AcDbLine
 10
50.260075
 20
-3.090321
 30
0.0
 11
50.159821
 21
-3.00053
 31
0.0
  0
LINE
  5
147D
330
1F
100
AcDbEntity
  8
1
  6
CONTINUOUS
370
50
 62
4
100
AcDbLine
 10
65.911369
 20
-1.531901
 30
0.0
 11
65.899002
 21
-1.520854
 31
0.0
  0
LINE
  5
147E
330
1F
100
AcDbEntity
  8
1
  6
CONTINUOUS
370
50
 62
4
100
AcDbLine
 10
43.955807
 20
1.896399
 30
0.0
 11
43.87384
 21
1.96961
 31
0.0
  0
LINE
  5
147F
330
1F
100
AcDbEntity
  8
1
  6
CONTINUOUS
370
50
 62
4
100
AcDbLine
 10
47.58112
 20
-3.305975
 30
0.0
 11
47.500916
 21
-3.23443
 31
0.0
  0
LINE
  5
1480
330
1F
100
AcDbEntity
  8
1
  6
CONTINUOUS
370
50
 62
4
100
AcDbLine
 10
62.400009
 20
6.115778
 30
0.0
 11
62.206532
 21
6.288213
 31
0.0
  0
LINE
  5
1481
330
1F
100
AcDbEntity
  8
1
  6
CONTINUOUS
370
50
 62
4
100
AcDbLine
 10
35.648899
 20
-6.968357999999999
 30
0.0
 11
35.643612
 21
-6.963651
 31
0.0
  0
LINE
  5
1482
330
1F
100
AcDbEntity
  8
1
  6
CONTINUOUS
370
50
 62
4
100
AcDbLine
 10
43.536568
 20
-6.139132
 30
0.0
 11
43.461967
 21
-6.072755
 31
0.0
  0
LINE
  5
1483
330
1F
100
AcDbEntity
  8
1
  6
CONTINUOUS
370
50
 62
4
100
AcDbLine
 10
40.77270499999999
 20
-6.139688
 30
0.0
 11
40.698086
 21
-6.073342999999999
 31
0.0
  0
LINE
  5
1484
330
1F
100
AcDbEntity
  8
1
  6
CONTINUOUS
370
50
 62
4
100
AcDbLine
 10
56.558186
 20
1.738849
 30
0.0
 11
56.455975
 21
1.829668
 31
0.0
  0
LINE
  5
1485
330
1F
100
AcDbEntity
  8
1
  6
CONTINUOUS
370
50
 62
4
100
AcDbLine
 10
52.62696099999999
 20
6.147567
 30
0.0
 11
52.433514
 21
6.318985
 31
0.0
  0
LINE
  5
1486
330
1F
100
AcDbEntity
  8
1
  6
CONTINUOUS
370
50
 62
4
100
AcDbLine
 10
37.731197
 20
-3.00688
 30
0.0
 11
37.652443
 21
-2.937216
 31
0.0
  0
LINE
  5
1487
330
1F
100
AcDbEntity
  8
1
  6
CONTINUOUS
370
50
 62
4
100
AcDbLine
 10
39.427914
 20
7.753960999999999
 30
0.0
 11
39.35334
 21
7.819885999999999
 31
0.0
  0
LINE
  5
1488
330
1F
100
AcDbEntity
  8
1
  6
CONTINUOUS
370
50
 62
4
100
AcDbLine
 10
53.323441
 20
-6.183497
 30
0.0
 11
53.248833
 21
-6.117711
 31
0.0
  0
LINE
  5
1489
330
1F
100
AcDbEntity
  8
1
  6
CONTINUOUS
370
50
 62
4
100
AcDbLine
 10
42.19192899999999
 20
7.772824999999999
 30
0.0
 11
42.117325
 21
7.838566999999999
 31
0.0
  0
LINE
  5
148A
330
1F
100
AcDbEntity
  8
1
  6
CONTINUOUS
370
50
 62
4
100
AcDbLine
 10
43.73954
 20
2.083122
 30
0.0
 11
43.713684
 21
2.105897
 31
0.0
  0
LINE
  5
148B
330
1F
100
AcDbEntity
  8
1
  6
CONTINUOUS
370
50
 62
4
100
AcDbLine
 10
62.812054
 20
-6.517715
 30
0.0
 11
62.671143
 21
-6.39384
 31
0.0
  0
LINE
  5
148C
330
1F
100
AcDbEntity
  8
1
  6
CONTINUOUS
370
50
 62
4
100
AcDbLine
 10
42.85358799999999
 20
6.180371
 30
0.0
 11
42.660255
 21
6.350213999999999
 31
0.0
  0
LINE
  5
148D
330
1F
100
AcDbEntity
  8
1
  6
CONTINUOUS
370
50
 62
4
100
AcDbLine
 10
43.611164
 20
-6.204628
 30
0.0
 11
43.536568
 21
-6.139132
 31
0.0
  0
LINE
  5
148E
330
1F
100
AcDbEntity
  8
1
  6
CONTINUOUS
370
50
 62
4
100
AcDbLine
 10
40.847324
 20
-6.205146
 30
0.0
 11
40.77270499999999
 21
-6.139688
 31
0.0
  0
LINE
  5
148F
330
1F
100
AcDbEntity
  8
1
  6
CONTINUOUS
370
50
 62
4
100
AcDbLine
 10
46.600456
 20
2.142798
 30
0.0
 11
46.49963
 21
2.230744
 31
0.0
  0
LINE
  5
1490
330
1F
100
AcDbEntity
  8
1
  6
CONTINUOUS
370
50
 62
4
100
AcDbLine
 10
39.35334
 20
7.819885999999999
 30
0.0
 11
39.278835
 21
7.884708
 31
0.0
  0
LINE
  5
1491
330
1F
100
AcDbEntity
  8
1
  6
CONTINUOUS
370
50
 62
4
100
AcDbLine
 10
53.398056
 20
-6.248381999999999
 30
0.0
 11
53.323441
 21
-6.183497
 31
0.0
  0
LINE
  5
1492
330
1F
100
AcDbEntity
  8
1
  6
CONTINUOUS
370
50
 62
4
100
AcDbLine
 10
60.220173
 20
-3.504828
 30
0.0
 11
60.121162
 21
-3.418731
 31
0.0
  0
LINE
  5
1493
330
1F
100
AcDbEntity
  8
1
  6
CONTINUOUS
370
50
 62
4
100
AcDbLine
 10
60.688328
 20
-6.765822
 30
0.0
 11
60.412304
 21
-6.526529999999999
 31
0.0
  0
LINE
  5
1494
330
1F
100
AcDbEntity
  8
1
  6
CONTINUOUS
370
50
 62
4
100
AcDbLine
 10
65.92379799999999
 20
-1.542674
 30
0.0
 11
65.911369
 21
-1.531901
 31
0.0
  0
LINE
  5
1495
330
1F
100
AcDbEntity
  8
1
  6
CONTINUOUS
370
50
 62
4
100
AcDbLine
 10
44.433468
 20
-7.899169
 30
0.0
 11
44.358833
 21
-7.834512999999999
 31
0.0
  0
LINE
  5
1496
330
1F
100
AcDbEntity
  8
1
  6
CONTINUOUS
370
50
 62
4
100
AcDbLine
 10
42.117325
 20
7.838566999999999
 30
0.0
 11
42.042717
 21
7.903169999999999
 31
0.0
  0
LINE
  5
1497
330
1F
100
AcDbEntity
  8
1
  6
CONTINUOUS
370
50
 62
4
100
AcDbLine
 10
40.92194
 20
-6.269708
 30
0.0
 11
40.847324
 21
-6.205146
 31
0.0
  0
LINE
  5
1498
330
1F
100
AcDbEntity
  8
1
  6
CONTINUOUS
370
50
 62
4
100
AcDbLine
 10
62.206532
 20
6.288213
 30
0.0
 11
62.013054
 21
6.454329
 31
0.0
  0
LINE
  5
1499
330
1F
100
AcDbEntity
  8
1
  6
CONTINUOUS
370
50
 62
4
100
AcDbLine
 10
53.472679
 20
-6.312357
 30
0.0
 11
53.398056
 21
-6.248381999999999
 31
0.0
  0
LINE
  5
149A
330
1F
100
AcDbEntity
  8
1
  6
CONTINUOUS
370
50
 62
4
100
AcDbLine
 10
43.765457
 20
2.060905
 30
0.0
 11
43.73954
 21
2.083122
 31
0.0
  0
LINE
  5
149B
330
1F
100
AcDbEntity
  8
1
  6
CONTINUOUS
370
50
 62
4
100
AcDbLine
 10
66.479454
 20
1.389809
 30
0.0
 11
66.47827099999999
 21
1.390823
 31
0.0
  0
LINE
  5
149C
330
1F
100
AcDbEntity
  8
1
  6
CONTINUOUS
370
50
 62
4
100
AcDbLine
 10
40.405411
 20
-2.787571
 30
0.0
 11
40.303238
 21
-2.700127
 31
0.0
  0
LINE
  5
149D
330
1F
100
AcDbEntity
  8
1
  6
CONTINUOUS
370
50
 62
4
100
AcDbLine
 10
66.47827099999999
 20
1.390823
 30
0.0
 11
66.47708899999999
 21
1.391834
 31
0.0
  0
LINE
  5
149E
330
1F
100
AcDbEntity
  8
1
  6
CONTINUOUS
370
50
 62
4
100
AcDbLine
 10
52.433514
 20
6.318985
 30
0.0
 11
52.240063
 21
6.484268999999999
 31
0.0
  0
LINE
  5
149F
330
1F
100
AcDbEntity
  8
1
  6
CONTINUOUS
370
50
 62
4
100
AcDbLine
 10
40.996552
 20
-6.333368999999999
 30
0.0
 11
40.92194
 21
-6.269708
 31
0.0
  0
LINE
  5
14A0
330
1F
100
AcDbEntity
  8
1
  6
CONTINUOUS
370
50
 62
4
100
AcDbLine
 10
66.47708899999999
 20
1.391834
 30
0.0
 11
66.475906
 21
1.392843
 31
0.0
  0
LINE
  5
14A1
330
1F
100
AcDbEntity
  8
1
  6
CONTINUOUS
370
50
 62
4
100
AcDbLine
 10
66.475906
 20
1.392843
 30
0.0
 11
66.474724
 21
1.39385
 31
0.0
  0
LINE
  5
14A2
330
1F
100
AcDbEntity
  8
1
  6
CONTINUOUS
370
50
 62
4
100
AcDbLine
 10
44.508091
 20
-7.962675
 30
0.0
 11
44.433468
 21
-7.899169
 31
0.0
  0
LINE
  5
14A3
330
1F
100
AcDbEntity
  8
1
  6
CONTINUOUS
370
50
 62
4
100
AcDbLine
 10
42.042717
 20
7.903169999999999
 30
0.0
 11
41.968105
 21
7.966626
 31
0.0
  0
LINE
  5
14A4
330
1F
100
AcDbEntity
  8
1
  6
CONTINUOUS
370
50
 62
4
100
AcDbLine
 10
66.474724
 20
1.39385
 30
0.0
 11
66.473541
 21
1.394854
 31
0.0
  0
LINE
  5
14A5
330
1F
100
AcDbEntity
  8
1
  6
CONTINUOUS
370
50
 62
4
100
AcDbLine
 10
62.953304
 20
-6.637487
 30
0.0
 11
62.812054
 21
-6.517715
 31
0.0
  0
LINE
  5
14A6
330
1F
100
AcDbEntity
  8
1
  6
CONTINUOUS
370
50
 62
4
100
AcDbLine
 10
42.660255
 20
6.350213999999999
 30
0.0
 11
42.466942
 21
6.514057999999999
 31
0.0
  0
LINE
  5
14A7
330
1F
100
AcDbEntity
  8
1
  6
CONTINUOUS
370
50
 62
4
100
AcDbLine
 10
50.783443
 20
-6.375882
 30
0.0
 11
50.708836
 21
-6.312779
 31
0.0
  0
LINE
  5
14A8
330
1F
100
AcDbEntity
  8
1
  6
CONTINUOUS
370
50
 62
4
100
AcDbLine
 10
43.87384
 20
1.96961
 30
0.0
 11
43.79142
 21
2.03927
 31
0.0
  0
LINE
  5
14A9
330
1F
100
AcDbEntity
  8
1
  6
CONTINUOUS
370
50
 62
4
100
AcDbLine
 10
66.472351
 20
1.395856
 30
0.0
 11
66.471169
 21
1.396855
 31
0.0
  0
LINE
  5
14AA
330
1F
100
AcDbEntity
  8
1
  6
CONTINUOUS
370
50
 62
4
100
AcDbLine
 10
53.547306
 20
-6.375418
 30
0.0
 11
53.472679
 21
-6.312357
 31
0.0
  0
LINE
  5
14AB
330
1F
100
AcDbEntity
  8
1
  6
CONTINUOUS
370
50
 62
4
100
AcDbLine
 10
47.661774
 20
-3.373894
 30
0.0
 11
47.58112
 21
-3.305975
 31
0.0
  0
LINE
  5
14AC
330
1F
100
AcDbEntity
  8
1
  6
CONTINUOUS
370
50
 62
4
100
AcDbLine
 10
66.473541
 20
1.394854
 30
0.0
 11
66.472351
 21
1.395856
 31
0.0
  0
LINE
  5
14AD
330
1F
100
AcDbEntity
  8
1
  6
CONTINUOUS
370
50
 62
4
100
AcDbLine
 10
41.071167
 20
-6.39612
 30
0.0
 11
40.996552
 21
-6.333368999999999
 31
0.0
  0
LINE
  5
14AE
330
1F
100
AcDbEntity
  8
1
  6
CONTINUOUS
370
50
 62
4
100
AcDbLine
 10
65.936287
 20
-1.553167
 30
0.0
 11
65.92379799999999
 21
-1.542674
 31
0.0
  0
LINE
  5
14AF
330
1F
100
AcDbEntity
  8
1
  6
CONTINUOUS
370
50
 62
4
100
AcDbLine
 10
44.58271
 20
-8.025023
 30
0.0
 11
44.508091
 21
-7.962675
 31
0.0
  0
LINE
  5
14B0
330
1F
100
AcDbEntity
  8
1
  6
CONTINUOUS
370
50
 62
4
100
AcDbLine
 10
41.968105
 20
7.966626
 30
0.0
 11
41.89347799999999
 21
8.028929
 31
0.0
  0
LINE
  5
14B1
330
1F
100
AcDbEntity
  8
1
  6
CONTINUOUS
370
50
 62
4
100
AcDbLine
 10
50.360947
 20
-3.174441
 30
0.0
 11
50.260075
 21
-3.090321
 31
0.0
  0
LINE
  5
14B2
330
1F
100
AcDbEntity
  8
1
  6
CONTINUOUS
370
50
 62
4
100
AcDbLine
 10
37.810345
 20
-3.072879
 30
0.0
 11
37.731197
 21
-3.00688
 31
0.0
  0
LINE
  5
14B3
330
1F
100
AcDbEntity
  8
1
  6
CONTINUOUS
370
50
 62
4
100
AcDbLine
 10
50.858047
 20
-6.438053
 30
0.0
 11
50.783443
 21
-6.375882
 31
0.0
  0
LINE
  5
14B4
330
1F
100
AcDbEntity
  8
1
  6
CONTINUOUS
370
50
 62
4
100
AcDbLine
 10
43.79142
 20
2.03927
 30
0.0
 11
43.765457
 21
2.060905
 31
0.0
  0
LINE
  5
14B5
330
1F
100
AcDbEntity
  8
1
  6
CONTINUOUS
370
50
 62
4
100
AcDbLine
 10
53.62192899999999
 20
-6.437557
 30
0.0
 11
53.547306
 21
-6.375418
 31
0.0
  0
LINE
  5
14B6
330
1F
100
AcDbEntity
  8
1
  6
CONTINUOUS
370
50
 62
4
100
AcDbLine
 10
56.455975
 20
1.829668
 30
0.0
 11
56.353043
 21
1.914952
 31
0.0
  0
LINE
  5
14B7
330
1F
100
AcDbEntity
  8
1
  6
CONTINUOUS
370
50
 62
4
100
AcDbLine
 10
62.013054
 20
6.454329
 30
0.0
 11
61.81957999999999
 21
6.613879
 31
0.0
  0
LINE
  5
14B8
330
1F
100
AcDbEntity
  8
1
  6
CONTINUOUS
370
50
 62
4
100
AcDbLine
 10
52.240063
 20
6.484268999999999
 30
0.0
 11
52.046616
 21
6.643186999999999
 31
0.0
  0
LINE
  5
14B9
330
1F
100
AcDbEntity
  8
1
  6
CONTINUOUS
370
50
 62
4
100
AcDbLine
 10
50.932655
 20
-6.499283999999999
 30
0.0
 11
50.858047
 21
-6.438053
 31
0.0
  0
LINE
  5
14BA
330
1F
100
AcDbEntity
  8
1
  6
CONTINUOUS
370
50
 62
4
100
AcDbLine
 10
53.696552
 20
-6.498767
 30
0.0
 11
53.62192899999999
 21
-6.437557
 31
0.0
  0
LINE
  5
14BB
330
1F
100
AcDbEntity
  8
1
  6
CONTINUOUS
370
50
 62
4
100
AcDbLine
 10
44.657322
 20
-8.086209
 30
0.0
 11
44.58271
 21
-8.025023
 31
0.0
  0
LINE
  5
14BC
330
1F
100
AcDbEntity
  8
1
  6
CONTINUOUS
370
50
 62
4
100
AcDbLine
 10
41.89347799999999
 20
8.028929
 30
0.0
 11
41.818832
 21
8.090072
 31
0.0
  0
LINE
  5
14BD
330
1F
100
AcDbEntity
  8
1
  6
CONTINUOUS
370
50
 62
4
100
AcDbLine
 10
41.89343299999999
 20
-8.1023
 30
0.0
 11
41.818832
 21
-8.041433
 31
0.0
  0
LINE
  5
14BE
330
1F
100
AcDbEntity
  8
1
  6
CONTINUOUS
370
50
 62
4
100
AcDbLine
 10
42.466942
 20
6.514057999999999
 30
0.0
 11
42.273628
 21
6.6717
 31
0.0
  0
LINE
  5
14BF
330
1F
100
AcDbEntity
  8
1
  6
CONTINUOUS
370
50
 62
4
100
AcDbLine
 10
65.94883
 20
-1.563374
 30
0.0
 11
65.936287
 21
-1.553167
 31
0.0
  0
LINE
  5
14C0
330
1F
100
AcDbEntity
  8
1
  6
CONTINUOUS
370
50
 62
4
100
AcDbLine
 10
46.49963
 20
2.230744
 30
0.0
 11
46.398109
 21
2.313244
 31
0.0
  0
LINE
  5
14C1
330
1F
100
AcDbEntity
  8
1
  6
CONTINUOUS
370
50
 62
4
100
AcDbLine
 10
63.483433
 20
-6.539547
 30
0.0
 11
63.40883299999999
 21
-6.478943
 31
0.0
  0
LINE
  5
14C2
330
1F
100
AcDbEntity
  8
1
  6
CONTINUOUS
370
50
 62
4
100
AcDbLine
 10
41.527855
 20
-7.020263
 30
0.0
 11
41.252071
 21
-6.797388
 31
0.0
  0
LINE
  5
14C3
330
1F
100
AcDbEntity
  8
1
  6
CONTINUOUS
370
50
 62
4
100
AcDbLine
 10
60.31979399999999
 20
-3.585325
 30
0.0
 11
60.220173
 21
-3.504828
 31
0.0
  0
LINE
  5
14C4
330
1F
100
AcDbEntity
  8
1
  6
CONTINUOUS
370
50
 62
4
100
AcDbLine
 10
51.007271
 20
-6.559571
 30
0.0
 11
50.932655
 21
-6.499283999999999
 31
0.0
  0
LINE
  5
14C5
330
1F
100
AcDbEntity
  8
1
  6
CONTINUOUS
370
50
 62
4
100
AcDbLine
 10
53.771164
 20
-6.559042
 30
0.0
 11
53.696552
 21
-6.498767
 31
0.0
  0
LINE
  5
14C6
330
1F
100
AcDbEntity
  8
1
  6
CONTINUOUS
370
50
 62
4
100
AcDbLine
 10
44.731934
 20
-8.146225
 30
0.0
 11
44.657322
 21
-8.086209
 31
0.0
  0
LINE
  5
14C7
330
1F
100
AcDbEntity
  8
1
  6
CONTINUOUS
370
50
 62
4
100
AcDbLine
 10
41.968037
 20
-8.161984
 30
0.0
 11
41.89343299999999
 21
-8.1023
 31
0.0
  0
LINE
  5
14C8
330
1F
100
AcDbEntity
  8
1
  6
CONTINUOUS
370
50
 62
4
100
AcDbLine
 10
63.558044
 20
-6.599196
 30
0.0
 11
63.483433
 21
-6.539547
 31
0.0
  0
LINE
  5
14C9
330
1F
100
AcDbEntity
  8
1
  6
CONTINUOUS
370
50
 62
4
100
AcDbLine
 10
51.08188999999999
 20
-6.618906
 30
0.0
 11
51.007271
 21
-6.559571
 31
0.0
  0
LINE
  5
14CA
330
1F
100
AcDbEntity
  8
1
  6
CONTINUOUS
370
50
 62
4
100
AcDbLine
 10
40.54882
 20
-2.900706
 30
0.0
 11
40.543041
 21
-2.89612
 31
0.0
  0
LINE
  5
14CB
330
1F
100
AcDbEntity
  8
1
  6
CONTINUOUS
370
50
 62
4
100
AcDbLine
 10
40.508377
 20
-2.869208
 30
0.0
 11
40.405411
 21
-2.787571
 31
0.0
  0
LINE
  5
14CC
330
1F
100
AcDbEntity
  8
1
  6
CONTINUOUS
370
50
 62
4
100
AcDbLine
 10
56.353043
 20
1.914952
 30
0.0
 11
56.347115
 21
1.919648
 31
0.0
  0
LINE
  5
14CD
330
1F
100
AcDbEntity
  8
1
  6
CONTINUOUS
370
50
 62
4
100
AcDbLine
 10
47.742832
 20
-3.4381
 30
0.0
 11
47.661774
 21
-3.373894
 31
0.0
  0
LINE
  5
14CE
330
1F
100
AcDbEntity
  8
1
  6
CONTINUOUS
370
50
 62
4
100
AcDbLine
 10
57.661007
 20
-3.827978
 30
0.0
 11
57.58116099999999
 21
-3.764816
 31
0.0
  0
LINE
  5
14CF
330
1F
100
AcDbEntity
  8
1
  6
CONTINUOUS
370
50
 62
4
100
AcDbLine
 10
61.81957999999999
 20
6.613879
 30
0.0
 11
61.626106
 21
6.766705
 31
0.0
  0
LINE
  5
14D0
330
1F
100
AcDbEntity
  8
1
  6
CONTINUOUS
370
50
 62
4
100
AcDbLine
 10
40.543041
 20
-2.89612
 30
0.0
 11
40.537266
 21
-2.891562
 31
0.0
  0
LINE
  5
14D1
330
1F
100
AcDbEntity
  8
1
  6
CONTINUOUS
370
50
 62
4
100
AcDbLine
 10
44.806545
 20
-8.205064
 30
0.0
 11
44.731934
 21
-8.146225
 31
0.0
  0
LINE
  5
14D2
330
1F
100
AcDbEntity
  8
1
  6
CONTINUOUS
370
50
 62
4
100
AcDbLine
 10
52.046616
 20
6.643186999999999
 30
0.0
 11
51.853168
 21
6.795507
 31
0.0
  0
LINE
  5
14D3
330
1F
100
AcDbEntity
  8
1
  6
CONTINUOUS
370
50
 62
4
100
AcDbLine
 10
63.63265999999999
 20
-6.657883
 30
0.0
 11
63.558044
 21
-6.599196
 31
0.0
  0
LINE
  5
14D4
330
1F
100
AcDbEntity
  8
1
  6
CONTINUOUS
370
50
 62
4
100
AcDbLine
 10
42.042648
 20
-8.22048
 30
0.0
 11
41.968037
 21
-8.161984
 31
0.0
  0
LINE
  5
14D5
330
1F
100
AcDbEntity
  8
1
  6
CONTINUOUS
370
50
 62
4
100
AcDbLine
 10
40.537266
 20
-2.891562
 30
0.0
 11
40.531487
 21
-2.887033
 31
0.0
  0
LINE
  5
14D6
330
1F
100
AcDbEntity
  8
1
  6
CONTINUOUS
370
50
 62
4
100
AcDbLine
 10
42.273628
 20
6.6717
 30
0.0
 11
42.080288
 21
6.82294
 31
0.0
  0
LINE
  5
14D7
330
1F
100
AcDbEntity
  8
1
  6
CONTINUOUS
370
50
 62
4
100
AcDbLine
 10
51.156521
 20
-6.677283
 30
0.0
 11
51.08188999999999
 21
-6.618906
 31
0.0
  0
LINE
  5
14D8
330
1F
100
AcDbEntity
  8
1
  6
CONTINUOUS
370
50
 62
4
100
AcDbLine
 10
56.347115
 20
1.919648
 30
0.0
 11
56.341171
 21
1.924284
 31
0.0
  0
LINE
  5
14D9
330
1F
100
AcDbEntity
  8
1
  6
CONTINUOUS
370
50
 62
4
100
AcDbLine
 10
40.531487
 20
-2.887033
 30
0.0
 11
40.525707
 21
-2.882533
 31
0.0
  0
LINE
  5
14DA
330
1F
100
AcDbEntity
  8
1
  6
CONTINUOUS
370
50
 62
4
100
AcDbLine
 10
54.59346799999999
 20
-8.243833
 30
0.0
 11
54.518833
 21
-8.185794999999999
 31
0.0
  0
LINE
  5
14DB
330
1F
100
AcDbEntity
  8
1
  6
CONTINUOUS
370
50
 62
4
100
AcDbLine
 10
37.837654
 20
-3.094068
 30
0.0
 11
37.810345
 21
-3.072879
 31
0.0
  0
LINE
  5
14DC
330
1F
100
AcDbEntity
  8
1
  6
CONTINUOUS
370
50
 62
4
100
AcDbLine
 10
40.525707
 20
-2.882533
 30
0.0
 11
40.519932
 21
-2.878062
 31
0.0
  0
LINE
  5
14DD
330
1F
100
AcDbEntity
  8
1
  6
CONTINUOUS
370
50
 62
4
100
AcDbLine
 10
60.94344299999999
 20
-6.715946
 30
0.0
 11
60.868835
 21
-6.658185
 31
0.0
  0
LINE
  5
14DE
330
1F
100
AcDbEntity
  8
1
  6
CONTINUOUS
370
50
 62
4
100
AcDbLine
 10
63.707279
 20
-6.715603
 30
0.0
 11
63.63265999999999
 21
-6.657883
 31
0.0
  0
LINE
  5
14DF
330
1F
100
AcDbEntity
  8
1
  6
CONTINUOUS
370
50
 62
4
100
AcDbLine
 10
44.881165
 20
-8.262718999999999
 30
0.0
 11
44.806545
 21
-8.205064
 31
0.0
  0
LINE
  5
14E0
330
1F
100
AcDbEntity
  8
1
  6
CONTINUOUS
370
50
 62
4
100
AcDbLine
 10
50.46244799999999
 20
-3.252785
 30
0.0
 11
50.360947
 21
-3.174441
 31
0.0
  0
LINE
  5
14E1
330
1F
100
AcDbEntity
  8
1
  6
CONTINUOUS
370
50
 62
4
100
AcDbLine
 10
51.231167
 20
-6.734696
 30
0.0
 11
51.156521
 21
-6.677283
 31
0.0
  0
LINE
  5
14E2
330
1F
100
AcDbEntity
  8
1
  6
CONTINUOUS
370
50
 62
4
100
AcDbLine
 10
40.519932
 20
-2.878062
 30
0.0
 11
40.514153
 21
-2.87362
 31
0.0
  0
LINE
  5
14E3
330
1F
100
AcDbEntity
  8
1
  6
CONTINUOUS
370
50
 62
4
100
AcDbLine
 10
42.117268
 20
-8.277782
 30
0.0
 11
42.042648
 21
-8.22048
 31
0.0
  0
LINE
  5
14E4
330
1F
100
AcDbEntity
  8
1
  6
CONTINUOUS
370
50
 62
4
100
AcDbLine
 10
56.341171
 20
1.924284
 30
0.0
 11
56.33520499999999
 21
1.928859
 31
0.0
  0
LINE
  5
14E5
330
1F
100
AcDbEntity
  8
1
  6
CONTINUOUS
370
50
 62
4
100
AcDbLine
 10
40.514153
 20
-2.87362
 30
0.0
 11
40.508377
 21
-2.869208
 31
0.0
  0
LINE
  5
14E6
330
1F
100
AcDbEntity
  8
1
  6
CONTINUOUS
370
50
 62
4
100
AcDbLine
 10
54.668091
 20
-8.30067
 30
0.0
 11
54.59346799999999
 21
-8.243833
 31
0.0
  0
LINE
  5
14E7
330
1F
100
AcDbEntity
  8
1
  6
CONTINUOUS
370
50
 62
4
100
AcDbLine
 10
61.018051
 20
-6.772726
 30
0.0
 11
60.94344299999999
 21
-6.715946
 31
0.0
  0
LINE
  5
14E8
330
1F
100
AcDbEntity
  8
1
  6
CONTINUOUS
370
50
 62
4
100
AcDbLine
 10
63.781906
 20
-6.772348
 30
0.0
 11
63.707279
 21
-6.715603
 31
0.0
  0
LINE
  5
14E9
330
1F
100
AcDbEntity
  8
1
  6
CONTINUOUS
370
50
 62
4
100
AcDbLine
 10
41.803768
 20
-7.229788
 30
0.0
 11
41.527855
 21
-7.020263
 31
0.0
  0
LINE
  5
14EA
330
1F
100
AcDbEntity
  8
1
  6
CONTINUOUS
370
50
 62
4
100
AcDbLine
 10
61.626106
 20
6.766705
 30
0.0
 11
61.432632
 21
6.913139999999999
 31
0.0
  0
LINE
  5
14EB
330
1F
100
AcDbEntity
  8
1
  6
CONTINUOUS
370
50
 62
4
100
AcDbLine
 10
56.33520499999999
 20
1.928859
 30
0.0
 11
56.329224
 21
1.933372
 31
0.0
  0
LINE
  5
14EC
330
1F
100
AcDbEntity
  8
1
  6
CONTINUOUS
370
50
 62
4
100
AcDbLine
 10
46.398109
 20
2.313244
 30
0.0
 11
46.295876
 21
2.39019
 31
0.0
  0
LINE
  5
14ED
330
1F
100
AcDbEntity
  8
1
  6
CONTINUOUS
370
50
 62
4
100
AcDbLine
 10
51.853168
 20
6.795507
 30
0.0
 11
51.659718
 21
6.940996999999999
 31
0.0
  0
LINE
  5
14EE
330
1F
100
AcDbEntity
  8
1
  6
CONTINUOUS
370
50
 62
4
100
AcDbLine
 10
42.191895
 20
-8.333884
 30
0.0
 11
42.117268
 21
-8.277782
 31
0.0
  0
LINE
  5
14EF
330
1F
100
AcDbEntity
  8
1
  6
CONTINUOUS
370
50
 62
4
100
AcDbLine
 10
42.080288
 20
6.82294
 30
0.0
 11
41.886913
 21
6.967556
 31
0.0
  0
LINE
  5
14F0
330
1F
100
AcDbEntity
  8
1
  6
CONTINUOUS
370
50
 62
4
100
AcDbLine
 10
61.092659
 20
-6.828518
 30
0.0
 11
61.018051
 21
-6.772726
 31
0.0
  0
LINE
  5
14F1
330
1F
100
AcDbEntity
  8
1
  6
CONTINUOUS
370
50
 62
4
100
AcDbLine
 10
63.856537
 20
-6.828113999999999
 30
0.0
 11
63.781906
 21
-6.772348
 31
0.0
  0
LINE
  5
14F2
330
1F
100
AcDbEntity
  8
1
  6
CONTINUOUS
370
50
 62
4
100
AcDbLine
 10
60.420036
 20
-3.660127
 30
0.0
 11
60.31979399999999
 21
-3.585325
 31
0.0
  0
LINE
  5
14F3
330
1F
100
AcDbEntity
  8
1
  6
CONTINUOUS
370
50
 62
4
100
AcDbLine
 10
54.742706
 20
-8.356302
 30
0.0
 11
54.668091
 21
-8.30067
 31
0.0
  0
LINE
  5
14F4
330
1F
100
AcDbEntity
  8
1
  6
CONTINUOUS
370
50
 62
4
100
AcDbLine
 10
47.824299
 20
-3.498541
 30
0.0
 11
47.742832
 21
-3.4381
 31
0.0
  0
LINE
  5
14F5
330
1F
100
AcDbEntity
  8
1
  6
CONTINUOUS
370
50
 62
4
100
AcDbLine
 10
56.329224
 20
1.933372
 30
0.0
 11
56.323223
 21
1.937824
 31
0.0
  0
LINE
  5
14F6
330
1F
100
AcDbEntity
  8
1
  6
CONTINUOUS
370
50
 62
4
100
AcDbLine
 10
57.741222
 20
-3.887419
 30
0.0
 11
57.661007
 21
-3.827978
 31
0.0
  0
LINE
  5
14F7
330
1F
100
AcDbEntity
  8
1
  6
CONTINUOUS
370
50
 62
4
100
AcDbLine
 10
42.266525
 20
-8.388779999999999
 30
0.0
 11
42.191895
 21
-8.333884
 31
0.0
  0
LINE
  5
14F8
330
1F
100
AcDbEntity
  8
1
  6
CONTINUOUS
370
50
 62
4
100
AcDbLine
 10
61.167271
 20
-6.883318999999999
 30
0.0
 11
61.092659
 21
-6.828518
 31
0.0
  0
LINE
  5
14F9
330
1F
100
AcDbEntity
  8
1
  6
CONTINUOUS
370
50
 62
4
100
AcDbLine
 10
63.931168
 20
-6.882892999999999
 30
0.0
 11
63.856537
 21
-6.828113999999999
 31
0.0
  0
LINE
  5
14FA
330
1F
100
AcDbEntity
  8
1
  6
CONTINUOUS
370
50
 62
4
100
AcDbLine
 10
51.68791599999999
 20
-7.335865
 30
0.0
 11
51.411938
 21
-7.134430999999999
 31
0.0
  0
LINE
  5
14FB
330
1F
100
AcDbEntity
  8
1
  6
CONTINUOUS
370
50
 62
4
100
AcDbLine
 10
54.817322
 20
-8.410724
 30
0.0
 11
54.742706
 21
-8.356302
 31
0.0
  0
LINE
  5
14FC
330
1F
100
AcDbEntity
  8
1
  6
CONTINUOUS
370
50
 62
4
100
AcDbLine
 10
56.323223
 20
1.937824
 30
0.0
 11
56.317204
 21
1.942212
 31
0.0
  0
LINE
  5
14FD
330
1F
100
AcDbEntity
  8
1
  6
CONTINUOUS
370
50
 62
4
100
AcDbLine
 10
52.053455
 20
-8.424795999999999
 30
0.0
 11
51.978836
 21
-8.370682
 31
0.0
  0
LINE
  5
14FE
330
1F
100
AcDbEntity
  8
1
  6
CONTINUOUS
370
50
 62
4
100
AcDbLine
 10
66.999985
 20
0.679118
 30
0.0
 11
66.97372399999999
 21
0.698153
 31
0.0
  0
LINE
  5
14FF
330
1F
100
AcDbEntity
  8
1
  6
CONTINUOUS
370
50
 62
4
100
AcDbLine
 10
61.391167
 20
6.880404
 30
0.0
 11
61.316525
 21
6.934286999999999
 31
0.0
  0
LINE
  5
1500
330
1F
100
AcDbEntity
  8
1
  6
CONTINUOUS
370
50
 62
4
100
AcDbLine
 10
61.24189
 20
-6.937119999999999
 30
0.0
 11
61.167271
 21
-6.883318999999999
 31
0.0
  0
LINE
  5
1501
330
1F
100
AcDbEntity
  8
1
  6
CONTINUOUS
370
50
 62
4
100
AcDbLine
 10
42.341167
 20
-8.442463
 30
0.0
 11
42.266525
 21
-8.388779999999999
 31
0.0
  0
LINE
  5
1502
330
1F
100
AcDbEntity
  8
1
  6
CONTINUOUS
370
50
 62
4
100
AcDbLine
 10
66.999985
 20
0.679118
 30
0.0
 11
66.969971
 21
0.700678
 31
0.0
  0
LINE
  5
1503
330
1F
100
AcDbEntity
  8
1
  6
CONTINUOUS
370
50
 62
4
100
AcDbLine
 10
56.317204
 20
1.942212
 30
0.0
 11
56.311169
 21
1.946535
 31
0.0
  0
LINE
  5
1504
330
1F
100
AcDbEntity
  8
1
  6
CONTINUOUS
370
50
 62
4
100
AcDbLine
 10
51.659718
 20
6.940996999999999
 30
0.0
 11
51.46626999999999
 21
7.079425
 31
0.0
  0
LINE
  5
1505
330
1F
100
AcDbEntity
  8
1
  6
CONTINUOUS
370
50
 62
4
100
AcDbLine
 10
37.865341
 20
-3.113829
 30
0.0
 11
37.837654
 21
-3.094068
 31
0.0
  0
LINE
  5
1506
330
1F
100
AcDbEntity
  8
1
  6
CONTINUOUS
370
50
 62
4
100
AcDbLine
 10
54.89193299999999
 20
-8.463928
 30
0.0
 11
54.817322
 21
-8.410724
 31
0.0
  0
LINE
  5
1507
330
1F
100
AcDbEntity
  8
1
  6
CONTINUOUS
370
50
 62
4
100
AcDbLine
 10
41.886913
 20
6.967556
 30
0.0
 11
41.693489
 21
7.105291999999999
 31
0.0
  0
LINE
  5
1508
330
1F
100
AcDbEntity
  8
1
  6
CONTINUOUS
370
50
 62
4
100
AcDbLine
 10
36.995892
 20
2.08102
 30
0.0
 11
36.991791
 21
2.08393
 31
0.0
  0
LINE
  5
1509
330
1F
100
AcDbEntity
  8
1
  6
CONTINUOUS
370
50
 62
4
100
AcDbLine
 10
50.564583
 20
-3.325245
 30
0.0
 11
50.46244799999999
 21
-3.252785
 31
0.0
  0
LINE
  5
150A
330
1F
100
AcDbEntity
  8
1
  6
CONTINUOUS
370
50
 62
4
100
AcDbLine
 10
37.0
 20
2.078107
 30
0.0
 11
36.995892
 21
2.08102
 31
0.0
  0
LINE
  5
150B
330
1F
100
AcDbEntity
  8
1
  6
CONTINUOUS
370
50
 62
4
100
AcDbLine
 10
36.991791
 20
2.08393
 30
0.0
 11
36.98769
 21
2.086837
 31
0.0
  0
LINE
  5
150C
330
1F
100
AcDbEntity
  8
1
  6
CONTINUOUS
370
50
 62
4
100
AcDbLine
 10
52.128071
 20
-8.477685
 30
0.0
 11
52.053455
 21
-8.424795999999999
 31
0.0
  0
LINE
  5
150D
330
1F
100
AcDbEntity
  8
1
  6
CONTINUOUS
370
50
 62
4
100
AcDbLine
 10
42.079773
 20
-7.425368
 30
0.0
 11
41.803768
 21
-7.229788
 31
0.0
  0
LINE
  5
150E
330
1F
100
AcDbEntity
  8
1
  6
CONTINUOUS
370
50
 62
4
100
AcDbLine
 10
61.316525
 20
6.934286999999999
 30
0.0
 11
61.24189399999999
 21
6.987159999999999
 31
0.0
  0
LINE
  5
150F
330
1F
100
AcDbEntity
  8
1
  6
CONTINUOUS
370
50
 62
4
100
AcDbLine
 10
36.98769
 20
2.086837
 30
0.0
 11
36.98358899999999
 21
2.08974
 31
0.0
  0
LINE
  5
1510
330
1F
100
AcDbEntity
  8
1
  6
CONTINUOUS
370
50
 62
4
100
AcDbLine
 10
36.98358899999999
 20
2.08974
 30
0.0
 11
36.979492
 21
2.09264
 31
0.0
  0
LINE
  5
1511
330
1F
100
AcDbEntity
  8
1
  6
CONTINUOUS
370
50
 62
4
100
AcDbLine
 10
61.31652099999999
 20
-6.989917999999999
 30
0.0
 11
61.24189
 21
-6.937119999999999
 31
0.0
  0
LINE
  5
1512
330
1F
100
AcDbEntity
  8
1
  6
CONTINUOUS
370
50
 62
4
100
AcDbLine
 10
36.979492
 20
2.09264
 30
0.0
 11
36.975395
 21
2.095538
 31
0.0
  0
LINE
  5
1513
330
1F
100
AcDbEntity
  8
1
  6
CONTINUOUS
370
50
 62
4
100
AcDbLine
 10
36.975395
 20
2.095538
 30
0.0
 11
36.971298
 21
2.098433
 31
0.0
  0
LINE
  5
1514
330
1F
100
AcDbEntity
  8
1
  6
CONTINUOUS
370
50
 62
4
100
AcDbLine
 10
54.966545
 20
-8.515908999999999
 30
0.0
 11
54.89193299999999
 21
-8.463928
 31
0.0
  0
LINE
  5
1515
330
1F
100
AcDbEntity
  8
1
  6
CONTINUOUS
370
50
 62
4
100
AcDbLine
 10
61.24189399999999
 20
6.987159999999999
 30
0.0
 11
61.167278
 21
7.03902
 31
0.0
  0
LINE
  5
1516
330
1F
100
AcDbEntity
  8
1
  6
CONTINUOUS
370
50
 62
4
100
AcDbLine
 10
61.391167
 20
-7.041704999999999
 30
0.0
 11
61.31652099999999
 21
-6.989917999999999
 31
0.0
  0
LINE
  5
1517
330
1F
100
AcDbEntity
  8
1
  6
CONTINUOUS
370
50
 62
4
100
AcDbLine
 10
46.295876
 20
2.39019
 30
0.0
 11
46.192924
 21
2.461478
 31
0.0
  0
LINE
  5
1518
330
1F
100
AcDbEntity
  8
1
  6
CONTINUOUS
370
50
 62
4
100
AcDbLine
 10
52.202686
 20
-8.529342
 30
0.0
 11
52.128071
 21
-8.477685
 31
0.0
  0
LINE
  5
1519
330
1F
100
AcDbEntity
  8
1
  6
CONTINUOUS
370
50
 62
4
100
AcDbLine
 10
47.906181
 20
-3.555168
 30
0.0
 11
47.824299
 21
-3.498541
 31
0.0
  0
LINE
  5
151A
330
1F
100
AcDbEntity
  8
1
  6
CONTINUOUS
370
50
 62
4
100
AcDbLine
 10
57.821831
 20
-3.943103
 30
0.0
 11
57.741222
 21
-3.887419
 31
0.0
  0
LINE
  5
151B
330
1F
100
AcDbEntity
  8
1
  6
CONTINUOUS
370
50
 62
4
100
AcDbLine
 10
60.520897
 20
-3.729138
 30
0.0
 11
60.420036
 21
-3.660127
 31
0.0
  0
LINE
  5
151C
330
1F
100
AcDbEntity
  8
1
  6
CONTINUOUS
370
50
 62
4
100
AcDbLine
 10
61.167278
 20
7.03902
 30
0.0
 11
61.09267
 21
7.089859
 31
0.0
  0
LINE
  5
151D
330
1F
100
AcDbEntity
  8
1
  6
CONTINUOUS
370
50
 62
4
100
AcDbLine
 10
55.04116399999999
 20
-8.566661999999999
 30
0.0
 11
54.966545
 21
-8.515908999999999
 31
0.0
  0
LINE
  5
151E
330
1F
100
AcDbEntity
  8
1
  6
CONTINUOUS
370
50
 62
4
100
AcDbLine
 10
51.963894
 20
-7.523272
 30
0.0
 11
51.68791599999999
 21
-7.335865
 31
0.0
  0
LINE
  5
151F
330
1F
100
AcDbEntity
  8
1
  6
CONTINUOUS
370
50
 62
4
100
AcDbLine
 10
51.46626999999999
 20
7.079425
 30
0.0
 11
51.272823
 21
7.210742
 31
0.0
  0
LINE
  5
1520
330
1F
100
AcDbEntity
  8
1
  6
CONTINUOUS
370
50
 62
4
100
AcDbLine
 10
52.27729799999999
 20
-8.579761
 30
0.0
 11
52.202686
 21
-8.529342
 31
0.0
  0
LINE
  5
1521
330
1F
100
AcDbEntity
  8
1
  6
CONTINUOUS
370
50
 62
4
100
AcDbLine
 10
41.693489
 20
7.105291999999999
 30
0.0
 11
41.500015
 21
7.235887
 31
0.0
  0
LINE
  5
1522
330
1F
100
AcDbEntity
  8
1
  6
CONTINUOUS
370
50
 62
4
100
AcDbLine
 10
61.09267
 20
7.089859
 30
0.0
 11
61.018063
 21
7.139672
 31
0.0
  0
LINE
  5
1523
330
1F
100
AcDbEntity
  8
1
  6
CONTINUOUS
370
50
 62
4
100
AcDbLine
 10
52.351913
 20
-8.628938
 30
0.0
 11
52.27729799999999
 21
-8.579761
 31
0.0
  0
LINE
  5
1524
330
1F
100
AcDbEntity
  8
1
  6
CONTINUOUS
370
50
 62
4
100
AcDbLine
 10
42.355827
 20
-7.606408999999999
 30
0.0
 11
42.079773
 21
-7.425368
 31
0.0
  0
LINE
  5
1525
330
1F
100
AcDbEntity
  8
1
  6
CONTINUOUS
370
50
 62
4
100
AcDbLine
 10
46.192924
 20
2.461478
 30
0.0
 11
46.187012
 21
2.465355
 31
0.0
  0
LINE
  5
1526
330
1F
100
AcDbEntity
  8
1
  6
CONTINUOUS
370
50
 62
4
100
AcDbLine
 10
61.018063
 20
7.139672
 30
0.0
 11
60.943451
 21
7.188454999999999
 31
0.0
  0
LINE
  5
1527
330
1F
100
AcDbEntity
  8
1
  6
CONTINUOUS
370
50
 62
4
100
AcDbLine
 10
37.893398
 20
-3.132105
 30
0.0
 11
37.865341
 21
-3.113829
 31
0.0
  0
LINE
  5
1528
330
1F
100
AcDbEntity
  8
1
  6
CONTINUOUS
370
50
 62
4
100
AcDbLine
 10
67.0
 20
7.611145
 30
0.0
 11
66.925133
 21
7.659749
 31
0.0
  0
LINE
  5
1529
330
1F
100
AcDbEntity
  8
1
  6
CONTINUOUS
370
50
 62
4
100
AcDbLine
 10
61.848114
 20
-7.617718
 30
0.0
 11
61.572159
 21
-7.438884
 31
0.0
  0
LINE
  5
152A
330
1F
100
AcDbEntity
  8
1
  6
CONTINUOUS
370
50
 62
4
100
AcDbLine
 10
50.667358
 20
-3.391715
 30
0.0
 11
50.564583
 21
-3.325245
 31
0.0
  0
LINE
  5
152B
330
1F
100
AcDbEntity
  8
1
  6
CONTINUOUS
370
50
 62
4
100
AcDbLine
 10
50.70882
 20
-3.417931
 30
0.0
 11
50.702896
 21
-3.4141
 31
0.0
  0
LINE
  5
152C
330
1F
100
AcDbEntity
  8
1
  6
CONTINUOUS
370
50
 62
4
100
AcDbLine
 10
51.231167
 20
7.172404999999999
 30
0.0
 11
51.156517
 21
7.220473999999999
 31
0.0
  0
LINE
  5
152D
330
1F
100
AcDbEntity
  8
1
  6
CONTINUOUS
370
50
 62
4
100
AcDbLine
 10
46.187012
 20
2.465355
 30
0.0
 11
46.181084
 21
2.469172
 31
0.0
  0
LINE
  5
152E
330
1F
100
AcDbEntity
  8
1
  6
CONTINUOUS
370
50
 62
4
100
AcDbLine
 10
52.426537
 20
-8.676866
 30
0.0
 11
52.351913
 21
-8.628938
 31
0.0
  0
LINE
  5
152F
330
1F
100
AcDbEntity
  8
1
  6
CONTINUOUS
370
50
 62
4
100
AcDbLine
 10
50.702896
 20
-3.4141
 30
0.0
 11
50.696972
 21
-3.410297
 31
0.0
  0
LINE
  5
1530
330
1F
100
AcDbEntity
  8
1
  6
CONTINUOUS
370
50
 62
4
100
AcDbLine
 10
47.988483
 20
-3.607931
 30
0.0
 11
47.906181
 21
-3.555168
 31
0.0
  0
LINE
  5
1531
330
1F
100
AcDbEntity
  8
1
  6
CONTINUOUS
370
50
 62
4
100
AcDbLine
 10
57.90284699999999
 20
-3.994995
 30
0.0
 11
57.821831
 21
-3.943103
 31
0.0
  0
LINE
  5
1532
330
1F
100
AcDbEntity
  8
1
  6
CONTINUOUS
370
50
 62
4
100
AcDbLine
 10
60.943451
 20
7.188454999999999
 30
0.0
 11
60.868835
 21
7.236200999999999
 31
0.0
  0
LINE
  5
1533
330
1F
100
AcDbEntity
  8
1
  6
CONTINUOUS
370
50
 62
4
100
AcDbLine
 10
50.696972
 20
-3.410297
 30
0.0
 11
50.69105099999999
 21
-3.406522
 31
0.0
  0
LINE
  5
1534
330
1F
100
AcDbEntity
  8
1
  6
CONTINUOUS
370
50
 62
4
100
AcDbLine
 10
66.925133
 20
7.659749
 30
0.0
 11
66.850449
 21
7.70736
 31
0.0
  0
LINE
  5
1535
330
1F
100
AcDbEntity
  8
1
  6
CONTINUOUS
370
50
 62
4
100
AcDbLine
 10
41.500015
 20
7.235887
 30
0.0
 11
41.306484
 21
7.359077
 31
0.0
  0
LINE
  5
1536
330
1F
100
AcDbEntity
  8
1
  6
CONTINUOUS
370
50
 62
4
100
AcDbLine
 10
66.97372399999999
 20
0.698153
 30
0.0
 11
66.947647
 21
0.714671
 31
0.0
  0
LINE
  5
1537
330
1F
100
AcDbEntity
  8
1
  6
CONTINUOUS
370
50
 62
4
100
AcDbLine
 10
50.69105099999999
 20
-3.406522
 30
0.0
 11
50.68512699999999
 21
-3.402777
 31
0.0
  0
LINE
  5
1538
330
1F
100
AcDbEntity
  8
1
  6
CONTINUOUS
370
50
 62
4
100
AcDbLine
 10
46.181084
 20
2.469172
 30
0.0
 11
46.175137
 21
2.472927
 31
0.0
  0
LINE
  5
1539
330
1F
100
AcDbEntity
  8
1
  6
CONTINUOUS
370
50
 62
4
100
AcDbLine
 10
51.156517
 20
7.220473999999999
 30
0.0
 11
51.081882
 21
7.267493999999999
 31
0.0
  0
LINE
  5
153A
330
1F
100
AcDbEntity
  8
1
  6
CONTINUOUS
370
50
 62
4
100
AcDbLine
 10
50.68512699999999
 20
-3.402777
 30
0.0
 11
50.679203
 21
-3.39906
 31
0.0
  0
LINE
  5
153B
330
1F
100
AcDbEntity
  8
1
  6
CONTINUOUS
370
50
 62
4
100
AcDbLine
 10
52.23986799999999
 20
-7.696141
 30
0.0
 11
51.963894
 21
-7.523272
 31
0.0
  0
LINE
  5
153C
330
1F
100
AcDbEntity
  8
1
  6
CONTINUOUS
370
50
 62
4
100
AcDbLine
 10
66.850449
 20
7.70736
 30
0.0
 11
66.775932
 21
7.753973999999999
 31
0.0
  0
LINE
  5
153D
330
1F
100
AcDbEntity
  8
1
  6
CONTINUOUS
370
50
 62
4
100
AcDbLine
 10
52.501167
 20
-8.72354
 30
0.0
 11
52.426537
 21
-8.676866
 31
0.0
  0
LINE
  5
153E
330
1F
100
AcDbEntity
  8
1
  6
CONTINUOUS
370
50
 62
4
100
AcDbLine
 10
50.679203
 20
-3.39906
 30
0.0
 11
50.673283
 21
-3.395373
 31
0.0
  0
LINE
  5
153F
330
1F
100
AcDbEntity
  8
1
  6
CONTINUOUS
370
50
 62
4
100
AcDbLine
 10
60.622391
 20
-3.792264
 30
0.0
 11
60.520897
 21
-3.729138
 31
0.0
  0
LINE
  5
1540
330
1F
100
AcDbEntity
  8
1
  6
CONTINUOUS
370
50
 62
4
100
AcDbLine
 10
46.175137
 20
2.472927
 30
0.0
 11
46.16917
 21
2.476619
 31
0.0
  0
LINE
  5
1541
330
1F
100
AcDbEntity
  8
1
  6
CONTINUOUS
370
50
 62
4
100
AcDbLine
 10
50.673283
 20
-3.395373
 30
0.0
 11
50.667358
 21
-3.391715
 31
0.0
  0
LINE
  5
1542
330
1F
100
AcDbEntity
  8
1
  6
CONTINUOUS
370
50
 62
4
100
AcDbLine
 10
51.081882
 20
7.267493999999999
 30
0.0
 11
51.00726299999999
 21
7.313460999999999
 31
0.0
  0
LINE
  5
1543
330
1F
100
AcDbEntity
  8
1
  6
CONTINUOUS
370
50
 62
4
100
AcDbLine
 10
66.969971
 20
0.700678
 30
0.0
 11
66.940208
 21
0.718947
 31
0.0
  0
LINE
  5
1544
330
1F
100
AcDbEntity
  8
1
  6
CONTINUOUS
370
50
 62
4
100
AcDbLine
 10
66.775932
 20
7.753973999999999
 30
0.0
 11
66.701584
 21
7.799583999999999
 31
0.0
  0
LINE
  5
1545
330
1F
100
AcDbEntity
  8
1
  6
CONTINUOUS
370
50
 62
4
100
AcDbLine
 10
60.827206
 20
7.328651
 30
0.0
 11
60.633743
 21
7.447125
 31
0.0
  0
LINE
  5
1546
330
1F
100
AcDbEntity
  8
1
  6
CONTINUOUS
370
50
 62
4
100
AcDbLine
 10
46.16917
 20
2.476619
 30
0.0
 11
46.163189
 21
2.480248
 31
0.0
  0
LINE
  5
1547
330
1F
100
AcDbEntity
  8
1
  6
CONTINUOUS
370
50
 62
4
100
AcDbLine
 10
51.00726299999999
 20
7.313460999999999
 30
0.0
 11
50.932655
 21
7.35837
 31
0.0
  0
LINE
  5
1548
330
1F
100
AcDbEntity
  8
1
  6
CONTINUOUS
370
50
 62
4
100
AcDbLine
 10
66.701584
 20
7.799583999999999
 30
0.0
 11
66.627388
 21
7.844182999999999
 31
0.0
  0
LINE
  5
1549
330
1F
100
AcDbEntity
  8
1
  6
CONTINUOUS
370
50
 62
4
100
AcDbLine
 10
42.631893
 20
-7.772317999999999
 30
0.0
 11
42.355827
 21
-7.606408999999999
 31
0.0
  0
LINE
  5
154A
330
1F
100
AcDbEntity
  8
1
  6
CONTINUOUS
370
50
 62
4
100
AcDbLine
 10
57.581165
 20
8.749388
 30
0.0
 11
57.506546
 21
8.794070999999999
 31
0.0
  0
LINE
  5
154B
330
1F
100
AcDbEntity
  8
1
  6
CONTINUOUS
370
50
 62
4
100
AcDbLine
 10
41.306484
 20
7.359077
 30
0.0
 11
41.112892
 21
7.474602999999999
 31
0.0
  0
LINE
  5
154C
330
1F
100
AcDbEntity
  8
1
  6
CONTINUOUS
370
50
 62
4
100
AcDbLine
 10
62.12406499999999
 20
-7.781816
 30
0.0
 11
61.848114
 21
-7.617718
 31
0.0
  0
LINE
  5
154D
330
1F
100
AcDbEntity
  8
1
  6
CONTINUOUS
370
50
 62
4
100
AcDbLine
 10
46.163189
 20
2.480248
 30
0.0
 11
46.157188
 21
2.483812
 31
0.0
  0
LINE
  5
154E
330
1F
100
AcDbEntity
  8
1
  6
CONTINUOUS
370
50
 62
4
100
AcDbLine
 10
48.013359
 20
-3.622623
 30
0.0
 11
47.988483
 21
-3.607931
 31
0.0
  0
LINE
  5
154F
330
1F
100
AcDbEntity
  8
1
  6
CONTINUOUS
370
50
 62
4
100
AcDbLine
 10
57.984291
 20
-4.043057999999999
 30
0.0
 11
57.90284699999999
 21
-3.994995
 31
0.0
  0
LINE
  5
1550
330
1F
100
AcDbEntity
  8
1
  6
CONTINUOUS
370
50
 62
4
100
AcDbLine
 10
37.921822
 20
-3.148839
 30
0.0
 11
37.893398
 21
-3.132105
 31
0.0
  0
LINE
  5
1551
330
1F
100
AcDbEntity
  8
1
  6
CONTINUOUS
370
50
 62
4
100
AcDbLine
 10
66.627388
 20
7.844182999999999
 30
0.0
 11
66.553352
 21
7.887764
 31
0.0
  0
LINE
  5
1552
330
1F
100
AcDbEntity
  8
1
  6
CONTINUOUS
370
50
 62
4
100
AcDbLine
 10
50.932655
 20
7.35837
 30
0.0
 11
50.858051
 21
7.402215
 31
0.0
  0
LINE
  5
1553
330
1F
100
AcDbEntity
  8
1
  6
CONTINUOUS
370
50
 62
4
100
AcDbLine
 10
57.506546
 20
8.794070999999999
 30
0.0
 11
57.431931
 21
8.837477
 31
0.0
  0
LINE
  5
1554
330
1F
100
AcDbEntity
  8
1
  6
CONTINUOUS
370
50
 62
4
100
AcDbLine
 10
46.157188
 20
2.483812
 30
0.0
 11
46.151169
 21
2.487312
 31
0.0
  0
LINE
  5
1555
330
1F
100
AcDbEntity
  8
1
  6
CONTINUOUS
370
50
 62
4
100
AcDbLine
 10
66.553352
 20
7.887764
 30
0.0
 11
66.479454
 21
7.930321999999999
 31
0.0
  0
LINE
  5
1556
330
1F
100
AcDbEntity
  8
1
  6
CONTINUOUS
370
50
 62
4
100
AcDbLine
 10
60.633743
 20
7.447125
 30
0.0
 11
60.440281
 21
7.558358999999999
 31
0.0
  0
LINE
  5
1557
330
1F
100
AcDbEntity
  8
1
  6
CONTINUOUS
370
50
 62
4
100
AcDbLine
 10
50.858051
 20
7.402215
 30
0.0
 11
50.783443
 21
7.444992
 31
0.0
  0
LINE
  5
1558
330
1F
100
AcDbEntity
  8
1
  6
CONTINUOUS
370
50
 62
4
100
AcDbLine
 10
52.515846
 20
-7.853965
 30
0.0
 11
52.23986799999999
 21
-7.696141
 31
0.0
  0
LINE
  5
1559
330
1F
100
AcDbEntity
  8
1
  6
CONTINUOUS
370
50
 62
4
100
AcDbLine
 10
57.431931
 20
8.837477
 30
0.0
 11
57.357319
 21
8.879598999999999
 31
0.0
  0
LINE
  5
155A
330
1F
100
AcDbEntity
  8
1
  6
CONTINUOUS
370
50
 62
4
100
AcDbLine
 10
41.071167
 20
7.430863
 30
0.0
 11
40.99648699999999
 21
7.472833
 31
0.0
  0
LINE
  5
155B
330
1F
100
AcDbEntity
  8
1
  6
CONTINUOUS
370
50
 62
4
100
AcDbLine
 10
60.724514
 20
-3.84941
 30
0.0
 11
60.622391
 21
-3.792264
 31
0.0
  0
LINE
  5
155C
330
1F
100
AcDbEntity
  8
1
  6
CONTINUOUS
370
50
 62
4
100
AcDbLine
 10
50.783443
 20
7.444992
 30
0.0
 11
50.708836
 21
7.486695
 31
0.0
  0
LINE
  5
155D
330
1F
100
AcDbEntity
  8
1
  6
CONTINUOUS
370
50
 62
4
100
AcDbLine
 10
40.99648699999999
 20
7.472833
 30
0.0
 11
40.921833
 21
7.513725
 31
0.0
  0
LINE
  5
155E
330
1F
100
AcDbEntity
  8
1
  6
CONTINUOUS
370
50
 62
4
100
AcDbLine
 10
57.357319
 20
8.879598999999999
 30
0.0
 11
57.282703
 21
8.920434
 31
0.0
  0
LINE
  5
155F
330
1F
100
AcDbEntity
  8
1
  6
CONTINUOUS
370
50
 62
4
100
AcDbLine
 10
42.90792099999999
 20
-7.922501
 30
0.0
 11
42.631893
 21
-7.772317999999999
 31
0.0
  0
LINE
  5
1560
330
1F
100
AcDbEntity
  8
1
  6
CONTINUOUS
370
50
 62
4
100
AcDbLine
 10
60.121166
 20
8.890326
 30
0.0
 11
60.046535
 21
8.930833
 31
0.0
  0
LINE
  5
1561
330
1F
100
AcDbEntity
  8
1
  6
CONTINUOUS
370
50
 62
4
100
AcDbLine
 10
66.947647
 20
0.714671
 30
0.0
 11
66.921791
 21
0.7286739999999999
 31
0.0
  0
LINE
  5
1562
330
1F
100
AcDbEntity
  8
1
  6
CONTINUOUS
370
50
 62
4
100
AcDbLine
 10
62.40001299999999
 20
-7.930955999999999
 30
0.0
 11
62.12406499999999
 21
-7.781816
 31
0.0
  0
LINE
  5
1563
330
1F
100
AcDbEntity
  8
1
  6
CONTINUOUS
370
50
 62
4
100
AcDbLine
 10
48.038548
 20
-3.636224
 30
0.0
 11
48.013359
 21
-3.622623
 31
0.0
  0
LINE
  5
1564
330
1F
100
AcDbEntity
  8
1
  6
CONTINUOUS
370
50
 62
4
100
AcDbLine
 10
58.066177
 20
-4.087256
 30
0.0
 11
57.984291
 21
-4.043057999999999
 31
0.0
  0
LINE
  5
1565
330
1F
100
AcDbEntity
  8
1
  6
CONTINUOUS
370
50
 62
4
100
AcDbLine
 10
60.440281
 20
7.558358999999999
 30
0.0
 11
60.24682199999999
 21
7.662169
 31
0.0
  0
LINE
  5
1566
330
1F
100
AcDbEntity
  8
1
  6
CONTINUOUS
370
50
 62
4
100
AcDbLine
 10
40.921833
 20
7.513725
 30
0.0
 11
40.847202
 21
7.553535999999999
 31
0.0
  0
LINE
  5
1567
330
1F
100
AcDbEntity
  8
1
  6
CONTINUOUS
370
50
 62
4
100
AcDbLine
 10
57.282703
 20
8.920434
 30
0.0
 11
57.208084
 21
8.959977
 31
0.0
  0
LINE
  5
1568
330
1F
100
AcDbEntity
  8
1
  6
CONTINUOUS
370
50
 62
4
100
AcDbLine
 10
50.667294
 20
7.57738
 30
0.0
 11
50.473816
 21
7.679796
 31
0.0
  0
LINE
  5
1569
330
1F
100
AcDbEntity
  8
1
  6
CONTINUOUS
370
50
 62
4
100
AcDbLine
 10
37.950588
 20
-3.163966
 30
0.0
 11
37.921822
 21
-3.148839
 31
0.0
  0
LINE
  5
156A
330
1F
100
AcDbEntity
  8
1
  6
CONTINUOUS
370
50
 62
4
100
AcDbLine
 10
60.046535
 20
8.930833
 30
0.0
 11
59.971909
 21
8.970044999999999
 31
0.0
  0
LINE
  5
156B
330
1F
100
AcDbEntity
  8
1
  6
CONTINUOUS
370
50
 62
4
100
AcDbLine
 10
35.657646
 20
-6.972899
 30
0.0
 11
35.648899
 21
-6.968357999999999
 31
0.0
  0
LINE
  5
156C
330
1F
100
AcDbEntity
  8
1
  6
CONTINUOUS
370
50
 62
4
100
AcDbLine
 10
40.847202
 20
7.553535999999999
 30
0.0
 11
40.772591
 21
7.59226
 31
0.0
  0
LINE
  5
156D
330
1F
100
AcDbEntity
  8
1
  6
CONTINUOUS
370
50
 62
4
100
AcDbLine
 10
52.791824
 20
-7.996236
 30
0.0
 11
52.515846
 21
-7.853965
 31
0.0
  0
LINE
  5
156E
330
1F
100
AcDbEntity
  8
1
  6
CONTINUOUS
370
50
 62
4
100
AcDbLine
 10
57.208084
 20
8.959977
 30
0.0
 11
57.133461
 21
8.998225
 31
0.0
  0
LINE
  5
156F
330
1F
100
AcDbEntity
  8
1
  6
CONTINUOUS
370
50
 62
4
100
AcDbLine
 10
64.456558
 20
-7.629117
 30
0.0
 11
64.225357
 21
-7.510859
 31
0.0
  0
LINE
  5
1570
330
1F
100
AcDbEntity
  8
1
  6
CONTINUOUS
370
50
 62
4
100
AcDbLine
 10
66.940208
 20
0.718947
 30
0.0
 11
66.91072799999999
 21
0.7339289999999999
 31
0.0
  0
LINE
  5
1571
330
1F
100
AcDbEntity
  8
1
  6
CONTINUOUS
370
50
 62
4
100
AcDbLine
 10
59.971909
 20
8.970044999999999
 30
0.0
 11
59.897285
 21
9.007957
 31
0.0
  0
LINE
  5
1572
330
1F
100
AcDbEntity
  8
1
  6
CONTINUOUS
370
50
 62
4
100
AcDbLine
 10
40.772591
 20
7.59226
 30
0.0
 11
40.697994
 21
7.629893
 31
0.0
  0
LINE
  5
1573
330
1F
100
AcDbEntity
  8
1
  6
CONTINUOUS
370
50
 62
4
100
AcDbLine
 10
47.42116499999999
 20
8.98578
 30
0.0
 11
47.346554
 21
9.023159
 31
0.0
  0
LINE
  5
1574
330
1F
100
AcDbEntity
  8
1
  6
CONTINUOUS
370
50
 62
4
100
AcDbLine
 10
60.24682199999999
 20
7.662169
 30
0.0
 11
60.05336
 21
7.758369999999999
 31
0.0
  0
LINE
  5
1575
330
1F
100
AcDbEntity
  8
1
  6
CONTINUOUS
370
50
 62
4
100
AcDbLine
 10
60.827282
 20
-3.900481
 30
0.0
 11
60.724514
 21
-3.84941
 31
0.0
  0
LINE
  5
1576
330
1F
100
AcDbEntity
  8
1
  6
CONTINUOUS
370
50
 62
4
100
AcDbLine
 10
60.86882
 20
-3.920489
 30
0.0
 11
60.862885
 21
-3.91755
 31
0.0
  0
LINE
  5
1577
330
1F
100
AcDbEntity
  8
1
  6
CONTINUOUS
370
50
 62
4
100
AcDbLine
 10
57.133461
 20
8.998225
 30
0.0
 11
57.058834
 21
9.035172
 31
0.0
  0
LINE
  5
1578
330
1F
100
AcDbEntity
  8
1
  6
CONTINUOUS
370
50
 62
4
100
AcDbLine
 10
60.862885
 20
-3.91755
 30
0.0
 11
60.856953
 21
-3.914637
 31
0.0
  0
LINE
  5
1579
330
1F
100
AcDbEntity
  8
1
  6
CONTINUOUS
370
50
 62
4
100
AcDbLine
 10
50.473816
 20
7.679796
 30
0.0
 11
50.280334
 21
7.7748
 31
0.0
  0
LINE
  5
157A
330
1F
100
AcDbEntity
  8
1
  6
CONTINUOUS
370
50
 62
4
100
AcDbLine
 10
59.897285
 20
9.007957
 30
0.0
 11
59.822666
 21
9.044564
 31
0.0
  0
LINE
  5
157B
330
1F
100
AcDbEntity
  8
1
  6
CONTINUOUS
370
50
 62
4
100
AcDbLine
 10
40.697994
 20
7.629893
 30
0.0
 11
40.623409
 21
7.66643
 31
0.0
  0
LINE
  5
157C
330
1F
100
AcDbEntity
  8
1
  6
CONTINUOUS
370
50
 62
4
100
AcDbLine
 10
58.148533
 20
-4.127555
 30
0.0
 11
58.066177
 21
-4.087256
 31
0.0
  0
LINE
  5
157D
330
1F
100
AcDbEntity
  8
1
  6
CONTINUOUS
370
50
 62
4
100
AcDbLine
 10
48.064034
 20
-3.648689
 30
0.0
 11
48.038548
 21
-3.636224
 31
0.0
  0
LINE
  5
157E
330
1F
100
AcDbEntity
  8
1
  6
CONTINUOUS
370
50
 62
4
100
AcDbLine
 10
60.856953
 20
-3.914637
 30
0.0
 11
60.851017
 21
-3.911751
 31
0.0
  0
LINE
  5
157F
330
1F
100
AcDbEntity
  8
1
  6
CONTINUOUS
370
50
 62
4
100
AcDbLine
 10
62.67596099999999
 20
-8.064695
 30
0.0
 11
62.40001299999999
 21
-7.930955999999999
 31
0.0
  0
LINE
  5
1580
330
1F
100
AcDbEntity
  8
1
  6
CONTINUOUS
370
50
 62
4
100
AcDbLine
 10
47.346554
 20
9.023159
 30
0.0
 11
47.271942
 21
9.059229
 31
0.0
  0
LINE
  5
1581
330
1F
100
AcDbEntity
  8
1
  6
CONTINUOUS
370
50
 62
4
100
AcDbLine
 10
60.851017
 20
-3.911751
 30
0.0
 11
60.845081
 21
-3.908893
 31
0.0
  0
LINE
  5
1582
330
1F
100
AcDbEntity
  8
1
  6
CONTINUOUS
370
50
 62
4
100
AcDbLine
 10
60.845081
 20
-3.908893
 30
0.0
 11
60.839146
 21
-3.906061
 31
0.0
  0
LINE
  5
1583
330
1F
100
AcDbEntity
  8
1
  6
CONTINUOUS
370
50
 62
4
100
AcDbLine
 10
40.623409
 20
7.66643
 30
0.0
 11
40.548836
 21
7.701867999999999
 31
0.0
  0
LINE
  5
1584
330
1F
100
AcDbEntity
  8
1
  6
CONTINUOUS
370
50
 62
4
100
AcDbLine
 10
59.822666
 20
9.044564
 30
0.0
 11
59.748051
 21
9.079865
 31
0.0
  0
LINE
  5
1585
330
1F
100
AcDbEntity
  8
1
  6
CONTINUOUS
370
50
 62
4
100
AcDbLine
 10
60.839146
 20
-3.906061
 30
0.0
 11
60.833214
 21
-3.903258
 31
0.0
  0
LINE
  5
1586
330
1F
100
AcDbEntity
  8
1
  6
CONTINUOUS
370
50
 62
4
100
AcDbLine
 10
61.971252
 20
4.053915
 30
0.0
 11
61.914845
 21
4.080538
 31
0.0
  0
LINE
  5
1587
330
1F
100
AcDbEntity
  8
1
  6
CONTINUOUS
370
50
 62
4
100
AcDbLine
 10
60.833214
 20
-3.903258
 30
0.0
 11
60.827282
 21
-3.900481
 31
0.0
  0
LINE
  5
1588
330
1F
100
AcDbEntity
  8
1
  6
CONTINUOUS
370
50
 62
4
100
AcDbLine
 10
47.271942
 20
9.059229
 30
0.0
 11
47.19733
 21
9.093987
 31
0.0
  0
LINE
  5
1589
330
1F
100
AcDbEntity
  8
1
  6
CONTINUOUS
370
50
 62
4
100
AcDbLine
 10
37.979591
 20
-3.177385
 30
0.0
 11
37.950588
 21
-3.163966
 31
0.0
  0
LINE
  5
158A
330
1F
100
AcDbEntity
  8
1
  6
CONTINUOUS
370
50
 62
4
100
AcDbLine
 10
53.067799
 20
-8.122446
 30
0.0
 11
52.791824
 21
-7.996236
 31
0.0
  0
LINE
  5
158B
330
1F
100
AcDbEntity
  8
1
  6
CONTINUOUS
370
50
 62
4
100
AcDbLine
 10
60.05336
 20
7.758369999999999
 30
0.0
 11
59.85989799999999
 21
7.84678
 31
0.0
  0
LINE
  5
158C
330
1F
100
AcDbEntity
  8
1
  6
CONTINUOUS
370
50
 62
4
100
AcDbLine
 10
64.68854499999999
 20
-7.735120999999999
 30
0.0
 11
64.456558
 21
-7.629117
 31
0.0
  0
LINE
  5
158D
330
1F
100
AcDbEntity
  8
1
  6
CONTINUOUS
370
50
 62
4
100
AcDbLine
 10
59.748051
 20
9.079865
 30
0.0
 11
59.67343899999999
 21
9.113851
 31
0.0
  0
LINE
  5
158E
330
1F
100
AcDbEntity
  8
1
  6
CONTINUOUS
370
50
 62
4
100
AcDbLine
 10
43.163479
 20
-7.75033
 30
0.0
 11
43.088833
 21
-7.716455
 31
0.0
  0
LINE
  5
158F
330
1F
100
AcDbEntity
  8
1
  6
CONTINUOUS
370
50
 62
4
100
AcDbLine
 10
50.280334
 20
7.7748
 30
0.0
 11
50.08685699999999
 21
7.862229999999999
 31
0.0
  0
LINE
  5
1590
330
1F
100
AcDbEntity
  8
1
  6
CONTINUOUS
370
50
 62
4
100
AcDbLine
 10
66.921791
 20
0.7286739999999999
 30
0.0
 11
66.896164
 21
0.740165
 31
0.0
  0
LINE
  5
1591
330
1F
100
AcDbEntity
  8
1
  6
CONTINUOUS
370
50
 62
4
100
AcDbLine
 10
47.19733
 20
9.093987
 30
0.0
 11
47.122707
 21
9.127426
 31
0.0
  0
LINE
  5
1592
330
1F
100
AcDbEntity
  8
1
  6
CONTINUOUS
370
50
 62
4
100
AcDbLine
 10
62.110626
 20
-8.359344
 30
0.0
 11
61.971252
 21
-8.297361
 31
0.0
  0
LINE
  5
1593
330
1F
100
AcDbEntity
  8
1
  6
CONTINUOUS
370
50
 62
4
100
AcDbLine
 10
65.862267
 20
8.247114999999999
 30
0.0
 11
65.754997
 21
8.294767
 31
0.0
  0
LINE
  5
1594
330
1F
100
AcDbEntity
  8
1
  6
CONTINUOUS
370
50
 62
4
100
AcDbLine
 10
49.961166
 20
9.102810999999999
 30
0.0
 11
49.886536
 21
9.135905
 31
0.0
  0
LINE
  5
1595
330
1F
100
AcDbEntity
  8
1
  6
CONTINUOUS
370
50
 62
4
100
AcDbLine
 10
40.508373
 20
7.788386999999999
 30
0.0
 11
40.314884
 21
7.873990999999999
 31
0.0
  0
LINE
  5
1596
330
1F
100
AcDbEntity
  8
1
  6
CONTINUOUS
370
50
 62
4
100
AcDbLine
 10
58.173401
 20
-4.138487
 30
0.0
 11
58.148533
 21
-4.127555
 31
0.0
  0
LINE
  5
1597
330
1F
100
AcDbEntity
  8
1
  6
CONTINUOUS
370
50
 62
4
100
AcDbLine
 10
43.238117
 20
-7.783085
 30
0.0
 11
43.163479
 21
-7.75033
 31
0.0
  0
LINE
  5
1598
330
1F
100
AcDbEntity
  8
1
  6
CONTINUOUS
370
50
 62
4
100
AcDbLine
 10
61.914845
 20
4.080538
 30
0.0
 11
61.858265
 21
4.105333
 31
0.0
  0
LINE
  5
1599
330
1F
100
AcDbEntity
  8
1
  6
CONTINUOUS
370
50
 62
4
100
AcDbLine
 10
59.67343899999999
 20
9.113851
 30
0.0
 11
59.59883499999999
 21
9.146517
 31
0.0
  0
LINE
  5
159A
330
1F
100
AcDbEntity
  8
1
  6
CONTINUOUS
370
50
 62
4
100
AcDbLine
 10
48.089813
 20
-3.659974
 30
0.0
 11
48.064034
 21
-3.648689
 31
0.0
  0
LINE
  5
159B
330
1F
100
AcDbEntity
  8
1
  6
CONTINUOUS
370
50
 62
4
100
AcDbLine
 10
47.122707
 20
9.127426
 30
0.0
 11
47.048084
 21
9.159543
 31
0.0
  0
LINE
  5
159C
330
1F
100
AcDbEntity
  8
1
  6
CONTINUOUS
370
50
 62
4
100
AcDbLine
 10
62.951904
 20
-8.18259
 30
0.0
 11
62.67596099999999
 21
-8.064695
 31
0.0
  0
LINE
  5
159D
330
1F
100
AcDbEntity
  8
1
  6
CONTINUOUS
370
50
 62
4
100
AcDbLine
 10
49.886536
 20
9.135905
 30
0.0
 11
49.811913
 21
9.167674
 31
0.0
  0
LINE
  5
159E
330
1F
100
AcDbEntity
  8
1
  6
CONTINUOUS
370
50
 62
4
100
AcDbLine
 10
43.312752
 20
-7.814715
 30
0.0
 11
43.238117
 21
-7.783085
 31
0.0
  0
LINE
  5
159F
330
1F
100
AcDbEntity
  8
1
  6
CONTINUOUS
370
50
 62
4
100
AcDbLine
 10
65.754997
 20
8.294767
 30
0.0
 11
65.64806399999999
 21
8.339996
 31
0.0
  0
LINE
  5
15A0
330
1F
100
AcDbEntity
  8
1
  6
CONTINUOUS
370
50
 62
4
100
AcDbLine
 10
51.978851
 20
4.545033
 30
0.0
 11
51.899216
 21
4.578144
 31
0.0
  0
LINE
  5
15A1
330
1F
100
AcDbEntity
  8
1
  6
CONTINUOUS
370
50
 62
4
100
AcDbLine
 10
59.85989799999999
 20
7.84678
 30
0.0
 11
59.666439
 21
7.927213999999999
 31
0.0
  0
LINE
  5
15A2
330
1F
100
AcDbEntity
  8
1
  6
CONTINUOUS
370
50
 62
4
100
AcDbLine
 10
55.86348
 20
-7.835192999999999
 30
0.0
 11
55.78883399999999
 21
-7.804314
 31
0.0
  0
LINE
  5
15A3
330
1F
100
AcDbEntity
  8
1
  6
CONTINUOUS
370
50
 62
4
100
AcDbLine
 10
47.048084
 20
9.159543
 30
0.0
 11
46.973461
 21
9.190331
 31
0.0
  0
LINE
  5
15A4
330
1F
100
AcDbEntity
  8
1
  6
CONTINUOUS
370
50
 62
4
100
AcDbLine
 10
50.08685699999999
 20
7.862229999999999
 30
0.0
 11
49.893379
 21
7.941923
 31
0.0
  0
LINE
  5
15A5
330
1F
100
AcDbEntity
  8
1
  6
CONTINUOUS
370
50
 62
4
100
AcDbLine
 10
62.250286
 20
-8.416572
 30
0.0
 11
62.110626
 21
-8.359344
 31
0.0
  0
LINE
  5
15A6
330
1F
100
AcDbEntity
  8
1
  6
CONTINUOUS
370
50
 62
4
100
AcDbLine
 10
43.38737099999999
 20
-7.845217
 30
0.0
 11
43.312752
 21
-7.814715
 31
0.0
  0
LINE
  5
15A7
330
1F
100
AcDbEntity
  8
1
  6
CONTINUOUS
370
50
 62
4
100
AcDbLine
 10
49.811913
 20
9.167674
 30
0.0
 11
49.737289
 21
9.198113
 31
0.0
  0
LINE
  5
15A8
330
1F
100
AcDbEntity
  8
1
  6
CONTINUOUS
370
50
 62
4
100
AcDbLine
 10
61.858265
 20
4.105333
 30
0.0
 11
61.801498
 21
4.128295
 31
0.0
  0
LINE
  5
15A9
330
1F
100
AcDbEntity
  8
1
  6
CONTINUOUS
370
50
 62
4
100
AcDbLine
 10
40.314884
 20
7.873990999999999
 30
0.0
 11
40.121452
 21
7.952198999999999
 31
0.0
  0
LINE
  5
15AA
330
1F
100
AcDbEntity
  8
1
  6
CONTINUOUS
370
50
 62
4
100
AcDbLine
 10
64.921402
 20
-7.828734
 30
0.0
 11
64.68854499999999
 21
-7.735120999999999
 31
0.0
  0
LINE
  5
15AB
330
1F
100
AcDbEntity
  8
1
  6
CONTINUOUS
370
50
 62
4
100
AcDbLine
 10
37.261166
 20
9.178385
 30
0.0
 11
37.223866
 21
9.19337
 31
0.0
  0
LINE
  5
15AC
330
1F
100
AcDbEntity
  8
1
  6
CONTINUOUS
370
50
 62
4
100
AcDbLine
 10
65.64806399999999
 20
8.339996
 30
0.0
 11
65.54148099999999
 21
8.382767
 31
0.0
  0
LINE
  5
15AD
330
1F
100
AcDbEntity
  8
1
  6
CONTINUOUS
370
50
 62
4
100
AcDbLine
 10
66.91072799999999
 20
0.7339289999999999
 30
0.0
 11
66.88156099999999
 21
0.745628
 31
0.0
  0
LINE
  5
15AE
330
1F
100
AcDbEntity
  8
1
  6
CONTINUOUS
370
50
 62
4
100
AcDbLine
 10
38.008831
 20
-3.189072
 30
0.0
 11
37.979591
 21
-3.177385
 31
0.0
  0
LINE
  5
15AF
330
1F
100
AcDbEntity
  8
1
  6
CONTINUOUS
370
50
 62
4
100
AcDbLine
 10
55.93810999999999
 20
-7.864935
 30
0.0
 11
55.86348
 21
-7.835192999999999
 31
0.0
  0
LINE
  5
15B0
330
1F
100
AcDbEntity
  8
1
  6
CONTINUOUS
370
50
 62
4
100
AcDbLine
 10
46.973461
 20
9.190331
 30
0.0
 11
46.898834
 21
9.21979
 31
0.0
  0
LINE
  5
15B1
330
1F
100
AcDbEntity
  8
1
  6
CONTINUOUS
370
50
 62
4
100
AcDbLine
 10
43.461975
 20
-7.874584
 30
0.0
 11
43.38737099999999
 21
-7.845217
 31
0.0
  0
LINE
  5
15B2
330
1F
100
AcDbEntity
  8
1
  6
CONTINUOUS
370
50
 62
4
100
AcDbLine
 10
37.223866
 20
9.19337
 30
0.0
 11
37.186565
 21
9.208027999999999
 31
0.0
  0
LINE
  5
15B3
330
1F
100
AcDbEntity
  8
1
  6
CONTINUOUS
370
50
 62
4
100
AcDbLine
 10
58.19858199999999
 20
-4.148315
 30
0.0
 11
58.173401
 21
-4.138487
 31
0.0
  0
LINE
  5
15B4
330
1F
100
AcDbEntity
  8
1
  6
CONTINUOUS
370
50
 62
4
100
AcDbLine
 10
49.737289
 20
9.198113
 30
0.0
 11
49.662674
 21
9.227221
 31
0.0
  0
LINE
  5
15B5
330
1F
100
AcDbEntity
  8
1
  6
CONTINUOUS
370
50
 62
4
100
AcDbLine
 10
48.115879
 20
-3.670035
 30
0.0
 11
48.089813
 21
-3.659974
 31
0.0
  0
LINE
  5
15B6
330
1F
100
AcDbEntity
  8
1
  6
CONTINUOUS
370
50
 62
4
100
AcDbLine
 10
37.186565
 20
9.208027999999999
 30
0.0
 11
37.149265
 21
9.222358999999999
 31
0.0
  0
LINE
  5
15B7
330
1F
100
AcDbEntity
  8
1
  6
CONTINUOUS
370
50
 62
4
100
AcDbLine
 10
56.01273
 20
-7.893537999999999
 30
0.0
 11
55.93810999999999
 21
-7.864935
 31
0.0
  0
LINE
  5
15B8
330
1F
100
AcDbEntity
  8
1
  6
CONTINUOUS
370
50
 62
4
100
AcDbLine
 10
61.416771
 20
4.250195
 30
0.0
 11
61.391232
 21
4.259895999999999
 31
0.0
  0
LINE
  5
15B9
330
1F
100
AcDbEntity
  8
1
  6
CONTINUOUS
370
50
 62
4
100
AcDbLine
 10
65.54148099999999
 20
8.382767
 30
0.0
 11
65.435249
 21
8.423064
 31
0.0
  0
LINE
  5
15BA
330
1F
100
AcDbEntity
  8
1
  6
CONTINUOUS
370
50
 62
4
100
AcDbLine
 10
43.536572
 20
-7.902811
 30
0.0
 11
43.461975
 21
-7.874584
 31
0.0
  0
LINE
  5
15BB
330
1F
100
AcDbEntity
  8
1
  6
CONTINUOUS
370
50
 62
4
100
AcDbLine
 10
59.666439
 20
7.927213999999999
 30
0.0
 11
59.472977
 21
7.999836999999999
 31
0.0
  0
LINE
  5
15BC
330
1F
100
AcDbEntity
  8
1
  6
CONTINUOUS
370
50
 62
4
100
AcDbLine
 10
37.149265
 20
9.222358999999999
 30
0.0
 11
37.111961
 21
9.236362
 31
0.0
  0
LINE
  5
15BD
330
1F
100
AcDbEntity
  8
1
  6
CONTINUOUS
370
50
 62
4
100
AcDbLine
 10
62.390259
 20
-8.469018
 30
0.0
 11
62.250286
 21
-8.416572
 31
0.0
  0
LINE
  5
15BE
330
1F
100
AcDbEntity
  8
1
  6
CONTINUOUS
370
50
 62
4
100
AcDbLine
 10
49.662674
 20
9.227221
 30
0.0
 11
49.588062
 21
9.254992
 31
0.0
  0
LINE
  5
15BF
330
1F
100
AcDbEntity
  8
1
  6
CONTINUOUS
370
50
 62
4
100
AcDbLine
 10
49.893379
 20
7.941923
 30
0.0
 11
49.69990199999999
 21
8.013717999999999
 31
0.0
  0
LINE
  5
15C0
330
1F
100
AcDbEntity
  8
1
  6
CONTINUOUS
370
50
 62
4
100
AcDbLine
 10
61.801498
 20
4.128295
 30
0.0
 11
61.744522
 21
4.149416
 31
0.0
  0
LINE
  5
15C1
330
1F
100
AcDbEntity
  8
1
  6
CONTINUOUS
370
50
 62
4
100
AcDbLine
 10
51.899216
 20
4.578144
 30
0.0
 11
51.819138
 21
4.607651
 31
0.0
  0
LINE
  5
15C2
330
1F
100
AcDbEntity
  8
1
  6
CONTINUOUS
370
50
 62
4
100
AcDbLine
 10
63.227844
 20
-8.284198
 30
0.0
 11
62.951904
 21
-8.18259
 31
0.0
  0
LINE
  5
15C3
330
1F
100
AcDbEntity
  8
1
  6
CONTINUOUS
370
50
 62
4
100
AcDbLine
 10
56.087341
 20
-7.920998999999999
 30
0.0
 11
56.01273
 21
-7.893537999999999
 31
0.0
  0
LINE
  5
15C4
330
1F
100
AcDbEntity
  8
1
  6
CONTINUOUS
370
50
 62
4
100
AcDbLine
 10
53.323456
 20
-7.921213
 30
0.0
 11
53.248833
 21
-7.893775
 31
0.0
  0
LINE
  5
15C5
330
1F
100
AcDbEntity
  8
1
  6
CONTINUOUS
370
50
 62
4
100
AcDbLine
 10
40.121452
 20
7.952198999999999
 30
0.0
 11
39.92812
 21
8.023279
 31
0.0
  0
LINE
  5
15C6
330
1F
100
AcDbEntity
  8
1
  6
CONTINUOUS
370
50
 62
4
100
AcDbLine
 10
37.111961
 20
9.236362
 30
0.0
 11
37.07465
 21
9.250036999999999
 31
0.0
  0
LINE
  5
15C7
330
1F
100
AcDbEntity
  8
1
  6
CONTINUOUS
370
50
 62
4
100
AcDbLine
 10
43.611164
 20
-7.929894
 30
0.0
 11
43.536572
 21
-7.902811
 31
0.0
  0
LINE
  5
15C8
330
1F
100
AcDbEntity
  8
1
  6
CONTINUOUS
370
50
 62
4
100
AcDbLine
 10
61.442436
 20
4.24093
 30
0.0
 11
61.416771
 21
4.250195
 31
0.0
  0
LINE
  5
15C9
330
1F
100
AcDbEntity
  8
1
  6
CONTINUOUS
370
50
 62
4
100
AcDbLine
 10
37.07465
 20
9.250036999999999
 30
0.0
 11
37.037331
 21
9.263385999999999
 31
0.0
  0
LINE
  5
15CA
330
1F
100
AcDbEntity
  8
1
  6
CONTINUOUS
370
50
 62
4
100
AcDbLine
 10
65.435249
 20
8.423064
 30
0.0
 11
65.329346
 21
8.460877
 31
0.0
  0
LINE
  5
15CB
330
1F
100
AcDbEntity
  8
1
  6
CONTINUOUS
370
50
 62
4
100
AcDbLine
 10
35.66988
 20
-6.977233
 30
0.0
 11
35.657646
 21
-6.972899
 31
0.0
  0
LINE
  5
15CC
330
1F
100
AcDbEntity
  8
1
  6
CONTINUOUS
370
50
 62
4
100
AcDbLine
 10
49.588062
 20
9.254992
 30
0.0
 11
49.513447
 21
9.281424999999999
 31
0.0
  0
LINE
  5
15CD
330
1F
100
AcDbEntity
  8
1
  6
CONTINUOUS
370
50
 62
4
100
AcDbLine
 10
66.896164
 20
0.740165
 30
0.0
 11
66.870781
 21
0.749146
 31
0.0
  0
LINE
  5
15CE
330
1F
100
AcDbEntity
  8
1
  6
CONTINUOUS
370
50
 62
4
100
AcDbLine
 10
66.471169
 20
7.919896
 30
0.0
 11
66.396568
 21
7.946269999999999
 31
0.0
  0
LINE
  5
15CF
330
1F
100
AcDbEntity
  8
1
  6
CONTINUOUS
370
50
 62
4
100
AcDbLine
 10
56.161949
 20
-7.947312999999999
 30
0.0
 11
56.087341
 21
-7.920998999999999
 31
0.0
  0
LINE
  5
15D0
330
1F
100
AcDbEntity
  8
1
  6
CONTINUOUS
370
50
 62
4
100
AcDbLine
 10
53.398083
 20
-7.947502999999999
 30
0.0
 11
53.323456
 21
-7.921213
 31
0.0
  0
LINE
  5
15D1
330
1F
100
AcDbEntity
  8
1
  6
CONTINUOUS
370
50
 62
4
100
AcDbLine
 10
37.037331
 20
9.263385999999999
 30
0.0
 11
37.0
 21
9.276405
 31
0.0
  0
LINE
  5
15D2
330
1F
100
AcDbEntity
  8
1
  6
CONTINUOUS
370
50
 62
4
100
AcDbLine
 10
65.155197
 20
-7.909810999999999
 30
0.0
 11
64.921402
 21
-7.828734
 31
0.0
  0
LINE
  5
15D3
330
1F
100
AcDbEntity
  8
1
  6
CONTINUOUS
370
50
 62
4
100
AcDbLine
 10
39.801167
 20
9.272855
 30
0.0
 11
39.726543
 21
9.298435999999999
 31
0.0
  0
LINE
  5
15D4
330
1F
100
AcDbEntity
  8
1
  6
CONTINUOUS
370
50
 62
4
100
AcDbLine
 10
61.468216
 20
4.232118
 30
0.0
 11
61.442436
 21
4.24093
 31
0.0
  0
LINE
  5
15D5
330
1F
100
AcDbEntity
  8
1
  6
CONTINUOUS
370
50
 62
4
100
AcDbLine
 10
58.224064
 20
-4.156997
 30
0.0
 11
58.19858199999999
 21
-4.148315
 31
0.0
  0
LINE
  5
15D6
330
1F
100
AcDbEntity
  8
1
  6
CONTINUOUS
370
50
 62
4
100
AcDbLine
 10
62.530556
 20
-8.516653999999999
 30
0.0
 11
62.390259
 21
-8.469018
 31
0.0
  0
LINE
  5
15D7
330
1F
100
AcDbEntity
  8
1
  6
CONTINUOUS
370
50
 62
4
100
AcDbLine
 10
66.396568
 20
7.946269999999999
 30
0.0
 11
66.321968
 21
7.971486
 31
0.0
  0
LINE
  5
15D8
330
1F
100
AcDbEntity
  8
1
  6
CONTINUOUS
370
50
 62
4
100
AcDbLine
 10
56.236557
 20
-7.972479
 30
0.0
 11
56.161949
 21
-7.947312999999999
 31
0.0
  0
LINE
  5
15D9
330
1F
100
AcDbEntity
  8
1
  6
CONTINUOUS
370
50
 62
4
100
AcDbLine
 10
61.744522
 20
4.149416
 30
0.0
 11
61.687321
 21
4.168691
 31
0.0
  0
LINE
  5
15DA
330
1F
100
AcDbEntity
  8
1
  6
CONTINUOUS
370
50
 62
4
100
AcDbLine
 10
53.47271
 20
-7.972643
 30
0.0
 11
53.398083
 21
-7.947502999999999
 31
0.0
  0
LINE
  5
15DB
330
1F
100
AcDbEntity
  8
1
  6
CONTINUOUS
370
50
 62
4
100
AcDbLine
 10
39.92812
 20
8.023279
 30
0.0
 11
39.735027
 21
8.088294
 31
0.0
  0
LINE
  5
15DC
330
1F
100
AcDbEntity
  8
1
  6
CONTINUOUS
370
50
 62
4
100
AcDbLine
 10
59.472977
 20
7.999836999999999
 30
0.0
 11
59.279514
 21
8.064926
 31
0.0
  0
LINE
  5
15DD
330
1F
100
AcDbEntity
  8
1
  6
CONTINUOUS
370
50
 62
4
100
AcDbLine
 10
49.513447
 20
9.281424999999999
 30
0.0
 11
49.438835
 21
9.306516
 31
0.0
  0
LINE
  5
15DE
330
1F
100
AcDbEntity
  8
1
  6
CONTINUOUS
370
50
 62
4
100
AcDbLine
 10
65.329346
 20
8.460877
 30
0.0
 11
65.223755
 21
8.496191999999999
 31
0.0
  0
LINE
  5
15DF
330
1F
100
AcDbEntity
  8
1
  6
CONTINUOUS
370
50
 62
4
100
AcDbLine
 10
48.14221999999999
 20
-3.678827
 30
0.0
 11
48.115879
 21
-3.670035
 31
0.0
  0
LINE
  5
15E0
330
1F
100
AcDbEntity
  8
1
  6
CONTINUOUS
370
50
 62
4
100
AcDbLine
 10
49.69990199999999
 20
8.013717999999999
 30
0.0
 11
49.50642
 21
8.077451
 31
0.0
  0
LINE
  5
15E1
330
1F
100
AcDbEntity
  8
1
  6
CONTINUOUS
370
50
 62
4
100
AcDbLine
 10
66.023483
 20
-7.988719
 30
0.0
 11
65.948837
 21
-7.964343
 31
0.0
  0
LINE
  5
15E2
330
1F
100
AcDbEntity
  8
1
  6
CONTINUOUS
370
50
 62
4
100
AcDbLine
 10
39.726543
 20
9.298435999999999
 30
0.0
 11
39.651951
 21
9.322661
 31
0.0
  0
LINE
  5
15E3
330
1F
100
AcDbEntity
  8
1
  6
CONTINUOUS
370
50
 62
4
100
AcDbLine
 10
54.518837
 20
4.870152
 30
0.0
 11
54.420101
 21
4.902165
 31
0.0
  0
LINE
  5
15E4
330
1F
100
AcDbEntity
  8
1
  6
CONTINUOUS
370
50
 62
4
100
AcDbLine
 10
61.49409499999999
 20
4.223771999999999
 30
0.0
 11
61.468216
 21
4.232118
 31
0.0
  0
LINE
  5
15E5
330
1F
100
AcDbEntity
  8
1
  6
CONTINUOUS
370
50
 62
4
100
AcDbLine
 10
66.321968
 20
7.971486
 30
0.0
 11
66.24736
 21
7.995544
 31
0.0
  0
LINE
  5
15E6
330
1F
100
AcDbEntity
  8
1
  6
CONTINUOUS
370
50
 62
4
100
AcDbLine
 10
56.311165
 20
-7.996493
 30
0.0
 11
56.236557
 21
-7.972479
 31
0.0
  0
LINE
  5
15E7
330
1F
100
AcDbEntity
  8
1
  6
CONTINUOUS
370
50
 62
4
100
AcDbLine
 10
53.54733299999999
 20
-7.99663
 30
0.0
 11
53.47271
 21
-7.972643
 31
0.0
  0
LINE
  5
15E8
330
1F
100
AcDbEntity
  8
1
  6
CONTINUOUS
370
50
 62
4
100
AcDbLine
 10
51.819138
 20
4.607651
 30
0.0
 11
51.738613
 21
4.633505
 31
0.0
  0
LINE
  5
15E9
330
1F
100
AcDbEntity
  8
1
  6
CONTINUOUS
370
50
 62
4
100
AcDbLine
 10
37.037468
 20
-9.307493
 30
0.0
 11
37.0
 21
-9.295542
 31
0.0
  0
LINE
  5
15EA
330
1F
100
AcDbEntity
  8
1
  6
CONTINUOUS
370
50
 62
4
100
AcDbLine
 10
65.223755
 20
8.496191999999999
 30
0.0
 11
65.118462
 21
8.528993999999999
 31
0.0
  0
LINE
  5
15EB
330
1F
100
AcDbEntity
  8
1
  6
CONTINUOUS
370
50
 62
4
100
AcDbLine
 10
37.074883
 20
-9.319134
 30
0.0
 11
37.037468
 21
-9.307493
 31
0.0
  0
LINE
  5
15EC
330
1F
100
AcDbEntity
  8
1
  6
CONTINUOUS
370
50
 62
4
100
AcDbLine
 10
66.098114
 20
-8.011937999999999
 30
0.0
 11
66.023483
 21
-7.988719
 31
0.0
  0
LINE
  5
15ED
330
1F
100
AcDbEntity
  8
1
  6
CONTINUOUS
370
50
 62
4
100
AcDbLine
 10
66.24736
 20
7.995544
 30
0.0
 11
66.172752
 21
8.018442
 31
0.0
  0
LINE
  5
15EE
330
1F
100
AcDbEntity
  8
1
  6
CONTINUOUS
370
50
 62
4
100
AcDbLine
 10
39.651951
 20
9.322661
 30
0.0
 11
39.577366
 21
9.345528999999999
 31
0.0
  0
LINE
  5
15EF
330
1F
100
AcDbEntity
  8
1
  6
CONTINUOUS
370
50
 62
4
100
AcDbLine
 10
39.735027
 20
8.088294
 30
0.0
 11
39.542122
 21
8.147418
 31
0.0
  0
LINE
  5
15F0
330
1F
100
AcDbEntity
  8
1
  6
CONTINUOUS
370
50
 62
4
100
AcDbLine
 10
53.621952
 20
-8.019461
 30
0.0
 11
53.54733299999999
 21
-7.99663
 31
0.0
  0
LINE
  5
15F1
330
1F
100
AcDbEntity
  8
1
  6
CONTINUOUS
370
50
 62
4
100
AcDbLine
 10
62.67115
 20
-8.559441
 30
0.0
 11
62.530556
 21
-8.516653999999999
 31
0.0
  0
LINE
  5
15F2
330
1F
100
AcDbEntity
  8
1
  6
CONTINUOUS
370
50
 62
4
100
AcDbLine
 10
61.687321
 20
4.168691
 30
0.0
 11
61.62987099999999
 21
4.186113
 31
0.0
  0
LINE
  5
15F3
330
1F
100
AcDbEntity
  8
1
  6
CONTINUOUS
370
50
 62
4
100
AcDbLine
 10
37.112244
 20
-9.330463
 30
0.0
 11
37.074883
 21
-9.319134
 31
0.0
  0
LINE
  5
15F4
330
1F
100
AcDbEntity
  8
1
  6
CONTINUOUS
370
50
 62
4
100
AcDbLine
 10
61.52005399999999
 20
4.215907
 30
0.0
 11
61.49409499999999
 21
4.223771999999999
 31
0.0
  0
LINE
  5
15F5
330
1F
100
AcDbEntity
  8
1
  6
CONTINUOUS
370
50
 62
4
100
AcDbLine
 10
44.067616
 20
-8.378161
 30
0.0
 11
43.791485
 21
-8.295207
 31
0.0
  0
LINE
  5
15F6
330
1F
100
AcDbEntity
  8
1
  6
CONTINUOUS
370
50
 62
4
100
AcDbLine
 10
59.279514
 20
8.064926
 30
0.0
 11
59.086052
 21
8.122380999999999
 31
0.0
  0
LINE
  5
15F7
330
1F
100
AcDbEntity
  8
1
  6
CONTINUOUS
370
50
 62
4
100
AcDbLine
 10
66.172737
 20
-8.033998
 30
0.0
 11
66.098114
 21
-8.011937999999999
 31
0.0
  0
LINE
  5
15F8
330
1F
100
AcDbEntity
  8
1
  6
CONTINUOUS
370
50
 62
4
100
AcDbLine
 10
37.149551
 20
-9.341483
 30
0.0
 11
37.112244
 21
-9.330463
 31
0.0
  0
LINE
  5
15F9
330
1F
100
AcDbEntity
  8
1
  6
CONTINUOUS
370
50
 62
4
100
AcDbLine
 10
65.118462
 20
8.528993999999999
 30
0.0
 11
65.06043199999999
 21
8.546027
 31
0.0
  0
LINE
  5
15FA
330
1F
100
AcDbEntity
  8
1
  6
CONTINUOUS
370
50
 62
4
100
AcDbLine
 10
66.88156099999999
 20
0.745628
 30
0.0
 11
66.852745
 21
0.754046
 31
0.0
  0
LINE
  5
15FB
330
1F
100
AcDbEntity
  8
1
  6
CONTINUOUS
370
50
 62
4
100
AcDbLine
 10
65.3899
 20
-7.978177
 30
0.0
 11
65.155197
 21
-7.909810999999999
 31
0.0
  0
LINE
  5
15FC
330
1F
100
AcDbEntity
  8
1
  6
CONTINUOUS
370
50
 62
4
100
AcDbLine
 10
66.172752
 20
8.018442
 30
0.0
 11
66.098129
 21
8.040175999999999
 31
0.0
  0
LINE
  5
15FD
330
1F
100
AcDbEntity
  8
1
  6
CONTINUOUS
370
50
 62
4
100
AcDbLine
 10
58.24983599999999
 20
-4.164493
 30
0.0
 11
58.224064
 21
-4.156997
 31
0.0
  0
LINE
  5
15FE
330
1F
100
AcDbEntity
  8
1
  6
CONTINUOUS
370
50
 62
4
100
AcDbLine
 10
53.696564
 20
-8.041132
 30
0.0
 11
53.621952
 21
-8.019461
 31
0.0
  0
LINE
  5
15FF
330
1F
100
AcDbEntity
  8
1
  6
CONTINUOUS
370
50
 62
4
100
AcDbLine
 10
46.973461
 20
-9.365708
 30
0.0
 11
46.898834
 21
-9.344140999999999
 31
0.0
  0
LINE
  5
1600
330
1F
100
AcDbEntity
  8
1
  6
CONTINUOUS
370
50
 62
4
100
AcDbLine
 10
39.577366
 20
9.345528999999999
 30
0.0
 11
39.50277699999999
 21
9.367035999999999
 31
0.0
  0
LINE
  5
1601
330
1F
100
AcDbEntity
  8
1
  6
CONTINUOUS
370
50
 62
4
100
AcDbLine
 10
37.18681
 20
-9.352191999999999
 30
0.0
 11
37.149551
 21
-9.341483
 31
0.0
  0
LINE
  5
1602
330
1F
100
AcDbEntity
  8
1
  6
CONTINUOUS
370
50
 62
4
100
AcDbLine
 10
49.50642
 20
8.077451
 30
0.0
 11
49.312943
 21
8.132971
 31
0.0
  0
LINE
  5
1603
330
1F
100
AcDbEntity
  8
1
  6
CONTINUOUS
370
50
 62
4
100
AcDbLine
 10
61.54607799999999
 20
4.208537
 30
0.0
 11
61.52005399999999
 21
4.215907
 31
0.0
  0
LINE
  5
1604
330
1F
100
AcDbEntity
  8
1
  6
CONTINUOUS
370
50
 62
4
100
AcDbLine
 10
48.168827
 20
-3.686307
 30
0.0
 11
48.14221999999999
 21
-3.678827
 31
0.0
  0
LINE
  5
1605
330
1F
100
AcDbEntity
  8
1
  6
CONTINUOUS
370
50
 62
4
100
AcDbLine
 10
65.06043199999999
 20
8.546027
 30
0.0
 11
65.002464
 21
8.562289
 31
0.0
  0
LINE
  5
1606
330
1F
100
AcDbEntity
  8
1
  6
CONTINUOUS
370
50
 62
4
100
AcDbLine
 10
66.247353
 20
-8.054895
 30
0.0
 11
66.172737
 21
-8.033998
 31
0.0
  0
LINE
  5
1607
330
1F
100
AcDbEntity
  8
1
  6
CONTINUOUS
370
50
 62
4
100
AcDbLine
 10
63.483437
 20
-8.055109
 30
0.0
 11
63.40883299999999
 21
-8.034222
 31
0.0
  0
LINE
  5
1608
330
1F
100
AcDbEntity
  8
1
  6
CONTINUOUS
370
50
 62
4
100
AcDbLine
 10
37.224014
 20
-9.362589
 30
0.0
 11
37.18681
 21
-9.352191999999999
 31
0.0
  0
LINE
  5
1609
330
1F
100
AcDbEntity
  8
1
  6
CONTINUOUS
370
50
 62
4
100
AcDbLine
 10
66.098129
 20
8.040175999999999
 30
0.0
 11
66.02349099999999
 21
8.060746
 31
0.0
  0
LINE
  5
160A
330
1F
100
AcDbEntity
  8
1
  6
CONTINUOUS
370
50
 62
4
100
AcDbLine
 10
53.771164
 20
-8.061643
 30
0.0
 11
53.696564
 21
-8.041132
 31
0.0
  0
LINE
  5
160B
330
1F
100
AcDbEntity
  8
1
  6
CONTINUOUS
370
50
 62
4
100
AcDbLine
 10
51.738613
 20
4.633505
 30
0.0
 11
51.657635
 21
4.655657
 31
0.0
  0
LINE
  5
160C
330
1F
100
AcDbEntity
  8
1
  6
CONTINUOUS
370
50
 62
4
100
AcDbLine
 10
37.261166
 20
-9.372676
 30
0.0
 11
37.224014
 21
-9.362589
 31
0.0
  0
LINE
  5
160D
330
1F
100
AcDbEntity
  8
1
  6
CONTINUOUS
370
50
 62
4
100
AcDbLine
 10
47.048077
 20
-9.385916
 30
0.0
 11
46.973461
 21
-9.365708
 31
0.0
  0
LINE
  5
160E
330
1F
100
AcDbEntity
  8
1
  6
CONTINUOUS
370
50
 62
4
100
AcDbLine
 10
39.50277699999999
 20
9.367035999999999
 30
0.0
 11
39.428173
 21
9.387182
 31
0.0
  0
LINE
  5
160F
330
1F
100
AcDbEntity
  8
1
  6
CONTINUOUS
370
50
 62
4
100
AcDbLine
 10
61.62987099999999
 20
4.186113
 30
0.0
 11
61.572151
 21
4.201677
 31
0.0
  0
LINE
  5
1610
330
1F
100
AcDbEntity
  8
1
  6
CONTINUOUS
370
50
 62
4
100
AcDbLine
 10
62.812057
 20
-8.597353
 30
0.0
 11
62.67115
 21
-8.559441
 31
0.0
  0
LINE
  5
1611
330
1F
100
AcDbEntity
  8
1
  6
CONTINUOUS
370
50
 62
4
100
AcDbLine
 10
65.002464
 20
8.562289
 30
0.0
 11
64.944572
 21
8.577779
 31
0.0
  0
LINE
  5
1612
330
1F
100
AcDbEntity
  8
1
  6
CONTINUOUS
370
50
 62
4
100
AcDbLine
 10
39.542122
 20
8.147418
 30
0.0
 11
39.349075
 21
8.198853
 31
0.0
  0
LINE
  5
1613
330
1F
100
AcDbEntity
  8
1
  6
CONTINUOUS
370
50
 62
4
100
AcDbLine
 10
54.420101
 20
4.902165
 30
0.0
 11
54.320702
 21
4.928618999999999
 31
0.0
  0
LINE
  5
1614
330
1F
100
AcDbEntity
  8
1
  6
CONTINUOUS
370
50
 62
4
100
AcDbLine
 10
56.311165
 20
8.054011
 30
0.0
 11
56.236549
 21
8.073815
 31
0.0
  0
LINE
  5
1615
330
1F
100
AcDbEntity
  8
1
  6
CONTINUOUS
370
50
 62
4
100
AcDbLine
 10
41.819004
 20
5.105071
 30
0.0
 11
41.739292
 21
5.126173
 31
0.0
  0
LINE
  5
1616
330
1F
100
AcDbEntity
  8
1
  6
CONTINUOUS
370
50
 62
4
100
AcDbLine
 10
66.32195999999999
 20
-8.074627999999999
 30
0.0
 11
66.247353
 21
-8.054895
 31
0.0
  0
LINE
  5
1617
330
1F
100
AcDbEntity
  8
1
  6
CONTINUOUS
370
50
 62
4
100
AcDbLine
 10
63.558044
 20
-8.074828
 30
0.0
 11
63.483437
 21
-8.055109
 31
0.0
  0
LINE
  5
1618
330
1F
100
AcDbEntity
  8
1
  6
CONTINUOUS
370
50
 62
4
100
AcDbLine
 10
61.572151
 20
4.201677
 30
0.0
 11
61.54607799999999
 21
4.208537
 31
0.0
  0
LINE
  5
1619
330
1F
100
AcDbEntity
  8
1
  6
CONTINUOUS
370
50
 62
4
100
AcDbLine
 10
66.02349099999999
 20
8.060746
 30
0.0
 11
65.948837
 21
8.080148
 31
0.0
  0
LINE
  5
161A
330
1F
100
AcDbEntity
  8
1
  6
CONTINUOUS
370
50
 62
4
100
AcDbLine
 10
35.685642
 20
-6.981316
 30
0.0
 11
35.66988
 21
-6.977233
 31
0.0
  0
LINE
  5
161B
330
1F
100
AcDbEntity
  8
1
  6
CONTINUOUS
370
50
 62
4
100
AcDbLine
 10
66.870781
 20
0.749146
 30
0.0
 11
66.84568
 21
0.75562
 31
0.0
  0
LINE
  5
161C
330
1F
100
AcDbEntity
  8
1
  6
CONTINUOUS
370
50
 62
4
100
AcDbLine
 10
59.086052
 20
8.122380999999999
 30
0.0
 11
58.89258599999999
 21
8.172104
 31
0.0
  0
LINE
  5
161D
330
1F
100
AcDbEntity
  8
1
  6
CONTINUOUS
370
50
 62
4
100
AcDbLine
 10
64.944572
 20
8.577779
 30
0.0
 11
64.886734
 21
8.592497
 31
0.0
  0
LINE
  5
161E
330
1F
100
AcDbEntity
  8
1
  6
CONTINUOUS
370
50
 62
4
100
AcDbLine
 10
47.122688
 20
-9.404760999999999
 30
0.0
 11
47.048077
 21
-9.385916
 31
0.0
  0
LINE
  5
161F
330
1F
100
AcDbEntity
  8
1
  6
CONTINUOUS
370
50
 62
4
100
AcDbLine
 10
39.428173
 20
9.387182
 30
0.0
 11
39.353527
 21
9.405963999999999
 31
0.0
  0
LINE
  5
1620
330
1F
100
AcDbEntity
  8
1
  6
CONTINUOUS
370
50
 62
4
100
AcDbLine
 10
56.236549
 20
8.073815
 30
0.0
 11
56.161942
 21
8.092445999999999
 31
0.0
  0
LINE
  5
1621
330
1F
100
AcDbEntity
  8
1
  6
CONTINUOUS
370
50
 62
4
100
AcDbLine
 10
66.39656099999999
 20
-8.093195
 30
0.0
 11
66.32195999999999
 21
-8.074627999999999
 31
0.0
  0
LINE
  5
1622
330
1F
100
AcDbEntity
  8
1
  6
CONTINUOUS
370
50
 62
4
100
AcDbLine
 10
63.63265999999999
 20
-8.093378
 30
0.0
 11
63.558044
 21
-8.074828
 31
0.0
  0
LINE
  5
1623
330
1F
100
AcDbEntity
  8
1
  6
CONTINUOUS
370
50
 62
4
100
AcDbLine
 10
49.312943
 20
8.132971
 30
0.0
 11
49.119465
 21
8.180598999999999
 31
0.0
  0
LINE
  5
1624
330
1F
100
AcDbEntity
  8
1
  6
CONTINUOUS
370
50
 62
4
100
AcDbLine
 10
42.440098
 20
-5.715106
 30
0.0
 11
42.341164
 21
-5.690987
 31
0.0
  0
LINE
  5
1625
330
1F
100
AcDbEntity
  8
1
  6
CONTINUOUS
370
50
 62
4
100
AcDbLine
 10
64.886734
 20
8.592497
 30
0.0
 11
64.828964
 21
8.606442
 31
0.0
  0
LINE
  5
1626
330
1F
100
AcDbEntity
  8
1
  6
CONTINUOUS
370
50
 62
4
100
AcDbLine
 10
44.343754
 20
-8.444652
 30
0.0
 11
44.067616
 21
-8.378161
 31
0.0
  0
LINE
  5
1627
330
1F
100
AcDbEntity
  8
1
  6
CONTINUOUS
370
50
 62
4
100
AcDbLine
 10
58.27589399999999
 20
-4.170762
 30
0.0
 11
58.24983599999999
 21
-4.164493
 31
0.0
  0
LINE
  5
1628
330
1F
100
AcDbEntity
  8
1
  6
CONTINUOUS
370
50
 62
4
100
AcDbLine
 10
65.625587
 20
-8.03371
 30
0.0
 11
65.3899
 21
-7.978177
 31
0.0
  0
LINE
  5
1629
330
1F
100
AcDbEntity
  8
1
  6
CONTINUOUS
370
50
 62
4
100
AcDbLine
 10
47.19729599999999
 20
-9.422243
 30
0.0
 11
47.122688
 21
-9.404760999999999
 31
0.0
  0
LINE
  5
162A
330
1F
100
AcDbEntity
  8
1
  6
CONTINUOUS
370
50
 62
4
100
AcDbLine
 10
56.161942
 20
8.092445999999999
 30
0.0
 11
56.087337
 21
8.109900999999999
 31
0.0
  0
LINE
  5
162B
330
1F
100
AcDbEntity
  8
1
  6
CONTINUOUS
370
50
 62
4
100
AcDbLine
 10
62.953304
 20
-8.630372999999999
 30
0.0
 11
62.812057
 21
-8.597353
 31
0.0
  0
LINE
  5
162C
330
1F
100
AcDbEntity
  8
1
  6
CONTINUOUS
370
50
 62
4
100
AcDbLine
 10
66.471169
 20
-8.110592
 30
0.0
 11
66.39656099999999
 21
-8.093195
 31
0.0
  0
LINE
  5
162D
330
1F
100
AcDbEntity
  8
1
  6
CONTINUOUS
370
50
 62
4
100
AcDbLine
 10
39.353527
 20
9.405963999999999
 30
0.0
 11
39.278835
 21
9.42338
 31
0.0
  0
LINE
  5
162E
330
1F
100
AcDbEntity
  8
1
  6
CONTINUOUS
370
50
 62
4
100
AcDbLine
 10
63.70728699999999
 20
-8.110756
 30
0.0
 11
63.63265999999999
 21
-8.093378
 31
0.0
  0
LINE
  5
162F
330
1F
100
AcDbEntity
  8
1
  6
CONTINUOUS
370
50
 62
4
100
AcDbLine
 10
44.433456
 20
-9.426580999999999
 30
0.0
 11
44.358833
 21
-9.409459
 31
0.0
  0
LINE
  5
1630
330
1F
100
AcDbEntity
  8
1
  6
CONTINUOUS
370
50
 62
4
100
AcDbLine
 10
64.828964
 20
8.606442
 30
0.0
 11
64.771248
 21
8.619615
 31
0.0
  0
LINE
  5
1631
330
1F
100
AcDbEntity
  8
1
  6
CONTINUOUS
370
50
 62
4
100
AcDbLine
 10
64.225372
 20
4.468414
 30
0.0
 11
64.189621
 21
4.476528
 31
0.0
  0
LINE
  5
1632
330
1F
100
AcDbEntity
  8
1
  6
CONTINUOUS
370
50
 62
4
100
AcDbLine
 10
51.657635
 20
4.655657
 30
0.0
 11
51.57620199999999
 21
4.67406
 31
0.0
  0
LINE
  5
1633
330
1F
100
AcDbEntity
  8
1
  6
CONTINUOUS
370
50
 62
4
100
AcDbLine
 10
51.256721
 20
4.724595
 30
0.0
 11
51.231236
 21
4.730334
 31
0.0
  0
LINE
  5
1634
330
1F
100
AcDbEntity
  8
1
  6
CONTINUOUS
370
50
 62
4
100
AcDbLine
 10
64.763176
 20
8.621395999999999
 30
0.0
 11
64.225357
 21
8.739549
 31
0.0
  0
LINE
  5
1635
330
1F
100
AcDbEntity
  8
1
  6
CONTINUOUS
370
50
 62
4
100
AcDbLine
 10
62.953304
 20
9.018998
 30
0.0
 11
61.971252
 21
9.23474
 31
0.0
  0
LINE
  5
1636
330
1F
100
AcDbEntity
  8
1
  6
CONTINUOUS
370
50
 62
4
100
AcDbLine
 10
58.851166
 20
8.109937
 30
0.0
 11
58.776543
 21
8.12622
 31
0.0
  0
LINE
  5
1637
330
1F
100
AcDbEntity
  8
1
  6
CONTINUOUS
370
50
 62
4
100
AcDbLine
 10
56.087337
 20
8.109900999999999
 30
0.0
 11
56.012726
 21
8.126180999999999
 31
0.0
  0
LINE
  5
1638
330
1F
100
AcDbEntity
  8
1
  6
CONTINUOUS
370
50
 62
4
100
AcDbLine
 10
41.739292
 20
5.126173
 30
0.0
 11
41.659153
 21
5.143655
 31
0.0
  0
LINE
  5
1639
330
1F
100
AcDbEntity
  8
1
  6
CONTINUOUS
370
50
 62
4
100
AcDbLine
 10
54.127419
 20
-8.453386
 30
0.0
 11
53.951511
 21
-8.415065
 31
0.0
  0
LINE
  5
163A
330
1F
100
AcDbEntity
  8
1
  6
CONTINUOUS
370
50
 62
4
100
AcDbLine
 10
63.781918
 20
-8.126961
 30
0.0
 11
63.70728699999999
 21
-8.110756
 31
0.0
  0
LINE
  5
163B
330
1F
100
AcDbEntity
  8
1
  6
CONTINUOUS
370
50
 62
4
100
AcDbLine
 10
39.349075
 20
8.198853
 30
0.0
 11
39.155651
 21
8.240687
 31
0.0
  0
LINE
  5
163C
330
1F
100
AcDbEntity
  8
1
  6
CONTINUOUS
370
50
 62
4
100
AcDbLine
 10
47.271908
 20
-9.438359
 30
0.0
 11
47.19729599999999
 21
-9.422243
 31
0.0
  0
LINE
  5
163D
330
1F
100
AcDbEntity
  8
1
  6
CONTINUOUS
370
50
 62
4
100
AcDbLine
 10
44.508072
 20
-9.442336
 30
0.0
 11
44.433456
 21
-9.426580999999999
 31
0.0
  0
LINE
  5
163E
330
1F
100
AcDbEntity
  8
1
  6
CONTINUOUS
370
50
 62
4
100
AcDbLine
 10
54.320702
 20
4.928618999999999
 30
0.0
 11
54.220619
 21
4.949441999999999
 31
0.0
  0
LINE
  5
163F
330
1F
100
AcDbEntity
  8
1
  6
CONTINUOUS
370
50
 62
4
100
AcDbLine
 10
51.282345
 20
4.719275
 30
0.0
 11
51.256721
 21
4.724595
 31
0.0
  0
LINE
  5
1640
330
1F
100
AcDbEntity
  8
1
  6
CONTINUOUS
370
50
 62
4
100
AcDbLine
 10
49.119465
 20
8.180598999999999
 30
0.0
 11
48.925983
 21
8.220504
 31
0.0
  0
LINE
  5
1641
330
1F
100
AcDbEntity
  8
1
  6
CONTINUOUS
370
50
 62
4
100
AcDbLine
 10
64.189621
 20
4.476528
 30
0.0
 11
64.15377
 21
4.483918
 31
0.0
  0
LINE
  5
1642
330
1F
100
AcDbEntity
  8
1
  6
CONTINUOUS
370
50
 62
4
100
AcDbLine
 10
58.776543
 20
8.12622
 30
0.0
 11
58.70193099999999
 21
8.141321
 31
0.0
  0
LINE
  5
1643
330
1F
100
AcDbEntity
  8
1
  6
CONTINUOUS
370
50
 62
4
100
AcDbLine
 10
56.012726
 20
8.126180999999999
 30
0.0
 11
55.93810999999999
 21
8.141281
 31
0.0
  0
LINE
  5
1644
330
1F
100
AcDbEntity
  8
1
  6
CONTINUOUS
370
50
 62
4
100
AcDbLine
 10
63.856544
 20
-8.141990999999999
 30
0.0
 11
63.781918
 21
-8.126961
 31
0.0
  0
LINE
  5
1645
330
1F
100
AcDbEntity
  8
1
  6
CONTINUOUS
370
50
 62
4
100
AcDbLine
 10
47.346531
 20
-9.453109
 30
0.0
 11
47.271908
 21
-9.438359
 31
0.0
  0
LINE
  5
1646
330
1F
100
AcDbEntity
  8
1
  6
CONTINUOUS
370
50
 62
4
100
AcDbLine
 10
35.704876
 20
-6.98509
 30
0.0
 11
35.685642
 21
-6.981316
 31
0.0
  0
LINE
  5
1647
330
1F
100
AcDbEntity
  8
1
  6
CONTINUOUS
370
50
 62
4
100
AcDbLine
 10
44.582687
 20
-9.456722
 30
0.0
 11
44.508072
 21
-9.442336
 31
0.0
  0
LINE
  5
1648
330
1F
100
AcDbEntity
  8
1
  6
CONTINUOUS
370
50
 62
4
100
AcDbLine
 10
58.30222699999999
 20
-4.175763
 30
0.0
 11
58.27589399999999
 21
-4.170762
 31
0.0
  0
LINE
  5
1649
330
1F
100
AcDbEntity
  8
1
  6
CONTINUOUS
370
50
 62
4
100
AcDbLine
 10
51.308086
 20
4.714389
 30
0.0
 11
51.282345
 21
4.719275
 31
0.0
  0
LINE
  5
164A
330
1F
100
AcDbEntity
  8
1
  6
CONTINUOUS
370
50
 62
4
100
AcDbLine
 10
58.70193099999999
 20
8.141321
 30
0.0
 11
58.627319
 21
8.155242
 31
0.0
  0
LINE
  5
164B
330
1F
100
AcDbEntity
  8
1
  6
CONTINUOUS
370
50
 62
4
100
AcDbLine
 10
55.93810999999999
 20
8.141281
 30
0.0
 11
55.86348
 21
8.155201
 31
0.0
  0
LINE
  5
164C
330
1F
100
AcDbEntity
  8
1
  6
CONTINUOUS
370
50
 62
4
100
AcDbLine
 10
63.931168
 20
-8.155842999999999
 30
0.0
 11
63.856544
 21
-8.141990999999999
 31
0.0
  0
LINE
  5
164D
330
1F
100
AcDbEntity
  8
1
  6
CONTINUOUS
370
50
 62
4
100
AcDbLine
 10
64.15377
 20
4.483918
 30
0.0
 11
64.11784399999999
 21
4.490578999999999
 31
0.0
  0
LINE
  5
164E
330
1F
100
AcDbEntity
  8
1
  6
CONTINUOUS
370
50
 62
4
100
AcDbLine
 10
57.13346499999999
 20
-9.462204
 30
0.0
 11
57.058834
 21
-9.448369
 31
0.0
  0
LINE
  5
164F
330
1F
100
AcDbEntity
  8
1
  6
CONTINUOUS
370
50
 62
4
100
AcDbLine
 10
42.53964999999999
 20
-5.733334999999999
 30
0.0
 11
42.440098
 21
-5.715106
 31
0.0
  0
LINE
  5
1650
330
1F
100
AcDbEntity
  8
1
  6
CONTINUOUS
370
50
 62
4
100
AcDbLine
 10
66.852745
 20
0.754046
 30
0.0
 11
66.824303
 21
0.759189
 31
0.0
  0
LINE
  5
1651
330
1F
100
AcDbEntity
  8
1
  6
CONTINUOUS
370
50
 62
4
100
AcDbLine
 10
65.862267
 20
-8.076295
 30
0.0
 11
65.625587
 21
-8.03371
 31
0.0
  0
LINE
  5
1652
330
1F
100
AcDbEntity
  8
1
  6
CONTINUOUS
370
50
 62
4
100
AcDbLine
 10
44.6199
 20
-8.494335
 30
0.0
 11
44.343754
 21
-8.444652
 31
0.0
  0
LINE
  5
1653
330
1F
100
AcDbEntity
  8
1
  6
CONTINUOUS
370
50
 62
4
100
AcDbLine
 10
54.303329
 20
-8.485033
 30
0.0
 11
54.127419
 21
-8.453386
 31
0.0
  0
LINE
  5
1654
330
1F
100
AcDbEntity
  8
1
  6
CONTINUOUS
370
50
 62
4
100
AcDbLine
 10
47.42116499999999
 20
-9.466488
 30
0.0
 11
47.346531
 21
-9.453109
 31
0.0
  0
LINE
  5
1655
330
1F
100
AcDbEntity
  8
1
  6
CONTINUOUS
370
50
 62
4
100
AcDbLine
 10
51.57620199999999
 20
4.67406
 30
0.0
 11
51.494305
 21
4.688664999999999
 31
0.0
  0
LINE
  5
1656
330
1F
100
AcDbEntity
  8
1
  6
CONTINUOUS
370
50
 62
4
100
AcDbLine
 10
46.151165
 20
8.150701999999999
 30
0.0
 11
46.076546
 21
8.163838
 31
0.0
  0
LINE
  5
1657
330
1F
100
AcDbEntity
  8
1
  6
CONTINUOUS
370
50
 62
4
100
AcDbLine
 10
44.65729899999999
 20
-9.469738999999999
 30
0.0
 11
44.582687
 21
-9.456722
 31
0.0
  0
LINE
  5
1658
330
1F
100
AcDbEntity
  8
1
  6
CONTINUOUS
370
50
 62
4
100
AcDbLine
 10
44.358837
 20
5.417197
 30
0.0
 11
44.260101
 21
5.43417
 31
0.0
  0
LINE
  5
1659
330
1F
100
AcDbEntity
  8
1
  6
CONTINUOUS
370
50
 62
4
100
AcDbLine
 10
51.333931
 20
4.709949
 30
0.0
 11
51.308086
 21
4.714389
 31
0.0
  0
LINE
  5
165A
330
1F
100
AcDbEntity
  8
1
  6
CONTINUOUS
370
50
 62
4
100
AcDbLine
 10
41.659153
 20
5.143655
 30
0.0
 11
41.57859
 21
5.157475
 31
0.0
  0
LINE
  5
165B
330
1F
100
AcDbEntity
  8
1
  6
CONTINUOUS
370
50
 62
4
100
AcDbLine
 10
58.627319
 20
8.155242
 30
0.0
 11
58.552708
 21
8.167978
 31
0.0
  0
LINE
  5
165C
330
1F
100
AcDbEntity
  8
1
  6
CONTINUOUS
370
50
 62
4
100
AcDbLine
 10
55.86348
 20
8.155201
 30
0.0
 11
55.78883399999999
 21
8.16794
 31
0.0
  0
LINE
  5
165D
330
1F
100
AcDbEntity
  8
1
  6
CONTINUOUS
370
50
 62
4
100
AcDbLine
 10
57.208084
 20
-9.474666
 30
0.0
 11
57.13346499999999
 21
-9.462204
 31
0.0
  0
LINE
  5
165E
330
1F
100
AcDbEntity
  8
1
  6
CONTINUOUS
370
50
 62
4
100
AcDbLine
 10
48.925983
 20
8.220504
 30
0.0
 11
48.732506
 21
8.252609999999999
 31
0.0
  0
LINE
  5
165F
330
1F
100
AcDbEntity
  8
1
  6
CONTINUOUS
370
50
 62
4
100
AcDbLine
 10
64.11784399999999
 20
4.490578999999999
 30
0.0
 11
64.081825
 21
4.496508
 31
0.0
  0
LINE
  5
1660
330
1F
100
AcDbEntity
  8
1
  6
CONTINUOUS
370
50
 62
4
100
AcDbLine
 10
39.155651
 20
8.240687
 30
0.0
 11
38.961891
 21
8.272288999999999
 31
0.0
  0
LINE
  5
1661
330
1F
100
AcDbEntity
  8
1
  6
CONTINUOUS
370
50
 62
4
100
AcDbLine
 10
46.076546
 20
8.163838
 30
0.0
 11
46.00192999999999
 21
8.175789
 31
0.0
  0
LINE
  5
1662
330
1F
100
AcDbEntity
  8
1
  6
CONTINUOUS
370
50
 62
4
100
AcDbLine
 10
66.84568
 20
0.75562
 30
0.0
 11
66.820877
 21
0.75959
 31
0.0
  0
LINE
  5
1663
330
1F
100
AcDbEntity
  8
1
  6
CONTINUOUS
370
50
 62
4
100
AcDbLine
 10
44.731918
 20
-9.481383
 30
0.0
 11
44.65729899999999
 21
-9.469738999999999
 31
0.0
  0
LINE
  5
1664
330
1F
100
AcDbEntity
  8
1
  6
CONTINUOUS
370
50
 62
4
100
AcDbLine
 10
58.552708
 20
8.167978
 30
0.0
 11
58.478092
 21
8.179530999999999
 31
0.0
  0
LINE
  5
1665
330
1F
100
AcDbEntity
  8
1
  6
CONTINUOUS
370
50
 62
4
100
AcDbLine
 10
39.880745
 20
-5.999423
 30
0.0
 11
39.801155
 21
-5.987146
 31
0.0
  0
LINE
  5
1666
330
1F
100
AcDbEntity
  8
1
  6
CONTINUOUS
370
50
 62
4
100
AcDbLine
 10
51.35986699999999
 20
4.705965
 30
0.0
 11
51.333931
 21
4.709949
 31
0.0
  0
LINE
  5
1667
330
1F
100
AcDbEntity
  8
1
  6
CONTINUOUS
370
50
 62
4
100
AcDbLine
 10
35.726894
 20
-6.988422
 30
0.0
 11
35.704876
 21
-6.98509
 31
0.0
  0
LINE
  5
1668
330
1F
100
AcDbEntity
  8
1
  6
CONTINUOUS
370
50
 62
4
100
AcDbLine
 10
54.220619
 20
4.949441999999999
 30
0.0
 11
54.11985
 21
4.964557999999999
 31
0.0
  0
LINE
  5
1669
330
1F
100
AcDbEntity
  8
1
  6
CONTINUOUS
370
50
 62
4
100
AcDbLine
 10
57.2827
 20
-9.485752999999999
 30
0.0
 11
57.208084
 21
-9.474666
 31
0.0
  0
LINE
  5
166A
330
1F
100
AcDbEntity
  8
1
  6
CONTINUOUS
370
50
 62
4
100
AcDbLine
 10
46.00192999999999
 20
8.175789
 30
0.0
 11
45.927322
 21
8.186553
 31
0.0
  0
LINE
  5
166B
330
1F
100
AcDbEntity
  8
1
  6
CONTINUOUS
370
50
 62
4
100
AcDbLine
 10
64.081825
 20
4.496508
 30
0.0
 11
64.045715
 21
4.501701
 31
0.0
  0
LINE
  5
166C
330
1F
100
AcDbEntity
  8
1
  6
CONTINUOUS
370
50
 62
4
100
AcDbLine
 10
54.479237
 20
-8.509936
 30
0.0
 11
54.303329
 21
-8.485033
 31
0.0
  0
LINE
  5
166D
330
1F
100
AcDbEntity
  8
1
  6
CONTINUOUS
370
50
 62
4
100
AcDbLine
 10
58.478092
 20
8.179530999999999
 30
0.0
 11
58.40346899999999
 21
8.189898
 31
0.0
  0
LINE
  5
166E
330
1F
100
AcDbEntity
  8
1
  6
CONTINUOUS
370
50
 62
4
100
AcDbLine
 10
58.32883099999999
 20
-4.179455
 30
0.0
 11
58.30222699999999
 21
-4.175763
 31
0.0
  0
LINE
  5
166F
330
1F
100
AcDbEntity
  8
1
  6
CONTINUOUS
370
50
 62
4
100
AcDbLine
 10
44.806538
 20
-9.491653999999999
 30
0.0
 11
44.731918
 21
-9.481383
 31
0.0
  0
LINE
  5
1670
330
1F
100
AcDbEntity
  8
1
  6
CONTINUOUS
370
50
 62
4
100
AcDbLine
 10
51.385872
 20
4.702452
 30
0.0
 11
51.35986699999999
 21
4.705965
 31
0.0
  0
LINE
  5
1671
330
1F
100
AcDbEntity
  8
1
  6
CONTINUOUS
370
50
 62
4
100
AcDbLine
 10
36.751511
 20
2.124925
 30
0.0
 11
36.715488
 21
2.129725
 31
0.0
  0
LINE
  5
1672
330
1F
100
AcDbEntity
  8
1
  6
CONTINUOUS
370
50
 62
4
100
AcDbLine
 10
51.494305
 20
4.688664999999999
 30
0.0
 11
51.411938
 21
4.699422
 31
0.0
  0
LINE
  5
1673
330
1F
100
AcDbEntity
  8
1
  6
CONTINUOUS
370
50
 62
4
100
AcDbLine
 10
36.787933
 20
2.120176
 30
0.0
 11
36.751511
 21
2.124925
 31
0.0
  0
LINE
  5
1674
330
1F
100
AcDbEntity
  8
1
  6
CONTINUOUS
370
50
 62
4
100
AcDbLine
 10
57.357311
 20
-9.495465
 30
0.0
 11
57.2827
 21
-9.485752999999999
 31
0.0
  0
LINE
  5
1675
330
1F
100
AcDbEntity
  8
1
  6
CONTINUOUS
370
50
 62
4
100
AcDbLine
 10
45.927322
 20
8.186553
 30
0.0
 11
45.852715
 21
8.196128999999999
 31
0.0
  0
LINE
  5
1676
330
1F
100
AcDbEntity
  8
1
  6
CONTINUOUS
370
50
 62
4
100
AcDbLine
 10
48.691166
 20
8.186566
 30
0.0
 11
48.616539
 21
8.196144
 31
0.0
  0
LINE
  5
1677
330
1F
100
AcDbEntity
  8
1
  6
CONTINUOUS
370
50
 62
4
100
AcDbLine
 10
36.824623
 20
2.115514
 30
0.0
 11
36.787933
 21
2.120176
 31
0.0
  0
LINE
  5
1678
330
1F
100
AcDbEntity
  8
1
  6
CONTINUOUS
370
50
 62
4
100
AcDbLine
 10
54.593456
 20
-9.497777
 30
0.0
 11
54.518833
 21
-9.488425999999999
 31
0.0
  0
LINE
  5
1679
330
1F
100
AcDbEntity
  8
1
  6
CONTINUOUS
370
50
 62
4
100
AcDbLine
 10
41.57859
 20
5.157475
 30
0.0
 11
41.497597
 21
5.16759
 31
0.0
  0
LINE
  5
167A
330
1F
100
AcDbEntity
  8
1
  6
CONTINUOUS
370
50
 62
4
100
AcDbLine
 10
64.279449
 20
-8.516823
 30
0.0
 11
64.11164099999999
 21
-8.495925999999999
 31
0.0
  0
LINE
  5
167B
330
1F
100
AcDbEntity
  8
1
  6
CONTINUOUS
370
50
 62
4
100
AcDbLine
 10
36.861443
 20
2.110973
 30
0.0
 11
36.824623
 21
2.115514
 31
0.0
  0
LINE
  5
167C
330
1F
100
AcDbEntity
  8
1
  6
CONTINUOUS
370
50
 62
4
100
AcDbLine
 10
64.045715
 20
4.501701
 30
0.0
 11
64.009514
 21
4.506155
 31
0.0
  0
LINE
  5
167D
330
1F
100
AcDbEntity
  8
1
  6
CONTINUOUS
370
50
 62
4
100
AcDbLine
 10
58.40346899999999
 20
8.189898
 30
0.0
 11
58.328835
 21
8.199076999999999
 31
0.0
  0
LINE
  5
167E
330
1F
100
AcDbEntity
  8
1
  6
CONTINUOUS
370
50
 62
4
100
AcDbLine
 10
42.639824
 20
-5.745606
 30
0.0
 11
42.53964999999999
 21
-5.733334999999999
 31
0.0
  0
LINE
  5
167F
330
1F
100
AcDbEntity
  8
1
  6
CONTINUOUS
370
50
 62
4
100
AcDbLine
 10
44.881165
 20
-9.500551999999999
 30
0.0
 11
44.806538
 21
-9.491653999999999
 31
0.0
  0
LINE
  5
1680
330
1F
100
AcDbEntity
  8
1
  6
CONTINUOUS
370
50
 62
4
100
AcDbLine
 10
36.89825099999999
 20
2.10659
 30
0.0
 11
36.861443
 21
2.110973
 31
0.0
  0
LINE
  5
1681
330
1F
100
AcDbEntity
  8
1
  6
CONTINUOUS
370
50
 62
4
100
AcDbLine
 10
35.751263
 20
-6.9913
 30
0.0
 11
35.726894
 21
-6.988422
 31
0.0
  0
LINE
  5
1682
330
1F
100
AcDbEntity
  8
1
  6
CONTINUOUS
370
50
 62
4
100
AcDbLine
 10
44.89605299999999
 20
-8.526871
 30
0.0
 11
44.6199
 21
-8.494335
 31
0.0
  0
LINE
  5
1683
330
1F
100
AcDbEntity
  8
1
  6
CONTINUOUS
370
50
 62
4
100
AcDbLine
 10
51.411938
 20
4.699422
 30
0.0
 11
51.385872
 21
4.702452
 31
0.0
  0
LINE
  5
1684
330
1F
100
AcDbEntity
  8
1
  6
CONTINUOUS
370
50
 62
4
100
AcDbLine
 10
44.260101
 20
5.43417
 30
0.0
 11
44.160698
 21
5.44557
 31
0.0
  0
LINE
  5
1685
330
1F
100
AcDbEntity
  8
1
  6
CONTINUOUS
370
50
 62
4
100
AcDbLine
 10
36.934917
 20
2.102397
 30
0.0
 11
36.89825099999999
 21
2.10659
 31
0.0
  0
LINE
  5
1686
330
1F
100
AcDbEntity
  8
1
  6
CONTINUOUS
370
50
 62
4
100
AcDbLine
 10
48.616539
 20
8.196144
 30
0.0
 11
48.54192
 21
8.204532
 31
0.0
  0
LINE
  5
1687
330
1F
100
AcDbEntity
  8
1
  6
CONTINUOUS
370
50
 62
4
100
AcDbLine
 10
45.852715
 20
8.196128999999999
 30
0.0
 11
45.778099
 21
8.204516
 31
0.0
  0
LINE
  5
1688
330
1F
100
AcDbEntity
  8
1
  6
CONTINUOUS
370
50
 62
4
100
AcDbLine
 10
57.431923
 20
-9.503801
 30
0.0
 11
57.357311
 21
-9.495465
 31
0.0
  0
LINE
  5
1689
330
1F
100
AcDbEntity
  8
1
  6
CONTINUOUS
370
50
 62
4
100
AcDbLine
 10
36.971298
 20
2.098433
 30
0.0
 11
36.934917
 21
2.102397
 31
0.0
  0
LINE
  5
168A
330
1F
100
AcDbEntity
  8
1
  6
CONTINUOUS
370
50
 62
4
100
AcDbLine
 10
39.960724
 20
-6.008007999999999
 30
0.0
 11
39.880745
 21
-5.999423
 31
0.0
  0
LINE
  5
168B
330
1F
100
AcDbEntity
  8
1
  6
CONTINUOUS
370
50
 62
4
100
AcDbLine
 10
54.668072
 20
-9.505751
 30
0.0
 11
54.593456
 21
-9.497777
 31
0.0
  0
LINE
  5
168C
330
1F
100
AcDbEntity
  8
1
  6
CONTINUOUS
370
50
 62
4
100
AcDbLine
 10
54.655144
 20
-8.52803
 30
0.0
 11
54.479237
 21
-8.509936
 31
0.0
  0
LINE
  5
168D
330
1F
100
AcDbEntity
  8
1
  6
CONTINUOUS
370
50
 62
4
100
AcDbLine
 10
64.009514
 20
4.506155
 30
0.0
 11
63.973221
 21
4.509865
 31
0.0
  0
LINE
  5
168E
330
1F
100
AcDbEntity
  8
1
  6
CONTINUOUS
370
50
 62
4
100
AcDbLine
 10
58.286758
 20
8.276669
 30
0.0
 11
58.202389
 21
8.284962
 31
0.0
  0
LINE
  5
168F
330
1F
100
AcDbEntity
  8
1
  6
CONTINUOUS
370
50
 62
4
100
AcDbLine
 10
67.0
 20
8.101586
 30
0.0
 11
66.925575
 21
8.10888
 31
0.0
  0
LINE
  5
1690
330
1F
100
AcDbEntity
  8
1
  6
CONTINUOUS
370
50
 62
4
100
AcDbLine
 10
45.778099
 20
8.204516
 30
0.0
 11
45.703472
 21
8.211715
 31
0.0
  0
LINE
  5
1691
330
1F
100
AcDbEntity
  8
1
  6
CONTINUOUS
370
50
 62
4
100
AcDbLine
 10
48.54192
 20
8.204532
 30
0.0
 11
48.467308
 21
8.211727999999999
 31
0.0
  0
LINE
  5
1692
330
1F
100
AcDbEntity
  8
1
  6
CONTINUOUS
370
50
 62
4
100
AcDbLine
 10
38.961891
 20
8.272288999999999
 30
0.0
 11
38.76762
 21
8.290985
 31
0.0
  0
LINE
  5
1693
330
1F
100
AcDbEntity
  8
1
  6
CONTINUOUS
370
50
 62
4
100
AcDbLine
 10
57.506542
 20
-9.510759
 30
0.0
 11
57.431923
 21
-9.503801
 31
0.0
  0
LINE
  5
1694
330
1F
100
AcDbEntity
  8
1
  6
CONTINUOUS
370
50
 62
4
100
AcDbLine
 10
35.777637
 20
-6.993735
 30
0.0
 11
35.751263
 21
-6.9913
 31
0.0
  0
LINE
  5
1695
330
1F
100
AcDbEntity
  8
1
  6
CONTINUOUS
370
50
 62
4
100
AcDbLine
 10
54.11985
 20
4.964557999999999
 30
0.0
 11
54.018379
 21
4.973895
 31
0.0
  0
LINE
  5
1696
330
1F
100
AcDbEntity
  8
1
  6
CONTINUOUS
370
50
 62
4
100
AcDbLine
 10
36.235012
 20
1.177159
 30
0.0
 11
36.196541
 21
1.180676
 31
0.0
  0
LINE
  5
1697
330
1F
100
AcDbEntity
  8
1
  6
CONTINUOUS
370
50
 62
4
100
AcDbLine
 10
54.742683
 20
-9.512347
 30
0.0
 11
54.668072
 21
-9.505751
 31
0.0
  0
LINE
  5
1698
330
1F
100
AcDbEntity
  8
1
  6
CONTINUOUS
370
50
 62
4
100
AcDbLine
 10
64.44725799999999
 20
-8.531616
 30
0.0
 11
64.279449
 21
-8.516823
 31
0.0
  0
LINE
  5
1699
330
1F
100
AcDbEntity
  8
1
  6
CONTINUOUS
370
50
 62
4
100
AcDbLine
 10
63.973221
 20
4.509865
 30
0.0
 11
63.96727
 21
4.510378
 31
0.0
  0
LINE
  5
169A
330
1F
100
AcDbEntity
  8
1
  6
CONTINUOUS
370
50
 62
4
100
AcDbLine
 10
52.600174
 20
-6.206678999999999
 30
0.0
 11
52.501163
 21
-6.198588
 31
0.0
  0
LINE
  5
169B
330
1F
100
AcDbEntity
  8
1
  6
CONTINUOUS
370
50
 62
4
100
AcDbLine
 10
66.925575
 20
8.10888
 30
0.0
 11
66.851173
 21
8.11492
 31
0.0
  0
LINE
  5
169C
330
1F
100
AcDbEntity
  8
1
  6
CONTINUOUS
370
50
 62
4
100
AcDbLine
 10
48.467308
 20
8.211727999999999
 30
0.0
 11
48.392696
 21
8.217734
 31
0.0
  0
LINE
  5
169D
330
1F
100
AcDbEntity
  8
1
  6
CONTINUOUS
370
50
 62
4
100
AcDbLine
 10
45.703472
 20
8.211715
 30
0.0
 11
45.628834
 21
8.217723
 31
0.0
  0
LINE
  5
169E
330
1F
100
AcDbEntity
  8
1
  6
CONTINUOUS
370
50
 62
4
100
AcDbLine
 10
58.202389
 20
8.284962
 30
0.0
 11
58.118019
 21
8.291698
 31
0.0
  0
LINE
  5
169F
330
1F
100
AcDbEntity
  8
1
  6
CONTINUOUS
370
50
 62
4
100
AcDbLine
 10
41.497597
 20
5.16759
 30
0.0
 11
41.41618
 21
5.173959
 31
0.0
  0
LINE
  5
16A0
330
1F
100
AcDbEntity
  8
1
  6
CONTINUOUS
370
50
 62
4
100
AcDbLine
 10
63.96727
 20
4.510378
 30
0.0
 11
63.961296
 21
4.510826
 31
0.0
  0
LINE
  5
16A1
330
1F
100
AcDbEntity
  8
1
  6
CONTINUOUS
370
50
 62
4
100
AcDbLine
 10
57.581165
 20
-9.516339
 30
0.0
 11
57.506542
 21
-9.510759
 31
0.0
  0
LINE
  5
16A2
330
1F
100
AcDbEntity
  8
1
  6
CONTINUOUS
370
50
 62
4
100
AcDbLine
 10
35.805687
 20
-6.995737
 30
0.0
 11
35.777637
 21
-6.993735
 31
0.0
  0
LINE
  5
16A3
330
1F
100
AcDbEntity
  8
1
  6
CONTINUOUS
370
50
 62
4
100
AcDbLine
 10
54.817299
 20
-9.517565
 30
0.0
 11
54.742683
 21
-9.512347
 31
0.0
  0
LINE
  5
16A4
330
1F
100
AcDbEntity
  8
1
  6
CONTINUOUS
370
50
 62
4
100
AcDbLine
 10
41.09676
 20
5.177194999999999
 30
0.0
 11
41.07123199999999
 21
5.178978
 31
0.0
  0
LINE
  5
16A5
330
1F
100
AcDbEntity
  8
1
  6
CONTINUOUS
370
50
 62
4
100
AcDbLine
 10
66.824303
 20
0.759189
 30
0.0
 11
66.79626499999999
 21
0.7610589999999999
 31
0.0
  0
LINE
  5
16A6
330
1F
100
AcDbEntity
  8
1
  6
CONTINUOUS
370
50
 62
4
100
AcDbLine
 10
48.392696
 20
8.217734
 30
0.0
 11
48.318085
 21
8.222548
 31
0.0
  0
LINE
  5
16A7
330
1F
100
AcDbEntity
  8
1
  6
CONTINUOUS
370
50
 62
4
100
AcDbLine
 10
66.851173
 20
8.11492
 30
0.0
 11
66.776794
 21
8.119707
 31
0.0
  0
LINE
  5
16A8
330
1F
100
AcDbEntity
  8
1
  6
CONTINUOUS
370
50
 62
4
100
AcDbLine
 10
63.961296
 20
4.510826
 30
0.0
 11
63.955307
 21
4.511208
 31
0.0
  0
LINE
  5
16A9
330
1F
100
AcDbEntity
  8
1
  6
CONTINUOUS
370
50
 62
4
100
AcDbLine
 10
54.831055
 20
-8.539247
 30
0.0
 11
54.655144
 21
-8.52803
 31
0.0
  0
LINE
  5
16AA
330
1F
100
AcDbEntity
  8
1
  6
CONTINUOUS
370
50
 62
4
100
AcDbLine
 10
42.740631
 20
-5.751849
 30
0.0
 11
42.639824
 21
-5.745606
 31
0.0
  0
LINE
  5
16AB
330
1F
100
AcDbEntity
  8
1
  6
CONTINUOUS
370
50
 62
4
100
AcDbLine
 10
58.118019
 20
8.291698
 30
0.0
 11
58.033649
 21
8.296866
 31
0.0
  0
LINE
  5
16AC
330
1F
100
AcDbEntity
  8
1
  6
CONTINUOUS
370
50
 62
4
100
AcDbLine
 10
40.041111
 20
-6.012842
 30
0.0
 11
39.960724
 21
-6.008007999999999
 31
0.0
  0
LINE
  5
16AD
330
1F
100
AcDbEntity
  8
1
  6
CONTINUOUS
370
50
 62
4
100
AcDbLine
 10
66.820877
 20
0.75959
 30
0.0
 11
66.796387
 21
0.761058
 31
0.0
  0
LINE
  5
16AE
330
1F
100
AcDbEntity
  8
1
  6
CONTINUOUS
370
50
 62
4
100
AcDbLine
 10
38.051441
 20
-8.223172
 30
0.0
 11
38.008835
 21
-8.220701
 31
0.0
  0
LINE
  5
16AF
330
1F
100
AcDbEntity
  8
1
  6
CONTINUOUS
370
50
 62
4
100
AcDbLine
 10
44.160698
 20
5.44557
 30
0.0
 11
44.060616
 21
5.451336
 31
0.0
  0
LINE
  5
16B0
330
1F
100
AcDbEntity
  8
1
  6
CONTINUOUS
370
50
 62
4
100
AcDbLine
 10
45.172211
 20
-8.541915999999999
 30
0.0
 11
44.89605299999999
 21
-8.526871
 31
0.0
  0
LINE
  5
16B1
330
1F
100
AcDbEntity
  8
1
  6
CONTINUOUS
370
50
 62
4
100
AcDbLine
 10
41.122417
 20
5.175815
 30
0.0
 11
41.09676
 21
5.177194999999999
 31
0.0
  0
LINE
  5
16B2
330
1F
100
AcDbEntity
  8
1
  6
CONTINUOUS
370
50
 62
4
100
AcDbLine
 10
35.83511
 20
-6.997319
 30
0.0
 11
35.805687
 21
-6.995737
 31
0.0
  0
LINE
  5
16B3
330
1F
100
AcDbEntity
  8
1
  6
CONTINUOUS
370
50
 62
4
100
AcDbLine
 10
36.196541
 20
1.180676
 30
0.0
 11
36.157852
 21
1.182736
 31
0.0
  0
LINE
  5
16B4
330
1F
100
AcDbEntity
  8
1
  6
CONTINUOUS
370
50
 62
4
100
AcDbLine
 10
63.955307
 20
4.511208
 30
0.0
 11
63.949299
 21
4.511521999999999
 31
0.0
  0
LINE
  5
16B5
330
1F
100
AcDbEntity
  8
1
  6
CONTINUOUS
370
50
 62
4
100
AcDbLine
 10
64.61507399999999
 20
-8.540265
 30
0.0
 11
64.44725799999999
 21
-8.531616
 31
0.0
  0
LINE
  5
16B6
330
1F
100
AcDbEntity
  8
1
  6
CONTINUOUS
370
50
 62
4
100
AcDbLine
 10
54.891914
 20
-9.521404
 30
0.0
 11
54.817299
 21
-9.517565
 31
0.0
  0
LINE
  5
16B7
330
1F
100
AcDbEntity
  8
1
  6
CONTINUOUS
370
50
 62
4
100
AcDbLine
 10
38.094097
 20
-8.225261999999999
 30
0.0
 11
38.051441
 21
-8.223172
 31
0.0
  0
LINE
  5
16B8
330
1F
100
AcDbEntity
  8
1
  6
CONTINUOUS
370
50
 62
4
100
AcDbLine
 10
48.318085
 20
8.222548
 30
0.0
 11
48.243465
 21
8.226169
 31
0.0
  0
LINE
  5
16B9
330
1F
100
AcDbEntity
  8
1
  6
CONTINUOUS
370
50
 62
4
100
AcDbLine
 10
66.776794
 20
8.119707
 30
0.0
 11
66.702438
 21
8.123244
 31
0.0
  0
LINE
  5
16BA
330
1F
100
AcDbEntity
  8
1
  6
CONTINUOUS
370
50
 62
4
100
AcDbLine
 10
36.235012
 20
6.992843
 30
0.0
 11
36.187588
 21
6.994929
 31
0.0
  0
LINE
  5
16BB
330
1F
100
AcDbEntity
  8
1
  6
CONTINUOUS
370
50
 62
4
100
AcDbLine
 10
58.033649
 20
8.296866
 30
0.0
 11
57.949276
 21
8.300461
 31
0.0
  0
LINE
  5
16BC
330
1F
100
AcDbEntity
  8
1
  6
CONTINUOUS
370
50
 62
4
100
AcDbLine
 10
38.531166
 20
8.224942
 30
0.0
 11
38.499832
 21
8.22626
 31
0.0
  0
LINE
  5
16BD
330
1F
100
AcDbEntity
  8
1
  6
CONTINUOUS
370
50
 62
4
100
AcDbLine
 10
63.949299
 20
4.511521999999999
 30
0.0
 11
63.943272
 21
4.511769999999999
 31
0.0
  0
LINE
  5
16BE
330
1F
100
AcDbEntity
  8
1
  6
CONTINUOUS
370
50
 62
4
100
AcDbLine
 10
38.136799
 20
-8.226969
 30
0.0
 11
38.094097
 21
-8.225261999999999
 31
0.0
  0
LINE
  5
16BF
330
1F
100
AcDbEntity
  8
1
  6
CONTINUOUS
370
50
 62
4
100
AcDbLine
 10
35.86599
 20
-6.998518
 30
0.0
 11
35.83511
 21
-6.997319
 31
0.0
  0
LINE
  5
16C0
330
1F
100
AcDbEntity
  8
1
  6
CONTINUOUS
370
50
 62
4
100
AcDbLine
 10
36.187588
 20
6.994929
 30
0.0
 11
36.141022
 21
6.996688
 31
0.0
  0
LINE
  5
16C1
330
1F
100
AcDbEntity
  8
1
  6
CONTINUOUS
370
50
 62
4
100
AcDbLine
 10
41.148186
 20
5.174847
 30
0.0
 11
41.122417
 21
5.175815
 31
0.0
  0
LINE
  5
16C2
330
1F
100
AcDbEntity
  8
1
  6
CONTINUOUS
370
50
 62
4
100
AcDbLine
 10
38.499832
 20
8.22626
 30
0.0
 11
38.468311
 21
8.227386
 31
0.0
  0
LINE
  5
16C3
330
1F
100
AcDbEntity
  8
1
  6
CONTINUOUS
370
50
 62
4
100
AcDbLine
 10
54.018379
 20
4.973895
 30
0.0
 11
53.916203
 21
4.977376
 31
0.0
  0
LINE
  5
16C4
330
1F
100
AcDbEntity
  8
1
  6
CONTINUOUS
370
50
 62
4
100
AcDbLine
 10
54.966537
 20
-9.523864
 30
0.0
 11
54.891914
 21
-9.521404
 31
0.0
  0
LINE
  5
16C5
330
1F
100
AcDbEntity
  8
1
  6
CONTINUOUS
370
50
 62
4
100
AcDbLine
 10
48.243465
 20
8.226169
 30
0.0
 11
48.16883499999999
 21
8.228596999999999
 31
0.0
  0
LINE
  5
16C6
330
1F
100
AcDbEntity
  8
1
  6
CONTINUOUS
370
50
 62
4
100
AcDbLine
 10
41.41618
 20
5.173959
 30
0.0
 11
41.334332
 21
5.176538
 31
0.0
  0
LINE
  5
16C7
330
1F
100
AcDbEntity
  8
1
  6
CONTINUOUS
370
50
 62
4
100
AcDbLine
 10
38.17954599999999
 20
-8.228296
 30
0.0
 11
38.136799
 21
-8.226969
 31
0.0
  0
LINE
  5
16C8
330
1F
100
AcDbEntity
  8
1
  6
CONTINUOUS
370
50
 62
4
100
AcDbLine
 10
36.141022
 20
6.996688
 30
0.0
 11
36.095455
 21
6.998098
 31
0.0
  0
LINE
  5
16C9
330
1F
100
AcDbEntity
  8
1
  6
CONTINUOUS
370
50
 62
4
100
AcDbLine
 10
66.702438
 20
8.123244
 30
0.0
 11
66.628098
 21
8.125532
 31
0.0
  0
LINE
  5
16CA
330
1F
100
AcDbEntity
  8
1
  6
CONTINUOUS
370
50
 62
4
100
AcDbLine
 10
63.943272
 20
4.511769999999999
 30
0.0
 11
63.93722899999999
 21
4.511949
 31
0.0
  0
LINE
  5
16CB
330
1F
100
AcDbEntity
  8
1
  6
CONTINUOUS
370
50
 62
4
100
AcDbLine
 10
38.468311
 20
8.227386
 30
0.0
 11
38.436565
 21
8.228316
 31
0.0
  0
LINE
  5
16CC
330
1F
100
AcDbEntity
  8
1
  6
CONTINUOUS
370
50
 62
4
100
AcDbLine
 10
35.898243
 20
-6.999353999999999
 30
0.0
 11
35.86599
 21
-6.998518
 31
0.0
  0
LINE
  5
16CD
330
1F
100
AcDbEntity
  8
1
  6
CONTINUOUS
370
50
 62
4
100
AcDbLine
 10
55.00696199999999
 20
-8.543517
 30
0.0
 11
54.831055
 21
-8.539247
 31
0.0
  0
LINE
  5
16CE
330
1F
100
AcDbEntity
  8
1
  6
CONTINUOUS
370
50
 62
4
100
AcDbLine
 10
57.949276
 20
8.300461
 30
0.0
 11
57.864906
 21
8.302472
 31
0.0
  0
LINE
  5
16CF
330
1F
100
AcDbEntity
  8
1
  6
CONTINUOUS
370
50
 62
4
100
AcDbLine
 10
36.095455
 20
6.998098
 30
0.0
 11
36.051048
 21
6.999135
 31
0.0
  0
LINE
  5
16D0
330
1F
100
AcDbEntity
  8
1
  6
CONTINUOUS
370
50
 62
4
100
AcDbLine
 10
38.76762
 20
8.290985
 30
0.0
 11
38.572968
 21
8.295466
 31
0.0
  0
LINE
  5
16D1
330
1F
100
AcDbEntity
  8
1
  6
CONTINUOUS
370
50
 62
4
100
AcDbLine
 10
38.436565
 20
8.228316
 30
0.0
 11
38.404552
 21
8.229049999999999
 31
0.0
  0
LINE
  5
16D2
330
1F
100
AcDbEntity
  8
1
  6
CONTINUOUS
370
50
 62
4
100
AcDbLine
 10
52.699791
 20
-6.208898
 30
0.0
 11
52.600174
 21
-6.206678999999999
 31
0.0
  0
LINE
  5
16D3
330
1F
100
AcDbEntity
  8
1
  6
CONTINUOUS
370
50
 62
4
100
AcDbLine
 10
38.222343
 20
-8.229243
 30
0.0
 11
38.17954599999999
 21
-8.228296
 31
0.0
  0
LINE
  5
16D4
330
1F
100
AcDbEntity
  8
1
  6
CONTINUOUS
370
50
 62
4
100
AcDbLine
 10
41.174049
 20
5.1743
 30
0.0
 11
41.148186
 21
5.174847
 31
0.0
  0
LINE
  5
16D5
330
1F
100
AcDbEntity
  8
1
  6
CONTINUOUS
370
50
 62
4
100
AcDbLine
 10
63.93722899999999
 20
4.511949
 30
0.0
 11
63.931168
 21
4.51206
 31
0.0
  0
LINE
  5
16D6
330
1F
100
AcDbEntity
  8
1
  6
CONTINUOUS
370
50
 62
4
100
AcDbLine
 10
38.404552
 20
8.229049999999999
 30
0.0
 11
38.372372
 21
8.229576999999999
 31
0.0
  0
LINE
  5
16D7
330
1F
100
AcDbEntity
  8
1
  6
CONTINUOUS
370
50
 62
4
100
AcDbLine
 10
36.235012
 20
-6.900310999999999
 30
0.0
 11
36.190342
 21
-6.899636999999999
 31
0.0
  0
LINE
  5
16D8
330
1F
100
AcDbEntity
  8
1
  6
CONTINUOUS
370
50
 62
4
100
AcDbLine
 10
36.051048
 20
6.999135
 30
0.0
 11
36.00795
 21
6.999776
 31
0.0
  0
LINE
  5
16D9
330
1F
100
AcDbEntity
  8
1
  6
CONTINUOUS
370
50
 62
4
100
AcDbLine
 10
64.78289
 20
-8.542727
 30
0.0
 11
64.61507399999999
 21
-8.540265
 31
0.0
  0
LINE
  5
16DA
330
1F
100
AcDbEntity
  8
1
  6
CONTINUOUS
370
50
 62
4
100
AcDbLine
 10
35.931705
 20
-6.999842999999999
 30
0.0
 11
35.898243
 21
-6.999353999999999
 31
0.0
  0
LINE
  5
16DB
330
1F
100
AcDbEntity
  8
1
  6
CONTINUOUS
370
50
 62
4
100
AcDbLine
 10
55.04116399999999
 20
-9.524944
 30
0.0
 11
54.966537
 21
-9.523864
 31
0.0
  0
LINE
  5
16DC
330
1F
100
AcDbEntity
  8
1
  6
CONTINUOUS
370
50
 62
4
100
AcDbLine
 10
66.628098
 20
8.125532
 30
0.0
 11
66.553772
 21
8.126573
 31
0.0
  0
LINE
  5
16DD
330
1F
100
AcDbEntity
  8
1
  6
CONTINUOUS
370
50
 62
4
100
AcDbLine
 10
38.265194
 20
-8.229811
 30
0.0
 11
38.222343
 21
-8.229243
 31
0.0
  0
LINE
  5
16DE
330
1F
100
AcDbEntity
  8
1
  6
CONTINUOUS
370
50
 62
4
100
AcDbLine
 10
40.121933
 20
-6.013865
 30
0.0
 11
40.041111
 21
-6.012842
 31
0.0
  0
LINE
  5
16DF
330
1F
100
AcDbEntity
  8
1
  6
CONTINUOUS
370
50
 62
4
100
AcDbLine
 10
36.157852
 20
1.182736
 30
0.0
 11
36.119099
 21
1.183196
 31
0.0
  0
LINE
  5
16E0
330
1F
100
AcDbEntity
  8
1
  6
CONTINUOUS
370
50
 62
4
100
AcDbLine
 10
38.372372
 20
8.229576999999999
 30
0.0
 11
38.340218
 21
8.229894999999999
 31
0.0
  0
LINE
  5
16E1
330
1F
100
AcDbEntity
  8
1
  6
CONTINUOUS
370
50
 62
4
100
AcDbLine
 10
48.126923
 20
8.301874999999999
 30
0.0
 11
48.062206
 21
8.302484
 31
0.0
  0
LINE
  5
16E2
330
1F
100
AcDbEntity
  8
1
  6
CONTINUOUS
370
50
 62
4
100
AcDbLine
 10
36.190342
 20
-6.899636999999999
 30
0.0
 11
36.145412
 21
-6.899303
 31
0.0
  0
LINE
  5
16E3
330
1F
100
AcDbEntity
  8
1
  6
CONTINUOUS
370
50
 62
4
100
AcDbLine
 10
36.00795
 20
6.999776
 30
0.0
 11
35.966198
 21
6.999999
 31
0.0
  0
LINE
  5
16E4
330
1F
100
AcDbEntity
  8
1
  6
CONTINUOUS
370
50
 62
4
100
AcDbLine
 10
57.864906
 20
8.302472
 30
0.0
 11
57.780537
 21
8.302893
 31
0.0
  0
LINE
  5
16E5
330
1F
100
AcDbEntity
  8
1
  6
CONTINUOUS
370
50
 62
4
100
AcDbLine
 10
35.966198
 20
-6.999999
 30
0.0
 11
35.931705
 21
-6.999842999999999
 31
0.0
  0
LINE
  5
16E6
330
1F
100
AcDbEntity
  8
1
  6
CONTINUOUS
370
50
 62
4
100
AcDbLine
 10
41.199993
 20
5.174185
 30
0.0
 11
41.174049
 21
5.1743
 31
0.0
  0
LINE
  5
16E7
330
1F
100
AcDbEntity
  8
1
  6
CONTINUOUS
370
50
 62
4
100
AcDbLine
 10
38.30809
 20
-8.23
 30
0.0
 11
38.265194
 21
-8.229811
 31
0.0
  0
LINE
  5
16E8
330
1F
100
AcDbEntity
  8
1
  6
CONTINUOUS
370
50
 62
4
100
AcDbLine
 10
38.340218
 20
8.229894999999999
 30
0.0
 11
38.30809
 21
8.23
 31
0.0
  0
LINE
  5
16E9
330
1F
100
AcDbEntity
  8
1
  6
CONTINUOUS
370
50
 62
4
100
AcDbLine
 10
66.553772
 20
-8.126573
 30
0.0
 11
66.479454
 21
-8.126367
 31
0.0
  0
LINE
  5
16EA
330
1F
100
AcDbEntity
  8
1
  6
CONTINUOUS
370
50
 62
4
100
AcDbLine
 10
36.715488
 20
2.129725
 30
0.0
 11
36.67979
 21
2.129802
 31
0.0
  0
LINE
  5
16EB
330
1F
100
AcDbEntity
  8
1
  6
CONTINUOUS
370
50
 62
4
100
AcDbLine
 10
42.842079
 20
-5.751992
 30
0.0
 11
42.740631
 21
-5.751849
 31
0.0
  0
LINE
  5
16EC
330
1F
100
AcDbEntity
  8
1
  6
CONTINUOUS
370
50
 62
4
100
AcDbLine
 10
44.060616
 20
5.451336
 30
0.0
 11
43.959846
 21
5.451407
 31
0.0
  0
LINE
  5
16ED
330
1F
100
AcDbEntity
  8
1
  6
CONTINUOUS
370
50
 62
4
100
AcDbLine
 10
49.438835
 20
-9.525
 30
0.0
 11
49.961166
 21
-9.525
 31
0.0
  0
LINE
  5
16EE
330
1F
100
AcDbEntity
  8
1
  6
CONTINUOUS
370
50
 62
4
100
AcDbLine
 10
51.978836
 20
-9.525
 30
0.0
 11
52.501167
 21
-9.525
 31
0.0
  0
LINE
  5
16EF
330
1F
100
AcDbEntity
  8
1
  6
CONTINUOUS
370
50
 62
4
100
AcDbLine
 10
54.518833
 20
-9.525
 30
0.0
 11
55.04116399999999
 21
-9.525
 31
0.0
  0
LINE
  5
16F0
330
1F
100
AcDbEntity
  8
1
  6
CONTINUOUS
370
50
 62
4
100
AcDbLine
 10
59.59883499999999
 20
-9.525
 30
0.0
 11
60.121166
 21
-9.525
 31
0.0
  0
LINE
  5
16F1
330
1F
100
AcDbEntity
  8
1
  6
CONTINUOUS
370
50
 62
4
100
AcDbLine
 10
39.278835
 20
-9.525
 30
0.0
 11
39.801167
 21
-9.525
 31
0.0
  0
LINE
  5
16F2
330
1F
100
AcDbEntity
  8
1
  6
CONTINUOUS
370
50
 62
4
100
AcDbLine
 10
41.818832
 20
-9.525
 30
0.0
 11
42.341167
 21
-9.525
 31
0.0
  0
LINE
  5
16F3
330
1F
100
AcDbEntity
  8
1
  6
CONTINUOUS
370
50
 62
4
100
AcDbLine
 10
44.358833
 20
-9.525
 30
0.0
 11
44.881165
 21
-9.525
 31
0.0
  0
LINE
  5
16F4
330
1F
100
AcDbEntity
  8
1
  6
CONTINUOUS
370
50
 62
4
100
AcDbLine
 10
38.30809
 20
-8.23
 30
0.0
 11
38.531166
 21
-8.23
 31
0.0
  0
LINE
  5
16F5
330
1F
100
AcDbEntity
  8
1
  6
CONTINUOUS
370
50
 62
4
100
AcDbLine
 10
40.548836
 20
-8.23
 30
0.0
 11
41.071167
 21
-8.23
 31
0.0
  0
LINE
  5
16F6
330
1F
100
AcDbEntity
  8
1
  6
CONTINUOUS
370
50
 62
4
100
AcDbLine
 10
43.088833
 20
-8.23
 30
0.0
 11
43.611164
 21
-8.23
 31
0.0
  0
LINE
  5
16F7
330
1F
100
AcDbEntity
  8
1
  6
CONTINUOUS
370
50
 62
4
100
AcDbLine
 10
63.40883299999999
 20
-8.23
 30
0.0
 11
63.931168
 21
-8.23
 31
0.0
  0
LINE
  5
16F8
330
1F
100
AcDbEntity
  8
1
  6
CONTINUOUS
370
50
 62
4
100
AcDbLine
 10
60.868835
 20
-8.23
 30
0.0
 11
61.391167
 21
-8.23
 31
0.0
  0
LINE
  5
16F9
330
1F
100
AcDbEntity
  8
1
  6
CONTINUOUS
370
50
 62
4
100
AcDbLine
 10
58.328835
 20
-8.23
 30
0.0
 11
58.851166
 21
-8.23
 31
0.0
  0
LINE
  5
16FA
330
1F
100
AcDbEntity
  8
1
  6
CONTINUOUS
370
50
 62
4
100
AcDbLine
 10
53.248833
 20
-8.23
 30
0.0
 11
53.771164
 21
-8.23
 31
0.0
  0
LINE
  5
16FB
330
1F
100
AcDbEntity
  8
1
  6
CONTINUOUS
370
50
 62
4
100
AcDbLine
 10
50.708836
 20
-8.23
 30
0.0
 11
51.231167
 21
-8.23
 31
0.0
  0
LINE
  5
16FC
330
1F
100
AcDbEntity
  8
1
  6
CONTINUOUS
370
50
 62
4
100
AcDbLine
 10
48.16883499999999
 20
-8.23
 30
0.0
 11
48.691166
 21
-8.23
 31
0.0
  0
LINE
  5
16FD
330
1F
100
AcDbEntity
  8
1
  6
CONTINUOUS
370
50
 62
4
100
AcDbLine
 10
0.0
 20
-7.0
 30
0.0
 11
35.965637
 21
-7.0
 31
0.0
  0
LINE
  5
16FE
330
1F
100
AcDbEntity
  8
1
  6
CONTINUOUS
370
50
 62
4
100
AcDbLine
 10
0.0
 20
7.0
 30
0.0
 11
35.965637
 21
7.0
 31
0.0
  0
LINE
  5
16FF
330
1F
100
AcDbEntity
  8
1
  6
CONTINUOUS
370
50
 62
4
100
AcDbLine
 10
58.328835
 20
8.23
 30
0.0
 11
58.851166
 21
8.23
 31
0.0
  0
LINE
  5
1700
330
1F
100
AcDbEntity
  8
1
  6
CONTINUOUS
370
50
 62
4
100
AcDbLine
 10
60.868835
 20
8.23
 30
0.0
 11
61.391167
 21
8.23
 31
0.0
  0
LINE
  5
1701
330
1F
100
AcDbEntity
  8
1
  6
CONTINUOUS
370
50
 62
4
100
AcDbLine
 10
63.40883299999999
 20
8.23
 30
0.0
 11
63.931168
 21
8.23
 31
0.0
  0
LINE
  5
1702
330
1F
100
AcDbEntity
  8
1
  6
CONTINUOUS
370
50
 62
4
100
AcDbLine
 10
53.248833
 20
8.23
 30
0.0
 11
53.771164
 21
8.23
 31
0.0
  0
LINE
  5
1703
330
1F
100
AcDbEntity
  8
1
  6
CONTINUOUS
370
50
 62
4
100
AcDbLine
 10
50.708836
 20
8.23
 30
0.0
 11
51.231167
 21
8.23
 31
0.0
  0
LINE
  5
1704
330
1F
100
AcDbEntity
  8
1
  6
CONTINUOUS
370
50
 62
4
100
AcDbLine
 10
48.16883499999999
 20
8.23
 30
0.0
 11
48.691166
 21
8.23
 31
0.0
  0
LINE
  5
1705
330
1F
100
AcDbEntity
  8
1
  6
CONTINUOUS
370
50
 62
4
100
AcDbLine
 10
43.088833
 20
8.23
 30
0.0
 11
43.611164
 21
8.23
 31
0.0
  0
LINE
  5
1706
330
1F
100
AcDbEntity
  8
1
  6
CONTINUOUS
370
50
 62
4
100
AcDbLine
 10
40.548836
 20
8.23
 30
0.0
 11
41.071167
 21
8.23
 31
0.0
  0
LINE
  5
1707
330
1F
100
AcDbEntity
  8
1
  6
CONTINUOUS
370
50
 62
4
100
AcDbLine
 10
38.30809
 20
8.23
 30
0.0
 11
38.531166
 21
8.23
 31
0.0
  0
LINE
  5
1708
330
1F
100
AcDbEntity
  8
1
  6
CONTINUOUS
370
50
 62
4
100
AcDbLine
 10
39.278835
 20
9.525
 30
0.0
 11
39.801167
 21
9.525
 31
0.0
  0
LINE
  5
1709
330
1F
100
AcDbEntity
  8
1
  6
CONTINUOUS
370
50
 62
4
100
AcDbLine
 10
41.818832
 20
9.525
 30
0.0
 11
42.341167
 21
9.525
 31
0.0
  0
LINE
  5
170A
330
1F
100
AcDbEntity
  8
1
  6
CONTINUOUS
370
50
 62
4
100
AcDbLine
 10
44.358833
 20
9.525
 30
0.0
 11
44.881165
 21
9.525
 31
0.0
  0
LINE
  5
170B
330
1F
100
AcDbEntity
  8
1
  6
CONTINUOUS
370
50
 62
4
100
AcDbLine
 10
49.438835
 20
9.525
 30
0.0
 11
49.961166
 21
9.525
 31
0.0
  0
LINE
  5
170C
330
1F
100
AcDbEntity
  8
1
  6
CONTINUOUS
370
50
 62
4
100
AcDbLine
 10
51.978836
 20
9.525
 30
0.0
 11
52.501167
 21
9.525
 31
0.0
  0
LINE
  5
170D
330
1F
100
AcDbEntity
  8
1
  6
CONTINUOUS
370
50
 62
4
100
AcDbLine
 10
54.518833
 20
9.525
 30
0.0
 11
55.04116399999999
 21
9.525
 31
0.0
  0
LINE
  5
170E
330
1F
100
AcDbEntity
  8
1
  6
CONTINUOUS
370
50
 62
4
100
AcDbLine
 10
59.59883499999999
 20
9.525
 30
0.0
 11
60.121166
 21
9.525
 31
0.0
  0
LINE
  5
170F
330
1F
100
AcDbEntity
  8
1
  6
CONTINUOUS
370
50
 62
4
100
AcDbLine
 10
36.100464
 20
-6.899347
 30
0.0
 11
36.145412
 21
-6.899303
 31
0.0
  0
LINE
  5
1710
330
1F
100
AcDbEntity
  8
1
  6
CONTINUOUS
370
50
 62
4
100
AcDbLine
 10
66.479454
 20
8.126367
 30
0.0
 11
66.553772
 21
8.126573
 31
0.0
  0
LINE
  5
1711
330
1F
100
AcDbEntity
  8
1
  6
CONTINUOUS
370
50
 62
4
100
AcDbLine
 10
49.961151
 20
-6.47774
 30
0.0
 11
50.040924
 21
-6.477399
 31
0.0
  0
LINE
  5
1712
330
1F
100
AcDbEntity
  8
1
  6
CONTINUOUS
370
50
 62
4
100
AcDbLine
 10
38.265194
 20
8.229811
 30
0.0
 11
38.30809
 21
8.23
 31
0.0
  0
LINE
  5
1713
330
1F
100
AcDbEntity
  8
1
  6
CONTINUOUS
370
50
 62
4
100
AcDbLine
 10
47.997494
 20
8.302182
 30
0.0
 11
48.062206
 21
8.302484
 31
0.0
  0
LINE
  5
1714
330
1F
100
AcDbEntity
  8
1
  6
CONTINUOUS
370
50
 62
4
100
AcDbLine
 10
35.966198
 20
-6.999999
 30
0.0
 11
36.00795
 21
-6.999776
 31
0.0
  0
LINE
  5
1715
330
1F
100
AcDbEntity
  8
1
  6
CONTINUOUS
370
50
 62
4
100
AcDbLine
 10
45.172211
 20
-8.541915999999999
 30
0.0
 11
45.44836799999999
 21
-8.539645
 31
0.0
  0
LINE
  5
1716
330
1F
100
AcDbEntity
  8
1
  6
CONTINUOUS
370
50
 62
4
100
AcDbLine
 10
36.055737
 20
-6.899807999999999
 30
0.0
 11
36.100464
 21
-6.899347
 31
0.0
  0
LINE
  5
1717
330
1F
100
AcDbEntity
  8
1
  6
CONTINUOUS
370
50
 62
4
100
AcDbLine
 10
41.199993
 20
5.174185
 30
0.0
 11
41.226002
 21
5.17451
 31
0.0
  0
LINE
  5
1718
330
1F
100
AcDbEntity
  8
1
  6
CONTINUOUS
370
50
 62
4
100
AcDbLine
 10
38.222343
 20
8.229243
 30
0.0
 11
38.265194
 21
8.229811
 31
0.0
  0
LINE
  5
1719
330
1F
100
AcDbEntity
  8
1
  6
CONTINUOUS
370
50
 62
4
100
AcDbLine
 10
66.553772
 20
-8.126573
 30
0.0
 11
66.628098
 21
-8.125532
 31
0.0
  0
LINE
  5
171A
330
1F
100
AcDbEntity
  8
1
  6
CONTINUOUS
370
50
 62
4
100
AcDbLine
 10
36.00795
 20
-6.999776
 30
0.0
 11
36.051048
 21
-6.999135
 31
0.0
  0
LINE
  5
171B
330
1F
100
AcDbEntity
  8
1
  6
CONTINUOUS
370
50
 62
4
100
AcDbLine
 10
41.252056
 20
5.175287
 30
0.0
 11
41.334332
 21
5.176538
 31
0.0
  0
LINE
  5
171C
330
1F
100
AcDbEntity
  8
1
  6
CONTINUOUS
370
50
 62
4
100
AcDbLine
 10
47.93277699999999
 20
8.300969
 30
0.0
 11
47.997494
 21
8.302182
 31
0.0
  0
LINE
  5
171D
330
1F
100
AcDbEntity
  8
1
  6
CONTINUOUS
370
50
 62
4
100
AcDbLine
 10
55.068558
 20
-8.543358999999999
 30
0.0
 11
55.158493
 21
-8.541576
 31
0.0
  0
LINE
  5
171E
330
1F
100
AcDbEntity
  8
1
  6
CONTINUOUS
370
50
 62
4
100
AcDbLine
 10
36.01136
 20
-6.900727
 30
0.0
 11
36.055737
 21
-6.899807999999999
 31
0.0
  0
LINE
  5
171F
330
1F
100
AcDbEntity
  8
1
  6
CONTINUOUS
370
50
 62
4
100
AcDbLine
 10
38.17954599999999
 20
8.228296
 30
0.0
 11
38.222343
 21
8.229243
 31
0.0
  0
LINE
  5
1720
330
1F
100
AcDbEntity
  8
1
  6
CONTINUOUS
370
50
 62
4
100
AcDbLine
 10
64.78289
 20
-8.542727
 30
0.0
 11
64.950706
 21
-8.53896
 31
0.0
  0
LINE
  5
1721
330
1F
100
AcDbEntity
  8
1
  6
CONTINUOUS
370
50
 62
4
100
AcDbLine
 10
36.051048
 20
-6.999135
 30
0.0
 11
36.095455
 21
-6.998098
 31
0.0
  0
LINE
  5
1722
330
1F
100
AcDbEntity
  8
1
  6
CONTINUOUS
370
50
 62
4
100
AcDbLine
 10
53.813305
 20
4.974931
 30
0.0
 11
53.916203
 21
4.977376
 31
0.0
  0
LINE
  5
1723
330
1F
100
AcDbEntity
  8
1
  6
CONTINUOUS
370
50
 62
4
100
AcDbLine
 10
41.226002
 20
5.17451
 30
0.0
 11
41.252056
 21
5.175287
 31
0.0
  0
LINE
  5
1724
330
1F
100
AcDbEntity
  8
1
  6
CONTINUOUS
370
50
 62
4
100
AcDbLine
 10
66.628098
 20
-8.125532
 30
0.0
 11
66.702438
 21
-8.123244
 31
0.0
  0
LINE
  5
1725
330
1F
100
AcDbEntity
  8
1
  6
CONTINUOUS
370
50
 62
4
100
AcDbLine
 10
36.095455
 20
-6.998098
 30
0.0
 11
36.141022
 21
-6.996688
 31
0.0
  0
LINE
  5
1726
330
1F
100
AcDbEntity
  8
1
  6
CONTINUOUS
370
50
 62
4
100
AcDbLine
 10
38.136799
 20
8.226969
 30
0.0
 11
38.17954599999999
 21
8.228296
 31
0.0
  0
LINE
  5
1727
330
1F
100
AcDbEntity
  8
1
  6
CONTINUOUS
370
50
 62
4
100
AcDbLine
 10
35.96743
 20
-6.902146999999999
 30
0.0
 11
36.01136
 21
-6.900727
 31
0.0
  0
LINE
  5
1728
330
1F
100
AcDbEntity
  8
1
  6
CONTINUOUS
370
50
 62
4
100
AcDbLine
 10
47.868061
 20
8.298841
 30
0.0
 11
47.93277699999999
 21
8.300969
 31
0.0
  0
LINE
  5
1729
330
1F
100
AcDbEntity
  8
1
  6
CONTINUOUS
370
50
 62
4
100
AcDbLine
 10
36.080437
 20
1.181913
 30
0.0
 11
36.119099
 21
1.183196
 31
0.0
  0
LINE
  5
172A
330
1F
100
AcDbEntity
  8
1
  6
CONTINUOUS
370
50
 62
4
100
AcDbLine
 10
40.121933
 20
-6.013865
 30
0.0
 11
40.203213
 21
-6.011019999999999
 31
0.0
  0
LINE
  5
172B
330
1F
100
AcDbEntity
  8
1
  6
CONTINUOUS
370
50
 62
4
100
AcDbLine
 10
52.699791
 20
-6.208898
 30
0.0
 11
52.80003
 21
-6.205184999999999
 31
0.0
  0
LINE
  5
172C
330
1F
100
AcDbEntity
  8
1
  6
CONTINUOUS
370
50
 62
4
100
AcDbLine
 10
36.141022
 20
-6.996688
 30
0.0
 11
36.187588
 21
-6.994929
 31
0.0
  0
LINE
  5
172D
330
1F
100
AcDbEntity
  8
1
  6
CONTINUOUS
370
50
 62
4
100
AcDbLine
 10
38.094097
 20
8.225261999999999
 30
0.0
 11
38.136799
 21
8.226969
 31
0.0
  0
LINE
  5
172E
330
1F
100
AcDbEntity
  8
1
  6
CONTINUOUS
370
50
 62
4
100
AcDbLine
 10
55.158493
 20
-8.541576
 30
0.0
 11
55.24843199999999
 21
-8.537946999999999
 31
0.0
  0
LINE
  5
172F
330
1F
100
AcDbEntity
  8
1
  6
CONTINUOUS
370
50
 62
4
100
AcDbLine
 10
66.772133
 20
0.7600169999999999
 30
0.0
 11
66.796387
 21
0.761058
 31
0.0
  0
LINE
  5
1730
330
1F
100
AcDbEntity
  8
1
  6
CONTINUOUS
370
50
 62
4
100
AcDbLine
 10
36.187588
 20
-6.994929
 30
0.0
 11
36.235012
 21
-6.992843
 31
0.0
  0
LINE
  5
1731
330
1F
100
AcDbEntity
  8
1
  6
CONTINUOUS
370
50
 62
4
100
AcDbLine
 10
35.924335
 20
-6.904101
 30
0.0
 11
35.96743
 21
-6.902146999999999
 31
0.0
  0
LINE
  5
1732
330
1F
100
AcDbEntity
  8
1
  6
CONTINUOUS
370
50
 62
4
100
AcDbLine
 10
47.803349
 20
8.295793999999999
 30
0.0
 11
47.868061
 21
8.298841
 31
0.0
  0
LINE
  5
1733
330
1F
100
AcDbEntity
  8
1
  6
CONTINUOUS
370
50
 62
4
100
AcDbLine
 10
66.702438
 20
-8.123244
 30
0.0
 11
66.776794
 21
-8.119707
 31
0.0
  0
LINE
  5
1734
330
1F
100
AcDbEntity
  8
1
  6
CONTINUOUS
370
50
 62
4
100
AcDbLine
 10
38.051441
 20
8.223172
 30
0.0
 11
38.094097
 21
8.225261999999999
 31
0.0
  0
LINE
  5
1735
330
1F
100
AcDbEntity
  8
1
  6
CONTINUOUS
370
50
 62
4
100
AcDbLine
 10
66.768379
 20
0.759628
 30
0.0
 11
66.79626499999999
 21
0.7610589999999999
 31
0.0
  0
LINE
  5
1736
330
1F
100
AcDbEntity
  8
1
  6
CONTINUOUS
370
50
 62
4
100
AcDbLine
 10
50.040924
 20
-6.477399
 30
0.0
 11
50.12109
 21
-6.473243999999999
 31
0.0
  0
LINE
  5
1737
330
1F
100
AcDbEntity
  8
1
  6
CONTINUOUS
370
50
 62
4
100
AcDbLine
 10
43.858383
 20
5.44572
 30
0.0
 11
43.959846
 21
5.451407
 31
0.0
  0
LINE
  5
1738
330
1F
100
AcDbEntity
  8
1
  6
CONTINUOUS
370
50
 62
4
100
AcDbLine
 10
38.008835
 20
8.220701
 30
0.0
 11
38.051441
 21
8.223172
 31
0.0
  0
LINE
  5
1739
330
1F
100
AcDbEntity
  8
1
  6
CONTINUOUS
370
50
 62
4
100
AcDbLine
 10
53.807343
 20
4.974584999999999
 30
0.0
 11
53.813305
 21
4.974931
 31
0.0
  0
LINE
  5
173A
330
1F
100
AcDbEntity
  8
1
  6
CONTINUOUS
370
50
 62
4
100
AcDbLine
 10
42.842079
 20
-5.751992
 30
0.0
 11
42.944187
 21
-5.745966999999999
 31
0.0
  0
LINE
  5
173B
330
1F
100
AcDbEntity
  8
1
  6
CONTINUOUS
370
50
 62
4
100
AcDbLine
 10
64.950706
 20
-8.53896
 30
0.0
 11
65.11852999999999
 21
-8.528922
 31
0.0
  0
LINE
  5
173C
330
1F
100
AcDbEntity
  8
1
  6
CONTINUOUS
370
50
 62
4
100
AcDbLine
 10
35.882469
 20
-6.906622
 30
0.0
 11
35.924335
 21
-6.904101
 31
0.0
  0
LINE
  5
173D
330
1F
100
AcDbEntity
  8
1
  6
CONTINUOUS
370
50
 62
4
100
AcDbLine
 10
55.24843199999999
 20
-8.537946999999999
 30
0.0
 11
55.338367
 21
-8.532459
 31
0.0
  0
LINE
  5
173E
330
1F
100
AcDbEntity
  8
1
  6
CONTINUOUS
370
50
 62
4
100
AcDbLine
 10
47.738632
 20
8.291826
 30
0.0
 11
47.803349
 21
8.295793999999999
 31
0.0
  0
LINE
  5
173F
330
1F
100
AcDbEntity
  8
1
  6
CONTINUOUS
370
50
 62
4
100
AcDbLine
 10
66.776794
 20
-8.119707
 30
0.0
 11
66.851173
 21
-8.11492
 31
0.0
  0
LINE
  5
1740
330
1F
100
AcDbEntity
  8
1
  6
CONTINUOUS
370
50
 62
4
100
AcDbLine
 10
53.801357
 20
4.974171999999999
 30
0.0
 11
53.807343
 21
4.974584999999999
 31
0.0
  0
LINE
  5
1741
330
1F
100
AcDbEntity
  8
1
  6
CONTINUOUS
370
50
 62
4
100
AcDbLine
 10
57.506542
 20
9.510759
 30
0.0
 11
57.581165
 21
9.516339
 31
0.0
  0
LINE
  5
1742
330
1F
100
AcDbEntity
  8
1
  6
CONTINUOUS
370
50
 62
4
100
AcDbLine
 10
35.84243
 20
-6.909724
 30
0.0
 11
35.882469
 21
-6.906622
 31
0.0
  0
LINE
  5
1743
330
1F
100
AcDbEntity
  8
1
  6
CONTINUOUS
370
50
 62
4
100
AcDbLine
 10
53.795357
 20
4.973694
 30
0.0
 11
53.801357
 21
4.974171999999999
 31
0.0
  0
LINE
  5
1744
330
1F
100
AcDbEntity
  8
1
  6
CONTINUOUS
370
50
 62
4
100
AcDbLine
 10
45.628834
 20
-8.217723
 30
0.0
 11
45.703472
 21
-8.211715
 31
0.0
  0
LINE
  5
1745
330
1F
100
AcDbEntity
  8
1
  6
CONTINUOUS
370
50
 62
4
100
AcDbLine
 10
66.851173
 20
-8.11492
 30
0.0
 11
66.925575
 21
-8.10888
 31
0.0
  0
LINE
  5
1746
330
1F
100
AcDbEntity
  8
1
  6
CONTINUOUS
370
50
 62
4
100
AcDbLine
 10
55.338367
 20
-8.532459
 30
0.0
 11
55.428303
 21
-8.525105
 31
0.0
  0
LINE
  5
1747
330
1F
100
AcDbEntity
  8
1
  6
CONTINUOUS
370
50
 62
4
100
AcDbLine
 10
36.042015
 20
1.178746
 30
0.0
 11
36.080437
 21
1.181913
 31
0.0
  0
LINE
  5
1748
330
1F
100
AcDbEntity
  8
1
  6
CONTINUOUS
370
50
 62
4
100
AcDbLine
 10
40.203213
 20
-6.011019999999999
 30
0.0
 11
40.284966
 21
-6.004245999999999
 31
0.0
  0
LINE
  5
1749
330
1F
100
AcDbEntity
  8
1
  6
CONTINUOUS
370
50
 62
4
100
AcDbLine
 10
53.789337
 20
4.973148
 30
0.0
 11
53.795357
 21
4.973694
 31
0.0
  0
LINE
  5
174A
330
1F
100
AcDbEntity
  8
1
  6
CONTINUOUS
370
50
 62
4
100
AcDbLine
 10
57.431923
 20
9.503801
 30
0.0
 11
57.506542
 21
9.510759
 31
0.0
  0
LINE
  5
174B
330
1F
100
AcDbEntity
  8
1
  6
CONTINUOUS
370
50
 62
4
100
AcDbLine
 10
37.712097
 20
8.216702
 30
0.0
 11
37.758694
 21
8.221145
 31
0.0
  0
LINE
  5
174C
330
1F
100
AcDbEntity
  8
1
  6
CONTINUOUS
370
50
 62
4
100
AcDbLine
 10
52.80003
 20
-6.205184999999999
 30
0.0
 11
52.90089
 21
-6.195482
 31
0.0
  0
LINE
  5
174D
330
1F
100
AcDbEntity
  8
1
  6
CONTINUOUS
370
50
 62
4
100
AcDbLine
 10
45.703472
 20
-8.211715
 30
0.0
 11
45.778099
 21
-8.204516
 31
0.0
  0
LINE
  5
174E
330
1F
100
AcDbEntity
  8
1
  6
CONTINUOUS
370
50
 62
4
100
AcDbLine
 10
35.804775
 20
-6.913393
 30
0.0
 11
35.84243
 21
-6.909724
 31
0.0
  0
LINE
  5
174F
330
1F
100
AcDbEntity
  8
1
  6
CONTINUOUS
370
50
 62
4
100
AcDbLine
 10
66.925575
 20
-8.10888
 30
0.0
 11
67.0
 21
-8.101586
 31
0.0
  0
LINE
  5
1750
330
1F
100
AcDbEntity
  8
1
  6
CONTINUOUS
370
50
 62
4
100
AcDbLine
 10
50.12109
 20
-6.473243999999999
 30
0.0
 11
50.201664
 21
-6.465249
 31
0.0
  0
LINE
  5
1751
330
1F
100
AcDbEntity
  8
1
  6
CONTINUOUS
370
50
 62
4
100
AcDbLine
 10
53.78329799999999
 20
4.972535
 30
0.0
 11
53.789337
 21
4.973148
 31
0.0
  0
LINE
  5
1752
330
1F
100
AcDbEntity
  8
1
  6
CONTINUOUS
370
50
 62
4
100
AcDbLine
 10
55.428303
 20
-8.525105
 30
0.0
 11
55.518238
 21
-8.515877
 31
0.0
  0
LINE
  5
1753
330
1F
100
AcDbEntity
  8
1
  6
CONTINUOUS
370
50
 62
4
100
AcDbLine
 10
37.758694
 20
8.221145
 30
0.0
 11
37.805313
 21
8.225946
 31
0.0
  0
LINE
  5
1754
330
1F
100
AcDbEntity
  8
1
  6
CONTINUOUS
370
50
 62
4
100
AcDbLine
 10
64.225357
 20
-8.70607
 30
0.0
 11
64.316048
 21
-8.696539
 31
0.0
  0
LINE
  5
1755
330
1F
100
AcDbEntity
  8
1
  6
CONTINUOUS
370
50
 62
4
100
AcDbLine
 10
37.805313
 20
8.225946
 30
0.0
 11
37.851959
 21
8.231091
 31
0.0
  0
LINE
  5
1756
330
1F
100
AcDbEntity
  8
1
  6
CONTINUOUS
370
50
 62
4
100
AcDbLine
 10
57.357311
 20
9.495465
 30
0.0
 11
57.431923
 21
9.503801
 31
0.0
  0
LINE
  5
1757
330
1F
100
AcDbEntity
  8
1
  6
CONTINUOUS
370
50
 62
4
100
AcDbLine
 10
45.778099
 20
-8.204516
 30
0.0
 11
45.852715
 21
-8.196128999999999
 31
0.0
  0
LINE
  5
1758
330
1F
100
AcDbEntity
  8
1
  6
CONTINUOUS
370
50
 62
4
100
AcDbLine
 10
53.777241
 20
4.971854
 30
0.0
 11
53.78329799999999
 21
4.972535
 31
0.0
  0
LINE
  5
1759
330
1F
100
AcDbEntity
  8
1
  6
CONTINUOUS
370
50
 62
4
100
AcDbLine
 10
43.75621
 20
5.434215
 30
0.0
 11
43.858383
 21
5.44572
 31
0.0
  0
LINE
  5
175A
330
1F
100
AcDbEntity
  8
1
  6
CONTINUOUS
370
50
 62
4
100
AcDbLine
 10
37.851959
 20
8.231091
 30
0.0
 11
37.898643
 21
8.236559
 31
0.0
  0
LINE
  5
175B
330
1F
100
AcDbEntity
  8
1
  6
CONTINUOUS
370
50
 62
4
100
AcDbLine
 10
42.944187
 20
-5.745966999999999
 30
0.0
 11
43.046955
 21
-5.733703999999999
 31
0.0
  0
LINE
  5
175C
330
1F
100
AcDbEntity
  8
1
  6
CONTINUOUS
370
50
 62
4
100
AcDbLine
 10
35.769909
 20
-6.917618
 30
0.0
 11
35.804775
 21
-6.913393
 31
0.0
  0
LINE
  5
175D
330
1F
100
AcDbEntity
  8
1
  6
CONTINUOUS
370
50
 62
4
100
AcDbLine
 10
55.518238
 20
-8.515877
 30
0.0
 11
55.608173
 21
-8.504811
 31
0.0
  0
LINE
  5
175E
330
1F
100
AcDbEntity
  8
1
  6
CONTINUOUS
370
50
 62
4
100
AcDbLine
 10
53.771168
 20
4.971104
 30
0.0
 11
53.777241
 21
4.971854
 31
0.0
  0
LINE
  5
175F
330
1F
100
AcDbEntity
  8
1
  6
CONTINUOUS
370
50
 62
4
100
AcDbLine
 10
37.898643
 20
8.236559
 30
0.0
 11
37.945362
 21
8.242333
 31
0.0
  0
LINE
  5
1760
330
1F
100
AcDbEntity
  8
1
  6
CONTINUOUS
370
50
 62
4
100
AcDbLine
 10
64.316048
 20
-8.696539
 30
0.0
 11
64.406845
 21
-8.685053
 31
0.0
  0
LINE
  5
1761
330
1F
100
AcDbEntity
  8
1
  6
CONTINUOUS
370
50
 62
4
100
AcDbLine
 10
45.852715
 20
-8.196128999999999
 30
0.0
 11
45.927322
 21
-8.186553
 31
0.0
  0
LINE
  5
1762
330
1F
100
AcDbEntity
  8
1
  6
CONTINUOUS
370
50
 62
4
100
AcDbLine
 10
43.08284
 20
-5.728687
 30
0.0
 11
43.088821
 21
-5.727918
 31
0.0
  0
LINE
  5
1763
330
1F
100
AcDbEntity
  8
1
  6
CONTINUOUS
370
50
 62
4
100
AcDbLine
 10
37.945362
 20
8.242333
 30
0.0
 11
37.992126
 21
8.248396
 31
0.0
  0
LINE
  5
1764
330
1F
100
AcDbEntity
  8
1
  6
CONTINUOUS
370
50
 62
4
100
AcDbLine
 10
57.2827
 20
9.485752999999999
 30
0.0
 11
57.357311
 21
9.495465
 31
0.0
  0
LINE
  5
1765
330
1F
100
AcDbEntity
  8
1
  6
CONTINUOUS
370
50
 62
4
100
AcDbLine
 10
40.284966
 20
-6.004245999999999
 30
0.0
 11
40.367222
 21
-5.993484
 31
0.0
  0
LINE
  5
1766
330
1F
100
AcDbEntity
  8
1
  6
CONTINUOUS
370
50
 62
4
100
AcDbLine
 10
43.076862
 20
-5.729475
 30
0.0
 11
43.08284
 21
-5.728687
 31
0.0
  0
LINE
  5
1767
330
1F
100
AcDbEntity
  8
1
  6
CONTINUOUS
370
50
 62
4
100
AcDbLine
 10
43.070881
 20
-5.730282
 30
0.0
 11
43.076862
 21
-5.729475
 31
0.0
  0
LINE
  5
1768
330
1F
100
AcDbEntity
  8
1
  6
CONTINUOUS
370
50
 62
4
100
AcDbLine
 10
36.003841
 20
1.173522
 30
0.0
 11
36.042015
 21
1.178746
 31
0.0
  0
LINE
  5
1769
330
1F
100
AcDbEntity
  8
1
  6
CONTINUOUS
370
50
 62
4
100
AcDbLine
 10
43.064899
 20
-5.731109
 30
0.0
 11
43.070881
 21
-5.730282
 31
0.0
  0
LINE
  5
176A
330
1F
100
AcDbEntity
  8
1
  6
CONTINUOUS
370
50
 62
4
100
AcDbLine
 10
43.058918
 20
-5.731955
 30
0.0
 11
43.064899
 21
-5.731109
 31
0.0
  0
LINE
  5
176B
330
1F
100
AcDbEntity
  8
1
  6
CONTINUOUS
370
50
 62
4
100
AcDbLine
 10
45.927322
 20
-8.186553
 30
0.0
 11
46.00192999999999
 21
-8.175789
 31
0.0
  0
LINE
  5
176C
330
1F
100
AcDbEntity
  8
1
  6
CONTINUOUS
370
50
 62
4
100
AcDbLine
 10
43.052937
 20
-5.732819999999999
 30
0.0
 11
43.058918
 21
-5.731955
 31
0.0
  0
LINE
  5
176D
330
1F
100
AcDbEntity
  8
1
  6
CONTINUOUS
370
50
 62
4
100
AcDbLine
 10
50.201664
 20
-6.465249
 30
0.0
 11
50.282642
 21
-6.453391
 31
0.0
  0
LINE
  5
176E
330
1F
100
AcDbEntity
  8
1
  6
CONTINUOUS
370
50
 62
4
100
AcDbLine
 10
43.046955
 20
-5.733703999999999
 30
0.0
 11
43.052937
 21
-5.732819999999999
 31
0.0
  0
LINE
  5
176F
330
1F
100
AcDbEntity
  8
1
  6
CONTINUOUS
370
50
 62
4
100
AcDbLine
 10
64.406845
 20
-8.685053
 30
0.0
 11
64.497757
 21
-8.671615
 31
0.0
  0
LINE
  5
1770
330
1F
100
AcDbEntity
  8
1
  6
CONTINUOUS
370
50
 62
4
100
AcDbLine
 10
57.208084
 20
9.474666
 30
0.0
 11
57.2827
 21
9.485752999999999
 31
0.0
  0
LINE
  5
1771
330
1F
100
AcDbEntity
  8
1
  6
CONTINUOUS
370
50
 62
4
100
AcDbLine
 10
66.747856
 20
0.756378
 30
0.0
 11
66.772133
 21
0.7600169999999999
 31
0.0
  0
LINE
  5
1772
330
1F
100
AcDbEntity
  8
1
  6
CONTINUOUS
370
50
 62
4
100
AcDbLine
 10
35.738544
 20
-6.922333999999999
 30
0.0
 11
35.769909
 21
-6.917618
 31
0.0
  0
LINE
  5
1773
330
1F
100
AcDbEntity
  8
1
  6
CONTINUOUS
370
50
 62
4
100
AcDbLine
 10
52.90089
 20
-6.195482
 30
0.0
 11
53.002388
 21
-6.179728
 31
0.0
  0
LINE
  5
1774
330
1F
100
AcDbEntity
  8
1
  6
CONTINUOUS
370
50
 62
4
100
AcDbLine
 10
46.00192999999999
 20
-8.175789
 30
0.0
 11
46.076546
 21
-8.163838
 31
0.0
  0
LINE
  5
1775
330
1F
100
AcDbEntity
  8
1
  6
CONTINUOUS
370
50
 62
4
100
AcDbLine
 10
60.12115499999999
 20
-6.938909
 30
0.0
 11
60.200943
 21
-6.925647
 31
0.0
  0
LINE
  5
1776
330
1F
100
AcDbEntity
  8
1
  6
CONTINUOUS
370
50
 62
4
100
AcDbLine
 10
57.13346499999999
 20
9.462204
 30
0.0
 11
57.208084
 21
9.474666
 31
0.0
  0
LINE
  5
1777
330
1F
100
AcDbEntity
  8
1
  6
CONTINUOUS
370
50
 62
4
100
AcDbLine
 10
43.65332
 20
5.416829
 30
0.0
 11
43.75621
 21
5.434215
 31
0.0
  0
LINE
  5
1778
330
1F
100
AcDbEntity
  8
1
  6
CONTINUOUS
370
50
 62
4
100
AcDbLine
 10
64.497757
 20
-8.671615
 30
0.0
 11
64.588791
 21
-8.656227
 31
0.0
  0
LINE
  5
1779
330
1F
100
AcDbEntity
  8
1
  6
CONTINUOUS
370
50
 62
4
100
AcDbLine
 10
55.78883399999999
 20
-8.16794
 30
0.0
 11
55.86348
 21
-8.155201
 31
0.0
  0
LINE
  5
177A
330
1F
100
AcDbEntity
  8
1
  6
CONTINUOUS
370
50
 62
4
100
AcDbLine
 10
66.740456
 20
0.754736
 30
0.0
 11
66.768379
 21
0.759628
 31
0.0
  0
LINE
  5
177B
330
1F
100
AcDbEntity
  8
1
  6
CONTINUOUS
370
50
 62
4
100
AcDbLine
 10
40.367222
 20
-5.993484
 30
0.0
 11
40.392269
 21
-5.989076
 31
0.0
  0
LINE
  5
177C
330
1F
100
AcDbEntity
  8
1
  6
CONTINUOUS
370
50
 62
4
100
AcDbLine
 10
46.076546
 20
-8.163838
 30
0.0
 11
46.151165
 21
-8.150701999999999
 31
0.0
  0
LINE
  5
177D
330
1F
100
AcDbEntity
  8
1
  6
CONTINUOUS
370
50
 62
4
100
AcDbLine
 10
47.346531
 20
9.453109
 30
0.0
 11
47.42116499999999
 21
9.466488
 31
0.0
  0
LINE
  5
177E
330
1F
100
AcDbEntity
  8
1
  6
CONTINUOUS
370
50
 62
4
100
AcDbLine
 10
57.058834
 20
9.448369
 30
0.0
 11
57.13346499999999
 21
9.462204
 31
0.0
  0
LINE
  5
177F
330
1F
100
AcDbEntity
  8
1
  6
CONTINUOUS
370
50
 62
4
100
AcDbLine
 10
55.86348
 20
-8.155201
 30
0.0
 11
55.93810999999999
 21
-8.141281
 31
0.0
  0
LINE
  5
1780
330
1F
100
AcDbEntity
  8
1
  6
CONTINUOUS
370
50
 62
4
100
AcDbLine
 10
35.711494
 20
-6.92739
 30
0.0
 11
35.738544
 21
-6.922333999999999
 31
0.0
  0
LINE
  5
1781
330
1F
100
AcDbEntity
  8
1
  6
CONTINUOUS
370
50
 62
4
100
AcDbLine
 10
64.588791
 20
-8.656227
 30
0.0
 11
64.679947
 21
-8.638893
 31
0.0
  0
LINE
  5
1782
330
1F
100
AcDbEntity
  8
1
  6
CONTINUOUS
370
50
 62
4
100
AcDbLine
 10
50.282642
 20
-6.453391
 30
0.0
 11
50.364037
 21
-6.437643
 31
0.0
  0
LINE
  5
1783
330
1F
100
AcDbEntity
  8
1
  6
CONTINUOUS
370
50
 62
4
100
AcDbLine
 10
47.271908
 20
9.438359
 30
0.0
 11
47.346531
 21
9.453109
 31
0.0
  0
LINE
  5
1784
330
1F
100
AcDbEntity
  8
1
  6
CONTINUOUS
370
50
 62
4
100
AcDbLine
 10
35.966038
 20
1.166048
 30
0.0
 11
36.003841
 21
1.173522
 31
0.0
  0
LINE
  5
1785
330
1F
100
AcDbEntity
  8
1
  6
CONTINUOUS
370
50
 62
4
100
AcDbLine
 10
43.647354
 20
5.415623
 30
0.0
 11
43.65332
 21
5.416829
 31
0.0
  0
LINE
  5
1786
330
1F
100
AcDbEntity
  8
1
  6
CONTINUOUS
370
50
 62
4
100
AcDbLine
 10
55.93810999999999
 20
-8.141281
 30
0.0
 11
56.012726
 21
-8.126180999999999
 31
0.0
  0
LINE
  5
1787
330
1F
100
AcDbEntity
  8
1
  6
CONTINUOUS
370
50
 62
4
100
AcDbLine
 10
64.679947
 20
-8.638893
 30
0.0
 11
64.771248
 21
-8.619615
 31
0.0
  0
LINE
  5
1788
330
1F
100
AcDbEntity
  8
1
  6
CONTINUOUS
370
50
 62
4
100
AcDbLine
 10
43.641369
 20
5.414351
 30
0.0
 11
43.647354
 21
5.415623
 31
0.0
  0
LINE
  5
1789
330
1F
100
AcDbEntity
  8
1
  6
CONTINUOUS
370
50
 62
4
100
AcDbLine
 10
60.200943
 20
-6.925647
 30
0.0
 11
60.281136
 21
-6.908590999999999
 31
0.0
  0
LINE
  5
178A
330
1F
100
AcDbEntity
  8
1
  6
CONTINUOUS
370
50
 62
4
100
AcDbLine
 10
53.002388
 20
-6.179728
 30
0.0
 11
53.10453
 21
-6.157862
 31
0.0
  0
LINE
  5
178B
330
1F
100
AcDbEntity
  8
1
  6
CONTINUOUS
370
50
 62
4
100
AcDbLine
 10
47.19729599999999
 20
9.422243
 30
0.0
 11
47.271908
 21
9.438359
 31
0.0
  0
LINE
  5
178C
330
1F
100
AcDbEntity
  8
1
  6
CONTINUOUS
370
50
 62
4
100
AcDbLine
 10
56.012726
 20
-8.126180999999999
 30
0.0
 11
56.087337
 21
-8.109900999999999
 31
0.0
  0
LINE
  5
178D
330
1F
100
AcDbEntity
  8
1
  6
CONTINUOUS
370
50
 62
4
100
AcDbLine
 10
40.392269
 20
-5.989076
 30
0.0
 11
40.417625
 21
-5.983537999999999
 31
0.0
  0
LINE
  5
178E
330
1F
100
AcDbEntity
  8
1
  6
CONTINUOUS
370
50
 62
4
100
AcDbLine
 10
61.971252
 20
-9.23474
 30
0.0
 11
62.953304
 21
-9.018998
 31
0.0
  0
LINE
  5
178F
330
1F
100
AcDbEntity
  8
1
  6
CONTINUOUS
370
50
 62
4
100
AcDbLine
 10
64.225357
 20
-8.739549
 30
0.0
 11
64.763176
 21
-8.621395999999999
 31
0.0
  0
LINE
  5
1790
330
1F
100
AcDbEntity
  8
1
  6
CONTINUOUS
370
50
 62
4
100
AcDbLine
 10
43.635365
 20
5.413012
 30
0.0
 11
43.641369
 21
5.414351
 31
0.0
  0
LINE
  5
1791
330
1F
100
AcDbEntity
  8
1
  6
CONTINUOUS
370
50
 62
4
100
AcDbLine
 10
64.771248
 20
-8.619615
 30
0.0
 11
64.828964
 21
-8.606442
 31
0.0
  0
LINE
  5
1792
330
1F
100
AcDbEntity
  8
1
  6
CONTINUOUS
370
50
 62
4
100
AcDbLine
 10
66.41701499999999
 20
8.098080999999999
 30
0.0
 11
66.471169
 21
8.110592
 31
0.0
  0
LINE
  5
1793
330
1F
100
AcDbEntity
  8
1
  6
CONTINUOUS
370
50
 62
4
100
AcDbLine
 10
46.331913
 20
-8.421370999999999
 30
0.0
 11
46.347569
 21
-8.417743999999999
 31
0.0
  0
LINE
  5
1794
330
1F
100
AcDbEntity
  8
1
  6
CONTINUOUS
370
50
 62
4
100
AcDbLine
 10
43.629345
 20
5.411607
 30
0.0
 11
43.635365
 21
5.413012
 31
0.0
  0
LINE
  5
1795
330
1F
100
AcDbEntity
  8
1
  6
CONTINUOUS
370
50
 62
4
100
AcDbLine
 10
56.087337
 20
-8.109900999999999
 30
0.0
 11
56.161942
 21
-8.092445999999999
 31
0.0
  0
LINE
  5
1796
330
1F
100
AcDbEntity
  8
1
  6
CONTINUOUS
370
50
 62
4
100
AcDbLine
 10
47.122688
 20
9.404760999999999
 30
0.0
 11
47.19729599999999
 21
9.422243
 31
0.0
  0
LINE
  5
1797
330
1F
100
AcDbEntity
  8
1
  6
CONTINUOUS
370
50
 62
4
100
AcDbLine
 10
35.68882
 20
-6.932715
 30
0.0
 11
35.711494
 21
-6.92739
 31
0.0
  0
LINE
  5
1798
330
1F
100
AcDbEntity
  8
1
  6
CONTINUOUS
370
50
 62
4
100
AcDbLine
 10
46.347569
 20
-8.417743999999999
 30
0.0
 11
46.363228
 21
-8.414062
 31
0.0
  0
LINE
  5
1799
330
1F
100
AcDbEntity
  8
1
  6
CONTINUOUS
370
50
 62
4
100
AcDbLine
 10
62.953281
 20
-6.637487
 30
0.0
 11
63.011803
 21
-6.623552999999999
 31
0.0
  0
LINE
  5
179A
330
1F
100
AcDbEntity
  8
1
  6
CONTINUOUS
370
50
 62
4
100
AcDbLine
 10
46.363228
 20
-8.414062
 30
0.0
 11
46.37888299999999
 21
-8.410326
 31
0.0
  0
LINE
  5
179B
330
1F
100
AcDbEntity
  8
1
  6
CONTINUOUS
370
50
 62
4
100
AcDbLine
 10
50.364037
 20
-6.437643
 30
0.0
 11
50.445847
 21
-6.417981999999999
 31
0.0
  0
LINE
  5
179C
330
1F
100
AcDbEntity
  8
1
  6
CONTINUOUS
370
50
 62
4
100
AcDbLine
 10
64.828964
 20
-8.606442
 30
0.0
 11
64.886734
 21
-8.592497
 31
0.0
  0
LINE
  5
179D
330
1F
100
AcDbEntity
  8
1
  6
CONTINUOUS
370
50
 62
4
100
AcDbLine
 10
46.37888299999999
 20
-8.410326
 30
0.0
 11
46.394543
 21
-8.406537
 31
0.0
  0
LINE
  5
179E
330
1F
100
AcDbEntity
  8
1
  6
CONTINUOUS
370
50
 62
4
100
AcDbLine
 10
66.36286199999999
 20
8.084953
 30
0.0
 11
66.41701499999999
 21
8.098080999999999
 31
0.0
  0
LINE
  5
179F
330
1F
100
AcDbEntity
  8
1
  6
CONTINUOUS
370
50
 62
4
100
AcDbLine
 10
43.623302
 20
5.410133999999999
 30
0.0
 11
43.629345
 21
5.411607
 31
0.0
  0
LINE
  5
17A0
330
1F
100
AcDbEntity
  8
1
  6
CONTINUOUS
370
50
 62
4
100
AcDbLine
 10
46.394543
 20
-8.406537
 30
0.0
 11
46.410198
 21
-8.402695
 31
0.0
  0
LINE
  5
17A1
330
1F
100
AcDbEntity
  8
1
  6
CONTINUOUS
370
50
 62
4
100
AcDbLine
 10
46.410198
 20
-8.402695
 30
0.0
 11
46.425858
 21
-8.398799
 31
0.0
  0
LINE
  5
17A2
330
1F
100
AcDbEntity
  8
1
  6
CONTINUOUS
370
50
 62
4
100
AcDbLine
 10
56.161942
 20
-8.092445999999999
 30
0.0
 11
56.236549
 21
-8.073815
 31
0.0
  0
LINE
  5
17A3
330
1F
100
AcDbEntity
  8
1
  6
CONTINUOUS
370
50
 62
4
100
AcDbLine
 10
47.048077
 20
9.385916
 30
0.0
 11
47.122688
 21
9.404760999999999
 31
0.0
  0
LINE
  5
17A4
330
1F
100
AcDbEntity
  8
1
  6
CONTINUOUS
370
50
 62
4
100
AcDbLine
 10
66.308716
 20
8.071209999999999
 30
0.0
 11
66.36286199999999
 21
8.084953
 31
0.0
  0
LINE
  5
17A5
330
1F
100
AcDbEntity
  8
1
  6
CONTINUOUS
370
50
 62
4
100
AcDbLine
 10
43.617245
 20
5.408594
 30
0.0
 11
43.623302
 21
5.410133999999999
 31
0.0
  0
LINE
  5
17A6
330
1F
100
AcDbEntity
  8
1
  6
CONTINUOUS
370
50
 62
4
100
AcDbLine
 10
64.886734
 20
-8.592497
 30
0.0
 11
64.944572
 21
-8.577779
 31
0.0
  0
LINE
  5
17A7
330
1F
100
AcDbEntity
  8
1
  6
CONTINUOUS
370
50
 62
4
100
AcDbLine
 10
65.948837
 20
-8.080148
 30
0.0
 11
65.981743
 21
-8.07174
 31
0.0
  0
LINE
  5
17A8
330
1F
100
AcDbEntity
  8
1
  6
CONTINUOUS
370
50
 62
4
100
AcDbLine
 10
60.281136
 20
-6.908590999999999
 30
0.0
 11
60.361729
 21
-6.887722999999999
 31
0.0
  0
LINE
  5
17A9
330
1F
100
AcDbEntity
  8
1
  6
CONTINUOUS
370
50
 62
4
100
AcDbLine
 10
36.64365799999999
 20
2.120386
 30
0.0
 11
36.67979
 21
2.129802
 31
0.0
  0
LINE
  5
17AA
330
1F
100
AcDbEntity
  8
1
  6
CONTINUOUS
370
50
 62
4
100
AcDbLine
 10
40.417625
 20
-5.983537999999999
 30
0.0
 11
40.44329099999999
 21
-5.976845
 31
0.0
  0
LINE
  5
17AB
330
1F
100
AcDbEntity
  8
1
  6
CONTINUOUS
370
50
 62
4
100
AcDbLine
 10
65.981743
 20
-8.07174
 30
0.0
 11
66.014656
 21
-8.063105
 31
0.0
  0
LINE
  5
17AC
330
1F
100
AcDbEntity
  8
1
  6
CONTINUOUS
370
50
 62
4
100
AcDbLine
 10
66.723587
 20
0.75001
 30
0.0
 11
66.747856
 21
0.756378
 31
0.0
  0
LINE
  5
17AD
330
1F
100
AcDbEntity
  8
1
  6
CONTINUOUS
370
50
 62
4
100
AcDbLine
 10
43.611168
 20
5.406986
 30
0.0
 11
43.617245
 21
5.408594
 31
0.0
  0
LINE
  5
17AE
330
1F
100
AcDbEntity
  8
1
  6
CONTINUOUS
370
50
 62
4
100
AcDbLine
 10
66.25456199999999
 20
8.056853
 30
0.0
 11
66.308716
 21
8.071209999999999
 31
0.0
  0
LINE
  5
17AF
330
1F
100
AcDbEntity
  8
1
  6
CONTINUOUS
370
50
 62
4
100
AcDbLine
 10
56.236549
 20
-8.073815
 30
0.0
 11
56.311165
 21
-8.054011
 31
0.0
  0
LINE
  5
17B0
330
1F
100
AcDbEntity
  8
1
  6
CONTINUOUS
370
50
 62
4
100
AcDbLine
 10
35.928867
 20
1.156138
 30
0.0
 11
35.966038
 21
1.166048
 31
0.0
  0
LINE
  5
17B1
330
1F
100
AcDbEntity
  8
1
  6
CONTINUOUS
370
50
 62
4
100
AcDbLine
 10
64.944572
 20
-8.577779
 30
0.0
 11
65.002464
 21
-8.562289
 31
0.0
  0
LINE
  5
17B2
330
1F
100
AcDbEntity
  8
1
  6
CONTINUOUS
370
50
 62
4
100
AcDbLine
 10
66.014656
 20
-8.063105
 30
0.0
 11
66.04755399999999
 21
-8.054243
 31
0.0
  0
LINE
  5
17B3
330
1F
100
AcDbEntity
  8
1
  6
CONTINUOUS
370
50
 62
4
100
AcDbLine
 10
46.973461
 20
9.365708
 30
0.0
 11
47.048077
 21
9.385916
 31
0.0
  0
LINE
  5
17B4
330
1F
100
AcDbEntity
  8
1
  6
CONTINUOUS
370
50
 62
4
100
AcDbLine
 10
37.224014
 20
9.362589
 30
0.0
 11
37.261166
 21
9.372676
 31
0.0
  0
LINE
  5
17B5
330
1F
100
AcDbEntity
  8
1
  6
CONTINUOUS
370
50
 62
4
100
AcDbLine
 10
63.011803
 20
-6.623552999999999
 30
0.0
 11
63.070538
 21
-6.607606
 31
0.0
  0
LINE
  5
17B6
330
1F
100
AcDbEntity
  8
1
  6
CONTINUOUS
370
50
 62
4
100
AcDbLine
 10
53.10453
 20
-6.157862
 30
0.0
 11
53.207321
 21
-6.129826
 31
0.0
  0
LINE
  5
17B7
330
1F
100
AcDbEntity
  8
1
  6
CONTINUOUS
370
50
 62
4
100
AcDbLine
 10
66.04755399999999
 20
-8.054243
 30
0.0
 11
66.080452
 21
-8.045155
 31
0.0
  0
LINE
  5
17B8
330
1F
100
AcDbEntity
  8
1
  6
CONTINUOUS
370
50
 62
4
100
AcDbLine
 10
66.200401
 20
8.041882
 30
0.0
 11
66.25456199999999
 21
8.056853
 31
0.0
  0
LINE
  5
17B9
330
1F
100
AcDbEntity
  8
1
  6
CONTINUOUS
370
50
 62
4
100
AcDbLine
 10
37.18681
 20
9.352191999999999
 30
0.0
 11
37.224014
 21
9.362589
 31
0.0
  0
LINE
  5
17BA
330
1F
100
AcDbEntity
  8
1
  6
CONTINUOUS
370
50
 62
4
100
AcDbLine
 10
65.002464
 20
-8.562289
 30
0.0
 11
65.06043199999999
 21
-8.546027
 31
0.0
  0
LINE
  5
17BB
330
1F
100
AcDbEntity
  8
1
  6
CONTINUOUS
370
50
 62
4
100
AcDbLine
 10
66.080452
 20
-8.045155
 30
0.0
 11
66.11335
 21
-8.03584
 31
0.0
  0
LINE
  5
17BC
330
1F
100
AcDbEntity
  8
1
  6
CONTINUOUS
370
50
 62
4
100
AcDbLine
 10
53.242893
 20
-6.119384
 30
0.0
 11
53.248821
 21
-6.117700999999999
 31
0.0
  0
LINE
  5
17BD
330
1F
100
AcDbEntity
  8
1
  6
CONTINUOUS
370
50
 62
4
100
AcDbLine
 10
53.236961
 20
-6.121083
 30
0.0
 11
53.242893
 21
-6.119384
 31
0.0
  0
LINE
  5
17BE
330
1F
100
AcDbEntity
  8
1
  6
CONTINUOUS
370
50
 62
4
100
AcDbLine
 10
50.445847
 20
-6.417981999999999
 30
0.0
 11
50.528076
 21
-6.394381999999999
 31
0.0
  0
LINE
  5
17BF
330
1F
100
AcDbEntity
  8
1
  6
CONTINUOUS
370
50
 62
4
100
AcDbLine
 10
37.149551
 20
9.341483
 30
0.0
 11
37.18681
 21
9.352191999999999
 31
0.0
  0
LINE
  5
17C0
330
1F
100
AcDbEntity
  8
1
  6
CONTINUOUS
370
50
 62
4
100
AcDbLine
 10
66.14623999999999
 20
8.026299
 30
0.0
 11
66.200401
 21
8.041882
 31
0.0
  0
LINE
  5
17C1
330
1F
100
AcDbEntity
  8
1
  6
CONTINUOUS
370
50
 62
4
100
AcDbLine
 10
46.898834
 20
9.344140999999999
 30
0.0
 11
46.973461
 21
9.365708
 31
0.0
  0
LINE
  5
17C2
330
1F
100
AcDbEntity
  8
1
  6
CONTINUOUS
370
50
 62
4
100
AcDbLine
 10
53.231033
 20
-6.122799
 30
0.0
 11
53.236961
 21
-6.121083
 31
0.0
  0
LINE
  5
17C3
330
1F
100
AcDbEntity
  8
1
  6
CONTINUOUS
370
50
 62
4
100
AcDbLine
 10
66.11335
 20
-8.03584
 30
0.0
 11
66.14623999999999
 21
-8.026299
 31
0.0
  0
LINE
  5
17C4
330
1F
100
AcDbEntity
  8
1
  6
CONTINUOUS
370
50
 62
4
100
AcDbLine
 10
53.225105
 20
-6.124530999999999
 30
0.0
 11
53.231033
 21
-6.122799
 31
0.0
  0
LINE
  5
17C5
330
1F
100
AcDbEntity
  8
1
  6
CONTINUOUS
370
50
 62
4
100
AcDbLine
 10
65.06043199999999
 20
-8.546027
 30
0.0
 11
65.118462
 21
-8.528993999999999
 31
0.0
  0
LINE
  5
17C6
330
1F
100
AcDbEntity
  8
1
  6
CONTINUOUS
370
50
 62
4
100
AcDbLine
 10
53.21917699999999
 20
-6.12628
 30
0.0
 11
53.225105
 21
-6.124530999999999
 31
0.0
  0
LINE
  5
17C7
330
1F
100
AcDbEntity
  8
1
  6
CONTINUOUS
370
50
 62
4
100
AcDbLine
 10
37.112244
 20
9.330463
 30
0.0
 11
37.149551
 21
9.341483
 31
0.0
  0
LINE
  5
17C8
330
1F
100
AcDbEntity
  8
1
  6
CONTINUOUS
370
50
 62
4
100
AcDbLine
 10
53.213249
 20
-6.128044999999999
 30
0.0
 11
53.21917699999999
 21
-6.12628
 31
0.0
  0
LINE
  5
17C9
330
1F
100
AcDbEntity
  8
1
  6
CONTINUOUS
370
50
 62
4
100
AcDbLine
 10
53.207321
 20
-6.129826
 30
0.0
 11
53.213249
 21
-6.128044999999999
 31
0.0
  0
LINE
  5
17CA
330
1F
100
AcDbEntity
  8
1
  6
CONTINUOUS
370
50
 62
4
100
AcDbLine
 10
35.670654
 20
-6.938203
 30
0.0
 11
35.68882
 21
-6.932715
 31
0.0
  0
LINE
  5
17CB
330
1F
100
AcDbEntity
  8
1
  6
CONTINUOUS
370
50
 62
4
100
AcDbLine
 10
37.074883
 20
9.319134
 30
0.0
 11
37.112244
 21
9.330463
 31
0.0
  0
LINE
  5
17CC
330
1F
100
AcDbEntity
  8
1
  6
CONTINUOUS
370
50
 62
4
100
AcDbLine
 10
40.44329099999999
 20
-5.976845
 30
0.0
 11
40.46925
 21
-5.968973
 31
0.0
  0
LINE
  5
17CD
330
1F
100
AcDbEntity
  8
1
  6
CONTINUOUS
370
50
 62
4
100
AcDbLine
 10
63.070538
 20
-6.607606
 30
0.0
 11
63.129482
 21
-6.589637
 31
0.0
  0
LINE
  5
17CE
330
1F
100
AcDbEntity
  8
1
  6
CONTINUOUS
370
50
 62
4
100
AcDbLine
 10
60.361729
 20
-6.887722999999999
 30
0.0
 11
60.44273399999999
 21
-6.863023999999999
 31
0.0
  0
LINE
  5
17CF
330
1F
100
AcDbEntity
  8
1
  6
CONTINUOUS
370
50
 62
4
100
AcDbLine
 10
66.712578
 20
0.746185
 30
0.0
 11
66.740456
 21
0.754736
 31
0.0
  0
LINE
  5
17D0
330
1F
100
AcDbEntity
  8
1
  6
CONTINUOUS
370
50
 62
4
100
AcDbLine
 10
37.037468
 20
9.307493
 30
0.0
 11
37.074883
 21
9.319134
 31
0.0
  0
LINE
  5
17D1
330
1F
100
AcDbEntity
  8
1
  6
CONTINUOUS
370
50
 62
4
100
AcDbLine
 10
65.118462
 20
-8.528993999999999
 30
0.0
 11
65.223755
 21
-8.496191999999999
 31
0.0
  0
LINE
  5
17D2
330
1F
100
AcDbEntity
  8
1
  6
CONTINUOUS
370
50
 62
4
100
AcDbLine
 10
37.0
 20
9.295542
 30
0.0
 11
37.037468
 21
9.307493
 31
0.0
  0
LINE
  5
17D3
330
1F
100
AcDbEntity
  8
1
  6
CONTINUOUS
370
50
 62
4
100
AcDbLine
 10
50.528076
 20
-6.394381999999999
 30
0.0
 11
50.553009
 21
-6.38615
 31
0.0
  0
LINE
  5
17D4
330
1F
100
AcDbEntity
  8
1
  6
CONTINUOUS
370
50
 62
4
100
AcDbLine
 10
65.223755
 20
-8.496191999999999
 30
0.0
 11
65.329346
 21
-8.460877
 31
0.0
  0
LINE
  5
17D5
330
1F
100
AcDbEntity
  8
1
  6
CONTINUOUS
370
50
 62
4
100
AcDbLine
 10
63.129482
 20
-6.589637
 30
0.0
 11
63.188644
 21
-6.569636
 31
0.0
  0
LINE
  5
17D6
330
1F
100
AcDbEntity
  8
1
  6
CONTINUOUS
370
50
 62
4
100
AcDbLine
 10
35.892574
 20
1.143607
 30
0.0
 11
35.928867
 21
1.156138
 31
0.0
  0
LINE
  5
17D7
330
1F
100
AcDbEntity
  8
1
  6
CONTINUOUS
370
50
 62
4
100
AcDbLine
 10
40.46925
 20
-5.968973
 30
0.0
 11
40.495499
 21
-5.959894999999999
 31
0.0
  0
LINE
  5
17D8
330
1F
100
AcDbEntity
  8
1
  6
CONTINUOUS
370
50
 62
4
100
AcDbLine
 10
59.51931
 20
7.058374
 30
0.0
 11
59.598831
 21
7.086043
 31
0.0
  0
LINE
  5
17D9
330
1F
100
AcDbEntity
  8
1
  6
CONTINUOUS
370
50
 62
4
100
AcDbLine
 10
60.44273399999999
 20
-6.863023999999999
 30
0.0
 11
60.524147
 21
-6.834474999999999
 31
0.0
  0
LINE
  5
17DA
330
1F
100
AcDbEntity
  8
1
  6
CONTINUOUS
370
50
 62
4
100
AcDbLine
 10
65.329346
 20
-8.460877
 30
0.0
 11
65.435249
 21
-8.423064
 31
0.0
  0
LINE
  5
17DB
330
1F
100
AcDbEntity
  8
1
  6
CONTINUOUS
370
50
 62
4
100
AcDbLine
 10
50.553009
 20
-6.38615
 30
0.0
 11
50.578247
 21
-6.376811
 31
0.0
  0
LINE
  5
17DC
330
1F
100
AcDbEntity
  8
1
  6
CONTINUOUS
370
50
 62
4
100
AcDbLine
 10
63.188644
 20
-6.569636
 30
0.0
 11
63.24802399999999
 21
-6.547594999999999
 31
0.0
  0
LINE
  5
17DD
330
1F
100
AcDbEntity
  8
1
  6
CONTINUOUS
370
50
 62
4
100
AcDbLine
 10
65.435249
 20
-8.423064
 30
0.0
 11
65.54148099999999
 21
-8.382767
 31
0.0
  0
LINE
  5
17DE
330
1F
100
AcDbEntity
  8
1
  6
CONTINUOUS
370
50
 62
4
100
AcDbLine
 10
66.699394
 20
0.740784
 30
0.0
 11
66.723587
 21
0.75001
 31
0.0
  0
LINE
  5
17DF
330
1F
100
AcDbEntity
  8
1
  6
CONTINUOUS
370
50
 62
4
100
AcDbLine
 10
40.495499
 20
-5.959894999999999
 30
0.0
 11
40.52203
 21
-5.949586
 31
0.0
  0
LINE
  5
17E0
330
1F
100
AcDbEntity
  8
1
  6
CONTINUOUS
370
50
 62
4
100
AcDbLine
 10
59.439289
 20
7.027138
 30
0.0
 11
59.51931
 21
7.058374
 31
0.0
  0
LINE
  5
17E1
330
1F
100
AcDbEntity
  8
1
  6
CONTINUOUS
370
50
 62
4
100
AcDbLine
 10
60.524147
 20
-6.834474999999999
 30
0.0
 11
60.605984
 21
-6.802057
 31
0.0
  0
LINE
  5
17E2
330
1F
100
AcDbEntity
  8
1
  6
CONTINUOUS
370
50
 62
4
100
AcDbLine
 10
65.54148099999999
 20
-8.382767
 30
0.0
 11
65.64806399999999
 21
-8.339996
 31
0.0
  0
LINE
  5
17E3
330
1F
100
AcDbEntity
  8
1
  6
CONTINUOUS
370
50
 62
4
100
AcDbLine
 10
63.24802399999999
 20
-6.547594999999999
 30
0.0
 11
63.307621
 21
-6.523505
 31
0.0
  0
LINE
  5
17E4
330
1F
100
AcDbEntity
  8
1
  6
CONTINUOUS
370
50
 62
4
100
AcDbLine
 10
35.657417
 20
-6.943556
 30
0.0
 11
35.670654
 21
-6.938203
 31
0.0
  0
LINE
  5
17E5
330
1F
100
AcDbEntity
  8
1
  6
CONTINUOUS
370
50
 62
4
100
AcDbLine
 10
50.578247
 20
-6.376811
 30
0.0
 11
50.603794
 21
-6.366344
 31
0.0
  0
LINE
  5
17E6
330
1F
100
AcDbEntity
  8
1
  6
CONTINUOUS
370
50
 62
4
100
AcDbLine
 10
65.64806399999999
 20
-8.339996
 30
0.0
 11
65.754997
 21
-8.294767
 31
0.0
  0
LINE
  5
17E7
330
1F
100
AcDbEntity
  8
1
  6
CONTINUOUS
370
50
 62
4
100
AcDbLine
 10
40.52203
 20
-5.949586
 30
0.0
 11
40.548828
 21
-5.938021
 31
0.0
  0
LINE
  5
17E8
330
1F
100
AcDbEntity
  8
1
  6
CONTINUOUS
370
50
 62
4
100
AcDbLine
 10
59.358765
 20
6.992321
 30
0.0
 11
59.439289
 21
7.027138
 31
0.0
  0
LINE
  5
17E9
330
1F
100
AcDbEntity
  8
1
  6
CONTINUOUS
370
50
 62
4
100
AcDbLine
 10
35.857502
 20
1.128305
 30
0.0
 11
35.892574
 21
1.143607
 31
0.0
  0
LINE
  5
17EA
330
1F
100
AcDbEntity
  8
1
  6
CONTINUOUS
370
50
 62
4
100
AcDbLine
 10
63.307621
 20
-6.523505
 30
0.0
 11
63.367435
 21
-6.497356
 31
0.0
  0
LINE
  5
17EB
330
1F
100
AcDbEntity
  8
1
  6
CONTINUOUS
370
50
 62
4
100
AcDbLine
 10
63.402908
 20
-6.481523
 30
0.0
 11
63.408821
 21
-6.478931999999999
 31
0.0
  0
LINE
  5
17EC
330
1F
100
AcDbEntity
  8
1
  6
CONTINUOUS
370
50
 62
4
100
AcDbLine
 10
63.39699599999999
 20
-6.484127
 30
0.0
 11
63.402908
 21
-6.481523
 31
0.0
  0
LINE
  5
17ED
330
1F
100
AcDbEntity
  8
1
  6
CONTINUOUS
370
50
 62
4
100
AcDbLine
 10
60.605984
 20
-6.802057
 30
0.0
 11
60.68824
 21
-6.76575
 31
0.0
  0
LINE
  5
17EE
330
1F
100
AcDbEntity
  8
1
  6
CONTINUOUS
370
50
 62
4
100
AcDbLine
 10
63.39108299999999
 20
-6.486745
 30
0.0
 11
63.39699599999999
 21
-6.484127
 31
0.0
  0
LINE
  5
17EF
330
1F
100
AcDbEntity
  8
1
  6
CONTINUOUS
370
50
 62
4
100
AcDbLine
 10
65.754997
 20
-8.294767
 30
0.0
 11
65.862267
 21
-8.247114999999999
 31
0.0
  0
LINE
  5
17F0
330
1F
100
AcDbEntity
  8
1
  6
CONTINUOUS
370
50
 62
4
100
AcDbLine
 10
63.38517
 20
-6.489376999999999
 30
0.0
 11
63.39108299999999
 21
-6.486745
 31
0.0
  0
LINE
  5
17F1
330
1F
100
AcDbEntity
  8
1
  6
CONTINUOUS
370
50
 62
4
100
AcDbLine
 10
66.684853
 20
0.733781
 30
0.0
 11
66.712578
 21
0.746185
 31
0.0
  0
LINE
  5
17F2
330
1F
100
AcDbEntity
  8
1
  6
CONTINUOUS
370
50
 62
4
100
AcDbLine
 10
63.379257
 20
-6.492023
 30
0.0
 11
63.38517
 21
-6.489376999999999
 31
0.0
  0
LINE
  5
17F3
330
1F
100
AcDbEntity
  8
1
  6
CONTINUOUS
370
50
 62
4
100
AcDbLine
 10
50.603794
 20
-6.366344
 30
0.0
 11
50.629631
 21
-6.354729
 31
0.0
  0
LINE
  5
17F4
330
1F
100
AcDbEntity
  8
1
  6
CONTINUOUS
370
50
 62
4
100
AcDbLine
 10
63.373344
 20
-6.494682999999999
 30
0.0
 11
63.379257
 21
-6.492023
 31
0.0
  0
LINE
  5
17F5
330
1F
100
AcDbEntity
  8
1
  6
CONTINUOUS
370
50
 62
4
100
AcDbLine
 10
63.367435
 20
-6.497356
 30
0.0
 11
63.373344
 21
-6.494682999999999
 31
0.0
  0
LINE
  5
17F6
330
1F
100
AcDbEntity
  8
1
  6
CONTINUOUS
370
50
 62
4
100
AcDbLine
 10
59.277786
 20
6.953935
 30
0.0
 11
59.358765
 21
6.992321
 31
0.0
  0
LINE
  5
17F7
330
1F
100
AcDbEntity
  8
1
  6
CONTINUOUS
370
50
 62
4
100
AcDbLine
 10
60.68824
 20
-6.76575
 30
0.0
 11
60.71315
 21
-6.75373
 31
0.0
  0
LINE
  5
17F8
330
1F
100
AcDbEntity
  8
1
  6
CONTINUOUS
370
50
 62
4
100
AcDbLine
 10
50.629631
 20
-6.354729
 30
0.0
 11
50.65575399999999
 21
-6.341944
 31
0.0
  0
LINE
  5
17F9
330
1F
100
AcDbEntity
  8
1
  6
CONTINUOUS
370
50
 62
4
100
AcDbLine
 10
49.359234
 20
7.464004999999999
 30
0.0
 11
49.438835
 21
7.503654999999999
 31
0.0
  0
LINE
  5
17FA
330
1F
100
AcDbEntity
  8
1
  6
CONTINUOUS
370
50
 62
4
100
AcDbLine
 10
66.67534599999999
 20
0.728567
 30
0.0
 11
66.699394
 21
0.740784
 31
0.0
  0
LINE
  5
17FB
330
1F
100
AcDbEntity
  8
1
  6
CONTINUOUS
370
50
 62
4
100
AcDbLine
 10
59.196358
 20
6.911973
 30
0.0
 11
59.277786
 21
6.953935
 31
0.0
  0
LINE
  5
17FC
330
1F
100
AcDbEntity
  8
1
  6
CONTINUOUS
370
50
 62
4
100
AcDbLine
 10
61.895576
 20
7.214613
 30
0.0
 11
61.97125999999999
 21
7.253849
 31
0.0
  0
LINE
  5
17FD
330
1F
100
AcDbEntity
  8
1
  6
CONTINUOUS
370
50
 62
4
100
AcDbLine
 10
60.71315
 20
-6.75373
 30
0.0
 11
60.738369
 21
-6.740622999999999
 31
0.0
  0
LINE
  5
17FE
330
1F
100
AcDbEntity
  8
1
  6
CONTINUOUS
370
50
 62
4
100
AcDbLine
 10
36.607208
 20
2.101306
 30
0.0
 11
36.64365799999999
 21
2.120386
 31
0.0
  0
LINE
  5
17FF
330
1F
100
AcDbEntity
  8
1
  6
CONTINUOUS
370
50
 62
4
100
AcDbLine
 10
50.65575399999999
 20
-6.341944
 30
0.0
 11
50.682159
 21
-6.327969
 31
0.0
  0
LINE
  5
1800
330
1F
100
AcDbEntity
  8
1
  6
CONTINUOUS
370
50
 62
4
100
AcDbLine
 10
49.279228
 20
7.420887
 30
0.0
 11
49.359234
 21
7.464004999999999
 31
0.0
  0
LINE
  5
1801
330
1F
100
AcDbEntity
  8
1
  6
CONTINUOUS
370
50
 62
4
100
AcDbLine
 10
35.824081
 20
1.110154
 30
0.0
 11
35.857502
 21
1.128305
 31
0.0
  0
LINE
  5
1802
330
1F
100
AcDbEntity
  8
1
  6
CONTINUOUS
370
50
 62
4
100
AcDbLine
 10
59.11447099999999
 20
6.866431
 30
0.0
 11
59.196358
 21
6.911973
 31
0.0
  0
LINE
  5
1803
330
1F
100
AcDbEntity
  8
1
  6
CONTINUOUS
370
50
 62
4
100
AcDbLine
 10
61.81949599999999
 20
7.172256
 30
0.0
 11
61.895576
 21
7.214613
 31
0.0
  0
LINE
  5
1804
330
1F
100
AcDbEntity
  8
1
  6
CONTINUOUS
370
50
 62
4
100
AcDbLine
 10
60.738369
 20
-6.740622999999999
 30
0.0
 11
60.763889
 21
-6.72641
 31
0.0
  0
LINE
  5
1805
330
1F
100
AcDbEntity
  8
1
  6
CONTINUOUS
370
50
 62
4
100
AcDbLine
 10
50.682159
 20
-6.327969
 30
0.0
 11
50.708828
 21
-6.312781999999999
 31
0.0
  0
LINE
  5
1806
330
1F
100
AcDbEntity
  8
1
  6
CONTINUOUS
370
50
 62
4
100
AcDbLine
 10
49.198792
 20
7.374286
 30
0.0
 11
49.279228
 21
7.420887
 31
0.0
  0
LINE
  5
1807
330
1F
100
AcDbEntity
  8
1
  6
CONTINUOUS
370
50
 62
4
100
AcDbLine
 10
35.648411
 20
-6.948811
 30
0.0
 11
35.657417
 21
-6.943556
 31
0.0
  0
LINE
  5
1808
330
1F
100
AcDbEntity
  8
1
  6
CONTINUOUS
370
50
 62
4
100
AcDbLine
 10
51.880058
 20
7.670025
 30
0.0
 11
51.97890899999999
 21
7.728049
 31
0.0
  0
LINE
  5
1809
330
1F
100
AcDbEntity
  8
1
  6
CONTINUOUS
370
50
 62
4
100
AcDbLine
 10
60.763889
 20
-6.72641
 30
0.0
 11
60.789703
 21
-6.711077
 31
0.0
  0
LINE
  5
180A
330
1F
100
AcDbEntity
  8
1
  6
CONTINUOUS
370
50
 62
4
100
AcDbLine
 10
61.743004
 20
7.126763
 30
0.0
 11
61.81949599999999
 21
7.172256
 31
0.0
  0
LINE
  5
180B
330
1F
100
AcDbEntity
  8
1
  6
CONTINUOUS
370
50
 62
4
100
AcDbLine
 10
59.032127
 20
6.817302
 30
0.0
 11
59.11447099999999
 21
6.866431
 31
0.0
  0
LINE
  5
180C
330
1F
100
AcDbEntity
  8
1
  6
CONTINUOUS
370
50
 62
4
100
AcDbLine
 10
66.65737899999999
 20
0.7173269999999999
 30
0.0
 11
66.684853
 21
0.733781
 31
0.0
  0
LINE
  5
180D
330
1F
100
AcDbEntity
  8
1
  6
CONTINUOUS
370
50
 62
4
100
AcDbLine
 10
49.117901
 20
7.324184
 30
0.0
 11
49.198792
 21
7.374286
 31
0.0
  0
LINE
  5
180E
330
1F
100
AcDbEntity
  8
1
  6
CONTINUOUS
370
50
 62
4
100
AcDbLine
 10
60.789703
 20
-6.711077
 30
0.0
 11
60.815804
 21
-6.694605999999999
 31
0.0
  0
LINE
  5
180F
330
1F
100
AcDbEntity
  8
1
  6
CONTINUOUS
370
50
 62
4
100
AcDbLine
 10
61.66608799999999
 20
7.078119
 30
0.0
 11
61.743004
 21
7.126763
 31
0.0
  0
LINE
  5
1810
330
1F
100
AcDbEntity
  8
1
  6
CONTINUOUS
370
50
 62
4
100
AcDbLine
 10
51.780521
 20
7.606713
 30
0.0
 11
51.880058
 21
7.670025
 31
0.0
  0
LINE
  5
1811
330
1F
100
AcDbEntity
  8
1
  6
CONTINUOUS
370
50
 62
4
100
AcDbLine
 10
39.19623199999999
 20
7.831808
 30
0.0
 11
39.279427
 21
7.88512
 31
0.0
  0
LINE
  5
1812
330
1F
100
AcDbEntity
  8
1
  6
CONTINUOUS
370
50
 62
4
100
AcDbLine
 10
66.651505
 20
0.7132299999999999
 30
0.0
 11
66.67534599999999
 21
0.728567
 31
0.0
  0
LINE
  5
1813
330
1F
100
AcDbEntity
  8
1
  6
CONTINUOUS
370
50
 62
4
100
AcDbLine
 10
49.03653
 20
7.270563999999999
 30
0.0
 11
49.117901
 21
7.324184
 31
0.0
  0
LINE
  5
1814
330
1F
100
AcDbEntity
  8
1
  6
CONTINUOUS
370
50
 62
4
100
AcDbLine
 10
60.815804
 20
-6.694605999999999
 30
0.0
 11
60.84218199999999
 21
-6.676982
 31
0.0
  0
LINE
  5
1815
330
1F
100
AcDbEntity
  8
1
  6
CONTINUOUS
370
50
 62
4
100
AcDbLine
 10
61.58873699999999
 20
7.02631
 30
0.0
 11
61.66608799999999
 21
7.078119
 31
0.0
  0
LINE
  5
1816
330
1F
100
AcDbEntity
  8
1
  6
CONTINUOUS
370
50
 62
4
100
AcDbLine
 10
35.792572
 20
1.089031
 30
0.0
 11
35.824081
 21
1.110154
 31
0.0
  0
LINE
  5
1817
330
1F
100
AcDbEntity
  8
1
  6
CONTINUOUS
370
50
 62
4
100
AcDbLine
 10
39.113605
 20
7.775634999999999
 30
0.0
 11
39.19623199999999
 21
7.831808
 31
0.0
  0
LINE
  5
1818
330
1F
100
AcDbEntity
  8
1
  6
CONTINUOUS
370
50
 62
4
100
AcDbLine
 10
51.680286
 20
7.538087999999999
 30
0.0
 11
51.780521
 21
7.606713
 31
0.0
  0
LINE
  5
1819
330
1F
100
AcDbEntity
  8
1
  6
CONTINUOUS
370
50
 62
4
100
AcDbLine
 10
48.954655
 20
7.213409
 30
0.0
 11
49.03653
 21
7.270563999999999
 31
0.0
  0
LINE
  5
181A
330
1F
100
AcDbEntity
  8
1
  6
CONTINUOUS
370
50
 62
4
100
AcDbLine
 10
48.691235
 20
7.021668999999999
 30
0.0
 11
48.71678499999999
 21
7.039507
 31
0.0
  0
LINE
  5
181B
330
1F
100
AcDbEntity
  8
1
  6
CONTINUOUS
370
50
 62
4
100
AcDbLine
 10
60.84218199999999
 20
-6.676982
 30
0.0
 11
60.868828
 21
-6.658187
 31
0.0
  0
LINE
  5
181C
330
1F
100
AcDbEntity
  8
1
  6
CONTINUOUS
370
50
 62
4
100
AcDbLine
 10
48.71678499999999
 20
7.039507
 30
0.0
 11
48.742466
 21
7.057642
 31
0.0
  0
LINE
  5
181D
330
1F
100
AcDbEntity
  8
1
  6
CONTINUOUS
370
50
 62
4
100
AcDbLine
 10
61.510929
 20
6.971318999999999
 30
0.0
 11
61.58873699999999
 21
7.02631
 31
0.0
  0
LINE
  5
181E
330
1F
100
AcDbEntity
  8
1
  6
CONTINUOUS
370
50
 62
4
100
AcDbLine
 10
48.742466
 20
7.057642
 30
0.0
 11
48.768257
 21
7.076072
 31
0.0
  0
LINE
  5
181F
330
1F
100
AcDbEntity
  8
1
  6
CONTINUOUS
370
50
 62
4
100
AcDbLine
 10
44.881165
 20
-8.262718
 30
0.0
 11
44.980099
 21
-8.191875
 31
0.0
  0
LINE
  5
1820
330
1F
100
AcDbEntity
  8
1
  6
CONTINUOUS
370
50
 62
4
100
AcDbLine
 10
39.031658
 20
7.716741
 30
0.0
 11
39.113605
 21
7.775634999999999
 31
0.0
  0
LINE
  5
1821
330
1F
100
AcDbEntity
  8
1
  6
CONTINUOUS
370
50
 62
4
100
AcDbLine
 10
48.768257
 20
7.076072
 30
0.0
 11
48.794147
 21
7.094796
 31
0.0
  0
LINE
  5
1822
330
1F
100
AcDbEntity
  8
1
  6
CONTINUOUS
370
50
 62
4
100
AcDbLine
 10
48.794147
 20
7.094796
 30
0.0
 11
48.820122
 21
7.11381
 31
0.0
  0
LINE
  5
1823
330
1F
100
AcDbEntity
  8
1
  6
CONTINUOUS
370
50
 62
4
100
AcDbLine
 10
51.579407
 20
7.464174
 30
0.0
 11
51.680286
 21
7.538087999999999
 31
0.0
  0
LINE
  5
1824
330
1F
100
AcDbEntity
  8
1
  6
CONTINUOUS
370
50
 62
4
100
AcDbLine
 10
41.720093
 20
8.017638
 30
0.0
 11
41.818836
 21
8.090071
 31
0.0
  0
LINE
  5
1825
330
1F
100
AcDbEntity
  8
1
  6
CONTINUOUS
370
50
 62
4
100
AcDbLine
 10
48.87225
 20
7.152702
 30
0.0
 11
48.954655
 21
7.213409
 31
0.0
  0
LINE
  5
1826
330
1F
100
AcDbEntity
  8
1
  6
CONTINUOUS
370
50
 62
4
100
AcDbLine
 10
48.820122
 20
7.11381
 30
0.0
 11
48.846161
 21
7.133113
 31
0.0
  0
LINE
  5
1827
330
1F
100
AcDbEntity
  8
1
  6
CONTINUOUS
370
50
 62
4
100
AcDbLine
 10
61.432652
 20
6.913132
 30
0.0
 11
61.510929
 21
6.971318999999999
 31
0.0
  0
LINE
  5
1828
330
1F
100
AcDbEntity
  8
1
  6
CONTINUOUS
370
50
 62
4
100
AcDbLine
 10
48.846161
 20
7.133113
 30
0.0
 11
48.87225
 21
7.152702
 31
0.0
  0
LINE
  5
1829
330
1F
100
AcDbEntity
  8
1
  6
CONTINUOUS
370
50
 62
4
100
AcDbLine
 10
38.950493
 20
7.655265
 30
0.0
 11
39.031658
 21
7.716741
 31
0.0
  0
LINE
  5
182A
330
1F
100
AcDbEntity
  8
1
  6
CONTINUOUS
370
50
 62
4
100
AcDbLine
 10
66.63024899999999
 20
0.6966279999999999
 30
0.0
 11
66.65737899999999
 21
0.7173269999999999
 31
0.0
  0
LINE
  5
182B
330
1F
100
AcDbEntity
  8
1
  6
CONTINUOUS
370
50
 62
4
100
AcDbLine
 10
61.426781
 20
6.908638
 30
0.0
 11
61.432652
 21
6.913132
 31
0.0
  0
LINE
  5
182C
330
1F
100
AcDbEntity
  8
1
  6
CONTINUOUS
370
50
 62
4
100
AcDbLine
 10
44.980099
 20
-8.191875
 30
0.0
 11
45.07958199999999
 21
-8.115579
 31
0.0
  0
LINE
  5
182D
330
1F
100
AcDbEntity
  8
1
  6
CONTINUOUS
370
50
 62
4
100
AcDbLine
 10
61.420887
 20
6.904083
 30
0.0
 11
61.426781
 21
6.908638
 31
0.0
  0
LINE
  5
182E
330
1F
100
AcDbEntity
  8
1
  6
CONTINUOUS
370
50
 62
4
100
AcDbLine
 10
51.477932
 20
7.385018
 30
0.0
 11
51.579407
 21
7.464174
 31
0.0
  0
LINE
  5
182F
330
1F
100
AcDbEntity
  8
1
  6
CONTINUOUS
370
50
 62
4
100
AcDbLine
 10
41.620659
 20
7.940048
 30
0.0
 11
41.720093
 21
8.017638
 31
0.0
  0
LINE
  5
1830
330
1F
100
AcDbEntity
  8
1
  6
CONTINUOUS
370
50
 62
4
100
AcDbLine
 10
61.414978
 20
6.899468
 30
0.0
 11
61.420887
 21
6.904083
 31
0.0
  0
LINE
  5
1831
330
1F
100
AcDbEntity
  8
1
  6
CONTINUOUS
370
50
 62
4
100
AcDbLine
 10
66.627937
 20
0.694643
 30
0.0
 11
66.651505
 21
0.7132299999999999
 31
0.0
  0
LINE
  5
1832
330
1F
100
AcDbEntity
  8
1
  6
CONTINUOUS
370
50
 62
4
100
AcDbLine
 10
36.570557
 20
2.072393
 30
0.0
 11
36.607208
 21
2.101306
 31
0.0
  0
LINE
  5
1833
330
1F
100
AcDbEntity
  8
1
  6
CONTINUOUS
370
50
 62
4
100
AcDbLine
 10
61.409054
 20
6.894793
 30
0.0
 11
61.414978
 21
6.899468
 31
0.0
  0
LINE
  5
1834
330
1F
100
AcDbEntity
  8
1
  6
CONTINUOUS
370
50
 62
4
100
AcDbLine
 10
38.870224
 20
7.591345
 30
0.0
 11
38.950493
 21
7.655265
 31
0.0
  0
LINE
  5
1835
330
1F
100
AcDbEntity
  8
1
  6
CONTINUOUS
370
50
 62
4
100
AcDbLine
 10
61.403111
 20
6.890058
 30
0.0
 11
61.409054
 21
6.894793
 31
0.0
  0
LINE
  5
1836
330
1F
100
AcDbEntity
  8
1
  6
CONTINUOUS
370
50
 62
4
100
AcDbLine
 10
42.341141
 20
-8.442476
 30
0.0
 11
42.42086399999999
 21
-8.378758999999999
 31
0.0
  0
LINE
  5
1837
330
1F
100
AcDbEntity
  8
1
  6
CONTINUOUS
370
50
 62
4
100
AcDbLine
 10
61.39714799999999
 20
6.885261
 30
0.0
 11
61.403111
 21
6.890058
 31
0.0
  0
LINE
  5
1838
330
1F
100
AcDbEntity
  8
1
  6
CONTINUOUS
370
50
 62
4
100
AcDbLine
 10
61.391167
 20
6.880404
 30
0.0
 11
61.39714799999999
 21
6.885261
 31
0.0
  0
LINE
  5
1839
330
1F
100
AcDbEntity
  8
1
  6
CONTINUOUS
370
50
 62
4
100
AcDbLine
 10
45.07958199999999
 20
-8.115579
 30
0.0
 11
45.17965299999999
 21
-8.033802999999999
 31
0.0
  0
LINE
  5
183A
330
1F
100
AcDbEntity
  8
1
  6
CONTINUOUS
370
50
 62
4
100
AcDbLine
 10
35.763233
 20
1.064811
 30
0.0
 11
35.792572
 21
1.089031
 31
0.0
  0
LINE
  5
183B
330
1F
100
AcDbEntity
  8
1
  6
CONTINUOUS
370
50
 62
4
100
AcDbLine
 10
41.520531
 20
7.857296
 30
0.0
 11
41.620659
 21
7.940048
 31
0.0
  0
LINE
  5
183C
330
1F
100
AcDbEntity
  8
1
  6
CONTINUOUS
370
50
 62
4
100
AcDbLine
 10
51.375771
 20
7.30056
 30
0.0
 11
51.477932
 21
7.385018
 31
0.0
  0
LINE
  5
183D
330
1F
100
AcDbEntity
  8
1
  6
CONTINUOUS
370
50
 62
4
100
AcDbLine
 10
38.790958
 20
7.525122
 30
0.0
 11
38.870224
 21
7.591345
 31
0.0
  0
LINE
  5
183E
330
1F
100
AcDbEntity
  8
1
  6
CONTINUOUS
370
50
 62
4
100
AcDbLine
 10
42.42086399999999
 20
-8.378758999999999
 30
0.0
 11
42.501007
 21
-8.311513999999999
 31
0.0
  0
LINE
  5
183F
330
1F
100
AcDbEntity
  8
1
  6
CONTINUOUS
370
50
 62
4
100
AcDbLine
 10
38.531193
 20
7.298455
 30
0.0
 11
38.556866
 21
7.320352
 31
0.0
  0
LINE
  5
1840
330
1F
100
AcDbEntity
  8
1
  6
CONTINUOUS
370
50
 62
4
100
AcDbLine
 10
38.556866
 20
7.320352
 30
0.0
 11
38.582657
 21
7.342495
 31
0.0
  0
LINE
  5
1841
330
1F
100
AcDbEntity
  8
1
  6
CONTINUOUS
370
50
 62
4
100
AcDbLine
 10
38.582657
 20
7.342495
 30
0.0
 11
38.608547
 21
7.364879999999999
 31
0.0
  0
LINE
  5
1842
330
1F
100
AcDbEntity
  8
1
  6
CONTINUOUS
370
50
 62
4
100
AcDbLine
 10
45.17965299999999
 20
-8.033802999999999
 30
0.0
 11
45.280357
 21
-7.946522
 31
0.0
  0
LINE
  5
1843
330
1F
100
AcDbEntity
  8
1
  6
CONTINUOUS
370
50
 62
4
100
AcDbLine
 10
55.04116399999999
 20
-8.566661999999999
 30
0.0
 11
55.140179
 21
-8.480656999999999
 31
0.0
  0
LINE
  5
1844
330
1F
100
AcDbEntity
  8
1
  6
CONTINUOUS
370
50
 62
4
100
AcDbLine
 10
38.608547
 20
7.364879999999999
 30
0.0
 11
38.634521
 21
7.387500999999999
 31
0.0
  0
LINE
  5
1845
330
1F
100
AcDbEntity
  8
1
  6
CONTINUOUS
370
50
 62
4
100
AcDbLine
 10
41.419697
 20
7.76938
 30
0.0
 11
41.520531
 21
7.857296
 31
0.0
  0
LINE
  5
1846
330
1F
100
AcDbEntity
  8
1
  6
CONTINUOUS
370
50
 62
4
100
AcDbLine
 10
51.272827
 20
7.210741
 30
0.0
 11
51.375771
 21
7.30056
 31
0.0
  0
LINE
  5
1847
330
1F
100
AcDbEntity
  8
1
  6
CONTINUOUS
370
50
 62
4
100
AcDbLine
 10
38.712803
 20
7.456733
 30
0.0
 11
38.790958
 21
7.525122
 31
0.0
  0
LINE
  5
1848
330
1F
100
AcDbEntity
  8
1
  6
CONTINUOUS
370
50
 62
4
100
AcDbLine
 10
38.634521
 20
7.387500999999999
 30
0.0
 11
38.660564
 21
7.410354
 31
0.0
  0
LINE
  5
1849
330
1F
100
AcDbEntity
  8
1
  6
CONTINUOUS
370
50
 62
4
100
AcDbLine
 10
42.501007
 20
-8.311513999999999
 30
0.0
 11
42.58157
 21
-8.240742
 31
0.0
  0
LINE
  5
184A
330
1F
100
AcDbEntity
  8
1
  6
CONTINUOUS
370
50
 62
4
100
AcDbLine
 10
38.660564
 20
7.410354
 30
0.0
 11
38.686665
 21
7.433433
 31
0.0
  0
LINE
  5
184B
330
1F
100
AcDbEntity
  8
1
  6
CONTINUOUS
370
50
 62
4
100
AcDbLine
 10
38.686665
 20
7.433433
 30
0.0
 11
38.712803
 21
7.456733
 31
0.0
  0
LINE
  5
184C
330
1F
100
AcDbEntity
  8
1
  6
CONTINUOUS
370
50
 62
4
100
AcDbLine
 10
51.26693
 20
7.205441
 30
0.0
 11
51.272827
 21
7.210741
 31
0.0
  0
LINE
  5
184D
330
1F
100
AcDbEntity
  8
1
  6
CONTINUOUS
370
50
 62
4
100
AcDbLine
 10
51.261017
 20
7.200082999999999
 30
0.0
 11
51.26693
 21
7.205441
 31
0.0
  0
LINE
  5
184E
330
1F
100
AcDbEntity
  8
1
  6
CONTINUOUS
370
50
 62
4
100
AcDbLine
 10
51.255081
 20
7.194665
 30
0.0
 11
51.261017
 21
7.200082999999999
 31
0.0
  0
LINE
  5
184F
330
1F
100
AcDbEntity
  8
1
  6
CONTINUOUS
370
50
 62
4
100
AcDbLine
 10
45.280357
 20
-7.946522
 30
0.0
 11
45.381737
 21
-7.853707
 31
0.0
  0
LINE
  5
1850
330
1F
100
AcDbEntity
  8
1
  6
CONTINUOUS
370
50
 62
4
100
AcDbLine
 10
41.318153
 20
7.676295
 30
0.0
 11
41.419697
 21
7.76938
 31
0.0
  0
LINE
  5
1851
330
1F
100
AcDbEntity
  8
1
  6
CONTINUOUS
370
50
 62
4
100
AcDbLine
 10
55.140179
 20
-8.480656999999999
 30
0.0
 11
55.239822
 21
-8.389297
 31
0.0
  0
LINE
  5
1852
330
1F
100
AcDbEntity
  8
1
  6
CONTINUOUS
370
50
 62
4
100
AcDbLine
 10
42.58157
 20
-8.240742
 30
0.0
 11
42.662537
 21
-8.166457
 31
0.0
  0
LINE
  5
1853
330
1F
100
AcDbEntity
  8
1
  6
CONTINUOUS
370
50
 62
4
100
AcDbLine
 10
51.24913
 20
7.189189
 30
0.0
 11
51.255081
 21
7.194665
 31
0.0
  0
LINE
  5
1854
330
1F
100
AcDbEntity
  8
1
  6
CONTINUOUS
370
50
 62
4
100
AcDbLine
 10
51.24316
 20
7.183653
 30
0.0
 11
51.24913
 21
7.189189
 31
0.0
  0
LINE
  5
1855
330
1F
100
AcDbEntity
  8
1
  6
CONTINUOUS
370
50
 62
4
100
AcDbLine
 10
51.237171
 20
7.178058999999999
 30
0.0
 11
51.24316
 21
7.183653
 31
0.0
  0
LINE
  5
1856
330
1F
100
AcDbEntity
  8
1
  6
CONTINUOUS
370
50
 62
4
100
AcDbLine
 10
51.231167
 20
7.172404999999999
 30
0.0
 11
51.237171
 21
7.178058999999999
 31
0.0
  0
LINE
  5
1857
330
1F
100
AcDbEntity
  8
1
  6
CONTINUOUS
370
50
 62
4
100
AcDbLine
 10
66.603584
 20
0.6715099999999999
 30
0.0
 11
66.63024899999999
 21
0.6966279999999999
 31
0.0
  0
LINE
  5
1858
330
1F
100
AcDbEntity
  8
1
  6
CONTINUOUS
370
50
 62
4
100
AcDbLine
 10
66.604767
 20
0.67274
 30
0.0
 11
66.627937
 21
0.694643
 31
0.0
  0
LINE
  5
1859
330
1F
100
AcDbEntity
  8
1
  6
CONTINUOUS
370
50
 62
4
100
AcDbLine
 10
52.501152
 20
-8.723537
 30
0.0
 11
52.580875
 21
-8.647836999999999
 31
0.0
  0
LINE
  5
185A
330
1F
100
AcDbEntity
  8
1
  6
CONTINUOUS
370
50
 62
4
100
AcDbLine
 10
42.662537
 20
-8.166457
 30
0.0
 11
42.74391199999999
 21
-8.088662
 31
0.0
  0
LINE
  5
185B
330
1F
100
AcDbEntity
  8
1
  6
CONTINUOUS
370
50
 62
4
100
AcDbLine
 10
41.215885
 20
7.578036999999999
 30
0.0
 11
41.318153
 21
7.676295
 31
0.0
  0
LINE
  5
185C
330
1F
100
AcDbEntity
  8
1
  6
CONTINUOUS
370
50
 62
4
100
AcDbLine
 10
45.381737
 20
-7.853707
 30
0.0
 11
45.483833
 21
-7.755331999999999
 31
0.0
  0
LINE
  5
185D
330
1F
100
AcDbEntity
  8
1
  6
CONTINUOUS
370
50
 62
4
100
AcDbLine
 10
55.239822
 20
-8.389297
 30
0.0
 11
55.340099
 21
-8.29258
 31
0.0
  0
LINE
  5
185E
330
1F
100
AcDbEntity
  8
1
  6
CONTINUOUS
370
50
 62
4
100
AcDbLine
 10
52.580875
 20
-8.647836999999999
 30
0.0
 11
52.660999
 21
-8.568738999999999
 31
0.0
  0
LINE
  5
185F
330
1F
100
AcDbEntity
  8
1
  6
CONTINUOUS
370
50
 62
4
100
AcDbLine
 10
42.74391199999999
 20
-8.088662
 30
0.0
 11
42.825706
 21
-8.007358
 31
0.0
  0
LINE
  5
1860
330
1F
100
AcDbEntity
  8
1
  6
CONTINUOUS
370
50
 62
4
100
AcDbLine
 10
35.643299
 20
-6.953907
 30
0.0
 11
35.648411
 21
-6.948811
 31
0.0
  0
LINE
  5
1861
330
1F
100
AcDbEntity
  8
1
  6
CONTINUOUS
370
50
 62
4
100
AcDbLine
 10
41.112892
 20
7.474602999999999
 30
0.0
 11
41.215885
 21
7.578036999999999
 31
0.0
  0
LINE
  5
1862
330
1F
100
AcDbEntity
  8
1
  6
CONTINUOUS
370
50
 62
4
100
AcDbLine
 10
45.483833
 20
-7.755331999999999
 30
0.0
 11
45.586689
 21
-7.651369
 31
0.0
  0
LINE
  5
1863
330
1F
100
AcDbEntity
  8
1
  6
CONTINUOUS
370
50
 62
4
100
AcDbLine
 10
55.340099
 20
-8.29258
 30
0.0
 11
55.440941
 21
-8.190591999999999
 31
0.0
  0
LINE
  5
1864
330
1F
100
AcDbEntity
  8
1
  6
CONTINUOUS
370
50
 62
4
100
AcDbLine
 10
35.736687
 20
1.037765
 30
0.0
 11
35.763233
 21
1.064811
 31
0.0
  0
LINE
  5
1865
330
1F
100
AcDbEntity
  8
1
  6
CONTINUOUS
370
50
 62
4
100
AcDbLine
 10
52.660999
 20
-8.568738999999999
 30
0.0
 11
52.741524
 21
-8.486248
 31
0.0
  0
LINE
  5
1866
330
1F
100
AcDbEntity
  8
1
  6
CONTINUOUS
370
50
 62
4
100
AcDbLine
 10
41.106991
 20
7.468529999999999
 30
0.0
 11
41.112892
 21
7.474602999999999
 31
0.0
  0
LINE
  5
1867
330
1F
100
AcDbEntity
  8
1
  6
CONTINUOUS
370
50
 62
4
100
AcDbLine
 10
45.616783
 20
-7.620308
 30
0.0
 11
45.622803
 21
-7.614109
 31
0.0
  0
LINE
  5
1868
330
1F
100
AcDbEntity
  8
1
  6
CONTINUOUS
370
50
 62
4
100
AcDbLine
 10
45.622803
 20
-7.614109
 30
0.0
 11
45.628819
 21
-7.607913
 31
0.0
  0
LINE
  5
1869
330
1F
100
AcDbEntity
  8
1
  6
CONTINUOUS
370
50
 62
4
100
AcDbLine
 10
45.610764
 20
-7.626512
 30
0.0
 11
45.616783
 21
-7.620308
 31
0.0
  0
LINE
  5
186A
330
1F
100
AcDbEntity
  8
1
  6
CONTINUOUS
370
50
 62
4
100
AcDbLine
 10
45.604744
 20
-7.63272
 30
0.0
 11
45.610764
 21
-7.626512
 31
0.0
  0
LINE
  5
186B
330
1F
100
AcDbEntity
  8
1
  6
CONTINUOUS
370
50
 62
4
100
AcDbLine
 10
42.825706
 20
-8.007358
 30
0.0
 11
42.907925
 21
-7.922543999999999
 31
0.0
  0
LINE
  5
186C
330
1F
100
AcDbEntity
  8
1
  6
CONTINUOUS
370
50
 62
4
100
AcDbLine
 10
45.598724
 20
-7.638933
 30
0.0
 11
45.604744
 21
-7.63272
 31
0.0
  0
LINE
  5
186D
330
1F
100
AcDbEntity
  8
1
  6
CONTINUOUS
370
50
 62
4
100
AcDbLine
 10
45.592705
 20
-7.645149
 30
0.0
 11
45.598724
 21
-7.638933
 31
0.0
  0
LINE
  5
186E
330
1F
100
AcDbEntity
  8
1
  6
CONTINUOUS
370
50
 62
4
100
AcDbLine
 10
45.586689
 20
-7.651369
 30
0.0
 11
45.592705
 21
-7.645149
 31
0.0
  0
LINE
  5
186F
330
1F
100
AcDbEntity
  8
1
  6
CONTINUOUS
370
50
 62
4
100
AcDbLine
 10
41.101067
 20
7.462399
 30
0.0
 11
41.106991
 21
7.468529999999999
 31
0.0
  0
LINE
  5
1870
330
1F
100
AcDbEntity
  8
1
  6
CONTINUOUS
370
50
 62
4
100
AcDbLine
 10
41.095127
 20
7.456207999999999
 30
0.0
 11
41.101067
 21
7.462399
 31
0.0
  0
LINE
  5
1871
330
1F
100
AcDbEntity
  8
1
  6
CONTINUOUS
370
50
 62
4
100
AcDbLine
 10
41.089165
 20
7.449959
 30
0.0
 11
41.095127
 21
7.456207999999999
 31
0.0
  0
LINE
  5
1872
330
1F
100
AcDbEntity
  8
1
  6
CONTINUOUS
370
50
 62
4
100
AcDbLine
 10
41.083183
 20
7.443651999999999
 30
0.0
 11
41.089165
 21
7.449959
 31
0.0
  0
LINE
  5
1873
330
1F
100
AcDbEntity
  8
1
  6
CONTINUOUS
370
50
 62
4
100
AcDbLine
 10
55.440941
 20
-8.190591999999999
 30
0.0
 11
55.54225899999999
 21
-8.083447
 31
0.0
  0
LINE
  5
1874
330
1F
100
AcDbEntity
  8
1
  6
CONTINUOUS
370
50
 62
4
100
AcDbLine
 10
36.533897
 20
2.033557
 30
0.0
 11
36.570557
 21
2.072393
 31
0.0
  0
LINE
  5
1875
330
1F
100
AcDbEntity
  8
1
  6
CONTINUOUS
370
50
 62
4
100
AcDbLine
 10
52.741524
 20
-8.486248
 30
0.0
 11
52.82246
 21
-8.400369999999999
 31
0.0
  0
LINE
  5
1876
330
1F
100
AcDbEntity
  8
1
  6
CONTINUOUS
370
50
 62
4
100
AcDbLine
 10
41.077187
 20
7.437285999999999
 30
0.0
 11
41.083183
 21
7.443651999999999
 31
0.0
  0
LINE
  5
1877
330
1F
100
AcDbEntity
  8
1
  6
CONTINUOUS
370
50
 62
4
100
AcDbLine
 10
42.907925
 20
-7.922543999999999
 30
0.0
 11
42.932877
 21
-7.896019
 31
0.0
  0
LINE
  5
1878
330
1F
100
AcDbEntity
  8
1
  6
CONTINUOUS
370
50
 62
4
100
AcDbLine
 10
41.071167
 20
7.430861999999999
 30
0.0
 11
41.077187
 21
7.437285999999999
 31
0.0
  0
LINE
  5
1879
330
1F
100
AcDbEntity
  8
1
  6
CONTINUOUS
370
50
 62
4
100
AcDbLine
 10
42.932877
 20
-7.896019
 30
0.0
 11
42.958138
 21
-7.868517
 31
0.0
  0
LINE
  5
187A
330
1F
100
AcDbEntity
  8
1
  6
CONTINUOUS
370
50
 62
4
100
AcDbLine
 10
52.82246
 20
-8.400369999999999
 30
0.0
 11
52.903809
 21
-8.311107
 31
0.0
  0
LINE
  5
187B
330
1F
100
AcDbEntity
  8
1
  6
CONTINUOUS
370
50
 62
4
100
AcDbLine
 10
55.54225899999999
 20
-8.083447
 30
0.0
 11
55.644157
 21
-7.971083999999999
 31
0.0
  0
LINE
  5
187C
330
1F
100
AcDbEntity
  8
1
  6
CONTINUOUS
370
50
 62
4
100
AcDbLine
 10
42.958138
 20
-7.868517
 30
0.0
 11
42.983704
 21
-7.840044
 31
0.0
  0
LINE
  5
187D
330
1F
100
AcDbEntity
  8
1
  6
CONTINUOUS
370
50
 62
4
100
AcDbLine
 10
66.582222
 20
0.647566
 30
0.0
 11
66.604767
 21
0.67274
 31
0.0
  0
LINE
  5
187E
330
1F
100
AcDbEntity
  8
1
  6
CONTINUOUS
370
50
 62
4
100
AcDbLine
 10
52.903809
 20
-8.311107
 30
0.0
 11
52.985577
 21
-8.218463999999999
 31
0.0
  0
LINE
  5
187F
330
1F
100
AcDbEntity
  8
1
  6
CONTINUOUS
370
50
 62
4
100
AcDbLine
 10
42.983704
 20
-7.840044
 30
0.0
 11
43.009563
 21
-7.810599
 31
0.0
  0
LINE
  5
1880
330
1F
100
AcDbEntity
  8
1
  6
CONTINUOUS
370
50
 62
4
100
AcDbLine
 10
66.577721
 20
0.642054
 30
0.0
 11
66.603584
 21
0.6715099999999999
 31
0.0
  0
LINE
  5
1881
330
1F
100
AcDbEntity
  8
1
  6
CONTINUOUS
370
50
 62
4
100
AcDbLine
 10
55.644157
 20
-7.971083999999999
 30
0.0
 11
55.74673499999999
 21
-7.853437
 31
0.0
  0
LINE
  5
1882
330
1F
100
AcDbEntity
  8
1
  6
CONTINUOUS
370
50
 62
4
100
AcDbLine
 10
43.009563
 20
-7.810599
 30
0.0
 11
43.035709
 21
-7.780184999999999
 31
0.0
  0
LINE
  5
1883
330
1F
100
AcDbEntity
  8
1
  6
CONTINUOUS
370
50
 62
4
100
AcDbLine
 10
55.782806
 20
-7.811316
 30
0.0
 11
55.788818
 21
-7.804302
 31
0.0
  0
LINE
  5
1884
330
1F
100
AcDbEntity
  8
1
  6
CONTINUOUS
370
50
 62
4
100
AcDbLine
 10
55.776794
 20
-7.818332
 30
0.0
 11
55.782806
 21
-7.811316
 31
0.0
  0
LINE
  5
1885
330
1F
100
AcDbEntity
  8
1
  6
CONTINUOUS
370
50
 62
4
100
AcDbLine
 10
55.770782
 20
-7.825349999999999
 30
0.0
 11
55.776794
 21
-7.818332
 31
0.0
  0
LINE
  5
1886
330
1F
100
AcDbEntity
  8
1
  6
CONTINUOUS
370
50
 62
4
100
AcDbLine
 10
55.758759
 20
-7.839391
 30
0.0
 11
55.764771
 21
-7.83237
 31
0.0
  0
LINE
  5
1887
330
1F
100
AcDbEntity
  8
1
  6
CONTINUOUS
370
50
 62
4
100
AcDbLine
 10
55.764771
 20
-7.83237
 30
0.0
 11
55.770782
 21
-7.825349999999999
 31
0.0
  0
LINE
  5
1888
330
1F
100
AcDbEntity
  8
1
  6
CONTINUOUS
370
50
 62
4
100
AcDbLine
 10
55.74673499999999
 20
-7.853437
 30
0.0
 11
55.758759
 21
-7.839391
 31
0.0
  0
LINE
  5
1889
330
1F
100
AcDbEntity
  8
1
  6
CONTINUOUS
370
50
 62
4
100
AcDbLine
 10
52.985577
 20
-8.218463999999999
 30
0.0
 11
53.067764
 21
-8.122444999999999
 31
0.0
  0
LINE
  5
188A
330
1F
100
AcDbEntity
  8
1
  6
CONTINUOUS
370
50
 62
4
100
AcDbLine
 10
43.035709
 20
-7.780184999999999
 30
0.0
 11
43.062134
 21
-7.748804
 31
0.0
  0
LINE
  5
188B
330
1F
100
AcDbEntity
  8
1
  6
CONTINUOUS
370
50
 62
4
100
AcDbLine
 10
53.067764
 20
-8.122444999999999
 30
0.0
 11
53.09273899999999
 21
-8.092554999999999
 31
0.0
  0
LINE
  5
188C
330
1F
100
AcDbEntity
  8
1
  6
CONTINUOUS
370
50
 62
4
100
AcDbLine
 10
56.979164
 20
8.939328
 30
0.0
 11
57.058849
 21
9.035167999999999
 31
0.0
  0
LINE
  5
188D
330
1F
100
AcDbEntity
  8
1
  6
CONTINUOUS
370
50
 62
4
100
AcDbLine
 10
43.062134
 20
-7.748804
 30
0.0
 11
43.088829
 21
-7.716456
 31
0.0
  0
LINE
  5
188E
330
1F
100
AcDbEntity
  8
1
  6
CONTINUOUS
370
50
 62
4
100
AcDbLine
 10
62.953289
 20
-8.630371
 30
0.0
 11
62.992214
 21
-8.583150999999999
 31
0.0
  0
LINE
  5
188F
330
1F
100
AcDbEntity
  8
1
  6
CONTINUOUS
370
50
 62
4
100
AcDbLine
 10
53.09273899999999
 20
-8.092554999999999
 30
0.0
 11
53.118023
 21
-8.061728
 31
0.0
  0
LINE
  5
1890
330
1F
100
AcDbEntity
  8
1
  6
CONTINUOUS
370
50
 62
4
100
AcDbLine
 10
62.992214
 20
-8.583150999999999
 30
0.0
 11
63.031235
 21
-8.535185
 31
0.0
  0
LINE
  5
1891
330
1F
100
AcDbEntity
  8
1
  6
CONTINUOUS
370
50
 62
4
100
AcDbLine
 10
56.89904
 20
8.840576
 30
0.0
 11
56.979164
 21
8.939328
 31
0.0
  0
LINE
  5
1892
330
1F
100
AcDbEntity
  8
1
  6
CONTINUOUS
370
50
 62
4
100
AcDbLine
 10
53.118023
 20
-8.061728
 30
0.0
 11
53.143608
 21
-8.029973
 31
0.0
  0
LINE
  5
1893
330
1F
100
AcDbEntity
  8
1
  6
CONTINUOUS
370
50
 62
4
100
AcDbLine
 10
63.031235
 20
-8.535185
 30
0.0
 11
63.07035399999999
 21
-8.486474
 31
0.0
  0
LINE
  5
1894
330
1F
100
AcDbEntity
  8
1
  6
CONTINUOUS
370
50
 62
4
100
AcDbLine
 10
66.473595
 20
7.922796999999999
 30
0.0
 11
66.474785
 21
7.924285999999999
 31
0.0
  0
LINE
  5
1895
330
1F
100
AcDbEntity
  8
1
  6
CONTINUOUS
370
50
 62
4
100
AcDbLine
 10
66.47241199999999
 20
7.921308
 30
0.0
 11
66.473595
 21
7.922796999999999
 31
0.0
  0
LINE
  5
1896
330
1F
100
AcDbEntity
  8
1
  6
CONTINUOUS
370
50
 62
4
100
AcDbLine
 10
66.47715
 20
7.927267
 30
0.0
 11
66.47833299999999
 21
7.928757
 31
0.0
  0
LINE
  5
1897
330
1F
100
AcDbEntity
  8
1
  6
CONTINUOUS
370
50
 62
4
100
AcDbLine
 10
66.47122999999999
 20
7.919818999999999
 30
0.0
 11
66.47241199999999
 21
7.921308
 31
0.0
  0
LINE
  5
1898
330
1F
100
AcDbEntity
  8
1
  6
CONTINUOUS
370
50
 62
4
100
AcDbLine
 10
66.475967
 20
7.925776
 30
0.0
 11
66.47715
 21
7.927267
 31
0.0
  0
LINE
  5
1899
330
1F
100
AcDbEntity
  8
1
  6
CONTINUOUS
370
50
 62
4
100
AcDbLine
 10
66.474785
 20
7.924285999999999
 30
0.0
 11
66.475967
 21
7.925776
 31
0.0
  0
LINE
  5
189A
330
1F
100
AcDbEntity
  8
1
  6
CONTINUOUS
370
50
 62
4
100
AcDbLine
 10
63.07035399999999
 20
-8.486474
 30
0.0
 11
63.10956599999999
 21
-8.43702
 31
0.0
  0
LINE
  5
189B
330
1F
100
AcDbEntity
  8
1
  6
CONTINUOUS
370
50
 62
4
100
AcDbLine
 10
66.47833299999999
 20
7.928757
 30
0.0
 11
66.47951499999999
 21
7.930248
 31
0.0
  0
LINE
  5
189C
330
1F
100
AcDbEntity
  8
1
  6
CONTINUOUS
370
50
 62
4
100
AcDbLine
 10
56.81847399999999
 20
8.738932
 30
0.0
 11
56.89904
 21
8.840576
 31
0.0
  0
LINE
  5
189D
330
1F
100
AcDbEntity
  8
1
  6
CONTINUOUS
370
50
 62
4
100
AcDbLine
 10
53.143608
 20
-8.029973
 30
0.0
 11
53.169491
 21
-7.997293
 31
0.0
  0
LINE
  5
189E
330
1F
100
AcDbEntity
  8
1
  6
CONTINUOUS
370
50
 62
4
100
AcDbLine
 10
35.713356
 20
1.008281
 30
0.0
 11
35.736687
 21
1.037765
 31
0.0
  0
LINE
  5
189F
330
1F
100
AcDbEntity
  8
1
  6
CONTINUOUS
370
50
 62
4
100
AcDbLine
 10
63.10956599999999
 20
-8.43702
 30
0.0
 11
63.14887599999999
 21
-8.386823
 31
0.0
  0
LINE
  5
18A0
330
1F
100
AcDbEntity
  8
1
  6
CONTINUOUS
370
50
 62
4
100
AcDbLine
 10
59.500156
 20
9.020337
 30
0.0
 11
59.59883499999999
 21
9.146505
 31
0.0
  0
LINE
  5
18A1
330
1F
100
AcDbEntity
  8
1
  6
CONTINUOUS
370
50
 62
4
100
AcDbLine
 10
65.862267
 20
-8.076295
 30
0.0
 11
65.868607
 21
-8.068171999999999
 31
0.0
  0
LINE
  5
18A2
330
1F
100
AcDbEntity
  8
1
  6
CONTINUOUS
370
50
 62
4
100
AcDbLine
 10
53.169491
 20
-7.997293
 30
0.0
 11
53.195663
 21
-7.963696
 31
0.0
  0
LINE
  5
18A3
330
1F
100
AcDbEntity
  8
1
  6
CONTINUOUS
370
50
 62
4
100
AcDbLine
 10
65.868607
 20
-8.068171999999999
 30
0.0
 11
65.87494699999999
 21
-8.060027999999999
 31
0.0
  0
LINE
  5
18A4
330
1F
100
AcDbEntity
  8
1
  6
CONTINUOUS
370
50
 62
4
100
AcDbLine
 10
65.87494699999999
 20
-8.060027999999999
 30
0.0
 11
65.881287
 21
-8.051866
 31
0.0
  0
LINE
  5
18A5
330
1F
100
AcDbEntity
  8
1
  6
CONTINUOUS
370
50
 62
4
100
AcDbLine
 10
65.881287
 20
-8.051866
 30
0.0
 11
65.88763399999999
 21
-8.043682
 31
0.0
  0
LINE
  5
18A6
330
1F
100
AcDbEntity
  8
1
  6
CONTINUOUS
370
50
 62
4
100
AcDbLine
 10
56.737457
 20
8.634416
 30
0.0
 11
56.81847399999999
 21
8.738932
 31
0.0
  0
LINE
  5
18A7
330
1F
100
AcDbEntity
  8
1
  6
CONTINUOUS
370
50
 62
4
100
AcDbLine
 10
65.88763399999999
 20
-8.043682
 30
0.0
 11
65.89399
 21
-8.03548
 31
0.0
  0
LINE
  5
18A8
330
1F
100
AcDbEntity
  8
1
  6
CONTINUOUS
370
50
 62
4
100
AcDbLine
 10
63.14887599999999
 20
-8.386823
 30
0.0
 11
63.188286
 21
-8.335885
 31
0.0
  0
LINE
  5
18A9
330
1F
100
AcDbEntity
  8
1
  6
CONTINUOUS
370
50
 62
4
100
AcDbLine
 10
65.89399
 20
-8.03548
 30
0.0
 11
65.900345
 21
-8.027256
 31
0.0
  0
LINE
  5
18AA
330
1F
100
AcDbEntity
  8
1
  6
CONTINUOUS
370
50
 62
4
100
AcDbLine
 10
65.9067
 20
-8.019013
 30
0.0
 11
65.91272
 21
-8.011206
 31
0.0
  0
LINE
  5
18AB
330
1F
100
AcDbEntity
  8
1
  6
CONTINUOUS
370
50
 62
4
100
AcDbLine
 10
65.900345
 20
-8.027256
 30
0.0
 11
65.9067
 21
-8.019013
 31
0.0
  0
LINE
  5
18AC
330
1F
100
AcDbEntity
  8
1
  6
CONTINUOUS
370
50
 62
4
100
AcDbLine
 10
65.91873199999999
 20
-8.003396
 30
0.0
 11
65.924751
 21
-7.995584999999999
 31
0.0
  0
LINE
  5
18AD
330
1F
100
AcDbEntity
  8
1
  6
CONTINUOUS
370
50
 62
4
100
AcDbLine
 10
65.924751
 20
-7.995584999999999
 30
0.0
 11
65.930771
 21
-7.987772
 31
0.0
  0
LINE
  5
18AE
330
1F
100
AcDbEntity
  8
1
  6
CONTINUOUS
370
50
 62
4
100
AcDbLine
 10
65.93678299999999
 20
-7.979959
 30
0.0
 11
65.942802
 21
-7.972146
 31
0.0
  0
LINE
  5
18AF
330
1F
100
AcDbEntity
  8
1
  6
CONTINUOUS
370
50
 62
4
100
AcDbLine
 10
65.942802
 20
-7.972146
 30
0.0
 11
65.94882199999999
 21
-7.964331
 31
0.0
  0
LINE
  5
18B0
330
1F
100
AcDbEntity
  8
1
  6
CONTINUOUS
370
50
 62
4
100
AcDbLine
 10
65.91272
 20
-8.011206
 30
0.0
 11
65.91873199999999
 21
-8.003396
 31
0.0
  0
LINE
  5
18B1
330
1F
100
AcDbEntity
  8
1
  6
CONTINUOUS
370
50
 62
4
100
AcDbLine
 10
65.930771
 20
-7.987772
 30
0.0
 11
65.93678299999999
 21
-7.979959
 31
0.0
  0
LINE
  5
18B2
330
1F
100
AcDbEntity
  8
1
  6
CONTINUOUS
370
50
 62
4
100
AcDbLine
 10
66.560356
 20
0.619076
 30
0.0
 11
66.582222
 21
0.647566
 31
0.0
  0
LINE
  5
18B3
330
1F
100
AcDbEntity
  8
1
  6
CONTINUOUS
370
50
 62
4
100
AcDbLine
 10
53.195663
 20
-7.963696
 30
0.0
 11
53.222111
 21
-7.929189
 31
0.0
  0
LINE
  5
18B4
330
1F
100
AcDbEntity
  8
1
  6
CONTINUOUS
370
50
 62
4
100
AcDbLine
 10
63.188286
 20
-8.335885
 30
0.0
 11
63.227791
 21
-8.284206
 31
0.0
  0
LINE
  5
18B5
330
1F
100
AcDbEntity
  8
1
  6
CONTINUOUS
370
50
 62
4
100
AcDbLine
 10
59.400757
 20
8.889754
 30
0.0
 11
59.500156
 21
9.020337
 31
0.0
  0
LINE
  5
18B6
330
1F
100
AcDbEntity
  8
1
  6
CONTINUOUS
370
50
 62
4
100
AcDbLine
 10
56.655998
 20
8.527046
 30
0.0
 11
56.737457
 21
8.634416
 31
0.0
  0
LINE
  5
18B7
330
1F
100
AcDbEntity
  8
1
  6
CONTINUOUS
370
50
 62
4
100
AcDbLine
 10
53.222111
 20
-7.929189
 30
0.0
 11
53.248829
 21
-7.893776
 31
0.0
  0
LINE
  5
18B8
330
1F
100
AcDbEntity
  8
1
  6
CONTINUOUS
370
50
 62
4
100
AcDbLine
 10
63.227791
 20
-8.284206
 30
0.0
 11
63.252758
 21
-8.251112
 31
0.0
  0
LINE
  5
18B9
330
1F
100
AcDbEntity
  8
1
  6
CONTINUOUS
370
50
 62
4
100
AcDbLine
 10
46.81917199999999
 20
9.113909999999999
 30
0.0
 11
46.898834
 21
9.21979
 31
0.0
  0
LINE
  5
18BA
330
1F
100
AcDbEntity
  8
1
  6
CONTINUOUS
370
50
 62
4
100
AcDbLine
 10
36.497696
 20
1.98512
 30
0.0
 11
36.533897
 21
2.033557
 31
0.0
  0
LINE
  5
18BB
330
1F
100
AcDbEntity
  8
1
  6
CONTINUOUS
370
50
 62
4
100
AcDbLine
 10
63.252758
 20
-8.251112
 30
0.0
 11
63.278038
 21
-8.217127999999999
 31
0.0
  0
LINE
  5
18BC
330
1F
100
AcDbEntity
  8
1
  6
CONTINUOUS
370
50
 62
4
100
AcDbLine
 10
56.574081
 20
8.416845
 30
0.0
 11
56.655998
 21
8.527046
 31
0.0
  0
LINE
  5
18BD
330
1F
100
AcDbEntity
  8
1
  6
CONTINUOUS
370
50
 62
4
100
AcDbLine
 10
59.300591
 20
8.754748
 30
0.0
 11
59.400757
 21
8.889754
 31
0.0
  0
LINE
  5
18BE
330
1F
100
AcDbEntity
  8
1
  6
CONTINUOUS
370
50
 62
4
100
AcDbLine
 10
46.739067
 20
9.00526
 30
0.0
 11
46.81917199999999
 21
9.113909999999999
 31
0.0
  0
LINE
  5
18BF
330
1F
100
AcDbEntity
  8
1
  6
CONTINUOUS
370
50
 62
4
100
AcDbLine
 10
66.552841
 20
0.608258
 30
0.0
 11
66.577721
 21
0.642054
 31
0.0
  0
LINE
  5
18C0
330
1F
100
AcDbEntity
  8
1
  6
CONTINUOUS
370
50
 62
4
100
AcDbLine
 10
63.278038
 20
-8.217127999999999
 30
0.0
 11
63.30362299999999
 21
-8.182262
 31
0.0
  0
LINE
  5
18C1
330
1F
100
AcDbEntity
  8
1
  6
CONTINUOUS
370
50
 62
4
100
AcDbLine
 10
56.49171399999999
 20
8.303833
 30
0.0
 11
56.574081
 21
8.416845
 31
0.0
  0
LINE
  5
18C2
330
1F
100
AcDbEntity
  8
1
  6
CONTINUOUS
370
50
 62
4
100
AcDbLine
 10
63.30362299999999
 20
-8.182262
 30
0.0
 11
63.329502
 21
-8.146529
 31
0.0
  0
LINE
  5
18C3
330
1F
100
AcDbEntity
  8
1
  6
CONTINUOUS
370
50
 62
4
100
AcDbLine
 10
59.199661
 20
8.615373
 30
0.0
 11
59.300591
 21
8.754748
 31
0.0
  0
LINE
  5
18C4
330
1F
100
AcDbEntity
  8
1
  6
CONTINUOUS
370
50
 62
4
100
AcDbLine
 10
46.65852
 20
8.893872
 30
0.0
 11
46.739067
 21
9.00526
 31
0.0
  0
LINE
  5
18C5
330
1F
100
AcDbEntity
  8
1
  6
CONTINUOUS
370
50
 62
4
100
AcDbLine
 10
56.413849
 20
8.196045
 30
0.0
 11
56.439743
 21
8.231881999999999
 31
0.0
  0
LINE
  5
18C6
330
1F
100
AcDbEntity
  8
1
  6
CONTINUOUS
370
50
 62
4
100
AcDbLine
 10
56.388035
 20
8.160317
 30
0.0
 11
56.413849
 21
8.196045
 31
0.0
  0
LINE
  5
18C7
330
1F
100
AcDbEntity
  8
1
  6
CONTINUOUS
370
50
 62
4
100
AcDbLine
 10
56.439743
 20
8.231881999999999
 30
0.0
 11
56.465706
 21
8.267816999999999
 31
0.0
  0
LINE
  5
18C8
330
1F
100
AcDbEntity
  8
1
  6
CONTINUOUS
370
50
 62
4
100
AcDbLine
 10
56.362316
 20
8.124713999999999
 30
0.0
 11
56.388035
 21
8.160317
 31
0.0
  0
LINE
  5
18C9
330
1F
100
AcDbEntity
  8
1
  6
CONTINUOUS
370
50
 62
4
100
AcDbLine
 10
56.465706
 20
8.267816999999999
 30
0.0
 11
56.49171399999999
 21
8.303833
 31
0.0
  0
LINE
  5
18CA
330
1F
100
AcDbEntity
  8
1
  6
CONTINUOUS
370
50
 62
4
100
AcDbLine
 10
56.336712
 20
8.089248
 30
0.0
 11
56.362316
 21
8.124713999999999
 31
0.0
  0
LINE
  5
18CB
330
1F
100
AcDbEntity
  8
1
  6
CONTINUOUS
370
50
 62
4
100
AcDbLine
 10
56.311234
 20
8.053935
 30
0.0
 11
56.336712
 21
8.089248
 31
0.0
  0
LINE
  5
18CC
330
1F
100
AcDbEntity
  8
1
  6
CONTINUOUS
370
50
 62
4
100
AcDbLine
 10
63.329502
 20
-8.146529
 30
0.0
 11
63.35567099999999
 21
-8.109938
 31
0.0
  0
LINE
  5
18CD
330
1F
100
AcDbEntity
  8
1
  6
CONTINUOUS
370
50
 62
4
100
AcDbLine
 10
49.340149
 20
9.168201999999999
 30
0.0
 11
49.43883899999999
 21
9.306508
 31
0.0
  0
LINE
  5
18CE
330
1F
100
AcDbEntity
  8
1
  6
CONTINUOUS
370
50
 62
4
100
AcDbLine
 10
46.577526
 20
8.779771
 30
0.0
 11
46.65852
 21
8.893872
 31
0.0
  0
LINE
  5
18CF
330
1F
100
AcDbEntity
  8
1
  6
CONTINUOUS
370
50
 62
4
100
AcDbLine
 10
59.098034
 20
8.471777
 30
0.0
 11
59.199661
 21
8.615373
 31
0.0
  0
LINE
  5
18D0
330
1F
100
AcDbEntity
  8
1
  6
CONTINUOUS
370
50
 62
4
100
AcDbLine
 10
63.35567099999999
 20
-8.109938
 30
0.0
 11
63.38211399999999
 21
-8.072498
 31
0.0
  0
LINE
  5
18D1
330
1F
100
AcDbEntity
  8
1
  6
CONTINUOUS
370
50
 62
4
100
AcDbLine
 10
63.38211399999999
 20
-8.072498
 30
0.0
 11
63.408829
 21
-8.034224
 31
0.0
  0
LINE
  5
18D2
330
1F
100
AcDbEntity
  8
1
  6
CONTINUOUS
370
50
 62
4
100
AcDbLine
 10
49.240723
 20
9.025713
 30
0.0
 11
49.340149
 21
9.168201999999999
 31
0.0
  0
LINE
  5
18D3
330
1F
100
AcDbEntity
  8
1
  6
CONTINUOUS
370
50
 62
4
100
AcDbLine
 10
46.496078
 20
8.662984999999999
 30
0.0
 11
46.577526
 21
8.779771
 31
0.0
  0
LINE
  5
18D4
330
1F
100
AcDbEntity
  8
1
  6
CONTINUOUS
370
50
 62
4
100
AcDbLine
 10
37.261143
 20
-9.372197
 30
0.0
 11
37.37006
 21
-9.215176
 31
0.0
  0
LINE
  5
18D5
330
1F
100
AcDbEntity
  8
1
  6
CONTINUOUS
370
50
 62
4
100
AcDbLine
 10
58.99570499999999
 20
8.324019
 30
0.0
 11
59.098034
 21
8.471777
 31
0.0
  0
LINE
  5
18D6
330
1F
100
AcDbEntity
  8
1
  6
CONTINUOUS
370
50
 62
4
100
AcDbLine
 10
46.414181
 20
8.543543
 30
0.0
 11
46.496078
 21
8.662984999999999
 31
0.0
  0
LINE
  5
18D7
330
1F
100
AcDbEntity
  8
1
  6
CONTINUOUS
370
50
 62
4
100
AcDbLine
 10
49.140533
 20
8.879056
 30
0.0
 11
49.240723
 21
9.025713
 31
0.0
  0
LINE
  5
18D8
330
1F
100
AcDbEntity
  8
1
  6
CONTINUOUS
370
50
 62
4
100
AcDbLine
 10
37.37006
 20
-9.215176
 30
0.0
 11
37.476704
 21
-9.058167
 31
0.0
  0
LINE
  5
18D9
330
1F
100
AcDbEntity
  8
1
  6
CONTINUOUS
370
50
 62
4
100
AcDbLine
 10
58.892658
 20
8.172155
 30
0.0
 11
58.99570499999999
 21
8.324019
 31
0.0
  0
LINE
  5
18DA
330
1F
100
AcDbEntity
  8
1
  6
CONTINUOUS
370
50
 62
4
100
AcDbLine
 10
46.33182499999999
 20
8.421474
 30
0.0
 11
46.414181
 21
8.543543
 31
0.0
  0
LINE
  5
18DB
330
1F
100
AcDbEntity
  8
1
  6
CONTINUOUS
370
50
 62
4
100
AcDbLine
 10
58.886784
 20
8.163405
 30
0.0
 11
58.892658
 21
8.172155
 31
0.0
  0
LINE
  5
18DC
330
1F
100
AcDbEntity
  8
1
  6
CONTINUOUS
370
50
 62
4
100
AcDbLine
 10
58.880894
 20
8.154608999999999
 30
0.0
 11
58.886784
 21
8.163405
 31
0.0
  0
LINE
  5
18DD
330
1F
100
AcDbEntity
  8
1
  6
CONTINUOUS
370
50
 62
4
100
AcDbLine
 10
49.0396
 20
8.728303
 30
0.0
 11
49.140533
 21
8.879056
 31
0.0
  0
LINE
  5
18DE
330
1F
100
AcDbEntity
  8
1
  6
CONTINUOUS
370
50
 62
4
100
AcDbLine
 10
46.305801
 20
8.382579
 30
0.0
 11
46.33182499999999
 21
8.421474
 31
0.0
  0
LINE
  5
18DF
330
1F
100
AcDbEntity
  8
1
  6
CONTINUOUS
370
50
 62
4
100
AcDbLine
 10
46.279823
 20
8.343724
 30
0.0
 11
46.305801
 21
8.382579
 31
0.0
  0
LINE
  5
18E0
330
1F
100
AcDbEntity
  8
1
  6
CONTINUOUS
370
50
 62
4
100
AcDbLine
 10
58.874985
 20
8.145764999999999
 30
0.0
 11
58.880894
 21
8.154608999999999
 31
0.0
  0
LINE
  5
18E1
330
1F
100
AcDbEntity
  8
1
  6
CONTINUOUS
370
50
 62
4
100
AcDbLine
 10
46.25391399999999
 20
8.304927
 30
0.0
 11
46.279823
 21
8.343724
 31
0.0
  0
LINE
  5
18E2
330
1F
100
AcDbEntity
  8
1
  6
CONTINUOUS
370
50
 62
4
100
AcDbLine
 10
46.228081
 20
8.266202999999999
 30
0.0
 11
46.25391399999999
 21
8.304927
 31
0.0
  0
LINE
  5
18E3
330
1F
100
AcDbEntity
  8
1
  6
CONTINUOUS
370
50
 62
4
100
AcDbLine
 10
58.869057
 20
8.136875999999999
 30
0.0
 11
58.874985
 21
8.145764999999999
 31
0.0
  0
LINE
  5
18E4
330
1F
100
AcDbEntity
  8
1
  6
CONTINUOUS
370
50
 62
4
100
AcDbLine
 10
46.202347
 20
8.227566999999999
 30
0.0
 11
46.228081
 21
8.266202999999999
 31
0.0
  0
LINE
  5
18E5
330
1F
100
AcDbEntity
  8
1
  6
CONTINUOUS
370
50
 62
4
100
AcDbLine
 10
58.86311
 20
8.127941
 30
0.0
 11
58.869057
 21
8.136875999999999
 31
0.0
  0
LINE
  5
18E6
330
1F
100
AcDbEntity
  8
1
  6
CONTINUOUS
370
50
 62
4
100
AcDbLine
 10
46.176727
 20
8.189036
 30
0.0
 11
46.202347
 21
8.227566999999999
 31
0.0
  0
LINE
  5
18E7
330
1F
100
AcDbEntity
  8
1
  6
CONTINUOUS
370
50
 62
4
100
AcDbLine
 10
37.476704
 20
-9.058167
 30
0.0
 11
37.581539
 21
-8.900458
 31
0.0
  0
LINE
  5
18E8
330
1F
100
AcDbEntity
  8
1
  6
CONTINUOUS
370
50
 62
4
100
AcDbLine
 10
58.857147
 20
8.118960999999999
 30
0.0
 11
58.86311
 21
8.127941
 31
0.0
  0
LINE
  5
18E9
330
1F
100
AcDbEntity
  8
1
  6
CONTINUOUS
370
50
 62
4
100
AcDbLine
 10
46.151234
 20
8.150627
 30
0.0
 11
46.176727
 21
8.189036
 31
0.0
  0
LINE
  5
18EA
330
1F
100
AcDbEntity
  8
1
  6
CONTINUOUS
370
50
 62
4
100
AcDbLine
 10
66.539253
 20
0.58722
 30
0.0
 11
66.560356
 21
0.619076
 31
0.0
  0
LINE
  5
18EB
330
1F
100
AcDbEntity
  8
1
  6
CONTINUOUS
370
50
 62
4
100
AcDbLine
 10
58.85117
 20
8.109936
 30
0.0
 11
58.857147
 21
8.118960999999999
 31
0.0
  0
LINE
  5
18EC
330
1F
100
AcDbEntity
  8
1
  6
CONTINUOUS
370
50
 62
4
100
AcDbLine
 10
39.181019
 20
9.27486
 30
0.0
 11
39.278858
 21
9.423371999999999
 31
0.0
  0
LINE
  5
18ED
330
1F
100
AcDbEntity
  8
1
  6
CONTINUOUS
370
50
 62
4
100
AcDbLine
 10
48.937965
 20
8.573608
 30
0.0
 11
49.0396
 21
8.728303
 31
0.0
  0
LINE
  5
18EE
330
1F
100
AcDbEntity
  8
1
  6
CONTINUOUS
370
50
 62
4
100
AcDbLine
 10
37.581539
 20
-8.900458
 30
0.0
 11
37.685032
 21
-8.741337999999999
 31
0.0
  0
LINE
  5
18EF
330
1F
100
AcDbEntity
  8
1
  6
CONTINUOUS
370
50
 62
4
100
AcDbLine
 10
39.081982
 20
9.121727
 30
0.0
 11
39.181019
 21
9.27486
 31
0.0
  0
LINE
  5
18F0
330
1F
100
AcDbEntity
  8
1
  6
CONTINUOUS
370
50
 62
4
100
AcDbLine
 10
48.835621
 20
8.415039
 30
0.0
 11
48.937965
 21
8.573608
 31
0.0
  0
LINE
  5
18F1
330
1F
100
AcDbEntity
  8
1
  6
CONTINUOUS
370
50
 62
4
100
AcDbLine
 10
47.42116499999999
 20
-9.466479
 30
0.0
 11
47.51136
 21
-9.326141999999999
 31
0.0
  0
LINE
  5
18F2
330
1F
100
AcDbEntity
  8
1
  6
CONTINUOUS
370
50
 62
4
100
AcDbLine
 10
37.685032
 20
-8.741337999999999
 30
0.0
 11
37.787651
 21
-8.580095
 31
0.0
  0
LINE
  5
18F3
330
1F
100
AcDbEntity
  8
1
  6
CONTINUOUS
370
50
 62
4
100
AcDbLine
 10
38.98186099999999
 20
8.964221
 30
0.0
 11
39.081982
 21
9.121727
 31
0.0
  0
LINE
  5
18F4
330
1F
100
AcDbEntity
  8
1
  6
CONTINUOUS
370
50
 62
4
100
AcDbLine
 10
48.732563
 20
8.252659999999999
 30
0.0
 11
48.835621
 21
8.415039
 31
0.0
  0
LINE
  5
18F5
330
1F
100
AcDbEntity
  8
1
  6
CONTINUOUS
370
50
 62
4
100
AcDbLine
 10
35.693275
 20
0.97644
 30
0.0
 11
35.713356
 21
1.008281
 31
0.0
  0
LINE
  5
18F6
330
1F
100
AcDbEntity
  8
1
  6
CONTINUOUS
370
50
 62
4
100
AcDbLine
 10
47.51136
 20
-9.326141999999999
 30
0.0
 11
47.602142
 21
-9.182186
 31
0.0
  0
LINE
  5
18F7
330
1F
100
AcDbEntity
  8
1
  6
CONTINUOUS
370
50
 62
4
100
AcDbLine
 10
48.726704
 20
8.243345999999999
 30
0.0
 11
48.732563
 21
8.252659999999999
 31
0.0
  0
LINE
  5
18F8
330
1F
100
AcDbEntity
  8
1
  6
CONTINUOUS
370
50
 62
4
100
AcDbLine
 10
48.720825
 20
8.233989
 30
0.0
 11
48.726704
 21
8.243345999999999
 31
0.0
  0
LINE
  5
18F9
330
1F
100
AcDbEntity
  8
1
  6
CONTINUOUS
370
50
 62
4
100
AcDbLine
 10
48.714928
 20
8.224589
 30
0.0
 11
48.720825
 21
8.233989
 31
0.0
  0
LINE
  5
18FA
330
1F
100
AcDbEntity
  8
1
  6
CONTINUOUS
370
50
 62
4
100
AcDbLine
 10
48.709015
 20
8.215145999999999
 30
0.0
 11
48.714928
 21
8.224589
 31
0.0
  0
LINE
  5
18FB
330
1F
100
AcDbEntity
  8
1
  6
CONTINUOUS
370
50
 62
4
100
AcDbLine
 10
48.703083
 20
8.205661
 30
0.0
 11
48.709015
 21
8.215145999999999
 31
0.0
  0
LINE
  5
18FC
330
1F
100
AcDbEntity
  8
1
  6
CONTINUOUS
370
50
 62
4
100
AcDbLine
 10
38.880783
 20
8.802593
 30
0.0
 11
38.98186099999999
 21
8.964221
 31
0.0
  0
LINE
  5
18FD
330
1F
100
AcDbEntity
  8
1
  6
CONTINUOUS
370
50
 62
4
100
AcDbLine
 10
48.697136
 20
8.196135
 30
0.0
 11
48.703083
 21
8.205661
 31
0.0
  0
LINE
  5
18FE
330
1F
100
AcDbEntity
  8
1
  6
CONTINUOUS
370
50
 62
4
100
AcDbLine
 10
48.69117
 20
8.186566
 30
0.0
 11
48.697136
 21
8.196135
 31
0.0
  0
LINE
  5
18FF
330
1F
100
AcDbEntity
  8
1
  6
CONTINUOUS
370
50
 62
4
100
AcDbLine
 10
66.529037
 20
0.57007
 30
0.0
 11
66.552841
 21
0.608258
 31
0.0
  0
LINE
  5
1900
330
1F
100
AcDbEntity
  8
1
  6
CONTINUOUS
370
50
 62
4
100
AcDbLine
 10
37.787651
 20
-8.580095
 30
0.0
 11
37.889862
 21
-8.416018
 31
0.0
  0
LINE
  5
1901
330
1F
100
AcDbEntity
  8
1
  6
CONTINUOUS
370
50
 62
4
100
AcDbLine
 10
47.602142
 20
-9.182186
 30
0.0
 11
47.693447
 21
-9.03477
 31
0.0
  0
LINE
  5
1902
330
1F
100
AcDbEntity
  8
1
  6
CONTINUOUS
370
50
 62
4
100
AcDbLine
 10
44.881138
 20
-9.500551
 30
0.0
 11
44.939938
 21
-9.405323
 31
0.0
  0
LINE
  5
1903
330
1F
100
AcDbEntity
  8
1
  6
CONTINUOUS
370
50
 62
4
100
AcDbLine
 10
38.778858
 20
8.637091999999999
 30
0.0
 11
38.880783
 21
8.802593
 31
0.0
  0
LINE
  5
1904
330
1F
100
AcDbEntity
  8
1
  6
CONTINUOUS
370
50
 62
4
100
AcDbLine
 10
36.462185
 20
1.927274
 30
0.0
 11
36.497696
 21
1.98512
 31
0.0
  0
LINE
  5
1905
330
1F
100
AcDbEntity
  8
1
  6
CONTINUOUS
370
50
 62
4
100
AcDbLine
 10
44.939938
 20
-9.405323
 30
0.0
 11
44.998962
 21
-9.308639
 31
0.0
  0
LINE
  5
1906
330
1F
100
AcDbEntity
  8
1
  6
CONTINUOUS
370
50
 62
4
100
AcDbLine
 10
37.889862
 20
-8.416018
 30
0.0
 11
37.992126
 21
-8.248396
 31
0.0
  0
LINE
  5
1907
330
1F
100
AcDbEntity
  8
1
  6
CONTINUOUS
370
50
 62
4
100
AcDbLine
 10
47.693447
 20
-9.03477
 30
0.0
 11
47.785275
 21
-8.883961
 31
0.0
  0
LINE
  5
1908
330
1F
100
AcDbEntity
  8
1
  6
CONTINUOUS
370
50
 62
4
100
AcDbLine
 10
38.676216
 20
8.467967
 30
0.0
 11
38.778858
 21
8.637091999999999
 31
0.0
  0
LINE
  5
1909
330
1F
100
AcDbEntity
  8
1
  6
CONTINUOUS
370
50
 62
4
100
AcDbLine
 10
37.992126
 20
-8.248396
 30
0.0
 11
37.994526
 21
-8.244425
 31
0.0
  0
LINE
  5
190A
330
1F
100
AcDbEntity
  8
1
  6
CONTINUOUS
370
50
 62
4
100
AcDbLine
 10
37.996918
 20
-8.240458
 30
0.0
 11
37.99931
 21
-8.236497
 31
0.0
  0
LINE
  5
190B
330
1F
100
AcDbEntity
  8
1
  6
CONTINUOUS
370
50
 62
4
100
AcDbLine
 10
44.998962
 20
-9.308639
 30
0.0
 11
45.05821599999999
 21
-9.210505
 31
0.0
  0
LINE
  5
190C
330
1F
100
AcDbEntity
  8
1
  6
CONTINUOUS
370
50
 62
4
100
AcDbLine
 10
38.001694
 20
-8.232541
 30
0.0
 11
38.004078
 21
-8.22859
 31
0.0
  0
LINE
  5
190D
330
1F
100
AcDbEntity
  8
1
  6
CONTINUOUS
370
50
 62
4
100
AcDbLine
 10
37.994526
 20
-8.244425
 30
0.0
 11
37.996918
 21
-8.240458
 31
0.0
  0
LINE
  5
190E
330
1F
100
AcDbEntity
  8
1
  6
CONTINUOUS
370
50
 62
4
100
AcDbLine
 10
37.99931
 20
-8.236497
 30
0.0
 11
38.001694
 21
-8.232541
 31
0.0
  0
LINE
  5
190F
330
1F
100
AcDbEntity
  8
1
  6
CONTINUOUS
370
50
 62
4
100
AcDbLine
 10
38.006454
 20
-8.224644
 30
0.0
 11
38.008827
 21
-8.220703
 31
0.0
  0
LINE
  5
1910
330
1F
100
AcDbEntity
  8
1
  6
CONTINUOUS
370
50
 62
4
100
AcDbLine
 10
38.004078
 20
-8.22859
 30
0.0
 11
38.006454
 21
-8.224644
 31
0.0
  0
LINE
  5
1911
330
1F
100
AcDbEntity
  8
1
  6
CONTINUOUS
370
50
 62
4
100
AcDbLine
 10
57.581165
 20
-9.516339
 30
0.0
 11
57.616375
 21
-9.457671
 31
0.0
  0
LINE
  5
1912
330
1F
100
AcDbEntity
  8
1
  6
CONTINUOUS
370
50
 62
4
100
AcDbLine
 10
47.785275
 20
-8.883961
 30
0.0
 11
47.877621
 21
-8.729815
 31
0.0
  0
LINE
  5
1913
330
1F
100
AcDbEntity
  8
1
  6
CONTINUOUS
370
50
 62
4
100
AcDbLine
 10
38.572968
 20
8.295468999999999
 30
0.0
 11
38.676216
 21
8.467967
 31
0.0
  0
LINE
  5
1914
330
1F
100
AcDbEntity
  8
1
  6
CONTINUOUS
370
50
 62
4
100
AcDbLine
 10
45.05821599999999
 20
-9.210505
 30
0.0
 11
45.117661
 21
-9.111005
 31
0.0
  0
LINE
  5
1915
330
1F
100
AcDbEntity
  8
1
  6
CONTINUOUS
370
50
 62
4
100
AcDbLine
 10
57.616375
 20
-9.457671
 30
0.0
 11
57.65167599999999
 21
-9.39848
 31
0.0
  0
LINE
  5
1916
330
1F
100
AcDbEntity
  8
1
  6
CONTINUOUS
370
50
 62
4
100
AcDbLine
 10
38.567055
 20
8.285521
 30
0.0
 11
38.572968
 21
8.295468999999999
 31
0.0
  0
LINE
  5
1917
330
1F
100
AcDbEntity
  8
1
  6
CONTINUOUS
370
50
 62
4
100
AcDbLine
 10
38.56112299999999
 20
8.275528999999999
 30
0.0
 11
38.567055
 21
8.285521
 31
0.0
  0
LINE
  5
1918
330
1F
100
AcDbEntity
  8
1
  6
CONTINUOUS
370
50
 62
4
100
AcDbLine
 10
38.555172
 20
8.265494
 30
0.0
 11
38.56112299999999
 21
8.275528999999999
 31
0.0
  0
LINE
  5
1919
330
1F
100
AcDbEntity
  8
1
  6
CONTINUOUS
370
50
 62
4
100
AcDbLine
 10
38.549198
 20
8.255419
 30
0.0
 11
38.555172
 21
8.265494
 31
0.0
  0
LINE
  5
191A
330
1F
100
AcDbEntity
  8
1
  6
CONTINUOUS
370
50
 62
4
100
AcDbLine
 10
57.65167599999999
 20
-9.39848
 30
0.0
 11
57.687073
 21
-9.338763
 31
0.0
  0
LINE
  5
191B
330
1F
100
AcDbEntity
  8
1
  6
CONTINUOUS
370
50
 62
4
100
AcDbLine
 10
38.543209
 20
8.245301
 30
0.0
 11
38.549198
 21
8.255419
 31
0.0
  0
LINE
  5
191C
330
1F
100
AcDbEntity
  8
1
  6
CONTINUOUS
370
50
 62
4
100
AcDbLine
 10
38.537201
 20
8.235144
 30
0.0
 11
38.543209
 21
8.245301
 31
0.0
  0
LINE
  5
191D
330
1F
100
AcDbEntity
  8
1
  6
CONTINUOUS
370
50
 62
4
100
AcDbLine
 10
38.53117
 20
8.224947
 30
0.0
 11
38.537201
 21
8.235144
 31
0.0
  0
LINE
  5
191E
330
1F
100
AcDbEntity
  8
1
  6
CONTINUOUS
370
50
 62
4
100
AcDbLine
 10
45.117661
 20
-9.111005
 30
0.0
 11
45.177269
 21
-9.010201
 31
0.0
  0
LINE
  5
191F
330
1F
100
AcDbEntity
  8
1
  6
CONTINUOUS
370
50
 62
4
100
AcDbLine
 10
47.877621
 20
-8.729815
 30
0.0
 11
47.97049699999999
 21
-8.57239
 31
0.0
  0
LINE
  5
1920
330
1F
100
AcDbEntity
  8
1
  6
CONTINUOUS
370
50
 62
4
100
AcDbLine
 10
57.687073
 20
-9.338763
 30
0.0
 11
57.722561
 21
-9.278525
 31
0.0
  0
LINE
  5
1921
330
1F
100
AcDbEntity
  8
1
  6
CONTINUOUS
370
50
 62
4
100
AcDbLine
 10
57.722561
 20
-9.278525
 30
0.0
 11
57.758129
 21
-9.217792
 31
0.0
  0
LINE
  5
1922
330
1F
100
AcDbEntity
  8
1
  6
CONTINUOUS
370
50
 62
4
100
AcDbLine
 10
45.177269
 20
-9.010201
 30
0.0
 11
45.237068
 21
-8.908083999999999
 31
0.0
  0
LINE
  5
1923
330
1F
100
AcDbEntity
  8
1
  6
CONTINUOUS
370
50
 62
4
100
AcDbLine
 10
57.758129
 20
-9.217792
 30
0.0
 11
57.793777
 21
-9.156566
 31
0.0
  0
LINE
  5
1924
330
1F
100
AcDbEntity
  8
1
  6
CONTINUOUS
370
50
 62
4
100
AcDbLine
 10
47.97049699999999
 20
-8.57239
 30
0.0
 11
48.063904
 21
-8.411741
 31
0.0
  0
LINE
  5
1925
330
1F
100
AcDbEntity
  8
1
  6
CONTINUOUS
370
50
 62
4
100
AcDbLine
 10
45.237068
 20
-8.908083999999999
 30
0.0
 11
45.297066
 21
-8.804644999999999
 31
0.0
  0
LINE
  5
1926
330
1F
100
AcDbEntity
  8
1
  6
CONTINUOUS
370
50
 62
4
100
AcDbLine
 10
55.043869
 20
-9.520040999999999
 30
0.0
 11
55.046707
 21
-9.515143
 31
0.0
  0
LINE
  5
1927
330
1F
100
AcDbEntity
  8
1
  6
CONTINUOUS
370
50
 62
4
100
AcDbLine
 10
57.793777
 20
-9.156566
 30
0.0
 11
57.82951
 21
-9.094852
 31
0.0
  0
LINE
  5
1928
330
1F
100
AcDbEntity
  8
1
  6
CONTINUOUS
370
50
 62
4
100
AcDbLine
 10
55.041035
 20
-9.524936
 30
0.0
 11
55.043869
 21
-9.520040999999999
 31
0.0
  0
LINE
  5
1929
330
1F
100
AcDbEntity
  8
1
  6
CONTINUOUS
370
50
 62
4
100
AcDbLine
 10
55.049541
 20
-9.510243
 30
0.0
 11
55.05238
 21
-9.505339
 31
0.0
  0
LINE
  5
192A
330
1F
100
AcDbEntity
  8
1
  6
CONTINUOUS
370
50
 62
4
100
AcDbLine
 10
55.046707
 20
-9.515143
 30
0.0
 11
55.049541
 21
-9.510243
 31
0.0
  0
LINE
  5
192B
330
1F
100
AcDbEntity
  8
1
  6
CONTINUOUS
370
50
 62
4
100
AcDbLine
 10
55.05238
 20
-9.505339
 30
0.0
 11
55.055218
 21
-9.500432
 31
0.0
  0
LINE
  5
192C
330
1F
100
AcDbEntity
  8
1
  6
CONTINUOUS
370
50
 62
4
100
AcDbLine
 10
55.055218
 20
-9.500432
 30
0.0
 11
55.058056
 21
-9.495522
 31
0.0
  0
LINE
  5
192D
330
1F
100
AcDbEntity
  8
1
  6
CONTINUOUS
370
50
 62
4
100
AcDbLine
 10
55.058056
 20
-9.495522
 30
0.0
 11
55.060894
 21
-9.490608
 31
0.0
  0
LINE
  5
192E
330
1F
100
AcDbEntity
  8
1
  6
CONTINUOUS
370
50
 62
4
100
AcDbLine
 10
48.063904
 20
-8.411741
 30
0.0
 11
48.16883499999999
 21
-8.23
 31
0.0
  0
LINE
  5
192F
330
1F
100
AcDbEntity
  8
1
  6
CONTINUOUS
370
50
 62
4
100
AcDbLine
 10
55.04116399999999
 20
-9.525
 30
0.0
 11
55.061016
 21
-9.490616
 31
0.0
  0
LINE
  5
1930
330
1F
100
AcDbEntity
  8
1
  6
CONTINUOUS
370
50
 62
4
100
AcDbLine
 10
44.881165
 20
-9.525
 30
0.0
 11
45.297066
 21
-8.804641
 31
0.0
  0
LINE
  5
1931
330
1F
100
AcDbEntity
  8
1
  6
CONTINUOUS
370
50
 62
4
100
AcDbLine
 10
57.82951
 20
-9.094852999999999
 30
0.0
 11
58.328835
 21
-8.23
 31
0.0
  0
LINE
  5
1932
330
1F
100
AcDbEntity
  8
1
  6
CONTINUOUS
370
50
 62
4
100
AcDbLine
 10
63.931168
 20
8.23
 30
0.0
 11
64.225357
 21
8.739549
 31
0.0
  0
LINE
  5
1933
330
1F
100
AcDbEntity
  8
1
  6
CONTINUOUS
370
50
 62
4
100
AcDbLine
 10
49.961166
 20
-9.525
 30
0.0
 11
50.708836
 21
-8.23
 31
0.0
  0
LINE
  5
1934
330
1F
100
AcDbEntity
  8
1
  6
CONTINUOUS
370
50
 62
4
100
AcDbLine
 10
62.953304
 20
-9.018998
 30
0.0
 11
63.40883299999999
 21
-8.23
 31
0.0
  0
LINE
  5
1935
330
1F
100
AcDbEntity
  8
1
  6
CONTINUOUS
370
50
 62
4
100
AcDbLine
 10
39.801167
 20
-9.525
 30
0.0
 11
40.548836
 21
-8.23
 31
0.0
  0
LINE
  5
1936
330
1F
100
AcDbEntity
  8
1
  6
CONTINUOUS
370
50
 62
4
100
AcDbLine
 10
60.121166
 20
-9.525
 30
0.0
 11
60.868835
 21
-8.23
 31
0.0
  0
LINE
  5
1937
330
1F
100
AcDbEntity
  8
1
  6
CONTINUOUS
370
50
 62
4
100
AcDbLine
 10
58.851166
 20
8.23
 30
0.0
 11
59.59883499999999
 21
9.525
 31
0.0
  0
LINE
  5
1938
330
1F
100
AcDbEntity
  8
1
  6
CONTINUOUS
370
50
 62
4
100
AcDbLine
 10
53.771164
 20
8.23
 30
0.0
 11
54.518833
 21
9.525
 31
0.0
  0
LINE
  5
1939
330
1F
100
AcDbEntity
  8
1
  6
CONTINUOUS
370
50
 62
4
100
AcDbLine
 10
51.231167
 20
8.23
 30
0.0
 11
51.978836
 21
9.525
 31
0.0
  0
LINE
  5
193A
330
1F
100
AcDbEntity
  8
1
  6
CONTINUOUS
370
50
 62
4
100
AcDbLine
 10
48.691166
 20
8.23
 30
0.0
 11
49.438835
 21
9.525
 31
0.0
  0
LINE
  5
193B
330
1F
100
AcDbEntity
  8
1
  6
CONTINUOUS
370
50
 62
4
100
AcDbLine
 10
43.611164
 20
8.23
 30
0.0
 11
44.358833
 21
9.525
 31
0.0
  0
LINE
  5
193C
330
1F
100
AcDbEntity
  8
1
  6
CONTINUOUS
370
50
 62
4
100
AcDbLine
 10
38.531166
 20
8.23
 30
0.0
 11
39.278835
 21
9.525
 31
0.0
  0
LINE
  5
193D
330
1F
100
AcDbEntity
  8
1
  6
CONTINUOUS
370
50
 62
4
100
AcDbLine
 10
42.341167
 20
-9.525
 30
0.0
 11
43.088833
 21
-8.23
 31
0.0
  0
LINE
  5
193E
330
1F
100
AcDbEntity
  8
1
  6
CONTINUOUS
370
50
 62
4
100
AcDbLine
 10
52.501167
 20
-9.525
 30
0.0
 11
53.248833
 21
-8.23
 31
0.0
  0
LINE
  5
193F
330
1F
100
AcDbEntity
  8
1
  6
CONTINUOUS
370
50
 62
4
100
AcDbLine
 10
61.391167
 20
8.23
 30
0.0
 11
61.971252
 21
9.23474
 31
0.0
  0
LINE
  5
1940
330
1F
100
AcDbEntity
  8
1
  6
CONTINUOUS
370
50
 62
4
100
AcDbLine
 10
41.071167
 20
8.23
 30
0.0
 11
41.818832
 21
9.525
 31
0.0
  0
LINE
  5
1941
330
1F
100
AcDbEntity
  8
1
  6
CONTINUOUS
370
50
 62
4
100
AcDbLine
 10
45.297066
 20
-8.804644999999999
 30
0.0
 11
45.318588
 21
-8.767304
 31
0.0
  0
LINE
  5
1942
330
1F
100
AcDbEntity
  8
1
  6
CONTINUOUS
370
50
 62
4
100
AcDbLine
 10
66.518982
 20
0.551948
 30
0.0
 11
66.539253
 21
0.58722
 31
0.0
  0
LINE
  5
1943
330
1F
100
AcDbEntity
  8
1
  6
CONTINUOUS
370
50
 62
4
100
AcDbLine
 10
45.318588
 20
-8.767304
 30
0.0
 11
45.340141
 21
-8.729792999999999
 31
0.0
  0
LINE
  5
1944
330
1F
100
AcDbEntity
  8
1
  6
CONTINUOUS
370
50
 62
4
100
AcDbLine
 10
55.060894
 20
-9.490608
 30
0.0
 11
55.137959
 21
-9.356378
 31
0.0
  0
LINE
  5
1945
330
1F
100
AcDbEntity
  8
1
  6
CONTINUOUS
370
50
 62
4
100
AcDbLine
 10
45.340141
 20
-8.729792999999999
 30
0.0
 11
45.361721
 21
-8.692109
 31
0.0
  0
LINE
  5
1946
330
1F
100
AcDbEntity
  8
1
  6
CONTINUOUS
370
50
 62
4
100
AcDbLine
 10
45.361721
 20
-8.692109
 30
0.0
 11
45.383331
 21
-8.654255
 31
0.0
  0
LINE
  5
1947
330
1F
100
AcDbEntity
  8
1
  6
CONTINUOUS
370
50
 62
4
100
AcDbLine
 10
45.383331
 20
-8.654255
 30
0.0
 11
45.404976
 21
-8.616228999999999
 31
0.0
  0
LINE
  5
1948
330
1F
100
AcDbEntity
  8
1
  6
CONTINUOUS
370
50
 62
4
100
AcDbLine
 10
55.137959
 20
-9.356378
 30
0.0
 11
55.215405
 21
-9.219868
 31
0.0
  0
LINE
  5
1949
330
1F
100
AcDbEntity
  8
1
  6
CONTINUOUS
370
50
 62
4
100
AcDbLine
 10
45.404976
 20
-8.616228999999999
 30
0.0
 11
45.426647
 21
-8.57803
 31
0.0
  0
LINE
  5
194A
330
1F
100
AcDbEntity
  8
1
  6
CONTINUOUS
370
50
 62
4
100
AcDbLine
 10
45.426647
 20
-8.57803
 30
0.0
 11
45.448353
 21
-8.539658
 31
0.0
  0
LINE
  5
194B
330
1F
100
AcDbEntity
  8
1
  6
CONTINUOUS
370
50
 62
4
100
AcDbLine
 10
45.448353
 20
-8.539658
 30
0.0
 11
45.473251
 21
-8.495519999999999
 31
0.0
  0
LINE
  5
194C
330
1F
100
AcDbEntity
  8
1
  6
CONTINUOUS
370
50
 62
4
100
AcDbLine
 10
45.473251
 20
-8.495519999999999
 30
0.0
 11
45.498455
 21
-8.450716
 31
0.0
  0
LINE
  5
194D
330
1F
100
AcDbEntity
  8
1
  6
CONTINUOUS
370
50
 62
4
100
AcDbLine
 10
45.498455
 20
-8.450716
 30
0.0
 11
45.52396
 21
-8.405277
 31
0.0
  0
LINE
  5
194E
330
1F
100
AcDbEntity
  8
1
  6
CONTINUOUS
370
50
 62
4
100
AcDbLine
 10
55.215405
 20
-9.219868
 30
0.0
 11
55.293243
 21
-9.0811
 31
0.0
  0
LINE
  5
194F
330
1F
100
AcDbEntity
  8
1
  6
CONTINUOUS
370
50
 62
4
100
AcDbLine
 10
45.52396
 20
-8.405277
 30
0.0
 11
45.54975899999999
 21
-8.359229
 31
0.0
  0
LINE
  5
1950
330
1F
100
AcDbEntity
  8
1
  6
CONTINUOUS
370
50
 62
4
100
AcDbLine
 10
45.54975899999999
 20
-8.359229
 30
0.0
 11
45.575844
 21
-8.312602
 31
0.0
  0
LINE
  5
1951
330
1F
100
AcDbEntity
  8
1
  6
CONTINUOUS
370
50
 62
4
100
AcDbLine
 10
45.575844
 20
-8.312602
 30
0.0
 11
45.602203
 21
-8.265424
 31
0.0
  0
LINE
  5
1952
330
1F
100
AcDbEntity
  8
1
  6
CONTINUOUS
370
50
 62
4
100
AcDbLine
 10
45.602203
 20
-8.265424
 30
0.0
 11
45.62883
 21
-8.217723
 31
0.0
  0
LINE
  5
1953
330
1F
100
AcDbEntity
  8
1
  6
CONTINUOUS
370
50
 62
4
100
AcDbLine
 10
55.293243
 20
-9.0811
 30
0.0
 11
55.371471
 21
-8.940095999999999
 31
0.0
  0
LINE
  5
1954
330
1F
100
AcDbEntity
  8
1
  6
CONTINUOUS
370
50
 62
4
100
AcDbLine
 10
55.371471
 20
-8.940095999999999
 30
0.0
 11
55.450077
 21
-8.79693
 31
0.0
  0
LINE
  5
1955
330
1F
100
AcDbEntity
  8
1
  6
CONTINUOUS
370
50
 62
4
100
AcDbLine
 10
55.450077
 20
-8.79693
 30
0.0
 11
55.528942
 21
-8.65188
 31
0.0
  0
LINE
  5
1956
330
1F
100
AcDbEntity
  8
1
  6
CONTINUOUS
370
50
 62
4
100
AcDbLine
 10
55.528942
 20
-8.65188
 30
0.0
 11
55.608173
 21
-8.504813
 31
0.0
  0
LINE
  5
1957
330
1F
100
AcDbEntity
  8
1
  6
CONTINUOUS
370
50
 62
4
100
AcDbLine
 10
55.76217699999999
 20
-8.217547
 30
0.0
 11
55.78883
 21
-8.167939
 31
0.0
  0
LINE
  5
1958
330
1F
100
AcDbEntity
  8
1
  6
CONTINUOUS
370
50
 62
4
100
AcDbLine
 10
55.73578999999999
 20
-8.266715
 30
0.0
 11
55.76217699999999
 21
-8.217547
 31
0.0
  0
LINE
  5
1959
330
1F
100
AcDbEntity
  8
1
  6
CONTINUOUS
370
50
 62
4
100
AcDbLine
 10
55.70967899999999
 20
-8.31541
 30
0.0
 11
55.73578999999999
 21
-8.266715
 31
0.0
  0
LINE
  5
195A
330
1F
100
AcDbEntity
  8
1
  6
CONTINUOUS
370
50
 62
4
100
AcDbLine
 10
55.608173
 20
-8.504813
 30
0.0
 11
55.633091
 21
-8.458333999999999
 31
0.0
  0
LINE
  5
195B
330
1F
100
AcDbEntity
  8
1
  6
CONTINUOUS
370
50
 62
4
100
AcDbLine
 10
55.683853
 20
-8.3636
 30
0.0
 11
55.70967899999999
 21
-8.31541
 31
0.0
  0
LINE
  5
195C
330
1F
100
AcDbEntity
  8
1
  6
CONTINUOUS
370
50
 62
4
100
AcDbLine
 10
55.633091
 20
-8.458333999999999
 30
0.0
 11
55.658321
 21
-8.411252
 31
0.0
  0
LINE
  5
195D
330
1F
100
AcDbEntity
  8
1
  6
CONTINUOUS
370
50
 62
4
100
AcDbLine
 10
55.658321
 20
-8.411252
 30
0.0
 11
55.683853
 21
-8.3636
 31
0.0
  0
LINE
  5
195E
330
1F
100
AcDbEntity
  8
1
  6
CONTINUOUS
370
50
 62
4
100
AcDbLine
 10
66.506424
 20
0.527438
 30
0.0
 11
66.529037
 21
0.57007
 31
0.0
  0
LINE
  5
195F
330
1F
100
AcDbEntity
  8
1
  6
CONTINUOUS
370
50
 62
4
100
AcDbLine
 10
66.472351
 20
8.112847
 30
0.0
 11
66.473541
 21
8.115103
 31
0.0
  0
LINE
  5
1960
330
1F
100
AcDbEntity
  8
1
  6
CONTINUOUS
370
50
 62
4
100
AcDbLine
 10
66.47827099999999
 20
8.124115999999999
 30
0.0
 11
66.479454
 21
8.126367
 31
0.0
  0
LINE
  5
1961
330
1F
100
AcDbEntity
  8
1
  6
CONTINUOUS
370
50
 62
4
100
AcDbLine
 10
66.475906
 20
8.119612
 30
0.0
 11
66.47708899999999
 21
8.121864
 31
0.0
  0
LINE
  5
1962
330
1F
100
AcDbEntity
  8
1
  6
CONTINUOUS
370
50
 62
4
100
AcDbLine
 10
66.47708899999999
 20
8.121864
 30
0.0
 11
66.47827099999999
 21
8.124115999999999
 31
0.0
  0
LINE
  5
1963
330
1F
100
AcDbEntity
  8
1
  6
CONTINUOUS
370
50
 62
4
100
AcDbLine
 10
66.473541
 20
8.115103
 30
0.0
 11
66.474724
 21
8.117357
 31
0.0
  0
LINE
  5
1964
330
1F
100
AcDbEntity
  8
1
  6
CONTINUOUS
370
50
 62
4
100
AcDbLine
 10
66.474724
 20
8.117357
 30
0.0
 11
66.475906
 21
8.119612
 31
0.0
  0
LINE
  5
1965
330
1F
100
AcDbEntity
  8
1
  6
CONTINUOUS
370
50
 62
4
100
AcDbLine
 10
56.952583
 20
9.245607999999999
 30
0.0
 11
57.05883799999999
 21
9.448368
 31
0.0
  0
LINE
  5
1966
330
1F
100
AcDbEntity
  8
1
  6
CONTINUOUS
370
50
 62
4
100
AcDbLine
 10
66.471169
 20
8.110591
 30
0.0
 11
66.472351
 21
8.112847
 31
0.0
  0
LINE
  5
1967
330
1F
100
AcDbEntity
  8
1
  6
CONTINUOUS
370
50
 62
4
100
AcDbLine
 10
65.936287
 20
-8.104239
 30
0.0
 11
65.94883
 21
-8.080148
 31
0.0
  0
LINE
  5
1968
330
1F
100
AcDbEntity
  8
1
  6
CONTINUOUS
370
50
 62
4
100
AcDbLine
 10
56.845558
 20
9.03988
 30
0.0
 11
56.952583
 21
9.245607999999999
 31
0.0
  0
LINE
  5
1969
330
1F
100
AcDbEntity
  8
1
  6
CONTINUOUS
370
50
 62
4
100
AcDbLine
 10
65.92379799999999
 20
-8.128255
 30
0.0
 11
65.936287
 21
-8.104239
 31
0.0
  0
LINE
  5
196A
330
1F
100
AcDbEntity
  8
1
  6
CONTINUOUS
370
50
 62
4
100
AcDbLine
 10
65.911369
 20
-8.152196
 30
0.0
 11
65.92379799999999
 21
-8.128255
 31
0.0
  0
LINE
  5
196B
330
1F
100
AcDbEntity
  8
1
  6
CONTINUOUS
370
50
 62
4
100
AcDbLine
 10
65.899002
 20
-8.176055999999999
 30
0.0
 11
65.911369
 21
-8.152196
 31
0.0
  0
LINE
  5
196C
330
1F
100
AcDbEntity
  8
1
  6
CONTINUOUS
370
50
 62
4
100
AcDbLine
 10
65.88668799999999
 20
-8.199831
 30
0.0
 11
65.899002
 21
-8.176055999999999
 31
0.0
  0
LINE
  5
196D
330
1F
100
AcDbEntity
  8
1
  6
CONTINUOUS
370
50
 62
4
100
AcDbLine
 10
65.874443
 20
-8.223519
 30
0.0
 11
65.88668799999999
 21
-8.199831
 31
0.0
  0
LINE
  5
196E
330
1F
100
AcDbEntity
  8
1
  6
CONTINUOUS
370
50
 62
4
100
AcDbLine
 10
56.737747
 20
8.831304
 30
0.0
 11
56.845558
 21
9.03988
 31
0.0
  0
LINE
  5
196F
330
1F
100
AcDbEntity
  8
1
  6
CONTINUOUS
370
50
 62
4
100
AcDbLine
 10
65.862259
 20
-8.247114999999999
 30
0.0
 11
65.874443
 21
-8.223519
 31
0.0
  0
LINE
  5
1970
330
1F
100
AcDbEntity
  8
1
  6
CONTINUOUS
370
50
 62
4
100
AcDbLine
 10
36.427567
 20
1.860181
 30
0.0
 11
36.462185
 21
1.927274
 31
0.0
  0
LINE
  5
1971
330
1F
100
AcDbEntity
  8
1
  6
CONTINUOUS
370
50
 62
4
100
AcDbLine
 10
56.629135
 20
8.620004
 30
0.0
 11
56.737747
 21
8.831304
 31
0.0
  0
LINE
  5
1972
330
1F
100
AcDbEntity
  8
1
  6
CONTINUOUS
370
50
 62
4
100
AcDbLine
 10
56.519714
 20
8.406101
 30
0.0
 11
56.629135
 21
8.620004
 31
0.0
  0
LINE
  5
1973
330
1F
100
AcDbEntity
  8
1
  6
CONTINUOUS
370
50
 62
4
100
AcDbLine
 10
56.409473
 20
8.189719
 30
0.0
 11
56.519714
 21
8.406101
 31
0.0
  0
LINE
  5
1974
330
1F
100
AcDbEntity
  8
1
  6
CONTINUOUS
370
50
 62
4
100
AcDbLine
 10
46.867203
 20
9.281483
 30
0.0
 11
46.898838
 21
9.34414
 31
0.0
  0
LINE
  5
1975
330
1F
100
AcDbEntity
  8
1
  6
CONTINUOUS
370
50
 62
4
100
AcDbLine
 10
46.835499
 20
9.218588
 30
0.0
 11
46.867203
 21
9.281483
 31
0.0
  0
LINE
  5
1976
330
1F
100
AcDbEntity
  8
1
  6
CONTINUOUS
370
50
 62
4
100
AcDbLine
 10
46.803726
 20
9.155459
 30
0.0
 11
46.835499
 21
9.218588
 31
0.0
  0
LINE
  5
1977
330
1F
100
AcDbEntity
  8
1
  6
CONTINUOUS
370
50
 62
4
100
AcDbLine
 10
46.771885
 20
9.092101
 30
0.0
 11
46.803726
 21
9.155459
 31
0.0
  0
LINE
  5
1978
330
1F
100
AcDbEntity
  8
1
  6
CONTINUOUS
370
50
 62
4
100
AcDbLine
 10
46.739971
 20
9.028516
 30
0.0
 11
46.771885
 21
9.092101
 31
0.0
  0
LINE
  5
1979
330
1F
100
AcDbEntity
  8
1
  6
CONTINUOUS
370
50
 62
4
100
AcDbLine
 10
46.70799299999999
 20
8.964706999999999
 30
0.0
 11
46.739971
 21
9.028516
 31
0.0
  0
LINE
  5
197A
330
1F
100
AcDbEntity
  8
1
  6
CONTINUOUS
370
50
 62
4
100
AcDbLine
 10
66.49962599999999
 20
0.513226
 30
0.0
 11
66.518982
 21
0.551948
 31
0.0
  0
LINE
  5
197B
330
1F
100
AcDbEntity
  8
1
  6
CONTINUOUS
370
50
 62
4
100
AcDbLine
 10
35.676483
 20
0.942384
 30
0.0
 11
35.693275
 21
0.97644
 31
0.0
  0
LINE
  5
197C
330
1F
100
AcDbEntity
  8
1
  6
CONTINUOUS
370
50
 62
4
100
AcDbLine
 10
66.485107
 20
0.48035
 30
0.0
 11
66.506424
 21
0.527438
 31
0.0
  0
LINE
  5
197D
330
1F
100
AcDbEntity
  8
1
  6
CONTINUOUS
370
50
 62
4
100
AcDbLine
 10
36.394032
 20
1.784003
 30
0.0
 11
36.427567
 21
1.860181
 31
0.0
  0
LINE
  5
197E
330
1F
100
AcDbEntity
  8
1
  6
CONTINUOUS
370
50
 62
4
100
AcDbLine
 10
66.833191
 20
7.718230999999999
 30
0.0
 11
66.860252
 21
7.779881
 31
0.0
  0
LINE
  5
197F
330
1F
100
AcDbEntity
  8
1
  6
CONTINUOUS
370
50
 62
4
100
AcDbLine
 10
66.833191
 20
7.718234
 30
0.0
 11
66.86024499999999
 21
7.779881
 31
0.0
  0
LINE
  5
1980
330
1F
100
AcDbEntity
  8
1
  6
CONTINUOUS
370
50
 62
4
100
AcDbLine
 10
66.860252
 20
7.779881
 30
0.0
 11
66.887642
 21
7.842537999999999
 31
0.0
  0
LINE
  5
1981
330
1F
100
AcDbEntity
  8
1
  6
CONTINUOUS
370
50
 62
4
100
AcDbLine
 10
66.86024499999999
 20
7.779881
 30
0.0
 11
66.88763399999999
 21
7.842536
 31
0.0
  0
LINE
  5
1982
330
1F
100
AcDbEntity
  8
1
  6
CONTINUOUS
370
50
 62
4
100
AcDbLine
 10
66.88763399999999
 20
7.842536
 30
0.0
 11
66.915329
 21
7.906117
 31
0.0
  0
LINE
  5
1983
330
1F
100
AcDbEntity
  8
1
  6
CONTINUOUS
370
50
 62
4
100
AcDbLine
 10
66.887642
 20
7.842537999999999
 30
0.0
 11
66.915337
 21
7.90612
 31
0.0
  0
LINE
  5
1984
330
1F
100
AcDbEntity
  8
1
  6
CONTINUOUS
370
50
 62
4
100
AcDbLine
 10
66.481483
 20
0.471553
 30
0.0
 11
66.49962599999999
 21
0.513226
 31
0.0
  0
LINE
  5
1985
330
1F
100
AcDbEntity
  8
1
  6
CONTINUOUS
370
50
 62
4
100
AcDbLine
 10
66.915329
 20
7.906117
 30
0.0
 11
66.94330599999999
 21
7.970541
 31
0.0
  0
LINE
  5
1986
330
1F
100
AcDbEntity
  8
1
  6
CONTINUOUS
370
50
 62
4
100
AcDbLine
 10
66.915337
 20
7.90612
 30
0.0
 11
66.943314
 21
7.970543999999999
 31
0.0
  0
LINE
  5
1987
330
1F
100
AcDbEntity
  8
1
  6
CONTINUOUS
370
50
 62
4
100
AcDbLine
 10
66.94330599999999
 20
7.970541
 30
0.0
 11
66.971535
 21
8.035727999999999
 31
0.0
  0
LINE
  5
1988
330
1F
100
AcDbEntity
  8
1
  6
CONTINUOUS
370
50
 62
4
100
AcDbLine
 10
66.943314
 20
7.970543999999999
 30
0.0
 11
66.971535
 21
8.035729
 31
0.0
  0
LINE
  5
1989
330
1F
100
AcDbEntity
  8
1
  6
CONTINUOUS
370
50
 62
4
100
AcDbLine
 10
66.971535
 20
8.035729
 30
0.0
 11
66.999985
 21
8.101593
 31
0.0
  0
LINE
  5
198A
330
1F
100
AcDbEntity
  8
1
  6
CONTINUOUS
370
50
 62
4
100
AcDbLine
 10
66.971535
 20
8.035727999999999
 30
0.0
 11
66.999985
 21
8.101594
 31
0.0
  0
LINE
  5
198B
330
1F
100
AcDbEntity
  8
1
  6
CONTINUOUS
370
50
 62
4
100
AcDbLine
 10
66.465508
 20
0.429599
 30
0.0
 11
66.485107
 21
0.48035
 31
0.0
  0
LINE
  5
198C
330
1F
100
AcDbEntity
  8
1
  6
CONTINUOUS
370
50
 62
4
100
AcDbLine
 10
67.000023
 20
2.857753
 30
0.0
 11
67.00003099999999
 21
2.857774
 31
0.0
  0
LINE
  5
198D
330
1F
100
AcDbEntity
  8
1
  6
CONTINUOUS
370
50
 62
4
100
AcDbLine
 10
67.000038
 20
2.857795
 30
0.0
 11
67.000046
 21
2.857816
 31
0.0
  0
LINE
  5
198E
330
1F
100
AcDbEntity
  8
1
  6
CONTINUOUS
370
50
 62
4
100
AcDbLine
 10
67.000053
 20
2.857836
 30
0.0
 11
67.000069
 21
2.857878
 31
0.0
  0
LINE
  5
198F
330
1F
100
AcDbEntity
  8
1
  6
CONTINUOUS
370
50
 62
4
100
AcDbLine
 10
66.46468399999999
 20
0.427283
 30
0.0
 11
66.481483
 21
0.471553
 31
0.0
  0
LINE
  5
1990
330
1F
100
AcDbEntity
  8
1
  6
CONTINUOUS
370
50
 62
4
100
AcDbLine
 10
36.362026
 20
1.699522
 30
0.0
 11
36.394032
 21
1.784003
 31
0.0
  0
LINE
  5
1991
330
1F
100
AcDbEntity
  8
1
  6
CONTINUOUS
370
50
 62
4
100
AcDbLine
 10
35.663212
 20
0.906901
 30
0.0
 11
35.676483
 21
0.942384
 31
0.0
  0
LINE
  5
1992
330
1F
100
AcDbEntity
  8
1
  6
CONTINUOUS
370
50
 62
4
100
AcDbLine
 10
67.000046
 20
2.857816
 30
0.0
 11
67.000053
 21
2.857836
 31
0.0
  0
LINE
  5
1993
330
1F
100
AcDbEntity
  8
1
  6
CONTINUOUS
370
50
 62
4
100
AcDbLine
 10
36.995876
 20
9.264557
 30
0.0
 11
37.0
 21
9.276404
 31
0.0
  0
LINE
  5
1994
330
1F
100
AcDbEntity
  8
1
  6
CONTINUOUS
370
50
 62
4
100
AcDbLine
 10
36.987656
 20
9.240910999999999
 30
0.0
 11
36.991764
 21
9.252726
 31
0.0
  0
LINE
  5
1995
330
1F
100
AcDbEntity
  8
1
  6
CONTINUOUS
370
50
 62
4
100
AcDbLine
 10
36.983555
 20
9.229115
 30
0.0
 11
36.987656
 21
9.240910999999999
 31
0.0
  0
LINE
  5
1996
330
1F
100
AcDbEntity
  8
1
  6
CONTINUOUS
370
50
 62
4
100
AcDbLine
 10
36.991764
 20
9.252726
 30
0.0
 11
36.995876
 21
9.264557
 31
0.0
  0
LINE
  5
1997
330
1F
100
AcDbEntity
  8
1
  6
CONTINUOUS
370
50
 62
4
100
AcDbLine
 10
36.979462
 20
9.217336999999999
 30
0.0
 11
36.983555
 21
9.229115
 31
0.0
  0
LINE
  5
1998
330
1F
100
AcDbEntity
  8
1
  6
CONTINUOUS
370
50
 62
4
100
AcDbLine
 10
36.975376
 20
9.205575999999999
 30
0.0
 11
36.979462
 21
9.217336999999999
 31
0.0
  0
LINE
  5
1999
330
1F
100
AcDbEntity
  8
1
  6
CONTINUOUS
370
50
 62
4
100
AcDbLine
 10
36.971298
 20
9.193833
 30
0.0
 11
36.975376
 21
9.205575999999999
 31
0.0
  0
LINE
  5
199A
330
1F
100
AcDbEntity
  8
1
  6
CONTINUOUS
370
50
 62
4
100
AcDbLine
 10
36.311558
 20
7.217270999999999
 30
0.0
 11
36.342644
 21
7.307377
 31
0.0
  0
LINE
  5
199B
330
1F
100
AcDbEntity
  8
1
  6
CONTINUOUS
370
50
 62
4
100
AcDbLine
 10
36.342644
 20
7.307377
 30
0.0
 11
36.376045
 21
7.404280999999999
 31
0.0
  0
LINE
  5
199C
330
1F
100
AcDbEntity
  8
1
  6
CONTINUOUS
370
50
 62
4
100
AcDbLine
 10
36.283081
 20
7.134479
 30
0.0
 11
36.311558
 21
7.217270999999999
 31
0.0
  0
LINE
  5
199D
330
1F
100
AcDbEntity
  8
1
  6
CONTINUOUS
370
50
 62
4
100
AcDbLine
 10
36.376045
 20
7.404280999999999
 30
0.0
 11
36.411507
 21
7.507529
 31
0.0
  0
LINE
  5
199E
330
1F
100
AcDbEntity
  8
1
  6
CONTINUOUS
370
50
 62
4
100
AcDbLine
 10
36.411507
 20
7.507529
 30
0.0
 11
36.448818
 21
7.616726
 31
0.0
  0
LINE
  5
199F
330
1F
100
AcDbEntity
  8
1
  6
CONTINUOUS
370
50
 62
4
100
AcDbLine
 10
36.257477
 20
7.059494
 30
0.0
 11
36.283081
 21
7.134479
 31
0.0
  0
LINE
  5
19A0
330
1F
100
AcDbEntity
  8
1
  6
CONTINUOUS
370
50
 62
4
100
AcDbLine
 10
36.448818
 20
7.616726
 30
0.0
 11
36.487766
 21
7.731477
 31
0.0
  0
LINE
  5
19A1
330
1F
100
AcDbEntity
  8
1
  6
CONTINUOUS
370
50
 62
4
100
AcDbLine
 10
36.23502
 20
6.992813
 30
0.0
 11
36.257477
 21
7.059494
 31
0.0
  0
LINE
  5
19A2
330
1F
100
AcDbEntity
  8
1
  6
CONTINUOUS
370
50
 62
4
100
AcDbLine
 10
36.487766
 20
7.731477
 30
0.0
 11
36.52814499999999
 21
7.851388
 31
0.0
  0
LINE
  5
19A3
330
1F
100
AcDbEntity
  8
1
  6
CONTINUOUS
370
50
 62
4
100
AcDbLine
 10
36.52814499999999
 20
7.851388
 30
0.0
 11
36.569744
 21
7.976065999999999
 31
0.0
  0
LINE
  5
19A4
330
1F
100
AcDbEntity
  8
1
  6
CONTINUOUS
370
50
 62
4
100
AcDbLine
 10
67.00003099999999
 20
2.857774
 30
0.0
 11
67.000038
 21
2.857795
 31
0.0
  0
LINE
  5
19A5
330
1F
100
AcDbEntity
  8
1
  6
CONTINUOUS
370
50
 62
4
100
AcDbLine
 10
36.919888
 20
9.038236
 30
0.0
 11
36.971298
 21
9.193833
 31
0.0
  0
LINE
  5
19A6
330
1F
100
AcDbEntity
  8
1
  6
CONTINUOUS
370
50
 62
4
100
AcDbLine
 10
36.868286
 20
8.882016
 30
0.0
 11
36.919888
 21
9.038236
 31
0.0
  0
LINE
  5
19A7
330
1F
100
AcDbEntity
  8
1
  6
CONTINUOUS
370
50
 62
4
100
AcDbLine
 10
36.569744
 20
7.976065999999999
 30
0.0
 11
36.61235
 21
8.105114
 31
0.0
  0
LINE
  5
19A8
330
1F
100
AcDbEntity
  8
1
  6
CONTINUOUS
370
50
 62
4
100
AcDbLine
 10
36.816639
 20
8.725563
 30
0.0
 11
36.868286
 21
8.882016
 31
0.0
  0
LINE
  5
19A9
330
1F
100
AcDbEntity
  8
1
  6
CONTINUOUS
370
50
 62
4
100
AcDbLine
 10
66.449249
 20
0.380525
 30
0.0
 11
66.46468399999999
 21
0.427283
 31
0.0
  0
LINE
  5
19AA
330
1F
100
AcDbEntity
  8
1
  6
CONTINUOUS
370
50
 62
4
100
AcDbLine
 10
36.765083
 20
8.569261
 30
0.0
 11
36.816639
 21
8.725563
 31
0.0
  0
LINE
  5
19AB
330
1F
100
AcDbEntity
  8
1
  6
CONTINUOUS
370
50
 62
4
100
AcDbLine
 10
36.713757
 20
8.413494
 30
0.0
 11
36.765083
 21
8.569261
 31
0.0
  0
LINE
  5
19AC
330
1F
100
AcDbEntity
  8
1
  6
CONTINUOUS
370
50
 62
4
100
AcDbLine
 10
36.6628
 20
8.25865
 30
0.0
 11
36.713757
 21
8.413494
 31
0.0
  0
LINE
  5
19AD
330
1F
100
AcDbEntity
  8
1
  6
CONTINUOUS
370
50
 62
4
100
AcDbLine
 10
66.447762
 20
0.37564
 30
0.0
 11
66.465508
 21
0.429599
 31
0.0
  0
LINE
  5
19AE
330
1F
100
AcDbEntity
  8
1
  6
CONTINUOUS
370
50
 62
4
100
AcDbLine
 10
36.61235
 20
8.105114
 30
0.0
 11
36.6628
 21
8.25865
 31
0.0
  0
LINE
  5
19AF
330
1F
100
AcDbEntity
  8
1
  6
CONTINUOUS
370
50
 62
4
100
AcDbLine
 10
36.331951
 20
1.607664
 30
0.0
 11
36.362026
 21
1.699522
 31
0.0
  0
LINE
  5
19B0
330
1F
100
AcDbEntity
  8
1
  6
CONTINUOUS
370
50
 62
4
100
AcDbLine
 10
35.641754
 20
-6.958824
 30
0.0
 11
35.643299
 21
-6.953907
 31
0.0
  0
LINE
  5
19B1
330
1F
100
AcDbEntity
  8
1
  6
CONTINUOUS
370
50
 62
4
100
AcDbLine
 10
66.435188
 20
0.331383
 30
0.0
 11
66.449249
 21
0.380525
 31
0.0
  0
LINE
  5
19B2
330
1F
100
AcDbEntity
  8
1
  6
CONTINUOUS
370
50
 62
4
100
AcDbLine
 10
36.303993
 20
1.508892
 30
0.0
 11
36.331951
 21
1.607664
 31
0.0
  0
LINE
  5
19B3
330
1F
100
AcDbEntity
  8
1
  6
CONTINUOUS
370
50
 62
4
100
AcDbLine
 10
36.995892
 20
9.281003
 30
0.0
 11
37.0
 21
9.295542
 31
0.0
  0
LINE
  5
19B4
330
1F
100
AcDbEntity
  8
1
  6
CONTINUOUS
370
50
 62
4
100
AcDbLine
 10
36.98358899999999
 20
9.237404
 30
0.0
 11
36.98769
 21
9.251934
 31
0.0
  0
LINE
  5
19B5
330
1F
100
AcDbEntity
  8
1
  6
CONTINUOUS
370
50
 62
4
100
AcDbLine
 10
36.98769
 20
9.251934
 30
0.0
 11
36.991791
 21
9.266467
 31
0.0
  0
LINE
  5
19B6
330
1F
100
AcDbEntity
  8
1
  6
CONTINUOUS
370
50
 62
4
100
AcDbLine
 10
36.971298
 20
9.193833
 30
0.0
 11
36.975395
 21
9.208354
 31
0.0
  0
LINE
  5
19B7
330
1F
100
AcDbEntity
  8
1
  6
CONTINUOUS
370
50
 62
4
100
AcDbLine
 10
36.991791
 20
9.266467
 30
0.0
 11
36.995892
 21
9.281003
 31
0.0
  0
LINE
  5
19B8
330
1F
100
AcDbEntity
  8
1
  6
CONTINUOUS
370
50
 62
4
100
AcDbLine
 10
36.975395
 20
9.208354
 30
0.0
 11
36.979492
 21
9.222878
 31
0.0
  0
LINE
  5
19B9
330
1F
100
AcDbEntity
  8
1
  6
CONTINUOUS
370
50
 62
4
100
AcDbLine
 10
36.979492
 20
9.222878
 30
0.0
 11
36.98358899999999
 21
9.237404
 31
0.0
  0
LINE
  5
19BA
330
1F
100
AcDbEntity
  8
1
  6
CONTINUOUS
370
50
 62
4
100
AcDbLine
 10
66.431862
 20
0.318654
 30
0.0
 11
66.447762
 21
0.37564
 31
0.0
  0
LINE
  5
19BB
330
1F
100
AcDbEntity
  8
1
  6
CONTINUOUS
370
50
 62
4
100
AcDbLine
 10
35.653328
 20
0.8703879999999999
 30
0.0
 11
35.663212
 21
0.906901
 31
0.0
  0
LINE
  5
19BC
330
1F
100
AcDbEntity
  8
1
  6
CONTINUOUS
370
50
 62
4
100
AcDbLine
 10
66.422501
 20
0.279965
 30
0.0
 11
66.435188
 21
0.331383
 31
0.0
  0
LINE
  5
19BD
330
1F
100
AcDbEntity
  8
1
  6
CONTINUOUS
370
50
 62
4
100
AcDbLine
 10
36.278351
 20
1.403666
 30
0.0
 11
36.303993
 21
1.508892
 31
0.0
  0
LINE
  5
19BE
330
1F
100
AcDbEntity
  8
1
  6
CONTINUOUS
370
50
 62
4
100
AcDbLine
 10
66.417816
 20
0.258824
 30
0.0
 11
66.431862
 21
0.318654
 31
0.0
  0
LINE
  5
19BF
330
1F
100
AcDbEntity
  8
1
  6
CONTINUOUS
370
50
 62
4
100
AcDbLine
 10
66.41120099999999
 20
0.226423
 30
0.0
 11
66.422501
 21
0.279965
 31
0.0
  0
LINE
  5
19C0
330
1F
100
AcDbEntity
  8
1
  6
CONTINUOUS
370
50
 62
4
100
AcDbLine
 10
36.255238
 20
1.292563
 30
0.0
 11
36.278351
 21
1.403666
 31
0.0
  0
LINE
  5
19C1
330
1F
100
AcDbEntity
  8
1
  6
CONTINUOUS
370
50
 62
4
100
AcDbLine
 10
66.40563999999999
 20
0.196406
 30
0.0
 11
66.417816
 21
0.258824
 31
0.0
  0
LINE
  5
19C2
330
1F
100
AcDbEntity
  8
1
  6
CONTINUOUS
370
50
 62
4
100
AcDbLine
 10
35.64661
 20
0.8330679999999999
 30
0.0
 11
35.653328
 21
0.8703879999999999
 31
0.0
  0
LINE
  5
19C3
330
1F
100
AcDbEntity
  8
1
  6
CONTINUOUS
370
50
 62
4
100
AcDbLine
 10
66.401398
 20
0.171402
 30
0.0
 11
66.41120099999999
 21
0.226423
 31
0.0
  0
LINE
  5
19C4
330
1F
100
AcDbEntity
  8
1
  6
CONTINUOUS
370
50
 62
4
100
AcDbLine
 10
36.23502
 20
1.177162
 30
0.0
 11
36.255238
 21
1.292563
 31
0.0
  0
LINE
  5
19C5
330
1F
100
AcDbEntity
  8
1
  6
CONTINUOUS
370
50
 62
4
100
AcDbLine
 10
66.395416
 20
0.132223
 30
0.0
 11
66.40563999999999
 21
0.196406
 31
0.0
  0
LINE
  5
19C6
330
1F
100
AcDbEntity
  8
1
  6
CONTINUOUS
370
50
 62
4
100
AcDbLine
 10
66.39306599999999
 20
0.115212
 30
0.0
 11
66.401398
 21
0.171402
 31
0.0
  0
LINE
  5
19C7
330
1F
100
AcDbEntity
  8
1
  6
CONTINUOUS
370
50
 62
4
100
AcDbLine
 10
66.387093
 20
0.066668
 30
0.0
 11
66.395416
 21
0.132223
 31
0.0
  0
LINE
  5
19C8
330
1F
100
AcDbEntity
  8
1
  6
CONTINUOUS
370
50
 62
4
100
AcDbLine
 10
66.386147
 20
0.058023
 30
0.0
 11
66.39306599999999
 21
0.115212
 31
0.0
  0
LINE
  5
19C9
330
1F
100
AcDbEntity
  8
1
  6
CONTINUOUS
370
50
 62
4
100
AcDbLine
 10
35.64283
 20
0.795165
 30
0.0
 11
35.64661
 21
0.8330679999999999
 31
0.0
  0
LINE
  5
19CA
330
1F
100
AcDbEntity
  8
1
  6
CONTINUOUS
370
50
 62
4
100
AcDbLine
 10
66.380577
 20
0.000001
 30
0.0
 11
66.387093
 21
0.066668
 31
0.0
  0
LINE
  5
19CB
330
1F
100
AcDbEntity
  8
1
  6
CONTINUOUS
370
50
 62
4
100
AcDbLine
 10
66.380585
 20
0.000002
 30
0.0
 11
66.386147
 21
0.058023
 31
0.0
  0
LINE
  5
19CC
330
1F
100
AcDbEntity
  8
1
  6
CONTINUOUS
370
50
 62
4
100
AcDbLine
 10
66.371971
 20
-0.15858
 30
0.0
 11
66.380577
 21
0.000001
 31
0.0
  0
LINE
  5
19CD
330
1F
100
AcDbEntity
  8
1
  6
CONTINUOUS
370
50
 62
4
100
AcDbLine
 10
66.371704
 20
-0.169559
 30
0.0
 11
66.380585
 21
0.000002
 31
0.0
  0
LINE
  5
19CE
330
1F
100
AcDbEntity
  8
1
  6
CONTINUOUS
370
50
 62
4
100
AcDbLine
 10
35.641762
 20
0.7565179999999999
 30
0.0
 11
35.64283
 21
0.795165
 31
0.0
  0
LINE
  5
19CF
330
1F
100
AcDbEntity
  8
1
  6
CONTINUOUS
370
50
 62
4
100
AcDbLine
 10
66.371742
 20
-0.319694
 30
0.0
 11
66.371971
 21
-0.15858
 31
0.0
  0
LINE
  5
19D0
330
1F
100
AcDbEntity
  8
1
  6
CONTINUOUS
370
50
 62
4
100
AcDbLine
 10
0.0
 20
-7.0
 30
0.0
 11
0.0
 21
7.0
 31
0.0
  0
LINE
  5
19D1
330
1F
100
AcDbEntity
  8
1
  6
CONTINUOUS
370
50
 62
4
100
AcDbLine
 10
36.235012
 20
1.177159
 30
0.0
 11
36.235012
 21
6.992843
 31
0.0
  0
LINE
  5
19D2
330
1F
100
AcDbEntity
  8
1
  6
CONTINUOUS
370
50
 62
4
100
AcDbLine
 10
36.235012
 20
-6.900310999999999
 30
0.0
 11
36.235012
 21
-0.316461
 31
0.0
  0
LINE
  5
19D3
330
1F
100
AcDbEntity
  8
1
  6
CONTINUOUS
370
50
 62
4
100
AcDbLine
 10
36.971298
 20
-2.098433
 30
0.0
 11
36.971298
 21
2.098433
 31
0.0
  0
LINE
  5
19D4
330
1F
100
AcDbEntity
  8
1
  6
CONTINUOUS
370
50
 62
4
100
AcDbLine
 10
36.971298
 20
-9.193833
 30
0.0
 11
36.971298
 21
-9.193819999999999
 31
0.0
  0
LINE
  5
19D5
330
1F
100
AcDbEntity
  8
1
  6
CONTINUOUS
370
50
 62
4
100
AcDbLine
 10
37.0
 20
-9.295542
 30
0.0
 11
37.0
 21
9.276405
 31
0.0
  0
LINE
  5
19D6
330
1F
100
AcDbEntity
  8
1
  6
CONTINUOUS
370
50
 62
4
100
AcDbLine
 10
37.0
 20
9.292353
 30
0.0
 11
37.0
 21
9.295542
 31
0.0
  0
LINE
  5
19D7
330
1F
100
AcDbEntity
  8
1
  6
CONTINUOUS
370
50
 62
4
100
AcDbLine
 10
37.0
 20
9.289164
 30
0.0
 11
37.0
 21
9.292353
 31
0.0
  0
LINE
  5
19D8
330
1F
100
AcDbEntity
  8
1
  6
CONTINUOUS
370
50
 62
4
100
AcDbLine
 10
37.0
 20
9.285974999999999
 30
0.0
 11
37.0
 21
9.289164
 31
0.0
  0
LINE
  5
19D9
330
1F
100
AcDbEntity
  8
1
  6
CONTINUOUS
370
50
 62
4
100
AcDbLine
 10
37.0
 20
9.282786
 30
0.0
 11
37.0
 21
9.285974999999999
 31
0.0
  0
LINE
  5
19DA
330
1F
100
AcDbEntity
  8
1
  6
CONTINUOUS
370
50
 62
4
100
AcDbLine
 10
37.0
 20
9.279596999999999
 30
0.0
 11
37.0
 21
9.282786
 31
0.0
  0
LINE
  5
19DB
330
1F
100
AcDbEntity
  8
1
  6
CONTINUOUS
370
50
 62
4
100
AcDbLine
 10
37.0
 20
9.276408
 30
0.0
 11
37.0
 21
9.279596999999999
 31
0.0
  0
LINE
  5
19DC
330
1F
100
AcDbEntity
  8
1
  6
CONTINUOUS
370
50
 62
4
100
AcDbLine
 10
37.0
 20
9.276409
 30
0.0
 11
37.0
 21
9.279598
 31
0.0
  0
LINE
  5
19DD
330
1F
100
AcDbEntity
  8
1
  6
CONTINUOUS
370
50
 62
4
100
AcDbLine
 10
37.0
 20
9.279598
 30
0.0
 11
37.0
 21
9.282786
 31
0.0
  0
LINE
  5
19DE
330
1F
100
AcDbEntity
  8
1
  6
CONTINUOUS
370
50
 62
4
100
AcDbLine
 10
37.0
 20
9.282786
 30
0.0
 11
37.0
 21
9.285974999999999
 31
0.0
  0
LINE
  5
19DF
330
1F
100
AcDbEntity
  8
1
  6
CONTINUOUS
370
50
 62
4
100
AcDbLine
 10
37.0
 20
9.285974999999999
 30
0.0
 11
37.0
 21
9.289164999999999
 31
0.0
  0
LINE
  5
19E0
330
1F
100
AcDbEntity
  8
1
  6
CONTINUOUS
370
50
 62
4
100
AcDbLine
 10
37.0
 20
9.289164999999999
 30
0.0
 11
37.0
 21
9.292353
 31
0.0
  0
LINE
  5
19E1
330
1F
100
AcDbEntity
  8
1
  6
CONTINUOUS
370
50
 62
4
100
AcDbLine
 10
37.0
 20
9.292353
 30
0.0
 11
37.0
 21
9.295542
 31
0.0
  0
LINE
  5
19E2
330
1F
100
AcDbEntity
  8
1
  6
CONTINUOUS
370
50
 62
4
100
AcDbLine
 10
37.261166
 20
1.696637
 30
0.0
 11
37.261166
 21
9.178385
 31
0.0
  0
LINE
  5
19E3
330
1F
100
AcDbEntity
  8
1
  6
CONTINUOUS
370
50
 62
4
100
AcDbLine
 10
37.261166
 20
-9.372676
 30
0.0
 11
37.261166
 21
-2.546148
 31
0.0
  0
LINE
  5
19E4
330
1F
100
AcDbEntity
  8
1
  6
CONTINUOUS
370
50
 62
4
100
AcDbLine
 10
38.008835
 20
0.39112
 30
0.0
 11
38.008835
 21
7.587015
 31
0.0
  0
LINE
  5
19E5
330
1F
100
AcDbEntity
  8
1
  6
CONTINUOUS
370
50
 62
4
100
AcDbLine
 10
38.008835
 20
-8.220701
 30
0.0
 11
38.008835
 21
-3.189059
 31
0.0
  0
LINE
  5
19E6
330
1F
100
AcDbEntity
  8
1
  6
CONTINUOUS
370
50
 62
4
100
AcDbLine
 10
38.531166
 20
8.224942
 30
0.0
 11
38.531166
 21
8.23
 31
0.0
  0
LINE
  5
19E7
330
1F
100
AcDbEntity
  8
1
  6
CONTINUOUS
370
50
 62
4
100
AcDbLine
 10
38.531166
 20
-0.288493
 30
0.0
 11
38.531166
 21
7.29854
 31
0.0
  0
LINE
  5
19E8
330
1F
100
AcDbEntity
  8
1
  6
CONTINUOUS
370
50
 62
4
100
AcDbLine
 10
38.531166
 20
-8.23
 30
0.0
 11
38.531166
 21
-3.803186
 31
0.0
  0
LINE
  5
19E9
330
1F
100
AcDbEntity
  8
1
  6
CONTINUOUS
370
50
 62
4
100
AcDbLine
 10
39.278835
 20
-1.387637
 30
0.0
 11
39.278835
 21
7.884708
 31
0.0
  0
LINE
  5
19EA
330
1F
100
AcDbEntity
  8
1
  6
CONTINUOUS
370
50
 62
4
100
AcDbLine
 10
39.278835
 20
9.42338
 30
0.0
 11
39.278835
 21
9.525
 31
0.0
  0
LINE
  5
19EB
330
1F
100
AcDbEntity
  8
1
  6
CONTINUOUS
370
50
 62
4
100
AcDbLine
 10
39.278835
 20
-9.525
 30
0.0
 11
39.278835
 21
-5.343875
 31
0.0
  0
LINE
  5
19EC
330
1F
100
AcDbEntity
  8
1
  6
CONTINUOUS
370
50
 62
4
100
AcDbLine
 10
39.801167
 20
-2.177107
 30
0.0
 11
39.801167
 21
7.408075999999999
 31
0.0
  0
LINE
  5
19ED
330
1F
100
AcDbEntity
  8
1
  6
CONTINUOUS
370
50
 62
4
100
AcDbLine
 10
39.801167
 20
9.272855
 30
0.0
 11
39.801167
 21
9.525
 31
0.0
  0
LINE
  5
19EE
330
1F
100
AcDbEntity
  8
1
  6
CONTINUOUS
370
50
 62
4
100
AcDbLine
 10
39.801167
 20
-9.525
 30
0.0
 11
39.801167
 21
-5.987155
 31
0.0
  0
LINE
  5
19EF
330
1F
100
AcDbEntity
  8
1
  6
CONTINUOUS
370
50
 62
4
100
AcDbLine
 10
40.548836
 20
7.701867999999999
 30
0.0
 11
40.548836
 21
8.23
 31
0.0
  0
LINE
  5
19F0
330
1F
100
AcDbEntity
  8
1
  6
CONTINUOUS
370
50
 62
4
100
AcDbLine
 10
40.548836
 20
-2.900712
 30
0.0
 11
40.548836
 21
5.698494999999999
 31
0.0
  0
LINE
  5
19F1
330
1F
100
AcDbEntity
  8
1
  6
CONTINUOUS
370
50
 62
4
100
AcDbLine
 10
40.548836
 20
-8.23
 30
0.0
 11
40.548836
 21
-5.938016999999999
 31
0.0
  0
LINE
  5
19F2
330
1F
100
AcDbEntity
  8
1
  6
CONTINUOUS
370
50
 62
4
100
AcDbLine
 10
41.071167
 20
7.430863
 30
0.0
 11
41.071167
 21
8.23
 31
0.0
  0
LINE
  5
19F3
330
1F
100
AcDbEntity
  8
1
  6
CONTINUOUS
370
50
 62
4
100
AcDbLine
 10
41.071167
 20
-8.23
 30
0.0
 11
41.071167
 21
-6.39612
 31
0.0
  0
LINE
  5
19F4
330
1F
100
AcDbEntity
  8
1
  6
CONTINUOUS
370
50
 62
4
100
AcDbLine
 10
41.818832
 20
-5.027559999999999
 30
0.0
 11
41.818832
 21
5.104995
 31
0.0
  0
LINE
  5
19F5
330
1F
100
AcDbEntity
  8
1
  6
CONTINUOUS
370
50
 62
4
100
AcDbLine
 10
41.818832
 20
8.090072
 30
0.0
 11
41.818832
 21
9.525
 31
0.0
  0
LINE
  5
19F6
330
1F
100
AcDbEntity
  8
1
  6
CONTINUOUS
370
50
 62
4
100
AcDbLine
 10
41.818832
 20
-9.525
 30
0.0
 11
41.818832
 21
-8.041433
 31
0.0
  0
LINE
  5
19F7
330
1F
100
AcDbEntity
  8
1
  6
CONTINUOUS
370
50
 62
4
100
AcDbLine
 10
42.341167
 20
-5.690987
 30
0.0
 11
42.341167
 21
4.410265
 31
0.0
  0
LINE
  5
19F8
330
1F
100
AcDbEntity
  8
1
  6
CONTINUOUS
370
50
 62
4
100
AcDbLine
 10
42.341167
 20
7.637950999999999
 30
0.0
 11
42.341167
 21
9.525
 31
0.0
  0
LINE
  5
19F9
330
1F
100
AcDbEntity
  8
1
  6
CONTINUOUS
370
50
 62
4
100
AcDbLine
 10
42.341167
 20
-9.525
 30
0.0
 11
42.341167
 21
-8.442463
 31
0.0
  0
LINE
  5
19FA
330
1F
100
AcDbEntity
  8
1
  6
CONTINUOUS
370
50
 62
4
100
AcDbLine
 10
43.088833
 20
5.909631999999999
 30
0.0
 11
43.088833
 21
8.23
 31
0.0
  0
LINE
  5
19FB
330
1F
100
AcDbEntity
  8
1
  6
CONTINUOUS
370
50
 62
4
100
AcDbLine
 10
43.088833
 20
-5.727926999999999
 30
0.0
 11
43.088833
 21
2.861683
 31
0.0
  0
LINE
  5
19FC
330
1F
100
AcDbEntity
  8
1
  6
CONTINUOUS
370
50
 62
4
100
AcDbLine
 10
43.088833
 20
-8.23
 30
0.0
 11
43.088833
 21
-7.716455
 31
0.0
  0
LINE
  5
19FD
330
1F
100
AcDbEntity
  8
1
  6
CONTINUOUS
370
50
 62
4
100
AcDbLine
 10
43.611164
 20
5.406985
 30
0.0
 11
43.611164
 21
8.23
 31
0.0
  0
LINE
  5
19FE
330
1F
100
AcDbEntity
  8
1
  6
CONTINUOUS
370
50
 62
4
100
AcDbLine
 10
43.611164
 20
-6.204628
 30
0.0
 11
43.611164
 21
2.202197
 31
0.0
  0
LINE
  5
19FF
330
1F
100
AcDbEntity
  8
1
  6
CONTINUOUS
370
50
 62
4
100
AcDbLine
 10
43.611164
 20
-8.23
 30
0.0
 11
43.611164
 21
-7.929894
 31
0.0
  0
LINE
  5
1A00
330
1F
100
AcDbEntity
  8
1
  6
CONTINUOUS
370
50
 62
4
100
AcDbLine
 10
44.358833
 20
-7.834512999999999
 30
0.0
 11
44.358833
 21
1.479089
 31
0.0
  0
LINE
  5
1A01
330
1F
100
AcDbEntity
  8
1
  6
CONTINUOUS
370
50
 62
4
100
AcDbLine
 10
44.358833
 20
5.417198
 30
0.0
 11
44.358833
 21
9.525
 31
0.0
  0
LINE
  5
1A02
330
1F
100
AcDbEntity
  8
1
  6
CONTINUOUS
370
50
 62
4
100
AcDbLine
 10
44.358833
 20
-9.525
 30
0.0
 11
44.358833
 21
-9.409459
 31
0.0
  0
LINE
  5
1A03
330
1F
100
AcDbEntity
  8
1
  6
CONTINUOUS
370
50
 62
4
100
AcDbLine
 10
44.881165
 20
-8.262718999999999
 30
0.0
 11
44.881165
 21
0.682008
 31
0.0
  0
LINE
  5
1A04
330
1F
100
AcDbEntity
  8
1
  6
CONTINUOUS
370
50
 62
4
100
AcDbLine
 10
44.881165
 20
4.73847
 30
0.0
 11
44.881165
 21
9.525
 31
0.0
  0
LINE
  5
1A05
330
1F
100
AcDbEntity
  8
1
  6
CONTINUOUS
370
50
 62
4
100
AcDbLine
 10
44.881165
 20
-9.525
 30
0.0
 11
44.881165
 21
-9.500551999999999
 31
0.0
  0
LINE
  5
1A06
330
1F
100
AcDbEntity
  8
1
  6
CONTINUOUS
370
50
 62
4
100
AcDbLine
 10
45.628834
 20
3.138849
 30
0.0
 11
45.628834
 21
8.217723
 31
0.0
  0
LINE
  5
1A07
330
1F
100
AcDbEntity
  8
1
  6
CONTINUOUS
370
50
 62
4
100
AcDbLine
 10
45.628834
 20
-7.607925
 30
0.0
 11
45.628834
 21
-0.44937
 31
0.0
  0
LINE
  5
1A08
330
1F
100
AcDbEntity
  8
1
  6
CONTINUOUS
370
50
 62
4
100
AcDbLine
 10
46.151165
 20
2.487311
 30
0.0
 11
46.151165
 21
8.150701999999999
 31
0.0
  0
LINE
  5
1A09
330
1F
100
AcDbEntity
  8
1
  6
CONTINUOUS
370
50
 62
4
100
AcDbLine
 10
46.151165
 20
-7.845138
 30
0.0
 11
46.151165
 21
-1.139716
 31
0.0
  0
LINE
  5
1A0A
330
1F
100
AcDbEntity
  8
1
  6
CONTINUOUS
370
50
 62
4
100
AcDbLine
 10
46.898834
 20
1.847336
 30
0.0
 11
46.898834
 21
9.21979
 31
0.0
  0
LINE
  5
1A0B
330
1F
100
AcDbEntity
  8
1
  6
CONTINUOUS
370
50
 62
4
100
AcDbLine
 10
46.898834
 20
-9.344140999999999
 30
0.0
 11
46.898834
 21
-2.391883
 31
0.0
  0
LINE
  5
1A0C
330
1F
100
AcDbEntity
  8
1
  6
CONTINUOUS
370
50
 62
4
100
AcDbLine
 10
47.42116499999999
 20
1.054151
 30
0.0
 11
47.42116499999999
 21
8.98578
 31
0.0
  0
LINE
  5
1A0D
330
1F
100
AcDbEntity
  8
1
  6
CONTINUOUS
370
50
 62
4
100
AcDbLine
 10
47.42116499999999
 20
-9.466488
 30
0.0
 11
47.42116499999999
 21
-3.159334
 31
0.0
  0
LINE
  5
1A0E
330
1F
100
AcDbEntity
  8
1
  6
CONTINUOUS
370
50
 62
4
100
AcDbLine
 10
48.16883499999999
 20
-0.151995
 30
0.0
 11
48.16883499999999
 21
7.358266
 31
0.0
  0
LINE
  5
1A0F
330
1F
100
AcDbEntity
  8
1
  6
CONTINUOUS
370
50
 62
4
100
AcDbLine
 10
48.16883499999999
 20
8.228596999999999
 30
0.0
 11
48.16883499999999
 21
8.23
 31
0.0
  0
LINE
  5
1A10
330
1F
100
AcDbEntity
  8
1
  6
CONTINUOUS
370
50
 62
4
100
AcDbLine
 10
48.16883499999999
 20
-8.23
 30
0.0
 11
48.16883499999999
 21
-3.686302
 31
0.0
  0
LINE
  5
1A11
330
1F
100
AcDbEntity
  8
1
  6
CONTINUOUS
370
50
 62
4
100
AcDbLine
 10
48.691166
 20
-0.8444079999999999
 30
0.0
 11
48.691166
 21
7.021749
 31
0.0
  0
LINE
  5
1A12
330
1F
100
AcDbEntity
  8
1
  6
CONTINUOUS
370
50
 62
4
100
AcDbLine
 10
48.691166
 20
8.186566
 30
0.0
 11
48.691166
 21
8.23
 31
0.0
  0
LINE
  5
1A13
330
1F
100
AcDbEntity
  8
1
  6
CONTINUOUS
370
50
 62
4
100
AcDbLine
 10
48.691166
 20
-8.23
 30
0.0
 11
48.691166
 21
-4.292778
 31
0.0
  0
LINE
  5
1A14
330
1F
100
AcDbEntity
  8
1
  6
CONTINUOUS
370
50
 62
4
100
AcDbLine
 10
49.438835
 20
-2.028397
 30
0.0
 11
49.438835
 21
7.503660999999999
 31
0.0
  0
LINE
  5
1A15
330
1F
100
AcDbEntity
  8
1
  6
CONTINUOUS
370
50
 62
4
100
AcDbLine
 10
49.438835
 20
9.306516
 30
0.0
 11
49.438835
 21
9.525
 31
0.0
  0
LINE
  5
1A16
330
1F
100
AcDbEntity
  8
1
  6
CONTINUOUS
370
50
 62
4
100
AcDbLine
 10
49.438835
 20
-9.525
 30
0.0
 11
49.438835
 21
-5.866915
 31
0.0
  0
LINE
  5
1A17
330
1F
100
AcDbEntity
  8
1
  6
CONTINUOUS
370
50
 62
4
100
AcDbLine
 10
49.961166
 20
-2.804363
 30
0.0
 11
49.961166
 21
6.983159
 31
0.0
  0
LINE
  5
1A18
330
1F
100
AcDbEntity
  8
1
  6
CONTINUOUS
370
50
 62
4
100
AcDbLine
 10
49.961166
 20
9.102810999999999
 30
0.0
 11
49.961166
 21
9.525
 31
0.0
  0
LINE
  5
1A19
330
1F
100
AcDbEntity
  8
1
  6
CONTINUOUS
370
50
 62
4
100
AcDbLine
 10
49.961166
 20
-9.525
 30
0.0
 11
49.961166
 21
-6.47774
 31
0.0
  0
LINE
  5
1A1A
330
1F
100
AcDbEntity
  8
1
  6
CONTINUOUS
370
50
 62
4
100
AcDbLine
 10
50.708836
 20
-3.417938
 30
0.0
 11
50.708836
 21
5.280315
 31
0.0
  0
LINE
  5
1A1B
330
1F
100
AcDbEntity
  8
1
  6
CONTINUOUS
370
50
 62
4
100
AcDbLine
 10
50.708836
 20
7.486695
 30
0.0
 11
50.708836
 21
8.23
 31
0.0
  0
LINE
  5
1A1C
330
1F
100
AcDbEntity
  8
1
  6
CONTINUOUS
370
50
 62
4
100
AcDbLine
 10
50.708836
 20
-8.23
 30
0.0
 11
50.708836
 21
-6.312779
 31
0.0
  0
LINE
  5
1A1D
330
1F
100
AcDbEntity
  8
1
  6
CONTINUOUS
370
50
 62
4
100
AcDbLine
 10
51.231167
 20
-4.036026
 30
0.0
 11
51.231167
 21
4.730409
 31
0.0
  0
LINE
  5
1A1E
330
1F
100
AcDbEntity
  8
1
  6
CONTINUOUS
370
50
 62
4
100
AcDbLine
 10
51.231167
 20
7.172404999999999
 30
0.0
 11
51.231167
 21
8.23
 31
0.0
  0
LINE
  5
1A1F
330
1F
100
AcDbEntity
  8
1
  6
CONTINUOUS
370
50
 62
4
100
AcDbLine
 10
51.231167
 20
-8.23
 30
0.0
 11
51.231167
 21
-6.734696
 31
0.0
  0
LINE
  5
1A20
330
1F
100
AcDbEntity
  8
1
  6
CONTINUOUS
370
50
 62
4
100
AcDbLine
 10
51.978836
 20
-5.56804
 30
0.0
 11
51.978836
 21
4.545032
 31
0.0
  0
LINE
  5
1A21
330
1F
100
AcDbEntity
  8
1
  6
CONTINUOUS
370
50
 62
4
100
AcDbLine
 10
51.978836
 20
7.728035999999999
 30
0.0
 11
51.978836
 21
9.525
 31
0.0
  0
LINE
  5
1A22
330
1F
100
AcDbEntity
  8
1
  6
CONTINUOUS
370
50
 62
4
100
AcDbLine
 10
51.978836
 20
-9.525
 30
0.0
 11
51.978836
 21
-8.370682
 31
0.0
  0
LINE
  5
1A23
330
1F
100
AcDbEntity
  8
1
  6
CONTINUOUS
370
50
 62
4
100
AcDbLine
 10
52.501167
 20
-6.198588
 30
0.0
 11
52.501167
 21
3.824326
 31
0.0
  0
LINE
  5
1A24
330
1F
100
AcDbEntity
  8
1
  6
CONTINUOUS
370
50
 62
4
100
AcDbLine
 10
52.501167
 20
7.232089999999999
 30
0.0
 11
52.501167
 21
9.525
 31
0.0
  0
LINE
  5
1A25
330
1F
100
AcDbEntity
  8
1
  6
CONTINUOUS
370
50
 62
4
100
AcDbLine
 10
52.501167
 20
-9.525
 30
0.0
 11
52.501167
 21
-8.72354
 31
0.0
  0
LINE
  5
1A26
330
1F
100
AcDbEntity
  8
1
  6
CONTINUOUS
370
50
 62
4
100
AcDbLine
 10
53.248833
 20
-6.117711
 30
0.0
 11
53.248833
 21
2.328351
 31
0.0
  0
LINE
  5
1A27
330
1F
100
AcDbEntity
  8
1
  6
CONTINUOUS
370
50
 62
4
100
AcDbLine
 10
53.248833
 20
5.505135
 30
0.0
 11
53.248833
 21
8.23
 31
0.0
  0
LINE
  5
1A28
330
1F
100
AcDbEntity
  8
1
  6
CONTINUOUS
370
50
 62
4
100
AcDbLine
 10
53.248833
 20
-8.23
 30
0.0
 11
53.248833
 21
-7.893775
 31
0.0
  0
LINE
  5
1A29
330
1F
100
AcDbEntity
  8
1
  6
CONTINUOUS
370
50
 62
4
100
AcDbLine
 10
53.771164
 20
-6.559042
 30
0.0
 11
53.771164
 21
1.656145
 31
0.0
  0
LINE
  5
1A2A
330
1F
100
AcDbEntity
  8
1
  6
CONTINUOUS
370
50
 62
4
100
AcDbLine
 10
53.771164
 20
4.971104
 30
0.0
 11
53.771164
 21
8.23
 31
0.0
  0
LINE
  5
1A2B
330
1F
100
AcDbEntity
  8
1
  6
CONTINUOUS
370
50
 62
4
100
AcDbLine
 10
53.771164
 20
-8.23
 30
0.0
 11
53.771164
 21
-8.061643
 31
0.0
  0
LINE
  5
1A2C
330
1F
100
AcDbEntity
  8
1
  6
CONTINUOUS
370
50
 62
4
100
AcDbLine
 10
54.518833
 20
-8.185794999999999
 30
0.0
 11
54.518833
 21
0.833897
 31
0.0
  0
LINE
  5
1A2D
330
1F
100
AcDbEntity
  8
1
  6
CONTINUOUS
370
50
 62
4
100
AcDbLine
 10
54.518833
 20
4.870152
 30
0.0
 11
54.518833
 21
9.525
 31
0.0
  0
LINE
  5
1A2E
330
1F
100
AcDbEntity
  8
1
  6
CONTINUOUS
370
50
 62
4
100
AcDbLine
 10
54.518833
 20
-9.525
 30
0.0
 11
54.518833
 21
-9.488425999999999
 31
0.0
  0
LINE
  5
1A2F
330
1F
100
AcDbEntity
  8
1
  6
CONTINUOUS
370
50
 62
4
100
AcDbLine
 10
55.04116399999999
 20
-8.566661999999999
 30
0.0
 11
55.04116399999999
 21
0.032441
 31
0.0
  0
LINE
  5
1A30
330
1F
100
AcDbEntity
  8
1
  6
CONTINUOUS
370
50
 62
4
100
AcDbLine
 10
55.04116399999999
 20
4.163883999999999
 30
0.0
 11
55.04116399999999
 21
9.525
 31
0.0
  0
LINE
  5
1A31
330
1F
100
AcDbEntity
  8
1
  6
CONTINUOUS
370
50
 62
4
100
AcDbLine
 10
55.04116399999999
 20
-9.525
 30
0.0
 11
55.04116399999999
 21
-9.524944
 31
0.0
  0
LINE
  5
1A32
330
1F
100
AcDbEntity
  8
1
  6
CONTINUOUS
370
50
 62
4
100
AcDbLine
 10
55.78883399999999
 20
-7.804314
 30
0.0
 11
55.78883399999999
 21
-1.00879
 31
0.0
  0
LINE
  5
1A33
330
1F
100
AcDbEntity
  8
1
  6
CONTINUOUS
370
50
 62
4
100
AcDbLine
 10
55.78883399999999
 20
2.612583
 30
0.0
 11
55.78883399999999
 21
8.16794
 31
0.0
  0
LINE
  5
1A34
330
1F
100
AcDbEntity
  8
1
  6
CONTINUOUS
370
50
 62
4
100
AcDbLine
 10
56.311165
 20
-7.996493
 30
0.0
 11
56.311165
 21
-1.692868
 31
0.0
  0
LINE
  5
1A35
330
1F
100
AcDbEntity
  8
1
  6
CONTINUOUS
370
50
 62
4
100
AcDbLine
 10
56.311165
 20
1.946535
 30
0.0
 11
56.311165
 21
8.054011
 31
0.0
  0
LINE
  5
1A36
330
1F
100
AcDbEntity
  8
1
  6
CONTINUOUS
370
50
 62
4
100
AcDbLine
 10
57.058834
 20
-9.448369
 30
0.0
 11
57.058834
 21
-3.015178
 31
0.0
  0
LINE
  5
1A37
330
1F
100
AcDbEntity
  8
1
  6
CONTINUOUS
370
50
 62
4
100
AcDbLine
 10
57.058834
 20
1.205794
 30
0.0
 11
57.058834
 21
9.035172
 31
0.0
  0
LINE
  5
1A38
330
1F
100
AcDbEntity
  8
1
  6
CONTINUOUS
370
50
 62
4
100
AcDbLine
 10
57.581165
 20
-9.516339
 30
0.0
 11
57.581165
 21
-3.764817
 31
0.0
  0
LINE
  5
1A39
330
1F
100
AcDbEntity
  8
1
  6
CONTINUOUS
370
50
 62
4
100
AcDbLine
 10
57.581165
 20
0.406085
 30
0.0
 11
57.581165
 21
8.749388
 31
0.0
  0
LINE
  5
1A3A
330
1F
100
AcDbEntity
  8
1
  6
CONTINUOUS
370
50
 62
4
100
AcDbLine
 10
58.328835
 20
-8.23
 30
0.0
 11
58.328835
 21
-4.179451
 31
0.0
  0
LINE
  5
1A3B
330
1F
100
AcDbEntity
  8
1
  6
CONTINUOUS
370
50
 62
4
100
AcDbLine
 10
58.328835
 20
-0.7127709999999999
 30
0.0
 11
58.328835
 21
7.089788
 31
0.0
  0
LINE
  5
1A3C
330
1F
100
AcDbEntity
  8
1
  6
CONTINUOUS
370
50
 62
4
100
AcDbLine
 10
58.328835
 20
8.199076999999999
 30
0.0
 11
58.328835
 21
8.23
 31
0.0
  0
LINE
  5
1A3D
330
1F
100
AcDbEntity
  8
1
  6
CONTINUOUS
370
50
 62
4
100
AcDbLine
 10
58.851166
 20
-8.23
 30
0.0
 11
58.851166
 21
-4.761631
 31
0.0
  0
LINE
  5
1A3E
330
1F
100
AcDbEntity
  8
1
  6
CONTINUOUS
370
50
 62
4
100
AcDbLine
 10
58.851166
 20
-1.400653
 30
0.0
 11
58.851166
 21
6.712657
 31
0.0
  0
LINE
  5
1A3F
330
1F
100
AcDbEntity
  8
1
  6
CONTINUOUS
370
50
 62
4
100
AcDbLine
 10
58.851166
 20
8.109937
 30
0.0
 11
58.851166
 21
8.23
 31
0.0
  0
LINE
  5
1A40
330
1F
100
AcDbEntity
  8
1
  6
CONTINUOUS
370
50
 62
4
100
AcDbLine
 10
59.59883499999999
 20
-2.658355
 30
0.0
 11
59.59883499999999
 21
7.086046
 31
0.0
  0
LINE
  5
1A41
330
1F
100
AcDbEntity
  8
1
  6
CONTINUOUS
370
50
 62
4
100
AcDbLine
 10
59.59883499999999
 20
-9.525
 30
0.0
 11
59.59883499999999
 21
-6.365027
 31
0.0
  0
LINE
  5
1A42
330
1F
100
AcDbEntity
  8
1
  6
CONTINUOUS
370
50
 62
4
100
AcDbLine
 10
59.59883499999999
 20
9.146517
 30
0.0
 11
59.59883499999999
 21
9.525
 31
0.0
  0
LINE
  5
1A43
330
1F
100
AcDbEntity
  8
1
  6
CONTINUOUS
370
50
 62
4
100
AcDbLine
 10
60.121166
 20
-3.418731
 30
0.0
 11
60.121166
 21
6.525118
 31
0.0
  0
LINE
  5
1A44
330
1F
100
AcDbEntity
  8
1
  6
CONTINUOUS
370
50
 62
4
100
AcDbLine
 10
60.121166
 20
-9.525
 30
0.0
 11
60.121166
 21
-6.938909
 31
0.0
  0
LINE
  5
1A45
330
1F
100
AcDbEntity
  8
1
  6
CONTINUOUS
370
50
 62
4
100
AcDbLine
 10
60.121166
 20
8.890326
 30
0.0
 11
60.121166
 21
9.525
 31
0.0
  0
LINE
  5
1A46
330
1F
100
AcDbEntity
  8
1
  6
CONTINUOUS
370
50
 62
4
100
AcDbLine
 10
60.868835
 20
-8.23
 30
0.0
 11
60.868835
 21
-6.658185
 31
0.0
  0
LINE
  5
1A47
330
1F
100
AcDbEntity
  8
1
  6
CONTINUOUS
370
50
 62
4
100
AcDbLine
 10
60.868835
 20
-3.920497
 30
0.0
 11
60.868835
 21
4.837508
 31
0.0
  0
LINE
  5
1A48
330
1F
100
AcDbEntity
  8
1
  6
CONTINUOUS
370
50
 62
4
100
AcDbLine
 10
60.868835
 20
7.236200999999999
 30
0.0
 11
60.868835
 21
8.23
 31
0.0
  0
LINE
  5
1A49
330
1F
100
AcDbEntity
  8
1
  6
CONTINUOUS
370
50
 62
4
100
AcDbLine
 10
61.391167
 20
-8.23
 30
0.0
 11
61.391167
 21
-7.041704999999999
 31
0.0
  0
LINE
  5
1A4A
330
1F
100
AcDbEntity
  8
1
  6
CONTINUOUS
370
50
 62
4
100
AcDbLine
 10
61.391167
 20
-4.515854
 30
0.0
 11
61.391167
 21
4.259964
 31
0.0
  0
LINE
  5
1A4B
330
1F
100
AcDbEntity
  8
1
  6
CONTINUOUS
370
50
 62
4
100
AcDbLine
 10
61.391167
 20
6.880404
 30
0.0
 11
61.391167
 21
8.23
 31
0.0
  0
LINE
  5
1A4C
330
1F
100
AcDbEntity
  8
1
  6
CONTINUOUS
370
50
 62
4
100
AcDbLine
 10
61.971252
 20
-5.715061
 30
0.0
 11
61.971252
 21
4.053915
 31
0.0
  0
LINE
  5
1A4D
330
1F
100
AcDbEntity
  8
1
  6
CONTINUOUS
370
50
 62
4
100
AcDbLine
 10
61.971252
 20
-9.23474
 30
0.0
 11
61.971252
 21
-8.297361
 31
0.0
  0
LINE
  5
1A4E
330
1F
100
AcDbEntity
  8
1
  6
CONTINUOUS
370
50
 62
4
100
AcDbLine
 10
61.971252
 20
7.253861
 30
0.0
 11
61.971252
 21
9.23474
 31
0.0
  0
LINE
  5
1A4F
330
1F
100
AcDbEntity
  8
1
  6
CONTINUOUS
370
50
 62
4
100
AcDbLine
 10
62.953304
 20
-6.637487
 30
0.0
 11
62.953304
 21
2.618966
 31
0.0
  0
LINE
  5
1A50
330
1F
100
AcDbEntity
  8
1
  6
CONTINUOUS
370
50
 62
4
100
AcDbLine
 10
62.953304
 20
-9.018998
 30
0.0
 11
62.953304
 21
-8.630372999999999
 31
0.0
  0
LINE
  5
1A51
330
1F
100
AcDbEntity
  8
1
  6
CONTINUOUS
370
50
 62
4
100
AcDbLine
 10
62.953304
 20
6.106234
 30
0.0
 11
62.953304
 21
9.018998
 31
0.0
  0
LINE
  5
1A52
330
1F
100
AcDbEntity
  8
1
  6
CONTINUOUS
370
50
 62
4
100
AcDbLine
 10
63.40883299999999
 20
-8.23
 30
0.0
 11
63.40883299999999
 21
-8.034222
 31
0.0
  0
LINE
  5
1A53
330
1F
100
AcDbEntity
  8
1
  6
CONTINUOUS
370
50
 62
4
100
AcDbLine
 10
63.40883299999999
 20
-6.478943
 30
0.0
 11
63.40883299999999
 21
1.784426
 31
0.0
  0
LINE
  5
1A54
330
1F
100
AcDbEntity
  8
1
  6
CONTINUOUS
370
50
 62
4
100
AcDbLine
 10
63.40883299999999
 20
5.075057
 30
0.0
 11
63.40883299999999
 21
8.23
 31
0.0
  0
LINE
  5
1A55
330
1F
100
AcDbEntity
  8
1
  6
CONTINUOUS
370
50
 62
4
100
AcDbLine
 10
63.931168
 20
-8.23
 30
0.0
 11
63.931168
 21
-8.155842999999999
 31
0.0
  0
LINE
  5
1A56
330
1F
100
AcDbEntity
  8
1
  6
CONTINUOUS
370
50
 62
4
100
AcDbLine
 10
63.931168
 20
-6.882892999999999
 30
0.0
 11
63.931168
 21
1.102331
 31
0.0
  0
LINE
  5
1A57
330
1F
100
AcDbEntity
  8
1
  6
CONTINUOUS
370
50
 62
4
100
AcDbLine
 10
63.931168
 20
4.51206
 30
0.0
 11
63.931168
 21
8.23
 31
0.0
  0
LINE
  5
1A58
330
1F
100
AcDbEntity
  8
1
  6
CONTINUOUS
370
50
 62
4
100
AcDbLine
 10
64.225357
 20
-7.510859
 30
0.0
 11
64.225357
 21
0.764231
 31
0.0
  0
LINE
  5
1A59
330
1F
100
AcDbEntity
  8
1
  6
CONTINUOUS
370
50
 62
4
100
AcDbLine
 10
64.225357
 20
-8.739549
 30
0.0
 11
64.225357
 21
-8.70607
 31
0.0
  0
LINE
  5
1A5A
330
1F
100
AcDbEntity
  8
1
  6
CONTINUOUS
370
50
 62
4
100
AcDbLine
 10
64.225357
 20
4.46841
 30
0.0
 11
64.225357
 21
8.739549
 31
0.0
  0
LINE
  5
1A5B
330
1F
100
AcDbEntity
  8
1
  6
CONTINUOUS
370
50
 62
4
100
AcDbLine
 10
65.862267
 20
-8.076295
 30
0.0
 11
65.862267
 21
-1.486115
 31
0.0
  0
LINE
  5
1A5C
330
1F
100
AcDbEntity
  8
1
  6
CONTINUOUS
370
50
 62
4
100
AcDbLine
 10
65.862267
 20
2.235378
 30
0.0
 11
65.862267
 21
8.247114999999999
 31
0.0
  0
LINE
  5
1A5D
330
1F
100
AcDbEntity
  8
1
  6
CONTINUOUS
370
50
 62
4
100
AcDbLine
 10
65.948837
 20
-7.964343
 30
0.0
 11
65.948837
 21
-1.563366
 31
0.0
  0
LINE
  5
1A5E
330
1F
100
AcDbEntity
  8
1
  6
CONTINUOUS
370
50
 62
4
100
AcDbLine
 10
65.948837
 20
2.074162
 30
0.0
 11
65.948837
 21
8.080148
 31
0.0
  0
LINE
  5
1A5F
330
1F
100
AcDbEntity
  8
1
  6
CONTINUOUS
370
50
 62
4
100
AcDbLine
 10
66.471169
 20
-8.110592
 30
0.0
 11
66.471169
 21
-2.237888
 31
0.0
  0
LINE
  5
1A60
330
1F
100
AcDbEntity
  8
1
  6
CONTINUOUS
370
50
 62
4
100
AcDbLine
 10
66.471169
 20
1.396855
 30
0.0
 11
66.471169
 21
7.919896
 31
0.0
  0
LINE
  5
1A61
330
1F
100
AcDbEntity
  8
1
  6
CONTINUOUS
370
50
 62
4
100
AcDbLine
 10
66.479454
 20
-8.126367
 30
0.0
 11
66.479454
 21
-2.253754
 31
0.0
  0
LINE
  5
1A62
330
1F
100
AcDbEntity
  8
1
  6
CONTINUOUS
370
50
 62
4
100
AcDbLine
 10
66.479454
 20
1.389809
 30
0.0
 11
66.479454
 21
7.930321999999999
 31
0.0
  0
LINE
  5
1A63
330
1F
100
AcDbEntity
  8
1
  6
CONTINUOUS
370
50
 62
4
100
AcDbLine
 10
67.0
 20
-8.101586
 30
0.0
 11
67.0
 21
-2.857861
 31
0.0
  0
LINE
  5
1A64
330
1F
100
AcDbEntity
  8
1
  6
CONTINUOUS
370
50
 62
4
100
AcDbLine
 10
67.0
 20
0.679118
 30
0.0
 11
67.0
 21
7.611145
 31
0.0
  0
LINE
  5
1A65
330
1F
100
AcDbEntity
  8
1
  6
CONTINUOUS
370
50
 62
4
100
AcDbLine
 10
67.0
 20
8.016316
 30
0.0
 11
67.0
 21
8.101586
 31
0.0
  0
LINE
  5
1A66
330
1F
100
AcDbEntity
  8
1
  6
CONTINUOUS
370
50
 62
4
100
AcDbLine
 10
67.0
 20
7.932284999999999
 30
0.0
 11
67.0
 21
8.016316
 31
0.0
  0
LINE
  5
1A67
330
1F
100
AcDbEntity
  8
1
  6
CONTINUOUS
370
50
 62
4
100
AcDbLine
 10
67.0
 20
7.849622999999999
 30
0.0
 11
67.0
 21
7.932284999999999
 31
0.0
  0
LINE
  5
1A68
330
1F
100
AcDbEntity
  8
1
  6
CONTINUOUS
370
50
 62
4
100
AcDbLine
 10
67.0
 20
7.768458
 30
0.0
 11
67.0
 21
7.849622999999999
 31
0.0
  0
LINE
  5
1A69
330
1F
100
AcDbEntity
  8
1
  6
CONTINUOUS
370
50
 62
4
100
AcDbLine
 10
67.0
 20
7.68892
 30
0.0
 11
67.0
 21
7.768458
 31
0.0
  0
LINE
  5
1A6A
330
1F
100
AcDbEntity
  8
1
  6
CONTINUOUS
370
50
 62
4
100
AcDbLine
 10
67.0
 20
7.611139
 30
0.0
 11
67.0
 21
7.68892
 31
0.0
  0
LINE
  5
1A6B
330
1F
100
AcDbEntity
  8
1
  6
CONTINUOUS
370
50
 62
4
100
AcDbLine
 10
67.0
 20
0.6438119999999999
 30
0.0
 11
67.0
 21
0.679118
 31
0.0
  0
LINE
  5
1A6C
330
1F
100
AcDbEntity
  8
1
  6
CONTINUOUS
370
50
 62
4
100
AcDbLine
 10
67.0
 20
0.600061
 30
0.0
 11
67.0
 21
0.6438119999999999
 31
0.0
  0
LINE
  5
1A6D
330
1F
100
AcDbEntity
  8
1
  6
CONTINUOUS
370
50
 62
4
100
AcDbLine
 10
67.0
 20
0.5480389999999999
 30
0.0
 11
67.0
 21
0.600061
 31
0.0
  0
LINE
  5
1A6E
330
1F
100
AcDbEntity
  8
1
  6
CONTINUOUS
370
50
 62
4
100
AcDbLine
 10
67.0
 20
0.487918
 30
0.0
 11
67.0
 21
0.5480389999999999
 31
0.0
  0
LINE
  5
1A6F
330
1F
100
AcDbEntity
  8
1
  6
CONTINUOUS
370
50
 62
4
100
AcDbLine
 10
67.0
 20
0.419873
 30
0.0
 11
67.0
 21
0.487918
 31
0.0
  0
LINE
  5
1A70
330
1F
100
AcDbEntity
  8
1
  6
CONTINUOUS
370
50
 62
4
100
AcDbLine
 10
67.0
 20
0.34429
 30
0.0
 11
67.0
 21
0.419873
 31
0.0
  0
LINE
  5
1A71
330
1F
100
AcDbEntity
  8
1
  6
CONTINUOUS
370
50
 62
4
100
AcDbLine
 10
67.0
 20
0.261746
 30
0.0
 11
67.0
 21
0.34429
 31
0.0
  0
LINE
  5
1A72
330
1F
100
AcDbEntity
  8
1
  6
CONTINUOUS
370
50
 62
4
100
AcDbLine
 10
67.0
 20
0.172566
 30
0.0
 11
67.0
 21
0.261746
 31
0.0
  0
LINE
  5
1A73
330
1F
100
AcDbEntity
  8
1
  6
CONTINUOUS
370
50
 62
4
100
AcDbLine
 10
67.0
 20
0.077072
 30
0.0
 11
67.0
 21
0.172566
 31
0.0
  0
LINE
  5
1A74
330
1F
100
AcDbEntity
  8
1
  6
CONTINUOUS
370
50
 62
4
100
AcDbLine
 10
67.0
 20
-0.024416
 30
0.0
 11
67.0
 21
0.077072
 31
0.0
  0
LINE
  5
1A75
330
1F
100
AcDbEntity
  8
1
  6
CONTINUOUS
370
50
 62
4
100
AcDbLine
 10
67.0
 20
-0.131562
 30
0.0
 11
67.0
 21
-0.024416
 31
0.0
  0
LINE
  5
1A76
330
1F
100
AcDbEntity
  8
1
  6
CONTINUOUS
370
50
 62
4
100
AcDbLine
 10
67.0
 20
-0.24354
 30
0.0
 11
67.0
 21
-0.131562
 31
0.0
  0
LINE
  5
1A77
330
1F
100
AcDbEntity
  8
1
  6
CONTINUOUS
370
50
 62
4
100
AcDbLine
 10
67.0
 20
-0.359694
 30
0.0
 11
67.0
 21
-0.24354
 31
0.0
  0
LINE
  5
1A78
330
1F
100
AcDbEntity
  8
1
  6
CONTINUOUS
370
50
 62
4
100
AcDbLine
 10
67.0
 20
-0.479602
 30
0.0
 11
67.0
 21
-0.359694
 31
0.0
  0
LINE
  5
1A79
330
1F
100
AcDbEntity
  8
1
  6
CONTINUOUS
370
50
 62
4
100
AcDbLine
 10
67.0
 20
-0.602842
 30
0.0
 11
67.0
 21
-0.479602
 31
0.0
  0
LINE
  5
1A7A
330
1F
100
AcDbEntity
  8
1
  6
CONTINUOUS
370
50
 62
4
100
AcDbLine
 10
67.0
 20
-0.728992
 30
0.0
 11
67.0
 21
-0.602842
 31
0.0
  0
LINE
  5
1A7B
330
1F
100
AcDbEntity
  8
1
  6
CONTINUOUS
370
50
 62
4
100
AcDbLine
 10
67.0
 20
-0.8575269999999999
 30
0.0
 11
67.0
 21
-0.728992
 31
0.0
  0
LINE
  5
1A7C
330
1F
100
AcDbEntity
  8
1
  6
CONTINUOUS
370
50
 62
4
100
AcDbLine
 10
67.0
 20
-0.9873559999999999
 30
0.0
 11
67.0
 21
-0.8575269999999999
 31
0.0
  0
LINE
  5
1A7D
330
1F
100
AcDbEntity
  8
1
  6
CONTINUOUS
370
50
 62
4
100
AcDbLine
 10
67.0
 20
-1.117907
 30
0.0
 11
67.0
 21
-0.9873559999999999
 31
0.0
  0
LINE
  5
1A7E
330
1F
100
AcDbEntity
  8
1
  6
CONTINUOUS
370
50
 62
4
100
AcDbLine
 10
67.0
 20
-1.248719
 30
0.0
 11
67.0
 21
-1.117907
 31
0.0
  0
LINE
  5
1A7F
330
1F
100
AcDbEntity
  8
1
  6
CONTINUOUS
370
50
 62
4
100
AcDbLine
 10
67.0
 20
-1.379334
 30
0.0
 11
67.0
 21
-1.248719
 31
0.0
  0
LINE
  5
1A80
330
1F
100
AcDbEntity
  8
1
  6
CONTINUOUS
370
50
 62
4
100
AcDbLine
 10
67.0
 20
-1.509294
 30
0.0
 11
67.0
 21
-1.379334
 31
0.0
  0
LINE
  5
1A81
330
1F
100
AcDbEntity
  8
1
  6
CONTINUOUS
370
50
 62
4
100
AcDbLine
 10
67.0
 20
-1.637876
 30
0.0
 11
67.0
 21
-1.509294
 31
0.0
  0
LINE
  5
1A82
330
1F
100
AcDbEntity
  8
1
  6
CONTINUOUS
370
50
 62
4
100
AcDbLine
 10
67.0
 20
-1.764061
 30
0.0
 11
67.0
 21
-1.637876
 31
0.0
  0
LINE
  5
1A83
330
1F
100
AcDbEntity
  8
1
  6
CONTINUOUS
370
50
 62
4
100
AcDbLine
 10
67.0
 20
-1.887403
 30
0.0
 11
67.0
 21
-1.764061
 31
0.0
  0
LINE
  5
1A84
330
1F
100
AcDbEntity
  8
1
  6
CONTINUOUS
370
50
 62
4
100
AcDbLine
 10
67.0
 20
-2.007476
 30
0.0
 11
67.0
 21
-1.887403
 31
0.0
  0
LINE
  5
1A85
330
1F
100
AcDbEntity
  8
1
  6
CONTINUOUS
370
50
 62
4
100
AcDbLine
 10
67.0
 20
-2.123856
 30
0.0
 11
67.0
 21
-2.007476
 31
0.0
  0
LINE
  5
1A86
330
1F
100
AcDbEntity
  8
1
  6
CONTINUOUS
370
50
 62
4
100
AcDbLine
 10
67.0
 20
-2.236114
 30
0.0
 11
67.0
 21
-2.123856
 31
0.0
  0
LINE
  5
1A87
330
1F
100
AcDbEntity
  8
1
  6
CONTINUOUS
370
50
 62
4
100
AcDbLine
 10
67.0
 20
-2.343442
 30
0.0
 11
67.0
 21
-2.236114
 31
0.0
  0
LINE
  5
1A88
330
1F
100
AcDbEntity
  8
1
  6
CONTINUOUS
370
50
 62
4
100
AcDbLine
 10
67.0
 20
-2.445195
 30
0.0
 11
67.0
 21
-2.343442
 31
0.0
  0
LINE
  5
1A89
330
1F
100
AcDbEntity
  8
1
  6
CONTINUOUS
370
50
 62
4
100
AcDbLine
 10
67.0
 20
-2.541039
 30
0.0
 11
67.0
 21
-2.445195
 31
0.0
  0
LINE
  5
1A8A
330
1F
100
AcDbEntity
  8
1
  6
CONTINUOUS
370
50
 62
4
100
AcDbLine
 10
67.0
 20
-2.630637
 30
0.0
 11
67.0
 21
-2.541039
 31
0.0
  0
LINE
  5
1A8B
330
1F
100
AcDbEntity
  8
1
  6
CONTINUOUS
370
50
 62
4
100
AcDbLine
 10
67.0
 20
-2.713656
 30
0.0
 11
67.0
 21
-2.630637
 31
0.0
  0
LINE
  5
1A8C
330
1F
100
AcDbEntity
  8
1
  6
CONTINUOUS
370
50
 62
4
100
AcDbLine
 10
67.0
 20
-2.789559
 30
0.0
 11
67.0
 21
-2.713656
 31
0.0
  0
LINE
  5
1A8D
330
1F
100
AcDbEntity
  8
1
  6
CONTINUOUS
370
50
 62
4
100
AcDbLine
 10
67.0
 20
-2.85786
 30
0.0
 11
67.0
 21
-2.789559
 31
0.0
  0
LINE
  5
1A8E
330
1F
100
AcDbEntity
  8
1
  6
CONTINUOUS
370
50
 62
4
100
AcDbLine
 10
67.0
 20
0.679118
 30
0.0
 11
67.0
 21
7.611145
 31
0.0
  0
LINE
  5
1A8F
330
1F
100
AcDbEntity
  8
1
  6
CONTINUOUS
370
50
 62
4
100
AcDbLine
 10
67.000023
 20
-7.611089
 30
0.0
 11
67.000023
 21
-7.611078999999999
 31
0.0
  0
ELLIPSE
  5
1A90
330
1F
100
AcDbEntity
  8
1
  6
CONTINUOUS
370
50
 62
4
100
AcDbEllipse
 10
36.034344
 20
-13.335
 30
0.0
 11
2.674848786015467E-15
 21
5.293381
 31
0.0
210
0.0
220
0.0
230
1.0
 40
0.7071068566573991
 41
6.116410256574515
 42
6.128141069364057
  0
LINE
  5
1A91
330
1F
100
AcDbEntity
  8
SK2
  6
CONTINUOUS
370
25
 62
7
100
AcDbLine
 10
-58.0
 20
5.5
 30
0.0
 11
-58.0
 21
20.0
 31
0.0
  0
LINE
  5
1A92
330
1F
100
AcDbEntity
  8
SK2
  6
CONTINUOUS
370
25
 62
7
100
AcDbLine
 10
0.0000000000000001
 20
20.0
 30
0.0
 11
-0.0000000000000007
 21
7.0
 31
0.0
  0
LINE
  5
1A93
330
1F
100
AcDbEntity
  8
SK2
  6
CONTINUOUS
370
25
 62
7
100
AcDbLine
 10
-58.0
 20
19.0
 30
0.0
 11
0.0
 21
19.0
 31
0.0
  0
LINE
  5
1A94
330
1F
100
AcDbEntity
  8
SK2
  6
CONTINUOUS
370
25
 62
7
100
AcDbLine
 10
-58.0
 20
19.0
 30
0.0
 11
-53.0
 21
20.0
 31
0.0
  0
LINE
  5
1A95
330
1F
100
AcDbEntity
  8
SK2
  6
CONTINUOUS
370
25
 62
7
100
AcDbLine
 10
-53.0
 20
20.0
 30
0.0
 11
-53.0
 21
18.0
 31
0.0
  0
LINE
  5
1A96
330
1F
100
AcDbEntity
  8
SK2
  6
CONTINUOUS
370
25
 62
7
100
AcDbLine
 10
-53.0
 20
18.0
 30
0.0
 11
-58.0
 21
19.0
 31
0.0
  0
LINE
  5
1A97
330
1F
100
AcDbEntity
  8
SK2
  6
CONTINUOUS
370
25
 62
7
100
AcDbLine
 10
-53.23030295300332
 20
18.04606059060067
 30
0.0
 11
-53.0
 21
18.27636354360399
 31
0.0
  0
LINE
  5
1A98
330
1F
100
AcDbEntity
  8
SK2
  6
CONTINUOUS
370
25
 62
7
100
AcDbLine
 10
-53.5838563435966
 20
18.11677126871933
 30
0.0
 11
-53.0
 21
18.70062761231593
 31
0.0
  0
LINE
  5
1A99
330
1F
100
AcDbEntity
  8
SK2
  6
CONTINUOUS
370
25
 62
7
100
AcDbLine
 10
-53.93740973418989
 20
18.18748194683797
 30
0.0
 11
-53.0
 21
19.12489168102786
 31
0.0
  0
LINE
  5
1A9A
330
1F
100
AcDbEntity
  8
SK2
  6
CONTINUOUS
370
25
 62
7
100
AcDbLine
 10
-54.29096312478316
 20
18.25819262495664
 30
0.0
 11
-53.0
 21
19.5491557497398
 31
0.0
  0
LINE
  5
1A9B
330
1F
100
AcDbEntity
  8
SK2
  6
CONTINUOUS
370
25
 62
7
100
AcDbLine
 10
-54.64451651537642
 20
18.32890330307529
 30
0.0
 11
-53.0
 21
19.97341981845172
 31
0.0
  0
LINE
  5
1A9C
330
1F
100
AcDbEntity
  8
SK2
  6
CONTINUOUS
370
25
 62
7
100
AcDbLine
 10
-54.99806990596971
 20
18.39961398119394
 30
0.0
 11
-53.49710485895456
 21
19.90057902820909
 31
0.0
  0
LINE
  5
1A9D
330
1F
100
AcDbEntity
  8
SK2
  6
CONTINUOUS
370
25
 62
7
100
AcDbLine
 10
-55.35162329656298
 20
18.4703246593126
 30
0.0
 11
-54.02743494484447
 21
19.79451301103111
 31
0.0
  0
LINE
  5
1A9E
330
1F
100
AcDbEntity
  8
SK2
  6
CONTINUOUS
370
25
 62
7
100
AcDbLine
 10
-55.70517668715627
 20
18.54103533743125
 30
0.0
 11
-54.55776503073439
 21
19.68844699385313
 31
0.0
  0
LINE
  5
1A9F
330
1F
100
AcDbEntity
  8
SK2
  6
CONTINUOUS
370
25
 62
7
100
AcDbLine
 10
-56.05873007774954
 20
18.6117460155499
 30
0.0
 11
-55.0880951166243
 21
19.58238097667515
 31
0.0
  0
LINE
  5
1AA0
330
1F
100
AcDbEntity
  8
SK2
  6
CONTINUOUS
370
25
 62
7
100
AcDbLine
 10
-56.41228346834281
 20
18.68245669366857
 30
0.0
 11
-55.61842520251421
 21
19.47631495949717
 31
0.0
  0
LINE
  5
1AA1
330
1F
100
AcDbEntity
  8
SK2
  6
CONTINUOUS
370
25
 62
7
100
AcDbLine
 10
-56.7658368589361
 20
18.75316737178721
 30
0.0
 11
-56.14875528840413
 21
19.37024894231918
 31
0.0
  0
LINE
  5
1AA2
330
1F
100
AcDbEntity
  8
SK2
  6
CONTINUOUS
370
25
 62
7
100
AcDbLine
 10
-57.11939024952937
 20
18.82387804990588
 30
0.0
 11
-56.67908537429405
 21
19.26418292514119
 31
0.0
  0
LINE
  5
1AA3
330
1F
100
AcDbEntity
  8
SK2
  6
CONTINUOUS
370
25
 62
7
100
AcDbLine
 10
-57.47294364012264
 20
18.89458872802453
 30
0.0
 11
-57.20941546018395
 21
19.15811690796321
 31
0.0
  0
LINE
  5
1AA4
330
1F
100
AcDbEntity
  8
SK2
  6
CONTINUOUS
370
25
 62
7
100
AcDbLine
 10
-57.82649703071593
 20
18.96529940614317
 30
0.0
 11
-57.73974554607387
 21
19.05205089078523
 31
0.0
  0
LINE
  5
1AA5
330
1F
100
AcDbEntity
  8
SK2
  6
CONTINUOUS
370
25
 62
7
100
AcDbLine
 10
-57.95912299124645
 20
19.00817540175071
 30
0.0
 11
-57.93868448686968
 21
18.98773689737394
 31
0.0
  0
LINE
  5
1AA6
330
1F
100
AcDbEntity
  8
SK2
  6
CONTINUOUS
370
25
 62
7
100
AcDbLine
 10
-57.60556960065316
 20
19.07888607986936
 30
0.0
 11
-57.40835440097976
 21
18.88167088019595
 31
0.0
  0
LINE
  5
1AA7
330
1F
100
AcDbEntity
  8
SK2
  6
CONTINUOUS
370
25
 62
7
100
AcDbLine
 10
-57.2520162100599
 20
19.14959675798803
 30
0.0
 11
-56.87802431508985
 21
18.77560486301797
 31
0.0
  0
LINE
  5
1AA8
330
1F
100
AcDbEntity
  8
SK2
  6
CONTINUOUS
370
25
 62
7
100
AcDbLine
 10
-56.89846281946661
 20
19.22030743610667
 30
0.0
 11
-56.34769422919992
 21
18.66953884583999
 31
0.0
  0
LINE
  5
1AA9
330
1F
100
AcDbEntity
  8
SK2
  6
CONTINUOUS
370
25
 62
7
100
AcDbLine
 10
-56.54490942887334
 20
19.29101811422533
 30
0.0
 11
-55.81736414331002
 21
18.56347282866201
 31
0.0
  0
LINE
  5
1AAA
330
1F
100
AcDbEntity
  8
SK2
  6
CONTINUOUS
370
25
 62
7
100
AcDbLine
 10
-56.19135603828007
 20
19.36172879234399
 30
0.0
 11
-55.2870340574201
 21
18.45740681148402
 31
0.0
  0
LINE
  5
1AAB
330
1F
100
AcDbEntity
  8
SK2
  6
CONTINUOUS
370
25
 62
7
100
AcDbLine
 10
-55.83780264768678
 20
19.43243947046263
 30
0.0
 11
-54.75670397153019
 21
18.35134079430604
 31
0.0
  0
LINE
  5
1AAC
330
1F
100
AcDbEntity
  8
SK2
  6
CONTINUOUS
370
25
 62
7
100
AcDbLine
 10
-55.48424925709352
 20
19.50315014858131
 30
0.0
 11
-54.22637388564026
 21
18.24527477712805
 31
0.0
  0
LINE
  5
1AAD
330
1F
100
AcDbEntity
  8
SK2
  6
CONTINUOUS
370
25
 62
7
100
AcDbLine
 10
-55.13069586650023
 20
19.57386082669995
 30
0.0
 11
-53.69604379975036
 21
18.13920875995007
 31
0.0
  0
LINE
  5
1AAE
330
1F
100
AcDbEntity
  8
SK2
  6
CONTINUOUS
370
25
 62
7
100
AcDbLine
 10
-54.77714247590696
 20
19.6445715048186
 30
0.0
 11
-53.16571371386045
 21
18.03314274277209
 31
0.0
  0
LINE
  5
1AAF
330
1F
100
AcDbEntity
  8
SK2
  6
CONTINUOUS
370
25
 62
7
100
AcDbLine
 10
-54.42358908531369
 20
19.71528218293726
 30
0.0
 11
-53.0
 21
18.29169309762357
 31
0.0
  0
LINE
  5
1AB0
330
1F
100
AcDbEntity
  8
SK2
  6
CONTINUOUS
370
25
 62
7
100
AcDbLine
 10
-54.07003569472042
 20
19.78599286105592
 30
0.0
 11
-53.0
 21
18.7159571663355
 31
0.0
  0
LINE
  5
1AB1
330
1F
100
AcDbEntity
  8
SK2
  6
CONTINUOUS
370
25
 62
7
100
AcDbLine
 10
-53.71648230412713
 20
19.85670353917456
 30
0.0
 11
-53.0
 21
19.14022123504743
 31
0.0
  0
LINE
  5
1AB2
330
1F
100
AcDbEntity
  8
SK2
  6
CONTINUOUS
370
25
 62
7
100
AcDbLine
 10
-53.36292891353386
 20
19.92741421729323
 30
0.0
 11
-53.0
 21
19.56448530375937
 31
0.0
  0
LINE
  5
1AB3
330
1F
100
AcDbEntity
  8
SK2
  6
CONTINUOUS
370
25
 62
7
100
AcDbLine
 10
-53.00937552294058
 20
19.99812489541188
 30
0.0
 11
-53.0
 21
19.9887493724713
 31
0.0
  0
LINE
  5
1AB4
330
1F
100
AcDbEntity
  8
SK2
  6
CONTINUOUS
370
25
 62
7
100
AcDbLine
 10
0.0
 20
19.0
 30
0.0
 11
-5.0
 21
18.0
 31
0.0
  0
LINE
  5
1AB5
330
1F
100
AcDbEntity
  8
SK2
  6
CONTINUOUS
370
25
 62
7
100
AcDbLine
 10
-5.0
 20
18.0
 30
0.0
 11
-5.0
 21
20.0
 31
0.0
  0
LINE
  5
1AB6
330
1F
100
AcDbEntity
  8
SK2
  6
CONTINUOUS
370
25
 62
7
100
AcDbLine
 10
-5.0
 20
20.0
 30
0.0
 11
0.0
 21
19.0
 31
0.0
  0
LINE
  5
1AB7
330
1F
100
AcDbEntity
  8
SK2
  6
CONTINUOUS
370
25
 62
7
100
AcDbLine
 10
-0.1148538650459541
 20
18.97702922699081
 30
0.0
 11
-0.0765692433639694
 21
19.01531384867279
 31
0.0
  0
LINE
  5
1AB8
330
1F
100
AcDbEntity
  8
SK2
  6
CONTINUOUS
370
25
 62
7
100
AcDbLine
 10
-0.6451839509358634
 20
18.87096320981283
 30
0.0
 11
-0.4301226339572424
 21
19.08602452679145
 31
0.0
  0
LINE
  5
1AB9
330
1F
100
AcDbEntity
  8
SK2
  6
CONTINUOUS
370
25
 62
7
100
AcDbLine
 10
-1.175514036825773
 20
18.76489719263484
 30
0.0
 11
-0.7836760245505154
 21
19.1567352049101
 31
0.0
  0
LINE
  5
1ABA
330
1F
100
AcDbEntity
  8
SK2
  6
CONTINUOUS
370
25
 62
7
100
AcDbLine
 10
-1.705844122715682
 20
18.65883117545686
 30
0.0
 11
-1.137229415143789
 21
19.22744588302876
 31
0.0
  0
LINE
  5
1ABB
330
1F
100
AcDbEntity
  8
SK2
  6
CONTINUOUS
370
25
 62
7
100
AcDbLine
 10
-2.236174208605596
 20
18.55276515827888
 30
0.0
 11
-1.490782805737064
 21
19.29815656114741
 31
0.0
  0
LINE
  5
1ABC
330
1F
100
AcDbEntity
  8
SK2
  6
CONTINUOUS
370
25
 62
7
100
AcDbLine
 10
-2.766504294495505
 20
18.4466991411009
 30
0.0
 11
-1.844336196330337
 21
19.36886723926607
 31
0.0
  0
LINE
  5
1ABD
330
1F
100
AcDbEntity
  8
SK2
  6
CONTINUOUS
370
25
 62
7
100
AcDbLine
 10
-3.296834380385414
 20
18.34063312392292
 30
0.0
 11
-2.19788958692361
 21
19.43957791738472
 31
0.0
  0
LINE
  5
1ABE
330
1F
100
AcDbEntity
  8
SK2
  6
CONTINUOUS
370
25
 62
7
100
AcDbLine
 10
-3.827164466275323
 20
18.23456710674494
 30
0.0
 11
-2.551442977516883
 21
19.51028859550338
 31
0.0
  0
LINE
  5
1ABF
330
1F
100
AcDbEntity
  8
SK2
  6
CONTINUOUS
370
25
 62
7
100
AcDbLine
 10
-4.357494552165233
 20
18.12850108956695
 30
0.0
 11
-2.904996368110156
 21
19.58099927362203
 31
0.0
  0
LINE
  5
1AC0
330
1F
100
AcDbEntity
  8
SK2
  6
CONTINUOUS
370
25
 62
7
100
AcDbLine
 10
-4.88782463805514
 20
18.02243507238897
 30
0.0
 11
-3.258549758703428
 21
19.65170995174068
 31
0.0
  0
LINE
  5
1AC1
330
1F
100
AcDbEntity
  8
SK2
  6
CONTINUOUS
370
25
 62
7
100
AcDbLine
 10
-5.0
 20
18.33452377915604
 30
0.0
 11
-3.612103149296702
 21
19.72242062985934
 31
0.0
  0
LINE
  5
1AC2
330
1F
100
AcDbEntity
  8
SK2
  6
CONTINUOUS
370
25
 62
7
100
AcDbLine
 10
-5.0
 20
18.75878784786797
 30
0.0
 11
-3.965656539889974
 21
19.79313130797799
 31
0.0
  0
LINE
  5
1AC3
330
1F
100
AcDbEntity
  8
SK2
  6
CONTINUOUS
370
25
 62
7
100
AcDbLine
 10
-5.0
 20
19.1830519165799
 30
0.0
 11
-4.319209930483247
 21
19.86384198609665
 31
0.0
  0
LINE
  5
1AC4
330
1F
100
AcDbEntity
  8
SK2
  6
CONTINUOUS
370
25
 62
7
100
AcDbLine
 10
-5.0
 20
19.60731598529182
 30
0.0
 11
-4.67276332107652
 21
19.9345526642153
 31
0.0
  0
LINE
  5
1AC5
330
1F
100
AcDbEntity
  8
SK2
  6
CONTINUOUS
370
25
 62
7
100
AcDbLine
 10
-5.0
 20
18.15218613006975
 30
0.0
 11
-4.873178224941872
 21
18.02536435501163
 31
0.0
  0
LINE
  5
1AC6
330
1F
100
AcDbEntity
  8
SK2
  6
CONTINUOUS
370
25
 62
7
100
AcDbLine
 10
-5.0
 20
18.57645019878168
 30
0.0
 11
-4.519624834348598
 21
18.09607503313028
 31
0.0
  0
LINE
  5
1AC7
330
1F
100
AcDbEntity
  8
SK2
  6
CONTINUOUS
370
25
 62
7
100
AcDbLine
 10
-5.0
 20
19.00071426749361
 30
0.0
 11
-4.166071443755325
 21
18.16678571124893
 31
0.0
  0
LINE
  5
1AC8
330
1F
100
AcDbEntity
  8
SK2
  6
CONTINUOUS
370
25
 62
7
100
AcDbLine
 10
-5.0
 20
19.42497833620553
 30
0.0
 11
-3.812518053162052
 21
18.23749638936759
 31
0.0
  0
LINE
  5
1AC9
330
1F
100
AcDbEntity
  8
SK2
  6
CONTINUOUS
370
25
 62
7
100
AcDbLine
 10
-5.0
 20
19.84924240491746
 30
0.0
 11
-3.458964662568778
 21
18.30820706748624
 31
0.0
  0
LINE
  5
1ACA
330
1F
100
AcDbEntity
  8
SK2
  6
CONTINUOUS
370
25
 62
7
100
AcDbLine
 10
-4.65811690796326
 20
19.93162338159265
 30
0.0
 11
-3.105411271975505
 21
18.3789177456049
 31
0.0
  0
LINE
  5
1ACB
330
1F
100
AcDbEntity
  8
SK2
  6
CONTINUOUS
370
25
 62
7
100
AcDbLine
 10
-4.127786822073349
 20
19.82555736441467
 30
0.0
 11
-2.751857881382231
 21
18.44962842372355
 31
0.0
  0
LINE
  5
1ACC
330
1F
100
AcDbEntity
  8
SK2
  6
CONTINUOUS
370
25
 62
7
100
AcDbLine
 10
-3.597456736183439
 20
19.71949134723669
 30
0.0
 11
-2.398304490788957
 21
18.52033910184221
 31
0.0
  0
LINE
  5
1ACD
330
1F
100
AcDbEntity
  8
SK2
  6
CONTINUOUS
370
25
 62
7
100
AcDbLine
 10
-3.067126650293529
 20
19.61342533005871
 30
0.0
 11
-2.044751100195684
 21
18.59104977996086
 31
0.0
  0
LINE
  5
1ACE
330
1F
100
AcDbEntity
  8
SK2
  6
CONTINUOUS
370
25
 62
7
100
AcDbLine
 10
-2.536796564403618
 20
19.50735931288072
 30
0.0
 11
-1.69119770960241
 21
18.66176045807952
 31
0.0
  0
LINE
  5
1ACF
330
1F
100
AcDbEntity
  8
SK2
  6
CONTINUOUS
370
25
 62
7
100
AcDbLine
 10
-2.006466478513711
 20
19.40129329570274
 30
0.0
 11
-1.33764431900914
 21
18.73247113619817
 31
0.0
  0
LINE
  5
1AD0
330
1F
100
AcDbEntity
  8
SK2
  6
CONTINUOUS
370
25
 62
7
100
AcDbLine
 10
-1.4761363926238
 20
19.29522727852476
 30
0.0
 11
-0.9840909284158661
 21
18.80318181431683
 31
0.0
  0
LINE
  5
1AD1
330
1F
100
AcDbEntity
  8
SK2
  6
CONTINUOUS
370
25
 62
7
100
AcDbLine
 10
-0.9458063067338897
 20
19.18916126134678
 30
0.0
 11
-0.6305375378225925
 21
18.87389249243548
 31
0.0
  0
LINE
  5
1AD2
330
1F
100
AcDbEntity
  8
SK2
  6
CONTINUOUS
370
25
 62
7
100
AcDbLine
 10
-0.4154762208439788
 20
19.0830952441688
 30
0.0
 11
-0.276984147229319
 21
18.94460317055414
 31
0.0
  0
TEXT
  5
1AD3
330
1F
100
AcDbEntity
  8
SK2
  6
CONTINUOUS
370
25
 62
7
100
AcDbText
 10
-31.91666666666667
 20
20.5
 30
0.0
 40
3.5
  1
58
 72
     1
 11
-29.0
 21
20.5
 31
0.0
100
AcDbText
  0
LINE
  5
1AD4
330
1F
100
AcDbEntity
  8
SK2
  6
CONTINUOUS
370
25
 62
7
100
AcDbLine
 10
-70.0000002
 20
-7.000001
 30
0.0
 11
-71.00000000000004
 21
-7.000001
 31
0.0
  0
LINE
  5
1AD5
330
1F
100
AcDbEntity
  8
SK2
  6
CONTINUOUS
370
25
 62
7
100
AcDbLine
 10
-44.0
 20
-7.000001
 30
0.0
 11
-69.9999998
 21
-7.000001
 31
0.0
  0
LINE
  5
1AD6
330
1F
100
AcDbEntity
  8
SK2
  6
CONTINUOUS
370
25
 62
7
100
AcDbLine
 10
-71.0
 20
7.0
 30
0.0
 11
-44.0
 21
7.0
 31
0.0
  0
LINE
  5
1AD7
330
1F
100
AcDbEntity
  8
SK2
  6
CONTINUOUS
370
25
 62
7
100
AcDbLine
 10
-70.0
 20
-14.0
 30
0.0
 11
-70.0
 21
14.0
 31
0.0
  0
LINE
  5
1AD8
330
1F
100
AcDbEntity
  8
SK2
  6
CONTINUOUS
370
25
 62
7
100
AcDbLine
 10
-70.0
 20
-7.0
 30
0.0
 11
-69.0
 21
-12.0
 31
0.0
  0
LINE
  5
1AD9
330
1F
100
AcDbEntity
  8
SK2
  6
CONTINUOUS
370
25
 62
7
100
AcDbLine
 10
-69.0
 20
-12.0
 30
0.0
 11
-71.0
 21
-12.0
 31
0.0
  0
LINE
  5
1ADA
330
1F
100
AcDbEntity
  8
SK2
  6
CONTINUOUS
370
25
 62
7
100
AcDbLine
 10
-71.0
 20
-12.0
 30
0.0
 11
-70.0
 21
-7.0
 31
0.0
  0
LINE
  5
1ADB
330
1F
100
AcDbEntity
  8
SK2
  6
CONTINUOUS
370
25
 62
7
100
AcDbLine
 10
-69.27564927611064
 20
-12.0
 30
0.0
 11
-69.04594154601844
 21
-11.7702922699078
 31
0.0
  0
LINE
  5
1ADC
330
1F
100
AcDbEntity
  8
SK2
  6
CONTINUOUS
370
25
 62
7
100
AcDbLine
 10
-69.69991334482255
 20
-12.0
 30
0.0
 11
-69.11665222413708
 21
-11.41673887931452
 31
0.0
  0
LINE
  5
1ADD
330
1F
100
AcDbEntity
  8
SK2
  6
CONTINUOUS
370
25
 62
7
100
AcDbLine
 10
-70.12417741353448
 20
-12.0
 30
0.0
 11
-69.18736290225576
 21
-11.06318548872127
 31
0.0
  0
LINE
  5
1ADE
330
1F
100
AcDbEntity
  8
SK2
  6
CONTINUOUS
370
25
 62
7
100
AcDbLine
 10
-70.54844148224642
 20
-12.00000000000001
 30
0.0
 11
-69.2580735803744
 21
-10.70963209812799
 31
0.0
  0
LINE
  5
1ADF
330
1F
100
AcDbEntity
  8
SK2
  6
CONTINUOUS
370
25
 62
7
100
AcDbLine
 10
-70.97270555095834
 20
-12.0
 30
0.0
 11
-69.32878425849306
 21
-10.35607870753472
 31
0.0
  0
LINE
  5
1AE0
330
1F
100
AcDbEntity
  8
SK2
  6
CONTINUOUS
370
25
 62
7
100
AcDbLine
 10
-70.90075759508244
 20
-11.50378797541218
 30
0.0
 11
-69.39949493661172
 21
-10.00252531694146
 31
0.0
  0
LINE
  5
1AE1
330
1F
100
AcDbEntity
  8
SK2
  6
CONTINUOUS
370
25
 62
7
100
AcDbLine
 10
-70.79469157790446
 20
-10.97345788952228
 30
0.0
 11
-69.47020561473036
 21
-9.648971926348182
 31
0.0
  0
LINE
  5
1AE2
330
1F
100
AcDbEntity
  8
SK2
  6
CONTINUOUS
370
25
 62
7
100
AcDbLine
 10
-70.68862556072648
 20
-10.44312780363237
 30
0.0
 11
-69.54091629284902
 21
-9.295418535754912
 31
0.0
  0
LINE
  5
1AE3
330
1F
100
AcDbEntity
  8
SK2
  6
CONTINUOUS
370
25
 62
7
100
AcDbLine
 10
-70.58255954354848
 20
-9.912797717742436
 30
0.0
 11
-69.61162697096768
 21
-8.941865145161628
 31
0.0
  0
LINE
  5
1AE4
330
1F
100
AcDbEntity
  8
SK2
  6
CONTINUOUS
370
25
 62
7
100
AcDbLine
 10
-70.47649352637052
 20
-9.382467631852549
 30
0.0
 11
-69.68233764908632
 21
-8.588311754568352
 31
0.0
  0
LINE
  5
1AE5
330
1F
100
AcDbEntity
  8
SK2
  6
CONTINUOUS
370
25
 62
7
100
AcDbLine
 10
-70.37042750919251
 20
-8.85213754596262
 30
0.0
 11
-69.753048327205
 21
-8.234758363975104
 31
0.0
  0
LINE
  5
1AE6
330
1F
100
AcDbEntity
  8
SK2
  6
CONTINUOUS
370
25
 62
7
100
AcDbLine
 10
-70.26436149201453
 20
-8.321807460072712
 30
0.0
 11
-69.82375900532364
 21
-7.88120497338182
 31
0.0
  0
LINE
  5
1AE7
330
1F
100
AcDbEntity
  8
SK2
  6
CONTINUOUS
370
25
 62
7
100
AcDbLine
 10
-70.15829547483655
 20
-7.791477374182804
 30
0.0
 11
-69.8944696834423
 21
-7.52765158278855
 31
0.0
  0
LINE
  5
1AE8
330
1F
100
AcDbEntity
  8
SK2
  6
CONTINUOUS
370
25
 62
7
100
AcDbLine
 10
-70.05222945765857
 20
-7.261147288292904
 30
0.0
 11
-69.96518036156095
 21
-7.174098192195288
 31
0.0
  0
LINE
  5
1AE9
330
1F
100
AcDbEntity
  8
SK2
  6
CONTINUOUS
370
25
 62
7
100
AcDbLine
 10
-70.99146746450243
 20
-11.9573373225122
 30
0.0
 11
-70.94880478701464
 21
-12.0
 31
0.0
  0
LINE
  5
1AEA
330
1F
100
AcDbEntity
  8
SK2
  6
CONTINUOUS
370
25
 62
7
100
AcDbLine
 10
-70.92075678638379
 20
-11.60378393191891
 30
0.0
 11
-70.5245407183027
 21
-12.0
 31
0.0
  0
LINE
  5
1AEB
330
1F
100
AcDbEntity
  8
SK2
  6
CONTINUOUS
370
25
 62
7
100
AcDbLine
 10
-70.85004610826513
 20
-11.25023054132565
 30
0.0
 11
-70.10027664959078
 21
-12.0
 31
0.0
  0
LINE
  5
1AEC
330
1F
100
AcDbEntity
  8
SK2
  6
CONTINUOUS
370
25
 62
7
100
AcDbLine
 10
-70.77933543014647
 20
-10.89667715073239
 30
0.0
 11
-69.67601258087886
 21
-12.0
 31
0.0
  0
LINE
  5
1AED
330
1F
100
AcDbEntity
  8
SK2
  6
CONTINUOUS
370
25
 62
7
100
AcDbLine
 10
-70.70862475202783
 20
-10.5431237601391
 30
0.0
 11
-69.25174851216693
 21
-12.0
 31
0.0
  0
LINE
  5
1AEE
330
1F
100
AcDbEntity
  8
SK2
  6
CONTINUOUS
370
25
 62
7
100
AcDbLine
 10
-70.63791407390917
 20
-10.18957036954583
 30
0.0
 11
-69.04312888913626
 21
-11.78435555431875
 31
0.0
  0
LINE
  5
1AEF
330
1F
100
AcDbEntity
  8
SK2
  6
CONTINUOUS
370
25
 62
7
100
AcDbLine
 10
-70.56720339579051
 20
-9.836016978952571
 30
0.0
 11
-69.14919490631424
 21
-11.25402546842885
 31
0.0
  0
LINE
  5
1AF0
330
1F
100
AcDbEntity
  8
SK2
  6
CONTINUOUS
370
25
 62
7
100
AcDbLine
 10
-70.49649271767186
 20
-9.482463588359309
 30
0.0
 11
-69.25526092349222
 21
-10.72369538253895
 31
0.0
  0
LINE
  5
1AF1
330
1F
100
AcDbEntity
  8
SK2
  6
CONTINUOUS
370
25
 62
7
100
AcDbLine
 10
-70.4257820395532
 20
-9.128910197766032
 30
0.0
 11
-69.3613269406702
 21
-10.19336529664903
 31
0.0
  0
LINE
  5
1AF2
330
1F
100
AcDbEntity
  8
SK2
  6
CONTINUOUS
370
25
 62
7
100
AcDbLine
 10
-70.35507136143455
 20
-8.775356807172756
 30
0.0
 11
-69.46739295784818
 21
-9.663035210759134
 31
0.0
  0
LINE
  5
1AF3
330
1F
100
AcDbEntity
  8
SK2
  6
CONTINUOUS
370
25
 62
7
100
AcDbLine
 10
-70.2843606833159
 20
-8.421803416579479
 30
0.0
 11
-69.57345897502616
 21
-9.132705124869219
 31
0.0
  0
LINE
  5
1AF4
330
1F
100
AcDbEntity
  8
SK2
  6
CONTINUOUS
370
25
 62
7
100
AcDbLine
 10
-70.21365000519724
 20
-8.06825002598623
 30
0.0
 11
-69.67952499220414
 21
-8.602375038979332
 31
0.0
  0
LINE
  5
1AF5
330
1F
100
AcDbEntity
  8
SK2
  6
CONTINUOUS
370
25
 62
7
100
AcDbLine
 10
-70.1429393270786
 20
-7.714696635392954
 30
0.0
 11
-69.78559100938212
 21
-8.072044953089431
 31
0.0
  0
LINE
  5
1AF6
330
1F
100
AcDbEntity
  8
SK2
  6
CONTINUOUS
370
25
 62
7
100
AcDbLine
 10
-70.07222864895995
 20
-7.361143244799678
 30
0.0
 11
-69.89165702656008
 21
-7.541714867199545
 31
0.0
  0
LINE
  5
1AF7
330
1F
100
AcDbEntity
  8
SK2
  6
CONTINUOUS
370
25
 62
7
100
AcDbLine
 10
-70.00151797084128
 20
-7.007589854206415
 30
0.0
 11
-69.99772304373808
 21
-7.011384781309616
 31
0.0
  0
LINE
  5
1AF8
330
1F
100
AcDbEntity
  8
SK2
  6
CONTINUOUS
370
25
 62
7
100
AcDbLine
 10
-70.0
 20
7.0
 30
0.0
 11
-71.0
 21
12.0
 31
0.0
  0
LINE
  5
1AF9
330
1F
100
AcDbEntity
  8
SK2
  6
CONTINUOUS
370
25
 62
7
100
AcDbLine
 10
-71.0
 20
12.0
 30
0.0
 11
-69.0
 21
12.0
 31
0.0
  0
LINE
  5
1AFA
330
1F
100
AcDbEntity
  8
SK2
  6
CONTINUOUS
370
25
 62
7
100
AcDbLine
 10
-69.0
 20
12.0
 30
0.0
 11
-70.0
 21
7.0
 31
0.0
  0
LINE
  5
1AFB
330
1F
100
AcDbEntity
  8
SK2
  6
CONTINUOUS
370
25
 62
7
100
AcDbLine
 10
-70.03601008426187
 20
7.180050421309375
 30
0.0
 11
-69.94598487360719
 21
7.270075631964062
 31
0.0
  0
LINE
  5
1AFC
330
1F
100
AcDbEntity
  8
SK2
  6
CONTINUOUS
370
25
 62
7
100
AcDbLine
 10
-70.10672076238052
 20
7.533603811902651
 30
0.0
 11
-69.83991885642921
 21
7.800405717853963
 31
0.0
  0
LINE
  5
1AFD
330
1F
100
AcDbEntity
  8
SK2
  6
CONTINUOUS
370
25
 62
7
100
AcDbLine
 10
-70.17743144049919
 20
7.887157202495914
 30
0.0
 11
-69.73385283925121
 21
8.330735803743892
 31
0.0
  0
LINE
  5
1AFE
330
1F
100
AcDbEntity
  8
SK2
  6
CONTINUOUS
370
25
 62
7
100
AcDbLine
 10
-70.24814211861784
 20
8.24071059308919
 30
0.0
 11
-69.62778682207325
 21
8.861065889633778
 31
0.0
  0
LINE
  5
1AFF
330
1F
100
AcDbEntity
  8
SK2
  6
CONTINUOUS
370
25
 62
7
100
AcDbLine
 10
-70.3188527967365
 20
8.594263983682453
 30
0.0
 11
-69.52172080489525
 21
9.391395975523693
 31
0.0
  0
LINE
  5
1B00
330
1F
100
AcDbEntity
  8
SK2
  6
CONTINUOUS
370
25
 62
7
100
AcDbLine
 10
-70.38956347485514
 20
8.94781737427573
 30
0.0
 11
-69.41565478771729
 21
9.92172606141358
 31
0.0
  0
LINE
  5
1B01
330
1F
100
AcDbEntity
  8
SK2
  6
CONTINUOUS
370
25
 62
7
100
AcDbLine
 10
-70.4602741529738
 20
9.301370764869006
 30
0.0
 11
-69.30958877053929
 21
10.45205614730351
 31
0.0
  0
LINE
  5
1B02
330
1F
100
AcDbEntity
  8
SK2
  6
CONTINUOUS
370
25
 62
7
100
AcDbLine
 10
-70.53098483109245
 20
9.654924155462268
 30
0.0
 11
-69.20352275336131
 21
10.98238623319341
 31
0.0
  0
LINE
  5
1B03
330
1F
100
AcDbEntity
  8
SK2
  6
CONTINUOUS
370
25
 62
7
100
AcDbLine
 10
-70.60169550921111
 20
10.00847754605553
 30
0.0
 11
-69.09745673618333
 21
11.51271631908331
 31
0.0
  0
LINE
  5
1B04
330
1F
100
AcDbEntity
  8
SK2
  6
CONTINUOUS
370
25
 62
7
100
AcDbLine
 10
-70.67240618732976
 20
10.36203093664882
 30
0.0
 11
-69.03443712397858
 21
12.0
 31
0.0
  0
LINE
  5
1B05
330
1F
100
AcDbEntity
  8
SK2
  6
CONTINUOUS
370
25
 62
7
100
AcDbLine
 10
-70.74311686544841
 20
10.71558432724208
 30
0.0
 11
-69.4587011926905
 21
12.0
 31
0.0
  0
LINE
  5
1B06
330
1F
100
AcDbEntity
  8
SK2
  6
CONTINUOUS
370
25
 62
7
100
AcDbLine
 10
-70.81382754356707
 20
11.06913771783535
 30
0.0
 11
-69.88296526140242
 21
12.0
 31
0.0
  0
LINE
  5
1B07
330
1F
100
AcDbEntity
  8
SK2
  6
CONTINUOUS
370
25
 62
7
100
AcDbLine
 10
-70.88453822168572
 20
11.42269110842862
 30
0.0
 11
-70.30722933011434
 21
12.0
 31
0.0
  0
LINE
  5
1B08
330
1F
100
AcDbEntity
  8
SK2
  6
CONTINUOUS
370
25
 62
7
100
AcDbLine
 10
-70.95524889980437
 20
11.77624449902189
 30
0.0
 11
-70.73149339882626
 21
12.0
 31
0.0
  0
LINE
  5
1B09
330
1F
100
AcDbEntity
  8
SK2
  6
CONTINUOUS
370
25
 62
7
100
AcDbLine
 10
-70.05802608177113
 20
7.290130408855639
 30
0.0
 11
-69.96131594548591
 21
7.193420272570414
 31
0.0
  0
LINE
  5
1B0A
330
1F
100
AcDbEntity
  8
SK2
  6
CONTINUOUS
370
25
 62
7
100
AcDbLine
 10
-70.16409209894911
 20
7.820460494745546
 30
0.0
 11
-69.89060526736726
 21
7.546973663163698
 31
0.0
  0
LINE
  5
1B0B
330
1F
100
AcDbEntity
  8
SK2
  6
CONTINUOUS
370
25
 62
7
100
AcDbLine
 10
-70.27015811612709
 20
8.350790580635447
 30
0.0
 11
-69.8198945892486
 21
7.90052705375696
 31
0.0
  0
LINE
  5
1B0C
330
1F
100
AcDbEntity
  8
SK2
  6
CONTINUOUS
370
25
 62
7
100
AcDbLine
 10
-70.37622413330507
 20
8.881120666525362
 30
0.0
 11
-69.74918391112995
 21
8.254080444350237
 31
0.0
  0
LINE
  5
1B0D
330
1F
100
AcDbEntity
  8
SK2
  6
CONTINUOUS
370
25
 62
7
100
AcDbLine
 10
-70.48229015048305
 20
9.411450752415256
 30
0.0
 11
-69.6784732330113
 21
8.60763383494352
 31
0.0
  0
LINE
  5
1B0E
330
1F
100
AcDbEntity
  8
SK2
  6
CONTINUOUS
370
25
 62
7
100
AcDbLine
 10
-70.58835616766105
 20
9.941780838305178
 30
0.0
 11
-69.60776255489263
 21
8.961187225536776
 31
0.0
  0
LINE
  5
1B0F
330
1F
100
AcDbEntity
  8
SK2
  6
CONTINUOUS
370
25
 62
7
100
AcDbLine
 10
-70.69442218483901
 20
10.47211092419506
 30
0.0
 11
-69.53705187677399
 21
9.314740616130038
 31
0.0
  0
LINE
  5
1B10
330
1F
100
AcDbEntity
  8
SK2
  6
CONTINUOUS
370
25
 62
7
100
AcDbLine
 10
-70.800488202017
 20
11.00244101008497
 30
0.0
 11
-69.46634119865534
 21
9.668294006723315
 31
0.0
  0
LINE
  5
1B11
330
1F
100
AcDbEntity
  8
SK2
  6
CONTINUOUS
370
25
 62
7
100
AcDbLine
 10
-70.90655421919497
 20
11.53277109597487
 30
0.0
 11
-69.39563052053668
 21
10.02184739731658
 31
0.0
  0
LINE
  5
1B12
330
1F
100
AcDbEntity
  8
SK2
  6
CONTINUOUS
370
25
 62
7
100
AcDbLine
 10
-70.94951905450817
 20
12.0
 30
0.0
 11
-69.32491984241803
 21
10.37540078790985
 31
0.0
  0
LINE
  5
1B13
330
1F
100
AcDbEntity
  8
SK2
  6
CONTINUOUS
370
25
 62
7
100
AcDbLine
 10
-70.52525498579625
 20
12.0
 30
0.0
 11
-69.25420916429937
 21
10.72895417850312
 31
0.0
  0
LINE
  5
1B14
330
1F
100
AcDbEntity
  8
SK2
  6
CONTINUOUS
370
25
 62
7
100
AcDbLine
 10
-70.10099091708432
 20
12.0
 30
0.0
 11
-69.18349848618071
 21
11.08250756909639
 31
0.0
  0
LINE
  5
1B15
330
1F
100
AcDbEntity
  8
SK2
  6
CONTINUOUS
370
25
 62
7
100
AcDbLine
 10
-69.67672684837238
 20
11.99999999999999
 30
0.0
 11
-69.11278780806207
 21
11.43606095968968
 31
0.0
  0
LINE
  5
1B16
330
1F
100
AcDbEntity
  8
SK2
  6
CONTINUOUS
370
25
 62
7
100
AcDbLine
 10
-69.25246277966046
 20
12.0
 30
0.0
 11
-69.04207712994341
 21
11.78961435028295
 31
0.0
  0
TEXT
  5
1B17
330
1F
100
AcDbEntity
  8
SK2
  6
CONTINUOUS
370
25
 62
7
100
AcDbText
 10
-71.5
 20
-0.0583333333333336
 30
0.0
 40
3.5
  1
14
 50
90.0
 72
     1
 11
-71.5
 21
2.275
 31
0.0
100
AcDbText
  0
CIRCLE
  5
1B18
330
1F
100
AcDbEntity
  8
SK2
  6
CONTINUOUS
370
25
 62
7
100
AcDbCircle
 10
-73.25
 20
-2.625
 30
0.0
 40
1.4
  0
LINE
  5
1B19
330
1F
100
AcDbEntity
  8
SK2
  6
CONTINUOUS
370
25
 62
7
100
AcDbLine
 10
-71.85
 20
-4.024999999999999
 30
0.0
 11
-74.65
 21
-1.224999999999999
 31
0.0
  0
LINE
  5
1B1A
330
1F
100
AcDbEntity
  8
SK1
  6
CONTINUOUS
370
50
 62
4
100
AcDbLine
 10
0.0
 20
7.0
 30
0.0
 11
-44.0
 21
7.0
 31
0.0
  0
LINE
  5
1B1B
330
1F
100
AcDbEntity
  8
SK1
  6
CONTINUOUS
370
50
 62
4
100
AcDbLine
 10
-44.0
 20
7.0
 30
0.0
 11
-44.0
 21
5.5
 31
0.0
  0
LINE
  5
1B1C
330
1F
100
AcDbEntity
  8
SK1
  6
CONTINUOUS
370
50
 62
4
100
AcDbLine
 10
-44.0
 20
5.5
 30
0.0
 11
-58.0
 21
5.5
 31
0.0
  0
LINE
  5
1B1D
330
1F
100
AcDbEntity
  8
SK1
  6
CONTINUOUS
370
50
 62
4
100
AcDbLine
 10
-58.0
 20
5.5
 30
0.0
 11
-58.0
 21
-5.5
 31
0.0
  0
LINE
  5
1B1E
330
1F
100
AcDbEntity
  8
SK1
  6
CONTINUOUS
370
50
 62
4
100
AcDbLine
 10
-58.0
 20
-5.5
 30
0.0
 11
-44.0
 21
-5.5
 31
0.0
  0
LINE
  5
1B1F
330
1F
100
AcDbEntity
  8
SK1
  6
CONTINUOUS
370
50
 62
4
100
AcDbLine
 10
-44.0
 20
-5.5
 30
0.0
 11
-44.0
 21
-7.0
 31
0.0
  0
LINE
  5
1B20
330
1F
100
AcDbEntity
  8
SK1
  6
CONTINUOUS
370
50
 62
4
100
AcDbLine
 10
-44.0
 20
-7.0
 30
0.0
 11
0.0
 21
-7.0
 31
0.0
  0
LINE
  5
1B21
330
1F
100
AcDbEntity
  8
SK1
  6
CONTINUOUS
370
50
 62
4
100
AcDbLine
 10
-58.0
 20
4.330127018922194
 30
0.0
 11
-44.0
 21
4.330127018922194
 31
0.0
  0
LINE
  5
1B22
330
1F
100
AcDbEntity
  8
SK1
  6
CONTINUOUS
370
50
 62
4
100
AcDbLine
 10
-44.0
 20
4.330127018922194
 30
0.0
 11
-44.0
 21
-4.330127018922194
 31
0.0
  0
LINE
  5
1B23
330
1F
100
AcDbEntity
  8
SK1
  6
CONTINUOUS
370
50
 62
4
100
AcDbLine
 10
-44.0
 20
-4.330127018922194
 30
0.0
 11
-58.0
 21
-4.330127018922194
 31
0.0
  0
LINE
  5
1B24
330
1F
100
AcDbEntity
  8
SK1
  6
CONTINUOUS
370
50
 62
4
100
AcDbLine
 10
-57.4
 20
5.5
 30
0.0
 11
-57.4
 21
4.330127018922194
 31
0.0
  0
LINE
  5
1B25
330
1F
100
AcDbEntity
  8
SK1
  6
CONTINUOUS
370
50
 62
4
100
AcDbLine
 10
-57.4
 20
-5.5
 30
0.0
 11
-57.4
 21
-4.330127018922194
 31
0.0
  0
LINE
  5
1B26
330
1F
100
AcDbEntity
  8
CUT
  6
CONTINUOUS
370
25
 62
1
100
AcDbLine
 10
37.0
 20
6.520147735
 30
0.0
 11
66.28324759251308
 21
6.520147735
 31
0.0
  0
LINE
  5
1B27
330
1F
100
AcDbEntity
  8
CUT
  6
CONTINUOUS
370
25
 62
1
100
AcDbLine
 10
66.28324759251308
 20
6.520147735
 30
0.0
 11
67.0
 21
8.13
 31
0.0
  0
LINE
  5
1B28
330
1F
100
AcDbEntity
  8
CUT
  6
CONTINUOUS
370
25
 62
1
100
AcDbLine
 10
67.0
 20
8.13
 30
0.0
 11
60.65
 21
9.525
 31
0.0
  0
LINE
  5
1B29
330
1F
100
AcDbEntity
  8
CUT
  6
CONTINUOUS
370
25
 62
1
100
AcDbLine
 10
60.65
 20
9.525
 30
0.0
 11
37.0
 21
9.525
 31
0.0
  0
LINE
  5
1B2A
330
1F
100
AcDbEntity
  8
CUT
  6
CONTINUOUS
370
25
 62
1
100
AcDbLine
 10
37.0
 20
9.525
 30
0.0
 11
37.0
 21
6.520147735
 31
0.0
  0
LINE
  5
1B2B
330
1F
100
AcDbEntity
  8
NOCUT
  6
CONTINUOUS
370
25
 62
7
100
AcDbLine
 10
0.0
 20
0.0
 30
0.0
 11
67.0
 21
0.0
 31
0.0
  0
LINE
  5
1B2C
330
1F
100
AcDbEntity
  8
NOCUT
  6
CONTINUOUS
370
25
 62
7
100
AcDbLine
 10
67.0
 20
0.0
 30
0.0
 11
67.0
 21
8.13
 31
0.0
  0
LINE
  5
1B2D
330
1F
100
AcDbEntity
  8
NOCUT
  6
CONTINUOUS
370
25
 62
7
100
AcDbLine
 10
67.0
 20
8.13
 30
0.0
 11
66.28324759251308
 21
6.520147735
 31
0.0
  0
LINE
  5
1B2E
330
1F
100
AcDbEntity
  8
NOCUT
  6
CONTINUOUS
370
25
 62
7
100
AcDbLine
 10
66.28324759251308
 20
6.520147735
 30
0.0
 11
37.0
 21
6.520147735
 31
0.0
  0
LINE
  5
1B2F
330
1F
100
AcDbEntity
  8
NOCUT
  6
CONTINUOUS
370
25
 62
7
100
AcDbLine
 10
37.0
 20
6.520147735
 30
0.0
 11
37.0
 21
9.525
 31
0.0
  0
LINE
  5
1B30
330
1F
100
AcDbEntity
  8
NOCUT
  6
CONTINUOUS
370
25
 62
7
100
AcDbLine
 10
37.0
 20
9.525
 30
0.0
 11
36.23501089332375
 21
7.0
 31
0.0
  0
LINE
  5
1B31
330
1F
100
AcDbEntity
  8
NOCUT
  6
CONTINUOUS
370
25
 62
7
100
AcDbLine
 10
36.23501089332375
 20
7.0
 30
0.0
 11
0.0
 21
7.0
 31
0.0
  0
LINE
  5
1B32
330
1F
100
AcDbEntity
  8
NOCUT
  6
CONTINUOUS
370
25
 62
7
100
AcDbLine
 10
0.0
 20
7.0
 30
0.0
 11
0.0
 21
0.0
 31
0.0
  0
LINE
  5
1B33
330
1F
100
AcDbEntity
  8
2
  6
CONTINUOUS
370
25
 62
7
100
AcDbLine
 10
60.65
 20
-9.525
 30
0.0
 11
90.0
 21
-9.525000000000004
 31
0.0
  0
LINE
  5
1B34
330
1F
100
AcDbEntity
  8
2
  6
CONTINUOUS
370
25
 62
7
100
AcDbLine
 10
90.0
 20
9.524999999999997
 30
0.0
 11
60.65
 21
9.525
 31
0.0
  0
LINE
  5
1B35
330
1F
100
AcDbEntity
  8
2
  6
CONTINUOUS
370
25
 62
7
100
AcDbLine
 10
89.0
 20
-16.52500000000001
 30
0.0
 11
89.0
 21
52.22499999999999
 31
0.0
  0
LINE
  5
1B36
330
1F
100
AcDbEntity
  8
2
  6
CONTINUOUS
370
25
 62
7
100
AcDbLine
 10
89.0
 20
-9.525000000000004
 30
0.0
 11
90.0
 21
-14.525
 31
0.0
  0
LINE
  5
1B37
330
1F
100
AcDbEntity
  8
2
  6
CONTINUOUS
370
25
 62
7
100
AcDbLine
 10
90.0
 20
-14.525
 30
0.0
 11
88.0
 21
-14.525
 31
0.0
  0
LINE
  5
1B38
330
1F
100
AcDbEntity
  8
2
  6
CONTINUOUS
370
25
 62
7
100
AcDbLine
 10
88.0
 20
-14.525
 30
0.0
 11
89.0
 21
-9.525000000000004
 31
0.0
  0
LINE
  5
1B39
330
1F
100
AcDbEntity
  8
2
  6
CONTINUOUS
370
25
 62
7
100
AcDbLine
 10
89.83633728270617
 20
-14.52500000000001
 30
0.0
 11
89.97272288045103
 21
-14.38861440225514
 31
0.0
  0
LINE
  5
1B3A
330
1F
100
AcDbEntity
  8
2
  6
CONTINUOUS
370
25
 62
7
100
AcDbLine
 10
89.41207321399425
 20
-14.52500000000001
 30
0.0
 11
89.90201220233239
 21
-14.03506101166187
 31
0.0
  0
LINE
  5
1B3B
330
1F
100
AcDbEntity
  8
2
  6
CONTINUOUS
370
25
 62
7
100
AcDbLine
 10
88.98780914528233
 20
-14.52500000000001
 30
0.0
 11
89.83130152421371
 21
-13.68150762106862
 31
0.0
  0
LINE
  5
1B3C
330
1F
100
AcDbEntity
  8
2
  6
CONTINUOUS
370
25
 62
7
100
AcDbLine
 10
88.5635450765704
 20
-14.52500000000001
 30
0.0
 11
89.76059084609507
 21
-13.32795423047534
 31
0.0
  0
LINE
  5
1B3D
330
1F
100
AcDbEntity
  8
2
  6
CONTINUOUS
370
25
 62
7
100
AcDbLine
 10
88.13928100785847
 20
-14.52500000000001
 30
0.0
 11
89.68988016797641
 21
-12.97440083988207
 31
0.0
  0
LINE
  5
1B3E
330
1F
100
AcDbEntity
  8
2
  6
CONTINUOUS
370
25
 62
7
100
AcDbLine
 10
88.07124576521336
 20
-14.16877117393319
 30
0.0
 11
89.61916948985777
 21
-12.62084744928879
 31
0.0
  0
LINE
  5
1B3F
330
1F
100
AcDbEntity
  8
2
  6
CONTINUOUS
370
25
 62
7
100
AcDbLine
 10
88.17731178239134
 20
-13.63844108804329
 30
0.0
 11
89.54845881173911
 21
-12.26729405869553
 31
0.0
  0
LINE
  5
1B40
330
1F
100
AcDbEntity
  8
2
  6
CONTINUOUS
370
25
 62
7
100
AcDbLine
 10
88.28337779956932
 20
-13.10811100215338
 30
0.0
 11
89.47774813362044
 21
-11.91374066810226
 31
0.0
  0
LINE
  5
1B41
330
1F
100
AcDbEntity
  8
2
  6
CONTINUOUS
370
25
 62
7
100
AcDbLine
 10
88.3894438167473
 20
-12.57778091626348
 30
0.0
 11
89.4070374555018
 21
-11.56018727750899
 31
0.0
  0
LINE
  5
1B42
330
1F
100
AcDbEntity
  8
2
  6
CONTINUOUS
370
25
 62
7
100
AcDbLine
 10
88.49550983392528
 20
-12.04745083037358
 30
0.0
 11
89.33632677738315
 21
-11.20663388691571
 31
0.0
  0
LINE
  5
1B43
330
1F
100
AcDbEntity
  8
2
  6
CONTINUOUS
370
25
 62
7
100
AcDbLine
 10
88.60157585110326
 20
-11.51712074448368
 30
0.0
 11
89.26561609926449
 21
-10.85308049632245
 31
0.0
  0
LINE
  5
1B44
330
1F
100
AcDbEntity
  8
2
  6
CONTINUOUS
370
25
 62
7
100
AcDbLine
 10
88.70764186828124
 20
-10.98679065859378
 30
0.0
 11
89.19490542114583
 21
-10.49952710572919
 31
0.0
  0
LINE
  5
1B45
330
1F
100
AcDbEntity
  8
2
  6
CONTINUOUS
370
25
 62
7
100
AcDbLine
 10
88.81370788545922
 20
-10.45646057270386
 30
0.0
 11
89.12419474302719
 21
-10.1459737151359
 31
0.0
  0
LINE
  5
1B46
330
1F
100
AcDbEntity
  8
2
  6
CONTINUOUS
370
25
 62
7
100
AcDbLine
 10
88.9197739026372
 20
-9.92613048681396
 30
0.0
 11
89.05348406490852
 21
-9.792420324542647
 31
0.0
  0
LINE
  5
1B47
330
1F
100
AcDbEntity
  8
2
  6
CONTINUOUS
370
25
 62
7
100
AcDbLine
 10
88.05782465931267
 20
-14.23587670343662
 30
0.0
 11
88.34694795587606
 21
-14.52500000000001
 31
0.0
  0
LINE
  5
1B48
330
1F
100
AcDbEntity
  8
2
  6
CONTINUOUS
370
25
 62
7
100
AcDbLine
 10
88.12853533743132
 20
-13.88232331284334
 30
0.0
 11
88.77121202458798
 21
-14.52500000000001
 31
0.0
  0
LINE
  5
1B49
330
1F
100
AcDbEntity
  8
2
  6
CONTINUOUS
370
25
 62
7
100
AcDbLine
 10
88.19924601554999
 20
-13.52876992225009
 30
0.0
 11
89.1954760932999
 21
-14.52500000000001
 31
0.0
  0
LINE
  5
1B4A
330
1F
100
AcDbEntity
  8
2
  6
CONTINUOUS
370
25
 62
7
100
AcDbLine
 10
88.26995669366865
 20
-13.17521653165682
 30
0.0
 11
89.61974016201184
 21
-14.52500000000001
 31
0.0
  0
LINE
  5
1B4B
330
1F
100
AcDbEntity
  8
2
  6
CONTINUOUS
370
25
 62
7
100
AcDbLine
 10
88.34066737178729
 20
-12.82166314106354
 30
0.0
 11
89.98899894231907
 21
-14.46999471159532
 31
0.0
  0
LINE
  5
1B4C
330
1F
100
AcDbEntity
  8
2
  6
CONTINUOUS
370
25
 62
7
100
AcDbLine
 10
88.41137804990593
 20
-12.46810975047026
 30
0.0
 11
89.88293292514109
 21
-13.93966462570542
 31
0.0
  0
LINE
  5
1B4D
330
1F
100
AcDbEntity
  8
2
  6
CONTINUOUS
370
25
 62
7
100
AcDbLine
 10
88.48208872802459
 20
-12.114556359877
 30
0.0
 11
89.77686690796311
 21
-13.4093345398155
 31
0.0
  0
LINE
  5
1B4E
330
1F
100
AcDbEntity
  8
2
  6
CONTINUOUS
370
25
 62
7
100
AcDbLine
 10
88.55279940614325
 20
-11.76100296928372
 30
0.0
 11
89.67080089078513
 21
-12.8790044539256
 31
0.0
  0
LINE
  5
1B4F
330
1F
100
AcDbEntity
  8
2
  6
CONTINUOUS
370
25
 62
7
100
AcDbLine
 10
88.6235100842619
 20
-11.40744957869045
 30
0.0
 11
89.56473487360715
 21
-12.3486743680357
 31
0.0
  0
LINE
  5
1B50
330
1F
100
AcDbEntity
  8
2
  6
CONTINUOUS
370
25
 62
7
100
AcDbLine
 10
88.69422076238055
 20
-11.05389618809718
 30
0.0
 11
89.45866885642917
 21
-11.8183442821458
 31
0.0
  0
LINE
  5
1B51
330
1F
100
AcDbEntity
  8
2
  6
CONTINUOUS
370
25
 62
7
100
AcDbLine
 10
88.76493144049921
 20
-10.70034279750391
 30
0.0
 11
89.35260283925118
 21
-11.28801419625587
 31
0.0
  0
LINE
  5
1B52
330
1F
100
AcDbEntity
  8
2
  6
CONTINUOUS
370
25
 62
7
100
AcDbLine
 10
88.83564211861786
 20
-10.34678940691063
 30
0.0
 11
89.2465368220732
 21
-10.75768411036597
 31
0.0
  0
LINE
  5
1B53
330
1F
100
AcDbEntity
  8
2
  6
CONTINUOUS
370
25
 62
7
100
AcDbLine
 10
88.90635279673653
 20
-9.993236016317383
 30
0.0
 11
89.14047080489522
 21
-10.22735402447607
 31
0.0
  0
LINE
  5
1B54
330
1F
100
AcDbEntity
  8
2
  6
CONTINUOUS
370
25
 62
7
100
AcDbLine
 10
88.97706347485519
 20
-9.639682625724106
 30
0.0
 11
89.03440478771724
 21
-9.697023938586156
 31
0.0
  0
LINE
  5
1B55
330
1F
100
AcDbEntity
  8
2
  6
CONTINUOUS
370
25
 62
7
100
AcDbLine
 10
89.0
 20
9.524999999999997
 30
0.0
 11
88.0
 21
14.525
 31
0.0
  0
LINE
  5
1B56
330
1F
100
AcDbEntity
  8
2
  6
CONTINUOUS
370
25
 62
7
100
AcDbLine
 10
88.0
 20
14.525
 30
0.0
 11
90.0
 21
14.525
 31
0.0
  0
LINE
  5
1B57
330
1F
100
AcDbEntity
  8
2
  6
CONTINUOUS
370
25
 62
7
100
AcDbLine
 10
90.0
 20
14.525
 30
0.0
 11
89.0
 21
9.524999999999997
 31
0.0
  0
LINE
  5
1B58
330
1F
100
AcDbEntity
  8
2
  6
CONTINUOUS
370
25
 62
7
100
AcDbLine
 10
88.9494328321917
 20
9.777835839041458
 30
0.0
 11
89.07585075171244
 21
9.904253758562191
 31
0.0
  0
LINE
  5
1B59
330
1F
100
AcDbEntity
  8
2
  6
CONTINUOUS
370
25
 62
7
100
AcDbLine
 10
88.87872215407305
 20
10.13138922963473
 30
0.0
 11
89.18191676889043
 21
10.43458384445212
 31
0.0
  0
LINE
  5
1B5A
330
1F
100
AcDbEntity
  8
2
  6
CONTINUOUS
370
25
 62
7
100
AcDbLine
 10
88.8080114759544
 20
10.48494262022801
 30
0.0
 11
89.28798278606841
 21
10.96491393034202
 31
0.0
  0
LINE
  5
1B5B
330
1F
100
AcDbEntity
  8
2
  6
CONTINUOUS
370
25
 62
7
100
AcDbLine
 10
88.73730079783574
 20
10.83849601082127
 30
0.0
 11
89.39404880324639
 21
11.49524401623192
 31
0.0
  0
LINE
  5
1B5C
330
1F
100
AcDbEntity
  8
2
  6
CONTINUOUS
370
25
 62
7
100
AcDbLine
 10
88.6665901197171
 20
11.19204940141455
 30
0.0
 11
89.50011482042437
 21
12.02557410212182
 31
0.0
  0
LINE
  5
1B5D
330
1F
100
AcDbEntity
  8
2
  6
CONTINUOUS
370
25
 62
7
100
AcDbLine
 10
88.59587944159843
 20
11.54560279200781
 30
0.0
 11
89.60618083760235
 21
12.55590418801174
 31
0.0
  0
LINE
  5
1B5E
330
1F
100
AcDbEntity
  8
2
  6
CONTINUOUS
370
25
 62
7
100
AcDbLine
 10
88.52516876347977
 20
11.89915618260108
 30
0.0
 11
89.71224685478033
 21
13.08623427390164
 31
0.0
  0
LINE
  5
1B5F
330
1F
100
AcDbEntity
  8
2
  6
CONTINUOUS
370
25
 62
7
100
AcDbLine
 10
88.45445808536113
 20
12.25270957319435
 30
0.0
 11
89.81831287195831
 21
13.61656435979154
 31
0.0
  0
LINE
  5
1B60
330
1F
100
AcDbEntity
  8
2
  6
CONTINUOUS
370
25
 62
7
100
AcDbLine
 10
88.38374740724248
 20
12.60626296378763
 30
0.0
 11
89.92437888913629
 21
14.14689444568144
 31
0.0
  0
LINE
  5
1B61
330
1F
100
AcDbEntity
  8
2
  6
CONTINUOUS
370
25
 62
7
100
AcDbLine
 10
88.31303672912382
 20
12.95981635438091
 30
0.0
 11
89.87822037474291
 21
14.52499999999999
 31
0.0
  0
LINE
  5
1B62
330
1F
100
AcDbEntity
  8
2
  6
CONTINUOUS
370
25
 62
7
100
AcDbLine
 10
88.24232605100515
 20
13.31336974497415
 30
0.0
 11
89.45395630603099
 21
14.52499999999999
 31
0.0
  0
LINE
  5
1B63
330
1F
100
AcDbEntity
  8
2
  6
CONTINUOUS
370
25
 62
7
100
AcDbLine
 10
88.1716153728865
 20
13.66692313556743
 30
0.0
 11
89.02969223731907
 21
14.52499999999999
 31
0.0
  0
LINE
  5
1B64
330
1F
100
AcDbEntity
  8
2
  6
CONTINUOUS
370
25
 62
7
100
AcDbLine
 10
88.10090469476785
 20
14.02047652616071
 30
0.0
 11
88.60542816860713
 21
14.52499999999999
 31
0.0
  0
LINE
  5
1B65
330
1F
100
AcDbEntity
  8
2
  6
CONTINUOUS
370
25
 62
7
100
AcDbLine
 10
88.0301940166492
 20
14.37402991675398
 30
0.0
 11
88.18116409989521
 21
14.52499999999999
 31
0.0
  0
LINE
  5
1B66
330
1F
100
AcDbEntity
  8
2
  6
CONTINUOUS
370
25
 62
7
100
AcDbLine
 10
88.91786799753005
 20
9.935660012349658
 30
0.0
 11
89.0547546683133
 21
9.798773341566417
 31
0.0
  0
LINE
  5
1B67
330
1F
100
AcDbEntity
  8
2
  6
CONTINUOUS
370
25
 62
7
100
AcDbLine
 10
88.81180198035207
 20
10.46599009823957
 30
0.0
 11
89.12546534643194
 21
10.15232673215971
 31
0.0
  0
LINE
  5
1B68
330
1F
100
AcDbEntity
  8
2
  6
CONTINUOUS
370
25
 62
7
100
AcDbLine
 10
88.70573596317409
 20
10.99632018412947
 30
0.0
 11
89.19617602455061
 21
10.50588012275296
 31
0.0
  0
LINE
  5
1B69
330
1F
100
AcDbEntity
  8
2
  6
CONTINUOUS
370
25
 62
7
100
AcDbLine
 10
88.59966994599611
 20
11.52665027001939
 30
0.0
 11
89.26688670266927
 21
10.85943351334623
 31
0.0
  0
LINE
  5
1B6A
330
1F
100
AcDbEntity
  8
2
  6
CONTINUOUS
370
25
 62
7
100
AcDbLine
 10
88.49360392881813
 20
12.05698035590927
 30
0.0
 11
89.33759738078791
 21
11.21298690393949
 31
0.0
  0
LINE
  5
1B6B
330
1F
100
AcDbEntity
  8
2
  6
CONTINUOUS
370
25
 62
7
100
AcDbLine
 10
88.38753791164017
 20
12.58731044179918
 30
0.0
 11
89.40830805890656
 21
11.56654029453279
 31
0.0
  0
LINE
  5
1B6C
330
1F
100
AcDbEntity
  8
2
  6
CONTINUOUS
370
25
 62
7
100
AcDbLine
 10
88.28147189446217
 20
13.11764052768909
 30
0.0
 11
89.47901873702521
 21
11.92009368512605
 31
0.0
  0
LINE
  5
1B6D
330
1F
100
AcDbEntity
  8
2
  6
CONTINUOUS
370
25
 62
7
100
AcDbLine
 10
88.1754058772842
 20
13.64797061357898
 30
0.0
 11
89.54972941514386
 21
12.27364707571932
 31
0.0
  0
LINE
  5
1B6E
330
1F
100
AcDbEntity
  8
2
  6
CONTINUOUS
370
25
 62
7
100
AcDbLine
 10
88.06933986010623
 20
14.17830069946888
 30
0.0
 11
89.62044009326253
 21
12.62720046631257
 31
0.0
  0
LINE
  5
1B6F
330
1F
100
AcDbEntity
  8
2
  6
CONTINUOUS
370
25
 62
7
100
AcDbLine
 10
88.14690462828703
 20
14.52499999999999
 30
0.0
 11
89.69115077138117
 21
12.98075385690585
 31
0.0
  0
LINE
  5
1B70
330
1F
100
AcDbEntity
  8
2
  6
CONTINUOUS
370
25
 62
7
100
AcDbLine
 10
88.57116869699895
 20
14.52499999999999
 30
0.0
 11
89.76186144949983
 21
13.33430724749911
 31
0.0
  0
LINE
  5
1B71
330
1F
100
AcDbEntity
  8
2
  6
CONTINUOUS
370
25
 62
7
100
AcDbLine
 10
88.99543276571089
 20
14.52499999999999
 30
0.0
 11
89.83257212761848
 21
13.6878606380924
 31
0.0
  0
LINE
  5
1B72
330
1F
100
AcDbEntity
  8
2
  6
CONTINUOUS
370
25
 62
7
100
AcDbLine
 10
89.41969683442281
 20
14.52499999999999
 30
0.0
 11
89.90328280573713
 21
14.04141402868567
 31
0.0
  0
LINE
  5
1B73
330
1F
100
AcDbEntity
  8
2
  6
CONTINUOUS
370
25
 62
7
100
AcDbLine
 10
89.84396090313473
 20
14.52499999999999
 30
0.0
 11
89.97399348385578
 21
14.39496741927894
 31
0.0
  0
TEXT
  5
1B74
330
1F
100
AcDbEntity
  8
2
  6
CONTINUOUS
370
25
 62
7
100
AcDbText
 10
87.50000000000001
 20
13.83333333333333
 30
0.0
 40
3.5
  1
3/4 - 10 UNC
 50
90.00000000000001
 72
     1
 11
87.5
 21
33.37499999999999
 31
0.0
100
AcDbText
  0
LINE
  5
1B75
330
1F
100
AcDbEntity
  8
2
  6
CONTINUOUS
370
25
 62
7
100
AcDbLine
 10
67.0
 20
-8.13
 30
0.0
 11
80.0
 21
-8.130000000000003
 31
0.0
  0
LINE
  5
1B76
330
1F
100
AcDbEntity
  8
2
  6
CONTINUOUS
370
25
 62
7
100
AcDbLine
 10
80.0
 20
8.129999999999999
 30
0.0
 11
67.0
 21
8.13
 31
0.0
  0
LINE
  5
1B77
330
1F
100
AcDbEntity
  8
2
  6
CONTINUOUS
370
25
 62
7
100
AcDbLine
 10
79.0
 20
-15.13
 30
0.0
 11
79.0
 21
33.505
 31
0.0
  0
LINE
  5
1B78
330
1F
100
AcDbEntity
  8
2
  6
CONTINUOUS
370
25
 62
7
100
AcDbLine
 10
79.0
 20
-8.130000000000003
 30
0.0
 11
80.0
 21
-13.13
 31
0.0
  0
LINE
  5
1B79
330
1F
100
AcDbEntity
  8
2
  6
CONTINUOUS
370
25
 62
7
100
AcDbLine
 10
80.0
 20
-13.13
 30
0.0
 11
78.0
 21
-13.13
 31
0.0
  0
LINE
  5
1B7A
330
1F
100
AcDbEntity
  8
2
  6
CONTINUOUS
370
25
 62
7
100
AcDbLine
 10
78.0
 20
-13.13
 30
0.0
 11
79.0
 21
-8.130000000000003
 31
0.0
  0
LINE
  5
1B7B
330
1F
100
AcDbEntity
  8
2
  6
CONTINUOUS
370
25
 62
7
100
AcDbLine
 10
79.8964671379283
 20
-13.13
 30
0.0
 11
79.98274452298806
 21
-13.04372261494024
 31
0.0
  0
LINE
  5
1B7C
330
1F
100
AcDbEntity
  8
2
  6
CONTINUOUS
370
25
 62
7
100
AcDbLine
 10
79.47220306921635
 20
-13.13000000000001
 30
0.0
 11
79.91203384486938
 21
-12.69016922434697
 31
0.0
  0
LINE
  5
1B7D
330
1F
100
AcDbEntity
  8
2
  6
CONTINUOUS
370
25
 62
7
100
AcDbLine
 10
79.04793900050443
 20
-13.13000000000001
 30
0.0
 11
79.84132316675074
 21
-12.3366158337537
 31
0.0
  0
LINE
  5
1B7E
330
1F
100
AcDbEntity
  8
2
  6
CONTINUOUS
370
25
 62
7
100
AcDbLine
 10
78.62367493179251
 20
-13.13000000000001
 30
0.0
 11
79.77061248863208
 21
-11.98306244316043
 31
0.0
  0
LINE
  5
1B7F
330
1F
100
AcDbEntity
  8
2
  6
CONTINUOUS
370
25
 62
7
100
AcDbLine
 10
78.19941086308059
 20
-13.13
 30
0.0
 11
79.69990181051342
 21
-11.62950905256716
 31
0.0
  0
LINE
  5
1B80
330
1F
100
AcDbEntity
  8
2
  6
CONTINUOUS
370
25
 62
7
100
AcDbLine
 10
78.05621330140784
 20
-12.84893349296082
 30
0.0
 11
79.62919113239478
 21
-11.27595566197388
 31
0.0
  0
LINE
  5
1B81
330
1F
100
AcDbEntity
  8
2
  6
CONTINUOUS
370
25
 62
7
100
AcDbLine
 10
78.16227931858582
 20
-12.31860340707092
 30
0.0
 11
79.55848045427612
 21
-10.92240227138062
 31
0.0
  0
LINE
  5
1B82
330
1F
100
AcDbEntity
  8
2
  6
CONTINUOUS
370
25
 62
7
100
AcDbLine
 10
78.2683453357638
 20
-11.78827332118102
 30
0.0
 11
79.48776977615746
 21
-10.56884888078736
 31
0.0
  0
LINE
  5
1B83
330
1F
100
AcDbEntity
  8
2
  6
CONTINUOUS
370
25
 62
7
100
AcDbLine
 10
78.37441135294178
 20
-11.25794323529112
 30
0.0
 11
79.41705909803882
 21
-10.21529549019408
 31
0.0
  0
LINE
  5
1B84
330
1F
100
AcDbEntity
  8
2
  6
CONTINUOUS
370
25
 62
7
100
AcDbLine
 10
78.48047737011976
 20
-10.72761314940121
 30
0.0
 11
79.34634841992016
 21
-9.861742099600804
 31
0.0
  0
LINE
  5
1B85
330
1F
100
AcDbEntity
  8
2
  6
CONTINUOUS
370
25
 62
7
100
AcDbLine
 10
78.58654338729774
 20
-10.19728306351131
 30
0.0
 11
79.2756377418015
 21
-9.508188709007541
 31
0.0
  0
LINE
  5
1B86
330
1F
100
AcDbEntity
  8
2
  6
CONTINUOUS
370
25
 62
7
100
AcDbLine
 10
78.69260940447572
 20
-9.666952977621406
 30
0.0
 11
79.20492706368286
 21
-9.154635318414265
 31
0.0
  0
LINE
  5
1B87
330
1F
100
AcDbEntity
  8
2
  6
CONTINUOUS
370
25
 62
7
100
AcDbLine
 10
78.79867542165371
 20
-9.136622891731477
 30
0.0
 11
79.13421638556419
 21
-8.801081927821002
 31
0.0
  0
LINE
  5
1B88
330
1F
100
AcDbEntity
  8
2
  6
CONTINUOUS
370
25
 62
7
100
AcDbLine
 10
78.90474143883168
 20
-8.60629280584159
 30
0.0
 11
79.06350570744554
 21
-8.447528537227726
 31
0.0
  0
LINE
  5
1B89
330
1F
100
AcDbEntity
  8
2
  6
CONTINUOUS
370
25
 62
7
100
AcDbLine
 10
78.00706708548759
 20
-13.09466457256208
 30
0.0
 11
78.0424025129255
 21
-13.13
 31
0.0
  0
LINE
  5
1B8A
330
1F
100
AcDbEntity
  8
2
  6
CONTINUOUS
370
25
 62
7
100
AcDbLine
 10
78.07777776360624
 20
-12.74111118196879
 30
0.0
 11
78.46666658163744
 21
-13.13
 31
0.0
  0
LINE
  5
1B8B
330
1F
100
AcDbEntity
  8
2
  6
CONTINUOUS
370
25
 62
7
100
AcDbLine
 10
78.1484884417249
 20
-12.38755779137553
 30
0.0
 11
78.89093065034936
 21
-13.13
 31
0.0
  0
LINE
  5
1B8C
330
1F
100
AcDbEntity
  8
2
  6
CONTINUOUS
370
25
 62
7
100
AcDbLine
 10
78.21919911984354
 20
-12.03400440078225
 30
0.0
 11
79.31519471906128
 21
-13.13
 31
0.0
  0
LINE
  5
1B8D
330
1F
100
AcDbEntity
  8
2
  6
CONTINUOUS
370
25
 62
7
100
AcDbLine
 10
78.2899097979622
 20
-11.68045101018897
 30
0.0
 11
79.73945878777322
 21
-13.13
 31
0.0
  0
LINE
  5
1B8E
330
1F
100
AcDbEntity
  8
2
  6
CONTINUOUS
370
25
 62
7
100
AcDbLine
 10
78.36062047608085
 20
-11.32689761959571
 30
0.0
 11
79.95906928587871
 21
-12.92534642939357
 31
0.0
  0
LINE
  5
1B8F
330
1F
100
AcDbEntity
  8
2
  6
CONTINUOUS
370
25
 62
7
100
AcDbLine
 10
78.43133115419951
 20
-10.97334422900245
 30
0.0
 11
79.85300326870073
 21
-12.39501634350367
 31
0.0
  0
LINE
  5
1B90
330
1F
100
AcDbEntity
  8
2
  6
CONTINUOUS
370
25
 62
7
100
AcDbLine
 10
78.50204183231817
 20
-10.61979083840917
 30
0.0
 11
79.74693725152275
 21
-11.86468625761376
 31
0.0
  0
LINE
  5
1B91
330
1F
100
AcDbEntity
  8
2
  6
CONTINUOUS
370
25
 62
7
100
AcDbLine
 10
78.57275251043681
 20
-10.2662374478159
 30
0.0
 11
79.64087123434477
 21
-11.33435617172385
 31
0.0
  0
LINE
  5
1B92
330
1F
100
AcDbEntity
  8
2
  6
CONTINUOUS
370
25
 62
7
100
AcDbLine
 10
78.64346318855547
 20
-9.912684057222634
 30
0.0
 11
79.5348052171668
 21
-10.80402608583397
 31
0.0
  0
LINE
  5
1B93
330
1F
100
AcDbEntity
  8
2
  6
CONTINUOUS
370
25
 62
7
100
AcDbLine
 10
78.71417386667413
 20
-9.559130666629372
 30
0.0
 11
79.42873919998881
 21
-10.27369599994405
 31
0.0
  0
LINE
  5
1B94
330
1F
100
AcDbEntity
  8
2
  6
CONTINUOUS
370
25
 62
7
100
AcDbLine
 10
78.78488454479279
 20
-9.205577276036095
 30
0.0
 11
79.32267318281083
 21
-9.743365914054138
 31
0.0
  0
LINE
  5
1B95
330
1F
100
AcDbEntity
  8
2
  6
CONTINUOUS
370
25
 62
7
100
AcDbLine
 10
78.85559522291143
 20
-8.852023885442819
 30
0.0
 11
79.21660716563285
 21
-9.213035828164237
 31
0.0
  0
LINE
  5
1B96
330
1F
100
AcDbEntity
  8
2
  6
CONTINUOUS
370
25
 62
7
100
AcDbLine
 10
78.92630590103009
 20
-8.498470494849556
 30
0.0
 11
79.11054114845487
 21
-8.682705742274337
 31
0.0
  0
LINE
  5
1B97
330
1F
100
AcDbEntity
  8
2
  6
CONTINUOUS
370
25
 62
7
100
AcDbLine
 10
78.99701657914873
 20
-8.144917104256265
 30
0.0
 11
79.00447513127689
 21
-8.152375656384422
 31
0.0
  0
LINE
  5
1B98
330
1F
100
AcDbEntity
  8
2
  6
CONTINUOUS
370
25
 62
7
100
AcDbLine
 10
79.0
 20
8.129999999999999
 30
0.0
 11
78.0
 21
13.13
 31
0.0
  0
LINE
  5
1B99
330
1F
100
AcDbEntity
  8
2
  6
CONTINUOUS
370
25
 62
7
100
AcDbLine
 10
78.0
 20
13.13
 30
0.0
 11
80.0
 21
13.13
 31
0.0
  0
LINE
  5
1B9A
330
1F
100
AcDbEntity
  8
2
  6
CONTINUOUS
370
25
 62
7
100
AcDbLine
 10
80.0
 20
13.13
 30
0.0
 11
79.0
 21
8.129999999999999
 31
0.0
  0
LINE
  5
1B9B
330
1F
100
AcDbEntity
  8
2
  6
CONTINUOUS
370
25
 62
7
100
AcDbLine
 10
78.92947972789814
 20
8.482601360509278
 30
0.0
 11
79.10578040815278
 21
8.65890204076392
 31
0.0
  0
LINE
  5
1B9C
330
1F
100
AcDbEntity
  8
2
  6
CONTINUOUS
370
25
 62
7
100
AcDbLine
 10
78.85876904977948
 20
8.83615475110254
 30
0.0
 11
79.21184642533078
 21
9.189232126653835
 31
0.0
  0
LINE
  5
1B9D
330
1F
100
AcDbEntity
  8
2
  6
CONTINUOUS
370
25
 62
7
100
AcDbLine
 10
78.78805837166082
 20
9.189708141695817
 30
0.0
 11
79.31791244250876
 21
9.71956221254375
 31
0.0
  0
LINE
  5
1B9E
330
1F
100
AcDbEntity
  8
2
  6
CONTINUOUS
370
25
 62
7
100
AcDbLine
 10
78.71734769354218
 20
9.543261532289094
 30
0.0
 11
79.42397845968674
 21
10.24989229843365
 31
0.0
  0
LINE
  5
1B9F
330
1F
100
AcDbEntity
  8
2
  6
CONTINUOUS
370
25
 62
7
100
AcDbLine
 10
78.64663701542352
 20
9.896814922882356
 30
0.0
 11
79.53004447686472
 21
10.78022238432355
 31
0.0
  0
LINE
  5
1BA0
330
1F
100
AcDbEntity
  8
2
  6
CONTINUOUS
370
25
 62
7
100
AcDbLine
 10
78.57592633730486
 20
10.25036831347562
 30
0.0
 11
79.6361104940427
 21
11.31055247021345
 31
0.0
  0
LINE
  5
1BA1
330
1F
100
AcDbEntity
  8
2
  6
CONTINUOUS
370
25
 62
7
100
AcDbLine
 10
78.50521565918622
 20
10.60392170406891
 30
0.0
 11
79.74217651122068
 21
11.84088255610337
 31
0.0
  0
LINE
  5
1BA2
330
1F
100
AcDbEntity
  8
2
  6
CONTINUOUS
370
25
 62
7
100
AcDbLine
 10
78.43450498106756
 20
10.95747509466217
 30
0.0
 11
79.84824252839866
 21
12.37121264199327
 31
0.0
  0
LINE
  5
1BA3
330
1F
100
AcDbEntity
  8
2
  6
CONTINUOUS
370
25
 62
7
100
AcDbLine
 10
78.3637943029489
 20
11.31102848525543
 30
0.0
 11
79.95430854557664
 21
12.90154272788317
 31
0.0
  0
LINE
  5
1BA4
330
1F
100
AcDbEntity
  8
2
  6
CONTINUOUS
370
25
 62
7
100
AcDbLine
 10
78.29308362483026
 20
11.66458187584871
 30
0.0
 11
79.75850174898154
 21
13.13
 31
0.0
  0
LINE
  5
1BA5
330
1F
100
AcDbEntity
  8
2
  6
CONTINUOUS
370
25
 62
7
100
AcDbLine
 10
78.2223729467116
 20
12.01813526644199
 30
0.0
 11
79.33423768026961
 21
13.13
 31
0.0
  0
LINE
  5
1BA6
330
1F
100
AcDbEntity
  8
2
  6
CONTINUOUS
370
25
 62
7
100
AcDbLine
 10
78.15166226859294
 20
12.37168865703525
 30
0.0
 11
78.90997361155769
 21
13.13
 31
0.0
  0
LINE
  5
1BA7
330
1F
100
AcDbEntity
  8
2
  6
CONTINUOUS
370
25
 62
7
100
AcDbLine
 10
78.0809515904743
 20
12.72524204762853
 30
0.0
 11
78.48570954284577
 21
13.13
 31
0.0
  0
LINE
  5
1BA8
330
1F
100
AcDbEntity
  8
2
  6
CONTINUOUS
370
25
 62
7
100
AcDbLine
 10
78.01024091235564
 20
13.07879543822179
 30
0.0
 11
78.06144547413385
 21
13.13
 31
0.0
  0
LINE
  5
1BA9
330
1F
100
AcDbEntity
  8
2
  6
CONTINUOUS
370
25
 62
7
100
AcDbLine
 10
78.93290046133562
 20
8.465497693321907
 30
0.0
 11
79.04473302577625
 21
8.353665128881275
 31
0.0
  0
LINE
  5
1BAA
330
1F
100
AcDbEntity
  8
2
  6
CONTINUOUS
370
25
 62
7
100
AcDbLine
 10
78.82683444415764
 20
8.995827779211808
 30
0.0
 11
79.11544370389491
 21
8.707218519474537
 31
0.0
  0
LINE
  5
1BAB
330
1F
100
AcDbEntity
  8
2
  6
CONTINUOUS
370
25
 62
7
100
AcDbLine
 10
78.72076842697965
 20
9.526157865101752
 30
0.0
 11
79.18615438201357
 21
9.060771910067828
 31
0.0
  0
LINE
  5
1BAC
330
1F
100
AcDbEntity
  8
2
  6
CONTINUOUS
370
25
 62
7
100
AcDbLine
 10
78.61470240980168
 20
10.05648795099164
 30
0.0
 11
79.25686506013221
 21
9.414325300661105
 31
0.0
  0
LINE
  5
1BAD
330
1F
100
AcDbEntity
  8
2
  6
CONTINUOUS
370
25
 62
7
100
AcDbLine
 10
78.50863639262369
 20
10.58681803688155
 30
0.0
 11
79.32757573825089
 21
9.767878691254353
 31
0.0
  0
LINE
  5
1BAE
330
1F
100
AcDbEntity
  8
2
  6
CONTINUOUS
370
25
 62
7
100
AcDbLine
 10
78.40257037544572
 20
11.11714812277145
 30
0.0
 11
79.39828641636953
 21
10.12143208184764
 31
0.0
  0
LINE
  5
1BAF
330
1F
100
AcDbEntity
  8
2
  6
CONTINUOUS
370
25
 62
7
100
AcDbLine
 10
78.29650435826774
 20
11.64747820866134
 30
0.0
 11
79.46899709448817
 21
10.47498547244092
 31
0.0
  0
LINE
  5
1BB0
330
1F
100
AcDbEntity
  8
2
  6
CONTINUOUS
370
25
 62
7
100
AcDbLine
 10
78.19043834108976
 20
12.17780829455124
 30
0.0
 11
79.53970777260683
 21
10.82853886303418
 31
0.0
  0
LINE
  5
1BB1
330
1F
100
AcDbEntity
  8
2
  6
CONTINUOUS
370
25
 62
7
100
AcDbLine
 10
78.08437232391178
 20
12.70813838044114
 30
0.0
 11
79.61041845072549
 21
11.18209225362745
 31
0.0
  0
LINE
  5
1BB2
330
1F
100
AcDbEntity
  8
2
  6
CONTINUOUS
370
25
 62
7
100
AcDbLine
 10
78.08677477306486
 20
13.13
 30
0.0
 11
79.68112912884413
 21
11.53564564422072
 31
0.0
  0
LINE
  5
1BB3
330
1F
100
AcDbEntity
  8
2
  6
CONTINUOUS
370
25
 62
7
100
AcDbLine
 10
78.5110388417768
 20
13.13
 30
0.0
 11
79.7518398069628
 21
11.88919903481398
 31
0.0
  0
LINE
  5
1BB4
330
1F
100
AcDbEntity
  8
2
  6
CONTINUOUS
370
25
 62
7
100
AcDbLine
 10
78.93530291048872
 20
13.13
 30
0.0
 11
79.82255048508145
 21
12.24275242540726
 31
0.0
  0
LINE
  5
1BB5
330
1F
100
AcDbEntity
  8
2
  6
CONTINUOUS
370
25
 62
7
100
AcDbLine
 10
79.35956697920064
 20
13.13
 30
0.0
 11
79.89326116320011
 21
12.59630581600052
 31
0.0
  0
LINE
  5
1BB6
330
1F
100
AcDbEntity
  8
2
  6
CONTINUOUS
370
25
 62
7
100
AcDbLine
 10
79.78383104791254
 20
13.13
 30
0.0
 11
79.96397184131877
 21
12.94985920659377
 31
0.0
  0
TEXT
  5
1BB7
330
1F
100
AcDbEntity
  8
2
  6
CONTINUOUS
370
25
 62
7
100
AcDbText
 10
77.5
 20
19.17583333333333
 30
0.0
 40
3.5
  1
16.26
 50
89.99999999999997
 72
     1
 11
77.5
 21
25.5925
 31
0.0
100
AcDbText
  0
CIRCLE
  5
1BB8
330
1F
100
AcDbEntity
  8
2
  6
CONTINUOUS
370
25
 62
7
100
AcDbCircle
 10
75.75
 20
15.9675
 30
0.0
 40
1.400000000000002
  0
LINE
  5
1BB9
330
1F
100
AcDbEntity
  8
2
  6
CONTINUOUS
370
25
 62
7
100
AcDbLine
 10
77.15
 20
14.5675
 30
0.0
 11
74.35
 21
17.3675
 31
0.0
  0
LINE
  5
1BBA
330
1F
100
AcDbEntity
  8
2
  6
CONTINUOUS
370
25
 62
7
100
AcDbLine
 10
37.0
 20
-1.395
 30
0.0
 11
37.0
 21
-22.525
 31
0.0
  0
LINE
  5
1BBB
330
1F
100
AcDbEntity
  8
2
  6
CONTINUOUS
370
25
 62
7
100
AcDbLine
 10
67.0
 20
-22.525
 30
0.0
 11
67.0
 21
-1.395
 31
0.0
  0
LINE
  5
1BBC
330
1F
100
AcDbEntity
  8
2
  6
CONTINUOUS
370
25
 62
7
100
AcDbLine
 10
37.0
 20
-21.525
 30
0.0
 11
67.0
 21
-21.525
 31
0.0
  0
LINE
  5
1BBD
330
1F
100
AcDbEntity
  8
2
  6
CONTINUOUS
370
25
 62
7
100
AcDbLine
 10
37.0
 20
-21.525
 30
0.0
 11
42.0
 21
-20.525
 31
0.0
  0
LINE
  5
1BBE
330
1F
100
AcDbEntity
  8
2
  6
CONTINUOUS
370
25
 62
7
100
AcDbLine
 10
42.0
 20
-20.525
 30
0.0
 11
42.0
 21
-22.525
 31
0.0
  0
LINE
  5
1BBF
330
1F
100
AcDbEntity
  8
2
  6
CONTINUOUS
370
25
 62
7
100
AcDbLine
 10
42.0
 20
-22.525
 30
0.0
 11
37.0
 21
-21.525
 31
0.0
  0
LINE
  5
1BC0
330
1F
100
AcDbEntity
  8
2
  6
CONTINUOUS
370
25
 62
7
100
AcDbLine
 10
41.7642997846898
 20
-22.47785995693796
 30
0.0
 11
42.0
 21
-22.24215974162776
 31
0.0
  0
LINE
  5
1BC1
330
1F
100
AcDbEntity
  8
2
  6
CONTINUOUS
370
25
 62
7
100
AcDbLine
 10
41.41074639409652
 20
-22.4071492788193
 30
0.0
 11
42.0
 21
-21.81789567291582
 31
0.0
  0
LINE
  5
1BC2
330
1F
100
AcDbEntity
  8
2
  6
CONTINUOUS
370
25
 62
7
100
AcDbLine
 10
41.05719300350324
 20
-22.33643860070065
 30
0.0
 11
42.0
 21
-21.39363160420389
 31
0.0
  0
LINE
  5
1BC3
330
1F
100
AcDbEntity
  8
2
  6
CONTINUOUS
370
25
 62
7
100
AcDbLine
 10
40.70363961290996
 20
-22.26572792258199
 30
0.0
 11
42.0
 21
-20.96936753549195
 31
0.0
  0
LINE
  5
1BC4
330
1F
100
AcDbEntity
  8
2
  6
CONTINUOUS
370
25
 62
7
100
AcDbLine
 10
40.35008622231668
 20
-22.19501724446334
 30
0.0
 11
42.0
 21
-20.54510346678003
 31
0.0
  0
LINE
  5
1BC5
330
1F
100
AcDbEntity
  8
2
  6
CONTINUOUS
370
25
 62
7
100
AcDbLine
 10
39.99653283172341
 20
-22.12430656634469
 30
0.0
 11
41.49479924758512
 21
-20.62604015048298
 31
0.0
  0
LINE
  5
1BC6
330
1F
100
AcDbEntity
  8
2
  6
CONTINUOUS
370
25
 62
7
100
AcDbLine
 10
39.64297944113014
 20
-22.05359588822603
 30
0.0
 11
40.96446916169521
 21
-20.73210616766096
 31
0.0
  0
LINE
  5
1BC7
330
1F
100
AcDbEntity
  8
2
  6
CONTINUOUS
370
25
 62
7
100
AcDbLine
 10
39.28942605053685
 20
-21.98288521010738
 30
0.0
 11
40.43413907580528
 21
-20.83817218483895
 31
0.0
  0
LINE
  5
1BC8
330
1F
100
AcDbEntity
  8
2
  6
CONTINUOUS
370
25
 62
7
100
AcDbLine
 10
38.93587265994358
 20
-21.91217453198872
 30
0.0
 11
39.90380898991538
 21
-20.94423820201693
 31
0.0
  0
LINE
  5
1BC9
330
1F
100
AcDbEntity
  8
2
  6
CONTINUOUS
370
25
 62
7
100
AcDbLine
 10
38.58231926935031
 20
-21.84146385387007
 30
0.0
 11
39.37347890402547
 21
-21.05030421919491
 31
0.0
  0
LINE
  5
1BCA
330
1F
100
AcDbEntity
  8
2
  6
CONTINUOUS
370
25
 62
7
100
AcDbLine
 10
38.22876587875703
 20
-21.77075317575141
 30
0.0
 11
38.84314881813555
 21
-21.15637023637289
 31
0.0
  0
LINE
  5
1BCB
330
1F
100
AcDbEntity
  8
2
  6
CONTINUOUS
370
25
 62
7
100
AcDbLine
 10
37.87521248816375
 20
-21.70004249763275
 30
0.0
 11
38.31281873224562
 21
-21.26243625355088
 31
0.0
  0
LINE
  5
1BCC
330
1F
100
AcDbEntity
  8
2
  6
CONTINUOUS
370
25
 62
7
100
AcDbLine
 10
37.52165909757048
 20
-21.6293318195141
 30
0.0
 11
37.78248864635572
 21
-21.36850227072886
 31
0.0
  0
LINE
  5
1BCD
330
1F
100
AcDbEntity
  8
2
  6
CONTINUOUS
370
25
 62
7
100
AcDbLine
 10
37.1681057069772
 20
-21.55862114139545
 30
0.0
 11
37.25215856046581
 21
-21.47456828790684
 31
0.0
  0
LINE
  5
1BCE
330
1F
100
AcDbEntity
  8
2
  6
CONTINUOUS
370
25
 62
7
100
AcDbLine
 10
37.18564211861781
 20
-21.48787157627644
 30
0.0
 11
37.27846317792671
 21
-21.58069263558534
 31
0.0
  0
LINE
  5
1BCF
330
1F
100
AcDbEntity
  8
2
  6
CONTINUOUS
370
25
 62
7
100
AcDbLine
 10
37.53919550921108
 20
-21.41716089815779
 30
0.0
 11
37.80879326381663
 21
-21.68675865276333
 31
0.0
  0
LINE
  5
1BD0
330
1F
100
AcDbEntity
  8
2
  6
CONTINUOUS
370
25
 62
7
100
AcDbLine
 10
37.89274889980436
 20
-21.34645022003913
 30
0.0
 11
38.33912334970654
 21
-21.79282466994131
 31
0.0
  0
LINE
  5
1BD1
330
1F
100
AcDbEntity
  8
2
  6
CONTINUOUS
370
25
 62
7
100
AcDbLine
 10
38.24630229039764
 20
-21.27573954192048
 30
0.0
 11
38.86945343559646
 21
-21.8988906871193
 31
0.0
  0
LINE
  5
1BD2
330
1F
100
AcDbEntity
  8
2
  6
CONTINUOUS
370
25
 62
7
100
AcDbLine
 10
38.59985568099091
 20
-21.20502886380182
 30
0.0
 11
39.39978352148637
 21
-22.00495670429728
 31
0.0
  0
LINE
  5
1BD3
330
1F
100
AcDbEntity
  8
2
  6
CONTINUOUS
370
25
 62
7
100
AcDbLine
 10
38.95340907158419
 20
-21.13431818568317
 30
0.0
 11
39.93011360737629
 21
-22.11102272147527
 31
0.0
  0
LINE
  5
1BD4
330
1F
100
AcDbEntity
  8
2
  6
CONTINUOUS
370
25
 62
7
100
AcDbLine
 10
39.30696246217747
 20
-21.06360750756451
 30
0.0
 11
40.4604436932662
 21
-22.21708873865325
 31
0.0
  0
LINE
  5
1BD5
330
1F
100
AcDbEntity
  8
2
  6
CONTINUOUS
370
25
 62
7
100
AcDbLine
 10
39.66051585277074
 20
-20.99289682944585
 30
0.0
 11
40.99077377915612
 21
-22.32315475583124
 31
0.0
  0
LINE
  5
1BD6
330
1F
100
AcDbEntity
  8
2
  6
CONTINUOUS
370
25
 62
7
100
AcDbLine
 10
40.01406924336402
 20
-20.9221861513272
 30
0.0
 11
41.52110386504603
 21
-22.42922077300921
 31
0.0
  0
LINE
  5
1BD7
330
1F
100
AcDbEntity
  8
2
  6
CONTINUOUS
370
25
 62
7
100
AcDbLine
 10
40.3676226339573
 20
-20.85147547320855
 30
0.0
 11
42.0
 21
-22.48385283925125
 31
0.0
  0
LINE
  5
1BD8
330
1F
100
AcDbEntity
  8
2
  6
CONTINUOUS
370
25
 62
7
100
AcDbLine
 10
40.72117602455057
 20
-20.78076479508989
 30
0.0
 11
42.0
 21
-22.05958877053931
 31
0.0
  0
LINE
  5
1BD9
330
1F
100
AcDbEntity
  8
2
  6
CONTINUOUS
370
25
 62
7
100
AcDbLine
 10
41.07472941514384
 20
-20.71005411697123
 30
0.0
 11
42.0
 21
-21.63532470182738
 31
0.0
  0
LINE
  5
1BDA
330
1F
100
AcDbEntity
  8
2
  6
CONTINUOUS
370
25
 62
7
100
AcDbLine
 10
41.42828280573712
 20
-20.63934343885257
 30
0.0
 11
42.0
 21
-21.21106063311545
 31
0.0
  0
LINE
  5
1BDB
330
1F
100
AcDbEntity
  8
2
  6
CONTINUOUS
370
25
 62
7
100
AcDbLine
 10
41.7818361963304
 20
-20.56863276073392
 30
0.0
 11
42.0
 21
-20.78679656440352
 31
0.0
  0
LINE
  5
1BDC
330
1F
100
AcDbEntity
  8
2
  6
CONTINUOUS
370
25
 62
7
100
AcDbLine
 10
67.0
 20
-21.525
 30
0.0
 11
62.0
 21
-22.525
 31
0.0
  0
LINE
  5
1BDD
330
1F
100
AcDbEntity
  8
2
  6
CONTINUOUS
370
25
 62
7
100
AcDbLine
 10
62.0
 20
-22.525
 30
0.0
 11
62.0
 21
-20.525
 31
0.0
  0
LINE
  5
1BDE
330
1F
100
AcDbEntity
  8
2
  6
CONTINUOUS
370
25
 62
7
100
AcDbLine
 10
62.0
 20
-20.525
 30
0.0
 11
67.0
 21
-21.525
 31
0.0
  0
LINE
  5
1BDF
330
1F
100
AcDbEntity
  8
2
  6
CONTINUOUS
370
25
 62
7
100
AcDbLine
 10
66.79631443774987
 20
-21.56573711245004
 30
0.0
 11
66.8642096251666
 21
-21.49784192503331
 31
0.0
  0
LINE
  5
1BE0
330
1F
100
AcDbEntity
  8
2
  6
CONTINUOUS
370
25
 62
7
100
AcDbLine
 10
66.26598435185997
 20
-21.671803129628
 30
0.0
 11
66.51065623457332
 21
-21.42713124691466
 31
0.0
  0
LINE
  5
1BE1
330
1F
100
AcDbEntity
  8
2
  6
CONTINUOUS
370
25
 62
7
100
AcDbLine
 10
65.73565426597006
 20
-21.77786914680598
 30
0.0
 11
66.15710284398003
 21
-21.35642056879601
 31
0.0
  0
LINE
  5
1BE2
330
1F
100
AcDbEntity
  8
2
  6
CONTINUOUS
370
25
 62
7
100
AcDbLine
 10
65.20532418008013
 20
-21.88393516398399
 30
0.0
 11
65.80354945338676
 21
-21.28570989067735
 31
0.0
  0
LINE
  5
1BE3
330
1F
100
AcDbEntity
  8
2
  6
CONTINUOUS
370
25
 62
7
100
AcDbLine
 10
64.67499409419023
 20
-21.99000118116196
 30
0.0
 11
65.44999606279349
 21
-21.21499921255869
 31
0.0
  0
LINE
  5
1BE4
330
1F
100
AcDbEntity
  8
2
  6
CONTINUOUS
370
25
 62
7
100
AcDbLine
 10
64.14466400830032
 20
-22.09606719833994
 30
0.0
 11
65.09644267220023
 21
-21.14428853444005
 31
0.0
  0
LINE
  5
1BE5
330
1F
100
AcDbEntity
  8
2
  6
CONTINUOUS
370
25
 62
7
100
AcDbLine
 10
63.6143339224104
 20
-22.20213321551792
 30
0.0
 11
64.74288928160694
 21
-21.07357785632139
 31
0.0
  0
LINE
  5
1BE6
330
1F
100
AcDbEntity
  8
2
  6
CONTINUOUS
370
25
 62
7
100
AcDbLine
 10
63.08400383652049
 20
-22.30819923269591
 30
0.0
 11
64.38933589101367
 21
-21.00286717820273
 31
0.0
  0
LINE
  5
1BE7
330
1F
100
AcDbEntity
  8
2
  6
CONTINUOUS
370
25
 62
7
100
AcDbLine
 10
62.55367375063058
 20
-22.41426524987389
 30
0.0
 11
64.0357825004204
 21
-20.93215650008409
 31
0.0
  0
LINE
  5
1BE8
330
1F
100
AcDbEntity
  8
2
  6
CONTINUOUS
370
25
 62
7
100
AcDbLine
 10
62.02334366474065
 20
-22.52033126705188
 30
0.0
 11
63.68222910982713
 21
-20.86144582196542
 31
0.0
  0
LINE
  5
1BE9
330
1F
100
AcDbEntity
  8
2
  6
CONTINUOUS
370
25
 62
7
100
AcDbLine
 10
62.0
 20
-22.11941086308062
 30
0.0
 11
63.32867571923386
 21
-20.79073514384677
 31
0.0
  0
LINE
  5
1BEA
330
1F
100
AcDbEntity
  8
2
  6
CONTINUOUS
370
25
 62
7
100
AcDbLine
 10
62.0
 20
-21.69514679436868
 30
0.0
 11
62.97512232864058
 21
-20.72002446572812
 31
0.0
  0
LINE
  5
1BEB
330
1F
100
AcDbEntity
  8
2
  6
CONTINUOUS
370
25
 62
7
100
AcDbLine
 10
62.0
 20
-21.27088272565675
 30
0.0
 11
62.6215689380473
 21
-20.64931378760947
 31
0.0
  0
LINE
  5
1BEC
330
1F
100
AcDbEntity
  8
2
  6
CONTINUOUS
370
25
 62
7
100
AcDbLine
 10
62.0
 20
-20.84661865694483
 30
0.0
 11
62.26801554745403
 21
-20.5786031094908
 31
0.0
  0
LINE
  5
1BED
330
1F
100
AcDbEntity
  8
2
  6
CONTINUOUS
370
25
 62
7
100
AcDbLine
 10
62.0
 20
-22.11917754107872
 30
0.0
 11
62.33818538243441
 21
-22.45736292351313
 31
0.0
  0
LINE
  5
1BEE
330
1F
100
AcDbEntity
  8
2
  6
CONTINUOUS
370
25
 62
7
100
AcDbLine
 10
62.0
 20
-21.69491347236679
 30
0.0
 11
62.69173877302767
 21
-22.38665224539446
 31
0.0
  0
LINE
  5
1BEF
330
1F
100
AcDbEntity
  8
2
  6
CONTINUOUS
370
25
 62
7
100
AcDbLine
 10
62.0
 20
-21.27064940365486
 30
0.0
 11
63.04529216362096
 21
-22.31594156727582
 31
0.0
  0
LINE
  5
1BF0
330
1F
100
AcDbEntity
  8
2
  6
CONTINUOUS
370
25
 62
7
100
AcDbLine
 10
62.0
 20
-20.84638533494293
 30
0.0
 11
63.39884555421422
 21
-22.24523088915716
 31
0.0
  0
LINE
  5
1BF1
330
1F
100
AcDbEntity
  8
2
  6
CONTINUOUS
370
25
 62
7
100
AcDbLine
 10
62.12859841721124
 20
-20.55071968344225
 30
0.0
 11
63.7523989448075
 21
-22.17452021103851
 31
0.0
  0
LINE
  5
1BF2
330
1F
100
AcDbEntity
  8
2
  6
CONTINUOUS
370
25
 62
7
100
AcDbLine
 10
62.65892850310115
 20
-20.65678570062023
 30
0.0
 11
64.10595233540076
 21
-22.10380953291984
 31
0.0
  0
LINE
  5
1BF3
330
1F
100
AcDbEntity
  8
2
  6
CONTINUOUS
370
25
 62
7
100
AcDbLine
 10
63.18925858899107
 20
-20.76285171779821
 30
0.0
 11
64.45950572599403
 21
-22.03309885480118
 31
0.0
  0
LINE
  5
1BF4
330
1F
100
AcDbEntity
  8
2
  6
CONTINUOUS
370
25
 62
7
100
AcDbLine
 10
63.71958867488097
 20
-20.86891773497619
 30
0.0
 11
64.81305911658731
 21
-21.96238817668254
 31
0.0
  0
LINE
  5
1BF5
330
1F
100
AcDbEntity
  8
2
  6
CONTINUOUS
370
25
 62
7
100
AcDbLine
 10
64.24991876077088
 20
-20.97498375215417
 30
0.0
 11
65.16661250718059
 21
-21.89167749856389
 31
0.0
  0
LINE
  5
1BF6
330
1F
100
AcDbEntity
  8
2
  6
CONTINUOUS
370
25
 62
7
100
AcDbLine
 10
64.78024884666078
 20
-21.08104976933216
 30
0.0
 11
65.52016589777386
 21
-21.82096682044524
 31
0.0
  0
LINE
  5
1BF7
330
1F
100
AcDbEntity
  8
2
  6
CONTINUOUS
370
25
 62
7
100
AcDbLine
 10
65.31057893255068
 20
-21.18711578651013
 30
0.0
 11
65.87371928836713
 21
-21.75025614232658
 31
0.0
  0
LINE
  5
1BF8
330
1F
100
AcDbEntity
  8
2
  6
CONTINUOUS
370
25
 62
7
100
AcDbLine
 10
65.8409090184406
 20
-21.29318180368811
 30
0.0
 11
66.2272726789604
 21
-21.67954546420793
 31
0.0
  0
LINE
  5
1BF9
330
1F
100
AcDbEntity
  8
2
  6
CONTINUOUS
370
25
 62
7
100
AcDbLine
 10
66.3712391043305
 20
-21.39924782086609
 30
0.0
 11
66.58082606955368
 21
-21.60883478608928
 31
0.0
  0
LINE
  5
1BFA
330
1F
100
AcDbEntity
  8
2
  6
CONTINUOUS
370
25
 62
7
100
AcDbLine
 10
66.9015691902204
 20
-21.50531383804407
 30
0.0
 11
66.93437946014694
 21
-21.53812410797062
 31
0.0
  0
TEXT
  5
1BFB
330
1F
100
AcDbEntity
  8
2
  6
CONTINUOUS
370
25
 62
7
100
AcDbText
 10
49.375
 20
-20.025
 30
0.0
 40
3.5
  1
30
 72
     1
 11
52.0
 21
-20.025
 31
0.0
100
AcDbText
  0
LINE
  5
1BFC
330
1F
100
AcDbEntity
  8
SK2
  6
CONTINUOUS
370
25
 62
7
100
AcDbLine
 10
-58.0
 20
7.0
 30
0.0
 11
-58.0
 21
42.525
 31
0.0
  0
LINE
  5
1BFD
330
1F
100
AcDbEntity
  8
SK2
  6
CONTINUOUS
370
25
 62
7
100
AcDbLine
 10
67.0
 20
42.525
 30
0.0
 11
67.0
 21
9.524999999999999
 31
0.0
  0
LINE
  5
1BFE
330
1F
100
AcDbEntity
  8
SK2
  6
CONTINUOUS
370
25
 62
7
100
AcDbLine
 10
-58.0
 20
41.525
 30
0.0
 11
67.0
 21
41.525
 31
0.0
  0
LINE
  5
1BFF
330
1F
100
AcDbEntity
  8
SK2
  6
CONTINUOUS
370
25
 62
7
100
AcDbLine
 10
-58.0
 20
41.525
 30
0.0
 11
-53.0
 21
42.525
 31
0.0
  0
LINE
  5
1C00
330
1F
100
AcDbEntity
  8
SK2
  6
CONTINUOUS
370
25
 62
7
100
AcDbLine
 10
-53.0
 20
42.525
 30
0.0
 11
-53.0
 21
40.525
 31
0.0
  0
LINE
  5
1C01
330
1F
100
AcDbEntity
  8
SK2
  6
CONTINUOUS
370
25
 62
7
100
AcDbLine
 10
-53.0
 20
40.525
 30
0.0
 11
-58.0
 21
41.525
 31
0.0
  0
LINE
  5
1C02
330
1F
100
AcDbEntity
  8
SK2
  6
CONTINUOUS
370
25
 62
7
100
AcDbLine
 10
-53.19779932111352
 20
40.5645598642227
 30
0.0
 11
-53.0
 21
40.76235918533622
 31
0.0
  0
LINE
  5
1C03
330
1F
100
AcDbEntity
  8
SK2
  6
CONTINUOUS
370
25
 62
7
100
AcDbLine
 10
-53.55135271170681
 20
40.63527054234135
 30
0.0
 11
-53.0
 21
41.18662325404816
 31
0.0
  0
LINE
  5
1C04
330
1F
100
AcDbEntity
  8
SK2
  6
CONTINUOUS
370
25
 62
7
100
AcDbLine
 10
-53.90490610230008
 20
40.70598122046001
 30
0.0
 11
-53.0
 21
41.61088732276009
 31
0.0
  0
LINE
  5
1C05
330
1F
100
AcDbEntity
  8
SK2
  6
CONTINUOUS
370
25
 62
7
100
AcDbLine
 10
-54.25845949289336
 20
40.77669189857867
 30
0.0
 11
-53.0
 21
42.03515139147203
 31
0.0
  0
LINE
  5
1C06
330
1F
100
AcDbEntity
  8
SK2
  6
CONTINUOUS
370
25
 62
7
100
AcDbLine
 10
-54.61201288348664
 20
40.84740257669732
 30
0.0
 11
-53.0
 21
42.45941546018396
 31
0.0
  0
LINE
  5
1C07
330
1F
100
AcDbEntity
  8
SK2
  6
CONTINUOUS
370
25
 62
7
100
AcDbLine
 10
-54.96556627407992
 20
40.91811325481598
 30
0.0
 11
-53.44834941111987
 21
42.43533011777603
 31
0.0
  0
LINE
  5
1C08
330
1F
100
AcDbEntity
  8
SK2
  6
CONTINUOUS
370
25
 62
7
100
AcDbLine
 10
-55.3191196646732
 20
40.98882393293464
 30
0.0
 11
-53.97867949700979
 21
42.32926410059805
 31
0.0
  0
LINE
  5
1C09
330
1F
100
AcDbEntity
  8
SK2
  6
CONTINUOUS
370
25
 62
7
100
AcDbLine
 10
-55.67267305526648
 20
41.05953461105329
 30
0.0
 11
-54.50900958289971
 21
42.22319808342006
 31
0.0
  0
LINE
  5
1C0A
330
1F
100
AcDbEntity
  8
SK2
  6
CONTINUOUS
370
25
 62
7
100
AcDbLine
 10
-56.02622644585976
 20
41.13024528917195
 30
0.0
 11
-55.03933966878962
 21
42.11713206624208
 31
0.0
  0
LINE
  5
1C0B
330
1F
100
AcDbEntity
  8
SK2
  6
CONTINUOUS
370
25
 62
7
100
AcDbLine
 10
-56.37977983645303
 20
41.2009559672906
 30
0.0
 11
-55.56966975467954
 21
42.01106604906409
 31
0.0
  0
LINE
  5
1C0C
330
1F
100
AcDbEntity
  8
SK2
  6
CONTINUOUS
370
25
 62
7
100
AcDbLine
 10
-56.73333322704632
 20
41.27166664540925
 30
0.0
 11
-56.09999984056946
 21
41.90500003188611
 31
0.0
  0
LINE
  5
1C0D
330
1F
100
AcDbEntity
  8
SK2
  6
CONTINUOUS
370
25
 62
7
100
AcDbLine
 10
-57.08688661763959
 20
41.34237732352791
 30
0.0
 11
-56.63032992645938
 21
41.79893401470812
 31
0.0
  0
LINE
  5
1C0E
330
1F
100
AcDbEntity
  8
SK2
  6
CONTINUOUS
370
25
 62
7
100
AcDbLine
 10
-57.44044000823287
 20
41.41308800164657
 30
0.0
 11
-57.1606600123493
 21
41.69286799753014
 31
0.0
  0
LINE
  5
1C0F
330
1F
100
AcDbEntity
  8
SK2
  6
CONTINUOUS
370
25
 62
7
100
AcDbLine
 10
-57.79399339882615
 20
41.48379867976522
 30
0.0
 11
-57.69099009823922
 21
41.58680198035216
 31
0.0
  0
LINE
  5
1C10
330
1F
100
AcDbEntity
  8
SK2
  6
CONTINUOUS
370
25
 62
7
100
AcDbLine
 10
-57.92661935935661
 20
41.53967612812868
 30
0.0
 11
-57.8899290390349
 21
41.50298580780697
 31
0.0
  0
LINE
  5
1C11
330
1F
100
AcDbEntity
  8
SK2
  6
CONTINUOUS
370
25
 62
7
100
AcDbLine
 10
-57.57306596876334
 20
41.61038680624734
 30
0.0
 11
-57.35959895314498
 21
41.39691979062898
 31
0.0
  0
LINE
  5
1C12
330
1F
100
AcDbEntity
  8
SK2
  6
CONTINUOUS
370
25
 62
7
100
AcDbLine
 10
-57.21951257817005
 20
41.68109748436598
 30
0.0
 11
-56.82926886725507
 21
41.29085377345101
 31
0.0
  0
LINE
  5
1C13
330
1F
100
AcDbEntity
  8
SK2
  6
CONTINUOUS
370
25
 62
7
100
AcDbLine
 10
-56.86595918757678
 20
41.75180816248466
 30
0.0
 11
-56.29893878136514
 21
41.18478775627302
 31
0.0
  0
LINE
  5
1C14
330
1F
100
AcDbEntity
  8
SK2
  6
CONTINUOUS
370
25
 62
7
100
AcDbLine
 10
-56.51240579698349
 20
41.8225188406033
 30
0.0
 11
-55.76860869547523
 21
41.07872173909504
 31
0.0
  0
LINE
  5
1C15
330
1F
100
AcDbEntity
  8
SK2
  6
CONTINUOUS
370
25
 62
7
100
AcDbLine
 10
-56.15885240639022
 20
41.89322951872197
 30
0.0
 11
-55.23827860958531
 21
40.97265572191706
 31
0.0
  0
LINE
  5
1C16
330
1F
100
AcDbEntity
  8
SK2
  6
CONTINUOUS
370
25
 62
7
100
AcDbLine
 10
-55.80529901579693
 20
41.96394019684061
 30
0.0
 11
-54.70794852369539
 21
40.86658970473907
 31
0.0
  0
LINE
  5
1C17
330
1F
100
AcDbEntity
  8
SK2
  6
CONTINUOUS
370
25
 62
7
100
AcDbLine
 10
-55.45174562520366
 20
42.03465087495928
 30
0.0
 11
-54.17761843780547
 21
40.76052368756109
 31
0.0
  0
LINE
  5
1C18
330
1F
100
AcDbEntity
  8
SK2
  6
CONTINUOUS
370
25
 62
7
100
AcDbLine
 10
-55.09819223461037
 20
42.10536155307792
 30
0.0
 11
-53.64728835191555
 21
40.6544576703831
 31
0.0
  0
LINE
  5
1C19
330
1F
100
AcDbEntity
  8
SK2
  6
CONTINUOUS
370
25
 62
7
100
AcDbLine
 10
-54.7446388440171
 20
42.17607223119659
 30
0.0
 11
-53.11695826602563
 21
40.54839165320512
 31
0.0
  0
LINE
  5
1C1A
330
1F
100
AcDbEntity
  8
SK2
  6
CONTINUOUS
370
25
 62
7
100
AcDbLine
 10
-54.39108545342381
 20
42.24678290931524
 30
0.0
 11
-53.0
 21
40.85569745589142
 31
0.0
  0
LINE
  5
1C1B
330
1F
100
AcDbEntity
  8
SK2
  6
CONTINUOUS
370
25
 62
7
100
AcDbLine
 10
-54.03753206283054
 20
42.3174935874339
 30
0.0
 11
-53.0
 21
41.27996152460336
 31
0.0
  0
LINE
  5
1C1C
330
1F
100
AcDbEntity
  8
SK2
  6
CONTINUOUS
370
25
 62
7
100
AcDbLine
 10
-53.68397867223725
 20
42.38820426555255
 30
0.0
 11
-53.0
 21
41.70422559331529
 31
0.0
  0
LINE
  5
1C1D
330
1F
100
AcDbEntity
  8
SK2
  6
CONTINUOUS
370
25
 62
7
100
AcDbLine
 10
-53.33042528164398
 20
42.4589149436712
 30
0.0
 11
-53.0
 21
42.12848966202723
 31
0.0
  0
LINE
  5
1C1E
330
1F
100
AcDbEntity
  8
SK2
  6
CONTINUOUS
370
25
 62
7
100
AcDbLine
 10
67.0
 20
41.525
 30
0.0
 11
62.0
 21
40.525
 31
0.0
  0
LINE
  5
1C1F
330
1F
100
AcDbEntity
  8
SK2
  6
CONTINUOUS
370
25
 62
7
100
AcDbLine
 10
62.0
 20
40.525
 30
0.0
 11
62.0
 21
42.525
 31
0.0
  0
LINE
  5
1C20
330
1F
100
AcDbEntity
  8
SK2
  6
CONTINUOUS
370
25
 62
7
100
AcDbLine
 10
62.0
 20
42.525
 30
0.0
 11
67.0
 21
41.525
 31
0.0
  0
LINE
  5
1C21
330
1F
100
AcDbEntity
  8
SK2
  6
CONTINUOUS
370
25
 62
7
100
AcDbLine
 10
66.47266714945623
 20
41.41953342989125
 30
0.0
 11
66.64844476630415
 21
41.59531104673916
 31
0.0
  0
LINE
  5
1C22
330
1F
100
AcDbEntity
  8
SK2
  6
CONTINUOUS
370
25
 62
7
100
AcDbLine
 10
65.94233706356633
 20
41.31346741271328
 30
0.0
 11
66.29489137571088
 21
41.66602172485783
 31
0.0
  0
LINE
  5
1C23
330
1F
100
AcDbEntity
  8
SK2
  6
CONTINUOUS
370
25
 62
7
100
AcDbLine
 10
65.41200697767638
 20
41.20740139553526
 30
0.0
 11
65.9413379851176
 21
41.73673240297648
 31
0.0
  0
LINE
  5
1C24
330
1F
100
AcDbEntity
  8
SK2
  6
CONTINUOUS
370
25
 62
7
100
AcDbLine
 10
64.88167689178648
 20
41.1013353783573
 30
0.0
 11
65.58778459452432
 21
41.80744308109514
 31
0.0
  0
LINE
  5
1C25
330
1F
100
AcDbEntity
  8
SK2
  6
CONTINUOUS
370
25
 62
7
100
AcDbLine
 10
64.35134680589657
 20
40.99526936117932
 30
0.0
 11
65.23423120393106
 21
41.8781537592138
 31
0.0
  0
LINE
  5
1C26
330
1F
100
AcDbEntity
  8
SK2
  6
CONTINUOUS
370
25
 62
7
100
AcDbLine
 10
63.82101672000665
 20
40.88920334400133
 30
0.0
 11
64.88067781333777
 21
41.94886443733245
 31
0.0
  0
LINE
  5
1C27
330
1F
100
AcDbEntity
  8
SK2
  6
CONTINUOUS
370
25
 62
7
100
AcDbLine
 10
63.29068663411672
 20
40.78313732682334
 30
0.0
 11
64.52712442274449
 21
42.0195751154511
 31
0.0
  0
LINE
  5
1C28
330
1F
100
AcDbEntity
  8
SK2
  6
CONTINUOUS
370
25
 62
7
100
AcDbLine
 10
62.76035654822682
 20
40.67707130964537
 30
0.0
 11
64.17357103215122
 21
42.09028579356975
 31
0.0
  0
LINE
  5
1C29
330
1F
100
AcDbEntity
  8
SK2
  6
CONTINUOUS
370
25
 62
7
100
AcDbLine
 10
62.23002646233689
 20
40.57100529246738
 30
0.0
 11
63.82001764155794
 21
42.16099647168841
 31
0.0
  0
LINE
  5
1C2A
330
1F
100
AcDbEntity
  8
SK2
  6
CONTINUOUS
370
25
 62
7
100
AcDbLine
 10
62.0
 20
40.76524289884242
 30
0.0
 11
63.46646425096466
 21
42.23170714980706
 31
0.0
  0
LINE
  5
1C2B
330
1F
100
AcDbEntity
  8
SK2
  6
CONTINUOUS
370
25
 62
7
100
AcDbLine
 10
62.0
 20
41.18950696755435
 30
0.0
 11
63.11291086037139
 21
42.30241782792572
 31
0.0
  0
LINE
  5
1C2C
330
1F
100
AcDbEntity
  8
SK2
  6
CONTINUOUS
370
25
 62
7
100
AcDbLine
 10
62.0
 20
41.61377103626628
 30
0.0
 11
62.7593574697781
 21
42.37312850604437
 31
0.0
  0
LINE
  5
1C2D
330
1F
100
AcDbEntity
  8
SK2
  6
CONTINUOUS
370
25
 62
7
100
AcDbLine
 10
62.0
 20
42.03803510497821
 30
0.0
 11
62.40580407918483
 21
42.44383918416303
 31
0.0
  0
LINE
  5
1C2E
330
1F
100
AcDbEntity
  8
SK2
  6
CONTINUOUS
370
25
 62
7
100
AcDbLine
 10
62.0
 20
42.46229917369013
 30
0.0
 11
62.05225068859155
 21
42.51454986228168
 31
0.0
  0
LINE
  5
1C2F
330
1F
100
AcDbEntity
  8
SK2
  6
CONTINUOUS
370
25
 62
7
100
AcDbLine
 10
62.0
 20
40.6719046282867
 30
0.0
 11
62.12242052357225
 21
40.54948410471444
 31
0.0
  0
LINE
  5
1C30
330
1F
100
AcDbEntity
  8
SK2
  6
CONTINUOUS
370
25
 62
7
100
AcDbLine
 10
62.0
 20
41.09616869699865
 30
0.0
 11
62.47597391416554
 21
40.6201947828331
 31
0.0
  0
LINE
  5
1C31
330
1F
100
AcDbEntity
  8
SK2
  6
CONTINUOUS
370
25
 62
7
100
AcDbLine
 10
62.0
 20
41.52043276571057
 30
0.0
 11
62.82952730475881
 21
40.69090546095175
 31
0.0
  0
LINE
  5
1C32
330
1F
100
AcDbEntity
  8
SK2
  6
CONTINUOUS
370
25
 62
7
100
AcDbLine
 10
62.0
 20
41.94469683442251
 30
0.0
 11
63.18308069535209
 21
40.76161613907041
 31
0.0
  0
LINE
  5
1C33
330
1F
100
AcDbEntity
  8
SK2
  6
CONTINUOUS
370
25
 62
7
100
AcDbLine
 10
62.0
 20
42.36896090313444
 30
0.0
 11
63.53663408594537
 21
40.83232681718907
 31
0.0
  0
LINE
  5
1C34
330
1F
100
AcDbEntity
  8
SK2
  6
CONTINUOUS
370
25
 62
7
100
AcDbLine
 10
62.33528121480796
 20
42.45794375703841
 30
0.0
 11
63.89018747653864
 21
40.90303749530772
 31
0.0
  0
LINE
  5
1C35
330
1F
100
AcDbEntity
  8
SK2
  6
CONTINUOUS
370
25
 62
7
100
AcDbLine
 10
62.86561130069787
 20
42.35187773986043
 30
0.0
 11
64.2437408671319
 21
40.97374817342639
 31
0.0
  0
LINE
  5
1C36
330
1F
100
AcDbEntity
  8
SK2
  6
CONTINUOUS
370
25
 62
7
100
AcDbLine
 10
63.39594138658779
 20
42.24581172268245
 30
0.0
 11
64.59729425772518
 21
41.04445885154504
 31
0.0
  0
LINE
  5
1C37
330
1F
100
AcDbEntity
  8
SK2
  6
CONTINUOUS
370
25
 62
7
100
AcDbLine
 10
63.9262714724777
 20
42.13974570550446
 30
0.0
 11
64.95084764831846
 21
41.1151695296637
 31
0.0
  0
LINE
  5
1C38
330
1F
100
AcDbEntity
  8
SK2
  6
CONTINUOUS
370
25
 62
7
100
AcDbLine
 10
64.45660155836761
 20
42.03367968832649
 30
0.0
 11
65.30440103891173
 21
41.18588020778235
 31
0.0
  0
LINE
  5
1C39
330
1F
100
AcDbEntity
  8
SK2
  6
CONTINUOUS
370
25
 62
7
100
AcDbLine
 10
64.98693164425752
 20
41.92761367114849
 30
0.0
 11
65.65795442950501
 21
41.25659088590101
 31
0.0
  0
LINE
  5
1C3A
330
1F
100
AcDbEntity
  8
SK2
  6
CONTINUOUS
370
25
 62
7
100
AcDbLine
 10
65.51726173014742
 20
41.82154765397051
 30
0.0
 11
66.01150782009827
 21
41.32730156401966
 31
0.0
  0
LINE
  5
1C3B
330
1F
100
AcDbEntity
  8
SK2
  6
CONTINUOUS
370
25
 62
7
100
AcDbLine
 10
66.04759181603733
 20
41.71548163679255
 30
0.0
 11
66.36506121069155
 21
41.39801224213831
 31
0.0
  0
LINE
  5
1C3C
330
1F
100
AcDbEntity
  8
SK2
  6
CONTINUOUS
370
25
 62
7
100
AcDbLine
 10
66.57792190192725
 20
41.60941561961455
 30
0.0
 11
66.71861460128484
 21
41.46872292025697
 31
0.0
  0
TEXT
  5
1C3D
330
1F
100
AcDbEntity
  8
SK2
  6
CONTINUOUS
370
25
 62
7
100
AcDbText
 10
0.4166666666666661
 20
43.025
 30
0.0
 40
3.5
  1
125
 72
     1
 11
4.5
 21
43.025
 31
0.0
100
AcDbText
  0
LINE
  5
1C3E
330
1F
100
AcDbEntity
  8
4
  6
LONGDASH_DASH
370
25
 62
2
100
AcDbLine
 10
0.0
 20
0.0
 30
0.0
 11
67.0
 21
0.0
 31
0.0
  0
LINE
  5
1C3F
330
1F
100
AcDbEntity
  8
SK4
  6
LONGDASH_DASH
370
25
 62
2
100
AcDbLine
 10
-64.0
 20
0.0
 30
0.0
 11
73.0
 21
0.0
 31
0.0
  0
LINE
  5
1C40
330
1F
100
AcDbEntity
  8
2
  6
CONTINUOUS
370
25
 62
7
100
AcDbLine
 10
-0.0000000000000001
 20
8.13
 30
0.0
 11
0.0000000000000014
 21
32.525
 31
0.0
  0
LINE
  5
1C41
330
1F
100
AcDbEntity
  8
2
  6
CONTINUOUS
370
25
 62
7
100
AcDbLine
 10
67.0
 20
32.525
 30
0.0
 11
67.0
 21
7.0
 31
0.0
  0
LINE
  5
1C42
330
1F
100
AcDbEntity
  8
2
  6
CONTINUOUS
370
25
 62
7
100
AcDbLine
 10
0.0
 20
31.525
 30
0.0
 11
67.0
 21
31.525
 31
0.0
  0
LINE
  5
1C43
330
1F
100
AcDbEntity
  8
2
  6
CONTINUOUS
370
25
 62
7
100
AcDbLine
 10
0.0
 20
31.525
 30
0.0
 11
5.0
 21
32.525
 31
0.0
  0
LINE
  5
1C44
330
1F
100
AcDbEntity
  8
2
  6
CONTINUOUS
370
25
 62
7
100
AcDbLine
 10
5.0
 20
32.525
 30
0.0
 11
5.0
 21
30.525
 31
0.0
  0
LINE
  5
1C45
330
1F
100
AcDbEntity
  8
2
  6
CONTINUOUS
370
25
 62
7
100
AcDbLine
 10
5.0
 20
30.525
 30
0.0
 11
0.0
 21
31.525
 31
0.0
  0
LINE
  5
1C46
330
1F
100
AcDbEntity
  8
2
  6
CONTINUOUS
370
25
 62
7
100
AcDbLine
 10
4.704076507143667
 20
30.58418469857127
 30
0.0
 11
5.0
 21
30.8801081914276
 31
0.0
  0
LINE
  5
1C47
330
1F
100
AcDbEntity
  8
2
  6
CONTINUOUS
370
25
 62
7
100
AcDbLine
 10
4.350523116550392
 20
30.65489537668992
 30
0.0
 11
5.0
 21
31.30437226013953
 31
0.0
  0
LINE
  5
1C48
330
1F
100
AcDbEntity
  8
2
  6
CONTINUOUS
370
25
 62
7
100
AcDbLine
 10
3.996969725957118
 20
30.72560605480858
 30
0.0
 11
5.0
 21
31.72863632885146
 31
0.0
  0
LINE
  5
1C49
330
1F
100
AcDbEntity
  8
2
  6
CONTINUOUS
370
25
 62
7
100
AcDbLine
 10
3.643416335363845
 20
30.79631673292723
 30
0.0
 11
5.0
 21
32.15290039756339
 31
0.0
  0
LINE
  5
1C4A
330
1F
100
AcDbEntity
  8
2
  6
CONTINUOUS
370
25
 62
7
100
AcDbLine
 10
3.289862944770568
 20
30.86702741104589
 30
0.0
 11
4.934794417155847
 21
32.51195888343117
 31
0.0
  0
LINE
  5
1C4B
330
1F
100
AcDbEntity
  8
2
  6
CONTINUOUS
370
25
 62
7
100
AcDbLine
 10
2.936309554177295
 20
30.93773808916454
 30
0.0
 11
4.404464331265938
 21
32.40589286625318
 31
0.0
  0
LINE
  5
1C4C
330
1F
100
AcDbEntity
  8
2
  6
CONTINUOUS
370
25
 62
7
100
AcDbLine
 10
2.582756163584019
 20
31.00844876728319
 30
0.0
 11
3.874134245376023
 21
32.2998268490752
 31
0.0
  0
LINE
  5
1C4D
330
1F
100
AcDbEntity
  8
2
  6
CONTINUOUS
370
25
 62
7
100
AcDbLine
 10
2.229202772990746
 20
31.07915944540185
 30
0.0
 11
3.343804159486115
 21
32.19376083189722
 31
0.0
  0
LINE
  5
1C4E
330
1F
100
AcDbEntity
  8
2
  6
CONTINUOUS
370
25
 62
7
100
AcDbLine
 10
1.87564938239747
 20
31.1498701235205
 30
0.0
 11
2.813474073596201
 21
32.08769481471924
 31
0.0
  0
LINE
  5
1C4F
330
1F
100
AcDbEntity
  8
2
  6
CONTINUOUS
370
25
 62
7
100
AcDbLine
 10
1.522095991804198
 20
31.22058080163916
 30
0.0
 11
2.283143987706293
 21
31.98162879754125
 31
0.0
  0
LINE
  5
1C50
330
1F
100
AcDbEntity
  8
2
  6
CONTINUOUS
370
25
 62
7
100
AcDbLine
 10
1.168542601210923
 20
31.29129147975781
 30
0.0
 11
1.752813901816381
 21
31.87556278036327
 31
0.0
  0
LINE
  5
1C51
330
1F
100
AcDbEntity
  8
2
  6
CONTINUOUS
370
25
 62
7
100
AcDbLine
 10
0.8149892106176506
 20
31.36200215787647
 30
0.0
 11
1.222483815926473
 21
31.76949676318529
 31
0.0
  0
LINE
  5
1C52
330
1F
100
AcDbEntity
  8
2
  6
CONTINUOUS
370
25
 62
7
100
AcDbLine
 10
0.4614358200243758
 20
31.43271283599512
 30
0.0
 11
0.6921537300365623
 21
31.66343074600731
 31
0.0
  0
LINE
  5
1C53
330
1F
100
AcDbEntity
  8
2
  6
CONTINUOUS
370
25
 62
7
100
AcDbLine
 10
0.1078824294311012
 20
31.50342351411378
 30
0.0
 11
0.1618236441466515
 21
31.55736472882933
 31
0.0
  0
LINE
  5
1C54
330
1F
100
AcDbEntity
  8
2
  6
CONTINUOUS
370
25
 62
7
100
AcDbLine
 10
0.2456709611621741
 20
31.57413419223243
 30
0.0
 11
0.3685064417432608
 21
31.45129871165135
 31
0.0
  0
LINE
  5
1C55
330
1F
100
AcDbEntity
  8
2
  6
CONTINUOUS
370
25
 62
7
100
AcDbLine
 10
0.5992243517554494
 20
31.64484487035109
 30
0.0
 11
0.8988365276331732
 21
31.34523269447336
 31
0.0
  0
LINE
  5
1C56
330
1F
100
AcDbEntity
  8
2
  6
CONTINUOUS
370
25
 62
7
100
AcDbLine
 10
0.9527777423487217
 20
31.71555554846974
 30
0.0
 11
1.429166613523081
 21
31.23916667729538
 31
0.0
  0
LINE
  5
1C57
330
1F
100
AcDbEntity
  8
2
  6
CONTINUOUS
370
25
 62
7
100
AcDbLine
 10
1.306331132942
 20
31.7862662265884
 30
0.0
 11
1.959496699412997
 21
31.1331006601174
 31
0.0
  0
LINE
  5
1C58
330
1F
100
AcDbEntity
  8
2
  6
CONTINUOUS
370
25
 62
7
100
AcDbLine
 10
1.659884523535271
 20
31.85697690470705
 30
0.0
 11
2.489826785302903
 21
31.02703464293942
 31
0.0
  0
LINE
  5
1C59
330
1F
100
AcDbEntity
  8
2
  6
CONTINUOUS
370
25
 62
7
100
AcDbLine
 10
2.013437914128549
 20
31.92768758282571
 30
0.0
 11
3.020156871192818
 21
30.92096862576144
 31
0.0
  0
LINE
  5
1C5A
330
1F
100
AcDbEntity
  8
2
  6
CONTINUOUS
370
25
 62
7
100
AcDbLine
 10
2.36699130472182
 20
31.99839826094436
 30
0.0
 11
3.550486957082724
 21
30.81490260858345
 31
0.0
  0
LINE
  5
1C5B
330
1F
100
AcDbEntity
  8
2
  6
CONTINUOUS
370
25
 62
7
100
AcDbLine
 10
2.720544695315096
 20
32.06910893906302
 30
0.0
 11
4.080817042972637
 21
30.70883659140547
 31
0.0
  0
LINE
  5
1C5C
330
1F
100
AcDbEntity
  8
2
  6
CONTINUOUS
370
25
 62
7
100
AcDbLine
 10
3.074098085908373
 20
32.13981961718167
 30
0.0
 11
4.61114712886255
 21
30.60277057422749
 31
0.0
  0
LINE
  5
1C5D
330
1F
100
AcDbEntity
  8
2
  6
CONTINUOUS
370
25
 62
7
100
AcDbLine
 10
3.427651476501644
 20
32.21053029530033
 30
0.0
 11
5.0
 21
30.63818177180196
 31
0.0
  0
LINE
  5
1C5E
330
1F
100
AcDbEntity
  8
2
  6
CONTINUOUS
370
25
 62
7
100
AcDbLine
 10
3.78120486709492
 20
32.28124097341898
 30
0.0
 11
5.0
 21
31.0624458405139
 31
0.0
  0
LINE
  5
1C5F
330
1F
100
AcDbEntity
  8
2
  6
CONTINUOUS
370
25
 62
7
100
AcDbLine
 10
4.13475825768819
 20
32.35195165153763
 30
0.0
 11
5.0
 21
31.48670990922582
 31
0.0
  0
LINE
  5
1C60
330
1F
100
AcDbEntity
  8
2
  6
CONTINUOUS
370
25
 62
7
100
AcDbLine
 10
4.488311648281465
 20
32.42266232965629
 30
0.0
 11
5.0
 21
31.91097397793775
 31
0.0
  0
LINE
  5
1C61
330
1F
100
AcDbEntity
  8
2
  6
CONTINUOUS
370
25
 62
7
100
AcDbLine
 10
4.841865038874742
 20
32.49337300777495
 30
0.0
 11
5.0
 21
32.33523804664969
 31
0.0
  0
LINE
  5
1C62
330
1F
100
AcDbEntity
  8
2
  6
CONTINUOUS
370
25
 62
7
100
AcDbLine
 10
67.0
 20
31.525
 30
0.0
 11
62.0
 21
30.525
 31
0.0
  0
LINE
  5
1C63
330
1F
100
AcDbEntity
  8
2
  6
CONTINUOUS
370
25
 62
7
100
AcDbLine
 10
62.0
 20
30.525
 30
0.0
 11
62.0
 21
32.525
 31
0.0
  0
LINE
  5
1C64
330
1F
100
AcDbEntity
  8
2
  6
CONTINUOUS
370
25
 62
7
100
AcDbLine
 10
62.0
 20
32.525
 30
0.0
 11
67.0
 21
31.525
 31
0.0
  0
LINE
  5
1C65
330
1F
100
AcDbEntity
  8
2
  6
CONTINUOUS
370
25
 62
7
100
AcDbLine
 10
66.77507517398836
 20
31.48001503479766
 30
0.0
 11
66.85005011599225
 21
31.55498997680155
 31
0.0
  0
LINE
  5
1C66
330
1F
100
AcDbEntity
  8
2
  6
CONTINUOUS
370
25
 62
7
100
AcDbLine
 10
66.24474508809845
 20
31.37394901761969
 30
0.0
 11
66.49649672539896
 21
31.62570065492019
 31
0.0
  0
LINE
  5
1C67
330
1F
100
AcDbEntity
  8
2
  6
CONTINUOUS
370
25
 62
7
100
AcDbLine
 10
65.71441500220854
 20
31.26788300044171
 30
0.0
 11
66.1429433348057
 21
31.69641133303886
 31
0.0
  0
LINE
  5
1C68
330
1F
100
AcDbEntity
  8
2
  6
CONTINUOUS
370
25
 62
7
100
AcDbLine
 10
65.18408491631861
 20
31.16181698326372
 30
0.0
 11
65.78938994421242
 21
31.76712201115751
 31
0.0
  0
LINE
  5
1C69
330
1F
100
AcDbEntity
  8
2
  6
CONTINUOUS
370
25
 62
7
100
AcDbLine
 10
64.65375483042871
 20
31.05575096608575
 30
0.0
 11
65.43583655361914
 21
31.83783268927618
 31
0.0
  0
LINE
  5
1C6A
330
1F
100
AcDbEntity
  8
2
  6
CONTINUOUS
370
25
 62
7
100
AcDbLine
 10
64.12342474453881
 20
30.94968494890776
 30
0.0
 11
65.08228316302586
 21
31.90854336739481
 31
0.0
  0
LINE
  5
1C6B
330
1F
100
AcDbEntity
  8
2
  6
CONTINUOUS
370
25
 62
7
100
AcDbLine
 10
63.59309465864889
 20
30.84361893172978
 30
0.0
 11
64.72872977243259
 21
31.97925404551347
 31
0.0
  0
LINE
  5
1C6C
330
1F
100
AcDbEntity
  8
2
  6
CONTINUOUS
370
25
 62
7
100
AcDbLine
 10
63.06276457275897
 20
30.73755291455179
 30
0.0
 11
64.37517638183932
 21
32.04996472363214
 31
0.0
  0
LINE
  5
1C6D
330
1F
100
AcDbEntity
  8
2
  6
CONTINUOUS
370
25
 62
7
100
AcDbLine
 10
62.53243448686906
 20
30.63148689737381
 30
0.0
 11
64.02162299124603
 21
32.12067540175077
 31
0.0
  0
LINE
  5
1C6E
330
1F
100
AcDbEntity
  8
2
  6
CONTINUOUS
370
25
 62
7
100
AcDbLine
 10
62.00210440097914
 20
30.52542088019583
 30
0.0
 11
63.66806960065276
 21
32.19138607986943
 31
0.0
  0
LINE
  5
1C6F
330
1F
100
AcDbEntity
  8
2
  6
CONTINUOUS
370
25
 62
7
100
AcDbLine
 10
62.0
 20
30.94758054792862
 30
0.0
 11
63.3145162100595
 21
32.26209675798811
 31
0.0
  0
LINE
  5
1C70
330
1F
100
AcDbEntity
  8
2
  6
CONTINUOUS
370
25
 62
7
100
AcDbLine
 10
62.0
 20
31.37184461664055
 30
0.0
 11
62.96096281946622
 21
32.33280743610676
 31
0.0
  0
LINE
  5
1C71
330
1F
100
AcDbEntity
  8
2
  6
CONTINUOUS
370
25
 62
7
100
AcDbLine
 10
62.0
 20
31.79610868535247
 30
0.0
 11
62.60740942887293
 21
32.40351811422541
 31
0.0
  0
LINE
  5
1C72
330
1F
100
AcDbEntity
  8
2
  6
CONTINUOUS
370
25
 62
7
100
AcDbLine
 10
62.0
 20
32.2203727540644
 30
0.0
 11
62.25385603827966
 21
32.47422879234406
 31
0.0
  0
LINE
  5
1C73
330
1F
100
AcDbEntity
  8
2
  6
CONTINUOUS
370
25
 62
7
100
AcDbLine
 10
62.0
 20
30.91383104791236
 30
0.0
 11
62.3240258732603
 21
30.58980517465206
 31
0.0
  0
LINE
  5
1C74
330
1F
100
AcDbEntity
  8
2
  6
CONTINUOUS
370
25
 62
7
100
AcDbLine
 10
62.0
 20
31.33809511662428
 30
0.0
 11
62.67757926385357
 21
30.66051585277071
 31
0.0
  0
LINE
  5
1C75
330
1F
100
AcDbEntity
  8
2
  6
CONTINUOUS
370
25
 62
7
100
AcDbLine
 10
62.0
 20
31.76235918533622
 30
0.0
 11
63.03113265444685
 21
30.73122653088937
 31
0.0
  0
LINE
  5
1C76
330
1F
100
AcDbEntity
  8
2
  6
CONTINUOUS
370
25
 62
7
100
AcDbLine
 10
62.0
 20
32.18662325404816
 30
0.0
 11
63.38468604504013
 21
30.80193720900802
 31
0.0
  0
LINE
  5
1C77
330
1F
100
AcDbEntity
  8
2
  6
CONTINUOUS
370
25
 62
7
100
AcDbLine
 10
62.1073591534501
 20
32.50352816930998
 30
0.0
 11
63.73823943563339
 21
30.87264788712667
 31
0.0
  0
LINE
  5
1C78
330
1F
100
AcDbEntity
  8
2
  6
CONTINUOUS
370
25
 62
7
100
AcDbLine
 10
62.63768923934001
 20
32.397462152132
 30
0.0
 11
64.09179282622667
 21
30.94335856524533
 31
0.0
  0
LINE
  5
1C79
330
1F
100
AcDbEntity
  8
2
  6
CONTINUOUS
370
25
 62
7
100
AcDbLine
 10
63.16801932522993
 20
32.29139613495401
 30
0.0
 11
64.44534621681994
 21
31.01406924336399
 31
0.0
  0
LINE
  5
1C7A
330
1F
100
AcDbEntity
  8
2
  6
CONTINUOUS
370
25
 62
7
100
AcDbLine
 10
63.69834941111984
 20
32.18533011777603
 30
0.0
 11
64.79889960741322
 21
31.08477992148264
 31
0.0
  0
LINE
  5
1C7B
330
1F
100
AcDbEntity
  8
2
  6
CONTINUOUS
370
25
 62
7
100
AcDbLine
 10
64.22867949700974
 20
32.07926410059805
 30
0.0
 11
65.15245299800648
 21
31.15549059960129
 31
0.0
  0
LINE
  5
1C7C
330
1F
100
AcDbEntity
  8
2
  6
CONTINUOUS
370
25
 62
7
100
AcDbLine
 10
64.75900958289964
 20
31.97319808342007
 30
0.0
 11
65.50600638859976
 21
31.22620127771995
 31
0.0
  0
LINE
  5
1C7D
330
1F
100
AcDbEntity
  8
2
  6
CONTINUOUS
370
25
 62
7
100
AcDbLine
 10
65.28933966878955
 20
31.86713206624209
 30
0.0
 11
65.85955977919303
 21
31.2969119558386
 31
0.0
  0
LINE
  5
1C7E
330
1F
100
AcDbEntity
  8
2
  6
CONTINUOUS
370
25
 62
7
100
AcDbLine
 10
65.81966975467945
 20
31.76106604906411
 30
0.0
 11
66.2131131697863
 21
31.36762263395727
 31
0.0
  0
LINE
  5
1C7F
330
1F
100
AcDbEntity
  8
2
  6
CONTINUOUS
370
25
 62
7
100
AcDbLine
 10
66.34999984056938
 20
31.65500003188612
 30
0.0
 11
66.56666656037959
 21
31.43833331207591
 31
0.0
  0
LINE
  5
1C80
330
1F
100
AcDbEntity
  8
2
  6
CONTINUOUS
370
25
 62
7
100
AcDbLine
 10
66.88032992645928
 20
31.54893401470814
 30
0.0
 11
66.92021995097285
 21
31.50904399019457
 31
0.0
  0
TEXT
  5
1C81
330
1F
100
AcDbEntity
  8
2
  6
CONTINUOUS
370
25
 62
7
100
AcDbText
 10
30.58333333333333
 20
33.025
 30
0.0
 40
3.5
  1
67
 72
     1
 11
33.5
 21
33.025
 31
0.0
100
AcDbText
  0
LINE
  5
1C82
330
1F
100
AcDbEntity
  8
SK1
  6
CONTINUOUS
370
50
 62
4
100
AcDbLine
 10
0.0
 20
0.0
 30
0.0
 11
2.5
 21
0.0
 31
0.0
  0
LINE
  5
1C83
330
1F
100
AcDbEntity
  8
SK1
  6
CONTINUOUS
370
50
 62
4
100
AcDbLine
 10
0.0
 20
0.0
 30
0.0
 11
0.0
 21
2.5
 31
0.0
  0
ARC
  5
1C84
330
1F
100
AcDbEntity
  8
SK1
  6
CONTINUOUS
370
50
 62
4
100
AcDbCircle
 10
0.0
 20
0.0
 30
0.0
 40
2.5
100
AcDbArc
 50
0.0
 51
90.0
  0
LINE
  5
1C85
330
1F
100
AcDbEntity
  8
SK1
  6
CONTINUOUS
370
50
 62
4
100
AcDbLine
 10
0.0
 20
0.0
 30
0.0
 11
-2.5
 21
0.0
 31
0.0
  0
ARC
  5
1C86
330
1F
100
AcDbEntity
  8
SK1
  6
CONTINUOUS
370
50
 62
4
100
AcDbCircle
 10
0.0
 20
0.0
 30
0.0
 40
2.5
100
AcDbArc
 50
180.0
 51
270.0
  0
LINE
  5
1C87
330
1F
100
AcDbEntity
  8
SK1
  6
CONTINUOUS
370
50
 62
4
100
AcDbLine
 10
0.0
 20
-2.5
 30
0.0
 11
0.0
 21
0.0
 31
0.0
  0
ARC
  5
1C88
330
1F
100
AcDbEntity
  8
SK1
  6
CONTINUOUS
370
50
 62
4
100
AcDbCircle
 10
0.0
 20
0.0
 30
0.0
 40
2.5
100
AcDbArc
 50
270.0
 51
0.0
  0
ARC
  5
1C89
330
1F
100
AcDbEntity
  8
SK1
  6
CONTINUOUS
370
50
 62
4
100
AcDbCircle
 10
0.0
 20
0.0
 30
0.0
 40
2.5
100
AcDbArc
 50
90.0
 51
180.0
  0
LINE
  5
1C8A
330
1F
100
AcDbEntity
  8
SK1
  6
CONTINUOUS
370
50
 62
4
100
AcDbLine
 10
-0.31832627443191
 20
-2.479495909600069
 30
0.0
 11
0.0
 21
-2.161169635168159
 31
0.0
  0
LINE
  5
1C8B
330
1F
100
AcDbEntity
  8
SK1
  6
CONTINUOUS
370
50
 62
4
100
AcDbLine
 10
2.16116963516816
 20
0.0
 30
0.0
 11
2.479495909600069
 21
0.3183262744319091
 31
0.0
  0
LINE
  5
1C8C
330
1F
100
AcDbEntity
  8
SK1
  6
CONTINUOUS
370
50
 62
4
100
AcDbLine
 10
-0.615281817185723
 20
-2.422898061760609
 30
0.0
 11
0.0
 21
-1.807616244574886
 31
0.0
  0
LINE
  5
1C8D
330
1F
100
AcDbEntity
  8
SK1
  6
CONTINUOUS
370
50
 62
4
100
AcDbLine
 10
1.807616244574887
 20
0.0
 30
0.0
 11
2.422898061760609
 21
0.6152818171857222
 31
0.0
  0
LINE
  5
1C8E
330
1F
100
AcDbEntity
  8
SK1
  6
CONTINUOUS
370
50
 62
4
100
AcDbLine
 10
-0.8835965231639721
 20
-2.337659377145585
 30
0.0
 11
0.0
 21
-1.454062853981614
 31
0.0
  0
LINE
  5
1C8F
330
1F
100
AcDbEntity
  8
SK1
  6
CONTINUOUS
370
50
 62
4
100
AcDbLine
 10
1.454062853981615
 20
0.0
 30
0.0
 11
2.337659377145586
 21
0.8835965231639715
 31
0.0
  0
LINE
  5
1C90
330
1F
100
AcDbEntity
  8
SK1
  6
CONTINUOUS
370
50
 62
4
100
AcDbLine
 10
-1.128779664263143
 20
-2.229289127651483
 30
0.0
 11
0.0
 21
-1.100509463388341
 31
0.0
  0
LINE
  5
1C91
330
1F
100
AcDbEntity
  8
SK1
  6
CONTINUOUS
370
50
 62
4
100
AcDbLine
 10
1.100509463388341
 20
0.0
 30
0.0
 11
2.229289127651484
 21
1.128779664263142
 31
0.0
  0
LINE
  5
1C92
330
1F
100
AcDbEntity
  8
SK1
  6
CONTINUOUS
370
50
 62
4
100
AcDbLine
 10
-1.354032791010379
 20
-2.100988863805446
 30
0.0
 11
0.0
 21
-0.7469560727950677
 31
0.0
  0
LINE
  5
1C93
330
1F
100
AcDbEntity
  8
SK1
  6
CONTINUOUS
370
50
 62
4
100
AcDbLine
 10
0.746956072795068
 20
0.0
 30
0.0
 11
2.100988863805446
 21
1.354032791010378
 31
0.0
  0
LINE
  5
1C94
330
1F
100
AcDbEntity
  8
SK1
  6
CONTINUOUS
370
50
 62
4
100
AcDbLine
 10
-1.559387394659872
 20
-1.952790076861666
 30
0.0
 11
0.0
 21
-0.3934026822017946
 31
0.0
  0
LINE
  5
1C95
330
1F
100
AcDbEntity
  8
SK1
  6
CONTINUOUS
370
50
 62
4
100
AcDbLine
 10
0.3934026822017948
 20
0.0
 30
0.0
 11
1.952790076861667
 21
1.559387394659871
 31
0.0
  0
LINE
  5
1C96
330
1F
100
AcDbEntity
  8
SK1
  6
CONTINUOUS
370
50
 62
4
100
AcDbLine
 10
-1.746970020883365
 20
-1.786819312491886
 30
0.0
 11
0.0
 21
-0.0398492916085216
 31
0.0
  0
LINE
  5
1C97
330
1F
100
AcDbEntity
  8
SK1
  6
CONTINUOUS
370
50
 62
4
100
AcDbLine
 10
0.0398492916085216
 20
0.0
 30
0.0
 11
1.786819312491887
 21
1.746970020883364
 31
0.0
  0
LINE
  5
1C98
330
1F
100
AcDbEntity
  8
SK1
  6
CONTINUOUS
370
50
 62
4
100
AcDbLine
 10
-1.917371878232655
 20
-1.603667779247902
 30
0.0
 11
-0.3137040989847517
 21
0.0
 31
0.0
  0
LINE
  5
1C99
330
1F
100
AcDbEntity
  8
SK1
  6
CONTINUOUS
370
50
 62
4
100
AcDbLine
 10
0.0
 20
0.3137040989847515
 30
0.0
 11
1.603667779247903
 21
1.917371878232654
 31
0.0
  0
LINE
  5
1C9A
330
1F
100
AcDbEntity
  8
SK1
  6
CONTINUOUS
370
50
 62
4
100
AcDbLine
 10
-2.068741231122433
 20
-1.401483741544407
 30
0.0
 11
-0.6672574895780249
 21
0.0
 31
0.0
  0
LINE
  5
1C9B
330
1F
100
AcDbEntity
  8
SK1
  6
CONTINUOUS
370
50
 62
4
100
AcDbLine
 10
0.0
 20
0.6672574895780246
 30
0.0
 11
1.401483741544409
 21
2.068741231122432
 31
0.0
  0
LINE
  5
1C9C
330
1F
100
AcDbEntity
  8
SK1
  6
CONTINUOUS
370
50
 62
4
100
AcDbLine
 10
-2.2023876557675
 20
-1.181576775596201
 30
0.0
 11
-1.020810880171298
 21
0.0
 31
0.0
  0
LINE
  5
1C9D
330
1F
100
AcDbEntity
  8
SK1
  6
CONTINUOUS
370
50
 62
4
100
AcDbLine
 10
0.0
 20
1.020810880171298
 30
0.0
 11
1.181576775596202
 21
2.202387655767499
 31
0.0
  0
LINE
  5
1C9E
330
1F
100
AcDbEntity
  8
SK1
  6
CONTINUOUS
370
50
 62
4
100
AcDbLine
 10
-2.315450943493525
 20
-0.9410866727289533
 30
0.0
 11
-1.374364270764571
 21
0.0
 31
0.0
  0
LINE
  5
1C9F
330
1F
100
AcDbEntity
  8
SK1
  6
CONTINUOUS
370
50
 62
4
100
AcDbLine
 10
0.0
 20
1.374364270764571
 30
0.0
 11
0.9410866727289543
 21
2.315450943493524
 31
0.0
  0
LINE
  5
1CA0
330
1F
100
AcDbEntity
  8
SK1
  6
CONTINUOUS
370
50
 62
4
100
AcDbLine
 10
-2.405290600131854
 20
-0.6773729387740097
 30
0.0
 11
-1.727917661357844
 21
0.0
 31
0.0
  0
LINE
  5
1CA1
330
1F
100
AcDbEntity
  8
SK1
  6
CONTINUOUS
370
50
 62
4
100
AcDbLine
 10
0.0
 20
1.727917661357844
 30
0.0
 11
0.6773729387740106
 21
2.405290600131854
 31
0.0
  0
LINE
  5
1CA2
330
1F
100
AcDbEntity
  8
SK1
  6
CONTINUOUS
370
50
 62
4
100
AcDbLine
 10
-2.468598823056026
 20
-0.3871277711049084
 30
0.0
 11
-2.081471051951118
 21
0.0
 31
0.0
  0
LINE
  5
1CA3
330
1F
100
AcDbEntity
  8
SK1
  6
CONTINUOUS
370
50
 62
4
100
AcDbLine
 10
0.0
 20
2.081471051951117
 30
0.0
 11
0.3871277711049085
 21
2.468598823056025
 31
0.0
  0
LINE
  5
1CA4
330
1F
100
AcDbEntity
  8
SK1
  6
CONTINUOUS
370
50
 62
4
100
AcDbLine
 10
-2.498020276172772
 20
-0.0629958336283822
 30
0.0
 11
-2.43502444254439
 21
0.0
 31
0.0
  0
LINE
  5
1CA5
330
1F
100
AcDbEntity
  8
SK1
  6
CONTINUOUS
370
50
 62
4
100
AcDbLine
 10
0.0
 20
2.435024442544389
 30
0.0
 11
0.0629958336283828
 21
2.498020276172772
 31
0.0
  0
LINE
  5
1CA6
330
1F
100
AcDbEntity
  8
SK1
  6
CONTINUOUS
370
50
 62
4
100
AcDbLine
 10
-2.337336523620827
 20
-0.8844932833271533
 30
0.0
 11
-0.8844932833271509
 21
-2.337336523620827
 31
0.0
  0
LINE
  5
1CA7
330
1F
100
AcDbEntity
  8
SK1
  6
CONTINUOUS
370
50
 62
4
100
AcDbLine
 10
-2.466237059966593
 20
-0.4020393563881135
 30
0.0
 11
-0.4020393563881111
 21
-2.466237059966594
 31
0.0
  0
LINE
  5
1CA8
330
1F
100
AcDbEntity
  8
SK1
  6
CONTINUOUS
370
50
 62
4
100
AcDbLine
 10
-2.499522297881596
 20
-0.0152007278798383
 30
0.0
 11
-0.0152007278798351
 21
-2.499522297881596
 31
0.0
  0
LINE
  5
1CA9
330
1F
100
AcDbEntity
  8
SK1
  6
CONTINUOUS
370
50
 62
4
100
AcDbLine
 10
-2.16116963516816
 20
0.0
 30
0.0
 11
0.0
 21
-2.161169635168158
 31
0.0
  0
LINE
  5
1CAA
330
1F
100
AcDbEntity
  8
SK1
  6
CONTINUOUS
370
50
 62
4
100
AcDbLine
 10
-1.807616244574888
 20
0.0
 30
0.0
 11
0.0
 21
-1.807616244574886
 31
0.0
  0
LINE
  5
1CAB
330
1F
100
AcDbEntity
  8
SK1
  6
CONTINUOUS
370
50
 62
4
100
AcDbLine
 10
-1.454062853981615
 20
0.0
 30
0.0
 11
0.0
 21
-1.454062853981613
 31
0.0
  0
LINE
  5
1CAC
330
1F
100
AcDbEntity
  8
SK1
  6
CONTINUOUS
370
50
 62
4
100
AcDbLine
 10
-1.100509463388341
 20
0.0
 30
0.0
 11
0.0
 21
-1.10050946338834
 31
0.0
  0
LINE
  5
1CAD
330
1F
100
AcDbEntity
  8
SK1
  6
CONTINUOUS
370
50
 62
4
100
AcDbLine
 10
-0.7469560727950676
 20
0.0
 30
0.0
 11
0.0
 21
-0.7469560727950668
 31
0.0
  0
LINE
  5
1CAE
330
1F
100
AcDbEntity
  8
SK1
  6
CONTINUOUS
370
50
 62
4
100
AcDbLine
 10
-0.3934026822017942
 20
0.0
 30
0.0
 11
0.0
 21
-0.3934026822017938
 31
0.0
  0
LINE
  5
1CAF
330
1F
100
AcDbEntity
  8
SK1
  6
CONTINUOUS
370
50
 62
4
100
AcDbLine
 10
-0.0398492916085216
 20
0.0
 30
0.0
 11
0.0
 21
-0.0398492916085216
 31
0.0
  0
LINE
  5
1CB0
330
1F
100
AcDbEntity
  8
SK1
  6
CONTINUOUS
370
50
 62
4
100
AcDbLine
 10
0.0
 20
0.3137040989847515
 30
0.0
 11
0.3137040989847518
 21
0.0
 31
0.0
  0
LINE
  5
1CB1
330
1F
100
AcDbEntity
  8
SK1
  6
CONTINUOUS
370
50
 62
4
100
AcDbLine
 10
0.0
 20
0.6672574895780246
 30
0.0
 11
0.6672574895780253
 21
0.0
 31
0.0
  0
LINE
  5
1CB2
330
1F
100
AcDbEntity
  8
SK1
  6
CONTINUOUS
370
50
 62
4
100
AcDbLine
 10
0.0
 20
1.020810880171298
 30
0.0
 11
1.020810880171299
 21
0.0
 31
0.0
  0
LINE
  5
1CB3
330
1F
100
AcDbEntity
  8
SK1
  6
CONTINUOUS
370
50
 62
4
100
AcDbLine
 10
0.0
 20
1.37436427076457
 30
0.0
 11
1.374364270764571
 21
0.0
 31
0.0
  0
LINE
  5
1CB4
330
1F
100
AcDbEntity
  8
SK1
  6
CONTINUOUS
370
50
 62
4
100
AcDbLine
 10
0.0
 20
1.727917661357843
 30
0.0
 11
1.727917661357845
 21
0.0
 31
0.0
  0
LINE
  5
1CB5
330
1F
100
AcDbEntity
  8
SK1
  6
CONTINUOUS
370
50
 62
4
100
AcDbLine
 10
0.0
 20
2.081471051951116
 30
0.0
 11
2.081471051951118
 21
0.0
 31
0.0
  0
LINE
  5
1CB6
330
1F
100
AcDbEntity
  8
SK1
  6
CONTINUOUS
370
50
 62
4
100
AcDbLine
 10
0.0
 20
2.435024442544389
 30
0.0
 11
2.435024442544392
 21
0.0
 31
0.0
  0
LINE
  5
1CB7
330
1F
100
AcDbEntity
  8
SK1
  6
CONTINUOUS
370
50
 62
4
100
AcDbLine
 10
0.3077647139123103
 20
2.480813119225352
 30
0.0
 11
2.480813119225352
 21
0.307764713912313
 31
0.0
  0
LINE
  5
1CB8
330
1F
100
AcDbEntity
  8
SK1
  6
CONTINUOUS
370
50
 62
4
100
AcDbLine
 10
0.7611924397506667
 20
2.380938783980268
 30
0.0
 11
2.380938783980268
 21
0.7611924397506691
 31
0.0
  0
LINE
  5
1CB9
330
1F
100
AcDbEntity
  8
SK1
  6
CONTINUOUS
370
50
 62
4
100
AcDbLine
 10
1.48586376213526
 20
2.009820852188948
 30
0.0
 11
2.009820852188946
 21
1.485863762135263
 31
0.0
  0
ARC
  5
1CBA
330
1F
100
AcDbEntity
  8
SK6
  6
CONTINUOUS
370
25
 62
5
100
AcDbCircle
 10
147.7613710083765
 20
-32.34523475338786
 30
0.0
 40
2.76048912849221
100
AcDbArc
 50
338.9379403434233
 51
90.44457437511392
  0
LINE
  5
1CBB
330
1F
100
AcDbEntity
  8
SK6
  6
CONTINUOUS
370
25
 62
5
100
AcDbLine
 10
147.7399517969598
 20
-29.58482872421281
 30
0.0
 11
147.7399517969598
 21
-30.68788735613463
 31
0.0
  0
ARC
  5
1CBC
330
1F
100
AcDbEntity
  8
SK6
  6
CONTINUOUS
370
25
 62
5
100
AcDbCircle
 10
147.7504980293692
 20
-32.36522824566821
 30
0.0
 40
1.677374043771792
100
AcDbArc
 50
243.421470601786
 51
90.3602408122618
  0
ARC
  5
1CBD
330
1F
100
AcDbEntity
  8
SK6
  6
CONTINUOUS
370
25
 62
5
100
AcDbCircle
 10
150.2727488968496
 20
-31.93382099215561
 30
0.0
 40
3.80021703002276
100
AcDbArc
 50
210.5483731288539
 51
236.9780169366802
  0
LINE
  5
1CBE
330
1F
100
AcDbEntity
  8
SK6
  6
CONTINUOUS
370
25
 62
5
100
AcDbLine
 10
148.2017796851249
 20
-35.12015681867535
 30
0.0
 11
152.3437199674267
 21
-35.12015681867535
 31
0.0
  0
ARC
  5
1CBF
330
1F
100
AcDbEntity
  8
SK6
  6
CONTINUOUS
370
25
 62
5
100
AcDbCircle
 10
150.2727508387726
 20
-31.9338210937346
 30
0.0
 40
3.800216899582467
100
AcDbArc
 50
303.0219828477956
 51
326.3732153033476
  0
LINE
  5
1CC0
330
1F
100
AcDbEntity
  8
SK6
  6
CONTINUOUS
370
25
 62
5
100
AcDbLine
 10
153.4370487513572
 20
-34.0383084907709
 30
0.0
 11
150.0797507057546
 21
-34.0383084907709
 31
0.0
  0
LINE
  5
1CC1
330
1F
100
AcDbEntity
  8
SK6
  6
CONTINUOUS
370
25
 62
5
100
AcDbLine
 10
150.0797507057546
 20
-34.0383084907709
 30
0.0
 11
153.9996100977199
 21
-32.67690729641694
 31
0.0
  0
ARC
  5
1CC2
330
1F
100
AcDbEntity
  8
SK6
  6
CONTINUOUS
370
25
 62
5
100
AcDbCircle
 10
150.2727515615721
 20
-31.9338216048594
 30
0.0
 40
3.800217216614737
100
AcDbArc
 50
348.7238644184696
 51
53.4691051260886
  0
LINE
  5
1CC3
330
1F
100
AcDbEntity
  8
SK6
  6
CONTINUOUS
370
25
 62
5
100
AcDbLine
 10
152.5348542453854
 20
-28.88021024429967
 30
0.0
 11
150.3374394788273
 21
-33.33729873507058
 31
0.0
  0
LINE
  5
1CC4
330
1F
100
AcDbEntity
  8
INFTOTAL
  6
CONTINUOUS
370
18
 62
9
100
AcDbLine
 10
-99.00001100000001
 20
-56.67745023600001
 30
0.0
 11
108.900011
 21
-56.67745023600001
 31
0.0
  0
LINE
  5
1CC5
330
1F
100
AcDbEntity
  8
INFTOTAL
  6
CONTINUOUS
370
18
 62
9
100
AcDbLine
 10
108.900011
 20
-56.67745023600001
 30
0.0
 11
108.900011
 21
78.67745023600003
 31
0.0
  0
LINE
  5
1CC6
330
1F
100
AcDbEntity
  8
INFTOTAL
  6
CONTINUOUS
370
18
 62
9
100
AcDbLine
 10
108.900011
 20
78.67745023600003
 30
0.0
 11
-99.00001100000003
 21
78.67745023600003
 31
0.0
  0
LINE
  5
1CC7
330
1F
100
AcDbEntity
  8
INFTOTAL
  6
CONTINUOUS
370
18
 62
9
100
AcDbLine
 10
-99.00001100000003
 20
78.67745023600003
 30
0.0
 11
-99.00001100000003
 21
-56.677450236
 31
0.0
  0
ENDSEC
  0
SECTION
  2
OBJECTS
  0
DICTIONARY
  5
C
330
0
100
AcDbDictionary
281
     1
  3
ACAD_GROUP
350
D
  3
ACAD_LAYOUT
350
1A
  3
ACAD_MATERIAL
350
3B
  3
ACAD_MLEADERSTYLE
350
1CCA
  3
ACAD_MLINESTYLE
350
17
  3
ACAD_PLOTSETTINGS
350
19
  3
ACAD_PLOTSTYLENAME
350
E
  3
ACAD_SCALELIST
350
C7B
  3
ACAD_VISUALSTYLE
350
2A
  3
AcDbVariableDictionary
350
1CC8
  0
DICTIONARY
  5
D
102
{ACAD_REACTORS
330
C
102
}
330
C
100
AcDbDictionary
281
     1
  0
DICTIONARY
  5
1A
102
{ACAD_REACTORS
330
C
102
}
330
C
100
AcDbDictionary
281
     1
  3
Layout1
350
1E
  3
Layout2
350
26
  3
Model
350
22
  0
DICTIONARY
  5
3B
102
{ACAD_REACTORS
330
C
102
}
330
C
100
AcDbDictionary
281
     1
  3
ByBlock
350
3D
  3
ByLayer
350
3C
  3
Global
350
3E
  0
DICTIONARY
  5
1CCA
102
{ACAD_REACTORS
330
C
102
}
330
C
100
AcDbDictionary
281
     1
  0
DICTIONARY
  5
17
102
{ACAD_REACTORS
330
C
102
}
330
C
100
AcDbDictionary
281
     1
  3
Standard
350
18
  0
DICTIONARY
  5
19
102
{ACAD_REACTORS
330
C
102
}
330
C
100
AcDbDictionary
281
     1
  0
ACDBDICTIONARYWDFLT
  5
E
102
{ACAD_REACTORS
330
C
102
}
330
C
100
AcDbDictionary
281
     1
  3
Normal
350
F
100
AcDbDictionaryWithDefault
340
F
  0
DICTIONARY
  5
C7B
102
{ACAD_REACTORS
330
C
102
}
330
C
100
AcDbDictionary
281
     1
  3
A0
350
C7C
  3
A1
350
C7D
  3
A2
350
C7E
  3
A3
350
C7F
  3
A4
350
C80
  3
A5
350
C81
  3
A6
350
C82
  3
A7
350
C83
  3
A8
350
C84
  3
A9
350
C85
  3
B0
350
C86
  3
B1
350
C87
  3
B2
350
C88
  3
B3
350
C89
  3
B4
350
C8A
  3
B5
350
C8B
  3
B6
350
C8C
  3
B7
350
C8D
  3
B8
350
C8E
  3
B9
350
C8F
  3
C0
350
C90
  3
C1
350
C91
  3
C2
350
C92
  3
C3
350
C93
  3
C4
350
C94
  3
C5
350
C95
  3
C6
350
C96
  3
C7
350
C97
  3
C8
350
C98
  3
C9
350
C99
  3
D0
350
C9A
  3
D1
350
C9B
  3
D2
350
C9C
  0
DICTIONARY
  5
2A
102
{ACAD_REACTORS
330
C
102
}
330
C
100
AcDbDictionary
281
     1
  3
2dWireframe
350
2F
  3
3D Hidden
350
31
  3
3dWireframe
350
30
  3
Basic
350
32
  3
Brighten
350
36
  3
ColorChange
350
3A
  3
Conceptual
350
34
  3
Dim
350
35
  3
Facepattern
350
39
  3
Flat
350
2B
  3
FlatWithEdges
350
2C
  3
Gouraud
350
2D
  3
GouraudWithEdges
350
2E
  3
Linepattern
350
38
  3
Realistic
350
33
  3
Thicken
350
37
  0
DICTIONARY
  5
1CC8
102
{ACAD_REACTORS
330
C
102
}
330
C
100
AcDbDictionary
281
     1
  3
CANNOSCALE
350
1CCD
  3
DIMASSOC
350
1CCE
  3
HIDETEXT
350
1CCF
  3
PSOLHEIGHT
350
1CCC
  3
PSOLWIDTH
350
1CCB
  0
LAYOUT
  5
1E
102
{ACAD_REACTORS
330
1A
102
}
330
1A
100
AcDbPlotSettings
  1

  2
none_device
  4

  6

 40
0.0
 41
0.0
 42
0.0
 43
0.0
 44
0.0
 45
0.0
 46
0.0
 47
0.0
 48
0.0
 49
0.0
140
0.0
141
0.0
142
1.0
143
1.0
 70
   688
 72
     0
 73
     0
 74
     5
  7

 75
    16
147
1.0
148
0.0
149
0.0
100
AcDbLayout
  1
Layout1
 70
     1
 71
     1
 10
0.0
 20
0.0
 11
420.0
 21
297.0
 12
0.0
 22
0.0
 32
0.0
 14
1.000000000000000E+20
 24
1.000000000000000E+20
 34
1.000000000000000E+20
 15
-1.000000000000000E+20
 25
-1.000000000000000E+20
 35
-1.000000000000000E+20
146
0.0
 13
0.0
 23
0.0
 33
0.0
 16
1.0
 26
0.0
 36
0.0
 17
0.0
 27
1.0
 37
0.0
 76
     0
330
1B
  0
LAYOUT
  5
26
102
{ACAD_REACTORS
330
1A
102
}
330
1A
100
AcDbPlotSettings
  1

  2
none_device
  4

  6

 40
0.0
 41
0.0
 42
0.0
 43
0.0
 44
0.0
 45
0.0
 46
0.0
 47
0.0
 48
0.0
 49
0.0
140
0.0
141
0.0
142
1.0
143
1.0
 70
   688
 72
     0
 73
     0
 74
     5
  7

 75
    16
147
1.0
148
0.0
149
0.0
100
AcDbLayout
  1
Layout2
 70
     1
 71
     2
 10
0.0
 20
0.0
 11
0.0
 21
0.0
 12
0.0
 22
0.0
 32
0.0
 14
0.0
 24
0.0
 34
0.0
 15
0.0
 25
0.0
 35
0.0
146
0.0
 13
0.0
 23
0.0
 33
0.0
 16
1.0
 26
0.0
 36
0.0
 17
0.0
 27
1.0
 37
0.0
 76
     0
330
23
  0
LAYOUT
  5
22
102
{ACAD_REACTORS
330
1A
102
}
330
1A
100
AcDbPlotSettings
  1

  2
none_device
  4

  6

 40
0.0
 41
0.0
 42
0.0
 43
0.0
 44
0.0
 45
0.0
 46
0.0
 47
0.0
 48
0.0
 49
0.0
140
0.0
141
0.0
142
1.0
143
1.0
 70
  1712
 72
     0
 73
     0
 74
     0
  7

 75
     0
147
1.0
148
0.0
149
0.0
100
AcDbLayout
  1
Model
 70
     1
 71
     0
 10
0.0
 20
0.0
 11
420.0
 21
297.0
 12
0.0
 22
0.0
 32
0.0
 14
0.0
 24
0.0
 34
0.0
 15
25.0
 25
35.0
 35
0.0
146
0.0
 13
0.0
 23
0.0
 33
0.0
 16
1.0
 26
0.0
 36
0.0
 17
0.0
 27
1.0
 37
0.0
 76
     0
330
1F
331
29
  0
MATERIAL
  5
3D
102
{ACAD_REACTORS
330
3B
102
}
102
{ACAD_XDICTIONARY
360
1CF2
102
}
330
3B
100
AcDbMaterial
  1
ByBlock
  0
MATERIAL
  5
3C
102
{ACAD_REACTORS
330
3B
102
}
102
{ACAD_XDICTIONARY
360
1CF0
102
}
330
3B
100
AcDbMaterial
  1
ByLayer
  0
MATERIAL
  5
3E
102
{ACAD_REACTORS
330
3B
102
}
102
{ACAD_XDICTIONARY
360
1CF4
102
}
330
3B
100
AcDbMaterial
  1
Global
  0
MLINESTYLE
  5
18
102
{ACAD_REACTORS
330
17
102
}
330
17
100
AcDbMlineStyle
  2
Standard
 70
     0
  3

 62
   256
 51
90.0
 52
90.0
 71
     2
 49
0.5
 62
   256
  6
BYLAYER
 49
-0.5
 62
   256
  6
BYLAYER
  0
ACDBPLACEHOLDER
  5
F
102
{ACAD_REACTORS
330
E
102
}
330
E
  0
SCALE
  5
C7C
102
{ACAD_REACTORS
330
C7B
102
}
330
C7B
100
AcDbScale
 70
     0
300
1:1
140
1.0
141
1.0
290
     1
  0
SCALE
  5
C7D
102
{ACAD_REACTORS
330
C7B
102
}
330
C7B
100
AcDbScale
 70
     0
300
1:2
140
1.0
141
2.0
290
     0
  0
SCALE
  5
C7E
102
{ACAD_REACTORS
330
C7B
102
}
330
C7B
100
AcDbScale
 70
     0
300
1:4
140
1.0
141
4.0
290
     0
  0
SCALE
  5
C7F
102
{ACAD_REACTORS
330
C7B
102
}
330
C7B
100
AcDbScale
 70
     0
300
1:5
140
1.0
141
5.0
290
     0
  0
SCALE
  5
C80
102
{ACAD_REACTORS
330
C7B
102
}
330
C7B
100
AcDbScale
 70
     0
300
1:8
140
1.0
141
8.0
290
     0
  0
SCALE
  5
C81
102
{ACAD_REACTORS
330
C7B
102
}
330
C7B
100
AcDbScale
 70
     0
300
1:10
140
1.0
141
10.0
290
     0
  0
SCALE
  5
C82
102
{ACAD_REACTORS
330
C7B
102
}
330
C7B
100
AcDbScale
 70
     0
300
1:16
140
1.0
141
16.0
290
     0
  0
SCALE
  5
C83
102
{ACAD_REACTORS
330
C7B
102
}
330
C7B
100
AcDbScale
 70
     0
300
1:20
140
1.0
141
20.0
290
     0
  0
SCALE
  5
C84
102
{ACAD_REACTORS
330
C7B
102
}
330
C7B
100
AcDbScale
 70
     0
300
1:30
140
1.0
141
30.0
290
     0
  0
SCALE
  5
C85
102
{ACAD_REACTORS
330
C7B
102
}
330
C7B
100
AcDbScale
 70
     0
300
1:40
140
1.0
141
40.0
290
     0
  0
SCALE
  5
C86
102
{ACAD_REACTORS
330
C7B
102
}
330
C7B
100
AcDbScale
 70
     0
300
1:50
140
1.0
141
50.0
290
     0
  0
SCALE
  5
C87
102
{ACAD_REACTORS
330
C7B
102
}
330
C7B
100
AcDbScale
 70
     0
300
1:100
140
1.0
141
100.0
290
     0
  0
SCALE
  5
C88
102
{ACAD_REACTORS
330
C7B
102
}
330
C7B
100
AcDbScale
 70
     0
300
2:1
140
2.0
141
1.0
290
     0
  0
SCALE
  5
C89
102
{ACAD_REACTORS
330
C7B
102
}
330
C7B
100
AcDbScale
 70
     0
300
4:1
140
4.0
141
1.0
290
     0
  0
SCALE
  5
C8A
102
{ACAD_REACTORS
330
C7B
102
}
330
C7B
100
AcDbScale
 70
     0
300
8:1
140
8.0
141
1.0
290
     0
  0
SCALE
  5
C8B
102
{ACAD_REACTORS
330
C7B
102
}
330
C7B
100
AcDbScale
 70
     0
300
10:1
140
10.0
141
1.0
290
     0
  0
SCALE
  5
C8C
102
{ACAD_REACTORS
330
C7B
102
}
330
C7B
100
AcDbScale
 70
     0
300
100:1
140
100.0
141
1.0
290
     0
  0
SCALE
  5
C8D
102
{ACAD_REACTORS
330
C7B
102
}
330
C7B
100
AcDbScale
 70
     0
300
1/128" = 1'-0"
140
0.0078125
141
12.0
290
     0
  0
SCALE
  5
C8E
102
{ACAD_REACTORS
330
C7B
102
}
330
C7B
100
AcDbScale
 70
     0
300
1/64" = 1'-0"
140
0.015625
141
12.0
290
     0
  0
SCALE
  5
C8F
102
{ACAD_REACTORS
330
C7B
102
}
330
C7B
100
AcDbScale
 70
     0
300
1/32" = 1'-0"
140
0.03125
141
12.0
290
     0
  0
SCALE
  5
C90
102
{ACAD_REACTORS
330
C7B
102
}
330
C7B
100
AcDbScale
 70
     0
300
1/16" = 1'-0"
140
0.0625
141
12.0
290
     0
  0
SCALE
  5
C91
102
{ACAD_REACTORS
330
C7B
102
}
330
C7B
100
AcDbScale
 70
     0
300
3/32" = 1'-0"
140
0.09375
141
12.0
290
     0
  0
SCALE
  5
C92
102
{ACAD_REACTORS
330
C7B
102
}
330
C7B
100
AcDbScale
 70
     0
300
1/8" = 1'-0"
140
0.125
141
12.0
290
     0
  0
SCALE
  5
C93
102
{ACAD_REACTORS
330
C7B
102
}
330
C7B
100
AcDbScale
 70
     0
300
3/16" = 1'-0"
140
0.1875
141
12.0
290
     0
  0
SCALE
  5
C94
102
{ACAD_REACTORS
330
C7B
102
}
330
C7B
100
AcDbScale
 70
     0
300
1/4" = 1'-0"
140
0.25
141
12.0
290
     0
  0
SCALE
  5
C95
102
{ACAD_REACTORS
330
C7B
102
}
330
C7B
100
AcDbScale
 70
     0
300
3/8" = 1'-0"
140
0.375
141
12.0
290
     0
  0
SCALE
  5
C96
102
{ACAD_REACTORS
330
C7B
102
}
330
C7B
100
AcDbScale
 70
     0
300
1/2" = 1'-0"
140
0.5
141
12.0
290
     0
  0
SCALE
  5
C97
102
{ACAD_REACTORS
330
C7B
102
}
330
C7B
100
AcDbScale
 70
     0
300
3/4" = 1'-0"
140
0.75
141
12.0
290
     0
  0
SCALE
  5
C98
102
{ACAD_REACTORS
330
C7B
102
}
330
C7B
100
AcDbScale
 70
     0
300
1" = 1'-0"
140
1.0
141
12.0
290
     0
  0
SCALE
  5
C99
102
{ACAD_REACTORS
330
C7B
102
}
330
C7B
100
AcDbScale
 70
     0
300
1-1/2" = 1'-0"
140
1.5
141
12.0
290
     0
  0
SCALE
  5
C9A
102
{ACAD_REACTORS
330
C7B
102
}
330
C7B
100
AcDbScale
 70
     0
300
3" = 1'-0"
140
3.0
141
12.0
290
     0
  0
SCALE
  5
C9B
102
{ACAD_REACTORS
330
C7B
102
}
330
C7B
100
AcDbScale
 70
     0
300
6" = 1'-0"
140
6.0
141
12.0
290
     0
  0
SCALE
  5
C9C
102
{ACAD_REACTORS
330
C7B
102
}
330
C7B
100
AcDbScale
 70
     0
300
1'-0" = 1'-0"
140
12.0
141
12.0
290
     0
  0
VISUALSTYLE
  5
2F
102
{ACAD_REACTORS
330
2A
102
}
102
{ACAD_XDICTIONARY
360
1CD8
102
}
330
2A
100
AcDbVisualStyle
  2
2dWireframe
 70
     4
 71
     0
 72
     2
 73
     0
 90
        0
 40
-0.6
 41
-30.0
 62
     5
 63
     7
 74
     1
 91
        4
 64
     7
 65
   257
 75
     1
175
     1
 42
1.0
 92
        0
 66
   257
 43
1.0
 76
     1
 77
     6
 78
     2
 67
     7
 79
     5
170
     0
171
     0
290
     0
174
     0
 93
        1
 44
0.0
173
     0
291
     0
 45
0.0
1001
ACAD
1000
AcDbSavedByObjectVersion
1070
     0
  0
VISUALSTYLE
  5
31
102
{ACAD_REACTORS
330
2A
102
}
102
{ACAD_XDICTIONARY
360
1CDC
102
}
330
2A
100
AcDbVisualStyle
  2
3D Hidden
 70
     6
 71
     1
 72
     2
 73
     2
 90
        0
 40
-0.6
 41
-30.0
 62
     5
 63
     7
 74
     2
 91
        2
 64
     7
 65
   257
 75
     2
175
     1
 42
40.0
 92
        0
 66
   257
 43
1.0
 76
     1
 77
     6
 78
     2
 67
     7
 79
     3
170
     0
171
     0
290
     0
174
     0
 93
        1
 44
0.0
173
     0
291
     0
 45
0.0
1001
ACAD
1000
AcDbSavedByObjectVersion
1070
     0
  0
VISUALSTYLE
  5
30
102
{ACAD_REACTORS
330
2A
102
}
102
{ACAD_XDICTIONARY
360
1CDA
102
}
330
2A
100
AcDbVisualStyle
  2
3dWireframe
 70
     5
 71
     0
 72
     2
 73
     0
 90
        0
 40
-0.6
 41
-30.0
 62
     5
 63
     7
 74
     1
 91
        4
 64
     7
 65
   257
 75
     1
175
     1
 42
1.0
 92
        0
 66
   257
 43
1.0
 76
     1
 77
     6
 78
     2
 67
     7
 79
     5
170
     0
171
     0
290
     0
174
     0
 93
        1
 44
0.0
173
     0
291
     0
 45
0.0
1001
ACAD
1000
AcDbSavedByObjectVersion
1070
     0
  0
VISUALSTYLE
  5
32
102
{ACAD_REACTORS
330
2A
102
}
102
{ACAD_XDICTIONARY
360
1CDE
102
}
330
2A
100
AcDbVisualStyle
  2
Basic
 70
     7
 71
     1
 72
     0
 73
     1
 90
        0
 40
-0.6
 41
-30.0
 62
     5
 63
     7
 74
     0
 91
        4
 64
     7
 65
   257
 75
     1
175
     1
 42
1.0
 92
        8
 66
     7
 43
1.0
 76
     1
 77
     6
 78
     2
 67
     7
 79
     5
170
     0
171
     0
290
     0
174
     0
 93
        1
 44
0.0
173
     0
291
     1
 45
0.0
1001
ACAD
1000
AcDbSavedByObjectVersion
1070
     0
  0
VISUALSTYLE
  5
36
102
{ACAD_REACTORS
330
2A
102
}
102
{ACAD_XDICTIONARY
360
1CE6
102
}
330
2A
100
AcDbVisualStyle
  2
Brighten
 70
    12
 71
     2
 72
     2
 73
     0
 90
        0
 40
-0.6
 41
-30.0
 62
     5
 63
     7
 74
     1
 91
        4
 64
     7
 65
   257
 75
     1
175
     1
 42
1.0
 92
        8
 66
     7
 43
1.0
 76
     1
 77
     6
 78
     2
 67
     7
 79
     5
170
     0
171
     0
290
     0
174
     0
 93
        1
 44
50.0
173
     0
291
     1
 45
0.0
1001
ACAD
1000
AcDbSavedByObjectVersion
1070
     0
  0
VISUALSTYLE
  5
3A
102
{ACAD_REACTORS
330
2A
102
}
102
{ACAD_XDICTIONARY
360
1CEE
102
}
330
2A
100
AcDbVisualStyle
  2
ColorChange
 70
    16
 71
     2
 72
     2
 73
     3
 90
        0
 40
-0.6
 41
-30.0
 62
     5
 63
     8
 74
     1
 91
        4
 64
     7
 65
   257
 75
     1
175
     1
 42
1.0
 92
        8
 66
     8
 43
1.0
 76
     1
 77
     6
 78
     2
 67
     7
 79
     5
170
     0
171
     0
290
     0
174
     0
 93
        1
 44
0.0
173
     0
291
     1
 45
0.0
1001
ACAD
1000
AcDbSavedByObjectVersion
1070
     0
  0
VISUALSTYLE
  5
34
102
{ACAD_REACTORS
330
2A
102
}
102
{ACAD_XDICTIONARY
360
1CE2
102
}
330
2A
100
AcDbVisualStyle
  2
Conceptual
 70
     9
 71
     3
 72
     2
 73
     0
 90
        0
 40
-0.6
 41
-30.0
 62
     5
 63
     7
 74
     2
 91
        2
 64
     7
 65
   257
 75
     1
175
     1
 42
40.0
 92
        8
 66
     7
 43
1.0
 76
     1
 77
     6
 78
     2
 67
     7
 79
     3
170
     0
171
     0
290
     0
174
     0
 93
        1
 44
0.0
173
     0
291
     0
 45
0.0
1001
ACAD
1000
AcDbSavedByObjectVersion
1070
     0
  0
VISUALSTYLE
  5
35
102
{ACAD_REACTORS
330
2A
102
}
102
{ACAD_XDICTIONARY
360
1CE4
102
}
330
2A
100
AcDbVisualStyle
  2
Dim
 70
    11
 71
     2
 72
     2
 73
     0
 90
        0
 40
-0.6
 41
-30.0
 62
     5
 63
     7
 74
     1
 91
        4
 64
     7
 65
   257
 75
     1
175
     1
 42
1.0
 92
        8
 66
     7
 43
1.0
 76
     1
 77
     6
 78
     2
 67
     7
 79
     5
170
     0
171
     0
290
     0
174
     0
 93
        1
 44
-50.0
173
     0
291
     1
 45
0.0
1001
ACAD
1000
AcDbSavedByObjectVersion
1070
     0
  0
VISUALSTYLE
  5
39
102
{ACAD_REACTORS
330
2A
102
}
102
{ACAD_XDICTIONARY
360
1CEC
102
}
330
2A
100
AcDbVisualStyle
  2
Facepattern
 70
    15
 71
     2
 72
     2
 73
     0
 90
        0
 40
-0.6
 41
-30.0
 62
     5
 63
     7
 74
     1
 91
        4
 64
     7
 65
   257
 75
     1
175
     1
 42
1.0
 92
        8
 66
     7
 43
1.0
 76
     1
 77
     6
 78
     2
 67
     7
 79
     5
170
     0
171
     0
290
     0
174
     0
 93
        1
 44
0.0
173
     0
291
     1
 45
0.0
1001
ACAD
1000
AcDbSavedByObjectVersion
1070
     0
  0
VISUALSTYLE
  5
2B
102
{ACAD_REACTORS
330
2A
102
}
102
{ACAD_XDICTIONARY
360
1CD0
102
}
330
2A
100
AcDbVisualStyle
  2
Flat
 70
     0
 71
     2
 72
     1
 73
     1
 90
        2
 40
-0.6
 41
30.0
 62
     5
 63
     7
 74
     0
 91
        4
 64
     7
 65
   257
 75
     1
175
     1
 42
1.0
 92
        8
 66
     7
 43
1.0
 76
     1
 77
     6
 78
     2
 67
     7
 79
     5
170
     0
171
     0
290
     0
174
     0
 93
       13
 44
0.0
173
     0
291
     1
 45
0.0
1001
ACAD
1000
AcDbSavedByObjectVersion
1070
     0
  0
VISUALSTYLE
  5
2C
102
{ACAD_REACTORS
330
2A
102
}
102
{ACAD_XDICTIONARY
360
1CD2
102
}
330
2A
100
AcDbVisualStyle
  2
FlatWithEdges
 70
     1
 71
     2
 72
     1
 73
     1
 90
        2
 40
-0.6
 41
30.0
 62
     5
 63
     7
 74
     1
 91
        4
 64
     7
 65
   257
 75
     1
175
     1
 42
1.0
 92
        0
 66
   257
 43
1.0
 76
     1
 77
     6
 78
     2
 67
     7
 79
     5
170
     0
171
     0
290
     0
174
     0
 93
       13
 44
0.0
173
     0
291
     1
 45
0.0
1001
ACAD
1000
AcDbSavedByObjectVersion
1070
     0
  0
VISUALSTYLE
  5
2D
102
{ACAD_REACTORS
330
2A
102
}
102
{ACAD_XDICTIONARY
360
1CD4
102
}
330
2A
100
AcDbVisualStyle
  2
Gouraud
 70
     2
 71
     2
 72
     2
 73
     1
 90
        2
 40
-0.6
 41
30.0
 62
     5
 63
     7
 74
     0
 91
        4
 64
     7
 65
   257
 75
     1
175
     1
 42
1.0
 92
        0
 66
     7
 43
1.0
 76
     1
 77
     6
 78
     2
 67
     7
 79
     5
170
     0
171
     0
290
     0
174
     0
 93
       13
 44
0.0
173
     0
291
     1
 45
0.0
1001
ACAD
1000
AcDbSavedByObjectVersion
1070
     0
  0
VISUALSTYLE
  5
2E
102
{ACAD_REACTORS
330
2A
102
}
102
{ACAD_XDICTIONARY
360
1CD6
102
}
330
2A
100
AcDbVisualStyle
  2
GouraudWithEdges
 70
     3
 71
     2
 72
     2
 73
     1
 90
        2
 40
-0.6
 41
30.0
 62
     5
 63
     7
 74
     1
 91
        4
 64
     7
 65
   257
 75
     1
175
     1
 42
1.0
 92
        0
 66
   257
 43
1.0
 76
     1
 77
     6
 78
     2
 67
     7
 79
     5
170
     0
171
     0
290
     0
174
     0
 93
       13
 44
0.0
173
     0
291
     1
 45
0.0
1001
ACAD
1000
AcDbSavedByObjectVersion
1070
     0
  0
VISUALSTYLE
  5
38
102
{ACAD_REACTORS
330
2A
102
}
102
{ACAD_XDICTIONARY
360
1CEA
102
}
330
2A
100
AcDbVisualStyle
  2
Linepattern
 70
    14
 71
     2
 72
     2
 73
     0
 90
        0
 40
-0.6
 41
-30.0
 62
     5
 63
     7
 74
     1
 91
        4
 64
     7
 65
   257
 75
     7
175
     7
 42
1.0
 92
        8
 66
     7
 43
1.0
 76
     1
 77
     6
 78
     2
 67
     7
 79
     5
170
     0
171
     0
290
     0
174
     0
 93
        1
 44
0.0
173
     0
291
     1
 45
0.0
1001
ACAD
1000
AcDbSavedByObjectVersion
1070
     0
  0
VISUALSTYLE
  5
33
102
{ACAD_REACTORS
330
2A
102
}
102
{ACAD_XDICTIONARY
360
1CE0
102
}
330
2A
100
AcDbVisualStyle
  2
Realistic
 70
     8
 71
     2
 72
     2
 73
     0
 90
        0
 40
-0.6
 41
-30.0
 62
     5
 63
     7
 74
     1
 91
        0
 64
     7
 65
   257
 75
     1
175
     1
 42
1.0
 92
        8
 66
     8
 43
1.0
 76
     1
 77
     6
 78
     2
 67
     7
 79
     5
170
     0
171
     0
290
     0
174
     0
 93
       13
 44
0.0
173
     0
291
     0
 45
0.0
1001
ACAD
1000
AcDbSavedByObjectVersion
1070
     0
  0
VISUALSTYLE
  5
37
102
{ACAD_REACTORS
330
2A
102
}
102
{ACAD_XDICTIONARY
360
1CE8
102
}
330
2A
100
AcDbVisualStyle
  2
Thicken
 70
    13
 71
     2
 72
     2
 73
     0
 90
        0
 40
-0.6
 41
-30.0
 62
     5
 63
     7
 74
     1
 91
        4
 64
     7
 65
   257
 75
     1
175
     1
 42
1.0
 92
       12
 66
     7
 43
1.0
 76
     1
 77
     6
 78
     2
 67
     7
 79
     5
170
     0
171
     0
290
     0
174
     0
 93
        1
 44
0.0
173
     0
291
     1
 45
0.0
1001
ACAD
1000
AcDbSavedByObjectVersion
1070
     0
  0
DICTIONARYVAR
  5
1CCD
102
{ACAD_REACTORS
330
1CC8
102
}
330
1CC8
100
DictionaryVariables
280
     0
  1
1:1
  0
DICTIONARYVAR
  5
1CCE
102
{ACAD_REACTORS
330
1CC8
102
}
330
1CC8
100
DictionaryVariables
280
     0
  1
2
  0
DICTIONARYVAR
  5
1CCF
102
{ACAD_REACTORS
330
1CC8
102
}
330
1CC8
100
DictionaryVariables
280
     0
  1
1
  0
DICTIONARYVAR
  5
1CCC
102
{ACAD_REACTORS
330
1CC8
102
}
330
1CC8
100
DictionaryVariables
280
     0
  1
80.000000
  0
DICTIONARYVAR
  5
1CCB
102
{ACAD_REACTORS
330
1CC8
102
}
330
1CC8
100
DictionaryVariables
280
     0
  1
5.000000
  0
DICTIONARY
  5
1CF2
330
3D
100
AcDbDictionary
280
     1
281
     1
  3
ACAD_XREC_ROUNDTRIP
360
1CF3
  0
DICTIONARY
  5
1CF0
330
3C
100
AcDbDictionary
280
     1
281
     1
  3
ACAD_XREC_ROUNDTRIP
360
1CF1
  0
DICTIONARY
  5
1CF4
330
3E
100
AcDbDictionary
280
     1
281
     1
  3
ACAD_XREC_ROUNDTRIP
360
1CF5
  0
DICTIONARY
  5
1CD8
330
2F
100
AcDbDictionary
280
     1
281
     1
  3
ACAD_XREC_ROUNDTRIP
360
1CD9
  0
DICTIONARY
  5
1CDC
330
31
100
AcDbDictionary
280
     1
281
     1
  3
ACAD_XREC_ROUNDTRIP
360
1CDD
  0
DICTIONARY
  5
1CDA
330
30
100
AcDbDictionary
280
     1
281
     1
  3
ACAD_XREC_ROUNDTRIP
360
1CDB
  0
DICTIONARY
  5
1CDE
330
32
100
AcDbDictionary
280
     1
281
     1
  3
ACAD_XREC_ROUNDTRIP
360
1CDF
  0
DICTIONARY
  5
1CE6
330
36
100
AcDbDictionary
280
     1
281
     1
  3
ACAD_XREC_ROUNDTRIP
360
1CE7
  0
DICTIONARY
  5
1CEE
330
3A
100
AcDbDictionary
280
     1
281
     1
  3
ACAD_XREC_ROUNDTRIP
360
1CEF
  0
DICTIONARY
  5
1CE2
330
34
100
AcDbDictionary
280
     1
281
     1
  3
ACAD_XREC_ROUNDTRIP
360
1CE3
  0
DICTIONARY
  5
1CE4
330
35
100
AcDbDictionary
280
     1
281
     1
  3
ACAD_XREC_ROUNDTRIP
360
1CE5
  0
DICTIONARY
  5
1CEC
330
39
100
AcDbDictionary
280
     1
281
     1
  3
ACAD_XREC_ROUNDTRIP
360
1CED
  0
DICTIONARY
  5
1CD0
330
2B
100
AcDbDictionary
280
     1
281
     1
  3
ACAD_XREC_ROUNDTRIP
360
1CD1
  0
DICTIONARY
  5
1CD2
330
2C
100
AcDbDictionary
280
     1
281
     1
  3
ACAD_XREC_ROUNDTRIP
360
1CD3
  0
DICTIONARY
  5
1CD4
330
2D
100
AcDbDictionary
280
     1
281
     1
  3
ACAD_XREC_ROUNDTRIP
360
1CD5
  0
DICTIONARY
  5
1CD6
330
2E
100
AcDbDictionary
280
     1
281
     1
  3
ACAD_XREC_ROUNDTRIP
360
1CD7
  0
DICTIONARY
  5
1CEA
330
38
100
AcDbDictionary
280
     1
281
     1
  3
ACAD_XREC_ROUNDTRIP
360
1CEB
  0
DICTIONARY
  5
1CE0
330
33
100
AcDbDictionary
280
     1
281
     1
  3
ACAD_XREC_ROUNDTRIP
360
1CE1
  0
DICTIONARY
  5
1CE8
330
37
100
AcDbDictionary
280
     1
281
     1
  3
ACAD_XREC_ROUNDTRIP
360
1CE9
  0
XRECORD
  5
1CF3
102
{ACAD_REACTORS
330
1CF2
102
}
330
1CF2
100
AcDbXrecord
280
     1
102
MATERIAL
148
0.0
149
0.0
149
0.0
 93
        0
 94
      127
282
     0
 72
     1
 77
     1
171
     1
175
     1
179
     1
273
     0
  0
XRECORD
  5
1CF1
102
{ACAD_REACTORS
330
1CF0
102
}
330
1CF0
100
AcDbXrecord
280
     1
102
MATERIAL
148
0.0
149
0.0
149
0.0
 93
        0
 94
      127
282
     0
 72
     1
 77
     1
171
     1
175
     1
179
     1
273
     0
  0
XRECORD
  5
1CF5
102
{ACAD_REACTORS
330
1CF4
102
}
330
1CF4
100
AcDbXrecord
280
     1
102
MATERIAL
148
0.0
149
0.0
149
0.0
 93
        0
 94
      127
282
     0
 72
     1
 77
     1
171
     1
175
     1
179
     1
273
     0
  0
XRECORD
  5
1CD9
102
{ACAD_REACTORS
330
1CD8
102
}
330
1CD8
100
AcDbXrecord
280
     1
102
RTVSPropertyOp0
 70
     1
102
RTVSPropertyOp1
 70
     1
102
RTVSPropertyOp2
 70
     1
102
RTVSPropertyOp3
 70
     1
102
RTVSPropertyOp4
 70
     1
102
RTVSPropertyOp5
 70
     1
102
RTVSPropertyOp6
 70
     1
102
RTVSPropertyOp7
 70
     1
102
RTVSPropertyOp8
 70
     1
102
RTVSPropertyOp9
 70
     1
102
RTVSPropertyOp10
 70
     1
102
RTVSPropertyOp11
 70
     1
102
RTVSPropertyOp12
 70
     1
102
RTVSPropertyOp13
 70
     1
102
RTVSPropertyOp14
 70
     1
102
RTVSPropertyOp15
 70
     1
102
RTVSPropertyOp16
 70
     1
102
RTVSPropertyOp17
 70
     1
102
RTVSPropertyOp18
 70
     1
102
RTVSPropertyOp19
 70
     1
102
RTVSPropertyOp20
 70
     1
102
RTVSPropertyOp21
 70
     1
102
RTVSPropertyOp22
 70
     1
102
RTVSPropertyOp23
 70
     1
102
RTVSPropertyOp24
 70
     1
102
RTVSPropertyOp25
 70
     1
102
RTVSPropertyOp26
 70
     1
102
RTVSPropertyOp27
 70
     1
  0
XRECORD
  5
1CDD
102
{ACAD_REACTORS
330
1CDC
102
}
330
1CDC
100
AcDbXrecord
280
     1
102
RTVSPropertyOp0
 70
     1
102
RTVSPropertyOp1
 70
     1
102
RTVSPropertyOp2
 70
     1
102
RTVSPropertyOp3
 70
     1
102
RTVSPropertyOp4
 70
     1
102
RTVSPropertyOp5
 70
     1
102
RTVSPropertyOp6
 70
     1
102
RTVSPropertyOp7
 70
     1
102
RTVSPropertyOp8
 70
     1
102
RTVSPropertyOp9
 70
     1
102
RTVSPropertyOp10
 70
     1
102
RTVSPropertyOp11
 70
     1
102
RTVSPropertyOp12
 70
     1
102
RTVSPropertyOp13
 70
     1
102
RTVSPropertyOp14
 70
     1
102
RTVSPropertyOp15
 70
     1
102
RTVSPropertyOp16
 70
     1
102
RTVSPropertyOp17
 70
     1
102
RTVSPropertyOp18
 70
     1
102
RTVSPropertyOp19
 70
     1
102
RTVSPropertyOp20
 70
     1
102
RTVSPropertyOp21
 70
     1
102
RTVSPropertyOp22
 70
     1
102
RTVSPropertyOp23
 70
     1
102
RTVSPropertyOp24
 70
     1
102
RTVSPropertyOp25
 70
     1
102
RTVSPropertyOp26
 70
     1
102
RTVSPropertyOp27
 70
     1
  0
XRECORD
  5
1CDB
102
{ACAD_REACTORS
330
1CDA
102
}
330
1CDA
100
AcDbXrecord
280
     1
102
RTVSPropertyOp0
 70
     1
102
RTVSPropertyOp1
 70
     1
102
RTVSPropertyOp2
 70
     1
102
RTVSPropertyOp3
 70
     1
102
RTVSPropertyOp4
 70
     1
102
RTVSPropertyOp5
 70
     1
102
RTVSPropertyOp6
 70
     1
102
RTVSPropertyOp7
 70
     1
102
RTVSPropertyOp8
 70
     1
102
RTVSPropertyOp9
 70
     1
102
RTVSPropertyOp10
 70
     1
102
RTVSPropertyOp11
 70
     1
102
RTVSPropertyOp12
 70
     1
102
RTVSPropertyOp13
 70
     1
102
RTVSPropertyOp14
 70
     1
102
RTVSPropertyOp15
 70
     1
102
RTVSPropertyOp16
 70
     1
102
RTVSPropertyOp17
 70
     1
102
RTVSPropertyOp18
 70
     1
102
RTVSPropertyOp19
 70
     1
102
RTVSPropertyOp20
 70
     1
102
RTVSPropertyOp21
 70
     1
102
RTVSPropertyOp22
 70
     1
102
RTVSPropertyOp23
 70
     1
102
RTVSPropertyOp24
 70
     1
102
RTVSPropertyOp25
 70
     1
102
RTVSPropertyOp26
 70
     1
102
RTVSPropertyOp27
 70
     1
  0
XRECORD
  5
1CDF
102
{ACAD_REACTORS
330
1CDE
102
}
330
1CDE
100
AcDbXrecord
280
     1
102
RTVSPropertyOp0
 70
     1
102
RTVSPropertyOp1
 70
     1
102
RTVSPropertyOp2
 70
     1
102
RTVSPropertyOp3
 70
     1
102
RTVSPropertyOp4
 70
     1
102
RTVSPropertyOp5
 70
     1
102
RTVSPropertyOp6
 70
     1
102
RTVSPropertyOp7
 70
     1
102
RTVSPropertyOp8
 70
     1
102
RTVSPropertyOp9
 70
     1
102
RTVSPropertyOp10
 70
     1
102
RTVSPropertyOp11
 70
     1
102
RTVSPropertyOp12
 70
     1
102
RTVSPropertyOp13
 70
     1
102
RTVSPropertyOp14
 70
     1
102
RTVSPropertyOp15
 70
     1
102
RTVSPropertyOp16
 70
     1
102
RTVSPropertyOp17
 70
     1
102
RTVSPropertyOp18
 70
     1
102
RTVSPropertyOp19
 70
     1
102
RTVSPropertyOp20
 70
     1
102
RTVSPropertyOp21
 70
     1
102
RTVSPropertyOp22
 70
     1
102
RTVSPropertyOp23
 70
     1
102
RTVSPropertyOp24
 70
     1
102
RTVSPropertyOp25
 70
     1
102
RTVSPropertyOp26
 70
     1
102
RTVSPropertyOp27
 70
     1
  0
XRECORD
  5
1CE7
102
{ACAD_REACTORS
330
1CE6
102
}
330
1CE6
100
AcDbXrecord
280
     1
102
RTVSPropertyOp0
 70
     1
102
RTVSPropertyOp1
 70
     1
102
RTVSPropertyOp2
 70
     1
102
RTVSPropertyOp3
 70
     1
102
RTVSPropertyOp4
 70
     1
102
RTVSPropertyOp5
 70
     1
102
RTVSPropertyOp6
 70
     1
102
RTVSPropertyOp7
 70
     1
102
RTVSPropertyOp8
 70
     1
102
RTVSPropertyOp9
 70
     1
102
RTVSPropertyOp10
 70
     1
102
RTVSPropertyOp11
 70
     1
102
RTVSPropertyOp12
 70
     1
102
RTVSPropertyOp13
 70
     1
102
RTVSPropertyOp14
 70
     1
102
RTVSPropertyOp15
 70
     1
102
RTVSPropertyOp16
 70
     1
102
RTVSPropertyOp17
 70
     1
102
RTVSPropertyOp18
 70
     1
102
RTVSPropertyOp19
 70
     1
102
RTVSPropertyOp20
 70
     1
102
RTVSPropertyOp21
 70
     1
102
RTVSPropertyOp22
 70
     1
102
RTVSPropertyOp23
 70
     1
102
RTVSPropertyOp24
 70
     1
102
RTVSPropertyOp25
 70
     1
102
RTVSPropertyOp26
 70
     1
102
RTVSPropertyOp27
 70
     1
  0
XRECORD
  5
1CEF
102
{ACAD_REACTORS
330
1CEE
102
}
330
1CEE
100
AcDbXrecord
280
     1
102
RTVSPropertyOp0
 70
     1
102
RTVSPropertyOp1
 70
     1
102
RTVSPropertyOp2
 70
     1
102
RTVSPropertyOp3
 70
     1
102
RTVSPropertyOp4
 70
     1
102
RTVSPropertyOp5
 70
     1
102
RTVSPropertyOp6
 70
     1
102
RTVSPropertyOp7
 70
     1
102
RTVSPropertyOp8
 70
     1
102
RTVSPropertyOp9
 70
     1
102
RTVSPropertyOp10
 70
     1
102
RTVSPropertyOp11
 70
     1
102
RTVSPropertyOp12
 70
     1
102
RTVSPropertyOp13
 70
     1
102
RTVSPropertyOp14
 70
     1
102
RTVSPropertyOp15
 70
     1
102
RTVSPropertyOp16
 70
     1
102
RTVSPropertyOp17
 70
     1
102
RTVSPropertyOp18
 70
     1
102
RTVSPropertyOp19
 70
     1
102
RTVSPropertyOp20
 70
     1
102
RTVSPropertyOp21
 70
     1
102
RTVSPropertyOp22
 70
     1
102
RTVSPropertyOp23
 70
     1
102
RTVSPropertyOp24
 70
     1
102
RTVSPropertyOp25
 70
     1
102
RTVSPropertyOp26
 70
     1
102
RTVSPropertyOp27
 70
     1
  0
XRECORD
  5
1CE3
102
{ACAD_REACTORS
330
1CE2
102
}
330
1CE2
100
AcDbXrecord
280
     1
102
RTVSPropertyOp0
 70
     1
102
RTVSPropertyOp1
 70
     1
102
RTVSPropertyOp2
 70
     1
102
RTVSPropertyOp3
 70
     1
102
RTVSPropertyOp4
 70
     1
102
RTVSPropertyOp5
 70
     1
102
RTVSPropertyOp6
 70
     1
102
RTVSPropertyOp7
 70
     1
102
RTVSPropertyOp8
 70
     1
102
RTVSPropertyOp9
 70
     1
102
RTVSPropertyOp10
 70
     1
102
RTVSPropertyOp11
 70
     1
102
RTVSPropertyOp12
 70
     1
102
RTVSPropertyOp13
 70
     1
102
RTVSPropertyOp14
 70
     1
102
RTVSPropertyOp15
 70
     1
102
RTVSPropertyOp16
 70
     1
102
RTVSPropertyOp17
 70
     1
102
RTVSPropertyOp18
 70
     1
102
RTVSPropertyOp19
 70
     1
102
RTVSPropertyOp20
 70
     1
102
RTVSPropertyOp21
 70
     1
102
RTVSPropertyOp22
 70
     1
102
RTVSPropertyOp23
 70
     1
102
RTVSPropertyOp24
 70
     1
102
RTVSPropertyOp25
 70
     1
102
RTVSPropertyOp26
 70
     1
102
RTVSPropertyOp27
 70
     1
  0
XRECORD
  5
1CE5
102
{ACAD_REACTORS
330
1CE4
102
}
330
1CE4
100
AcDbXrecord
280
     1
102
RTVSPropertyOp0
 70
     1
102
RTVSPropertyOp1
 70
     1
102
RTVSPropertyOp2
 70
     1
102
RTVSPropertyOp3
 70
     1
102
RTVSPropertyOp4
 70
     1
102
RTVSPropertyOp5
 70
     1
102
RTVSPropertyOp6
 70
     1
102
RTVSPropertyOp7
 70
     1
102
RTVSPropertyOp8
 70
     1
102
RTVSPropertyOp9
 70
     1
102
RTVSPropertyOp10
 70
     1
102
RTVSPropertyOp11
 70
     1
102
RTVSPropertyOp12
 70
     1
102
RTVSPropertyOp13
 70
     1
102
RTVSPropertyOp14
 70
     1
102
RTVSPropertyOp15
 70
     1
102
RTVSPropertyOp16
 70
     1
102
RTVSPropertyOp17
 70
     1
102
RTVSPropertyOp18
 70
     1
102
RTVSPropertyOp19
 70
     1
102
RTVSPropertyOp20
 70
     1
102
RTVSPropertyOp21
 70
     1
102
RTVSPropertyOp22
 70
     1
102
RTVSPropertyOp23
 70
     1
102
RTVSPropertyOp24
 70
     1
102
RTVSPropertyOp25
 70
     1
102
RTVSPropertyOp26
 70
     1
102
RTVSPropertyOp27
 70
     1
  0
XRECORD
  5
1CED
102
{ACAD_REACTORS
330
1CEC
102
}
330
1CEC
100
AcDbXrecord
280
     1
102
RTVSPropertyOp0
 70
     1
102
RTVSPropertyOp1
 70
     1
102
RTVSPropertyOp2
 70
     1
102
RTVSPropertyOp3
 70
     1
102
RTVSPropertyOp4
 70
     1
102
RTVSPropertyOp5
 70
     1
102
RTVSPropertyOp6
 70
     1
102
RTVSPropertyOp7
 70
     1
102
RTVSPropertyOp8
 70
     1
102
RTVSPropertyOp9
 70
     1
102
RTVSPropertyOp10
 70
     1
102
RTVSPropertyOp11
 70
     1
102
RTVSPropertyOp12
 70
     1
102
RTVSPropertyOp13
 70
     1
102
RTVSPropertyOp14
 70
     1
102
RTVSPropertyOp15
 70
     1
102
RTVSPropertyOp16
 70
     1
102
RTVSPropertyOp17
 70
     1
102
RTVSPropertyOp18
 70
     1
102
RTVSPropertyOp19
 70
     1
102
RTVSPropertyOp20
 70
     1
102
RTVSPropertyOp21
 70
     1
102
RTVSPropertyOp22
 70
     1
102
RTVSPropertyOp23
 70
     1
102
RTVSPropertyOp24
 70
     1
102
RTVSPropertyOp25
 70
     1
102
RTVSPropertyOp26
 70
     1
102
RTVSPropertyOp27
 70
     1
  0
XRECORD
  5
1CD1
102
{ACAD_REACTORS
330
1CD0
102
}
330
1CD0
100
AcDbXrecord
280
     1
102
RTVSPropertyOp0
 70
     1
102
RTVSPropertyOp1
 70
     1
102
RTVSPropertyOp2
 70
     1
102
RTVSPropertyOp3
 70
     1
102
RTVSPropertyOp4
 70
     1
102
RTVSPropertyOp5
 70
     1
102
RTVSPropertyOp6
 70
     1
102
RTVSPropertyOp7
 70
     1
102
RTVSPropertyOp8
 70
     1
102
RTVSPropertyOp9
 70
     1
102
RTVSPropertyOp10
 70
     1
102
RTVSPropertyOp11
 70
     1
102
RTVSPropertyOp12
 70
     1
102
RTVSPropertyOp13
 70
     1
102
RTVSPropertyOp14
 70
     1
102
RTVSPropertyOp15
 70
     1
102
RTVSPropertyOp16
 70
     1
102
RTVSPropertyOp17
 70
     1
102
RTVSPropertyOp18
 70
     1
102
RTVSPropertyOp19
 70
     1
102
RTVSPropertyOp20
 70
     1
102
RTVSPropertyOp21
 70
     1
102
RTVSPropertyOp22
 70
     1
102
RTVSPropertyOp23
 70
     1
102
RTVSPropertyOp24
 70
     1
102
RTVSPropertyOp25
 70
     1
102
RTVSPropertyOp26
 70
     1
102
RTVSPropertyOp27
 70
     1
  0
XRECORD
  5
1CD3
102
{ACAD_REACTORS
330
1CD2
102
}
330
1CD2
100
AcDbXrecord
280
     1
102
RTVSPropertyOp0
 70
     1
102
RTVSPropertyOp1
 70
     1
102
RTVSPropertyOp2
 70
     1
102
RTVSPropertyOp3
 70
     1
102
RTVSPropertyOp4
 70
     1
102
RTVSPropertyOp5
 70
     1
102
RTVSPropertyOp6
 70
     1
102
RTVSPropertyOp7
 70
     1
102
RTVSPropertyOp8
 70
     1
102
RTVSPropertyOp9
 70
     1
102
RTVSPropertyOp10
 70
     1
102
RTVSPropertyOp11
 70
     1
102
RTVSPropertyOp12
 70
     1
102
RTVSPropertyOp13
 70
     1
102
RTVSPropertyOp14
 70
     1
102
RTVSPropertyOp15
 70
     1
102
RTVSPropertyOp16
 70
     1
102
RTVSPropertyOp17
 70
     1
102
RTVSPropertyOp18
 70
     1
102
RTVSPropertyOp19
 70
     1
102
RTVSPropertyOp20
 70
     1
102
RTVSPropertyOp21
 70
     1
102
RTVSPropertyOp22
 70
     1
102
RTVSPropertyOp23
 70
     1
102
RTVSPropertyOp24
 70
     1
102
RTVSPropertyOp25
 70
     1
102
RTVSPropertyOp26
 70
     1
102
RTVSPropertyOp27
 70
     1
  0
XRECORD
  5
1CD5
102
{ACAD_REACTORS
330
1CD4
102
}
330
1CD4
100
AcDbXrecord
280
     1
102
RTVSPropertyOp0
 70
     1
102
RTVSPropertyOp1
 70
     1
102
RTVSPropertyOp2
 70
     1
102
RTVSPropertyOp3
 70
     1
102
RTVSPropertyOp4
 70
     1
102
RTVSPropertyOp5
 70
     1
102
RTVSPropertyOp6
 70
     1
102
RTVSPropertyOp7
 70
     1
102
RTVSPropertyOp8
 70
     1
102
RTVSPropertyOp9
 70
     1
102
RTVSPropertyOp10
 70
     1
102
RTVSPropertyOp11
 70
     1
102
RTVSPropertyOp12
 70
     1
102
RTVSPropertyOp13
 70
     1
102
RTVSPropertyOp14
 70
     1
102
RTVSPropertyOp15
 70
     1
102
RTVSPropertyOp16
 70
     1
102
RTVSPropertyOp17
 70
     1
102
RTVSPropertyOp18
 70
     1
102
RTVSPropertyOp19
 70
     1
102
RTVSPropertyOp20
 70
     1
102
RTVSPropertyOp21
 70
     1
102
RTVSPropertyOp22
 70
     1
102
RTVSPropertyOp23
 70
     1
102
RTVSPropertyOp24
 70
     1
102
RTVSPropertyOp25
 70
     1
102
RTVSPropertyOp26
 70
     1
102
RTVSPropertyOp27
 70
     1
  0
XRECORD
  5
1CD7
102
{ACAD_REACTORS
330
1CD6
102
}
330
1CD6
100
AcDbXrecord
280
     1
102
RTVSPropertyOp0
 70
     1
102
RTVSPropertyOp1
 70
     1
102
RTVSPropertyOp2
 70
     1
102
RTVSPropertyOp3
 70
     1
102
RTVSPropertyOp4
 70
     1
102
RTVSPropertyOp5
 70
     1
102
RTVSPropertyOp6
 70
     1
102
RTVSPropertyOp7
 70
     1
102
RTVSPropertyOp8
 70
     1
102
RTVSPropertyOp9
 70
     1
102
RTVSPropertyOp10
 70
     1
102
RTVSPropertyOp11
 70
     1
102
RTVSPropertyOp12
 70
     1
102
RTVSPropertyOp13
 70
     1
102
RTVSPropertyOp14
 70
     1
102
RTVSPropertyOp15
 70
     1
102
RTVSPropertyOp16
 70
     1
102
RTVSPropertyOp17
 70
     1
102
RTVSPropertyOp18
 70
     1
102
RTVSPropertyOp19
 70
     1
102
RTVSPropertyOp20
 70
     1
102
RTVSPropertyOp21
 70
     1
102
RTVSPropertyOp22
 70
     1
102
RTVSPropertyOp23
 70
     1
102
RTVSPropertyOp24
 70
     1
102
RTVSPropertyOp25
 70
     1
102
RTVSPropertyOp26
 70
     1
102
RTVSPropertyOp27
 70
     1
  0
XRECORD
  5
1CEB
102
{ACAD_REACTORS
330
1CEA
102
}
330
1CEA
100
AcDbXrecord
280
     1
102
RTVSPropertyOp0
 70
     1
102
RTVSPropertyOp1
 70
     1
102
RTVSPropertyOp2
 70
     1
102
RTVSPropertyOp3
 70
     1
102
RTVSPropertyOp4
 70
     1
102
RTVSPropertyOp5
 70
     1
102
RTVSPropertyOp6
 70
     1
102
RTVSPropertyOp7
 70
     1
102
RTVSPropertyOp8
 70
     1
102
RTVSPropertyOp9
 70
     1
102
RTVSPropertyOp10
 70
     1
102
RTVSPropertyOp11
 70
     1
102
RTVSPropertyOp12
 70
     1
102
RTVSPropertyOp13
 70
     1
102
RTVSPropertyOp14
 70
     1
102
RTVSPropertyOp15
 70
     1
102
RTVSPropertyOp16
 70
     1
102
RTVSPropertyOp17
 70
     1
102
RTVSPropertyOp18
 70
     1
102
RTVSPropertyOp19
 70
     1
102
RTVSPropertyOp20
 70
     1
102
RTVSPropertyOp21
 70
     1
102
RTVSPropertyOp22
 70
     1
102
RTVSPropertyOp23
 70
     1
102
RTVSPropertyOp24
 70
     1
102
RTVSPropertyOp25
 70
     1
102
RTVSPropertyOp26
 70
     1
102
RTVSPropertyOp27
 70
     1
  0
XRECORD
  5
1CE1
102
{ACAD_REACTORS
330
1CE0
102
}
330
1CE0
100
AcDbXrecord
280
     1
102
RTVSPropertyOp0
 70
     1
102
RTVSPropertyOp1
 70
     1
102
RTVSPropertyOp2
 70
     1
102
RTVSPropertyOp3
 70
     1
102
RTVSPropertyOp4
 70
     1
102
RTVSPropertyOp5
 70
     1
102
RTVSPropertyOp6
 70
     1
102
RTVSPropertyOp7
 70
     1
102
RTVSPropertyOp8
 70
     1
102
RTVSPropertyOp9
 70
     1
102
RTVSPropertyOp10
 70
     1
102
RTVSPropertyOp11
 70
     1
102
RTVSPropertyOp12
 70
     1
102
RTVSPropertyOp13
 70
     1
102
RTVSPropertyOp14
 70
     1
102
RTVSPropertyOp15
 70
     1
102
RTVSPropertyOp16
 70
     1
102
RTVSPropertyOp17
 70
     1
102
RTVSPropertyOp18
 70
     1
102
RTVSPropertyOp19
 70
     1
102
RTVSPropertyOp20
 70
     1
102
RTVSPropertyOp21
 70
     1
102
RTVSPropertyOp22
 70
     1
102
RTVSPropertyOp23
 70
     1
102
RTVSPropertyOp24
 70
     1
102
RTVSPropertyOp25
 70
     1
102
RTVSPropertyOp26
 70
     1
102
RTVSPropertyOp27
 70
     1
  0
XRECORD
  5
1CE9
102
{ACAD_REACTORS
330
1CE8
102
}
330
1CE8
100
AcDbXrecord
280
     1
102
RTVSPropertyOp0
 70
     1
102
RTVSPropertyOp1
 70
     1
102
RTVSPropertyOp2
 70
     1
102
RTVSPropertyOp3
 70
     1
102
RTVSPropertyOp4
 70
     1
102
RTVSPropertyOp5
 70
     1
102
RTVSPropertyOp6
 70
     1
102
RTVSPropertyOp7
 70
     1
102
RTVSPropertyOp8
 70
     1
102
RTVSPropertyOp9
 70
     1
102
RTVSPropertyOp10
 70
     1
102
RTVSPropertyOp11
 70
     1
102
RTVSPropertyOp12
 70
     1
102
RTVSPropertyOp13
 70
     1
102
RTVSPropertyOp14
 70
     1
102
RTVSPropertyOp15
 70
     1
102
RTVSPropertyOp16
 70
     1
102
RTVSPropertyOp17
 70
     1
102
RTVSPropertyOp18
 70
     1
102
RTVSPropertyOp19
 70
     1
102
RTVSPropertyOp20
 70
     1
102
RTVSPropertyOp21
 70
     1
102
RTVSPropertyOp22
 70
     1
102
RTVSPropertyOp23
 70
     1
102
RTVSPropertyOp24
 70
     1
102
RTVSPropertyOp25
 70
     1
102
RTVSPropertyOp26
 70
     1
102
RTVSPropertyOp27
 70
     1
  0
ENDSEC
  0
EOF
