ISO-10303-21;
HEADER;
FILE_DESCRIPTION(('no description'),'unknown implementation level');
FILE_NAME('solidSQoDEld03ti5nBM2VQIpdjLgGRQ_1.STP','  ',('CIMSOURCE GmbH'),('CADClick - KiM GmbH - www.kimweb.de'),'unknown preprocess','ACIS','unknown authorization');
FILE_SCHEMA(('automotive_design'));
ENDSEC;
DATA;
#1=MECHANICAL_DESIGN_GEOMETRIC_PRESENTATION_REPRESENTATION(' ',(#14,#15,#16,#17,#18,#19,#20,#21,#22,#23,#24,#25,#26,#27,#28,#29,#30,#31,#32,#33,#34,#35,#36,#37,#38,#39,#40,#41,#42,#43,#44,#45,#46,#47,#48,#49,#50,#51,#52,#53,#54,#55,#56,#57,#58,#59,#60,#61,#62,#63,#64,#65,#66,#67,#68,#69,#70,#71,#72,#73,#74,#75,#76,#77,#78,#79,#80,#81,#82,#83,#84,#85,#86,#87,#88,#89,#90,#91,#92,#93,#94,#95,#96,#97,#98,#99,#100,#101,#102,#103,#104,#105,#106,#107,#108,#109,#110,#111,#112,#113,#114,#115,#116,#117,#118,#119,#120,#121,#122,#123,#124,#125,#126,#127,#128,#129,#130,#131,#132,#133,#134,#135,#136,#137,#138,#139,#140,#141,#142,#143,#144,#145,#146,#147,#148,#149,#150,#151,#152,#153,#154,#155,#156,#157,#158,#159,#160,#161,#162,#163,#164,#165,#166,#167,#168,#169,#170,#171,#172,#173,#174,#175,#176,#177,#178,#179,#180,#181,#182,#183,#184,#185,#186,#187,#188,#189,#190,#191,#192,#193,#194),#10);
#2=PRODUCT_DEFINITION_CONTEXT('',#195,'design');
#3=APPLICATION_PROTOCOL_DEFINITION('INTERNATIONAL STANDARD','automotive_design',1994,#195);
#4=PRODUCT_CATEGORY_RELATIONSHIP('NONE','NONE',#196,#197);
#5=SHAPE_DEFINITION_REPRESENTATION(#198,#199);
#6=PRODUCT_DEFINITION_CONTEXT('',#200,'design');
#7=APPLICATION_PROTOCOL_DEFINITION('INTERNATIONAL STANDARD','automotive_design',1994,#200);
#8=PRODUCT_CATEGORY_RELATIONSHIP('NONE','NONE',#201,#202);
#9=SHAPE_DEFINITION_REPRESENTATION(#203,#204);
#10= (GEOMETRIC_REPRESENTATION_CONTEXT(3)GLOBAL_UNCERTAINTY_ASSIGNED_CONTEXT((#207))GLOBAL_UNIT_ASSIGNED_CONTEXT((#209,#210,#211))REPRESENTATION_CONTEXT('NONE','WORKSPACE'));
#14=STYLED_ITEM('',(#213),#214);
#15=STYLED_ITEM('',(#215),#216);
#16=STYLED_ITEM('',(#217),#218);
#17=STYLED_ITEM('',(#219),#220);
#18=STYLED_ITEM('',(#221),#222);
#19=STYLED_ITEM('',(#223),#224);
#20=STYLED_ITEM('',(#225),#226);
#21=STYLED_ITEM('',(#227),#228);
#22=STYLED_ITEM('',(#229),#230);
#23=STYLED_ITEM('',(#231),#232);
#24=STYLED_ITEM('',(#233),#234);
#25=STYLED_ITEM('',(#235),#236);
#26=STYLED_ITEM('',(#237),#238);
#27=STYLED_ITEM('',(#239),#240);
#28=STYLED_ITEM('',(#241),#242);
#29=STYLED_ITEM('',(#243),#244);
#30=STYLED_ITEM('',(#245),#246);
#31=STYLED_ITEM('',(#247),#248);
#32=STYLED_ITEM('',(#249),#250);
#33=STYLED_ITEM('',(#251),#252);
#34=STYLED_ITEM('',(#253),#254);
#35=STYLED_ITEM('',(#255),#256);
#36=STYLED_ITEM('',(#257),#258);
#37=STYLED_ITEM('',(#259),#260);
#38=STYLED_ITEM('',(#261),#262);
#39=STYLED_ITEM('',(#263),#264);
#40=STYLED_ITEM('',(#265),#266);
#41=STYLED_ITEM('',(#267),#268);
#42=STYLED_ITEM('',(#269),#270);
#43=STYLED_ITEM('',(#271),#272);
#44=STYLED_ITEM('',(#273),#274);
#45=STYLED_ITEM('',(#275),#276);
#46=STYLED_ITEM('',(#277),#278);
#47=STYLED_ITEM('',(#279),#280);
#48=STYLED_ITEM('',(#281),#282);
#49=STYLED_ITEM('',(#283),#284);
#50=STYLED_ITEM('',(#285),#286);
#51=STYLED_ITEM('',(#287),#288);
#52=STYLED_ITEM('',(#289),#290);
#53=STYLED_ITEM('',(#291),#292);
#54=STYLED_ITEM('',(#293),#294);
#55=STYLED_ITEM('',(#295),#296);
#56=STYLED_ITEM('',(#297),#298);
#57=STYLED_ITEM('',(#299),#300);
#58=STYLED_ITEM('',(#301),#302);
#59=STYLED_ITEM('',(#303),#304);
#60=STYLED_ITEM('',(#305),#306);
#61=STYLED_ITEM('',(#307),#308);
#62=STYLED_ITEM('',(#309),#310);
#63=STYLED_ITEM('',(#311),#312);
#64=STYLED_ITEM('',(#313),#314);
#65=STYLED_ITEM('',(#315),#316);
#66=STYLED_ITEM('',(#317),#318);
#67=STYLED_ITEM('',(#319),#320);
#68=STYLED_ITEM('',(#321),#322);
#69=STYLED_ITEM('',(#323),#324);
#70=STYLED_ITEM('',(#325),#326);
#71=STYLED_ITEM('',(#327),#328);
#72=STYLED_ITEM('',(#329),#330);
#73=STYLED_ITEM('',(#331),#332);
#74=STYLED_ITEM('',(#333),#334);
#75=STYLED_ITEM('',(#335),#336);
#76=STYLED_ITEM('',(#337),#338);
#77=STYLED_ITEM('',(#339),#340);
#78=STYLED_ITEM('',(#341),#342);
#79=STYLED_ITEM('',(#343),#344);
#80=STYLED_ITEM('',(#345),#346);
#81=STYLED_ITEM('',(#347),#348);
#82=STYLED_ITEM('',(#349),#350);
#83=STYLED_ITEM('',(#351),#352);
#84=STYLED_ITEM('',(#353),#354);
#85=STYLED_ITEM('',(#355),#356);
#86=STYLED_ITEM('',(#357),#358);
#87=STYLED_ITEM('',(#359),#360);
#88=STYLED_ITEM('',(#361),#362);
#89=STYLED_ITEM('',(#363),#364);
#90=STYLED_ITEM('',(#365),#366);
#91=STYLED_ITEM('',(#367),#368);
#92=STYLED_ITEM('',(#369),#370);
#93=STYLED_ITEM('',(#371),#372);
#94=STYLED_ITEM('',(#373),#374);
#95=STYLED_ITEM('',(#375),#376);
#96=STYLED_ITEM('',(#377),#378);
#97=STYLED_ITEM('',(#379),#380);
#98=STYLED_ITEM('',(#381),#382);
#99=STYLED_ITEM('',(#383),#384);
#100=STYLED_ITEM('',(#385),#386);
#101=STYLED_ITEM('',(#387),#388);
#102=STYLED_ITEM('',(#389),#390);
#103=STYLED_ITEM('',(#391),#392);
#104=STYLED_ITEM('',(#393),#394);
#105=STYLED_ITEM('',(#395),#396);
#106=STYLED_ITEM('',(#397),#398);
#107=STYLED_ITEM('',(#399),#400);
#108=STYLED_ITEM('',(#401),#402);
#109=STYLED_ITEM('',(#403),#404);
#110=STYLED_ITEM('',(#405),#406);
#111=STYLED_ITEM('',(#407),#408);
#112=STYLED_ITEM('',(#409),#410);
#113=STYLED_ITEM('',(#411),#412);
#114=STYLED_ITEM('',(#413),#414);
#115=STYLED_ITEM('',(#415),#416);
#116=STYLED_ITEM('',(#417),#418);
#117=STYLED_ITEM('',(#419),#420);
#118=STYLED_ITEM('',(#421),#422);
#119=STYLED_ITEM('',(#423),#424);
#120=STYLED_ITEM('',(#425),#426);
#121=STYLED_ITEM('',(#427),#428);
#122=STYLED_ITEM('',(#429),#430);
#123=STYLED_ITEM('',(#431),#432);
#124=STYLED_ITEM('',(#433),#434);
#125=STYLED_ITEM('',(#435),#436);
#126=STYLED_ITEM('',(#437),#438);
#127=STYLED_ITEM('',(#439),#440);
#128=STYLED_ITEM('',(#441),#442);
#129=STYLED_ITEM('',(#443),#444);
#130=STYLED_ITEM('',(#445),#446);
#131=STYLED_ITEM('',(#447),#448);
#132=STYLED_ITEM('',(#449),#450);
#133=STYLED_ITEM('',(#451),#452);
#134=STYLED_ITEM('',(#453),#454);
#135=STYLED_ITEM('',(#455),#456);
#136=STYLED_ITEM('',(#457),#458);
#137=STYLED_ITEM('',(#459),#460);
#138=STYLED_ITEM('',(#461),#462);
#139=STYLED_ITEM('',(#463),#464);
#140=STYLED_ITEM('',(#465),#466);
#141=STYLED_ITEM('',(#467),#468);
#142=STYLED_ITEM('',(#469),#470);
#143=STYLED_ITEM('',(#471),#472);
#144=STYLED_ITEM('',(#473),#474);
#145=STYLED_ITEM('',(#475),#476);
#146=STYLED_ITEM('',(#477),#478);
#147=STYLED_ITEM('',(#479),#480);
#148=STYLED_ITEM('',(#481),#482);
#149=STYLED_ITEM('',(#483),#484);
#150=STYLED_ITEM('',(#485),#486);
#151=STYLED_ITEM('',(#487),#488);
#152=STYLED_ITEM('',(#489),#490);
#153=STYLED_ITEM('',(#491),#492);
#154=STYLED_ITEM('',(#493),#494);
#155=STYLED_ITEM('',(#495),#496);
#156=STYLED_ITEM('',(#497),#498);
#157=STYLED_ITEM('',(#499),#500);
#158=STYLED_ITEM('',(#501),#502);
#159=STYLED_ITEM('',(#503),#504);
#160=STYLED_ITEM('',(#505),#506);
#161=STYLED_ITEM('',(#507),#508);
#162=STYLED_ITEM('',(#509),#510);
#163=STYLED_ITEM('',(#511),#512);
#164=STYLED_ITEM('',(#513),#514);
#165=STYLED_ITEM('',(#515),#516);
#166=STYLED_ITEM('',(#517),#518);
#167=STYLED_ITEM('',(#519),#520);
#168=STYLED_ITEM('',(#521),#522);
#169=STYLED_ITEM('',(#523),#524);
#170=STYLED_ITEM('',(#525),#526);
#171=STYLED_ITEM('',(#527),#528);
#172=STYLED_ITEM('',(#529),#530);
#173=STYLED_ITEM('',(#531),#532);
#174=STYLED_ITEM('',(#533),#534);
#175=STYLED_ITEM('',(#535),#536);
#176=STYLED_ITEM('',(#537),#538);
#177=STYLED_ITEM('',(#539),#540);
#178=STYLED_ITEM('',(#541),#542);
#179=STYLED_ITEM('',(#543),#544);
#180=STYLED_ITEM('',(#545),#546);
#181=STYLED_ITEM('',(#547),#548);
#182=STYLED_ITEM('',(#549),#550);
#183=STYLED_ITEM('',(#551),#552);
#184=STYLED_ITEM('',(#553),#554);
#185=STYLED_ITEM('',(#555),#556);
#186=STYLED_ITEM('',(#557),#558);
#187=STYLED_ITEM('',(#559),#560);
#188=STYLED_ITEM('',(#561),#562);
#189=STYLED_ITEM('',(#563),#564);
#190=STYLED_ITEM('',(#565),#566);
#191=STYLED_ITEM('',(#567),#568);
#192=STYLED_ITEM('',(#569),#570);
#193=STYLED_ITEM('',(#571),#572);
#194=STYLED_ITEM('',(#573),#574);
#195=APPLICATION_CONTEXT(' ');
#196=PRODUCT_CATEGORY('part','NONE');
#197=PRODUCT_RELATED_PRODUCT_CATEGORY('detail',' ',(#575));
#198=PRODUCT_DEFINITION_SHAPE('NONE','NONE',#576);
#199=ADVANCED_BREP_SHAPE_REPRESENTATION('NOCUT',(#266,#577),#10);
#200=APPLICATION_CONTEXT(' ');
#201=PRODUCT_CATEGORY('part','NONE');
#202=PRODUCT_RELATED_PRODUCT_CATEGORY('detail',' ',(#578));
#203=PRODUCT_DEFINITION_SHAPE('NONE','NONE',#579);
#204=ADVANCED_BREP_SHAPE_REPRESENTATION('CUT',(#334,#580),#10);
#207=UNCERTAINTY_MEASURE_WITH_UNIT(LENGTH_MEASURE(1.0E-006),#209,'','');
#209= (CONVERSION_BASED_UNIT('MILLIMETRE',#583)LENGTH_UNIT()NAMED_UNIT(#586));
#210= (NAMED_UNIT(#588)PLANE_ANGLE_UNIT()SI_UNIT($,.RADIAN.));
#211= (NAMED_UNIT(#588)SOLID_ANGLE_UNIT()SI_UNIT($,.STERADIAN.));
#213=PRESENTATION_STYLE_ASSIGNMENT((#594));
#214=VERTEX_POINT('',#595);
#215=PRESENTATION_STYLE_ASSIGNMENT((#596));
#216=VERTEX_POINT('',#597);
#217=PRESENTATION_STYLE_ASSIGNMENT((#598));
#218=ADVANCED_FACE('',(#599),#600,.T.);
#219=PRESENTATION_STYLE_ASSIGNMENT((#601));
#220=VERTEX_POINT('',#602);
#221=PRESENTATION_STYLE_ASSIGNMENT((#603));
#222=ADVANCED_FACE('',(#604),#605,.F.);
#223=PRESENTATION_STYLE_ASSIGNMENT((#606));
#224=VERTEX_POINT('',#607);
#225=PRESENTATION_STYLE_ASSIGNMENT((#608));
#226=ADVANCED_FACE('',(#609),#610,.F.);
#227=PRESENTATION_STYLE_ASSIGNMENT((#611));
#228=EDGE_CURVE('',#394,#254,#612,.T.);
#229=PRESENTATION_STYLE_ASSIGNMENT((#613));
#230=ADVANCED_FACE('',(#614),#615,.T.);
#231=PRESENTATION_STYLE_ASSIGNMENT((#616));
#232=EDGE_CURVE('',#248,#482,#617,.T.);
#233=PRESENTATION_STYLE_ASSIGNMENT((#618));
#234=EDGE_CURVE('',#344,#370,#619,.T.);
#235=PRESENTATION_STYLE_ASSIGNMENT((#620));
#236=EDGE_CURVE('',#332,#420,#621,.T.);
#237=PRESENTATION_STYLE_ASSIGNMENT((#622));
#238=ADVANCED_FACE('',(#623),#624,.F.);
#239=PRESENTATION_STYLE_ASSIGNMENT((#625));
#240=EDGE_CURVE('',#340,#420,#626,.T.);
#241=PRESENTATION_STYLE_ASSIGNMENT((#627));
#242=EDGE_CURVE('',#466,#216,#628,.T.);
#243=PRESENTATION_STYLE_ASSIGNMENT((#629));
#244=EDGE_CURVE('',#216,#530,#630,.T.);
#245=PRESENTATION_STYLE_ASSIGNMENT((#631));
#246=EDGE_CURVE('',#310,#418,#632,.T.);
#247=PRESENTATION_STYLE_ASSIGNMENT((#633));
#248=VERTEX_POINT('',#634);
#249=PRESENTATION_STYLE_ASSIGNMENT((#635));
#250=EDGE_CURVE('',#442,#532,#636,.T.);
#251=PRESENTATION_STYLE_ASSIGNMENT((#637));
#252=EDGE_CURVE('',#272,#542,#638,.T.);
#253=PRESENTATION_STYLE_ASSIGNMENT((#639));
#254=VERTEX_POINT('',#640);
#255=PRESENTATION_STYLE_ASSIGNMENT((#641));
#256=EDGE_CURVE('',#392,#470,#642,.T.);
#257=PRESENTATION_STYLE_ASSIGNMENT((#643));
#258=VERTEX_POINT('',#644);
#259=PRESENTATION_STYLE_ASSIGNMENT((#645));
#260=VERTEX_POINT('',#646);
#261=PRESENTATION_STYLE_ASSIGNMENT((#647));
#262=ADVANCED_FACE('',(#648),#649,.T.);
#263=PRESENTATION_STYLE_ASSIGNMENT((#650));
#264=EDGE_CURVE('',#422,#258,#651,.T.);
#265=PRESENTATION_STYLE_ASSIGNMENT((#652));
#266=MANIFOLD_SOLID_BREP('NOCUT',#653);
#267=PRESENTATION_STYLE_ASSIGNMENT((#654));
#268=EDGE_CURVE('',#340,#462,#655,.T.);
#269=PRESENTATION_STYLE_ASSIGNMENT((#656));
#270=EDGE_CURVE('',#488,#556,#657,.T.);
#271=PRESENTATION_STYLE_ASSIGNMENT((#658));
#272=VERTEX_POINT('',#659);
#273=PRESENTATION_STYLE_ASSIGNMENT((#660));
#274=VERTEX_POINT('',#661);
#275=PRESENTATION_STYLE_ASSIGNMENT((#662));
#276=EDGE_CURVE('',#542,#254,#663,.T.);
#277=PRESENTATION_STYLE_ASSIGNMENT((#664));
#278=EDGE_CURVE('',#480,#438,#665,.T.);
#279=PRESENTATION_STYLE_ASSIGNMENT((#666));
#280=ADVANCED_FACE('',(#667),#668,.F.);
#281=PRESENTATION_STYLE_ASSIGNMENT((#669));
#282=ADVANCED_FACE('',(#670),#671,.T.);
#283=PRESENTATION_STYLE_ASSIGNMENT((#672));
#284=ADVANCED_FACE('',(#673,#674),#675,.T.);
#285=PRESENTATION_STYLE_ASSIGNMENT((#676));
#286=EDGE_CURVE('',#438,#366,#677,.T.);
#287=PRESENTATION_STYLE_ASSIGNMENT((#678));
#288=VERTEX_POINT('',#679);
#289=PRESENTATION_STYLE_ASSIGNMENT((#680));
#290=EDGE_CURVE('',#534,#460,#681,.T.);
#291=PRESENTATION_STYLE_ASSIGNMENT((#682));
#292=EDGE_CURVE('',#516,#288,#683,.T.);
#293=PRESENTATION_STYLE_ASSIGNMENT((#684));
#294=ADVANCED_FACE('',(#685),#686,.T.);
#295=PRESENTATION_STYLE_ASSIGNMENT((#687));
#296=VERTEX_POINT('',#688);
#297=PRESENTATION_STYLE_ASSIGNMENT((#689));
#298=ADVANCED_FACE('',(#690),#691,.T.);
#299=PRESENTATION_STYLE_ASSIGNMENT((#692));
#300=VERTEX_POINT('',#693);
#301=PRESENTATION_STYLE_ASSIGNMENT((#694));
#302=VERTEX_POINT('',#695);
#303=PRESENTATION_STYLE_ASSIGNMENT((#696));
#304=VERTEX_POINT('',#697);
#305=PRESENTATION_STYLE_ASSIGNMENT((#698));
#306=EDGE_CURVE('',#420,#326,#699,.T.);
#307=PRESENTATION_STYLE_ASSIGNMENT((#700));
#308=EDGE_CURVE('',#258,#538,#701,.T.);
#309=PRESENTATION_STYLE_ASSIGNMENT((#702));
#310=VERTEX_POINT('',#703);
#311=PRESENTATION_STYLE_ASSIGNMENT((#704));
#312=ADVANCED_FACE('',(#705),#706,.F.);
#313=PRESENTATION_STYLE_ASSIGNMENT((#707));
#314=EDGE_CURVE('',#558,#488,#708,.T.);
#315=PRESENTATION_STYLE_ASSIGNMENT((#709));
#316=EDGE_CURVE('',#374,#422,#710,.T.);
#317=PRESENTATION_STYLE_ASSIGNMENT((#711));
#318=ADVANCED_FACE('',(#712),#713,.T.);
#319=PRESENTATION_STYLE_ASSIGNMENT((#714));
#320=VERTEX_POINT('',#715);
#321=PRESENTATION_STYLE_ASSIGNMENT((#716));
#322=EDGE_CURVE('',#248,#220,#717,.T.);
#323=PRESENTATION_STYLE_ASSIGNMENT((#718));
#324=EDGE_CURVE('',#260,#466,#719,.T.);
#325=PRESENTATION_STYLE_ASSIGNMENT((#720));
#326=VERTEX_POINT('',#721);
#327=PRESENTATION_STYLE_ASSIGNMENT((#722));
#328=EDGE_CURVE('',#326,#564,#723,.T.);
#329=PRESENTATION_STYLE_ASSIGNMENT((#724));
#330=EDGE_CURVE('',#260,#530,#725,.T.);
#331=PRESENTATION_STYLE_ASSIGNMENT((#726));
#332=VERTEX_POINT('',#727);
#333=PRESENTATION_STYLE_ASSIGNMENT((#728));
#334=MANIFOLD_SOLID_BREP('CUT',#729);
#335=PRESENTATION_STYLE_ASSIGNMENT((#730));
#336=VERTEX_POINT('',#731);
#337=PRESENTATION_STYLE_ASSIGNMENT((#732));
#338=EDGE_CURVE('',#532,#272,#733,.T.);
#339=PRESENTATION_STYLE_ASSIGNMENT((#734));
#340=VERTEX_POINT('',#735);
#341=PRESENTATION_STYLE_ASSIGNMENT((#736));
#342=EDGE_CURVE('',#502,#272,#737,.T.);
#343=PRESENTATION_STYLE_ASSIGNMENT((#738));
#344=VERTEX_POINT('',#739);
#345=PRESENTATION_STYLE_ASSIGNMENT((#740));
#346=ADVANCED_FACE('',(#741),#742,.T.);
#347=PRESENTATION_STYLE_ASSIGNMENT((#743));
#348=ADVANCED_FACE('',(#744),#745,.T.);
#349=PRESENTATION_STYLE_ASSIGNMENT((#746));
#350=EDGE_CURVE('',#564,#340,#747,.T.);
#351=PRESENTATION_STYLE_ASSIGNMENT((#748));
#352=EDGE_CURVE('',#418,#304,#749,.T.);
#353=PRESENTATION_STYLE_ASSIGNMENT((#750));
#354=EDGE_CURVE('',#538,#248,#751,.T.);
#355=PRESENTATION_STYLE_ASSIGNMENT((#752));
#356=EDGE_CURVE('',#332,#462,#753,.T.);
#357=PRESENTATION_STYLE_ASSIGNMENT((#754));
#358=EDGE_CURVE('',#480,#224,#755,.T.);
#359=PRESENTATION_STYLE_ASSIGNMENT((#756));
#360=EDGE_CURVE('',#300,#522,#757,.T.);
#361=PRESENTATION_STYLE_ASSIGNMENT((#758));
#362=EDGE_CURVE('',#546,#382,#759,.T.);
#363=PRESENTATION_STYLE_ASSIGNMENT((#760));
#364=EDGE_CURVE('',#382,#546,#761,.T.);
#365=PRESENTATION_STYLE_ASSIGNMENT((#762));
#366=VERTEX_POINT('',#763);
#367=PRESENTATION_STYLE_ASSIGNMENT((#764));
#368=EDGE_CURVE('',#414,#214,#765,.T.);
#369=PRESENTATION_STYLE_ASSIGNMENT((#766));
#370=VERTEX_POINT('',#767);
#371=PRESENTATION_STYLE_ASSIGNMENT((#768));
#372=ADVANCED_FACE('',(#769),#770,.F.);
#373=PRESENTATION_STYLE_ASSIGNMENT((#771));
#374=VERTEX_POINT('',#772);
#375=PRESENTATION_STYLE_ASSIGNMENT((#773));
#376=EDGE_CURVE('',#534,#258,#774,.T.);
#377=PRESENTATION_STYLE_ASSIGNMENT((#775));
#378=EDGE_CURVE('',#502,#302,#776,.T.);
#379=PRESENTATION_STYLE_ASSIGNMENT((#777));
#380=EDGE_CURVE('',#482,#220,#778,.T.);
#381=PRESENTATION_STYLE_ASSIGNMENT((#779));
#382=VERTEX_POINT('',#780);
#383=PRESENTATION_STYLE_ASSIGNMENT((#781));
#384=EDGE_CURVE('',#408,#274,#782,.T.);
#385=PRESENTATION_STYLE_ASSIGNMENT((#783));
#386=EDGE_CURVE('',#302,#366,#784,.T.);
#387=PRESENTATION_STYLE_ASSIGNMENT((#785));
#388=EDGE_CURVE('',#470,#374,#786,.T.);
#389=PRESENTATION_STYLE_ASSIGNMENT((#787));
#390=ADVANCED_FACE('',(#788),#789,.T.);
#391=PRESENTATION_STYLE_ASSIGNMENT((#790));
#392=VERTEX_POINT('',#791);
#393=PRESENTATION_STYLE_ASSIGNMENT((#792));
#394=VERTEX_POINT('',#793);
#395=PRESENTATION_STYLE_ASSIGNMENT((#794));
#396=EDGE_CURVE('',#438,#480,#795,.T.);
#397=PRESENTATION_STYLE_ASSIGNMENT((#796));
#398=EDGE_CURVE('',#462,#332,#797,.T.);
#399=PRESENTATION_STYLE_ASSIGNMENT((#798));
#400=ADVANCED_FACE('',(#799),#800,.T.);
#401=PRESENTATION_STYLE_ASSIGNMENT((#801));
#402=EDGE_CURVE('',#302,#480,#802,.T.);
#403=PRESENTATION_STYLE_ASSIGNMENT((#803));
#404=EDGE_CURVE('',#382,#470,#804,.T.);
#405=PRESENTATION_STYLE_ASSIGNMENT((#805));
#406=EDGE_CURVE('',#516,#300,#806,.T.);
#407=PRESENTATION_STYLE_ASSIGNMENT((#807));
#408=VERTEX_POINT('',#808);
#409=PRESENTATION_STYLE_ASSIGNMENT((#809));
#410=EDGE_CURVE('',#556,#488,#810,.T.);
#411=PRESENTATION_STYLE_ASSIGNMENT((#811));
#412=ADVANCED_FACE('',(#812),#813,.F.);
#413=PRESENTATION_STYLE_ASSIGNMENT((#814));
#414=VERTEX_POINT('',#815);
#415=PRESENTATION_STYLE_ASSIGNMENT((#816));
#416=EDGE_CURVE('',#530,#274,#817,.T.);
#417=PRESENTATION_STYLE_ASSIGNMENT((#818));
#418=VERTEX_POINT('',#819);
#419=PRESENTATION_STYLE_ASSIGNMENT((#820));
#420=VERTEX_POINT('',#821);
#421=PRESENTATION_STYLE_ASSIGNMENT((#822));
#422=VERTEX_POINT('',#823);
#423=PRESENTATION_STYLE_ASSIGNMENT((#824));
#424=ADVANCED_FACE('',(#825),#826,.T.);
#425=PRESENTATION_STYLE_ASSIGNMENT((#827));
#426=EDGE_CURVE('',#414,#556,#828,.T.);
#427=PRESENTATION_STYLE_ASSIGNMENT((#829));
#428=EDGE_CURVE('',#214,#414,#830,.T.);
#429=PRESENTATION_STYLE_ASSIGNMENT((#831));
#430=EDGE_CURVE('',#274,#374,#832,.T.);
#431=PRESENTATION_STYLE_ASSIGNMENT((#833));
#432=EDGE_CURVE('',#220,#288,#834,.T.);
#433=PRESENTATION_STYLE_ASSIGNMENT((#835));
#434=ADVANCED_FACE('',(#836),#837,.F.);
#435=PRESENTATION_STYLE_ASSIGNMENT((#838));
#436=EDGE_CURVE('',#344,#310,#839,.T.);
#437=PRESENTATION_STYLE_ASSIGNMENT((#840));
#438=VERTEX_POINT('',#841);
#439=PRESENTATION_STYLE_ASSIGNMENT((#842));
#440=ADVANCED_FACE('',(#843),#844,.F.);
#441=PRESENTATION_STYLE_ASSIGNMENT((#845));
#442=VERTEX_POINT('',#846);
#443=PRESENTATION_STYLE_ASSIGNMENT((#847));
#444=EDGE_CURVE('',#466,#394,#848,.T.);
#445=PRESENTATION_STYLE_ASSIGNMENT((#849));
#446=EDGE_CURVE('',#366,#302,#850,.T.);
#447=PRESENTATION_STYLE_ASSIGNMENT((#851));
#448=EDGE_CURVE('',#420,#340,#852,.T.);
#449=PRESENTATION_STYLE_ASSIGNMENT((#853));
#450=ADVANCED_FACE('',(#854),#855,.F.);
#451=PRESENTATION_STYLE_ASSIGNMENT((#856));
#452=EDGE_CURVE('',#366,#392,#857,.T.);
#453=PRESENTATION_STYLE_ASSIGNMENT((#858));
#454=EDGE_CURVE('',#408,#260,#859,.T.);
#455=PRESENTATION_STYLE_ASSIGNMENT((#860));
#456=ADVANCED_FACE('',(#861),#862,.T.);
#457=PRESENTATION_STYLE_ASSIGNMENT((#863));
#458=EDGE_CURVE('',#488,#214,#864,.T.);
#459=PRESENTATION_STYLE_ASSIGNMENT((#865));
#460=VERTEX_POINT('',#866);
#461=PRESENTATION_STYLE_ASSIGNMENT((#867));
#462=VERTEX_POINT('',#868);
#463=PRESENTATION_STYLE_ASSIGNMENT((#869));
#464=ADVANCED_FACE('',(#870,#871),#872,.T.);
#465=PRESENTATION_STYLE_ASSIGNMENT((#873));
#466=VERTEX_POINT('',#874);
#467=PRESENTATION_STYLE_ASSIGNMENT((#875));
#468=ADVANCED_FACE('',(#876),#877,.T.);
#469=PRESENTATION_STYLE_ASSIGNMENT((#878));
#470=VERTEX_POINT('',#879);
#471=PRESENTATION_STYLE_ASSIGNMENT((#880));
#472=EDGE_CURVE('',#392,#546,#881,.T.);
#473=PRESENTATION_STYLE_ASSIGNMENT((#882));
#474=ADVANCED_FACE('',(#883),#884,.T.);
#475=PRESENTATION_STYLE_ASSIGNMENT((#885));
#476=ADVANCED_FACE('',(#886),#887,.T.);
#477=PRESENTATION_STYLE_ASSIGNMENT((#888));
#478=EDGE_CURVE('',#460,#422,#889,.T.);
#479=PRESENTATION_STYLE_ASSIGNMENT((#890));
#480=VERTEX_POINT('',#891);
#481=PRESENTATION_STYLE_ASSIGNMENT((#892));
#482=VERTEX_POINT('',#893);
#483=PRESENTATION_STYLE_ASSIGNMENT((#894));
#484=ADVANCED_FACE('',(#895),#896,.F.);
#485=PRESENTATION_STYLE_ASSIGNMENT((#897));
#486=EDGE_CURVE('',#296,#310,#898,.T.);
#487=PRESENTATION_STYLE_ASSIGNMENT((#899));
#488=VERTEX_POINT('',#900);
#489=PRESENTATION_STYLE_ASSIGNMENT((#901));
#490=EDGE_CURVE('',#564,#326,#902,.T.);
#491=PRESENTATION_STYLE_ASSIGNMENT((#903));
#492=ADVANCED_FACE('',(#904),#905,.T.);
#493=PRESENTATION_STYLE_ASSIGNMENT((#906));
#494=ADVANCED_FACE('',(#907),#908,.T.);
#495=PRESENTATION_STYLE_ASSIGNMENT((#909));
#496=EDGE_CURVE('',#296,#370,#910,.T.);
#497=PRESENTATION_STYLE_ASSIGNMENT((#911));
#498=ADVANCED_FACE('',(#912),#913,.T.);
#499=PRESENTATION_STYLE_ASSIGNMENT((#914));
#500=ADVANCED_FACE('',(#915),#916,.F.);
#501=PRESENTATION_STYLE_ASSIGNMENT((#917));
#502=VERTEX_POINT('',#918);
#503=PRESENTATION_STYLE_ASSIGNMENT((#919));
#504=EDGE_CURVE('',#370,#296,#920,.T.);
#505=PRESENTATION_STYLE_ASSIGNMENT((#921));
#506=ADVANCED_FACE('',(#922),#923,.F.);
#507=PRESENTATION_STYLE_ASSIGNMENT((#924));
#508=EDGE_CURVE('',#288,#502,#925,.T.);
#509=PRESENTATION_STYLE_ASSIGNMENT((#926));
#510=EDGE_CURVE('',#336,#558,#927,.T.);
#511=PRESENTATION_STYLE_ASSIGNMENT((#928));
#512=EDGE_CURVE('',#394,#442,#929,.T.);
#513=PRESENTATION_STYLE_ASSIGNMENT((#930));
#514=EDGE_CURVE('',#304,#418,#931,.T.);
#515=PRESENTATION_STYLE_ASSIGNMENT((#932));
#516=VERTEX_POINT('',#933);
#517=PRESENTATION_STYLE_ASSIGNMENT((#934));
#518=EDGE_CURVE('',#532,#516,#935,.T.);
#519=PRESENTATION_STYLE_ASSIGNMENT((#936));
#520=ADVANCED_FACE('',(#937,#938),#939,.T.);
#521=PRESENTATION_STYLE_ASSIGNMENT((#940));
#522=VERTEX_POINT('',#941);
#523=PRESENTATION_STYLE_ASSIGNMENT((#942));
#524=EDGE_CURVE('',#224,#320,#943,.T.);
#525=PRESENTATION_STYLE_ASSIGNMENT((#944));
#526=ADVANCED_FACE('',(#945),#946,.T.);
#527=PRESENTATION_STYLE_ASSIGNMENT((#947));
#528=ADVANCED_FACE('',(#948),#949,.T.);
#529=PRESENTATION_STYLE_ASSIGNMENT((#950));
#530=VERTEX_POINT('',#951);
#531=PRESENTATION_STYLE_ASSIGNMENT((#952));
#532=VERTEX_POINT('',#953);
#533=PRESENTATION_STYLE_ASSIGNMENT((#954));
#534=VERTEX_POINT('',#955);
#535=PRESENTATION_STYLE_ASSIGNMENT((#956));
#536=EDGE_CURVE('',#522,#534,#957,.T.);
#537=PRESENTATION_STYLE_ASSIGNMENT((#958));
#538=VERTEX_POINT('',#959);
#539=PRESENTATION_STYLE_ASSIGNMENT((#960));
#540=EDGE_CURVE('',#304,#344,#961,.T.);
#541=PRESENTATION_STYLE_ASSIGNMENT((#962));
#542=VERTEX_POINT('',#963);
#543=PRESENTATION_STYLE_ASSIGNMENT((#964));
#544=EDGE_CURVE('',#320,#438,#965,.T.);
#545=PRESENTATION_STYLE_ASSIGNMENT((#966));
#546=VERTEX_POINT('',#967);
#547=PRESENTATION_STYLE_ASSIGNMENT((#968));
#548=EDGE_CURVE('',#442,#542,#969,.T.);
#549=PRESENTATION_STYLE_ASSIGNMENT((#970));
#550=EDGE_CURVE('',#522,#538,#971,.T.);
#551=PRESENTATION_STYLE_ASSIGNMENT((#972));
#552=EDGE_CURVE('',#460,#408,#973,.T.);
#553=PRESENTATION_STYLE_ASSIGNMENT((#974));
#554=ADVANCED_FACE('',(#975),#976,.T.);
#555=PRESENTATION_STYLE_ASSIGNMENT((#977));
#556=VERTEX_POINT('',#978);
#557=PRESENTATION_STYLE_ASSIGNMENT((#979));
#558=VERTEX_POINT('',#980);
#559=PRESENTATION_STYLE_ASSIGNMENT((#981));
#560=EDGE_CURVE('',#556,#336,#982,.T.);
#561=PRESENTATION_STYLE_ASSIGNMENT((#983));
#562=EDGE_CURVE('',#300,#482,#984,.T.);
#563=PRESENTATION_STYLE_ASSIGNMENT((#985));
#564=VERTEX_POINT('',#986);
#565=PRESENTATION_STYLE_ASSIGNMENT((#987));
#566=EDGE_CURVE('',#470,#392,#988,.T.);
#567=PRESENTATION_STYLE_ASSIGNMENT((#989));
#568=EDGE_CURVE('',#310,#344,#990,.T.);
#569=PRESENTATION_STYLE_ASSIGNMENT((#991));
#570=EDGE_CURVE('',#320,#224,#992,.T.);
#571=PRESENTATION_STYLE_ASSIGNMENT((#993));
#572=EDGE_CURVE('',#254,#216,#994,.T.);
#573=PRESENTATION_STYLE_ASSIGNMENT((#995));
#574=EDGE_CURVE('',#558,#336,#996,.T.);
#575=PRODUCT('NOCUT','NOCUT','PART-NOCUT-DESC',(#997));
#576=PRODUCT_DEFINITION('NONE','NONE',#998,#2);
#577=AXIS2_PLACEMENT_3D('',#999,#1000,#1001);
#578=PRODUCT('CUT','CUT','PART-CUT-DESC',(#1002));
#579=PRODUCT_DEFINITION('NONE','NONE',#1003,#6);
#580=AXIS2_PLACEMENT_3D('',#1004,#1005,#1006);
#583=LENGTH_MEASURE_WITH_UNIT(LENGTH_MEASURE(1.0),#1007);
#586=DIMENSIONAL_EXPONENTS(1.0,0.0,0.0,0.0,0.0,0.0,0.0);
#588=DIMENSIONAL_EXPONENTS(0.0,0.0,0.0,0.0,0.0,0.0,0.0);
#594=POINT_STYLE(' ',#1008,POSITIVE_LENGTH_MEASURE(1.0E-006),#1009);
#595=CARTESIAN_POINT('',(0.0,5.51264973081037,-110.0));
#596=POINT_STYLE(' ',#1010,POSITIVE_LENGTH_MEASURE(1.0E-006),#1011);
#597=CARTESIAN_POINT('',(1.93152564817038,6.20638450875065,-47.3080171201481));
#598=SURFACE_STYLE_USAGE(.BOTH.,#1012);
#599=FACE_OUTER_BOUND('',#1013,.T.);
#600=CYLINDRICAL_SURFACE('',#1014,6.09495);
#601=POINT_STYLE(' ',#1015,POSITIVE_LENGTH_MEASURE(1.0E-006),#1016);
#602=CARTESIAN_POINT('',(-7.9594764935564E-016,6.5,-46.474176080047));
#603=SURFACE_STYLE_USAGE(.BOTH.,#1017);
#604=FACE_OUTER_BOUND('',#1018,.T.);
#605=PLANE('',#1019);
#606=POINT_STYLE(' ',#1020,POSITIVE_LENGTH_MEASURE(1.0E-006),#1021);
#607=CARTESIAN_POINT('',(0.0,6.09495,-60.0));
#608=SURFACE_STYLE_USAGE(.BOTH.,#1022);
#609=FACE_OUTER_BOUND('',#1023,.T.);
#610=PLANE('',#1024);
#611=CURVE_STYLE('',#1025,POSITIVE_LENGTH_MEASURE(1.0E-006),#1026);
#612=LINE('',#1027,#1028);
#613=SURFACE_STYLE_USAGE(.BOTH.,#1029);
#614=FACE_OUTER_BOUND('',#1030,.T.);
#615=CYLINDRICAL_SURFACE('',#1031,6.095);
#616=CURVE_STYLE('',#1032,POSITIVE_LENGTH_MEASURE(1.0E-006),#1033);
#617=B_SPLINE_CURVE_WITH_KNOTS('',3,(#1034,#1035,#1036,#1037,#1038,#1039,#1040,#1041,#1042,#1043,#1044,#1045,#1046,#1047,#1048,#1049,#1050,#1051,#1052,#1053,#1054,#1055,#1056,#1057),.UNSPECIFIED.,.F.,.F.,(4,2,2,2,2,2,2,2,2,2,2,4),(4.85416613620798,5.17754434529196,5.50092255437593,5.82430076345991,6.14767897254388,6.47105718162786,6.79361111646431,7.11616505130077,7.43871898613722,7.76127292097368,8.08605312958997,8.41083333820626),.UNSPECIFIED.);
#618=CURVE_STYLE('',#1058,POSITIVE_LENGTH_MEASURE(1.0E-006),#1059);
#619=LINE('',#1060,#1061);
#620=CURVE_STYLE('',#1062,POSITIVE_LENGTH_MEASURE(1.0E-006),#1063);
#621=LINE('',#1064,#1065);
#622=SURFACE_STYLE_USAGE(.BOTH.,#1066);
#623=FACE_OUTER_BOUND('',#1067,.T.);
#624=PLANE('',#1068);
#625=CURVE_STYLE('',#1069,POSITIVE_LENGTH_MEASURE(1.0E-006),#1070);
#626=CIRCLE('',#1071,6.095);
#627=CURVE_STYLE('',#1072,POSITIVE_LENGTH_MEASURE(1.0E-006),#1073);
#628=LINE('',#1074,#1075);
#629=CURVE_STYLE('',#1076,POSITIVE_LENGTH_MEASURE(1.0E-006),#1077);
#630=LINE('',#1078,#1079);
#631=CURVE_STYLE('',#1080,POSITIVE_LENGTH_MEASURE(1.0E-006),#1081);
#632=LINE('',#1082,#1083);
#633=POINT_STYLE(' ',#1084,POSITIVE_LENGTH_MEASURE(1.0E-006),#1085);
#634=CARTESIAN_POINT('',(-1.104195105601E-013,6.5,-46.1667824447161));
#635=CURVE_STYLE('',#1086,POSITIVE_LENGTH_MEASURE(1.0E-006),#1087);
#636=ELLIPSE('',#1088,19.5071652695666,6.4);
#637=CURVE_STYLE('',#1089,POSITIVE_LENGTH_MEASURE(1.0E-006),#1090);
#638=ELLIPSE('',#1091,19.8119647269035,6.5);
#639=POINT_STYLE(' ',#1092,POSITIVE_LENGTH_MEASURE(1.0E-006),#1093);
#640=CARTESIAN_POINT('',(1.26181001712565,6.37634969874468,-47.9848397001559));
#641=CURVE_STYLE('',#1094,POSITIVE_LENGTH_MEASURE(1.0E-006),#1095);
#642=CIRCLE('',#1096,6.5);
#643=POINT_STYLE(' ',#1097,POSITIVE_LENGTH_MEASURE(1.0E-006),#1098);
#644=CARTESIAN_POINT('',(-0.812260207482315,6.44904902720865,-44.4580653977656));
#645=POINT_STYLE(' ',#1099,POSITIVE_LENGTH_MEASURE(1.0E-006),#1100);
#646=CARTESIAN_POINT('',(1.93152564817038,6.10157427804169,-44.7439588521241));
#647=SURFACE_STYLE_USAGE(.BOTH.,#1101);
#648=FACE_OUTER_BOUND('',#1102,.T.);
#649=CYLINDRICAL_SURFACE('',#1103,6.09495);
#650=CURVE_STYLE('',#1104,POSITIVE_LENGTH_MEASURE(1.0E-006),#1105);
#651=B_SPLINE_CURVE_WITH_KNOTS('',3,(#1106,#1107,#1108,#1109,#1110,#1111,#1112,#1113,#1114,#1115,#1116,#1117,#1118,#1119,#1120,#1121,#1122,#1123,#1124,#1125,#1126,#1127,#1128,#1129,#1130,#1131,#1132),.UNSPECIFIED.,.F.,.F.,(4,2,3,2,2,2,2,2,2,2,2,2,4),(-0.783908521800455,-0.391954260900228,0.0,0.391954260900227,0.783908521800455,1.17687722235103,1.56984592290161,1.9611062055381,2.35236648817458,2.74413070216453,3.13589491615448,3.52765913014443,3.91942334413438),.UNSPECIFIED.);
#652=SURFACE_STYLE_USAGE(.BOTH.,#1133);
#653=CLOSED_SHELL('',(#526,#390,#262,#492,#318,#554,#400,#476,#506,#450,#222,#484,#280,#468,#226,#412,#456,#238,#440,#424,#282,#346,#298,#218,#284,#348,#494,#528));
#654=CURVE_STYLE('',#1134,POSITIVE_LENGTH_MEASURE(1.0E-006),#1135);
#655=LINE('',#1136,#1137);
#656=CURVE_STYLE('',#1138,POSITIVE_LENGTH_MEASURE(1.0E-006),#1139);
#657=CIRCLE('',#1140,2.48294238);
#658=POINT_STYLE(' ',#1141,POSITIVE_LENGTH_MEASURE(1.0E-006),#1142);
#659=CARTESIAN_POINT('',(0.41903784984053,6.48647880443627,-48.333091961922));
#660=POINT_STYLE(' ',#1143,POSITIVE_LENGTH_MEASURE(1.0E-006),#1144);
#661=CARTESIAN_POINT('',(1.15473471500027,6.39660751789363,-44.0000003999276));
#662=CURVE_STYLE('',#1145,POSITIVE_LENGTH_MEASURE(1.0E-006),#1146);
#663=LINE('',#1147,#1148);
#664=CURVE_STYLE('',#1149,POSITIVE_LENGTH_MEASURE(1.0E-006),#1150);
#665=CIRCLE('',#1151,6.09495);
#666=SURFACE_STYLE_USAGE(.BOTH.,#1152);
#667=FACE_OUTER_BOUND('',#1153,.T.);
#668=CYLINDRICAL_SURFACE('',#1154,2.35251522174142);
#669=SURFACE_STYLE_USAGE(.BOTH.,#1155);
#670=FACE_OUTER_BOUND('',#1156,.T.);
#671=CONICAL_SURFACE('',#1157,6.2,0.785398163397447);
#672=SURFACE_STYLE_USAGE(.BOTH.,#1158);
#673=FACE_BOUND('',#1159,.T.);
#674=FACE_OUTER_BOUND('',#1160,.T.);
#675=PLANE('',#1161);
#676=CURVE_STYLE('',#1162,POSITIVE_LENGTH_MEASURE(1.0E-006),#1163);
#677=LINE('',#1164,#1165);
#678=POINT_STYLE(' ',#1166,POSITIVE_LENGTH_MEASURE(1.0E-006),#1167);
#679=CARTESIAN_POINT('',(-1.93129841870983,6.20645522161313,-47.4263383397458));
#680=CURVE_STYLE('',#1168,POSITIVE_LENGTH_MEASURE(1.0E-006),#1169);
#681=B_SPLINE_CURVE_WITH_KNOTS('',3,(#1170,#1171,#1172,#1173,#1174,#1175,#1176,#1177,#1178,#1179,#1180,#1181,#1182,#1183,#1184,#1185,#1186,#1187,#1188,#1189,#1190,#1191,#1192,#1193,#1194,#1195,#1196),.UNSPECIFIED.,.F.,.F.,(4,2,2,2,2,2,2,2,2,2,3,2,4),(-3.91967937728931,-3.52789538797748,-3.13611139866565,-2.74432740935382,-2.35254342004199,-1.96127941058064,-1.57001540111928,-1.17698847929961,-0.783961557479945,-0.391980778739972,0.0,0.392343265333297,0.784686530666594),.UNSPECIFIED.);
#682=CURVE_STYLE('',#1197,POSITIVE_LENGTH_MEASURE(1.0E-006),#1198);
#683=LINE('',#1199,#1200);
#684=SURFACE_STYLE_USAGE(.BOTH.,#1201);
#685=FACE_OUTER_BOUND('',#1202,.T.);
#686=CYLINDRICAL_SURFACE('',#1203,6.095);
#687=POINT_STYLE(' ',#1204,POSITIVE_LENGTH_MEASURE(1.0E-006),#1205);
#688=CARTESIAN_POINT('',(0.0,2.48294238,-60.0));
#689=SURFACE_STYLE_USAGE(.BOTH.,#1206);
#690=FACE_OUTER_BOUND('',#1207,.T.);
#691=CONICAL_SURFACE('',#1208,6.297475,0.247947038182283);
#692=POINT_STYLE(' ',#1209,POSITIVE_LENGTH_MEASURE(1.0E-006),#1210);
#693=CARTESIAN_POINT('',(0.827850162229641,6.34623227662653,-46.0660321735827));
#694=POINT_STYLE(' ',#1211,POSITIVE_LENGTH_MEASURE(1.0E-006),#1212);
#695=CARTESIAN_POINT('',(0.0,6.5,-57.0));
#696=POINT_STYLE(' ',#1213,POSITIVE_LENGTH_MEASURE(1.0E-006),#1214);
#697=CARTESIAN_POINT('',(6.7508258867476E-016,-5.51264973081037,-110.0));
#698=CURVE_STYLE('',#1215,POSITIVE_LENGTH_MEASURE(1.0E-006),#1216);
#699=LINE('',#1217,#1218);
#700=CURVE_STYLE('',#1219,POSITIVE_LENGTH_MEASURE(1.0E-006),#1220);
#701=CIRCLE('',#1221,6.5);
#702=POINT_STYLE(' ',#1222,POSITIVE_LENGTH_MEASURE(1.0E-006),#1223);
#703=CARTESIAN_POINT('',(0.0,2.48294238,-109.99));
#704=SURFACE_STYLE_USAGE(.BOTH.,#1224);
#705=FACE_OUTER_BOUND('',#1225,.T.);
#706=CYLINDRICAL_SURFACE('',#1226,2.48294238);
#707=CURVE_STYLE('',#1227,POSITIVE_LENGTH_MEASURE(1.0E-006),#1228);
#708=LINE('',#1229,#1230);
#709=CURVE_STYLE('',#1231,POSITIVE_LENGTH_MEASURE(1.0E-006),#1232);
#710=B_SPLINE_CURVE_WITH_KNOTS('',3,(#1233,#1234,#1235,#1236,#1237,#1238,#1239,#1240,#1241,#1242,#1243,#1244,#1245,#1246,#1247,#1248,#1249,#1250,#1251,#1252,#1253,#1254,#1255,#1256,#1257,#1258,#1259),.UNSPECIFIED.,.F.,.F.,(4,2,3,2,2,2,2,2,2,2,2,2,4),(-0.783908521800455,-0.391954260900228,0.0,0.391954260900227,0.783908521800455,1.17687722235103,1.56984592290161,1.9611062055381,2.35236648817458,2.74413070216453,3.13589491615448,3.52765913014443,3.91942334413438),.UNSPECIFIED.);
#711=SURFACE_STYLE_USAGE(.BOTH.,#1260);
#712=FACE_OUTER_BOUND('',#1261,.T.);
#713=CYLINDRICAL_SURFACE('',#1262,6.5);
#714=POINT_STYLE(' ',#1263,POSITIVE_LENGTH_MEASURE(1.0E-006),#1264);
#715=CARTESIAN_POINT('',(7.4639144962297E-016,-6.09495,-60.0));
#716=CURVE_STYLE('',#1265,POSITIVE_LENGTH_MEASURE(1.0E-006),#1266);
#717=LINE('',#1267,#1268);
#718=CURVE_STYLE('',#1269,POSITIVE_LENGTH_MEASURE(1.0E-006),#1270);
#719=LINE('',#1271,#1272);
#720=POINT_STYLE(' ',#1273,POSITIVE_LENGTH_MEASURE(1.0E-006),#1274);
#721=CARTESIAN_POINT('',(0.0,5.51764973081037,-110.0));
#722=CURVE_STYLE('',#1275,POSITIVE_LENGTH_MEASURE(1.0E-006),#1276);
#723=CIRCLE('',#1277,5.51764973081037);
#724=CURVE_STYLE('',#1278,POSITIVE_LENGTH_MEASURE(1.0E-006),#1279);
#725=LINE('',#1280,#1281);
#726=POINT_STYLE(' ',#1282,POSITIVE_LENGTH_MEASURE(1.0E-006),#1283);
#727=CARTESIAN_POINT('',(0.0,6.095,-60.0));
#728=SURFACE_STYLE_USAGE(.BOTH.,#1284);
#729=CLOSED_SHELL('',(#312,#372,#474,#230,#464,#294,#498,#520,#500,#434));
#730=POINT_STYLE(' ',#1285,POSITIVE_LENGTH_MEASURE(1.0E-006),#1286);
#731=CARTESIAN_POINT('',(3.04062701472286E-016,-2.48294238,-60.0));
#732=CURVE_STYLE('',#1287,POSITIVE_LENGTH_MEASURE(1.0E-006),#1288);
#733=LINE('',#1289,#1290);
#734=POINT_STYLE(' ',#1291,POSITIVE_LENGTH_MEASURE(1.0E-006),#1292);
#735=CARTESIAN_POINT('',(7.46397572654739E-016,-6.095,-109.0));
#736=CURVE_STYLE('',#1293,POSITIVE_LENGTH_MEASURE(1.0E-006),#1294);
#737=B_SPLINE_CURVE_WITH_KNOTS('',3,(#1295,#1296,#1297,#1298,#1299,#1300,#1301,#1302,#1303,#1304,#1305,#1306,#1307,#1308,#1309,#1310),.UNSPECIFIED.,.F.,.F.,(4,2,2,2,2,2,2,4),(8.50350713832514,8.95123799061465,9.39902989888443,9.84682180715421,10.294613715424,10.7424056236938,11.1893686304098,11.6363316371258),.UNSPECIFIED.);
#738=POINT_STYLE(' ',#1311,POSITIVE_LENGTH_MEASURE(1.0E-006),#1312);
#739=CARTESIAN_POINT('',(3.04062701472285E-016,-2.48294238,-109.99));
#740=SURFACE_STYLE_USAGE(.BOTH.,#1313);
#741=FACE_OUTER_BOUND('',#1314,.T.);
#742=CYLINDRICAL_SURFACE('',#1315,6.5);
#743=SURFACE_STYLE_USAGE(.BOTH.,#1316);
#744=FACE_OUTER_BOUND('',#1317,.T.);
#745=CYLINDRICAL_SURFACE('',#1318,2.48294238);
#746=CURVE_STYLE('',#1319,POSITIVE_LENGTH_MEASURE(1.0E-006),#1320);
#747=LINE('',#1321,#1322);
#748=CURVE_STYLE('',#1323,POSITIVE_LENGTH_MEASURE(1.0E-006),#1324);
#749=CIRCLE('',#1325,5.51264973081037);
#750=CURVE_STYLE('',#1326,POSITIVE_LENGTH_MEASURE(1.0E-006),#1327);
#751=B_SPLINE_CURVE_WITH_KNOTS('',3,(#1328,#1329,#1330,#1331,#1332,#1333,#1334,#1335,#1336,#1337,#1338,#1339,#1340,#1341,#1342,#1343,#1344,#1345,#1346,#1347,#1348,#1349,#1350,#1351),.UNSPECIFIED.,.F.,.F.,(4,2,2,2,2,2,2,2,2,2,2,4),(4.85416613620798,5.17754434529196,5.50092255437593,5.82430076345991,6.14767897254388,6.47105718162786,6.79361111646431,7.11616505130077,7.43871898613722,7.76127292097368,8.08605312958997,8.41083333820626),.UNSPECIFIED.);
#752=CURVE_STYLE('',#1352,POSITIVE_LENGTH_MEASURE(1.0E-006),#1353);
#753=CIRCLE('',#1354,6.095);
#754=CURVE_STYLE('',#1355,POSITIVE_LENGTH_MEASURE(1.0E-006),#1356);
#755=LINE('',#1357,#1358);
#756=CURVE_STYLE('',#1359,POSITIVE_LENGTH_MEASURE(1.0E-006),#1360);
#757=B_SPLINE_CURVE_WITH_KNOTS('',3,(#1361,#1362,#1363,#1364,#1365,#1366,#1367,#1368,#1369,#1370,#1371,#1372,#1373,#1374,#1375,#1376,#1377,#1378,#1379,#1380,#1381,#1382,#1383,#1384),.UNSPECIFIED.,.F.,.F.,(4,2,2,2,2,2,2,2,2,2,2,4),(1.94469191132246,2.26956667734164,2.59444144336082,2.91701758812187,3.23959373288293,3.56216987764399,3.88474602240505,4.20817388746048,4.53160175251591,4.85502961757134,5.17845748262677,5.5015512316611),.UNSPECIFIED.);
#758=CURVE_STYLE('',#1385,POSITIVE_LENGTH_MEASURE(1.0E-006),#1386);
#759=CIRCLE('',#1387,5.9);
#760=CURVE_STYLE('',#1388,POSITIVE_LENGTH_MEASURE(1.0E-006),#1389);
#761=CIRCLE('',#1390,5.9);
#762=POINT_STYLE(' ',#1391,POSITIVE_LENGTH_MEASURE(1.0E-006),#1392);
#763=CARTESIAN_POINT('',(7.95994129984545E-016,-6.5,-57.0));
#764=CURVE_STYLE('',#1393,POSITIVE_LENGTH_MEASURE(1.0E-006),#1394);
#765=CIRCLE('',#1395,5.51264973081037);
#766=POINT_STYLE(' ',#1396,POSITIVE_LENGTH_MEASURE(1.0E-006),#1397);
#767=CARTESIAN_POINT('',(3.04062701472286E-016,-2.48294238,-60.0));
#768=SURFACE_STYLE_USAGE(.BOTH.,#1398);
#769=FACE_OUTER_BOUND('',#1399,.T.);
#770=CONICAL_SURFACE('',#1400,3.99779605540519,1.56749568995838);
#771=POINT_STYLE(' ',#1401,POSITIVE_LENGTH_MEASURE(1.0E-006),#1402);
#772=CARTESIAN_POINT('',(8.91800258225649E-011,6.5,-45.4780549492435));
#773=CURVE_STYLE('',#1403,POSITIVE_LENGTH_MEASURE(1.0E-006),#1404);
#774=LINE('',#1405,#1406);
#775=CURVE_STYLE('',#1407,POSITIVE_LENGTH_MEASURE(1.0E-006),#1408);
#776=LINE('',#1409,#1410);
#777=CURVE_STYLE('',#1411,POSITIVE_LENGTH_MEASURE(1.0E-006),#1412);
#778=ELLIPSE('',#1413,7.24703480827859,6.5);
#779=POINT_STYLE(' ',#1414,POSITIVE_LENGTH_MEASURE(1.0E-006),#1415);
#780=CARTESIAN_POINT('',(0.0,5.9,0.0));
#781=CURVE_STYLE('',#1416,POSITIVE_LENGTH_MEASURE(1.0E-006),#1417);
#782=LINE('',#1418,#1419);
#783=CURVE_STYLE('',#1420,POSITIVE_LENGTH_MEASURE(1.0E-006),#1421);
#784=CIRCLE('',#1422,6.5);
#785=CURVE_STYLE('',#1423,POSITIVE_LENGTH_MEASURE(1.0E-006),#1424);
#786=LINE('',#1425,#1426);
#787=SURFACE_STYLE_USAGE(.BOTH.,#1427);
#788=FACE_OUTER_BOUND('',#1428,.T.);
#789=CYLINDRICAL_SURFACE('',#1429,2.48294238);
#790=POINT_STYLE(' ',#1430,POSITIVE_LENGTH_MEASURE(1.0E-006),#1431);
#791=CARTESIAN_POINT('',(7.95994129984545E-016,-6.5,-0.600000000000001));
#792=POINT_STYLE(' ',#1432,POSITIVE_LENGTH_MEASURE(1.0E-006),#1433);
#793=CARTESIAN_POINT('',(1.26181001712565,6.2743792904702,-47.9848397001559));
#794=CURVE_STYLE('',#1434,POSITIVE_LENGTH_MEASURE(1.0E-006),#1435);
#795=CIRCLE('',#1436,6.09495);
#796=CURVE_STYLE('',#1437,POSITIVE_LENGTH_MEASURE(1.0E-006),#1438);
#797=CIRCLE('',#1439,6.095);
#798=SURFACE_STYLE_USAGE(.BOTH.,#1440);
#799=FACE_OUTER_BOUND('',#1441,.T.);
#800=CONICAL_SURFACE('',#1442,6.2,0.785398163397447);
#801=CURVE_STYLE('',#1443,POSITIVE_LENGTH_MEASURE(1.0E-006),#1444);
#802=LINE('',#1445,#1446);
#803=CURVE_STYLE('',#1447,POSITIVE_LENGTH_MEASURE(1.0E-006),#1448);
#804=LINE('',#1449,#1450);
#805=CURVE_STYLE('',#1451,POSITIVE_LENGTH_MEASURE(1.0E-006),#1452);
#806=ELLIPSE('',#1453,7.13554196507431,6.4);
#807=POINT_STYLE(' ',#1454,POSITIVE_LENGTH_MEASURE(1.0E-006),#1455);
#808=CARTESIAN_POINT('',(1.15473471500027,6.29496526900453,-44.0000003999276));
#809=CURVE_STYLE('',#1456,POSITIVE_LENGTH_MEASURE(1.0E-006),#1457);
#810=CIRCLE('',#1458,2.48294238);
#811=SURFACE_STYLE_USAGE(.BOTH.,#1459);
#812=FACE_OUTER_BOUND('',#1460,.T.);
#813=CYLINDRICAL_SURFACE('',#1461,2.35251530249019);
#814=POINT_STYLE(' ',#1462,POSITIVE_LENGTH_MEASURE(1.0E-006),#1463);
#815=CARTESIAN_POINT('',(6.7508258867476E-016,-5.51264973081037,-110.0));
#816=CURVE_STYLE('',#1464,POSITIVE_LENGTH_MEASURE(1.0E-006),#1465);
#817=B_SPLINE_CURVE_WITH_KNOTS('',3,(#1466,#1467,#1468,#1469,#1470,#1471,#1472,#1473,#1474,#1475),.UNSPECIFIED.,.F.,.F.,(4,2,2,2,4),(0.895185709977619,1.34277856496643,1.79037141995524,2.23733440066781,2.68429738138039),.UNSPECIFIED.);
#818=POINT_STYLE(' ',#1476,POSITIVE_LENGTH_MEASURE(1.0E-006),#1477);
#819=CARTESIAN_POINT('',(0.0,5.51264973081037,-110.0));
#820=POINT_STYLE(' ',#1478,POSITIVE_LENGTH_MEASURE(1.0E-006),#1479);
#821=CARTESIAN_POINT('',(0.0,6.095,-109.0));
#822=POINT_STYLE(' ',#1480,POSITIVE_LENGTH_MEASURE(1.0E-006),#1481);
#823=CARTESIAN_POINT('',(-0.702547363568421,6.46192132433869,-44.9291876357194));
#824=SURFACE_STYLE_USAGE(.BOTH.,#1482);
#825=FACE_OUTER_BOUND('',#1483,.T.);
#826=PLANE('',#1484);
#827=CURVE_STYLE('',#1485,POSITIVE_LENGTH_MEASURE(1.0E-006),#1486);
#828=LINE('',#1487,#1488);
#829=CURVE_STYLE('',#1489,POSITIVE_LENGTH_MEASURE(1.0E-006),#1490);
#830=CIRCLE('',#1491,5.51264973081037);
#831=CURVE_STYLE('',#1492,POSITIVE_LENGTH_MEASURE(1.0E-006),#1493);
#832=B_SPLINE_CURVE_WITH_KNOTS('',3,(#1494,#1495,#1496,#1497,#1498,#1499,#1500,#1501,#1502,#1503,#1504,#1505,#1506,#1507,#1508,#1509,#1510,#1511,#1512,#1513,#1514,#1515,#1516,#1517,#1518,#1519,#1520),.UNSPECIFIED.,.F.,.F.,(4,2,3,2,2,2,2,2,2,2,2,2,4),(-0.783908521800455,-0.391954260900228,0.0,0.391954260900227,0.783908521800455,1.17687722235103,1.56984592290161,1.9611062055381,2.35236648817458,2.74413070216453,3.13589491615448,3.52765913014443,3.91942334413438),.UNSPECIFIED.);
#833=CURVE_STYLE('',#1521,POSITIVE_LENGTH_MEASURE(1.0E-006),#1522);
#834=ELLIPSE('',#1523,7.24703480827859,6.5);
#835=SURFACE_STYLE_USAGE(.BOTH.,#1524);
#836=FACE_OUTER_BOUND('',#1525,.T.);
#837=CYLINDRICAL_SURFACE('',#1526,2.48294238);
#838=CURVE_STYLE('',#1527,POSITIVE_LENGTH_MEASURE(1.0E-006),#1528);
#839=CIRCLE('',#1529,2.48294238);
#840=POINT_STYLE(' ',#1530,POSITIVE_LENGTH_MEASURE(1.0E-006),#1531);
#841=CARTESIAN_POINT('',(7.4639144962297E-016,-6.09495,-58.6));
#842=SURFACE_STYLE_USAGE(.BOTH.,#1532);
#843=FACE_OUTER_BOUND('',#1533,.T.);
#844=CYLINDRICAL_SURFACE('',#1534,1.70887422108542);
#845=POINT_STYLE(' ',#1535,POSITIVE_LENGTH_MEASURE(1.0E-006),#1536);
#846=CARTESIAN_POINT('',(1.26181001712565,6.2743792904702,-45.9065123401911));
#847=CURVE_STYLE('',#1537,POSITIVE_LENGTH_MEASURE(1.0E-006),#1538);
#848=B_SPLINE_CURVE_WITH_KNOTS('',3,(#1539,#1540,#1541,#1542,#1543,#1544,#1545,#1546,#1547,#1548),.UNSPECIFIED.,.F.,.F.,(4,2,2,2,4),(0.895499136218457,1.34324870432769,1.79099827243691,2.23808751785139,2.68517676326586),.UNSPECIFIED.);
#849=CURVE_STYLE('',#1549,POSITIVE_LENGTH_MEASURE(1.0E-006),#1550);
#850=CIRCLE('',#1551,6.5);
#851=CURVE_STYLE('',#1552,POSITIVE_LENGTH_MEASURE(1.0E-006),#1553);
#852=CIRCLE('',#1554,6.095);
#853=SURFACE_STYLE_USAGE(.BOTH.,#1555);
#854=FACE_OUTER_BOUND('',#1556,.T.);
#855=CYLINDRICAL_SURFACE('',#1557,2.35251541799949);
#856=CURVE_STYLE('',#1558,POSITIVE_LENGTH_MEASURE(1.0E-006),#1559);
#857=LINE('',#1560,#1561);
#858=CURVE_STYLE('',#1562,POSITIVE_LENGTH_MEASURE(1.0E-006),#1563);
#859=B_SPLINE_CURVE_WITH_KNOTS('',3,(#1564,#1565,#1566,#1567,#1568,#1569,#1570,#1571,#1572,#1573),.UNSPECIFIED.,.F.,.F.,(4,2,2,2,4),(11.6402540082776,12.087343268712,12.5344325291464,12.9821821128705,13.4299316965945),.UNSPECIFIED.);
#860=SURFACE_STYLE_USAGE(.BOTH.,#1574);
#861=FACE_OUTER_BOUND('',#1575,.T.);
#862=CYLINDRICAL_SURFACE('',#1576,1.03837440725045);
#863=CURVE_STYLE('',#1577,POSITIVE_LENGTH_MEASURE(1.0E-006),#1578);
#864=LINE('',#1579,#1580);
#865=POINT_STYLE(' ',#1581,POSITIVE_LENGTH_MEASURE(1.0E-006),#1582);
#866=CARTESIAN_POINT('',(-0.702547363568422,6.36132275568085,-44.9291876357194));
#867=POINT_STYLE(' ',#1583,POSITIVE_LENGTH_MEASURE(1.0E-006),#1584);
#868=CARTESIAN_POINT('',(7.46397572654739E-016,-6.095,-60.0));
#869=SURFACE_STYLE_USAGE(.BOTH.,#1585);
#870=FACE_BOUND('',#1586,.T.);
#871=FACE_OUTER_BOUND('',#1587,.T.);
#872=PLANE('',#1588);
#873=POINT_STYLE(' ',#1589,POSITIVE_LENGTH_MEASURE(1.0E-006),#1590);
#874=CARTESIAN_POINT('',(1.93152564817038,6.10157427804169,-47.3080171201481));
#875=SURFACE_STYLE_USAGE(.BOTH.,#1591);
#876=FACE_OUTER_BOUND('',#1592,.T.);
#877=CYLINDRICAL_SURFACE('',#1593,6.4);
#878=POINT_STYLE(' ',#1594,POSITIVE_LENGTH_MEASURE(1.0E-006),#1595);
#879=CARTESIAN_POINT('',(0.0,6.5,-0.600000000000001));
#880=CURVE_STYLE('',#1596,POSITIVE_LENGTH_MEASURE(1.0E-006),#1597);
#881=LINE('',#1598,#1599);
#882=SURFACE_STYLE_USAGE(.BOTH.,#1600);
#883=FACE_OUTER_BOUND('',#1601,.T.);
#884=CONICAL_SURFACE('',#1602,5.80632486540519,0.523598775598299);
#885=SURFACE_STYLE_USAGE(.BOTH.,#1603);
#886=FACE_OUTER_BOUND('',#1604,.T.);
#887=CYLINDRICAL_SURFACE('',#1605,1.03837440725045);
#888=CURVE_STYLE('',#1606,POSITIVE_LENGTH_MEASURE(1.0E-006),#1607);
#889=LINE('',#1608,#1609);
#890=POINT_STYLE(' ',#1610,POSITIVE_LENGTH_MEASURE(1.0E-006),#1611);
#891=CARTESIAN_POINT('',(0.0,6.09495,-58.6));
#892=POINT_STYLE(' ',#1612,POSITIVE_LENGTH_MEASURE(1.0E-006),#1613);
#893=CARTESIAN_POINT('',(0.827850162229641,6.447066318016,-46.0660321735827));
#894=SURFACE_STYLE_USAGE(.BOTH.,#1614);
#895=FACE_OUTER_BOUND('',#1615,.T.);
#896=PLANE('',#1616);
#897=CURVE_STYLE('',#1617,POSITIVE_LENGTH_MEASURE(1.0E-006),#1618);
#898=LINE('',#1619,#1620);
#899=POINT_STYLE(' ',#1621,POSITIVE_LENGTH_MEASURE(1.0E-006),#1622);
#900=CARTESIAN_POINT('',(0.0,2.48294238,-109.99));
#901=CURVE_STYLE('',#1623,POSITIVE_LENGTH_MEASURE(1.0E-006),#1624);
#902=CIRCLE('',#1625,5.51764973081037);
#903=SURFACE_STYLE_USAGE(.BOTH.,#1626);
#904=FACE_OUTER_BOUND('',#1627,.T.);
#905=CONICAL_SURFACE('',#1628,6.297475,0.247947038182283);
#906=SURFACE_STYLE_USAGE(.BOTH.,#1629);
#907=FACE_OUTER_BOUND('',#1630,.T.);
#908=CONICAL_SURFACE('',#1631,3.99779605540519,1.56749568995838);
#909=CURVE_STYLE('',#1632,POSITIVE_LENGTH_MEASURE(1.0E-006),#1633);
#910=CIRCLE('',#1634,2.48294238);
#911=SURFACE_STYLE_USAGE(.BOTH.,#1635);
#912=FACE_OUTER_BOUND('',#1636,.T.);
#913=CONICAL_SURFACE('',#1637,5.80632486540519,0.523598775598299);
#914=SURFACE_STYLE_USAGE(.BOTH.,#1638);
#915=FACE_OUTER_BOUND('',#1639,.T.);
#916=CONICAL_SURFACE('',#1640,3.99779605540519,1.56749568995838);
#917=POINT_STYLE(' ',#1641,POSITIVE_LENGTH_MEASURE(1.0E-006),#1642);
#918=CARTESIAN_POINT('',(-5.7521856908596E-016,6.5,-48.3781477390037));
#919=CURVE_STYLE('',#1643,POSITIVE_LENGTH_MEASURE(1.0E-006),#1644);
#920=CIRCLE('',#1645,2.48294238);
#921=SURFACE_STYLE_USAGE(.BOTH.,#1646);
#922=FACE_OUTER_BOUND('',#1647,.T.);
#923=PLANE('',#1648);
#924=CURVE_STYLE('',#1649,POSITIVE_LENGTH_MEASURE(1.0E-006),#1650);
#925=B_SPLINE_CURVE_WITH_KNOTS('',3,(#1651,#1652,#1653,#1654,#1655,#1656,#1657,#1658,#1659,#1660,#1661,#1662,#1663,#1664,#1665,#1666),.UNSPECIFIED.,.F.,.F.,(4,2,2,2,2,2,2,4),(8.50350713832514,8.95123799061465,9.39902989888443,9.84682180715421,10.294613715424,10.7424056236938,11.1893686304098,11.6363316371258),.UNSPECIFIED.);
#926=CURVE_STYLE('',#1667,POSITIVE_LENGTH_MEASURE(1.0E-006),#1668);
#927=CIRCLE('',#1669,2.48294238);
#928=CURVE_STYLE('',#1670,POSITIVE_LENGTH_MEASURE(1.0E-006),#1671);
#929=LINE('',#1672,#1673);
#930=CURVE_STYLE('',#1674,POSITIVE_LENGTH_MEASURE(1.0E-006),#1675);
#931=CIRCLE('',#1676,5.51264973081037);
#932=POINT_STYLE(' ',#1677,POSITIVE_LENGTH_MEASURE(1.0E-006),#1678);
#933=CARTESIAN_POINT('',(-1.93129841870983,6.10164620556526,-47.4263383397458));
#934=CURVE_STYLE('',#1679,POSITIVE_LENGTH_MEASURE(1.0E-006),#1680);
#935=B_SPLINE_CURVE_WITH_KNOTS('',3,(#1681,#1682,#1683,#1684,#1685,#1686,#1687,#1688,#1689,#1690,#1691,#1692,#1693,#1694,#1695,#1696),.UNSPECIFIED.,.F.,.F.,(4,2,2,2,2,2,2,4),(2.68517700068046,3.13226628725947,3.57935557383849,4.02730140364628,4.47524723345408,4.92319306326187,5.37113889306966,5.81903315266509),.UNSPECIFIED.);
#936=SURFACE_STYLE_USAGE(.BOTH.,#1697);
#937=FACE_BOUND('',#1698,.T.);
#938=FACE_OUTER_BOUND('',#1699,.T.);
#939=PLANE('',#1700);
#940=POINT_STYLE(' ',#1701,POSITIVE_LENGTH_MEASURE(1.0E-006),#1702);
#941=CARTESIAN_POINT('',(-1.49510602671818,6.22291394516034,-44.4580653977656));
#942=CURVE_STYLE('',#1703,POSITIVE_LENGTH_MEASURE(1.0E-006),#1704);
#943=CIRCLE('',#1705,6.09495);
#944=SURFACE_STYLE_USAGE(.BOTH.,#1706);
#945=FACE_OUTER_BOUND('',#1707,.T.);
#946=CONICAL_SURFACE('',#1708,3.99779605540519,1.56749568995838);
#947=SURFACE_STYLE_USAGE(.BOTH.,#1709);
#948=FACE_OUTER_BOUND('',#1710,.T.);
#949=PLANE('',#1711);
#950=POINT_STYLE(' ',#1712,POSITIVE_LENGTH_MEASURE(1.0E-006),#1713);
#951=CARTESIAN_POINT('',(1.93152564817038,6.20638450875065,-44.7439588521241));
#952=POINT_STYLE(' ',#1714,POSITIVE_LENGTH_MEASURE(1.0E-006),#1715);
#953=CARTESIAN_POINT('',(0.41903784984053,6.38626708495668,-48.333091961922));
#954=POINT_STYLE(' ',#1716,POSITIVE_LENGTH_MEASURE(1.0E-006),#1717);
#955=CARTESIAN_POINT('',(-0.812260207482315,6.34824647877985,-44.4580653977656));
#956=CURVE_STYLE('',#1718,POSITIVE_LENGTH_MEASURE(1.0E-006),#1719);
#957=CIRCLE('',#1720,6.4);
#958=POINT_STYLE(' ',#1721,POSITIVE_LENGTH_MEASURE(1.0E-006),#1722);
#959=CARTESIAN_POINT('',(-1.49510602671818,6.32571402838217,-44.4580653977656));
#960=CURVE_STYLE('',#1723,POSITIVE_LENGTH_MEASURE(1.0E-006),#1724);
#961=LINE('',#1725,#1726);
#962=POINT_STYLE(' ',#1727,POSITIVE_LENGTH_MEASURE(1.0E-006),#1728);
#963=CARTESIAN_POINT('',(1.26181001712565,6.37634969874468,-45.9065123401911));
#964=CURVE_STYLE('',#1729,POSITIVE_LENGTH_MEASURE(1.0E-006),#1730);
#965=LINE('',#1731,#1732);
#966=POINT_STYLE(' ',#1733,POSITIVE_LENGTH_MEASURE(1.0E-006),#1734);
#967=CARTESIAN_POINT('',(7.22517748755203E-016,-5.9,0.0));
#968=CURVE_STYLE('',#1735,POSITIVE_LENGTH_MEASURE(1.0E-006),#1736);
#969=LINE('',#1737,#1738);
#970=CURVE_STYLE('',#1739,POSITIVE_LENGTH_MEASURE(1.0E-006),#1740);
#971=LINE('',#1741,#1742);
#972=CURVE_STYLE('',#1743,POSITIVE_LENGTH_MEASURE(1.0E-006),#1744);
#973=B_SPLINE_CURVE_WITH_KNOTS('',3,(#1745,#1746,#1747,#1748,#1749,#1750,#1751,#1752,#1753,#1754,#1755,#1756,#1757,#1758,#1759,#1760,#1761,#1762,#1763,#1764,#1765,#1766,#1767,#1768,#1769,#1770,#1771),.UNSPECIFIED.,.F.,.F.,(4,2,2,2,2,2,2,2,2,2,3,2,4),(-3.91967937728931,-3.52789538797748,-3.13611139866565,-2.74432740935382,-2.35254342004199,-1.96127941058064,-1.57001540111928,-1.17698847929961,-0.783961557479945,-0.391980778739972,0.0,0.392343265333297,0.784686530666594),.UNSPECIFIED.);
#974=SURFACE_STYLE_USAGE(.BOTH.,#1772);
#975=FACE_OUTER_BOUND('',#1773,.T.);
#976=CYLINDRICAL_SURFACE('',#1774,6.5);
#977=POINT_STYLE(' ',#1775,POSITIVE_LENGTH_MEASURE(1.0E-006),#1776);
#978=CARTESIAN_POINT('',(3.04062701472286E-016,-2.48294238,-109.99));
#979=POINT_STYLE(' ',#1777,POSITIVE_LENGTH_MEASURE(1.0E-006),#1778);
#980=CARTESIAN_POINT('',(0.0,2.48294238,-60.0));
#981=CURVE_STYLE('',#1779,POSITIVE_LENGTH_MEASURE(1.0E-006),#1780);
#982=LINE('',#1781,#1782);
#983=CURVE_STYLE('',#1783,POSITIVE_LENGTH_MEASURE(1.0E-006),#1784);
#984=LINE('',#1785,#1786);
#985=POINT_STYLE(' ',#1787,POSITIVE_LENGTH_MEASURE(1.0E-006),#1788);
#986=CARTESIAN_POINT('',(6.75694891851671E-016,-5.51764973081037,-110.0));
#987=CURVE_STYLE('',#1789,POSITIVE_LENGTH_MEASURE(1.0E-006),#1790);
#988=CIRCLE('',#1791,6.5);
#989=CURVE_STYLE('',#1792,POSITIVE_LENGTH_MEASURE(1.0E-006),#1793);
#990=CIRCLE('',#1794,2.48294238);
#991=CURVE_STYLE('',#1795,POSITIVE_LENGTH_MEASURE(1.0E-006),#1796);
#992=CIRCLE('',#1797,6.09495);
#993=CURVE_STYLE('',#1798,POSITIVE_LENGTH_MEASURE(1.0E-006),#1799);
#994=B_SPLINE_CURVE_WITH_KNOTS('',3,(#1800,#1801,#1802,#1803,#1804,#1805,#1806,#1807,#1808,#1809),.UNSPECIFIED.,.F.,.F.,(4,2,2,2,4),(11.6363304013446,12.0832933670312,12.5302563327178,12.9778491721052,13.4254420114926),.UNSPECIFIED.);
#995=CURVE_STYLE('',#1810,POSITIVE_LENGTH_MEASURE(1.0E-006),#1811);
#996=CIRCLE('',#1812,2.48294238);
#997=PRODUCT_CONTEXT('',#195,'mechanical');
#998=PRODUCT_DEFINITION_FORMATION_WITH_SPECIFIED_SOURCE(' ','NONE',#575,.NOT_KNOWN.);
#999=CARTESIAN_POINT('',(0.0,0.0,0.0));
#1000=DIRECTION('',(0.0,0.0,1.0));
#1001=DIRECTION('',(1.0,0.0,0.0));
#1002=PRODUCT_CONTEXT('',#200,'mechanical');
#1003=PRODUCT_DEFINITION_FORMATION_WITH_SPECIFIED_SOURCE(' ','NONE',#578,.NOT_KNOWN.);
#1004=CARTESIAN_POINT('',(0.0,0.0,0.0));
#1005=DIRECTION('',(0.0,0.0,1.0));
#1006=DIRECTION('',(1.0,0.0,0.0));
#1007= (NAMED_UNIT(#586)LENGTH_UNIT()SI_UNIT(.MILLI.,.METRE.));
#1008=PRE_DEFINED_MARKER('');
#1009=COLOUR_RGB('',0.498039215803146,0.498039215803146,0.498039215803146);
#1010=PRE_DEFINED_MARKER('');
#1011=COLOUR_RGB('',0.498039215803146,0.498039215803146,0.498039215803146);
#1012=SURFACE_SIDE_STYLE('',(#1814));
#1013=EDGE_LOOP('',(#1815,#1816,#1817,#1818));
#1014=AXIS2_PLACEMENT_3D('',#1819,#1820,#1821);
#1015=PRE_DEFINED_MARKER('');
#1016=COLOUR_RGB('',0.498039215803146,0.498039215803146,0.498039215803146);
#1017=SURFACE_SIDE_STYLE('',(#1822));
#1018=EDGE_LOOP('',(#1823,#1824,#1825,#1826));
#1019=AXIS2_PLACEMENT_3D('',#1827,#1828,#1829);
#1020=PRE_DEFINED_MARKER('');
#1021=COLOUR_RGB('',0.498039215803146,0.498039215803146,0.498039215803146);
#1022=SURFACE_SIDE_STYLE('',(#1830));
#1023=EDGE_LOOP('',(#1831,#1832,#1833,#1834));
#1024=AXIS2_PLACEMENT_3D('',#1835,#1836,#1837);
#1025=DRAUGHTING_PRE_DEFINED_CURVE_FONT('continuous');
#1026=COLOUR_RGB('',0.200000002980232,0.600000023841858,1.0);
#1027=CARTESIAN_POINT('',(1.26181001712565,0.0,-47.9848397001559));
#1028=VECTOR('',#1838,4.33333333);
#1029=SURFACE_SIDE_STYLE('',(#1839));
#1030=EDGE_LOOP('',(#1840,#1841,#1842,#1843));
#1031=AXIS2_PLACEMENT_3D('',#1844,#1845,#1846);
#1032=DRAUGHTING_PRE_DEFINED_CURVE_FONT('continuous');
#1033=COLOUR_RGB('',0.498039215803146,0.498039215803146,0.498039215803146);
#1034=CARTESIAN_POINT('',(-1.46304184569344,6.33320681469901,-44.1415799948755));
#1035=CARTESIAN_POINT('',(-1.48479428199427,6.32818175782084,-44.2521915101787));
#1036=CARTESIAN_POINT('',(-1.49515746915257,6.3257018695507,-44.3635321732235));
#1037=CARTESIAN_POINT('',(-1.49515746915257,6.3257018695507,-44.5791176459461));
#1038=CARTESIAN_POINT('',(-1.48479428199427,6.32818175782084,-44.6904583089909));
#1039=CARTESIAN_POINT('',(-1.4412894093926,6.33823187157717,-44.9116813395973));
#1040=CARTESIAN_POINT('',(-1.40815862265548,6.3457930554979,-45.0215662609789));
#1041=CARTESIAN_POINT('',(-1.32070522958242,6.36456894076133,-45.2321104129175));
#1042=CARTESIAN_POINT('',(-1.26631330686418,6.3757770042786,-45.3329447302838));
#1043=CARTESIAN_POINT('',(-1.14074483195953,6.39943614918081,-45.5193284919381));
#1044=CARTESIAN_POINT('',(-1.06955890214777,6.41185860697935,-45.6048752506211));
#1045=CARTESIAN_POINT('',(-0.918102005552644,6.43528909802694,-45.7561052886489));
#1046=CARTESIAN_POINT('',(-0.832633703499968,6.44713145028506,-45.8270486947431));
#1047=CARTESIAN_POINT('',(-0.646417338186112,6.46845634183989,-45.9522049197306));
#1048=CARTESIAN_POINT('',(-0.545671892843873,6.47791247496283,-46.0064261314507));
#1049=CARTESIAN_POINT('',(-0.335368988903075,6.49219804749189,-46.093580049639));
#1050=CARTESIAN_POINT('',(-0.225632321309993,6.49702111471802,-46.1265838037596));
#1051=CARTESIAN_POINT('',(-0.00482038549424024,6.50093609208669,-46.1698981739671));
#1052=CARTESIAN_POINT('',(0.106256906145054,6.50002073731689,-46.1801991306702));
#1053=CARTESIAN_POINT('',(0.321918287748956,6.49292606292951,-46.1801991306702));
#1054=CARTESIAN_POINT('',(0.433550736207154,6.48647779197431,-46.1697580453732));
#1055=CARTESIAN_POINT('',(0.655124218967719,6.46785688187038,-46.1260640266089));
#1056=CARTESIAN_POINT('',(0.765068274024968,6.45569122226227,-46.0928234382258));
#1057=CARTESIAN_POINT('',(0.870312856682609,6.44147153463345,-46.0490234418519));
#1058=DRAUGHTING_PRE_DEFINED_CURVE_FONT('continuous');
#1059=COLOUR_RGB('',0.800000011920929,0.800000011920929,0.800000011920929);
#1060=CARTESIAN_POINT('',(3.04062701472286E-016,-2.48294238,-84.995));
#1061=VECTOR('',#1847,1.0);
#1062=DRAUGHTING_PRE_DEFINED_CURVE_FONT('continuous');
#1063=COLOUR_RGB('',0.800000011920929,0.800000011920929,0.800000011920929);
#1064=CARTESIAN_POINT('',(-7.46397572654739E-016,6.095,-84.5));
#1065=VECTOR('',#1848,1.0);
#1066=SURFACE_SIDE_STYLE('',(#1849));
#1067=EDGE_LOOP('',(#1850,#1851,#1852,#1853));
#1068=AXIS2_PLACEMENT_3D('',#1854,#1855,#1856);
#1069=DRAUGHTING_PRE_DEFINED_CURVE_FONT('continuous');
#1070=COLOUR_RGB('',0.800000011920929,0.800000011920929,0.800000011920929);
#1071=AXIS2_PLACEMENT_3D('',#1857,#1858,#1859);
#1072=DRAUGHTING_PRE_DEFINED_CURVE_FONT('continuous');
#1073=COLOUR_RGB('',0.200000002980232,0.600000023841858,1.0);
#1074=CARTESIAN_POINT('',(1.93152564817038,0.0,-47.3080171201481));
#1075=VECTOR('',#1860,4.33333333);
#1076=DRAUGHTING_PRE_DEFINED_CURVE_FONT('continuous');
#1077=COLOUR_RGB('',0.498039215803146,0.498039215803146,0.498039215803146);
#1078=CARTESIAN_POINT('',(1.93152564817038,6.20638450875065,-46.0259879861361));
#1079=VECTOR('',#1861,1.0);
#1080=DRAUGHTING_PRE_DEFINED_CURVE_FONT('continuous');
#1081=COLOUR_RGB('',0.800000011920929,0.800000011920929,0.800000011920929);
#1082=CARTESIAN_POINT('',(-4.89572645073523E-016,3.99779605540519,-109.995));
#1083=VECTOR('',#1862,1.0);
#1084=PRE_DEFINED_MARKER('');
#1085=COLOUR_RGB('',0.498039215803146,0.498039215803146,0.498039215803146);
#1086=DRAUGHTING_PRE_DEFINED_CURVE_FONT('continuous');
#1087=COLOUR_RGB('',0.200000002980232,0.600000023841858,1.0);
#1088=AXIS2_PLACEMENT_3D('',#1863,#1864,#1865);
#1089=DRAUGHTING_PRE_DEFINED_CURVE_FONT('continuous');
#1090=COLOUR_RGB('',0.498039215803146,0.498039215803146,0.498039215803146);
#1091=AXIS2_PLACEMENT_3D('',#1866,#1867,#1868);
#1092=PRE_DEFINED_MARKER('');
#1093=COLOUR_RGB('',0.498039215803146,0.498039215803146,0.498039215803146);
#1094=DRAUGHTING_PRE_DEFINED_CURVE_FONT('continuous');
#1095=COLOUR_RGB('',0.498039215803146,0.498039215803146,0.498039215803146);
#1096=AXIS2_PLACEMENT_3D('',#1869,#1870,#1871);
#1097=PRE_DEFINED_MARKER('');
#1098=COLOUR_RGB('',0.498039215803146,0.498039215803146,0.498039215803146);
#1099=PRE_DEFINED_MARKER('');
#1100=COLOUR_RGB('',0.200000002980232,0.600000023841858,1.0);
#1101=SURFACE_SIDE_STYLE('',(#1872));
#1102=EDGE_LOOP('',(#1873,#1874,#1875,#1876));
#1103=AXIS2_PLACEMENT_3D('',#1877,#1878,#1879);
#1104=DRAUGHTING_PRE_DEFINED_CURVE_FONT('continuous');
#1105=COLOUR_RGB('',0.498039215803146,0.498039215803146,0.498039215803146);
#1106=CARTESIAN_POINT('',(0.960826908534033,6.4285932871692,-43.730844410515));
#1107=CARTESIAN_POINT('',(1.05263887797574,6.41487093659817,-43.8227794581762));
#1108=CARTESIAN_POINT('',(1.13238090981159,6.40082923354233,-43.939238280082));
#1109=CARTESIAN_POINT('',(1.2383041697034,6.38118360692084,-44.1948069345129));
#1110=CARTESIAN_POINT('',(1.26446808296637,6.37582312075542,-44.3339425975235));
#1111=CARTESIAN_POINT('',(1.26446808296637,6.37582312075542,-44.4645940178235));
#1112=CARTESIAN_POINT('',(1.26446808296637,6.37582312075542,-44.5952454381236));
#1113=CARTESIAN_POINT('',(1.2383041697034,6.38118360692084,-44.7343811011341));
#1114=CARTESIAN_POINT('',(1.13238090981159,6.40082923354233,-44.9899497555651));
#1115=CARTESIAN_POINT('',(1.05263887797574,6.41487093659817,-45.1064085774708));
#1116=CARTESIAN_POINT('',(0.868777315187019,6.44235115335494,-45.2905166152445));
#1117=CARTESIAN_POINT('',(0.752193843589523,6.45760981324629,-45.3704798634262));
#1118=CARTESIAN_POINT('',(0.496321193649114,6.48229784491685,-45.476714391019));
#1119=CARTESIAN_POINT('',(0.357003976327733,6.4915103348535,-45.502968425074));
#1120=CARTESIAN_POINT('',(0.0957525031349012,6.50060311502846,-45.502968425074));
#1121=CARTESIAN_POINT('',(-0.0433013682245328,6.50111419043627,-45.4769182794112));
#1122=CARTESIAN_POINT('',(-0.299030761016857,6.49437767071654,-45.3710257160603));
#1123=CARTESIAN_POINT('',(-0.415714751541032,6.48735071191744,-45.2911898302123));
#1124=CARTESIAN_POINT('',(-0.600071263896833,6.47290309674712,-45.1069910103259));
#1125=CARTESIAN_POINT('',(-0.680035946501446,6.46454964557866,-44.9902708811199));
#1126=CARTESIAN_POINT('',(-0.786144488716079,6.45250555022295,-44.7343734221352));
#1127=CARTESIAN_POINT('',(-0.812280731534525,6.44904644216319,-44.5951820891535));
#1128=CARTESIAN_POINT('',(-0.812280731534525,6.44904644216319,-44.3340059464935));
#1129=CARTESIAN_POINT('',(-0.786144488716079,6.45250555022295,-44.1948146135118));
#1130=CARTESIAN_POINT('',(-0.680035946501446,6.46454964557866,-43.9389171545272));
#1131=CARTESIAN_POINT('',(-0.600071263896834,6.47290309674712,-43.8221970253212));
#1132=CARTESIAN_POINT('',(-0.507833684525858,6.4801315533607,-43.730038342928));
#1133=SURFACE_SIDE_STYLE('',(#1880));
#1134=DRAUGHTING_PRE_DEFINED_CURVE_FONT('continuous');
#1135=COLOUR_RGB('',0.800000011920929,0.800000011920929,0.800000011920929);
#1136=CARTESIAN_POINT('',(7.46397572654739E-016,-6.095,-84.5));
#1137=VECTOR('',#1881,1.0);
#1138=DRAUGHTING_PRE_DEFINED_CURVE_FONT('continuous');
#1139=COLOUR_RGB('',0.498039215803146,0.498039215803146,0.498039215803146);
#1140=AXIS2_PLACEMENT_3D('',#1882,#1883,#1884);
#1141=PRE_DEFINED_MARKER('');
#1142=COLOUR_RGB('',0.498039215803146,0.498039215803146,0.498039215803146);
#1143=PRE_DEFINED_MARKER('');
#1144=COLOUR_RGB('',0.498039215803146,0.498039215803146,0.498039215803146);
#1145=DRAUGHTING_PRE_DEFINED_CURVE_FONT('continuous');
#1146=COLOUR_RGB('',0.498039215803146,0.498039215803146,0.498039215803146);
#1147=CARTESIAN_POINT('',(1.26181001712565,6.37634969874468,-46.9456760201735));
#1148=VECTOR('',#1885,1.0);
#1149=DRAUGHTING_PRE_DEFINED_CURVE_FONT('continuous');
#1150=COLOUR_RGB('',0.498039215803146,0.498039215803146,0.498039215803146);
#1151=AXIS2_PLACEMENT_3D('',#1886,#1887,#1888);
#1152=SURFACE_SIDE_STYLE('',(#1889));
#1153=EDGE_LOOP('',(#1890,#1891,#1892,#1893));
#1154=AXIS2_PLACEMENT_3D('',#1894,#1895,#1896);
#1155=SURFACE_SIDE_STYLE('',(#1897));
#1156=EDGE_LOOP('',(#1898,#1899,#1900,#1901));
#1157=AXIS2_PLACEMENT_3D('',#1902,#1903,#1904);
#1158=SURFACE_SIDE_STYLE('',(#1905));
#1159=EDGE_LOOP('',(#1906,#1907));
#1160=EDGE_LOOP('',(#1908,#1909));
#1161=AXIS2_PLACEMENT_3D('',#1910,#1911,#1912);
#1162=DRAUGHTING_PRE_DEFINED_CURVE_FONT('continuous');
#1163=COLOUR_RGB('',0.498039215803146,0.498039215803146,0.498039215803146);
#1164=CARTESIAN_POINT('',(7.71192789803758E-016,-6.297475,-57.8));
#1165=VECTOR('',#1913,1.0);
#1166=PRE_DEFINED_MARKER('');
#1167=COLOUR_RGB('',0.498039215803146,0.498039215803146,0.498039215803146);
#1168=DRAUGHTING_PRE_DEFINED_CURVE_FONT('continuous');
#1169=COLOUR_RGB('',0.200000002980232,0.600000023841858,1.0);
#1170=CARTESIAN_POINT('',(-0.50782375914428,6.37982092457528,-43.7300284261702));
#1171=CARTESIAN_POINT('',(-0.600062763064524,6.37247884424665,-43.8221860413927));
#1172=CARTESIAN_POINT('',(-0.680029052196902,6.3639934701509,-43.9389048101753));
#1173=CARTESIAN_POINT('',(-0.786141962343904,6.3517582793966,-44.1948042388018));
#1174=CARTESIAN_POINT('',(-0.812280731534525,6.34824385268696,-44.3339993547196));
#1175=CARTESIAN_POINT('',(-0.812280731534525,6.34824385268696,-44.5951886809275));
#1176=CARTESIAN_POINT('',(-0.786141962343902,6.3517582793966,-44.7343837968453));
#1177=CARTESIAN_POINT('',(-0.680029052196903,6.3639934701509,-44.9902832254718));
#1178=CARTESIAN_POINT('',(-0.600062763064522,6.37247884424665,-45.1070019942544));
#1179=CARTESIAN_POINT('',(-0.415707175804701,6.38715326041732,-45.2911949121385));
#1180=CARTESIAN_POINT('',(-0.299025675607431,6.39428997672721,-45.3710283583898));
#1181=CARTESIAN_POINT('',(-0.0432995799516678,6.40113160364311,-45.4769184833253));
#1182=CARTESIAN_POINT('',(0.0957537479805403,6.40061254449594,-45.502968425074));
#1183=CARTESIAN_POINT('',(0.357020874101892,6.39137696014781,-45.502968425074));
#1184=CARTESIAN_POINT('',(0.496345966390796,6.38201894230997,-45.4767080786717));
#1185=CARTESIAN_POINT('',(0.752219877961685,6.35694032963671,-45.3704650806258));
#1186=CARTESIAN_POINT('',(0.868797602913068,6.34143976997916,-45.2905002223581));
#1187=CARTESIAN_POINT('',(1.05264243759034,6.31352242799521,-45.1064011008232));
#1188=CARTESIAN_POINT('',(1.13237894722055,6.29925570082376,-44.989952020747));
#1189=CARTESIAN_POINT('',(1.23830069351977,6.27929262722187,-44.7343919583444));
#1190=CARTESIAN_POINT('',(1.26446808296637,6.27384415387881,-44.5952542774035));
#1191=CARTESIAN_POINT('',(1.26446808296637,6.27384415387881,-44.4645940178235));
#1192=CARTESIAN_POINT('',(1.26446808296637,6.27384415387881,-44.3338129293791));
#1193=CARTESIAN_POINT('',(1.23825272571448,6.27930286902391,-44.1945553203974));
#1194=CARTESIAN_POINT('',(1.1321514922505,6.29929736484369,-43.9388125776063));
#1195=CARTESIAN_POINT('',(1.05228347889772,6.31358445720542,-43.8223006514506));
#1196=CARTESIAN_POINT('',(0.960335260493278,6.3275395050093,-43.7303524330462));
#1197=DRAUGHTING_PRE_DEFINED_CURVE_FONT('continuous');
#1198=COLOUR_RGB('',0.200000002980232,0.600000023841858,1.0);
#1199=CARTESIAN_POINT('',(-1.93129841870983,0.0,-47.4263383397458));
#1200=VECTOR('',#1914,4.33333333);
#1201=SURFACE_SIDE_STYLE('',(#1915));
#1202=EDGE_LOOP('',(#1916,#1917,#1918,#1919));
#1203=AXIS2_PLACEMENT_3D('',#1920,#1921,#1922);
#1204=PRE_DEFINED_MARKER('');
#1205=COLOUR_RGB('',0.800000011920929,0.800000011920929,0.800000011920929);
#1206=SURFACE_SIDE_STYLE('',(#1923));
#1207=EDGE_LOOP('',(#1924,#1925,#1926,#1927));
#1208=AXIS2_PLACEMENT_3D('',#1928,#1929,#1930);
#1209=PRE_DEFINED_MARKER('');
#1210=COLOUR_RGB('',0.200000002980232,0.600000023841858,1.0);
#1211=PRE_DEFINED_MARKER('');
#1212=COLOUR_RGB('',0.498039215803146,0.498039215803146,0.498039215803146);
#1213=PRE_DEFINED_MARKER('');
#1214=COLOUR_RGB('',0.800000011920929,0.800000011920929,0.800000011920929);
#1215=DRAUGHTING_PRE_DEFINED_CURVE_FONT('continuous');
#1216=COLOUR_RGB('',0.800000011920929,0.800000011920929,0.800000011920929);
#1217=CARTESIAN_POINT('',(-7.11046232253205E-016,5.80632486540519,-109.5));
#1218=VECTOR('',#1931,1.0);
#1219=DRAUGHTING_PRE_DEFINED_CURVE_FONT('continuous');
#1220=COLOUR_RGB('',0.498039215803146,0.498039215803146,0.498039215803146);
#1221=AXIS2_PLACEMENT_3D('',#1932,#1933,#1934);
#1222=PRE_DEFINED_MARKER('');
#1223=COLOUR_RGB('',0.800000011920929,0.800000011920929,0.800000011920929);
#1224=SURFACE_SIDE_STYLE('',(#1935));
#1225=EDGE_LOOP('',(#1936,#1937,#1938,#1939));
#1226=AXIS2_PLACEMENT_3D('',#1940,#1941,#1942);
#1227=DRAUGHTING_PRE_DEFINED_CURVE_FONT('continuous');
#1228=COLOUR_RGB('',0.498039215803146,0.498039215803146,0.498039215803146);
#1229=CARTESIAN_POINT('',(-3.04062701472286E-016,2.48294238,-84.995));
#1230=VECTOR('',#1943,1.0);
#1231=DRAUGHTING_PRE_DEFINED_CURVE_FONT('continuous');
#1232=COLOUR_RGB('',0.498039215803146,0.498039215803146,0.498039215803146);
#1233=CARTESIAN_POINT('',(0.960826908534033,6.4285932871692,-43.730844410515));
#1234=CARTESIAN_POINT('',(1.05263887797574,6.41487093659817,-43.8227794581762));
#1235=CARTESIAN_POINT('',(1.13238090981159,6.40082923354233,-43.939238280082));
#1236=CARTESIAN_POINT('',(1.2383041697034,6.38118360692084,-44.1948069345129));
#1237=CARTESIAN_POINT('',(1.26446808296637,6.37582312075542,-44.3339425975235));
#1238=CARTESIAN_POINT('',(1.26446808296637,6.37582312075542,-44.4645940178235));
#1239=CARTESIAN_POINT('',(1.26446808296637,6.37582312075542,-44.5952454381236));
#1240=CARTESIAN_POINT('',(1.2383041697034,6.38118360692084,-44.7343811011341));
#1241=CARTESIAN_POINT('',(1.13238090981159,6.40082923354233,-44.9899497555651));
#1242=CARTESIAN_POINT('',(1.05263887797574,6.41487093659817,-45.1064085774708));
#1243=CARTESIAN_POINT('',(0.868777315187019,6.44235115335494,-45.2905166152445));
#1244=CARTESIAN_POINT('',(0.752193843589523,6.45760981324629,-45.3704798634262));
#1245=CARTESIAN_POINT('',(0.496321193649114,6.48229784491685,-45.476714391019));
#1246=CARTESIAN_POINT('',(0.357003976327733,6.4915103348535,-45.502968425074));
#1247=CARTESIAN_POINT('',(0.0957525031349012,6.50060311502846,-45.502968425074));
#1248=CARTESIAN_POINT('',(-0.0433013682245328,6.50111419043627,-45.4769182794112));
#1249=CARTESIAN_POINT('',(-0.299030761016857,6.49437767071654,-45.3710257160603));
#1250=CARTESIAN_POINT('',(-0.415714751541032,6.48735071191744,-45.2911898302123));
#1251=CARTESIAN_POINT('',(-0.600071263896833,6.47290309674712,-45.1069910103259));
#1252=CARTESIAN_POINT('',(-0.680035946501446,6.46454964557866,-44.9902708811199));
#1253=CARTESIAN_POINT('',(-0.786144488716079,6.45250555022295,-44.7343734221352));
#1254=CARTESIAN_POINT('',(-0.812280731534525,6.44904644216319,-44.5951820891535));
#1255=CARTESIAN_POINT('',(-0.812280731534525,6.44904644216319,-44.3340059464935));
#1256=CARTESIAN_POINT('',(-0.786144488716079,6.45250555022295,-44.1948146135118));
#1257=CARTESIAN_POINT('',(-0.680035946501446,6.46454964557866,-43.9389171545272));
#1258=CARTESIAN_POINT('',(-0.600071263896834,6.47290309674712,-43.8221970253212));
#1259=CARTESIAN_POINT('',(-0.507833684525858,6.4801315533607,-43.730038342928));
#1260=SURFACE_SIDE_STYLE('',(#1944));
#1261=EDGE_LOOP('',(#1945,#1946,#1947));
#1262=AXIS2_PLACEMENT_3D('',#1948,#1949,#1950);
#1263=PRE_DEFINED_MARKER('');
#1264=COLOUR_RGB('',0.498039215803146,0.498039215803146,0.498039215803146);
#1265=DRAUGHTING_PRE_DEFINED_CURVE_FONT('continuous');
#1266=COLOUR_RGB('',0.498039215803146,0.498039215803146,0.498039215803146);
#1267=CARTESIAN_POINT('',(-7.95994129984545E-016,6.5,-23.35));
#1268=VECTOR('',#1951,1.0);
#1269=DRAUGHTING_PRE_DEFINED_CURVE_FONT('continuous');
#1270=COLOUR_RGB('',0.200000002980232,0.600000023841858,1.0);
#1271=CARTESIAN_POINT('',(1.93152564817038,6.10157427804169,-46.0259879861361));
#1272=VECTOR('',#1952,1.0);
#1273=PRE_DEFINED_MARKER('');
#1274=COLOUR_RGB('',0.800000011920929,0.800000011920929,0.800000011920929);
#1275=DRAUGHTING_PRE_DEFINED_CURVE_FONT('continuous');
#1276=COLOUR_RGB('',0.800000011920929,0.800000011920929,0.800000011920929);
#1277=AXIS2_PLACEMENT_3D('',#1953,#1954,#1955);
#1278=DRAUGHTING_PRE_DEFINED_CURVE_FONT('continuous');
#1279=COLOUR_RGB('',0.200000002980232,0.600000023841858,1.0);
#1280=CARTESIAN_POINT('',(1.93152564817038,0.0,-44.7439588521241));
#1281=VECTOR('',#1956,4.33333333);
#1282=PRE_DEFINED_MARKER('');
#1283=COLOUR_RGB('',0.800000011920929,0.800000011920929,0.800000011920929);
#1284=SURFACE_SIDE_STYLE('',(#1957));
#1285=PRE_DEFINED_MARKER('');
#1286=COLOUR_RGB('',0.498039215803146,0.498039215803146,0.498039215803146);
#1287=DRAUGHTING_PRE_DEFINED_CURVE_FONT('continuous');
#1288=COLOUR_RGB('',0.200000002980232,0.600000023841858,1.0);
#1289=CARTESIAN_POINT('',(0.41903784984053,0.0,-48.333091961922));
#1290=VECTOR('',#1958,4.33333333);
#1291=PRE_DEFINED_MARKER('');
#1292=COLOUR_RGB('',0.800000011920929,0.800000011920929,0.800000011920929);
#1293=DRAUGHTING_PRE_DEFINED_CURVE_FONT('continuous');
#1294=COLOUR_RGB('',0.498039215803146,0.498039215803146,0.498039215803146);
#1295=CARTESIAN_POINT('',(-1.99191228895496,6.18726801044776,-47.3405777893548));
#1296=CARTESIAN_POINT('',(-1.90585743635666,6.21497227633393,-47.4682894122647));
#1297=CARTESIAN_POINT('',(-1.80844768641976,6.24428100705448,-47.5854195515797));
#1298=CARTESIAN_POINT('',(-1.60121124952469,6.30060743169811,-47.7927530330022));
#1299=CARTESIAN_POINT('',(-1.48407562898733,6.32965925964009,-47.8902625389911));
#1300=CARTESIAN_POINT('',(-1.22854699880239,6.38417881071472,-48.0625870987956));
#1301=CARTESIAN_POINT('',(-1.09015288023694,6.40959967039152,-48.1374153313567));
#1302=CARTESIAN_POINT('',(-0.800681035193896,6.45215554047517,-48.2579716401766));
#1303=CARTESIAN_POINT('',(-0.649349378150871,6.46929460007397,-48.3037948184414));
#1304=CARTESIAN_POINT('',(-0.344125408346191,6.49268857568254,-48.3640700718547));
#1305=CARTESIAN_POINT('',(-0.190228582619446,6.49893012879217,-48.3785044783666));
#1306=CARTESIAN_POINT('',(0.108017131764131,6.50080992067383,-48.3785044783666));
#1307=CARTESIAN_POINT('',(0.261706955113604,6.49652609293912,-48.3641224943464));
#1308=CARTESIAN_POINT('',(0.56664652146223,6.47705593045922,-48.303989265422));
#1309=CARTESIAN_POINT('',(0.717900422572374,6.46188307086713,-48.2582547455266));
#1310=CARTESIAN_POINT('',(0.86260174075441,6.44250869125122,-48.1980597954697));
#1311=PRE_DEFINED_MARKER('');
#1312=COLOUR_RGB('',0.800000011920929,0.800000011920929,0.800000011920929);
#1313=SURFACE_SIDE_STYLE('',(#1959));
#1314=EDGE_LOOP('',(#1960,#1961,#1962,#1963,#1964,#1965,#1966,#1967,#1968,#1969,#1970,#1971));
#1315=AXIS2_PLACEMENT_3D('',#1972,#1973,#1974);
#1316=SURFACE_SIDE_STYLE('',(#1975));
#1317=EDGE_LOOP('',(#1976,#1977,#1978,#1979));
#1318=AXIS2_PLACEMENT_3D('',#1980,#1981,#1982);
#1319=DRAUGHTING_PRE_DEFINED_CURVE_FONT('continuous');
#1320=COLOUR_RGB('',0.800000011920929,0.800000011920929,0.800000011920929);
#1321=CARTESIAN_POINT('',(7.11046232253205E-016,-5.80632486540519,-109.5));
#1322=VECTOR('',#1983,1.0);
#1323=DRAUGHTING_PRE_DEFINED_CURVE_FONT('continuous');
#1324=COLOUR_RGB('',0.800000011920929,0.800000011920929,0.800000011920929);
#1325=AXIS2_PLACEMENT_3D('',#1984,#1985,#1986);
#1326=DRAUGHTING_PRE_DEFINED_CURVE_FONT('continuous');
#1327=COLOUR_RGB('',0.498039215803146,0.498039215803146,0.498039215803146);
#1328=CARTESIAN_POINT('',(-1.46304184569344,6.33320681469901,-44.1415799948755));
#1329=CARTESIAN_POINT('',(-1.48479428199427,6.32818175782084,-44.2521915101787));
#1330=CARTESIAN_POINT('',(-1.49515746915257,6.3257018695507,-44.3635321732235));
#1331=CARTESIAN_POINT('',(-1.49515746915257,6.3257018695507,-44.5791176459461));
#1332=CARTESIAN_POINT('',(-1.48479428199427,6.32818175782084,-44.6904583089909));
#1333=CARTESIAN_POINT('',(-1.4412894093926,6.33823187157717,-44.9116813395973));
#1334=CARTESIAN_POINT('',(-1.40815862265548,6.3457930554979,-45.0215662609789));
#1335=CARTESIAN_POINT('',(-1.32070522958242,6.36456894076133,-45.2321104129175));
#1336=CARTESIAN_POINT('',(-1.26631330686418,6.3757770042786,-45.3329447302838));
#1337=CARTESIAN_POINT('',(-1.14074483195953,6.39943614918081,-45.5193284919381));
#1338=CARTESIAN_POINT('',(-1.06955890214777,6.41185860697935,-45.6048752506211));
#1339=CARTESIAN_POINT('',(-0.918102005552644,6.43528909802694,-45.7561052886489));
#1340=CARTESIAN_POINT('',(-0.832633703499968,6.44713145028506,-45.8270486947431));
#1341=CARTESIAN_POINT('',(-0.646417338186112,6.46845634183989,-45.9522049197306));
#1342=CARTESIAN_POINT('',(-0.545671892843873,6.47791247496283,-46.0064261314507));
#1343=CARTESIAN_POINT('',(-0.335368988903075,6.49219804749189,-46.093580049639));
#1344=CARTESIAN_POINT('',(-0.225632321309993,6.49702111471802,-46.1265838037596));
#1345=CARTESIAN_POINT('',(-0.00482038549424024,6.50093609208669,-46.1698981739671));
#1346=CARTESIAN_POINT('',(0.106256906145054,6.50002073731689,-46.1801991306702));
#1347=CARTESIAN_POINT('',(0.321918287748956,6.49292606292951,-46.1801991306702));
#1348=CARTESIAN_POINT('',(0.433550736207154,6.48647779197431,-46.1697580453732));
#1349=CARTESIAN_POINT('',(0.655124218967719,6.46785688187038,-46.1260640266089));
#1350=CARTESIAN_POINT('',(0.765068274024968,6.45569122226227,-46.0928234382258));
#1351=CARTESIAN_POINT('',(0.870312856682609,6.44147153463345,-46.0490234418519));
#1352=DRAUGHTING_PRE_DEFINED_CURVE_FONT('continuous');
#1353=COLOUR_RGB('',0.800000011920929,0.800000011920929,0.800000011920929);
#1354=AXIS2_PLACEMENT_3D('',#1987,#1988,#1989);
#1355=DRAUGHTING_PRE_DEFINED_CURVE_FONT('continuous');
#1356=COLOUR_RGB('',0.498039215803146,0.498039215803146,0.498039215803146);
#1357=CARTESIAN_POINT('',(-7.4639144962297E-016,6.09495,-59.3));
#1358=VECTOR('',#1990,1.0);
#1359=DRAUGHTING_PRE_DEFINED_CURVE_FONT('continuous');
#1360=COLOUR_RGB('',0.200000002980232,0.600000023841858,1.0);
#1361=CARTESIAN_POINT('',(0.87039861931418,6.34053674727116,-46.0489877469943));
#1362=CARTESIAN_POINT('',(0.765154369637335,6.35498417546025,-46.0927943170321));
#1363=CARTESIAN_POINT('',(0.65520420144338,6.36734432554131,-46.1260437294766));
#1364=CARTESIAN_POINT('',(0.433602518305072,6.38626300442736,-46.1697523560038));
#1365=CARTESIAN_POINT('',(0.321947945321085,6.39281444973033,-46.1801991306702));
#1366=CARTESIAN_POINT('',(0.106251338309417,6.40002127815157,-46.1801991306702));
#1367=CARTESIAN_POINT('',(-0.00483002467487643,6.40095074785609,-46.16989705813));
#1368=CARTESIAN_POINT('',(-0.225645352396542,6.39697412692591,-46.1265804725277));
#1369=CARTESIAN_POINT('',(-0.335381347161471,6.39207541476172,-46.0935756314617));
#1370=CARTESIAN_POINT('',(-0.545677557625459,6.3775657394092,-46.0064230804437));
#1371=CARTESIAN_POINT('',(-0.646417342275753,6.36796119550674,-45.952204270895));
#1372=CARTESIAN_POINT('',(-0.832620140098092,6.34630040813085,-45.8270584567604));
#1373=CARTESIAN_POINT('',(-0.918080616410471,6.33427093725828,-45.7561230452812));
#1374=CARTESIAN_POINT('',(-1.06952904314043,6.3104674104544,-45.6049086735093));
#1375=CARTESIAN_POINT('',(-1.14071471131722,6.29784538359214,-45.5193671262905));
#1376=CARTESIAN_POINT('',(-1.2662857601265,6.27380322470382,-45.3329916899708));
#1377=CARTESIAN_POINT('',(-1.32068057535603,6.26241217051679,-45.2321604077239));
#1378=CARTESIAN_POINT('',(-1.40814198389875,6.24332760928447,-45.0216156746167));
#1379=CARTESIAN_POINT('',(-1.44127789013918,6.23564090477761,-44.9117268983893));
#1380=CARTESIAN_POINT('',(-1.48479111001233,6.22542326351686,-44.6904874509906));
#1381=CARTESIAN_POINT('',(-1.49515746915257,6.22290158546938,-44.5791341979366));
#1382=CARTESIAN_POINT('',(-1.49515746915257,6.22290158546938,-44.36362699324));
#1383=CARTESIAN_POINT('',(-1.48481248394726,6.22541800829002,-44.2523848038095));
#1384=CARTESIAN_POINT('',(-1.46309865576916,6.23051701895489,-44.1418690066426));
#1385=DRAUGHTING_PRE_DEFINED_CURVE_FONT('continuous');
#1386=COLOUR_RGB('',0.498039215803146,0.498039215803146,0.498039215803146);
#1387=AXIS2_PLACEMENT_3D('',#1991,#1992,#1993);
#1388=DRAUGHTING_PRE_DEFINED_CURVE_FONT('continuous');
#1389=COLOUR_RGB('',0.498039215803146,0.498039215803146,0.498039215803146);
#1390=AXIS2_PLACEMENT_3D('',#1994,#1995,#1996);
#1391=PRE_DEFINED_MARKER('');
#1392=COLOUR_RGB('',0.498039215803146,0.498039215803146,0.498039215803146);
#1393=DRAUGHTING_PRE_DEFINED_CURVE_FONT('continuous');
#1394=COLOUR_RGB('',0.498039215803146,0.498039215803146,0.498039215803146);
#1395=AXIS2_PLACEMENT_3D('',#1997,#1998,#1999);
#1396=PRE_DEFINED_MARKER('');
#1397=COLOUR_RGB('',0.800000011920929,0.800000011920929,0.800000011920929);
#1398=SURFACE_SIDE_STYLE('',(#2000));
#1399=EDGE_LOOP('',(#2001,#2002,#2003,#2004));
#1400=AXIS2_PLACEMENT_3D('',#2005,#2006,#2007);
#1401=PRE_DEFINED_MARKER('');
#1402=COLOUR_RGB('',0.498039215803146,0.498039215803146,0.498039215803146);
#1403=DRAUGHTING_PRE_DEFINED_CURVE_FONT('continuous');
#1404=COLOUR_RGB('',0.200000002980232,0.600000023841858,1.0);
#1405=CARTESIAN_POINT('',(-0.812260207482315,0.0,-44.4580653977656));
#1406=VECTOR('',#2008,4.33333333);
#1407=DRAUGHTING_PRE_DEFINED_CURVE_FONT('continuous');
#1408=COLOUR_RGB('',0.498039215803146,0.498039215803146,0.498039215803146);
#1409=CARTESIAN_POINT('',(-7.95994129984545E-016,6.5,-23.35));
#1410=VECTOR('',#2009,1.0);
#1411=DRAUGHTING_PRE_DEFINED_CURVE_FONT('continuous');
#1412=COLOUR_RGB('',0.498039215803146,0.498039215803146,0.498039215803146);
#1413=AXIS2_PLACEMENT_3D('',#2010,#2011,#2012);
#1414=PRE_DEFINED_MARKER('');
#1415=COLOUR_RGB('',0.498039215803146,0.498039215803146,0.498039215803146);
#1416=DRAUGHTING_PRE_DEFINED_CURVE_FONT('continuous');
#1417=COLOUR_RGB('',0.200000002980232,0.600000023841858,1.0);
#1418=CARTESIAN_POINT('',(1.15473471500027,0.0,-44.0000003999276));
#1419=VECTOR('',#2013,4.33333333);
#1420=DRAUGHTING_PRE_DEFINED_CURVE_FONT('continuous');
#1421=COLOUR_RGB('',0.498039215803146,0.498039215803146,0.498039215803146);
#1422=AXIS2_PLACEMENT_3D('',#2014,#2015,#2016);
#1423=DRAUGHTING_PRE_DEFINED_CURVE_FONT('continuous');
#1424=COLOUR_RGB('',0.498039215803146,0.498039215803146,0.498039215803146);
#1425=CARTESIAN_POINT('',(-7.95994129984545E-016,6.5,-23.35));
#1426=VECTOR('',#2017,1.0);
#1427=SURFACE_SIDE_STYLE('',(#2018));
#1428=EDGE_LOOP('',(#2019,#2020,#2021,#2022));
#1429=AXIS2_PLACEMENT_3D('',#2023,#2024,#2025);
#1430=PRE_DEFINED_MARKER('');
#1431=COLOUR_RGB('',0.498039215803146,0.498039215803146,0.498039215803146);
#1432=PRE_DEFINED_MARKER('');
#1433=COLOUR_RGB('',0.200000002980232,0.600000023841858,1.0);
#1434=DRAUGHTING_PRE_DEFINED_CURVE_FONT('continuous');
#1435=COLOUR_RGB('',0.498039215803146,0.498039215803146,0.498039215803146);
#1436=AXIS2_PLACEMENT_3D('',#2026,#2027,#2028);
#1437=DRAUGHTING_PRE_DEFINED_CURVE_FONT('continuous');
#1438=COLOUR_RGB('',0.800000011920929,0.800000011920929,0.800000011920929);
#1439=AXIS2_PLACEMENT_3D('',#2029,#2030,#2031);
#1440=SURFACE_SIDE_STYLE('',(#2032));
#1441=EDGE_LOOP('',(#2033,#2034,#2035,#2036));
#1442=AXIS2_PLACEMENT_3D('',#2037,#2038,#2039);
#1443=DRAUGHTING_PRE_DEFINED_CURVE_FONT('continuous');
#1444=COLOUR_RGB('',0.498039215803146,0.498039215803146,0.498039215803146);
#1445=CARTESIAN_POINT('',(-7.71192789803758E-016,6.297475,-57.8));
#1446=VECTOR('',#2040,1.0);
#1447=DRAUGHTING_PRE_DEFINED_CURVE_FONT('continuous');
#1448=COLOUR_RGB('',0.498039215803146,0.498039215803146,0.498039215803146);
#1449=CARTESIAN_POINT('',(-7.59255939369874E-016,6.2,-0.300000000000004));
#1450=VECTOR('',#2041,1.0);
#1451=DRAUGHTING_PRE_DEFINED_CURVE_FONT('continuous');
#1452=COLOUR_RGB('',0.200000002980232,0.600000023841858,1.0);
#1453=AXIS2_PLACEMENT_3D('',#2042,#2043,#2044);
#1454=PRE_DEFINED_MARKER('');
#1455=COLOUR_RGB('',0.200000002980232,0.600000023841858,1.0);
#1456=DRAUGHTING_PRE_DEFINED_CURVE_FONT('continuous');
#1457=COLOUR_RGB('',0.498039215803146,0.498039215803146,0.498039215803146);
#1458=AXIS2_PLACEMENT_3D('',#2045,#2046,#2047);
#1459=SURFACE_SIDE_STYLE('',(#2048));
#1460=EDGE_LOOP('',(#2049,#2050,#2051,#2052));
#1461=AXIS2_PLACEMENT_3D('',#2053,#2054,#2055);
#1462=PRE_DEFINED_MARKER('');
#1463=COLOUR_RGB('',0.498039215803146,0.498039215803146,0.498039215803146);
#1464=DRAUGHTING_PRE_DEFINED_CURVE_FONT('continuous');
#1465=COLOUR_RGB('',0.498039215803146,0.498039215803146,0.498039215803146);
#1466=CARTESIAN_POINT('',(2.13088784074806,6.14079123648997,-45.121901883105));
#1467=CARTESIAN_POINT('',(2.07064972749898,6.1616941695453,-44.9771936338486));
#1468=CARTESIAN_POINT('',(1.99585841349272,6.18665306897013,-44.8387928205696));
#1469=CARTESIAN_POINT('',(1.82351571736337,6.23962478276598,-44.5831453235785));
#1470=CARTESIAN_POINT('',(1.72594842794693,6.2675828458546,-44.4658980220208));
#1471=CARTESIAN_POINT('',(1.5184704257268,6.32105275633383,-44.258513577999));
#1472=CARTESIAN_POINT('',(1.40129053697353,6.34849332196125,-44.1610578796608));
#1473=CARTESIAN_POINT('',(1.14570699684005,6.39955764917734,-43.9888633904144));
#1474=CARTESIAN_POINT('',(1.00730262367237,6.42313437969981,-43.9141117272114));
#1475=CARTESIAN_POINT('',(0.86260131272536,6.44250874856096,-43.8539167805057));
#1476=PRE_DEFINED_MARKER('');
#1477=COLOUR_RGB('',0.800000011920929,0.800000011920929,0.800000011920929);
#1478=PRE_DEFINED_MARKER('');
#1479=COLOUR_RGB('',0.800000011920929,0.800000011920929,0.800000011920929);
#1480=PRE_DEFINED_MARKER('');
#1481=COLOUR_RGB('',0.498039215803146,0.498039215803146,0.498039215803146);
#1482=SURFACE_SIDE_STYLE('',(#2056));
#1483=EDGE_LOOP('',(#2057,#2058));
#1484=AXIS2_PLACEMENT_3D('',#2059,#2060,#2061);
#1485=DRAUGHTING_PRE_DEFINED_CURVE_FONT('continuous');
#1486=COLOUR_RGB('',0.498039215803146,0.498039215803146,0.498039215803146);
#1487=CARTESIAN_POINT('',(4.89572645073523E-016,-3.99779605540519,-109.995));
#1488=VECTOR('',#2062,1.0);
#1489=DRAUGHTING_PRE_DEFINED_CURVE_FONT('continuous');
#1490=COLOUR_RGB('',0.498039215803146,0.498039215803146,0.498039215803146);
#1491=AXIS2_PLACEMENT_3D('',#2063,#2064,#2065);
#1492=DRAUGHTING_PRE_DEFINED_CURVE_FONT('continuous');
#1493=COLOUR_RGB('',0.498039215803146,0.498039215803146,0.498039215803146);
#1494=CARTESIAN_POINT('',(0.960826908534033,6.4285932871692,-43.730844410515));
#1495=CARTESIAN_POINT('',(1.05263887797574,6.41487093659817,-43.8227794581762));
#1496=CARTESIAN_POINT('',(1.13238090981159,6.40082923354233,-43.939238280082));
#1497=CARTESIAN_POINT('',(1.2383041697034,6.38118360692084,-44.1948069345129));
#1498=CARTESIAN_POINT('',(1.26446808296637,6.37582312075542,-44.3339425975235));
#1499=CARTESIAN_POINT('',(1.26446808296637,6.37582312075542,-44.4645940178235));
#1500=CARTESIAN_POINT('',(1.26446808296637,6.37582312075542,-44.5952454381236));
#1501=CARTESIAN_POINT('',(1.2383041697034,6.38118360692084,-44.7343811011341));
#1502=CARTESIAN_POINT('',(1.13238090981159,6.40082923354233,-44.9899497555651));
#1503=CARTESIAN_POINT('',(1.05263887797574,6.41487093659817,-45.1064085774708));
#1504=CARTESIAN_POINT('',(0.868777315187019,6.44235115335494,-45.2905166152445));
#1505=CARTESIAN_POINT('',(0.752193843589523,6.45760981324629,-45.3704798634262));
#1506=CARTESIAN_POINT('',(0.496321193649114,6.48229784491685,-45.476714391019));
#1507=CARTESIAN_POINT('',(0.357003976327733,6.4915103348535,-45.502968425074));
#1508=CARTESIAN_POINT('',(0.0957525031349012,6.50060311502846,-45.502968425074));
#1509=CARTESIAN_POINT('',(-0.0433013682245328,6.50111419043627,-45.4769182794112));
#1510=CARTESIAN_POINT('',(-0.299030761016857,6.49437767071654,-45.3710257160603));
#1511=CARTESIAN_POINT('',(-0.415714751541032,6.48735071191744,-45.2911898302123));
#1512=CARTESIAN_POINT('',(-0.600071263896833,6.47290309674712,-45.1069910103259));
#1513=CARTESIAN_POINT('',(-0.680035946501446,6.46454964557866,-44.9902708811199));
#1514=CARTESIAN_POINT('',(-0.786144488716079,6.45250555022295,-44.7343734221352));
#1515=CARTESIAN_POINT('',(-0.812280731534525,6.44904644216319,-44.5951820891535));
#1516=CARTESIAN_POINT('',(-0.812280731534525,6.44904644216319,-44.3340059464935));
#1517=CARTESIAN_POINT('',(-0.786144488716079,6.45250555022295,-44.1948146135118));
#1518=CARTESIAN_POINT('',(-0.680035946501446,6.46454964557866,-43.9389171545272));
#1519=CARTESIAN_POINT('',(-0.600071263896834,6.47290309674712,-43.8221970253212));
#1520=CARTESIAN_POINT('',(-0.507833684525858,6.4801315533607,-43.730038342928));
#1521=DRAUGHTING_PRE_DEFINED_CURVE_FONT('continuous');
#1522=COLOUR_RGB('',0.498039215803146,0.498039215803146,0.498039215803146);
#1523=AXIS2_PLACEMENT_3D('',#2066,#2067,#2068);
#1524=SURFACE_SIDE_STYLE('',(#2069));
#1525=EDGE_LOOP('',(#2070,#2071,#2072,#2073));
#1526=AXIS2_PLACEMENT_3D('',#2074,#2075,#2076);
#1527=DRAUGHTING_PRE_DEFINED_CURVE_FONT('continuous');
#1528=COLOUR_RGB('',0.800000011920929,0.800000011920929,0.800000011920929);
#1529=AXIS2_PLACEMENT_3D('',#2077,#2078,#2079);
#1530=PRE_DEFINED_MARKER('');
#1531=COLOUR_RGB('',0.498039215803146,0.498039215803146,0.498039215803146);
#1532=SURFACE_SIDE_STYLE('',(#2080));
#1533=EDGE_LOOP('',(#2081,#2082,#2083,#2084,#2085));
#1534=AXIS2_PLACEMENT_3D('',#2086,#2087,#2088);
#1535=PRE_DEFINED_MARKER('');
#1536=COLOUR_RGB('',0.200000002980232,0.600000023841858,1.0);
#1537=DRAUGHTING_PRE_DEFINED_CURVE_FONT('continuous');
#1538=COLOUR_RGB('',0.200000002980232,0.600000023841858,1.0);
#1539=CARTESIAN_POINT('',(2.13083552320192,6.03486039383355,-46.9301997520633));
#1540=CARTESIAN_POINT('',(2.07059078323835,6.05613205624888,-47.0749003311727));
#1541=CARTESIAN_POINT('',(1.99579893117863,6.08152419326091,-47.2132823862934));
#1542=CARTESIAN_POINT('',(1.82347023583642,6.13539780165615,-47.4688871078076));
#1543=CARTESIAN_POINT('',(1.72591726121168,6.16382366447047,-47.5861106157458));
#1544=CARTESIAN_POINT('',(1.51848432234866,6.21817368610387,-47.7934469933752));
#1545=CARTESIAN_POINT('',(1.40133151691918,6.24606021063235,-47.8908844667536));
#1546=CARTESIAN_POINT('',(1.14579231791839,6.29794872471214,-48.0630611047118));
#1547=CARTESIAN_POINT('',(1.00740496520232,6.32190314550351,-48.1378131779279));
#1548=CARTESIAN_POINT('',(0.862709862794904,6.34158747417683,-48.1980140224892));
#1549=DRAUGHTING_PRE_DEFINED_CURVE_FONT('continuous');
#1550=COLOUR_RGB('',0.498039215803146,0.498039215803146,0.498039215803146);
#1551=AXIS2_PLACEMENT_3D('',#2089,#2090,#2091);
#1552=DRAUGHTING_PRE_DEFINED_CURVE_FONT('continuous');
#1553=COLOUR_RGB('',0.800000011920929,0.800000011920929,0.800000011920929);
#1554=AXIS2_PLACEMENT_3D('',#2092,#2093,#2094);
#1555=SURFACE_SIDE_STYLE('',(#2095));
#1556=EDGE_LOOP('',(#2096,#2097,#2098,#2099,#2100));
#1557=AXIS2_PLACEMENT_3D('',#2101,#2102,#2103);
#1558=DRAUGHTING_PRE_DEFINED_CURVE_FONT('continuous');
#1559=COLOUR_RGB('',0.498039215803146,0.498039215803146,0.498039215803146);
#1560=CARTESIAN_POINT('',(7.95994129984545E-016,-6.5,-23.35));
#1561=VECTOR('',#2104,1.0);
#1562=DRAUGHTING_PRE_DEFINED_CURVE_FONT('continuous');
#1563=COLOUR_RGB('',0.200000002980232,0.600000023841858,1.0);
#1564=CARTESIAN_POINT('',(0.862709830503371,6.34158747856977,-43.8539619264762));
#1565=CARTESIAN_POINT('',(1.00740493783852,6.32190314997651,-43.9141627730543));
#1566=CARTESIAN_POINT('',(1.14579229527634,6.29794872892192,-43.9889148487799));
#1567=CARTESIAN_POINT('',(1.40133150299523,6.24606021384748,-44.1610914925129));
#1568=CARTESIAN_POINT('',(1.51848431242132,6.21817368859055,-44.2585289691568));
#1569=CARTESIAN_POINT('',(1.72591725848681,6.16382366529899,-44.4658653538364));
#1570=CARTESIAN_POINT('',(1.82347023654574,6.13539780149229,-44.5830888658327));
#1571=CARTESIAN_POINT('',(1.99579893794577,6.08152419108747,-44.8386935961926));
#1572=CARTESIAN_POINT('',(2.07059079263005,6.05613205306198,-44.977075656101));
#1573=CARTESIAN_POINT('',(2.1308355347094,6.0348603897704,-45.1217762402218));
#1574=SURFACE_SIDE_STYLE('',(#2105));
#1575=EDGE_LOOP('',(#2106,#2107,#2108,#2109,#2110));
#1576=AXIS2_PLACEMENT_3D('',#2111,#2112,#2113);
#1577=DRAUGHTING_PRE_DEFINED_CURVE_FONT('continuous');
#1578=COLOUR_RGB('',0.498039215803146,0.498039215803146,0.498039215803146);
#1579=CARTESIAN_POINT('',(-4.89572645073523E-016,3.99779605540519,-109.995));
#1580=VECTOR('',#2114,1.0);
#1581=PRE_DEFINED_MARKER('');
#1582=COLOUR_RGB('',0.200000002980232,0.600000023841858,1.0);
#1583=PRE_DEFINED_MARKER('');
#1584=COLOUR_RGB('',0.800000011920929,0.800000011920929,0.800000011920929);
#1585=SURFACE_SIDE_STYLE('',(#2115));
#1586=EDGE_LOOP('',(#2116,#2117));
#1587=EDGE_LOOP('',(#2118,#2119));
#1588=AXIS2_PLACEMENT_3D('',#2120,#2121,#2122);
#1589=PRE_DEFINED_MARKER('');
#1590=COLOUR_RGB('',0.200000002980232,0.600000023841858,1.0);
#1591=SURFACE_SIDE_STYLE('',(#2123));
#1592=EDGE_LOOP('',(#2124,#2125,#2126,#2127,#2128,#2129,#2130,#2131,#2132,#2133,#2134));
#1593=AXIS2_PLACEMENT_3D('',#2135,#2136,#2137);
#1594=PRE_DEFINED_MARKER('');
#1595=COLOUR_RGB('',0.498039215803146,0.498039215803146,0.498039215803146);
#1596=DRAUGHTING_PRE_DEFINED_CURVE_FONT('continuous');
#1597=COLOUR_RGB('',0.498039215803146,0.498039215803146,0.498039215803146);
#1598=CARTESIAN_POINT('',(7.59255939369874E-016,-6.2,-0.300000000000004));
#1599=VECTOR('',#2138,1.0);
#1600=SURFACE_SIDE_STYLE('',(#2139));
#1601=EDGE_LOOP('',(#2140,#2141,#2142,#2143));
#1602=AXIS2_PLACEMENT_3D('',#2144,#2145,#2146);
#1603=SURFACE_SIDE_STYLE('',(#2147));
#1604=EDGE_LOOP('',(#2148,#2149,#2150,#2151));
#1605=AXIS2_PLACEMENT_3D('',#2152,#2153,#2154);
#1606=DRAUGHTING_PRE_DEFINED_CURVE_FONT('continuous');
#1607=COLOUR_RGB('',0.200000002980232,0.600000023841858,1.0);
#1608=CARTESIAN_POINT('',(-0.702547363568421,6.38747869137488,-44.9291876357194));
#1609=VECTOR('',#2155,1.0);
#1610=PRE_DEFINED_MARKER('');
#1611=COLOUR_RGB('',0.498039215803146,0.498039215803146,0.498039215803146);
#1612=PRE_DEFINED_MARKER('');
#1613=COLOUR_RGB('',0.498039215803146,0.498039215803146,0.498039215803146);
#1614=SURFACE_SIDE_STYLE('',(#2156));
#1615=EDGE_LOOP('',(#2157,#2158,#2159,#2160));
#1616=AXIS2_PLACEMENT_3D('',#2161,#2162,#2163);
#1617=DRAUGHTING_PRE_DEFINED_CURVE_FONT('continuous');
#1618=COLOUR_RGB('',0.800000011920929,0.800000011920929,0.800000011920929);
#1619=CARTESIAN_POINT('',(-3.04062701472286E-016,2.48294238,-84.995));
#1620=VECTOR('',#2164,1.0);
#1621=PRE_DEFINED_MARKER('');
#1622=COLOUR_RGB('',0.498039215803146,0.498039215803146,0.498039215803146);
#1623=DRAUGHTING_PRE_DEFINED_CURVE_FONT('continuous');
#1624=COLOUR_RGB('',0.800000011920929,0.800000011920929,0.800000011920929);
#1625=AXIS2_PLACEMENT_3D('',#2165,#2166,#2167);
#1626=SURFACE_SIDE_STYLE('',(#2168));
#1627=EDGE_LOOP('',(#2169,#2170,#2171,#2172));
#1628=AXIS2_PLACEMENT_3D('',#2173,#2174,#2175);
#1629=SURFACE_SIDE_STYLE('',(#2176));
#1630=EDGE_LOOP('',(#2177,#2178,#2179,#2180));
#1631=AXIS2_PLACEMENT_3D('',#2181,#2182,#2183);
#1632=DRAUGHTING_PRE_DEFINED_CURVE_FONT('continuous');
#1633=COLOUR_RGB('',0.800000011920929,0.800000011920929,0.800000011920929);
#1634=AXIS2_PLACEMENT_3D('',#2184,#2185,#2186);
#1635=SURFACE_SIDE_STYLE('',(#2187));
#1636=EDGE_LOOP('',(#2188,#2189,#2190,#2191));
#1637=AXIS2_PLACEMENT_3D('',#2192,#2193,#2194);
#1638=SURFACE_SIDE_STYLE('',(#2195));
#1639=EDGE_LOOP('',(#2196,#2197,#2198,#2199));
#1640=AXIS2_PLACEMENT_3D('',#2200,#2201,#2202);
#1641=PRE_DEFINED_MARKER('');
#1642=COLOUR_RGB('',0.498039215803146,0.498039215803146,0.498039215803146);
#1643=DRAUGHTING_PRE_DEFINED_CURVE_FONT('continuous');
#1644=COLOUR_RGB('',0.800000011920929,0.800000011920929,0.800000011920929);
#1645=AXIS2_PLACEMENT_3D('',#2203,#2204,#2205);
#1646=SURFACE_SIDE_STYLE('',(#2206));
#1647=EDGE_LOOP('',(#2207,#2208,#2209,#2210,#2211));
#1648=AXIS2_PLACEMENT_3D('',#2212,#2213,#2214);
#1649=DRAUGHTING_PRE_DEFINED_CURVE_FONT('continuous');
#1650=COLOUR_RGB('',0.498039215803146,0.498039215803146,0.498039215803146);
#1651=CARTESIAN_POINT('',(-1.99191228895496,6.18726801044776,-47.3405777893548));
#1652=CARTESIAN_POINT('',(-1.90585743635666,6.21497227633393,-47.4682894122647));
#1653=CARTESIAN_POINT('',(-1.80844768641976,6.24428100705448,-47.5854195515797));
#1654=CARTESIAN_POINT('',(-1.60121124952469,6.30060743169811,-47.7927530330022));
#1655=CARTESIAN_POINT('',(-1.48407562898733,6.32965925964009,-47.8902625389911));
#1656=CARTESIAN_POINT('',(-1.22854699880239,6.38417881071472,-48.0625870987956));
#1657=CARTESIAN_POINT('',(-1.09015288023694,6.40959967039152,-48.1374153313567));
#1658=CARTESIAN_POINT('',(-0.800681035193896,6.45215554047517,-48.2579716401766));
#1659=CARTESIAN_POINT('',(-0.649349378150871,6.46929460007397,-48.3037948184414));
#1660=CARTESIAN_POINT('',(-0.344125408346191,6.49268857568254,-48.3640700718547));
#1661=CARTESIAN_POINT('',(-0.190228582619446,6.49893012879217,-48.3785044783666));
#1662=CARTESIAN_POINT('',(0.108017131764131,6.50080992067383,-48.3785044783666));
#1663=CARTESIAN_POINT('',(0.261706955113604,6.49652609293912,-48.3641224943464));
#1664=CARTESIAN_POINT('',(0.56664652146223,6.47705593045922,-48.303989265422));
#1665=CARTESIAN_POINT('',(0.717900422572374,6.46188307086713,-48.2582547455266));
#1666=CARTESIAN_POINT('',(0.86260174075441,6.44250869125122,-48.1980597954697));
#1667=DRAUGHTING_PRE_DEFINED_CURVE_FONT('continuous');
#1668=COLOUR_RGB('',0.498039215803146,0.498039215803146,0.498039215803146);
#1669=AXIS2_PLACEMENT_3D('',#2215,#2216,#2217);
#1670=DRAUGHTING_PRE_DEFINED_CURVE_FONT('continuous');
#1671=COLOUR_RGB('',0.200000002980232,0.600000023841858,1.0);
#1672=CARTESIAN_POINT('',(1.26181001712565,6.2743792904702,-46.9456760201735));
#1673=VECTOR('',#2218,1.0);
#1674=DRAUGHTING_PRE_DEFINED_CURVE_FONT('continuous');
#1675=COLOUR_RGB('',0.800000011920929,0.800000011920929,0.800000011920929);
#1676=AXIS2_PLACEMENT_3D('',#2219,#2220,#2221);
#1677=PRE_DEFINED_MARKER('');
#1678=COLOUR_RGB('',0.200000002980232,0.600000023841858,1.0);
#1679=DRAUGHTING_PRE_DEFINED_CURVE_FONT('continuous');
#1680=COLOUR_RGB('',0.200000002980232,0.600000023841858,1.0);
#1681=CARTESIAN_POINT('',(0.862710258683598,6.34158742032009,-48.198014649436));
#1682=CARTESIAN_POINT('',(0.718015144109346,6.36127175984869,-48.2582154993789));
#1683=CARTESIAN_POINT('',(0.566755869974452,6.37668708615329,-48.3039614419328));
#1684=CARTESIAN_POINT('',(0.261779967912226,6.39646946832992,-48.3641143529534));
#1685=CARTESIAN_POINT('',(0.108059130990093,6.40082284509023,-48.3785044783666));
#1686=CARTESIAN_POINT('',(-0.190279795375458,6.39891308358684,-48.3785044783666));
#1687=CARTESIAN_POINT('',(-0.344214552368955,6.39257029857228,-48.3640601665137));
#1688=CARTESIAN_POINT('',(-0.649484393969708,6.36879962804788,-48.303760451318));
#1689=CARTESIAN_POINT('',(-0.800824053069614,6.35138530522122,-48.2579228621742));
#1690=CARTESIAN_POINT('',(-1.0902857872753,6.30814484292214,-48.1373491846713));
#1691=CARTESIAN_POINT('',(-1.2286625051335,6.28231435588558,-48.0625179937604));
#1692=CARTESIAN_POINT('',(-1.48414470335655,6.22690932304687,-47.8902071593011));
#1693=CARTESIAN_POINT('',(-1.60125154152753,6.19738216567291,-47.7927142951299));
#1694=CARTESIAN_POINT('',(-1.80843483818654,6.14012320584144,-47.5854308328205));
#1695=CARTESIAN_POINT('',(-1.90582510984302,6.1103214539452,-47.4683283318892));
#1696=CARTESIAN_POINT('',(-1.99186909645593,6.0821425092301,-47.3406418878737));
#1697=SURFACE_SIDE_STYLE('',(#2222));
#1698=EDGE_LOOP('',(#2223,#2224));
#1699=EDGE_LOOP('',(#2225,#2226));
#1700=AXIS2_PLACEMENT_3D('',#2227,#2228,#2229);
#1701=PRE_DEFINED_MARKER('');
#1702=COLOUR_RGB('',0.200000002980232,0.600000023841858,1.0);
#1703=DRAUGHTING_PRE_DEFINED_CURVE_FONT('continuous');
#1704=COLOUR_RGB('',0.498039215803146,0.498039215803146,0.498039215803146);
#1705=AXIS2_PLACEMENT_3D('',#2230,#2231,#2232);
#1706=SURFACE_SIDE_STYLE('',(#2233));
#1707=EDGE_LOOP('',(#2234,#2235,#2236,#2237));
#1708=AXIS2_PLACEMENT_3D('',#2238,#2239,#2240);
#1709=SURFACE_SIDE_STYLE('',(#2241));
#1710=EDGE_LOOP('',(#2242,#2243));
#1711=AXIS2_PLACEMENT_3D('',#2244,#2245,#2246);
#1712=PRE_DEFINED_MARKER('');
#1713=COLOUR_RGB('',0.498039215803146,0.498039215803146,0.498039215803146);
#1714=PRE_DEFINED_MARKER('');
#1715=COLOUR_RGB('',0.200000002980232,0.600000023841858,1.0);
#1716=PRE_DEFINED_MARKER('');
#1717=COLOUR_RGB('',0.200000002980232,0.600000023841858,1.0);
#1718=DRAUGHTING_PRE_DEFINED_CURVE_FONT('continuous');
#1719=COLOUR_RGB('',0.200000002980232,0.600000023841858,1.0);
#1720=AXIS2_PLACEMENT_3D('',#2247,#2248,#2249);
#1721=PRE_DEFINED_MARKER('');
#1722=COLOUR_RGB('',0.498039215803146,0.498039215803146,0.498039215803146);
#1723=DRAUGHTING_PRE_DEFINED_CURVE_FONT('continuous');
#1724=COLOUR_RGB('',0.800000011920929,0.800000011920929,0.800000011920929);
#1725=CARTESIAN_POINT('',(4.89572645073523E-016,-3.99779605540519,-109.995));
#1726=VECTOR('',#2250,1.0);
#1727=PRE_DEFINED_MARKER('');
#1728=COLOUR_RGB('',0.498039215803146,0.498039215803146,0.498039215803146);
#1729=DRAUGHTING_PRE_DEFINED_CURVE_FONT('continuous');
#1730=COLOUR_RGB('',0.498039215803146,0.498039215803146,0.498039215803146);
#1731=CARTESIAN_POINT('',(7.4639144962297E-016,-6.09495,-59.3));
#1732=VECTOR('',#2251,1.0);
#1733=PRE_DEFINED_MARKER('');
#1734=COLOUR_RGB('',0.498039215803146,0.498039215803146,0.498039215803146);
#1735=DRAUGHTING_PRE_DEFINED_CURVE_FONT('continuous');
#1736=COLOUR_RGB('',0.200000002980232,0.600000023841858,1.0);
#1737=CARTESIAN_POINT('',(1.26181001712565,0.0,-45.9065123401911));
#1738=VECTOR('',#2252,4.33333333);
#1739=DRAUGHTING_PRE_DEFINED_CURVE_FONT('continuous');
#1740=COLOUR_RGB('',0.200000002980232,0.600000023841858,1.0);
#1741=CARTESIAN_POINT('',(-1.49510602671818,0.0,-44.4580653977656));
#1742=VECTOR('',#2253,4.33333333);
#1743=DRAUGHTING_PRE_DEFINED_CURVE_FONT('continuous');
#1744=COLOUR_RGB('',0.200000002980232,0.600000023841858,1.0);
#1745=CARTESIAN_POINT('',(-0.50782375914428,6.37982092457528,-43.7300284261702));
#1746=CARTESIAN_POINT('',(-0.600062763064524,6.37247884424665,-43.8221860413927));
#1747=CARTESIAN_POINT('',(-0.680029052196902,6.3639934701509,-43.9389048101753));
#1748=CARTESIAN_POINT('',(-0.786141962343904,6.3517582793966,-44.1948042388018));
#1749=CARTESIAN_POINT('',(-0.812280731534525,6.34824385268696,-44.3339993547196));
#1750=CARTESIAN_POINT('',(-0.812280731534525,6.34824385268696,-44.5951886809275));
#1751=CARTESIAN_POINT('',(-0.786141962343902,6.3517582793966,-44.7343837968453));
#1752=CARTESIAN_POINT('',(-0.680029052196903,6.3639934701509,-44.9902832254718));
#1753=CARTESIAN_POINT('',(-0.600062763064522,6.37247884424665,-45.1070019942544));
#1754=CARTESIAN_POINT('',(-0.415707175804701,6.38715326041732,-45.2911949121385));
#1755=CARTESIAN_POINT('',(-0.299025675607431,6.39428997672721,-45.3710283583898));
#1756=CARTESIAN_POINT('',(-0.0432995799516678,6.40113160364311,-45.4769184833253));
#1757=CARTESIAN_POINT('',(0.0957537479805403,6.40061254449594,-45.502968425074));
#1758=CARTESIAN_POINT('',(0.357020874101892,6.39137696014781,-45.502968425074));
#1759=CARTESIAN_POINT('',(0.496345966390796,6.38201894230997,-45.4767080786717));
#1760=CARTESIAN_POINT('',(0.752219877961685,6.35694032963671,-45.3704650806258));
#1761=CARTESIAN_POINT('',(0.868797602913068,6.34143976997916,-45.2905002223581));
#1762=CARTESIAN_POINT('',(1.05264243759034,6.31352242799521,-45.1064011008232));
#1763=CARTESIAN_POINT('',(1.13237894722055,6.29925570082376,-44.989952020747));
#1764=CARTESIAN_POINT('',(1.23830069351977,6.27929262722187,-44.7343919583444));
#1765=CARTESIAN_POINT('',(1.26446808296637,6.27384415387881,-44.5952542774035));
#1766=CARTESIAN_POINT('',(1.26446808296637,6.27384415387881,-44.4645940178235));
#1767=CARTESIAN_POINT('',(1.26446808296637,6.27384415387881,-44.3338129293791));
#1768=CARTESIAN_POINT('',(1.23825272571448,6.27930286902391,-44.1945553203974));
#1769=CARTESIAN_POINT('',(1.1321514922505,6.29929736484369,-43.9388125776063));
#1770=CARTESIAN_POINT('',(1.05228347889772,6.31358445720542,-43.8223006514506));
#1771=CARTESIAN_POINT('',(0.960335260493278,6.3275395050093,-43.7303524330462));
#1772=SURFACE_SIDE_STYLE('',(#2254));
#1773=EDGE_LOOP('',(#2255,#2256,#2257,#2258,#2259,#2260,#2261,#2262,#2263,#2264,#2265,#2266));
#1774=AXIS2_PLACEMENT_3D('',#2267,#2268,#2269);
#1775=PRE_DEFINED_MARKER('');
#1776=COLOUR_RGB('',0.498039215803146,0.498039215803146,0.498039215803146);
#1777=PRE_DEFINED_MARKER('');
#1778=COLOUR_RGB('',0.498039215803146,0.498039215803146,0.498039215803146);
#1779=DRAUGHTING_PRE_DEFINED_CURVE_FONT('continuous');
#1780=COLOUR_RGB('',0.498039215803146,0.498039215803146,0.498039215803146);
#1781=CARTESIAN_POINT('',(3.04062701472286E-016,-2.48294238,-84.995));
#1782=VECTOR('',#2270,1.0);
#1783=DRAUGHTING_PRE_DEFINED_CURVE_FONT('continuous');
#1784=COLOUR_RGB('',0.200000002980232,0.600000023841858,1.0);
#1785=CARTESIAN_POINT('',(0.827850162229641,0.0,-46.0660321735827));
#1786=VECTOR('',#2271,4.33333333);
#1787=PRE_DEFINED_MARKER('');
#1788=COLOUR_RGB('',0.800000011920929,0.800000011920929,0.800000011920929);
#1789=DRAUGHTING_PRE_DEFINED_CURVE_FONT('continuous');
#1790=COLOUR_RGB('',0.498039215803146,0.498039215803146,0.498039215803146);
#1791=AXIS2_PLACEMENT_3D('',#2272,#2273,#2274);
#1792=DRAUGHTING_PRE_DEFINED_CURVE_FONT('continuous');
#1793=COLOUR_RGB('',0.800000011920929,0.800000011920929,0.800000011920929);
#1794=AXIS2_PLACEMENT_3D('',#2275,#2276,#2277);
#1795=DRAUGHTING_PRE_DEFINED_CURVE_FONT('continuous');
#1796=COLOUR_RGB('',0.498039215803146,0.498039215803146,0.498039215803146);
#1797=AXIS2_PLACEMENT_3D('',#2278,#2279,#2280);
#1798=DRAUGHTING_PRE_DEFINED_CURVE_FONT('continuous');
#1799=COLOUR_RGB('',0.498039215803146,0.498039215803146,0.498039215803146);
#1800=CARTESIAN_POINT('',(0.86260134500707,6.44250874423869,-48.1980591684638));
#1801=CARTESIAN_POINT('',(1.00730265102492,6.42313437529946,-48.1378642237763));
#1802=CARTESIAN_POINT('',(1.14570701946941,6.399557645037,-48.0631125630846));
#1803=CARTESIAN_POINT('',(1.40129055088168,6.34849331880158,-47.8909180796178));
#1804=CARTESIAN_POINT('',(1.51847043563666,6.32105275389191,-47.7934623845482));
#1805=CARTESIAN_POINT('',(1.72594843065546,6.26758284504443,-47.5860779475801));
#1806=CARTESIAN_POINT('',(1.82351571663994,6.23962478293141,-47.4688306500802));
#1807=CARTESIAN_POINT('',(1.99585840671542,6.18665307111014,-47.2131831619339));
#1808=CARTESIAN_POINT('',(2.0706497180989,6.16169417268063,-47.0747823534421));
#1809=CARTESIAN_POINT('',(2.1308878292339,6.14079124048545,-46.9300741091961));
#1810=DRAUGHTING_PRE_DEFINED_CURVE_FONT('continuous');
#1811=COLOUR_RGB('',0.498039215803146,0.498039215803146,0.498039215803146);
#1812=AXIS2_PLACEMENT_3D('',#2281,#2282,#2283);
#1814=SURFACE_STYLE_FILL_AREA(#2284);
#1815=ORIENTED_EDGE('',*,*,#358,.T.);
#1816=ORIENTED_EDGE('',*,*,#570,.F.);
#1817=ORIENTED_EDGE('',*,*,#544,.T.);
#1818=ORIENTED_EDGE('',*,*,#396,.T.);
#1819=CARTESIAN_POINT('',(0.0,0.0,-59.3));
#1820=DIRECTION('',(-0.0,-0.0,1.0));
#1821=DIRECTION('',(0.0,1.0,0.0));
#1822=SURFACE_STYLE_FILL_AREA(#2285);
#1823=ORIENTED_EDGE('',*,*,#252,.F.);
#1824=ORIENTED_EDGE('',*,*,#338,.F.);
#1825=ORIENTED_EDGE('',*,*,#250,.F.);
#1826=ORIENTED_EDGE('',*,*,#548,.T.);
#1827=CARTESIAN_POINT('',(0.41903784984053,0.0,-48.333091961922));
#1828=DIRECTION('',(0.944648353914092,0.0,-0.328084573619969));
#1829=DIRECTION('',(-0.328084573619969,0.0,-0.944648353914092));
#1830=SURFACE_STYLE_FILL_AREA(#2286);
#1831=ORIENTED_EDGE('',*,*,#244,.F.);
#1832=ORIENTED_EDGE('',*,*,#242,.F.);
#1833=ORIENTED_EDGE('',*,*,#324,.F.);
#1834=ORIENTED_EDGE('',*,*,#330,.T.);
#1835=CARTESIAN_POINT('',(1.93152564817038,0.0,-47.3080171201481));
#1836=DIRECTION('',(1.0,0.0,0.0));
#1837=DIRECTION('',(0.0,0.0,-1.0));
#1838=DIRECTION('',(0.0,1.0,0.0));
#1839=SURFACE_STYLE_FILL_AREA(#2287);
#1840=ORIENTED_EDGE('',*,*,#236,.F.);
#1841=ORIENTED_EDGE('',*,*,#356,.T.);
#1842=ORIENTED_EDGE('',*,*,#268,.F.);
#1843=ORIENTED_EDGE('',*,*,#448,.F.);
#1844=CARTESIAN_POINT('',(0.0,0.0,-84.5));
#1845=DIRECTION('',(-0.0,-0.0,1.0));
#1846=DIRECTION('',(0.0,1.0,0.0));
#1847=DIRECTION('',(0.0,-0.0,1.0));
#1848=DIRECTION('',(0.0,0.0,-1.0));
#1849=SURFACE_STYLE_FILL_AREA(#2288);
#1850=ORIENTED_EDGE('',*,*,#308,.F.);
#1851=ORIENTED_EDGE('',*,*,#376,.F.);
#1852=ORIENTED_EDGE('',*,*,#536,.F.);
#1853=ORIENTED_EDGE('',*,*,#550,.T.);
#1854=CARTESIAN_POINT('',(-0.812260207482315,0.0,-44.4580653977656));
#1855=DIRECTION('',(0.0,0.0,1.0));
#1856=DIRECTION('',(1.0,0.0,0.0));
#1857=CARTESIAN_POINT('',(0.0,0.0,-109.0));
#1858=DIRECTION('',(0.0,0.0,-1.0));
#1859=DIRECTION('',(0.0,1.0,0.0));
#1860=DIRECTION('',(0.0,1.0,0.0));
#1861=DIRECTION('',(-0.0,-0.0,1.0));
#1862=DIRECTION('',(-1.224599683273E-016,0.999994552903182,-0.00330063084355493));
#1863=CARTESIAN_POINT('',(0.0,0.0,-49.5396205429887));
#1864=DIRECTION('',(-0.944648353914092,-0.0,0.328084573619969));
#1865=DIRECTION('',(0.328084573619969,0.0,0.944648353914092));
#1866=CARTESIAN_POINT('',(0.0,0.0,-49.5396205429887));
#1867=DIRECTION('',(0.944648353914092,0.0,-0.328084573619969));
#1868=DIRECTION('',(0.328084573619969,-0.0,0.944648353914092));
#1869=CARTESIAN_POINT('',(0.0,0.0,-0.600000000000001));
#1870=DIRECTION('',(0.0,0.0,-1.0));
#1871=DIRECTION('',(0.0,1.0,0.0));
#1872=SURFACE_STYLE_FILL_AREA(#2289);
#1873=ORIENTED_EDGE('',*,*,#358,.F.);
#1874=ORIENTED_EDGE('',*,*,#278,.T.);
#1875=ORIENTED_EDGE('',*,*,#544,.F.);
#1876=ORIENTED_EDGE('',*,*,#524,.F.);
#1877=CARTESIAN_POINT('',(0.0,0.0,-59.3));
#1878=DIRECTION('',(-0.0,-0.0,1.0));
#1879=DIRECTION('',(0.0,1.0,0.0));
#1880=SURFACE_STYLE_FILL_AREA(#2290);
#1881=DIRECTION('',(-0.0,-0.0,1.0));
#1882=CARTESIAN_POINT('',(0.0,0.0,-109.99));
#1883=DIRECTION('',(0.0,0.0,-1.0));
#1884=DIRECTION('',(0.0,1.0,0.0));
#1885=DIRECTION('',(0.0,0.0,-1.0));
#1886=CARTESIAN_POINT('',(0.0,0.0,-58.6));
#1887=DIRECTION('',(0.0,0.0,-1.0));
#1888=DIRECTION('',(0.0,1.0,0.0));
#1889=SURFACE_STYLE_FILL_AREA(#2291);
#1890=ORIENTED_EDGE('',*,*,#572,.F.);
#1891=ORIENTED_EDGE('',*,*,#228,.F.);
#1892=ORIENTED_EDGE('',*,*,#444,.F.);
#1893=ORIENTED_EDGE('',*,*,#242,.T.);
#1894=CARTESIAN_POINT('',(-0.0409678943232529,0.0,-46.0259886129198));
#1895=DIRECTION('',(-0.0,-1.0,-0.0));
#1896=DIRECTION('',(0.838461542890049,0.0,-0.544960770234371));
#1897=SURFACE_STYLE_FILL_AREA(#2292);
#1898=ORIENTED_EDGE('',*,*,#404,.T.);
#1899=ORIENTED_EDGE('',*,*,#256,.F.);
#1900=ORIENTED_EDGE('',*,*,#472,.T.);
#1901=ORIENTED_EDGE('',*,*,#362,.T.);
#1902=CARTESIAN_POINT('',(0.0,0.0,-0.300000000000004));
#1903=DIRECTION('',(0.0,-0.0,-1.0));
#1904=DIRECTION('',(0.0,1.0,0.0));
#1905=SURFACE_STYLE_FILL_AREA(#2293);
#1906=ORIENTED_EDGE('',*,*,#574,.F.);
#1907=ORIENTED_EDGE('',*,*,#510,.F.);
#1908=ORIENTED_EDGE('',*,*,#524,.T.);
#1909=ORIENTED_EDGE('',*,*,#570,.T.);
#1910=CARTESIAN_POINT('',(0.0,4.28894619,-60.0));
#1911=DIRECTION('',(0.0,0.0,-1.0));
#1912=DIRECTION('',(0.0,1.0,0.0));
#1913=DIRECTION('',(3.00535909977933E-017,-0.245414299084654,0.969418290422039));
#1914=DIRECTION('',(0.0,1.0,0.0));
#1915=SURFACE_STYLE_FILL_AREA(#2294);
#1916=ORIENTED_EDGE('',*,*,#236,.T.);
#1917=ORIENTED_EDGE('',*,*,#240,.F.);
#1918=ORIENTED_EDGE('',*,*,#268,.T.);
#1919=ORIENTED_EDGE('',*,*,#398,.T.);
#1920=CARTESIAN_POINT('',(0.0,0.0,-84.5));
#1921=DIRECTION('',(-0.0,-0.0,1.0));
#1922=DIRECTION('',(0.0,1.0,0.0));
#1923=SURFACE_STYLE_FILL_AREA(#2295);
#1924=ORIENTED_EDGE('',*,*,#402,.T.);
#1925=ORIENTED_EDGE('',*,*,#396,.F.);
#1926=ORIENTED_EDGE('',*,*,#286,.T.);
#1927=ORIENTED_EDGE('',*,*,#446,.T.);
#1928=CARTESIAN_POINT('',(0.0,0.0,-57.8));
#1929=DIRECTION('',(-0.0,-0.0,1.0));
#1930=DIRECTION('',(0.0,1.0,0.0));
#1931=DIRECTION('',(6.12303176911188E-017,-0.5,-0.866025403784439));
#1932=CARTESIAN_POINT('',(0.0,0.0,-44.4580653977656));
#1933=DIRECTION('',(0.0,-0.0,1.0));
#1934=DIRECTION('',(0.0,1.0,0.0));
#1935=SURFACE_STYLE_FILL_AREA(#2296);
#1936=ORIENTED_EDGE('',*,*,#486,.F.);
#1937=ORIENTED_EDGE('',*,*,#504,.F.);
#1938=ORIENTED_EDGE('',*,*,#234,.F.);
#1939=ORIENTED_EDGE('',*,*,#436,.T.);
#1940=CARTESIAN_POINT('',(0.0,0.0,-84.995));
#1941=DIRECTION('',(-0.0,-0.0,1.0));
#1942=DIRECTION('',(0.0,1.0,0.0));
#1943=DIRECTION('',(0.0,0.0,-1.0));
#1944=SURFACE_STYLE_FILL_AREA(#2297);
#1945=ORIENTED_EDGE('',*,*,#322,.F.);
#1946=ORIENTED_EDGE('',*,*,#232,.T.);
#1947=ORIENTED_EDGE('',*,*,#380,.T.);
#1948=CARTESIAN_POINT('',(0.0,0.0,-23.35));
#1949=DIRECTION('',(-0.0,-0.0,1.0));
#1950=DIRECTION('',(0.0,1.0,0.0));
#1951=DIRECTION('',(0.0,0.0,-1.0));
#1952=DIRECTION('',(0.0,0.0,-1.0));
#1953=CARTESIAN_POINT('',(0.0,0.0,-110.0));
#1954=DIRECTION('',(0.0,0.0,-1.0));
#1955=DIRECTION('',(0.0,1.0,0.0));
#1956=DIRECTION('',(0.0,1.0,0.0));
#1957=SURFACE_STYLE_FILL_AREA(#2298);
#1958=DIRECTION('',(0.0,1.0,0.0));
#1959=SURFACE_STYLE_FILL_AREA(#2299);
#1960=ORIENTED_EDGE('',*,*,#388,.T.);
#1961=ORIENTED_EDGE('',*,*,#316,.T.);
#1962=ORIENTED_EDGE('',*,*,#264,.T.);
#1963=ORIENTED_EDGE('',*,*,#308,.T.);
#1964=ORIENTED_EDGE('',*,*,#354,.T.);
#1965=ORIENTED_EDGE('',*,*,#322,.T.);
#1966=ORIENTED_EDGE('',*,*,#432,.T.);
#1967=ORIENTED_EDGE('',*,*,#508,.T.);
#1968=ORIENTED_EDGE('',*,*,#378,.T.);
#1969=ORIENTED_EDGE('',*,*,#446,.F.);
#1970=ORIENTED_EDGE('',*,*,#452,.T.);
#1971=ORIENTED_EDGE('',*,*,#256,.T.);
#1972=CARTESIAN_POINT('',(0.0,0.0,-23.35));
#1973=DIRECTION('',(-0.0,-0.0,1.0));
#1974=DIRECTION('',(0.0,1.0,0.0));
#1975=SURFACE_STYLE_FILL_AREA(#2300);
#1976=ORIENTED_EDGE('',*,*,#314,.T.);
#1977=ORIENTED_EDGE('',*,*,#410,.F.);
#1978=ORIENTED_EDGE('',*,*,#560,.T.);
#1979=ORIENTED_EDGE('',*,*,#510,.T.);
#1980=CARTESIAN_POINT('',(0.0,0.0,-84.995));
#1981=DIRECTION('',(-0.0,-0.0,1.0));
#1982=DIRECTION('',(0.0,1.0,0.0));
#1983=DIRECTION('',(6.12303176911188E-017,-0.5,0.866025403784439));
#1984=CARTESIAN_POINT('',(0.0,0.0,-110.0));
#1985=DIRECTION('',(0.0,0.0,-1.0));
#1986=DIRECTION('',(0.0,1.0,0.0));
#1987=CARTESIAN_POINT('',(0.0,0.0,-60.0));
#1988=DIRECTION('',(0.0,0.0,-1.0));
#1989=DIRECTION('',(0.0,1.0,0.0));
#1990=DIRECTION('',(0.0,0.0,-1.0));
#1991=CARTESIAN_POINT('',(0.0,0.0,0.0));
#1992=DIRECTION('',(0.0,0.0,-1.0));
#1993=DIRECTION('',(0.0,1.0,0.0));
#1994=CARTESIAN_POINT('',(0.0,0.0,0.0));
#1995=DIRECTION('',(0.0,0.0,-1.0));
#1996=DIRECTION('',(0.0,1.0,0.0));
#1997=CARTESIAN_POINT('',(0.0,0.0,-110.0));
#1998=DIRECTION('',(0.0,0.0,-1.0));
#1999=DIRECTION('',(0.0,1.0,0.0));
#2000=SURFACE_STYLE_FILL_AREA(#2301);
#2001=ORIENTED_EDGE('',*,*,#246,.F.);
#2002=ORIENTED_EDGE('',*,*,#436,.F.);
#2003=ORIENTED_EDGE('',*,*,#540,.F.);
#2004=ORIENTED_EDGE('',*,*,#514,.T.);
#2005=CARTESIAN_POINT('',(0.0,0.0,-109.995));
#2006=DIRECTION('',(0.0,-0.0,-1.0));
#2007=DIRECTION('',(0.0,1.0,0.0));
#2008=DIRECTION('',(0.0,1.0,0.0));
#2009=DIRECTION('',(0.0,0.0,-1.0));
#2010=CARTESIAN_POINT('',(0.0,0.0,-46.474176080047));
#2011=DIRECTION('',(-0.442195774284071,0.0,0.896918556617774));
#2012=DIRECTION('',(0.896918556617774,-0.0,0.442195774284071));
#2013=DIRECTION('',(0.0,1.0,0.0));
#2014=CARTESIAN_POINT('',(0.0,0.0,-57.0));
#2015=DIRECTION('',(0.0,0.0,-1.0));
#2016=DIRECTION('',(0.0,1.0,0.0));
#2017=DIRECTION('',(0.0,0.0,-1.0));
#2018=SURFACE_STYLE_FILL_AREA(#2302);
#2019=ORIENTED_EDGE('',*,*,#314,.F.);
#2020=ORIENTED_EDGE('',*,*,#574,.T.);
#2021=ORIENTED_EDGE('',*,*,#560,.F.);
#2022=ORIENTED_EDGE('',*,*,#270,.F.);
#2023=CARTESIAN_POINT('',(0.0,0.0,-84.995));
#2024=DIRECTION('',(-0.0,-0.0,1.0));
#2025=DIRECTION('',(0.0,1.0,0.0));
#2026=CARTESIAN_POINT('',(0.0,0.0,-58.6));
#2027=DIRECTION('',(0.0,0.0,-1.0));
#2028=DIRECTION('',(0.0,1.0,0.0));
#2029=CARTESIAN_POINT('',(0.0,0.0,-60.0));
#2030=DIRECTION('',(0.0,0.0,-1.0));
#2031=DIRECTION('',(0.0,1.0,0.0));
#2032=SURFACE_STYLE_FILL_AREA(#2303);
#2033=ORIENTED_EDGE('',*,*,#404,.F.);
#2034=ORIENTED_EDGE('',*,*,#364,.T.);
#2035=ORIENTED_EDGE('',*,*,#472,.F.);
#2036=ORIENTED_EDGE('',*,*,#566,.F.);
#2037=CARTESIAN_POINT('',(0.0,0.0,-0.300000000000004));
#2038=DIRECTION('',(0.0,-0.0,-1.0));
#2039=DIRECTION('',(0.0,1.0,0.0));
#2040=DIRECTION('',(3.00535909977933E-017,-0.245414299084654,-0.969418290422039));
#2041=DIRECTION('',(-8.65927457071934E-017,0.707106781186546,-0.707106781186549));
#2042=CARTESIAN_POINT('',(0.0,0.0,-46.474176080047));
#2043=DIRECTION('',(0.442195774284071,0.0,-0.896918556617774));
#2044=DIRECTION('',(0.896918556617774,0.0,0.442195774284071));
#2045=CARTESIAN_POINT('',(0.0,0.0,-109.99));
#2046=DIRECTION('',(0.0,0.0,-1.0));
#2047=DIRECTION('',(0.0,1.0,0.0));
#2048=SURFACE_STYLE_FILL_AREA(#2304);
#2049=ORIENTED_EDGE('',*,*,#416,.F.);
#2050=ORIENTED_EDGE('',*,*,#330,.F.);
#2051=ORIENTED_EDGE('',*,*,#454,.F.);
#2052=ORIENTED_EDGE('',*,*,#384,.T.);
#2053=CARTESIAN_POINT('',(-0.0409679572055086,0.0,-46.025987410777));
#2054=DIRECTION('',(0.0,-1.0,-0.0));
#2055=DIRECTION('',(0.508265629957899,0.0,0.861200353810599));
#2056=SURFACE_STYLE_FILL_AREA(#2305);
#2057=ORIENTED_EDGE('',*,*,#364,.F.);
#2058=ORIENTED_EDGE('',*,*,#362,.F.);
#2059=CARTESIAN_POINT('',(0.0,2.95,0.0));
#2060=DIRECTION('',(-0.0,0.0,1.0));
#2061=DIRECTION('',(0.0,-1.0,0.0));
#2062=DIRECTION('',(-1.224599683273E-016,0.999994552903182,0.00330063084355493));
#2063=CARTESIAN_POINT('',(0.0,0.0,-110.0));
#2064=DIRECTION('',(0.0,0.0,-1.0));
#2065=DIRECTION('',(0.0,1.0,0.0));
#2066=CARTESIAN_POINT('',(0.0,0.0,-46.474176080047));
#2067=DIRECTION('',(-0.442195774284071,0.0,0.896918556617774));
#2068=DIRECTION('',(0.896918556617774,-0.0,0.442195774284071));
#2069=SURFACE_STYLE_FILL_AREA(#2306);
#2070=ORIENTED_EDGE('',*,*,#486,.T.);
#2071=ORIENTED_EDGE('',*,*,#568,.T.);
#2072=ORIENTED_EDGE('',*,*,#234,.T.);
#2073=ORIENTED_EDGE('',*,*,#496,.F.);
#2074=CARTESIAN_POINT('',(0.0,0.0,-84.995));
#2075=DIRECTION('',(-0.0,-0.0,1.0));
#2076=DIRECTION('',(0.0,1.0,0.0));
#2077=CARTESIAN_POINT('',(0.0,0.0,-109.99));
#2078=DIRECTION('',(0.0,0.0,-1.0));
#2079=DIRECTION('',(0.0,1.0,0.0));
#2080=SURFACE_STYLE_FILL_AREA(#2307);
#2081=ORIENTED_EDGE('',*,*,#354,.F.);
#2082=ORIENTED_EDGE('',*,*,#550,.F.);
#2083=ORIENTED_EDGE('',*,*,#360,.F.);
#2084=ORIENTED_EDGE('',*,*,#562,.T.);
#2085=ORIENTED_EDGE('',*,*,#232,.F.);
#2086=CARTESIAN_POINT('',(0.213716751932848,0.0,-44.4713249095848));
#2087=DIRECTION('',(-0.0,-1.0,-0.0));
#2088=DIRECTION('',(0.359378942416673,0.0,-0.933191714358563));
#2089=CARTESIAN_POINT('',(0.0,0.0,-57.0));
#2090=DIRECTION('',(0.0,0.0,-1.0));
#2091=DIRECTION('',(0.0,1.0,0.0));
#2092=CARTESIAN_POINT('',(0.0,0.0,-109.0));
#2093=DIRECTION('',(0.0,0.0,-1.0));
#2094=DIRECTION('',(0.0,1.0,0.0));
#2095=SURFACE_STYLE_FILL_AREA(#2308);
#2096=ORIENTED_EDGE('',*,*,#508,.F.);
#2097=ORIENTED_EDGE('',*,*,#292,.F.);
#2098=ORIENTED_EDGE('',*,*,#518,.F.);
#2099=ORIENTED_EDGE('',*,*,#338,.T.);
#2100=ORIENTED_EDGE('',*,*,#342,.F.);
#2101=CARTESIAN_POINT('',(-0.0409675779126654,0.0,-46.0259890603671));
#2102=DIRECTION('',(-0.0,-1.0,-0.0));
#2103=DIRECTION('',(0.195537688821767,0.0,-0.980696187537324));
#2104=DIRECTION('',(-0.0,-0.0,1.0));
#2105=SURFACE_STYLE_FILL_AREA(#2309);
#2106=ORIENTED_EDGE('',*,*,#478,.T.);
#2107=ORIENTED_EDGE('',*,*,#316,.F.);
#2108=ORIENTED_EDGE('',*,*,#430,.F.);
#2109=ORIENTED_EDGE('',*,*,#384,.F.);
#2110=ORIENTED_EDGE('',*,*,#552,.F.);
#2111=CARTESIAN_POINT('',(0.226093675715924,0.0,-44.4645940178235));
#2112=DIRECTION('',(0.0,-1.0,-0.0));
#2113=DIRECTION('',(0.894321964023871,0.0,0.447423987582791));
#2114=DIRECTION('',(-1.224599683273E-016,0.999994552903182,-0.00330063084355493));
#2115=SURFACE_STYLE_FILL_AREA(#2310);
#2116=ORIENTED_EDGE('',*,*,#496,.T.);
#2117=ORIENTED_EDGE('',*,*,#504,.T.);
#2118=ORIENTED_EDGE('',*,*,#356,.F.);
#2119=ORIENTED_EDGE('',*,*,#398,.F.);
#2120=CARTESIAN_POINT('',(0.0,6.0925,-60.0));
#2121=DIRECTION('',(-0.0,0.0,1.0));
#2122=DIRECTION('',(0.0,-1.0,0.0));
#2123=SURFACE_STYLE_FILL_AREA(#2311);
#2124=ORIENTED_EDGE('',*,*,#406,.T.);
#2125=ORIENTED_EDGE('',*,*,#360,.T.);
#2126=ORIENTED_EDGE('',*,*,#536,.T.);
#2127=ORIENTED_EDGE('',*,*,#290,.T.);
#2128=ORIENTED_EDGE('',*,*,#552,.T.);
#2129=ORIENTED_EDGE('',*,*,#454,.T.);
#2130=ORIENTED_EDGE('',*,*,#324,.T.);
#2131=ORIENTED_EDGE('',*,*,#444,.T.);
#2132=ORIENTED_EDGE('',*,*,#512,.T.);
#2133=ORIENTED_EDGE('',*,*,#250,.T.);
#2134=ORIENTED_EDGE('',*,*,#518,.T.);
#2135=CARTESIAN_POINT('',(0.0,0.0,-49.499999995));
#2136=DIRECTION('',(-0.0,-0.0,1.0));
#2137=DIRECTION('',(1.0,0.0,0.0));
#2138=DIRECTION('',(-8.65927457071934E-017,0.707106781186546,0.707106781186549));
#2139=SURFACE_STYLE_FILL_AREA(#2312);
#2140=ORIENTED_EDGE('',*,*,#306,.F.);
#2141=ORIENTED_EDGE('',*,*,#448,.T.);
#2142=ORIENTED_EDGE('',*,*,#350,.F.);
#2143=ORIENTED_EDGE('',*,*,#328,.F.);
#2144=CARTESIAN_POINT('',(0.0,0.0,-109.5));
#2145=DIRECTION('',(-0.0,-0.0,1.0));
#2146=DIRECTION('',(0.0,1.0,0.0));
#2147=SURFACE_STYLE_FILL_AREA(#2313);
#2148=ORIENTED_EDGE('',*,*,#478,.F.);
#2149=ORIENTED_EDGE('',*,*,#290,.F.);
#2150=ORIENTED_EDGE('',*,*,#376,.T.);
#2151=ORIENTED_EDGE('',*,*,#264,.F.);
#2152=CARTESIAN_POINT('',(0.226093675715924,0.0,-44.4645940178235));
#2153=DIRECTION('',(0.0,-1.0,-0.0));
#2154=DIRECTION('',(0.894321964023871,0.0,0.447423987582791));
#2155=DIRECTION('',(0.0,1.0,0.0));
#2156=SURFACE_STYLE_FILL_AREA(#2314);
#2157=ORIENTED_EDGE('',*,*,#276,.F.);
#2158=ORIENTED_EDGE('',*,*,#548,.F.);
#2159=ORIENTED_EDGE('',*,*,#512,.F.);
#2160=ORIENTED_EDGE('',*,*,#228,.T.);
#2161=CARTESIAN_POINT('',(1.26181001712565,0.0,-45.9065123401911));
#2162=DIRECTION('',(-1.0,0.0,0.0));
#2163=DIRECTION('',(0.0,0.0,1.0));
#2164=DIRECTION('',(0.0,-0.0,-1.0));
#2165=CARTESIAN_POINT('',(0.0,0.0,-110.0));
#2166=DIRECTION('',(0.0,0.0,-1.0));
#2167=DIRECTION('',(0.0,1.0,0.0));
#2168=SURFACE_STYLE_FILL_AREA(#2315);
#2169=ORIENTED_EDGE('',*,*,#402,.F.);
#2170=ORIENTED_EDGE('',*,*,#386,.T.);
#2171=ORIENTED_EDGE('',*,*,#286,.F.);
#2172=ORIENTED_EDGE('',*,*,#278,.F.);
#2173=CARTESIAN_POINT('',(0.0,0.0,-57.8));
#2174=DIRECTION('',(-0.0,-0.0,1.0));
#2175=DIRECTION('',(0.0,1.0,0.0));
#2176=SURFACE_STYLE_FILL_AREA(#2316);
#2177=ORIENTED_EDGE('',*,*,#458,.T.);
#2178=ORIENTED_EDGE('',*,*,#368,.F.);
#2179=ORIENTED_EDGE('',*,*,#426,.T.);
#2180=ORIENTED_EDGE('',*,*,#410,.T.);
#2181=CARTESIAN_POINT('',(0.0,0.0,-109.995));
#2182=DIRECTION('',(0.0,-0.0,-1.0));
#2183=DIRECTION('',(0.0,1.0,0.0));
#2184=CARTESIAN_POINT('',(0.0,0.0,-60.0));
#2185=DIRECTION('',(0.0,0.0,-1.0));
#2186=DIRECTION('',(0.0,1.0,0.0));
#2187=SURFACE_STYLE_FILL_AREA(#2317);
#2188=ORIENTED_EDGE('',*,*,#306,.T.);
#2189=ORIENTED_EDGE('',*,*,#490,.F.);
#2190=ORIENTED_EDGE('',*,*,#350,.T.);
#2191=ORIENTED_EDGE('',*,*,#240,.T.);
#2192=CARTESIAN_POINT('',(0.0,0.0,-109.5));
#2193=DIRECTION('',(-0.0,-0.0,1.0));
#2194=DIRECTION('',(0.0,1.0,0.0));
#2195=SURFACE_STYLE_FILL_AREA(#2318);
#2196=ORIENTED_EDGE('',*,*,#246,.T.);
#2197=ORIENTED_EDGE('',*,*,#352,.T.);
#2198=ORIENTED_EDGE('',*,*,#540,.T.);
#2199=ORIENTED_EDGE('',*,*,#568,.F.);
#2200=CARTESIAN_POINT('',(0.0,0.0,-109.995));
#2201=DIRECTION('',(0.0,-0.0,-1.0));
#2202=DIRECTION('',(0.0,1.0,0.0));
#2203=CARTESIAN_POINT('',(0.0,0.0,-60.0));
#2204=DIRECTION('',(0.0,0.0,-1.0));
#2205=DIRECTION('',(0.0,1.0,0.0));
#2206=SURFACE_STYLE_FILL_AREA(#2319);
#2207=ORIENTED_EDGE('',*,*,#380,.F.);
#2208=ORIENTED_EDGE('',*,*,#562,.F.);
#2209=ORIENTED_EDGE('',*,*,#406,.F.);
#2210=ORIENTED_EDGE('',*,*,#292,.T.);
#2211=ORIENTED_EDGE('',*,*,#432,.F.);
#2212=CARTESIAN_POINT('',(0.827850162229641,0.0,-46.0660321735827));
#2213=DIRECTION('',(-0.442195774284071,0.0,0.896918556617774));
#2214=DIRECTION('',(0.896918556617774,0.0,0.442195774284071));
#2215=CARTESIAN_POINT('',(0.0,0.0,-60.0));
#2216=DIRECTION('',(0.0,0.0,-1.0));
#2217=DIRECTION('',(0.0,1.0,0.0));
#2218=DIRECTION('',(-0.0,-0.0,1.0));
#2219=CARTESIAN_POINT('',(0.0,0.0,-110.0));
#2220=DIRECTION('',(0.0,0.0,-1.0));
#2221=DIRECTION('',(0.0,1.0,0.0));
#2222=SURFACE_STYLE_FILL_AREA(#2320);
#2223=ORIENTED_EDGE('',*,*,#352,.F.);
#2224=ORIENTED_EDGE('',*,*,#514,.F.);
#2225=ORIENTED_EDGE('',*,*,#328,.T.);
#2226=ORIENTED_EDGE('',*,*,#490,.T.);
#2227=CARTESIAN_POINT('',(0.0,5.51514973081038,-110.0));
#2228=DIRECTION('',(0.0,0.0,-1.0));
#2229=DIRECTION('',(0.0,1.0,0.0));
#2230=CARTESIAN_POINT('',(0.0,0.0,-60.0));
#2231=DIRECTION('',(0.0,0.0,-1.0));
#2232=DIRECTION('',(0.0,1.0,0.0));
#2233=SURFACE_STYLE_FILL_AREA(#2321);
#2234=ORIENTED_EDGE('',*,*,#458,.F.);
#2235=ORIENTED_EDGE('',*,*,#270,.T.);
#2236=ORIENTED_EDGE('',*,*,#426,.F.);
#2237=ORIENTED_EDGE('',*,*,#428,.F.);
#2238=CARTESIAN_POINT('',(0.0,0.0,-109.995));
#2239=DIRECTION('',(0.0,-0.0,-1.0));
#2240=DIRECTION('',(0.0,1.0,0.0));
#2241=SURFACE_STYLE_FILL_AREA(#2322);
#2242=ORIENTED_EDGE('',*,*,#428,.T.);
#2243=ORIENTED_EDGE('',*,*,#368,.T.);
#2244=CARTESIAN_POINT('',(0.0,2.75632486540519,-110.0));
#2245=DIRECTION('',(0.0,0.0,-1.0));
#2246=DIRECTION('',(0.0,1.0,0.0));
#2247=CARTESIAN_POINT('',(0.0,0.0,-44.4580653977656));
#2248=DIRECTION('',(0.0,0.0,-1.0));
#2249=DIRECTION('',(1.0,0.0,0.0));
#2250=DIRECTION('',(-1.224599683273E-016,0.999994552903182,0.00330063084355493));
#2251=DIRECTION('',(-0.0,-0.0,1.0));
#2252=DIRECTION('',(0.0,1.0,0.0));
#2253=DIRECTION('',(0.0,1.0,0.0));
#2254=SURFACE_STYLE_FILL_AREA(#2323);
#2255=ORIENTED_EDGE('',*,*,#388,.F.);
#2256=ORIENTED_EDGE('',*,*,#566,.T.);
#2257=ORIENTED_EDGE('',*,*,#452,.F.);
#2258=ORIENTED_EDGE('',*,*,#386,.F.);
#2259=ORIENTED_EDGE('',*,*,#378,.F.);
#2260=ORIENTED_EDGE('',*,*,#342,.T.);
#2261=ORIENTED_EDGE('',*,*,#252,.T.);
#2262=ORIENTED_EDGE('',*,*,#276,.T.);
#2263=ORIENTED_EDGE('',*,*,#572,.T.);
#2264=ORIENTED_EDGE('',*,*,#244,.T.);
#2265=ORIENTED_EDGE('',*,*,#416,.T.);
#2266=ORIENTED_EDGE('',*,*,#430,.T.);
#2267=CARTESIAN_POINT('',(0.0,0.0,-23.35));
#2268=DIRECTION('',(-0.0,-0.0,1.0));
#2269=DIRECTION('',(0.0,1.0,0.0));
#2270=DIRECTION('',(-0.0,-0.0,1.0));
#2271=DIRECTION('',(0.0,1.0,0.0));
#2272=CARTESIAN_POINT('',(0.0,0.0,-0.600000000000001));
#2273=DIRECTION('',(0.0,0.0,-1.0));
#2274=DIRECTION('',(0.0,1.0,0.0));
#2275=CARTESIAN_POINT('',(0.0,0.0,-109.99));
#2276=DIRECTION('',(0.0,0.0,-1.0));
#2277=DIRECTION('',(0.0,1.0,0.0));
#2278=CARTESIAN_POINT('',(0.0,0.0,-60.0));
#2279=DIRECTION('',(0.0,0.0,-1.0));
#2280=DIRECTION('',(0.0,1.0,0.0));
#2281=CARTESIAN_POINT('',(0.0,0.0,-60.0));
#2282=DIRECTION('',(0.0,0.0,-1.0));
#2283=DIRECTION('',(0.0,1.0,0.0));
#2284=FILL_AREA_STYLE('',(#2324));
#2285=FILL_AREA_STYLE('',(#2325));
#2286=FILL_AREA_STYLE('',(#2326));
#2287=FILL_AREA_STYLE('',(#2327));
#2288=FILL_AREA_STYLE('',(#2328));
#2289=FILL_AREA_STYLE('',(#2329));
#2290=FILL_AREA_STYLE('',(#2330));
#2291=FILL_AREA_STYLE('',(#2331));
#2292=FILL_AREA_STYLE('',(#2332));
#2293=FILL_AREA_STYLE('',(#2333));
#2294=FILL_AREA_STYLE('',(#2334));
#2295=FILL_AREA_STYLE('',(#2335));
#2296=FILL_AREA_STYLE('',(#2336));
#2297=FILL_AREA_STYLE('',(#2337));
#2298=FILL_AREA_STYLE('',(#2338));
#2299=FILL_AREA_STYLE('',(#2339));
#2300=FILL_AREA_STYLE('',(#2340));
#2301=FILL_AREA_STYLE('',(#2341));
#2302=FILL_AREA_STYLE('',(#2342));
#2303=FILL_AREA_STYLE('',(#2343));
#2304=FILL_AREA_STYLE('',(#2344));
#2305=FILL_AREA_STYLE('',(#2345));
#2306=FILL_AREA_STYLE('',(#2346));
#2307=FILL_AREA_STYLE('',(#2347));
#2308=FILL_AREA_STYLE('',(#2348));
#2309=FILL_AREA_STYLE('',(#2349));
#2310=FILL_AREA_STYLE('',(#2350));
#2311=FILL_AREA_STYLE('',(#2351));
#2312=FILL_AREA_STYLE('',(#2352));
#2313=FILL_AREA_STYLE('',(#2353));
#2314=FILL_AREA_STYLE('',(#2354));
#2315=FILL_AREA_STYLE('',(#2355));
#2316=FILL_AREA_STYLE('',(#2356));
#2317=FILL_AREA_STYLE('',(#2357));
#2318=FILL_AREA_STYLE('',(#2358));
#2319=FILL_AREA_STYLE('',(#2359));
#2320=FILL_AREA_STYLE('',(#2360));
#2321=FILL_AREA_STYLE('',(#2361));
#2322=FILL_AREA_STYLE('',(#2362));
#2323=FILL_AREA_STYLE('',(#2363));
#2324=FILL_AREA_STYLE_COLOUR('',#2364);
#2325=FILL_AREA_STYLE_COLOUR('',#2365);
#2326=FILL_AREA_STYLE_COLOUR('',#2366);
#2327=FILL_AREA_STYLE_COLOUR('',#2367);
#2328=FILL_AREA_STYLE_COLOUR('',#2368);
#2329=FILL_AREA_STYLE_COLOUR('',#2369);
#2330=FILL_AREA_STYLE_COLOUR('',#2370);
#2331=FILL_AREA_STYLE_COLOUR('',#2371);
#2332=FILL_AREA_STYLE_COLOUR('',#2372);
#2333=FILL_AREA_STYLE_COLOUR('',#2373);
#2334=FILL_AREA_STYLE_COLOUR('',#2374);
#2335=FILL_AREA_STYLE_COLOUR('',#2375);
#2336=FILL_AREA_STYLE_COLOUR('',#2376);
#2337=FILL_AREA_STYLE_COLOUR('',#2377);
#2338=FILL_AREA_STYLE_COLOUR('',#2378);
#2339=FILL_AREA_STYLE_COLOUR('',#2379);
#2340=FILL_AREA_STYLE_COLOUR('',#2380);
#2341=FILL_AREA_STYLE_COLOUR('',#2381);
#2342=FILL_AREA_STYLE_COLOUR('',#2382);
#2343=FILL_AREA_STYLE_COLOUR('',#2383);
#2344=FILL_AREA_STYLE_COLOUR('',#2384);
#2345=FILL_AREA_STYLE_COLOUR('',#2385);
#2346=FILL_AREA_STYLE_COLOUR('',#2386);
#2347=FILL_AREA_STYLE_COLOUR('',#2387);
#2348=FILL_AREA_STYLE_COLOUR('',#2388);
#2349=FILL_AREA_STYLE_COLOUR('',#2389);
#2350=FILL_AREA_STYLE_COLOUR('',#2390);
#2351=FILL_AREA_STYLE_COLOUR('',#2391);
#2352=FILL_AREA_STYLE_COLOUR('',#2392);
#2353=FILL_AREA_STYLE_COLOUR('',#2393);
#2354=FILL_AREA_STYLE_COLOUR('',#2394);
#2355=FILL_AREA_STYLE_COLOUR('',#2395);
#2356=FILL_AREA_STYLE_COLOUR('',#2396);
#2357=FILL_AREA_STYLE_COLOUR('',#2397);
#2358=FILL_AREA_STYLE_COLOUR('',#2398);
#2359=FILL_AREA_STYLE_COLOUR('',#2399);
#2360=FILL_AREA_STYLE_COLOUR('',#2400);
#2361=FILL_AREA_STYLE_COLOUR('',#2401);
#2362=FILL_AREA_STYLE_COLOUR('',#2402);
#2363=FILL_AREA_STYLE_COLOUR('',#2403);
#2364=COLOUR_RGB('',0.498039215803146,0.498039215803146,0.498039215803146);
#2365=COLOUR_RGB('',0.200000002980232,0.600000023841858,1.0);
#2366=COLOUR_RGB('',0.200000002980232,0.600000023841858,1.0);
#2367=COLOUR_RGB('',0.800000011920929,0.800000011920929,0.800000011920929);
#2368=COLOUR_RGB('',0.200000002980232,0.600000023841858,1.0);
#2369=COLOUR_RGB('',0.498039215803146,0.498039215803146,0.498039215803146);
#2370=COLOUR_RGB('',0.498039215803146,0.498039215803146,0.498039215803146);
#2371=COLOUR_RGB('',0.200000002980232,0.600000023841858,1.0);
#2372=COLOUR_RGB('',0.498039215803146,0.498039215803146,0.498039215803146);
#2373=COLOUR_RGB('',0.498039215803146,0.498039215803146,0.498039215803146);
#2374=COLOUR_RGB('',0.800000011920929,0.800000011920929,0.800000011920929);
#2375=COLOUR_RGB('',0.498039215803146,0.498039215803146,0.498039215803146);
#2376=COLOUR_RGB('',0.800000011920929,0.800000011920929,0.800000011920929);
#2377=COLOUR_RGB('',0.498039215803146,0.498039215803146,0.498039215803146);
#2378=COLOUR_RGB('',0.800000011920929,0.800000011920929,0.800000011920929);
#2379=COLOUR_RGB('',0.498039215803146,0.498039215803146,0.498039215803146);
#2380=COLOUR_RGB('',0.498039215803146,0.498039215803146,0.498039215803146);
#2381=COLOUR_RGB('',0.800000011920929,0.800000011920929,0.800000011920929);
#2382=COLOUR_RGB('',0.498039215803146,0.498039215803146,0.498039215803146);
#2383=COLOUR_RGB('',0.498039215803146,0.498039215803146,0.498039215803146);
#2384=COLOUR_RGB('',0.200000002980232,0.600000023841858,1.0);
#2385=COLOUR_RGB('',0.498039215803146,0.498039215803146,0.498039215803146);
#2386=COLOUR_RGB('',0.800000011920929,0.800000011920929,0.800000011920929);
#2387=COLOUR_RGB('',0.200000002980232,0.600000023841858,1.0);
#2388=COLOUR_RGB('',0.200000002980232,0.600000023841858,1.0);
#2389=COLOUR_RGB('',0.200000002980232,0.600000023841858,1.0);
#2390=COLOUR_RGB('',0.800000011920929,0.800000011920929,0.800000011920929);
#2391=COLOUR_RGB('',0.200000002980232,0.600000023841858,1.0);
#2392=COLOUR_RGB('',0.800000011920929,0.800000011920929,0.800000011920929);
#2393=COLOUR_RGB('',0.200000002980232,0.600000023841858,1.0);
#2394=COLOUR_RGB('',0.200000002980232,0.600000023841858,1.0);
#2395=COLOUR_RGB('',0.498039215803146,0.498039215803146,0.498039215803146);
#2396=COLOUR_RGB('',0.498039215803146,0.498039215803146,0.498039215803146);
#2397=COLOUR_RGB('',0.800000011920929,0.800000011920929,0.800000011920929);
#2398=COLOUR_RGB('',0.800000011920929,0.800000011920929,0.800000011920929);
#2399=COLOUR_RGB('',0.200000002980232,0.600000023841858,1.0);
#2400=COLOUR_RGB('',0.800000011920929,0.800000011920929,0.800000011920929);
#2401=COLOUR_RGB('',0.498039215803146,0.498039215803146,0.498039215803146);
#2402=COLOUR_RGB('',0.498039215803146,0.498039215803146,0.498039215803146);
#2403=COLOUR_RGB('',0.498039215803146,0.498039215803146,0.498039215803146);
#2404=AXIS2_PLACEMENT_3D('CIP',#2405,#2406,#2407);
#2405=CARTESIAN_POINT('',(0.0,0.0,-110.0));
#2406=DIRECTION('',(0.0,0.0,1.0));
#2407=DIRECTION('',(1.0,0.0,0.0));
#2408=AXIS2_PLACEMENT_3D('CRP',#2409,#2410,#2411);
#2409=CARTESIAN_POINT('',(-6.095,0.0,-109.0));
#2410=DIRECTION('',(0.0,0.0,1.0));
#2411=DIRECTION('',(1.0,0.0,0.0));
#2412=AXIS2_PLACEMENT_3D('MCS',#2413,#2414,#2415);
#2413=CARTESIAN_POINT('',(0.0,0.0,-46.1));
#2414=DIRECTION('',(0.0,0.0,1.0));
#2415=DIRECTION('',(1.0,0.0,0.0));
#2416=AXIS2_PLACEMENT_3D('PCS',#2417,#2418,#2419);
#2417=CARTESIAN_POINT('',(0.0,0.0,0.0));
#2418=DIRECTION('',(0.0,0.0,1.0));
#2419=DIRECTION('',(1.0,0.0,0.0));
#2420=CONSTRUCTIVE_GEOMETRY_REPRESENTATION_RELATIONSHIP('coordinate systems',$,#199,#2421);
#2421=CONSTRUCTIVE_GEOMETRY_REPRESENTATION('coordinate systems',(#2404,#2408,#2412,#2416),#10);
ENDSEC;
END-ISO-10303-21;
