ISO-10303-21;
HEADER;
FILE_DESCRIPTION(('no description'),'unknown implementation level');
FILE_NAME('solidWRdevy9TvvxUF6DGXGPNuiwWq1A_1.STP','  ',('CIMSOURCE GmbH'),('CADClick - KiM GmbH - www.kimweb.de'),'unknown preprocess','ACIS','unknown authorization');
FILE_SCHEMA(('automotive_design'));
ENDSEC;
DATA;
#1=MECHANICAL_DESIGN_GEOMETRIC_PRESENTATION_REPRESENTATION(' ',(#14,#15,#16,#17,#18,#19,#20,#21,#22,#23,#24,#25,#26,#27,#28,#29,#30,#31,#32,#33,#34,#35,#36,#37,#38,#39,#40,#41,#42,#43,#44,#45,#46,#47,#48,#49,#50,#51,#52,#53,#54,#55,#56,#57,#58,#59,#60,#61,#62,#63,#64,#65,#66,#67,#68,#69,#70,#71,#72,#73,#74,#75,#76,#77,#78,#79,#80,#81,#82,#83,#84,#85,#86,#87,#88,#89,#90,#91,#92,#93,#94,#95,#96,#97,#98,#99,#100,#101,#102,#103,#104,#105,#106,#107,#108,#109,#110,#111,#112,#113,#114,#115,#116,#117,#118,#119,#120,#121,#122,#123,#124,#125,#126,#127,#128,#129,#130,#131,#132,#133,#134,#135,#136,#137,#138,#139,#140,#141,#142,#143,#144,#145,#146,#147,#148,#149,#150,#151,#152,#153,#154,#155,#156,#157,#158,#159,#160,#161,#162,#163,#164,#165,#166,#167,#168,#169,#170,#171,#172,#173,#174,#175,#176,#177,#178,#179,#180,#181),#10);
#2=PRODUCT_DEFINITION_CONTEXT('',#182,'design');
#3=APPLICATION_PROTOCOL_DEFINITION('INTERNATIONAL STANDARD','automotive_design',1994,#182);
#4=PRODUCT_CATEGORY_RELATIONSHIP('NONE','NONE',#183,#184);
#5=SHAPE_DEFINITION_REPRESENTATION(#185,#186);
#6=PRODUCT_DEFINITION_CONTEXT('',#187,'design');
#7=APPLICATION_PROTOCOL_DEFINITION('INTERNATIONAL STANDARD','automotive_design',1994,#187);
#8=PRODUCT_CATEGORY_RELATIONSHIP('NONE','NONE',#188,#189);
#9=SHAPE_DEFINITION_REPRESENTATION(#190,#191);
#10= (GEOMETRIC_REPRESENTATION_CONTEXT(3)GLOBAL_UNCERTAINTY_ASSIGNED_CONTEXT((#194))GLOBAL_UNIT_ASSIGNED_CONTEXT((#196,#197,#198))REPRESENTATION_CONTEXT('NONE','WORKSPACE'));
#14=STYLED_ITEM('',(#200),#201);
#15=STYLED_ITEM('',(#202),#203);
#16=STYLED_ITEM('',(#204),#205);
#17=STYLED_ITEM('',(#206),#207);
#18=STYLED_ITEM('',(#208),#209);
#19=STYLED_ITEM('',(#210),#211);
#20=STYLED_ITEM('',(#212),#213);
#21=STYLED_ITEM('',(#214),#215);
#22=STYLED_ITEM('',(#216),#217);
#23=STYLED_ITEM('',(#218),#219);
#24=STYLED_ITEM('',(#220),#221);
#25=STYLED_ITEM('',(#222),#223);
#26=STYLED_ITEM('',(#224),#225);
#27=STYLED_ITEM('',(#226),#227);
#28=STYLED_ITEM('',(#228),#229);
#29=STYLED_ITEM('',(#230),#231);
#30=STYLED_ITEM('',(#232),#233);
#31=STYLED_ITEM('',(#234),#235);
#32=STYLED_ITEM('',(#236),#237);
#33=STYLED_ITEM('',(#238),#239);
#34=STYLED_ITEM('',(#240),#241);
#35=STYLED_ITEM('',(#242),#243);
#36=STYLED_ITEM('',(#244),#245);
#37=STYLED_ITEM('',(#246),#247);
#38=STYLED_ITEM('',(#248),#249);
#39=STYLED_ITEM('',(#250),#251);
#40=STYLED_ITEM('',(#252),#253);
#41=STYLED_ITEM('',(#254),#255);
#42=STYLED_ITEM('',(#256),#257);
#43=STYLED_ITEM('',(#258),#259);
#44=STYLED_ITEM('',(#260),#261);
#45=STYLED_ITEM('',(#262),#263);
#46=STYLED_ITEM('',(#264),#265);
#47=STYLED_ITEM('',(#266),#267);
#48=STYLED_ITEM('',(#268),#269);
#49=STYLED_ITEM('',(#270),#271);
#50=STYLED_ITEM('',(#272),#273);
#51=STYLED_ITEM('',(#274),#275);
#52=STYLED_ITEM('',(#276),#277);
#53=STYLED_ITEM('',(#278),#279);
#54=STYLED_ITEM('',(#280),#281);
#55=STYLED_ITEM('',(#282),#283);
#56=STYLED_ITEM('',(#284),#285);
#57=STYLED_ITEM('',(#286),#287);
#58=STYLED_ITEM('',(#288),#289);
#59=STYLED_ITEM('',(#290),#291);
#60=STYLED_ITEM('',(#292),#293);
#61=STYLED_ITEM('',(#294),#295);
#62=STYLED_ITEM('',(#296),#297);
#63=STYLED_ITEM('',(#298),#299);
#64=STYLED_ITEM('',(#300),#301);
#65=STYLED_ITEM('',(#302),#303);
#66=STYLED_ITEM('',(#304),#305);
#67=STYLED_ITEM('',(#306),#307);
#68=STYLED_ITEM('',(#308),#309);
#69=STYLED_ITEM('',(#310),#311);
#70=STYLED_ITEM('',(#312),#313);
#71=STYLED_ITEM('',(#314),#315);
#72=STYLED_ITEM('',(#316),#317);
#73=STYLED_ITEM('',(#318),#319);
#74=STYLED_ITEM('',(#320),#321);
#75=STYLED_ITEM('',(#322),#323);
#76=STYLED_ITEM('',(#324),#325);
#77=STYLED_ITEM('',(#326),#327);
#78=STYLED_ITEM('',(#328),#329);
#79=STYLED_ITEM('',(#330),#331);
#80=STYLED_ITEM('',(#332),#333);
#81=STYLED_ITEM('',(#334),#335);
#82=STYLED_ITEM('',(#336),#337);
#83=STYLED_ITEM('',(#338),#339);
#84=STYLED_ITEM('',(#340),#341);
#85=STYLED_ITEM('',(#342),#343);
#86=STYLED_ITEM('',(#344),#345);
#87=STYLED_ITEM('',(#346),#347);
#88=STYLED_ITEM('',(#348),#349);
#89=STYLED_ITEM('',(#350),#351);
#90=STYLED_ITEM('',(#352),#353);
#91=STYLED_ITEM('',(#354),#355);
#92=STYLED_ITEM('',(#356),#357);
#93=STYLED_ITEM('',(#358),#359);
#94=STYLED_ITEM('',(#360),#361);
#95=STYLED_ITEM('',(#362),#363);
#96=STYLED_ITEM('',(#364),#365);
#97=STYLED_ITEM('',(#366),#367);
#98=STYLED_ITEM('',(#368),#369);
#99=STYLED_ITEM('',(#370),#371);
#100=STYLED_ITEM('',(#372),#373);
#101=STYLED_ITEM('',(#374),#375);
#102=STYLED_ITEM('',(#376),#377);
#103=STYLED_ITEM('',(#378),#379);
#104=STYLED_ITEM('',(#380),#381);
#105=STYLED_ITEM('',(#382),#383);
#106=STYLED_ITEM('',(#384),#385);
#107=STYLED_ITEM('',(#386),#387);
#108=STYLED_ITEM('',(#388),#389);
#109=STYLED_ITEM('',(#390),#391);
#110=STYLED_ITEM('',(#392),#393);
#111=STYLED_ITEM('',(#394),#395);
#112=STYLED_ITEM('',(#396),#397);
#113=STYLED_ITEM('',(#398),#399);
#114=STYLED_ITEM('',(#400),#401);
#115=STYLED_ITEM('',(#402),#403);
#116=STYLED_ITEM('',(#404),#405);
#117=STYLED_ITEM('',(#406),#407);
#118=STYLED_ITEM('',(#408),#409);
#119=STYLED_ITEM('',(#410),#411);
#120=STYLED_ITEM('',(#412),#413);
#121=STYLED_ITEM('',(#414),#415);
#122=STYLED_ITEM('',(#416),#417);
#123=STYLED_ITEM('',(#418),#419);
#124=STYLED_ITEM('',(#420),#421);
#125=STYLED_ITEM('',(#422),#423);
#126=STYLED_ITEM('',(#424),#425);
#127=STYLED_ITEM('',(#426),#427);
#128=STYLED_ITEM('',(#428),#429);
#129=STYLED_ITEM('',(#430),#431);
#130=STYLED_ITEM('',(#432),#433);
#131=STYLED_ITEM('',(#434),#435);
#132=STYLED_ITEM('',(#436),#437);
#133=STYLED_ITEM('',(#438),#439);
#134=STYLED_ITEM('',(#440),#441);
#135=STYLED_ITEM('',(#442),#443);
#136=STYLED_ITEM('',(#444),#445);
#137=STYLED_ITEM('',(#446),#447);
#138=STYLED_ITEM('',(#448),#449);
#139=STYLED_ITEM('',(#450),#451);
#140=STYLED_ITEM('',(#452),#453);
#141=STYLED_ITEM('',(#454),#455);
#142=STYLED_ITEM('',(#456),#457);
#143=STYLED_ITEM('',(#458),#459);
#144=STYLED_ITEM('',(#460),#461);
#145=STYLED_ITEM('',(#462),#463);
#146=STYLED_ITEM('',(#464),#465);
#147=STYLED_ITEM('',(#466),#467);
#148=STYLED_ITEM('',(#468),#469);
#149=STYLED_ITEM('',(#470),#471);
#150=STYLED_ITEM('',(#472),#473);
#151=STYLED_ITEM('',(#474),#475);
#152=STYLED_ITEM('',(#476),#477);
#153=STYLED_ITEM('',(#478),#479);
#154=STYLED_ITEM('',(#480),#481);
#155=STYLED_ITEM('',(#482),#483);
#156=STYLED_ITEM('',(#484),#485);
#157=STYLED_ITEM('',(#486),#487);
#158=STYLED_ITEM('',(#488),#489);
#159=STYLED_ITEM('',(#490),#491);
#160=STYLED_ITEM('',(#492),#493);
#161=STYLED_ITEM('',(#494),#495);
#162=STYLED_ITEM('',(#496),#497);
#163=STYLED_ITEM('',(#498),#499);
#164=STYLED_ITEM('',(#500),#501);
#165=STYLED_ITEM('',(#502),#503);
#166=STYLED_ITEM('',(#504),#505);
#167=STYLED_ITEM('',(#506),#507);
#168=STYLED_ITEM('',(#508),#509);
#169=STYLED_ITEM('',(#510),#511);
#170=STYLED_ITEM('',(#512),#513);
#171=STYLED_ITEM('',(#514),#515);
#172=STYLED_ITEM('',(#516),#517);
#173=STYLED_ITEM('',(#518),#519);
#174=STYLED_ITEM('',(#520),#521);
#175=STYLED_ITEM('',(#522),#523);
#176=STYLED_ITEM('',(#524),#525);
#177=STYLED_ITEM('',(#526),#527);
#178=STYLED_ITEM('',(#528),#529);
#179=STYLED_ITEM('',(#530),#531);
#180=STYLED_ITEM('',(#532),#533);
#181=STYLED_ITEM('',(#534),#535);
#182=APPLICATION_CONTEXT(' ');
#183=PRODUCT_CATEGORY('part','NONE');
#184=PRODUCT_RELATED_PRODUCT_CATEGORY('detail',' ',(#536));
#185=PRODUCT_DEFINITION_SHAPE('NONE','NONE',#537);
#186=ADVANCED_BREP_SHAPE_REPRESENTATION('NOCUT',(#297,#538),#10);
#187=APPLICATION_CONTEXT(' ');
#188=PRODUCT_CATEGORY('part','NONE');
#189=PRODUCT_RELATED_PRODUCT_CATEGORY('detail',' ',(#539));
#190=PRODUCT_DEFINITION_SHAPE('NONE','NONE',#540);
#191=ADVANCED_BREP_SHAPE_REPRESENTATION('CUT',(#327,#541),#10);
#194=UNCERTAINTY_MEASURE_WITH_UNIT(LENGTH_MEASURE(1.0E-006),#196,'','');
#196= (CONVERSION_BASED_UNIT('MILLIMETRE',#544)LENGTH_UNIT()NAMED_UNIT(#547));
#197= (NAMED_UNIT(#549)PLANE_ANGLE_UNIT()SI_UNIT($,.RADIAN.));
#198= (NAMED_UNIT(#549)SOLID_ANGLE_UNIT()SI_UNIT($,.STERADIAN.));
#200=PRESENTATION_STYLE_ASSIGNMENT((#555));
#201=ADVANCED_FACE('',(#556),#557,.F.);
#202=PRESENTATION_STYLE_ASSIGNMENT((#558));
#203=EDGE_CURVE('',#305,#249,#559,.T.);
#204=PRESENTATION_STYLE_ASSIGNMENT((#560));
#205=VERTEX_POINT('',#561);
#206=PRESENTATION_STYLE_ASSIGNMENT((#562));
#207=VERTEX_POINT('',#563);
#208=PRESENTATION_STYLE_ASSIGNMENT((#564));
#209=EDGE_CURVE('',#387,#399,#565,.T.);
#210=PRESENTATION_STYLE_ASSIGNMENT((#566));
#211=VERTEX_POINT('',#567);
#212=PRESENTATION_STYLE_ASSIGNMENT((#568));
#213=VERTEX_POINT('',#569);
#214=PRESENTATION_STYLE_ASSIGNMENT((#570));
#215=VERTEX_POINT('',#571);
#216=PRESENTATION_STYLE_ASSIGNMENT((#572));
#217=EDGE_CURVE('',#339,#325,#573,.T.);
#218=PRESENTATION_STYLE_ASSIGNMENT((#574));
#219=EDGE_CURVE('',#205,#307,#575,.T.);
#220=PRESENTATION_STYLE_ASSIGNMENT((#576));
#221=VERTEX_POINT('',#577);
#222=PRESENTATION_STYLE_ASSIGNMENT((#578));
#223=EDGE_CURVE('',#457,#381,#579,.T.);
#224=PRESENTATION_STYLE_ASSIGNMENT((#580));
#225=ADVANCED_FACE('',(#581),#582,.T.);
#226=PRESENTATION_STYLE_ASSIGNMENT((#583));
#227=EDGE_CURVE('',#325,#415,#584,.T.);
#228=PRESENTATION_STYLE_ASSIGNMENT((#585));
#229=EDGE_CURVE('',#243,#455,#586,.T.);
#230=PRESENTATION_STYLE_ASSIGNMENT((#587));
#231=EDGE_CURVE('',#267,#279,#588,.T.);
#232=PRESENTATION_STYLE_ASSIGNMENT((#589));
#233=EDGE_CURVE('',#351,#469,#590,.T.);
#234=PRESENTATION_STYLE_ASSIGNMENT((#591));
#235=VERTEX_POINT('',#592);
#236=PRESENTATION_STYLE_ASSIGNMENT((#593));
#237=ADVANCED_FACE('',(#594),#595,.F.);
#238=PRESENTATION_STYLE_ASSIGNMENT((#596));
#239=EDGE_CURVE('',#397,#399,#597,.T.);
#240=PRESENTATION_STYLE_ASSIGNMENT((#598));
#241=ADVANCED_FACE('',(#599),#600,.T.);
#242=PRESENTATION_STYLE_ASSIGNMENT((#601));
#243=VERTEX_POINT('',#602);
#244=PRESENTATION_STYLE_ASSIGNMENT((#603));
#245=ADVANCED_FACE('',(#604),#605,.F.);
#246=PRESENTATION_STYLE_ASSIGNMENT((#606));
#247=VERTEX_POINT('',#607);
#248=PRESENTATION_STYLE_ASSIGNMENT((#608));
#249=VERTEX_POINT('',#609);
#250=PRESENTATION_STYLE_ASSIGNMENT((#610));
#251=EDGE_CURVE('',#247,#293,#611,.T.);
#252=PRESENTATION_STYLE_ASSIGNMENT((#612));
#253=EDGE_CURVE('',#391,#301,#613,.T.);
#254=PRESENTATION_STYLE_ASSIGNMENT((#614));
#255=EDGE_CURVE('',#315,#437,#615,.T.);
#256=PRESENTATION_STYLE_ASSIGNMENT((#616));
#257=EDGE_CURVE('',#477,#391,#617,.T.);
#258=PRESENTATION_STYLE_ASSIGNMENT((#618));
#259=EDGE_CURVE('',#477,#221,#619,.T.);
#260=PRESENTATION_STYLE_ASSIGNMENT((#620));
#261=ADVANCED_FACE('',(#621),#622,.F.);
#262=PRESENTATION_STYLE_ASSIGNMENT((#623));
#263=EDGE_CURVE('',#301,#221,#624,.T.);
#264=PRESENTATION_STYLE_ASSIGNMENT((#625));
#265=EDGE_CURVE('',#301,#391,#626,.T.);
#266=PRESENTATION_STYLE_ASSIGNMENT((#627));
#267=VERTEX_POINT('',#628);
#268=PRESENTATION_STYLE_ASSIGNMENT((#629));
#269=ADVANCED_FACE('',(#630),#631,.F.);
#270=PRESENTATION_STYLE_ASSIGNMENT((#632));
#271=ADVANCED_FACE('',(#633),#634,.T.);
#272=PRESENTATION_STYLE_ASSIGNMENT((#635));
#273=VERTEX_POINT('',#636);
#274=PRESENTATION_STYLE_ASSIGNMENT((#637));
#275=EDGE_CURVE('',#469,#387,#638,.T.);
#276=PRESENTATION_STYLE_ASSIGNMENT((#639));
#277=EDGE_CURVE('',#533,#511,#640,.T.);
#278=PRESENTATION_STYLE_ASSIGNMENT((#641));
#279=VERTEX_POINT('',#642);
#280=PRESENTATION_STYLE_ASSIGNMENT((#643));
#281=ADVANCED_FACE('',(#644),#645,.T.);
#282=PRESENTATION_STYLE_ASSIGNMENT((#646));
#283=EDGE_CURVE('',#345,#351,#647,.T.);
#284=PRESENTATION_STYLE_ASSIGNMENT((#648));
#285=ADVANCED_FACE('',(#649),#650,.F.);
#286=PRESENTATION_STYLE_ASSIGNMENT((#651));
#287=ADVANCED_FACE('',(#652),#653,.T.);
#288=PRESENTATION_STYLE_ASSIGNMENT((#654));
#289=EDGE_CURVE('',#391,#211,#655,.T.);
#290=PRESENTATION_STYLE_ASSIGNMENT((#656));
#291=EDGE_CURVE('',#207,#273,#657,.T.);
#292=PRESENTATION_STYLE_ASSIGNMENT((#658));
#293=VERTEX_POINT('',#659);
#294=PRESENTATION_STYLE_ASSIGNMENT((#660));
#295=EDGE_CURVE('',#503,#215,#661,.T.);
#296=PRESENTATION_STYLE_ASSIGNMENT((#662));
#297=MANIFOLD_SOLID_BREP('NOCUT',#663);
#298=PRESENTATION_STYLE_ASSIGNMENT((#664));
#299=EDGE_CURVE('',#207,#211,#665,.T.);
#300=PRESENTATION_STYLE_ASSIGNMENT((#666));
#301=VERTEX_POINT('',#667);
#302=PRESENTATION_STYLE_ASSIGNMENT((#668));
#303=EDGE_CURVE('',#519,#345,#669,.T.);
#304=PRESENTATION_STYLE_ASSIGNMENT((#670));
#305=VERTEX_POINT('',#671);
#306=PRESENTATION_STYLE_ASSIGNMENT((#672));
#307=VERTEX_POINT('',#673);
#308=PRESENTATION_STYLE_ASSIGNMENT((#674));
#309=EDGE_CURVE('',#415,#519,#675,.T.);
#310=PRESENTATION_STYLE_ASSIGNMENT((#676));
#311=VERTEX_POINT('',#677);
#312=PRESENTATION_STYLE_ASSIGNMENT((#678));
#313=EDGE_CURVE('',#361,#311,#679,.T.);
#314=PRESENTATION_STYLE_ASSIGNMENT((#680));
#315=VERTEX_POINT('',#681);
#316=PRESENTATION_STYLE_ASSIGNMENT((#682));
#317=EDGE_CURVE('',#431,#213,#683,.T.);
#318=PRESENTATION_STYLE_ASSIGNMENT((#684));
#319=EDGE_CURVE('',#431,#293,#685,.T.);
#320=PRESENTATION_STYLE_ASSIGNMENT((#686));
#321=EDGE_CURVE('',#455,#351,#687,.T.);
#322=PRESENTATION_STYLE_ASSIGNMENT((#688));
#323=EDGE_CURVE('',#249,#211,#689,.T.);
#324=PRESENTATION_STYLE_ASSIGNMENT((#690));
#325=VERTEX_POINT('',#691);
#326=PRESENTATION_STYLE_ASSIGNMENT((#692));
#327=MANIFOLD_SOLID_BREP('CUT',#693);
#328=PRESENTATION_STYLE_ASSIGNMENT((#694));
#329=EDGE_CURVE('',#343,#533,#695,.T.);
#330=PRESENTATION_STYLE_ASSIGNMENT((#696));
#331=ADVANCED_FACE('',(#697),#698,.F.);
#332=PRESENTATION_STYLE_ASSIGNMENT((#699));
#333=EDGE_CURVE('',#457,#315,#700,.T.);
#334=PRESENTATION_STYLE_ASSIGNMENT((#701));
#335=ADVANCED_FACE('',(#702),#703,.T.);
#336=PRESENTATION_STYLE_ASSIGNMENT((#704));
#337=ADVANCED_FACE('',(#705),#706,.F.);
#338=PRESENTATION_STYLE_ASSIGNMENT((#707));
#339=VERTEX_POINT('',#708);
#340=PRESENTATION_STYLE_ASSIGNMENT((#709));
#341=ADVANCED_FACE('',(#710),#711,.T.);
#342=PRESENTATION_STYLE_ASSIGNMENT((#712));
#343=VERTEX_POINT('',#713);
#344=PRESENTATION_STYLE_ASSIGNMENT((#714));
#345=VERTEX_POINT('',#715);
#346=PRESENTATION_STYLE_ASSIGNMENT((#716));
#347=ADVANCED_FACE('',(#717),#718,.T.);
#348=PRESENTATION_STYLE_ASSIGNMENT((#719));
#349=EDGE_CURVE('',#273,#409,#720,.T.);
#350=PRESENTATION_STYLE_ASSIGNMENT((#721));
#351=VERTEX_POINT('',#722);
#352=PRESENTATION_STYLE_ASSIGNMENT((#723));
#353=ADVANCED_FACE('',(#724),#725,.T.);
#354=PRESENTATION_STYLE_ASSIGNMENT((#726));
#355=EDGE_CURVE('',#293,#325,#727,.T.);
#356=PRESENTATION_STYLE_ASSIGNMENT((#728));
#357=VERTEX_POINT('',#729);
#358=PRESENTATION_STYLE_ASSIGNMENT((#730));
#359=EDGE_CURVE('',#437,#243,#731,.T.);
#360=PRESENTATION_STYLE_ASSIGNMENT((#732));
#361=VERTEX_POINT('',#733);
#362=PRESENTATION_STYLE_ASSIGNMENT((#734));
#363=EDGE_CURVE('',#279,#247,#735,.T.);
#364=PRESENTATION_STYLE_ASSIGNMENT((#736));
#365=VERTEX_POINT('',#737);
#366=PRESENTATION_STYLE_ASSIGNMENT((#738));
#367=ADVANCED_FACE('',(#739),#740,.T.);
#368=PRESENTATION_STYLE_ASSIGNMENT((#741));
#369=EDGE_CURVE('',#393,#381,#742,.T.);
#370=PRESENTATION_STYLE_ASSIGNMENT((#743));
#371=ADVANCED_FACE('',(#744),#745,.F.);
#372=PRESENTATION_STYLE_ASSIGNMENT((#746));
#373=VERTEX_POINT('',#747);
#374=PRESENTATION_STYLE_ASSIGNMENT((#748));
#375=EDGE_CURVE('',#437,#411,#749,.T.);
#376=PRESENTATION_STYLE_ASSIGNMENT((#750));
#377=ADVANCED_FACE('',(#751),#752,.F.);
#378=PRESENTATION_STYLE_ASSIGNMENT((#753));
#379=EDGE_CURVE('',#387,#503,#754,.T.);
#380=PRESENTATION_STYLE_ASSIGNMENT((#755));
#381=VERTEX_POINT('',#756);
#382=PRESENTATION_STYLE_ASSIGNMENT((#757));
#383=VERTEX_POINT('',#758);
#384=PRESENTATION_STYLE_ASSIGNMENT((#759));
#385=EDGE_CURVE('',#235,#267,#760,.T.);
#386=PRESENTATION_STYLE_ASSIGNMENT((#761));
#387=VERTEX_POINT('',#762);
#388=PRESENTATION_STYLE_ASSIGNMENT((#763));
#389=EDGE_CURVE('',#383,#425,#764,.T.);
#390=PRESENTATION_STYLE_ASSIGNMENT((#765));
#391=VERTEX_POINT('',#766);
#392=PRESENTATION_STYLE_ASSIGNMENT((#767));
#393=VERTEX_POINT('',#768);
#394=PRESENTATION_STYLE_ASSIGNMENT((#769));
#395=EDGE_CURVE('',#311,#343,#770,.T.);
#396=PRESENTATION_STYLE_ASSIGNMENT((#771));
#397=VERTEX_POINT('',#772);
#398=PRESENTATION_STYLE_ASSIGNMENT((#773));
#399=VERTEX_POINT('',#774);
#400=PRESENTATION_STYLE_ASSIGNMENT((#775));
#401=ADVANCED_FACE('',(#776),#777,.T.);
#402=PRESENTATION_STYLE_ASSIGNMENT((#778));
#403=EDGE_CURVE('',#361,#533,#779,.T.);
#404=PRESENTATION_STYLE_ASSIGNMENT((#780));
#405=ADVANCED_FACE('',(#781),#782,.T.);
#406=PRESENTATION_STYLE_ASSIGNMENT((#783));
#407=EDGE_CURVE('',#469,#373,#784,.T.);
#408=PRESENTATION_STYLE_ASSIGNMENT((#785));
#409=VERTEX_POINT('',#786);
#410=PRESENTATION_STYLE_ASSIGNMENT((#787));
#411=VERTEX_POINT('',#788);
#412=PRESENTATION_STYLE_ASSIGNMENT((#789));
#413=EDGE_CURVE('',#207,#301,#790,.T.);
#414=PRESENTATION_STYLE_ASSIGNMENT((#791));
#415=VERTEX_POINT('',#792);
#416=PRESENTATION_STYLE_ASSIGNMENT((#793));
#417=EDGE_CURVE('',#503,#387,#794,.T.);
#418=PRESENTATION_STYLE_ASSIGNMENT((#795));
#419=EDGE_CURVE('',#221,#477,#796,.T.);
#420=PRESENTATION_STYLE_ASSIGNMENT((#797));
#421=EDGE_CURVE('',#273,#249,#798,.T.);
#422=PRESENTATION_STYLE_ASSIGNMENT((#799));
#423=EDGE_CURVE('',#243,#373,#800,.T.);
#424=PRESENTATION_STYLE_ASSIGNMENT((#801));
#425=VERTEX_POINT('',#802);
#426=PRESENTATION_STYLE_ASSIGNMENT((#803));
#427=EDGE_CURVE('',#213,#279,#804,.T.);
#428=PRESENTATION_STYLE_ASSIGNMENT((#805));
#429=ADVANCED_FACE('',(#806),#807,.T.);
#430=PRESENTATION_STYLE_ASSIGNMENT((#808));
#431=VERTEX_POINT('',#809);
#432=PRESENTATION_STYLE_ASSIGNMENT((#810));
#433=EDGE_CURVE('',#213,#235,#811,.T.);
#434=PRESENTATION_STYLE_ASSIGNMENT((#812));
#435=EDGE_CURVE('',#511,#481,#813,.T.);
#436=PRESENTATION_STYLE_ASSIGNMENT((#814));
#437=VERTEX_POINT('',#815);
#438=PRESENTATION_STYLE_ASSIGNMENT((#816));
#439=EDGE_CURVE('',#211,#207,#817,.T.);
#440=PRESENTATION_STYLE_ASSIGNMENT((#818));
#441=ADVANCED_FACE('',(#819),#820,.F.);
#442=PRESENTATION_STYLE_ASSIGNMENT((#821));
#443=EDGE_CURVE('',#365,#215,#822,.T.);
#444=PRESENTATION_STYLE_ASSIGNMENT((#823));
#445=EDGE_CURVE('',#215,#365,#824,.T.);
#446=PRESENTATION_STYLE_ASSIGNMENT((#825));
#447=ADVANCED_FACE('',(#826),#827,.T.);
#448=PRESENTATION_STYLE_ASSIGNMENT((#828));
#449=EDGE_CURVE('',#215,#383,#829,.T.);
#450=PRESENTATION_STYLE_ASSIGNMENT((#830));
#451=EDGE_CURVE('',#381,#267,#831,.T.);
#452=PRESENTATION_STYLE_ASSIGNMENT((#832));
#453=EDGE_CURVE('',#481,#361,#833,.T.);
#454=PRESENTATION_STYLE_ASSIGNMENT((#834));
#455=VERTEX_POINT('',#835);
#456=PRESENTATION_STYLE_ASSIGNMENT((#836));
#457=VERTEX_POINT('',#837);
#458=PRESENTATION_STYLE_ASSIGNMENT((#838));
#459=EDGE_CURVE('',#397,#503,#839,.T.);
#460=PRESENTATION_STYLE_ASSIGNMENT((#840));
#461=EDGE_CURVE('',#205,#357,#841,.T.);
#462=PRESENTATION_STYLE_ASSIGNMENT((#842));
#463=ADVANCED_FACE('',(#843),#844,.T.);
#464=PRESENTATION_STYLE_ASSIGNMENT((#845));
#465=ADVANCED_FACE('',(#846),#847,.F.);
#466=PRESENTATION_STYLE_ASSIGNMENT((#848));
#467=ADVANCED_FACE('',(#849),#850,.T.);
#468=PRESENTATION_STYLE_ASSIGNMENT((#851));
#469=VERTEX_POINT('',#852);
#470=PRESENTATION_STYLE_ASSIGNMENT((#853));
#471=ADVANCED_FACE('',(#854),#855,.T.);
#472=PRESENTATION_STYLE_ASSIGNMENT((#856));
#473=ADVANCED_FACE('',(#857),#858,.F.);
#474=PRESENTATION_STYLE_ASSIGNMENT((#859));
#475=EDGE_CURVE('',#357,#415,#860,.T.);
#476=PRESENTATION_STYLE_ASSIGNMENT((#861));
#477=VERTEX_POINT('',#862);
#478=PRESENTATION_STYLE_ASSIGNMENT((#863));
#479=ADVANCED_FACE('',(#864),#865,.T.);
#480=PRESENTATION_STYLE_ASSIGNMENT((#866));
#481=VERTEX_POINT('',#867);
#482=PRESENTATION_STYLE_ASSIGNMENT((#868));
#483=EDGE_CURVE('',#519,#307,#869,.T.);
#484=PRESENTATION_STYLE_ASSIGNMENT((#870));
#485=EDGE_CURVE('',#533,#361,#871,.T.);
#486=PRESENTATION_STYLE_ASSIGNMENT((#872));
#487=EDGE_CURVE('',#373,#411,#873,.T.);
#488=PRESENTATION_STYLE_ASSIGNMENT((#874));
#489=EDGE_CURVE('',#315,#393,#875,.T.);
#490=PRESENTATION_STYLE_ASSIGNMENT((#876));
#491=EDGE_CURVE('',#411,#393,#877,.T.);
#492=PRESENTATION_STYLE_ASSIGNMENT((#878));
#493=EDGE_CURVE('',#249,#273,#879,.T.);
#494=PRESENTATION_STYLE_ASSIGNMENT((#880));
#495=EDGE_CURVE('',#339,#431,#881,.T.);
#496=PRESENTATION_STYLE_ASSIGNMENT((#882));
#497=EDGE_CURVE('',#409,#305,#883,.T.);
#498=PRESENTATION_STYLE_ASSIGNMENT((#884));
#499=EDGE_CURVE('',#305,#409,#885,.T.);
#500=PRESENTATION_STYLE_ASSIGNMENT((#886));
#501=EDGE_CURVE('',#481,#511,#887,.T.);
#502=PRESENTATION_STYLE_ASSIGNMENT((#888));
#503=VERTEX_POINT('',#889);
#504=PRESENTATION_STYLE_ASSIGNMENT((#890));
#505=EDGE_CURVE('',#235,#457,#891,.T.);
#506=PRESENTATION_STYLE_ASSIGNMENT((#892));
#507=EDGE_CURVE('',#455,#205,#893,.T.);
#508=PRESENTATION_STYLE_ASSIGNMENT((#894));
#509=ADVANCED_FACE('',(#895),#896,.T.);
#510=PRESENTATION_STYLE_ASSIGNMENT((#897));
#511=VERTEX_POINT('',#898);
#512=PRESENTATION_STYLE_ASSIGNMENT((#899));
#513=ADVANCED_FACE('',(#900,#901),#902,.T.);
#514=PRESENTATION_STYLE_ASSIGNMENT((#903));
#515=ADVANCED_FACE('',(#904),#905,.T.);
#516=PRESENTATION_STYLE_ASSIGNMENT((#906));
#517=EDGE_CURVE('',#425,#383,#907,.T.);
#518=PRESENTATION_STYLE_ASSIGNMENT((#908));
#519=VERTEX_POINT('',#909);
#520=PRESENTATION_STYLE_ASSIGNMENT((#910));
#521=EDGE_CURVE('',#425,#365,#911,.T.);
#522=PRESENTATION_STYLE_ASSIGNMENT((#912));
#523=EDGE_CURVE('',#343,#311,#913,.T.);
#524=PRESENTATION_STYLE_ASSIGNMENT((#914));
#525=EDGE_CURVE('',#365,#247,#915,.T.);
#526=PRESENTATION_STYLE_ASSIGNMENT((#916));
#527=ADVANCED_FACE('',(#917,#918),#919,.T.);
#528=PRESENTATION_STYLE_ASSIGNMENT((#920));
#529=EDGE_CURVE('',#307,#345,#921,.T.);
#530=PRESENTATION_STYLE_ASSIGNMENT((#922));
#531=EDGE_CURVE('',#399,#397,#923,.T.);
#532=PRESENTATION_STYLE_ASSIGNMENT((#924));
#533=VERTEX_POINT('',#925);
#534=PRESENTATION_STYLE_ASSIGNMENT((#926));
#535=EDGE_CURVE('',#357,#339,#927,.T.);
#536=PRODUCT('NOCUT','NOCUT','PART-NOCUT-DESC',(#928));
#537=PRODUCT_DEFINITION('NONE','NONE',#929,#2);
#538=AXIS2_PLACEMENT_3D('',#930,#931,#932);
#539=PRODUCT('CUT','CUT','PART-CUT-DESC',(#933));
#540=PRODUCT_DEFINITION('NONE','NONE',#934,#6);
#541=AXIS2_PLACEMENT_3D('',#935,#936,#937);
#544=LENGTH_MEASURE_WITH_UNIT(LENGTH_MEASURE(1.0),#938);
#547=DIMENSIONAL_EXPONENTS(1.0,0.0,0.0,0.0,0.0,0.0,0.0);
#549=DIMENSIONAL_EXPONENTS(0.0,0.0,0.0,0.0,0.0,0.0,0.0);
#555=SURFACE_STYLE_USAGE(.BOTH.,#939);
#556=FACE_OUTER_BOUND('',#940,.T.);
#557=CONICAL_SURFACE('',#941,6.0100671525,1.15191730631626);
#558=CURVE_STYLE('',#942,POSITIVE_LENGTH_MEASURE(1.0E-006),#943);
#559=LINE('',#944,#945);
#560=POINT_STYLE(' ',#946,POSITIVE_LENGTH_MEASURE(1.0E-006),#947);
#561=CARTESIAN_POINT('',(0.687752442996742,5.95038625445038,-48.0913959609121));
#562=POINT_STYLE(' ',#948,POSITIVE_LENGTH_MEASURE(1.0E-006),#949);
#563=CARTESIAN_POINT('',(8.16812437999526E-016,-6.67,-110.0));
#564=CURVE_STYLE('',#950,POSITIVE_LENGTH_MEASURE(1.0E-006),#951);
#565=LINE('',#952,#953);
#566=POINT_STYLE(' ',#954,POSITIVE_LENGTH_MEASURE(1.0E-006),#955);
#567=CARTESIAN_POINT('',(0.0,6.67,-110.0));
#568=POINT_STYLE(' ',#956,POSITIVE_LENGTH_MEASURE(1.0E-006),#957);
#569=CARTESIAN_POINT('',(0.959318071661238,5.91268203418585,-46.3750003322476));
#570=POINT_STYLE(' ',#958,POSITIVE_LENGTH_MEASURE(1.0E-006),#959);
#571=CARTESIAN_POINT('',(7.34763812293426E-016,-6.0,-0.600000000000001));
#572=CURVE_STYLE('',#960,POSITIVE_LENGTH_MEASURE(1.0E-006),#961);
#573=LINE('',#962,#963);
#574=CURVE_STYLE('',#964,POSITIVE_LENGTH_MEASURE(1.0E-006),#965);
#575=LINE('',#966,#967);
#576=POINT_STYLE(' ',#968,POSITIVE_LENGTH_MEASURE(1.0E-006),#969);
#577=CARTESIAN_POINT('',(9.72031293346512E-016,-7.9375,-90.0));
#578=CURVE_STYLE('',#970,POSITIVE_LENGTH_MEASURE(1.0E-006),#971);
#579=LINE('',#972,#973);
#580=SURFACE_STYLE_USAGE(.BOTH.,#974);
#581=FACE_OUTER_BOUND('',#975,.T.);
#582=CYLINDRICAL_SURFACE('',#976,7.9375);
#583=CURVE_STYLE('',#977,POSITIVE_LENGTH_MEASURE(1.0E-006),#978);
#584=CIRCLE('',#979,6.0);
#585=CURVE_STYLE('',#980,POSITIVE_LENGTH_MEASURE(1.0E-006),#981);
#586=B_SPLINE_CURVE_WITH_KNOTS('',3,(#982,#983,#984,#985,#986,#987,#988,#989,#990,#991,#992,#993,#994,#995,#996,#997),.UNSPECIFIED.,.F.,.F.,(4,2,2,2,2,2,2,4),(2.22576207444537,2.59646564950898,2.96716922457259,3.33842656028505,3.70968389599752,4.08094123170998,4.45219856742244,4.82337173010252),.UNSPECIFIED.);
#587=CURVE_STYLE('',#998,POSITIVE_LENGTH_MEASURE(1.0E-006),#999);
#588=B_SPLINE_CURVE_WITH_KNOTS('',3,(#1000,#1001,#1002,#1003,#1004,#1005,#1006,#1007,#1008,#1009),.UNSPECIFIED.,.F.,.F.,(4,2,2,2,4),(0.74215593308256,1.11323389962384,1.48431186616512,1.85500652080361,2.2257011754421),.UNSPECIFIED.);
#589=CURVE_STYLE('',#1010,POSITIVE_LENGTH_MEASURE(1.0E-006),#1011);
#590=B_SPLINE_CURVE_WITH_KNOTS('',3,(#1012,#1013,#1014,#1015,#1016,#1017,#1018,#1019,#1020,#1021,#1022,#1023,#1024,#1025,#1026,#1027),.UNSPECIFIED.,.F.,.F.,(4,2,2,2,2,2,2,4),(7.05021077803304,7.42137279253829,7.792619300654,8.1638658087697,8.53511231688541,8.90635882500112,9.27705350054317,9.64774817608521),.UNSPECIFIED.);
#591=POINT_STYLE(' ',#1028,POSITIVE_LENGTH_MEASURE(1.0E-006),#1029);
#592=CARTESIAN_POINT('',(1.6046520781759,5.77106504104795,-46.9930581237785));
#593=SURFACE_STYLE_USAGE(.BOTH.,#1030);
#594=FACE_OUTER_BOUND('',#1031,.T.);
#595=CYLINDRICAL_SURFACE('',#1032,1.95439726264241);
#596=CURVE_STYLE('',#1033,POSITIVE_LENGTH_MEASURE(1.0E-006),#1034);
#597=CIRCLE('',#1035,7.9375);
#598=SURFACE_STYLE_USAGE(.BOTH.,#1036);
#599=FACE_OUTER_BOUND('',#1037,.T.);
#600=CONICAL_SURFACE('',#1038,5.7,0.785398163397447);
#601=POINT_STYLE(' ',#1039,POSITIVE_LENGTH_MEASURE(1.0E-006),#1040);
#602=CARTESIAN_POINT('',(0.348123752442997,5.97987540446998,-49.9747994788274));
#603=SURFACE_STYLE_USAGE(.BOTH.,#1041);
#604=FACE_OUTER_BOUND('',#1042,.T.);
#605=CYLINDRICAL_SURFACE('',#1043,5.350134305);
#606=POINT_STYLE(' ',#1044,POSITIVE_LENGTH_MEASURE(1.0E-006),#1045);
#607=CARTESIAN_POINT('',(7.38366143662319E-011,6.0,-47.6029225741621));
#608=POINT_STYLE(' ',#1046,POSITIVE_LENGTH_MEASURE(1.0E-006),#1047);
#609=CARTESIAN_POINT('',(0.0,5.350134305,-109.412357931831));
#610=CURVE_STYLE('',#1048,POSITIVE_LENGTH_MEASURE(1.0E-006),#1049);
#611=B_SPLINE_CURVE_WITH_KNOTS('',3,(#1050,#1051,#1052,#1053,#1054,#1055,#1056,#1057,#1058,#1059,#1060,#1061,#1062,#1063,#1064,#1065,#1066,#1067,#1068,#1069,#1070,#1071,#1072,#1073,#1074,#1075,#1076),.UNSPECIFIED.,.F.,.F.,(4,2,3,2,2,2,2,2,2,2,2,2,4),(-0.650983325762088,-0.325491662881044,0.0,0.325491662881044,0.650983325762087,0.977158577924335,1.30333383008658,1.62836215157752,1.95339047306846,2.27875720438135,2.60412393569424,2.92949066700713,3.25485739832002),.UNSPECIFIED.);
#612=CURVE_STYLE('',#1077,POSITIVE_LENGTH_MEASURE(1.0E-006),#1078);
#613=CIRCLE('',#1079,7.9375);
#614=CURVE_STYLE('',#1080,POSITIVE_LENGTH_MEASURE(1.0E-006),#1081);
#615=LINE('',#1082,#1083);
#616=CURVE_STYLE('',#1084,POSITIVE_LENGTH_MEASURE(1.0E-006),#1085);
#617=LINE('',#1086,#1087);
#618=CURVE_STYLE('',#1088,POSITIVE_LENGTH_MEASURE(1.0E-006),#1089);
#619=CIRCLE('',#1090,7.9375);
#620=SURFACE_STYLE_USAGE(.BOTH.,#1091);
#621=FACE_OUTER_BOUND('',#1092,.T.);
#622=CYLINDRICAL_SURFACE('',#1093,1.41968012322456);
#623=CURVE_STYLE('',#1094,POSITIVE_LENGTH_MEASURE(1.0E-006),#1095);
#624=LINE('',#1096,#1097);
#625=CURVE_STYLE('',#1098,POSITIVE_LENGTH_MEASURE(1.0E-006),#1099);
#626=CIRCLE('',#1100,7.9375);
#627=POINT_STYLE(' ',#1101,POSITIVE_LENGTH_MEASURE(1.0E-006),#1102);
#628=CARTESIAN_POINT('',(1.6046520781759,5.78144373906776,-46.9930581237785));
#629=SURFACE_STYLE_USAGE(.BOTH.,#1103);
#630=FACE_OUTER_BOUND('',#1104,.T.);
#631=PLANE('',#1105);
#632=SURFACE_STYLE_USAGE(.BOTH.,#1106);
#633=FACE_OUTER_BOUND('',#1107,.T.);
#634=CYLINDRICAL_SURFACE('',#1108,5.350134305);
#635=POINT_STYLE(' ',#1109,POSITIVE_LENGTH_MEASURE(1.0E-006),#1110);
#636=CARTESIAN_POINT('',(6.55180846370607E-016,-5.350134305,-109.412357931831));
#637=CURVE_STYLE('',#1111,POSITIVE_LENGTH_MEASURE(1.0E-006),#1112);
#638=LINE('',#1113,#1114);
#639=CURVE_STYLE('',#1115,POSITIVE_LENGTH_MEASURE(1.0E-006),#1116);
#640=LINE('',#1117,#1118);
#641=POINT_STYLE(' ',#1119,POSITIVE_LENGTH_MEASURE(1.0E-006),#1120);
#642=CARTESIAN_POINT('',(0.959318071661238,5.92281257827598,-46.3750003322476));
#643=SURFACE_STYLE_USAGE(.BOTH.,#1121);
#644=FACE_OUTER_BOUND('',#1122,.T.);
#645=CYLINDRICAL_SURFACE('',#1123,5.99);
#646=CURVE_STYLE('',#1124,POSITIVE_LENGTH_MEASURE(1.0E-006),#1125);
#647=ELLIPSE('',#1126,6.68957059225716,6.0);
#648=SURFACE_STYLE_USAGE(.BOTH.,#1127);
#649=FACE_OUTER_BOUND('',#1128,.T.);
#650=CONICAL_SURFACE('',#1129,6.0100671525,1.15191730631626);
#651=SURFACE_STYLE_USAGE(.BOTH.,#1130);
#652=FACE_OUTER_BOUND('',#1131,.T.);
#653=CONICAL_SURFACE('',#1132,6.0100671525,1.15191730631626);
#654=CURVE_STYLE('',#1133,POSITIVE_LENGTH_MEASURE(1.0E-006),#1134);
#655=LINE('',#1135,#1136);
#656=CURVE_STYLE('',#1137,POSITIVE_LENGTH_MEASURE(1.0E-006),#1138);
#657=LINE('',#1139,#1140);
#658=POINT_STYLE(' ',#1141,POSITIVE_LENGTH_MEASURE(1.0E-006),#1142);
#659=CARTESIAN_POINT('',(-0.583654733259654,5.97154478777005,-47.1469404979607));
#660=CURVE_STYLE('',#1143,POSITIVE_LENGTH_MEASURE(1.0E-006),#1144);
#661=LINE('',#1145,#1146);
#662=SURFACE_STYLE_USAGE(.BOTH.,#1147);
#663=CLOSED_SHELL('',(#287,#271,#353,#401,#509,#467,#429,#331,#371,#337,#377,#237,#281,#269,#473,#405,#465,#261,#341,#241,#479,#367,#513,#447,#515,#471));
#664=CURVE_STYLE('',#1148,POSITIVE_LENGTH_MEASURE(1.0E-006),#1149);
#665=CIRCLE('',#1150,6.67);
#666=POINT_STYLE(' ',#1151,POSITIVE_LENGTH_MEASURE(1.0E-006),#1152);
#667=CARTESIAN_POINT('',(9.72031293346512E-016,-7.9375,-104.23));
#668=CURVE_STYLE('',#1153,POSITIVE_LENGTH_MEASURE(1.0E-006),#1154);
#669=LINE('',#1155,#1156);
#670=POINT_STYLE(' ',#1157,POSITIVE_LENGTH_MEASURE(1.0E-006),#1158);
#671=CARTESIAN_POINT('',(0.0,5.350134305,-90.0));
#672=POINT_STYLE(' ',#1159,POSITIVE_LENGTH_MEASURE(1.0E-006),#1160);
#673=CARTESIAN_POINT('',(0.687752442996742,5.96045271578863,-48.0913959609121));
#674=CURVE_STYLE('',#1161,POSITIVE_LENGTH_MEASURE(1.0E-006),#1162);
#675=B_SPLINE_CURVE_WITH_KNOTS('',3,(#1163,#1164,#1165,#1166,#1167,#1168,#1169,#1170,#1171,#1172,#1173,#1174,#1175,#1176,#1177,#1178,#1179,#1180,#1181,#1182),.UNSPECIFIED.,.F.,.F.,(4,2,2,2,2,2,2,2,2,4),(4.02840239043581,4.29680806049396,4.56521373055212,4.83361940061028,5.37043074072659,5.90614431571486,6.17400110320899,6.44185789070312,6.71120407596239,6.98055026122165),.UNSPECIFIED.);
#676=POINT_STYLE(' ',#1183,POSITIVE_LENGTH_MEASURE(1.0E-006),#1184);
#677=CARTESIAN_POINT('',(0.0,6.67,-110.0));
#678=CURVE_STYLE('',#1185,POSITIVE_LENGTH_MEASURE(1.0E-006),#1186);
#679=LINE('',#1187,#1188);
#680=POINT_STYLE(' ',#1189,POSITIVE_LENGTH_MEASURE(1.0E-006),#1190);
#681=CARTESIAN_POINT('',(1.04827293811075,5.8975608387896,-49.6854822149837));
#682=CURVE_STYLE('',#1191,POSITIVE_LENGTH_MEASURE(1.0E-006),#1192);
#683=B_SPLINE_CURVE_WITH_KNOTS('',3,(#1193,#1194,#1195,#1196,#1197,#1198,#1199,#1200,#1201,#1202,#1203,#1204,#1205,#1206,#1207,#1208,#1209,#1210,#1211,#1212,#1213,#1214,#1215,#1216,#1217,#1218,#1219),.UNSPECIFIED.,.F.,.F.,(4,2,2,2,2,2,2,2,2,2,3,2,4),(-3.25487556649061,-2.92950742816628,-2.60413928984195,-2.27877115151762,-1.95340301319329,-1.62837442549398,-1.30334583779466,-0.977166448220765,-0.650987058646868,-0.325493529323434,0.0,0.325730047294843,0.651460094589686),.UNSPECIFIED.);
#684=CURVE_STYLE('',#1220,POSITIVE_LENGTH_MEASURE(1.0E-006),#1221);
#685=LINE('',#1222,#1223);
#686=CURVE_STYLE('',#1224,POSITIVE_LENGTH_MEASURE(1.0E-006),#1225);
#687=LINE('',#1226,#1227);
#688=CURVE_STYLE('',#1228,POSITIVE_LENGTH_MEASURE(1.0E-006),#1229);
#689=LINE('',#1230,#1231);
#690=POINT_STYLE(' ',#1232,POSITIVE_LENGTH_MEASURE(1.0E-006),#1233);
#691=CARTESIAN_POINT('',(-0.674800788273616,5.96193289933267,-46.7555466384365));
#692=SURFACE_STYLE_USAGE(.BOTH.,#1234);
#693=CLOSED_SHELL('',(#245,#201,#463,#335,#527,#225,#347,#285,#441));
#694=CURVE_STYLE('',#1235,POSITIVE_LENGTH_MEASURE(1.0E-006),#1236);
#695=LINE('',#1237,#1238);
#696=SURFACE_STYLE_USAGE(.BOTH.,#1239);
#697=FACE_OUTER_BOUND('',#1240,.T.);
#698=PLANE('',#1241);
#699=CURVE_STYLE('',#1242,POSITIVE_LENGTH_MEASURE(1.0E-006),#1243);
#700=B_SPLINE_CURVE_WITH_KNOTS('',3,(#1244,#1245,#1246,#1247,#1248,#1249,#1250,#1251,#1252,#1253),.UNSPECIFIED.,.F.,.F.,(4,2,2,2,4),(0.74217739851001,1.11326609776502,1.48435479702002,1.85505833865746,2.2257618802949),.UNSPECIFIED.);
#701=SURFACE_STYLE_USAGE(.BOTH.,#1254);
#702=FACE_OUTER_BOUND('',#1255,.T.);
#703=CYLINDRICAL_SURFACE('',#1256,7.9375);
#704=SURFACE_STYLE_USAGE(.BOTH.,#1257);
#705=FACE_OUTER_BOUND('',#1258,.T.);
#706=PLANE('',#1259);
#707=POINT_STYLE(' ',#1260,POSITIVE_LENGTH_MEASURE(1.0E-006),#1261);
#708=CARTESIAN_POINT('',(-0.674800788273616,5.95186894144565,-46.7555466384365));
#709=SURFACE_STYLE_USAGE(.BOTH.,#1262);
#710=FACE_OUTER_BOUND('',#1263,.T.);
#711=PLANE('',#1264);
#712=POINT_STYLE(' ',#1265,POSITIVE_LENGTH_MEASURE(1.0E-006),#1266);
#713=CARTESIAN_POINT('',(8.16812437999526E-016,-6.67,-110.0));
#714=POINT_STYLE(' ',#1267,POSITIVE_LENGTH_MEASURE(1.0E-006),#1268);
#715=CARTESIAN_POINT('',(2.08338189111215E-015,6.0,-48.4304693603894));
#716=SURFACE_STYLE_USAGE(.BOTH.,#1269);
#717=FACE_OUTER_BOUND('',#1270,.T.);
#718=CONICAL_SURFACE('',#1271,7.30375,0.216236195692918);
#719=CURVE_STYLE('',#1272,POSITIVE_LENGTH_MEASURE(1.0E-006),#1273);
#720=LINE('',#1274,#1275);
#721=POINT_STYLE(' ',#1276,POSITIVE_LENGTH_MEASURE(1.0E-006),#1277);
#722=CARTESIAN_POINT('',(-1.6044633029316,5.78149613072134,-49.2214964690554));
#723=SURFACE_STYLE_USAGE(.BOTH.,#1278);
#724=FACE_OUTER_BOUND('',#1279,.T.);
#725=CONICAL_SURFACE('',#1280,6.96875,1.23068704196778);
#726=CURVE_STYLE('',#1281,POSITIVE_LENGTH_MEASURE(1.0E-006),#1282);
#727=B_SPLINE_CURVE_WITH_KNOTS('',3,(#1283,#1284,#1285,#1286,#1287,#1288,#1289,#1290,#1291,#1292,#1293,#1294,#1295,#1296,#1297,#1298,#1299,#1300,#1301,#1302,#1303,#1304,#1305,#1306,#1307,#1308,#1309),.UNSPECIFIED.,.F.,.F.,(4,2,3,2,2,2,2,2,2,2,2,2,4),(-0.650983325762088,-0.325491662881044,0.0,0.325491662881044,0.650983325762087,0.977158577924335,1.30333383008658,1.62836215157752,1.95339047306846,2.27875720438135,2.60412393569424,2.92949066700713,3.25485739832002),.UNSPECIFIED.);
#728=POINT_STYLE(' ',#1310,POSITIVE_LENGTH_MEASURE(1.0E-006),#1311);
#729=CARTESIAN_POINT('',(-1.24208808469056,5.85980521774144,-46.7555466384365));
#730=CURVE_STYLE('',#1312,POSITIVE_LENGTH_MEASURE(1.0E-006),#1313);
#731=ELLIPSE('',#1314,18.2574874944849,5.99);
#732=POINT_STYLE(' ',#1315,POSITIVE_LENGTH_MEASURE(1.0E-006),#1316);
#733=CARTESIAN_POINT('',(0.0,5.350134305,-109.412357931831));
#734=CURVE_STYLE('',#1317,POSITIVE_LENGTH_MEASURE(1.0E-006),#1318);
#735=B_SPLINE_CURVE_WITH_KNOTS('',3,(#1319,#1320,#1321,#1322,#1323,#1324,#1325,#1326,#1327,#1328,#1329,#1330,#1331,#1332,#1333,#1334,#1335,#1336,#1337,#1338,#1339,#1340,#1341,#1342,#1343,#1344,#1345),.UNSPECIFIED.,.F.,.F.,(4,2,3,2,2,2,2,2,2,2,2,2,4),(-0.650983325762088,-0.325491662881044,0.0,0.325491662881044,0.650983325762087,0.977158577924335,1.30333383008658,1.62836215157752,1.95339047306846,2.27875720438135,2.60412393569424,2.92949066700713,3.25485739832002),.UNSPECIFIED.);
#736=POINT_STYLE(' ',#1346,POSITIVE_LENGTH_MEASURE(1.0E-006),#1347);
#737=CARTESIAN_POINT('',(0.0,6.0,-0.600000000000001));
#738=SURFACE_STYLE_USAGE(.BOTH.,#1348);
#739=FACE_OUTER_BOUND('',#1349,.T.);
#740=CONICAL_SURFACE('',#1350,6.96875,1.23068704196778);
#741=CURVE_STYLE('',#1351,POSITIVE_LENGTH_MEASURE(1.0E-006),#1352);
#742=B_SPLINE_CURVE_WITH_KNOTS('',3,(#1353,#1354,#1355,#1356,#1357,#1358,#1359,#1360,#1361,#1362),.UNSPECIFIED.,.F.,.F.,(4,2,2,2,4),(9.6477472606945,10.0184419028198,10.3891365449451,10.7602144985914,11.1312924522378),.UNSPECIFIED.);
#743=SURFACE_STYLE_USAGE(.BOTH.,#1363);
#744=FACE_OUTER_BOUND('',#1364,.T.);
#745=CYLINDRICAL_SURFACE('',#1365,1.95439742568757);
#746=POINT_STYLE(' ',#1366,POSITIVE_LENGTH_MEASURE(1.0E-006),#1367);
#747=CARTESIAN_POINT('',(0.348123752442997,5.98989230729443,-49.9747994788274));
#748=CURVE_STYLE('',#1368,POSITIVE_LENGTH_MEASURE(1.0E-006),#1369);
#749=LINE('',#1370,#1371);
#750=SURFACE_STYLE_USAGE(.BOTH.,#1372);
#751=FACE_OUTER_BOUND('',#1373,.T.);
#752=PLANE('',#1374);
#753=CURVE_STYLE('',#1375,POSITIVE_LENGTH_MEASURE(1.0E-006),#1376);
#754=CIRCLE('',#1377,6.0);
#755=POINT_STYLE(' ',#1378,POSITIVE_LENGTH_MEASURE(1.0E-006),#1379);
#756=CARTESIAN_POINT('',(1.6046520781759,5.78144373906776,-49.1231988403909));
#757=POINT_STYLE(' ',#1380,POSITIVE_LENGTH_MEASURE(1.0E-006),#1381);
#758=CARTESIAN_POINT('',(6.61287431064084E-016,-5.4,0.0));
#759=CURVE_STYLE('',#1382,POSITIVE_LENGTH_MEASURE(1.0E-006),#1383);
#760=LINE('',#1384,#1385);
#761=POINT_STYLE(' ',#1386,POSITIVE_LENGTH_MEASURE(1.0E-006),#1387);
#762=CARTESIAN_POINT('',(0.0,6.0,-89.3143965553373));
#763=CURVE_STYLE('',#1388,POSITIVE_LENGTH_MEASURE(1.0E-006),#1389);
#764=CIRCLE('',#1390,5.4);
#765=POINT_STYLE(' ',#1391,POSITIVE_LENGTH_MEASURE(1.0E-006),#1392);
#766=CARTESIAN_POINT('',(0.0,7.9375,-104.23));
#767=POINT_STYLE(' ',#1393,POSITIVE_LENGTH_MEASURE(1.0E-006),#1394);
#768=CARTESIAN_POINT('',(1.04827293811075,5.90771731273803,-49.6854822149837));
#769=CURVE_STYLE('',#1395,POSITIVE_LENGTH_MEASURE(1.0E-006),#1396);
#770=CIRCLE('',#1397,6.67);
#771=POINT_STYLE(' ',#1398,POSITIVE_LENGTH_MEASURE(1.0E-006),#1399);
#772=CARTESIAN_POINT('',(9.72031293346512E-016,-7.9375,-90.0));
#773=POINT_STYLE(' ',#1400,POSITIVE_LENGTH_MEASURE(1.0E-006),#1401);
#774=CARTESIAN_POINT('',(0.0,7.9375,-90.0));
#775=SURFACE_STYLE_USAGE(.BOTH.,#1402);
#776=FACE_OUTER_BOUND('',#1403,.T.);
#777=CYLINDRICAL_SURFACE('',#1404,6.0);
#778=CURVE_STYLE('',#1405,POSITIVE_LENGTH_MEASURE(1.0E-006),#1406);
#779=CIRCLE('',#1407,5.350134305);
#780=SURFACE_STYLE_USAGE(.BOTH.,#1408);
#781=FACE_OUTER_BOUND('',#1409,.T.);
#782=CYLINDRICAL_SURFACE('',#1410,0.862649508225488);
#783=CURVE_STYLE('',#1411,POSITIVE_LENGTH_MEASURE(1.0E-006),#1412);
#784=B_SPLINE_CURVE_WITH_KNOTS('',3,(#1413,#1414,#1415,#1416,#1417,#1418,#1419,#1420,#1421,#1422,#1423,#1424,#1425,#1426,#1427,#1428),.UNSPECIFIED.,.F.,.F.,(4,2,2,2,2,2,2,4),(7.05021077803304,7.42137279253829,7.792619300654,8.1638658087697,8.53511231688541,8.90635882500112,9.27705350054317,9.64774817608521),.UNSPECIFIED.);
#785=POINT_STYLE(' ',#1429,POSITIVE_LENGTH_MEASURE(1.0E-006),#1430);
#786=CARTESIAN_POINT('',(6.55180846370607E-016,-5.350134305,-90.0));
#787=POINT_STYLE(' ',#1431,POSITIVE_LENGTH_MEASURE(1.0E-006),#1432);
#788=CARTESIAN_POINT('',(1.04827293811075,5.90771731273803,-47.9588717915309));
#789=CURVE_STYLE('',#1433,POSITIVE_LENGTH_MEASURE(1.0E-006),#1434);
#790=LINE('',#1435,#1436);
#791=POINT_STYLE(' ',#1437,POSITIVE_LENGTH_MEASURE(1.0E-006),#1438);
#792=CARTESIAN_POINT('',(-1.24208808469056,5.87002701781429,-46.7555466384365));
#793=CURVE_STYLE('',#1439,POSITIVE_LENGTH_MEASURE(1.0E-006),#1440);
#794=CIRCLE('',#1441,6.0);
#795=CURVE_STYLE('',#1442,POSITIVE_LENGTH_MEASURE(1.0E-006),#1443);
#796=CIRCLE('',#1444,7.9375);
#797=CURVE_STYLE('',#1445,POSITIVE_LENGTH_MEASURE(1.0E-006),#1446);
#798=CIRCLE('',#1447,5.350134305);
#799=CURVE_STYLE('',#1448,POSITIVE_LENGTH_MEASURE(1.0E-006),#1449);
#800=LINE('',#1450,#1451);
#801=POINT_STYLE(' ',#1452,POSITIVE_LENGTH_MEASURE(1.0E-006),#1453);
#802=CARTESIAN_POINT('',(0.0,5.4,0.0));
#803=CURVE_STYLE('',#1454,POSITIVE_LENGTH_MEASURE(1.0E-006),#1455);
#804=LINE('',#1456,#1457);
#805=SURFACE_STYLE_USAGE(.BOTH.,#1458);
#806=FACE_OUTER_BOUND('',#1459,.T.);
#807=CYLINDRICAL_SURFACE('',#1460,0.862649508225488);
#808=POINT_STYLE(' ',#1461,POSITIVE_LENGTH_MEASURE(1.0E-006),#1462);
#809=CARTESIAN_POINT('',(-0.583654733259652,5.96149705630587,-47.1469404979607));
#810=CURVE_STYLE('',#1463,POSITIVE_LENGTH_MEASURE(1.0E-006),#1464);
#811=B_SPLINE_CURVE_WITH_KNOTS('',3,(#1465,#1466,#1467,#1468,#1469,#1470,#1471,#1472,#1473,#1474),.UNSPECIFIED.,.F.,.F.,(4,2,2,2,4),(9.64801978336956,10.0187233375198,10.3894268916699,10.7605156038208,11.1316043159717),.UNSPECIFIED.);
#812=CURVE_STYLE('',#1475,POSITIVE_LENGTH_MEASURE(1.0E-006),#1476);
#813=CIRCLE('',#1477,5.350134305);
#814=POINT_STYLE(' ',#1478,POSITIVE_LENGTH_MEASURE(1.0E-006),#1479);
#815=CARTESIAN_POINT('',(1.04827293811075,5.8975608387896,-47.9588717915309));
#816=CURVE_STYLE('',#1480,POSITIVE_LENGTH_MEASURE(1.0E-006),#1481);
#817=CIRCLE('',#1482,6.67);
#818=SURFACE_STYLE_USAGE(.BOTH.,#1483);
#819=FACE_OUTER_BOUND('',#1484,.T.);
#820=CYLINDRICAL_SURFACE('',#1485,5.350134305);
#821=CURVE_STYLE('',#1486,POSITIVE_LENGTH_MEASURE(1.0E-006),#1487);
#822=CIRCLE('',#1488,6.0);
#823=CURVE_STYLE('',#1489,POSITIVE_LENGTH_MEASURE(1.0E-006),#1490);
#824=CIRCLE('',#1491,6.0);
#825=SURFACE_STYLE_USAGE(.BOTH.,#1492);
#826=FACE_OUTER_BOUND('',#1493,.T.);
#827=CYLINDRICAL_SURFACE('',#1494,5.350134305);
#828=CURVE_STYLE('',#1495,POSITIVE_LENGTH_MEASURE(1.0E-006),#1496);
#829=LINE('',#1497,#1498);
#830=CURVE_STYLE('',#1499,POSITIVE_LENGTH_MEASURE(1.0E-006),#1500);
#831=LINE('',#1501,#1502);
#832=CURVE_STYLE('',#1503,POSITIVE_LENGTH_MEASURE(1.0E-006),#1504);
#833=LINE('',#1505,#1506);
#834=POINT_STYLE(' ',#1507,POSITIVE_LENGTH_MEASURE(1.0E-006),#1508);
#835=CARTESIAN_POINT('',(-1.6044633029316,5.77111752692196,-49.2214964690554));
#836=POINT_STYLE(' ',#1509,POSITIVE_LENGTH_MEASURE(1.0E-006),#1510);
#837=CARTESIAN_POINT('',(1.6046520781759,5.77106504104795,-49.1231988403909));
#838=CURVE_STYLE('',#1511,POSITIVE_LENGTH_MEASURE(1.0E-006),#1512);
#839=LINE('',#1513,#1514);
#840=CURVE_STYLE('',#1515,POSITIVE_LENGTH_MEASURE(1.0E-006),#1516);
#841=B_SPLINE_CURVE_WITH_KNOTS('',3,(#1517,#1518,#1519,#1520,#1521,#1522,#1523,#1524,#1525,#1526,#1527,#1528,#1529,#1530,#1531,#1532,#1533,#1534,#1535,#1536),.UNSPECIFIED.,.F.,.F.,(4,2,2,2,2,2,2,2,2,4),(1.61309634259138,1.88244920868824,2.15180207478511,2.41966044236894,2.68751880995278,3.22323554512045,3.76005387793305,4.02846304433935,4.29687221074565,4.56506347761047),.UNSPECIFIED.);
#842=SURFACE_STYLE_USAGE(.BOTH.,#1537);
#843=FACE_OUTER_BOUND('',#1538,.T.);
#844=CONICAL_SURFACE('',#1539,7.30375,0.216236195692918);
#845=SURFACE_STYLE_USAGE(.BOTH.,#1540);
#846=FACE_OUTER_BOUND('',#1541,.T.);
#847=PLANE('',#1542);
#848=SURFACE_STYLE_USAGE(.BOTH.,#1543);
#849=FACE_OUTER_BOUND('',#1544,.T.);
#850=CONICAL_SURFACE('',#1545,5.7,0.785398163397447);
#851=POINT_STYLE(' ',#1546,POSITIVE_LENGTH_MEASURE(1.0E-006),#1547);
#852=CARTESIAN_POINT('',(-2.80949837388538E-016,6.0,-50.012230432124));
#853=SURFACE_STYLE_USAGE(.BOTH.,#1548);
#854=FACE_OUTER_BOUND('',#1549,.T.);
#855=PLANE('',#1550);
#856=SURFACE_STYLE_USAGE(.BOTH.,#1551);
#857=FACE_OUTER_BOUND('',#1552,.T.);
#858=CYLINDRICAL_SURFACE('',#1553,1.95439732972601);
#859=CURVE_STYLE('',#1554,POSITIVE_LENGTH_MEASURE(1.0E-006),#1555);
#860=LINE('',#1556,#1557);
#861=POINT_STYLE(' ',#1558,POSITIVE_LENGTH_MEASURE(1.0E-006),#1559);
#862=CARTESIAN_POINT('',(0.0,7.9375,-90.0));
#863=SURFACE_STYLE_USAGE(.BOTH.,#1560);
#864=FACE_OUTER_BOUND('',#1561,.T.);
#865=CYLINDRICAL_SURFACE('',#1562,6.0);
#866=POINT_STYLE(' ',#1563,POSITIVE_LENGTH_MEASURE(1.0E-006),#1564);
#867=CARTESIAN_POINT('',(0.0,5.350134305,-90.0));
#868=CURVE_STYLE('',#1565,POSITIVE_LENGTH_MEASURE(1.0E-006),#1566);
#869=B_SPLINE_CURVE_WITH_KNOTS('',3,(#1567,#1568,#1569,#1570,#1571,#1572,#1573,#1574,#1575,#1576,#1577,#1578,#1579,#1580,#1581,#1582,#1583,#1584,#1585,#1586),.UNSPECIFIED.,.F.,.F.,(4,2,2,2,2,2,2,2,2,4),(4.02840239043581,4.29680806049396,4.56521373055212,4.83361940061028,5.37043074072659,5.90614431571486,6.17400110320899,6.44185789070312,6.71120407596239,6.98055026122165),.UNSPECIFIED.);
#870=CURVE_STYLE('',#1587,POSITIVE_LENGTH_MEASURE(1.0E-006),#1588);
#871=CIRCLE('',#1589,5.350134305);
#872=CURVE_STYLE('',#1590,POSITIVE_LENGTH_MEASURE(1.0E-006),#1591);
#873=ELLIPSE('',#1592,18.2879674402186,6.0);
#874=CURVE_STYLE('',#1593,POSITIVE_LENGTH_MEASURE(1.0E-006),#1594);
#875=LINE('',#1595,#1596);
#876=CURVE_STYLE('',#1597,POSITIVE_LENGTH_MEASURE(1.0E-006),#1598);
#877=LINE('',#1599,#1600);
#878=CURVE_STYLE('',#1601,POSITIVE_LENGTH_MEASURE(1.0E-006),#1602);
#879=CIRCLE('',#1603,5.350134305);
#880=CURVE_STYLE('',#1604,POSITIVE_LENGTH_MEASURE(1.0E-006),#1605);
#881=B_SPLINE_CURVE_WITH_KNOTS('',3,(#1606,#1607,#1608,#1609,#1610,#1611,#1612,#1613,#1614,#1615,#1616,#1617,#1618,#1619,#1620,#1621,#1622,#1623,#1624,#1625,#1626,#1627,#1628,#1629,#1630,#1631,#1632),.UNSPECIFIED.,.F.,.F.,(4,2,2,2,2,2,2,2,2,2,3,2,4),(-3.25487556649061,-2.92950742816628,-2.60413928984195,-2.27877115151762,-1.95340301319329,-1.62837442549398,-1.30334583779466,-0.977166448220765,-0.650987058646868,-0.325493529323434,0.0,0.325730047294843,0.651460094589686),.UNSPECIFIED.);
#882=CURVE_STYLE('',#1633,POSITIVE_LENGTH_MEASURE(1.0E-006),#1634);
#883=CIRCLE('',#1635,5.350134305);
#884=CURVE_STYLE('',#1636,POSITIVE_LENGTH_MEASURE(1.0E-006),#1637);
#885=CIRCLE('',#1638,5.350134305);
#886=CURVE_STYLE('',#1639,POSITIVE_LENGTH_MEASURE(1.0E-006),#1640);
#887=CIRCLE('',#1641,5.350134305);
#888=POINT_STYLE(' ',#1642,POSITIVE_LENGTH_MEASURE(1.0E-006),#1643);
#889=CARTESIAN_POINT('',(7.34763812293426E-016,-6.0,-89.3143965553373));
#890=CURVE_STYLE('',#1644,POSITIVE_LENGTH_MEASURE(1.0E-006),#1645);
#891=LINE('',#1646,#1647);
#892=CURVE_STYLE('',#1648,POSITIVE_LENGTH_MEASURE(1.0E-006),#1649);
#893=ELLIPSE('',#1650,6.67842130793673,5.99);
#894=SURFACE_STYLE_USAGE(.BOTH.,#1651);
#895=FACE_OUTER_BOUND('',#1652,.T.);
#896=CYLINDRICAL_SURFACE('',#1653,6.0);
#897=POINT_STYLE(' ',#1654,POSITIVE_LENGTH_MEASURE(1.0E-006),#1655);
#898=CARTESIAN_POINT('',(6.55180846370607E-016,-5.350134305,-90.0));
#899=SURFACE_STYLE_USAGE(.BOTH.,#1656);
#900=FACE_BOUND('',#1657,.T.);
#901=FACE_OUTER_BOUND('',#1658,.T.);
#902=PLANE('',#1659);
#903=SURFACE_STYLE_USAGE(.BOTH.,#1660);
#904=FACE_OUTER_BOUND('',#1661,.T.);
#905=CONICAL_SURFACE('',#1662,6.0100671525,1.15191730631626);
#906=CURVE_STYLE('',#1663,POSITIVE_LENGTH_MEASURE(1.0E-006),#1664);
#907=CIRCLE('',#1665,5.4);
#908=POINT_STYLE(' ',#1666,POSITIVE_LENGTH_MEASURE(1.0E-006),#1667);
#909=CARTESIAN_POINT('',(-9.35041817975851E-014,6.0,-48.1750961862258));
#910=CURVE_STYLE('',#1668,POSITIVE_LENGTH_MEASURE(1.0E-006),#1669);
#911=LINE('',#1670,#1671);
#912=CURVE_STYLE('',#1672,POSITIVE_LENGTH_MEASURE(1.0E-006),#1673);
#913=CIRCLE('',#1674,6.67);
#914=CURVE_STYLE('',#1675,POSITIVE_LENGTH_MEASURE(1.0E-006),#1676);
#915=LINE('',#1677,#1678);
#916=SURFACE_STYLE_USAGE(.BOTH.,#1679);
#917=FACE_OUTER_BOUND('',#1680,.T.);
#918=FACE_BOUND('',#1681,.T.);
#919=PLANE('',#1682);
#920=CURVE_STYLE('',#1683,POSITIVE_LENGTH_MEASURE(1.0E-006),#1684);
#921=ELLIPSE('',#1685,6.68957059225716,6.0);
#922=CURVE_STYLE('',#1686,POSITIVE_LENGTH_MEASURE(1.0E-006),#1687);
#923=CIRCLE('',#1688,7.9375);
#924=POINT_STYLE(' ',#1689,POSITIVE_LENGTH_MEASURE(1.0E-006),#1690);
#925=CARTESIAN_POINT('',(6.55180846370607E-016,-5.350134305,-109.412357931831));
#926=CURVE_STYLE('',#1691,POSITIVE_LENGTH_MEASURE(1.0E-006),#1692);
#927=CIRCLE('',#1693,5.99);
#928=PRODUCT_CONTEXT('',#182,'mechanical');
#929=PRODUCT_DEFINITION_FORMATION_WITH_SPECIFIED_SOURCE(' ','NONE',#536,.NOT_KNOWN.);
#930=CARTESIAN_POINT('',(0.0,0.0,0.0));
#931=DIRECTION('',(0.0,0.0,1.0));
#932=DIRECTION('',(1.0,0.0,0.0));
#933=PRODUCT_CONTEXT('',#187,'mechanical');
#934=PRODUCT_DEFINITION_FORMATION_WITH_SPECIFIED_SOURCE(' ','NONE',#539,.NOT_KNOWN.);
#935=CARTESIAN_POINT('',(0.0,0.0,0.0));
#936=DIRECTION('',(0.0,0.0,1.0));
#937=DIRECTION('',(1.0,0.0,0.0));
#938= (NAMED_UNIT(#547)LENGTH_UNIT()SI_UNIT(.MILLI.,.METRE.));
#939=SURFACE_SIDE_STYLE('',(#1695));
#940=EDGE_LOOP('',(#1696,#1697,#1698,#1699));
#941=AXIS2_PLACEMENT_3D('',#1700,#1701,#1702);
#942=DRAUGHTING_PRE_DEFINED_CURVE_FONT('continuous');
#943=COLOUR_RGB('',0.800000011920929,0.800000011920929,0.800000011920929);
#944=CARTESIAN_POINT('',(-6.55180846370607E-016,5.350134305,-99.7061789659157));
#945=VECTOR('',#1703,1.0);
#946=PRE_DEFINED_MARKER('');
#947=COLOUR_RGB('',0.200000002980232,0.600000023841858,1.0);
#948=PRE_DEFINED_MARKER('');
#949=COLOUR_RGB('',0.800000011920929,0.800000011920929,0.800000011920929);
#950=DRAUGHTING_PRE_DEFINED_CURVE_FONT('continuous');
#951=COLOUR_RGB('',0.498039215803146,0.498039215803146,0.498039215803146);
#952=CARTESIAN_POINT('',(-8.53397552819969E-016,6.96875,-89.6571982776687));
#953=VECTOR('',#1704,1.0);
#954=PRE_DEFINED_MARKER('');
#955=COLOUR_RGB('',0.800000011920929,0.800000011920929,0.800000011920929);
#956=PRE_DEFINED_MARKER('');
#957=COLOUR_RGB('',0.200000002980232,0.600000023841858,1.0);
#958=PRE_DEFINED_MARKER('');
#959=COLOUR_RGB('',0.498039215803146,0.498039215803146,0.498039215803146);
#960=DRAUGHTING_PRE_DEFINED_CURVE_FONT('continuous');
#961=COLOUR_RGB('',0.200000002980232,0.600000023841858,1.0);
#962=CARTESIAN_POINT('',(-0.674800788273616,0.0,-46.7555466384365));
#963=VECTOR('',#1705,3.6);
#964=DRAUGHTING_PRE_DEFINED_CURVE_FONT('continuous');
#965=COLOUR_RGB('',0.200000002980232,0.600000023841858,1.0);
#966=CARTESIAN_POINT('',(0.687752442996742,0.0,-48.0913959609121));
#967=VECTOR('',#1706,3.6);
#968=PRE_DEFINED_MARKER('');
#969=COLOUR_RGB('',0.800000011920929,0.800000011920929,0.800000011920929);
#970=DRAUGHTING_PRE_DEFINED_CURVE_FONT('continuous');
#971=COLOUR_RGB('',0.200000002980232,0.600000023841858,1.0);
#972=CARTESIAN_POINT('',(1.6046520781759,0.0,-49.1231988403909));
#973=VECTOR('',#1707,3.6);
#974=SURFACE_SIDE_STYLE('',(#1708));
#975=EDGE_LOOP('',(#1709,#1710,#1711,#1712));
#976=AXIS2_PLACEMENT_3D('',#1713,#1714,#1715);
#977=DRAUGHTING_PRE_DEFINED_CURVE_FONT('continuous');
#978=COLOUR_RGB('',0.498039215803146,0.498039215803146,0.498039215803146);
#979=AXIS2_PLACEMENT_3D('',#1716,#1717,#1718);
#980=DRAUGHTING_PRE_DEFINED_CURVE_FONT('continuous');
#981=COLOUR_RGB('',0.200000002980232,0.600000023841858,1.0);
#982=CARTESIAN_POINT('',(0.716091800941181,5.94704233486065,-49.8628397876699));
#983=CARTESIAN_POINT('',(0.595847596454093,5.96152110999816,-49.9128191983831));
#984=CARTESIAN_POINT('',(0.470216518650295,5.97286124004292,-49.9507581499804));
#985=CARTESIAN_POINT('',(0.217059951338318,5.98740844980103,-50.0006186023673));
#986=CARTESIAN_POINT('',(0.0895312604890651,5.99060540922314,-50.0125268002104));
#987=CARTESIAN_POINT('',(-0.157785050822717,5.98920015907292,-50.0125268002104));
#988=CARTESIAN_POINT('',(-0.285451976672621,5.98454171880408,-50.0005836409887));
#989=CARTESIAN_POINT('',(-0.538798346135432,5.96706952844417,-49.95062847275));
#990=CARTESIAN_POINT('',(-0.664481232720762,5.95426582534059,-49.9126304122101));
#991=CARTESIAN_POINT('',(-0.90501592497718,5.92247946417278,-49.812560491544));
#992=CARTESIAN_POINT('',(-1.02007515190786,5.90349480497023,-49.7504096087509));
#993=CARTESIAN_POINT('',(-1.23258772413268,5.86280920125487,-49.6071803003022));
#994=CARTESIAN_POINT('',(-1.33004074501825,5.84114425801492,-49.5260911692837));
#995=CARTESIAN_POINT('',(-1.50246726404926,5.79918642366991,-49.3535993768894));
#996=CARTESIAN_POINT('',(-1.58348793565524,5.77738761306712,-49.2561549923311));
#997=CARTESIAN_POINT('',(-1.65503243880475,5.75681922822873,-49.1499330723312));
#998=DRAUGHTING_PRE_DEFINED_CURVE_FONT('continuous');
#999=COLOUR_RGB('',0.498039215803146,0.498039215803146,0.498039215803146);
#1000=CARTESIAN_POINT('',(1.77053561351404,5.73281812386181,-47.3076654013773));
#1001=CARTESIAN_POINT('',(1.72052517100076,5.74826344320693,-47.1874096473773));
#1002=CARTESIAN_POINT('',(1.65839450878638,5.76673592696772,-47.0723386356951));
#1003=CARTESIAN_POINT('',(1.51514875886918,5.80601755387331,-46.8597424317386));
#1004=CARTESIAN_POINT('',(1.43402150988673,5.82678582011051,-46.7622178829142));
#1005=CARTESIAN_POINT('',(1.26143056019417,5.86656862360124,-46.5896896709837));
#1006=CARTESIAN_POINT('',(1.16394693985965,5.88700978959831,-46.5086360304638));
#1007=CARTESIAN_POINT('',(0.951395595326615,5.92507410609223,-46.3654931905186));
#1008=CARTESIAN_POINT('',(0.836328476504569,5.94266122020422,-46.3033935118982));
#1009=CARTESIAN_POINT('',(0.71608383096311,5.95711540487787,-46.2534145131449));
#1010=DRAUGHTING_PRE_DEFINED_CURVE_FONT('continuous');
#1011=COLOUR_RGB('',0.498039215803146,0.498039215803146,0.498039215803146);
#1012=CARTESIAN_POINT('',(-1.6550355111977,5.76722268138439,-49.1499285107443));
#1013=CARTESIAN_POINT('',(-1.58349025649385,5.7877542168453,-49.2561521917117));
#1014=CARTESIAN_POINT('',(-1.50246821010246,5.80951453362685,-49.3535985416379));
#1015=CARTESIAN_POINT('',(-1.33003794248781,5.85139919111814,-49.5260938616887));
#1016=CARTESIAN_POINT('',(-1.23258291619752,5.87302669055419,-49.6071841544536));
#1017=CARTESIAN_POINT('',(-1.02006708647667,5.91364238791967,-49.750414430959));
#1018=CARTESIAN_POINT('',(-0.905006625653233,5.93259463161679,-49.8125651160949));
#1019=CARTESIAN_POINT('',(-0.664471199737022,5.96432679182753,-49.9126338304394));
#1020=CARTESIAN_POINT('',(-0.538788864715807,5.97710869125716,-49.9506308827471));
#1021=CARTESIAN_POINT('',(-0.285445708273924,5.99455106705073,-50.0005843365277));
#1022=CARTESIAN_POINT('',(-0.157781448335137,5.99920151261667,-50.0125268002104));
#1023=CARTESIAN_POINT('',(0.0895283006729495,6.00060438338305,-50.0125268002104));
#1024=CARTESIAN_POINT('',(0.217054807719715,5.99741291517916,-50.0006191753156));
#1025=CARTESIAN_POINT('',(0.470208825690187,5.98289044901793,-49.9507601052382));
#1026=CARTESIAN_POINT('',(0.595839534276319,5.97156955488298,-49.9128219543455));
#1027=CARTESIAN_POINT('',(0.716084185808335,5.95711536222316,-49.8628429528748));
#1028=PRE_DEFINED_MARKER('');
#1029=COLOUR_RGB('',0.200000002980232,0.600000023841858,1.0);
#1030=SURFACE_SIDE_STYLE('',(#1719));
#1031=EDGE_LOOP('',(#1720,#1721,#1722,#1723));
#1032=AXIS2_PLACEMENT_3D('',#1724,#1725,#1726);
#1033=DRAUGHTING_PRE_DEFINED_CURVE_FONT('continuous');
#1034=COLOUR_RGB('',0.498039215803146,0.498039215803146,0.498039215803146);
#1035=AXIS2_PLACEMENT_3D('',#1727,#1728,#1729);
#1036=SURFACE_SIDE_STYLE('',(#1730));
#1037=EDGE_LOOP('',(#1731,#1732,#1733,#1734));
#1038=AXIS2_PLACEMENT_3D('',#1735,#1736,#1737);
#1039=PRE_DEFINED_MARKER('');
#1040=COLOUR_RGB('',0.200000002980232,0.600000023841858,1.0);
#1041=SURFACE_SIDE_STYLE('',(#1738));
#1042=EDGE_LOOP('',(#1739,#1740,#1741,#1742));
#1043=AXIS2_PLACEMENT_3D('',#1743,#1744,#1745);
#1044=PRE_DEFINED_MARKER('');
#1045=COLOUR_RGB('',0.498039215803146,0.498039215803146,0.498039215803146);
#1046=PRE_DEFINED_MARKER('');
#1047=COLOUR_RGB('',0.800000011920929,0.800000011920929,0.800000011920929);
#1048=DRAUGHTING_PRE_DEFINED_CURVE_FONT('continuous');
#1049=COLOUR_RGB('',0.498039215803146,0.498039215803146,0.498039215803146);
#1050=CARTESIAN_POINT('',(0.798147324109408,5.94667645403859,-46.1513156148974));
#1051=CARTESIAN_POINT('',(0.874482236345515,5.93643098223459,-46.2277332727883));
#1052=CARTESIAN_POINT('',(0.940756999324158,5.92595697693717,-46.3245323243175));
#1053=CARTESIAN_POINT('',(1.02876232015548,5.91131439995525,-46.5368937007967));
#1054=CARTESIAN_POINT('',(1.05048117742628,5.90732505419103,-46.6524731941438));
#1055=CARTESIAN_POINT('',(1.05048117742628,5.90732505419103,-46.7609704151041));
#1056=CARTESIAN_POINT('',(1.05048117742628,5.90732505419103,-46.8694676360645));
#1057=CARTESIAN_POINT('',(1.02876232015548,5.91131439995525,-46.9850471294115));
#1058=CARTESIAN_POINT('',(0.940756999324158,5.92595697693717,-47.1974085058908));
#1059=CARTESIAN_POINT('',(0.874482236345516,5.93643098223459,-47.29420755742));
#1060=CARTESIAN_POINT('',(0.721652095239303,5.95694344312093,-47.4472033636162));
#1061=CARTESIAN_POINT('',(0.624769436538667,5.96833679445731,-47.5136263413674));
#1062=CARTESIAN_POINT('',(0.412204586977031,5.9867744503013,-47.6018404139267));
#1063=CARTESIAN_POINT('',(0.296503463792954,5.99365554898355,-47.6236199233296));
#1064=CARTESIAN_POINT('',(0.0795419974505622,6.00045091866293,-47.6236199233296));
#1065=CARTESIAN_POINT('',(-0.0359824024888448,6.00083305389387,-47.6019772427811));
#1066=CARTESIAN_POINT('',(-0.248451035077008,5.9957955399901,-47.5139927410263));
#1067=CARTESIAN_POINT('',(-0.345400979944834,5.99054136584803,-47.4476553176773));
#1068=CARTESIAN_POINT('',(-0.498563339545003,5.9797436864726,-47.2945990316588));
#1069=CARTESIAN_POINT('',(-0.564987473355026,5.97350408725106,-47.1976247356796));
#1070=CARTESIAN_POINT('',(-0.653117295316087,5.96451169312637,-46.9850429042198));
#1071=CARTESIAN_POINT('',(-0.674817839024696,5.9619309694204,-46.8694259922084));
#1072=CARTESIAN_POINT('',(-0.674817839024696,5.9619309694204,-46.6525148379998));
#1073=CARTESIAN_POINT('',(-0.65311729531609,5.96451169312637,-46.5368979259884));
#1074=CARTESIAN_POINT('',(-0.564987473355026,5.97350408725106,-46.3243160945287));
#1075=CARTESIAN_POINT('',(-0.498563339545003,5.9797436864726,-46.2273417985495));
#1076=CARTESIAN_POINT('',(-0.421942313464863,5.9851453352536,-46.150773836856));
#1077=DRAUGHTING_PRE_DEFINED_CURVE_FONT('continuous');
#1078=COLOUR_RGB('',0.800000011920929,0.800000011920929,0.800000011920929);
#1079=AXIS2_PLACEMENT_3D('',#1746,#1747,#1748);
#1080=DRAUGHTING_PRE_DEFINED_CURVE_FONT('continuous');
#1081=COLOUR_RGB('',0.200000002980232,0.600000023841858,1.0);
#1082=CARTESIAN_POINT('',(1.04827293811075,5.8975608387896,-48.8221770032573));
#1083=VECTOR('',#1749,1.0);
#1084=DRAUGHTING_PRE_DEFINED_CURVE_FONT('continuous');
#1085=COLOUR_RGB('',0.800000011920929,0.800000011920929,0.800000011920929);
#1086=CARTESIAN_POINT('',(-9.72031293346512E-016,7.9375,-97.115));
#1087=VECTOR('',#1750,1.0);
#1088=DRAUGHTING_PRE_DEFINED_CURVE_FONT('continuous');
#1089=COLOUR_RGB('',0.800000011920929,0.800000011920929,0.800000011920929);
#1090=AXIS2_PLACEMENT_3D('',#1751,#1752,#1753);
#1091=SURFACE_SIDE_STYLE('',(#1754));
#1092=EDGE_LOOP('',(#1755,#1756,#1757,#1758,#1759));
#1093=AXIS2_PLACEMENT_3D('',#1760,#1761,#1762);
#1094=DRAUGHTING_PRE_DEFINED_CURVE_FONT('continuous');
#1095=COLOUR_RGB('',0.800000011920929,0.800000011920929,0.800000011920929);
#1096=CARTESIAN_POINT('',(9.72031293346512E-016,-7.9375,-97.115));
#1097=VECTOR('',#1763,1.0);
#1098=DRAUGHTING_PRE_DEFINED_CURVE_FONT('continuous');
#1099=COLOUR_RGB('',0.800000011920929,0.800000011920929,0.800000011920929);
#1100=AXIS2_PLACEMENT_3D('',#1764,#1765,#1766);
#1101=PRE_DEFINED_MARKER('');
#1102=COLOUR_RGB('',0.498039215803146,0.498039215803146,0.498039215803146);
#1103=SURFACE_SIDE_STYLE('',(#1767));
#1104=EDGE_LOOP('',(#1768,#1769,#1770,#1771));
#1105=AXIS2_PLACEMENT_3D('',#1772,#1773,#1774);
#1106=SURFACE_SIDE_STYLE('',(#1775));
#1107=EDGE_LOOP('',(#1776,#1777,#1778,#1779));
#1108=AXIS2_PLACEMENT_3D('',#1780,#1781,#1782);
#1109=PRE_DEFINED_MARKER('');
#1110=COLOUR_RGB('',0.800000011920929,0.800000011920929,0.800000011920929);
#1111=DRAUGHTING_PRE_DEFINED_CURVE_FONT('continuous');
#1112=COLOUR_RGB('',0.498039215803146,0.498039215803146,0.498039215803146);
#1113=CARTESIAN_POINT('',(-7.34763812293426E-016,6.0,-71.1571982776687));
#1114=VECTOR('',#1783,1.0);
#1115=DRAUGHTING_PRE_DEFINED_CURVE_FONT('continuous');
#1116=COLOUR_RGB('',0.498039215803146,0.498039215803146,0.498039215803146);
#1117=CARTESIAN_POINT('',(6.55180846370607E-016,-5.350134305,-99.7061789659157));
#1118=VECTOR('',#1784,1.0);
#1119=PRE_DEFINED_MARKER('');
#1120=COLOUR_RGB('',0.498039215803146,0.498039215803146,0.498039215803146);
#1121=SURFACE_SIDE_STYLE('',(#1785));
#1122=EDGE_LOOP('',(#1786,#1787,#1788,#1789,#1790,#1791,#1792,#1793,#1794,#1795,#1796));
#1123=AXIS2_PLACEMENT_3D('',#1797,#1798,#1799);
#1124=DRAUGHTING_PRE_DEFINED_CURVE_FONT('continuous');
#1125=COLOUR_RGB('',0.498039215803146,0.498039215803146,0.498039215803146);
#1126=AXIS2_PLACEMENT_3D('',#1800,#1801,#1802);
#1127=SURFACE_SIDE_STYLE('',(#1803));
#1128=EDGE_LOOP('',(#1804,#1805,#1806,#1807));
#1129=AXIS2_PLACEMENT_3D('',#1808,#1809,#1810);
#1130=SURFACE_SIDE_STYLE('',(#1811));
#1131=EDGE_LOOP('',(#1812,#1813,#1814,#1815));
#1132=AXIS2_PLACEMENT_3D('',#1816,#1817,#1818);
#1133=DRAUGHTING_PRE_DEFINED_CURVE_FONT('continuous');
#1134=COLOUR_RGB('',0.800000011920929,0.800000011920929,0.800000011920929);
#1135=CARTESIAN_POINT('',(-8.94421865673019E-016,7.30375,-107.115));
#1136=VECTOR('',#1819,1.0);
#1137=DRAUGHTING_PRE_DEFINED_CURVE_FONT('continuous');
#1138=COLOUR_RGB('',0.800000011920929,0.800000011920929,0.800000011920929);
#1139=CARTESIAN_POINT('',(7.35996642185066E-016,-6.0100671525,-109.706178965916));
#1140=VECTOR('',#1820,1.0);
#1141=PRE_DEFINED_MARKER('');
#1142=COLOUR_RGB('',0.498039215803146,0.498039215803146,0.498039215803146);
#1143=DRAUGHTING_PRE_DEFINED_CURVE_FONT('continuous');
#1144=COLOUR_RGB('',0.498039215803146,0.498039215803146,0.498039215803146);
#1145=CARTESIAN_POINT('',(7.34763812293426E-016,-6.0,-71.1571982776687));
#1146=VECTOR('',#1821,1.0);
#1147=SURFACE_SIDE_STYLE('',(#1822));
#1148=DRAUGHTING_PRE_DEFINED_CURVE_FONT('continuous');
#1149=COLOUR_RGB('',0.800000011920929,0.800000011920929,0.800000011920929);
#1150=AXIS2_PLACEMENT_3D('',#1823,#1824,#1825);
#1151=PRE_DEFINED_MARKER('');
#1152=COLOUR_RGB('',0.800000011920929,0.800000011920929,0.800000011920929);
#1153=DRAUGHTING_PRE_DEFINED_CURVE_FONT('continuous');
#1154=COLOUR_RGB('',0.498039215803146,0.498039215803146,0.498039215803146);
#1155=CARTESIAN_POINT('',(-7.34763812293426E-016,6.0,-71.1571982776687));
#1156=VECTOR('',#1826,1.0);
#1157=PRE_DEFINED_MARKER('');
#1158=COLOUR_RGB('',0.800000011920929,0.800000011920929,0.800000011920929);
#1159=PRE_DEFINED_MARKER('');
#1160=COLOUR_RGB('',0.498039215803146,0.498039215803146,0.498039215803146);
#1161=DRAUGHTING_PRE_DEFINED_CURVE_FONT('continuous');
#1162=COLOUR_RGB('',0.498039215803146,0.498039215803146,0.498039215803146);
#1163=CARTESIAN_POINT('',(-1.21548675278351,5.87559290232125,-46.4928064967385));
#1164=CARTESIAN_POINT('',(-1.23353718120567,5.87185880144904,-46.584658079453));
#1165=CARTESIAN_POINT('',(-1.24213082148224,5.87001797461676,-46.6770936761933));
#1166=CARTESIAN_POINT('',(-1.24213082148224,5.87001797461676,-46.8560307895654));
#1167=CARTESIAN_POINT('',(-1.23353718120567,5.87185880144904,-46.9484663863057));
#1168=CARTESIAN_POINT('',(-1.19743632436134,5.87932700319345,-47.1321695517347));
#1169=CARTESIAN_POINT('',(-1.16993788657455,5.8849479474844,-47.2234391068678));
#1170=CARTESIAN_POINT('',(-1.06101779568533,5.90590459421591,-47.4858046093159));
#1171=CARTESIAN_POINT('',(-0.951704581262653,5.92540632213463,-47.6451914779948));
#1172=CARTESIAN_POINT('',(-0.699968335277633,5.96038253029069,-47.8966228115419));
#1173=CARTESIAN_POINT('',(-0.540672629038556,5.97815385671547,-48.0056864297507));
#1174=CARTESIAN_POINT('',(-0.278552526266266,5.99416975869595,-48.114303954169));
#1175=CARTESIAN_POINT('',(-0.187383281454797,5.99777467036961,-48.1417170354656));
#1176=CARTESIAN_POINT('',(-0.00395643902436477,6.00069977896631,-48.1776902169497));
#1177=CARTESIAN_POINT('',(0.0883028063781633,6.00001454431643,-48.1862423561039));
#1178=CARTESIAN_POINT('',(0.267292045612955,5.99471565472164,-48.1862423561039));
#1179=CARTESIAN_POINT('',(0.359922648777804,5.98990501255664,-48.1775965464116));
#1180=CARTESIAN_POINT('',(0.543858738649492,5.97601238661255,-48.1413695896005));
#1181=CARTESIAN_POINT('',(0.635166547151128,5.96693564402567,-48.1137982219413));
#1182=CARTESIAN_POINT('',(0.722602270894562,5.95632822786807,-48.0774432011969));
#1183=PRE_DEFINED_MARKER('');
#1184=COLOUR_RGB('',0.498039215803146,0.498039215803146,0.498039215803146);
#1185=DRAUGHTING_PRE_DEFINED_CURVE_FONT('continuous');
#1186=COLOUR_RGB('',0.498039215803146,0.498039215803146,0.498039215803146);
#1187=CARTESIAN_POINT('',(-7.35996642185066E-016,6.0100671525,-109.706178965916));
#1188=VECTOR('',#1827,1.0);
#1189=PRE_DEFINED_MARKER('');
#1190=COLOUR_RGB('',0.200000002980232,0.600000023841858,1.0);
#1191=DRAUGHTING_PRE_DEFINED_CURVE_FONT('continuous');
#1192=COLOUR_RGB('',0.200000002980232,0.600000023841858,1.0);
#1193=CARTESIAN_POINT('',(-0.421941605616524,5.97512052442875,-46.1507731294987));
#1194=CARTESIAN_POINT('',(-0.498562732809498,5.96970981492093,-46.2273410145923));
#1195=CARTESIAN_POINT('',(-0.564986981649634,5.96345971044654,-46.324315213815));
#1196=CARTESIAN_POINT('',(-0.653117115439742,5.9544521204345,-46.5368971867527));
#1197=CARTESIAN_POINT('',(-0.674817839024696,5.9518670082701,-46.652514368996));
#1198=CARTESIAN_POINT('',(-0.674817839024696,5.9518670082701,-46.8694264612123));
#1199=CARTESIAN_POINT('',(-0.653117115439742,5.9544521204345,-46.9850436434556));
#1200=CARTESIAN_POINT('',(-0.564986981649634,5.96345971044654,-47.1976256163933));
#1201=CARTESIAN_POINT('',(-0.498562732809498,5.96970981492093,-47.294599815616));
#1202=CARTESIAN_POINT('',(-0.345400439392566,5.98052558737941,-47.447655680397));
#1203=CARTESIAN_POINT('',(-0.248450672188651,5.98578853066676,-47.5139929295902));
#1204=CARTESIAN_POINT('',(-0.0359822749258413,5.9908344448884,-47.6019772573159));
#1205=CARTESIAN_POINT('',(0.0795420862521646,5.99045167181772,-47.6236199233296));
#1206=CARTESIAN_POINT('',(0.296504664131539,5.98364491158577,-47.6236199233296));
#1207=CARTESIAN_POINT('',(0.412206346065808,5.97675222548332,-47.6018399659175));
#1208=CARTESIAN_POINT('',(0.624771284448693,5.9582834843004,-47.5136252924732));
#1209=CARTESIAN_POINT('',(0.72165353557021,5.94687089260691,-47.4472022008397));
#1210=CARTESIAN_POINT('',(0.874482488273231,5.92632369940279,-47.2942070266862));
#1211=CARTESIAN_POINT('',(0.940756860645519,5.91583185466272,-47.1974086660096));
#1212=CARTESIAN_POINT('',(1.02876207472208,5.90116417492232,-46.985047896174));
#1213=CARTESIAN_POINT('',(1.05048117742628,5.89716790467027,-46.869468258212));
#1214=CARTESIAN_POINT('',(1.05048117742628,5.89716790467027,-46.7609704151041));
#1215=CARTESIAN_POINT('',(1.05048117742628,5.89716790467027,-46.6523937326725));
#1216=CARTESIAN_POINT('',(1.0287307848194,5.90117007843744,-46.5367357436473));
#1217=CARTESIAN_POINT('',(0.940608310994953,5.91585592329824,-46.3242555601964));
#1218=CARTESIAN_POINT('',(0.874247977411279,5.92635956330283,-46.2274160892077));
#1219=CARTESIAN_POINT('',(0.797816986254275,5.93663103590278,-46.1509850980507));
#1220=DRAUGHTING_PRE_DEFINED_CURVE_FONT('continuous');
#1221=COLOUR_RGB('',0.200000002980232,0.600000023841858,1.0);
#1222=CARTESIAN_POINT('',(-0.583654733259655,5.9490003054544,-47.1469404979607));
#1223=VECTOR('',#1828,1.0);
#1224=DRAUGHTING_PRE_DEFINED_CURVE_FONT('continuous');
#1225=COLOUR_RGB('',0.200000002980232,0.600000023841858,1.0);
#1226=CARTESIAN_POINT('',(-1.6044633029316,0.0,-49.2214964690554));
#1227=VECTOR('',#1829,3.6);
#1228=DRAUGHTING_PRE_DEFINED_CURVE_FONT('continuous');
#1229=COLOUR_RGB('',0.800000011920929,0.800000011920929,0.800000011920929);
#1230=CARTESIAN_POINT('',(-7.35996642185066E-016,6.0100671525,-109.706178965916));
#1231=VECTOR('',#1830,1.0);
#1232=PRE_DEFINED_MARKER('');
#1233=COLOUR_RGB('',0.498039215803146,0.498039215803146,0.498039215803146);
#1234=SURFACE_SIDE_STYLE('',(#1831));
#1235=DRAUGHTING_PRE_DEFINED_CURVE_FONT('continuous');
#1236=COLOUR_RGB('',0.498039215803146,0.498039215803146,0.498039215803146);
#1237=CARTESIAN_POINT('',(7.35996642185066E-016,-6.0100671525,-109.706178965916));
#1238=VECTOR('',#1832,1.0);
#1239=SURFACE_SIDE_STYLE('',(#1833));
#1240=EDGE_LOOP('',(#1834,#1835,#1836,#1837,#1838));
#1241=AXIS2_PLACEMENT_3D('',#1839,#1840,#1841);
#1242=DRAUGHTING_PRE_DEFINED_CURVE_FONT('continuous');
#1243=COLOUR_RGB('',0.200000002980232,0.600000023841858,1.0);
#1244=CARTESIAN_POINT('',(1.77053193740755,5.72235237106383,-48.8086003959745));
#1245=CARTESIAN_POINT('',(1.72052101556835,5.73782605487704,-48.9288556458886));
#1246=CARTESIAN_POINT('',(1.65839029227267,5.75633203928854,-49.043925369836));
#1247=CARTESIAN_POINT('',(1.51514550996094,5.79568382427145,-49.2565185711345));
#1248=CARTESIAN_POINT('',(1.43401927547466,5.81648867822624,-49.3540414219066));
#1249=CARTESIAN_POINT('',(1.26143151665344,5.856340671836,-49.5265662303133));
#1250=CARTESIAN_POINT('',(1.16394979266267,5.87681704083347,-49.6076185901276));
#1251=CARTESIAN_POINT('',(0.951401573947073,5.91494655057991,-49.7507601637349));
#1252=CARTESIAN_POINT('',(0.836335667250153,5.93256360717342,-49.8128598601734));
#1253=CARTESIAN_POINT('',(0.71609147285589,5.94704237436586,-49.862839266485));
#1254=SURFACE_SIDE_STYLE('',(#1842));
#1255=EDGE_LOOP('',(#1843,#1844,#1845,#1846));
#1256=AXIS2_PLACEMENT_3D('',#1847,#1848,#1849);
#1257=SURFACE_SIDE_STYLE('',(#1850));
#1258=EDGE_LOOP('',(#1851,#1852,#1853,#1854));
#1259=AXIS2_PLACEMENT_3D('',#1855,#1856,#1857);
#1260=PRE_DEFINED_MARKER('');
#1261=COLOUR_RGB('',0.200000002980232,0.600000023841858,1.0);
#1262=SURFACE_SIDE_STYLE('',(#1858));
#1263=EDGE_LOOP('',(#1859,#1860));
#1264=AXIS2_PLACEMENT_3D('',#1861,#1862,#1863);
#1265=PRE_DEFINED_MARKER('');
#1266=COLOUR_RGB('',0.498039215803146,0.498039215803146,0.498039215803146);
#1267=PRE_DEFINED_MARKER('');
#1268=COLOUR_RGB('',0.498039215803146,0.498039215803146,0.498039215803146);
#1269=SURFACE_SIDE_STYLE('',(#1864));
#1270=EDGE_LOOP('',(#1865,#1866,#1867,#1868));
#1271=AXIS2_PLACEMENT_3D('',#1869,#1870,#1871);
#1272=DRAUGHTING_PRE_DEFINED_CURVE_FONT('continuous');
#1273=COLOUR_RGB('',0.800000011920929,0.800000011920929,0.800000011920929);
#1274=CARTESIAN_POINT('',(6.55180846370607E-016,-5.350134305,-99.7061789659157));
#1275=VECTOR('',#1872,1.0);
#1276=PRE_DEFINED_MARKER('');
#1277=COLOUR_RGB('',0.498039215803146,0.498039215803146,0.498039215803146);
#1278=SURFACE_SIDE_STYLE('',(#1873));
#1279=EDGE_LOOP('',(#1874,#1875,#1876,#1877));
#1280=AXIS2_PLACEMENT_3D('',#1878,#1879,#1880);
#1281=DRAUGHTING_PRE_DEFINED_CURVE_FONT('continuous');
#1282=COLOUR_RGB('',0.498039215803146,0.498039215803146,0.498039215803146);
#1283=CARTESIAN_POINT('',(0.798147324109408,5.94667645403859,-46.1513156148974));
#1284=CARTESIAN_POINT('',(0.874482236345515,5.93643098223459,-46.2277332727883));
#1285=CARTESIAN_POINT('',(0.940756999324158,5.92595697693717,-46.3245323243175));
#1286=CARTESIAN_POINT('',(1.02876232015548,5.91131439995525,-46.5368937007967));
#1287=CARTESIAN_POINT('',(1.05048117742628,5.90732505419103,-46.6524731941438));
#1288=CARTESIAN_POINT('',(1.05048117742628,5.90732505419103,-46.7609704151041));
#1289=CARTESIAN_POINT('',(1.05048117742628,5.90732505419103,-46.8694676360645));
#1290=CARTESIAN_POINT('',(1.02876232015548,5.91131439995525,-46.9850471294115));
#1291=CARTESIAN_POINT('',(0.940756999324158,5.92595697693717,-47.1974085058908));
#1292=CARTESIAN_POINT('',(0.874482236345516,5.93643098223459,-47.29420755742));
#1293=CARTESIAN_POINT('',(0.721652095239303,5.95694344312093,-47.4472033636162));
#1294=CARTESIAN_POINT('',(0.624769436538667,5.96833679445731,-47.5136263413674));
#1295=CARTESIAN_POINT('',(0.412204586977031,5.9867744503013,-47.6018404139267));
#1296=CARTESIAN_POINT('',(0.296503463792954,5.99365554898355,-47.6236199233296));
#1297=CARTESIAN_POINT('',(0.0795419974505622,6.00045091866293,-47.6236199233296));
#1298=CARTESIAN_POINT('',(-0.0359824024888448,6.00083305389387,-47.6019772427811));
#1299=CARTESIAN_POINT('',(-0.248451035077008,5.9957955399901,-47.5139927410263));
#1300=CARTESIAN_POINT('',(-0.345400979944834,5.99054136584803,-47.4476553176773));
#1301=CARTESIAN_POINT('',(-0.498563339545003,5.9797436864726,-47.2945990316588));
#1302=CARTESIAN_POINT('',(-0.564987473355026,5.97350408725106,-47.1976247356796));
#1303=CARTESIAN_POINT('',(-0.653117295316087,5.96451169312637,-46.9850429042198));
#1304=CARTESIAN_POINT('',(-0.674817839024696,5.9619309694204,-46.8694259922084));
#1305=CARTESIAN_POINT('',(-0.674817839024696,5.9619309694204,-46.6525148379998));
#1306=CARTESIAN_POINT('',(-0.65311729531609,5.96451169312637,-46.5368979259884));
#1307=CARTESIAN_POINT('',(-0.564987473355026,5.97350408725106,-46.3243160945287));
#1308=CARTESIAN_POINT('',(-0.498563339545003,5.9797436864726,-46.2273417985495));
#1309=CARTESIAN_POINT('',(-0.421942313464863,5.9851453352536,-46.150773836856));
#1310=PRE_DEFINED_MARKER('');
#1311=COLOUR_RGB('',0.200000002980232,0.600000023841858,1.0);
#1312=DRAUGHTING_PRE_DEFINED_CURVE_FONT('continuous');
#1313=COLOUR_RGB('',0.200000002980232,0.600000023841858,1.0);
#1314=AXIS2_PLACEMENT_3D('',#1881,#1882,#1883);
#1315=PRE_DEFINED_MARKER('');
#1316=COLOUR_RGB('',0.498039215803146,0.498039215803146,0.498039215803146);
#1317=DRAUGHTING_PRE_DEFINED_CURVE_FONT('continuous');
#1318=COLOUR_RGB('',0.498039215803146,0.498039215803146,0.498039215803146);
#1319=CARTESIAN_POINT('',(0.798147324109408,5.94667645403859,-46.1513156148974));
#1320=CARTESIAN_POINT('',(0.874482236345515,5.93643098223459,-46.2277332727883));
#1321=CARTESIAN_POINT('',(0.940756999324158,5.92595697693717,-46.3245323243175));
#1322=CARTESIAN_POINT('',(1.02876232015548,5.91131439995525,-46.5368937007967));
#1323=CARTESIAN_POINT('',(1.05048117742628,5.90732505419103,-46.6524731941438));
#1324=CARTESIAN_POINT('',(1.05048117742628,5.90732505419103,-46.7609704151041));
#1325=CARTESIAN_POINT('',(1.05048117742628,5.90732505419103,-46.8694676360645));
#1326=CARTESIAN_POINT('',(1.02876232015548,5.91131439995525,-46.9850471294115));
#1327=CARTESIAN_POINT('',(0.940756999324158,5.92595697693717,-47.1974085058908));
#1328=CARTESIAN_POINT('',(0.874482236345516,5.93643098223459,-47.29420755742));
#1329=CARTESIAN_POINT('',(0.721652095239303,5.95694344312093,-47.4472033636162));
#1330=CARTESIAN_POINT('',(0.624769436538667,5.96833679445731,-47.5136263413674));
#1331=CARTESIAN_POINT('',(0.412204586977031,5.9867744503013,-47.6018404139267));
#1332=CARTESIAN_POINT('',(0.296503463792954,5.99365554898355,-47.6236199233296));
#1333=CARTESIAN_POINT('',(0.0795419974505622,6.00045091866293,-47.6236199233296));
#1334=CARTESIAN_POINT('',(-0.0359824024888448,6.00083305389387,-47.6019772427811));
#1335=CARTESIAN_POINT('',(-0.248451035077008,5.9957955399901,-47.5139927410263));
#1336=CARTESIAN_POINT('',(-0.345400979944834,5.99054136584803,-47.4476553176773));
#1337=CARTESIAN_POINT('',(-0.498563339545003,5.9797436864726,-47.2945990316588));
#1338=CARTESIAN_POINT('',(-0.564987473355026,5.97350408725106,-47.1976247356796));
#1339=CARTESIAN_POINT('',(-0.653117295316087,5.96451169312637,-46.9850429042198));
#1340=CARTESIAN_POINT('',(-0.674817839024696,5.9619309694204,-46.8694259922084));
#1341=CARTESIAN_POINT('',(-0.674817839024696,5.9619309694204,-46.6525148379998));
#1342=CARTESIAN_POINT('',(-0.65311729531609,5.96451169312637,-46.5368979259884));
#1343=CARTESIAN_POINT('',(-0.564987473355026,5.97350408725106,-46.3243160945287));
#1344=CARTESIAN_POINT('',(-0.498563339545003,5.9797436864726,-46.2273417985495));
#1345=CARTESIAN_POINT('',(-0.421942313464863,5.9851453352536,-46.150773836856));
#1346=PRE_DEFINED_MARKER('');
#1347=COLOUR_RGB('',0.498039215803146,0.498039215803146,0.498039215803146);
#1348=SURFACE_SIDE_STYLE('',(#1884));
#1349=EDGE_LOOP('',(#1885,#1886,#1887,#1888));
#1350=AXIS2_PLACEMENT_3D('',#1889,#1890,#1891);
#1351=DRAUGHTING_PRE_DEFINED_CURVE_FONT('continuous');
#1352=COLOUR_RGB('',0.498039215803146,0.498039215803146,0.498039215803146);
#1353=CARTESIAN_POINT('',(0.716083857732899,5.95711540165996,-49.8628424316858));
#1354=CARTESIAN_POINT('',(0.836328499172279,5.94266121693126,-49.8128634346158));
#1355=CARTESIAN_POINT('',(0.95139561406323,5.92507410301736,-49.7507637580905));
#1356=CARTESIAN_POINT('',(1.16394695133533,5.88700978726267,-49.6076209229708));
#1357=CARTESIAN_POINT('',(1.2614305683399,5.86656862180443,-49.5265672851817));
#1358=CARTESIAN_POINT('',(1.43402151205536,5.82678581952974,-49.3540390791293));
#1359=CARTESIAN_POINT('',(1.51514875819764,5.80601755401519,-49.2565145336745));
#1360=CARTESIAN_POINT('',(1.6583945031053,5.76673592856789,-49.043918337062));
#1361=CARTESIAN_POINT('',(1.72052516314967,5.74826344553995,-48.9288473293543));
#1362=CARTESIAN_POINT('',(1.77053560391516,5.73281812682635,-48.8085915795112));
#1363=SURFACE_SIDE_STYLE('',(#1892));
#1364=EDGE_LOOP('',(#1893,#1894,#1895,#1896,#1897));
#1365=AXIS2_PLACEMENT_3D('',#1898,#1899,#1900);
#1366=PRE_DEFINED_MARKER('');
#1367=COLOUR_RGB('',0.498039215803146,0.498039215803146,0.498039215803146);
#1368=DRAUGHTING_PRE_DEFINED_CURVE_FONT('continuous');
#1369=COLOUR_RGB('',0.200000002980232,0.600000023841858,1.0);
#1370=CARTESIAN_POINT('',(1.04827293811075,0.0,-47.9588717915309));
#1371=VECTOR('',#1901,3.6);
#1372=SURFACE_SIDE_STYLE('',(#1902));
#1373=EDGE_LOOP('',(#1903,#1904,#1905,#1906));
#1374=AXIS2_PLACEMENT_3D('',#1907,#1908,#1909);
#1375=DRAUGHTING_PRE_DEFINED_CURVE_FONT('continuous');
#1376=COLOUR_RGB('',0.498039215803146,0.498039215803146,0.498039215803146);
#1377=AXIS2_PLACEMENT_3D('',#1910,#1911,#1912);
#1378=PRE_DEFINED_MARKER('');
#1379=COLOUR_RGB('',0.498039215803146,0.498039215803146,0.498039215803146);
#1380=PRE_DEFINED_MARKER('');
#1381=COLOUR_RGB('',0.498039215803146,0.498039215803146,0.498039215803146);
#1382=DRAUGHTING_PRE_DEFINED_CURVE_FONT('continuous');
#1383=COLOUR_RGB('',0.200000002980232,0.600000023841858,1.0);
#1384=CARTESIAN_POINT('',(1.6046520781759,0.0,-46.9930581237785));
#1385=VECTOR('',#1913,3.6);
#1386=PRE_DEFINED_MARKER('');
#1387=COLOUR_RGB('',0.498039215803146,0.498039215803146,0.498039215803146);
#1388=DRAUGHTING_PRE_DEFINED_CURVE_FONT('continuous');
#1389=COLOUR_RGB('',0.498039215803146,0.498039215803146,0.498039215803146);
#1390=AXIS2_PLACEMENT_3D('',#1914,#1915,#1916);
#1391=PRE_DEFINED_MARKER('');
#1392=COLOUR_RGB('',0.800000011920929,0.800000011920929,0.800000011920929);
#1393=PRE_DEFINED_MARKER('');
#1394=COLOUR_RGB('',0.498039215803146,0.498039215803146,0.498039215803146);
#1395=DRAUGHTING_PRE_DEFINED_CURVE_FONT('continuous');
#1396=COLOUR_RGB('',0.498039215803146,0.498039215803146,0.498039215803146);
#1397=AXIS2_PLACEMENT_3D('',#1917,#1918,#1919);
#1398=PRE_DEFINED_MARKER('');
#1399=COLOUR_RGB('',0.498039215803146,0.498039215803146,0.498039215803146);
#1400=PRE_DEFINED_MARKER('');
#1401=COLOUR_RGB('',0.498039215803146,0.498039215803146,0.498039215803146);
#1402=SURFACE_SIDE_STYLE('',(#1920));
#1403=EDGE_LOOP('',(#1921,#1922,#1923));
#1404=AXIS2_PLACEMENT_3D('',#1924,#1925,#1926);
#1405=DRAUGHTING_PRE_DEFINED_CURVE_FONT('continuous');
#1406=COLOUR_RGB('',0.498039215803146,0.498039215803146,0.498039215803146);
#1407=AXIS2_PLACEMENT_3D('',#1927,#1928,#1929);
#1408=SURFACE_SIDE_STYLE('',(#1930));
#1409=EDGE_LOOP('',(#1931,#1932,#1933,#1934,#1935));
#1410=AXIS2_PLACEMENT_3D('',#1936,#1937,#1938);
#1411=DRAUGHTING_PRE_DEFINED_CURVE_FONT('continuous');
#1412=COLOUR_RGB('',0.498039215803146,0.498039215803146,0.498039215803146);
#1413=CARTESIAN_POINT('',(-1.6550355111977,5.76722268138439,-49.1499285107443));
#1414=CARTESIAN_POINT('',(-1.58349025649385,5.7877542168453,-49.2561521917117));
#1415=CARTESIAN_POINT('',(-1.50246821010246,5.80951453362685,-49.3535985416379));
#1416=CARTESIAN_POINT('',(-1.33003794248781,5.85139919111814,-49.5260938616887));
#1417=CARTESIAN_POINT('',(-1.23258291619752,5.87302669055419,-49.6071841544536));
#1418=CARTESIAN_POINT('',(-1.02006708647667,5.91364238791967,-49.750414430959));
#1419=CARTESIAN_POINT('',(-0.905006625653233,5.93259463161679,-49.8125651160949));
#1420=CARTESIAN_POINT('',(-0.664471199737022,5.96432679182753,-49.9126338304394));
#1421=CARTESIAN_POINT('',(-0.538788864715807,5.97710869125716,-49.9506308827471));
#1422=CARTESIAN_POINT('',(-0.285445708273924,5.99455106705073,-50.0005843365277));
#1423=CARTESIAN_POINT('',(-0.157781448335137,5.99920151261667,-50.0125268002104));
#1424=CARTESIAN_POINT('',(0.0895283006729495,6.00060438338305,-50.0125268002104));
#1425=CARTESIAN_POINT('',(0.217054807719715,5.99741291517916,-50.0006191753156));
#1426=CARTESIAN_POINT('',(0.470208825690187,5.98289044901793,-49.9507601052382));
#1427=CARTESIAN_POINT('',(0.595839534276319,5.97156955488298,-49.9128219543455));
#1428=CARTESIAN_POINT('',(0.716084185808335,5.95711536222316,-49.8628429528748));
#1429=PRE_DEFINED_MARKER('');
#1430=COLOUR_RGB('',0.800000011920929,0.800000011920929,0.800000011920929);
#1431=PRE_DEFINED_MARKER('');
#1432=COLOUR_RGB('',0.498039215803146,0.498039215803146,0.498039215803146);
#1433=DRAUGHTING_PRE_DEFINED_CURVE_FONT('continuous');
#1434=COLOUR_RGB('',0.800000011920929,0.800000011920929,0.800000011920929);
#1435=CARTESIAN_POINT('',(8.94421865673019E-016,-7.30375,-107.115));
#1436=VECTOR('',#1939,1.0);
#1437=PRE_DEFINED_MARKER('');
#1438=COLOUR_RGB('',0.498039215803146,0.498039215803146,0.498039215803146);
#1439=DRAUGHTING_PRE_DEFINED_CURVE_FONT('continuous');
#1440=COLOUR_RGB('',0.498039215803146,0.498039215803146,0.498039215803146);
#1441=AXIS2_PLACEMENT_3D('',#1940,#1941,#1942);
#1442=DRAUGHTING_PRE_DEFINED_CURVE_FONT('continuous');
#1443=COLOUR_RGB('',0.800000011920929,0.800000011920929,0.800000011920929);
#1444=AXIS2_PLACEMENT_3D('',#1943,#1944,#1945);
#1445=DRAUGHTING_PRE_DEFINED_CURVE_FONT('continuous');
#1446=COLOUR_RGB('',0.800000011920929,0.800000011920929,0.800000011920929);
#1447=AXIS2_PLACEMENT_3D('',#1946,#1947,#1948);
#1448=DRAUGHTING_PRE_DEFINED_CURVE_FONT('continuous');
#1449=COLOUR_RGB('',0.200000002980232,0.600000023841858,1.0);
#1450=CARTESIAN_POINT('',(0.348123752442997,0.0,-49.9747994788274));
#1451=VECTOR('',#1949,3.6);
#1452=PRE_DEFINED_MARKER('');
#1453=COLOUR_RGB('',0.498039215803146,0.498039215803146,0.498039215803146);
#1454=DRAUGHTING_PRE_DEFINED_CURVE_FONT('continuous');
#1455=COLOUR_RGB('',0.200000002980232,0.600000023841858,1.0);
#1456=CARTESIAN_POINT('',(0.959318071661238,0.0,-46.3750003322476));
#1457=VECTOR('',#1950,3.6);
#1458=SURFACE_SIDE_STYLE('',(#1951));
#1459=EDGE_LOOP('',(#1952,#1953,#1954,#1955));
#1460=AXIS2_PLACEMENT_3D('',#1956,#1957,#1958);
#1461=PRE_DEFINED_MARKER('');
#1462=COLOUR_RGB('',0.200000002980232,0.600000023841858,1.0);
#1463=DRAUGHTING_PRE_DEFINED_CURVE_FONT('continuous');
#1464=COLOUR_RGB('',0.200000002980232,0.600000023841858,1.0);
#1465=CARTESIAN_POINT('',(0.716091446085409,5.94704237758933,-46.2534176783454));
#1466=CARTESIAN_POINT('',(0.83633564458165,5.93256361045209,-46.3033970863403));
#1467=CARTESIAN_POINT('',(0.95140155520957,5.91494655366021,-46.3654967848737));
#1468=CARTESIAN_POINT('',(1.16394978118587,5.87681704317339,-46.5086383633061));
#1469=CARTESIAN_POINT('',(1.26143150850648,5.85634067363622,-46.589690725851));
#1470=CARTESIAN_POINT('',(1.43401927330487,5.81648867880833,-46.7622155401356));
#1471=CARTESIAN_POINT('',(1.51514551063148,5.79568382412958,-46.8597383942772));
#1472=CARTESIAN_POINT('',(1.65839029795302,5.7563320376857,-47.0723316029198));
#1473=CARTESIAN_POINT('',(1.72052102341884,5.73782605253996,-47.1874013308417));
#1474=CARTESIAN_POINT('',(1.77053194700596,5.72235236809402,-47.3076565849129));
#1475=DRAUGHTING_PRE_DEFINED_CURVE_FONT('continuous');
#1476=COLOUR_RGB('',0.498039215803146,0.498039215803146,0.498039215803146);
#1477=AXIS2_PLACEMENT_3D('',#1959,#1960,#1961);
#1478=PRE_DEFINED_MARKER('');
#1479=COLOUR_RGB('',0.200000002980232,0.600000023841858,1.0);
#1480=DRAUGHTING_PRE_DEFINED_CURVE_FONT('continuous');
#1481=COLOUR_RGB('',0.800000011920929,0.800000011920929,0.800000011920929);
#1482=AXIS2_PLACEMENT_3D('',#1962,#1963,#1964);
#1483=SURFACE_SIDE_STYLE('',(#1965));
#1484=EDGE_LOOP('',(#1966,#1967,#1968,#1969));
#1485=AXIS2_PLACEMENT_3D('',#1970,#1971,#1972);
#1486=DRAUGHTING_PRE_DEFINED_CURVE_FONT('continuous');
#1487=COLOUR_RGB('',0.498039215803146,0.498039215803146,0.498039215803146);
#1488=AXIS2_PLACEMENT_3D('',#1973,#1974,#1975);
#1489=DRAUGHTING_PRE_DEFINED_CURVE_FONT('continuous');
#1490=COLOUR_RGB('',0.498039215803146,0.498039215803146,0.498039215803146);
#1491=AXIS2_PLACEMENT_3D('',#1976,#1977,#1978);
#1492=SURFACE_SIDE_STYLE('',(#1979));
#1493=EDGE_LOOP('',(#1980,#1981,#1982,#1983));
#1494=AXIS2_PLACEMENT_3D('',#1984,#1985,#1986);
#1495=DRAUGHTING_PRE_DEFINED_CURVE_FONT('continuous');
#1496=COLOUR_RGB('',0.498039215803146,0.498039215803146,0.498039215803146);
#1497=CARTESIAN_POINT('',(6.98025621678755E-016,-5.7,-0.299999999999997));
#1498=VECTOR('',#1987,1.0);
#1499=DRAUGHTING_PRE_DEFINED_CURVE_FONT('continuous');
#1500=COLOUR_RGB('',0.498039215803146,0.498039215803146,0.498039215803146);
#1501=CARTESIAN_POINT('',(1.6046520781759,5.78144373906776,-48.0581284820847));
#1502=VECTOR('',#1988,1.0);
#1503=DRAUGHTING_PRE_DEFINED_CURVE_FONT('continuous');
#1504=COLOUR_RGB('',0.498039215803146,0.498039215803146,0.498039215803146);
#1505=CARTESIAN_POINT('',(-6.55180846370607E-016,5.350134305,-99.7061789659157));
#1506=VECTOR('',#1989,1.0);
#1507=PRE_DEFINED_MARKER('');
#1508=COLOUR_RGB('',0.200000002980232,0.600000023841858,1.0);
#1509=PRE_DEFINED_MARKER('');
#1510=COLOUR_RGB('',0.200000002980232,0.600000023841858,1.0);
#1511=DRAUGHTING_PRE_DEFINED_CURVE_FONT('continuous');
#1512=COLOUR_RGB('',0.498039215803146,0.498039215803146,0.498039215803146);
#1513=CARTESIAN_POINT('',(8.53397552819969E-016,-6.96875,-89.6571982776687));
#1514=VECTOR('',#1990,1.0);
#1515=DRAUGHTING_PRE_DEFINED_CURVE_FONT('continuous');
#1516=COLOUR_RGB('',0.200000002980232,0.600000023841858,1.0);
#1517=CARTESIAN_POINT('',(0.722608316764086,5.94625404944519,-48.0774406873603));
#1518=CARTESIAN_POINT('',(0.635172619250432,5.95687952246239,-48.113796170185));
#1519=CARTESIAN_POINT('',(0.543864382359374,5.96597169396116,-48.1413681591104));
#1520=CARTESIAN_POINT('',(0.359926305055988,5.97988793995976,-48.1775961452154));
#1521=CARTESIAN_POINT('',(0.267294140163462,5.98470676484082,-48.1862423561039));
#1522=CARTESIAN_POINT('',(0.0883024106031933,5.99001458228256,-48.1862423561039));
#1523=CARTESIAN_POINT('',(-0.00395712406440621,5.99070094906056,-48.1776901376398));
#1524=CARTESIAN_POINT('',(-0.187384206570726,5.98777092740143,-48.1417167989956));
#1525=CARTESIAN_POINT('',(-0.278553402667008,5.98415997961172,-48.1143036407617));
#1526=CARTESIAN_POINT('',(-0.540672788317753,5.96811725566854,-48.0056862642354));
#1527=CARTESIAN_POINT('',(-0.699967336714809,5.9503161322714,-47.896623296352));
#1528=CARTESIAN_POINT('',(-0.951702376233872,5.91528065960866,-47.6451941939416));
#1529=CARTESIAN_POINT('',(-1.06101575790578,5.89574542888951,-47.4858081888054));
#1530=CARTESIAN_POINT('',(-1.16993670806828,5.87475236012748,-47.2234426101642));
#1531=CARTESIAN_POINT('',(-1.19743550985695,5.86912157148119,-47.1321727762416));
#1532=CARTESIAN_POINT('',(-1.23353695789265,5.8616402478144,-46.9484684428199));
#1533=CARTESIAN_POINT('',(-1.24213082148224,5.859796158769,-46.8560319550148));
#1534=CARTESIAN_POINT('',(-1.24213082148224,5.859796158769,-46.6771651439244));
#1535=CARTESIAN_POINT('',(-1.23355088574391,5.86163722728268,-46.584801154874));
#1536=CARTESIAN_POINT('',(-1.21552807839851,5.86537223802759,-46.4930168706104));
#1537=SURFACE_SIDE_STYLE('',(#1991));
#1538=EDGE_LOOP('',(#1992,#1993,#1994,#1995));
#1539=AXIS2_PLACEMENT_3D('',#1996,#1997,#1998);
#1540=SURFACE_SIDE_STYLE('',(#1999));
#1541=EDGE_LOOP('',(#2000,#2001,#2002,#2003));
#1542=AXIS2_PLACEMENT_3D('',#2004,#2005,#2006);
#1543=SURFACE_SIDE_STYLE('',(#2007));
#1544=EDGE_LOOP('',(#2008,#2009,#2010,#2011));
#1545=AXIS2_PLACEMENT_3D('',#2012,#2013,#2014);
#1546=PRE_DEFINED_MARKER('');
#1547=COLOUR_RGB('',0.498039215803146,0.498039215803146,0.498039215803146);
#1548=SURFACE_SIDE_STYLE('',(#2015));
#1549=EDGE_LOOP('',(#2016,#2017));
#1550=AXIS2_PLACEMENT_3D('',#2018,#2019,#2020);
#1551=SURFACE_SIDE_STYLE('',(#2021));
#1552=EDGE_LOOP('',(#2022,#2023,#2024,#2025));
#1553=AXIS2_PLACEMENT_3D('',#2026,#2027,#2028);
#1554=DRAUGHTING_PRE_DEFINED_CURVE_FONT('continuous');
#1555=COLOUR_RGB('',0.200000002980232,0.600000023841858,1.0);
#1556=CARTESIAN_POINT('',(-1.24208808469056,0.0,-46.7555466384365));
#1557=VECTOR('',#2029,3.6);
#1558=PRE_DEFINED_MARKER('');
#1559=COLOUR_RGB('',0.800000011920929,0.800000011920929,0.800000011920929);
#1560=SURFACE_SIDE_STYLE('',(#2030));
#1561=EDGE_LOOP('',(#2031,#2032,#2033,#2034,#2035,#2036,#2037,#2038,#2039,#2040,#2041,#2042));
#1562=AXIS2_PLACEMENT_3D('',#2043,#2044,#2045);
#1563=PRE_DEFINED_MARKER('');
#1564=COLOUR_RGB('',0.498039215803146,0.498039215803146,0.498039215803146);
#1565=DRAUGHTING_PRE_DEFINED_CURVE_FONT('continuous');
#1566=COLOUR_RGB('',0.498039215803146,0.498039215803146,0.498039215803146);
#1567=CARTESIAN_POINT('',(-1.21548675278351,5.87559290232125,-46.4928064967385));
#1568=CARTESIAN_POINT('',(-1.23353718120567,5.87185880144904,-46.584658079453));
#1569=CARTESIAN_POINT('',(-1.24213082148224,5.87001797461676,-46.6770936761933));
#1570=CARTESIAN_POINT('',(-1.24213082148224,5.87001797461676,-46.8560307895654));
#1571=CARTESIAN_POINT('',(-1.23353718120567,5.87185880144904,-46.9484663863057));
#1572=CARTESIAN_POINT('',(-1.19743632436134,5.87932700319345,-47.1321695517347));
#1573=CARTESIAN_POINT('',(-1.16993788657455,5.8849479474844,-47.2234391068678));
#1574=CARTESIAN_POINT('',(-1.06101779568533,5.90590459421591,-47.4858046093159));
#1575=CARTESIAN_POINT('',(-0.951704581262653,5.92540632213463,-47.6451914779948));
#1576=CARTESIAN_POINT('',(-0.699968335277633,5.96038253029069,-47.8966228115419));
#1577=CARTESIAN_POINT('',(-0.540672629038556,5.97815385671547,-48.0056864297507));
#1578=CARTESIAN_POINT('',(-0.278552526266266,5.99416975869595,-48.114303954169));
#1579=CARTESIAN_POINT('',(-0.187383281454797,5.99777467036961,-48.1417170354656));
#1580=CARTESIAN_POINT('',(-0.00395643902436477,6.00069977896631,-48.1776902169497));
#1581=CARTESIAN_POINT('',(0.0883028063781633,6.00001454431643,-48.1862423561039));
#1582=CARTESIAN_POINT('',(0.267292045612955,5.99471565472164,-48.1862423561039));
#1583=CARTESIAN_POINT('',(0.359922648777804,5.98990501255664,-48.1775965464116));
#1584=CARTESIAN_POINT('',(0.543858738649492,5.97601238661255,-48.1413695896005));
#1585=CARTESIAN_POINT('',(0.635166547151128,5.96693564402567,-48.1137982219413));
#1586=CARTESIAN_POINT('',(0.722602270894562,5.95632822786807,-48.0774432011969));
#1587=DRAUGHTING_PRE_DEFINED_CURVE_FONT('continuous');
#1588=COLOUR_RGB('',0.498039215803146,0.498039215803146,0.498039215803146);
#1589=AXIS2_PLACEMENT_3D('',#2046,#2047,#2048);
#1590=DRAUGHTING_PRE_DEFINED_CURVE_FONT('continuous');
#1591=COLOUR_RGB('',0.498039215803146,0.498039215803146,0.498039215803146);
#1592=AXIS2_PLACEMENT_3D('',#2049,#2050,#2051);
#1593=DRAUGHTING_PRE_DEFINED_CURVE_FONT('continuous');
#1594=COLOUR_RGB('',0.200000002980232,0.600000023841858,1.0);
#1595=CARTESIAN_POINT('',(1.04827293811075,0.0,-49.6854822149837));
#1596=VECTOR('',#2052,3.6);
#1597=DRAUGHTING_PRE_DEFINED_CURVE_FONT('continuous');
#1598=COLOUR_RGB('',0.498039215803146,0.498039215803146,0.498039215803146);
#1599=CARTESIAN_POINT('',(1.04827293811075,5.90771731273803,-48.8221770032573));
#1600=VECTOR('',#2053,1.0);
#1601=DRAUGHTING_PRE_DEFINED_CURVE_FONT('continuous');
#1602=COLOUR_RGB('',0.800000011920929,0.800000011920929,0.800000011920929);
#1603=AXIS2_PLACEMENT_3D('',#2054,#2055,#2056);
#1604=DRAUGHTING_PRE_DEFINED_CURVE_FONT('continuous');
#1605=COLOUR_RGB('',0.200000002980232,0.600000023841858,1.0);
#1606=CARTESIAN_POINT('',(-0.421941605616524,5.97512052442875,-46.1507731294987));
#1607=CARTESIAN_POINT('',(-0.498562732809498,5.96970981492093,-46.2273410145923));
#1608=CARTESIAN_POINT('',(-0.564986981649634,5.96345971044654,-46.324315213815));
#1609=CARTESIAN_POINT('',(-0.653117115439742,5.9544521204345,-46.5368971867527));
#1610=CARTESIAN_POINT('',(-0.674817839024696,5.9518670082701,-46.652514368996));
#1611=CARTESIAN_POINT('',(-0.674817839024696,5.9518670082701,-46.8694264612123));
#1612=CARTESIAN_POINT('',(-0.653117115439742,5.9544521204345,-46.9850436434556));
#1613=CARTESIAN_POINT('',(-0.564986981649634,5.96345971044654,-47.1976256163933));
#1614=CARTESIAN_POINT('',(-0.498562732809498,5.96970981492093,-47.294599815616));
#1615=CARTESIAN_POINT('',(-0.345400439392566,5.98052558737941,-47.447655680397));
#1616=CARTESIAN_POINT('',(-0.248450672188651,5.98578853066676,-47.5139929295902));
#1617=CARTESIAN_POINT('',(-0.0359822749258413,5.9908344448884,-47.6019772573159));
#1618=CARTESIAN_POINT('',(0.0795420862521646,5.99045167181772,-47.6236199233296));
#1619=CARTESIAN_POINT('',(0.296504664131539,5.98364491158577,-47.6236199233296));
#1620=CARTESIAN_POINT('',(0.412206346065808,5.97675222548332,-47.6018399659175));
#1621=CARTESIAN_POINT('',(0.624771284448693,5.9582834843004,-47.5136252924732));
#1622=CARTESIAN_POINT('',(0.72165353557021,5.94687089260691,-47.4472022008397));
#1623=CARTESIAN_POINT('',(0.874482488273231,5.92632369940279,-47.2942070266862));
#1624=CARTESIAN_POINT('',(0.940756860645519,5.91583185466272,-47.1974086660096));
#1625=CARTESIAN_POINT('',(1.02876207472208,5.90116417492232,-46.985047896174));
#1626=CARTESIAN_POINT('',(1.05048117742628,5.89716790467027,-46.869468258212));
#1627=CARTESIAN_POINT('',(1.05048117742628,5.89716790467027,-46.7609704151041));
#1628=CARTESIAN_POINT('',(1.05048117742628,5.89716790467027,-46.6523937326725));
#1629=CARTESIAN_POINT('',(1.0287307848194,5.90117007843744,-46.5367357436473));
#1630=CARTESIAN_POINT('',(0.940608310994953,5.91585592329824,-46.3242555601964));
#1631=CARTESIAN_POINT('',(0.874247977411279,5.92635956330283,-46.2274160892077));
#1632=CARTESIAN_POINT('',(0.797816986254275,5.93663103590278,-46.1509850980507));
#1633=DRAUGHTING_PRE_DEFINED_CURVE_FONT('continuous');
#1634=COLOUR_RGB('',0.800000011920929,0.800000011920929,0.800000011920929);
#1635=AXIS2_PLACEMENT_3D('',#2057,#2058,#2059);
#1636=DRAUGHTING_PRE_DEFINED_CURVE_FONT('continuous');
#1637=COLOUR_RGB('',0.800000011920929,0.800000011920929,0.800000011920929);
#1638=AXIS2_PLACEMENT_3D('',#2060,#2061,#2062);
#1639=DRAUGHTING_PRE_DEFINED_CURVE_FONT('continuous');
#1640=COLOUR_RGB('',0.498039215803146,0.498039215803146,0.498039215803146);
#1641=AXIS2_PLACEMENT_3D('',#2063,#2064,#2065);
#1642=PRE_DEFINED_MARKER('');
#1643=COLOUR_RGB('',0.498039215803146,0.498039215803146,0.498039215803146);
#1644=DRAUGHTING_PRE_DEFINED_CURVE_FONT('continuous');
#1645=COLOUR_RGB('',0.200000002980232,0.600000023841858,1.0);
#1646=CARTESIAN_POINT('',(1.6046520781759,5.77106504104795,-48.0581284820847));
#1647=VECTOR('',#2066,1.0);
#1648=DRAUGHTING_PRE_DEFINED_CURVE_FONT('continuous');
#1649=COLOUR_RGB('',0.200000002980232,0.600000023841858,1.0);
#1650=AXIS2_PLACEMENT_3D('',#2067,#2068,#2069);
#1651=SURFACE_SIDE_STYLE('',(#2070));
#1652=EDGE_LOOP('',(#2071,#2072,#2073,#2074,#2075,#2076,#2077,#2078,#2079,#2080,#2081,#2082));
#1653=AXIS2_PLACEMENT_3D('',#2083,#2084,#2085);
#1654=PRE_DEFINED_MARKER('');
#1655=COLOUR_RGB('',0.498039215803146,0.498039215803146,0.498039215803146);
#1656=SURFACE_SIDE_STYLE('',(#2086));
#1657=EDGE_LOOP('',(#2087,#2088));
#1658=EDGE_LOOP('',(#2089,#2090));
#1659=AXIS2_PLACEMENT_3D('',#2091,#2092,#2093);
#1660=SURFACE_SIDE_STYLE('',(#2094));
#1661=EDGE_LOOP('',(#2095,#2096,#2097,#2098));
#1662=AXIS2_PLACEMENT_3D('',#2099,#2100,#2101);
#1663=DRAUGHTING_PRE_DEFINED_CURVE_FONT('continuous');
#1664=COLOUR_RGB('',0.498039215803146,0.498039215803146,0.498039215803146);
#1665=AXIS2_PLACEMENT_3D('',#2102,#2103,#2104);
#1666=PRE_DEFINED_MARKER('');
#1667=COLOUR_RGB('',0.498039215803146,0.498039215803146,0.498039215803146);
#1668=DRAUGHTING_PRE_DEFINED_CURVE_FONT('continuous');
#1669=COLOUR_RGB('',0.498039215803146,0.498039215803146,0.498039215803146);
#1670=CARTESIAN_POINT('',(-6.98025621678755E-016,5.7,-0.299999999999997));
#1671=VECTOR('',#2105,1.0);
#1672=DRAUGHTING_PRE_DEFINED_CURVE_FONT('continuous');
#1673=COLOUR_RGB('',0.498039215803146,0.498039215803146,0.498039215803146);
#1674=AXIS2_PLACEMENT_3D('',#2106,#2107,#2108);
#1675=DRAUGHTING_PRE_DEFINED_CURVE_FONT('continuous');
#1676=COLOUR_RGB('',0.498039215803146,0.498039215803146,0.498039215803146);
#1677=CARTESIAN_POINT('',(-7.34763812293426E-016,6.0,-71.1571982776687));
#1678=VECTOR('',#2109,1.0);
#1679=SURFACE_SIDE_STYLE('',(#2110));
#1680=EDGE_LOOP('',(#2111,#2112));
#1681=EDGE_LOOP('',(#2113,#2114));
#1682=AXIS2_PLACEMENT_3D('',#2115,#2116,#2117);
#1683=DRAUGHTING_PRE_DEFINED_CURVE_FONT('continuous');
#1684=COLOUR_RGB('',0.498039215803146,0.498039215803146,0.498039215803146);
#1685=AXIS2_PLACEMENT_3D('',#2118,#2119,#2120);
#1686=DRAUGHTING_PRE_DEFINED_CURVE_FONT('continuous');
#1687=COLOUR_RGB('',0.498039215803146,0.498039215803146,0.498039215803146);
#1688=AXIS2_PLACEMENT_3D('',#2121,#2122,#2123);
#1689=PRE_DEFINED_MARKER('');
#1690=COLOUR_RGB('',0.498039215803146,0.498039215803146,0.498039215803146);
#1691=DRAUGHTING_PRE_DEFINED_CURVE_FONT('continuous');
#1692=COLOUR_RGB('',0.200000002980232,0.600000023841858,1.0);
#1693=AXIS2_PLACEMENT_3D('',#2124,#2125,#2126);
#1695=SURFACE_STYLE_FILL_AREA(#2127);
#1696=ORIENTED_EDGE('',*,*,#323,.F.);
#1697=ORIENTED_EDGE('',*,*,#421,.F.);
#1698=ORIENTED_EDGE('',*,*,#291,.F.);
#1699=ORIENTED_EDGE('',*,*,#299,.T.);
#1700=CARTESIAN_POINT('',(0.0,0.0,-109.706178965916));
#1701=DIRECTION('',(0.0,-0.0,-1.0));
#1702=DIRECTION('',(0.0,1.0,0.0));
#1703=DIRECTION('',(0.0,-0.0,-1.0));
#1704=DIRECTION('',(-1.15445871573201E-016,0.942718214819468,-0.333590118929797));
#1705=DIRECTION('',(0.0,1.0,0.0));
#1706=DIRECTION('',(0.0,1.0,0.0));
#1707=DIRECTION('',(0.0,1.0,0.0));
#1708=SURFACE_STYLE_FILL_AREA(#2128);
#1709=ORIENTED_EDGE('',*,*,#257,.T.);
#1710=ORIENTED_EDGE('',*,*,#265,.F.);
#1711=ORIENTED_EDGE('',*,*,#263,.T.);
#1712=ORIENTED_EDGE('',*,*,#419,.T.);
#1713=CARTESIAN_POINT('',(0.0,0.0,-97.115));
#1714=DIRECTION('',(-0.0,-0.0,1.0));
#1715=DIRECTION('',(0.0,1.0,0.0));
#1716=CARTESIAN_POINT('',(0.0,0.0,-46.7555466384365));
#1717=DIRECTION('',(0.0,-0.0,1.0));
#1718=DIRECTION('',(0.0,1.0,0.0));
#1719=SURFACE_STYLE_FILL_AREA(#2129);
#1720=ORIENTED_EDGE('',*,*,#369,.F.);
#1721=ORIENTED_EDGE('',*,*,#489,.F.);
#1722=ORIENTED_EDGE('',*,*,#333,.F.);
#1723=ORIENTED_EDGE('',*,*,#223,.T.);
#1724=CARTESIAN_POINT('',(-0.0340348660793446,0.0,-48.0581290027973));
#1725=DIRECTION('',(-0.0,-1.0,-0.0));
#1726=DIRECTION('',(0.838461542890049,0.0,-0.544960770234371));
#1727=CARTESIAN_POINT('',(0.0,0.0,-90.0));
#1728=DIRECTION('',(0.0,0.0,-1.0));
#1729=DIRECTION('',(0.0,1.0,0.0));
#1730=SURFACE_STYLE_FILL_AREA(#2130);
#1731=ORIENTED_EDGE('',*,*,#521,.T.);
#1732=ORIENTED_EDGE('',*,*,#445,.F.);
#1733=ORIENTED_EDGE('',*,*,#449,.T.);
#1734=ORIENTED_EDGE('',*,*,#389,.T.);
#1735=CARTESIAN_POINT('',(0.0,0.0,-0.299999999999997));
#1736=DIRECTION('',(0.0,-0.0,-1.0));
#1737=DIRECTION('',(0.0,1.0,0.0));
#1738=SURFACE_STYLE_FILL_AREA(#2131);
#1739=ORIENTED_EDGE('',*,*,#203,.F.);
#1740=ORIENTED_EDGE('',*,*,#497,.F.);
#1741=ORIENTED_EDGE('',*,*,#349,.F.);
#1742=ORIENTED_EDGE('',*,*,#421,.T.);
#1743=CARTESIAN_POINT('',(0.0,0.0,-99.7061789659157));
#1744=DIRECTION('',(-0.0,-0.0,1.0));
#1745=DIRECTION('',(0.0,1.0,0.0));
#1746=CARTESIAN_POINT('',(0.0,0.0,-104.23));
#1747=DIRECTION('',(0.0,0.0,-1.0));
#1748=DIRECTION('',(0.0,1.0,0.0));
#1749=DIRECTION('',(-0.0,-0.0,1.0));
#1750=DIRECTION('',(0.0,0.0,-1.0));
#1751=CARTESIAN_POINT('',(0.0,0.0,-90.0));
#1752=DIRECTION('',(0.0,0.0,-1.0));
#1753=DIRECTION('',(0.0,1.0,0.0));
#1754=SURFACE_STYLE_FILL_AREA(#2132);
#1755=ORIENTED_EDGE('',*,*,#309,.F.);
#1756=ORIENTED_EDGE('',*,*,#475,.F.);
#1757=ORIENTED_EDGE('',*,*,#461,.F.);
#1758=ORIENTED_EDGE('',*,*,#219,.T.);
#1759=ORIENTED_EDGE('',*,*,#483,.F.);
#1760=CARTESIAN_POINT('',(0.177549301742327,0.0,-46.7665622328793));
#1761=DIRECTION('',(-0.0,-1.0,-0.0));
#1762=DIRECTION('',(0.359378942416673,0.0,-0.933191714358563));
#1763=DIRECTION('',(-0.0,-0.0,1.0));
#1764=CARTESIAN_POINT('',(0.0,0.0,-104.23));
#1765=DIRECTION('',(0.0,0.0,-1.0));
#1766=DIRECTION('',(0.0,1.0,0.0));
#1767=SURFACE_STYLE_FILL_AREA(#2133);
#1768=ORIENTED_EDGE('',*,*,#451,.F.);
#1769=ORIENTED_EDGE('',*,*,#223,.F.);
#1770=ORIENTED_EDGE('',*,*,#505,.F.);
#1771=ORIENTED_EDGE('',*,*,#385,.T.);
#1772=CARTESIAN_POINT('',(1.6046520781759,0.0,-49.1231988403909));
#1773=DIRECTION('',(1.0,0.0,0.0));
#1774=DIRECTION('',(0.0,0.0,-1.0));
#1775=SURFACE_STYLE_FILL_AREA(#2134);
#1776=ORIENTED_EDGE('',*,*,#453,.F.);
#1777=ORIENTED_EDGE('',*,*,#501,.T.);
#1778=ORIENTED_EDGE('',*,*,#277,.F.);
#1779=ORIENTED_EDGE('',*,*,#403,.F.);
#1780=CARTESIAN_POINT('',(0.0,0.0,-99.7061789659157));
#1781=DIRECTION('',(-0.0,-0.0,1.0));
#1782=DIRECTION('',(0.0,1.0,0.0));
#1783=DIRECTION('',(0.0,0.0,-1.0));
#1784=DIRECTION('',(-0.0,-0.0,1.0));
#1785=SURFACE_STYLE_FILL_AREA(#2135);
#1786=ORIENTED_EDGE('',*,*,#507,.T.);
#1787=ORIENTED_EDGE('',*,*,#461,.T.);
#1788=ORIENTED_EDGE('',*,*,#535,.T.);
#1789=ORIENTED_EDGE('',*,*,#495,.T.);
#1790=ORIENTED_EDGE('',*,*,#317,.T.);
#1791=ORIENTED_EDGE('',*,*,#433,.T.);
#1792=ORIENTED_EDGE('',*,*,#505,.T.);
#1793=ORIENTED_EDGE('',*,*,#333,.T.);
#1794=ORIENTED_EDGE('',*,*,#255,.T.);
#1795=ORIENTED_EDGE('',*,*,#359,.T.);
#1796=ORIENTED_EDGE('',*,*,#229,.T.);
#1797=CARTESIAN_POINT('',(0.0,0.0,-50.775));
#1798=DIRECTION('',(-0.0,-0.0,1.0));
#1799=DIRECTION('',(1.0,0.0,0.0));
#1800=CARTESIAN_POINT('',(0.0,0.0,-48.4304693603894));
#1801=DIRECTION('',(-0.442195774284071,0.0,0.896918556617774));
#1802=DIRECTION('',(0.896918556617774,-0.0,0.442195774284071));
#1803=SURFACE_STYLE_FILL_AREA(#2136);
#1804=ORIENTED_EDGE('',*,*,#323,.T.);
#1805=ORIENTED_EDGE('',*,*,#439,.T.);
#1806=ORIENTED_EDGE('',*,*,#291,.T.);
#1807=ORIENTED_EDGE('',*,*,#493,.F.);
#1808=CARTESIAN_POINT('',(0.0,0.0,-109.706178965916));
#1809=DIRECTION('',(0.0,-0.0,-1.0));
#1810=DIRECTION('',(0.0,1.0,0.0));
#1811=SURFACE_STYLE_FILL_AREA(#2137);
#1812=ORIENTED_EDGE('',*,*,#313,.F.);
#1813=ORIENTED_EDGE('',*,*,#403,.T.);
#1814=ORIENTED_EDGE('',*,*,#329,.F.);
#1815=ORIENTED_EDGE('',*,*,#395,.F.);
#1816=CARTESIAN_POINT('',(0.0,0.0,-109.706178965916));
#1817=DIRECTION('',(0.0,-0.0,-1.0));
#1818=DIRECTION('',(0.0,1.0,0.0));
#1819=DIRECTION('',(2.62745415004059E-017,-0.214554998987184,-0.976711908604379));
#1820=DIRECTION('',(-1.1187335719347E-016,0.913545457642601,0.4067366430758));
#1821=DIRECTION('',(-0.0,-0.0,1.0));
#1822=SURFACE_STYLE_FILL_AREA(#2138);
#1823=CARTESIAN_POINT('',(0.0,0.0,-110.0));
#1824=DIRECTION('',(0.0,0.0,-1.0));
#1825=DIRECTION('',(0.0,1.0,0.0));
#1826=DIRECTION('',(0.0,0.0,-1.0));
#1827=DIRECTION('',(-1.1187335719347E-016,0.913545457642602,-0.406736643075798));
#1828=DIRECTION('',(0.0,1.0,0.0));
#1829=DIRECTION('',(0.0,1.0,0.0));
#1830=DIRECTION('',(-1.1187335719347E-016,0.913545457642601,-0.4067366430758));
#1831=SURFACE_STYLE_FILL_AREA(#2139);
#1832=DIRECTION('',(-1.1187335719347E-016,0.913545457642602,0.406736643075798));
#1833=SURFACE_STYLE_FILL_AREA(#2140);
#1834=ORIENTED_EDGE('',*,*,#529,.F.);
#1835=ORIENTED_EDGE('',*,*,#219,.F.);
#1836=ORIENTED_EDGE('',*,*,#507,.F.);
#1837=ORIENTED_EDGE('',*,*,#321,.T.);
#1838=ORIENTED_EDGE('',*,*,#283,.F.);
#1839=CARTESIAN_POINT('',(0.687752442996742,0.0,-48.0913959609121));
#1840=DIRECTION('',(-0.442195774284071,0.0,0.896918556617774));
#1841=DIRECTION('',(0.896918556617774,0.0,0.442195774284071));
#1842=SURFACE_STYLE_FILL_AREA(#2141);
#1843=ORIENTED_EDGE('',*,*,#257,.F.);
#1844=ORIENTED_EDGE('',*,*,#259,.T.);
#1845=ORIENTED_EDGE('',*,*,#263,.F.);
#1846=ORIENTED_EDGE('',*,*,#253,.F.);
#1847=CARTESIAN_POINT('',(0.0,0.0,-97.115));
#1848=DIRECTION('',(-0.0,-0.0,1.0));
#1849=DIRECTION('',(0.0,1.0,0.0));
#1850=SURFACE_STYLE_FILL_AREA(#2142);
#1851=ORIENTED_EDGE('',*,*,#487,.F.);
#1852=ORIENTED_EDGE('',*,*,#423,.F.);
#1853=ORIENTED_EDGE('',*,*,#359,.F.);
#1854=ORIENTED_EDGE('',*,*,#375,.T.);
#1855=CARTESIAN_POINT('',(0.348123752442997,0.0,-49.9747994788274));
#1856=DIRECTION('',(0.944648353914092,0.0,-0.328084573619969));
#1857=DIRECTION('',(-0.328084573619969,0.0,-0.944648353914092));
#1858=SURFACE_STYLE_FILL_AREA(#2143);
#1859=ORIENTED_EDGE('',*,*,#517,.F.);
#1860=ORIENTED_EDGE('',*,*,#389,.F.);
#1861=CARTESIAN_POINT('',(0.0,2.7,0.0));
#1862=DIRECTION('',(-0.0,0.0,1.0));
#1863=DIRECTION('',(0.0,-1.0,0.0));
#1864=SURFACE_STYLE_FILL_AREA(#2144);
#1865=ORIENTED_EDGE('',*,*,#289,.T.);
#1866=ORIENTED_EDGE('',*,*,#299,.F.);
#1867=ORIENTED_EDGE('',*,*,#413,.T.);
#1868=ORIENTED_EDGE('',*,*,#265,.T.);
#1869=CARTESIAN_POINT('',(0.0,0.0,-107.115));
#1870=DIRECTION('',(-0.0,-0.0,1.0));
#1871=DIRECTION('',(0.0,1.0,0.0));
#1872=DIRECTION('',(0.0,-0.0,1.0));
#1873=SURFACE_STYLE_FILL_AREA(#2145);
#1874=ORIENTED_EDGE('',*,*,#209,.F.);
#1875=ORIENTED_EDGE('',*,*,#379,.T.);
#1876=ORIENTED_EDGE('',*,*,#459,.F.);
#1877=ORIENTED_EDGE('',*,*,#531,.F.);
#1878=CARTESIAN_POINT('',(0.0,0.0,-89.6571982776687));
#1879=DIRECTION('',(0.0,-0.0,-1.0));
#1880=DIRECTION('',(0.0,1.0,0.0));
#1881=CARTESIAN_POINT('',(0.0,0.0,-50.9771463007922));
#1882=DIRECTION('',(-0.944648353914092,-0.0,0.328084573619969));
#1883=DIRECTION('',(0.328084573619969,0.0,0.944648353914092));
#1884=SURFACE_STYLE_FILL_AREA(#2146);
#1885=ORIENTED_EDGE('',*,*,#209,.T.);
#1886=ORIENTED_EDGE('',*,*,#239,.F.);
#1887=ORIENTED_EDGE('',*,*,#459,.T.);
#1888=ORIENTED_EDGE('',*,*,#417,.T.);
#1889=CARTESIAN_POINT('',(0.0,0.0,-89.6571982776687));
#1890=DIRECTION('',(0.0,-0.0,-1.0));
#1891=DIRECTION('',(0.0,1.0,0.0));
#1892=SURFACE_STYLE_FILL_AREA(#2147);
#1893=ORIENTED_EDGE('',*,*,#233,.F.);
#1894=ORIENTED_EDGE('',*,*,#321,.F.);
#1895=ORIENTED_EDGE('',*,*,#229,.F.);
#1896=ORIENTED_EDGE('',*,*,#423,.T.);
#1897=ORIENTED_EDGE('',*,*,#407,.F.);
#1898=CARTESIAN_POINT('',(-0.034034603215164,0.0,-48.0581293745228));
#1899=DIRECTION('',(-0.0,-1.0,-0.0));
#1900=DIRECTION('',(0.195537688821767,0.0,-0.980696187537324));
#1901=DIRECTION('',(0.0,1.0,0.0));
#1902=SURFACE_STYLE_FILL_AREA(#2148);
#1903=ORIENTED_EDGE('',*,*,#491,.F.);
#1904=ORIENTED_EDGE('',*,*,#375,.F.);
#1905=ORIENTED_EDGE('',*,*,#255,.F.);
#1906=ORIENTED_EDGE('',*,*,#489,.T.);
#1907=CARTESIAN_POINT('',(1.04827293811075,0.0,-47.9588717915309));
#1908=DIRECTION('',(-1.0,0.0,0.0));
#1909=DIRECTION('',(0.0,0.0,1.0));
#1910=CARTESIAN_POINT('',(0.0,0.0,-89.3143965553373));
#1911=DIRECTION('',(0.0,0.0,-1.0));
#1912=DIRECTION('',(0.0,1.0,0.0));
#1913=DIRECTION('',(0.0,1.0,0.0));
#1914=CARTESIAN_POINT('',(0.0,0.0,0.0));
#1915=DIRECTION('',(0.0,0.0,-1.0));
#1916=DIRECTION('',(0.0,1.0,0.0));
#1917=CARTESIAN_POINT('',(0.0,0.0,-110.0));
#1918=DIRECTION('',(0.0,0.0,-1.0));
#1919=DIRECTION('',(0.0,1.0,0.0));
#1920=SURFACE_STYLE_FILL_AREA(#2149);
#1921=ORIENTED_EDGE('',*,*,#303,.F.);
#1922=ORIENTED_EDGE('',*,*,#483,.T.);
#1923=ORIENTED_EDGE('',*,*,#529,.T.);
#1924=CARTESIAN_POINT('',(0.0,0.0,-71.1571982776687));
#1925=DIRECTION('',(-0.0,-0.0,1.0));
#1926=DIRECTION('',(0.0,1.0,0.0));
#1927=CARTESIAN_POINT('',(0.0,0.0,-109.412357931831));
#1928=DIRECTION('',(0.0,0.0,-1.0));
#1929=DIRECTION('',(0.0,1.0,0.0));
#1930=SURFACE_STYLE_FILL_AREA(#2150);
#1931=ORIENTED_EDGE('',*,*,#319,.T.);
#1932=ORIENTED_EDGE('',*,*,#251,.F.);
#1933=ORIENTED_EDGE('',*,*,#363,.F.);
#1934=ORIENTED_EDGE('',*,*,#427,.F.);
#1935=ORIENTED_EDGE('',*,*,#317,.F.);
#1936=CARTESIAN_POINT('',(0.187831669200792,0.0,-46.7609704151041));
#1937=DIRECTION('',(0.0,-1.0,-0.0));
#1938=DIRECTION('',(0.894321964023871,0.0,0.447423987582791));
#1939=DIRECTION('',(2.62745415004059E-017,-0.214554998987184,0.976711908604379));
#1940=CARTESIAN_POINT('',(0.0,0.0,-89.3143965553373));
#1941=DIRECTION('',(0.0,0.0,-1.0));
#1942=DIRECTION('',(0.0,1.0,0.0));
#1943=CARTESIAN_POINT('',(0.0,0.0,-90.0));
#1944=DIRECTION('',(0.0,0.0,-1.0));
#1945=DIRECTION('',(0.0,1.0,0.0));
#1946=CARTESIAN_POINT('',(0.0,0.0,-109.412357931831));
#1947=DIRECTION('',(0.0,0.0,-1.0));
#1948=DIRECTION('',(0.0,1.0,0.0));
#1949=DIRECTION('',(0.0,1.0,0.0));
#1950=DIRECTION('',(0.0,1.0,0.0));
#1951=SURFACE_STYLE_FILL_AREA(#2151);
#1952=ORIENTED_EDGE('',*,*,#319,.F.);
#1953=ORIENTED_EDGE('',*,*,#495,.F.);
#1954=ORIENTED_EDGE('',*,*,#217,.T.);
#1955=ORIENTED_EDGE('',*,*,#355,.F.);
#1956=CARTESIAN_POINT('',(0.187831669200792,0.0,-46.7609704151041));
#1957=DIRECTION('',(0.0,-1.0,-0.0));
#1958=DIRECTION('',(0.894321964023871,0.0,0.447423987582791));
#1959=CARTESIAN_POINT('',(0.0,0.0,-90.0));
#1960=DIRECTION('',(0.0,0.0,-1.0));
#1961=DIRECTION('',(0.0,1.0,0.0));
#1962=CARTESIAN_POINT('',(0.0,0.0,-110.0));
#1963=DIRECTION('',(0.0,0.0,-1.0));
#1964=DIRECTION('',(0.0,1.0,0.0));
#1965=SURFACE_STYLE_FILL_AREA(#2152);
#1966=ORIENTED_EDGE('',*,*,#203,.T.);
#1967=ORIENTED_EDGE('',*,*,#493,.T.);
#1968=ORIENTED_EDGE('',*,*,#349,.T.);
#1969=ORIENTED_EDGE('',*,*,#499,.F.);
#1970=CARTESIAN_POINT('',(0.0,0.0,-99.7061789659157));
#1971=DIRECTION('',(-0.0,-0.0,1.0));
#1972=DIRECTION('',(0.0,1.0,0.0));
#1973=CARTESIAN_POINT('',(0.0,0.0,-0.600000000000001));
#1974=DIRECTION('',(0.0,0.0,-1.0));
#1975=DIRECTION('',(0.0,1.0,0.0));
#1976=CARTESIAN_POINT('',(0.0,0.0,-0.600000000000001));
#1977=DIRECTION('',(0.0,0.0,-1.0));
#1978=DIRECTION('',(0.0,1.0,0.0));
#1979=SURFACE_STYLE_FILL_AREA(#2153);
#1980=ORIENTED_EDGE('',*,*,#453,.T.);
#1981=ORIENTED_EDGE('',*,*,#485,.F.);
#1982=ORIENTED_EDGE('',*,*,#277,.T.);
#1983=ORIENTED_EDGE('',*,*,#435,.T.);
#1984=CARTESIAN_POINT('',(0.0,0.0,-99.7061789659157));
#1985=DIRECTION('',(-0.0,-0.0,1.0));
#1986=DIRECTION('',(0.0,1.0,0.0));
#1987=DIRECTION('',(-8.65927457071934E-017,0.707106781186546,0.707106781186549));
#1988=DIRECTION('',(-0.0,-0.0,1.0));
#1989=DIRECTION('',(0.0,0.0,-1.0));
#1990=DIRECTION('',(-1.15445871573201E-016,0.942718214819468,0.333590118929797));
#1991=SURFACE_STYLE_FILL_AREA(#2154);
#1992=ORIENTED_EDGE('',*,*,#289,.F.);
#1993=ORIENTED_EDGE('',*,*,#253,.T.);
#1994=ORIENTED_EDGE('',*,*,#413,.F.);
#1995=ORIENTED_EDGE('',*,*,#439,.F.);
#1996=CARTESIAN_POINT('',(0.0,0.0,-107.115));
#1997=DIRECTION('',(-0.0,-0.0,1.0));
#1998=DIRECTION('',(0.0,1.0,0.0));
#1999=SURFACE_STYLE_FILL_AREA(#2155);
#2000=ORIENTED_EDGE('',*,*,#227,.F.);
#2001=ORIENTED_EDGE('',*,*,#217,.F.);
#2002=ORIENTED_EDGE('',*,*,#535,.F.);
#2003=ORIENTED_EDGE('',*,*,#475,.T.);
#2004=CARTESIAN_POINT('',(-0.674800788273616,0.0,-46.7555466384365));
#2005=DIRECTION('',(0.0,0.0,1.0));
#2006=DIRECTION('',(1.0,0.0,0.0));
#2007=SURFACE_STYLE_FILL_AREA(#2156);
#2008=ORIENTED_EDGE('',*,*,#521,.F.);
#2009=ORIENTED_EDGE('',*,*,#517,.T.);
#2010=ORIENTED_EDGE('',*,*,#449,.F.);
#2011=ORIENTED_EDGE('',*,*,#443,.F.);
#2012=CARTESIAN_POINT('',(0.0,0.0,-0.299999999999997));
#2013=DIRECTION('',(0.0,-0.0,-1.0));
#2014=DIRECTION('',(0.0,1.0,0.0));
#2015=SURFACE_STYLE_FILL_AREA(#2157);
#2016=ORIENTED_EDGE('',*,*,#395,.T.);
#2017=ORIENTED_EDGE('',*,*,#523,.T.);
#2018=CARTESIAN_POINT('',(0.0,3.335,-110.0));
#2019=DIRECTION('',(0.0,0.0,-1.0));
#2020=DIRECTION('',(0.0,1.0,0.0));
#2021=SURFACE_STYLE_FILL_AREA(#2158);
#2022=ORIENTED_EDGE('',*,*,#231,.F.);
#2023=ORIENTED_EDGE('',*,*,#385,.F.);
#2024=ORIENTED_EDGE('',*,*,#433,.F.);
#2025=ORIENTED_EDGE('',*,*,#427,.T.);
#2026=CARTESIAN_POINT('',(-0.0340349183199878,0.0,-48.0581280040941));
#2027=DIRECTION('',(0.0,-1.0,-0.0));
#2028=DIRECTION('',(0.508265629957899,0.0,0.861200353810599));
#2029=DIRECTION('',(0.0,1.0,0.0));
#2030=SURFACE_STYLE_FILL_AREA(#2159);
#2031=ORIENTED_EDGE('',*,*,#525,.T.);
#2032=ORIENTED_EDGE('',*,*,#251,.T.);
#2033=ORIENTED_EDGE('',*,*,#355,.T.);
#2034=ORIENTED_EDGE('',*,*,#227,.T.);
#2035=ORIENTED_EDGE('',*,*,#309,.T.);
#2036=ORIENTED_EDGE('',*,*,#303,.T.);
#2037=ORIENTED_EDGE('',*,*,#283,.T.);
#2038=ORIENTED_EDGE('',*,*,#233,.T.);
#2039=ORIENTED_EDGE('',*,*,#275,.T.);
#2040=ORIENTED_EDGE('',*,*,#417,.F.);
#2041=ORIENTED_EDGE('',*,*,#295,.T.);
#2042=ORIENTED_EDGE('',*,*,#445,.T.);
#2043=CARTESIAN_POINT('',(0.0,0.0,-71.1571982776687));
#2044=DIRECTION('',(-0.0,-0.0,1.0));
#2045=DIRECTION('',(0.0,1.0,0.0));
#2046=CARTESIAN_POINT('',(0.0,0.0,-109.412357931831));
#2047=DIRECTION('',(0.0,0.0,-1.0));
#2048=DIRECTION('',(0.0,1.0,0.0));
#2049=CARTESIAN_POINT('',(0.0,0.0,-50.9771463007922));
#2050=DIRECTION('',(0.944648353914092,0.0,-0.328084573619969));
#2051=DIRECTION('',(0.328084573619969,-0.0,0.944648353914092));
#2052=DIRECTION('',(0.0,1.0,0.0));
#2053=DIRECTION('',(0.0,0.0,-1.0));
#2054=CARTESIAN_POINT('',(0.0,0.0,-109.412357931831));
#2055=DIRECTION('',(0.0,0.0,-1.0));
#2056=DIRECTION('',(0.0,1.0,0.0));
#2057=CARTESIAN_POINT('',(0.0,0.0,-90.0));
#2058=DIRECTION('',(0.0,0.0,-1.0));
#2059=DIRECTION('',(0.0,1.0,0.0));
#2060=CARTESIAN_POINT('',(0.0,0.0,-90.0));
#2061=DIRECTION('',(0.0,0.0,-1.0));
#2062=DIRECTION('',(0.0,1.0,0.0));
#2063=CARTESIAN_POINT('',(0.0,0.0,-90.0));
#2064=DIRECTION('',(0.0,0.0,-1.0));
#2065=DIRECTION('',(0.0,1.0,0.0));
#2066=DIRECTION('',(0.0,0.0,-1.0));
#2067=CARTESIAN_POINT('',(0.0,0.0,-48.4304693603894));
#2068=DIRECTION('',(0.442195774284071,0.0,-0.896918556617774));
#2069=DIRECTION('',(0.896918556617774,0.0,0.442195774284071));
#2070=SURFACE_STYLE_FILL_AREA(#2160);
#2071=ORIENTED_EDGE('',*,*,#525,.F.);
#2072=ORIENTED_EDGE('',*,*,#443,.T.);
#2073=ORIENTED_EDGE('',*,*,#295,.F.);
#2074=ORIENTED_EDGE('',*,*,#379,.F.);
#2075=ORIENTED_EDGE('',*,*,#275,.F.);
#2076=ORIENTED_EDGE('',*,*,#407,.T.);
#2077=ORIENTED_EDGE('',*,*,#487,.T.);
#2078=ORIENTED_EDGE('',*,*,#491,.T.);
#2079=ORIENTED_EDGE('',*,*,#369,.T.);
#2080=ORIENTED_EDGE('',*,*,#451,.T.);
#2081=ORIENTED_EDGE('',*,*,#231,.T.);
#2082=ORIENTED_EDGE('',*,*,#363,.T.);
#2083=CARTESIAN_POINT('',(0.0,0.0,-71.1571982776687));
#2084=DIRECTION('',(-0.0,-0.0,1.0));
#2085=DIRECTION('',(0.0,1.0,0.0));
#2086=SURFACE_STYLE_FILL_AREA(#2161);
#2087=ORIENTED_EDGE('',*,*,#501,.F.);
#2088=ORIENTED_EDGE('',*,*,#435,.F.);
#2089=ORIENTED_EDGE('',*,*,#531,.T.);
#2090=ORIENTED_EDGE('',*,*,#239,.T.);
#2091=CARTESIAN_POINT('',(0.0,6.6438171525,-90.0));
#2092=DIRECTION('',(0.0,0.0,-1.0));
#2093=DIRECTION('',(0.0,1.0,0.0));
#2094=SURFACE_STYLE_FILL_AREA(#2162);
#2095=ORIENTED_EDGE('',*,*,#313,.T.);
#2096=ORIENTED_EDGE('',*,*,#523,.F.);
#2097=ORIENTED_EDGE('',*,*,#329,.T.);
#2098=ORIENTED_EDGE('',*,*,#485,.T.);
#2099=CARTESIAN_POINT('',(0.0,0.0,-109.706178965916));
#2100=DIRECTION('',(0.0,-0.0,-1.0));
#2101=DIRECTION('',(0.0,1.0,0.0));
#2102=CARTESIAN_POINT('',(0.0,0.0,0.0));
#2103=DIRECTION('',(0.0,0.0,-1.0));
#2104=DIRECTION('',(0.0,1.0,0.0));
#2105=DIRECTION('',(-8.65927457071934E-017,0.707106781186546,-0.707106781186549));
#2106=CARTESIAN_POINT('',(0.0,0.0,-110.0));
#2107=DIRECTION('',(0.0,0.0,-1.0));
#2108=DIRECTION('',(0.0,1.0,0.0));
#2109=DIRECTION('',(0.0,0.0,-1.0));
#2110=SURFACE_STYLE_FILL_AREA(#2163);
#2111=ORIENTED_EDGE('',*,*,#259,.F.);
#2112=ORIENTED_EDGE('',*,*,#419,.F.);
#2113=ORIENTED_EDGE('',*,*,#499,.T.);
#2114=ORIENTED_EDGE('',*,*,#497,.T.);
#2115=CARTESIAN_POINT('',(0.0,6.6438171525,-90.0));
#2116=DIRECTION('',(-0.0,0.0,1.0));
#2117=DIRECTION('',(0.0,-1.0,0.0));
#2118=CARTESIAN_POINT('',(0.0,0.0,-48.4304693603894));
#2119=DIRECTION('',(-0.442195774284071,0.0,0.896918556617774));
#2120=DIRECTION('',(0.896918556617774,-0.0,0.442195774284071));
#2121=CARTESIAN_POINT('',(0.0,0.0,-90.0));
#2122=DIRECTION('',(0.0,0.0,-1.0));
#2123=DIRECTION('',(0.0,1.0,0.0));
#2124=CARTESIAN_POINT('',(0.0,0.0,-46.7555466384365));
#2125=DIRECTION('',(0.0,0.0,-1.0));
#2126=DIRECTION('',(1.0,0.0,0.0));
#2127=FILL_AREA_STYLE('',(#2164));
#2128=FILL_AREA_STYLE('',(#2165));
#2129=FILL_AREA_STYLE('',(#2166));
#2130=FILL_AREA_STYLE('',(#2167));
#2131=FILL_AREA_STYLE('',(#2168));
#2132=FILL_AREA_STYLE('',(#2169));
#2133=FILL_AREA_STYLE('',(#2170));
#2134=FILL_AREA_STYLE('',(#2171));
#2135=FILL_AREA_STYLE('',(#2172));
#2136=FILL_AREA_STYLE('',(#2173));
#2137=FILL_AREA_STYLE('',(#2174));
#2138=FILL_AREA_STYLE('',(#2175));
#2139=FILL_AREA_STYLE('',(#2176));
#2140=FILL_AREA_STYLE('',(#2177));
#2141=FILL_AREA_STYLE('',(#2178));
#2142=FILL_AREA_STYLE('',(#2179));
#2143=FILL_AREA_STYLE('',(#2180));
#2144=FILL_AREA_STYLE('',(#2181));
#2145=FILL_AREA_STYLE('',(#2182));
#2146=FILL_AREA_STYLE('',(#2183));
#2147=FILL_AREA_STYLE('',(#2184));
#2148=FILL_AREA_STYLE('',(#2185));
#2149=FILL_AREA_STYLE('',(#2186));
#2150=FILL_AREA_STYLE('',(#2187));
#2151=FILL_AREA_STYLE('',(#2188));
#2152=FILL_AREA_STYLE('',(#2189));
#2153=FILL_AREA_STYLE('',(#2190));
#2154=FILL_AREA_STYLE('',(#2191));
#2155=FILL_AREA_STYLE('',(#2192));
#2156=FILL_AREA_STYLE('',(#2193));
#2157=FILL_AREA_STYLE('',(#2194));
#2158=FILL_AREA_STYLE('',(#2195));
#2159=FILL_AREA_STYLE('',(#2196));
#2160=FILL_AREA_STYLE('',(#2197));
#2161=FILL_AREA_STYLE('',(#2198));
#2162=FILL_AREA_STYLE('',(#2199));
#2163=FILL_AREA_STYLE('',(#2200));
#2164=FILL_AREA_STYLE_COLOUR('',#2201);
#2165=FILL_AREA_STYLE_COLOUR('',#2202);
#2166=FILL_AREA_STYLE_COLOUR('',#2203);
#2167=FILL_AREA_STYLE_COLOUR('',#2204);
#2168=FILL_AREA_STYLE_COLOUR('',#2205);
#2169=FILL_AREA_STYLE_COLOUR('',#2206);
#2170=FILL_AREA_STYLE_COLOUR('',#2207);
#2171=FILL_AREA_STYLE_COLOUR('',#2208);
#2172=FILL_AREA_STYLE_COLOUR('',#2209);
#2173=FILL_AREA_STYLE_COLOUR('',#2210);
#2174=FILL_AREA_STYLE_COLOUR('',#2211);
#2175=FILL_AREA_STYLE_COLOUR('',#2212);
#2176=FILL_AREA_STYLE_COLOUR('',#2213);
#2177=FILL_AREA_STYLE_COLOUR('',#2214);
#2178=FILL_AREA_STYLE_COLOUR('',#2215);
#2179=FILL_AREA_STYLE_COLOUR('',#2216);
#2180=FILL_AREA_STYLE_COLOUR('',#2217);
#2181=FILL_AREA_STYLE_COLOUR('',#2218);
#2182=FILL_AREA_STYLE_COLOUR('',#2219);
#2183=FILL_AREA_STYLE_COLOUR('',#2220);
#2184=FILL_AREA_STYLE_COLOUR('',#2221);
#2185=FILL_AREA_STYLE_COLOUR('',#2222);
#2186=FILL_AREA_STYLE_COLOUR('',#2223);
#2187=FILL_AREA_STYLE_COLOUR('',#2224);
#2188=FILL_AREA_STYLE_COLOUR('',#2225);
#2189=FILL_AREA_STYLE_COLOUR('',#2226);
#2190=FILL_AREA_STYLE_COLOUR('',#2227);
#2191=FILL_AREA_STYLE_COLOUR('',#2228);
#2192=FILL_AREA_STYLE_COLOUR('',#2229);
#2193=FILL_AREA_STYLE_COLOUR('',#2230);
#2194=FILL_AREA_STYLE_COLOUR('',#2231);
#2195=FILL_AREA_STYLE_COLOUR('',#2232);
#2196=FILL_AREA_STYLE_COLOUR('',#2233);
#2197=FILL_AREA_STYLE_COLOUR('',#2234);
#2198=FILL_AREA_STYLE_COLOUR('',#2235);
#2199=FILL_AREA_STYLE_COLOUR('',#2236);
#2200=FILL_AREA_STYLE_COLOUR('',#2237);
#2201=COLOUR_RGB('',0.800000011920929,0.800000011920929,0.800000011920929);
#2202=COLOUR_RGB('',0.800000011920929,0.800000011920929,0.800000011920929);
#2203=COLOUR_RGB('',0.200000002980232,0.600000023841858,1.0);
#2204=COLOUR_RGB('',0.498039215803146,0.498039215803146,0.498039215803146);
#2205=COLOUR_RGB('',0.800000011920929,0.800000011920929,0.800000011920929);
#2206=COLOUR_RGB('',0.200000002980232,0.600000023841858,1.0);
#2207=COLOUR_RGB('',0.200000002980232,0.600000023841858,1.0);
#2208=COLOUR_RGB('',0.498039215803146,0.498039215803146,0.498039215803146);
#2209=COLOUR_RGB('',0.200000002980232,0.600000023841858,1.0);
#2210=COLOUR_RGB('',0.800000011920929,0.800000011920929,0.800000011920929);
#2211=COLOUR_RGB('',0.498039215803146,0.498039215803146,0.498039215803146);
#2212=COLOUR_RGB('',0.498039215803146,0.498039215803146,0.498039215803146);
#2213=COLOUR_RGB('',0.800000011920929,0.800000011920929,0.800000011920929);
#2214=COLOUR_RGB('',0.200000002980232,0.600000023841858,1.0);
#2215=COLOUR_RGB('',0.800000011920929,0.800000011920929,0.800000011920929);
#2216=COLOUR_RGB('',0.200000002980232,0.600000023841858,1.0);
#2217=COLOUR_RGB('',0.498039215803146,0.498039215803146,0.498039215803146);
#2218=COLOUR_RGB('',0.800000011920929,0.800000011920929,0.800000011920929);
#2219=COLOUR_RGB('',0.498039215803146,0.498039215803146,0.498039215803146);
#2220=COLOUR_RGB('',0.498039215803146,0.498039215803146,0.498039215803146);
#2221=COLOUR_RGB('',0.200000002980232,0.600000023841858,1.0);
#2222=COLOUR_RGB('',0.200000002980232,0.600000023841858,1.0);
#2223=COLOUR_RGB('',0.498039215803146,0.498039215803146,0.498039215803146);
#2224=COLOUR_RGB('',0.200000002980232,0.600000023841858,1.0);
#2225=COLOUR_RGB('',0.200000002980232,0.600000023841858,1.0);
#2226=COLOUR_RGB('',0.800000011920929,0.800000011920929,0.800000011920929);
#2227=COLOUR_RGB('',0.498039215803146,0.498039215803146,0.498039215803146);
#2228=COLOUR_RGB('',0.800000011920929,0.800000011920929,0.800000011920929);
#2229=COLOUR_RGB('',0.200000002980232,0.600000023841858,1.0);
#2230=COLOUR_RGB('',0.498039215803146,0.498039215803146,0.498039215803146);
#2231=COLOUR_RGB('',0.498039215803146,0.498039215803146,0.498039215803146);
#2232=COLOUR_RGB('',0.200000002980232,0.600000023841858,1.0);
#2233=COLOUR_RGB('',0.498039215803146,0.498039215803146,0.498039215803146);
#2234=COLOUR_RGB('',0.498039215803146,0.498039215803146,0.498039215803146);
#2235=COLOUR_RGB('',0.498039215803146,0.498039215803146,0.498039215803146);
#2236=COLOUR_RGB('',0.498039215803146,0.498039215803146,0.498039215803146);
#2237=COLOUR_RGB('',0.800000011920929,0.800000011920929,0.800000011920929);
#2238=AXIS2_PLACEMENT_3D('CIP',#2239,#2240,#2241);
#2239=CARTESIAN_POINT('',(0.0,0.0,-110.0));
#2240=DIRECTION('',(0.0,0.0,1.0));
#2241=DIRECTION('',(1.0,0.0,0.0));
#2242=AXIS2_PLACEMENT_3D('MCS',#2243,#2244,#2245);
#2243=CARTESIAN_POINT('',(0.0,0.0,-53.0));
#2244=DIRECTION('',(0.0,0.0,1.0));
#2245=DIRECTION('',(1.0,0.0,0.0));
#2246=AXIS2_PLACEMENT_3D('PCS',#2247,#2248,#2249);
#2247=CARTESIAN_POINT('',(0.0,0.0,0.0));
#2248=DIRECTION('',(0.0,0.0,1.0));
#2249=DIRECTION('',(1.0,0.0,0.0));
#2250=CONSTRUCTIVE_GEOMETRY_REPRESENTATION_RELATIONSHIP('coordinate systems',$,#186,#2251);
#2251=CONSTRUCTIVE_GEOMETRY_REPRESENTATION('coordinate systems',(#2238,#2242,#2246),#10);
ENDSEC;
END-ISO-10303-21;
