ISO-10303-21;
HEADER;
FILE_DESCRIPTION(('no description'),'unknown implementation level');
FILE_NAME('solidKH91TujI9h7VpidbNSON63SPJew_1.STP','  ',('CIMSOURCE GmbH'),('CADClick - KiM GmbH - www.kimweb.de'),'unknown preprocess','ACIS','unknown authorization');
FILE_SCHEMA(('automotive_design'));
ENDSEC;
DATA;
#1=MECHANICAL_DESIGN_GEOMETRIC_PRESENTATION_REPRESENTATION(' ',(#14,#15,#16,#17,#18,#19,#20,#21,#22,#23,#24,#25,#26,#27,#28,#29,#30,#31,#32,#33,#34,#35,#36,#37,#38,#39,#40,#41,#42,#43,#44,#45,#46,#47,#48,#49,#50,#51,#52,#53,#54,#55,#56,#57,#58,#59,#60,#61,#62,#63,#64,#65,#66,#67,#68,#69,#70,#71,#72,#73,#74,#75,#76,#77,#78,#79,#80,#81,#82,#83,#84,#85,#86,#87,#88,#89,#90,#91,#92,#93,#94,#95,#96,#97,#98,#99,#100,#101,#102,#103,#104,#105,#106,#107,#108,#109,#110,#111,#112,#113,#114,#115,#116,#117,#118,#119,#120,#121,#122,#123,#124,#125,#126,#127,#128,#129,#130,#131,#132,#133,#134,#135,#136,#137,#138,#139,#140,#141,#142,#143,#144,#145,#146,#147,#148,#149,#150,#151,#152,#153,#154,#155,#156,#157,#158,#159,#160,#161,#162,#163,#164,#165,#166,#167,#168,#169,#170,#171,#172,#173,#174,#175,#176,#177,#178,#179,#180,#181,#182,#183,#184,#185,#186,#187,#188,#189,#190,#191,#192,#193,#194),#10);
#2=PRODUCT_DEFINITION_CONTEXT('',#195,'design');
#3=APPLICATION_PROTOCOL_DEFINITION('INTERNATIONAL STANDARD','automotive_design',1994,#195);
#4=PRODUCT_CATEGORY_RELATIONSHIP('NONE','NONE',#196,#197);
#5=SHAPE_DEFINITION_REPRESENTATION(#198,#199);
#6=PRODUCT_DEFINITION_CONTEXT('',#200,'design');
#7=APPLICATION_PROTOCOL_DEFINITION('INTERNATIONAL STANDARD','automotive_design',1994,#200);
#8=PRODUCT_CATEGORY_RELATIONSHIP('NONE','NONE',#201,#202);
#9=SHAPE_DEFINITION_REPRESENTATION(#203,#204);
#10= (GEOMETRIC_REPRESENTATION_CONTEXT(3)GLOBAL_UNCERTAINTY_ASSIGNED_CONTEXT((#207))GLOBAL_UNIT_ASSIGNED_CONTEXT((#209,#210,#211))REPRESENTATION_CONTEXT('NONE','WORKSPACE'));
#14=STYLED_ITEM('',(#213),#214);
#15=STYLED_ITEM('',(#215),#216);
#16=STYLED_ITEM('',(#217),#218);
#17=STYLED_ITEM('',(#219),#220);
#18=STYLED_ITEM('',(#221),#222);
#19=STYLED_ITEM('',(#223),#224);
#20=STYLED_ITEM('',(#225),#226);
#21=STYLED_ITEM('',(#227),#228);
#22=STYLED_ITEM('',(#229),#230);
#23=STYLED_ITEM('',(#231),#232);
#24=STYLED_ITEM('',(#233),#234);
#25=STYLED_ITEM('',(#235),#236);
#26=STYLED_ITEM('',(#237),#238);
#27=STYLED_ITEM('',(#239),#240);
#28=STYLED_ITEM('',(#241),#242);
#29=STYLED_ITEM('',(#243),#244);
#30=STYLED_ITEM('',(#245),#246);
#31=STYLED_ITEM('',(#247),#248);
#32=STYLED_ITEM('',(#249),#250);
#33=STYLED_ITEM('',(#251),#252);
#34=STYLED_ITEM('',(#253),#254);
#35=STYLED_ITEM('',(#255),#256);
#36=STYLED_ITEM('',(#257),#258);
#37=STYLED_ITEM('',(#259),#260);
#38=STYLED_ITEM('',(#261),#262);
#39=STYLED_ITEM('',(#263),#264);
#40=STYLED_ITEM('',(#265),#266);
#41=STYLED_ITEM('',(#267),#268);
#42=STYLED_ITEM('',(#269),#270);
#43=STYLED_ITEM('',(#271),#272);
#44=STYLED_ITEM('',(#273),#274);
#45=STYLED_ITEM('',(#275),#276);
#46=STYLED_ITEM('',(#277),#278);
#47=STYLED_ITEM('',(#279),#280);
#48=STYLED_ITEM('',(#281),#282);
#49=STYLED_ITEM('',(#283),#284);
#50=STYLED_ITEM('',(#285),#286);
#51=STYLED_ITEM('',(#287),#288);
#52=STYLED_ITEM('',(#289),#290);
#53=STYLED_ITEM('',(#291),#292);
#54=STYLED_ITEM('',(#293),#294);
#55=STYLED_ITEM('',(#295),#296);
#56=STYLED_ITEM('',(#297),#298);
#57=STYLED_ITEM('',(#299),#300);
#58=STYLED_ITEM('',(#301),#302);
#59=STYLED_ITEM('',(#303),#304);
#60=STYLED_ITEM('',(#305),#306);
#61=STYLED_ITEM('',(#307),#308);
#62=STYLED_ITEM('',(#309),#310);
#63=STYLED_ITEM('',(#311),#312);
#64=STYLED_ITEM('',(#313),#314);
#65=STYLED_ITEM('',(#315),#316);
#66=STYLED_ITEM('',(#317),#318);
#67=STYLED_ITEM('',(#319),#320);
#68=STYLED_ITEM('',(#321),#322);
#69=STYLED_ITEM('',(#323),#324);
#70=STYLED_ITEM('',(#325),#326);
#71=STYLED_ITEM('',(#327),#328);
#72=STYLED_ITEM('',(#329),#330);
#73=STYLED_ITEM('',(#331),#332);
#74=STYLED_ITEM('',(#333),#334);
#75=STYLED_ITEM('',(#335),#336);
#76=STYLED_ITEM('',(#337),#338);
#77=STYLED_ITEM('',(#339),#340);
#78=STYLED_ITEM('',(#341),#342);
#79=STYLED_ITEM('',(#343),#344);
#80=STYLED_ITEM('',(#345),#346);
#81=STYLED_ITEM('',(#347),#348);
#82=STYLED_ITEM('',(#349),#350);
#83=STYLED_ITEM('',(#351),#352);
#84=STYLED_ITEM('',(#353),#354);
#85=STYLED_ITEM('',(#355),#356);
#86=STYLED_ITEM('',(#357),#358);
#87=STYLED_ITEM('',(#359),#360);
#88=STYLED_ITEM('',(#361),#362);
#89=STYLED_ITEM('',(#363),#364);
#90=STYLED_ITEM('',(#365),#366);
#91=STYLED_ITEM('',(#367),#368);
#92=STYLED_ITEM('',(#369),#370);
#93=STYLED_ITEM('',(#371),#372);
#94=STYLED_ITEM('',(#373),#374);
#95=STYLED_ITEM('',(#375),#376);
#96=STYLED_ITEM('',(#377),#378);
#97=STYLED_ITEM('',(#379),#380);
#98=STYLED_ITEM('',(#381),#382);
#99=STYLED_ITEM('',(#383),#384);
#100=STYLED_ITEM('',(#385),#386);
#101=STYLED_ITEM('',(#387),#388);
#102=STYLED_ITEM('',(#389),#390);
#103=STYLED_ITEM('',(#391),#392);
#104=STYLED_ITEM('',(#393),#394);
#105=STYLED_ITEM('',(#395),#396);
#106=STYLED_ITEM('',(#397),#398);
#107=STYLED_ITEM('',(#399),#400);
#108=STYLED_ITEM('',(#401),#402);
#109=STYLED_ITEM('',(#403),#404);
#110=STYLED_ITEM('',(#405),#406);
#111=STYLED_ITEM('',(#407),#408);
#112=STYLED_ITEM('',(#409),#410);
#113=STYLED_ITEM('',(#411),#412);
#114=STYLED_ITEM('',(#413),#414);
#115=STYLED_ITEM('',(#415),#416);
#116=STYLED_ITEM('',(#417),#418);
#117=STYLED_ITEM('',(#419),#420);
#118=STYLED_ITEM('',(#421),#422);
#119=STYLED_ITEM('',(#423),#424);
#120=STYLED_ITEM('',(#425),#426);
#121=STYLED_ITEM('',(#427),#428);
#122=STYLED_ITEM('',(#429),#430);
#123=STYLED_ITEM('',(#431),#432);
#124=STYLED_ITEM('',(#433),#434);
#125=STYLED_ITEM('',(#435),#436);
#126=STYLED_ITEM('',(#437),#438);
#127=STYLED_ITEM('',(#439),#440);
#128=STYLED_ITEM('',(#441),#442);
#129=STYLED_ITEM('',(#443),#444);
#130=STYLED_ITEM('',(#445),#446);
#131=STYLED_ITEM('',(#447),#448);
#132=STYLED_ITEM('',(#449),#450);
#133=STYLED_ITEM('',(#451),#452);
#134=STYLED_ITEM('',(#453),#454);
#135=STYLED_ITEM('',(#455),#456);
#136=STYLED_ITEM('',(#457),#458);
#137=STYLED_ITEM('',(#459),#460);
#138=STYLED_ITEM('',(#461),#462);
#139=STYLED_ITEM('',(#463),#464);
#140=STYLED_ITEM('',(#465),#466);
#141=STYLED_ITEM('',(#467),#468);
#142=STYLED_ITEM('',(#469),#470);
#143=STYLED_ITEM('',(#471),#472);
#144=STYLED_ITEM('',(#473),#474);
#145=STYLED_ITEM('',(#475),#476);
#146=STYLED_ITEM('',(#477),#478);
#147=STYLED_ITEM('',(#479),#480);
#148=STYLED_ITEM('',(#481),#482);
#149=STYLED_ITEM('',(#483),#484);
#150=STYLED_ITEM('',(#485),#486);
#151=STYLED_ITEM('',(#487),#488);
#152=STYLED_ITEM('',(#489),#490);
#153=STYLED_ITEM('',(#491),#492);
#154=STYLED_ITEM('',(#493),#494);
#155=STYLED_ITEM('',(#495),#496);
#156=STYLED_ITEM('',(#497),#498);
#157=STYLED_ITEM('',(#499),#500);
#158=STYLED_ITEM('',(#501),#502);
#159=STYLED_ITEM('',(#503),#504);
#160=STYLED_ITEM('',(#505),#506);
#161=STYLED_ITEM('',(#507),#508);
#162=STYLED_ITEM('',(#509),#510);
#163=STYLED_ITEM('',(#511),#512);
#164=STYLED_ITEM('',(#513),#514);
#165=STYLED_ITEM('',(#515),#516);
#166=STYLED_ITEM('',(#517),#518);
#167=STYLED_ITEM('',(#519),#520);
#168=STYLED_ITEM('',(#521),#522);
#169=STYLED_ITEM('',(#523),#524);
#170=STYLED_ITEM('',(#525),#526);
#171=STYLED_ITEM('',(#527),#528);
#172=STYLED_ITEM('',(#529),#530);
#173=STYLED_ITEM('',(#531),#532);
#174=STYLED_ITEM('',(#533),#534);
#175=STYLED_ITEM('',(#535),#536);
#176=STYLED_ITEM('',(#537),#538);
#177=STYLED_ITEM('',(#539),#540);
#178=STYLED_ITEM('',(#541),#542);
#179=STYLED_ITEM('',(#543),#544);
#180=STYLED_ITEM('',(#545),#546);
#181=STYLED_ITEM('',(#547),#548);
#182=STYLED_ITEM('',(#549),#550);
#183=STYLED_ITEM('',(#551),#552);
#184=STYLED_ITEM('',(#553),#554);
#185=STYLED_ITEM('',(#555),#556);
#186=STYLED_ITEM('',(#557),#558);
#187=STYLED_ITEM('',(#559),#560);
#188=STYLED_ITEM('',(#561),#562);
#189=STYLED_ITEM('',(#563),#564);
#190=STYLED_ITEM('',(#565),#566);
#191=STYLED_ITEM('',(#567),#568);
#192=STYLED_ITEM('',(#569),#570);
#193=STYLED_ITEM('',(#571),#572);
#194=STYLED_ITEM('',(#573),#574);
#195=APPLICATION_CONTEXT(' ');
#196=PRODUCT_CATEGORY('part','NONE');
#197=PRODUCT_RELATED_PRODUCT_CATEGORY('detail',' ',(#575));
#198=PRODUCT_DEFINITION_SHAPE('NONE','NONE',#576);
#199=ADVANCED_BREP_SHAPE_REPRESENTATION('NOCUT',(#552,#577),#10);
#200=APPLICATION_CONTEXT(' ');
#201=PRODUCT_CATEGORY('part','NONE');
#202=PRODUCT_RELATED_PRODUCT_CATEGORY('detail',' ',(#578));
#203=PRODUCT_DEFINITION_SHAPE('NONE','NONE',#579);
#204=ADVANCED_BREP_SHAPE_REPRESENTATION('CUT',(#446,#580),#10);
#207=UNCERTAINTY_MEASURE_WITH_UNIT(LENGTH_MEASURE(1.0E-006),#209,'','');
#209= (CONVERSION_BASED_UNIT('MILLIMETRE',#583)LENGTH_UNIT()NAMED_UNIT(#586));
#210= (NAMED_UNIT(#588)PLANE_ANGLE_UNIT()SI_UNIT($,.RADIAN.));
#211= (NAMED_UNIT(#588)SOLID_ANGLE_UNIT()SI_UNIT($,.STERADIAN.));
#213=PRESENTATION_STYLE_ASSIGNMENT((#594));
#214=VERTEX_POINT('',#595);
#215=PRESENTATION_STYLE_ASSIGNMENT((#596));
#216=ADVANCED_FACE('',(#597),#598,.T.);
#217=PRESENTATION_STYLE_ASSIGNMENT((#599));
#218=ADVANCED_FACE('',(#600,#601),#602,.T.);
#219=PRESENTATION_STYLE_ASSIGNMENT((#603));
#220=ADVANCED_FACE('',(#604),#605,.T.);
#221=PRESENTATION_STYLE_ASSIGNMENT((#606));
#222=EDGE_CURVE('',#440,#254,#607,.T.);
#223=PRESENTATION_STYLE_ASSIGNMENT((#608));
#224=ADVANCED_FACE('',(#609),#610,.F.);
#225=PRESENTATION_STYLE_ASSIGNMENT((#611));
#226=EDGE_CURVE('',#424,#484,#612,.T.);
#227=PRESENTATION_STYLE_ASSIGNMENT((#613));
#228=EDGE_CURVE('',#254,#538,#614,.T.);
#229=PRESENTATION_STYLE_ASSIGNMENT((#615));
#230=EDGE_CURVE('',#466,#480,#616,.T.);
#231=PRESENTATION_STYLE_ASSIGNMENT((#617));
#232=EDGE_CURVE('',#508,#438,#618,.T.);
#233=PRESENTATION_STYLE_ASSIGNMENT((#619));
#234=VERTEX_POINT('',#620);
#235=PRESENTATION_STYLE_ASSIGNMENT((#621));
#236=EDGE_CURVE('',#570,#328,#622,.T.);
#237=PRESENTATION_STYLE_ASSIGNMENT((#623));
#238=EDGE_CURVE('',#272,#560,#624,.T.);
#239=PRESENTATION_STYLE_ASSIGNMENT((#625));
#240=ADVANCED_FACE('',(#626),#627,.T.);
#241=PRESENTATION_STYLE_ASSIGNMENT((#628));
#242=EDGE_CURVE('',#484,#424,#629,.T.);
#243=PRESENTATION_STYLE_ASSIGNMENT((#630));
#244=EDGE_CURVE('',#328,#570,#631,.T.);
#245=PRESENTATION_STYLE_ASSIGNMENT((#632));
#246=EDGE_CURVE('',#424,#288,#633,.T.);
#247=PRESENTATION_STYLE_ASSIGNMENT((#634));
#248=ADVANCED_FACE('',(#635),#636,.T.);
#249=PRESENTATION_STYLE_ASSIGNMENT((#637));
#250=EDGE_CURVE('',#428,#314,#638,.T.);
#251=PRESENTATION_STYLE_ASSIGNMENT((#639));
#252=VERTEX_POINT('',#640);
#253=PRESENTATION_STYLE_ASSIGNMENT((#641));
#254=VERTEX_POINT('',#642);
#255=PRESENTATION_STYLE_ASSIGNMENT((#643));
#256=ADVANCED_FACE('',(#644),#645,.T.);
#257=PRESENTATION_STYLE_ASSIGNMENT((#646));
#258=ADVANCED_FACE('',(#647),#648,.F.);
#259=PRESENTATION_STYLE_ASSIGNMENT((#649));
#260=EDGE_CURVE('',#396,#300,#650,.T.);
#261=PRESENTATION_STYLE_ASSIGNMENT((#651));
#262=EDGE_CURVE('',#362,#508,#652,.T.);
#263=PRESENTATION_STYLE_ASSIGNMENT((#653));
#264=EDGE_CURVE('',#346,#506,#654,.T.);
#265=PRESENTATION_STYLE_ASSIGNMENT((#655));
#266=VERTEX_POINT('',#656);
#267=PRESENTATION_STYLE_ASSIGNMENT((#657));
#268=VERTEX_POINT('',#658);
#269=PRESENTATION_STYLE_ASSIGNMENT((#659));
#270=VERTEX_POINT('',#660);
#271=PRESENTATION_STYLE_ASSIGNMENT((#661));
#272=VERTEX_POINT('',#662);
#273=PRESENTATION_STYLE_ASSIGNMENT((#663));
#274=EDGE_CURVE('',#344,#442,#664,.T.);
#275=PRESENTATION_STYLE_ASSIGNMENT((#665));
#276=EDGE_CURVE('',#444,#334,#666,.T.);
#277=PRESENTATION_STYLE_ASSIGNMENT((#667));
#278=VERTEX_POINT('',#668);
#279=PRESENTATION_STYLE_ASSIGNMENT((#669));
#280=EDGE_CURVE('',#278,#272,#670,.T.);
#281=PRESENTATION_STYLE_ASSIGNMENT((#671));
#282=VERTEX_POINT('',#672);
#283=PRESENTATION_STYLE_ASSIGNMENT((#673));
#284=EDGE_CURVE('',#268,#278,#674,.T.);
#285=PRESENTATION_STYLE_ASSIGNMENT((#675));
#286=EDGE_CURVE('',#560,#496,#676,.T.);
#287=PRESENTATION_STYLE_ASSIGNMENT((#677));
#288=VERTEX_POINT('',#678);
#289=PRESENTATION_STYLE_ASSIGNMENT((#679));
#290=EDGE_CURVE('',#362,#382,#680,.T.);
#291=PRESENTATION_STYLE_ASSIGNMENT((#681));
#292=ADVANCED_FACE('',(#682),#683,.F.);
#293=PRESENTATION_STYLE_ASSIGNMENT((#684));
#294=EDGE_CURVE('',#288,#532,#685,.T.);
#295=PRESENTATION_STYLE_ASSIGNMENT((#686));
#296=EDGE_CURVE('',#504,#234,#687,.T.);
#297=PRESENTATION_STYLE_ASSIGNMENT((#688));
#298=EDGE_CURVE('',#438,#508,#689,.T.);
#299=PRESENTATION_STYLE_ASSIGNMENT((#690));
#300=VERTEX_POINT('',#691);
#301=PRESENTATION_STYLE_ASSIGNMENT((#692));
#302=EDGE_CURVE('',#214,#384,#693,.T.);
#303=PRESENTATION_STYLE_ASSIGNMENT((#694));
#304=ADVANCED_FACE('',(#695),#696,.T.);
#305=PRESENTATION_STYLE_ASSIGNMENT((#697));
#306=EDGE_CURVE('',#506,#252,#698,.T.);
#307=PRESENTATION_STYLE_ASSIGNMENT((#699));
#308=ADVANCED_FACE('',(#700),#701,.T.);
#309=PRESENTATION_STYLE_ASSIGNMENT((#702));
#310=EDGE_CURVE('',#462,#266,#703,.T.);
#311=PRESENTATION_STYLE_ASSIGNMENT((#704));
#312=ADVANCED_FACE('',(#705),#706,.F.);
#313=PRESENTATION_STYLE_ASSIGNMENT((#707));
#314=VERTEX_POINT('',#708);
#315=PRESENTATION_STYLE_ASSIGNMENT((#709));
#316=EDGE_CURVE('',#382,#362,#710,.T.);
#317=PRESENTATION_STYLE_ASSIGNMENT((#711));
#318=EDGE_CURVE('',#410,#388,#712,.T.);
#319=PRESENTATION_STYLE_ASSIGNMENT((#713));
#320=EDGE_CURVE('',#252,#428,#714,.T.);
#321=PRESENTATION_STYLE_ASSIGNMENT((#715));
#322=ADVANCED_FACE('',(#716),#717,.F.);
#323=PRESENTATION_STYLE_ASSIGNMENT((#718));
#324=VERTEX_POINT('',#719);
#325=PRESENTATION_STYLE_ASSIGNMENT((#720));
#326=EDGE_CURVE('',#572,#532,#721,.T.);
#327=PRESENTATION_STYLE_ASSIGNMENT((#722));
#328=VERTEX_POINT('',#723);
#329=PRESENTATION_STYLE_ASSIGNMENT((#724));
#330=VERTEX_POINT('',#725);
#331=PRESENTATION_STYLE_ASSIGNMENT((#726));
#332=EDGE_CURVE('',#266,#396,#727,.T.);
#333=PRESENTATION_STYLE_ASSIGNMENT((#728));
#334=VERTEX_POINT('',#729);
#335=PRESENTATION_STYLE_ASSIGNMENT((#730));
#336=EDGE_CURVE('',#282,#492,#731,.T.);
#337=PRESENTATION_STYLE_ASSIGNMENT((#732));
#338=EDGE_CURVE('',#516,#484,#733,.T.);
#339=PRESENTATION_STYLE_ASSIGNMENT((#734));
#340=ADVANCED_FACE('',(#735,#736),#737,.T.);
#341=PRESENTATION_STYLE_ASSIGNMENT((#738));
#342=ADVANCED_FACE('',(#739),#740,.T.);
#343=PRESENTATION_STYLE_ASSIGNMENT((#741));
#344=VERTEX_POINT('',#742);
#345=PRESENTATION_STYLE_ASSIGNMENT((#743));
#346=VERTEX_POINT('',#744);
#347=PRESENTATION_STYLE_ASSIGNMENT((#745));
#348=VERTEX_POINT('',#746);
#349=PRESENTATION_STYLE_ASSIGNMENT((#747));
#350=ADVANCED_FACE('',(#748),#749,.F.);
#351=PRESENTATION_STYLE_ASSIGNMENT((#750));
#352=EDGE_CURVE('',#314,#368,#751,.T.);
#353=PRESENTATION_STYLE_ASSIGNMENT((#752));
#354=VERTEX_POINT('',#753);
#355=PRESENTATION_STYLE_ASSIGNMENT((#754));
#356=EDGE_CURVE('',#546,#570,#755,.T.);
#357=PRESENTATION_STYLE_ASSIGNMENT((#756));
#358=VERTEX_POINT('',#757);
#359=PRESENTATION_STYLE_ASSIGNMENT((#758));
#360=EDGE_CURVE('',#384,#476,#759,.T.);
#361=PRESENTATION_STYLE_ASSIGNMENT((#760));
#362=VERTEX_POINT('',#761);
#363=PRESENTATION_STYLE_ASSIGNMENT((#762));
#364=EDGE_CURVE('',#444,#362,#763,.T.);
#365=PRESENTATION_STYLE_ASSIGNMENT((#764));
#366=EDGE_CURVE('',#516,#288,#765,.T.);
#367=PRESENTATION_STYLE_ASSIGNMENT((#766));
#368=VERTEX_POINT('',#767);
#369=PRESENTATION_STYLE_ASSIGNMENT((#768));
#370=EDGE_CURVE('',#410,#266,#769,.T.);
#371=PRESENTATION_STYLE_ASSIGNMENT((#770));
#372=EDGE_CURVE('',#330,#572,#771,.T.);
#373=PRESENTATION_STYLE_ASSIGNMENT((#772));
#374=EDGE_CURVE('',#388,#462,#773,.T.);
#375=PRESENTATION_STYLE_ASSIGNMENT((#774));
#376=ADVANCED_FACE('',(#775),#776,.T.);
#377=PRESENTATION_STYLE_ASSIGNMENT((#777));
#378=EDGE_CURVE('',#388,#344,#778,.T.);
#379=PRESENTATION_STYLE_ASSIGNMENT((#779));
#380=EDGE_CURVE('',#270,#214,#780,.T.);
#381=PRESENTATION_STYLE_ASSIGNMENT((#781));
#382=VERTEX_POINT('',#782);
#383=PRESENTATION_STYLE_ASSIGNMENT((#783));
#384=VERTEX_POINT('',#784);
#385=PRESENTATION_STYLE_ASSIGNMENT((#785));
#386=EDGE_CURVE('',#496,#354,#786,.T.);
#387=PRESENTATION_STYLE_ASSIGNMENT((#787));
#388=VERTEX_POINT('',#788);
#389=PRESENTATION_STYLE_ASSIGNMENT((#789));
#390=ADVANCED_FACE('',(#790),#791,.F.);
#391=PRESENTATION_STYLE_ASSIGNMENT((#792));
#392=EDGE_CURVE('',#278,#492,#793,.T.);
#393=PRESENTATION_STYLE_ASSIGNMENT((#794));
#394=EDGE_CURVE('',#288,#516,#795,.T.);
#395=PRESENTATION_STYLE_ASSIGNMENT((#796));
#396=VERTEX_POINT('',#797);
#397=PRESENTATION_STYLE_ASSIGNMENT((#798));
#398=ADVANCED_FACE('',(#799),#800,.F.);
#399=PRESENTATION_STYLE_ASSIGNMENT((#801));
#400=ADVANCED_FACE('',(#802),#803,.T.);
#401=PRESENTATION_STYLE_ASSIGNMENT((#804));
#402=EDGE_CURVE('',#282,#568,#805,.T.);
#403=PRESENTATION_STYLE_ASSIGNMENT((#806));
#404=EDGE_CURVE('',#368,#346,#807,.T.);
#405=PRESENTATION_STYLE_ASSIGNMENT((#808));
#406=ADVANCED_FACE('',(#809),#810,.F.);
#407=PRESENTATION_STYLE_ASSIGNMENT((#811));
#408=EDGE_CURVE('',#268,#358,#812,.T.);
#409=PRESENTATION_STYLE_ASSIGNMENT((#813));
#410=VERTEX_POINT('',#814);
#411=PRESENTATION_STYLE_ASSIGNMENT((#815));
#412=ADVANCED_FACE('',(#816),#817,.T.);
#413=PRESENTATION_STYLE_ASSIGNMENT((#818));
#414=EDGE_CURVE('',#512,#396,#819,.T.);
#415=PRESENTATION_STYLE_ASSIGNMENT((#820));
#416=EDGE_CURVE('',#572,#516,#821,.T.);
#417=PRESENTATION_STYLE_ASSIGNMENT((#822));
#418=EDGE_CURVE('',#348,#300,#823,.T.);
#419=PRESENTATION_STYLE_ASSIGNMENT((#824));
#420=EDGE_CURVE('',#506,#346,#825,.T.);
#421=PRESENTATION_STYLE_ASSIGNMENT((#826));
#422=EDGE_CURVE('',#270,#476,#827,.T.);
#423=PRESENTATION_STYLE_ASSIGNMENT((#828));
#424=VERTEX_POINT('',#829);
#425=PRESENTATION_STYLE_ASSIGNMENT((#830));
#426=EDGE_CURVE('',#348,#512,#831,.T.);
#427=PRESENTATION_STYLE_ASSIGNMENT((#832));
#428=VERTEX_POINT('',#833);
#429=PRESENTATION_STYLE_ASSIGNMENT((#834));
#430=EDGE_CURVE('',#538,#496,#835,.T.);
#431=PRESENTATION_STYLE_ASSIGNMENT((#836));
#432=EDGE_CURVE('',#234,#348,#837,.T.);
#433=PRESENTATION_STYLE_ASSIGNMENT((#838));
#434=EDGE_CURVE('',#252,#368,#839,.T.);
#435=PRESENTATION_STYLE_ASSIGNMENT((#840));
#436=ADVANCED_FACE('',(#841),#842,.F.);
#437=PRESENTATION_STYLE_ASSIGNMENT((#843));
#438=VERTEX_POINT('',#844);
#439=PRESENTATION_STYLE_ASSIGNMENT((#845));
#440=VERTEX_POINT('',#846);
#441=PRESENTATION_STYLE_ASSIGNMENT((#847));
#442=VERTEX_POINT('',#848);
#443=PRESENTATION_STYLE_ASSIGNMENT((#849));
#444=VERTEX_POINT('',#850);
#445=PRESENTATION_STYLE_ASSIGNMENT((#851));
#446=MANIFOLD_SOLID_BREP('CUT',#852);
#447=PRESENTATION_STYLE_ASSIGNMENT((#853));
#448=EDGE_CURVE('',#272,#354,#854,.T.);
#449=PRESENTATION_STYLE_ASSIGNMENT((#855));
#450=ADVANCED_FACE('',(#856),#857,.T.);
#451=PRESENTATION_STYLE_ASSIGNMENT((#858));
#452=ADVANCED_FACE('',(#859),#860,.F.);
#453=PRESENTATION_STYLE_ASSIGNMENT((#861));
#454=EDGE_CURVE('',#570,#254,#862,.T.);
#455=PRESENTATION_STYLE_ASSIGNMENT((#863));
#456=ADVANCED_FACE('',(#864),#865,.F.);
#457=PRESENTATION_STYLE_ASSIGNMENT((#866));
#458=EDGE_CURVE('',#324,#546,#867,.T.);
#459=PRESENTATION_STYLE_ASSIGNMENT((#868));
#460=ADVANCED_FACE('',(#869),#870,.T.);
#461=PRESENTATION_STYLE_ASSIGNMENT((#871));
#462=VERTEX_POINT('',#872);
#463=PRESENTATION_STYLE_ASSIGNMENT((#873));
#464=EDGE_CURVE('',#314,#428,#874,.T.);
#465=PRESENTATION_STYLE_ASSIGNMENT((#875));
#466=VERTEX_POINT('',#876);
#467=PRESENTATION_STYLE_ASSIGNMENT((#877));
#468=EDGE_CURVE('',#330,#442,#878,.T.);
#469=PRESENTATION_STYLE_ASSIGNMENT((#879));
#470=EDGE_CURVE('',#466,#384,#880,.T.);
#471=PRESENTATION_STYLE_ASSIGNMENT((#881));
#472=EDGE_CURVE('',#492,#568,#882,.T.);
#473=PRESENTATION_STYLE_ASSIGNMENT((#883));
#474=EDGE_CURVE('',#344,#268,#884,.T.);
#475=PRESENTATION_STYLE_ASSIGNMENT((#885));
#476=VERTEX_POINT('',#886);
#477=PRESENTATION_STYLE_ASSIGNMENT((#887));
#478=EDGE_CURVE('',#476,#270,#888,.T.);
#479=PRESENTATION_STYLE_ASSIGNMENT((#889));
#480=VERTEX_POINT('',#890);
#481=PRESENTATION_STYLE_ASSIGNMENT((#891));
#482=ADVANCED_FACE('',(#892),#893,.T.);
#483=PRESENTATION_STYLE_ASSIGNMENT((#894));
#484=VERTEX_POINT('',#895);
#485=PRESENTATION_STYLE_ASSIGNMENT((#896));
#486=ADVANCED_FACE('',(#897),#898,.T.);
#487=PRESENTATION_STYLE_ASSIGNMENT((#899));
#488=ADVANCED_FACE('',(#900),#901,.T.);
#489=PRESENTATION_STYLE_ASSIGNMENT((#902));
#490=ADVANCED_FACE('',(#903),#904,.T.);
#491=PRESENTATION_STYLE_ASSIGNMENT((#905));
#492=VERTEX_POINT('',#906);
#493=PRESENTATION_STYLE_ASSIGNMENT((#907));
#494=EDGE_CURVE('',#358,#330,#908,.T.);
#495=PRESENTATION_STYLE_ASSIGNMENT((#909));
#496=VERTEX_POINT('',#910);
#497=PRESENTATION_STYLE_ASSIGNMENT((#911));
#498=ADVANCED_FACE('',(#912,#913),#914,.T.);
#499=PRESENTATION_STYLE_ASSIGNMENT((#915));
#500=ADVANCED_FACE('',(#916),#917,.T.);
#501=PRESENTATION_STYLE_ASSIGNMENT((#918));
#502=EDGE_CURVE('',#368,#252,#919,.T.);
#503=PRESENTATION_STYLE_ASSIGNMENT((#920));
#504=VERTEX_POINT('',#921);
#505=PRESENTATION_STYLE_ASSIGNMENT((#922));
#506=VERTEX_POINT('',#923);
#507=PRESENTATION_STYLE_ASSIGNMENT((#924));
#508=VERTEX_POINT('',#925);
#509=PRESENTATION_STYLE_ASSIGNMENT((#926));
#510=EDGE_CURVE('',#546,#324,#927,.T.);
#511=PRESENTATION_STYLE_ASSIGNMENT((#928));
#512=VERTEX_POINT('',#929);
#513=PRESENTATION_STYLE_ASSIGNMENT((#930));
#514=ADVANCED_FACE('',(#931),#932,.F.);
#515=PRESENTATION_STYLE_ASSIGNMENT((#933));
#516=VERTEX_POINT('',#934);
#517=PRESENTATION_STYLE_ASSIGNMENT((#935));
#518=EDGE_CURVE('',#300,#440,#936,.T.);
#519=PRESENTATION_STYLE_ASSIGNMENT((#937));
#520=ADVANCED_FACE('',(#938),#939,.T.);
#521=PRESENTATION_STYLE_ASSIGNMENT((#940));
#522=EDGE_CURVE('',#560,#504,#941,.T.);
#523=PRESENTATION_STYLE_ASSIGNMENT((#942));
#524=ADVANCED_FACE('',(#943),#944,.T.);
#525=PRESENTATION_STYLE_ASSIGNMENT((#945));
#526=ADVANCED_FACE('',(#946),#947,.T.);
#527=PRESENTATION_STYLE_ASSIGNMENT((#948));
#528=EDGE_CURVE('',#354,#282,#949,.T.);
#529=PRESENTATION_STYLE_ASSIGNMENT((#950));
#530=EDGE_CURVE('',#334,#444,#951,.T.);
#531=PRESENTATION_STYLE_ASSIGNMENT((#952));
#532=VERTEX_POINT('',#953);
#533=PRESENTATION_STYLE_ASSIGNMENT((#954));
#534=EDGE_CURVE('',#512,#410,#955,.T.);
#535=PRESENTATION_STYLE_ASSIGNMENT((#956));
#536=EDGE_CURVE('',#438,#382,#957,.T.);
#537=PRESENTATION_STYLE_ASSIGNMENT((#958));
#538=VERTEX_POINT('',#959);
#539=PRESENTATION_STYLE_ASSIGNMENT((#960));
#540=EDGE_CURVE('',#532,#572,#961,.T.);
#541=PRESENTATION_STYLE_ASSIGNMENT((#962));
#542=EDGE_CURVE('',#480,#466,#963,.T.);
#543=PRESENTATION_STYLE_ASSIGNMENT((#964));
#544=EDGE_CURVE('',#532,#328,#965,.T.);
#545=PRESENTATION_STYLE_ASSIGNMENT((#966));
#546=VERTEX_POINT('',#967);
#547=PRESENTATION_STYLE_ASSIGNMENT((#968));
#548=EDGE_CURVE('',#568,#358,#969,.T.);
#549=PRESENTATION_STYLE_ASSIGNMENT((#970));
#550=EDGE_CURVE('',#234,#440,#971,.T.);
#551=PRESENTATION_STYLE_ASSIGNMENT((#972));
#552=MANIFOLD_SOLID_BREP('NOCUT',#973);
#553=PRESENTATION_STYLE_ASSIGNMENT((#974));
#554=ADVANCED_FACE('',(#975),#976,.T.);
#555=PRESENTATION_STYLE_ASSIGNMENT((#977));
#556=EDGE_CURVE('',#442,#462,#978,.T.);
#557=PRESENTATION_STYLE_ASSIGNMENT((#979));
#558=EDGE_CURVE('',#504,#538,#980,.T.);
#559=PRESENTATION_STYLE_ASSIGNMENT((#981));
#560=VERTEX_POINT('',#982);
#561=PRESENTATION_STYLE_ASSIGNMENT((#983));
#562=EDGE_CURVE('',#384,#214,#984,.T.);
#563=PRESENTATION_STYLE_ASSIGNMENT((#985));
#564=EDGE_CURVE('',#214,#480,#986,.T.);
#565=PRESENTATION_STYLE_ASSIGNMENT((#987));
#566=EDGE_CURVE('',#382,#334,#988,.T.);
#567=PRESENTATION_STYLE_ASSIGNMENT((#989));
#568=VERTEX_POINT('',#990);
#569=PRESENTATION_STYLE_ASSIGNMENT((#991));
#570=VERTEX_POINT('',#992);
#571=PRESENTATION_STYLE_ASSIGNMENT((#993));
#572=VERTEX_POINT('',#994);
#573=PRESENTATION_STYLE_ASSIGNMENT((#995));
#574=EDGE_CURVE('',#328,#324,#996,.T.);
#575=PRODUCT('NOCUT','NOCUT','PART-NOCUT-DESC',(#997));
#576=PRODUCT_DEFINITION('NONE','NONE',#998,#2);
#577=AXIS2_PLACEMENT_3D('',#999,#1000,#1001);
#578=PRODUCT('CUT','CUT','PART-CUT-DESC',(#1002));
#579=PRODUCT_DEFINITION('NONE','NONE',#1003,#6);
#580=AXIS2_PLACEMENT_3D('',#1004,#1005,#1006);
#583=LENGTH_MEASURE_WITH_UNIT(LENGTH_MEASURE(1.0),#1007);
#586=DIMENSIONAL_EXPONENTS(1.0,0.0,0.0,0.0,0.0,0.0,0.0);
#588=DIMENSIONAL_EXPONENTS(0.0,0.0,0.0,0.0,0.0,0.0,0.0);
#594=POINT_STYLE(' ',#1008,POSITIVE_LENGTH_MEASURE(1.0E-006),#1009);
#595=CARTESIAN_POINT('',(0.0,2.48744238,-109.99));
#596=SURFACE_STYLE_USAGE(.BOTH.,#1010);
#597=FACE_OUTER_BOUND('',#1011,.T.);
#598=CYLINDRICAL_SURFACE('',#1012,6.5);
#599=SURFACE_STYLE_USAGE(.BOTH.,#1013);
#600=FACE_BOUND('',#1014,.T.);
#601=FACE_OUTER_BOUND('',#1015,.T.);
#602=PLANE('',#1016);
#603=SURFACE_STYLE_USAGE(.BOTH.,#1017);
#604=FACE_OUTER_BOUND('',#1018,.T.);
#605=CONICAL_SURFACE('',#1019,5.81632486540519,0.523598775598299);
#606=CURVE_STYLE('',#1020,POSITIVE_LENGTH_MEASURE(1.0E-006),#1021);
#607=B_SPLINE_CURVE_WITH_KNOTS('',3,(#1022,#1023,#1024,#1025,#1026,#1027,#1028,#1029,#1030,#1031,#1032,#1033,#1034,#1035,#1036,#1037,#1038,#1039,#1040,#1041,#1042,#1043,#1044,#1045,#1046,#1047,#1048),.UNSPECIFIED.,.F.,.F.,(4,2,3,2,2,2,2,2,2,2,2,2,4),(-0.783908521800455,-0.391954260900228,0.0,0.391954260900227,0.783908521800455,1.17687722235103,1.56984592290161,1.9611062055381,2.35236648817458,2.74413070216453,3.13589491615448,3.52765913014443,3.91942334413438),.UNSPECIFIED.);
#608=SURFACE_STYLE_USAGE(.BOTH.,#1049);
#609=FACE_OUTER_BOUND('',#1050,.T.);
#610=CYLINDRICAL_SURFACE('',#1051,2.35251530249019);
#611=CURVE_STYLE('',#1052,POSITIVE_LENGTH_MEASURE(1.0E-006),#1053);
#612=CIRCLE('',#1054,6.10495);
#613=CURVE_STYLE('',#1055,POSITIVE_LENGTH_MEASURE(1.0E-006),#1056);
#614=B_SPLINE_CURVE_WITH_KNOTS('',3,(#1057,#1058,#1059,#1060,#1061,#1062,#1063,#1064,#1065,#1066,#1067,#1068,#1069,#1070,#1071,#1072,#1073,#1074,#1075,#1076,#1077,#1078,#1079,#1080,#1081,#1082,#1083),.UNSPECIFIED.,.F.,.F.,(4,2,3,2,2,2,2,2,2,2,2,2,4),(-0.783908521800455,-0.391954260900228,0.0,0.391954260900227,0.783908521800455,1.17687722235103,1.56984592290161,1.9611062055381,2.35236648817458,2.74413070216453,3.13589491615448,3.52765913014443,3.91942334413438),.UNSPECIFIED.);
#615=CURVE_STYLE('',#1084,POSITIVE_LENGTH_MEASURE(1.0E-006),#1085);
#616=CIRCLE('',#1086,5.52264973081038);
#617=CURVE_STYLE('',#1087,POSITIVE_LENGTH_MEASURE(1.0E-006),#1088);
#618=CIRCLE('',#1089,6.105);
#619=POINT_STYLE(' ',#1090,POSITIVE_LENGTH_MEASURE(1.0E-006),#1091);
#620=CARTESIAN_POINT('',(1.15473471500027,6.29496526900453,-44.0000003999276));
#621=CURVE_STYLE('',#1092,POSITIVE_LENGTH_MEASURE(1.0E-006),#1093);
#622=CIRCLE('',#1094,6.5);
#623=CURVE_STYLE('',#1095,POSITIVE_LENGTH_MEASURE(1.0E-006),#1096);
#624=CIRCLE('',#1097,6.4);
#625=SURFACE_STYLE_USAGE(.BOTH.,#1098);
#626=FACE_OUTER_BOUND('',#1099,.T.);
#627=CYLINDRICAL_SURFACE('',#1100,6.10495);
#628=CURVE_STYLE('',#1101,POSITIVE_LENGTH_MEASURE(1.0E-006),#1102);
#629=CIRCLE('',#1103,6.10495);
#630=CURVE_STYLE('',#1104,POSITIVE_LENGTH_MEASURE(1.0E-006),#1105);
#631=CIRCLE('',#1106,6.5);
#632=CURVE_STYLE('',#1107,POSITIVE_LENGTH_MEASURE(1.0E-006),#1108);
#633=LINE('',#1109,#1110);
#634=SURFACE_STYLE_USAGE(.BOTH.,#1111);
#635=FACE_OUTER_BOUND('',#1112,.T.);
#636=CYLINDRICAL_SURFACE('',#1113,1.03837440725045);
#637=CURVE_STYLE('',#1114,POSITIVE_LENGTH_MEASURE(1.0E-006),#1115);
#638=CIRCLE('',#1116,2.48744238);
#639=POINT_STYLE(' ',#1117,POSITIVE_LENGTH_MEASURE(1.0E-006),#1118);
#640=CARTESIAN_POINT('',(3.04613774331506E-016,-2.48744238,-109.99));
#641=POINT_STYLE(' ',#1119,POSITIVE_LENGTH_MEASURE(1.0E-006),#1120);
#642=CARTESIAN_POINT('',(8.91800258225649E-011,6.5,-45.4780549492435));
#643=SURFACE_STYLE_USAGE(.BOTH.,#1121);
#644=FACE_OUTER_BOUND('',#1122,.T.);
#645=CYLINDRICAL_SURFACE('',#1123,6.105);
#646=SURFACE_STYLE_USAGE(.BOTH.,#1124);
#647=FACE_OUTER_BOUND('',#1125,.T.);
#648=CYLINDRICAL_SURFACE('',#1126,2.35251541799949);
#649=CURVE_STYLE('',#1127,POSITIVE_LENGTH_MEASURE(1.0E-006),#1128);
#650=LINE('',#1129,#1130);
#651=CURVE_STYLE('',#1131,POSITIVE_LENGTH_MEASURE(1.0E-006),#1132);
#652=LINE('',#1133,#1134);
#653=CURVE_STYLE('',#1135,POSITIVE_LENGTH_MEASURE(1.0E-006),#1136);
#654=CIRCLE('',#1137,5.52264973081038);
#655=POINT_STYLE(' ',#1138,POSITIVE_LENGTH_MEASURE(1.0E-006),#1139);
#656=CARTESIAN_POINT('',(1.26181001712565,6.37634969874468,-47.9848397001559));
#657=POINT_STYLE(' ',#1140,POSITIVE_LENGTH_MEASURE(1.0E-006),#1141);
#658=CARTESIAN_POINT('',(-1.93129841870983,6.10164620556526,-47.4263383397458));
#659=POINT_STYLE(' ',#1142,POSITIVE_LENGTH_MEASURE(1.0E-006),#1143);
#660=CARTESIAN_POINT('',(0.0,2.48744238,-60.0));
#661=POINT_STYLE(' ',#1144,POSITIVE_LENGTH_MEASURE(1.0E-006),#1145);
#662=CARTESIAN_POINT('',(-1.49510602671818,6.22291394516034,-44.4580653977656));
#663=CURVE_STYLE('',#1146,POSITIVE_LENGTH_MEASURE(1.0E-006),#1147);
#664=LINE('',#1148,#1149);
#665=CURVE_STYLE('',#1150,POSITIVE_LENGTH_MEASURE(1.0E-006),#1151);
#666=CIRCLE('',#1152,5.52764973081038);
#667=POINT_STYLE(' ',#1153,POSITIVE_LENGTH_MEASURE(1.0E-006),#1154);
#668=CARTESIAN_POINT('',(0.827850162229641,6.34623227662653,-46.0660321735827));
#669=CURVE_STYLE('',#1155,POSITIVE_LENGTH_MEASURE(1.0E-006),#1156);
#670=B_SPLINE_CURVE_WITH_KNOTS('',3,(#1157,#1158,#1159,#1160,#1161,#1162,#1163,#1164,#1165,#1166,#1167,#1168,#1169,#1170,#1171,#1172,#1173,#1174,#1175,#1176,#1177,#1178,#1179,#1180),.UNSPECIFIED.,.F.,.F.,(4,2,2,2,2,2,2,2,2,2,2,4),(1.94469191132246,2.26956667734164,2.59444144336082,2.91701758812187,3.23959373288293,3.56216987764399,3.88474602240505,4.20817388746048,4.53160175251591,4.85502961757134,5.17845748262677,5.5015512316611),.UNSPECIFIED.);
#671=POINT_STYLE(' ',#1181,POSITIVE_LENGTH_MEASURE(1.0E-006),#1182);
#672=CARTESIAN_POINT('',(-1.104195105601E-013,6.5,-46.1667824447161));
#673=CURVE_STYLE('',#1183,POSITIVE_LENGTH_MEASURE(1.0E-006),#1184);
#674=ELLIPSE('',#1185,7.13554196507431,6.4);
#675=CURVE_STYLE('',#1186,POSITIVE_LENGTH_MEASURE(1.0E-006),#1187);
#676=LINE('',#1188,#1189);
#677=POINT_STYLE(' ',#1190,POSITIVE_LENGTH_MEASURE(1.0E-006),#1191);
#678=CARTESIAN_POINT('',(7.47616055976792E-016,-6.10495,-58.5));
#679=CURVE_STYLE('',#1192,POSITIVE_LENGTH_MEASURE(1.0E-006),#1193);
#680=CIRCLE('',#1194,6.105);
#681=SURFACE_STYLE_USAGE(.BOTH.,#1195);
#682=FACE_OUTER_BOUND('',#1196,.T.);
#683=PLANE('',#1197);
#684=CURVE_STYLE('',#1198,POSITIVE_LENGTH_MEASURE(1.0E-006),#1199);
#685=LINE('',#1200,#1201);
#686=CURVE_STYLE('',#1202,POSITIVE_LENGTH_MEASURE(1.0E-006),#1203);
#687=B_SPLINE_CURVE_WITH_KNOTS('',3,(#1204,#1205,#1206,#1207,#1208,#1209,#1210,#1211,#1212,#1213,#1214,#1215,#1216,#1217,#1218,#1219,#1220,#1221,#1222,#1223,#1224,#1225,#1226,#1227,#1228,#1229,#1230),.UNSPECIFIED.,.F.,.F.,(4,2,2,2,2,2,2,2,2,2,3,2,4),(-3.91967937728931,-3.52789538797748,-3.13611139866565,-2.74432740935382,-2.35254342004199,-1.96127941058064,-1.57001540111928,-1.17698847929961,-0.783961557479945,-0.391980778739972,0.0,0.392343265333297,0.784686530666594),.UNSPECIFIED.);
#688=CURVE_STYLE('',#1231,POSITIVE_LENGTH_MEASURE(1.0E-006),#1232);
#689=CIRCLE('',#1233,6.105);
#690=POINT_STYLE(' ',#1234,POSITIVE_LENGTH_MEASURE(1.0E-006),#1235);
#691=CARTESIAN_POINT('',(1.93152564817038,6.20638450875065,-44.7439588521241));
#692=CURVE_STYLE('',#1236,POSITIVE_LENGTH_MEASURE(1.0E-006),#1237);
#693=CIRCLE('',#1238,2.48744238);
#694=SURFACE_STYLE_USAGE(.BOTH.,#1239);
#695=FACE_OUTER_BOUND('',#1240,.T.);
#696=CYLINDRICAL_SURFACE('',#1241,2.48744238);
#697=CURVE_STYLE('',#1242,POSITIVE_LENGTH_MEASURE(1.0E-006),#1243);
#698=LINE('',#1244,#1245);
#699=SURFACE_STYLE_USAGE(.BOTH.,#1246);
#700=FACE_OUTER_BOUND('',#1247,.T.);
#701=CYLINDRICAL_SURFACE('',#1248,6.10495);
#702=CURVE_STYLE('',#1249,POSITIVE_LENGTH_MEASURE(1.0E-006),#1250);
#703=LINE('',#1251,#1252);
#704=SURFACE_STYLE_USAGE(.BOTH.,#1253);
#705=FACE_OUTER_BOUND('',#1254,.T.);
#706=CYLINDRICAL_SURFACE('',#1255,2.48744238);
#707=POINT_STYLE(' ',#1256,POSITIVE_LENGTH_MEASURE(1.0E-006),#1257);
#708=CARTESIAN_POINT('',(0.0,2.48744238,-60.0));
#709=CURVE_STYLE('',#1258,POSITIVE_LENGTH_MEASURE(1.0E-006),#1259);
#710=CIRCLE('',#1260,6.105);
#711=CURVE_STYLE('',#1261,POSITIVE_LENGTH_MEASURE(1.0E-006),#1262);
#712=LINE('',#1263,#1264);
#713=CURVE_STYLE('',#1265,POSITIVE_LENGTH_MEASURE(1.0E-006),#1266);
#714=LINE('',#1267,#1268);
#715=SURFACE_STYLE_USAGE(.BOTH.,#1269);
#716=FACE_OUTER_BOUND('',#1270,.T.);
#717=PLANE('',#1271);
#718=POINT_STYLE(' ',#1272,POSITIVE_LENGTH_MEASURE(1.0E-006),#1273);
#719=CARTESIAN_POINT('',(7.22517748755203E-016,-5.9,0.0));
#720=CURVE_STYLE('',#1274,POSITIVE_LENGTH_MEASURE(1.0E-006),#1275);
#721=CIRCLE('',#1276,6.5);
#722=POINT_STYLE(' ',#1277,POSITIVE_LENGTH_MEASURE(1.0E-006),#1278);
#723=CARTESIAN_POINT('',(7.95994129984545E-016,-6.5,-0.600000000000001));
#724=POINT_STYLE(' ',#1279,POSITIVE_LENGTH_MEASURE(1.0E-006),#1280);
#725=CARTESIAN_POINT('',(-5.7521856908596E-016,6.5,-48.3781477390037));
#726=CURVE_STYLE('',#1281,POSITIVE_LENGTH_MEASURE(1.0E-006),#1282);
#727=B_SPLINE_CURVE_WITH_KNOTS('',3,(#1283,#1284,#1285,#1286,#1287,#1288,#1289,#1290,#1291,#1292),.UNSPECIFIED.,.F.,.F.,(4,2,2,2,4),(11.6363304013446,12.0832933670312,12.5302563327178,12.9778491721052,13.4254420114926),.UNSPECIFIED.);
#728=POINT_STYLE(' ',#1293,POSITIVE_LENGTH_MEASURE(1.0E-006),#1294);
#729=CARTESIAN_POINT('',(0.0,5.52764973081038,-110.0));
#730=CURVE_STYLE('',#1295,POSITIVE_LENGTH_MEASURE(1.0E-006),#1296);
#731=B_SPLINE_CURVE_WITH_KNOTS('',3,(#1297,#1298,#1299,#1300,#1301,#1302,#1303,#1304,#1305,#1306,#1307,#1308,#1309,#1310,#1311,#1312,#1313,#1314,#1315,#1316,#1317,#1318,#1319,#1320),.UNSPECIFIED.,.F.,.F.,(4,2,2,2,2,2,2,2,2,2,2,4),(4.85416613620798,5.17754434529196,5.50092255437593,5.82430076345991,6.14767897254388,6.47105718162786,6.79361111646431,7.11616505130077,7.43871898613722,7.76127292097368,8.08605312958997,8.41083333820626),.UNSPECIFIED.);
#732=CURVE_STYLE('',#1321,POSITIVE_LENGTH_MEASURE(1.0E-006),#1322);
#733=LINE('',#1323,#1324);
#734=SURFACE_STYLE_USAGE(.BOTH.,#1325);
#735=FACE_BOUND('',#1326,.T.);
#736=FACE_OUTER_BOUND('',#1327,.T.);
#737=PLANE('',#1328);
#738=SURFACE_STYLE_USAGE(.BOTH.,#1329);
#739=FACE_OUTER_BOUND('',#1330,.T.);
#740=CONICAL_SURFACE('',#1331,6.302475,0.257518955368605);
#741=POINT_STYLE(' ',#1332,POSITIVE_LENGTH_MEASURE(1.0E-006),#1333);
#742=CARTESIAN_POINT('',(0.41903784984053,6.38626708495668,-48.333091961922));
#743=POINT_STYLE(' ',#1334,POSITIVE_LENGTH_MEASURE(1.0E-006),#1335);
#744=CARTESIAN_POINT('',(0.0,5.52264973081038,-110.0));
#745=POINT_STYLE(' ',#1336,POSITIVE_LENGTH_MEASURE(1.0E-006),#1337);
#746=CARTESIAN_POINT('',(1.93152564817038,6.10157427804169,-44.7439588521241));
#747=SURFACE_STYLE_USAGE(.BOTH.,#1338);
#748=FACE_OUTER_BOUND('',#1339,.T.);
#749=PLANE('',#1340);
#750=CURVE_STYLE('',#1341,POSITIVE_LENGTH_MEASURE(1.0E-006),#1342);
#751=LINE('',#1343,#1344);
#752=POINT_STYLE(' ',#1345,POSITIVE_LENGTH_MEASURE(1.0E-006),#1346);
#753=CARTESIAN_POINT('',(-1.49510602671818,6.32571402838217,-44.4580653977656));
#754=CURVE_STYLE('',#1347,POSITIVE_LENGTH_MEASURE(1.0E-006),#1348);
#755=LINE('',#1349,#1350);
#756=POINT_STYLE(' ',#1351,POSITIVE_LENGTH_MEASURE(1.0E-006),#1352);
#757=CARTESIAN_POINT('',(-1.93129841870983,6.20645522161313,-47.4263383397458));
#758=CURVE_STYLE('',#1353,POSITIVE_LENGTH_MEASURE(1.0E-006),#1354);
#759=LINE('',#1355,#1356);
#760=POINT_STYLE(' ',#1357,POSITIVE_LENGTH_MEASURE(1.0E-006),#1358);
#761=CARTESIAN_POINT('',(7.47622179008561E-016,-6.105,-109.0));
#762=CURVE_STYLE('',#1359,POSITIVE_LENGTH_MEASURE(1.0E-006),#1360);
#763=LINE('',#1361,#1362);
#764=CURVE_STYLE('',#1363,POSITIVE_LENGTH_MEASURE(1.0E-006),#1364);
#765=CIRCLE('',#1365,6.10495);
#766=POINT_STYLE(' ',#1366,POSITIVE_LENGTH_MEASURE(1.0E-006),#1367);
#767=CARTESIAN_POINT('',(0.0,2.48744238,-109.99));
#768=CURVE_STYLE('',#1368,POSITIVE_LENGTH_MEASURE(1.0E-006),#1369);
#769=LINE('',#1370,#1371);
#770=CURVE_STYLE('',#1372,POSITIVE_LENGTH_MEASURE(1.0E-006),#1373);
#771=LINE('',#1374,#1375);
#772=CURVE_STYLE('',#1376,POSITIVE_LENGTH_MEASURE(1.0E-006),#1377);
#773=LINE('',#1378,#1379);
#774=SURFACE_STYLE_USAGE(.BOTH.,#1380);
#775=FACE_OUTER_BOUND('',#1381,.T.);
#776=CONICAL_SURFACE('',#1382,6.2,0.785398163397447);
#777=CURVE_STYLE('',#1383,POSITIVE_LENGTH_MEASURE(1.0E-006),#1384);
#778=ELLIPSE('',#1385,19.5071652695666,6.4);
#779=CURVE_STYLE('',#1386,POSITIVE_LENGTH_MEASURE(1.0E-006),#1387);
#780=LINE('',#1388,#1389);
#781=POINT_STYLE(' ',#1390,POSITIVE_LENGTH_MEASURE(1.0E-006),#1391);
#782=CARTESIAN_POINT('',(0.0,6.105,-109.0));
#783=POINT_STYLE(' ',#1392,POSITIVE_LENGTH_MEASURE(1.0E-006),#1393);
#784=CARTESIAN_POINT('',(3.04613774331506E-016,-2.48744238,-109.99));
#785=CURVE_STYLE('',#1394,POSITIVE_LENGTH_MEASURE(1.0E-006),#1395);
#786=CIRCLE('',#1396,6.5);
#787=POINT_STYLE(' ',#1397,POSITIVE_LENGTH_MEASURE(1.0E-006),#1398);
#788=CARTESIAN_POINT('',(1.26181001712565,6.2743792904702,-45.9065123401911));
#789=SURFACE_STYLE_USAGE(.BOTH.,#1399);
#790=FACE_OUTER_BOUND('',#1400,.T.);
#791=CYLINDRICAL_SURFACE('',#1401,2.35251522174142);
#792=CURVE_STYLE('',#1402,POSITIVE_LENGTH_MEASURE(1.0E-006),#1403);
#793=LINE('',#1404,#1405);
#794=CURVE_STYLE('',#1406,POSITIVE_LENGTH_MEASURE(1.0E-006),#1407);
#795=CIRCLE('',#1408,6.10495);
#796=POINT_STYLE(' ',#1409,POSITIVE_LENGTH_MEASURE(1.0E-006),#1410);
#797=CARTESIAN_POINT('',(1.93152564817038,6.20638450875065,-47.3080171201481));
#798=SURFACE_STYLE_USAGE(.BOTH.,#1411);
#799=FACE_OUTER_BOUND('',#1412,.T.);
#800=PLANE('',#1413);
#801=SURFACE_STYLE_USAGE(.BOTH.,#1414);
#802=FACE_OUTER_BOUND('',#1415,.T.);
#803=PLANE('',#1416);
#804=CURVE_STYLE('',#1417,POSITIVE_LENGTH_MEASURE(1.0E-006),#1418);
#805=LINE('',#1419,#1420);
#806=CURVE_STYLE('',#1421,POSITIVE_LENGTH_MEASURE(1.0E-006),#1422);
#807=LINE('',#1423,#1424);
#808=SURFACE_STYLE_USAGE(.BOTH.,#1425);
#809=FACE_OUTER_BOUND('',#1426,.T.);
#810=PLANE('',#1427);
#811=CURVE_STYLE('',#1428,POSITIVE_LENGTH_MEASURE(1.0E-006),#1429);
#812=LINE('',#1430,#1431);
#813=POINT_STYLE(' ',#1432,POSITIVE_LENGTH_MEASURE(1.0E-006),#1433);
#814=CARTESIAN_POINT('',(1.26181001712565,6.2743792904702,-47.9848397001559));
#815=SURFACE_STYLE_USAGE(.BOTH.,#1434);
#816=FACE_OUTER_BOUND('',#1435,.T.);
#817=CONICAL_SURFACE('',#1436,6.302475,0.257518955368605);
#818=CURVE_STYLE('',#1437,POSITIVE_LENGTH_MEASURE(1.0E-006),#1438);
#819=LINE('',#1439,#1440);
#820=CURVE_STYLE('',#1441,POSITIVE_LENGTH_MEASURE(1.0E-006),#1442);
#821=LINE('',#1443,#1444);
#822=CURVE_STYLE('',#1445,POSITIVE_LENGTH_MEASURE(1.0E-006),#1446);
#823=LINE('',#1447,#1448);
#824=CURVE_STYLE('',#1449,POSITIVE_LENGTH_MEASURE(1.0E-006),#1450);
#825=CIRCLE('',#1451,5.52264973081038);
#826=CURVE_STYLE('',#1452,POSITIVE_LENGTH_MEASURE(1.0E-006),#1453);
#827=CIRCLE('',#1454,2.48744238);
#828=POINT_STYLE(' ',#1455,POSITIVE_LENGTH_MEASURE(1.0E-006),#1456);
#829=CARTESIAN_POINT('',(7.47616055976792E-016,-6.10495,-60.0));
#830=CURVE_STYLE('',#1457,POSITIVE_LENGTH_MEASURE(1.0E-006),#1458);
#831=LINE('',#1459,#1460);
#832=POINT_STYLE(' ',#1461,POSITIVE_LENGTH_MEASURE(1.0E-006),#1462);
#833=CARTESIAN_POINT('',(3.04613774331506E-016,-2.48744238,-60.0));
#834=CURVE_STYLE('',#1463,POSITIVE_LENGTH_MEASURE(1.0E-006),#1464);
#835=B_SPLINE_CURVE_WITH_KNOTS('',3,(#1465,#1466,#1467,#1468,#1469,#1470,#1471,#1472,#1473,#1474,#1475,#1476,#1477,#1478,#1479,#1480,#1481,#1482,#1483,#1484,#1485,#1486,#1487,#1488,#1489,#1490,#1491),.UNSPECIFIED.,.F.,.F.,(4,2,3,2,2,2,2,2,2,2,2,2,4),(-0.783908521800455,-0.391954260900228,0.0,0.391954260900227,0.783908521800455,1.17687722235103,1.56984592290161,1.9611062055381,2.35236648817458,2.74413070216453,3.13589491615448,3.52765913014443,3.91942334413438),.UNSPECIFIED.);
#836=CURVE_STYLE('',#1492,POSITIVE_LENGTH_MEASURE(1.0E-006),#1493);
#837=B_SPLINE_CURVE_WITH_KNOTS('',3,(#1494,#1495,#1496,#1497,#1498,#1499,#1500,#1501,#1502,#1503),.UNSPECIFIED.,.F.,.F.,(4,2,2,2,4),(11.6402540082776,12.087343268712,12.5344325291464,12.9821821128705,13.4299316965945),.UNSPECIFIED.);
#838=CURVE_STYLE('',#1504,POSITIVE_LENGTH_MEASURE(1.0E-006),#1505);
#839=CIRCLE('',#1506,2.48744238);
#840=SURFACE_STYLE_USAGE(.BOTH.,#1507);
#841=FACE_OUTER_BOUND('',#1508,.T.);
#842=CONICAL_SURFACE('',#1509,4.00504605540519,1.56750167089115);
#843=POINT_STYLE(' ',#1510,POSITIVE_LENGTH_MEASURE(1.0E-006),#1511);
#844=CARTESIAN_POINT('',(0.0,6.105,-60.0));
#845=POINT_STYLE(' ',#1512,POSITIVE_LENGTH_MEASURE(1.0E-006),#1513);
#846=CARTESIAN_POINT('',(1.15473471500027,6.39660751789363,-44.0000003999276));
#847=POINT_STYLE(' ',#1514,POSITIVE_LENGTH_MEASURE(1.0E-006),#1515);
#848=CARTESIAN_POINT('',(0.41903784984053,6.48647880443627,-48.333091961922));
#849=POINT_STYLE(' ',#1516,POSITIVE_LENGTH_MEASURE(1.0E-006),#1517);
#850=CARTESIAN_POINT('',(6.76919498205494E-016,-5.52764973081038,-110.0));
#851=SURFACE_STYLE_USAGE(.BOTH.,#1518);
#852=CLOSED_SHELL('',(#312,#436,#524,#256,#218,#554,#220,#340,#514,#452));
#853=CURVE_STYLE('',#1519,POSITIVE_LENGTH_MEASURE(1.0E-006),#1520);
#854=LINE('',#1521,#1522);
#855=SURFACE_STYLE_USAGE(.BOTH.,#1523);
#856=FACE_OUTER_BOUND('',#1524,.T.);
#857=CYLINDRICAL_SURFACE('',#1525,6.5);
#858=SURFACE_STYLE_USAGE(.BOTH.,#1526);
#859=FACE_OUTER_BOUND('',#1527,.T.);
#860=CYLINDRICAL_SURFACE('',#1528,2.48744238);
#861=CURVE_STYLE('',#1529,POSITIVE_LENGTH_MEASURE(1.0E-006),#1530);
#862=LINE('',#1531,#1532);
#863=SURFACE_STYLE_USAGE(.BOTH.,#1533);
#864=FACE_OUTER_BOUND('',#1534,.T.);
#865=CYLINDRICAL_SURFACE('',#1535,1.70887422108542);
#866=CURVE_STYLE('',#1536,POSITIVE_LENGTH_MEASURE(1.0E-006),#1537);
#867=CIRCLE('',#1538,5.9);
#868=SURFACE_STYLE_USAGE(.BOTH.,#1539);
#869=FACE_OUTER_BOUND('',#1540,.T.);
#870=CYLINDRICAL_SURFACE('',#1541,1.03837440725045);
#871=POINT_STYLE(' ',#1542,POSITIVE_LENGTH_MEASURE(1.0E-006),#1543);
#872=CARTESIAN_POINT('',(1.26181001712565,6.37634969874468,-45.9065123401911));
#873=CURVE_STYLE('',#1544,POSITIVE_LENGTH_MEASURE(1.0E-006),#1545);
#874=CIRCLE('',#1546,2.48744238);
#875=POINT_STYLE(' ',#1547,POSITIVE_LENGTH_MEASURE(1.0E-006),#1548);
#876=CARTESIAN_POINT('',(6.76307195028583E-016,-5.52264973081038,-110.0));
#877=CURVE_STYLE('',#1549,POSITIVE_LENGTH_MEASURE(1.0E-006),#1550);
#878=B_SPLINE_CURVE_WITH_KNOTS('',3,(#1551,#1552,#1553,#1554,#1555,#1556,#1557,#1558,#1559,#1560,#1561,#1562,#1563,#1564,#1565,#1566),.UNSPECIFIED.,.F.,.F.,(4,2,2,2,2,2,2,4),(8.50350713832514,8.95123799061465,9.39902989888443,9.84682180715421,10.294613715424,10.7424056236938,11.1893686304098,11.6363316371258),.UNSPECIFIED.);
#879=CURVE_STYLE('',#1567,POSITIVE_LENGTH_MEASURE(1.0E-006),#1568);
#880=LINE('',#1569,#1570);
#881=CURVE_STYLE('',#1571,POSITIVE_LENGTH_MEASURE(1.0E-006),#1572);
#882=ELLIPSE('',#1573,7.24703480827859,6.5);
#883=CURVE_STYLE('',#1574,POSITIVE_LENGTH_MEASURE(1.0E-006),#1575);
#884=B_SPLINE_CURVE_WITH_KNOTS('',3,(#1576,#1577,#1578,#1579,#1580,#1581,#1582,#1583,#1584,#1585,#1586,#1587,#1588,#1589,#1590,#1591),.UNSPECIFIED.,.F.,.F.,(4,2,2,2,2,2,2,4),(2.68517700068046,3.13226628725947,3.57935557383849,4.02730140364628,4.47524723345408,4.92319306326187,5.37113889306966,5.81903315266509),.UNSPECIFIED.);
#885=POINT_STYLE(' ',#1592,POSITIVE_LENGTH_MEASURE(1.0E-006),#1593);
#886=CARTESIAN_POINT('',(3.04613774331506E-016,-2.48744238,-60.0));
#887=CURVE_STYLE('',#1594,POSITIVE_LENGTH_MEASURE(1.0E-006),#1595);
#888=CIRCLE('',#1596,2.48744238);
#889=POINT_STYLE(' ',#1597,POSITIVE_LENGTH_MEASURE(1.0E-006),#1598);
#890=CARTESIAN_POINT('',(0.0,5.52264973081038,-110.0));
#891=SURFACE_STYLE_USAGE(.BOTH.,#1599);
#892=FACE_OUTER_BOUND('',#1600,.T.);
#893=CONICAL_SURFACE('',#1601,4.00504605540519,1.56750167089115);
#894=POINT_STYLE(' ',#1602,POSITIVE_LENGTH_MEASURE(1.0E-006),#1603);
#895=CARTESIAN_POINT('',(0.0,6.10495,-60.0));
#896=SURFACE_STYLE_USAGE(.BOTH.,#1604);
#897=FACE_OUTER_BOUND('',#1605,.T.);
#898=CYLINDRICAL_SURFACE('',#1606,6.5);
#899=SURFACE_STYLE_USAGE(.BOTH.,#1607);
#900=FACE_OUTER_BOUND('',#1608,.T.);
#901=CYLINDRICAL_SURFACE('',#1609,6.4);
#902=SURFACE_STYLE_USAGE(.BOTH.,#1610);
#903=FACE_OUTER_BOUND('',#1611,.T.);
#904=PLANE('',#1612);
#905=POINT_STYLE(' ',#1613,POSITIVE_LENGTH_MEASURE(1.0E-006),#1614);
#906=CARTESIAN_POINT('',(0.827850162229641,6.447066318016,-46.0660321735827));
#907=CURVE_STYLE('',#1615,POSITIVE_LENGTH_MEASURE(1.0E-006),#1616);
#908=B_SPLINE_CURVE_WITH_KNOTS('',3,(#1617,#1618,#1619,#1620,#1621,#1622,#1623,#1624,#1625,#1626,#1627,#1628,#1629,#1630,#1631,#1632),.UNSPECIFIED.,.F.,.F.,(4,2,2,2,2,2,2,4),(8.50350713832514,8.95123799061465,9.39902989888443,9.84682180715421,10.294613715424,10.7424056236938,11.1893686304098,11.6363316371258),.UNSPECIFIED.);
#909=POINT_STYLE(' ',#1633,POSITIVE_LENGTH_MEASURE(1.0E-006),#1634);
#910=CARTESIAN_POINT('',(-0.812260207482315,6.44904902720865,-44.4580653977656));
#911=SURFACE_STYLE_USAGE(.BOTH.,#1635);
#912=FACE_BOUND('',#1636,.T.);
#913=FACE_OUTER_BOUND('',#1637,.T.);
#914=PLANE('',#1638);
#915=SURFACE_STYLE_USAGE(.BOTH.,#1639);
#916=FACE_OUTER_BOUND('',#1640,.T.);
#917=CYLINDRICAL_SURFACE('',#1641,2.48744238);
#918=CURVE_STYLE('',#1642,POSITIVE_LENGTH_MEASURE(1.0E-006),#1643);
#919=CIRCLE('',#1644,2.48744238);
#920=POINT_STYLE(' ',#1645,POSITIVE_LENGTH_MEASURE(1.0E-006),#1646);
#921=CARTESIAN_POINT('',(-0.702547363568422,6.36132275568085,-44.9291876357194));
#922=POINT_STYLE(' ',#1647,POSITIVE_LENGTH_MEASURE(1.0E-006),#1648);
#923=CARTESIAN_POINT('',(6.76307195028583E-016,-5.52264973081038,-110.0));
#924=POINT_STYLE(' ',#1649,POSITIVE_LENGTH_MEASURE(1.0E-006),#1650);
#925=CARTESIAN_POINT('',(7.47622179008561E-016,-6.105,-60.0));
#926=CURVE_STYLE('',#1651,POSITIVE_LENGTH_MEASURE(1.0E-006),#1652);
#927=CIRCLE('',#1653,5.9);
#928=POINT_STYLE(' ',#1654,POSITIVE_LENGTH_MEASURE(1.0E-006),#1655);
#929=CARTESIAN_POINT('',(1.93152564817038,6.10157427804169,-47.3080171201481));
#930=SURFACE_STYLE_USAGE(.BOTH.,#1656);
#931=FACE_OUTER_BOUND('',#1657,.T.);
#932=CONICAL_SURFACE('',#1658,4.00504605540519,1.56750167089115);
#933=POINT_STYLE(' ',#1659,POSITIVE_LENGTH_MEASURE(1.0E-006),#1660);
#934=CARTESIAN_POINT('',(0.0,6.10495,-58.5));
#935=CURVE_STYLE('',#1661,POSITIVE_LENGTH_MEASURE(1.0E-006),#1662);
#936=B_SPLINE_CURVE_WITH_KNOTS('',3,(#1663,#1664,#1665,#1666,#1667,#1668,#1669,#1670,#1671,#1672),.UNSPECIFIED.,.F.,.F.,(4,2,2,2,4),(0.895185709977619,1.34277856496643,1.79037141995524,2.23733440066781,2.68429738138039),.UNSPECIFIED.);
#937=SURFACE_STYLE_USAGE(.BOTH.,#1673);
#938=FACE_OUTER_BOUND('',#1674,.T.);
#939=CONICAL_SURFACE('',#1675,4.00504605540519,1.56750167089115);
#940=CURVE_STYLE('',#1676,POSITIVE_LENGTH_MEASURE(1.0E-006),#1677);
#941=B_SPLINE_CURVE_WITH_KNOTS('',3,(#1678,#1679,#1680,#1681,#1682,#1683,#1684,#1685,#1686,#1687,#1688,#1689,#1690,#1691,#1692,#1693,#1694,#1695,#1696,#1697,#1698,#1699,#1700,#1701,#1702,#1703,#1704),.UNSPECIFIED.,.F.,.F.,(4,2,2,2,2,2,2,2,2,2,3,2,4),(-3.91967937728931,-3.52789538797748,-3.13611139866565,-2.74432740935382,-2.35254342004199,-1.96127941058064,-1.57001540111928,-1.17698847929961,-0.783961557479945,-0.391980778739972,0.0,0.392343265333297,0.784686530666594),.UNSPECIFIED.);
#942=SURFACE_STYLE_USAGE(.BOTH.,#1705);
#943=FACE_OUTER_BOUND('',#1706,.T.);
#944=CONICAL_SURFACE('',#1707,5.81632486540519,0.523598775598299);
#945=SURFACE_STYLE_USAGE(.BOTH.,#1708);
#946=FACE_OUTER_BOUND('',#1709,.T.);
#947=CONICAL_SURFACE('',#1710,6.2,0.785398163397447);
#948=CURVE_STYLE('',#1711,POSITIVE_LENGTH_MEASURE(1.0E-006),#1712);
#949=B_SPLINE_CURVE_WITH_KNOTS('',3,(#1713,#1714,#1715,#1716,#1717,#1718,#1719,#1720,#1721,#1722,#1723,#1724,#1725,#1726,#1727,#1728,#1729,#1730,#1731,#1732,#1733,#1734,#1735,#1736),.UNSPECIFIED.,.F.,.F.,(4,2,2,2,2,2,2,2,2,2,2,4),(4.85416613620798,5.17754434529196,5.50092255437593,5.82430076345991,6.14767897254388,6.47105718162786,6.79361111646431,7.11616505130077,7.43871898613722,7.76127292097368,8.08605312958997,8.41083333820626),.UNSPECIFIED.);
#950=CURVE_STYLE('',#1737,POSITIVE_LENGTH_MEASURE(1.0E-006),#1738);
#951=CIRCLE('',#1739,5.52764973081038);
#952=POINT_STYLE(' ',#1740,POSITIVE_LENGTH_MEASURE(1.0E-006),#1741);
#953=CARTESIAN_POINT('',(7.95994129984545E-016,-6.5,-57.0));
#954=CURVE_STYLE('',#1742,POSITIVE_LENGTH_MEASURE(1.0E-006),#1743);
#955=B_SPLINE_CURVE_WITH_KNOTS('',3,(#1744,#1745,#1746,#1747,#1748,#1749,#1750,#1751,#1752,#1753),.UNSPECIFIED.,.F.,.F.,(4,2,2,2,4),(0.895499136218457,1.34324870432769,1.79099827243691,2.23808751785139,2.68517676326586),.UNSPECIFIED.);
#956=CURVE_STYLE('',#1754,POSITIVE_LENGTH_MEASURE(1.0E-006),#1755);
#957=LINE('',#1756,#1757);
#958=POINT_STYLE(' ',#1758,POSITIVE_LENGTH_MEASURE(1.0E-006),#1759);
#959=CARTESIAN_POINT('',(-0.702547363568421,6.46192132433869,-44.9291876357194));
#960=CURVE_STYLE('',#1760,POSITIVE_LENGTH_MEASURE(1.0E-006),#1761);
#961=CIRCLE('',#1762,6.5);
#962=CURVE_STYLE('',#1763,POSITIVE_LENGTH_MEASURE(1.0E-006),#1764);
#963=CIRCLE('',#1765,5.52264973081038);
#964=CURVE_STYLE('',#1766,POSITIVE_LENGTH_MEASURE(1.0E-006),#1767);
#965=LINE('',#1768,#1769);
#966=POINT_STYLE(' ',#1770,POSITIVE_LENGTH_MEASURE(1.0E-006),#1771);
#967=CARTESIAN_POINT('',(0.0,5.9,0.0));
#968=CURVE_STYLE('',#1772,POSITIVE_LENGTH_MEASURE(1.0E-006),#1773);
#969=ELLIPSE('',#1774,7.24703480827859,6.5);
#970=CURVE_STYLE('',#1775,POSITIVE_LENGTH_MEASURE(1.0E-006),#1776);
#971=LINE('',#1777,#1778);
#972=SURFACE_STYLE_USAGE(.BOTH.,#1779);
#973=CLOSED_SHELL('',(#482,#304,#240,#412,#216,#486,#526,#460,#322,#258,#406,#292,#390,#488,#350,#224,#248,#398,#456,#400,#376,#450,#342,#308,#498,#500,#520,#490));
#974=SURFACE_STYLE_USAGE(.BOTH.,#1780);
#975=FACE_OUTER_BOUND('',#1781,.T.);
#976=CYLINDRICAL_SURFACE('',#1782,6.105);
#977=CURVE_STYLE('',#1783,POSITIVE_LENGTH_MEASURE(1.0E-006),#1784);
#978=ELLIPSE('',#1785,19.8119647269035,6.5);
#979=CURVE_STYLE('',#1786,POSITIVE_LENGTH_MEASURE(1.0E-006),#1787);
#980=LINE('',#1788,#1789);
#981=POINT_STYLE(' ',#1790,POSITIVE_LENGTH_MEASURE(1.0E-006),#1791);
#982=CARTESIAN_POINT('',(-0.812260207482315,6.34824647877985,-44.4580653977656));
#983=CURVE_STYLE('',#1792,POSITIVE_LENGTH_MEASURE(1.0E-006),#1793);
#984=CIRCLE('',#1794,2.48744238);
#985=CURVE_STYLE('',#1795,POSITIVE_LENGTH_MEASURE(1.0E-006),#1796);
#986=LINE('',#1797,#1798);
#987=CURVE_STYLE('',#1799,POSITIVE_LENGTH_MEASURE(1.0E-006),#1800);
#988=LINE('',#1801,#1802);
#989=POINT_STYLE(' ',#1803,POSITIVE_LENGTH_MEASURE(1.0E-006),#1804);
#990=CARTESIAN_POINT('',(-7.9594764935564E-016,6.5,-46.474176080047));
#991=POINT_STYLE(' ',#1805,POSITIVE_LENGTH_MEASURE(1.0E-006),#1806);
#992=CARTESIAN_POINT('',(0.0,6.5,-0.600000000000001));
#993=POINT_STYLE(' ',#1807,POSITIVE_LENGTH_MEASURE(1.0E-006),#1808);
#994=CARTESIAN_POINT('',(0.0,6.5,-57.0));
#995=CURVE_STYLE('',#1809,POSITIVE_LENGTH_MEASURE(1.0E-006),#1810);
#996=LINE('',#1811,#1812);
#997=PRODUCT_CONTEXT('',#195,'mechanical');
#998=PRODUCT_DEFINITION_FORMATION_WITH_SPECIFIED_SOURCE(' ','NONE',#575,.NOT_KNOWN.);
#999=CARTESIAN_POINT('',(0.0,0.0,0.0));
#1000=DIRECTION('',(0.0,0.0,1.0));
#1001=DIRECTION('',(1.0,0.0,0.0));
#1002=PRODUCT_CONTEXT('',#200,'mechanical');
#1003=PRODUCT_DEFINITION_FORMATION_WITH_SPECIFIED_SOURCE(' ','NONE',#578,.NOT_KNOWN.);
#1004=CARTESIAN_POINT('',(0.0,0.0,0.0));
#1005=DIRECTION('',(0.0,0.0,1.0));
#1006=DIRECTION('',(1.0,0.0,0.0));
#1007= (NAMED_UNIT(#586)LENGTH_UNIT()SI_UNIT(.MILLI.,.METRE.));
#1008=PRE_DEFINED_MARKER('');
#1009=COLOUR_RGB('',0.800000011920929,0.800000011920929,0.800000011920929);
#1010=SURFACE_SIDE_STYLE('',(#1814));
#1011=EDGE_LOOP('',(#1815,#1816,#1817));
#1012=AXIS2_PLACEMENT_3D('',#1818,#1819,#1820);
#1013=SURFACE_SIDE_STYLE('',(#1821));
#1014=EDGE_LOOP('',(#1822,#1823));
#1015=EDGE_LOOP('',(#1824,#1825));
#1016=AXIS2_PLACEMENT_3D('',#1826,#1827,#1828);
#1017=SURFACE_SIDE_STYLE('',(#1829));
#1018=EDGE_LOOP('',(#1830,#1831,#1832,#1833));
#1019=AXIS2_PLACEMENT_3D('',#1834,#1835,#1836);
#1020=DRAUGHTING_PRE_DEFINED_CURVE_FONT('continuous');
#1021=COLOUR_RGB('',0.498039215803146,0.498039215803146,0.498039215803146);
#1022=CARTESIAN_POINT('',(0.960826908534033,6.4285932871692,-43.730844410515));
#1023=CARTESIAN_POINT('',(1.05263887797574,6.41487093659817,-43.8227794581762));
#1024=CARTESIAN_POINT('',(1.13238090981159,6.40082923354233,-43.939238280082));
#1025=CARTESIAN_POINT('',(1.2383041697034,6.38118360692084,-44.1948069345129));
#1026=CARTESIAN_POINT('',(1.26446808296637,6.37582312075542,-44.3339425975235));
#1027=CARTESIAN_POINT('',(1.26446808296637,6.37582312075542,-44.4645940178235));
#1028=CARTESIAN_POINT('',(1.26446808296637,6.37582312075542,-44.5952454381236));
#1029=CARTESIAN_POINT('',(1.2383041697034,6.38118360692084,-44.7343811011341));
#1030=CARTESIAN_POINT('',(1.13238090981159,6.40082923354233,-44.9899497555651));
#1031=CARTESIAN_POINT('',(1.05263887797574,6.41487093659817,-45.1064085774708));
#1032=CARTESIAN_POINT('',(0.868777315187019,6.44235115335494,-45.2905166152445));
#1033=CARTESIAN_POINT('',(0.752193843589523,6.45760981324629,-45.3704798634262));
#1034=CARTESIAN_POINT('',(0.496321193649114,6.48229784491685,-45.476714391019));
#1035=CARTESIAN_POINT('',(0.357003976327733,6.4915103348535,-45.502968425074));
#1036=CARTESIAN_POINT('',(0.0957525031349012,6.50060311502846,-45.502968425074));
#1037=CARTESIAN_POINT('',(-0.0433013682245328,6.50111419043627,-45.4769182794112));
#1038=CARTESIAN_POINT('',(-0.299030761016857,6.49437767071654,-45.3710257160603));
#1039=CARTESIAN_POINT('',(-0.415714751541032,6.48735071191744,-45.2911898302123));
#1040=CARTESIAN_POINT('',(-0.600071263896833,6.47290309674712,-45.1069910103259));
#1041=CARTESIAN_POINT('',(-0.680035946501446,6.46454964557866,-44.9902708811199));
#1042=CARTESIAN_POINT('',(-0.786144488716079,6.45250555022295,-44.7343734221352));
#1043=CARTESIAN_POINT('',(-0.812280731534525,6.44904644216319,-44.5951820891535));
#1044=CARTESIAN_POINT('',(-0.812280731534525,6.44904644216319,-44.3340059464935));
#1045=CARTESIAN_POINT('',(-0.786144488716079,6.45250555022295,-44.1948146135118));
#1046=CARTESIAN_POINT('',(-0.680035946501446,6.46454964557866,-43.9389171545272));
#1047=CARTESIAN_POINT('',(-0.600071263896834,6.47290309674712,-43.8221970253212));
#1048=CARTESIAN_POINT('',(-0.507833684525858,6.4801315533607,-43.730038342928));
#1049=SURFACE_SIDE_STYLE('',(#1837));
#1050=EDGE_LOOP('',(#1838,#1839,#1840,#1841));
#1051=AXIS2_PLACEMENT_3D('',#1842,#1843,#1844);
#1052=DRAUGHTING_PRE_DEFINED_CURVE_FONT('continuous');
#1053=COLOUR_RGB('',0.498039215803146,0.498039215803146,0.498039215803146);
#1054=AXIS2_PLACEMENT_3D('',#1845,#1846,#1847);
#1055=DRAUGHTING_PRE_DEFINED_CURVE_FONT('continuous');
#1056=COLOUR_RGB('',0.498039215803146,0.498039215803146,0.498039215803146);
#1057=CARTESIAN_POINT('',(0.960826908534033,6.4285932871692,-43.730844410515));
#1058=CARTESIAN_POINT('',(1.05263887797574,6.41487093659817,-43.8227794581762));
#1059=CARTESIAN_POINT('',(1.13238090981159,6.40082923354233,-43.939238280082));
#1060=CARTESIAN_POINT('',(1.2383041697034,6.38118360692084,-44.1948069345129));
#1061=CARTESIAN_POINT('',(1.26446808296637,6.37582312075542,-44.3339425975235));
#1062=CARTESIAN_POINT('',(1.26446808296637,6.37582312075542,-44.4645940178235));
#1063=CARTESIAN_POINT('',(1.26446808296637,6.37582312075542,-44.5952454381236));
#1064=CARTESIAN_POINT('',(1.2383041697034,6.38118360692084,-44.7343811011341));
#1065=CARTESIAN_POINT('',(1.13238090981159,6.40082923354233,-44.9899497555651));
#1066=CARTESIAN_POINT('',(1.05263887797574,6.41487093659817,-45.1064085774708));
#1067=CARTESIAN_POINT('',(0.868777315187019,6.44235115335494,-45.2905166152445));
#1068=CARTESIAN_POINT('',(0.752193843589523,6.45760981324629,-45.3704798634262));
#1069=CARTESIAN_POINT('',(0.496321193649114,6.48229784491685,-45.476714391019));
#1070=CARTESIAN_POINT('',(0.357003976327733,6.4915103348535,-45.502968425074));
#1071=CARTESIAN_POINT('',(0.0957525031349012,6.50060311502846,-45.502968425074));
#1072=CARTESIAN_POINT('',(-0.0433013682245328,6.50111419043627,-45.4769182794112));
#1073=CARTESIAN_POINT('',(-0.299030761016857,6.49437767071654,-45.3710257160603));
#1074=CARTESIAN_POINT('',(-0.415714751541032,6.48735071191744,-45.2911898302123));
#1075=CARTESIAN_POINT('',(-0.600071263896833,6.47290309674712,-45.1069910103259));
#1076=CARTESIAN_POINT('',(-0.680035946501446,6.46454964557866,-44.9902708811199));
#1077=CARTESIAN_POINT('',(-0.786144488716079,6.45250555022295,-44.7343734221352));
#1078=CARTESIAN_POINT('',(-0.812280731534525,6.44904644216319,-44.5951820891535));
#1079=CARTESIAN_POINT('',(-0.812280731534525,6.44904644216319,-44.3340059464935));
#1080=CARTESIAN_POINT('',(-0.786144488716079,6.45250555022295,-44.1948146135118));
#1081=CARTESIAN_POINT('',(-0.680035946501446,6.46454964557866,-43.9389171545272));
#1082=CARTESIAN_POINT('',(-0.600071263896834,6.47290309674712,-43.8221970253212));
#1083=CARTESIAN_POINT('',(-0.507833684525858,6.4801315533607,-43.730038342928));
#1084=DRAUGHTING_PRE_DEFINED_CURVE_FONT('continuous');
#1085=COLOUR_RGB('',0.800000011920929,0.800000011920929,0.800000011920929);
#1086=AXIS2_PLACEMENT_3D('',#1848,#1849,#1850);
#1087=DRAUGHTING_PRE_DEFINED_CURVE_FONT('continuous');
#1088=COLOUR_RGB('',0.800000011920929,0.800000011920929,0.800000011920929);
#1089=AXIS2_PLACEMENT_3D('',#1851,#1852,#1853);
#1090=PRE_DEFINED_MARKER('');
#1091=COLOUR_RGB('',0.200000002980232,0.600000023841858,1.0);
#1092=DRAUGHTING_PRE_DEFINED_CURVE_FONT('continuous');
#1093=COLOUR_RGB('',0.498039215803146,0.498039215803146,0.498039215803146);
#1094=AXIS2_PLACEMENT_3D('',#1854,#1855,#1856);
#1095=DRAUGHTING_PRE_DEFINED_CURVE_FONT('continuous');
#1096=COLOUR_RGB('',0.200000002980232,0.600000023841858,1.0);
#1097=AXIS2_PLACEMENT_3D('',#1857,#1858,#1859);
#1098=SURFACE_SIDE_STYLE('',(#1860));
#1099=EDGE_LOOP('',(#1861,#1862,#1863,#1864));
#1100=AXIS2_PLACEMENT_3D('',#1865,#1866,#1867);
#1101=DRAUGHTING_PRE_DEFINED_CURVE_FONT('continuous');
#1102=COLOUR_RGB('',0.498039215803146,0.498039215803146,0.498039215803146);
#1103=AXIS2_PLACEMENT_3D('',#1868,#1869,#1870);
#1104=DRAUGHTING_PRE_DEFINED_CURVE_FONT('continuous');
#1105=COLOUR_RGB('',0.498039215803146,0.498039215803146,0.498039215803146);
#1106=AXIS2_PLACEMENT_3D('',#1871,#1872,#1873);
#1107=DRAUGHTING_PRE_DEFINED_CURVE_FONT('continuous');
#1108=COLOUR_RGB('',0.498039215803146,0.498039215803146,0.498039215803146);
#1109=CARTESIAN_POINT('',(7.47616055976792E-016,-6.10495,-59.25));
#1110=VECTOR('',#1874,1.0);
#1111=SURFACE_SIDE_STYLE('',(#1875));
#1112=EDGE_LOOP('',(#1876,#1877,#1878,#1879,#1880));
#1113=AXIS2_PLACEMENT_3D('',#1881,#1882,#1883);
#1114=DRAUGHTING_PRE_DEFINED_CURVE_FONT('continuous');
#1115=COLOUR_RGB('',0.498039215803146,0.498039215803146,0.498039215803146);
#1116=AXIS2_PLACEMENT_3D('',#1884,#1885,#1886);
#1117=PRE_DEFINED_MARKER('');
#1118=COLOUR_RGB('',0.498039215803146,0.498039215803146,0.498039215803146);
#1119=PRE_DEFINED_MARKER('');
#1120=COLOUR_RGB('',0.498039215803146,0.498039215803146,0.498039215803146);
#1121=SURFACE_SIDE_STYLE('',(#1887));
#1122=EDGE_LOOP('',(#1888,#1889,#1890,#1891));
#1123=AXIS2_PLACEMENT_3D('',#1892,#1893,#1894);
#1124=SURFACE_SIDE_STYLE('',(#1895));
#1125=EDGE_LOOP('',(#1896,#1897,#1898,#1899,#1900));
#1126=AXIS2_PLACEMENT_3D('',#1901,#1902,#1903);
#1127=DRAUGHTING_PRE_DEFINED_CURVE_FONT('continuous');
#1128=COLOUR_RGB('',0.498039215803146,0.498039215803146,0.498039215803146);
#1129=CARTESIAN_POINT('',(1.93152564817038,6.20638450875065,-46.0259879861361));
#1130=VECTOR('',#1904,1.0);
#1131=DRAUGHTING_PRE_DEFINED_CURVE_FONT('continuous');
#1132=COLOUR_RGB('',0.800000011920929,0.800000011920929,0.800000011920929);
#1133=CARTESIAN_POINT('',(7.47622179008561E-016,-6.105,-84.5));
#1134=VECTOR('',#1905,1.0);
#1135=DRAUGHTING_PRE_DEFINED_CURVE_FONT('continuous');
#1136=COLOUR_RGB('',0.498039215803146,0.498039215803146,0.498039215803146);
#1137=AXIS2_PLACEMENT_3D('',#1906,#1907,#1908);
#1138=PRE_DEFINED_MARKER('');
#1139=COLOUR_RGB('',0.498039215803146,0.498039215803146,0.498039215803146);
#1140=PRE_DEFINED_MARKER('');
#1141=COLOUR_RGB('',0.200000002980232,0.600000023841858,1.0);
#1142=PRE_DEFINED_MARKER('');
#1143=COLOUR_RGB('',0.800000011920929,0.800000011920929,0.800000011920929);
#1144=PRE_DEFINED_MARKER('');
#1145=COLOUR_RGB('',0.200000002980232,0.600000023841858,1.0);
#1146=DRAUGHTING_PRE_DEFINED_CURVE_FONT('continuous');
#1147=COLOUR_RGB('',0.200000002980232,0.600000023841858,1.0);
#1148=CARTESIAN_POINT('',(0.41903784984053,0.0,-48.333091961922));
#1149=VECTOR('',#1909,4.33333333);
#1150=DRAUGHTING_PRE_DEFINED_CURVE_FONT('continuous');
#1151=COLOUR_RGB('',0.800000011920929,0.800000011920929,0.800000011920929);
#1152=AXIS2_PLACEMENT_3D('',#1910,#1911,#1912);
#1153=PRE_DEFINED_MARKER('');
#1154=COLOUR_RGB('',0.200000002980232,0.600000023841858,1.0);
#1155=DRAUGHTING_PRE_DEFINED_CURVE_FONT('continuous');
#1156=COLOUR_RGB('',0.200000002980232,0.600000023841858,1.0);
#1157=CARTESIAN_POINT('',(0.87039861931418,6.34053674727116,-46.0489877469943));
#1158=CARTESIAN_POINT('',(0.765154369637335,6.35498417546025,-46.0927943170321));
#1159=CARTESIAN_POINT('',(0.65520420144338,6.36734432554131,-46.1260437294766));
#1160=CARTESIAN_POINT('',(0.433602518305072,6.38626300442736,-46.1697523560038));
#1161=CARTESIAN_POINT('',(0.321947945321085,6.39281444973033,-46.1801991306702));
#1162=CARTESIAN_POINT('',(0.106251338309417,6.40002127815157,-46.1801991306702));
#1163=CARTESIAN_POINT('',(-0.00483002467487643,6.40095074785609,-46.16989705813));
#1164=CARTESIAN_POINT('',(-0.225645352396542,6.39697412692591,-46.1265804725277));
#1165=CARTESIAN_POINT('',(-0.335381347161471,6.39207541476172,-46.0935756314617));
#1166=CARTESIAN_POINT('',(-0.545677557625459,6.3775657394092,-46.0064230804437));
#1167=CARTESIAN_POINT('',(-0.646417342275753,6.36796119550674,-45.952204270895));
#1168=CARTESIAN_POINT('',(-0.832620140098092,6.34630040813085,-45.8270584567604));
#1169=CARTESIAN_POINT('',(-0.918080616410471,6.33427093725828,-45.7561230452812));
#1170=CARTESIAN_POINT('',(-1.06952904314043,6.3104674104544,-45.6049086735093));
#1171=CARTESIAN_POINT('',(-1.14071471131722,6.29784538359214,-45.5193671262905));
#1172=CARTESIAN_POINT('',(-1.2662857601265,6.27380322470382,-45.3329916899708));
#1173=CARTESIAN_POINT('',(-1.32068057535603,6.26241217051679,-45.2321604077239));
#1174=CARTESIAN_POINT('',(-1.40814198389875,6.24332760928447,-45.0216156746167));
#1175=CARTESIAN_POINT('',(-1.44127789013918,6.23564090477761,-44.9117268983893));
#1176=CARTESIAN_POINT('',(-1.48479111001233,6.22542326351686,-44.6904874509906));
#1177=CARTESIAN_POINT('',(-1.49515746915257,6.22290158546938,-44.5791341979366));
#1178=CARTESIAN_POINT('',(-1.49515746915257,6.22290158546938,-44.36362699324));
#1179=CARTESIAN_POINT('',(-1.48481248394726,6.22541800829002,-44.2523848038095));
#1180=CARTESIAN_POINT('',(-1.46309865576916,6.23051701895489,-44.1418690066426));
#1181=PRE_DEFINED_MARKER('');
#1182=COLOUR_RGB('',0.498039215803146,0.498039215803146,0.498039215803146);
#1183=DRAUGHTING_PRE_DEFINED_CURVE_FONT('continuous');
#1184=COLOUR_RGB('',0.200000002980232,0.600000023841858,1.0);
#1185=AXIS2_PLACEMENT_3D('',#1913,#1914,#1915);
#1186=DRAUGHTING_PRE_DEFINED_CURVE_FONT('continuous');
#1187=COLOUR_RGB('',0.200000002980232,0.600000023841858,1.0);
#1188=CARTESIAN_POINT('',(-0.812260207482315,0.0,-44.4580653977656));
#1189=VECTOR('',#1916,4.33333333);
#1190=PRE_DEFINED_MARKER('');
#1191=COLOUR_RGB('',0.498039215803146,0.498039215803146,0.498039215803146);
#1192=DRAUGHTING_PRE_DEFINED_CURVE_FONT('continuous');
#1193=COLOUR_RGB('',0.800000011920929,0.800000011920929,0.800000011920929);
#1194=AXIS2_PLACEMENT_3D('',#1917,#1918,#1919);
#1195=SURFACE_SIDE_STYLE('',(#1920));
#1196=EDGE_LOOP('',(#1921,#1922,#1923,#1924));
#1197=AXIS2_PLACEMENT_3D('',#1925,#1926,#1927);
#1198=DRAUGHTING_PRE_DEFINED_CURVE_FONT('continuous');
#1199=COLOUR_RGB('',0.498039215803146,0.498039215803146,0.498039215803146);
#1200=CARTESIAN_POINT('',(7.71805092980669E-016,-6.302475,-57.75));
#1201=VECTOR('',#1928,1.0);
#1202=DRAUGHTING_PRE_DEFINED_CURVE_FONT('continuous');
#1203=COLOUR_RGB('',0.200000002980232,0.600000023841858,1.0);
#1204=CARTESIAN_POINT('',(-0.50782375914428,6.37982092457528,-43.7300284261702));
#1205=CARTESIAN_POINT('',(-0.600062763064524,6.37247884424665,-43.8221860413927));
#1206=CARTESIAN_POINT('',(-0.680029052196902,6.3639934701509,-43.9389048101753));
#1207=CARTESIAN_POINT('',(-0.786141962343904,6.3517582793966,-44.1948042388018));
#1208=CARTESIAN_POINT('',(-0.812280731534525,6.34824385268696,-44.3339993547196));
#1209=CARTESIAN_POINT('',(-0.812280731534525,6.34824385268696,-44.5951886809275));
#1210=CARTESIAN_POINT('',(-0.786141962343902,6.3517582793966,-44.7343837968453));
#1211=CARTESIAN_POINT('',(-0.680029052196903,6.3639934701509,-44.9902832254718));
#1212=CARTESIAN_POINT('',(-0.600062763064522,6.37247884424665,-45.1070019942544));
#1213=CARTESIAN_POINT('',(-0.415707175804701,6.38715326041732,-45.2911949121385));
#1214=CARTESIAN_POINT('',(-0.299025675607431,6.39428997672721,-45.3710283583898));
#1215=CARTESIAN_POINT('',(-0.0432995799516678,6.40113160364311,-45.4769184833253));
#1216=CARTESIAN_POINT('',(0.0957537479805403,6.40061254449594,-45.502968425074));
#1217=CARTESIAN_POINT('',(0.357020874101892,6.39137696014781,-45.502968425074));
#1218=CARTESIAN_POINT('',(0.496345966390796,6.38201894230997,-45.4767080786717));
#1219=CARTESIAN_POINT('',(0.752219877961685,6.35694032963671,-45.3704650806258));
#1220=CARTESIAN_POINT('',(0.868797602913068,6.34143976997916,-45.2905002223581));
#1221=CARTESIAN_POINT('',(1.05264243759034,6.31352242799521,-45.1064011008232));
#1222=CARTESIAN_POINT('',(1.13237894722055,6.29925570082376,-44.989952020747));
#1223=CARTESIAN_POINT('',(1.23830069351977,6.27929262722187,-44.7343919583444));
#1224=CARTESIAN_POINT('',(1.26446808296637,6.27384415387881,-44.5952542774035));
#1225=CARTESIAN_POINT('',(1.26446808296637,6.27384415387881,-44.4645940178235));
#1226=CARTESIAN_POINT('',(1.26446808296637,6.27384415387881,-44.3338129293791));
#1227=CARTESIAN_POINT('',(1.23825272571448,6.27930286902391,-44.1945553203974));
#1228=CARTESIAN_POINT('',(1.1321514922505,6.29929736484369,-43.9388125776063));
#1229=CARTESIAN_POINT('',(1.05228347889772,6.31358445720542,-43.8223006514506));
#1230=CARTESIAN_POINT('',(0.960335260493278,6.3275395050093,-43.7303524330462));
#1231=DRAUGHTING_PRE_DEFINED_CURVE_FONT('continuous');
#1232=COLOUR_RGB('',0.800000011920929,0.800000011920929,0.800000011920929);
#1233=AXIS2_PLACEMENT_3D('',#1929,#1930,#1931);
#1234=PRE_DEFINED_MARKER('');
#1235=COLOUR_RGB('',0.498039215803146,0.498039215803146,0.498039215803146);
#1236=DRAUGHTING_PRE_DEFINED_CURVE_FONT('continuous');
#1237=COLOUR_RGB('',0.800000011920929,0.800000011920929,0.800000011920929);
#1238=AXIS2_PLACEMENT_3D('',#1932,#1933,#1934);
#1239=SURFACE_SIDE_STYLE('',(#1935));
#1240=EDGE_LOOP('',(#1936,#1937,#1938,#1939));
#1241=AXIS2_PLACEMENT_3D('',#1940,#1941,#1942);
#1242=DRAUGHTING_PRE_DEFINED_CURVE_FONT('continuous');
#1243=COLOUR_RGB('',0.498039215803146,0.498039215803146,0.498039215803146);
#1244=CARTESIAN_POINT('',(4.90460484680044E-016,-4.00504605540519,-109.995));
#1245=VECTOR('',#1943,1.0);
#1246=SURFACE_SIDE_STYLE('',(#1944));
#1247=EDGE_LOOP('',(#1945,#1946,#1947,#1948));
#1248=AXIS2_PLACEMENT_3D('',#1949,#1950,#1951);
#1249=DRAUGHTING_PRE_DEFINED_CURVE_FONT('continuous');
#1250=COLOUR_RGB('',0.498039215803146,0.498039215803146,0.498039215803146);
#1251=CARTESIAN_POINT('',(1.26181001712565,6.37634969874468,-46.9456760201735));
#1252=VECTOR('',#1952,1.0);
#1253=SURFACE_SIDE_STYLE('',(#1953));
#1254=EDGE_LOOP('',(#1954,#1955,#1956,#1957));
#1255=AXIS2_PLACEMENT_3D('',#1958,#1959,#1960);
#1256=PRE_DEFINED_MARKER('');
#1257=COLOUR_RGB('',0.498039215803146,0.498039215803146,0.498039215803146);
#1258=DRAUGHTING_PRE_DEFINED_CURVE_FONT('continuous');
#1259=COLOUR_RGB('',0.800000011920929,0.800000011920929,0.800000011920929);
#1260=AXIS2_PLACEMENT_3D('',#1961,#1962,#1963);
#1261=DRAUGHTING_PRE_DEFINED_CURVE_FONT('continuous');
#1262=COLOUR_RGB('',0.200000002980232,0.600000023841858,1.0);
#1263=CARTESIAN_POINT('',(1.26181001712565,6.2743792904702,-46.9456760201735));
#1264=VECTOR('',#1964,1.0);
#1265=DRAUGHTING_PRE_DEFINED_CURVE_FONT('continuous');
#1266=COLOUR_RGB('',0.498039215803146,0.498039215803146,0.498039215803146);
#1267=CARTESIAN_POINT('',(3.04613774331506E-016,-2.48744238,-84.995));
#1268=VECTOR('',#1965,1.0);
#1269=SURFACE_SIDE_STYLE('',(#1966));
#1270=EDGE_LOOP('',(#1967,#1968,#1969,#1970,#1971));
#1271=AXIS2_PLACEMENT_3D('',#1972,#1973,#1974);
#1272=PRE_DEFINED_MARKER('');
#1273=COLOUR_RGB('',0.498039215803146,0.498039215803146,0.498039215803146);
#1274=DRAUGHTING_PRE_DEFINED_CURVE_FONT('continuous');
#1275=COLOUR_RGB('',0.498039215803146,0.498039215803146,0.498039215803146);
#1276=AXIS2_PLACEMENT_3D('',#1975,#1976,#1977);
#1277=PRE_DEFINED_MARKER('');
#1278=COLOUR_RGB('',0.498039215803146,0.498039215803146,0.498039215803146);
#1279=PRE_DEFINED_MARKER('');
#1280=COLOUR_RGB('',0.498039215803146,0.498039215803146,0.498039215803146);
#1281=DRAUGHTING_PRE_DEFINED_CURVE_FONT('continuous');
#1282=COLOUR_RGB('',0.498039215803146,0.498039215803146,0.498039215803146);
#1283=CARTESIAN_POINT('',(0.86260134500707,6.44250874423869,-48.1980591684638));
#1284=CARTESIAN_POINT('',(1.00730265102492,6.42313437529946,-48.1378642237763));
#1285=CARTESIAN_POINT('',(1.14570701946941,6.399557645037,-48.0631125630846));
#1286=CARTESIAN_POINT('',(1.40129055088168,6.34849331880158,-47.8909180796178));
#1287=CARTESIAN_POINT('',(1.51847043563666,6.32105275389191,-47.7934623845482));
#1288=CARTESIAN_POINT('',(1.72594843065546,6.26758284504443,-47.5860779475801));
#1289=CARTESIAN_POINT('',(1.82351571663994,6.23962478293141,-47.4688306500802));
#1290=CARTESIAN_POINT('',(1.99585840671542,6.18665307111014,-47.2131831619339));
#1291=CARTESIAN_POINT('',(2.0706497180989,6.16169417268063,-47.0747823534421));
#1292=CARTESIAN_POINT('',(2.1308878292339,6.14079124048545,-46.9300741091961));
#1293=PRE_DEFINED_MARKER('');
#1294=COLOUR_RGB('',0.800000011920929,0.800000011920929,0.800000011920929);
#1295=DRAUGHTING_PRE_DEFINED_CURVE_FONT('continuous');
#1296=COLOUR_RGB('',0.498039215803146,0.498039215803146,0.498039215803146);
#1297=CARTESIAN_POINT('',(-1.46304184569344,6.33320681469901,-44.1415799948755));
#1298=CARTESIAN_POINT('',(-1.48479428199427,6.32818175782084,-44.2521915101787));
#1299=CARTESIAN_POINT('',(-1.49515746915257,6.3257018695507,-44.3635321732235));
#1300=CARTESIAN_POINT('',(-1.49515746915257,6.3257018695507,-44.5791176459461));
#1301=CARTESIAN_POINT('',(-1.48479428199427,6.32818175782084,-44.6904583089909));
#1302=CARTESIAN_POINT('',(-1.4412894093926,6.33823187157717,-44.9116813395973));
#1303=CARTESIAN_POINT('',(-1.40815862265548,6.3457930554979,-45.0215662609789));
#1304=CARTESIAN_POINT('',(-1.32070522958242,6.36456894076133,-45.2321104129175));
#1305=CARTESIAN_POINT('',(-1.26631330686418,6.3757770042786,-45.3329447302838));
#1306=CARTESIAN_POINT('',(-1.14074483195953,6.39943614918081,-45.5193284919381));
#1307=CARTESIAN_POINT('',(-1.06955890214777,6.41185860697935,-45.6048752506211));
#1308=CARTESIAN_POINT('',(-0.918102005552644,6.43528909802694,-45.7561052886489));
#1309=CARTESIAN_POINT('',(-0.832633703499968,6.44713145028506,-45.8270486947431));
#1310=CARTESIAN_POINT('',(-0.646417338186112,6.46845634183989,-45.9522049197306));
#1311=CARTESIAN_POINT('',(-0.545671892843873,6.47791247496283,-46.0064261314507));
#1312=CARTESIAN_POINT('',(-0.335368988903075,6.49219804749189,-46.093580049639));
#1313=CARTESIAN_POINT('',(-0.225632321309993,6.49702111471802,-46.1265838037596));
#1314=CARTESIAN_POINT('',(-0.00482038549424024,6.50093609208669,-46.1698981739671));
#1315=CARTESIAN_POINT('',(0.106256906145054,6.50002073731689,-46.1801991306702));
#1316=CARTESIAN_POINT('',(0.321918287748956,6.49292606292951,-46.1801991306702));
#1317=CARTESIAN_POINT('',(0.433550736207154,6.48647779197431,-46.1697580453732));
#1318=CARTESIAN_POINT('',(0.655124218967719,6.46785688187038,-46.1260640266089));
#1319=CARTESIAN_POINT('',(0.765068274024968,6.45569122226227,-46.0928234382258));
#1320=CARTESIAN_POINT('',(0.870312856682609,6.44147153463345,-46.0490234418519));
#1321=DRAUGHTING_PRE_DEFINED_CURVE_FONT('continuous');
#1322=COLOUR_RGB('',0.498039215803146,0.498039215803146,0.498039215803146);
#1323=CARTESIAN_POINT('',(-7.47616055976792E-016,6.10495,-59.25));
#1324=VECTOR('',#1978,1.0);
#1325=SURFACE_SIDE_STYLE('',(#1979));
#1326=EDGE_LOOP('',(#1980,#1981));
#1327=EDGE_LOOP('',(#1982,#1983));
#1328=AXIS2_PLACEMENT_3D('',#1984,#1985,#1986);
#1329=SURFACE_SIDE_STYLE('',(#1987));
#1330=EDGE_LOOP('',(#1988,#1989,#1990,#1991));
#1331=AXIS2_PLACEMENT_3D('',#1992,#1993,#1994);
#1332=PRE_DEFINED_MARKER('');
#1333=COLOUR_RGB('',0.200000002980232,0.600000023841858,1.0);
#1334=PRE_DEFINED_MARKER('');
#1335=COLOUR_RGB('',0.498039215803146,0.498039215803146,0.498039215803146);
#1336=PRE_DEFINED_MARKER('');
#1337=COLOUR_RGB('',0.200000002980232,0.600000023841858,1.0);
#1338=SURFACE_SIDE_STYLE('',(#1995));
#1339=EDGE_LOOP('',(#1996,#1997,#1998,#1999));
#1340=AXIS2_PLACEMENT_3D('',#2000,#2001,#2002);
#1341=DRAUGHTING_PRE_DEFINED_CURVE_FONT('continuous');
#1342=COLOUR_RGB('',0.498039215803146,0.498039215803146,0.498039215803146);
#1343=CARTESIAN_POINT('',(-3.04613774331506E-016,2.48744238,-84.995));
#1344=VECTOR('',#2003,1.0);
#1345=PRE_DEFINED_MARKER('');
#1346=COLOUR_RGB('',0.498039215803146,0.498039215803146,0.498039215803146);
#1347=DRAUGHTING_PRE_DEFINED_CURVE_FONT('continuous');
#1348=COLOUR_RGB('',0.498039215803146,0.498039215803146,0.498039215803146);
#1349=CARTESIAN_POINT('',(-7.59255939369874E-016,6.2,-0.300000000000004));
#1350=VECTOR('',#2004,1.0);
#1351=PRE_DEFINED_MARKER('');
#1352=COLOUR_RGB('',0.498039215803146,0.498039215803146,0.498039215803146);
#1353=DRAUGHTING_PRE_DEFINED_CURVE_FONT('continuous');
#1354=COLOUR_RGB('',0.800000011920929,0.800000011920929,0.800000011920929);
#1355=CARTESIAN_POINT('',(3.04613774331506E-016,-2.48744238,-84.995));
#1356=VECTOR('',#2005,1.0);
#1357=PRE_DEFINED_MARKER('');
#1358=COLOUR_RGB('',0.800000011920929,0.800000011920929,0.800000011920929);
#1359=DRAUGHTING_PRE_DEFINED_CURVE_FONT('continuous');
#1360=COLOUR_RGB('',0.800000011920929,0.800000011920929,0.800000011920929);
#1361=CARTESIAN_POINT('',(7.12270838607028E-016,-5.81632486540519,-109.5));
#1362=VECTOR('',#2006,1.0);
#1363=DRAUGHTING_PRE_DEFINED_CURVE_FONT('continuous');
#1364=COLOUR_RGB('',0.498039215803146,0.498039215803146,0.498039215803146);
#1365=AXIS2_PLACEMENT_3D('',#2007,#2008,#2009);
#1366=PRE_DEFINED_MARKER('');
#1367=COLOUR_RGB('',0.498039215803146,0.498039215803146,0.498039215803146);
#1368=DRAUGHTING_PRE_DEFINED_CURVE_FONT('continuous');
#1369=COLOUR_RGB('',0.200000002980232,0.600000023841858,1.0);
#1370=CARTESIAN_POINT('',(1.26181001712565,0.0,-47.9848397001559));
#1371=VECTOR('',#2010,4.33333333);
#1372=DRAUGHTING_PRE_DEFINED_CURVE_FONT('continuous');
#1373=COLOUR_RGB('',0.498039215803146,0.498039215803146,0.498039215803146);
#1374=CARTESIAN_POINT('',(-7.95994129984545E-016,6.5,-23.35));
#1375=VECTOR('',#2011,1.0);
#1376=DRAUGHTING_PRE_DEFINED_CURVE_FONT('continuous');
#1377=COLOUR_RGB('',0.200000002980232,0.600000023841858,1.0);
#1378=CARTESIAN_POINT('',(1.26181001712565,0.0,-45.9065123401911));
#1379=VECTOR('',#2012,4.33333333);
#1380=SURFACE_SIDE_STYLE('',(#2013));
#1381=EDGE_LOOP('',(#2014,#2015,#2016,#2017));
#1382=AXIS2_PLACEMENT_3D('',#2018,#2019,#2020);
#1383=DRAUGHTING_PRE_DEFINED_CURVE_FONT('continuous');
#1384=COLOUR_RGB('',0.200000002980232,0.600000023841858,1.0);
#1385=AXIS2_PLACEMENT_3D('',#2021,#2022,#2023);
#1386=DRAUGHTING_PRE_DEFINED_CURVE_FONT('continuous');
#1387=COLOUR_RGB('',0.800000011920929,0.800000011920929,0.800000011920929);
#1388=CARTESIAN_POINT('',(-3.04613774331506E-016,2.48744238,-84.995));
#1389=VECTOR('',#2024,1.0);
#1390=PRE_DEFINED_MARKER('');
#1391=COLOUR_RGB('',0.800000011920929,0.800000011920929,0.800000011920929);
#1392=PRE_DEFINED_MARKER('');
#1393=COLOUR_RGB('',0.800000011920929,0.800000011920929,0.800000011920929);
#1394=DRAUGHTING_PRE_DEFINED_CURVE_FONT('continuous');
#1395=COLOUR_RGB('',0.498039215803146,0.498039215803146,0.498039215803146);
#1396=AXIS2_PLACEMENT_3D('',#2025,#2026,#2027);
#1397=PRE_DEFINED_MARKER('');
#1398=COLOUR_RGB('',0.200000002980232,0.600000023841858,1.0);
#1399=SURFACE_SIDE_STYLE('',(#2028));
#1400=EDGE_LOOP('',(#2029,#2030,#2031,#2032));
#1401=AXIS2_PLACEMENT_3D('',#2033,#2034,#2035);
#1402=DRAUGHTING_PRE_DEFINED_CURVE_FONT('continuous');
#1403=COLOUR_RGB('',0.200000002980232,0.600000023841858,1.0);
#1404=CARTESIAN_POINT('',(0.827850162229641,0.0,-46.0660321735827));
#1405=VECTOR('',#2036,4.33333333);
#1406=DRAUGHTING_PRE_DEFINED_CURVE_FONT('continuous');
#1407=COLOUR_RGB('',0.498039215803146,0.498039215803146,0.498039215803146);
#1408=AXIS2_PLACEMENT_3D('',#2037,#2038,#2039);
#1409=PRE_DEFINED_MARKER('');
#1410=COLOUR_RGB('',0.498039215803146,0.498039215803146,0.498039215803146);
#1411=SURFACE_SIDE_STYLE('',(#2040));
#1412=EDGE_LOOP('',(#2041,#2042,#2043,#2044));
#1413=AXIS2_PLACEMENT_3D('',#2045,#2046,#2047);
#1414=SURFACE_SIDE_STYLE('',(#2048));
#1415=EDGE_LOOP('',(#2049,#2050));
#1416=AXIS2_PLACEMENT_3D('',#2051,#2052,#2053);
#1417=DRAUGHTING_PRE_DEFINED_CURVE_FONT('continuous');
#1418=COLOUR_RGB('',0.498039215803146,0.498039215803146,0.498039215803146);
#1419=CARTESIAN_POINT('',(-7.95994129984545E-016,6.5,-23.35));
#1420=VECTOR('',#2054,1.0);
#1421=DRAUGHTING_PRE_DEFINED_CURVE_FONT('continuous');
#1422=COLOUR_RGB('',0.498039215803146,0.498039215803146,0.498039215803146);
#1423=CARTESIAN_POINT('',(-4.90460484680044E-016,4.00504605540519,-109.995));
#1424=VECTOR('',#2055,1.0);
#1425=SURFACE_SIDE_STYLE('',(#2056));
#1426=EDGE_LOOP('',(#2057,#2058,#2059,#2060));
#1427=AXIS2_PLACEMENT_3D('',#2061,#2062,#2063);
#1428=DRAUGHTING_PRE_DEFINED_CURVE_FONT('continuous');
#1429=COLOUR_RGB('',0.200000002980232,0.600000023841858,1.0);
#1430=CARTESIAN_POINT('',(-1.93129841870983,0.0,-47.4263383397458));
#1431=VECTOR('',#2064,4.33333333);
#1432=PRE_DEFINED_MARKER('');
#1433=COLOUR_RGB('',0.200000002980232,0.600000023841858,1.0);
#1434=SURFACE_SIDE_STYLE('',(#2065));
#1435=EDGE_LOOP('',(#2066,#2067,#2068,#2069));
#1436=AXIS2_PLACEMENT_3D('',#2070,#2071,#2072);
#1437=DRAUGHTING_PRE_DEFINED_CURVE_FONT('continuous');
#1438=COLOUR_RGB('',0.200000002980232,0.600000023841858,1.0);
#1439=CARTESIAN_POINT('',(1.93152564817038,0.0,-47.3080171201481));
#1440=VECTOR('',#2073,4.33333333);
#1441=DRAUGHTING_PRE_DEFINED_CURVE_FONT('continuous');
#1442=COLOUR_RGB('',0.498039215803146,0.498039215803146,0.498039215803146);
#1443=CARTESIAN_POINT('',(-7.71805092980669E-016,6.302475,-57.75));
#1444=VECTOR('',#2074,1.0);
#1445=DRAUGHTING_PRE_DEFINED_CURVE_FONT('continuous');
#1446=COLOUR_RGB('',0.200000002980232,0.600000023841858,1.0);
#1447=CARTESIAN_POINT('',(1.93152564817038,0.0,-44.7439588521241));
#1448=VECTOR('',#2075,4.33333333);
#1449=DRAUGHTING_PRE_DEFINED_CURVE_FONT('continuous');
#1450=COLOUR_RGB('',0.498039215803146,0.498039215803146,0.498039215803146);
#1451=AXIS2_PLACEMENT_3D('',#2076,#2077,#2078);
#1452=DRAUGHTING_PRE_DEFINED_CURVE_FONT('continuous');
#1453=COLOUR_RGB('',0.800000011920929,0.800000011920929,0.800000011920929);
#1454=AXIS2_PLACEMENT_3D('',#2079,#2080,#2081);
#1455=PRE_DEFINED_MARKER('');
#1456=COLOUR_RGB('',0.498039215803146,0.498039215803146,0.498039215803146);
#1457=DRAUGHTING_PRE_DEFINED_CURVE_FONT('continuous');
#1458=COLOUR_RGB('',0.200000002980232,0.600000023841858,1.0);
#1459=CARTESIAN_POINT('',(1.93152564817038,6.10157427804169,-46.0259879861361));
#1460=VECTOR('',#2082,1.0);
#1461=PRE_DEFINED_MARKER('');
#1462=COLOUR_RGB('',0.498039215803146,0.498039215803146,0.498039215803146);
#1463=DRAUGHTING_PRE_DEFINED_CURVE_FONT('continuous');
#1464=COLOUR_RGB('',0.498039215803146,0.498039215803146,0.498039215803146);
#1465=CARTESIAN_POINT('',(0.960826908534033,6.4285932871692,-43.730844410515));
#1466=CARTESIAN_POINT('',(1.05263887797574,6.41487093659817,-43.8227794581762));
#1467=CARTESIAN_POINT('',(1.13238090981159,6.40082923354233,-43.939238280082));
#1468=CARTESIAN_POINT('',(1.2383041697034,6.38118360692084,-44.1948069345129));
#1469=CARTESIAN_POINT('',(1.26446808296637,6.37582312075542,-44.3339425975235));
#1470=CARTESIAN_POINT('',(1.26446808296637,6.37582312075542,-44.4645940178235));
#1471=CARTESIAN_POINT('',(1.26446808296637,6.37582312075542,-44.5952454381236));
#1472=CARTESIAN_POINT('',(1.2383041697034,6.38118360692084,-44.7343811011341));
#1473=CARTESIAN_POINT('',(1.13238090981159,6.40082923354233,-44.9899497555651));
#1474=CARTESIAN_POINT('',(1.05263887797574,6.41487093659817,-45.1064085774708));
#1475=CARTESIAN_POINT('',(0.868777315187019,6.44235115335494,-45.2905166152445));
#1476=CARTESIAN_POINT('',(0.752193843589523,6.45760981324629,-45.3704798634262));
#1477=CARTESIAN_POINT('',(0.496321193649114,6.48229784491685,-45.476714391019));
#1478=CARTESIAN_POINT('',(0.357003976327733,6.4915103348535,-45.502968425074));
#1479=CARTESIAN_POINT('',(0.0957525031349012,6.50060311502846,-45.502968425074));
#1480=CARTESIAN_POINT('',(-0.0433013682245328,6.50111419043627,-45.4769182794112));
#1481=CARTESIAN_POINT('',(-0.299030761016857,6.49437767071654,-45.3710257160603));
#1482=CARTESIAN_POINT('',(-0.415714751541032,6.48735071191744,-45.2911898302123));
#1483=CARTESIAN_POINT('',(-0.600071263896833,6.47290309674712,-45.1069910103259));
#1484=CARTESIAN_POINT('',(-0.680035946501446,6.46454964557866,-44.9902708811199));
#1485=CARTESIAN_POINT('',(-0.786144488716079,6.45250555022295,-44.7343734221352));
#1486=CARTESIAN_POINT('',(-0.812280731534525,6.44904644216319,-44.5951820891535));
#1487=CARTESIAN_POINT('',(-0.812280731534525,6.44904644216319,-44.3340059464935));
#1488=CARTESIAN_POINT('',(-0.786144488716079,6.45250555022295,-44.1948146135118));
#1489=CARTESIAN_POINT('',(-0.680035946501446,6.46454964557866,-43.9389171545272));
#1490=CARTESIAN_POINT('',(-0.600071263896834,6.47290309674712,-43.8221970253212));
#1491=CARTESIAN_POINT('',(-0.507833684525858,6.4801315533607,-43.730038342928));
#1492=DRAUGHTING_PRE_DEFINED_CURVE_FONT('continuous');
#1493=COLOUR_RGB('',0.200000002980232,0.600000023841858,1.0);
#1494=CARTESIAN_POINT('',(0.862709830503371,6.34158747856977,-43.8539619264762));
#1495=CARTESIAN_POINT('',(1.00740493783852,6.32190314997651,-43.9141627730543));
#1496=CARTESIAN_POINT('',(1.14579229527634,6.29794872892192,-43.9889148487799));
#1497=CARTESIAN_POINT('',(1.40133150299523,6.24606021384748,-44.1610914925129));
#1498=CARTESIAN_POINT('',(1.51848431242132,6.21817368859055,-44.2585289691568));
#1499=CARTESIAN_POINT('',(1.72591725848681,6.16382366529899,-44.4658653538364));
#1500=CARTESIAN_POINT('',(1.82347023654574,6.13539780149229,-44.5830888658327));
#1501=CARTESIAN_POINT('',(1.99579893794577,6.08152419108747,-44.8386935961926));
#1502=CARTESIAN_POINT('',(2.07059079263005,6.05613205306198,-44.977075656101));
#1503=CARTESIAN_POINT('',(2.1308355347094,6.0348603897704,-45.1217762402218));
#1504=DRAUGHTING_PRE_DEFINED_CURVE_FONT('continuous');
#1505=COLOUR_RGB('',0.498039215803146,0.498039215803146,0.498039215803146);
#1506=AXIS2_PLACEMENT_3D('',#2083,#2084,#2085);
#1507=SURFACE_SIDE_STYLE('',(#2086));
#1508=EDGE_LOOP('',(#2087,#2088,#2089,#2090));
#1509=AXIS2_PLACEMENT_3D('',#2091,#2092,#2093);
#1510=PRE_DEFINED_MARKER('');
#1511=COLOUR_RGB('',0.800000011920929,0.800000011920929,0.800000011920929);
#1512=PRE_DEFINED_MARKER('');
#1513=COLOUR_RGB('',0.498039215803146,0.498039215803146,0.498039215803146);
#1514=PRE_DEFINED_MARKER('');
#1515=COLOUR_RGB('',0.498039215803146,0.498039215803146,0.498039215803146);
#1516=PRE_DEFINED_MARKER('');
#1517=COLOUR_RGB('',0.800000011920929,0.800000011920929,0.800000011920929);
#1518=SURFACE_SIDE_STYLE('',(#2094));
#1519=DRAUGHTING_PRE_DEFINED_CURVE_FONT('continuous');
#1520=COLOUR_RGB('',0.200000002980232,0.600000023841858,1.0);
#1521=CARTESIAN_POINT('',(-1.49510602671818,0.0,-44.4580653977656));
#1522=VECTOR('',#2095,4.33333333);
#1523=SURFACE_SIDE_STYLE('',(#2096));
#1524=EDGE_LOOP('',(#2097,#2098,#2099,#2100,#2101,#2102,#2103,#2104,#2105,#2106,#2107,#2108));
#1525=AXIS2_PLACEMENT_3D('',#2109,#2110,#2111);
#1526=SURFACE_SIDE_STYLE('',(#2112));
#1527=EDGE_LOOP('',(#2113,#2114,#2115,#2116));
#1528=AXIS2_PLACEMENT_3D('',#2117,#2118,#2119);
#1529=DRAUGHTING_PRE_DEFINED_CURVE_FONT('continuous');
#1530=COLOUR_RGB('',0.498039215803146,0.498039215803146,0.498039215803146);
#1531=CARTESIAN_POINT('',(-7.95994129984545E-016,6.5,-23.35));
#1532=VECTOR('',#2120,1.0);
#1533=SURFACE_SIDE_STYLE('',(#2121));
#1534=EDGE_LOOP('',(#2122,#2123,#2124,#2125,#2126));
#1535=AXIS2_PLACEMENT_3D('',#2127,#2128,#2129);
#1536=DRAUGHTING_PRE_DEFINED_CURVE_FONT('continuous');
#1537=COLOUR_RGB('',0.498039215803146,0.498039215803146,0.498039215803146);
#1538=AXIS2_PLACEMENT_3D('',#2130,#2131,#2132);
#1539=SURFACE_SIDE_STYLE('',(#2133));
#1540=EDGE_LOOP('',(#2134,#2135,#2136,#2137));
#1541=AXIS2_PLACEMENT_3D('',#2138,#2139,#2140);
#1542=PRE_DEFINED_MARKER('');
#1543=COLOUR_RGB('',0.498039215803146,0.498039215803146,0.498039215803146);
#1544=DRAUGHTING_PRE_DEFINED_CURVE_FONT('continuous');
#1545=COLOUR_RGB('',0.498039215803146,0.498039215803146,0.498039215803146);
#1546=AXIS2_PLACEMENT_3D('',#2141,#2142,#2143);
#1547=PRE_DEFINED_MARKER('');
#1548=COLOUR_RGB('',0.800000011920929,0.800000011920929,0.800000011920929);
#1549=DRAUGHTING_PRE_DEFINED_CURVE_FONT('continuous');
#1550=COLOUR_RGB('',0.498039215803146,0.498039215803146,0.498039215803146);
#1551=CARTESIAN_POINT('',(-1.99191228895496,6.18726801044776,-47.3405777893548));
#1552=CARTESIAN_POINT('',(-1.90585743635666,6.21497227633393,-47.4682894122647));
#1553=CARTESIAN_POINT('',(-1.80844768641976,6.24428100705448,-47.5854195515797));
#1554=CARTESIAN_POINT('',(-1.60121124952469,6.30060743169811,-47.7927530330022));
#1555=CARTESIAN_POINT('',(-1.48407562898733,6.32965925964009,-47.8902625389911));
#1556=CARTESIAN_POINT('',(-1.22854699880239,6.38417881071472,-48.0625870987956));
#1557=CARTESIAN_POINT('',(-1.09015288023694,6.40959967039152,-48.1374153313567));
#1558=CARTESIAN_POINT('',(-0.800681035193896,6.45215554047517,-48.2579716401766));
#1559=CARTESIAN_POINT('',(-0.649349378150871,6.46929460007397,-48.3037948184414));
#1560=CARTESIAN_POINT('',(-0.344125408346191,6.49268857568254,-48.3640700718547));
#1561=CARTESIAN_POINT('',(-0.190228582619446,6.49893012879217,-48.3785044783666));
#1562=CARTESIAN_POINT('',(0.108017131764131,6.50080992067383,-48.3785044783666));
#1563=CARTESIAN_POINT('',(0.261706955113604,6.49652609293912,-48.3641224943464));
#1564=CARTESIAN_POINT('',(0.56664652146223,6.47705593045922,-48.303989265422));
#1565=CARTESIAN_POINT('',(0.717900422572374,6.46188307086713,-48.2582547455266));
#1566=CARTESIAN_POINT('',(0.86260174075441,6.44250869125122,-48.1980597954697));
#1567=DRAUGHTING_PRE_DEFINED_CURVE_FONT('continuous');
#1568=COLOUR_RGB('',0.800000011920929,0.800000011920929,0.800000011920929);
#1569=CARTESIAN_POINT('',(4.90460484680044E-016,-4.00504605540519,-109.995));
#1570=VECTOR('',#2144,1.0);
#1571=DRAUGHTING_PRE_DEFINED_CURVE_FONT('continuous');
#1572=COLOUR_RGB('',0.498039215803146,0.498039215803146,0.498039215803146);
#1573=AXIS2_PLACEMENT_3D('',#2145,#2146,#2147);
#1574=DRAUGHTING_PRE_DEFINED_CURVE_FONT('continuous');
#1575=COLOUR_RGB('',0.200000002980232,0.600000023841858,1.0);
#1576=CARTESIAN_POINT('',(0.862710258683598,6.34158742032009,-48.198014649436));
#1577=CARTESIAN_POINT('',(0.718015144109346,6.36127175984869,-48.2582154993789));
#1578=CARTESIAN_POINT('',(0.566755869974452,6.37668708615329,-48.3039614419328));
#1579=CARTESIAN_POINT('',(0.261779967912226,6.39646946832992,-48.3641143529534));
#1580=CARTESIAN_POINT('',(0.108059130990093,6.40082284509023,-48.3785044783666));
#1581=CARTESIAN_POINT('',(-0.190279795375458,6.39891308358684,-48.3785044783666));
#1582=CARTESIAN_POINT('',(-0.344214552368955,6.39257029857228,-48.3640601665137));
#1583=CARTESIAN_POINT('',(-0.649484393969708,6.36879962804788,-48.303760451318));
#1584=CARTESIAN_POINT('',(-0.800824053069614,6.35138530522122,-48.2579228621742));
#1585=CARTESIAN_POINT('',(-1.0902857872753,6.30814484292214,-48.1373491846713));
#1586=CARTESIAN_POINT('',(-1.2286625051335,6.28231435588558,-48.0625179937604));
#1587=CARTESIAN_POINT('',(-1.48414470335655,6.22690932304687,-47.8902071593011));
#1588=CARTESIAN_POINT('',(-1.60125154152753,6.19738216567291,-47.7927142951299));
#1589=CARTESIAN_POINT('',(-1.80843483818654,6.14012320584144,-47.5854308328205));
#1590=CARTESIAN_POINT('',(-1.90582510984302,6.1103214539452,-47.4683283318892));
#1591=CARTESIAN_POINT('',(-1.99186909645593,6.0821425092301,-47.3406418878737));
#1592=PRE_DEFINED_MARKER('');
#1593=COLOUR_RGB('',0.800000011920929,0.800000011920929,0.800000011920929);
#1594=DRAUGHTING_PRE_DEFINED_CURVE_FONT('continuous');
#1595=COLOUR_RGB('',0.800000011920929,0.800000011920929,0.800000011920929);
#1596=AXIS2_PLACEMENT_3D('',#2148,#2149,#2150);
#1597=PRE_DEFINED_MARKER('');
#1598=COLOUR_RGB('',0.800000011920929,0.800000011920929,0.800000011920929);
#1599=SURFACE_SIDE_STYLE('',(#2151));
#1600=EDGE_LOOP('',(#2152,#2153,#2154,#2155));
#1601=AXIS2_PLACEMENT_3D('',#2156,#2157,#2158);
#1602=PRE_DEFINED_MARKER('');
#1603=COLOUR_RGB('',0.498039215803146,0.498039215803146,0.498039215803146);
#1604=SURFACE_SIDE_STYLE('',(#2159));
#1605=EDGE_LOOP('',(#2160,#2161,#2162,#2163,#2164,#2165,#2166,#2167,#2168,#2169,#2170,#2171));
#1606=AXIS2_PLACEMENT_3D('',#2172,#2173,#2174);
#1607=SURFACE_SIDE_STYLE('',(#2175));
#1608=EDGE_LOOP('',(#2176,#2177,#2178,#2179,#2180,#2181,#2182,#2183,#2184,#2185,#2186));
#1609=AXIS2_PLACEMENT_3D('',#2187,#2188,#2189);
#1610=SURFACE_SIDE_STYLE('',(#2190));
#1611=EDGE_LOOP('',(#2191,#2192));
#1612=AXIS2_PLACEMENT_3D('',#2193,#2194,#2195);
#1613=PRE_DEFINED_MARKER('');
#1614=COLOUR_RGB('',0.498039215803146,0.498039215803146,0.498039215803146);
#1615=DRAUGHTING_PRE_DEFINED_CURVE_FONT('continuous');
#1616=COLOUR_RGB('',0.498039215803146,0.498039215803146,0.498039215803146);
#1617=CARTESIAN_POINT('',(-1.99191228895496,6.18726801044776,-47.3405777893548));
#1618=CARTESIAN_POINT('',(-1.90585743635666,6.21497227633393,-47.4682894122647));
#1619=CARTESIAN_POINT('',(-1.80844768641976,6.24428100705448,-47.5854195515797));
#1620=CARTESIAN_POINT('',(-1.60121124952469,6.30060743169811,-47.7927530330022));
#1621=CARTESIAN_POINT('',(-1.48407562898733,6.32965925964009,-47.8902625389911));
#1622=CARTESIAN_POINT('',(-1.22854699880239,6.38417881071472,-48.0625870987956));
#1623=CARTESIAN_POINT('',(-1.09015288023694,6.40959967039152,-48.1374153313567));
#1624=CARTESIAN_POINT('',(-0.800681035193896,6.45215554047517,-48.2579716401766));
#1625=CARTESIAN_POINT('',(-0.649349378150871,6.46929460007397,-48.3037948184414));
#1626=CARTESIAN_POINT('',(-0.344125408346191,6.49268857568254,-48.3640700718547));
#1627=CARTESIAN_POINT('',(-0.190228582619446,6.49893012879217,-48.3785044783666));
#1628=CARTESIAN_POINT('',(0.108017131764131,6.50080992067383,-48.3785044783666));
#1629=CARTESIAN_POINT('',(0.261706955113604,6.49652609293912,-48.3641224943464));
#1630=CARTESIAN_POINT('',(0.56664652146223,6.47705593045922,-48.303989265422));
#1631=CARTESIAN_POINT('',(0.717900422572374,6.46188307086713,-48.2582547455266));
#1632=CARTESIAN_POINT('',(0.86260174075441,6.44250869125122,-48.1980597954697));
#1633=PRE_DEFINED_MARKER('');
#1634=COLOUR_RGB('',0.498039215803146,0.498039215803146,0.498039215803146);
#1635=SURFACE_SIDE_STYLE('',(#2196));
#1636=EDGE_LOOP('',(#2197,#2198));
#1637=EDGE_LOOP('',(#2199,#2200));
#1638=AXIS2_PLACEMENT_3D('',#2201,#2202,#2203);
#1639=SURFACE_SIDE_STYLE('',(#2204));
#1640=EDGE_LOOP('',(#2205,#2206,#2207,#2208));
#1641=AXIS2_PLACEMENT_3D('',#2209,#2210,#2211);
#1642=DRAUGHTING_PRE_DEFINED_CURVE_FONT('continuous');
#1643=COLOUR_RGB('',0.498039215803146,0.498039215803146,0.498039215803146);
#1644=AXIS2_PLACEMENT_3D('',#2212,#2213,#2214);
#1645=PRE_DEFINED_MARKER('');
#1646=COLOUR_RGB('',0.200000002980232,0.600000023841858,1.0);
#1647=PRE_DEFINED_MARKER('');
#1648=COLOUR_RGB('',0.498039215803146,0.498039215803146,0.498039215803146);
#1649=PRE_DEFINED_MARKER('');
#1650=COLOUR_RGB('',0.800000011920929,0.800000011920929,0.800000011920929);
#1651=DRAUGHTING_PRE_DEFINED_CURVE_FONT('continuous');
#1652=COLOUR_RGB('',0.498039215803146,0.498039215803146,0.498039215803146);
#1653=AXIS2_PLACEMENT_3D('',#2215,#2216,#2217);
#1654=PRE_DEFINED_MARKER('');
#1655=COLOUR_RGB('',0.200000002980232,0.600000023841858,1.0);
#1656=SURFACE_SIDE_STYLE('',(#2218));
#1657=EDGE_LOOP('',(#2219,#2220,#2221,#2222));
#1658=AXIS2_PLACEMENT_3D('',#2223,#2224,#2225);
#1659=PRE_DEFINED_MARKER('');
#1660=COLOUR_RGB('',0.498039215803146,0.498039215803146,0.498039215803146);
#1661=DRAUGHTING_PRE_DEFINED_CURVE_FONT('continuous');
#1662=COLOUR_RGB('',0.498039215803146,0.498039215803146,0.498039215803146);
#1663=CARTESIAN_POINT('',(2.13088784074806,6.14079123648997,-45.121901883105));
#1664=CARTESIAN_POINT('',(2.07064972749898,6.1616941695453,-44.9771936338486));
#1665=CARTESIAN_POINT('',(1.99585841349272,6.18665306897013,-44.8387928205696));
#1666=CARTESIAN_POINT('',(1.82351571736337,6.23962478276598,-44.5831453235785));
#1667=CARTESIAN_POINT('',(1.72594842794693,6.2675828458546,-44.4658980220208));
#1668=CARTESIAN_POINT('',(1.5184704257268,6.32105275633383,-44.258513577999));
#1669=CARTESIAN_POINT('',(1.40129053697353,6.34849332196125,-44.1610578796608));
#1670=CARTESIAN_POINT('',(1.14570699684005,6.39955764917734,-43.9888633904144));
#1671=CARTESIAN_POINT('',(1.00730262367237,6.42313437969981,-43.9141117272114));
#1672=CARTESIAN_POINT('',(0.86260131272536,6.44250874856096,-43.8539167805057));
#1673=SURFACE_SIDE_STYLE('',(#2226));
#1674=EDGE_LOOP('',(#2227,#2228,#2229,#2230));
#1675=AXIS2_PLACEMENT_3D('',#2231,#2232,#2233);
#1676=DRAUGHTING_PRE_DEFINED_CURVE_FONT('continuous');
#1677=COLOUR_RGB('',0.200000002980232,0.600000023841858,1.0);
#1678=CARTESIAN_POINT('',(-0.50782375914428,6.37982092457528,-43.7300284261702));
#1679=CARTESIAN_POINT('',(-0.600062763064524,6.37247884424665,-43.8221860413927));
#1680=CARTESIAN_POINT('',(-0.680029052196902,6.3639934701509,-43.9389048101753));
#1681=CARTESIAN_POINT('',(-0.786141962343904,6.3517582793966,-44.1948042388018));
#1682=CARTESIAN_POINT('',(-0.812280731534525,6.34824385268696,-44.3339993547196));
#1683=CARTESIAN_POINT('',(-0.812280731534525,6.34824385268696,-44.5951886809275));
#1684=CARTESIAN_POINT('',(-0.786141962343902,6.3517582793966,-44.7343837968453));
#1685=CARTESIAN_POINT('',(-0.680029052196903,6.3639934701509,-44.9902832254718));
#1686=CARTESIAN_POINT('',(-0.600062763064522,6.37247884424665,-45.1070019942544));
#1687=CARTESIAN_POINT('',(-0.415707175804701,6.38715326041732,-45.2911949121385));
#1688=CARTESIAN_POINT('',(-0.299025675607431,6.39428997672721,-45.3710283583898));
#1689=CARTESIAN_POINT('',(-0.0432995799516678,6.40113160364311,-45.4769184833253));
#1690=CARTESIAN_POINT('',(0.0957537479805403,6.40061254449594,-45.502968425074));
#1691=CARTESIAN_POINT('',(0.357020874101892,6.39137696014781,-45.502968425074));
#1692=CARTESIAN_POINT('',(0.496345966390796,6.38201894230997,-45.4767080786717));
#1693=CARTESIAN_POINT('',(0.752219877961685,6.35694032963671,-45.3704650806258));
#1694=CARTESIAN_POINT('',(0.868797602913068,6.34143976997916,-45.2905002223581));
#1695=CARTESIAN_POINT('',(1.05264243759034,6.31352242799521,-45.1064011008232));
#1696=CARTESIAN_POINT('',(1.13237894722055,6.29925570082376,-44.989952020747));
#1697=CARTESIAN_POINT('',(1.23830069351977,6.27929262722187,-44.7343919583444));
#1698=CARTESIAN_POINT('',(1.26446808296637,6.27384415387881,-44.5952542774035));
#1699=CARTESIAN_POINT('',(1.26446808296637,6.27384415387881,-44.4645940178235));
#1700=CARTESIAN_POINT('',(1.26446808296637,6.27384415387881,-44.3338129293791));
#1701=CARTESIAN_POINT('',(1.23825272571448,6.27930286902391,-44.1945553203974));
#1702=CARTESIAN_POINT('',(1.1321514922505,6.29929736484369,-43.9388125776063));
#1703=CARTESIAN_POINT('',(1.05228347889772,6.31358445720542,-43.8223006514506));
#1704=CARTESIAN_POINT('',(0.960335260493278,6.3275395050093,-43.7303524330462));
#1705=SURFACE_SIDE_STYLE('',(#2234));
#1706=EDGE_LOOP('',(#2235,#2236,#2237,#2238));
#1707=AXIS2_PLACEMENT_3D('',#2239,#2240,#2241);
#1708=SURFACE_SIDE_STYLE('',(#2242));
#1709=EDGE_LOOP('',(#2243,#2244,#2245,#2246));
#1710=AXIS2_PLACEMENT_3D('',#2247,#2248,#2249);
#1711=DRAUGHTING_PRE_DEFINED_CURVE_FONT('continuous');
#1712=COLOUR_RGB('',0.498039215803146,0.498039215803146,0.498039215803146);
#1713=CARTESIAN_POINT('',(-1.46304184569344,6.33320681469901,-44.1415799948755));
#1714=CARTESIAN_POINT('',(-1.48479428199427,6.32818175782084,-44.2521915101787));
#1715=CARTESIAN_POINT('',(-1.49515746915257,6.3257018695507,-44.3635321732235));
#1716=CARTESIAN_POINT('',(-1.49515746915257,6.3257018695507,-44.5791176459461));
#1717=CARTESIAN_POINT('',(-1.48479428199427,6.32818175782084,-44.6904583089909));
#1718=CARTESIAN_POINT('',(-1.4412894093926,6.33823187157717,-44.9116813395973));
#1719=CARTESIAN_POINT('',(-1.40815862265548,6.3457930554979,-45.0215662609789));
#1720=CARTESIAN_POINT('',(-1.32070522958242,6.36456894076133,-45.2321104129175));
#1721=CARTESIAN_POINT('',(-1.26631330686418,6.3757770042786,-45.3329447302838));
#1722=CARTESIAN_POINT('',(-1.14074483195953,6.39943614918081,-45.5193284919381));
#1723=CARTESIAN_POINT('',(-1.06955890214777,6.41185860697935,-45.6048752506211));
#1724=CARTESIAN_POINT('',(-0.918102005552644,6.43528909802694,-45.7561052886489));
#1725=CARTESIAN_POINT('',(-0.832633703499968,6.44713145028506,-45.8270486947431));
#1726=CARTESIAN_POINT('',(-0.646417338186112,6.46845634183989,-45.9522049197306));
#1727=CARTESIAN_POINT('',(-0.545671892843873,6.47791247496283,-46.0064261314507));
#1728=CARTESIAN_POINT('',(-0.335368988903075,6.49219804749189,-46.093580049639));
#1729=CARTESIAN_POINT('',(-0.225632321309993,6.49702111471802,-46.1265838037596));
#1730=CARTESIAN_POINT('',(-0.00482038549424024,6.50093609208669,-46.1698981739671));
#1731=CARTESIAN_POINT('',(0.106256906145054,6.50002073731689,-46.1801991306702));
#1732=CARTESIAN_POINT('',(0.321918287748956,6.49292606292951,-46.1801991306702));
#1733=CARTESIAN_POINT('',(0.433550736207154,6.48647779197431,-46.1697580453732));
#1734=CARTESIAN_POINT('',(0.655124218967719,6.46785688187038,-46.1260640266089));
#1735=CARTESIAN_POINT('',(0.765068274024968,6.45569122226227,-46.0928234382258));
#1736=CARTESIAN_POINT('',(0.870312856682609,6.44147153463345,-46.0490234418519));
#1737=DRAUGHTING_PRE_DEFINED_CURVE_FONT('continuous');
#1738=COLOUR_RGB('',0.800000011920929,0.800000011920929,0.800000011920929);
#1739=AXIS2_PLACEMENT_3D('',#2250,#2251,#2252);
#1740=PRE_DEFINED_MARKER('');
#1741=COLOUR_RGB('',0.498039215803146,0.498039215803146,0.498039215803146);
#1742=DRAUGHTING_PRE_DEFINED_CURVE_FONT('continuous');
#1743=COLOUR_RGB('',0.200000002980232,0.600000023841858,1.0);
#1744=CARTESIAN_POINT('',(2.13083552320192,6.03486039383355,-46.9301997520633));
#1745=CARTESIAN_POINT('',(2.07059078323835,6.05613205624888,-47.0749003311727));
#1746=CARTESIAN_POINT('',(1.99579893117863,6.08152419326091,-47.2132823862934));
#1747=CARTESIAN_POINT('',(1.82347023583642,6.13539780165615,-47.4688871078076));
#1748=CARTESIAN_POINT('',(1.72591726121168,6.16382366447047,-47.5861106157458));
#1749=CARTESIAN_POINT('',(1.51848432234866,6.21817368610387,-47.7934469933752));
#1750=CARTESIAN_POINT('',(1.40133151691918,6.24606021063235,-47.8908844667536));
#1751=CARTESIAN_POINT('',(1.14579231791839,6.29794872471214,-48.0630611047118));
#1752=CARTESIAN_POINT('',(1.00740496520232,6.32190314550351,-48.1378131779279));
#1753=CARTESIAN_POINT('',(0.862709862794904,6.34158747417683,-48.1980140224892));
#1754=DRAUGHTING_PRE_DEFINED_CURVE_FONT('continuous');
#1755=COLOUR_RGB('',0.800000011920929,0.800000011920929,0.800000011920929);
#1756=CARTESIAN_POINT('',(-7.47622179008561E-016,6.105,-84.5));
#1757=VECTOR('',#2253,1.0);
#1758=PRE_DEFINED_MARKER('');
#1759=COLOUR_RGB('',0.498039215803146,0.498039215803146,0.498039215803146);
#1760=DRAUGHTING_PRE_DEFINED_CURVE_FONT('continuous');
#1761=COLOUR_RGB('',0.498039215803146,0.498039215803146,0.498039215803146);
#1762=AXIS2_PLACEMENT_3D('',#2254,#2255,#2256);
#1763=DRAUGHTING_PRE_DEFINED_CURVE_FONT('continuous');
#1764=COLOUR_RGB('',0.800000011920929,0.800000011920929,0.800000011920929);
#1765=AXIS2_PLACEMENT_3D('',#2257,#2258,#2259);
#1766=DRAUGHTING_PRE_DEFINED_CURVE_FONT('continuous');
#1767=COLOUR_RGB('',0.498039215803146,0.498039215803146,0.498039215803146);
#1768=CARTESIAN_POINT('',(7.95994129984545E-016,-6.5,-23.35));
#1769=VECTOR('',#2260,1.0);
#1770=PRE_DEFINED_MARKER('');
#1771=COLOUR_RGB('',0.498039215803146,0.498039215803146,0.498039215803146);
#1772=DRAUGHTING_PRE_DEFINED_CURVE_FONT('continuous');
#1773=COLOUR_RGB('',0.498039215803146,0.498039215803146,0.498039215803146);
#1774=AXIS2_PLACEMENT_3D('',#2261,#2262,#2263);
#1775=DRAUGHTING_PRE_DEFINED_CURVE_FONT('continuous');
#1776=COLOUR_RGB('',0.200000002980232,0.600000023841858,1.0);
#1777=CARTESIAN_POINT('',(1.15473471500027,0.0,-44.0000003999276));
#1778=VECTOR('',#2264,4.33333333);
#1779=SURFACE_SIDE_STYLE('',(#2265));
#1780=SURFACE_SIDE_STYLE('',(#2266));
#1781=EDGE_LOOP('',(#2267,#2268,#2269,#2270));
#1782=AXIS2_PLACEMENT_3D('',#2271,#2272,#2273);
#1783=DRAUGHTING_PRE_DEFINED_CURVE_FONT('continuous');
#1784=COLOUR_RGB('',0.498039215803146,0.498039215803146,0.498039215803146);
#1785=AXIS2_PLACEMENT_3D('',#2274,#2275,#2276);
#1786=DRAUGHTING_PRE_DEFINED_CURVE_FONT('continuous');
#1787=COLOUR_RGB('',0.200000002980232,0.600000023841858,1.0);
#1788=CARTESIAN_POINT('',(-0.702547363568421,6.38747869137488,-44.9291876357194));
#1789=VECTOR('',#2277,1.0);
#1790=PRE_DEFINED_MARKER('');
#1791=COLOUR_RGB('',0.200000002980232,0.600000023841858,1.0);
#1792=DRAUGHTING_PRE_DEFINED_CURVE_FONT('continuous');
#1793=COLOUR_RGB('',0.800000011920929,0.800000011920929,0.800000011920929);
#1794=AXIS2_PLACEMENT_3D('',#2278,#2279,#2280);
#1795=DRAUGHTING_PRE_DEFINED_CURVE_FONT('continuous');
#1796=COLOUR_RGB('',0.800000011920929,0.800000011920929,0.800000011920929);
#1797=CARTESIAN_POINT('',(-4.90460484680044E-016,4.00504605540519,-109.995));
#1798=VECTOR('',#2281,1.0);
#1799=DRAUGHTING_PRE_DEFINED_CURVE_FONT('continuous');
#1800=COLOUR_RGB('',0.800000011920929,0.800000011920929,0.800000011920929);
#1801=CARTESIAN_POINT('',(-7.12270838607028E-016,5.81632486540519,-109.5));
#1802=VECTOR('',#2282,1.0);
#1803=PRE_DEFINED_MARKER('');
#1804=COLOUR_RGB('',0.498039215803146,0.498039215803146,0.498039215803146);
#1805=PRE_DEFINED_MARKER('');
#1806=COLOUR_RGB('',0.498039215803146,0.498039215803146,0.498039215803146);
#1807=PRE_DEFINED_MARKER('');
#1808=COLOUR_RGB('',0.498039215803146,0.498039215803146,0.498039215803146);
#1809=DRAUGHTING_PRE_DEFINED_CURVE_FONT('continuous');
#1810=COLOUR_RGB('',0.498039215803146,0.498039215803146,0.498039215803146);
#1811=CARTESIAN_POINT('',(7.59255939369874E-016,-6.2,-0.300000000000004));
#1812=VECTOR('',#2283,1.0);
#1814=SURFACE_STYLE_FILL_AREA(#2284);
#1815=ORIENTED_EDGE('',*,*,#402,.F.);
#1816=ORIENTED_EDGE('',*,*,#336,.T.);
#1817=ORIENTED_EDGE('',*,*,#472,.T.);
#1818=CARTESIAN_POINT('',(0.0,0.0,-23.35));
#1819=DIRECTION('',(-0.0,-0.0,1.0));
#1820=DIRECTION('',(0.0,1.0,0.0));
#1821=SURFACE_STYLE_FILL_AREA(#2285);
#1822=ORIENTED_EDGE('',*,*,#422,.T.);
#1823=ORIENTED_EDGE('',*,*,#478,.T.);
#1824=ORIENTED_EDGE('',*,*,#298,.F.);
#1825=ORIENTED_EDGE('',*,*,#232,.F.);
#1826=CARTESIAN_POINT('',(0.0,6.1025,-60.0));
#1827=DIRECTION('',(-0.0,0.0,1.0));
#1828=DIRECTION('',(0.0,-1.0,0.0));
#1829=SURFACE_STYLE_FILL_AREA(#2286);
#1830=ORIENTED_EDGE('',*,*,#566,.T.);
#1831=ORIENTED_EDGE('',*,*,#276,.F.);
#1832=ORIENTED_EDGE('',*,*,#364,.T.);
#1833=ORIENTED_EDGE('',*,*,#290,.T.);
#1834=CARTESIAN_POINT('',(0.0,0.0,-109.5));
#1835=DIRECTION('',(-0.0,-0.0,1.0));
#1836=DIRECTION('',(0.0,1.0,0.0));
#1837=SURFACE_STYLE_FILL_AREA(#2287);
#1838=ORIENTED_EDGE('',*,*,#518,.F.);
#1839=ORIENTED_EDGE('',*,*,#418,.F.);
#1840=ORIENTED_EDGE('',*,*,#432,.F.);
#1841=ORIENTED_EDGE('',*,*,#550,.T.);
#1842=CARTESIAN_POINT('',(-0.0409679572055086,0.0,-46.025987410777));
#1843=DIRECTION('',(0.0,-1.0,-0.0));
#1844=DIRECTION('',(0.508265629957899,0.0,0.861200353810599));
#1845=CARTESIAN_POINT('',(0.0,0.0,-60.0));
#1846=DIRECTION('',(0.0,0.0,-1.0));
#1847=DIRECTION('',(0.0,1.0,0.0));
#1848=CARTESIAN_POINT('',(0.0,0.0,-110.0));
#1849=DIRECTION('',(0.0,0.0,-1.0));
#1850=DIRECTION('',(0.0,1.0,0.0));
#1851=CARTESIAN_POINT('',(0.0,0.0,-60.0));
#1852=DIRECTION('',(0.0,0.0,-1.0));
#1853=DIRECTION('',(0.0,1.0,0.0));
#1854=CARTESIAN_POINT('',(0.0,0.0,-0.600000000000001));
#1855=DIRECTION('',(0.0,0.0,-1.0));
#1856=DIRECTION('',(0.0,1.0,0.0));
#1857=CARTESIAN_POINT('',(0.0,0.0,-44.4580653977656));
#1858=DIRECTION('',(0.0,0.0,-1.0));
#1859=DIRECTION('',(1.0,0.0,0.0));
#1860=SURFACE_STYLE_FILL_AREA(#2288);
#1861=ORIENTED_EDGE('',*,*,#338,.F.);
#1862=ORIENTED_EDGE('',*,*,#366,.T.);
#1863=ORIENTED_EDGE('',*,*,#246,.F.);
#1864=ORIENTED_EDGE('',*,*,#242,.F.);
#1865=CARTESIAN_POINT('',(0.0,0.0,-59.25));
#1866=DIRECTION('',(-0.0,-0.0,1.0));
#1867=DIRECTION('',(0.0,1.0,0.0));
#1868=CARTESIAN_POINT('',(0.0,0.0,-60.0));
#1869=DIRECTION('',(0.0,0.0,-1.0));
#1870=DIRECTION('',(0.0,1.0,0.0));
#1871=CARTESIAN_POINT('',(0.0,0.0,-0.600000000000001));
#1872=DIRECTION('',(0.0,0.0,-1.0));
#1873=DIRECTION('',(0.0,1.0,0.0));
#1874=DIRECTION('',(-0.0,-0.0,1.0));
#1875=SURFACE_STYLE_FILL_AREA(#2289);
#1876=ORIENTED_EDGE('',*,*,#558,.T.);
#1877=ORIENTED_EDGE('',*,*,#228,.F.);
#1878=ORIENTED_EDGE('',*,*,#222,.F.);
#1879=ORIENTED_EDGE('',*,*,#550,.F.);
#1880=ORIENTED_EDGE('',*,*,#296,.F.);
#1881=CARTESIAN_POINT('',(0.226093675715924,0.0,-44.4645940178235));
#1882=DIRECTION('',(0.0,-1.0,-0.0));
#1883=DIRECTION('',(0.894321964023871,0.0,0.447423987582791));
#1884=CARTESIAN_POINT('',(0.0,0.0,-60.0));
#1885=DIRECTION('',(0.0,0.0,-1.0));
#1886=DIRECTION('',(0.0,1.0,0.0));
#1887=SURFACE_STYLE_FILL_AREA(#2290);
#1888=ORIENTED_EDGE('',*,*,#536,.F.);
#1889=ORIENTED_EDGE('',*,*,#298,.T.);
#1890=ORIENTED_EDGE('',*,*,#262,.F.);
#1891=ORIENTED_EDGE('',*,*,#316,.F.);
#1892=CARTESIAN_POINT('',(0.0,0.0,-84.5));
#1893=DIRECTION('',(-0.0,-0.0,1.0));
#1894=DIRECTION('',(0.0,1.0,0.0));
#1895=SURFACE_STYLE_FILL_AREA(#2291);
#1896=ORIENTED_EDGE('',*,*,#494,.F.);
#1897=ORIENTED_EDGE('',*,*,#408,.F.);
#1898=ORIENTED_EDGE('',*,*,#474,.F.);
#1899=ORIENTED_EDGE('',*,*,#274,.T.);
#1900=ORIENTED_EDGE('',*,*,#468,.F.);
#1901=CARTESIAN_POINT('',(-0.0409675779126654,0.0,-46.0259890603671));
#1902=DIRECTION('',(-0.0,-1.0,-0.0));
#1903=DIRECTION('',(0.195537688821767,0.0,-0.980696187537324));
#1904=DIRECTION('',(-0.0,-0.0,1.0));
#1905=DIRECTION('',(-0.0,-0.0,1.0));
#1906=CARTESIAN_POINT('',(0.0,0.0,-110.0));
#1907=DIRECTION('',(0.0,0.0,-1.0));
#1908=DIRECTION('',(0.0,1.0,0.0));
#1909=DIRECTION('',(0.0,1.0,0.0));
#1910=CARTESIAN_POINT('',(0.0,0.0,-110.0));
#1911=DIRECTION('',(0.0,0.0,-1.0));
#1912=DIRECTION('',(0.0,1.0,0.0));
#1913=CARTESIAN_POINT('',(0.0,0.0,-46.474176080047));
#1914=DIRECTION('',(0.442195774284071,0.0,-0.896918556617774));
#1915=DIRECTION('',(0.896918556617774,0.0,0.442195774284071));
#1916=DIRECTION('',(0.0,1.0,0.0));
#1917=CARTESIAN_POINT('',(0.0,0.0,-109.0));
#1918=DIRECTION('',(0.0,0.0,-1.0));
#1919=DIRECTION('',(0.0,1.0,0.0));
#1920=SURFACE_STYLE_FILL_AREA(#2292);
#1921=ORIENTED_EDGE('',*,*,#310,.F.);
#1922=ORIENTED_EDGE('',*,*,#374,.F.);
#1923=ORIENTED_EDGE('',*,*,#318,.F.);
#1924=ORIENTED_EDGE('',*,*,#370,.T.);
#1925=CARTESIAN_POINT('',(1.26181001712565,0.0,-45.9065123401911));
#1926=DIRECTION('',(-1.0,0.0,0.0));
#1927=DIRECTION('',(0.0,0.0,1.0));
#1928=DIRECTION('',(3.11885325757458E-017,-0.254682106445036,0.967024831458179));
#1929=CARTESIAN_POINT('',(0.0,0.0,-60.0));
#1930=DIRECTION('',(0.0,0.0,-1.0));
#1931=DIRECTION('',(0.0,1.0,0.0));
#1932=CARTESIAN_POINT('',(0.0,0.0,-109.99));
#1933=DIRECTION('',(0.0,0.0,-1.0));
#1934=DIRECTION('',(0.0,1.0,0.0));
#1935=SURFACE_STYLE_FILL_AREA(#2293);
#1936=ORIENTED_EDGE('',*,*,#352,.F.);
#1937=ORIENTED_EDGE('',*,*,#464,.T.);
#1938=ORIENTED_EDGE('',*,*,#320,.F.);
#1939=ORIENTED_EDGE('',*,*,#502,.F.);
#1940=CARTESIAN_POINT('',(0.0,0.0,-84.995));
#1941=DIRECTION('',(-0.0,-0.0,1.0));
#1942=DIRECTION('',(0.0,1.0,0.0));
#1943=DIRECTION('',(-1.22459970742587E-016,0.999994572626147,0.00329464994330275));
#1944=SURFACE_STYLE_FILL_AREA(#2294);
#1945=ORIENTED_EDGE('',*,*,#338,.T.);
#1946=ORIENTED_EDGE('',*,*,#226,.F.);
#1947=ORIENTED_EDGE('',*,*,#246,.T.);
#1948=ORIENTED_EDGE('',*,*,#394,.T.);
#1949=CARTESIAN_POINT('',(0.0,0.0,-59.25));
#1950=DIRECTION('',(-0.0,-0.0,1.0));
#1951=DIRECTION('',(0.0,1.0,0.0));
#1952=DIRECTION('',(0.0,0.0,-1.0));
#1953=SURFACE_STYLE_FILL_AREA(#2295);
#1954=ORIENTED_EDGE('',*,*,#380,.F.);
#1955=ORIENTED_EDGE('',*,*,#478,.F.);
#1956=ORIENTED_EDGE('',*,*,#360,.F.);
#1957=ORIENTED_EDGE('',*,*,#562,.T.);
#1958=CARTESIAN_POINT('',(0.0,0.0,-84.995));
#1959=DIRECTION('',(-0.0,-0.0,1.0));
#1960=DIRECTION('',(0.0,1.0,0.0));
#1961=CARTESIAN_POINT('',(0.0,0.0,-109.0));
#1962=DIRECTION('',(0.0,0.0,-1.0));
#1963=DIRECTION('',(0.0,1.0,0.0));
#1964=DIRECTION('',(-0.0,-0.0,1.0));
#1965=DIRECTION('',(-0.0,-0.0,1.0));
#1966=SURFACE_STYLE_FILL_AREA(#2296);
#1967=ORIENTED_EDGE('',*,*,#472,.F.);
#1968=ORIENTED_EDGE('',*,*,#392,.F.);
#1969=ORIENTED_EDGE('',*,*,#284,.F.);
#1970=ORIENTED_EDGE('',*,*,#408,.T.);
#1971=ORIENTED_EDGE('',*,*,#548,.F.);
#1972=CARTESIAN_POINT('',(0.827850162229641,0.0,-46.0660321735827));
#1973=DIRECTION('',(-0.442195774284071,0.0,0.896918556617774));
#1974=DIRECTION('',(0.896918556617774,0.0,0.442195774284071));
#1975=CARTESIAN_POINT('',(0.0,0.0,-57.0));
#1976=DIRECTION('',(0.0,0.0,-1.0));
#1977=DIRECTION('',(0.0,1.0,0.0));
#1978=DIRECTION('',(0.0,0.0,-1.0));
#1979=SURFACE_STYLE_FILL_AREA(#2297);
#1980=ORIENTED_EDGE('',*,*,#542,.F.);
#1981=ORIENTED_EDGE('',*,*,#230,.F.);
#1982=ORIENTED_EDGE('',*,*,#530,.T.);
#1983=ORIENTED_EDGE('',*,*,#276,.T.);
#1984=CARTESIAN_POINT('',(0.0,5.52514973081037,-110.0));
#1985=DIRECTION('',(0.0,0.0,-1.0));
#1986=DIRECTION('',(0.0,1.0,0.0));
#1987=SURFACE_STYLE_FILL_AREA(#2298);
#1988=ORIENTED_EDGE('',*,*,#416,.T.);
#1989=ORIENTED_EDGE('',*,*,#394,.F.);
#1990=ORIENTED_EDGE('',*,*,#294,.T.);
#1991=ORIENTED_EDGE('',*,*,#540,.T.);
#1992=CARTESIAN_POINT('',(0.0,0.0,-57.75));
#1993=DIRECTION('',(-0.0,-0.0,1.0));
#1994=DIRECTION('',(0.0,1.0,0.0));
#1995=SURFACE_STYLE_FILL_AREA(#2299);
#1996=ORIENTED_EDGE('',*,*,#260,.F.);
#1997=ORIENTED_EDGE('',*,*,#414,.F.);
#1998=ORIENTED_EDGE('',*,*,#426,.F.);
#1999=ORIENTED_EDGE('',*,*,#418,.T.);
#2000=CARTESIAN_POINT('',(1.93152564817038,0.0,-47.3080171201481));
#2001=DIRECTION('',(1.0,0.0,0.0));
#2002=DIRECTION('',(0.0,0.0,-1.0));
#2003=DIRECTION('',(0.0,0.0,-1.0));
#2004=DIRECTION('',(-8.65927457071934E-017,0.707106781186546,-0.707106781186549));
#2005=DIRECTION('',(0.0,-0.0,1.0));
#2006=DIRECTION('',(6.12303176911188E-017,-0.5,0.866025403784439));
#2007=CARTESIAN_POINT('',(0.0,0.0,-58.5));
#2008=DIRECTION('',(0.0,0.0,-1.0));
#2009=DIRECTION('',(0.0,1.0,0.0));
#2010=DIRECTION('',(0.0,1.0,0.0));
#2011=DIRECTION('',(0.0,0.0,-1.0));
#2012=DIRECTION('',(0.0,1.0,0.0));
#2013=SURFACE_STYLE_FILL_AREA(#2300);
#2014=ORIENTED_EDGE('',*,*,#356,.T.);
#2015=ORIENTED_EDGE('',*,*,#244,.F.);
#2016=ORIENTED_EDGE('',*,*,#574,.T.);
#2017=ORIENTED_EDGE('',*,*,#458,.T.);
#2018=CARTESIAN_POINT('',(0.0,0.0,-0.300000000000004));
#2019=DIRECTION('',(0.0,-0.0,-1.0));
#2020=DIRECTION('',(0.0,1.0,0.0));
#2021=CARTESIAN_POINT('',(0.0,0.0,-49.5396205429887));
#2022=DIRECTION('',(-0.944648353914092,-0.0,0.328084573619969));
#2023=DIRECTION('',(0.328084573619969,0.0,0.944648353914092));
#2024=DIRECTION('',(0.0,-0.0,-1.0));
#2025=CARTESIAN_POINT('',(0.0,0.0,-44.4580653977656));
#2026=DIRECTION('',(0.0,-0.0,1.0));
#2027=DIRECTION('',(0.0,1.0,0.0));
#2028=SURFACE_STYLE_FILL_AREA(#2301);
#2029=ORIENTED_EDGE('',*,*,#332,.F.);
#2030=ORIENTED_EDGE('',*,*,#370,.F.);
#2031=ORIENTED_EDGE('',*,*,#534,.F.);
#2032=ORIENTED_EDGE('',*,*,#414,.T.);
#2033=CARTESIAN_POINT('',(-0.0409678943232529,0.0,-46.0259886129198));
#2034=DIRECTION('',(-0.0,-1.0,-0.0));
#2035=DIRECTION('',(0.838461542890049,0.0,-0.544960770234371));
#2036=DIRECTION('',(0.0,1.0,0.0));
#2037=CARTESIAN_POINT('',(0.0,0.0,-58.5));
#2038=DIRECTION('',(0.0,0.0,-1.0));
#2039=DIRECTION('',(0.0,1.0,0.0));
#2040=SURFACE_STYLE_FILL_AREA(#2302);
#2041=ORIENTED_EDGE('',*,*,#386,.F.);
#2042=ORIENTED_EDGE('',*,*,#286,.F.);
#2043=ORIENTED_EDGE('',*,*,#238,.F.);
#2044=ORIENTED_EDGE('',*,*,#448,.T.);
#2045=CARTESIAN_POINT('',(-0.812260207482315,0.0,-44.4580653977656));
#2046=DIRECTION('',(0.0,0.0,1.0));
#2047=DIRECTION('',(1.0,0.0,0.0));
#2048=SURFACE_STYLE_FILL_AREA(#2303);
#2049=ORIENTED_EDGE('',*,*,#510,.F.);
#2050=ORIENTED_EDGE('',*,*,#458,.F.);
#2051=CARTESIAN_POINT('',(0.0,2.95,0.0));
#2052=DIRECTION('',(-0.0,0.0,1.0));
#2053=DIRECTION('',(0.0,-1.0,0.0));
#2054=DIRECTION('',(0.0,0.0,-1.0));
#2055=DIRECTION('',(-1.22459970742587E-016,0.999994572626147,-0.00329464994330275));
#2056=SURFACE_STYLE_FILL_AREA(#2304);
#2057=ORIENTED_EDGE('',*,*,#556,.F.);
#2058=ORIENTED_EDGE('',*,*,#274,.F.);
#2059=ORIENTED_EDGE('',*,*,#378,.F.);
#2060=ORIENTED_EDGE('',*,*,#374,.T.);
#2061=CARTESIAN_POINT('',(0.41903784984053,0.0,-48.333091961922));
#2062=DIRECTION('',(0.944648353914092,0.0,-0.328084573619969));
#2063=DIRECTION('',(-0.328084573619969,0.0,-0.944648353914092));
#2064=DIRECTION('',(0.0,1.0,0.0));
#2065=SURFACE_STYLE_FILL_AREA(#2305);
#2066=ORIENTED_EDGE('',*,*,#416,.F.);
#2067=ORIENTED_EDGE('',*,*,#326,.T.);
#2068=ORIENTED_EDGE('',*,*,#294,.F.);
#2069=ORIENTED_EDGE('',*,*,#366,.F.);
#2070=CARTESIAN_POINT('',(0.0,0.0,-57.75));
#2071=DIRECTION('',(-0.0,-0.0,1.0));
#2072=DIRECTION('',(0.0,1.0,0.0));
#2073=DIRECTION('',(0.0,1.0,0.0));
#2074=DIRECTION('',(3.11885325757458E-017,-0.254682106445036,-0.967024831458179));
#2075=DIRECTION('',(0.0,1.0,0.0));
#2076=CARTESIAN_POINT('',(0.0,0.0,-110.0));
#2077=DIRECTION('',(0.0,0.0,-1.0));
#2078=DIRECTION('',(0.0,1.0,0.0));
#2079=CARTESIAN_POINT('',(0.0,0.0,-60.0));
#2080=DIRECTION('',(0.0,0.0,-1.0));
#2081=DIRECTION('',(0.0,1.0,0.0));
#2082=DIRECTION('',(0.0,0.0,-1.0));
#2083=CARTESIAN_POINT('',(0.0,0.0,-109.99));
#2084=DIRECTION('',(0.0,0.0,-1.0));
#2085=DIRECTION('',(0.0,1.0,0.0));
#2086=SURFACE_STYLE_FILL_AREA(#2306);
#2087=ORIENTED_EDGE('',*,*,#564,.F.);
#2088=ORIENTED_EDGE('',*,*,#562,.F.);
#2089=ORIENTED_EDGE('',*,*,#470,.F.);
#2090=ORIENTED_EDGE('',*,*,#230,.T.);
#2091=CARTESIAN_POINT('',(0.0,0.0,-109.995));
#2092=DIRECTION('',(0.0,-0.0,-1.0));
#2093=DIRECTION('',(0.0,1.0,0.0));
#2094=SURFACE_STYLE_FILL_AREA(#2307);
#2095=DIRECTION('',(0.0,1.0,0.0));
#2096=SURFACE_STYLE_FILL_AREA(#2308);
#2097=ORIENTED_EDGE('',*,*,#454,.T.);
#2098=ORIENTED_EDGE('',*,*,#228,.T.);
#2099=ORIENTED_EDGE('',*,*,#430,.T.);
#2100=ORIENTED_EDGE('',*,*,#386,.T.);
#2101=ORIENTED_EDGE('',*,*,#528,.T.);
#2102=ORIENTED_EDGE('',*,*,#402,.T.);
#2103=ORIENTED_EDGE('',*,*,#548,.T.);
#2104=ORIENTED_EDGE('',*,*,#494,.T.);
#2105=ORIENTED_EDGE('',*,*,#372,.T.);
#2106=ORIENTED_EDGE('',*,*,#540,.F.);
#2107=ORIENTED_EDGE('',*,*,#544,.T.);
#2108=ORIENTED_EDGE('',*,*,#244,.T.);
#2109=CARTESIAN_POINT('',(0.0,0.0,-23.35));
#2110=DIRECTION('',(-0.0,-0.0,1.0));
#2111=DIRECTION('',(0.0,1.0,0.0));
#2112=SURFACE_STYLE_FILL_AREA(#2309);
#2113=ORIENTED_EDGE('',*,*,#380,.T.);
#2114=ORIENTED_EDGE('',*,*,#302,.T.);
#2115=ORIENTED_EDGE('',*,*,#360,.T.);
#2116=ORIENTED_EDGE('',*,*,#422,.F.);
#2117=CARTESIAN_POINT('',(0.0,0.0,-84.995));
#2118=DIRECTION('',(-0.0,-0.0,1.0));
#2119=DIRECTION('',(0.0,1.0,0.0));
#2120=DIRECTION('',(0.0,0.0,-1.0));
#2121=SURFACE_STYLE_FILL_AREA(#2310);
#2122=ORIENTED_EDGE('',*,*,#528,.F.);
#2123=ORIENTED_EDGE('',*,*,#448,.F.);
#2124=ORIENTED_EDGE('',*,*,#280,.F.);
#2125=ORIENTED_EDGE('',*,*,#392,.T.);
#2126=ORIENTED_EDGE('',*,*,#336,.F.);
#2127=CARTESIAN_POINT('',(0.213716751932848,0.0,-44.4713249095848));
#2128=DIRECTION('',(-0.0,-1.0,-0.0));
#2129=DIRECTION('',(0.359378942416673,0.0,-0.933191714358563));
#2130=CARTESIAN_POINT('',(0.0,0.0,0.0));
#2131=DIRECTION('',(0.0,0.0,-1.0));
#2132=DIRECTION('',(0.0,1.0,0.0));
#2133=SURFACE_STYLE_FILL_AREA(#2311);
#2134=ORIENTED_EDGE('',*,*,#558,.F.);
#2135=ORIENTED_EDGE('',*,*,#522,.F.);
#2136=ORIENTED_EDGE('',*,*,#286,.T.);
#2137=ORIENTED_EDGE('',*,*,#430,.F.);
#2138=CARTESIAN_POINT('',(0.226093675715924,0.0,-44.4645940178235));
#2139=DIRECTION('',(0.0,-1.0,-0.0));
#2140=DIRECTION('',(0.894321964023871,0.0,0.447423987582791));
#2141=CARTESIAN_POINT('',(0.0,0.0,-60.0));
#2142=DIRECTION('',(0.0,0.0,-1.0));
#2143=DIRECTION('',(0.0,1.0,0.0));
#2144=DIRECTION('',(-1.22459970742587E-016,0.999994572626147,0.00329464994330275));
#2145=CARTESIAN_POINT('',(0.0,0.0,-46.474176080047));
#2146=DIRECTION('',(-0.442195774284071,0.0,0.896918556617774));
#2147=DIRECTION('',(0.896918556617774,-0.0,0.442195774284071));
#2148=CARTESIAN_POINT('',(0.0,0.0,-60.0));
#2149=DIRECTION('',(0.0,0.0,-1.0));
#2150=DIRECTION('',(0.0,1.0,0.0));
#2151=SURFACE_STYLE_FILL_AREA(#2312);
#2152=ORIENTED_EDGE('',*,*,#404,.F.);
#2153=ORIENTED_EDGE('',*,*,#502,.T.);
#2154=ORIENTED_EDGE('',*,*,#306,.F.);
#2155=ORIENTED_EDGE('',*,*,#264,.F.);
#2156=CARTESIAN_POINT('',(0.0,0.0,-109.995));
#2157=DIRECTION('',(0.0,-0.0,-1.0));
#2158=DIRECTION('',(0.0,1.0,0.0));
#2159=SURFACE_STYLE_FILL_AREA(#2313);
#2160=ORIENTED_EDGE('',*,*,#454,.F.);
#2161=ORIENTED_EDGE('',*,*,#236,.T.);
#2162=ORIENTED_EDGE('',*,*,#544,.F.);
#2163=ORIENTED_EDGE('',*,*,#326,.F.);
#2164=ORIENTED_EDGE('',*,*,#372,.F.);
#2165=ORIENTED_EDGE('',*,*,#468,.T.);
#2166=ORIENTED_EDGE('',*,*,#556,.T.);
#2167=ORIENTED_EDGE('',*,*,#310,.T.);
#2168=ORIENTED_EDGE('',*,*,#332,.T.);
#2169=ORIENTED_EDGE('',*,*,#260,.T.);
#2170=ORIENTED_EDGE('',*,*,#518,.T.);
#2171=ORIENTED_EDGE('',*,*,#222,.T.);
#2172=CARTESIAN_POINT('',(0.0,0.0,-23.35));
#2173=DIRECTION('',(-0.0,-0.0,1.0));
#2174=DIRECTION('',(0.0,1.0,0.0));
#2175=SURFACE_STYLE_FILL_AREA(#2314);
#2176=ORIENTED_EDGE('',*,*,#284,.T.);
#2177=ORIENTED_EDGE('',*,*,#280,.T.);
#2178=ORIENTED_EDGE('',*,*,#238,.T.);
#2179=ORIENTED_EDGE('',*,*,#522,.T.);
#2180=ORIENTED_EDGE('',*,*,#296,.T.);
#2181=ORIENTED_EDGE('',*,*,#432,.T.);
#2182=ORIENTED_EDGE('',*,*,#426,.T.);
#2183=ORIENTED_EDGE('',*,*,#534,.T.);
#2184=ORIENTED_EDGE('',*,*,#318,.T.);
#2185=ORIENTED_EDGE('',*,*,#378,.T.);
#2186=ORIENTED_EDGE('',*,*,#474,.T.);
#2187=CARTESIAN_POINT('',(0.0,0.0,-49.499999995));
#2188=DIRECTION('',(-0.0,-0.0,1.0));
#2189=DIRECTION('',(1.0,0.0,0.0));
#2190=SURFACE_STYLE_FILL_AREA(#2315);
#2191=ORIENTED_EDGE('',*,*,#264,.T.);
#2192=ORIENTED_EDGE('',*,*,#420,.T.);
#2193=CARTESIAN_POINT('',(0.0,2.76132486540519,-110.0));
#2194=DIRECTION('',(0.0,0.0,-1.0));
#2195=DIRECTION('',(0.0,1.0,0.0));
#2196=SURFACE_STYLE_FILL_AREA(#2316);
#2197=ORIENTED_EDGE('',*,*,#464,.F.);
#2198=ORIENTED_EDGE('',*,*,#250,.F.);
#2199=ORIENTED_EDGE('',*,*,#242,.T.);
#2200=ORIENTED_EDGE('',*,*,#226,.T.);
#2201=CARTESIAN_POINT('',(0.0,4.29619619,-60.0));
#2202=DIRECTION('',(0.0,0.0,-1.0));
#2203=DIRECTION('',(0.0,1.0,0.0));
#2204=SURFACE_STYLE_FILL_AREA(#2317);
#2205=ORIENTED_EDGE('',*,*,#352,.T.);
#2206=ORIENTED_EDGE('',*,*,#434,.F.);
#2207=ORIENTED_EDGE('',*,*,#320,.T.);
#2208=ORIENTED_EDGE('',*,*,#250,.T.);
#2209=CARTESIAN_POINT('',(0.0,0.0,-84.995));
#2210=DIRECTION('',(-0.0,-0.0,1.0));
#2211=DIRECTION('',(0.0,1.0,0.0));
#2212=CARTESIAN_POINT('',(0.0,0.0,-109.99));
#2213=DIRECTION('',(0.0,0.0,-1.0));
#2214=DIRECTION('',(0.0,1.0,0.0));
#2215=CARTESIAN_POINT('',(0.0,0.0,0.0));
#2216=DIRECTION('',(0.0,0.0,-1.0));
#2217=DIRECTION('',(0.0,1.0,0.0));
#2218=SURFACE_STYLE_FILL_AREA(#2318);
#2219=ORIENTED_EDGE('',*,*,#564,.T.);
#2220=ORIENTED_EDGE('',*,*,#542,.T.);
#2221=ORIENTED_EDGE('',*,*,#470,.T.);
#2222=ORIENTED_EDGE('',*,*,#302,.F.);
#2223=CARTESIAN_POINT('',(0.0,0.0,-109.995));
#2224=DIRECTION('',(0.0,-0.0,-1.0));
#2225=DIRECTION('',(0.0,1.0,0.0));
#2226=SURFACE_STYLE_FILL_AREA(#2319);
#2227=ORIENTED_EDGE('',*,*,#404,.T.);
#2228=ORIENTED_EDGE('',*,*,#420,.F.);
#2229=ORIENTED_EDGE('',*,*,#306,.T.);
#2230=ORIENTED_EDGE('',*,*,#434,.T.);
#2231=CARTESIAN_POINT('',(0.0,0.0,-109.995));
#2232=DIRECTION('',(0.0,-0.0,-1.0));
#2233=DIRECTION('',(0.0,1.0,0.0));
#2234=SURFACE_STYLE_FILL_AREA(#2320);
#2235=ORIENTED_EDGE('',*,*,#566,.F.);
#2236=ORIENTED_EDGE('',*,*,#316,.T.);
#2237=ORIENTED_EDGE('',*,*,#364,.F.);
#2238=ORIENTED_EDGE('',*,*,#530,.F.);
#2239=CARTESIAN_POINT('',(0.0,0.0,-109.5));
#2240=DIRECTION('',(-0.0,-0.0,1.0));
#2241=DIRECTION('',(0.0,1.0,0.0));
#2242=SURFACE_STYLE_FILL_AREA(#2321);
#2243=ORIENTED_EDGE('',*,*,#356,.F.);
#2244=ORIENTED_EDGE('',*,*,#510,.T.);
#2245=ORIENTED_EDGE('',*,*,#574,.F.);
#2246=ORIENTED_EDGE('',*,*,#236,.F.);
#2247=CARTESIAN_POINT('',(0.0,0.0,-0.300000000000004));
#2248=DIRECTION('',(0.0,-0.0,-1.0));
#2249=DIRECTION('',(0.0,1.0,0.0));
#2250=CARTESIAN_POINT('',(0.0,0.0,-110.0));
#2251=DIRECTION('',(0.0,0.0,-1.0));
#2252=DIRECTION('',(0.0,1.0,0.0));
#2253=DIRECTION('',(0.0,0.0,-1.0));
#2254=CARTESIAN_POINT('',(0.0,0.0,-57.0));
#2255=DIRECTION('',(0.0,0.0,-1.0));
#2256=DIRECTION('',(0.0,1.0,0.0));
#2257=CARTESIAN_POINT('',(0.0,0.0,-110.0));
#2258=DIRECTION('',(0.0,0.0,-1.0));
#2259=DIRECTION('',(0.0,1.0,0.0));
#2260=DIRECTION('',(-0.0,-0.0,1.0));
#2261=CARTESIAN_POINT('',(0.0,0.0,-46.474176080047));
#2262=DIRECTION('',(-0.442195774284071,0.0,0.896918556617774));
#2263=DIRECTION('',(0.896918556617774,-0.0,0.442195774284071));
#2264=DIRECTION('',(0.0,1.0,0.0));
#2265=SURFACE_STYLE_FILL_AREA(#2322);
#2266=SURFACE_STYLE_FILL_AREA(#2323);
#2267=ORIENTED_EDGE('',*,*,#536,.T.);
#2268=ORIENTED_EDGE('',*,*,#290,.F.);
#2269=ORIENTED_EDGE('',*,*,#262,.T.);
#2270=ORIENTED_EDGE('',*,*,#232,.T.);
#2271=CARTESIAN_POINT('',(0.0,0.0,-84.5));
#2272=DIRECTION('',(-0.0,-0.0,1.0));
#2273=DIRECTION('',(0.0,1.0,0.0));
#2274=CARTESIAN_POINT('',(0.0,0.0,-49.5396205429887));
#2275=DIRECTION('',(0.944648353914092,0.0,-0.328084573619969));
#2276=DIRECTION('',(0.328084573619969,-0.0,0.944648353914092));
#2277=DIRECTION('',(0.0,1.0,0.0));
#2278=CARTESIAN_POINT('',(0.0,0.0,-109.99));
#2279=DIRECTION('',(0.0,0.0,-1.0));
#2280=DIRECTION('',(0.0,1.0,0.0));
#2281=DIRECTION('',(-1.22459970742587E-016,0.999994572626147,-0.00329464994330275));
#2282=DIRECTION('',(6.12303176911188E-017,-0.5,-0.866025403784439));
#2283=DIRECTION('',(-8.65927457071934E-017,0.707106781186546,0.707106781186549));
#2284=FILL_AREA_STYLE('',(#2324));
#2285=FILL_AREA_STYLE('',(#2325));
#2286=FILL_AREA_STYLE('',(#2326));
#2287=FILL_AREA_STYLE('',(#2327));
#2288=FILL_AREA_STYLE('',(#2328));
#2289=FILL_AREA_STYLE('',(#2329));
#2290=FILL_AREA_STYLE('',(#2330));
#2291=FILL_AREA_STYLE('',(#2331));
#2292=FILL_AREA_STYLE('',(#2332));
#2293=FILL_AREA_STYLE('',(#2333));
#2294=FILL_AREA_STYLE('',(#2334));
#2295=FILL_AREA_STYLE('',(#2335));
#2296=FILL_AREA_STYLE('',(#2336));
#2297=FILL_AREA_STYLE('',(#2337));
#2298=FILL_AREA_STYLE('',(#2338));
#2299=FILL_AREA_STYLE('',(#2339));
#2300=FILL_AREA_STYLE('',(#2340));
#2301=FILL_AREA_STYLE('',(#2341));
#2302=FILL_AREA_STYLE('',(#2342));
#2303=FILL_AREA_STYLE('',(#2343));
#2304=FILL_AREA_STYLE('',(#2344));
#2305=FILL_AREA_STYLE('',(#2345));
#2306=FILL_AREA_STYLE('',(#2346));
#2307=FILL_AREA_STYLE('',(#2347));
#2308=FILL_AREA_STYLE('',(#2348));
#2309=FILL_AREA_STYLE('',(#2349));
#2310=FILL_AREA_STYLE('',(#2350));
#2311=FILL_AREA_STYLE('',(#2351));
#2312=FILL_AREA_STYLE('',(#2352));
#2313=FILL_AREA_STYLE('',(#2353));
#2314=FILL_AREA_STYLE('',(#2354));
#2315=FILL_AREA_STYLE('',(#2355));
#2316=FILL_AREA_STYLE('',(#2356));
#2317=FILL_AREA_STYLE('',(#2357));
#2318=FILL_AREA_STYLE('',(#2358));
#2319=FILL_AREA_STYLE('',(#2359));
#2320=FILL_AREA_STYLE('',(#2360));
#2321=FILL_AREA_STYLE('',(#2361));
#2322=FILL_AREA_STYLE('',(#2362));
#2323=FILL_AREA_STYLE('',(#2363));
#2324=FILL_AREA_STYLE_COLOUR('',#2364);
#2325=FILL_AREA_STYLE_COLOUR('',#2365);
#2326=FILL_AREA_STYLE_COLOUR('',#2366);
#2327=FILL_AREA_STYLE_COLOUR('',#2367);
#2328=FILL_AREA_STYLE_COLOUR('',#2368);
#2329=FILL_AREA_STYLE_COLOUR('',#2369);
#2330=FILL_AREA_STYLE_COLOUR('',#2370);
#2331=FILL_AREA_STYLE_COLOUR('',#2371);
#2332=FILL_AREA_STYLE_COLOUR('',#2372);
#2333=FILL_AREA_STYLE_COLOUR('',#2373);
#2334=FILL_AREA_STYLE_COLOUR('',#2374);
#2335=FILL_AREA_STYLE_COLOUR('',#2375);
#2336=FILL_AREA_STYLE_COLOUR('',#2376);
#2337=FILL_AREA_STYLE_COLOUR('',#2377);
#2338=FILL_AREA_STYLE_COLOUR('',#2378);
#2339=FILL_AREA_STYLE_COLOUR('',#2379);
#2340=FILL_AREA_STYLE_COLOUR('',#2380);
#2341=FILL_AREA_STYLE_COLOUR('',#2381);
#2342=FILL_AREA_STYLE_COLOUR('',#2382);
#2343=FILL_AREA_STYLE_COLOUR('',#2383);
#2344=FILL_AREA_STYLE_COLOUR('',#2384);
#2345=FILL_AREA_STYLE_COLOUR('',#2385);
#2346=FILL_AREA_STYLE_COLOUR('',#2386);
#2347=FILL_AREA_STYLE_COLOUR('',#2387);
#2348=FILL_AREA_STYLE_COLOUR('',#2388);
#2349=FILL_AREA_STYLE_COLOUR('',#2389);
#2350=FILL_AREA_STYLE_COLOUR('',#2390);
#2351=FILL_AREA_STYLE_COLOUR('',#2391);
#2352=FILL_AREA_STYLE_COLOUR('',#2392);
#2353=FILL_AREA_STYLE_COLOUR('',#2393);
#2354=FILL_AREA_STYLE_COLOUR('',#2394);
#2355=FILL_AREA_STYLE_COLOUR('',#2395);
#2356=FILL_AREA_STYLE_COLOUR('',#2396);
#2357=FILL_AREA_STYLE_COLOUR('',#2397);
#2358=FILL_AREA_STYLE_COLOUR('',#2398);
#2359=FILL_AREA_STYLE_COLOUR('',#2399);
#2360=FILL_AREA_STYLE_COLOUR('',#2400);
#2361=FILL_AREA_STYLE_COLOUR('',#2401);
#2362=FILL_AREA_STYLE_COLOUR('',#2402);
#2363=FILL_AREA_STYLE_COLOUR('',#2403);
#2364=COLOUR_RGB('',0.498039215803146,0.498039215803146,0.498039215803146);
#2365=COLOUR_RGB('',0.800000011920929,0.800000011920929,0.800000011920929);
#2366=COLOUR_RGB('',0.800000011920929,0.800000011920929,0.800000011920929);
#2367=COLOUR_RGB('',0.200000002980232,0.600000023841858,1.0);
#2368=COLOUR_RGB('',0.498039215803146,0.498039215803146,0.498039215803146);
#2369=COLOUR_RGB('',0.200000002980232,0.600000023841858,1.0);
#2370=COLOUR_RGB('',0.800000011920929,0.800000011920929,0.800000011920929);
#2371=COLOUR_RGB('',0.200000002980232,0.600000023841858,1.0);
#2372=COLOUR_RGB('',0.200000002980232,0.600000023841858,1.0);
#2373=COLOUR_RGB('',0.498039215803146,0.498039215803146,0.498039215803146);
#2374=COLOUR_RGB('',0.498039215803146,0.498039215803146,0.498039215803146);
#2375=COLOUR_RGB('',0.800000011920929,0.800000011920929,0.800000011920929);
#2376=COLOUR_RGB('',0.200000002980232,0.600000023841858,1.0);
#2377=COLOUR_RGB('',0.800000011920929,0.800000011920929,0.800000011920929);
#2378=COLOUR_RGB('',0.498039215803146,0.498039215803146,0.498039215803146);
#2379=COLOUR_RGB('',0.200000002980232,0.600000023841858,1.0);
#2380=COLOUR_RGB('',0.498039215803146,0.498039215803146,0.498039215803146);
#2381=COLOUR_RGB('',0.200000002980232,0.600000023841858,1.0);
#2382=COLOUR_RGB('',0.200000002980232,0.600000023841858,1.0);
#2383=COLOUR_RGB('',0.498039215803146,0.498039215803146,0.498039215803146);
#2384=COLOUR_RGB('',0.200000002980232,0.600000023841858,1.0);
#2385=COLOUR_RGB('',0.498039215803146,0.498039215803146,0.498039215803146);
#2386=COLOUR_RGB('',0.800000011920929,0.800000011920929,0.800000011920929);
#2387=COLOUR_RGB('',0.800000011920929,0.800000011920929,0.800000011920929);
#2388=COLOUR_RGB('',0.498039215803146,0.498039215803146,0.498039215803146);
#2389=COLOUR_RGB('',0.800000011920929,0.800000011920929,0.800000011920929);
#2390=COLOUR_RGB('',0.200000002980232,0.600000023841858,1.0);
#2391=COLOUR_RGB('',0.200000002980232,0.600000023841858,1.0);
#2392=COLOUR_RGB('',0.498039215803146,0.498039215803146,0.498039215803146);
#2393=COLOUR_RGB('',0.498039215803146,0.498039215803146,0.498039215803146);
#2394=COLOUR_RGB('',0.200000002980232,0.600000023841858,1.0);
#2395=COLOUR_RGB('',0.498039215803146,0.498039215803146,0.498039215803146);
#2396=COLOUR_RGB('',0.498039215803146,0.498039215803146,0.498039215803146);
#2397=COLOUR_RGB('',0.498039215803146,0.498039215803146,0.498039215803146);
#2398=COLOUR_RGB('',0.800000011920929,0.800000011920929,0.800000011920929);
#2399=COLOUR_RGB('',0.498039215803146,0.498039215803146,0.498039215803146);
#2400=COLOUR_RGB('',0.800000011920929,0.800000011920929,0.800000011920929);
#2401=COLOUR_RGB('',0.498039215803146,0.498039215803146,0.498039215803146);
#2402=COLOUR_RGB('',0.498039215803146,0.498039215803146,0.498039215803146);
#2403=COLOUR_RGB('',0.800000011920929,0.800000011920929,0.800000011920929);
#2404=AXIS2_PLACEMENT_3D('CIP',#2405,#2406,#2407);
#2405=CARTESIAN_POINT('',(0.0,0.0,-110.0));
#2406=DIRECTION('',(0.0,0.0,1.0));
#2407=DIRECTION('',(1.0,0.0,0.0));
#2408=AXIS2_PLACEMENT_3D('CRP',#2409,#2410,#2411);
#2409=CARTESIAN_POINT('',(-6.105,0.0,-109.0));
#2410=DIRECTION('',(0.0,0.0,1.0));
#2411=DIRECTION('',(1.0,0.0,0.0));
#2412=AXIS2_PLACEMENT_3D('MCS',#2413,#2414,#2415);
#2413=CARTESIAN_POINT('',(0.0,0.0,-46.1));
#2414=DIRECTION('',(0.0,0.0,1.0));
#2415=DIRECTION('',(1.0,0.0,0.0));
#2416=AXIS2_PLACEMENT_3D('PCS',#2417,#2418,#2419);
#2417=CARTESIAN_POINT('',(0.0,0.0,0.0));
#2418=DIRECTION('',(0.0,0.0,1.0));
#2419=DIRECTION('',(1.0,0.0,0.0));
#2420=CONSTRUCTIVE_GEOMETRY_REPRESENTATION_RELATIONSHIP('coordinate systems',$,#199,#2421);
#2421=CONSTRUCTIVE_GEOMETRY_REPRESENTATION('coordinate systems',(#2404,#2408,#2412,#2416),#10);
ENDSEC;
END-ISO-10303-21;
